resource_state,athlete,name,distance,moving_time,elapsed_time,total_elevation_gain,type,sport_type,workout_type,id,start_date,start_date_local,timezone,utc_offset,location_city,location_state,location_country,achievement_count,kudos_count,comment_count,athlete_count,photo_count,map,trainer,commute,manual,private,visibility,flagged,gear_id,start_latlng,end_latlng,average_speed,max_speed,has_heartrate,heartrate_opt_out,display_hide_heartrate_option,upload_id,external_id,from_accepted_tag,pr_count,total_photo_count,has_kudoed,,,,,,,
2,"{'id': 60229721, 'resource_state': 1}",Race Walk,321.9,120,120,0,Run,Run,1,17461642683,2026-02-20T14:39:04Z,2026-02-20T14:39:04Z,(GMT+00:00) GMT,0,,,,0,6,2,1,0,"{'id': 'a17461642683', 'summary_polyline': '', 'resource_state': 2}",FALSE,FALSE,TRUE,FALSE,everyone,FALSE,g25537727,[],[],2.682,0,FALSE,FALSE,FALSE,,,FALSE,0,1,FALSE,,,,,,,
2,"{'id': 60229721, 'resource_state': 1}",WU,2820.1,835,848,9.3,Run,Run,,Strava App,17398624266,2026-02-14T19:39:39Z,2026-02-14T14:39:39Z,(GMT-05:00) America/Detroit,-18000,,,,1,3,0,2,0,"{'id': 'a17398624266', 'summary_polyline': '_wfeGd{fkOh@HF?VBD?PF^TPd@XZZJVBd@Cf@Dj@HPFZCn@@DB?HB@VGHUXDr@@RAJ@|@G\\@FD@HCZ?pA@`B@FCtA@jCIJKAMFSDKDe@DGX@OEKECG@GCOQKEMYQGSBKJDd@?rDBN?j@CN@|@AN@`@AFAXBbACx@Bb@Ch@BTA~@@RAHB`@C~@Bz@Cz@@NApD@`@CbA@RAdBBzACrAFzABGAMGu@@qBAa@BaCEgFBoB?u@CM?o@BICkABoBCeDBi@CMBsDCs@@cAAW?_DBSDiCEkAB}@Ay@IYUAK@[?U@MCUAIESGqBAc@SKIKSM]]UWIk@A_@G', 'resource_state': 2}",FALSE,FALSE,FALSE,FALSE,everyone,FALSE,"[42.966587, -85.891676]","[42.966602, -85.891699]",,3.377,4.3,FALSE,FALSE,FALSE,211.5,203.9,18495515672,18495515672,AD1F80EB-11B2-4FE3-9BEC-1ED2C1CD0985-activity.fit,FALSE,0,0,FALSE,,,
2,"{'id': 60229721, 'resource_state': 1}",Run,2757.1,775,971,10.3,Run,Run,0,Strava App,17388792641,2026-02-13T22:59:23Z,2026-02-13T17:59:23Z,(GMT-05:00) America/Detroit,-18000,,,,0,3,0,1,0,"{'id': 'a17388792641', 'summary_polyline': '{cgeGbffkOFe@VcAZ{@F{@FU?]Gi@@YAOHyBBYFOVQPA\\IF@PEPODMLQHSGa@BUFOB]COC[@YIuAHSLIP?XGVB\\CZJFXE`@DLGx@Hz@@b@BF?RJTZRn@n@FT@VB\\`@x@DBF?NYL?DCHQLO`@YRWZUJENDR@JEXS^Sj@k@XMHBBFBd@HJHFn@J`@G]yEEVDV@VDFHHn@FZZTd@^h@LJJ@^EnAq@LCn@BXCHDDXNNLFb@HR?l@tA?HEVBlAC^Br@@F?h@BFELOBIFYZWPUVUNCDMBg@h@c@ZCFKHAFg@b@i@p@Ud@aAnAe@\\WLOLE?OD[AMB_@CWB[Ao@HUGi@U]Ug@g@K?KLIVuAzCMNENUj@KJi@rA', 'resource_state': 2}",FALSE,FALSE,FALSE,FALSE,everyone,FALSE,"[42.966705, -85.891693]","[42.966488, -85.891569]",,3.558,4.7,FALSE,FALSE,FALSE,217.1,210.4,18485610613,18485610613,BF74BFFA-4A0C-4FEE-86B6-0B31A263C384-activity.fit,FALSE,0,0,FALSE,,,
2,"{'id': 60229721, 'resource_state': 1}",Backrooms Loop,539.1,204,264,3.6,Run,Run,,Strava App,17330400215,2026-02-08T15:10:20Z,2026-02-08T10:10:20Z,(GMT-05:00) America/Indiana/Indianapolis,-18000,,,,0,7,1,1,0,"{'id': 'a17330400215', 'summary_polyline': 'ib~yFrnmfOOEi@EKBADEALP\\?VB`@ZLP@Ct@@p@Dv@R\\XLPRhAAXOp@WSIJj@?F[Bo@Oq@OYKKa@UsBq@MS', 'resource_state': 2}",FALSE,FALSE,FALSE,FALSE,everyone,FALSE,"[41.119253, -85.107135]","[41.118959, -85.107224]",,2.643,4.881,FALSE,FALSE,FALSE,237,231.2,18426980542,18426980542,CB6F021E-1DCC-4C46-8A67-D0E14BDCF2B2-activity.fit,FALSE,0,0,FALSE,,,
2,"{'id': 60229721, 'resource_state': 1}",We’ll See,677.6,228,1983392,0,Run,Run,,Strava App,17062801210,2025-12-23T22:02:12Z,2025-12-23T17:02:12Z,(GMT-05:00) America/Indiana/Indianapolis,-18000,,,,0,2,0,1,0,"{'id': 'a17062801210', 'summary_polyline': 'mvazFv}lfOE?YSOEOKUIIIICG@ILCr@?lACd@@~AGlACfBBLNF\\BDDD@JCTBDAXBJAD@t@CPCF@PEBK', 'resource_state': 2}",FALSE,FALSE,FALSE,FALSE,everyone,FALSE,"[41.137039, -85.106295]","[41.117168, -85.109227]",,2.972,4.13,FALSE,FALSE,FALSE,235.7,231.8,18157102630,18157102630,EB48520C-3DD5-4BFA-98A5-D83E069F879A-activity.fit,FALSE,0,0,FALSE,,,
2,"{'id': 60229721, 'resource_state': 1}",WU,1948.5,615,615,0,Run,Run,,Strava App,16823790815,2025-12-23T21:16:43Z,2025-12-23T16:16:43Z,(GMT-05:00) America/Indiana/Indianapolis,-18000,,,,0,5,0,1,0,"{'id': 'a16823790815', 'summary_polyline': 'suazFf~lfOmBgAsA{@WISKmBiAk@Uy@g@QGWS]OE?s@]WGOKUGe@SUQi@eAKIa@G_@Mm@KUIo@K_AWg@I[Ka@IUKS?YGS?WIi@A?HPENDHAZDJAN@nEhAh@Hb@Nj@J|@TJ@JNN^`@h@ZPL@HF|@\\VDHHTHNJJB`@XZLHH\\PD?\\TNFRNJDTNH@r@b@F@FHd@PPNz@b@BDJBFHVFPN', 'resource_state': 2}",FALSE,FALSE,FALSE,FALSE,everyone,FALSE,"[41.137161, -85.106392]","[41.137379, -85.106325]",,3.168,3.98,FALSE,FALSE,FALSE,233.1,231.9,17915121843,17915121843,354570E3-751A-49EF-BE43-0F6A628EA38D-activity.fit,FALSE,0,0,FALSE,,,
2,"{'id': 60229721, 'resource_state': 1}",WU - 4x1k ~ 3x400m - CD,11265.4,2520,2520,0,Run,Run,3,16723084816,2025-12-12T14:56:44Z,2025-12-12T14:56:44Z,(GMT+00:00) GMT,0,,,,0,5,0,1,0,"{'id': 'a16723084816', 'summary_polyline': '', 'resource_state': 2}",FALSE,FALSE,TRUE,FALSE,everyone,FALSE,g19351325,[],,,0,FALSE,FALSE,FALSE,,,FALSE,0,0,FALSE,,,,,,,
2,"{'id': 60229721, 'resource_state': 1}",DaaBin,11283.3,3427,5711,45.7,Run,Run,,Strava App,16704394968,2025-12-10T13:27:00Z,2025-12-10T08:27:00Z,(GMT-05:00) America/Indiana/Indianapolis,-18000,,,,0,7,0,3,0,"{'id': 'a16704394968', 'summary_polyline': 'es~yFrlmfOcCwAu@E[KAeBIw@Qa@o@]I@A^]r@eAh@qAd@Y^IX_@h@KJc@Na@H}A?k@QWAc@Lq@d@aATmBSyBG[QU[Qm@G{@@q@CYBOCcBEc@CgCMaAEEG_@Uc@aAsAgA}@y@O]c@Mg@@wAAWQIyALkE?e@Pi@v@I`@e@BFI`@?BIII[PALB@POGEsFKw@[Q@ARMBCDFx@Ef@D~BGZFv@Ch@B\\ANBhAAh@D\\E`@FdBAf@BJ?d@EJ@zAF\\?l@RTEFALB`AAjAD`@En@@f@ALFnCC^FvAA\\Dz@ETDl@CN@vDDZAN]@WVg@AICGMFk@La@I{@?aAGg@[q@Qs@Ki@Cq@KQ[EqAZqCTYNS\\@j@G\\@dACJIJE~@Hz@CNBt@E`@FVEh@B`BC|@JVJ@DHQ^CPDR@fBCXF`CAfALn@En@DxBCNDhAAz@Dt@A|@Bj@C^@fADd@Cf@BtBKh@SHe@WGIWGGKy@]M]WGaAc@wAs@[UoAe@q@a@}@YmBgASGY[]S_AYkCsA_BfAUp@AhAQ|A[r@_AlAOBMY_A_@yDHBd@A^F~B?bDId@y@hBOf@Ct@J~@Xz@JNF`@JL~@nCTf@d@~ANXb@jALh@vAtDDTCN@FLNn@lBt@bCT\\DVJN\\rAFD|AxEn@z@j@Zl@Ll@AzD_@zAu@bDqCl@U~@QHNFd@DB@`@Hv@LLjB[~@?FCJU?SBMEoABKJGRFbAGZRJ~@DrBLh@VHt@Bz@CPETLTI^Fd@Id@BZK`HQh@BxHUHCLQA{DDSLGpAEVDTGhGQzAJl@JVNT@t@`@RR`@NJCPeAJUPqAAMByAFc@`BIRCLOh@Bx@GDEGUB_@Im@Cg@Jm@Ec@DsCFm@j@gBNq@FKPI`@E~@BzAK`BHp@`@Mb@@VDH^D\\Tp@Fr@CFCFMJTb@QnBWvABdBOxDA{GxBlA?hDQ^HPWBi@G}AAsDE]BcAE{@@aBE}ADw@GyAAiAAcCBi@IoCFoBHo@ZoAjAmCd@}@bAkC\\U`Af@T`@PIfDwIIIg@BQIWu@WUc@MYw@i@[e@u@]WWGiAcA[MUy@KCSVE?_@Y[e@?Md@k@D[Vu@TY^ILONw@HO`@mC@aACID}@COa@Ie@Y', 'resource_state': 2}",FALSE,FALSE,FALSE,FALSE,everyone,FALSE,"[41.119527, -85.108239]","[41.118852, -85.10828]",,3.292,4.68,FALSE,FALSE,FALSE,248.7,230.9,17794232566,17794232566,A764D19E-4424-4E67-B853-E4E83921CBF7-activity.fit,FALSE,0,2,FALSE,,,
2,"{'id': 60229721, 'resource_state': 1}",CD,1397.7,485,4756,2.1,Run,Run,,Strava App,16659909339,2025-12-05T19:31:40Z,2025-12-05T14:31:40Z,(GMT-05:00) America/Indiana/Indianapolis,-18000,,,,0,1,0,2,0,"{'id': 'a16659909339', 'summary_polyline': 'iwo}FhkimO?l@B\\AXBF@bAM~@W?IDk@AWDIAU@GEOWKDQCz@nBB?KJNF?BCJ?LGJCPMVI\\S^Kn@Bd@CjAFtAAF@JElAINE?EDAJBN@xADXGf@@D?v@@LBp@AHE@MClAi_@DW?QIq@', 'resource_state': 2}",FALSE,FALSE,FALSE,FALSE,everyone,FALSE,"[41.701154, -86.22923]","[41.70063, -86.229746]",,2.882,4.36,FALSE,FALSE,FALSE,225.3,223.1,17749054577,17749054577,357BCA22-7C55-44C8-816D-34255887A4CC-activity.fit,FALSE,0,0,FALSE,,,
2,"{'id': 60229721, 'resource_state': 1}",Strides,482.8,72,72,0,Run,Run,,16652148194,2025-12-04T22:33:29Z,2025-12-04T22:33:29Z,(GMT+00:00) GMT,0,,,,0,2,0,1,0,"{'id': 'a16652148194', 'summary_polyline': '', 'resource_state': 2}",FALSE,FALSE,TRUE,FALSE,everyone,FALSE,g21189657,[],,,0,FALSE,FALSE,FALSE,,,FALSE,0,0,FALSE,,,,,,,
2,"{'id': 60229721, 'resource_state': 1}",Pre Meet,8368.6,2444,2444,0,Run,Run,,16652140777,2025-12-04T21:52:57Z,2025-12-04T21:52:57Z,(GMT+00:00) GMT,0,,,,0,4,0,1,0,"{'id': 'a16652140777', 'summary_polyline': '', 'resource_state': 2}",FALSE,FALSE,TRUE,FALSE,everyone,FALSE,g25537727,[],,,0,FALSE,FALSE,FALSE,,,FALSE,0,0,FALSE,,,,,,,
2,"{'id': 60229721, 'resource_state': 1}",CD,1609.4,480,480,0,Run,Run,,16629027100,2025-12-02T14:37:48Z,2025-12-02T14:37:48Z,(GMT+00:00) GMT,0,,,,0,2,0,1,0,"{'id': 'a16629027100', 'summary_polyline': '', 'resource_state': 2}",FALSE,FALSE,TRUE,FALSE,everyone,FALSE,g25537727,[],,,0,FALSE,FALSE,FALSE,,,FALSE,0,0,FALSE,,,,,,,
2,"{'id': 60229721, 'resource_state': 1}",Maintenance Workout,4800,912,912,0,Run,Run,3,16628856032,2025-12-02T14:07:15Z,2025-12-02T14:07:15Z,(GMT+00:00) GMT,0,,,,0,6,0,1,0,"{'id': 'a16628856032', 'summary_polyline': '', 'resource_state': 2}",FALSE,FALSE,TRUE,FALSE,everyone,FALSE,g19351325,[],,,0,FALSE,FALSE,FALSE,,,FALSE,0,0,FALSE,,,,,,,
2,"{'id': 60229721, 'resource_state': 1}",WU,3218.7,960,960,0,Run,Run,,16628827321,2025-12-02T14:02:50Z,2025-12-02T14:02:50Z,(GMT+00:00) GMT,0,,,,0,4,0,1,0,"{'id': 'a16628827321', 'summary_polyline': '', 'resource_state': 2}",FALSE,FALSE,TRUE,FALSE,everyone,FALSE,g25537727,[],,,0,FALSE,FALSE,FALSE,,,FALSE,0,0,FALSE,,,,,,,
2,"{'id': 60229721, 'resource_state': 1}",Stride,321.9,36,36,0,Run,Run,,16619116776,2025-12-01T14:37:21Z,2025-12-01T14:37:21Z,(GMT+00:00) GMT,0,,,,0,2,0,1,0,"{'id': 'a16619116776', 'summary_polyline': '', 'resource_state': 2}",FALSE,FALSE,TRUE,FALSE,everyone,FALSE,g25537727,[],,,0,FALSE,FALSE,FALSE,,,FALSE,0,0,FALSE,,,,,,,
2,"{'id': 60229721, 'resource_state': 1}",MD Indoor 5,8046.7,2250,2250,0,Run,Run,,16619108607,2025-12-01T13:59:14Z,2025-12-01T13:59:14Z,(GMT+00:00) GMT,0,,,,0,9,0,1,0,"{'id': 'a16619108607', 'summary_polyline': '', 'resource_state': 2}",FALSE,FALSE,TRUE,FALSE,everyone,FALSE,g25537727,[],,,0,FALSE,FALSE,FALSE,,,FALSE,0,0,FALSE,,,,,,,
2,"{'id': 60229721, 'resource_state': 1}",Bike,11426.4,1800,1800,0,VirtualRide,VirtualRide,16615134971,2025-12-01T00:49:50Z,2025-12-01T00:49:50Z,(GMT+00:00) GMT,0,,,,0,3,0,1,0,"{'id': 'a16615134971', 'summary_polyline': '', 'resource_state': 2}",FALSE,FALSE,TRUE,FALSE,everyone,FALSE,,[],[],,,FALSE,FALSE,FALSE,,,FALSE,0,0,FALSE,,,,,,,,
2,"{'id': 60229721, 'resource_state': 1}",Inside,7242.1,2100,2100,0,Run,Run,,16615127834,2025-12-01T00:45:40Z,2025-12-01T00:45:40Z,(GMT+00:00) GMT,0,,,,0,3,1,1,0,"{'id': 'a16615127834', 'summary_polyline': '', 'resource_state': 2}",FALSE,FALSE,TRUE,FALSE,everyone,FALSE,g25537727,[],,,0,FALSE,FALSE,FALSE,,,FALSE,0,0,FALSE,,,,,,,
2,"{'id': 60229721, 'resource_state': 1}",20min WU~ Fartlek~ 10min CD,13768,3600,3724,45.1,Run,Run,,Strava App,16591942759,2025-11-28T14:21:14Z,2025-11-28T09:21:14Z,(GMT-05:00) America/New_York,-18000,,,,1,7,0,1,0,"{'id': 'a16591942759', 'summary_polyline': 'knyvF|rizN~@Cx@DPGAe@BO?kC@KJGXB|A?XEnADh@CfCDbD?HB@FAxAFL^XRG|BGxDGNGhA?v@G|AEfA@pGYbB?lBIR@f@ITDPGZDpEQpDCnBQdACVBpCGbDKJGRFZEBFAhAF~@Ad@FfEAr@D~@AND~AAT@jBBHBd@CPHbC@rB@FA^HtAAr@B`@DbBC\\@FVGJD@vADPC\\BN?xAF`ADDPKh@@XGf@DPGtAEJEZ@LFPGp@ELB^ILBDE\\DnCOr@@p@CnAKZD~BKTBlAERGVBd@IND`@Ax@In@c@TI`@_@l@_@VI^Wn@i@VGl@_@r@m@L?BZDFPBROVCXOz@S~@c@PAFGC@z@Ot@a@vC}@r@Yx@UL?JIRCVOnA]\\QXEPMjA[DETGHi@JOzE}AJMBYZ?TOF_@Za@Xm@dAeBFQ?GGIUK@QPQ@QJGn@iAL?f@p@BHF?LVTZ@FEF}@xAEVNFRGN@TNh@LREVSx@S\\Q`A[J?r@WfAo@x@WDEh@Md@]ZEf@WjC{@THFCDICQQSAa@_@kBEg@EGKo@CWQ_AGo@AuF@eAAiADMR?FGE]BQCoEBk@Am@BGJARHrGEfKH~@CDQIgHBULYhBUp@R^RVTj@|@FX?dAvAXfFHXE^BEQICWHc@DeAI_C?_@Ba@PFb@CPAhGEpCBPLJvAHzCO^O`@Cj@ON?JFFNDV?n@EZBxB@JFBBt@O`@BTBlAHz@?VG\\k@JQL}Ad@ILEXa@R[BSLi@Hu@C[FeA?g@KU@mCbAi@LWGm@V}@H[Lc@I]_AOUQEw@P]PKTCVMXy@DYASDkAb@_@ZmATe@PgAHYSMBg@VQAQMO@QWUMUVq@\\uAb@]NGJoAd@GAEFYDWNsA\\uDrA]FSLm@NcA^s@TO?k@VOTaARa@RgH|BeFfBaAV[Ry@PaCz@S@]TS@wAd@aA?kALqBBeA?o@DWEWHaAAgAJoBFuAA}@HwCB_CHYFe@AeAFgAAmADu@Hy@??UFk@EcB@}@GOc@Gw@?{CNY]?IDQGwA@q@AqAEIB}@GaAA}@DYGm@EiEIaFCGUMOg@As@BIEOOWOGiFJ]DcEH}@FsA?iABwALYCgCL[CWD}GNUCmAHoEHYDUCi@FuCBaCLiB@kCJUAOOASBQA[@_@CQMIgBDkEEw@Dy@EkCAQV@TBF?vAGX_@ZiA@]E', 'resource_state': 2}",FALSE,FALSE,FALSE,FALSE,everyone,FALSE,"[40.605095, -83.121498]","[40.605127, -83.121364]",,3.824,6.16,FALSE,FALSE,FALSE,305.1,291.9,17679994481,17679994481,84B9B1F0-4220-484C-92BD-9BD9D73A4440-activity.fit,FALSE,0,0,FALSE,,,
2,"{'id': 60229721, 'resource_state': 1}",Backwards MedPro,10478.6,2882,3299,34,Run,Run,,Strava App,16576817594,2025-11-26T21:29:10Z,2025-11-26T16:29:10Z,(GMT-05:00) America/Indiana/Indianapolis,-18000,,,,0,6,0,1,0,"{'id': 'a16576817594', 'summary_polyline': 'yt}yFbalfOt@@dAIfAAh@IHDFYQu@Ac@@eAE_AFeAEs@QeAU_@i@q@Q]Gc@AkBOmAEGBS\\]p@wAB]Gg@@MCiBEMWQiCJQICIBk@ESBYE[CyA?wBE}@?uBCs@FYPKFY@yAGyD?oACa@C}BBQGmBGyD@iBIaFBu@GkA?e@Ce@@aACu@BGEe@AmACOBs@CYCmBBYC[B[CQ?qACWKG]HSCOBa@CeDN{BESDUKIs@@GiAV[E}@Ri@@{@NcA?w@Fe@AMD{@?[Du@@k@A}@HKC{@Fi@AMDw@?k@DSC_AFc@?Yl@WDUI}AJ{@Ag@Fo@E]HaADyC@i@FOCu@HaAA{AJuA?mABKDEAHI?q@KEUHgA@YF{@Cg@DKWMCMQI[A]BKJOH{@Tg@JiA?gA[gBQWK]Uc@g@a@q@Ue@EMKi@Ma@UY?iAa@W?EKSI[@ODcAr@[?w@dBIBISIu@Cq@AeADo@Ik@@cADa@Cc@Be@CI@c@EkA@QEkA?{BCY?w@Gi@?e@GKQM_@Ik@D}ADsABWAMDsA?kAFKFQHG\\@NEjA@FG`@DhBERCCHO@OE[@e@EsDGEWHs@AMSc@MIUAO@uBEMc@BsEDS@IHCdAFhBA`@KJ]Ds@T]n@I^CXBv@?lBBXAp@Fr@Cb@B^DJLFbACHF?FE\\@\\@bBDt@CN@rAERDf@C`@D`@C^D^CJ@h@Fb@CR?t@DdB@bCB^?l@BVNVDb@LP`AGFDD~@?VG`@C^Ud@G@MLU\\e@pASfAy@|CC^KZC^G`@]n@GVBTVp@AFJj@Lb@CZDd@Av@D\\E^DpAAz@B`@Ah@FPCZBd@A^DbA@jB?n@GPBNC^JpAHZP`@j@l@`Ad@r@ZZNb@^VHzAz@d@ZpKxFj@Xp@Fj@MlCGz@^BDGz@F|ACn@LLh@BZGlA@xBMXBp@Ad@I|@BjAIX@TEdA?p@GJBZE^Cx@@lAGTBBRGZD|ACv@DPA`@Bd@C~@Dx@ADBPCVFr@?VE^BPAF@|@DZ@\\@VHVBnAC^D`@AfAD\\?d@Hb@^Ip@APp@f@FhAINBzCIx@Kf@?~@M\\AjFIDE^BdAGtADn@GhACpFBfCGJBREZBhDI', 'resource_state': 2}",FALSE,FALSE,FALSE,FALSE,everyone,FALSE,"[41.117622, -85.101394]","[41.11767, -85.101573]",,3.636,5.8,FALSE,FALSE,FALSE,246.6,236.2,17664580611,17664580611,312665F6-BC6D-4000-90F3-CA09EE4CDB7C-activity.fit,FALSE,0,0,FALSE,,,
2,"{'id': 60229721, 'resource_state': 1}",CD,2696.6,805,818,11.8,Run,Run,,Strava App,16562530698,2025-11-25T14:27:05Z,2025-11-25T09:27:05Z,(GMT-05:00) America/Indiana/Indianapolis,-18000,,,,0,6,0,6,0,"{'id': 'a16562530698', 'summary_polyline': 'gdczFn~kfOGBKR]XSNe@Re@@MDc@BUIE@{@IQGg@EIGUGUKOEE@SMQCUSWMEOQKCIGES[[w@IaA?QCYDkAN}AH]Hy@Hi@\\iAXo@PQL[TWXURKFKLQLUDCTgABe@Ae@Kk@Mi@?QIi@?WBg@X_ADETe@X_@PGXARBXL`An@v@XFARH^D^GNILOVu@NsAJc@B]Le@Fe@JYHG@GTMBEJCJBHGJAJDP@JDD?XJD?j@R\\F^@BDVAj@LFA^HDAJFPDPJJFFJVJRTLFBFRPHJTL@FRPHLD@NXPTXj@RVDNb@x@FBHN?DEF_A`AEL_@^GJUPQVE@STIFSR{@h@KDCDe@RQPQHWFCFKDCDc@ZSRWLQTULSTE?MJ', 'resource_state': 2}",FALSE,FALSE,FALSE,FALSE,everyone,FALSE,"[41.143642, -85.098815]","[41.143802, -85.09864]",,3.35,4.63,FALSE,FALSE,FALSE,243.4,231.5,17650084394,17650084394,0CAD72CB-CC9B-449D-8DCE-B7D2434B4B6C-activity.fit,FALSE,0,0,FALSE,,,
2,"{'id': 60229721, 'resource_state': 1}",20/10 Split Tempo @5:40,8775,1993,2042,44,Run,Run,3,Garmin Forerunner 35,16573128939,2025-11-25T13:37:45Z,2025-11-25T08:37:45Z,(GMT-05:00) America/Indiana/Indianapolis,-18000,,,,0,4,0,8,0,"{'id': 'a16573128939', 'summary_polyline': 'kcczFf}kfOu@z@]Vu@b@k@Hk@BgAMkBYg@M}@][Ue@i@Yg@Sq@KaAAm@@o@f@kDRaAVy@f@gANW`@a@v@q@RWN[Jg@Js@Aa@U{AS}@Ei@@SF_@FSTg@Xc@LONIXEXBNDz@h@nAj@f@H`@ANETSTe@t@kE\\kAVY\\K^?dCv@`Dd@TH\\PpBbB|@`AhB~Cl@p@lA~@XZRZNb@Lp@@t@A`@_@`DEVe@fB]tD_@lB[nASdAEt@?`@L`ABh@A^Kj@INSNUDUAg@KsAc@g@Uk@]cGcEgA{@SUMYKu@Oi@KOMGQFEHyArD[j@i@v@YZ{@l@WJ_@Jo@BYAiC_@qA]w@a@[]c@o@Ym@O_AGcA@Wf@yD\\gBX{@T_@j@q@f@c@d@i@Tc@Pq@Bi@Cq@M_AWqAA[@]f@_BV]TSZGN?f@N`An@~@Zh@H`@APGRQRa@d@{B^{BLc@HMPO^GV?zBr@x@N~@J`ARr@\\~ArA|@`AhB~CfC~BV\\R^TlA@j@Cj@_@rDa@~B[dDW|Ag@tBSpAAp@JhA@x@?PB@CJ@J[VQAHJIDOB[?_@Ey@WCEMEYIMAs@_@qCwByA_AuB{AWc@SeAK_@MOOGMH}@~BiAtBm@r@a@^e@ZWJuALaASsAM}AW_@Qa@Y]]c@s@Qi@EUG{@?m@De@TiAZyBXsA\\aAPWd@i@t@q@d@o@Re@Nq@?UCy@[}BCk@Bi@Lc@Zk@Za@VOVAVD\\Pp@d@dA`@XFXBXCNGTUHSNi@TkAZ}BPk@V_@TMNA`@B~Br@fAJP?n@Jt@V`@VpAfAf@h@^f@nAbC\\h@xBfB\\d@Xj@Tt@Hf@ElAMhAY`B]xAQzAGt@StASx@', 'resource_state': 2}",FALSE,FALSE,FALSE,FALSE,everyone,FALSE,"[41.143401, -85.099131]","[41.140913, -85.100516]",,4.403,5.6,FALSE,FALSE,FALSE,243.4,231.5,17660844860,17660844860,stripped_accepted_tag_from_17660583609.fit,TRUE,0,0,FALSE,,,
2,"{'id': 60229721, 'resource_state': 1}",WU,3064.9,867,867,14.7,Run,Run,,Strava App,16561938496,2025-11-25T13:13:09Z,2025-11-25T08:13:09Z,(GMT-05:00) America/Indiana/Indianapolis,-18000,,,,0,5,0,8,0,"{'id': 'a16561938496', 'summary_polyline': 'cdczFn~kfOWXQJUT]PUHmANWIWCECe@CGEOAKCK@QIYCECE?KIG@[QKCQIGKWMKMCGCACGOKEMSWI]KSMo@@YCIAo@Bs@Ha@@YDMBa@RoAJo@Pu@FIXs@T]d@g@^YBETSXc@H[L{@Ae@Os@AWKc@@QIc@@s@Jo@LUBOJSDC`@i@JGJABCF@LAJ@\\NXTXJRPD?DDl@VZ@FBHARDDAXQPUNm@RwAVcABa@Ja@Fa@FARWZKL?N@BB\\?JFDABDRFVBXLJ@DAPJPAF@J?DDXAl@LVBn@Vv@j@HL~@t@`AjANTZr@JNZl@Xb@bC|BZj@R|@Dr@KbCUhB@FIJEd@Qp@OjACp@GZCb@KZ?HIf@ELE`@ILENE^I\\ANCDKr@?bANx@?`@@FGr@M^WPOBSEOBICUKCE{Ag@', 'resource_state': 2}",FALSE,FALSE,FALSE,FALSE,everyone,FALSE,"[41.143609, -85.098827]","[41.143444, -85.098916]",,3.535,4.34,FALSE,FALSE,FALSE,243.4,231.5,17649482884,17649482884,026CA14E-5C9C-4A05-AB78-47941BA678AB-activity.fit,FALSE,0,0,FALSE,,,
2,"{'id': 60229721, 'resource_state': 1}",Strides,482.8,54,54,0,Run,Run,,16552640771,2025-11-24T14:27:33Z,2025-11-24T14:27:33Z,(GMT+00:00) GMT,0,,,,0,3,0,1,0,"{'id': 'a16552640771', 'summary_polyline': '', 'resource_state': 2}",FALSE,FALSE,TRUE,FALSE,everyone,FALSE,g25537727,[],8.941,,0,FALSE,FALSE,FALSE,,,FALSE,0,0,FALSE,,,,,,,
2,"{'id': 60229721, 'resource_state': 1}",Oh Yeah,9656.1,2880,2880,0,Run,Run,,16552637966,2025-11-24T13:39:54Z,2025-11-24T13:39:54Z,(GMT+00:00) GMT,0,,,,0,5,0,1,0,"{'id': 'a16552637966', 'summary_polyline': '', 'resource_state': 2}",FALSE,FALSE,TRUE,FALSE,everyone,FALSE,g25537727,[],3.353,,0,FALSE,FALSE,FALSE,,,FALSE,0,0,FALSE,,,,,,,
2,"{'id': 60229721, 'resource_state': 1}",LR,16105.4,4058,4351,32.9,Run,Run,,Strava App,16544211341,2025-11-23T13:11:58Z,2025-11-23T08:11:58Z,(GMT-05:00) America/Indiana/Indianapolis,-18000,,,,14,9,0,9,0,"{'id': 'a16544211341', 'summary_polyline': 'wz`zF|hufOu@qBGYk@}AOa@KKWFuAAKDYIEBWEaCE}@GcBFeAAgDDwAHgHBaAPs@CaCHuCAcILs@DYEe@WyBFoBCu@BSJQReFJmBUsAHaA?eBGeBHqAEeBNcAAQDUNcAPiDDWEkADe@CqAHqB?{@HaG?u@F}@AeBHeC@MBGC}@HkC?sFN]EcBHoEHqD@g@@SFGJ]PoAE[Fg@CqCJk@C}EH[Cm@B]IEB]EeBNUCcBB]Fo@GWBm@Ic@DeC@e@CoBT]?]HMCyA@aAO{BLWCoA@o@Dy@A}BF_AF_@@wAGy@JWC{AHe@FUTI?k@?[Kc@AmBDMCm@D_BBUHc@FMASIeBGwABw@LKIm@FuCJi@FmC@[F[E]BaACy@A[HcB?w@H{AEoAJcBD{B?wBQiA@Y@s@X]EsA@[EiAAo@@c@Ma@F_ABoAKYDm@G_@@uEMW@uCKsECg@EmA@eAK}@Wi@@_AAk@EkA?o@Ru@@_DKk@Ds@I]BiBI{@HyACWGsA?QCcBJ[K}C?kAGQE[Qs@CsEJSEmBJcAC_FJwBCdD@RElABJExA@JClABfAK`ABxAK`AAr@Dt@\\XCZFp@?p@E\\DXE^FXHd@?f@Kh@Hx@A`CJr@KZBz@CvALj@AXGp@HPCbBBp@EZKXCpCHn@Cb@Fn@XpAFv@C~ENtCAl@Ft@ARFXCl@HT?NCfAAZFHEzBL~AGZLjAEVFn@Ap@F^KRFt@Ux@Ed@DRCn@BfAP|AIvB?t@Kx@?ZH`@KTBf@G^BXELBp@Gx@BJE^?`@HZE|@@n@Gb@Db@Mp@BbAIrBGL@tCMnA?r@PVAv@S\\DzDMzBL\\GTWH?PDf@?ZGjDIr@@lAItB@n@Ij@Dp@Gh@BfBI^DZCr@L~@CRBfEa@vADfAGzBHHC`D?`BGRGnBLxAEd@BVGpA@xEGTEdB?ZCVULEx@GzAB^EfBEzC?REp@?TGb@DbEM`B@VE^@~CIxB@rCOlAAlAAjDB~FUpF@n@Eh@Mn@Wd@FfAEXIt@A|B@JCfAArAFpBGfBTj@It@Bt@Gp@Bf@G`@]\\AxA@NCFBjCEv@Zl@?`AG`B@LEh@@XCbFCd@EdA@XGrA?l@KzB?|@GvA@ZEZBj@G\\B~EO^Bz@ErBHHDpBHXCpB?HJPl@JJd@~AZt@J`@', 'resource_state': 2}",FALSE,FALSE,FALSE,FALSE,everyone,FALSE,"[41.13302, -85.14805]","[41.133059, -85.147935]",,3.969,5.33,FALSE,FALSE,FALSE,262.5,246.3,17631488310,17631488310,D40D2B95-7F2C-4DC4-AFC8-FFD2FFBC4009-activity.fit,FALSE,6,0,FALSE,,,
2,"{'id': 60229721, 'resource_state': 1}",3x150s,643.7,96,96,0,Run,Run,,16524836970,2025-11-21T15:11:15Z,2025-11-21T15:11:15Z,(GMT+00:00) GMT,0,,,,0,2,0,1,0,"{'id': 'a16524836970', 'summary_polyline': '', 'resource_state': 2}",FALSE,FALSE,TRUE,FALSE,everyone,FALSE,g25537727,[],6.706,,0,FALSE,FALSE,FALSE,,,FALSE,0,0,FALSE,,,,,,,
2,"{'id': 60229721, 'resource_state': 1}",Lovely Run,12331.5,3199,3726,38.8,Run,Run,,Strava App,16524735354,2025-11-21T13:17:16Z,2025-11-21T08:17:16Z,(GMT-05:00) America/Indiana/Indianapolis,-18000,,,,2,8,0,4,0,"{'id': 'a16524735354', 'summary_polyline': 'gcbzFjymfOGROlA?\\K~ABrAT|@FL^Zj@NfALHHF?\\NRTF@HLD?j@z@Zp@`@pAPr@J`A@`BIt@On@c@dAg@t@E@GNg@^GL}@t@e@hAI^IbA?\\Fr@FFLz@Dj@Gx@Ot@BPP@TVtAv@h@NPLh@RtBdA\\DHLJBf@ZzBfALJP\\d@LbHnDz@Z\\@TPvB~@TPRFAHFP?FIR?HKh@?HNHLVEh@DnCErADt@AdABpEDpADxENt@At@@h@BP?hDBj@At@F~BCxAFlA?zDHzCERHpAE`@FrAA~@BDE|@Av@BDEl@BNCVDVAh@CXD^Az@B`@EjAFlAH`AAh@A|@D\\A`@BHCPD`AC^DpBArAJrGCRBd@A^Bb@@dBEb@D^CPDf@Ad@Bt@@xBCf@HhGC\\BN?fBAZDnACbADz@ARFbAEZFt@HD@FDtA?HMH\\PKHU^E\\?Vi@oAKa@o@uAwCuIMUOESF}@Ei@DkGUy@J}ACaDJiAAyAF}@CeDHs@Ju@EUDs@Am@F{AAaGFo@F[CuAFe@?]OUCgAGcB?eBFSFc@X]CwDLa@A]K]CSMCU?iDKyI@i@CYAuABuBKuDBuAG_DDm@G}A@uAEQ?oBCg@@g@Ce@@cACgA@UAu@IcADeAIo@@gCGuA@eCG{GEsAAcECw@?aAEeC@cACQ?gBCg@Be@E}@?iDGgB@eAEa@BgAEc@@mACQ?y@Be@CI@sAGg@?kA@yACuA@c@G{@AmEG[BQEc@Dy@AmACq@M_@@e@Em@]gC[oAQg@S[Oq@JMXKtC}Bv@{@TOTc@zCaERa@lAiBRAT{@ESGGi@As@]}A}@qDeBEGk@WcAq@}@i@]KyA}@gBm@{@e@_@Oo@Oc@YeBk@e@U[Wq@Sw@e@yBaAw@i@L]XeBHw@J]?SP_AF{@Ja@\\kDPOj@CZYVs@`@g@f@aAb@g@r@sAb@g@L]Xa@Nk@JgBDS?OHs@Dy@JUVOV[b@{@JiAC_@@Q?u@GuAKk@?SCa@Fs@Em@P{@TUNEt@Hr@VZPT@t@RbA^BDt@Xh@JtDZ`B@ZEvBFh@Hz@AVCpDVTAdE~@d@Pf@FzBh@NJTf@d@n@zAn@x@TrEbCfBfAvCzA', 'resource_state': 2}",FALSE,FALSE,FALSE,FALSE,everyone,FALSE,"[41.137523, -85.106383]","[41.137423, -85.106162]",,3.855,9.3,FALSE,FALSE,FALSE,252.4,232.1,17611739983,17611739983,B75DFEC8-1AAB-49A3-81DB-9405CB057E90-activity.fit,FALSE,2,0,FALSE,,,
2,"{'id': 60229721, 'resource_state': 1}",Pedal Stabbed Me,9978,2400,2400,0,VirtualRide,VirtualRide,16516214661,2025-11-20T14:21:19Z,2025-11-20T14:21:19Z,(GMT+00:00) GMT,0,,,,0,4,2,1,0,"{'id': 'a16516214661', 'summary_polyline': '', 'resource_state': 2}",FALSE,FALSE,TRUE,FALSE,everyone,FALSE,,[],[],0,,FALSE,FALSE,FALSE,,,FALSE,0,3,FALSE,,,,,,,,
2,"{'id': 60229721, 'resource_state': 1}",20min WU -20min Fartlek -20min CD,14848,3802,4410,46.2,Run,Run,,Strava App,16509081297,2025-11-19T20:19:54Z,2025-11-19T15:19:54Z,(GMT-05:00) America/Indiana/Indianapolis,-18000,,,,0,4,0,1,0,"{'id': 'a16509081297', 'summary_polyline': 'kw}yFlalfOZOVq@VFPO?]N[Ea@@cAKiAPw@Ei@Bo@JEFQEsAn@c@V@@QIQB]Eo@Jw@E_@IK^i@BQNK^s@Da@EYCiCGWKEaAA{AFKQBc@I_@Bc@I{BE{ITWLaAG_D@aBGsB@gAG{DIqCBoAG_HDOFAvAFbBAhAELVC^DNPTt@?zDKzAFzDGjFUXGhADr@Al@Kt@ArD@zAQn@Bl@GPGHM?cAE_AB[Gs@B_@EMCyFEM?gBGwABe@E{@AeBEG[Hc@CQF[OBoAE_BBc@IwC?iEBa@DG^AhA_@p@?JKG_@Bk@IeB?kENm@Fm@d@wBN[d@_C\\mA^{BB}@GcDD{@IyEDQl@QT@h@OHHzBGlAONTVFCn@Jt@ZIjCEJNB`@G|BFx@BrCn@fCHt@d@`BHbBNf@d@`@VDzFSVI^u@?aCHm@Xo@h@k@bCMTOZa@`@i@Tc@EOWM{@sAoCyCOk@g@g@oAqC}@oAyAu@]Eu@UiAI[Fq@Zc@j@Qb@If@Cj@@`CFt@?`BCl@HxCJn@x@|DZx@Df@Ap@Nt@d@d@`@FvCGlBSVSL[H{@G{@Dq@V{@l@k@\\Kf@BjAQ`AiANa@?QHKSKKWyAkBuAsAAe@o@k@Yc@{A_DW[cAw@{@]YAuA_@i@?w@T]Vg@bAOpADnGDd@B~Cl@pCVzA^xA@fAT`A^Z\\DfGUTURi@De@Es@FmA`@_Ax@i@p@?~@Mp@i@r@oACSQEy@sAwCaDMi@c@k@cAsBe@w@o@s@uAs@qBa@UAkAPs@v@a@jAGdFPbHFd@N\\B`@h@pBf@dCCh@Hj@NZl@d@bAKpD?l@S\\o@PiAE_@Bo@V_ATYVOnBQ`@Qn@o@DOd@q@D@LZb@j@h@b@^Np@BfA[jAGrCGPHCt@D\\?dCFrABlGDf@BxDDz@Av@DpCF`B?zBDbCCNBj@DDAtABVL`ICNDb@C`@JxE?dBD`@AnBLfGEf@D|@G`@JlBEd@?bBFd@Ch@D|@Lh@AfCB|BHjB?rCDR?~@Ax@JlEA`AB~AFf@AxCHhBC`ADN@xDBNDdCCZHjBGtA@`@Q@WK_GP_AHkD@kIPeKZuEDaHNyI\\cHHa@Ls@GwCLmBAyGVmHHgFTwDBkAFOLGX', 'resource_state': 2}",FALSE,FALSE,FALSE,FALSE,everyone,FALSE,"[41.117666, -85.101943]","[41.117502, -85.100917]",,3.905,7.14,FALSE,FALSE,FALSE,248.2,235.6,17595894408,17595894408,AB2672C8-8E68-4E6B-A505-F45FB0A69FDD-activity.fit,FALSE,0,0,FALSE,,,
2,"{'id': 60229721, 'resource_state': 1}",2 mile warmup - 6 mile @6:30,12875.4,3278,3644,39.7,Run,Run,,Strava App,16495061461,2025-11-18T13:19:08Z,2025-11-18T08:19:08Z,(GMT-05:00) America/Indiana/Indianapolis,-18000,,,,6,7,0,4,0,"{'id': 'a16495061461', 'summary_polyline': '}~}yF`xmfOfDzArIlDv@^DVRf@NLrIrDBHKnAD`COjAOb@a@b@CLK@WQs@Pc@f@c@lBq@nBIDOIs@MWWe@y@a@EYDk@oAo@YYu@o@c@Yi@eAe@e@i@q@]KMSq@CA_@Tm@o@IQBW^[\\kALQ^SV_@p@wDFaAAy@B]DQHGXw@Ja@Ny@CSMUY[G_@Wy@UWc@QMQEc@_@}@A_@Qy@MY@QGe@i@o@G_@S]Gq@Yu@WWKCO[cBo@Qa@G_@iD{AU]W?OW][o@A_@k@]QYAMM_@s@WOQSUFKLCt@Q^AjBD`@?rADp@C`@Ff@?t@DN@d@EtA?n@DhCBDX?dAz@pAd@bB|@v@Er@t@V`@l@`@dAZj@\\|@ZZBb@\\nFxBpCnAh@^H~@En@NbALb@Ah@Mb@IbBFzAAZBhADXLFFN?RIZVt@b@b@r@fAd@d@eAdCUf@GZg@dACPq@~AG^?zBQ|DBHCp@MRa@TQ?SQ_A[iAw@qBw@c@[OAo@i@cAk@gBw@kBm@qEkBaDmAqDkA_Bu@{DqAWQy@UeDsA_Bg@}@a@_E}AQ?g@Ym@Mc@Y]I_By@_AWiAi@cHsBkBeAk@i@We@Mc@]o@eAyD]aASg@u@oAG]CaBAkAB_DDg@IMu@?IME@AHFRM\\?xADDNOCc@HcAM_IGqAIGWJkAD_Ah@YCa@Uk@KsCiA{BsA_Bs@UC]WaBy@W]qAk@{@o@y@}@]}@e@]MS[w@]_@[MGO]yCGkA@gCUs@OWZh@Nl@GlBZhDDz@N`@n@Zj@tAZJ`@`AjApAd@`@rAj@p@r@hBx@ZFtAn@fBdArDdBp@JZRN@b@MPSTEzAGVBAl@D\\DrIKdAQGFc@DuALEVPHAFNRHB`@Gb@@jF@n@Hl@JXXVL`@RZl@fBXnAhAbDt@dAh@^|Al@\\DxAl@pCz@R@~B|@vEtBb@FVRfA\\vCfApChA|Aj@b@J|ErBpOzFx@RzEjBjClAfCzA|DfBv@d@b@NTGX]BQLaDAYDe@@iBLgAPm@zA{Db@_ALc@\\o@Hg@N[BYMOWIgB{Ay@_A?{@EwCPmDS{AEmASu@i@WgAm@WEeB}@kAg@wCeAaAc@', 'resource_state': 2}",FALSE,FALSE,FALSE,FALSE,everyone,FALSE,"[41.119446, -85.108243]","[41.120413, -85.107732]",,3.928,6.66,FALSE,FALSE,FALSE,240.7,230.9,17581798408,17581798408,C0B416FA-9E98-492D-B502-93AD9F8467F9-activity.fit,FALSE,2,0,FALSE,,,
2,"{'id': 60229721, 'resource_state': 1}",Grandma Loop,8263.4,2264,2324,20.9,Run,Run,,Strava App,16489082874,2025-11-17T21:37:32Z,2025-11-17T16:37:32Z,(GMT-05:00) America/Indiana/Indianapolis,-18000,,,,0,3,2,1,0,"{'id': 'a16489082874', 'summary_polyline': 'gs}yFzmlfORCNBBDAp@Df@DFHFd@Kb@H`@^T~@DVB`@DlDBLCVDhBClA@DEh@S|@EFG@OA]NCDAR@FIt@MVK`@ED?HM^CLY~@?^Ix@o@bBIJELYZG?MIEDQGMFEd@Kh@OVALWr@ENEpBMfAe@jCOJUBKFYh@CPWv@URENDRBDRNZZFBFAPWLBFZAFBNJLp@ZLNNHLRRBj@`@^n@LDXTHNFXFHh@VT`@HXVNN@JCJ@FN?HQRa@lAg@hA_@lAe@~@OPG?GCEGG[MAQKOE]?GFa@p@]~@EBQd@uApC[z@GFa@[QEcAm@[YYOMEOMe@Wq@SOIc@O}@a@_AYg@Us@QoAm@oBu@UMg@MIIUEOKq@OyAq@QA[UMAe@Uu@QUMM?g@SGASMSGOKWGUMQEKE[ICEMAiAg@s@USMYEYQi@OUMy@YSMeA[k@WE?[Mi@MYQgAe@MKSEII_@O]E[MIIqAe@WGEEUIk@K_A[g@Ug@MGGM?QIMACEWOUIgA{@[e@y@}BG[MUs@sCSe@KK[i@SWK_@AQG_@EEI@MGMOE[@KEGSAa@]KKGO]]W]s@i@IKSCk@\\OBGGEQMOMIQWSQ_@e@i@_@QUOOMGQQUMGIMGAEc@Wc@m@QQe@SYWcAe@{@i@{BmAEGOEQOYKSQG?IIOGc@[YISQk@USS]MMO[KII_@QAF?@RFVPn@TtAz@lBbAJHJFF?HHXJTPv@d@VHBFv@`@HJVJBDJBVR`Ah@D?VRJDDFTRBFLPD@t@h@BDD@DFXTBFNLHDNLBFJFBDZT@Dr@p@h@v@RJRA^_@P?JFDHb@h@b@f@DBBHZZF@JHB?JH\\DDEDMAe@@a@Iq@GO@SHq@Aw@C]@QCO@y@CU?k@A[@UNFJAJGBMAKGSAm@?gBCwAB{@AGBe@G}@Dc@Ec@B]AQ@GKoA@wAEgA?i@CEBIE{@@s@HUNEFBNHHLJDd@`@D@BFLDFDVHDFRL~@`@L@VJr@Jz@BRIXCTDLC`CE\\ELBf@EN@h@E`@@FCb@Cn@@VEp@@|@GX@h@ADCVBZGj@?LCZ@xBM~AMJ@VExACH@^EX@TELBpAGZBXEZ@PCnA?FBz@KNB~@GZBZCRFHAFG~@HZCp@Bh@CDC`@DREbBALCL@PGZDbAC', 'resource_state': 2}",FALSE,FALSE,FALSE,FALSE,everyone,FALSE,"[41.117638, -85.101709]","[41.117716, -85.10152]",,3.65,5.18,FALSE,FALSE,FALSE,243.4,230.9,17575766430,17575766430,998D6314-B2AA-4558-8E27-BBF5B2F522ED-activity.fit,FALSE,0,0,FALSE,,,
2,"{'id': 60229721, 'resource_state': 1}",MD LR,8347.9,2470,29696,37.7,Run,Run,,Strava App,16479873358,2025-11-16T13:17:15Z,2025-11-16T08:17:15Z,(GMT-05:00) America/Indiana/Indianapolis,-18000,,,,3,2,0,1,0,"{'id': 'a16479873358', 'summary_polyline': 'w~}yF|wmfORFRLTF|@b@HBRJDDXHFHTDTN\\HJH\\LJJFAFBFJFj@FVCj@@RR`ADp@CXMv@?p@CN@dAFz@?hA\\j@JT?FLTB@DNDDLZPXVp@RVNb@CRILFPJHLZPP`@NPDv@?^DVHR?PDNPDJJ`@@`@JVJL\\@DBJIX@DCvAQ`@?TSDARDRGl@@f@P^XTFfAj@LBzAj@J@^TRFNDLAJIXC^Lj@F~@BFB^Dj@IXBVCv@TNCTQFC`@AFCPCXDf@EZBv@CXGjABJEXCNDXARB`@GR@PGr@FDAdAELCb@Dr@GRBjAGJDj@AFGH?`AJj@ENB\\EDBb@Cd@@PE^BZEXDPID@bBAHBZK^@JDJAFEVDXE~CENCb@@XCb@BVEV?D@HCJBh@GVBJCFBFCPCTBz@AZEp@?ZDJGD@~@Cf@@b@IfA@jACDCJBfAEj@@VE`@@hAI`@@ZGXBpBIJBTEn@@dACBCTD~AM`DCTCz@@t@GN@rBIrB?NEb@?NC[GIU?KEGECu@DOAGECWA}@CW@[C[?]AUKE_@F]Cm@BGBs@AwAHo@As@Dk@?yCFGBq@BYCYFa@A}@FcA?c@AKBWAiAFoB@u@Dy@?MEe_@xGUCWFg@Aw@DEAsB@e@D_@AwABWImA@k@OUMs@o@o@s@GKc@a@KAOHe@EECQWYSKQWWk@o@WS_@e@UOYc@YUYa@aA}@S[SOCEYW_@c@SMg@q@SMq@s@GKSKOUEAOWICCGWQQSSQGMEAMMAG[a@C?QKOSYSSSEAi@g@ICIDILOPMXe@v@KZKFk@UG?iA_@sAYOAI@Ox@Cf@[nAKRCVIVAXKh@KXMl@QRG?EGBOHiD}Am@OMM?WQUGGAOHYBCDGAKMyAq@e@MCEc@MKGMAk@e@QWMK_@QSMi@MKIc@Em@]q@USO_@O[IIISGaAg@{Am@OKWIGGu@WSKICUMUG]QUCoAo@UEc@YE?c@[G@SOWEOKCGSWWQg@g@KCYH]CKKYIe@YQESQk@Ue@_@UMUQYICQBUCW@YEi@@i@De@?YAG@c@I{ACUEo@?a@EaB@YAa@@uAT}@B_@BEL?NCD@PTLHFLV`@\\TFCLDRRLPHFJBDDD@b@@VXZVRDJRHFPDVPD?VNLBb@RPDPJFNF\\T\\`@NHHLBj@ZJLPNNPDTJP', 'resource_state': 2}",FALSE,FALSE,FALSE,FALSE,everyone,FALSE,"[41.119424, -85.108242]","[41.119084, -85.106738]",,3.38,5.08,FALSE,FALSE,FALSE,243.4,229.1,17566500889,17566500889,7684E4E7-3C91-4089-8673-90F081D7001E-activity.fit,FALSE,2,0,FALSE,,,
2,"{'id': 60229721, 'resource_state': 1}",No Way My Loop Looks Like A Dude Looking to the Left,10248.1,3018,3310,47,Run,Run,,Strava App,16459588418,2025-11-14T22:19:46Z,2025-11-14T17:19:46Z,(GMT-05:00) America/Indiana/Indianapolis,-18000,,,,0,5,2,1,0,"{'id': 'a16459588418', 'summary_polyline': '_x}yFnklfOUaAEs@?iAFOZ_@@QHYJMEUFEVF|DWr@B~CIzCMjA?h@EdEClBIR@fBIREVBlCMx@BrBI`AL`@IL@t@Qf@@dJWp@@dDQnBALEPB`BCdAGhBGTBxAIXBrBE~@IbB?|@GhB?XEfA@~@In@Bn@EHGj@FJERDn@GXDzDQRBtAGp@@b@GxAAFCVDTI`@BPGdGIt@IhGGpAKlA@h@IRMVNdA?XEl@Cl@Bl@G~AENBHFE^BTCb@BJAfBBP?\\@N@p@CPDp@Cd@D`@CZDz@A|@HrC?fFHlDAbB@ZAb@@bAB^C\\BLCR]EOB_DD}@Nc@b@Q\\WFYl@CFFR?FWP_AzAGRIDa@p@MXi@P[?wAPUC{AFUCa@S?aA@QCQ?QIU[Y_@MgA@a@Cc@FIGAMH]Ge@?cAQy@B[IO@OEUMK{@CKO?SQKk@@KEUH}AAWRMP?FBTCf@J|B@nABTCLBPBxBGJ_@J?RBRCH@f@ENOFa@@MC{BHy@AoAH]CyAJoAAUFg@Ei@Hi@AYBo@E_DJ}@@_@CID_@DiABi@EeAFUAKBu@AiBJUVAFD`@A^Bh@CRB^Az@Dd@C`@B^ANBX?n@Bd@A`ADvACx@Dd@CP@vACHF|@CPDb@Ch@BXEVBp@CNB`@Aj@Bd@CPDv@AhAGJIAMIS@c@Ka@SYUs@q@S[WSaA}@IUSMc@k@SM_@[k@w@YOc@e@KGw@aAq@i@i@o@IQm@e@m@w@GAYYIO]WU_@KCa@c@IA[Lm@a@MSc@]S\\YVK@c@Ek@@m@QAE?UFc@?iADUCYOE]ZYj@UZIROHSb@CRMXC^KRATWz@Gb@W`AEd@IRCTUv@Yb@a@Vo@FWOe@OIKWGm@[ASDOJeBHe@@[NkACKKMoCkAw@YSA}@e@WEWQ}@]s@g@eAKoAo@{@S{DcB}CyAuAe@[UYEUQqAk@s@SqAm@c@Y_A]e@c@WIi@s@c@BqAc@SIIKG?gAg@e@Wc@_@WKGMBc@Ee@Bu@A_@FkACM?y@KaBKaGF}@L_@BS?c@Q}@@QPYNMFOJu@FSx@aADMF_AL_@ZYt@G|@?v@GxAE|C?h@Gt@Jf@ILHNZHBVE\\RHVFh@N^^LT?NFl@z@F^', 'resource_state': 2}",FALSE,FALSE,FALSE,FALSE,everyone,FALSE,"[41.1176, -85.101515]","[41.117725, -85.101422]",,3.396,4.74,FALSE,FALSE,FALSE,246.3,231.2,17545973415,17545973415,BEE647AF-42CC-4875-AE93-0BDFBD46C5DE-activity.fit,FALSE,0,1,FALSE,,,
2,"{'id': 60229721, 'resource_state': 1}",Forgot How To Run,8808.7,2642,2653,29.9,Run,Run,,Strava App,16440125809,2025-11-12T21:35:17Z,2025-11-12T16:35:17Z,(GMT-05:00) America/Indiana/Indianapolis,-18000,,,,0,4,0,1,0,"{'id': 'a16440125809', 'summary_polyline': 'yu}yFhalfOXCVBn@Gh@Y\\e@TBVEX@HC@GGW@_@E]BWEaA?sBCk@Sc@MQEAYi@IIM_@GsCDeAAQIK@KLGLQp@qA@m@EyCIYGEYBUIyAJSGGY@_@ImA@kACw@AuACGBQCgABMEc@@c@Cm@HUJEHSDi@Au@EeABOCw@@oAEa@@O@g@GsA@_@Eg@?oACg@?cACO?mAA]B_@E{@@OA_@@_@E]AgB@WDCfADfEIFNCf@@TDLFFN@t@?pBMXDz@GjABjAGT@BCnA?dAGh@?LGn@Dt@Cv@GTDf@Kv@B~BMfA?~AKLBh@?ZGp@Cd@@FHCr@@l@Ln@O^?FSjA?\\JZ\\Hb@BZGv@Fl@EDBl@?ZDNJNA\\L`APjADx@CHPCdABdALtADHAFJl@J\\Fb@Tx@RNFAHCFKp@UR@B@FLAh@DDP?FLGXFl@Ar@BTEn@BTAx@Br@@t@AFUPG\\B`@A\\BDCVB\\C^Fp@Cx@EHS?oA`@_@`@M\\APELKl@a@lA@JHFLIb@A@MOQ}@MiBXMHCDBDCl@B`@ADDJCNJP^@HDE^BLCNBhAGd@BDCNHhAAd@BNCTDl@CXDj@?hAB`CDh@@xADNDb@@DJBZIT@VE|@?xBIj@?BJCZBbAAd@Bt@Cx@B\\Cd@B`AAp@DLC^F`@?dDD^@`DA^FhDA`CF|AA|AFj@CTDt@A`DHpCD`@GZSEK@CDuBFU\\@z@AZDNCHBd@Af@D~@?pA@FANBb@@j@E\\BPB~ACp@D`@Ah@BVCVB^Al@Bl@Ab@Br@ETSVOp@OTa@jAIJGAI]QGGMeAeAu@o@U]UOUYQMOWKGGKY[u@o@KQg@a@iAsAk@m@WSc@HMEQWYQi@s@KGu@q@GKUDa@b@OHo@EYBg@QGq@@qCGAKBGHYRWf@MNSf@GBw@Wk@ImBw@SCKJUn@Mb@Gt@GPGd@[tAGr@EJ?LMf@QLCE?u@F_AJi@EWEEQAGIyCqAs@sAG]GMAOOWA[MIY]o@g@QW[G}@e@}@Y[WIKOc@QWM]q@w@Rq@I_@QSWMk@gAD]DSHIFa@FMLg@HSLk@JmALIj@IFMR_A?_@BQE}C@QEuAB_AG{AE_@Me@o@y@Qe@Ke@C_@CO?]GSMS[Ko@H', 'resource_state': 2}",FALSE,FALSE,FALSE,FALSE,everyone,FALSE,"[41.117682, -85.101559]","[41.117698, -85.101767]",,3.334,4.64,FALSE,FALSE,FALSE,248.3,234.9,17526384740,17526384740,5365B3EE-CA5F-4A06-A2EE-C2A23282CAD6-activity.fit,FALSE,0,0,FALSE,,,
2,"{'id': 60229721, 'resource_state': 1}",Horizon League XC Championship 2025,8000,1604,1604,0,Run,Run,,16323504923,2025-11-01T16:14:36Z,2025-11-01T16:14:36Z,(GMT+00:00) GMT,0,,,,0,15,5,1,0,"{'id': 'a16323504923', 'summary_polyline': '', 'resource_state': 2}",FALSE,FALSE,TRUE,FALSE,everyone,FALSE,g25537727,[],4.988,,0,FALSE,FALSE,FALSE,,,FALSE,0,8,FALSE,,,,,,,
2,"{'id': 60229721, 'resource_state': 1}",CD,2462.1,877,1665,5.8,Run,Run,,Strava App,16323305559,2025-11-01T15:49:55Z,2025-11-01T11:49:55Z,(GMT-05:00) America/Indiana/Indianapolis,-14400,,,,0,2,0,2,0,"{'id': 'a16323305559', 'summary_polyline': 'k__zFtsofOUIGE[KWQMSDaCFo@EUQ_@OSKWOSKYOSWg@GCKMKYQSGME?IKEMKKOAOYIGKMOWC[HcADQBAN@BEPLDGD]HS?QEEQAOKs@O]Sa@MKIQ_@CCSFGACBG?SOE?c@QC?}@_@cC}@BDNBp@XZHHHTDx@\\F?FFLB`Ab@RBTPLBjC~@JJEPEFGp@`@p@J^@TH\\?LX~@DXaBzBLPF@LPLH`@j@v@x@PXLd@Tb@Rt@?NDD', 'resource_state': 2}",FALSE,FALSE,FALSE,FALSE,everyone,FALSE,"[41.121523, -85.118763]","[41.122616, -85.119179]",,2.807,5.16,FALSE,FALSE,FALSE,238.7,232.6,17408428366,17408428366,E395A127-88E7-4D5D-AE06-41BAF5999141-activity.fit,FALSE,0,0,FALSE,,,
2,"{'id': 60229721, 'resource_state': 1}",WU,3117.9,884,900,0,Run,Run,,Strava App,16322920366,2025-11-01T14:10:27Z,2025-11-01T10:10:27Z,(GMT-05:00) America/Indiana/Indianapolis,-14400,,,,0,2,0,17,0,"{'id': 'a16322920366', 'summary_polyline': 's}~yFzsofO[CaAOSIEG_@WESBe@?a@DcBAQOW]w@iAkBOO_@m@i@o@KQi@]IMAO?]@GHKL{@FID@FLD@JABg@Fa@@CGEa@GKG_Bc@m@[g@MCE_AYi@We@OUKmBq@IGg@Qk@Y_A_@e@MSS]UYECEc@IaBq@c@KyBq@e@KKI_@GUM_@KwAw@GK_@_@QUYk@?CDXFJDB@FV^VVRJFJXTVDTPVHBFDAf@NDAJBLHPBLHLBDAVLXBBDXFDDJ@PHJ?VLD?pAh@j@J~@f@DDf@RDDf@PTLD?DDj@P`@TLBDDVHVLVDDFPFVFBBj@PVNPFDAVNXFjAh@B?r@XLBXLD?t@XD?JFD?XPTHXLtAb@dAb@t@RdAf@t@ZVD', 'resource_state': 2}",FALSE,FALSE,FALSE,FALSE,everyone,FALSE,"[41.121376, -85.119014]","[41.12035, -85.115526]",,3.527,4.38,FALSE,FALSE,FALSE,237.9,232.5,17408038329,17408038329,2364F44A-BE37-4B4D-9C46-C66D35EACAB8-activity.fit,FALSE,0,0,FALSE,,,
2,"{'id': 60229721, 'resource_state': 1}",How the Ginch Stole Conference,9053.6,2609,3015,70,Run,Run,,Garmin Forerunner 265,16313048840,2025-10-31T13:07:01Z,2025-10-31T09:07:01Z,(GMT-05:00) America/Indiana/Indianapolis,-14400,,,,0,6,0,9,0,"{'id': 'a16313048840', 'summary_polyline': 'sb_zFzpofO?[J_B@a@AQc@_AYg@_@a@gAgBw@aAe@UMOGa@Ae@L{@@YISKGKCG?IFELAPAvBDbA?pAHVr@v@Tf@T`ABl@IhAe@jDKzBBXFNPJVFhANN?r@Lj@HD@Nv@BDND`AB\\F^@xANb@@XFb@@XAb@Hl@?h@TLHPDTCVGXCPB^PRDh@QJIV_@Xi@Za@\\Kh@?NEHOAQGOc@YY[e@][QKBc@RS?qAIiAKqB[eDQaBQeB[c@UEECSASN}CAQCOSi@iAkBwAuBc@g@q@a@IUAYPyAAYCEQOMAG@KHGTCZBnBDh@@bBDLJNf@h@NZPf@Ln@?v@g@fEOtC@XDPLL~@RxAR`@HL?PFFRDZHHPDx@?`@Hp@B^?bBTdA?d@Fl@D\\R\\NJ?j@K^?l@TTA`@QPMn@mARWJEPEf@@TGBGB[EKIKw@i@EMFaAHm@POL?LDh@XR@\\MPALCJM@KAMCESIWE]AM?mARUNKNITETAVERKDY@o@RS@}@EqEo@a@?oBKECmAKoAQKCE?y@[IGGQAc@@y@HiACg@Wq@U_@g@gAoAqBc@g@QM]MOQGWA[@[No@@YCIOQOEG@ONENCXHnD?~@@PLTn@t@JTRh@JfACp@e@bEO~BBb@LTVJbANr@Dz@RJ@LNJb@PH`AFh@H`@?r@D^Hl@Hf@AlAFXALBh@\\VJ^Aj@KJ@p@TPAd@WV_@Ra@Xa@JIXG^ATCJIDQAGMOUOoAoAOGSDYLQBkAE_AGs@OuBWqBGyAS[CuASk@SKQES?aAFaB?YGUIS]o@O]cBiC_@e@c@_@[QMOEQ?[RqAA[AGMQUCQPENAVAtAD`A?|ADVh@h@\\f@^~AtAl@ZRb@b@FLBNGVs@f@KDk@b@iAj@OLGZC`BBNFLNJx@HR?^JR@p@Rh@HJ?RGj@Gv@@d@D^AXF`@DDA^FP?l@HjABz@H|A@j@HDL{CMsAIw@KiBMKEh@ADBE?B@AB?A@@u@M{BG]@k@Lg@AwAYe@E@AEEL?FL?GACC@hC`@j@MVAhAF', 'resource_state': 2}",FALSE,FALSE,FALSE,FALSE,everyone,FALSE,"[41.122245, -85.118626]","[41.121229, -85.119565]",,3.47,7.22,19,FALSE,FALSE,FALSE,245.8,233.4,17398012581,17398012581,stripped_accepted_tag_from_17397766841.fit,TRUE,0,2,FALSE,,
2,"{'id': 60229721, 'resource_state': 1}",Lakeside Loop,11521.2,3010,3099,40.3,Run,Run,,Strava App,16302886529,2025-10-30T13:53:39Z,2025-10-30T09:53:39Z,(GMT-05:00) America/Indiana/Indianapolis,-14400,,,,1,3,0,1,0,"{'id': 'a16302886529', 'summary_polyline': 'wt}yFfalfOpBK`B?xAIhDErAKdCE`@?\\@`HQl@KxA@z@IbA@JDfCM^LtAOTGr@@~AKHDrAEXEnCI|@@lCOt@@zDI~BKz@@`BKfCEvACJBhAIdCCv@IRFx@GlCAPErA?DERAh@BrAI\\BLEVBRG|AC`@@@JC`BFhCCt@HrC?d@Bf@Ez@Df@A^HvBAx@BH@l@Ib@@NFHAnABv@BHA\\Dl@C\\D~@CPFpGLLPHVj@x@V~BIp@HfBEf@IPBFNA\\DxCDXHNJDTMRDrBIX@RJRGh@?TLL@b@\\vAWHUDA\\Jr@Kz@]x@HdB@j@Cr@HjAEp@RBPCd@DjBAjAFpAAb@BDCzABr@Al@DXG^Fd@FFC\\D`BClA@PBFAb@FpDCXD`@A`AB^Ab@Br@Cl@F~@C^HjAAb@Dv@?nAA`AVfB?PHd@Ix@Ft@d@jB\\f@R~@CRW`@i@ZBxAPn@@n@GZLj@Ed@YVMd@IHi@?mAUK@a@TGVMDMEgBDc@DOCiAFyC@kAF[CaCHWCg@DcABWEm@FYEe@D_C@o@Fo@Em@Bw@FEFK|ABhC]h@?LDtAApCDp@Ad@Bv@CTBH?tABRBfHDzB@jCCNDh@DzB?~ABf@ChABX?FIF?^WEkBH[EYDoABy@Tk@OaACa@BIFiACyABi@HWCu@@m@D_@Cq@WUAuBy@_@_@YMUUo@a@gA_AgAs@KQWIQSs@g@[[gAq@eAcAqA{@WW]Q_@a@y@e@WWsA_AQUWKcBwASIe@]kAgAa@UiCqBc@Sg@?OOYA[Ye@@OEEG?KDq@Ag@Di@AmBEk@Kw@a@mA]i@]eAOOOe@o@uAg@aBq@cBIg@QQMc@We@aAoAq@cAa@q@Gg@gBgCkA]iAo@e@a@aAsAg@g@q@]uAeALYBSFUt@cE\\s@^Q\\Fn@APDJHGXGB_CP]FKFWB]]Is@?[Q]_@Q_AOmACSIi@a@]c@]Ue@?OSa@{@k@SIe@[[GAMK]k@gAo@u@q@a@QQUKe@AUDqAH{@l@yCb@uCAwAHg@NYPq@JQNs@FMNEj@HFG@Kv@mBJc@HoA`@iAVeA?IR_@Bo@FYLG^CHIV}@BSBq@Ew@@_CIeEKaAOc@i@s@MWOm@Ie@Ag@Kc@]S[@KF', 'resource_state': 2}",FALSE,FALSE,FALSE,FALSE,everyone,FALSE,"[41.117504, -85.101583]","[41.117675, -85.101527]",,3.828,5.8,FALSE,FALSE,FALSE,245.5,227,17387762320,17387762320,84121A29-ACBE-47CE-88D6-620D513439AB-activity.fit,FALSE,1,0,FALSE,,,
2,"{'id': 60229721, 'resource_state': 1}",Northrowup Loop 🤮,12506.9,3519,4092,52.3,Run,Run,,Strava App,16292220034,2025-10-29T12:12:09Z,2025-10-29T08:12:09Z,(GMT-05:00) America/Indiana/Indianapolis,-14400,,,,2,7,1,8,0,"{'id': 'a16292220034', 'summary_polyline': 'ui~yFtgofOP_AHiBQvA@TKXUDIR?RHP?HWh@[Lg@t@YLECaAf@k@f@c@NSPuChAEL@NGJsBlAgAbAcAp@gA\\ANBREPMDKGQBk@IKBo@b@c@BUNMCMQCMMIk@VwAJkAEuBFm@?uAEqCRqA?u@Gg@]iAiASMa@g@MYUMg@g@UWEMo@c@}Ay@[Wu@a@w@]o@CeCRONHf@A|ABP?jABXCNBn@AN?|BD^AnEFNBTEX@TE\\DVGr@FVCNHdE?rCBdABHAlCD~@CNBF?|@DN?b@AfAFlDCP@lAB^Ab@B|AAPBx@A`@D`@?lCAb@FjDCl@D^?dCB^@~AA\\DjCF|BArAFbAAz@Vh@Ab@B`ACf@AzACZB^EjCDd@Ab@DvACb@DlCCXDx@C\\GRDNEtA@n@CNLnDGpA@|BB`@CPDXCj@Db@CPDnDDXE`A@p@@t@F`@?bAO\\]BGNF\\Ab@DpCP^HFLf@FF]`@CJ@PGLEZG@SMcBgECQKQ_@mAUk@e@{A[y@MQgCDYGWB}DS}BFiEB[Di@AoAFoEB_ADgALgE@}DFWDqACsBHgACQEYO_@AsF@[FYXMBe@@cEDsASKKAQD[GqDBIGgE?_CCsA?aCCsA@_@EaA?iDEu@?o@Fs@Cs@IU@_ACa@@cDCaBEy@B_BKeBA_FIuF@a@EeBBa@GgE@[AaBEa@AcCAGCqD@oACO?mCG}BCkGCy@@c@Ce@B]GeB?eABa@Cq@AqAEc@BaDEk@AiAAkECk@EOD[Gk@Hc@Es@BqASg@CmAKy@Qu@Gm@Qw@m@_BII?G@KJSZKfAw@rAiA`AeA`AsAR_@t@}@@GvBaDb@_@Ns@HMDANP\\HhAj@TNf@Jv@l@b@HdAn@bA`@rGdDvAl@dGvCTRr@ZJ?r@^RBNQJ{@@]Ew@HUH_CFM?_@J[Ly@NSh@Q~@CTMl@E\\?rAWf@Fr@PXVx@?~@PLZz@`ADLl@l@DPAb@DzA@NJVbBKdA?JC|A?pAVVNZFx@d@JP`@Rr@ATFZAfAHrCvAxA|@fClC^XDNRHd@f@^l@bAb@n@Bd@EzB@~AIhA@\\Op@@f@FbB?|@Cr@WHDJZPBZOV@l@a@XIZH|@GpDVTEvAVbA?xALt@^x@Ed@Ax@Rz@YJW@W', 'resource_state': 2}",FALSE,FALSE,FALSE,FALSE,everyone,FALSE,"[41.121094, -85.116677]","[41.121016, -85.117144]",,3.554,7.18,FALSE,FALSE,FALSE,252.4,231.8,17377006703,17377006703,87842160-0092-45EA-851B-1990881ACC05-activity.fit,FALSE,1,0,FALSE,,,
2,"{'id': 60229721, 'resource_state': 1}",Fartlek 10x(1on/1off),5310.9,1200,1200,0,Run,Run,,16281537819,2025-10-28T13:00:29Z,2025-10-28T13:00:29Z,(GMT+00:00) GMT,0,,,,0,3,0,1,0,"{'id': 'a16281537819', 'summary_polyline': '', 'resource_state': 2}",FALSE,FALSE,TRUE,FALSE,everyone,FALSE,g19351325,[],4.426,,0,FALSE,FALSE,FALSE,,,FALSE,0,0,FALSE,,,,,,,
2,"{'id': 60229721, 'resource_state': 1}",CD,3191.6,970,1465,0,Run,Run,,Strava App,16281800973,2025-10-28T13:24:15Z,2025-10-28T09:24:15Z,(GMT-05:00) America/Indiana/Indianapolis,-14400,,,,0,1,0,3,0,"{'id': 'a16281800973', 'summary_polyline': 'qlazFldmfOHCJYI_@?KBIGKQK[E[SIAMICGIAEGMCYQ]WQGUOa@Qo@e@m@Yg@]c@S}@m@y@_@_@YQEQO[Mo@_@e@SKCi@[SEYOWIe@Uc@Oo@MEG[E[QQA}@WSCuEiAM?UMSEO?QGy@G_@G_ACICSBMEOMq@FUGa@Ei@He@?SDKAc@?OA[@GAUBk@COCM@UEK@OGeAG[GO?WKK?UQIA_Aa@e@KOIKAUI[GIEBDJFbANLHFBBAJHRD\\Pd@LHHh@HNHPAHDNBN?\\DbBJzDAb@BJAPB~@?PDPCV@P@JDj@BTCRFj@BtATPDHHv@HXJj@JL@jA`@b@BTJZDTFHBHFT@BBh@Pd@FJJD?XJHHTHF?t@\\`@NHJ^HLLZLf@ZTFJLTRTFHHLDLHZLNNNBb@\\PFHJLFD?PHNNb@N`@Zp@`@BDVJLJ`@NHJJFRLTFDFl@NT^ARDVGLKDATCB', 'resource_state': 2}",FALSE,FALSE,FALSE,FALSE,everyone,FALSE,"[41.137178, -85.10639]","[41.137285, -85.106297]",,3.29,7.84,FALSE,FALSE,FALSE,233.6,230.5,17366516858,17366516858,B953ECA6-5AC6-454E-BAB2-C0A0FE316E70-activity.fit,FALSE,0,0,FALSE,,,
2,"{'id': 60229721, 'resource_state': 1}",WU,4564.3,1332,2019,24.7,Run,Run,,Strava App,16281224013,2025-10-28T12:14:18Z,2025-10-28T08:14:18Z,(GMT-05:00) America/Indiana/Indianapolis,-14400,,,,0,2,0,13,0,"{'id': 'a16281224013', 'summary_polyline': 'gabzFdxmfOKRKBEEW@_AIEEo@Wc@WKD[@_@HKA[XK@KHMNAR@p@Al@EJa@JWK[@q@GQD[@EPAHDRAl@BZFPBZDDH^Pf@Nr@DDF\\HT@PVp@Hf@FJHh@?^FT@RHRHfA?b@GVGNEXSt@Kn@M\\O~@En@@`@CFCdAEt@@FO~AFb@XLD?LHD?d@VXFpBlAn@RXTD?LHVJDHFANDh@\\PDFJJ@RLHAf@VJ@LPj@\\NHF?HJXNPFHHXNXBRNVHDDZLBDTFr@d@F@HFD?HHF?TPVHbAh@JBRLF@HFD?JRNNLBNLf@NxA|@^JLLF?FHH?HHPDFJF?HFF?n@`@F?VHV@JDD?d@\\VDHJXJD?JHPFJHNDHFHADI?IEg@@w@C_@BOEYBc@Cc@BWCiC@GCW@i@EgD@uAAaAEyA@i@Co@B_@COAmGEY@cCGaC?kAC}A@i@C]@e@C_@@c@C_@?wDCs@@e@EW@s@A}@Bc@EmB?wBC[KMM?OGk@o@{@y@k@w@QKM@WRKBQR_@NGLKFKBa@VK?IF]JE?UHwALQAg@B[CUDq@@aANGFWJ]ZQTQNEHE@QZSPg@\\KBYP_@LCDg@HWCMBECISFYRa@DSNEF?ATK?QPSf@GFA@UIJA', 'resource_state': 2}",FALSE,FALSE,FALSE,FALSE,everyone,FALSE,"[41.137465, -85.106428]","[41.137373, -85.106408]",,3.427,5.66,FALSE,FALSE,FALSE,245.1,232.7,17365935247,17365935247,02D2858A-A038-4185-94E1-43236D8EA904-activity.fit,FALSE,0,1,FALSE,,,
2,"{'id': 60229721, 'resource_state': 1}",Recovery,10139.5,3280,3480,60.5,Run,Run,,Strava App,16271575926,2025-10-27T12:16:48Z,2025-10-27T08:16:48Z,(GMT-05:00) America/Indiana/Indianapolis,-14400,,,,0,4,2,4,0,"{'id': 'a16271575926', 'summary_polyline': 'az~yFz`ofO}@YaAe@qA]QKoBo@qB{@GBAF@JIVAZ[PMh@KHCLM@Vd@b@\\jA~AZVRHRVDBj@z@^z@D@L\\DBBLTZVXf@Xn@Nl@BDEL@RGLBNIZ?v@UbAQJS?INk@Da@LQF?NHh@Ah@FZ?DAf@PZBv@EHMTs@JOHGFBRE@GCa@Bc@E_@EEGCMTC`ABJD@@Gc@~@GVKRILcAJIRD^@dBDd@TdAXfABLERy@RsCQ_BUIBsDa@IEqCY_@Ic@SKOCUDy@DwBu@cBYa@Ug@]]Ug@_@_@EMm@o@_@Y?IEKAUD{@DE@i@WWQGQXEh@@|BF\\@j@DRHp@j@n@HN@LJTPlAAx@]zBSnCA~ALRVJtBTv@XLANHHLB\\PFr@FRAjBLx@J\\Hb@BTGfBNr@`@VDx@QP?PDTL`@Al@YXg@HKZg@JKPE|@EFK@GAMCE_Ay@Y_@YQOAUJ]F{BKGE{AIu@OmEa@iAOUGY?k@Q[SKOCIBY@}@DaA?c@CGIQCOOQCKQSq@mA_ByBEOm@a@QSESAUNwA?QCI[SG?IFINC`@?bCFn@AZ?`@HZv@~@Xx@L`A?ZMfAC^WfBKbB@XCd@J`@NHnARFFLAjBZHHNl@DBxBHXF|@BVJbAH`@C~@LVC\\Jb@XNBjAQ|@Xp@UNMv@uAJK`@If@?TM@QCGY]MG[[IMPyAFYHKNC`@PRNPBh@SVCLMEWKKKCk@EoALk@XCFSlAMT]EYLUD}CQkBW{Fk@kBWq@WMKEQL{CAe@w@_BaA_Be@i@GQa@i@w@q@KOEM?]@YHi@?a@CK[UUNERCX@\\Ct@J|A@lARRLT`@j@Tn@JdA?XIfAMdAG\\APMbAGdBFf@DFf@Nn@FfCf@JLJf@FB|@@d@Jx@@^Hf@?f@Ln@@PArBP\\XJDb@?f@Kj@HVJL?XQXG~@{ATWZ@j@IHI@MAIa@a@_@g@y@m@QAQHYCs@FaCO{B]k@AaBQy@MiAIaASc@[GGAIDc@A_@BMByAEUu@eB_@o@MMOYaAyASOEKy@o@GWDWB]GUDUBUIQGCQIO@GTElABxADhA?`@BRRRPb@RPh@|AJHVHd@ZXJ@FBXZ`@FRERMLg@\\QHUVWJw@f@GLGz@?nADFd@TjDd@NFXDf@Sd@?lBNPQ', 'resource_state': 2}",FALSE,FALSE,FALSE,FALSE,everyone,FALSE,"[41.121507, -85.116708]","[41.121102, -85.116829]",,3.091,4.7,FALSE,FALSE,FALSE,242.7,232.5,17356214965,17356214965,6D2DB6E4-E4E4-40BE-BB14-BA20665087C3-activity.fit,FALSE,0,0,FALSE,,,
2,"{'id': 60229721, 'resource_state': 1}",LR- POLL,12959.7,3842,4094,54,Run,Run,,Strava App,16262438955,2025-10-26T12:21:18Z,2025-10-26T08:21:18Z,(GMT-05:00) America/Indiana/Indianapolis,-14400,,,,3,5,3,3,0,"{'id': 'a16262438955', 'summary_polyline': '}~}yF|wmfObAd@tF~BRLLNPbAC`@B\\VzA?XSfACv@DlCF^Ad@Nd@NVPf@LNBNV`@J\\DBBJXl@J^ARF\\h@r@l@V|@@l@FZFVND?Rf@Hx@JRFD^IJHd@@l@IT?j@Id@U|@Cb@DZLRR|@^FHRH`Bl@j@NPNj@Lj@OlATlBNhAI\\@v@RTOBM?DBCGFDG?BnAOHDr@Ib@DdACTEJFfAKNDl@?r@A`@GVBxACPGl@Db@E\\BhAEVDh@Cj@B~BEjAIj@Bt@GRBb@?|MYdA@rDK`A@f@GFBjBG~@BJEX@r@AJGNFd@EX@HCp@?DC~DCj@IfBA`BIT@~AGd@@~@Gl@@r@GNB~DMTBXGJBpBGRBPGPDjAI\\@RHh@KjAAREtCAhAILBx@CxA@\\MVLXGv@?bACDCpB?r@AVEp@?DBZEJBXEXBpBIbBBVEJBNC|@?d@OvAKPBbBIjB@v@GfAB~CMn@@dFMhAFp@AjCO^BTE`C?XOX@NElA@z@EXBfEKr@?JCnGAREVBzAE\\Bj@EjA@PE|CCnAGV@d@CLB|@CXBTGf@AJDvA@FEx@?xAIVIFDz@Jn@Ex@HCCY@WIe@FgAEKL_@Do@Q{BHc@?YGWDUC]DiB@a@FICYDi@Eu@?kAJqCDeA@{@CgC@aEDgAFc@CyEJcC@k@F[LCEWEeAB}BPyA@WDm@?_AEuDJ{@CuADaABCDYEgAD}@AiBDWA}@Di@A}@Dg@Ra@DiBBSGy@?aBJYCUDoB?kBD}AFi@AKDqB?WEQHuCDqAAa@Dg@Ak@H_@ECBmA?k@Fc@CcCJ}@AaENiD@]DoMTc@FSCmAFcB@iDJyA?iAFw@ASDWCoDJkEFWC[DWCoAHm@CuCHa@?KE[H_@CwEJgAAYDmC@[EEDWAUF{@ESDc@AgBHc@C]FcBAeBDYCi@Fk@AaB@{@RYN_ASo@?k@H{AMQBqAUs@Fy@_@eAYiAa@]Wo@SYYYKU@SGw@FMBQNgBPY?QL[EEDa@]IMIaAKWMKaBYs@?a@I]UUY?GKOQGMQUHUGMWQi@]WQAMOAQIQm@e@g@u@_@UYIu@q@a@OSWK_@GIQDIHI?o@w@CI?KDOVWPe@F]R]n@a@JMAOVaAAGLSDw@DK@_@DE@yBAQKII?yAu@G@OOQG', 'resource_state': 2}",FALSE,FALSE,FALSE,FALSE,everyone,FALSE,"[41.119466, -85.108199]","[41.119322, -85.108335]",,3.373,5.2,FALSE,FALSE,FALSE,244.1,227.4,17346940610,17346940610,7354DC61-FB6E-42FA-A067-5655620EB478-activity.fit,FALSE,2,0,FALSE,,,
2,"{'id': 60229721, 'resource_state': 1}",WU,3218.7,984,984,0,Run,Run,,16247139116,2025-10-25T03:02:24Z,2025-10-25T03:02:24Z,(GMT+00:00) GMT,0,,,,0,0,0,1,0,"{'id': 'a16247139116', 'summary_polyline': '', 'resource_state': 2}",FALSE,FALSE,TRUE,FALSE,everyone,FALSE,g25537727,[],3.271,,0,FALSE,FALSE,FALSE,,,FALSE,0,0,FALSE,,,,,,,
2,"{'id': 60229721, 'resource_state': 1}",CD,3218.7,960,960,0,Run,Run,,16247156458,2025-10-25T02:56:48Z,2025-10-25T02:56:48Z,(GMT+00:00) GMT,0,,,,0,0,0,1,0,"{'id': 'a16247156458', 'summary_polyline': '', 'resource_state': 2}",FALSE,FALSE,TRUE,FALSE,everyone,FALSE,g25537727,[],3.353,,0,FALSE,FALSE,FALSE,,,FALSE,0,0,FALSE,,,,,,,
2,"{'id': 60229721, 'resource_state': 1}",Workout 4 x 2k,8000,1800,1800,0,Run,Run,3,16247153820,2025-10-25T02:41:39Z,2025-10-25T02:41:39Z,(GMT+00:00) GMT,0,,,,0,4,0,1,0,"{'id': 'a16247153820', 'summary_polyline': '', 'resource_state': 2}",FALSE,FALSE,TRUE,FALSE,everyone,FALSE,g19351325,[],4.444,,0,FALSE,FALSE,FALSE,,,FALSE,0,0,FALSE,,,,,,,
2,"{'id': 60229721, 'resource_state': 1}",Bang Bang Bridge Loop 🏹,16956,4886,5615,46.4,Run,Run,,Strava App,16222298757,2025-10-22T12:20:14Z,2025-10-22T08:20:14Z,(GMT-05:00) America/Indiana/Indianapolis,-14400,,,,1,8,0,7,0,"{'id': 'a16222298757', 'summary_polyline': 'c_~yFzwmfOrIxDRXHhBXtBSzA?|DE\\Dh@^n@fAlA@`@x@`C?n@RP\\l@h@PbA@xAV\\h@H|@RZ`AFnCc@RS~AB`ClApC|@l@\\^Fd@ObD`@nBEt@R^MNFm@tH}@hJG~AIhAXbBRbBnB~JD`Bl@zIHPxAz@PXcBbE]jABXdCxBxKdIxFtEv@\\pB?DPH|CA`BJRVTlEjBhAx@pDpEbChEd@l@tB~@d@AtIjAbBQz@i@f@g@hAwBz@q@dA]d@s@\\wAd@gAj@e@vAk@|A}D`AeBHHDI`AkGlAuBx@u@rBq@rHmAvFaB|Aa@vBa@dCUdDn@~@\\jG~DnDfAzAx@jFlFzChICxAw@pBIv@JjA@n@HLCNLPzCm@N?DJPv@n@tIJl@Z~D~A[d@?zCw@|B[V~AZrED@^OjBSt@Cj@_@`Dk@NdAZhF@n@j@xDJxBl@hFTdEXhDgD`A]eEIWQGqCl@qEr@UISU[uFa@_EG]UYWqACy@IKoDj@Id@SRNlA?dAg@NQA_@Wg@sCmAHkCx@aAJs@n@SdAUj@c@TGf@h@dBQNmAdBCGFc@a@c@A[_@YU@I[]OFc@IW_EFx@kAVUlCoADUU_@SC?UMIE[u@]Qc@uAJaA[SBEPUGU[k@@c@K]UI_@m@Kk@]m@cA_@y@Ce@`@wBJ{@M{@@cATs@d@o@l@S|AJl@\\d@mDHBDECQgDoAy@KcBuAeAi@o@E_Af@yA_@_DLQSJMeAmAE[eArB_@BQLq@JwCc@UTUdAc@h@GnAY`BgBlAoErEmARw@^q@C]Q]BiAxAc@pA_A^y@I]FsAe@e@[e@EN[Fu@EQo@O{E_CGMDo@IWo@CSQkAf@yAVMg@KIUNkDF{FKmI^_@IBYIuI@wHq@{AuBkAk@m@k@YcA_@m@g@wHeDyA]cGcCyCeCo@[mA{AWo@QaA]aATaAGe@^w@t@wBVyABmAP}@@{AE_@Jq@?RQLu@e@e@u@n@kCJAPc@B{@ImB]_BiCwFyCyI_AwAcFmHeCmAuCaDmAo@_@g@]Qd@uBb@}B\\eAZU~ABPH?ROL{AFyA^k@m@MeAWc@_B[eACm@W_@s@c@Wg@De@aAo@a@[u@o@c@Wi@cAg@_BiAYw@D_C', 'resource_state': 2}",FALSE,FALSE,FALSE,FALSE,everyone,FALSE,"[41.119475, -85.108253]","[41.117799, -85.109171]",,3.47,5.14,FALSE,FALSE,FALSE,239.1,226.4,17306436940,17306436940,D4CB4A11-A6EF-4213-816A-5BA77166012C-activity.fit,FALSE,1,0,FALSE,,,
2,"{'id': 60229721, 'resource_state': 1}",Bradley Pink Classic,8000,1665,1665,0,Run,Run,,16173823858,2025-10-17T20:41:25Z,2025-10-17T20:41:25Z,(GMT+00:00) GMT,0,,,,0,11,0,1,0,"{'id': 'a16173823858', 'summary_polyline': '', 'resource_state': 2}",FALSE,FALSE,TRUE,FALSE,everyone,FALSE,g26104661,[],4.805,,0,FALSE,FALSE,FALSE,,,FALSE,0,4,FALSE,,,,,,,
2,"{'id': 60229721, 'resource_state': 1}",CD Pt. 2,672.7,225,946,15.7,Run,Run,,Strava App,16173407084,2025-10-17T20:04:55Z,2025-10-17T15:04:55Z,(GMT-06:00) America/Chicago,-18000,,,,0,1,0,3,0,"{'id': 'a16173407084', 'summary_polyline': 'ktowFr{_bPGYMe@AWDe@AIUSAOS_ATi@Ts@LQb@I@EL?b@Rn@d@VLXHNLb@WL@HAd@HRND?DDNNL?DCL?^SB@', 'resource_state': 2}",FALSE,FALSE,FALSE,FALSE,everyone,FALSE,"[40.717588, -89.62683]","[40.717682, -89.626976]",,2.99,7.54,FALSE,FALSE,FALSE,187.8,174.3,17257092958,17257092958,D839CFC5-9D73-471E-8EED-28F076B16A7B-activity.fit,FALSE,0,0,FALSE,,,
2,"{'id': 60229721, 'resource_state': 1}",CD,2469.6,745,3961,20.8,Run,Run,,Strava App,16173067686,2025-10-17T18:09:39Z,2025-10-17T13:09:39Z,(GMT-06:00) America/Chicago,-18000,,,,0,3,0,3,0,"{'id': 'a16173067686', 'summary_polyline': 'itowF~z_bPAS@MAc@CK@IGK_@_@EQGs@@]H[FKNc@JMD@LRl@Sd@NXPV^D?TJhAr@HhA?TEn@D^?fAHV?XJ\\?`@HR?HLh@@^LXH`@LL\\j@d@x@\\z@X~@JbAA~@Bt@DPBZJTVpANh@P\\Vr@Hz@Bt@AZ@FMWAoAa@sBCOOQ[g@Uq@Ym@CWq@gACMM[Ki@GG?g@Gk@I[BTVp@?HJ\\NVTL@FFhAFRDFBH?PCRIOI_@Cc@My@?KISAa@Ke@Ee@CI?QIQAOHZJR`AfDJ~@DTEJACGm@Oe@CYIII[?KEG@a@IUQ{@AUNr@@PFVm@OG@M?EHULE?_@Jo@?KGQBMEUBOASHIEQ@GSBQJSNS?IQOMAKGGOKKG@EFEL@PBF?`@F^Cf@{@iEl@b@l@PE?AB^RJL@d@DHEDAN', 'resource_state': 2}",FALSE,FALSE,FALSE,FALSE,everyone,FALSE,"[40.717917, -89.626745]","[40.717145, -89.629437]",,3.315,8.48,FALSE,FALSE,FALSE,189.9,175.1,17256752357,17256752357,CEF38B31-7D90-4CD8-B2C3-D772B1DF9FFE-activity.fit,FALSE,0,0,FALSE,,,
2,"{'id': 60229721, 'resource_state': 1}",WU,2885,858,1271,17.5,Run,Run,,Strava App,16171701728,2025-10-17T16:18:26Z,2025-10-17T11:18:26Z,(GMT-06:00) America/Chicago,-18000,,,,0,5,0,3,0,"{'id': 'a16171701728', 'summary_polyline': 'ekowFfe`bP@Ix@eAJYDCN[DA^c@RMBELMDCPSNIJ@^KPIRMPGJ?PG^CREL@t@MVAJCXWF?HIXGFGr@MJIXIJEF?BEJCJGXGPIfAUX?v@i@DMTUMHAJHRRPDV?d@BHBRAPDL@x@DVRh@FTBZ?X?NEJ@PEXA\\?zCEdABv@C^Bn@CN@HAJ?`@IjABNE`@@FCHAx@IZAnB@n@?b@Cl@GZA`@M\\GD[@CDU?U@YHW@MDO?KDK?WFEAMDKAO@}@NYBQA]MECEAKEE@IEYEUK_@EWKE?QGQ?UKM?UIE@KEM?IBEC[BYAi@Fm@B]FKFGASLa@FKDc@EMEGCOYCOQWGWMYMk@Oa@Ig@Sw@', 'resource_state': 2}",FALSE,FALSE,FALSE,FALSE,everyone,FALSE,"[40.717552, -89.627702]","[40.717742, -89.626981]",,3.362,4.64,FALSE,FALSE,FALSE,192.4,183.5,17255378284,17255378284,CAFA59B1-37C1-445C-92F3-55E8D46BB7B1-activity.fit,FALSE,0,0,FALSE,,,
2,"{'id': 60229721, 'resource_state': 1}",Pre Meet Strides,643.7,120,120,0,Run,Run,,16174074653,2025-10-16T22:22:00Z,2025-10-16T22:22:00Z,(GMT+00:00) GMT,0,,,,0,0,0,1,0,"{'id': 'a16174074653', 'summary_polyline': '', 'resource_state': 2}",FALSE,FALSE,TRUE,FALSE,everyone,FALSE,g26104661,[],5.364,,0,FALSE,FALSE,FALSE,,,FALSE,0,0,FALSE,,,,,,,
2,"{'id': 60229721, 'resource_state': 1}",Pre Meet,8103.3,2179,2182,61.4,Run,Run,,Strava App,16164210235,2025-10-16T21:06:36Z,2025-10-16T16:06:36Z,(GMT-06:00) America/Chicago,-18000,,,,6,6,0,27,0,"{'id': 'a16164210235', 'summary_polyline': 'qoowFn~`bP`@fAl@fAJFX?PDPKJCTIF?^Kf@EVIhAGh@@\\Dj@LD?|@RHDXBr@PBD\\Dh@RJ?`BM`AOj@ClASn@CPIJSJcA@uCCiAEk@@OC[Ii@CGAOKUU]EAE?INa@Zc@Ne@VMNMF]^u@^YLWFKFK?KDSBQHK?MFmAXWJKHa@Jc@TMBCFEDOB]RG?_CnA[FK?MGQAKIs@Og@WQCc@SOOEI]cA_@uACSIUAm@Fe@AOF[V_AR[DMt@o@FKPK\\e@PQb@YLWJEDGPKHONGb@c@r@i@Z_@JEHKPKRYNKFAL[RYJ_@P_@FYJIDQJGRID?TMRCFB^AVEHPC\\GTi@n@a@j@MJCFKPGB[d@MFMNc@XI@SXMFONGLOLSXYVILQNu@v@MHQTmAbAGLGDORKFY^MDY\\MDIFYb@AHGHQ`@EVBNTRXHF?JIFSRUXc@VQr@y@JEZ_@BIZQlC_Dd@_@NUTOZGb@]RGPFNNBP?RIRYd@}@bAOXYZQZOPGPc@l@GLUTKDINKJE@YZWLYT_@FY@[DKA{@HGCg@BSGGCEMQYEW@[BM@[Hs@J_@j@eALMVQRUVQ^g@\\SNUl@m@b@]t@u@LG`@_@HENQNEJQXWb@m@DYJSRq@LU`@Yf@Ob@?^GVLA^GRQ`@m@p@s@dAg@l@]RODONYXGLIDQVKFe@j@KF_@`@CDUPCF[XAFe@`@CDUPSTKFGLGBOLEHIF]^]XIBMPMBi@dAEN@TBF^RT@JYRUT]bA}@RYDCNYVOLSJGPWVO`@a@RWJEh@y@LEPUTOHAPQLAJGRURALFRX@ZGPEBOZMNIFMRcAhAELQNELKHYh@EBU`@KHCFw@z@E?g@b@QHSDU?MDg@BKB{@@GBMAC@_@QKMKMAQISRmBL_@?Gp@gAJENUp@k@V[FM`@YBG^]RSl@i@VOZYFKTORUBA`@a@PMDIDAJKXc@Ry@Vm@V]n@Uh@C^EPBJH@LAHEHCNWb@OP_@j@]^ENGBY`@WNGLUJa@V[\\GLGBGLURCHQNMPGBc@f@KFINa@Za@d@WTADSLKLE@INc@Xa@h@ONMDKNMDGHUd@O^CV@HXRRDJEn@kAfA{@Zc@TQBI`@_@HIFCZc@b@c@BGJER[FCJSTQPULKRGTOVKJKVMTDRTDNAXIPEDOXIHS^UZOFMZSNINc@f@o@jASRKDQXKH', 'resource_state': 2}",FALSE,FALSE,FALSE,FALSE,everyone,FALSE,"[40.717279, -89.62767]","[40.717321, -89.62771]",,3.719,6.24,FALSE,FALSE,FALSE,192.9,183.7,17247810334,17247810334,EBB32285-D9A8-4749-A27C-570DFE30375B-activity.fit,FALSE,2,0,FALSE,,,
2,"{'id': 60229721, 'resource_state': 1}","Workout 2xmile, 8x200m",6437.4,1440,1440,0,Run,Run,3,16137787371,2025-10-14T13:16:47Z,2025-10-14T13:16:47Z,(GMT+00:00) GMT,0,,,,0,4,0,1,0,"{'id': 'a16137787371', 'summary_polyline': '', 'resource_state': 2}",FALSE,FALSE,TRUE,FALSE,everyone,FALSE,g19351325,[],4.47,,0,FALSE,FALSE,FALSE,,,FALSE,0,0,FALSE,,,,,,,
2,"{'id': 60229721, 'resource_state': 1}",CD,3226.4,1061,1109,0,Run,Run,,Strava App,16137762281,2025-10-14T13:19:06Z,2025-10-14T09:19:06Z,(GMT-05:00) America/Indiana/Indianapolis,-14400,,,,0,4,0,12,0,"{'id': 'a16137762281', 'summary_polyline': '}kazFpdmfOCS@UEe@CKCEaA]u@e@GCC?SOWMACk@[KCIOI?c@[G?YOc@YWU]Ka@]UIa@[YIEGKCm@_@C?YMOQKAIK]Kc@WOCQOe@OYKIIUGUMMCOIi@Km@UUC[QiBg@qAWUMi@I[KG@YIE@c@Om@KG?g@GY?ECu@CSEK@wAEK@e@GaB@ME}BBc@C_@?WEO?MEG@WGKBcAMOIk@OGGgA_@YGE?@ABB^FDD\\HZPJ@XN`@NP?LDH?RDF?\\DN?PDz@DRATBn@AT@B@XCr@BHCHBN?ZBbA?HBj@A~@HHC\\@|AJn@NPFD?THL?RFL?^LTBHDp@Nh@PNBJBH@DDJ?DBTBVJDDJZl@x@dBr@p@Rb@XD?RNTJp@b@ZLdAl@x@\\LPNBnAr@BDD?\\XZd@HPJXBB', 'resource_state': 2}",FALSE,FALSE,FALSE,FALSE,everyone,FALSE,"[41.137112, -85.106265]","[41.137175, -85.106521]",,3.041,5.44,FALSE,FALSE,FALSE,233.5,231.2,17221157002,17221157002,0B6B9E7C-7E74-44EA-AD39-78BCF604E614-activity.fit,FALSE,0,0,FALSE,,,
2,"{'id': 60229721, 'resource_state': 1}",WU for MD,3290.3,871,1336,17.9,Run,Run,,Strava App,16137210077,2025-10-14T12:14:56Z,2025-10-14T08:14:56Z,(GMT-05:00) America/Indiana/Indianapolis,-14400,,,,0,3,0,13,0,"{'id': 'a16137210077', 'summary_polyline': 'g`bzFbxmfOq@Ra@BKFKREXELEf@@HEl@@PGn@@n@C^H\\?HLf@T\\NLLDX@JFN?TFF?TJTFfAr@VT~@rBd@~AF^HxBG~@a@fBKHAF_@d@UNs@v@[TUXCFKHGJCNIFINEL@FGLMz@@`@ANDj@BDD^JXFf@@j@WpA?PBFRBPPVHBFXJ`@XNBPFNNh@NDFZRPDXPJ@n@\\L@JJZJBDh@T^VRFHHZFNNJFa@O[UUIWOWKEGgAe@_@KCGg@SEG[OQMo@WGAYQGAGGUGYSe@SOQG?WUKECGBINO@SCOB]GcAU}@Gk@@cABa@T_APUL[p@u@xAqAh@{@Pg@Hc@FOD_@BeAKoAYwAUo@MUOc@a@o@Y]e@]]OSGQI_@EQIOAQKWG[]KWK{@Aq@Bu@HoAL_ADGFa@JOJC^STEJ@^G', 'resource_state': 2}",FALSE,FALSE,FALSE,FALSE,everyone,FALSE,"[41.137537, -85.106422]","[41.137471, -85.106415]",,3.778,7.44,FALSE,FALSE,FALSE,244,233.5,17220599235,17220599235,1EF808FF-F4F6-4F8E-955A-AFD9C322E580-activity.fit,FALSE,0,0,FALSE,,,
2,"{'id': 60229721, 'resource_state': 1}",12 x Stride 😁,1000,180,180,0,Run,Run,,16126925674,2025-10-13T13:34:21Z,2025-10-13T13:34:21Z,(GMT+00:00) GMT,0,,,,0,5,0,1,0,"{'id': 'a16126925674', 'summary_polyline': '', 'resource_state': 2}",FALSE,FALSE,TRUE,FALSE,everyone,FALSE,g21189657,[],5.556,,0,FALSE,FALSE,FALSE,,,FALSE,0,0,FALSE,,,,,,,
2,"{'id': 60229721, 'resource_state': 1}",GTA Recovery,8053,2331,2495,19.7,Run,Run,,Strava App,16126710262,2025-10-13T12:25:34Z,2025-10-13T08:25:34Z,(GMT-05:00) America/Indiana/Indianapolis,-14400,,,,0,9,0,3,0,"{'id': 'a16126710262', 'summary_polyline': 'o}}yFvxmfOPFTPNBj@VRDVPRFHHr@TnAl@VFp@^z@\\RPf@LJFTn@FLTP\\NFAd@ZVFh@XVHPFBFVDTPF?hAh@TV?HELD|BClA[tAW\\KFIPE@YKMAa@J_@^Wp@WrA_@|@M\\?HNDTGNH`ALLPFTFh@Jd@JF^JNLNEPQP?nBUHEBMAKQM_@@QDk@AQBQVEFKj@EJ[zAYlAE\\Ov@EV@LNLLB?OXIb@JZNPLf@f@\\h@`@`@BHZZjAp@n@TBATJf@f@j@`ARTb@r@TPNVJHXj@d@n@D@NZHHZn@JZLTNj@JPBNXp@XbA\\p@HZPXZ`ARVHRFHDPNV^fAJd@Hh@?NBd@Bx@B^QlCK`@MJKGiCBQB_@C[BCNDZ?z@R`@BVJZBVTfAH|@JLLAFHD~@CPD^?PDV@nALjAAb@D^A\\BNPl@FHFRF`@Zx@NTv@~@NL^LdA`AZRt@v@l@Xl@JPJL@p@TTPlAh@n@LDAh@VVFBDjBz@J?hB|@b@F^^~BhAXRHN`@VZRTFfBfArAbA^b@_@e@UI_@_@UKm@c@cAg@y@g@MKCGOIEI_@Ww@YQOG?[Qq@i@UAcAg@UEKKg@QUOWGGGWICE]MSM{A[mB}@E?g@UQAOIi@Kk@_@]]GCQUUMk@k@_Ag@]c@SQEOECO[EAY_AAWSa@Mc@AcBEm@AEA_@CECg@?YKkAKSIa@MYGs@CSEE?QEGWwAMYAGSo@Yk@Eu@BGDAd@@\\GXDJCZ@TAZDVEf@@HAROBM?QD]AOFqAAW@i@C{@Sm@E_@CMm@oAMa@Q_@ECAGGOKY_AuBWu@CQCCQe@Oo@CAKYECCOMYI[Yg@SUMUg@m@EMIE]i@EQE?KQAGk@s@MY[]GOCAm@o@UGUOUGIIWK{@k@OWGAMOQ]aAgAk@[MCUBCECa@IQWECE@KDEF?EE?GNe@Nw@AGDE@MDEJm@?GJYAGJWF]f@c@JBXGX?v@TDH?LIR}AAuAJm@XGGGSAi@M{@Q_@OG{@KoAEi@MWU_@g@YWMCUDMEIUKMMYc@[KCK[MQMQOGMO[g@ICSSm@]UWYSe@SKOOm@KCSVGAo@u@EID[RQf@{ANS\\OBGJGH]Pk@AGL]?GBKJm@@WDMAUBOAGCq@Dk@GOI?OMg@Su@a@UE[O', 'resource_state': 2}",FALSE,FALSE,FALSE,FALSE,everyone,FALSE,"[41.119215, -85.108245]","[41.119408, -85.107987]",,3.455,7.24,FALSE,FALSE,FALSE,239.1,229.9,17210005990,17210005990,68B07848-13EF-4872-B597-956D4BA7FE63-activity.fit,FALSE,0,1,FALSE,,,
2,"{'id': 60229721, 'resource_state': 1}",Disco Produce Loop,15292.6,4255,5368,31.5,Run,Run,2,Strava App,16117656720,2025-10-12T12:16:56Z,2025-10-12T08:16:56Z,(GMT-05:00) America/Indiana/Indianapolis,-14400,,,,1,11,3,11,0,"{'id': 'a16117656720', 'summary_polyline': 's`xyFxo`fOZzANZd@MDHXDjAc@D@HZTXb@HDGBUPIXYLEt@T@FKXL`@XG@]T_@fA_BXm@rAuBx@cAz@_B`AyA`As@dAg@b@c@xAaAx@]l@_@b@a@`AiAd@cANq@Vc@J]t@wAx@{D`@eBNeAPyA?q@LaA\\wEDeBJuAAKHwBb@uDAwALiB?s@My@Sw@g@s@MI}@Oe@@sBo@S?oBe@UO{Ce@kB{@}Bs@e@CMKqAa@c@e@@s@JYB]K_@Ey@Co@CyBF_BCc@DcCHiBEc@Su@?a@K_@mCTm@RwANOOG?s@PcBN_NTqCRoAAe@N[EaEJyDj@}BP_BBi@GeDJuDGm@HeA?YNy@EgILoCJaAHSFAFEI_@GqCNy@A_@EYFJAYCu@BwAJmBCkALsFN{@PmC@SEuFPi@j@Ah@M|@@f@KXATFrCCf@JjID|@?lEDfBZvAC|@F~@Al@FPAxADVFvDD\\?TCAGV?|@BXFNNBxBEjG]bEGf@IlFC`CKlF?HF@NCXF~@Zl@n@Rx@YfBXH?BIHHTBPCBKCa@Do@IS?o@XQPAb@L|@BFDAd@DXLpBE|AH`@AzABTDvBEjA@|@Dl@Gj@Fh@Cj@BzAIp@MR[CWHMEqABOF_@GiBPeFHMBITC|@YnEEpBKhA@`ACFOxCD`BAbAFXAl@DhCCx@Hh@G^?v@M`@Ev@?t@DRAv@F^Eb@FzA@~CJ|@DJ|@pAz@~@Rb@Nl@FpBEZHj@CfAF`ECx@MPo@EoBNYEgEJeBNmBGkFXyBAiC\\MHY^RrAx@hCxAxC\\~@n@dA^z@VX`BhDTNRl@\\f@`B|CfA~B~@`B|AxCx@rAN`@nAxBb@hANPt@`BZ^VDJGzCC`BIVIjAFbBGVIVBVGhB@d@KzCExAKjBBtBOr@B~DIrAMPD~ACdBEhAIlIQ|A@xBOdB?f@EXQP?`BDnLQXG|R]n@CHEDOLBZIBGIKWJ]EEKDK^SLQ?IWUGSSQUq@OQu@aBW]iAcCs@qAEO[a@K_@eBoDq@aBOSMc@WWw@EUKU[Oc@OQmAoCgB_DiAcCm@aAQi@}AoCWq@Gm@b@mF@k@CYOy@y@eBIi@E_AB}AA{AXoCn@eDRwBj@oDNw@d@iANs@Ce@GMFWy@Qa@JSXMb@M?c@e@Se@Qw@KK', 'resource_state': 2}",FALSE,FALSE,FALSE,FALSE,everyone,FALSE,"[41.088683, -85.0389]","[41.088485, -85.039109]",,3.594,6.82,FALSE,FALSE,FALSE,243.9,224.3,17200808793,17200808793,1C4EED11-AC43-4778-8071-AA71564F4276-activity.fit,FALSE,0,3,FALSE,,,
2,"{'id': 60229721, 'resource_state': 1}",Paused WU Mileage,804.7,240,240,0,Run,Run,,16095128371,2025-10-10T12:32:06Z,2025-10-10T12:32:06Z,(GMT+00:00) GMT,0,,,,0,1,0,1,0,"{'id': 'a16095128371', 'summary_polyline': '', 'resource_state': 2}",FALSE,FALSE,TRUE,FALSE,everyone,FALSE,g25537727,[],3.353,,0,FALSE,FALSE,FALSE,,,FALSE,0,0,FALSE,,,,,,,
2,"{'id': 60229721, 'resource_state': 1}",DFL Week 1,3317,1467,1898,11,Run,Run,,Garmin Forerunner 265,16096691716,2025-10-10T14:16:22Z,2025-10-10T10:16:22Z,(GMT-05:00) America/Indiana/Indianapolis,-14400,,,,0,5,1,3,0,"{'id': 'a16096691716', 'summary_polyline': 'urazFrfmfOCACDGZHIACCAGAi@JQ?QEOBKGE@GKGEQ?RJ?B@AA@I?KI@@JA@DVARBDAD@BB?BC@_@CMMDENNNA@OFUJIB?PTPFL?NTB@DCPNUa@MDADAPFr@FGH[@W@AW@EBIPOFKI[@MIMMC?IKMII@KPEEFAF@JCB@CXFb@Ak@BAI?IQ@@?A@ABBHJB?NGZWK@WNI?EFG?RHNBB?OGW@n@@?IEARBDJ?BWXCA@e@?AFAADC?QOMNH@IAEEDDBA@DEPKAGIAU@GRO@GAN@PXUDDE@BI?BTDFNKXGIMc@IIDAD@AZBJDFJD@ATT@LGFOYASMUD@QDAEBARPE?CE?GBGC??EJB?HN]CIM?UHGCBFBXEXI@[k@MQCLFFf@FDE@HBAA@B@C@_@IEG?A?BF@?ODG`@HHFABE@EI@ID?RNDC?CA@?MHOJJRBBDR?CPEE@ENGDD@KDEIVKBHC@CB@BTALC?ACFG?CE@OMG?IDFLHDD?JO@@DPAJ@YCYCGICUPSZFM?GIFMh@KCV]BA@@FEBDKC@@AEB?ABAAFC?A?T@DDBA@G?EI?D@KDA@CFBH?TFBA@YCLQ?CBF?DCIOEQXRCHB??EBEBPGLII@DKBm@EC@@JDI@SDG@OBDIF]BSCEAAGECWEQJOb@A@TKRB@IHEJ?C?^SJI@IBFKLCBKCK@ZADCHMB?d@RTB?BGDWAAGFGPJDMFI@HMDBHCDG@LCBIIJW@[CCIG@ECGGCM@CXH?ROFCGGIGCK@BDd@FFB?BA@DQCFIBe@??^ADMBMGIc@GEBCNBHCRLAD@JELQDIA[SE?ON?ADEJDPC^KJO?BBAAGABI@@CNBJE@KJ@HPCN?E?DIHEAGGSa@H@HDq@IUKBDBCN?^HTLEGKAEBSPEJDDMAc@s@G@AFNF|@HNC@ECGGGCIRSDLAPKHCCGANC`@?TD?CKACCj@PEG?CDCBBBXBECMG?ELC@?EBENC@GGNBBADFC?Z@@@A?EGKMBCAH_@BBBA@FEN?JHr@EI@[Eg@BABKKZALLEDKMV', 'resource_state': 2}",FALSE,FALSE,FALSE,FALSE,everyone,FALSE,"[41.137237, -85.105859]","[41.137235, -85.105995]",,2.261,6.44,23,FALSE,FALSE,FALSE,238,231.6,17179578239,17179578239,stripped_accepted_tag_from_17179473342.fit,TRUE,0,1,FALSE,,
2,"{'id': 60229721, 'resource_state': 1}",CD,2910.3,1001,1279,0,Run,Run,,Strava App,16095903784,2025-10-10T13:45:21Z,2025-10-10T09:45:21Z,(GMT-05:00) America/Indiana/Indianapolis,-14400,,,,0,3,0,8,0,"{'id': 'a16095903784', 'summary_polyline': 'amazFrdmfOPI@GLQGu@EIg@OE?MMo@YOOk@WIKKEUQSIIIs@_@OOKAgAu@OEi@_@a@SIIMCc@WyAy@q@YMKOAKMe@UGGKAa@QWGo@]G?YQa@GWISAk@U_Bc@E@kA_@ODKIM?cAYOAq@SQAWIG?MEM?_@Ai@I]CmACs@EI@YCaAAWBo@GKB_AAOAG@EAe@?w@GQ@]GGEc@?k@Kc@OMAQKWGGI}Aa@b@FZN\\Jd@Tz@Tj@Hx@DBBb@BJBJAV@TDPAnABHCPBPCb@BVADBh@CB@X?VFd@ARDF?DED?PBJA^BRAt@NXAVHN@NBr@XP@f@NL?LB~@Xn@JRHD?^NVB^LDDVh@`@h@\\Rb@NHLRx@BBBTNh@@TNh@ZjBb@|@Z`ANV@HLVRP', 'resource_state': 2}",FALSE,FALSE,FALSE,FALSE,everyone,FALSE,"[41.137291, -85.106316]","[41.137878, -85.106336]",,2.907,4.4,FALSE,FALSE,FALSE,233.8,231.7,17178783870,17178783870,88149E6E-295D-4FE6-AF81-09366B051857-activity.fit,FALSE,0,0,FALSE,,,
2,"{'id': 60229721, 'resource_state': 1}","Workout 400m, 2k, 1k, 2k, 1k, 2k, 1k",10445.2,2433,2829,0,Run,Run,3,Garmin Forerunner 255S Music,16096632063,2025-10-10T12:44:41Z,2025-10-10T08:44:41Z,(GMT-05:00) America/Indiana/Indianapolis,-14400,,,,0,8,3,11,0,"{'id': 'a16096632063', 'summary_polyline': 'msazFpimfOXMTAJENMHYB]CSMYWOY?wDLKBKFQZCT?NDXHNVPV@jDMoDLSAUOMUCW@[N_@LKLCbEON@HDLLFLDT@TEVIPOLSDeELQEQSK]?WDWJQNMHClEOLDNJHPDV?\\GTMNMHaCJuABOEOOGQCY@WFULORI~DOP@NFLLHTBVATIVMNUFaENKAOEOSK[?UBUJSLMJEpEMPFLLHTBXCVGPMNOH{DLY?ICSQIYAUB[NYRMf@CB@l@`ABdArBILCPMHSDU?QI_@IMWMOAeENQJKLENCV@ZHRJNPFR@xDMNEPMHSDYAYKYIKUIoELODMLIRC^@RHTLNRHrEQNGJMFUBYEYKUMMOE_ENhA~@DdA~AGkDLSAMEMOGMEU?WDSLUPKLCdEKJ@NJJRFXATI\\GJQJsEPOEQOKYAW@UHUFINKNChEKNFLJHVBTCZITKLQFaENOASIOSEUAWHc@LONGrEOPFLNHPBXATITMNOHgENKAOEMMIUC]@OHYNONG~DOVBPJFJFPBVCXKVIHQHqELSGMSI[?UDUDMRSNElACDNJzBrBKNIJMFY@YEWKSOKMEeELOBOJKNERAT@RJXJJRHfEMRELKJSBS?YGYMQMIUCaENQFKLITCR@VFTLPRHP@`EONGLOFSBWGe@KQOKYCiDLdA`ADdAvAGkDLUCOIGII[?e@FWLOPIhEORDHDNTF`@CXKXONMBuDLW@SIMOGQCYDa@LUJIPE~DML@RJHJH\\@XGXGLQLQD_ELKAWMGKGWASB[HSNOPEhEMNDPNHXBVAPKZIJIDUDaELSGMOKWAQ@YFSFKNK^EvDMNDLJLVBXCXGRMPKDiEPSAKGKKGMES?WDUHSFGNID@xA|@DdApBIRKNYDWAQEYKQQKMCiENSHMNGRAR@TFTHLRLh@?nDMLGLQFSBUCWGUMOOGSA_ENODMLGPET?VHZNPHDNB|DMVEFGNUF]C[KYMMYG_ELf@A', 'resource_state': 2}",FALSE,FALSE,FALSE,FALSE,everyone,FALSE,"[41.137358, -85.10633]","[41.137948, -85.105604]",,4.293,11.3,FALSE,FALSE,FALSE,234,233.6,17179518404,17179518404,stripped_accepted_tag_from_17178528637.fit,TRUE,0,2,FALSE,,,
2,"{'id': 60229721, 'resource_state': 1}",WU,2456.4,753,1336,13.4,Run,Run,,Strava App,16095124123,2025-10-10T12:13:08Z,2025-10-10T08:13:08Z,(GMT-05:00) America/Indiana/Indianapolis,-14400,,,,0,3,0,20,0,"{'id': 'a16095124123', 'summary_polyline': 'iabzFtxmfO_@HGAMFEBM\\I~@CJ?TKnA?bBFT@NL^`@b@f@NDAPF`@F|@XdAbANTFB^x@N^`@vABTHRAJDbA?n@OrAQj@MTGVq@z@QJa@b@SHINKHKVUVQ^GREDANIVEbA@j@\\~ADf@Cl@KZGt@DDJFF?LL@Dd@RXTPDlAl@D?NJRHVPD?|@^l@^~CzAWO_Gqe@?GUqAUs@G]y@cBSSOS[Y[UQGi@Oc@G{@YMOYk@I{@?k@AIF]?[Do@TkBHURKZENGH?VC', 'resource_state': 2}",FALSE,FALSE,FALSE,FALSE,everyone,FALSE,"[41.137395, -85.10642]","[41.137593, -85.106363]",,3.262,4.48,FALSE,FALSE,FALSE,244,233.5,17177996284,17177996284,FE44904C-879E-4854-997C-6192245B8699-activity.fit,FALSE,0,0,FALSE,,,
2,"{'id': 60229721, 'resource_state': 1}",MLR,11933.3,3428,3611,40.1,Run,Run,,Strava App,16074569533,2025-10-08T12:20:14Z,2025-10-08T08:20:14Z,(GMT-05:00) America/Indiana/Indianapolis,-14400,,,,0,6,0,4,0,"{'id': 'a16074569533', 'summary_polyline': 'o~}yFdxmfObDvAN@JEXs@Lc@B_@HUXIZJLEH_@\\o@b@iAHsA`@sADo@NIPo@F}@NMj@KXoADiBEuA@aAEmCt@eCASR_APwBTsAAQa@_AKMSCDg@CGC_B_@y@S_AGsBAoDEi@Wq@[_@c@y@M{@BSEoA[oA?OfAmBLa@CcCBaCKaH@UE{A@iAEg@@UJI|HOtBKbA@nAKv@DjBETELKBQAIA{BRCN[b@JjAK`B@|AIxAMl@WZWj@y@FQCSYOYa@Uk@Iq@@IGi@G}B?cADQIo@V}Ad@}@JI?ORmA@mBEiADm@Ei@@a@GoCEy@@a@G{EC[C@AKCaABa@E_@Dy@d@a@J[Jq@EaB@}@CaCEiADyCJMX@\\IbDKnDIr@Uh@q@FAD?TRpA^xBC^ETKBKKOS{@QW[u@Mq@I{AGyEb@MpAMlAClAMb@SHQIuAMa@a@{Bg@uBCw@b@IN]Z_@NYZWD]Ta@^c@r@[Lk@HId@IvBKXQZ]De@CKSIGUQS]cAs@o@@SFORaAFq@PqANc@Pw@@S?YGm@MYOk@Os@Cg@Fe@`@_ABOIkAGwGEq@@c@EsBKcA{AwEQ_BCGw@JKEaDNeA?kGT_@CcAJ{CDQFCJ@|@AVBX?lAB^JjHQLy@L{CHq@VMLELRjB@\\TrAdAnCNp@?^NL\\`AONALJTFBFTE\\FTAh@F^?HGd@BXQb@Mx@@r@H`@VHXVC|APL\\?LPAbBDtBCVOLuHJi@FgB?a@NKE{@?wBN}@?k@FML?`BF`@C\\FdEAvACNKHc@Dm@^aAHAFH`ACfBH`FBRA`@HhFCf@Fr@?hBFlBAfABh@?tABTIL?JSPCH@ZCNDZEr@DNAh@@x@BVE`AFr@BtGBL@fBDfA?vBDbDD|@APDXCf@FhB?|BDjA?|@D`@E~@Fp@?bADnB?dBDjAAx@Bb@ANFxBCb@Dj@AFBtABNCZFdBC^H`EC~AH|A?hBFjACj@DXCb@DvBAfCD`@@XCFBx@CHSEKDOVo@`@sFFeARaAx@k@bAa@ViAdBKTa@vBGjAGd@Mb@Gx@k@bBGb@BVA`@@rDFfAMbB[z@e@BMRIhASb@S`AMZCTGHIZKzAOVI^]r@[^QASKIDITU`A?F_@d@CLm@Qg@U', 'resource_state': 2}",FALSE,FALSE,FALSE,FALSE,everyone,FALSE,"[41.119395, -85.108265]","[41.118866, -85.108178]",,3.481,5,FALSE,FALSE,FALSE,249,234.4,17157256035,17157256035,11A4E935-CE19-4832-90E1-777BB934B08D-activity.fit,FALSE,0,0,FALSE,,,
2,"{'id': 60229721, 'resource_state': 1}",4 x 200m,804.7,180,180,0,Run,Run,,16067282796,2025-10-07T19:52:06Z,2025-10-07T19:52:06Z,(GMT+00:00) GMT,0,,,,0,0,0,1,0,"{'id': 'a16067282796', 'summary_polyline': '', 'resource_state': 2}",FALSE,FALSE,TRUE,FALSE,everyone,FALSE,g22345660,[],4.47,,0,FALSE,FALSE,FALSE,,,FALSE,0,0,FALSE,,,,,,,
2,"{'id': 60229721, 'resource_state': 1}",Morning Run,3238.9,1245,1438,17,Run,Run,,Garmin Forerunner 265,16063732572,2025-10-07T14:02:10Z,2025-10-07T10:02:10Z,(GMT-05:00) America/Indiana/Indianapolis,-14400,,,,0,4,0,8,0,"{'id': 'a16063732572', 'summary_polyline': 'qi~yFplofOXBb@LTPt@`@TN`Bp@XRHHTNNE\\y@JEIDHCTDbAh@LDFD`Bp@PDVENMFOHq@@w@N[G{ABsADqAZcAvBkFVs@AKGEe@@SQM[S][MKK]s@c@[KSa@g@c@Sy@u@c@QI@U_@K_@MEQHIASQ_@e@?U^u@XcAJOf@WJKJg@Ro@HeAL_AB}@PRKKCKCiAiAq@w@UOGGKAMFq@GAKHC?KSMEIGAIXjALLb@ZX?j@P|@d@NRCr@B|@Ef@M`Aa@pBMXMLg@Xc@tA_@d@AL@LRZ`@ZXMDBRj@JLf@Xp@h@p@^J@HJ@NLXTN@DHAPN`@t@XLLHJLXp@PFVCND?RI^E@GTILGVO\\c@jAU`@CNIXIFc@~@@NAlBGhA?n@GZFRArAI^OTYJO@_@KeAw@UIa@Uk@WWEQG_A_@c@]YACGBEE@D?ABIQSMIA]UYK?GACE?', 'resource_state': 2}",FALSE,FALSE,FALSE,FALSE,everyone,FALSE,"[41.12125, -85.116631]","[41.120598, -85.116595]",,2.602,4.16,25,FALSE,FALSE,FALSE,239.2,232.2,17146313554,17146313554,stripped_accepted_tag_from_17146294513.fit,TRUE,0,0,FALSE,,
2,"{'id': 60229721, 'resource_state': 1}",25min/10min ~3min rest,10322.8,2445,3588,75,Run,Run,3,Garmin Forerunner 255S Music,16065495140,2025-10-07T12:51:08Z,2025-10-07T08:51:08Z,(GMT-05:00) America/Indiana/Indianapolis,-14400,,,,0,7,0,4,0,"{'id': 'a16065495140', 'summary_polyline': 'mb_zFbrofOEU@sADoAC]MYaAeB}AaCm@o@[UQWGSCUFo@Ji@@UIOMMGAOFIPERA`@Bf@?v@DdA?|@DNd@f@Vb@Rj@Np@@RAr@c@|DQjC?^JXFDf@Jh@JfAFz@TFBJPF\\RLlCJp@HjAT|@?pAD|@d@VBPAl@Kp@PV@d@MRQl@kALQLKVGr@AFAFQ?GIQy@m@g@g@SKOA[ROBsAEmDe@iAIo@IeAGm@K_@CkBYg@SKOGWFaDEg@cAkBKKeBoC]c@[QSSGSCa@Di@Hk@?SISUOOHINE^?rAHrAC|@B\\FNf@j@b@|@Ld@DZ@\\Er@ShBSnAKfC@\\HNLHd@Nv@FnB\\LJFRBRDDRJvAJhABnBTv@AbAJTDt@X^@z@GN@^JZ?^ILGPUl@qATKNC`@@RCFEDE?SGOUUg@_@CI?i@L_AJ[DGX@j@^NB`AQLM?ICSOGa@Ec@AaAJa@VKNO`AIPMFaAPoAE_@I]A}C_@M@wBOqCc@o@Eg@QSSGUA{@HcB?UESq@sAeBoCk@u@{@w@IOIa@?WLm@Ba@CQMMMIOFEDGRAV@tADvAA~@FZn@r@JPTl@PbA?^Cr@Mz@[tCIlB?TNXFB~@P~ANh@NNJDFNd@DDTFtCNrBVj@An@H^@f@L`@Pf@Ap@GPB\\NX@b@MNKr@sAZ[\\Gb@?PEJKGSIMy@o@m@m@ME[Hg@HwCSkASy@EO?w@M_BKuAQoASm@YKOCc@B{ABi@A_@ESu@{As@eA@C?@A?FDA?AB?ED@EAD?C@AGeA{Ae@e@e@[SYCY?WLoACSEICGOGULGRAVArADhA?rADRn@t@T`@JXR`A\\Pv@Tb@Z^d@FPDTCTIPgA|@]Nc@Ni@HOFEDAn@G|@BRJP^N~ARpB^`AOpCLp@FnERjBTpADNBLHDF@v@GPSHy@QcAFWAw@[}@K{AAwBYsCQeAHOAOIYCG@SPILAPFPBh@I|@BTNZNLH@`@?LE^]dAKpAk@NDXb@`@N`@FFDLRDN@REPMVGR@PDFVBhBIh@@`@FXAPUDSF_@AUIQMKMKYM[YK]Ca@?g@BGJI|@\\lAEZFb@NVCd@SDGHUPqDJe@gNaBlCRrARbCRaBI_AOcAE[GyAIOEl@FtCRfANxALLF{@MoAG_AK', 'resource_state': 2}",FALSE,FALSE,FALSE,FALSE,everyone,FALSE,"[41.122324, -85.118939]","[41.123143, -85.118312]",,4.222,6.58,FALSE,FALSE,FALSE,245.4,229,17148089870,17148089870,stripped_accepted_tag_from_17145829032.fit,TRUE,0,0,FALSE,,,
2,"{'id': 60229721, 'resource_state': 1}",WU,3503.5,1091,1438,0,Run,Run,,Strava App,16062519131,2025-10-07T12:15:17Z,2025-10-07T08:15:17Z,(GMT-05:00) America/Indiana/Indianapolis,-14400,,,,0,4,0,10,0,"{'id': 'a16062519131', 'summary_polyline': 'y|~yFn_ofO{@YIIE@SM}Ai@MIMAIGG?[KEEQCOEq@_@IGWEy@[[II?UMQCQQWGIGE?KGOEUOWCSMQAIII?IIsAi@s@So@YKEE@IIE?[KCEKCEEa@KSMYGUQE?o@]EAKEE@KG]KIG[MUCgAc@QCOGIGSAQKQCSIIAIGUEECi@IoAo@IKE?IKOCQWSQMWKK_@kAOWIe@Ug@{@cDMQSe@KGISQOC]I]Ac@@a@Ea@BdBLx@X\\JT\\f@Nf@FJJZ@NJXNn@LXTt@@NZr@HZLPPPLPZ\\VJBFt@`@JBVNTHL?j@NjA`@TDVLNBJDJ?^RJ?PJPFD?^R|@T`Al@p@RHHJBLHTDb@TD?b@TZJDDTDHFVDRLDAJDFDfA^RL^HJFVHJHd@LZPF?p@ZB?v@XVDj@XVHPJLD`@TVBPHD?HFn@RvAh@LH`@J|@b@f@HTLLBd@RTFHDVHRJnAd@`@V^Nn@NTAl@BNA\\BJANBDAJIJOBI?QDWG@AL?h@CNBFKRCBER', 'resource_state': 2}",FALSE,FALSE,FALSE,FALSE,everyone,FALSE,"[41.121307, -85.116059]","[41.121185, -85.116474]",,3.211,4.21,FALSE,FALSE,FALSE,233.6,232.5,17145084986,17145084986,A93AA9D3-E9D4-4ED9-BC88-0F341151BA05-activity.fit,FALSE,0,0,FALSE,,,
2,"{'id': 60229721, 'resource_state': 1}",Strides :),643.7,96,96,0,Run,Run,,16054828038,2025-10-06T18:24:47Z,2025-10-06T18:24:47Z,(GMT+00:00) GMT,0,,,,0,4,0,1,0,"{'id': 'a16054828038', 'summary_polyline': '', 'resource_state': 2}",FALSE,FALSE,TRUE,FALSE,everyone,FALSE,g21189657,[],6.706,,0,FALSE,FALSE,FALSE,,,FALSE,0,0,FALSE,,,,,,,
2,"{'id': 60229721, 'resource_state': 1}",Recovery,10169.2,3212,3425,13.9,Run,Run,,Strava App,16051623690,2025-10-06T12:18:12Z,2025-10-06T08:18:12Z,(GMT-05:00) America/Indiana/Indianapolis,-14400,,,,1,5,0,4,0,"{'id': 'a16051623690', 'summary_polyline': '_t~yFflmfOmA{@_B[CO?a@G_@IaAGUYe@e@QC@Gd@Uh@e@^]HQJaAZ]^a@~@WV_@LWDOCgAFm@Gg@OQ@a@^g@^ODw@B_AEu@OgAAe@E_@[KOOe@Ge@?yACk@?yAG{@AeCKYIk@IUYe@_@a@AGa@]a@m@k@QQMWEUUISIm@?}@GUKGaFRc@Hu@B[^E@S?iBPWAiAFi@QMMmBw@a@e@EA_@HMH[f@ELKb@ANQn@Mt@ITMhA_@jB?HKj@U`A?LDNFBLELBXONQHCt@Iz@GLD?x@BXB|ACND\\AN@DDbDGf@Cx@@HHFBHA`@Br@GRMDKC_@WkA{AKIi@m@ICc@NUPOA_@e@MIEMSMQWYOSUOIGKSSKEc@_@CEAYAKAUDMGw@cBk@c@a@MCi@]OOw@Wa@WKOUGSUE@UQkBeAKAc@Wu@g@]MMOWIeB{@YIKKgAa@_@Uw@Oe@UUAYOKAIKO?uAYgCq@eAOCESAu@QaBOg@?SEKBMEs@?cAGgA?OE_@BqCAeAEe@Kw@IK@c@GMIm@Q[QK?c@SoA[OIM?UMgAYU?c@ZK^C\\Dt@El@LtA?b@C_AGe@?m@D[Gc@@]Jc@b@a@LA\\BhBh@TBlDpAj@NlBLZHxA?XF~BEx@DHEf@J\\E`AHTEpALTH`ADl@Nb@PbAL~@XT@^PHAJFP@~@RTVFVV`@FBLN|@`@t@RfB~@H@nEhCrAl@x@j@rC~APDxBtAXVPVbBjAf@j@n@h@@FRHX\\TZLH^f@LFJ?FOVQJCXDBF@LPNDLNHFLJFx@fAb@\\VH`@t@P^Ln@z@lATh@t@rCdA`Df@z@`Av@XPH?TRx@Zb@H`Bj@TBXLHFH?f@PNBdCz@NH\\Vl@VLB|@Zl@ZH@j@Vh@Nr@\\t@TfBp@PJlA`@NJ~CbAlAn@hCv@b@Rp@Rp@ZzDtAFF\\HlAh@p@Rr@\\v@P|@f@dBf@~BbAhC|AtAp@tAj@hBfAj@RT@LIR[Jc@PoIB[Jc@Ro@xBoFNi@GUYHWCQYM_@WYa@MUs@i@_@c@s@_@U_@I[c@c@Y]KIMMq@KAQRK@w@y@AIFWRWP_@Z}@NMJA^YD]XgATuAFy@AkA@WCW{DeB', 'resource_state': 2}",FALSE,FALSE,FALSE,FALSE,everyone,FALSE,"[41.119633, -85.108136]","[41.119482, -85.108177]",,3.166,5.3,FALSE,FALSE,FALSE,237.8,231.2,17134102875,17134102875,2005954D-4386-4A02-9246-F2FBEC2136C8-activity.fit,FALSE,0,0,FALSE,,,
2,"{'id': 60229721, 'resource_state': 1}",LR,19665.4,5327,5454,45.6,Run,Run,2,Strava App,16042082412,2025-10-05T12:12:44Z,2025-10-05T08:12:44Z,(GMT-05:00) America/Indiana/Indianapolis,-14400,,,,12,11,1,1,0,"{'id': 'a16042082412', 'summary_polyline': 'uz`zFpiufOu@uB[gAc@iAOUoBBiBM_@D_AEu@IoAJmD?iFPyE@sALcAEOF_G@_JRe@Ae@Ua@CgADgDCWDQLENOFg@EsADMFUEsAD_AUc@A}E@y@FyBCmABaAJa@Em@LMHaAPo@BqACyA@iBHiFDYFyAGWFWCqAF}B@mCHUCc@F_D@k@DoACaHNYEkAJkB?iBBe@F[GMDqA@WDy@XYAkDJwKJwAKu@HaGLcAMyC@cADoAV{BFy@Ce@KgAA{BLkAGyDRqDCcADME}BLi@RGLG@a@?gBWwFNYJ_@B}@CgAMkDFWFu@?mBHwBPkCAk@Fu@EqELqACyALoDF_A?u@Q{B?oAZ_EOkADWKwAFcDOiAFwAMaB?i@Gq@@eAIkABaAAi@?{@IuAB_AIs@WsDK{@?_AXyACyAKo@DoDM_CBiCKqBHeAOkD?o@Gk@UiAAqBHgDFaBCsFLoBGu@Hy@IoCJy@FwACqAHiAA{C@mAHgD@YDcACgBFeD@cELSEoAFo@AWDgDDiACi@Lw@`@e@J}@JyBBQFcCMq@BwB@cACWFg@By@Cm@H}@BqBCkDFNF|AI`@Dd@IhABjAIXBdBGl@Dp@Iz@BbBEtBBr@DREnCIjAOv@g@zBIz@BrDKdC?RE|@@lAIRDr@El@BhBE|CKvAB\\GfQUXDx@GrBBVI`@A\\D`@CZFvBKjBBtAKb@D`@Gl@Bx@IrA@j@G|AJp@\\vEEd@NbBKvCLtDErBJnAG~AN`AA~@S`AAlAFtACzA`@t@DlAEh@?f@Fh@B|ACjERTGj@FlADx@@PEbDHb@DZIZBLCXJnADz@Cj@DVE|@D~@Wn@CpBDb@Jh@BVG\\DnAAx@Id@@^G`E@~AKl@D~FITEbCMrDIFDZKvB?|ANdAUzFGzARRCPOTG~BQp@BrAIl@D^GlCEPDj@I|A@lEMx@TtACVG~@@PMx@EXIpBEdBBPFh@G~@Fv@Iv@DtAIl@BTGjAJdA?bAEVBj@GXDfAIzA@^GrBCl@Bf@GZWfAIxAD|@IbABzDOZHTEnCCvAM\\DhAE`BBpCCvFO|@KrADrBCbCKvD@VIvBBl@EZDz@Cj@Mh@YnB?TIn@AzABj@GtA?pBDdBGvAVd@?tEMPWj@KpFCZD\\Pt@@z@KhA?JDXCZDbAM~BDVE`ACl@Bl@?XIz@@~@K|A@rBCrDOnB@nAEZBJGnBCPDTALDlBBlAJfBGd@FHJRh@DTXn@H\\HHj@pB', 'resource_state': 2}",FALSE,FALSE,FALSE,FALSE,everyone,FALSE,"[41.132978, -85.148154]","[41.132965, -85.148109]",,3.692,5.42,FALSE,FALSE,FALSE,266.6,246.3,17124410801,17124410801,A7771C08-C2AD-49C1-84C4-BB2DC0C86DA6-activity.fit,FALSE,1,0,FALSE,,,
2,"{'id': 60229721, 'resource_state': 1}",CD,4828,1620,1620,0,Run,Run,,16023004080,2025-10-03T18:27:32Z,2025-10-03T18:27:32Z,(GMT+00:00) GMT,0,,,,0,2,0,1,0,"{'id': 'a16023004080', 'summary_polyline': '', 'resource_state': 2}",FALSE,FALSE,TRUE,FALSE,everyone,FALSE,g25537727,[],2.98,,0,FALSE,FALSE,FALSE,,,FALSE,0,0,FALSE,,,,,,,
2,"{'id': 60229721, 'resource_state': 1}",Joe Piane Invite ~ Redemption,8000,1662,1662,0,Run,Run,1,16022995445,2025-10-03T18:23:56Z,2025-10-03T18:23:56Z,(GMT+00:00) GMT,0,,,,0,10,0,1,0,"{'id': 'a16022995445', 'summary_polyline': '', 'resource_state': 2}",FALSE,FALSE,TRUE,FALSE,everyone,FALSE,g26104661,[],4.813,,0,FALSE,FALSE,FALSE,,,FALSE,0,3,FALSE,,,,,,,
2,"{'id': 60229721, 'resource_state': 1}",Cheering On the Dons 🦣,804.7,390,390,0,Run,Run,,16023046066,2025-10-03T16:54:00Z,2025-10-03T16:54:00Z,(GMT+00:00) GMT,0,,,,0,3,0,1,0,"{'id': 'a16023046066', 'summary_polyline': '', 'resource_state': 2}",FALSE,FALSE,TRUE,FALSE,everyone,FALSE,g25537727,[],2.063,,0,FALSE,FALSE,FALSE,,,FALSE,0,0,FALSE,,,,,,,
2,"{'id': 60229721, 'resource_state': 1}",WU,4213.3,1307,1310,11.6,Run,Run,,Strava App,16020895832,2025-10-03T14:27:09Z,2025-10-03T10:27:09Z,(GMT-05:00) America/Indiana/Indianapolis,-14400,,,,0,3,0,3,0,"{'id': 'a16020895832', 'summary_polyline': '_|n}FjokmOu@GW@ECQBk@IYIc@DMAKK{@a@EIWI_@WGo@@iBC[De@AWBOCK?UEIAGDUAy@BKCG?_@GUUSQGGBe@BEB]?OCu@JKAOBYICB]@KCEDYAE@g@@KBEA_@@SASBGAUDKACBKAWDECc@HKCEBKAQFO@_@?IIEFETED]PKLM?KBQEUOGAIISAS@_@MW@MMG[[Gq@a@y@QCCGAOMYi@IKQ]?GOU?IIKCO[m@YeAMUCMOQK_@Aw@DOIsCCi@Ke@@GGe@AgDEu@@GAIBM?g@CGBMEY@_@C{B@sBC{ABOA_@@OCs@@u@CIBMCeABc@I]I{@?[Ca@BMA_@@e@HCF@DDp@CJ@XGr@@HAf@@NAPBTGLOFUD_AFITFPGX?TC|@B`@AHCDBh@?VIP?DAV@ZAFJCVB\\Af@H`DAp@BN?dAB\\?NCDMBMCg@DICa@DIJIb@BN@dBVMPFTERDVGP?z@BLDd@b@\\NLB?A\\@`@GJ@XGF@JCT@NAb@?x@EFCTHBHCZ?NFL@NAdAHZLTFVNLD@^v@Nl@HPZ^HZHPNB@DBlABTCbAFzB?nCJnC?x@ELHtAEVHl@?x@Xr@Hp@BF?JFTCXBN?n@B\\Ep@@VBTHRNP@LHH@HDb@P~@Bb@CV@FHBCVDp@|@`@\\JP@LDL?\\LN@DAv@?JAPF', 'resource_state': 2}",FALSE,FALSE,FALSE,FALSE,everyone,FALSE,"[41.696226, -86.244373]","[41.696154, -86.244247]",,3.224,4.76,FALSE,FALSE,FALSE,226,216.6,17102907691,17102907691,C9D84949-E261-4FF0-B7AE-BE600197BE2E-activity.fit,FALSE,0,1,FALSE,,,
2,"{'id': 60229721, 'resource_state': 1}",Strides 😁,804.7,150,150,0,Run,Run,,16014698840,2025-10-02T22:45:21Z,2025-10-02T22:45:21Z,(GMT+00:00) GMT,0,,,,0,2,0,1,0,"{'id': 'a16014698840', 'summary_polyline': '', 'resource_state': 2}",FALSE,FALSE,TRUE,FALSE,everyone,FALSE,g25537727,[],5.364,,0,FALSE,FALSE,FALSE,,,FALSE,0,0,FALSE,,,,,,,
2,"{'id': 60229721, 'resource_state': 1}",Pre Meet,8109.5,2266,2270,4.7,Run,Run,,Strava App,16013173819,2025-10-02T18:37:19Z,2025-10-02T14:37:19Z,(GMT-05:00) America/Indiana/Indianapolis,-14400,,,,0,9,0,12,0,"{'id': 'a16013173819', 'summary_polyline': 'uqn}FxglmOGj@CFCDCNALOb@IFOXSPIPc@b@oAz@]P[Jq@Jg@@ECY?KCu@Ag@GYDKEKBSEU?_ABSGIOOOBiBFe@HMLC|@i@x@Ar@P^LDDXDJFF?NLt@RVP\\JL@JLPD\\@DAT]CSO_@OEUQuAUc@CY@YCE@m@QG?KGwAUi@Ue@K]S]Ko@[MOGQCY@u@CG@e@CO@s@GoBHi@BILKHSNODK\\SRE`@?v@T`@RVHJJ\\NF?HFl@Rf@@fAGHGLAn@Wj@a@Z@ZOVCj@Q`@C\\Bd@A\\JDFJ|@FfA?z@Av@EXIl@OZ?JQv@Eb@_@bBQnAELKFGLCBORAFIHKFa@b@[RUT{@f@K?QJo@JWCg@?MCU@IC}BKq@AGB_@?SAOSOe@DcBJ[BCTEh@[\\Mt@Aj@NNHf@N~D|Af@?LSBYKOEUSCSK]IIGOC{BOq@Ss@KIGq@I}Ac@e@SYQKCKGQ[Ec@Ae@?UBYHMLE^HN?l@\\FJVLBFRRBHJJJR`@X\\LL?BDFAf@HDDVDLFX@VFZ?HDRAJBT@VFDDJDVDJFh@JDDb@LR@NCNMFMFg@Eq@Oa@QYIGUIaAKWKK@_@MKGE?CEGAQU]SQSUOIAK@WEYFY?UHe@DaABw@KECK?eAYQMIIEMQSMk@Ba@DUVe@f@k@HGf@C|@Lf@RFFL@RNn@Zb@Ld@Dl@Cv@Ij@UTMLATOz@Q~@WhBCVJBFDP@VHd@?R?XBVCRBb@A`@QfAELG`@YfAAb@Uv@E^UdAY`@Q`@MFKPULu@p@E@[RE@IHmA`@GA_@B_@CK@e@EM?GCSBk@E[?ECa@CqABIGISKM@aBD_@DIb@QRONGj@Ib@@p@TVDh@VXPnAf@TDd@RZDP?HGJWBMAKSk@[OAEQGqAQqACkA]oAQOGi@KKEE?qB{@S_@GS?U@e@D_@FMJIRFL@DDRDHJTJBFTNx@fAXVPHVB^HHD\\DXJd@HPA^Fb@?JBJAVF\\PH?PHb@JPHl@FRCFGPa@DWCg@Qm@c@i@a@Gk@AMEK?WGo@[S[E?YUKMUSMEk@CaAPOA_@FDCMAe@DS?iBUg@Sc@m@GKEOCi@Jc@p@_AVMTELAh@Fh@LfAn@v@Xf@Jt@Ar@Ih@Qj@YJ?X\\XVJPDLLz@Pj@H`@BDDT', 'resource_state': 2}",FALSE,FALSE,FALSE,FALSE,everyone,FALSE,"[41.694482, -86.244705]","[41.695275, -86.247392]",,3.579,9.62,FALSE,FALSE,FALSE,222.7,219.9,17095073640,17095073640,1D9164FE-0DCD-4B03-9E35-AFD41C59ED38-activity.fit,FALSE,0,0,FALSE,,,
2,"{'id': 60229721, 'resource_state': 1}",Monarch 👑,11940.9,3226,3542,40.6,Run,Run,,Strava App,16003305142,2025-10-01T20:51:13Z,2025-10-01T16:51:13Z,(GMT-05:00) America/Indiana/Indianapolis,-14400,,,,0,4,2,1,0,"{'id': 'a16003305142', 'summary_polyline': 'kt}yFdalfOPELFhAMfDGNEJSFUTI|@@VGXFVG|AGJBn@Cl@Gt@@DCnGKDDGb@@FLD~@Ir@?ZGdB@vACvAI\\PpBWN@xAMXDv@K~@@bBELEdCAVEX@lBMhDAnACJE~ACJEZBhCKn@Db@EREfBAr@@tDMJEPDNElA?VEn@@d@CPGXFvAI^BtAEXC`B?xAIAA?gBIsCDIAk@I}C@u@EiC@SEiA?a@E{@@iAEo@Bi@MeG@ETMLODQEaCCc@@c@EW@}@CgA@WCQAsADu@COCwBIKg@DIuABo@AeC@YGyB@{@GaC?oDE]@iAGq@@m@H]A_@R]Jy@EyA@aAAIAmBCS?mBBw@F_@CcACO@YGk@@_@AEGADI?c@Oi@Bu@A_BCYAcBCSAeB@OEc@?mACa@@_AE_@?YDGHAZB|ES~@?t@GjA?TUF_@?oAIiC@k@Eu@Be@O]D[@YG_BIc@G{AGe@?s@DKYy@Ke@Ug@AM[s@i@aC@KG[Aw@GYI_Bk@uGC}@Ki@?c@QcC@KKaA?g@QgAEaAKe@EaACM@KEsABMIsA?mCIeDAaABWGcB@c@CK?k@EOEAQJc@@{EF_AHmEHsATG?SSaCHiAHQA{AHoB@}CP{@A}BLs@AiCLcFNuCBS@_@PD\\@lBDh@@~BDlABdAC\\Dp@d@~APTJ\\p@tALd@LLVp@^z@PVBPXl@HJ^rABPAPFl@?nAB\\A~@BrAAVHvA@v@PnFI^KhAF~AC`@Dn@DxBCN]RAHFVA|@JbBA~@Br@Af@FhA?p@Fh@An@HpAA\\Pl@t@hBRzADzCA`@Db@Ad@Bv@@zBBt@@hACRD\\?^@H?v@@bABNCb@Bb@BzAA|@F|AAb@Bp@Cd@@HA^DhA@xBD^?LED_@Ks@J{@AYFk@AwAHiA?yCNsDB]F{@FqC?aAFg@AgAJMCgADMCc@FYAk@Na@B[HYGKJWACDEHALJXBl@@jBJjBCp@F|CAb@HvBA~@FjBC^BhAAXDX?lBD\\C^FbCCb@BXCj@Db@A`@BnADVA~@DzAC`@BtABXCP@r@Bb@Ab@BX?|@Bb@BxEBN@z@AnBD\\CjAJpAGfBGHG@OGUCYH{DLMCSD[Ge@FcDB_ABWFk@ACDmAAy@Fe@A]Fw@AQL]j@[A', 'resource_state': 2}",FALSE,FALSE,FALSE,FALSE,everyone,FALSE,"[41.117658, -85.101217]","[41.117586, -85.101566]",,3.701,6.76,FALSE,FALSE,FALSE,248.4,234.6,17085077252,17085077252,20153273-519E-4A5D-93C6-AD937FD23F3C-activity.fit,FALSE,0,0,FALSE,,,
2,"{'id': 60229721, 'resource_state': 1}",CD,6038.3,2071,3170,9.4,Run,Run,,Strava App,15987824021,2025-09-30T13:21:57Z,2025-09-30T09:21:57Z,(GMT-05:00) America/Indiana/Indianapolis,-14400,,,,0,4,1,2,0,"{'id': 'a15987824021', 'summary_polyline': 'kh~yFrlofOHB`An@dAf@|@j@^RRF\\VLO@OJ_@HOJAVLJ@LHjAt@PD\\PBDD?NFFHLBN?DELCPYFW?{AD]?_@Ho@Es@Jm@CQ@e@Fs@n@uAFUNSBO`@_AHYFKRk@JUB]GIG@EFCABMAJCBYEGE[{@]WWEM]U_@a@U[MG@BFJWGMECEIWQ]Ki@m@UMWGECSc@EYGIE?IFMMG?KBG?A@_@q@DMX]Tw@Pa@HIJARKZo@h@gDFe@?e@PWRe@ASPyAVgAFEj@NHSZa@C@Ub@KJo@CIDCDEZQp@MRKVKHG?MIiBw@UGe@YOS[iAJNFb@J`@HJb@XD?FFb@NDD`@L`@VPFBH?FGLBrBK`@I`AMb@?LQv@EPGBKBSPOHELKNQ|@EFI@OXAJDNf@l@HBJ@BGLID?DB?XV^FHb@PVVJFJPHDH?BBJBb@\\\\j@`@VJJJ`@DJNFD?ZTVl@JNLJ^GNJAFWp@[r@Sj@}AxDGd@I~AAbBGtA@PGlAADOVUJ]?IIy@]UOE?]YIAq@c@UGIISEIGQEa@QUQOGQSUKQMUGOO_@MGG{@[QMSE]OGEOC{@[OCi@[K?CEG@cCeAyAk@m@Yq@OII}@UcBu@eA_@GASKIAmAg@[IQIa@MOMi@M}B{@C?SGOK_@MOKy@Ye@OEEo@Se@WuAa@s@[c@KIGWG}@e@WGy@e@fAj@g@UOOMGiA[q@[_@Kg@Sq@OQIiBc@[Oe@Ke@Ud@RH?PJRDHFXBRLVFFFd@HNFXDh@Rb@J`@RTDPPT@VFf@XJHDATR`@JFFd@LBDXHRLPBvAp@^HzAl@RJdBj@NL`Bj@PHrA`@hAh@bBj@XLbAZTLhBn@LJd@Pf@J', 'resource_state': 2}",FALSE,FALSE,FALSE,FALSE,everyone,FALSE,"[41.121024, -85.116999]","[41.121296, -85.116769]",,2.916,5.52,FALSE,FALSE,FALSE,235.9,231.2,17069422060,17069422060,B4A83A12-052C-4D7B-A0B3-606F0A9F9D31-activity.fit,FALSE,0,0,FALSE,,,
2,"{'id': 60229721, 'resource_state': 1}",4 x 300,1179.7,181,460,0,Run,Run,,Strava App,15986468382,2025-09-30T12:58:08Z,2025-09-30T08:58:08Z,(GMT-05:00) America/Indiana/Indianapolis,-14400,,,,0,4,2,6,0,"{'id': 'a15986468382', 'summary_polyline': 'am~yFlgofOg@YKCdAf@z@Rf@\\b@Jx@Zb@LNNr@d@LB\\XXRl@PQOo@Yw@c@UUOEKAKEGEIOs@MGIICkA]s@]g@Ko@a@ZHPJ', 'resource_state': 2}",FALSE,FALSE,FALSE,FALSE,everyone,FALSE,"[41.118754, -85.117457]","[41.118806, -85.11742]",,6.518,7.82,FALSE,FALSE,FALSE,232.8,232.2,17068048630,17068048630,C61FA7E7-B464-43CB-AF1F-2A7C9AADAE52-activity.fit,FALSE,0,0,FALSE,,,
2,"{'id': 60229721, 'resource_state': 1}",2xMile,3231.7,680,772,0,Run,Run,,Strava App,15986368878,2025-09-30T12:43:32Z,2025-09-30T08:43:32Z,(GMT-05:00) America/Indiana/Indianapolis,-14400,,,,3,8,0,16,0,"{'id': 'a15986368878', 'summary_polyline': '{l~yFlgofO_Ae@G?g@Me@USOsA_@SOo@UWOWEg@Ue@Gc@Yy@Wu@_@uA_@SOQEYMa@Ig@WWIg@USCe@Uc@ME?GGi@UEGOIGASA]Si@MiAg@o@O]Sa@Ky@_@G?OGGGYEWIGGWEGGg@UYG}@i@QIg@GWQgAe@IA_AYWKe@Ic@MCEc@Oa@EWKWO_@KMI}@m@g@s@CIHX`@b@NDNPXP~Av@nAXf@Rj@Lf@Rx@R~@f@XDLF`@Hd@ZVJNB^R`Bl@VP\\JXNfA\\LHF@l@Xb@HNHZHb@RVHFDXJDDZHf@T^HNHdA\\dBr@TNXBDFRFNBr@ZNBRLZHDDh@Ph@Vn@NTLn@PTLVF\\PF?l@XZLH?DF\\LFFH@TJl@LRLj@T', 'resource_state': 2}",FALSE,FALSE,FALSE,FALSE,everyone,FALSE,"[41.118747, -85.117437]","[41.118708, -85.117483]",,4.752,6.14,FALSE,FALSE,FALSE,233.1,232.2,17067946278,17067946278,6D864994-0758-4BB7-8725-A458319F3EC8-activity.fit,FALSE,0,0,FALSE,,,
2,"{'id': 60229721, 'resource_state': 1}",3 x Bypass Warmup,3234.3,988,993,0,Run,Run,,Strava App,15986118600,2025-09-30T12:15:45Z,2025-09-30T08:15:45Z,(GMT-05:00) America/Indiana/Indianapolis,-14400,,,,0,5,0,13,0,"{'id': 'a15986118600', 'summary_polyline': 'sw~yFzaofOc@KMKSCm@Wi@MGIc@KYMIIu@WKASKWGSQE@SGKGQCSKWIQKGAIG_@KIEE?KCIGKAo@WSGIGSEEEG?_@Oa@U{Ag@QI_A]g@Wm@OGGQCGGa@Ke@SOEE@SOUGUMe@Qy@e@I?a@QYEUQE?OKy@SIGUEq@WWGa@OKACESGOAKGYEk@SQQQGu@c@c@g@a@s@Sq@MUIa@EEYy@EWKWYeAIQEOKO?ELRT~@DBPr@JR@Nb@rAPb@Lj@R^l@t@r@h@f@PBFPHF?RJZFRJh@LDDH?PJJ?DDD?JFb@FVJF?p@ZVFPL~Af@LPRDNJNDNHDDP@NJ\\HLJZJHFP@`@T^HTNXB`Ad@JBBBXFl@V\\Hj@VRLv@VVNRDBB\\JDDRDRJXFBD`@PVDBDTFTLd@JHFLB|@b@TDDDJBt@Xn@ZTDHFRBj@V', 'resource_state': 2}",FALSE,FALSE,FALSE,FALSE,everyone,FALSE,"[41.120695, -85.116676]","[41.120373, -85.116023]",,3.274,4.78,FALSE,FALSE,FALSE,233.3,232.5,17067693665,17067693665,6D03974A-1D6E-46C6-A2CA-153F170DAA1F-activity.fit,FALSE,0,0,FALSE,,,
2,"{'id': 60229721, 'resource_state': 1}",Ivy Tech King 👑,9334.9,2645,3222,36.1,Run,Run,,Strava App,15975221290,2025-09-29T12:18:49Z,2025-09-29T08:18:49Z,(GMT-05:00) America/Indiana/Indianapolis,-14400,,,,1,10,5,1,0,"{'id': 'a15975221290', 'summary_polyline': 'cs~yFxlmfOOMOE_As@WIGGAGB_@CsAHcBG{A?q@G]C}AE]BeAI{AFg@HUJk@Ag@Mw@B[HMRKDe@V}@l@q@JUDQAOFi@F[Ea@ECMLM@[Gy@?QCMBECm@Bi@AaBJICCDSEMF_@?IGg@?QFSGwAHqAB_A?KB}ABODmG\\sDB{@JYCEFKEe@BKCi@Do@?}CNMCeCHSAw@Hu@Gc@IK?mAa@i@YIIu@]GM_Ak@oA[Yc@e@YCGUQOWSUEO[_@I[IKMYw@_A[QOWUM[_@]S[_@UK]]e@]OUWOw@y@_@W_@c@qB{AEKYUKGI@ILQFIJK@MQe@WOAKJUb@IbABbBAf@@VAPBt@ETCBH@@GByCC{AF_@?]He@LMVCJF@FX^XNFANDJADEN_@PCnAhATL`@d@h@b@~@z@nC`C\\`@~@p@HJRLf@f@V^BFPR`@~@p@bAZ`@PF\\VLZb@LVLT@DCRPTJj@h@dAj@hAb@TBb@LNBZCb@F`@IzBAh@GtA?XC`A@b@GzCEbAIfCAVELBhCMbAITIbCED@JC~CKV@`BEp@@^Hd@Mv@GhBA`CDr@ABD?NEZIT?VIl@SRAFUPGLMXE^INAPCFWTGZJf@Db@Ej@CPKTC`@@nCB`@Cb@DfAJl@BtA?dAGrAFbCDDRBfAt@|@`@`@LVVP@TPb@JTIP@PVL^NL\\Lt@f@dAb@NLn@LJMB[fA}FDBJONw@b@WJEVAr@YPU?GHM\\[L@DRP?FJFj@Lb@Vn@Db@FJB\\CJUFCH@JBH@PI^Ex@Bl@FRh@X\\^RBBFPJ|@CjBQPLBPPTXr@DBFV?RHB\\BTPjBv@\\DXEF@DPxAj@HHTZJXNTAJGRGhA@`@CL?j@IlA@N?i@SDSNYSs@[KO@IVSF?bAd@b@FHFRABM@i@OIDEj@XJ\\nADXRTHBJATIVMj@c@hEa@zADNNXfAZ`Ad@X~@Hn@?TK`@CZOVGt@IBQQ]Oo@E]F[ASTU?MDk@@c@D_@Le@GMFUc@Gy@Ma@MOIE_BUs@Ai@Oi@m@AIOMYKYBQKUo@MOo@[Mg@SWa@YU]e@][Me@g@WMIKQEOMUu@MAGDILI@q@_ACOHSTSPu@DKDCJ[PMTIPQP}@L]PcAFu@B{@AG?gAMWkBq@UQSESK', 'resource_state': 2}",FALSE,FALSE,FALSE,FALSE,everyone,FALSE,"[41.119487, -85.108196]","[41.119434, -85.107977]",,3.529,9.7,FALSE,FALSE,FALSE,243.4,230.4,17056661268,17056661268,43D8E677-6E70-4224-9E9F-EEA5588AEC83-activity.fit,FALSE,1,0,FALSE,,,
2,"{'id': 60229721, 'resource_state': 1}",Goshen Bayou Poop Loop,19311.4,6061,7971,110,Run,Run,2,Strava App,15966020229,2025-09-28T12:16:39Z,2025-09-28T08:16:39Z,(GMT-05:00) America/Indiana/Indianapolis,-14400,,,,0,8,0,2,0,"{'id': 'a15966020229', 'summary_polyline': 'ob|yF~qwfOWjDf@rCUp@H`BWAX|@c@fDi@Lm@gCcA?cB{Ay@?@dA`@PLnASl@HXo@Vh@bBOGY{AIVV`@m@SuBjAlAq@z@y@GOsBdASz@Fv@xBeBZPA`@Kb@cAr@}Cb@B`@`@SPv@m@_@a@H]GB^`BJ@VmAQ|@b@Nl@CnAcCaBq@@p@@nAdBw@g@_@`@c@EBVbBLv@Y?VgAb@mAK_@iADk@YDPjA]oAg@Kz@vBrAThCs@z@DlBqBxAi@dIP~@g@NZnBt@P_@vCyA?z@PPFw@\\a@@l@TV`@Wt@Th@[f@z@f@ANr@x@d@j@YeCcBDwAaA~@IQTME]o@j@SKAa@a@`@e@{@Re@hB_@\\OfBeBVN`ApCt@Ep@|AJ_BtAERc@f@wCZkDEqEk@PIp@YPNrAQ|@g@j@uA^kB|AiATw@p@Wn@Jf@I^g@JSo@e@TM`@]_@K^wFxCm@DaB}@D}@c@UWu@CgE[Xq@g@gA@y@uAgAKK]_B}@Uz@c@TeGb@Mr@PtAcAd@_@c@DgP^oArD]DsBYONQ`CPtAUbA{@l@x@VE_@Ba@u@Fa@e@GBa@WGSy@yBHYc@sA[Jk@]ZcAgBy@XO`@Nh@KJl@bAo@vAI`ALj@t@v@`JQpEiAQi@@cAoAVSl@g@Yv@_Cz@GXs@\\IMqBp@cAMg@P]aAcACa@Ff@v@x@QLRbAk@lAbAFhA`BnBSzLaC~Aw@Nz@DnFr@hAv@EcBaCKqEYc@{Av@oIxA_@U^PpJgBlAaCC}EKqBbAiEcAkA\\EZ_ASoHNcF[uB@gIQiBCoDZcEGqCnc@_@~Je@|Ck@~BeAdJwHj@\\tDmD`BD`@e@\\Dh@z@~@WJ`LZL@ZGpK}YfCMsLg@oACeC_Ef@mDQgDkBaBeEl@w@w@^{AmCoAiAaAUWLKv@cBJrBiAz@DjA|@hCjDc@s@yCeDcHy@VsBnBwFQ{HN_BkGuGyEqDoBKFfXc@rBkAXs@r@j@~Bd@r@UdEf@Ux@Tq@lD^~DO~BtBfAVh@E~@fA^gHJnEG}HTHzC]pGR~D@lHXnBOzDrArAx@Dh@j@~BTcC|Dm@PgASo@n@Jh@`Ap@RbAtA~Ac@v@gD`BMpGg@jAo@h@', 'resource_state': 2}",FALSE,FALSE,FALSE,FALSE,everyone,FALSE,"[41.107739, -85.157007]","[41.107745, -85.156847]",,3.186,5.74,FALSE,FALSE,FALSE,252.3,229.6,17047260439,17047260439,3EA2643F-1517-48C2-8F6D-9B8DCCAC5B2E-activity.fit,FALSE,0,0,FALSE,,,
2,"{'id': 60229721, 'resource_state': 1}",Cache Cooldown,3957.7,1377,2539,18,Run,Run,,Strava App,15942945580,2025-09-26T13:35:19Z,2025-09-26T09:35:19Z,(GMT-05:00) America/Indiana/Indianapolis,-14400,,,,0,7,0,2,0,"{'id': 'a15942945580', 'summary_polyline': 'kmbzFpqkfOBEN?@FVRZ^~AbAHL^ZDPXTz@hANd@BT@ZEZAl@XfDFXC\\E@UIC@CAD@FAVHF\\HNNJLDLHHHHLRn@n@f@`@hA^`@ZVNP^XL@NLLFFFHAFFPFZ`@d@XVHVNJJNBXLH@^PTFFFLDD?`@TXJr@f@H?NLZL~@f@VFFFZJr@JFFNg@`@gCNm@Fs@Nm@b@oCRg@NODD`@@BB@Xz@zDJCBGA}@BY?KIM@SEUIGEBYISUS]e@SaA}@HPEZ@PDLAHADONS?EBkAcAm@_AE_@?GIa@@OE]@u@Pu@NiAHQBOLYJ_@VwAAG]o@IGo@kAQUSe@KEYYKEOWk@_@SYKESUKGsBkBYSMOa@[EIOIMKIMSM[[KEs@u@SMOSWQCGEA[]KIy@u@a@g@KEg@o@OGGI?GFSEW@UGMKE][y@o@i@g@MWAOBSCKS[Sa@GUHk@DqACk@B_@^g@DM?MOb@[f@CV?d@O`A@\\CXJz@A\\GN@BIRAXDRCf@Sd@QROXE@OTuA|Ac@`@[^IDSp@[l@On@Ul@GVEHKl@OVWl@KPO`@QLMT', 'resource_state': 2}",FALSE,FALSE,FALSE,FALSE,everyone,FALSE,"[41.142545, -85.099464]","[41.142792, -85.099374]",,2.874,4.18,FALSE,FALSE,FALSE,241.6,231.4,17023635603,17023635603,0146E06B-A443-4840-AC57-2C10E30B24D0-activity.fit,FALSE,0,0,FALSE,,,
2,"{'id': 60229721, 'resource_state': 1}",4 Mile Up-Tempo,6437.9,1440,1440,29.4,Run,Run,,Strava App,15942244643,2025-09-26T12:43:20Z,2025-09-26T08:43:20Z,(GMT-05:00) America/Indiana/Indianapolis,-14400,,,,1,11,0,16,0,"{'id': 'a15942244643', 'summary_polyline': 'ccczFh}kfOEF[^QLWXi@`@G@[Ni@BMB]CIC[AGEg@Ee@MEE]CWMI?i@SG?EGIAc@WWY]e@S[IYO{A@iAD[@[P_A@g@H]?KBI?KPw@@IDGVu@Pa@LKNURONSh@_@Vc@La@N{@?UG{@?]Mg@Gc@CY?i@D]d@uALOHGHO\\SX@z@Zd@VRRr@V\\HX?^K^c@Hk@JWBUH[Dg@Lk@L}@LYNUVMLEb@?ZFZLTBxA^TAn@LFA^F`@JZJd@ZrBdBd@l@~@fBPRLd@Z`@XNPPXNf@`@Z`@`@fABPHz@EpAOtA]`CSz@Kt@MfBSlAM\\ARKZIp@YdAG~@B`@DRBd@DZ?p@Ut@GHOFk@DaAWo@Ya@GYOQOk@Ua@YUSUMg@m@w@a@KOSICGMK_@MKMCIi@_@_@i@Y_BKOMGGAEBELANw@xBKJIZ]n@WXCFGDa@d@m@j@k@ZW?UFq@B_@M_AGe@KkA_@I?UIaAi@CKWUKMQc@MSGi@I[E[?YDe@?]N}@@e@J_@@]DIH_AL[Jc@j@oAV]f@a@VUf@s@DMD_@DIDQB]Ci@ES?SUcBE_AXaAPa@l@y@TIPAf@XD@h@b@TJZTV?VFl@Ff@SJITo@B_@TsADITqAJ[F_@PS^On@Ax@RFFLFF?LFNDFA`AVFA\\Df@?v@V|@n@LNn@j@PTNHh@n@V\\BJhAtB|ArADHRL\\^JLX~@Hh@@fAMzBEHOpAQb@CTGROpA@JO~AYjAYhBINCPAj@GNE^Cf@H`A@d@DHCn@CR[h@EBI@[@i@Gg@W_@GGEYKQAQQOCQSWKQO_@Kc@Yo@i@', 'resource_state': 2}",FALSE,FALSE,FALSE,FALSE,everyone,FALSE,"[41.143347, -85.099117]","[41.14498, -85.099232]",,4.471,6.15,FALSE,FALSE,FALSE,243.4,231.5,17022917599,17022917599,B349A1A5-6B1C-42E1-A716-615683B87EEC-activity.fit,FALSE,0,0,FALSE,,,
2,"{'id': 60229721, 'resource_state': 1}",Had to GO!,3218.8,941,941,14.7,Run,Run,,Strava App,15941934990,2025-09-26T12:16:56Z,2025-09-26T08:16:56Z,(GMT-05:00) America/Indiana/Indianapolis,-14400,,,,0,5,3,11,0,"{'id': 'a15941934990', 'summary_polyline': 'wcczFb~kfOUXWLm@l@a@NQAWHSCKGWDYGI@c@IWACGa@COIQEG?WKWGSMKAi@_@UWa@k@Qm@Km@Ew@B{AFONsA?SRoADQBEBa@Vw@d@w@^a@@E`Aw@JSHQDCVgABWCGAOKm@@GOu@?QGU?WCMDa@?OZ_AXi@HI@ERQZEX@d@TBDf@XBD\\PF@DDL@v@PRCJ@HC`@]F]LW@QJc@\\kCZcAPURGZCPBJ?n@LPJ`ATvBRXJVBVLNLZPVPd@h@TLDH`@^r@dAf@fARR\\r@v@l@rAtAPd@Nl@Fd@?fAKhAEJE|@q@rDGd@Ad@KhA_@hBALMl@?NUv@Ij@EjAPrABf@Mt@GNQPUFW?SCSMWGg@WUCYO', 'resource_state': 2}",FALSE,FALSE,FALSE,FALSE,everyone,FALSE,"[41.143515, -85.098864]","[41.143394, -85.098753]",,3.421,4.48,FALSE,FALSE,FALSE,243.4,231.5,17022600821,17022600821,569E286E-90B0-4A1F-B64D-2D36F3FE8695-activity.fit,FALSE,0,1,FALSE,,,
2,"{'id': 60229721, 'resource_state': 1}",Jilly Jog #1 ❤️,1617.2,682,682,3.2,Run,Run,,Strava App,15927135521,2025-09-25T00:04:42Z,2025-09-24T20:04:42Z,(GMT-05:00) America/Indiana/Indianapolis,-14400,,,,0,6,0,2,0,"{'id': 'a15927135521', 'summary_polyline': 'kvazFnyffO?{@CEEAM@CBIAe@BUAUBw@@e@DQAQ@YEMJ?RCNBLAd@FRAZCLBHELBJ@ZADMH]EW?EGS@GAIBQ?GBKAYISQQEACOCq@?q@FGAU?q@F[Ay@FBDF?NMT@HEH@NAJB~@GD@HJD@FCL@b@Eb@@RJPNj@LNEV@d@Eb@?TCLODcBEk@?_ABMDANAL@VCl@?HCl@?RCJEn@FHF@DFdA', 'resource_state': 2}",FALSE,FALSE,FALSE,FALSE,everyone,FALSE,"[41.137067, -85.075019]","[41.137043, -85.07494]",,2.371,4.32,FALSE,FALSE,FALSE,242.5,239.3,17007443226,17007443226,4F052E92-0303-4ACB-A10D-2B0AE580719A-activity.fit,FALSE,0,0,FALSE,,,
2,"{'id': 60229721, 'resource_state': 1}",GEOCACHE LOOP!!,14690.9,4590,9242,61.3,Run,Run,,Strava App,15922025407,2025-09-24T12:23:08Z,2025-09-24T08:23:08Z,(GMT-05:00) America/Indiana/Indianapolis,-14400,,,,1,10,2,4,0,"{'id': 'a15922025407', 'summary_polyline': 'm~}yFjxmfOjEjBRNLZ\\X|@BFJLGhAl@hBn@r@rAjGrCrA`@Ng@?WLCfDxABTI\\G~@Ot@I|AOv@[t@Dh@DLjA\\nAl@BFR`AALJZe@hCBZVB~@j@dCt@NNj@Nj@ObATlBLhBGt@Th@U`COtOQd@IVFxDIhBHj@MfA?HG@_@KuBDgB?wAG{A@iCFGJDh@GnAZHAHc@n@\\n@BvDc@rAJ~@A\\UH@lAr@RFdAx@dAbA^~@TVnAYv@[|@M~@?hAPFECYX]BUB_AEs@BWHETHjAOdC?hHOpGOVGTDlDI`BMhADbEK\\LtBO|BBrBMtADlAKdGGLDD\\LZAxB^jA|B?xBGX_@VNTFxADZI`A@TLFZHv@GrADh@^IRWhADV[wAPKmDBaA[aFQeAeA}AI[[sEg@cF[gAM{@AcALsBAeADSFaDJy@PqEn@cIZgBh@eBb@w@TQzA_CdAgA\\Sr@q@tAgB|@sAnAeCZcARqAt@mGj@{FBs@XqBVkEMuBSeAAYa@kBm@uDc@eBM}B@{CHyAPkAZu@p@_A\\iA}@KcBBYEQD}@CiEJu@O_EBYHK]g@o@Gc@MUm@OkBSa@QiAcAyAsCi@CUViArBK~CAxAmBDwAAi@QmAEm@MOK?WwBFi@LK^WZw@NeBDqC^{@@?l@Lt@HvHJnCEh@[X\\a@BSAgBCWGGeHJk@EcAHYGKODOGe@@}AMMCsB]UwDPk@JOEKLQA_@ZK`BGRq@LMMa@Ci@^gBf@w@d@}B`@e@S{AGKGM]u@?u@{@c@KGq@Yk@a@Je@f@Gr@HlFJpB_@Rs@FwAMk@QkAu@s@KeDLmC?{Cd@GU[}@SoAUUSCmB`Ae@n@Q`@SRqCBEKFc@GeEAO[_A?a@QOcAZk@d@{AbCg@j@c@\\yAlBKZ_BrCyAtDW`@}@`Dg@l@yBPiEFSBOTc@]|CxCt@j@\\b@Xh@Xt@]lBWr@o@vAaAfAGVK~DWtAw@tCBnAU\\GZ?~AIFKOYGeANk@XiAzAe@|@KZDb@G^c@ISL]Eo@T_@Se@?GyBWaB_@qACc@U}@QW_C?kARg@RQZSHgAfBKZNPLl@AJILMz@ItASt@Cr@s@vBC\\F`JA\\Qr@OXWD[XI~@s@`CEb@DNKSQn@EbA_@fAg@fAKHo@COJShAe@x@M@gAk@', 'resource_state': 2}",FALSE,FALSE,FALSE,FALSE,everyone,FALSE,"[41.119389, -85.108308]","[41.118887, -85.108152]",,3.201,6.025,FALSE,FALSE,FALSE,247.2,225.6,17002250000,17002250000,7691EECF-50B4-492B-97B0-B23B1616A118-activity.fit,FALSE,0,2,FALSE,,,
2,"{'id': 60229721, 'resource_state': 1}",4 x 2 Minute Drill 🏈,804.7,450,450,0,Run,Run,,15910454851,2025-09-23T14:53:22Z,2025-09-23T14:53:22Z,(GMT+00:00) GMT,0,,,,0,3,1,1,0,"{'id': 'a15910454851', 'summary_polyline': '', 'resource_state': 2}",FALSE,FALSE,TRUE,FALSE,everyone,FALSE,g25537727,[],1.788,,0,FALSE,FALSE,FALSE,,,FALSE,0,0,FALSE,,,,,,,
2,"{'id': 60229721, 'resource_state': 1}","The Michigan (1600, 1200, 800, 400) ~1 Mile Tempo in between each",8851.4,1815,1815,0,Run,Run,3,15910501861,2025-09-23T14:34:51Z,2025-09-23T14:34:51Z,(GMT+00:00) GMT,0,,,,0,6,0,1,0,"{'id': 'a15910501861', 'summary_polyline': '', 'resource_state': 2}",FALSE,FALSE,TRUE,FALSE,everyone,FALSE,g19351325,[],4.877,,0,FALSE,FALSE,FALSE,,,FALSE,0,0,FALSE,,,,,,,
2,"{'id': 60229721, 'resource_state': 1}",Speed walking to class with Harry,330.8,206,206,0,Walk,Walk,Strava App,15911099458,2025-09-23T15:56:36Z,2025-09-23T11:56:36Z,(GMT-05:00) America/Indiana/Indianapolis,-14400,,,,0,3,2,1,0,"{'id': 'a15911099458', 'summary_polyline': 'ae}yFfumfOUz@E^O\\GVEDO@G\\SLSXK`@ANEXSh@g@pCS\\EPIHUFYVKb@AT', 'resource_state': 2}",FALSE,FALSE,FALSE,FALSE,everyone,FALSE,,"[41.116078, -85.111371]",1.606,,2.36,FALSE,FALSE,FALSE,240.6,237,16991037400,16991037400,971BC5E6-8A00-4281-82D2-4F4809BE15E2-activity.fit,FALSE,0,0,FALSE,,,,
2,"{'id': 60229721, 'resource_state': 1}",Harry Cooldown,2438.9,919,1147,0,Run,Run,,Strava App,15910429977,2025-09-23T13:39:20Z,2025-09-23T09:39:20Z,(GMT-05:00) America/Indiana/Indianapolis,-14400,,,,0,1,1,6,0,"{'id': 'a15910429977', 'summary_polyline': 'avazFf{lfO[MOOIAOKaAe@MKOEYWSEKKYOEGOEKMUCYSK?ECMOMCQKGI_@KQMiAe@UGOOkA]OAYQYASOMCcASOIm@KSKWAsBe@Q?OIg@MQAKEe@CQEm@EQ@OCQ?QCW?w@GE@UEg@DmAEK@u@AMBqAEK@QCcAGw@KK@CCU?{@U`Fn@^A`@BHANBBAZ@FCHBLEVBZ?L@HA^@FCD?FBZBDAf@DBC\\DNAFBNAPBFC\\BLDX?FBVBFAPDFAxAb@L?vAXVF^LF?PFXDRHRDp@RNVBL^h@NL@Bj@RTLD?RJH?^PXJNJZLFFVHBDXLl@`@DAHJRFb@\\JBLTNLJBPRLJJV', 'resource_state': 2}",FALSE,FALSE,FALSE,FALSE,everyone,FALSE,"[41.13662, -85.1058]","[41.137621, -85.10593]",,2.654,4.9,FALSE,FALSE,FALSE,233.5,231.8,16990355397,16990355397,6921BBDE-E520-4A0D-BA29-2D614AEF9281-activity.fit,FALSE,0,0,FALSE,,,
2,"{'id': 60229721, 'resource_state': 1}",WU,3289,1036,1520,17.9,Run,Run,,Strava App,15909128073,2025-09-23T12:14:08Z,2025-09-23T08:14:08Z,(GMT-05:00) America/Indiana/Indianapolis,-14400,,,,0,1,0,11,0,"{'id': 'a15909128073', 'summary_polyline': 'kabzFfxmfOQRGAUHOJITGp@CJAfAGTAf@@^A\\J|@BDHZDBBFLLD@FHF?LFVBBBRDDCVJN?THDAJFB?F@RXDBFJFFD@HJj@~@`@fATx@Jh@Hd@Dz@CrAOx@Qd@ADS`@SXCBGJUP}@`AQJKLS\\KHS^Qj@Kp@ChAJt@T`ADf@El@K`@CT?PDBJ?VZd@RLJ`@PHFdBr@`@TbBt@b@VVHVRl@TPNLBh@ZACGAQKOE_@Y]KSOSEe@YWGsAu@UGg@[SEIIOCe@Ye@QOOUICEUIGKe@[AIHWJk@Bg@Ei@Qi@Mu@?]Bm@CIHU@UX{@Ra@pA{ATQDAn@o@HUPWTs@D[FMFsAE{@SoAk@mBEMQSUi@WYGAQUe@_@kAYc@GSKUGUUUc@Ks@Ce@?e@XiEDUHQJKJCb@@DA', 'resource_state': 2}",FALSE,FALSE,FALSE,FALSE,everyone,FALSE,"[41.13748, -85.10645]","[41.137696, -85.106543]",,3.175,4.12,FALSE,FALSE,FALSE,244,233.5,16989020578,16989020578,8F8C9DF1-1D02-452D-BC56-BBE291B08F00-activity.fit,FALSE,0,0,FALSE,,,
2,"{'id': 60229721, 'resource_state': 1}",Strides 😁,321.9,120,120,0,Run,Run,,15898487474,2025-09-22T13:44:37Z,2025-09-22T13:44:37Z,(GMT+00:00) GMT,0,,,,0,4,0,1,0,"{'id': 'a15898487474', 'summary_polyline': '', 'resource_state': 2}",FALSE,FALSE,TRUE,FALSE,everyone,FALSE,g25537727,[],2.682,,0,FALSE,FALSE,FALSE,,,FALSE,0,0,FALSE,,,,,,,
2,"{'id': 60229721, 'resource_state': 1}",Recovery,9666.2,2998,3145,34.6,Run,Run,,Strava App,15898213395,2025-09-22T12:20:08Z,2025-09-22T08:20:08Z,(GMT-05:00) America/Indiana/Indianapolis,-14400,,,,3,9,0,4,0,"{'id': 'a15898213395', 'summary_polyline': '}~}yF|wmfO~B|@TN\\HfAn@fAb@RVFd@DNBx@XhBGR?ZKp@?`ACTDnBEd@Ff@HVPLJTJD`@b@TNPVVR@XH\\Bf@K`Aj@~@t@\\hA@RH`@?b@NR^Bh@Jb@FLd@FFXH?TIHM^I|AUVQjA?\\Df@TPTR@LNn@Vx@TNJJ?x@^b@^?LGXCdADhAl@bBNT?KMQ[o@Uu@B_@AUEGLiADM?QDKHGl@Gb@N`BJr@HVG~@Ax@TzAe@b@Dh@IHDNGf@D`@Gt@Df@ANGzA@v@Ih@FbBK\\Dh@GTD`CETFX`@ZTTXFRPFJNN?FFJTd@b@H@HNj@h@LTl@h@fBnBxAxAX^XTlAnANx@Dh@AzA@`@CHAp@J|BCJDr@AjADXCPBfACNDzCA\\Bh@Ad@@r@CPDf@@`DBhAA`@BNC`@Bf@Iz@F|EC|ADhACLDnA?rA@J?p@Bp@CP?rBFjCCxBBJCNDfAARDp@@|EFb@FFC`ABRj@jAVVNZt@|@x@l@d@R~@TV?NHl@n@VHXFVEVLJCZJZ@VJtA@|@O`AUn@q@r@}ANODMEWDIGs@BmAC[@s@Cs@B{@AG?gCC_@@s@C[Be@CU@g@E[@}@Iu@DWCM?gBBw@GoBDSESBQEmCIWD}@AEAc@?m@C]BIGu@BqAEg@BKEcDBMG}A@w@Ca@C{EIESB_@CMEo@s@E?gAkAm@k@QYUOEMw@o@EMY]y@u@KEEOi@g@Ya@]WEKWUOUc@Y]c@]WGMoAsAoAkAOWUM[g@m@g@s@s@sA}AiCeC]i@WQo@u@MGSYOKQWWWQEa@a@MUgAiAKC}@?QDgACa@Fa@C[FQECDaA@GEoBJu@EUHqAEc@FyC@gB\\m@OMDi@Cg@Fi@KaBGg@OSD]Ba@KYSUCsBu@{@e@YG_@_@_AGo@HOA[PuBNQFQCIe@e@VIQQeAIUOM_BWy@?o@SQSCIEAO[SUy@@[aA]YI?OIMc@KQi@YOa@OQk@[QAu@w@g@SKQSq@GCUVI@s@cA@U\\a@Ru@P]HKTIRQLYh@iC?QFSDeACk@Fo@CEqBeAc@KYS}B{@KAmBeAgAc@AIBKRi@z@eEHKLAVNdAd@^@\\YZy@b@MXBRbAFJLl@Rj@DVFFK]GG', 'resource_state': 2}",FALSE,FALSE,FALSE,FALSE,everyone,FALSE,"[41.119469, -85.108195]","[41.118943, -85.106507]",,3.224,5.76,FALSE,FALSE,FALSE,241.5,229.5,16977857635,16977857635,6715E34B-3CE6-4CA7-B72A-0B11EDE5045D-activity.fit,FALSE,1,0,FALSE,,,
2,"{'id': 60229721, 'resource_state': 1}",Missed Mileage,804.7,210,210,0,Run,Run,,15888980728,2025-09-21T12:18:43Z,2025-09-21T12:18:43Z,(GMT+00:00) GMT,0,,,,0,2,0,1,0,"{'id': 'a15888980728', 'summary_polyline': '', 'resource_state': 2}",FALSE,FALSE,TRUE,FALSE,everyone,FALSE,g25537727,[],3.832,,0,FALSE,FALSE,FALSE,,,FALSE,0,0,FALSE,,,,,,,
2,"{'id': 60229721, 'resource_state': 1}",CS Shower,16917.5,4626,4909,125.4,Run,Run,,Strava App,15888565836,2025-09-21T12:18:25Z,2025-09-21T08:18:25Z,(GMT-05:00) America/Indiana/Indianapolis,-14400,,,,1,11,0,8,0,"{'id': 'a15888565836', 'summary_polyline': '{wwzFdesfOAoABkAE[Bg@CYBu@Gg@_@Sy@BEACONaAT}@LaAb@c_AAmCFsCG_@?iA?oBDa@A_BAYBe@Eg@BeAA_ACM@kEGuG@mCEq@BsECmCDgAEq@F{@Ga@@c@C_@Be@CM?gDCkAB_AEqBDeBEoDBa@C_@?yDC[?aDDQNIf@@vAKtIC|IS|AJnBKRBLL`@G|GIXSHg@@oFEiA?{EBQPO`JM~@Ib@Kl@[^e@v@o@z@Of@FjAj@xCCtCd@fCQl@IXQl@Cp@]rAc@ND`AGv@FlBr@^@HG@e@Na@@mBHc@Sy@GcAGISq@U_AOUg@cBk@oAOm@{A}D_@_BSwBWq@GEo@JmC?KFq@BwEBWKoFLiH@aDH[EuBJiCDcAIiENyD@sDEcBFcDCWFcAGoBPcFDg@JcAG}@UY[YGYe@c@QGQeAeAq@k@mAwAoA{@_@g@OWgA}@{B}BaEqEu@o@GKOKs@{@KCS[_@YuC_DaC}Bk@s@c@]QYiBiBGI@UMAu@o@cEkE}@q@_AI{ADcAEePJ{@J_@TWRa@p@Uv@E`AD~EEbDDlFCtAD~@?pBEZ@hB@nCBn@Cr@DxBErB?lCD^CxA?pCDfDCdE@dCD\\ApA?rB@lBBNCjABdCCPBt@BzEC|ADpC?hDI|@F~@A`@Bf@@rCEb@BbAEjAD^?hCDt@?~AC^BbECf@BFC`JBbFBr@CjEBVA|@@~GH|JAnADb@BjFC\\FlE?xBC~AFlC?dAE|BFjACZBb@A|DB^EhBD`@Eb@FvAEp@Db@Cp@FxAE`ADxAAbGB~MDj@j@DDGfAEfC?rAI~BDbBIl@NRE\\DnDKVLHRJbAC`@HlAH`C@tBFn@CjADVAb@FXARHj@Pd@VdBIv@W|@]d@OJO`@G?WPm@`A[x@O`C?r@U`EELGz@AjBM~BCjBE^@`@EZAxAIv@E~DK|A@r@Ix@Db@Kp@?vALXPFjLMx@Bh@VXXZj@|@pBt@nBt@tA`@jANP`@tAHNJBh@Ev@LdA?jDZ`IV`BNtADNCfAJtC@`@FfAC`HGhH@jDB^GNS@OI}@Uy@]m@q@qDIWAQs@cDM_AWm@qAoHa@_DYsASgBScAK{@g@wCYaASU?IwA_BW{@IgA?g@Oo@BYAsBEc@@_@', 'resource_state': 2}",FALSE,FALSE,FALSE,FALSE,everyone,FALSE,"[41.250614, -85.139328]","[41.250425, -85.139598]",,3.657,8.84,FALSE,FALSE,FALSE,270.3,242.6,16967914961,16967914961,D2ECE1C5-60FB-4752-9EB5-8FB706A8491C-activity.fit,FALSE,1,0,FALSE,,,
2,"{'id': 60229721, 'resource_state': 1}",Rumble at the Fort -8k,8000,1668,1668,0,Run,Run,1,15879058289,2025-09-20T14:45:56Z,2025-09-20T14:45:56Z,(GMT+00:00) GMT,0,,,,0,13,4,1,0,"{'id': 'a15879058289', 'summary_polyline': '', 'resource_state': 2}",FALSE,FALSE,TRUE,FALSE,everyone,FALSE,g26104661,[],4.796,,0,FALSE,FALSE,FALSE,,,FALSE,0,3,FALSE,,,,,,,
2,"{'id': 60229721, 'resource_state': 1}",CD,3280.6,1046,1087,5.2,Run,Run,,Strava App,15878165052,2025-09-20T15:38:39Z,2025-09-20T11:38:39Z,(GMT-05:00) America/Indiana/Indianapolis,-14400,,,,0,4,0,1,0,"{'id': 'a15878165052', 'summary_polyline': 'ws~yFnmofOCMMU?KDSBi@DYASCESEOMMCKOBOIUWS]OIACGEQGAAMLs@EI_AYKIa@KKGw@]UGOKoBm@MIKA_Bm@i@YsA_@aAe@{@YEC]KSMUEGIWCUKMKQCYKIGOEu@[_@Ie@QMKSCs@[UGSMq@SGIa@W_@QM?UEMKuAi@_@Gc@Qe@KSIOCOI[GIIc@I[M[IqAo@USEKQIMQYc@M[Qs@KQWeAARBHJPZbATp@FFJRj@r@VTRHNLPFPNL?RJr@Ld@TVDTJj@RFA^Hh@T`@JRN^H\\Pp@N`@ZH@BFf@PDDTBlAd@VJHHj@RPDD?RNL@^Rz@XBAVNhBn@VND?HFNBhAd@D?TLJBLDJ@FHMb@CRBZHJVJJLDLPPBDVPLNJHDJA^FPPJp@pAXp@FVHx@?XEVGFE@GNG`@CZ@^CbA@THLZRFFf@PTP', 'resource_state': 2}",FALSE,FALSE,FALSE,FALSE,everyone,FALSE,"[41.121336, -85.118811]","[41.121502, -85.118924]",,3.136,4.36,FALSE,FALSE,FALSE,239.1,232.5,16957193026,16957193026,0A2CBEF8-15FD-453E-823D-77EB8B5F929F-activity.fit,FALSE,0,0,FALSE,,,
2,"{'id': 60229721, 'resource_state': 1}",WU,3220.5,989,1091,5.1,Run,Run,,Strava App,15876906924,2025-09-20T14:00:54Z,2025-09-20T10:00:54Z,(GMT-05:00) America/Indiana/Indianapolis,-14400,,,,0,4,0,8,0,"{'id': 'a15876906924', 'summary_polyline': 'c__zFhsofOm@Gw@e@AQBUAa@Fc@A]Dq@EWGMCCEOECCG[i@_@y@GAGa@_@o@E?We@QUEOB[GWAs@Gi@@OKYHUDYAKCCYASMeA]IG}@[QCg@YE?SKWGWO[MQCGGQIa@_@IYOeAEMEGI~@Sd@@HGAKQ[CWQG@EC]SYIIEE?YMGAi@YCEKECEQGs@QSMu@SSKK?UOE@]K[KE?WM_ASIIQGC@]ISMSCe@[UGw@k@_@g@a@u@CKCE@T\\^d@t@h@d@JBNLNHD?TNf@NBDL@bAXD?FHD?VHDAVLh@L\\Pp@PpAj@F?\\Jb@VPFLHNDz@`@RDTNV@HJTHLFJBf@RD?HFD?h@TD?HFF?VNf@NDDDAHFXHVLD?bBp@D?d@VzAj@Ov@?RJX^v@Tr@Ln@BHNnAJZX^FFXl@RX^bALPZJBJLLj@b@x@NP@L?p@KFBFJTPBF', 'resource_state': 2}",FALSE,FALSE,FALSE,FALSE,everyone,FALSE,"[41.121512, -85.118799]","[41.121338, -85.119078]",,3.256,5.02,FALSE,FALSE,FALSE,238.1,232.4,16955905056,16955905056,4A4343C3-3257-44EB-A0C4-E5851C8785A1-activity.fit,FALSE,0,0,FALSE,,,
2,"{'id': 60229721, 'resource_state': 1}",Dress Clothes Strides,93.2,30,61,0,Run,Run,,Strava App,15869601971,2025-09-19T22:38:06Z,2025-09-19T18:38:06Z,(GMT-05:00) America/Indiana/Indianapolis,-14400,,,,0,3,0,1,0,"{'id': 'a15869601971', 'summary_polyline': '_w}yFxllfOEq@Dm@e@VHHPFBF', 'resource_state': 2}",FALSE,FALSE,FALSE,FALSE,everyone,FALSE,"[41.117444, -85.101729]","[41.117473, -85.101499]",,3.105,4.085,FALSE,FALSE,FALSE,239.2,239.2,16948377484,16948377484,C29632A4-4B0E-44F5-90A9-E0588FCD801B-activity.fit,FALSE,0,0,FALSE,,,
2,"{'id': 60229721, 'resource_state': 1}","200, 400",645.8,122,265,3.7,Run,Run,,Strava App,15865064877,2025-09-19T13:29:17Z,2025-09-19T09:29:17Z,(GMT-05:00) America/Indiana/Indianapolis,-14400,,,,0,2,0,1,0,"{'id': 'a15865064877', 'summary_polyline': '', 'resource_state': 2}",FALSE,FALSE,FALSE,FALSE,everyone,FALSE,[],[],,5.293,6.98,FALSE,FALSE,FALSE,242.5,237.8,16943730480,16943730480,829A96FE-9045-4DF9-9CF2-C50BE41E199B-activity.fit,FALSE,0,0,FALSE,,,
2,"{'id': 60229721, 'resource_state': 1}",Segment?,297.8,46,46,0,Run,Run,0,Strava App,15865011277,2025-09-19T13:26:13Z,2025-09-19T09:26:13Z,(GMT-05:00) America/Indiana/Indianapolis,-14400,,,,1,3,3,1,0,"{'id': 'a15865011277', 'summary_polyline': 'co~yFb|ofOU?k@Ga@?g@Kq@Ia@Ao@BKAWII?MES?KCSDKC_@?SO[@IAUDWE', 'resource_state': 2}",FALSE,FALSE,FALSE,FALSE,everyone,FALSE,"[41.121302, -85.119537]","[41.123962, -85.119213]",,6.474,8.18,FALSE,FALSE,FALSE,239.1,236.7,16943675312,16943675312,C3D9833D-AAA6-43FC-8729-6696EAC06957-activity.fit,FALSE,0,0,FALSE,,,
2,"{'id': 60229721, 'resource_state': 1}",Pre Meet,9767.9,2996,3002,64.2,Run,Run,,Strava App,15864893591,2025-09-19T12:20:41Z,2025-09-19T08:20:41Z,(GMT-05:00) America/Indiana/Indianapolis,-14400,,,,0,6,0,5,0,"{'id': 'a15864893591', 'summary_polyline': 'mb_zFrqofODi@C]H_BAWGSEMKKIUc@s@IYq@}@O]y@iAaAw@GSL}A@a@GM[SOBIRGtBBRAVD`A?dAdAzATp@Jv@?RADA^Cb@c@dDIrAAr@D`@JJl@NvAXP?lAXDDBh@PLt@DvBFlAJVF^@RCzANLAx@d@NBnAQp@Vv@YJIDGDA|@uAPIh@?ZEDG@MAIMQs@u@AEu@m@UAg@NuCQwAWuCSkC]]@e@Gc@GMGKA[SGIEQBeAFy@A]@OEU[q@QUIWMMCMi@{@GE[i@MKS[k@o@c@_@GS?YHo@Bs@KSOKQAIHIb@Ad@@n@AdADn@?x@BL~@jALVPp@?XF\\Cf@O`AIhAMn@InAAt@?l@NRj@Rr@FjAPHFj@HJNHd@FBtAL~@@lBRPFbAAlAJXFXRXLd@El@MP@l@Rl@QNKbAeBhAIPEDE?UcA}@OYJ[@c@Ly@PENBb@VXDVKn@KFIBSMK]Ks@CoAPUPKNWrAGL[GUN_@Bw@IuBKSI{BQaAKIEeBMuBW_@Ma@YGSA[HkAAi@DU?WS[AOU[Ui@WYEMMQOIAIgAeBm@i@WOGOAa@@WL}@AWIMMIOCMHKT?N?~@BLCXH|A?x@BNJPz@pALd@Hj@@n@Ej@Oz@Iv@?LGPCTGjACt@@f@DPLHlAXf@DnB^DPAPHPHBv@@zCRv@NrBFTDDHB@@GHGr@b@^HLAFIn@GRBTNLBTCPOVI\\a@f@}@HIv@I\\IBE@QQWOKW]OK[]YOSAOL]Bo@E[GcBGQE[AGGaAEkASqAKMEi@AQIo@Ao@Ms@]KOD}BBU?i@I[yAiCQUMYa@e@IWSQYa@c@WS[AW@G@a@Jo@AYEMSMS@IDEXAt@@f@CV@RCh@DTBnADLx@bARf@Jp@HRRBf@ZNDj@\\X`@F`@ALWNUZa@\\s@\\g@H[PGJAHBXCpAFb@XLhARR?x@RT@v@ND?HKLEv@GxC\\p@@xANx@@h@JbA@lA?r@L^b@H@FLCJQJCJ?d@CPBh@Cf@CJYPY^OBSLc@GEBIPIAGKE?KNQd@E@o@?u@E{BHGCEKFWP[FGDMMm@KQIE_AIOq@MIM@MRW?YT_@CWLWEMJORs@X_@EOOEMC[Ns@?IQ}@?QVa@FCHAb@LVEDB\\IXD\\Cx@NfADLA~@L`@JJA', 'resource_state': 2}",FALSE,FALSE,FALSE,FALSE,everyone,FALSE,"[41.122296, -85.118825]","[41.12031, -85.117929]",,3.26,5.4,FALSE,FALSE,FALSE,243.2,232.9,16943554960,16943554960,84D32916-29E6-4713-A60D-2A5937AE7F1A-activity.fit,FALSE,0,0,FALSE,,,
2,"{'id': 60229721, 'resource_state': 1}",Attack of the Monkey Lady,14484.2,4367,4758,42.1,Run,Run,,Strava App,15842677190,2025-09-17T12:23:41Z,2025-09-17T08:23:41Z,(GMT-05:00) America/Indiana/Indianapolis,-14400,,,,1,9,0,9,0,"{'id': 'a15842677190', 'summary_polyline': 'o~~yF||ofOmBOcAFo@SOFINSDGLk@BULMEQ_@ICk@XUIyARgLBcBHq@Eq@[yDcEsAsAm@W_@]K@SUg@]eAe@SSaAEaCJIF?JHp@AlAF^Eb@?l@F`@ENF|BCzFHnBC|@FZK\\F^C`@BVBbJFfAE^DN?bBBp@@vDD\\Ah@BlCCVFnAAr@DzBCn@HhCC^BVArAFxC@dEFhBCz@BV?jBD\\A`BB`@DzCLXAFDt@Kt@Bd@DzDAxAD|@AfC@z@D\\CvADPAnAG|A@dBLp@?f@?nGEZ?f@F~ACf@?dBD^?fBCH[BMPBzDAV@z@Dh@Aj@_@nASP?Pv@r@JTB^Oj@QESa@Ww@uAgDG_@Sk@OWe@qA]gAKSMCiCD}BQOB{AIcAF_B@iAAoGPoE@uAPyCAaHNcBA}BJ]Ak@WkF?cAJYXiABQCuCFgASS?EIDiBG}C@_@IoEB}AEcA@kACkABIG}A@cBI_D?m@D_@@}@K]@cDC_@@OEyAA}ECiAES@[EkAAgFEuA@}AEw@@_BGwBAwFG{ABOE{A@]Cw@@y@CG@s@E_BB[GcD@]CG@_BE_BBu@GkAAiBBMAaAEODs@CEEuBAiBB]IcH@oAOsBJe@AoAGgAMa@C_BUyA[yA_AcCBSVI|BaBl@i@n@u@lBmCRQjAkBp@y@Xi@`@YJa@FGB[SOa@C{BgAg@O_@Ya@OMO}@c@WGOS[EEKqAs@IKkAq@kAk@}Ag@y@_@a@YYEcBo@u@_@yAo@kAg@[Iw@g@WEa@[w@[COJ[f@aDJ[Ba@H_@?S`@sCAULq@Bo@jAURQDYHQh@y@bAiBNUXUH]RSbAaBJk@B{@NsALyAFQLGf@m@Vc@DSHy@BaAEa@CyAUuBJc@Gk@Bg@DUNS`@UN@rF|AlAl@bAR~DRvACfJR~@JrGrAd@RbBXRPRf@n@r@zCfA~@d@vDvBPB`Ap@lB`AvGzDr@|@TJjB~AL@JTv@p@V^PLJPRRNFh@i@R@vCjD`ALVTJ~ALh@`@b@d@bAj@|BZl@v@nCl@|@p@n@`Bz@b@DzCdAl@JhCdA`@H`Ah@zD|AxAb@RNbBh@|D~AxAh@`@FpAp@~Ad@xElBfDhAhBx@zAj@|Ab@HHlAd@VPe@`Ac@h@', 'resource_state': 2}",FALSE,FALSE,FALSE,FALSE,everyone,FALSE,"[41.121061, -85.11859]","[41.120878, -85.118308]",,3.317,11.52,FALSE,FALSE,FALSE,252.4,232.1,16920799038,16920799038,472960E0-094F-48AC-8C53-A9C80AC28509-activity.fit,FALSE,0,1,FALSE,,,
2,"{'id': 60229721, 'resource_state': 1}",Huntington Fun Run Pt. 2,1931.2,576,576,0,Run,Run,,15836121577,2025-09-16T21:25:00Z,2025-09-16T21:25:00Z,(GMT+00:00) GMT,0,,,,0,2,0,1,0,"{'id': 'a15836121577', 'summary_polyline': '', 'resource_state': 2}",FALSE,FALSE,TRUE,FALSE,everyone,FALSE,g22345660,[],3.353,,0,FALSE,FALSE,FALSE,,,FALSE,0,0,FALSE,,,,,,,
2,"{'id': 60229721, 'resource_state': 1}",Huntington Fun Run,962,223,223,5.8,Run,Run,,Strava App,15836085837,2025-09-16T21:53:06Z,2025-09-16T17:53:06Z,(GMT-05:00) America/Indiana/Indianapolis,-14400,,,,0,4,0,1,0,"{'id': 'a15836085837', 'summary_polyline': 'ezjwFn~khOD@DC?ICMEIi@[IMEAIQAi@QkAA]@SEQIKECa@DKAe@LM?e@HMFGC', 'resource_state': 2}",FALSE,FALSE,FALSE,FALSE,everyone,FALSE,"[40.69539, -85.427349]","[40.696866, -85.427094]",,4.314,6.92,FALSE,FALSE,FALSE,258.7,252.5,16914018917,16914018917,1CF718DF-478E-45A3-BB71-58D535574886-activity.fit,FALSE,0,1,FALSE,,,
2,"{'id': 60229721, 'resource_state': 1}",CD,3222.6,1022,1331,10.3,Run,Run,,Strava App,15831192466,2025-09-16T13:58:39Z,2025-09-16T09:58:39Z,(GMT-05:00) America/Indiana/Indianapolis,-14400,,,,0,2,0,9,0,"{'id': 'a15831192466', 'summary_polyline': 'yd~yFlnofORDh@@LEHUPMH@HN\\NXRD?VPNDBGEK@IFIb@kAR[HWFIFSl@kAN]Ni@Tg@BEH?ZFb@TNR@HFJL?FCFWd@iABQNWJ_@^w@x@yBAIEC[?CDQEECOWM_@SQYIMIEUMWUWSK_@k@YWa@KOKKQUSo@[IMUw@E?GBCFWJIOSQMUGE?MBIJIHOFED]NW@KRc@PCRSDADEFK@[LYAIGGGAE@WYCM@_@Vk@ROPGDGVm@Ec@Dk@IQEAEAUMSGGGWEQMKCIGUGCEKAGII_@Yq@Nh@?LPZXRTFPJ^FFFD?TND?PHBFD?LH@LCb@?t@ERWLCFGBYXQ`@APBXPVD?NL@HALKVCTIPI@EFI?QJUAMLAh@IXATS^?VJRLHRVF@F?BALQH@FN?VRXf@PVTV\\l@TZV^j@VPLNPf@JNFBXFPRTj@BL^FFEP@DJAFCPMHK`@KN[z@?DMTQh@MRCLOTGZOZANIX@b@EZ@HGn@@PE\\@FAp@?LGfA@\\Gh@EBETEBKBKFYCEIQEOKMCKKYGSQICMK[QG?_@QM@IHCHEFEVENS?MMMAQMm@UKKQEUQs@[_@WYMQO_@M', 'resource_state': 2}",FALSE,FALSE,FALSE,FALSE,everyone,FALSE,"[41.12049, -85.116976]","[41.121149, -85.116847]",,3.153,4.82,FALSE,FALSE,FALSE,235.7,230.5,16909022155,16909022155,B60D54B3-87CC-4378-BA98-25F7DFFE69A9-activity.fit,FALSE,0,0,FALSE,,,
2,"{'id': 60229721, 'resource_state': 1}",4 x 300m,1216.1,200,515,0,Run,Run,,Strava App,15830823796,2025-09-16T13:32:06Z,2025-09-16T09:32:06Z,(GMT-05:00) America/Indiana/Indianapolis,-14400,,,,2,5,0,1,0,"{'id': 'a15830823796', 'summary_polyline': 's~~yF|yofOKCI@WCVH^ALBJAFDDAd@H`@@RBLAJDp@FHCJBzADLDHARD`@@JDHCHBHAJD\\BJA]IUAM@MGiDEo@KW?SIQD_AO_@AICI?ICIB_@GWDNDPC', 'resource_state': 2}",FALSE,FALSE,FALSE,FALSE,everyone,FALSE,"[41.121295, -85.119499]","[41.121345, -85.119553]",,6.081,8.32,FALSE,FALSE,FALSE,238,236.2,16908644136,16908644136,BAACF250-2F2F-4D8D-94B6-3A0832218D0A-activity.fit,FALSE,0,0,FALSE,,,
2,"{'id': 60229721, 'resource_state': 1}",Terrible. 2x4k,8167.8,1861,2070,56.3,Run,Run,3,Strava App,15830658654,2025-09-16T12:46:49Z,2025-09-16T08:46:49Z,(GMT-05:00) America/Indiana/Indianapolis,-14400,,,,1,6,1,4,0,"{'id': 'a15830658654', 'summary_polyline': 'cb_zFfoofO?_ABk@CSIQGEAGMOK[ECQa@o@w@k@aA]]KQKMGAYUOSIWCSBWDSBs@BSIOQGIAOBINARAr@Bt@CJ?VJx@Gb@Dp@LNF@JJJNBJTXT`ABp@C|@Ib@GnAMnAIXCp@@dABPDDHFZ@b@FTJPBHAl@NFA`@PF?VPBZLJZATDr@BFDxAFVFFAn@NN@N?HEn@@HBp@DNDVRTHPB|@ON@PHZDj@MRIHGXa@L]JMJQDEbACXMBICOGMIIIAy@{@QOEAEIMEOAWPO@WEICe@@QEwAI_@MSCW@a@EY?iAMUGWAE@i@MaAKGCkAKQEk@]EQFi@@e@?aA@_@CSIUKOKWa@m@MYa@k@Wi@YYCIe@k@CIw@m@GQ?SLqA@_@CIGGYIKHIPET@|@AfAHnB?^HNTPh@x@R`AFd@Cr@GXCd@[bC@JGb@@HGbB@RNNz@Jj@NF?FB\\BRHf@HZPF`@NL^Eb@FFBn@@\\HFCFBTC\\J\\@VHd@CFCTFFA`@HRCN?~@h@X?NABENCV?TBd@NZEj@YR_@LMHMJYLKNEP?`@ENEHEBICOGKWOs@y@BKJSBs@Pe@FEDAd@X^HPCRIXAPGFGBQEOGMIEQL]GM@ICW@w@PMFYTOn@G\\IN]@QHUBGCUB_@IsCQa@IS?GEsAIsBUEA_@ESG]AWGQ@QI]GSOMEEECIAQB_@ASFcBA]_@w@g@w@IWSSO]]c@Q]{@aA_@YIMIY@]D[F_AIQ]KG?KLGfA@\\AtADn@@`ALXLFJLVb@Td@Lz@@l@]bDAXGZEj@?\\EZ?`ABTDFFBP?RHFCTJVBp@LT@j@NNBFBDDB`@HJp@@PDZ?`@F|@AZJv@FNFFAL@b@Cl@HDAZ?\\PZTn@?RG`@Cj@TF@LCl@Yh@u@R]TYz@GXIDG@QEKMM]Oo@u@e@WMBEDIDQ@oBKq@IS?i@GQ?[Ic@Eu@MO@UEmAKYGyAM[MW@s@_@EQFmDAUGQ]s@EO[a@CIEEYi@YWCI[g@ECEGg@s@KGQSGAKME[LwBCIQKI?ECOFIT?\\CPBH?f@Cz@D\\?d@FbAFPRLZf@P\\Pd@@RHTDBP?^VZJ\\VVZPt@CH_@NWX]HkAt@MBWTCF@h@CZCn@@RDPlAR`@BhB^`@DLAPKjAC', 'resource_state': 2}",FALSE,FALSE,FALSE,FALSE,everyone,FALSE,"[41.122206, -85.118456]","[41.121399, -85.119525]",,4.389,6.92,FALSE,FALSE,FALSE,243.3,233.1,16908474083,16908474083,B3C01543-4353-4607-A69B-0DBD3BD4ADE6-activity.fit,FALSE,1,0,FALSE,,,
2,"{'id': 60229721, 'resource_state': 1}",WU,3343.4,987,987,0,Run,Run,,Strava App,15830163327,2025-09-16T12:16:40Z,2025-09-16T08:16:40Z,(GMT-05:00) America/Indiana/Indianapolis,-14400,,,,0,2,0,10,0,"{'id': 'a15830163327', 'summary_polyline': 'ex~yFraofOiC{@KISGSKu@Ya@QSCu@[uAe@SIKCQKgA]_A_@QCm@]gBk@u@]c@KmAe@QMq@SWMw@SiBu@{@i@MCUK[EgAg@[G]OkA[IGYEIEWIWKGESCOIc@Iw@e@KCQO[Ok@m@KQAGSa@u@_CG]Uk@CUKYAMWs@IIUc@SUKSEDDJ`@\\T`@Vp@TfAHPBNZx@ZfAZ|@Zf@\\`@r@h@hAh@`@Lb@Hh@TRBHDXFBDPB|@\\VDNHZJRLfAXf@THHD?d@XrAb@b@T`Bl@VFBBVHHFPFPBTJDDD?f@Tf@NDDNFD@PHVHB?f@XF?rAh@F?PDJF`@LVNH@r@ZD?TJXFFHd@LRJ^HTLf@N^RF?XNx@Z\\F', 'resource_state': 2}",FALSE,FALSE,FALSE,FALSE,everyone,FALSE,"[41.120529, -85.116376]","[41.120292, -85.11543]",,3.387,4.32,FALSE,FALSE,FALSE,233.4,232.5,16907965314,16907965314,5DD57D05-6D5F-46B5-BBCE-E236B1E9BE13-activity.fit,FALSE,0,0,FALSE,,,
2,"{'id': 60229721, 'resource_state': 1}",Recovery,8673.9,2777,3005,20.3,Run,Run,,Strava App,15819084184,2025-09-15T12:23:26Z,2025-09-15T08:23:26Z,(GMT-05:00) America/Indiana/Indianapolis,-14400,,,,0,9,0,2,0,"{'id': 'a15819084184', 'summary_polyline': 'cv~yFfwmfOGAc@FUAGD_@BMF]?QFKPKv@O\\GBc@COB]TG@GCk@Ci@Ne@d@a@r@IDMr@c@LYNe@?ODSAIFM@GAq@BcAEe@d@gAREDO?YEKGSCq@c@y@YYHMFCFE@a@DKDa@MK?KFKAWSGIm@c@a@@QDMC[DEAoALk@DQ?OGIIEGWw@Gk@@{@Ju@B]r@eDRqALuA^cAEe@Ks@GYQOIQCQZmACg@JS?GOIQAKDUEG@a@Aa@OGIg@aAGSEEEAC?INWLONKDSPWLe@DECc@F[GECEMEEKUSSESEC?kBKw@o@u@WUYKEKE[SAq@BKLKh@BDAt@HzFAXBv@A^DjBAt@F`A?`A@HKGe@e@?]D[?_@BQEqA?{@IoD?g@Gi@IEIBEFEEK?YD]?YFOFKLUJ_@CIEIIMGE@SOWEi@QMK[GGIi@WIAGGUICEMGcAo@mAg@c@Is@_@KAa@UE?]US[ICKKQCc@Q{@q@EKy@q@COWc@KYOGYWISSo@SUSGQQCGESCu@CEGs@G[Ai@Gq@FkBQq@Y]Wc@IEY]E@@Db@XFNh@r@N`@Bd@Cb@A|@J`BHT?LDZ?\\Hn@DNZTRFHJJPLf@JL`@VXt@HFLXh@d@FLZTBDl@^f@NXNFDLTd@VJBvAt@H?^RZH`@TNLd@Pd@\\j@Xf@XfBl@n@NRNf@@p@a@tBMNjIAbABFGr@?JEf@EDGAAIB_@Bs@AMFs@H?PTNCJIDDFNBRC`@@NE~@@v@CpABfBHb@HVf@l@Zl@l@|BDBH`@LT?F^dAPn@f@`APPLTXLNNVHRN^P|@PxAf@NH|@PXLP@x@^HFrBp@r@d@tAb@TLVDb@TD?TNZHPL\\Fl@Z^F\\PTDb@Vt@VPJp@TTDBBTFdBn@VPfBh@t@^|Af@tAn@NBf@RfBh@zAr@RDh@TVHRL~Ad@r@`@t@R`DnAHFTJFHJ@FJVHv@f@t@`@`Bp@RNNBd@ZJ@`B`ATBZOPa@DW@gADu@A]D]AKF_CDe@Jg@|@gCvAiDDSAOGCk@DIE]{@QQe@SWq@a@YOUAGSWa@[UCMI]a@[SG?[QIOIg@Ds@C[?UBUBEH{@J[RwABEJ]JcANw@AiCOKSEQOIA{@e@YG_@Q', 'resource_state': 2}",FALSE,FALSE,FALSE,FALSE,everyone,FALSE,"[41.119545, -85.108089]","[41.119463, -85.108206]",,3.123,5.28,FALSE,FALSE,FALSE,238.4,230.9,16896553632,16896553632,24EE302E-1B78-4A3B-A86A-5E97AA5244D4-activity.fit,FALSE,0,0,FALSE,,,
2,"{'id': 60229721, 'resource_state': 1}",The Last of the Mohicans,20121.3,6027,7672,54.3,Run,Run,2,Strava App,15809856494,2025-09-14T12:18:51Z,2025-09-14T08:18:51Z,(GMT-05:00) America/Indiana/Indianapolis,-14400,,,,0,11,4,4,0,"{'id': 'a15809856494', 'summary_polyline': 'wduyFrgyfO|@IZvACvAc@lCTNeAbFa@lCSRQ|@mClQO~BMZJrBr@rBj@~BLN?TTl@KtCYfBE~@R|D`@dB|@f@`CeAx@AxAVz@QxAMb@TN`@PnBfAnB\\^|G`MjBxC~@nBZXlBCXJDl@NDDRHbFLd@vAhCjBnCxAlCdAvAx@vAnAjCZLn@t@bCrDxEnGzAJ~LEPxL?fENtAZl@zHrLj@NlBMvBFdEIxAK|CBxAMzGEp@Db@rAnBvCbAzBbAxAj@rAhBtCrCdFrAjCv@fAtAtCd@j@hA^d@t@Ff@CVKXo@r@Qb@w@|DSlBWdAi@PiERGPHxCIv@_@TqBHYFCNZ^tBxFj@vCd@`Bd@|Bh@~AfDhOj@pBJx@b@zAh@tC^`AxA|CHv@Jn@|@tBdDdHz@vAj@pBzApCpCxJLRb@RtAYd@?f@d@?b@\\dCV|DD@?`BLa@PEPUlAm@xFyBlCyAjC{@xE_A^c@He@CqARc@ISLoAi@yDpAUR_@l@e@b@cAi@lAaAbAoAH[{@@a@I[QaDUWw@h@_@`AEr@m@X[x@i@r@WfAW\\WHW\\]?o@`@[DcAr@IPOnBSn@Ab@{@bAaAp@s@hAAl@Vb@Jl@Cn@e@K[u@c@KKkB[mD[wCu@oFsAkNa@eCWkD?WNOQR@Jh@xFAPI@IQOkA{Gql@YwCe@qJIoGBuDFc@PW`Bk@bB]dEOLVDzBHt@XBfC[xAo@fEfCtAnAzAxBbBhBt@`@`@DvAOG@DMv@s@nDkBUTDVGt@Z|Aa@E}@[Mk@[e@mBxAiBNaBmAeCiDyAsAyCkBe@o@w@GM`@YLoCh@SEOk@?cBQa@WMoENkB^}An@aBLuBEuDRQOwDP?YPIj@kETq@RuAX}@x@gABw@k@cAeA][UkBwD{CsF_AqAk@sAgAgBWW_AqBkAeB}@oBiAaBsA{CoFD}AGiBLgCE_BNmBKcBRsBIwAPc@?YOi@w@Oe@gAyAc@_A_BqBoAgCU_TE[SImCAmGBgADWEcAeA{BcD][{BqD_BeB{@uAi@qAwAqBYm@oDqFwAgCWaAEyGk@SmBA_@OmGuKiHoMOgBQe@a@Qi@Js@Gs@R{AWg@?aDhA}@s@]mCKwC\\gDJkCsBcHUuBTqD|@kF|@{G^sBZq@n@kDP{AE_@H_ALWCO^iBDcAMyAIWMKeB`@', 'resource_state': 2}",FALSE,FALSE,FALSE,FALSE,everyone,FALSE,"[41.074613, -85.167419]","[41.074723, -85.167096]",,3.339,6,FALSE,FALSE,FALSE,259.6,228.5,16886854665,16886854665,A511ADDF-CB2E-4D4D-BBA2-C7F933D486EF-activity.fit,FALSE,0,5,FALSE,,,
2,"{'id': 60229721, 'resource_state': 1}",Segment Hunters w/Marcus,10102,3021,3571,34.2,Run,Run,,Strava App,15801319448,2025-09-13T19:27:37Z,2025-09-13T15:27:37Z,(GMT-05:00) America/Indiana/Indianapolis,-14400,,,,1,5,0,2,0,"{'id': 'a15801319448', 'summary_polyline': 'mr}yF`alfOpAIr@@jCIXENUZKLKBOIo@@a@OwA?gAEUAeACM@UG_A@qABQJKf@GTDb@Il@@j@EzAHbARdAET@TEjBBPO@GGYBKCg@?cBEcA@UCGBq@IaD@kBEeABMGc@@s@Cw@@MEe@BWCc@AaDG{A@c@AwACg@EeGCsACU@{BGeBCmB@OGeA@cAEyABe@CGCqC@e@EoACI@i@Ci@BWGgC?u@CO@MBICO@YEM?m@BECG?c@C]@k@BQJ@^ULHh@EREd@BVGZ@VGt@@DC|@@NC^BBENAd@@BEb@ATDb@Ih@@l@ERID_@DGXE|@ARERBJEd@AjA?dAIj@DJEd@@xAI`@B|@I|CGJKGi@?aBGcBCcDCYBo@?MEGAeA]{Aq@_BQkA?_AG{B@{@O_FBaAIgA@}@CkAAU@a@EwA@oBDm@FKBUGe@?c@S}E?s@ESO?[PSC{AHsAK[Dm@GQ?QDCLFLJBJKD[LACE[MYDUa@YQAEK?EF?VIZGr@J|@HJ`@PFP@FEV?XDd@VPH?BCHBJRBNC^Dv@EZ@\\CHCx@KBKE]?i@Lu@?cAHUCGD_BDWEmAFcCBo@FcCFi@HQPAF@bAD|@?t@CZDj@DtDCJGH_ATMJUBQHw@@[MsAEUIo@FGGE]Ew@@MC]@]C[@aBE]CyBEUQEiBFKEg@@M?UIIDSEu@FMGCeBDk@Lq@LgBC_@Bs@C[Bm@^sADg@AgBKYg@IuA@SGUWKEIQsBcC]SQC]BONYEqBHi@b@_@L_@XUE_DL_@MWC]KEKMIOCM?UVAnABp@AF@dAA^BTALDdCAPHfAAj@D|@AbBDfADXAL@\\?`@FdA@fACPDlB@F?v@BVBzB@P?fBDh@Ab@D|ACXD|AAn@DlAC\\Bh@AJDn@AZFf@CTF|A@~BFf@E^BfACjADt@Ap@Fn@ATGHo@@CHB\\Ap@BbBCXBp@CfBF`@?zABHAZBN?j@AFFzAAr@BPC^BFCx@B^BhEBLA|ABLAF?l@BlAAND\\AbB@pA@FAL@XAHNnDCNFxA?bABt@Ab@BHAb@DlAAX@VCXD^ANBl@Ah@BD?\\Rb@VfA?FBb@C^BVAj@BD@p@DzC@x@CLBF?lAJhCAt@BHCVBdA@DBfBD^Gd@?NDDDTDh@', 'resource_state': 2}",FALSE,FALSE,FALSE,FALSE,everyone,FALSE,"[41.117539, -85.100531]","[41.117608, -85.101598]",,3.344,7.52,FALSE,FALSE,FALSE,249.6,238.4,16877865513,16877865513,C4E1A616-0D64-4FD3-956F-12499BB4DE03-activity.fit,FALSE,1,0,FALSE,,,
2,"{'id': 60229721, 'resource_state': 1}",25 x 400m ~30sec rest,10000,1850,1850,0,Run,Run,3,15786716004,2025-09-12T12:45:26Z,2025-09-12T12:45:26Z,(GMT+00:00) GMT,0,,,,0,3,0,1,0,"{'id': 'a15786716004', 'summary_polyline': '', 'resource_state': 2}",FALSE,FALSE,TRUE,FALSE,everyone,FALSE,g19351325,[],5.405,,0,FALSE,FALSE,FALSE,,,FALSE,0,0,FALSE,,,,,,,
2,"{'id': 60229721, 'resource_state': 1}",WU,3225.4,951,1672,17.9,Run,Run,,Strava App,15785662528,2025-09-12T12:14:00Z,2025-09-12T08:14:00Z,(GMT-05:00) America/Indiana/Indianapolis,-14400,,,,0,3,0,13,0,"{'id': 'a15785662528', 'summary_polyline': 'kabzFtxmfOo@HQNEVKz@EfAEd@C|@B`AVx@DBLVn@TpARDDVF`@Vh@f@DLZ`@z@rBF\\BDD^HLH`A?V?h@M~@CF?FGZ?Fa@hAIJMFAFEBCDWREJ_@TKRKDi@l@Yn@EDQj@KnBHh@FLHd@Hh@@XAPSlA?VFDN?LThCpAf@NPLD@VNND\\TfA^BF\\L\\Td@Lh@^j@X}@c@UQg@QCGuAk@o@a@kAc@IIEAE?SOy@]YSKGMAa@Sq@w@?ELa@Di@Ak@[}AGe@?iAHm@^cA\\e@BIn@u@FANS`@[BEDAp@eAVo@Jq@Dg@@s@Co@Ku@e@kBq@{AYc@w@m@YOs@SI?k@Ke@QWW[o@Ei@?qABm@HcA?YNgA^[^IPM', 'resource_state': 2}",FALSE,FALSE,FALSE,FALSE,everyone,FALSE,"[41.137451, -85.106357]","[41.137668, -85.106478]",,3.392,5.32,FALSE,FALSE,FALSE,244,233.5,16861378110,16861378110,9BBFF6E5-7FA0-49E7-BE65-FA9557E3A9F4-activity.fit,FALSE,0,0,FALSE,,,
2,"{'id': 60229721, 'resource_state': 1}",Trespassing Frog Loop Lake,17388.3,5062,5796,59.7,Run,Run,,Strava App,15764172940,2025-09-10T12:20:09Z,2025-09-10T08:20:09Z,(GMT-05:00) America/Indiana/Indianapolis,-14400,,,,1,6,0,8,0,"{'id': 'a15764172940', 'summary_polyline': 'cs~yFxlmfOiC}A}@BKxAe@pA]`@K|@LdFOv@OJq@Cq@\\o@E]Hk@l@q@zAaA^cBReCGGPa@ZkAXgAWm@_@s@U_@Bm@ZuA?}AeAsFT]_@U_ACa@Dw@lAaHRwBRi@X]YwAS_@c@W{AIs@i@_AFg@i@}A?CyAYAUo@o@u@oA[}@kBe@m@]SG@PhQBdATDEEk@p@Mr@YFkDeDS?u@h@GYq@_AaFiEd@DNWE{@IGwAi@_@_@i@QkC_BIOiEwBeFwCyD_BgCq@wHcB_@JMPC`AS`AcNa@KR@tCHzCDhDArBFp@DbGN`EJzEAnE^hBL`BCbAOp@IxAJv@b@~AHrAc@xDDn@Ol@c@Pc@`AuGxI}EzDnArDf@tDC^Db@LZF`CKt@N~A?lCGb@ULwAJ?\\wCe@_Cq@yB@q@Ts@z@s@rB_@b@KV{@d@cA?IFIZOESZH\\d@ENJR`@GrADf@xAx@p@`BYHk@f@ILCd@W@_An@CNF\\Q\\M|@?t@JZGJsA?k@LUj@If@QTE`@Wf@Gf@UP_@p@kKzBCtCIRiBIu@RCXLl@x@GR[IaA}@NEl@Dd@dAKCoAICcANJjAh@D\\SKaAkCvAUAq@e@o@qAR_@dAm@~Ai@`Hg@pG_B~@yAB_@PQP{@PWAY\\k@dBC^KBIWe@f@qCCi@hBu@@i@~@u@q@yAuAu@M[HoB_@c@a@IEWb@SJ[rAIx@e@`@o@r@yBj@u@\\Ol@EvBBpDhAz@FrACf@c@H_@AyBKmCHe@GgCOo@AkAq@}Dw@sBIc@hFwDtHuKXMZaAAKSKJ]HsANWD}@EaAg@oCKWXaCAwAF_@c@sBEgACcC@^P@zAe@~A{@K{Ba@uBU[Td@Z~AHtACdA{CfA]BMK?cCa@uNBqAIsABgCMsG@{DfNd@Lk@H_BVY^A|HfBxFhBhFhCnBrAdAb@jHlEpAh@HTBh@E\\Fd@bD|Cz@fA^DVYZI`DlD\\Bl@lAZnAhAdB\\xAhBtF`AnA~AbAxAZbCt@`EvAfCnA~LvErSxHxGzBtJvD`EbCtFlC|@Vb@YP_AReJ|CcIFe@MIg@Ba@{@}@k@Mi@m@a@m@}@o@Ua@g@gAi@Ww@OAWTq@gAB[ZW^qARWt@g@d@cCHkAFmCMOeAa@', 'resource_state': 2}",FALSE,FALSE,FALSE,FALSE,everyone,FALSE,"[41.119473, -85.108212]","[41.118904, -85.108155]",,3.435,7.84,FALSE,FALSE,FALSE,251.9,231.3,16838669137,16838669137,0DA59906-8610-40B9-9554-9118F9E139D9-activity.fit,FALSE,0,0,FALSE,,,
2,"{'id': 60229721, 'resource_state': 1}",Walk of Shame,750.9,452,452,5.9,Walk,Walk,Strava App,15755248917,2025-09-09T18:15:13Z,2025-09-09T14:15:13Z,(GMT-05:00) America/Indiana/Indianapolis,-14400,,,,0,5,2,1,0,"{'id': 'a15755248917', 'summary_polyline': 'yq}yFlnmfO^kAHe@DCD??S@ADMHoANQl@QXu@Fq@EqABk@?aBG{AAyAGu@Ou@SWWYO]Om@OqAGUIO', 'resource_state': 2}",FALSE,FALSE,FALSE,FALSE,everyone,FALSE,,"[41.117321, -85.101456]",1.661,,3.2,FALSE,FALSE,FALSE,241,234.8,16829226651,16829226651,9C97B8A5-4F1E-4648-BA3C-B3C380BE8A94-activity.fit,FALSE,0,0,FALSE,,,,
2,"{'id': 60229721, 'resource_state': 1}",10 x 1k over hills ~1min rest,10000,2050,2050,0,Run,Run,3,15752150317,2025-09-09T13:35:25Z,2025-09-09T13:35:25Z,(GMT+00:00) GMT,0,,,,0,6,0,1,0,"{'id': 'a15752150317', 'summary_polyline': '', 'resource_state': 2}",FALSE,FALSE,TRUE,FALSE,everyone,FALSE,g22345660,[],4.878,,0,FALSE,FALSE,FALSE,,,FALSE,0,0,FALSE,,,,,,,
2,"{'id': 60229721, 'resource_state': 1}",CD,3221.3,1029,1068,15.9,Run,Run,0,Strava App,15752082257,2025-09-09T13:45:08Z,2025-09-09T09:45:08Z,(GMT-05:00) America/Indiana/Indianapolis,-14400,,,,1,3,0,4,0,"{'id': 'a15752082257', 'summary_polyline': 'cz~yFvgpfOKO@IBI`@q@Mm@U]o@CMGMO?QGKIGEAEBMRS?KBGDCFK?GAYFQ?EBSCSTSPGBGAc@NWIKOG[Fk@DQ?MGSGe@@QDQFMRGPDJJZCDCJ?JEBOIYMOO?c@MUCKEwAQKCIIG@KCOUAa@AG@_@?]DM?c@TuA?GX{BBUCO?a@YqAIIWg@g@i@AGASBa@CG?a@Gg@@sABGCQBYH_@FGPAXTDAXNN@FCFq@KMIBQMYGIGq@QSOE?c@SUGUMYKMASKUGEEKASKE@IGKEAIL]HIF]Rg@b@WF@LTr@j@h@BXQ?QFE?JJUJE`A@`@AJBd@Gd@?HAN@f@AX@DCTAJEx@Gx@?BETDZAH@JL@b@PpBBv@Nj@RTj@^RRPLBFDB^h@P^FVHHLX\\j@\\`@HN@LLTXt@HNTBLF', 'resource_state': 2}",FALSE,FALSE,FALSE,FALSE,everyone,FALSE,"[41.120908, -85.118896]","[41.12039, -85.117655]",,3.131,4.73,FALSE,FALSE,FALSE,242.9,230.9,16825928172,16825928172,564F5C13-E45E-45F3-9C53-891AECB34733-activity.fit,FALSE,0,0,FALSE,,,
2,"{'id': 60229721, 'resource_state': 1}",WU,3232.8,913,913,4.2,Run,Run,0,Strava App,15751207720,2025-09-09T12:17:50Z,2025-09-09T08:17:50Z,(GMT-05:00) America/Indiana/Indianapolis,-14400,,,,0,2,0,7,0,"{'id': 'a15751207720', 'summary_polyline': 'kx~yFpaofOk@U{@WOKi@OKKWE_@UYK]G[OMCKGk@Ma@SUGu@_@s@Se@UUC_@SiA_@WOG?]OeC{@WMIEG@UEWYS?k@UOKc@KWOk@QQKWGg@_@]Mk@Oe@SMCWMWGQKE?q@QKIG?e@M}@a@G@MGE?ECm@Mc@YE?KIQGUMEEKEOQAJDFL@TNDDD?JJDADFJBDDD?HFD?JFb@HBDL@DBD?DDJ@FDt@VTJD?JDD?BBh@Lr@XDAJFF?TPVFJHLDXBTND?DBJBPLb@RF@f@XTFDDNFDAv@\\d@NJHPBHHj@NDDD?f@TVFTLL@l@XVFVNx@VZPf@PF@ZLLBZNVDNJPD`Ad@XFJFD?t@ZPFF?HDl@PJHb@LNJn@RTLfAZ|DbBTDd@X', 'resource_state': 2}",FALSE,FALSE,FALSE,FALSE,everyone,FALSE,"[41.12057, -85.116373]","[41.12036, -85.117636]",,3.541,5.36,FALSE,FALSE,FALSE,237.1,232.5,16825008827,16825008827,5E1E0CA3-F4DF-4373-BB83-3C3A3AA232E3-activity.fit,FALSE,0,0,FALSE,,,
2,"{'id': 60229721, 'resource_state': 1}",Recovery,10504.9,3166,3716,39.4,Run,Run,0,Strava App,15739862237,2025-09-08T12:21:49Z,2025-09-08T08:21:49Z,(GMT-05:00) America/Indiana/Indianapolis,-14400,,,,0,8,0,5,0,"{'id': 'a15739862237', 'summary_polyline': 'q~}yF`xmfO~FjCbAf@FJLv@@TCNBTTtADj@UjA?p@E^FtA?hBFPb@f@b@`@x@l@TX@PCPDzAIb@f@p@h@\\RD|@@`AL\\JJLHTPnAHJf@Jj@MLBbBYH@LKBGAOEKeB?WLUZ_A~E[lAQfA@HHJH@h@[NEd@HTNjC~C`An@pAb@t@v@JRJFJX^j@j@r@NZFDxBfDxAxDH\\NRdApCfBxD\\xADdAErCIhAMXc@F{@E_FF{@l@S?YHq@BIEWHWCKLD`@Ax@F`BHd@t@rBZlARtAItA_@rCC`A@`@CLH~A@nAAXBl@?x@B\\ArDDvFBRLR~@t@RXpAbA`@MUNINIv@@b@Kn@@t@GjABVCNBr@Ah@B\\C\\DrAI`ACxA@d@Kz@BfACPMLc@CWDkBAQLIRH^Br@ApAD|AAhBALBn@CLFp@@lAJbA@pAD\\b@YGx@M\\GH?H^h@FRFl@Lf@RLxCCrBI|AP`AExA?x@B`CKj@B|AMVDXCVBxDQlCBj@InB@vBKTFhAA?I[EUOCUHUE_@O[QQSGQQs@EMKCM?o@J]Fk@[aCAsAH}@L_@TuACGEAQ\\]Oc@NIQMlAQt@i@\\QCMWGWMWG[u@wAa@sAAMKIMg@]c@Oo@SKk@e@cB}AUYqAgAq@s@PYJq@?_AEeAF_ALQ`@UTc@@sBCkFByARs@t@k@f@k@\\_AJi@Rc@?UWQOSy@Ka@M{BeAWCkBu@WYw@s@QGGKw@q@c@OmA}AQa@SgA[{@EWBOIuBUoD@o@Eo@ISULIC?]CY[gBUs@[i@_@cANk@jAD\\ErC?RCFiAJq@?g@D_@GoBQoAIQWy@]u@KIOc@S]q@cBk@}@ESq@qBMUa@iA]o@g@k@k@cAKIYi@k@o@Yi@q@{@EK[[_AYm@_@[[AGc@_@c@o@EUwA_Ak@O[HWZKAGICQLWT}AjAsF^e@PCh@@TCd@HDH?HKR}@J}ALe@PYCMMEeAG_@Y_@{AY{@Ae@Ka@c@Uc@AWBKCCWVo@COSOe@[]WCWw@m@a@Yi@]Uq@WEKi@e@a@QQWKg@EEIBOTEAIGEMc@a@CY`@i@Nm@Xo@h@WPODa@Ni@PmAJwA@qADQ?OEGeAa@WSe@Kk@W', 'resource_state': 2}",FALSE,FALSE,FALSE,FALSE,everyone,FALSE,"[41.119408, -85.108257]","[41.119421, -85.108223]",,3.318,4.98,FALSE,FALSE,FALSE,245.1,229.9,16813028921,16813028921,446AB128-11EB-4BC8-ADD4-2C7BCC142054-activity.fit,FALSE,0,0,FALSE,,,
2,"{'id': 60229721, 'resource_state': 1}",LR,17705.8,4429,5157,75.3,Run,Run,0,Strava App,15729418176,2025-09-07T12:16:30Z,2025-09-07T08:16:30Z,(GMT-05:00) America/Indiana/Indianapolis,-14400,,,,0,6,0,5,0,"{'id': 'a15729418176', 'summary_polyline': 'gyc{FpafeODz@CN?|AGVA`ABlG@PFFV?LLBNAJIP]HKJAHF\\Ev@BbC?~BDvEAV]`@s@~@BPK\\@VIz@?n@Cp@SNx@zNR\\JJRv@\\VAR@p@ExDB|@CTDd@AjAB`@Cb@B\\AhBDxAAzB@XAFH~KCt@D~BCFBPCnBB^AP@`@Aj@ONcA@_AAwBLsD@SFsGJgABmAHsDD}AHy@AiAH}@CeCF[DSCeBFgB?qBH_D?aDJ_CAyCJeJBoCFe@AYBSCKD]CUDKEi@Fw@CcAFiEAi@BYCoGBc@BYCc@Dc@@iAA[DYC{@Fg@?oAEYDc@EYDuACk@Dw@EwB?oDHMECDiDEmBHy@EeAAkAFw@CgADcDA_ADmBAk@DcH@kCFuA@iCEmEJwFCuFHYCo@D_BAk@D]Cg@FgBAUDqDFMCc@DeA@_@CgBHYCWDWCw@Hi@GsBHmB?mCJiAR{BJ_@CqA?WFSEwHJ_DAgADWE}@FiAAwBFaBA[DsBA}AF]C{BFm@CmCD]D{DDMCwA?YDwB?cA@i@D_BEeLLE@CDCp@JbNA^BhBCFBZAPDfACtBBdBAd@B^?tCBNAjEFA@OEq@@mA?eDIqEBYCs@BQE_AAgA@a@Cu@?wEGq@?m@BoAAI@OA}@CSB}ABIRKb@BRElC?fAI~@B~EK^B|GIXEPB`CElA@pDKbABd@E\\@v@I\\D~@CNB^EZDxA?REp@Dd@E|D@lBIZB|EEZErFA~CMdAM^K`CGfA?zDCjCK^Bj@GtCCf@Dh@E^BjAEf@B~@I|@BTEvCCv@GnH?REhBBTCfAAf@BlAGbAD|AG^DREl@F|@GpC?^BtAC^CdBBREvHC`A@lBG~BAtDDj@G~GAn@Bz@C~ABh@EnA?^Dp@ITFfAGpBB~AA\\CVDhBI^BvBIfAB^E~@D`@EfC@j@C~ADxBGXFRKL?rE@|EK|CAd@EvAAn@@nFOfBBVExBE|@Br@GdAA|@@jBIzABxAG\\GfFCbDI\\Gn@@hCM~@?l@G|A@dGQX@VG|@Bb@KDQBYIy@DsACoAJi@Co@@qBEuDBQEc@@oACaA?yD@g@A{AE}@B_AGqEBc@CsA@}@Ak@?uDC_@?iFEsA@a@Ai@Da@G{@?wFE}C?sECuABw@A{ACe@@KAsBCy@Bs@Em@D}@C[B_@Cy@@]HSE_@@y@', 'resource_state': 2}",FALSE,FALSE,FALSE,FALSE,everyone,FALSE,"[41.312055, -84.90374]","[41.312371, -84.904252]",,3.998,8,FALSE,FALSE,FALSE,262.1,246.7,16801885387,16801885387,7775071B-675B-480C-9B99-9750EBDA97EC-activity.fit,FALSE,0,0,FALSE,,,
2,"{'id': 60229721, 'resource_state': 1}",First XC Race of 2025 ~5k,5000,1007,1007,0,Run,Run,1,15718874559,2025-09-06T15:33:38Z,2025-09-06T15:33:38Z,(GMT+00:00) GMT,0,,,,0,9,0,1,0,"{'id': 'a15718874559', 'summary_polyline': '', 'resource_state': 2}",FALSE,FALSE,TRUE,FALSE,everyone,FALSE,g19351325,[],4.965,,0,FALSE,FALSE,FALSE,,,FALSE,0,0,FALSE,,,,,,,
2,"{'id': 60229721, 'resource_state': 1}",CD,3222.4,977,1398,15.1,Run,Run,0,Strava App,15718245809,2025-09-06T14:40:32Z,2025-09-06T10:40:32Z,(GMT-05:00) America/Indiana/Indianapolis,-14400,,,,0,3,0,1,0,"{'id': 'a15718245809', 'summary_polyline': 'g{~yFbuofOm@SM@m@UKAa@Ma@Og@_@GUAUCGQCCGOi@K}@IQMe@B}ALdCANHX@NFV?FFV@NFP?LFNH?JF?L?LGN@r@G`@ErA@TGdBUBEBE?]KOAOLETC\\HZ@RI|@BPFPLNPDx@]LOPMDAL?HDDCd@IJ@VQHBFANQHCPDBF@RFPZJLCRBJJN\\Hl@GTIHIPCXFLRABC\\@JABCh@ALCXDXEr@?FG@WH[@_@CGYWAGSEKG[a@Eg@?_@CQ@UFGLCd@ZD?JFHB^AJGH?RGF?x@TXCLINCHGFIBICe@ZoDDOPIDG?IUIAKKCQSWoAM[Gs@Aa@Ee@@QG]?]GSIMWMIIGWNu@CMGCM@g@QOMy@YoAi@SGUKUEq@[MAc@QE?aAc@MC_@Qg@OUM[Ia@QWGq@YE?oAi@UGIFEN?RCHG@WUMCKDDX?XG`A@VJPj@b@Zb@NNXh@JHNXn@|@d@v@Xx@FV?L', 'resource_state': 2}",FALSE,FALSE,FALSE,FALSE,everyone,FALSE,"[41.120906, -85.119148]","[41.122786, -85.118372]",,3.298,4.92,FALSE,FALSE,FALSE,242.9,232.2,16790037555,16790037555,ECC8E5E5-D6F1-484B-A062-951B7F21A248-activity.fit,FALSE,0,0,FALSE,,,
2,"{'id': 60229721, 'resource_state': 1}",WU,3220.2,909,926,5,Run,Run,0,Strava App,15717019638,2025-09-06T13:14:47Z,2025-09-06T09:14:47Z,(GMT-05:00) America/Indiana/Indianapolis,-14400,,,,0,2,0,11,0,"{'id': 'a15717019638', 'summary_polyline': 'a{~yFftofOaAQW?MCS?i@IWIMKOEOQ?SDW@cAHcAE]Q]CK_@q@QWS_@sAsBc@i@i@]OMEKA]Ns@JGRGHG@EB]DOD[CIGE[C{@YsAi@c@MgAg@KAYIi@UOE]SE?c@MuAm@MAe@Oe@UeA_@WO]YMG_@EwB{@YEiAc@mA[OIq@OMEG?OEo@_@SI[Uc@a@S]FTf@h@HF\\LTNPHHHHDbAZL@PJZDfA\\FDZFjBj@x@`@fA^TR^LPJn@Rz@\\VFVNz@ZL@fBv@F?h@TXHHFn@RHH^LD@TJXHXLbAZFFAFGHIb@KPQACBIP?HEHIj@?NJTn@h@DNRP\\j@JND@P^\\^x@vAZt@F^GtCFh@\\LRTTFXNJ@~@X', 'resource_state': 2}",FALSE,FALSE,FALSE,FALSE,everyone,FALSE,"[41.121026, -85.119174]","[41.121209, -85.119139]",,3.543,4.7,FALSE,FALSE,FALSE,237.7,232.6,16788760889,16788760889,4C493934-469A-4A63-A61C-00CA3F338C9C-activity.fit,FALSE,0,0,FALSE,,,
2,"{'id': 60229721, 'resource_state': 1}",Pre Meet,11582,3453,3890,51.4,Run,Run,0,Strava App,15705724565,2025-09-05T12:22:46Z,2025-09-05T08:22:46Z,(GMT-05:00) America/Indiana/Indianapolis,-14400,,,,1,8,0,7,0,"{'id': 'a15705724565', 'summary_polyline': 'y{~yF~sofOSMk@Ec@@[Eu@UWWAWJoCAg@s@{AsAqBSQ{@uAOQe@WM_@PeBA[UUUCKFIREl@D^C`AHlAA`AN`@NJf@n@ZbAFt@Et@_@`CMjA@RIzA@d@JT`@J`C^dAXHZ?TGDqAO_@VCJB\\JX@\\?NKh@ATRb@`@Jz@a@PWZ@d@KZ@LS^ARSJ@DBNr@z@FFBLVNx@ENKFQd@HTN@JGd@BJG^Bf@GlADFGD[FKFu@AEUW_Ag@Ka@?kAAQEGaAKkA@cAOQ@]C_@Gy@Aw@ISOCa@YQ{Dq@]QGW@aAL{AN}@AKHUD}@J_@@WGiAUgA_@k@[UQ]BoAGu@@oACa@Jm@LKNDHJHTQhAAh@JTFL^XD?XZfAzA|@xA~@hBBNEv@AlBJf@^H^VFA~A\\tADnCPbB\\|AFrAPv@UZ@HQDa@Rw@`A_@~AAZPDTURy@LQAs@[Q?Qt@MtAXNd@f@JPBPOTiAB_@b@?C?JUXS`@QPk@R_AYwALiAe@WDWK}CMWIu@?eAGqAUGW?UPGL@\\Md@Cx@?vBRj@J~BH|ARtABbF}IF]Ae@Bu@aB}AASN]CK]G}Aq@{@Uo@_@oA]sD_BeAYa@SiAe@sC{@iB{@aEuAk@[iAe@UCmCiAaFcBiBaAy@Se@WuA_@OKoCu@SOcAUiAg@i@a@m@s@We@cByFMi@a@eAs@_AI]EwCEc@FK@o@@sAGy@IIg@AMOE@ERBPKvA@THFJO@w@DM@}@SoJKGOFyAHo@`@g@CWMu@O}@_@eBy@uBkA{EsB]a@qBeA}@{@QGCIOLEQi@[QWYMMOGS{@SSIYSOg@BMNUFm@b@FDZDNp@`@Zn@BNFJb@VTn@f@v@\\Vf@f@j@^t@Vh@n@n@ZlDtAz@j@|Av@tAn@fCx@T@PQ^SjBMNDFlC?v@F~DAn@IbAELQM?OHM@w@F_AJAJZ\\EPLCxGFnBP`@~@zARx@Td@VjA|@rCP\\z@dAj@`@z@`@hAVrBr@P@n@NnBx@P@JJb@DhAt@VDlCbA\\TnBn@fC~@d@XlBn@|@`@dIpCd@VrAj@nBf@nEhB~@b@h@J`Af@r@PZ?Tw@L}AS`B_@fAG`@_@z@', 'resource_state': 2}",FALSE,FALSE,FALSE,FALSE,everyone,FALSE,"[41.120951, -85.118847]","[41.120857, -85.118156]",,3.354,6.16,FALSE,FALSE,FALSE,242.9,231.1,16776782466,16776782466,836EE369-A12C-47B8-B60B-94E04310415B-activity.fit,FALSE,0,0,FALSE,,,
2,"{'id': 60229721, 'resource_state': 1}",Base,9547.9,2393,3932,35.5,Run,Run,0,Strava App,15699615919,2025-09-04T21:04:31Z,2025-09-04T17:04:31Z,(GMT-05:00) America/Indiana/Indianapolis,-14400,,,,0,4,0,1,0,"{'id': 'a15699615919', 'summary_polyline': 'yf~yFr`lfO]BSAw@D]CqAD_AFQCcCH{DG{CJkA?}AFaA?g@D_A@OB}@AYF]CwBTQAaCNUAC@wA@WDo@AeBHaDHm@AMBy@DMCWFQE[DS?IB]CmAFg@?[I[?gAWa@QIIYKOKEG[Mg@][MUUOCe@[CQB[C]@OAcAEcCBi@COCk@BGAYCc@?cACY@a@Cy@?uACg@@y@Eq@?wAAO?iACa@@kACc@@YE_A?qBCa@?aBCS@QC}@@ICeACa@BQEgB@_AA}@@c@CQ@UAOBOEWBk@CG?c@CU@]Ey@@}@C[@QCiACM@YAmAIwF?{BG{B@_CC[A}@@u@EW?q@Lu@G_@ImA@QKmEBQPO?GEU?IFIFSE[?c@AQGkCUQCYCuB@cAEg@@]CS?e@D[CoA@]Ci@@[C_A@QEkABQIyB?sASi@EC_AAqBHa@DQF_@?[LgAFu@?[Di@AIDAH@~@APDz@C\\EP@h@GZFQEg@Ba@Cu@FO@SPk@Ga@FWP?VF`@IhABFCX?JEJONE|@@tAKZJt@CVLRBFN?RC\\DfB?`AD~A?~@D~@?xACLDf@EV?r@H~@Ev@@HAd@FxAVj@@H@h@AFDb@Af@FtAKf@?\\OTCJFx@AZBh@Ab@Dz@@pABR?PEb@F`@CZD`AAXFlBCH@z@@FAd@BHCd@@LAR@HAXYXIXCRFJ@VCj@DpAAxBBf@DpDAn@@RAFB|AC`@Hv@E\\DvABZAZDn@CRBF?RB\\?d@B^C\\Bh@?rACFG@YIKA_CDES?YCW@QGaAKg@Se@OQa@]QIu@cAd@t@x@d@^f@Ph@FXFhALnA`@PTCT@b@Gh@DJEH@@HEXZDLJ@JC\\B\\?v@DjBAhABh@CZFd@?\\Cb@Fh@AvBDlB?nA@lAB\\?x@Dr@AR@\\?pABV?fABfBANFjDBVDDHp@NNNMH@JLH?b@`@\\Nr@b@\\NTDLHtAZRC\\Dv@IdBAT@REhBADC`@Aj@D`@KTBXGl@Bj@GXB~@KP@h@CX@ZC`A?nAMVBt@EJEj@GR@lAIl@?j@E~@@j@El@@XGfACZBFEVNFEv@IV@lAGTBNCt@?b@Dn@?ZCFBj@It@Fv@EN@rDI', 'resource_state': 2}",FALSE,FALSE,FALSE,FALSE,everyone,FALSE,"[41.11762, -85.101548]","[41.117675, -85.101409]",,3.99,6.3,FALSE,FALSE,FALSE,245.5,236.1,16770264918,16770264918,491DC9BE-57CD-46BD-861C-55DB2BF4927E-activity.fit,FALSE,0,0,FALSE,,,
2,"{'id': 60229721, 'resource_state': 1}",MLR,11265.4,3360,3360,0,Run,Run,,15683711344,2025-09-03T12:25:00Z,2025-09-03T12:25:00Z,(GMT+00:00) GMT,0,,,,0,7,0,1,0,"{'id': 'a15683711344', 'summary_polyline': '', 'resource_state': 2}",FALSE,FALSE,TRUE,FALSE,everyone,FALSE,g25537727,[],3.353,,0,FALSE,FALSE,FALSE,,,FALSE,0,0,FALSE,,,,,,,
2,"{'id': 60229721, 'resource_state': 1}",CD,3274.2,972,1273,6.6,Run,Run,0,Strava App,15671316251,2025-09-02T14:00:33Z,2025-09-02T10:00:33Z,(GMT-05:00) America/Indiana/Indianapolis,-14400,,,,0,5,0,9,0,"{'id': 'a15671316251', 'summary_polyline': 'gc~yFroofOXNLN`@NNLh@NJKBUN_@FGT@FH^NRPf@RRNPDv@b@NF^KVk@@Q?w@BU?Q@GA_@DOA[Fu@@sBFe@JS\\aAHIDSz@oBTs@LUNe@AIKKI?EFKBOAQUQe@KQi@UGGAQKSQOYQM[[_@UKKISAGEMWOMYMMMM?KGGMMi@EIGBOPI@GOUMYi@?KFGHKJEJSBQJOXw@HCROJEHMNu@DKVcBHgACgAD_@CMGEQCIIQAmAy@c@OKQCMOW?MQc@?EKET|@?NRf@^VF@HHn@VVT~@^BNK\\@d@Cb@DVEr@Id@ELWtAOVQFYTSb@K`@O`@SPIPLVn@h@D@NQHEFDFd@R\\j@Vz@t@VDRNl@|@b@XHNL`@b@PLLPVHZLPLBXIHDBNCJILEHGZIHe@hAIXIJELCLMVCLUd@G\\KXANCN@PCTC|AIlA@VC\\@NET@PGv@KPIHQFC?KDEA[Ss@YQMEAaAi@UIE?OMi@U_@UKAYOIKE@SS[SUIOKKCGIa@QSCCE', 'resource_state': 2}",FALSE,FALSE,FALSE,FALSE,everyone,FALSE,"[41.12012, -85.117745]","[41.120424, -85.117499]",,3.369,4.9,FALSE,FALSE,FALSE,235.7,231.3,16739275979,16739275979,94C6F5FD-58B0-47CD-B1E0-BEDAF315A827-activity.fit,FALSE,0,0,FALSE,,,
2,"{'id': 60229721, 'resource_state': 1}",4 x mile,6608.2,1354,1761,44,Run,Run,0,Strava App,15671084912,2025-09-02T12:46:17Z,2025-09-02T08:46:17Z,(GMT-05:00) America/Indiana/Indianapolis,-14400,,,,1,10,0,7,0,"{'id': 'a15671084912', 'summary_polyline': 'k|~yFzsofOaAE}@OSEQKOIEGGS?QFc@@W@}AE_@c@cAW]CKS]OMMWw@eAEECIMK_@e@]SKOCI?c@BK?c@DIBm@EKQQOAOJI\\@VC`@B^Ax@B`AJz@DRNRTRNRRb@NrA@`@Eh@EHEv@I\\StB?^GlAD`@BHJFj@BVHtATPDDBd@JNH@H?l@IDK@c@IIAKIG?OFSRATJj@Bh@?JK`@D`@HPPFV@h@[PSTE\\?HEj@EXQJCRQP@FDH^h@NP?PFLPHb@?ZAJUXELAL?PDHHDL@JATOFBP?XEt@@HCHBXCH@P?LQBIBy@G]GIw@_@GIO]ES?c@E]BIIQSEK@QA[I_@FyAOkAGEDg@K]BYGK@QGOKIe@EKIGSFMI]Ks@Gi@KOG]EQQEYD[?y@Dm@Fs@RkAPgBIsAU_AKUe@a@IQSYA[DI?MCuA@cAAy@Li@FCT@NLHTAZMt@Ab@DTLNZRXZb@n@RRP`@`@f@BFp@fAP`@Tr@BTIrC@VDNZFd@VdAJHDV@`@FFAN@r@J|BLFDj@B~@PX@XFN?j@Fz@Fl@S\\ADEBKA_@@KDEJ[JKj@WNAPBVGX?NFZBHLBJAJEHKDi@AKJIBQC_@Y_@AMLCJ?b@K\\Cd@?Pb@XPTHDJV?HGJGBWCGDO?MEGBMRURQ^ORGPMLy@Tg@YwAJWGo@YG?YEI@Q?ECk@GIBi@?WII@OA_@OWB]EW@SCO@WIg@?GCI?KKCGDa@BGHCPADENALBZEn@DFANDN@FALBj@B~DcDOAIEI@a@E[AWGY?YC_@IO?c@II?m@M[?OCk@U_@YEUFg@?UBc@@kAGWMOIWa@s@e@o@CIW]OYg@k@[k@]SYYGUASNkBEKOMOGG@EBGHCX@rAA`@@t@D\\?h@Dj@JNVNXd@VbAL|@Ev@CHSxA@JG\\K~AE^?hABRFHHBN?NDf@Hh@@\\LLDN?b@NVNBLGVVJn@A|@HXDj@AH@', 'resource_state': 2}",FALSE,FALSE,FALSE,FALSE,everyone,FALSE,"[41.12092, -85.118635]","[41.120841, -85.119931]",,4.881,6.76,FALSE,FALSE,FALSE,242.9,232.5,16739013399,16739013399,BA023837-0889-418A-9AD6-1CF7893165AD-activity.fit,FALSE,0,0,FALSE,,,
2,"{'id': 60229721, 'resource_state': 1}",WU,3263.3,966,976,0,Run,Run,0,Strava App,15670259226,2025-09-02T12:16:16Z,2025-09-02T08:16:16Z,(GMT-05:00) America/Indiana/Indianapolis,-14400,,,,0,1,0,12,0,"{'id': 'a15670259226', 'summary_polyline': 'mj~yFhjofOCGFk@CMQKMAi@QSKi@Sy@QOMs@]MAOGOCcAe@E?_A_@MAUOeAYg@WEEQEQKm@Wg@M]OUEKIu@So@WQCEGMCCE[Qs@QUMc@KSOMAMKEAE@EEICCG[GIGUKKAoAg@[ISOKAEEUGUKE?i@SQESKQEa@Oi@QUO{@[IIYKSM[MM@KCgAi@a@Ic@SUEGEg@KUK]Ie@Sm@Ka@QEAc@WOEYSGIICEEMEOWc@i@Y{@CMQg@CSEEI]_@mAK]?Q_@}@IQG?@JPPZdAFH~AtFj@z@^`@b@Zv@d@J@JFRBHDp@PJFf@Jd@PF?JF`@LPHv@Rh@VVHBBt@Rj@`@J@HHZFZLj@RFD`@LTLPBXPVD^NTFp@VBDVFBB`@LZPVDNFBDr@VDDd@Ld@TF?PFBBTF\\NN@PFPPF?JFd@PXF`Ab@zAd@LLP@RLLBLJVFXNF?f@RT@FH', 'resource_state': 2}",FALSE,FALSE,FALSE,FALSE,everyone,FALSE,"[41.12171, -85.115904]","[41.120341, -85.11577]",,3.378,4.66,FALSE,FALSE,FALSE,233.4,232.5,16738079678,16738079678,BD6688B6-7191-42E9-91D6-F6122A021A2A-activity.fit,FALSE,0,0,FALSE,,,
2,"{'id': 60229721, 'resource_state': 1}",Recovery,8177.7,2549,2569,51.7,Run,Run,0,Strava App,15658656416,2025-09-01T12:18:20Z,2025-09-01T08:18:20Z,(GMT-05:00) America/Indiana/Indianapolis,-14400,,,,0,5,0,4,0,"{'id': 'a15658656416', 'summary_polyline': 'o|~yFjtofOqB]UKMCCGSIKOCSFiBAIDq@CWKUCMOUO]c@m@AGU]ECMWKGMY{@iAEAMQKCSWEICW@_@LgACSMQOCQ@IJKl@Dn@Cx@Fr@BzADN`@b@NZPN@NFHH`@Hx@?`@Gj@Q~@Gl@G|@CD@HIbA@VCX@ZBLJHJAHHTHV?VHZ@hB`@DFDNC^EDc@@UKYEMJIRG^Lz@@REZAZDRRTLFTAHKVELMBGNQ`@@\\IV?RST?ZSF@BDD\\HJPLl@DPJJPJ\\@N[f@If@@FLFTKVCrD?DM?OLMCOB]AGKSSUUIg@_@E]?uAAK[?k@G}@@e@K{@ISEWBCCy@AWGs@EIKKc@KIG?UOa@E]I{@KYAWIWSGSB_@AOF_@By@RwABG@WLm@?QF]@o@CG?MIe@Mg@Wg@SQAG[[I[Bw@CYAeDDa@NUD@NJNXAd@ELCZEJDl@VV`@Xb@j@JRX^P\\t@bAt@pARt@CJ?r@G~A@XDLRB^\\PBHD`@B^JVAlAPt@DhBTt@BZD^?ZFDAJBx@DDBN@DCJD^?NCDCB@PILFRKBc@BCHe@DMFE@GFEXOP@NGL@l@Ep@NBBDNCPEDSAo@RKA}@_@ODIJGX?FKr@A`@HJJD^d@TN@FAPGJO?GDIBm@BMJS^KVQNMVi@ZQFe@Sc@GUHs@DmAi@q@AWEm@@gAMECuBGUGW?WEKBa@KGEAe@BEFEPARDXSXDLERCTFdAHDABB`@BDAJDbABDA~@HJFh@?p@J\\AhAP`@CLBLCRY@k@D]CU?UAMKMSIGGS@oBKw@MQ@GImAEe@IQ?s@McAG[GsAIa@K]SGKEAEWLmDESOUI]e@u@EKY[Yk@g@q@EOIGS[YWEASSG?MOES?QNkBMSOIQEKFITEl@F\\AzAFb@Ab@Br@DJLLb@h@R`@Lj@Hx@Ar@I\\ATMv@Eh@CJEl@CHEtBDd@d@T^Hd@DPHT@TFf@FXJJLBb@EHg@?c@KO@W`@C^FLFh@IdAFZNNNDPAl@YPWJEZBTGZ?JGFMTA`@SLFBLDLTVX@VDNHNj@BZCHGDGJGVCXHJF?FCHAj@Af@G^?LBp@EVBDEBYJ[?WEWMQ{@e@OUEc@AkACKgBKOBa@CgASODQAiAMc@?m@MGGIcADc@@gADK?a@Da@?MF_@RFDDD?RN~@R', 'resource_state': 2}",FALSE,FALSE,FALSE,FALSE,everyone,FALSE,"[41.120949, -85.118757]","[41.121252, -85.118544]",,3.208,7.72,FALSE,FALSE,FALSE,242.9,232.5,16725338693,16725338693,73B13F86-5675-49A9-942C-40CBE384FA40-activity.fit,FALSE,0,0,FALSE,,,
2,"{'id': 60229721, 'resource_state': 1}",LR,17704.6,5015,7292,22.7,Run,Run,0,Strava App,15649458962,2025-08-31T12:15:39Z,2025-08-31T08:15:39Z,(GMT-05:00) America/Indiana/Indianapolis,-14400,,,,3,12,0,11,0,"{'id': 'a15649458962', 'summary_polyline': 'wkpyFnaxfOp@o@JdAC|ADpA`BfJd@rAd@b@xBpApDdAVRhDb@r@EbAWj@_@lBuB`DsCh@eA\\_Cl@qAnBqBbCgB~@m@h@?jA\\jAn@h@H\\Ej@]d@o@Ra@bAmDnBgLTuEh@mEHcBn@oEd@eBt@uAX_Ad@s@`Ae@n@MxEExAY~AAx@k@`A_BXMpAUTa@LaBVg@fByATEbAPPKr@aAP}AjBiC`@}@bAaAlA]l@]d@k@tAwCz@_EZ}@dDiFlAyAfDmBdCqBjFmBd@[^G`@ZxBk@xAFrCl@LRPEPJNIhC^RCPJPQjBNjBIz@_@fAIjCyAlAUtAq@l@a@N]|AcBbAwBb@{BFeD[eKJmCLu@@kAn@o@F[XUJk@@kABQ^UT{@EmD]yAGi@Jk@\\S@Uu@KeBNw@iCIu@G{BCeFHmAAkIb@Et@}Ab@c@rVQXa@GW@m@NkALaBGaBNu@Ig@Xe@@QGc@AwAtE?p@Kd@_@b@w@^kAFeACk@e@_EgEeIQcAEgCW}@e@y@IiROwBHe@IsGg@McD@mCHY`@M@[q@uLRDLVS^AhIKfA@`ARtBQnDCPZL@Af@FdEKz@PvBDrQZ~@T`@Jh@FxCT~@pDxGTl@Jj@VnDGpAW~@i@z@YVm@ReFBHdCWn@Fn@Of@B|AKx@?z@QbA@r@c@LIPSFyNPa@l@}@UeAD_@PW\\CVuAb@Wh@DjDDhAE`AJXGRGbFRzDJNNv@XWRFNXj@`@r@FHc@Dj@JPe@rACXNj@NLH`EK`Am@v@@nAKf@gAlASb@CrAK`@GrABxFRlEI|CQrABLyBxDuA`Bg@VkAb@_AJeC`BaDp@}CHgDOyEo@wAa@oAK}A\\kAI_FhBqC`BoFvD}A~BwBxCeAtDq@vBA`@[`@_@|@_A|@yAf@m@h@UZeBtCm@r@QtA_AhAa@Du@OuBfBWl@AbAe@v@cB^_@\\Wt@]^{@`@mAIwA^UMg@L_DDs@Pw@n@q@fBa@|@eAhEg@bEa@bBGbBa@vCDb@_@bCs@fEc@tBk@|Bi@`Bq@fA{@XeAKe@_@s@YsAMa@R}ChC_BlA_AfB]`C]z@{DnD}BbCeBb@yCOuBm@eGeD}@aBa@_Eq@iDG_ALiCEoAMHA|@c@vCW~@', 'resource_state': 2}",FALSE,FALSE,FALSE,FALSE,everyone,FALSE,"[41.048581, -85.162915]","[41.04853, -85.163963]",,3.53,7.9,FALSE,FALSE,FALSE,242.1,230.2,16715165805,16715165805,637D7F53-5871-4DC6-A18B-4CF1378D5C07-activity.fit,FALSE,1,0,FALSE,,,
2,"{'id': 60229721, 'resource_state': 1}",CD,2540.7,888,1048,15.1,Run,Run,0,Strava App,15626772953,2025-08-29T13:30:32Z,2025-08-29T09:30:32Z,(GMT-05:00) America/Indiana/Indianapolis,-14400,,,,0,3,0,1,0,"{'id': 'a15626772953', 'summary_polyline': '{m~yFh_pfOD@HGPEJEFQPqA@_@ZiDF]Vu@Jc@l@?LOFFPF`@BPCj@HDEF?NIDOPALNf@TDHLFD?LRKh@BJC`@@XEVMTCR@n@Cb@@ZGd@ELYVc@JIFER?Vv@p@JL@J@HOXELIPG@KAIIWGQOUKGIOIE@KEOC[DQGG?C@DW?WBIAEUOOQOIGGw@a@G@CDM^Bb@EXEfAe@`@MPKBEDYNYIKBILCCKUCi@K_@][E?SROH]?UDu@OUFI@GCc@GSKS@YGMQMc@KAMHCFa@FKLG@IC]FGBCh@KROl@IP?JGBECIDOBWAGs@]WI@e@CWMU]Qo@Ca@Aq@AK@c@AQBWDGTDf@@d@DFAJ?NFXDL?DCR@PEH@fADbALd@?^B^H\\BHB', 'resource_state': 2}",FALSE,FALSE,FALSE,FALSE,everyone,FALSE,"[41.121947, -85.119975]","[41.120363, -85.117929]",,2.861,3.8,FALSE,FALSE,FALSE,243.9,232.3,16690197699,16690197699,8D57BEBE-FAC2-4BAB-AF7E-5B25E6008018-activity.fit,FALSE,0,0,FALSE,,,
2,"{'id': 60229721, 'resource_state': 1}",6 x 1k ~90 sec rest,6220.9,1190,1646,45.2,Run,Run,3,Strava App,15626466659,2025-08-29T12:50:29Z,2025-08-29T08:50:29Z,(GMT-05:00) America/Indiana/Indianapolis,-14400,,,,0,6,0,15,0,"{'id': 'a15626466659', 'summary_polyline': 'ee_zFj|ofOSAMHCHE`@D`@Jd@?LOb@?JBRLPRFRDHIF?PKHKZOFKNC`@LLARSRCDKZIXKFDFh@LRz@HJLNr@ATSZIXBXHDJ@TMb@@NGRCt@At@DPCLODo@Ce@EMc@YQEWOKOEIAq@@KG[A_@GEFJMCQ?YEYAQFqBU_AAECI@GGG?e@?[Go@AYJQAWOY?KNIRAJ@VJ\\BXGp@?b@JRTHR@HG\\MLITa@XDT?NKZATOXGRMFBDF@RBJb@R^BLFJLFV@`@AL[\\ALBXBLFFJBJOHABGPGdADFCNCf@?\\BRAFYCe@@KAUGQMMWKe@YEEEW@o@Ic@?SGIKANFy@KYD}@?g@OI?GE[Bg@Go@@]IK@SAIEO?YJ_@@QGKGQCG@GHIj@BVJf@?NIZ?d@@LNPPFN?|@g@DILI^BTAf@MFIFABEH?VKL?HL?LPRRHHAXBNLJTFV?VKPQREJAJ@LDLHHLFRSlAMf@EJBHCR@HBHEFDPAHe@?{@OS[MYO[a@Ea@@a@CI?]CIGEI?J@[Am@@_@I]?aAO_@AGBWG]@qAIWBQEODO@IEU?[GI?GFCLAp@L`@?XKb@EVBHLRPJZFNEFKFEPGZ[l@Gn@KPMDCH?RQHAD@FFFj@FJJD^CNBNJLTDb@AZMRKDITBXZDVEf@C^IRAFBJEZCPBJDFCH@DCNs@?g@GGGG[Ms@s@Ea@@c@Cm@CMQBBAQGQA_@BWCE@mBUoA@OA_@IUAiADgAKMFIN@d@AFNn@AVK`@@VBLLPNJH@HC|@k@TYPEZDPCH@VMDGp@UFBNTBZJJTCRBVLFHHf@FHAL?FGJMPIDEV@HDJXAHIf@@NEXAP?ZBXE`@FDEH?HU?WHa@AIIUe@]_@SMOG[?WEm@@KGOWCe@@IB[AaAOKB_@Gg@?s@CYEG@UG[?OI{@PG?WOSAMHCFGd@BT', 'resource_state': 2}",FALSE,FALSE,FALSE,FALSE,everyone,FALSE,"[41.12234, -85.119847]","[41.122401, -85.11982]",,5.228,7.6,FALSE,FALSE,FALSE,242.9,235,16689864011,16689864011,C35485A8-7E26-4900-9D24-53D4852DF77B-activity.fit,FALSE,0,0,FALSE,,,
2,"{'id': 60229721, 'resource_state': 1}",WU,3338.6,979,979,0,Run,Run,0,Strava App,15625989862,2025-08-29T12:15:15Z,2025-08-29T08:15:15Z,(GMT-05:00) America/Indiana/Indianapolis,-14400,,,,0,4,0,13,0,"{'id': 'a15625989862', 'summary_polyline': 'cx~yFxaofOCCWGSM]MQCc@QG?GISEMK]KCE]IOIMAQME@KEGG_AWEEKCc@QIAEEs@[ECE?UKE@GEUGeAc@QCYKWOE@UOG?KI}@Yg@WYEEEOEKIWEOKYEIMOCq@W[GsAo@s@WeAi@e@IgBu@u@SWKQCi@UG@WMOCUMKAk@OwAm@e@_@][U]Wc@e@eBIKWgAY{@EWO_@EUc@u@MGM]I?BLDHLHNLHRPVXbAJVF\\Th@@NFJLd@NZDTZ`Aj@v@DBHJHDNNPFTRH?PNVFJFVBBDd@JPHD?DBTFVJD?TJL@d@PPHf@Hp@ZDFl@PX@n@b@v@^\\HRLVHTJLBHDPDp@\\h@LBDNHXDbAb@p@Nb@XPDXPb@JHFJ@NJt@T\\NdAZlAj@L@f@LPJ~@XZNvAf@VNF@TLhA\\', 'resource_state': 2}",FALSE,FALSE,FALSE,FALSE,everyone,FALSE,"[41.12052, -85.116397]","[41.12031, -85.115703]",,3.41,4.85,FALSE,FALSE,FALSE,233.4,232.5,16689356903,16689356903,4795D3C7-39C8-471C-892B-E6DC1ED9C07F-activity.fit,FALSE,0,0,FALSE,,,
2,"{'id': 60229721, 'resource_state': 1}",Pre Run Run,1931.2,576,576,0,Run,Run,,15603729884,2025-08-27T11:45:18Z,2025-08-27T11:45:18Z,(GMT+00:00) GMT,0,,,,0,4,0,1,0,"{'id': 'a15603729884', 'summary_polyline': '', 'resource_state': 2}",FALSE,FALSE,TRUE,FALSE,everyone,FALSE,g22345660,[],3.353,,0,FALSE,FALSE,FALSE,,,FALSE,0,0,FALSE,,,,,,,
2,"{'id': 60229721, 'resource_state': 1}",Recovery,10125.2,3319,10435,38.4,Run,Run,0,Strava App,15605617086,2025-08-27T12:18:45Z,2025-08-27T08:18:45Z,(GMT-05:00) America/Indiana/Indianapolis,-14400,,,,1,8,0,3,0,"{'id': 'a15605617086', 'summary_polyline': 'as~yFplmfOa@Q]YYKYSOCIG}@KBa@Gw@Ba@CQe@u@s@]EBAF?V_@p@o@h@qAd@YF{@`BYTSFwADk@D_@EQO]EULs@j@wATcC[{@B]G[[Ua@Qs@?kCEo@@_@COA}@@OEiA?c@K]Im@o@gAk@i@q@_A]Ok@IOGK[ECKUI[Dw@C]MGy@H[AwAD_CPUNOXm@PiBBq@Fm@EYBoAi@]GIBCHBVCb@DVE`@BV@lACz@@HA`BBj@CXFxABpFH~CAn@Bf@FABSCWD{@C]BK?iAEGY?WKMKKHAHBn@GjABNTEFN?xAA\\GD[EOIo@u@GMMMGKc@_@QU]M_BnA_@Ri@Rm@Pi@Ja@DsBBCBYCu@Dm@L_@RoBnB_@Vk@\\eAb@cAHa@CKBaC@]KWQQE_@[SDIHk@AmAj@GLAp@@\\AZ@LETICGHEAOIYGY@i@Gc@BOJERFbAFd@v@zCJPHb@HR@NLVPz@@\\Lh@?NTzAD|@Gf@GLIn@e@~AE\\Qr@GpDKtAUfAC@USMCwAs@y@g@mAg@w@c@SEOOOE[Qk@I]SOWI?yC{AnDdBFTTDFFr@LnBbAn@TlAr@|CtAfEvBh@Rz@f@z@\\XRp@\\PBNLdA`@l@d@f@R`Al@p@VJ?NNj@VVF`Al@zBdANLVDp@b@NX|@\\`D~A\\Tf@PVRn@Vh@B|Az@bBr@F\\@?CCDAf@@DCJVLP^Ll@\\NBBEF?fAh@FHRDj@h@pAr@tA~@RHDH|@h@x@t@D?LJDHp@`@d@f@RJjCpBx@b@n@n@DHp@Z`Ax@b@Rn@NhBn@pB^f@@TH~A@`BIxAa@LeBCcARiAz@qCDa@DEP@j@KZSTuBNw@DI@SE[FWCcBVs@LBJEv@ElC@NG@SJW@s@SWw@_@QSEW?s@EUFUPEp@\\PDP@LIj@EbAVr@SJMBI?s@^eE@]HYJODSP[h@g@PWCeAH]LC^PdDnBf@VNAFK?QXkAl@kARk@DEdAuBV{@Rc@JMHCPDl@Xf@d@fBcEx@_CHYCGKC[HOI_@y@UUUGMKQo@MKKAWWKSUY{@_@q@q@o@]Y{@I?KRODu@eADU\\a@F]Z{@NKD@\\WLSReA`@qCAeADaACGYCCGi@U', 'resource_state': 2}",FALSE,FALSE,FALSE,FALSE,everyone,FALSE,"[41.119523, -85.108244]","[41.118882, -85.108225]",,3.051,4.52,FALSE,FALSE,FALSE,245.2,230.9,16667562476,16667562476,1458AEFD-13E1-41AC-B2E9-CAFEB5FF6B8F-activity.fit,FALSE,0,0,FALSE,,,
2,"{'id': 60229721, 'resource_state': 1}",CD,3220.5,977,983,16.6,Run,Run,0,Strava App,15592901653,2025-08-26T13:58:38Z,2025-08-26T09:58:38Z,(GMT-05:00) America/Indiana/Indianapolis,-14400,,,,0,3,0,9,0,"{'id': 'a15592901653', 'summary_polyline': 'g}bzFxlkfOFEBIJEBKJIl@]JMJCFIZUJENOH?DEHMPIn@i@LE`@[JCRSLCv@c@TIJMNKVSX_@HEn@o@FMp@s@Tu@?[GOKKM]OOEOQUM]OOQWSSAGy@s@_@a@g@_@IMo@[KMM@WIW?GAUAWGC@QCQGG@e@KiA_@E@YEYAKGs@AGACK?i@MoBMQQOMCa@QE?W[EAE?O`@a@b@KRG?GIG?a@DGAMJGNOLOHc@Fi@b@AFMHCV@NLVF@BDALINGTOlA@~@FTJLVNRBDAb@HF?^OHKDADBX@NRHDH@VHHEJPJWRQPi@LMTSP?JEPUh@eBZSVIn@Dn@PJ@NHV@r@P`@BJBv@HXFv@\\vAfAz@z@PVJHLRBLPR\\n@HXb@n@@FEROJMVSNGLYVELk@n@IFORUNQPg@\\UJSLu@ZIHOFs@h@OPyB|AE?k@d@SJ_@Z[n@CX?JFNC`@BNCFAv@CFEZ?NBF', 'resource_state': 2}",FALSE,FALSE,FALSE,FALSE,everyone,FALSE,"[41.143528, -85.098885]","[41.142896, -85.09931]",,3.296,4.88,FALSE,FALSE,FALSE,243.4,233.3,16654014598,16654014598,79B7A31C-0957-4101-87B9-309340678F06-activity.fit,FALSE,0,0,FALSE,,,
2,"{'id': 60229721, 'resource_state': 1}",Tempo 3x10mins @5:25,8899.4,1800,2821,43.6,Run,Run,3,Strava App,15592582305,2025-08-26T12:44:46Z,2025-08-26T08:44:46Z,(GMT-05:00) America/Indiana/Indianapolis,-14400,,,,1,8,0,7,0,"{'id': 'a15592582305', 'summary_polyline': 'acczFj}kfOs@x@]VUTq@Zc@Bm@?YIG@aBQq@Wk@Ki@Ui@a@a@e@_@q@K_@O{AAeA@WN{@Bm@H[Hm@XwAd@mATWXi@b@_@T]\\_@Pe@NaAAUIi@Ca@ESOuA?m@VeAZm@b@a@NI`@Ch@TVNXJh@`@hAR`@APGLMRc@D]J_@@_@Ha@Ja@@UTgARe@RQ^Gf@@r@V`@Dl@PrCXp@Rh@\\z@v@lAjA`@r@v@~An@`AbA|@^b@FBX^Rh@Nt@DlAGl@EbAMfAYtASbB?j@Kx@C^UhAEHMh@Ij@Qj@OnA?z@Jj@HdAGl@IVKNOLGBS@q@Gc@Ok@Wq@SWQ_Ag@UUa@UcDmCc@a@ICi@g@OOGSGa@Sy@UWGCI?IDCLC^Qh@Up@S\\c@fAo@v@KPMLs@h@k@TQDiAD]Oa@Gm@?uC}@e@[m@m@We@ISEc@CIEo@C}@Bo@VcCXoABg@Pi@b@aATU^g@`AaAXw@PaAIgACIEk@Mq@Cm@@WFc@Tg@DWZa@b@]\\Cf@PVPXHNN^Tr@Rp@CZKJOHa@DEJw@V_ALcAHQD_@HSPYLKPG^C\\BrBh@v@Lj@Bh@J~@Zx@j@pBdBP\\LLXh@LNPb@^r@JLdCzBb@|@HXHh@Bt@EfAIf@I~@QbAK|@S~@@HG\\QjBId@CVW|@AJG\\ARKZIx@Ib@?`@F^HnAAb@Il@SVQJ_AAUIa@[GDUKYE_Ag@WIi@i@UMuDuCQWc@Wa@[MSKSOiAOWQMKCGDGHIVGd@Sp@}@vB]f@u@x@u@h@a@N{@DsAS]AqBe@s@Wo@a@UU]i@GESg@Q{AC}@Dq@DKB{@Ja@Bc@ZeBN]FU?Kb@w@X]d@a@RW`@_@L[VgAAIBM?Y]oB?MIy@?WHm@\\_A^i@PMHGXCb@HDFz@d@fAd@n@HXA`@MR_@Jq@Jg@B]T}@BW`@uAJO^Sx@BxBn@tCZLF\\J^X\\R`@`@v@j@JPj@n@n@nAJXRVFRJNbAn@PX^Tb@h@Rf@Nr@Bt@@J?v@CHMpBw@hECTAj@S`BQh@SxAMl@IRC^I`@Cn@HhADV@d@?d@GVO\\IF', 'resource_state': 2}",FALSE,FALSE,FALSE,FALSE,everyone,FALSE,"[41.143343, -85.099123]","[41.142566, -85.099732]",,4.944,6.5,FALSE,FALSE,FALSE,243.4,231.7,16653672370,16653672370,D09123DA-C29A-4D8F-97C1-B5C0BBC46CD5-activity.fit,FALSE,0,0,FALSE,,,
2,"{'id': 60229721, 'resource_state': 1}",WU,3305.6,996,1027,17.9,Run,Run,0,Strava App,15591866285,2025-08-26T12:16:29Z,2025-08-26T08:16:29Z,(GMT-05:00) America/Indiana/Indianapolis,-14400,,,,0,4,0,2,0,"{'id': 'a15591866285', 'summary_polyline': 'knbzFfdlfOp@VTD^PNB`@ATKj@ETJJTX@JFBFDB@YJGP@PFLELDLf@BD^ZDAHDVj@@HLZLHF@VRN^JLFX\\`@FBLNJDRVj@\\|@Xb@l@FDJBDDPJH?PNJ@|@d@v@Tj@^F@DFLBNNTHPHRFb@V@DL@BDZND@JHbBj@DCRNF?FF^Ej@a@J?PCZAFCh@EF@DB@NCPDd@AF@nABN@l@@VBxCAd@It@DVFFBF?RAL@FAN@ZAPEFGBKAYM_AuA[QKUII]?OAEEKFTSVHXRhB|BLJL@LAFEFMC]?}@KYAQJgAG{C@mAMwDMGMDQDm@BIAQ@s@b@Q@KA_@QWCEEe@K[Sc@K[QGIQKSGGGc@OGIa@UGIs@WIIUEi@Qe@WG?OGUQYGCESK[a@a@QSMMEOMUKSUa@YCGa@[AIYk@?GIOOQOGGIMYAIEECOCEg@]EAQMSm@Y?WI?BO@GXIHUJI?KEYESIQAc@UKEYE[MIIQG', 'resource_state': 2}",FALSE,FALSE,FALSE,FALSE,everyone,FALSE,"[41.143338, -85.099085]","[41.14311, -85.099254]",,3.319,4.56,FALSE,FALSE,FALSE,238.1,230.8,16652908810,16652908810,B3EE6F7C-AD56-4CA8-91C7-40C0E5265560-activity.fit,FALSE,0,0,FALSE,,,
2,"{'id': 60229721, 'resource_state': 1}",Recovery ~ Forgot My Phone,11265.4,3360,3360,0,Run,Run,,15581563796,2025-08-25T12:15:50Z,2025-08-25T12:15:50Z,(GMT+00:00) GMT,0,,,,0,8,0,1,0,"{'id': 'a15581563796', 'summary_polyline': '', 'resource_state': 2}",FALSE,FALSE,TRUE,FALSE,everyone,FALSE,g25537727,[],3.353,,0,FALSE,FALSE,FALSE,,,FALSE,0,0,FALSE,,,,,,,
2,"{'id': 60229721, 'resource_state': 1}",LR,18509,5336,6066,36.2,Run,Run,0,Strava App,15571250162,2025-08-24T13:18:39Z,2025-08-24T09:18:39Z,(GMT-05:00) America/Indiana/Indianapolis,-14400,,,,1,12,0,5,0,"{'id': 'a15571250162', 'summary_polyline': '_axyFvm`fO`@jBLbAFDx@A`B]VVLl@N@HEF_@PSXKRAp@VMZ@FL\\LANc@nB}Cv@yA`AwAVWvA}BBORMb@s@~Ay@`CiBzAs@nCoCp@wBdAsBNa@bB_IT{DJ_@BqATsADiCPqCBcBf@sDEkAJ_B?{A]}Ag@s@o@WeAEyEqAkEu@eB{@eFsA}@i@Ko@PgAO}@IgDDuFL{CWaB@a@KScAAyCl@qBVoAH}NX_ALgD@sGNeCf@WCiE\\iAI_ELgCEmBFe@LcCCiAHiFBcEV_IDkDPWGm@F{C?aDPgBX{BEuGTYt@L~GE`AIRCRFhANjRB`@NPDXF~@CHFr@BtHJ`BIVF~ALFfACbBIvAKRL|CQz@D~@IdDIx@BRE|@DnE[~C?JJFhBZ`Az@Fj@i@jB\\|@CJUOyBDI~BGX`EIhBHdFC`@J~LoALeCCaIP[PGX}@pRBvIHx@@rAHd@Ef@@n@M`@KpAD`HXdEj@fAbAnA`@ZHTH~ECfIYCqN^uARiIRgDf@_@PCHT|@?Xn@|AAZ{@z@_@L{AJuEBqENq@Hk@ZDfDOt@i@Cy@@{BLEVDhAAvAD`@GdCSjAs@vAMb@DXLLb@fAF`@Y\\e@bAu@jCSdAs@fCGf@@`FHlBg@tCCn@Ur@In@Cl@Dx@b@x@p@Ph@@l@ZRTd@dA\\\\RD^[^KJBR`EH^FnB[jBnAAdASZRv@z@V@TMXBZn@DbAEXJl@G`@Al@_@|AFv@JRVJVZEpAJFXIxBB`@S@FJ@p@@t@CtAMJKK]@s@COAgAEs@?uEKkBSaAUo@@a@_BsDC]v@u@n@{@l@iCPo@LOjBFpAKb@DfCUbBb@vCEFKCe@BmBCi@UoAQYOu@g@yAGg@@}@jL]fC?jAKtFQpDAj@KhAA`@{@xDSpABtGWh@DfA?`EKxBM~KO|BQnAChDArAITO~BD`BIdD@z@I~Wg@PCLSPBNGFOIKq@BCEb@a@HO?K_@[Uq@{AoCSi@c@i@q@eBY[I[]q@IEc@iAk@cAuBaF]Yk@?SIo@{@Wu@g@{@}@sBuA}BCQcAkBQi@m@aA]{@QUCM]e@Og@E_AZiE@aAOkAo@}AOo@G_ADQGiA@mBZoCd@eCz@wGTkAt@}BCiADUiAIYN[r@I@_@YS_@i@oB]o@', 'resource_state': 2}",FALSE,FALSE,FALSE,FALSE,everyone,FALSE,"[41.088665, -85.038566]","[41.088802, -85.038872]",,3.469,5.16,FALSE,FALSE,FALSE,246.2,224.4,16630696185,16630696185,E0601C31-78B7-439E-9239-2D4583622A80-activity.fit,FALSE,0,0,FALSE,,,
2,"{'id': 60229721, 'resource_state': 1}",Broomstick Loop,11121.3,3428,3988,36.6,Run,Run,0,Strava App,15558842987,2025-08-23T13:18:17Z,2025-08-23T09:18:17Z,(GMT-05:00) America/Indiana/Indianapolis,-14400,,,,0,8,0,3,0,"{'id': 'a15558842987', 'summary_polyline': '{}vyF`{tfOd@~@RvAHbA@^BN?XDXGND^KvA@FUx@QTEXQ^K\\WXW@[HOXWRADWb@Wv@MbA@^Ej@@n@J~@`@lBzAdC\\h@^Xz@b@l@Rh@UVARB`@XHPHHP@l@ZPNp@\\r@j@f@j@TJh@j@BFVLVXHDVCHFPb@NFZ^D`@V`A@PHj@JVh@Lf@z@RF`@FTC^LTPn@fALJv@nA\\r@f@z@d@n@Ph@DfCFLbBAl@FRMv@Fv@PnAt@X`@Pp@L|ACVSb@UXUH[@uAXMFw@HsA[mBgA]Y}B?MT?dBBv@AJNn@@PEVFt@Zp@HJ\\\\\\PXN^Dx@[\\YPEhBUn@Dl@LDLl@^dAfAh@Xb@Db@AhBYf@BTGf@BnAE^IXMRSZCFDA`@LdF?j@Oz@GPSTCAEi@HWFEDU@YGaABIX[d@QR?NGXe@ZKPF`@CVOZGTMH?`@Y|@a@jACdBWhCOh@Br@CJEb@Bj@KhBLVAn@H?b@H@`@Ih@DhC@`AMdA]H@HPBTNFBFDh@FPNxABHD@VGVFdD?JCNBpBGJDnBATBxACFCGM?IBg@C[@wA?GNQr@MZ[h@k@NUN?LFn@@p@GXIj@WfBiAr@q@`@Ib@?PG`@u@t@m@\\_@v@[^]^?~Ac@p@CtAFtA}@FOZI~B_@tFu@tCKdAHZMn@NZd@JI@KGU@GAaBBMAkCEWQ]Mo@UB[Kg@CKGkAORQMH_@DaC]]MqAq@sBwAk@YkBsAYMaG{D_Ae@yE_DoBmAQE{@q@i@W_ECoDDqCJ_AAyCBkDJqB?eEJ[EOJ]Io@A{EFKEKMc@QoE}Dg@k@g@_@yEgEk@ZOZCNAtACV@LCN@ZGh@@d@HlAGh@@jDCvAEJUG[?eALqBGmBDuAVGFSAm@Pu@FoB\\}@Tm@BWFe@Ge@@YJQAwAVe@@}A^k@D_@JMUAOWw@Ac@G[@SGAWLU@cCb@s@PEFC`AOvAE|@ERQJm@MSUEm@Kw@Sm@E]q@i@CWUIYB}A_Bc@[c@OkB}@MAy@FQKCDEAQQQq@MQ_@AcAa@m@Yo@g@e@g@Ug@gAeBYeBKiA?sAD_ARmAPQZi@p@u@^?TONe@Vc@H]Vm@Hg@HkCC{@Ke@Eg@', 'resource_state': 2}",FALSE,FALSE,FALSE,FALSE,everyone,FALSE,"[41.082202, -85.143279]","[41.083346, -85.144636]",,3.244,4.48,FALSE,FALSE,FALSE,237.3,227.1,16617159604,16617159604,8E030C6D-C03F-402E-8CFA-62F6C0AEDEF9-activity.fit,FALSE,0,0,FALSE,,,
2,"{'id': 60229721, 'resource_state': 1}",CD,1867.5,542,542,12.8,Run,Run,0,Strava App,15551209478,2025-08-22T21:55:03Z,2025-08-22T17:55:03Z,(GMT-05:00) America/Indiana/Indianapolis,-14400,,,,0,2,0,1,0,"{'id': 'a15551209478', 'summary_polyline': 'su}yFlsofOHGNk@BoAFaA?y@B_ALsBVaAr@aBd@sAFGFYZo@BK?GEOKE]LII]s@UYWKIIMa@MWEUDk@P_ABs@F[?o@EW?YDu@Ao@BM@_@t@oDRoANa@DWDIJu@Nq@CMYU?KDOBEBSGMIe@CmAGUi@u@KS?QPq@DG@OJ[Hk@HWHG?OHSB]Fa@DCVCBEJCNMH_@HQAQBG?_@BECQ?o@CI@uCCO@e@EqA@UEm@Kg@IUMSIKOISIM?e@DWIC[BYCQ@OEOGCOF', 'resource_state': 2}",FALSE,FALSE,FALSE,FALSE,everyone,FALSE,"[41.118022, -85.117851]","[41.117599, -85.101433]",,3.446,4.96,FALSE,FALSE,FALSE,241,231.3,16608623939,16608623939,6BA16BB6-0F38-40A6-9F62-591ECCD3556E-activity.fit,FALSE,0,0,FALSE,,,
2,"{'id': 60229721, 'resource_state': 1}","2k, 4x1k, 4x300m",7030.3,1394,2615,44.6,Run,Run,3,Strava App,15551145492,2025-08-22T21:05:31Z,2025-08-22T17:05:31Z,(GMT-05:00) America/Indiana/Indianapolis,-14400,,,,0,9,1,1,0,"{'id': 'a15551145492', 'summary_polyline': 'gb_zFxnofO@u@Dc@EWUg@i@{@CIW]O]i@w@[]Wc@e@[_@e@Ae@FgAD]AI_@WGAMDIZDv@Kf@Al@H|@A`A@JJRVVh@p@DTB^P|@Cj@O|AQbACz@Id@CnA@RHVNHRCHBLHPFLCnAZn@BNJFJLl@XFPAFBXALDXBt@?XFNCfANv@DXAXDr@DFFJ?NL\\N\\AXOL?RBr@THAXOFADGFC^g@Tc@\\]r@ENENI@KCOGMKEKIOGAG]WOSm@YIA[Fy@Mc@BGCa@Cc@As@KH?a@Ew@BcBKe@Gc@CYIe@CeAOk@O[QIGIUFk@Ae@Fm@AMB]EU[e@]{@_@i@CKIECIGECI[c@Q[GGg@o@GAc@c@Sa@N_CGSUIIAMFOfADf@C`@?TDXCd@DXAj@DRNNHDRb@LPDBHT@LDDR~AQz@Ch@DMI^Ir@?RM`AAb@Er@A`@@JJPTFH?PC^Nt@L\\Bf@LPJVTDJAH@TFBH?LGL@b@APDFDX?`BPh@?RFb@B`BFXHd@TRB^Gj@C`@L\\F\\IBGF?LKz@eATa@NEP@VEN@FCFCDWOUOKUUGC}@y@GEKCY?GB_@Eo@CTPO@eDSSCICYAcAOu@Ey@Q[ASE]CYII?y@Ks@_@EGA[Bg@@eABGEy@GUa@u@K]i@{@GECISWISw@cAWWGAMMQUECGUAYFm@?KF_@?IKUQIQ?GDEFANAj@@\\C^@^ENFd@CPFjABFZVXh@LJb@pBGTDR?PIp@Ov@WfCAfAEb@FVFFV?b@NP@NJ^CFDP?XJPB^PLJBJCVDDR@FCJ?dAPlABFBP?lAPLCN?HB^@JCXBb@Hp@XFFR@XC\\KNAHBFAPBb@PH?\\Q\\]R_@FEJURUFCPCHB`@GH@F?FEBKEYGI_@U]c@UMKOOKOEI?WVc@I{@BEGSCeAC}@MU?E@i@IaAIa@KcBQ', 'resource_state': 2}",FALSE,FALSE,FALSE,FALSE,everyone,FALSE,"[41.122211, -85.118353]","[41.120899, -85.118577]",,5.043,9.28,FALSE,FALSE,FALSE,242.4,232.5,16608550850,16608550850,88B1998C-D9D9-4001-ADAA-777844664F1A-activity.fit,FALSE,0,0,FALSE,,,
2,"{'id': 60229721, 'resource_state': 1}",WU,2939.4,884,1217,5.9,Run,Run,0,Strava App,15550831667,2025-08-22T20:40:15Z,2025-08-22T16:40:15Z,(GMT-05:00) America/Indiana/Indianapolis,-14400,,,,0,3,0,1,0,"{'id': 'a15550831667', 'summary_polyline': '{s}yF|mlfOR?PILDBHAb@Fd@AFHRJ?j@KPFPFJNPZFTFXHx@ANDzAANDdA@~@Ah@DnAEbA]|@EB]DKDEFOrAM^?FMb@?FEDET]dAG~@GVEJIJOj@a@v@?FQRUIa@FCDCZILIb@Qh@@PDN@`@IJEBSl@C`@[fCQn@Sn@ODGHQDCDMZEVK\\KPSNGRDTLLFLLLNFF?DAHMHAFHDZLV^PZTXXHJ^LXVD?NXHFLV^RFLFTDHLL^LHJP\\V`@JF^EF@?TKJGVWl@AF[n@Sl@OV{@bCGl@?zAE^AjACL?^E~@@^ERY`@a@BSM_Aa@IIC?g@]e@QKOSEc@QKAe@UICm@a@k@c@qAo@MIKC_@QYISKWGe@UCEK?g@OE?y@a@ABIGYGWME?IIe@Um@Qs@]oAc@QBC`@IPCBOASFO?[bBZfAB`@', 'resource_state': 2}",FALSE,FALSE,FALSE,FALSE,everyone,FALSE,"[41.117672, -85.101242]","[41.122279, -85.118267]",,3.325,4.32,FALSE,FALSE,FALSE,241,231.3,16608187202,16608187202,3ECDC637-B2C4-4EA4-92EB-7FB30BC4000C-activity.fit,FALSE,0,0,FALSE,,,
2,"{'id': 60229721, 'resource_state': 1}",First Day of Practice,9750.8,2708,3077,32.1,Run,Run,0,Strava App,15536358622,2025-08-21T13:16:18Z,2025-08-21T09:16:18Z,(GMT-05:00) America/Indiana/Indianapolis,-14400,,,,2,7,0,10,0,"{'id': 'a15536358622', 'summary_polyline': 'go~yFffofOg@Oa@QQOi@SMAIIYCcAk@G?UK{Bs@g@W_A_@{Ac@cAe@mA]cAe@uAc@_Bo@IGq@WYGg@WqC_AgBw@SASO}@a@YIcAi@w@YE@wAm@{Aa@w@YYEgBm@s@a@YG_@YEGUOy@qAS{@Wo@?Iw@aCOu@g@aAUWWc@Ky@BsAAqAB}DMKU?YUMAGDENB^Et@@HE\\@NDFHAJOAYH}@GgEC[@sAC_@?_@Ek@i@DeABUHSRQHY?k@][CwAi@sAy@gAc@GKi@[sAg@c@Ke@SgAm@_@e@k@OiAo@QWa@YMSe@{@CQMOe@WUcAQQ[KOMKQKcBEOImAIa@@o@JaACSOg@OQKUu@y@KGKDEJA\\U~@Et@K^@t@JfADN?j@On@[\\YFe@CQMMCUQuAa@_@Ww@a@q@i@SI[WYOKOi@[g@g@I_@c@[k@UYo@[oA]UIDMd@MTG^_@jASTKZS`@[\\GLm@n@o@b@c@J{@H{@Gq@MSIu@MkA[SQSGc@]m@u@Yy@KkACO?cAPkBDOReBFU@QXcAf@{@r@}@DA@GVOVYVq@F_@H]?w@SwAMyAJoAXg@DOh@m@`@Id@BFGH]N@JEJOHuACECe@K[?IGOBGJAPQPGFK`@WTAT_@@KCG]EEEGiAFWXSP]PSH@PT\\Hd@ZJLFTDj@H~AJ^LRXSn@CbCn@|CZt@Vf@ZXXTNBD|@v@v@`ALZRTh@nALPhBxAl@r@Tb@Lb@B^HZErBUfBCj@Sn@C`@GNMx@KhBObAI\\Il@HLNBPXTRZh@Jf@@VCX?XE`@Bj@PjA@b@R|AHTb@RXXF\\Rb@NHNNZh@@F\\h@fAbAPLf@PLLb@NXd@jBt@h@Xf@Rh@Nn@`@NTXJr@`@XT~Bz@p@FTNj@IFMPIl@I`ACPB@~ADr@HxFKvA?VBDCHK?IECG@IZJDL@jC|@xB@NN^RN^n@N^Nx@Vp@FZN\\`@vAFJJ^Zl@l@r@`Al@lAh@j@Dt@ZdAZd@HHFZDn@Th@XpA^x@n@j@Nb@PDDz@Vj@XfCx@TPp@Ph@ZZDhAf@t@T\\RJ@nA`@\\RDAlAh@nDlAVNJ@r@\\jEzAb@TtAf@ZPv@TDBAJ', 'resource_state': 2}",FALSE,FALSE,FALSE,FALSE,everyone,FALSE,"[41.120322, -85.117719]","[41.120462, -85.117806]",,3.601,6.08,FALSE,FALSE,FALSE,243.4,231.1,16591939980,16591939980,063A534F-A6FE-4C30-9CAF-4FA2B83A61F8-activity.fit,FALSE,0,0,FALSE,,,
2,"{'id': 60229721, 'resource_state': 1}",Split Tempo 20min/10min ~3min rest,7738.3,1800,1975,16.2,Run,Run,3,Strava App,15515570705,2025-08-19T17:20:34Z,2025-08-19T13:20:34Z,(GMT-05:00) America/Indiana/Indianapolis,-14400,,,,0,5,2,1,0,"{'id': 'a15515570705', 'summary_polyline': 'a`|yF|lffOu@H[ESBGBo@Ae@BSJO?UFWA[FgAAoAJ_@AUB]?g@Fw@?MFEh@CBATDREj@BFA^JzGINOHM?WFI?EDUFG?E@SBGCM@EHHb@AF@l@A\\BTAHDhBAP@\\?h@FtA?bACd@DpABxBBd@@|AAND|@CPD\\Aj@BZATDj@?x@DP@^BFRDNELBNEp@@LDT`@VDV@VGR@XAR@VE^@\\CLEvB?`@ET@NCF@b@IL@f@M^[b@QX@TCfAAXEt@?z@EN@bBI^@DAH?NAR?n@GLBVCRAFB\\CD?LHh@d@XETFh@GZBTEZBh@G^@FEPAL@fACHBdAIFBRET@TGPDh@GdAANCX?DAb@@HGX@VE^@p@GX@l@CF@\\G^@n@GnBAp@IP@TA^FF?DC\\?JAT@`@C\\?LEDGGq@@]Ci@AyCEsA?k@AI@k@GeFC[?k@CoA@{@I_C@SEyB?gAC]?_ACc@@i@AGAi@AICyAAIBSC]BSC_@E_FG}B@KEoDCGA{AKqAKs@C_@Y_BYsCGYCc@My@Iy@Ke@Ce@I]QgBG]?SI[MsAQcASeBIQE]M_@Ke@Og@GII[[q@SYAG]m@AGIKM_@U[EAWF[?m@F_@CEBU@GAG@MAE@s@BcA?SDMAeADk@@i@Dc@@y@Hk@A[BuBB_@Dg@?mAFi@?e@DOAcA@]DW?e@Dg@AW@EBQAGBWAGBaABM@EFC^IZDd@?VBX?vADzCA\\DP@`AJbAV`AJNRl@d@z@Nb@P\\HXT^~@pBNb@Xn@RhAHjCEXBT@tABx@A`@DZAPDfABN?x@F`@ANHlBQt@AbBBf@?f@B^CT?PNbGAZFh@E`A@b@BPAREDG?KEEISCSMg@q@IOOOCG[W]k@SScAeAEAEEu@c@CGPk@?]B]', 'resource_state': 2}",FALSE,FALSE,FALSE,FALSE,everyone,FALSE,"[41.107428, -85.06969]","[41.107536, -85.069512]",,4.299,6.62,FALSE,FALSE,FALSE,249,235.9,16569595909,16569595909,5C3C155B-935E-4F3B-8BDC-0727C716C181-activity.fit,FALSE,0,0,FALSE,,,
2,"{'id': 60229721, 'resource_state': 1}",WU,3230.9,987,1011,6.3,Run,Run,0,Strava App,15515034627,2025-08-19T17:02:13Z,2025-08-19T13:02:13Z,(GMT-05:00) America/Indiana/Indianapolis,-14400,,,,0,4,2,1,0,"{'id': 'a15515034627', 'summary_polyline': '{`|yFncffOOCIBI?KEM@SGEBIA]EG?SEK@EEI?UMUCYMe@KWKUECEKAOKEEUGUMKCGG?IRYDW?IBGHwAJyBEk@@YAeA@OC]BG?o@AGAs@COB}BJm@Xq@PMD?^e@?GF?VMHIX@DEv@MJET?DEJ?fAg@HEL?HEp@CLCN@LCV?DCD@DCZ@RCPKZCB@@h@Th@FZLRp@~AV`@@LR^JLJZDFH\\LLJX@DPVTd@?NNPBZJT?`@Fd@Bt@CN@l@BFCL@n@A\\Bf@C\\H`@Ab@Db@@v@ATJbACLB^?^@XDNEb@EBAFCrAD`@EN@LDLEr@@F?lABN?l@BLCb@B`@A\\Db@A\\Dv@?d@AHDtB?LB\\AvADtA?d@FXAHDN?FFT^fAXb@Nn@D\\AFG@QIWDKCI@MBa@@UCEBQ?GCG@OCEEUGa@Qs@i@k@u@EAMMMWIGq@_AIGOUSOc@i@Ye@w@s@?KDMLk@Tq@Jq@J_@FIN{@BE\\wABCLq@DMDUHSJyA', 'resource_state': 2}",FALSE,FALSE,FALSE,FALSE,everyone,FALSE,"[41.107144, -85.069383]","[41.107536, -85.069508]",,3.273,5.24,FALSE,FALSE,FALSE,246.9,242,16569036973,16569036973,FB03B67B-8834-4BC6-88C0-BBA1D8C702C1-activity.fit,FALSE,0,0,FALSE,,,
2,"{'id': 60229721, 'resource_state': 1}",Afternoon Run,10222.9,3110,3517,15.5,Run,Run,0,Strava App,15471019037,2025-08-15T19:06:40Z,2025-08-15T15:06:40Z,(GMT-05:00) America/Indiana/Indianapolis,-14400,,,,0,7,0,1,0,"{'id': 'a15471019037', 'summary_polyline': '{p{yF|sefO@MG[@c@IYAWSk@Yk@CM[i@COKOQg@IOIIAGS_@BYAMBECSe@oAIG_@}@[sA@QAE?MA[BQGqA?a@E]BOCm@@MCg@@UCO?g@AE@_@CO@m@CMECKFe@?KHUE_@Fs@BWAUBICuAHm@A}ER{@AiBJ{@?wCNiA?aAJo@E{@FaBDiA@w@FaA?mAJuA?eCLaC@KDeCJw@?MBuDLg@AKD}A@{AVUIMDiA?q@DYDi@?MCQHICYH_@AOHC?MQ]@OFMG]D{@Cs@FyDJwA?{@FgA@[@_@oA@GIm@@QEeBHi@`@_ALg@BU@g@Cc@Fc@AwACCBs@IaCI]Aa@AGSI_A@i@Fw@CYDiAAs@FAAAKC}@?_BEe@@u@Ce@@OCqAAG@c@CkBCMBQEw@?w@CgBBIEc@AqABKrBA^ETa@@UAG?{@Ki@@]Ce@?sAEg@@[Gg@?OC]?e@Ey@E}COe@_@e@]w@E{@@i@De@A}@CGQE[FkAAq@H}@@IDEEsB\\s@A{@IwAJSJg@Ag@D[CUD{@AiAJ]AUBiB?WD_DByAJOCy@?WDQAoC@q@BUXApBFzB?RCD@lADr@?n@CNHZCNAv@D`@?PBZCb@Df@C`@BN@l@Ad@SPE?OHCJFd@A`BCVDdB?zBD~B?TELFb@AF@LC`@Db@?xABPCNDb@?`@HnAAZEP@f@EVKZ?FJ\\CFBb@Ab@D|@CF?VD\\AN@N@|A@^ALBh@CD@f@A\\DL?fABNAl@Dl@CN@DAP@DVPb@FCH@TDRDLR?LIHDdAG^Bb@EbDAPCn@@vCGr@@rDKLDTGdDAVG`@BdCEf@B\\GfFCh@GbCAzAIjA?`AIf@BJCtDINALITDf@?h@EtCCXEVBl@Gj@F^Gt@BNCN@TGVFpAIr@?z@OJ@|AEr@Gz@?dAGPEnA@|AIL@t@GtAEbA?hBKpAEhA?nBMVBz@IpCCZGfABd@Ih@@dAIvCEPHFJD^I\\Gl@GTAZITSpAQz@Ar@Fh@L\\Zb@NHXFp@C`@JRPRDVN`@|@LNtAUFLBdB@F@\\DR@t@DTDn@A\\@RITCZIPAVZ?RDpAKDENC^TNXJDNVD@L@ZMXCJ\\RZ@pA', 'resource_state': 2}",FALSE,FALSE,FALSE,FALSE,everyone,FALSE,"[41.106998, -85.069522]","[41.107312, -85.069485]",,3.287,5,FALSE,FALSE,FALSE,246.4,240.9,16521948219,16521948219,7F17EBAF-2A01-4A11-A594-9B2311B03EFB-activity.fit,FALSE,0,0,FALSE,,,
2,"{'id': 60229721, 'resource_state': 1}",Afternoon Run,9344,2539,2615,30,Run,Run,0,Strava App,15425735780,2025-08-11T20:38:41Z,2025-08-11T16:38:41Z,(GMT-05:00) America/Indiana/Indianapolis,-14400,,,,0,7,0,1,0,"{'id': 'a15425735780', 'summary_polyline': 'ki{yF|`ffOLk@Ra@RWj@c@@MN@HADGx@DFHz@R`@@t@\\HCJs@VaADg@AYXs@?QFKTy@BYGg@Qk@MWWeA?_@Da@Ja@PWHSAUGICaBI{@@QA}@EkBAsAA_@AiBMm@IKYeAMYSu@MYMiABMJMDOFARD|BMb@Af@@v@GL@tCKbAIb@BLJPd@V^hAhC^hAJd@FJR|@nAbK?PH^B`@BFPjBBFB^TtATzBNbAJ^B`@DFRxB@|@FlAAv@BLAPBXBnBARDtCA`@Dj@?~@BP?dAE\\?`AFXDFE`@D`@?`AB^Cv@DPAt@BN?lB@\\BXARD|CBP?rABb@Al@D|AAn@DF@XCb@@DBxAAhAF|@A`@Dx@Eh@H`AC^D|@AXB|@Ap@D`@Ab@BNBj@Cd@BFAv@DVCfAFr@C^Dt@Ch@HzB?|@Bb@Ab@D~@?vAB|@AtABh@E^Hx@CfCBnAC`@Hj@@t@H`@AXHdDAfBD`@?fBCZBHBp@?z@DjACd@B^@hBB`@A^D`A?TCFWEWDeDFSBMXOFMCq@@WFm@?{@FMAaBFWA[DYAQBiA?w@JMCUBUA[DmA@KB}@?_CHUA[M_@_@KCGBKXKNMFeAJ]AIUOKAGBi@CmA@_@Cg@@]C[@]CU@]EaB?aDEmA@k@G{A@_@Em@Bk@?yAIYECOBSC_@D_Af@_@^OZSRg@x@iAnAKRe@f@m@|@GTc@h@u@vAs@|AK\\S\\]dAQ\\_@~Aa@jA_@T_A?g@F}@AmAF[CmAHk@A]_@IWA}AGgAQqAA]EOC_@Ia@EEI@OP_@Nk@JW@SHg@?IJI?UMAIBm@Cs@?iACa@@i@A_BCW?cACe@?iBAGAmAEa@@QC{B@e@EM?S@mACQ@i@IaD?YBKEe@@{@EO@}AMa@FC@KKmCBQ@q@GeBB[G{B@i@CSDm@AYE_@CcADaANc@RIZFzAC|@ITBZEDCHg@DGNCdA?f@Gj@@HETAZDVIl@B`@EPK@UCQ?Y?kBCUCoABs@Ec@?oADeB@GDANJXGJ@JCX[Z?\\G@KG_@?qBIcD@{ABSN_@ReATq@f@}BHMJKTu@Py@DWPs@Hg@?YDS', 'resource_state': 2}",FALSE,FALSE,FALSE,FALSE,everyone,FALSE,"[41.107161, -85.069429]","[41.107338, -85.069501]",,3.68,4.82,FALSE,FALSE,FALSE,248.9,235.9,16473596005,16473596005,F30955AA-B2CC-4E0E-866C-DECC93663A12-activity.fit,FALSE,0,0,FALSE,,,
2,"{'id': 60229721, 'resource_state': 1}",CD,1611.1,440,440,2.3,Run,Run,0,Strava App,15403829886,2025-08-09T22:15:07Z,2025-08-09T18:15:07Z,(GMT-05:00) America/Indiana/Indianapolis,-14400,,,,0,0,0,1,0,"{'id': 'a15403829886', 'summary_polyline': 'cf|yFfyhfOCiB@_@CICaB@OEoACyAB_@CG@i@CgAHo@NEPFHQ@aAEe@Da@?SAS@u@IqB@SBO?GDQC[DiBBIHC\\BTOFAZMDB^@TIBO?QDO?OCeAFa@Ei@EoBBQCO@_@Fs@BURu@He@JU?QX}@Jk@J[@QHMn@wCHOBk@?WCQ', 'resource_state': 2}",FALSE,FALSE,FALSE,FALSE,everyone,FALSE,"[41.109856, -85.085971]","[41.10715, -85.069402]",,3.662,4.7,FALSE,FALSE,FALSE,248.4,243.3,16450125481,16450125481,9F7CB896-C49D-4759-AD62-CCF57A6256F0-activity.fit,FALSE,0,0,FALSE,,,
2,"{'id': 60229721, 'resource_state': 1}","Fartlek Saturday 15x(1on, 1off)",7067.5,1801,2383,17.9,Run,Run,3,Strava App,15403736639,2025-08-09T21:21:53Z,2025-08-09T17:21:53Z,(GMT-05:00) America/Indiana/Indianapolis,-14400,,,,0,5,0,1,0,"{'id': 'a15403736639', 'summary_polyline': 'cp{yFjtffO@H@tBBJCHDTDhAAdA@lADTAP@d@?bAB^@|AJ~@HJH^JRB@DNP^L^Lr@?p@B\\Cr@Fj@AT?hAFvA@rADh@CJB~@@XCHDd@A\\B^CFBb@CLBv@ANBN@lB@LPHHT?VANBX@v@DRGr@FlAARCHFbA?t@Dj@A^@\\Ad@Dz@Cr@Dp@?PBPC\\B|@ANBpAA\\DNClAFn@?zABH?r@Cd@Ff@?\\AHDh@CvAL~FAz@@dCAPBZAPDRCh@Dd@CPBh@BT?VMFOPCTBZCRLbC@l@@HAj@D|@A`ABJ@^CHBf@?b@JpD?p@BRAt@DnA?f@Dl@?ZANB\\GZDB@HAn@DDBRCbAD|@Al@ETD|@AJBf@CH?RHPCJB`AC|@D`CAz@DnACLBf@@lCBFANBZ?hAAP?n@BJAF@^BJCd@@R?`@@H?~@Fh@Ah@B`@?dBB\\At@@TCND\\BvAAFEHMGk@AEAm@Di@Cg@L[?aAH[E[?e@IYKUSSIoACMKIUJo@DCT?r@Rp@~ALRDC`APN@jAAR@JAnAEv@APADCVCT@FF?JGf@BrAA^D~@?|@@JAh@@T?\\ARDf@A`@FjCCdBBpAAP@DA^DbAA\\@`@Ex@Dh@Al@Dr@Cv@@lA@HAj@IAGKG?IFEFE@SKa@OMGOU]WKMMKEKGCSY[WIM[WuAyASMGKo@o@QUk@c@Yc@]W_@_@[_@UQwB_CIOBIXUFKHa@`@k@\\s@BQHIJALg@Im@Yk@AMKyDEg@I[W{@kA{AIO@ITU@IR_@FQ@UDEHcAAwBGeB@mAGcA@e@Co@@s@_@dAWE]@QFW@a@@eAAE@m@@cAL}B@YI]AWKQDGAYWc@QIKIGM?GEEQSQCGIc@Fm@A[D{@?wBBc@A{AAIQKESDa@Ag@@eACeA@]C_@Be@Ec@@[IcDEAYDMC?k@B]GyB@kCKqC@MGiD', 'resource_state': 2}",FALSE,FALSE,FALSE,FALSE,everyone,FALSE,"[41.106491, -85.069594]","[41.112155, -85.094596]",,3.924,5.68,FALSE,FALSE,FALSE,246.7,237.5,16450022055,16450022055,CE488A2B-AB86-4FC5-B45A-545D86476B2F-activity.fit,FALSE,0,0,FALSE,,,
2,"{'id': 60229721, 'resource_state': 1}",WU,3566.4,1010,1024,7.4,Run,Run,0,Strava App,15403497218,2025-08-09T21:00:44Z,2025-08-09T17:00:44Z,(GMT-05:00) America/Indiana/Indianapolis,-14400,,,,0,1,0,1,0,"{'id': 'a15403497218', 'summary_polyline': '{`|yFncffOYCE@y@I]@c@ME?QIYG{@YUAs@[E@OGQOe@OSS@KLUNaARoDAiBCsA@QC_@@_@COBy@?g@CEBiABSNe@h@u@h@i@f@SPAhAYb@GzAo@^EV@LAz@AXCF@TGL@j@ODB@DEZPb@Hb@@?FDDTXd@N`@f@|@Pf@V^BF@RHJb@z@FRAFn@vAFVFl@BtAAPDNCn@Bh@CTDXC`@Dx@BpAHbBEDG?MGWFm@BWDKAEBq@BWA[DSAYB_@CY@e@A[@i@CqB?WCY?{@Iw@WYEi@SQEYQG?WGM?KUa@IYM?ILOBG@_@Hg@@]H_AF}A?sBCi@@y@AG@c@C]AoCBi@HUP]X]ZUFMHIJCTM\\CVIVC`AUJGbAa@TCV@TEX?|AGVIF?TGBF?ZFLHf@HHH@J\\^x@DDBPZj@N`@P\\JFD`@HHFLDRZj@h@pANj@AFH`@@x@', 'resource_state': 2}",FALSE,FALSE,FALSE,FALSE,everyone,FALSE,"[41.107136, -85.069398]","[41.107052, -85.069486]",,3.531,5.2,FALSE,FALSE,FALSE,246.9,241.9,16449761250,16449761250,3064097E-9E0B-4BFE-A37A-EB7B367E0755-activity.fit,FALSE,0,0,FALSE,,,
2,"{'id': 60229721, 'resource_state': 1}",Afternoon Run,8068.6,2283,2484,27.2,Run,Run,0,Strava App,15381587175,2025-08-07T21:10:04Z,2025-08-07T17:10:04Z,(GMT-05:00) America/Indiana/Indianapolis,-14400,,,,0,6,0,1,0,"{'id': 'a15381587175', 'summary_polyline': 'oi{yF`lffOHr@A^DN?z@DJJCJKNCHUJQHGP[b@e@F[HGBMPUBGNO`@QROPk@HKBANHXGV?DC|AGX_@ZUF?HNVPNVNNL?FCHc@^YJELABCRCj@Bl@Lp@@NDf@?BEN?j@]FIRKX[\\UXGBEPCJBRAD@FPATD\\AH?x@E`@BHCzBDz@?jABN@`Bh@f@R@JEV?DCJ@VEDBF@XCHFEh@Dx@AtABFA`@BHA`@Bh@Ad@B`@A^FjBANB^?`@@NCF@V@HALDb@?zBBR?x@Bn@CNDjA@rADr@AX@P?x@BXCPD^ClABJA`@DZAVBXAvAD`@C^BFA\\DPAt@D`@E^D~@DNC^DtAAfADb@?pABPB`CCVF|AA`ABR?b@Bt@APBnACj@Dl@?XBF@RAhACNAj@Fb@I^Br@PlACX?`@Dp@Ah@BFA^BR?dADRE`@D^?`A@HCZ@n@DPCP@RALDv@An@BNAt@Bv@ANBd@A^F~@ATCHMGO?[Dk@?E@YAYD[?G@Y?Q@EBOCY@YAE@o@?QBMFMLe@BYFYAEBWAOBe@?[BEA[BKCGBa@BOB[E[Fw@BYCUDMCc@DMCk@FWEED_@@[AGBQ@m@?EBQAGCaBASNQCaA?MC]M?IBKCgC@OEqCBMGiBAgBCu@Bu@CGAY@]CY@qAE_A?aCGgB@_@C]@{@EsA@a@CE@SC[@a@Au@@IC_@@QAG?_AGkABmAEm@EKIIGK?_@EEUBEBYAGBYAKBWAWBo@BW?M@WAEBk@AED_@?KCWDSAOB[?i@BW?KBiA@YB_@AY@WA]DY@KD_@@[AsA?]BSAaBFIBSCWFc@CIBG?g@DyABSAUFmBGGEDc@CkB@_@Cs@@e@CW?cAAE@a@Ca@@OE_@?y@C]@_@Ea@BW?OCG?[B[CM@a@Ca@BODE@GAa@DIXQHAFDR@DA^?BCPAX@XGVBh@GLBBCX@LK@UFI@GJIRFJ?XE^@DCV@JAD@DCj@?n@Gh@?PGBEA[BQCiBFc@Ea@CqB@c@CuAD}AJIb@Cd@Q`AGJCBI?WAK@YCi@@a@Ec@?cBBGGwAHa@Dc@Tu@?GFMFc@L_@Fc@b@{AFW?KFKd@wBJ]Hk@?YAW', 'resource_state': 2}",FALSE,FALSE,FALSE,FALSE,everyone,FALSE,"[41.107178, -85.069417]","[41.107376, -85.069486]",,3.534,5.24,FALSE,FALSE,FALSE,248.9,236.5,16426353967,16426353967,C3F3DF1A-14B7-416E-B8E8-6B03C35EA9F8-activity.fit,FALSE,0,0,FALSE,,,
2,"{'id': 60229721, 'resource_state': 1}",Evening Run,8052.6,2276,2332,28.3,Run,Run,0,Strava App,15370846814,2025-08-06T23:07:20Z,2025-08-06T19:07:20Z,(GMT-05:00) America/Indiana/Indianapolis,-14400,,,,0,6,0,1,0,"{'id': 'a15370846814', 'summary_polyline': 'ki{yFt`ffOHS@Ob@y@b@_@PIXCBEJBVAXFFCPBFFf@LH?VHJ@`@RJ@ZV\\b@DBNL`@p@KLCP@FNNBLd@t@BNJRJFX`@PLRTD@BFVXZd@b@\\b@t@TLf@x@HFHNPNBLNPD@LRD?LX`@XRBJFb@@f@C\\OZILDr@IV?D@PC\\?d@E^DBCDFA^B~@B\\A`@BNAp@BLAn@@J?h@D\\AX@P?x@BP?^Br@CT?NF|BAF@jAB^AXBjAARBNA^DdA?~A@p@DZAf@@F?^Bb@Ad@EPF`@?^Bb@AJ?j@@D@h@Az@DZAP@bADb@Cb@HfBAz@DnAA\\Df@Ab@@dABNAZB^AR?l@B`@?bBBZ?v@BNAz@B`@?j@@FCb@@b@BDCbA@`@AP?bADj@E^@ZBv@Jp@Aj@Bv@BDAz@Dv@Af@B`@AFB`@AtABFAP@NBjBA^Dv@Cj@Fx@A`@D`BAX@f@@L?PGBOEi@?s@BYDICw@DKCi@Hi@EyAHQ?QB_@?YDUCWDWAIBUCMBWACB_@?e@DCD@LCDSDkABEBk@AQBo@?UD[A[DYAEBQ?EASDs@Ce@De@EQKMUWIEDIRIJE?KHOFOBUAKBy@@AwDCe@?o@C]@m@Cg@@a@CQ@GA_@@a@CaA@GAo@AG@OEy@CeEGe@GMGYGSBOAu@CEME]D_@Nw@l@OTIFe@z@c@j@OLKPKLKF[^OJa@j@MZi@x@Yd@AJINU^Ur@Yl@I\\[r@_@hAOVAFe@dACNEBK`@U^QJSDMAWFEC_@B[AEBEAc@BECWBEAo@DaA@k@H]CWOSi@AUDc@@aACs@Mu@C_@Ke@Aa@CEKKEAIGWPo@VYAYDKEe@Bc@NE?GKBu@Ck@BKEyBCa@AIBa@?cAEeABa@CM?a@CkA@OEo@?e@Aa@CeCEmA@OEmB@{@EcACyB@QC{@Bg@EW@g@Cy@@_@CcBE_@BMEu@@a@CwABMIeB@a@CcAC_BBo@EQFEF?`@KTBfDMn@@\\EN@Pc@d@Uz@EbAADCbB?JADEBQCm@C}EE}@@eEDOPML@j@QpAELI@GEcCAiCCa@?gABSNk@BYLa@BOBGx@mDLa@Fc@N_@TaANgA@eA', 'resource_state': 2}",FALSE,FALSE,FALSE,FALSE,everyone,FALSE,"[41.107224, -85.069492]","[41.106969, -85.069587]",,3.538,5.06,FALSE,FALSE,FALSE,248.9,236.5,16414882337,16414882337,D3F86F95-F386-4528-A700-A0393B216047-activity.fit,FALSE,0,0,FALSE,,,
2,"{'id': 60229721, 'resource_state': 1}",Afternoon Run,10083.9,2855,5988,32.1,Run,Run,0,Strava App,15312263912,2025-08-01T19:26:24Z,2025-08-01T15:26:24Z,(GMT-05:00) America/Indiana/Indianapolis,-14400,,,,0,3,0,1,0,"{'id': 'a15312263912', 'summary_polyline': 'ez{yFtrffO@l@El@KZE\\MZSz@CVWt@Ib@?HOZC\\Qb@E`@Qj@G^GLAXI\\D^?jAFhCAh@G`@@`@Cf@GDaAHUJ}@DEDArDDhA?~@B\\Cb@DN@tADf@CNDPXMPBb@Gd@ATDNEnBADE^Bt@I~@?j@GX@XEdCAZEzAEXNBl@Ar@@PA`@DvACb@Bb@BlEDNA`@D`A\\lACN@j@D`@CN@`BDtCBPCx@DXCPBt@AZBPARBDAj@Fv@ARBp@CPDt@C|@BZCPBr@BFA`@BRCNBXBpCE\\HnAAd@D`@A`ABtAAz@Dj@C|@OVKd@DfAEVFh@A~@B^?~@DN@r@D^CXD`AAb@BJBxA@~ABXAh@BPAFD~AAPDjA@tADZAdBD^Cz@F`@Af@B|@CPBF@l@Cd@Bb@Cf@JhFCPB^An@DZEb@BFAPFdAAj@Bl@El@QNY?KDYBYJm@?GPEfBBl@Ax@FhACNBd@AtBBVGLk@@_@NQf@QPe@dA]`@O^aMv@{@i@kAWeEFy@J[NKNgCbAUbAr@x@p@bA\\ZBFK\\HVX\\b@^}GxNGFMt@]dAGZMZIBSSUMu@SYOOKEKFOH}@D{@X_C?QeA_@]UyAm@M_@g@o@kAy@KCk@_@GS@GEg@WeAIGM?[SuAg@WUK[QUM]YIOMOWG_@?u@E[IWq@gA?GLq@b@wARWPcBDUh@SLKFKJe@Fc@@i@EeABOEyAA{CD_@j@sBFs@Pq@FiAVkB{AiFsC?m@Fe@AKE_A?g@L]ZWBKHMEs@[OA[TUFWIo@IUm@Oy@K]@_@E[Fo@CM@}@CSFY@_@EmC?[BMCY@mAGcACIIyCDSFQZ[BAXFVB^RPVLF|@BHGBIGq@BO?i@CO?o@Ei@?aDCMAgBBQCEAiBCo@@y@CM?aCBKDCb@C|BAZQLU?YD[Ca@@u@Eu@@]IuDBu@GgDAI@_@E_@?kACM@GAO@{ACM?q@Ay@@OCWBe@Ek@@wCIeB?qDEy@Ba@EoABQEa@@e@GaCBq@jCADBdACVEjBCRKZ@`FMrCG\\BnBIXFP@p@Iv@@b@CDEfFIHK@WDONGnCAr@ILUHwAEiBCqCAEBaEd@YvBIDAFOEoBGuA@c@CQDu@As@@[X_BZgAFa@FMnAkFNaA@iB', 'resource_state': 2}",FALSE,FALSE,FALSE,FALSE,everyone,FALSE,"[41.107183, -85.069554]","[41.107328, -85.069484]",,3.532,5.26,FALSE,FALSE,FALSE,248.4,234.8,16352244753,16352244753,5C51B039-147D-4C5C-B823-90BE5959030C-activity.fit,FALSE,0,0,FALSE,,,
2,"{'id': 60229721, 'resource_state': 1}",CD,1609.6,501,501,4.4,Run,Run,0,Strava App,15248145880,2025-07-27T02:27:08Z,2025-07-26T22:27:08Z,(GMT-05:00) America/Indiana/Indianapolis,-14400,,,,0,3,1,1,0,"{'id': 'a15248145880', 'summary_polyline': 'mw{yFndefOt@lBRZRd@FTFFlAnCLf@@`@BFBbA', 'resource_state': 2}",FALSE,FALSE,FALSE,FALSE,everyone,FALSE,"[41.107786, -85.06248]","[41.107169, -85.069425]",,3.213,4.94,FALSE,FALSE,FALSE,244.7,241.9,16283794588,16283794588,C1D9505C-C22F-4943-B8A7-707F8B98B92A-activity.fit,FALSE,0,0,FALSE,,,
2,"{'id': 60229721, 'resource_state': 1}",Fartlek Friday 8 x (2on + 1off),5601.8,1380,1398,10.4,Run,Run,3,Strava App,15248096689,2025-07-27T01:56:51Z,2025-07-26T21:56:51Z,(GMT-05:00) America/Indiana/Indianapolis,-14400,,,,0,10,2,1,0,"{'id': 'a15248096689', 'summary_polyline': 'qxzyFfdhfOD@FCn@?NCZB\\KN?FBFCl@CFAb@AFCVBXGb@BDELAPBN?FCT?H@DA^@FCD@~@IV?DB^GT@JCDBP@DCz@@HCFBTCJ?JCDBFCH@DEBGKg@Fe@CI?eAEY@oAGeA@aACK?W@SEw@@UEcAB_@Gg@@MA_@?aACk@?y@Cg@@a@C_@@eAE_@Ba@IwABYCq@?wACs@@SK_BF]CO?g@@IC]?_ACmABMEu@?mBCICkA@y@E_@@i@CKEs@@c@E]?UI]A_@Iw@CGG_@AMWaBGi@CG?MIc@Ca@Ii@Cg@G]WcCKa@AWGWKaAAE]oDKc@Ec@UgA_@qAM_@QYCQc@_AGEUg@CIGGQa@Ye@k@JGCW?WB]?G@q@@EBGE]FGA]@GA]DYCq@F[AWD[CMBUEYJ{@@MDQ?EAMBSAGBU?m@DKC[?]BeA@w@FEACBKAUDYAGBM?OESFMAIBU@MEk@DKDm@AUFGAM@u@Ak@FUAM@UCIBc@Hm@AQ@IB]Cg@D]Ai@Fm@C_@DUAGBk@BWAiAHKAwAFGAe@DUAKDM?QEMD[@EAKBKAUBGAWD_@AS@Y?q@Fi@?_BF[AmAHi@?W@GDWC_@Dm@AEBIAi@B{@F_CBE@GAU@EBy@?GBQ@ECmAHKAEBe@AUBKCO@IBIAKNGAEIQBW?CA[FU@KCi@DYCIBKCq@JO?GCg@FQAUBQCO?IBGA]D_@CM@EBN@\\EVBd@Gx@?l@GLBVEL?F@hAGV?^AD@V?\\ER@TEn@?jAIVBh@GhA?VGp@A^@TGt@?l@EfBAZGF@\\ANCP@RC^@TC\\@\\EF@ZCN?FDd@E', 'resource_state': 2}",FALSE,FALSE,FALSE,FALSE,everyone,FALSE,"[41.104086, -85.08]","[41.111238, -85.061056]",,4.059,5.98,FALSE,FALSE,FALSE,246.4,235.9,16283740027,16283740027,FA4E4966-7710-4C84-A8DF-7E6DA43AB1E2-activity.fit,FALSE,0,0,FALSE,,,
2,"{'id': 60229721, 'resource_state': 1}",WU,1614.4,498,526,4.4,Run,Run,0,Strava App,15247967762,2025-07-27T01:47:09Z,2025-07-26T21:47:09Z,(GMT-05:00) America/Indiana/Indianapolis,-14400,,,,0,6,5,1,0,"{'id': 'a15247967762', 'summary_polyline': 'iz{yFnrffOCjAKr@Oh@EDG\\Sl@_@jBEHCXGLGb@Sr@GLCTQj@EXCj@DfACF?n@B^?|@BzA@t@CTEJEBSBKAQDECQ?WLYAI@EAKDEFDt@Ev@FhCAx@Dt@CN@NDNAx@Dh@Ad@@DH@LGRAf@AFCDBJCv@?HEbA?n@ET@XCZ@DCX?`AGfAAPCV@', 'resource_state': 2}",FALSE,FALSE,FALSE,FALSE,everyone,FALSE,"[41.107202, -85.069397]","[41.104624, -85.08003]",,3.242,4.22,FALSE,FALSE,FALSE,248.2,243.5,16283598133,16283598133,8BCA3C96-85CF-498F-AF8D-A3DB31ED1A54-activity.fit,FALSE,0,0,FALSE,,,
2,"{'id': 60229721, 'resource_state': 1}",So Hot,8443.8,2416,5034,14.5,Run,Run,0,Strava App,15214590594,2025-07-23T20:06:14Z,2025-07-23T16:06:14Z,(GMT-05:00) America/Indiana/Indianapolis,-14400,,,,0,5,0,1,0,"{'id': 'a15214590594', 'summary_polyline': 'ia|yFlcffO[@qAQU?YEq@WiA]{@SYSwAk@m@[I@_@Iw@Dk@Py@JOJk@JYCkBHiBIo@DmB@WFe@AMCGKAG@[MUAQBa@Eg@A]MCMHgA@MD]GOM]_@q@aAKI]k@a@c@CGe@MS?OSEAQHe@CKDe@Ce@DSJWVYl@WVG@GCY@MCOBYA{AHQKs@i@KCQMw@OCE?c@Ae@@OFM?MGQFWAo@@_@EeA?a@EWGO?_@CIBQ?i@EkA?u@CO?eBCW@k@Ew@@c@CE?cBCODe@KkAB_@Ea@Bc@CE@OCU?kAG}BCGCY@[GSKWUOGM?g@Cw@?a@AUCGB]CQ@KG}@KMeBFUHGHE^B\\AXBNCVBP@f@Rp@Fv@Cp@D`@ItAINEVmApAAFKDc@p@?DOZETCf@Bj@ANUD[C_@BQEMFmAAK@KHQAKBQASFaA@y@AYFe@AKBs@DMEQDW?_@AQDQCSBEGF]EQ?i@AO@}ATo@BOFMH]DEFi@@c@AW@OAO@YEsA?_@Ea@BWGmB@a@IWOI[FgAA_@Fk@AgBF}@`@DjAAFBRAPBn@A|AB\\A`@D`BA\\F^?h@JPFd@DDXx@Jl@@fAFtADFF?TI\\@JEP@JFA^Hr@?v@DvBCT@V@lADVC`@LzFC^@d@@FR@LILDf@Gj@A`@IX?VI~@CJE`BqADUCm@Bm@AMEcGEw@B_@AQBuALa@HIFOAQBc@FALHPChAAv@Ed@@fAGhA?RFb@IXDVEX@zAIn@r@AA@EAODCDUPGX@f@E\\KRDLGzAAREVBl@AhAILBREHB\\El@ElCI\\@PCPB`CMtAA\\E`A?n@KdCA~AGTEdA@l@EZKAw@n@O@i@DU?mDE{@@YEODa@Ca@@_@A{@Lq@NuBF[JE`@BRGd@@R}B_@i@PAEPm@nACPDLx@j@OIYFYES@a@NQjAQ~AAD@`CCZBDD~@@hDGrCFf@FJLFh@MXEZ?PCx@AREn@@l@EFB@NGT?RKl@Ef@KTIp@KZGn@Qz@Ab@Bh@Pd@TZLJl@PZEZ@ZNT\\TEVTDPb@v@\\MJ@RQHCD@HRC^?f@NnA?`@N|AAF@`@ALGLCZMf@DDZELD^AdASPF@FJFn@v@R@`@OR@DFBTT^Bz@AL', 'resource_state': 2}",FALSE,FALSE,FALSE,FALSE,everyone,FALSE,"[41.107196, -85.069544]","[41.107345, -85.069505]",,3.495,6.12,FALSE,FALSE,FALSE,248.4,241.5,16247769751,16247769751,9E6314F2-5DF1-472B-81C8-B3070FD86601-activity.fit,FALSE,0,0,FALSE,,,
2,"{'id': 60229721, 'resource_state': 1}",Evening Run,10222.3,2918,3111,23.4,Run,Run,0,Strava App,15204247639,2025-07-22T23:18:33Z,2025-07-22T19:18:33Z,(GMT-05:00) America/Indiana/Indianapolis,-14400,,,,0,8,0,1,0,"{'id': 'a15204247639', 'summary_polyline': 'wp{yFltefOAy@AE?OE]JM@w@Yg@MYEUYe@aA}BMMWs@k@iASs@OWS}@Eq@?o@CQ@m@GcB?u@CU?IFOEW?qAEs@@e@XJz@GzBA|@KtBGXBZGx@@XGzBAj@E`IYv@@v@GnA?hDON@FH\\EZBDA@Ki@y@WKYy@WYUo@Wa@K[uAgCe@mA_@[Qc@o@oA_@i@EWc@o@EOQU{@aBM]c@u@M[SWg@eAIW_@m@a@c@COMSIWa@m@Uk@_@g@k@oA_@k@]cA]m@iAkCEU]cACa@Mg@SuA?GOs@FOGY?i@EO@[G{@@}BCm@A_CEqA?yBAE@s@Cg@B_@EWAqABOIs@Ao@Dc@EqC?a@EaAM}A?i@IuBBmAGoDHYIcA?kCKgHBUC_@Du@Ag@CgAGMUIMKKg@EAIYMQUH}@?gAHWCaCHYGG@ILw@EcCLKCQDUCmAHg@AEBCJE^?\\Dl@Pp@d@j@Ph@l@jAL`@Zd@TJ`AVfDM^BNEZ@~COP@TPt@Bj@LRE@LC^Bv@A\\D^C`@Dv@A`@BVDHEN?\\CJDlACt@B`@AzAD^CbADV?t@Jz@@b@Fx@?vAAHD`@?h@EV?t@Hv@AjAFt@EPBh@Ah@BFBfAAhAB\\?xB@FBzBA^BPCFF`BA^DL?^D\\@`@HNDn@H\\B`@J\\D^b@xAl@|A|AdDn@fARj@JHLXLNhAxBBLb@t@JHv@|ANPBLhA|B^h@Xr@b@l@Rh@f@z@Rl@RRDPv@nAfA~B\\d@BNX\\H^HHpAdCb@f@Zp@m@DK?MMI?iA@qBLmB?YF}DFe@JCDAFD`BlApDH\\Fd@DbCCPDjA?z@B`@@xCFhAHh@EFMBQd@IXAj@Fj@Pb@F^Tl@DXCf@c@`BMlAQ`AIHGL?JMn@GAOSGCo@E]My@IKGaAPc@X_@h@[bAItAD^APB\\IjEHfDFh@XdAD\\HJHn@ZtAXl@Pv@B\\R^NHrADjBIzA@RGL[FEFU@m@A{AP}@Ta@LQn@YnAEj@QNK\\_@`@u@HG@IAGYOEMc@e@u@aAaDmDa@y@E?IRIHg@XgANWAcAJId@YXYHQXG@a@p@Ul@]`@i@z@OF_@@GWBSCc@?GI_A', 'resource_state': 2}",FALSE,FALSE,FALSE,FALSE,everyone,FALSE,"[41.107117, -85.069509]","[41.107171, -85.069516]",,3.503,5.39,FALSE,FALSE,FALSE,244.5,234.7,16236726096,16236726096,A48F255B-2E2B-4A9E-8368-2D1C14014E5A-activity.fit,FALSE,0,0,FALSE,,,
2,"{'id': 60229721, 'resource_state': 1}",I finished the loop.,1931.2,600,600,0,Run,Run,0,15192252219,2025-07-21T23:42:27Z,2025-07-21T23:42:27Z,(GMT+00:00) GMT,0,,,,0,2,0,1,0,"{'id': 'a15192252219', 'summary_polyline': '', 'resource_state': 2}",FALSE,FALSE,TRUE,FALSE,everyone,FALSE,g20679662,[],3.219,,0,FALSE,FALSE,FALSE,,,FALSE,0,0,FALSE,,,,,,,
2,"{'id': 60229721, 'resource_state': 1}",Phone at 1%,4716.8,1437,1637,12.5,Run,Run,0,Strava App,15191797184,2025-07-21T22:23:55Z,2025-07-21T18:23:55Z,(GMT-05:00) America/Indiana/Indianapolis,-14400,,,,0,7,1,1,0,"{'id': 'a15191797184', 'summary_polyline': 'ap{yFdtffOB^A`ABV?~@Db@@f@CVBPCNBx@B^AnABr@AF@FBbA?^F\\D^Px@HHTl@BBJP?DLf@Fp@DhA?x@@^A\\@h@BDAt@B\\CDDf@@tA@P@|@CLBb@APD\\Ab@BbCAP@H?\\Bd@?dBD`@A`@@j@D`@CFDr@Et@Bd@CXDr@A^DZA^?^F^@~@@LA\\BNBjARFFNCR?z@AVD`@CNBd@BNA`@@LA^Bn@A\\Dz@AF@ZB^?n@AFB`CC^D\\AXBp@Ab@BFC~@BN@\\@FATBn@C\\@N@r@@FAJB\\AtBDt@?PKPKFEHCTHbB?TCVDLBjABTAPD^CJDzA@vBBNAd@H`CAd@BJ?dABNAPBNCV@V?HBJ?\\BNC^D`@?ZDz@GZCf@FNWGQDIAg@BEAGBe@?MCYDa@AMFk@Ak@@GAi@FKCKDKAe@BU?EDc@?EAWBKCCDE?[Au@DWAe@BIBgA?{@DWAO?EDcADGBIAKB[CE@MC_@Da@Aa@BIAs@DwBA{@F]?IDOAa@BD]COD[Ce@@}@CG?[C_@BM?i@Ea@B]A]@OCEAY@kAGmB?eAKuFAuFGqCAGBOEq@@]Eu@?oBCsBCe@@sBEmA@ECG@oAC]@y@I_B@_@E}A@e@GgCBMGkA?u@CUBYCa@@OE_A', 'resource_state': 2}",FALSE,FALSE,FALSE,FALSE,everyone,FALSE,"[41.107097, -85.069537]","[41.112531, -85.08344]",,3.282,5.48,FALSE,FALSE,FALSE,246.6,240.1,16223335641,16223335641,6E4354B7-C943-4776-9CC2-50403F0E2E75-activity.fit,FALSE,0,0,FALSE,,,
2,"{'id': 60229721, 'resource_state': 1}",5k UT,5026.2,1127,1127,12.9,Run,Run,3,Strava App,15127317521,2025-07-15T22:35:31Z,2025-07-15T18:35:31Z,(GMT-05:00) America/Indiana/Indianapolis,-14400,,,,0,7,0,1,0,"{'id': 'a15127317521', 'summary_polyline': 'kr{yFrlefOOYI]KKI]C_@CMOMIOQe@]k@]}@Sa@[{@I]Em@Oy@?MJa@?SAMAa@?u@EUBMC{A@KEi@B_@Cm@@ICQBKFAXJFEl@?NCT?NAVB^EZBl@KT?^CT@`@E\\@^GFB^EF@DA^@\\CF@HCZ?FAF@X?BCn@ADCF@l@ATCN@TEP@XGfAAFC^@l@EFBDCP?FADBZEH@j@GNBTE\\BFC^?DCf@AZ?l@EVDFP@LXf@DD@JLJBF^n@DRRh@PTAHPb@?HJZFFDf@Tv@?HF^Fr@FPJ|@AJH\\Bh@HZH|@Lh@HlAH`@Fj@BHDr@Ll@?\\FP@^TzAB`@Pf@@^RfBFhAA\\D^?p@JdCAb@DxAA|@FxCA^D|@Ap@CV?RFf@ATB\\?f@DxBAHBh@Aj@Bz@AJFxACb@Dd@A~@Bh@?RD\\AbABF@\\AhAB\\C|@D`AA\\Fz@CLF|@AHBlA?d@@^A^Dx@Ml@SCGEq@JUCYBMC_@@WAm@DEDOCy@@o@D[?]DGAeABGAE@YBa@AOBWCKFaA@YF}@@y@DWAa@DWCWDe@?UDGAm@DKAWB[?EC]D_@@QEo@JUAGB]AMDe@AGCEBa@?IKAMFk@E_@?sACU?a@G_DBUKuEQ}@IQK[_@s@GSQuA@SEUB]EU@UCW?]C_@B]Ca@@_ACi@?e@Ei@B[ESBi@GqA?g@', 'resource_state': 2}",FALSE,FALSE,FALSE,FALSE,everyone,FALSE,"[41.106029, -85.06836]","[41.107129, -85.069539]",,4.46,5.9,FALSE,FALSE,FALSE,246.6,235.9,16152585752,16152585752,5ABAEC90-F823-447A-95FB-5CA60794BF91-activity.fit,FALSE,0,0,FALSE,,,
2,"{'id': 60229721, 'resource_state': 1}",WU,1612.9,473,484,2.4,Run,Run,0,Strava App,15127149246,2025-07-15T22:25:56Z,2025-07-15T18:25:56Z,(GMT-05:00) America/Indiana/Indianapolis,-14400,,,,0,3,2,1,0,"{'id': 'a15127149246', 'summary_polyline': 's}{yF|vefOC]@c@Ce@a@}@MC[PSBQIQWOKAOOQ_@CUFI?YHa@BYIS@o@WYUKCm@BMCEGF]CE@_@Cc@@KCIB}ALm@^k@XULM@Gn@[L?b@Ml@Et@UJCHID?HGVGVK`@CV@JCZCJ@VCL@XCh@MR?@b@BD@LHPDBJZHHJ\\f@dAFTT^L\\R\\FTJHLb@LPFVTVFRFJ', 'resource_state': 2}",FALSE,FALSE,FALSE,FALSE,everyone,FALSE,"[41.107155, -85.069484]","[41.106167, -85.068727]",,3.41,5.88,FALSE,FALSE,FALSE,246.5,242.1,16152405705,16152405705,B76F8697-EDA1-4D83-A5B4-438E14303D04-activity.fit,FALSE,0,0,FALSE,,,
2,"{'id': 60229721, 'resource_state': 1}",HaRy,8709.3,2620,2901,9.7,Run,Run,0,Strava App,15116987272,2025-07-15T01:00:34Z,2025-07-14T21:00:34Z,(GMT-05:00) America/Indiana/Indianapolis,-14400,,,,0,7,4,1,0,"{'id': 'a15116987272', 'summary_polyline': 'ap{yFftffO@H?TBj@C\\Br@@r@D\\Ab@BTCb@DlAC^Bb@AFD\\A`@FvBJ`AXt@d@|@Rx@Dj@@n@CVFb@CNDt@AhAD^AJBhAC^D\\@bACLBL?r@D|@CHDt@CXBL@tBB^Av@BJ?xAB^?ZDz@CF?nA@`BBZCND^Ax@Fp@?v@HfC@HLNDV@ZEPDX?tADh@CXBNA`@D\\A^@^?v@@LAv@DLBh@E`@D`@E`@Dt@CLH`DCNHvCApAB\\CL?n@Fb@@xACTB^Ad@BF@VC^B`@A\\B^CNF|ACj@Fd@B~AAbADPApABb@A^D|@?VDNCh@DrAA\\Dh@A^B|@ANOb@Ch@FpAAPB^CPBjACv@DNCt@@N?`@Bj@AP@^?zAFv@?j@@NAf@@P?lCDrAAVFxD?`BB^ArBDf@Ar@F|@CXBhAAPBp@A`@BPA^BN?v@GBQESJkACgCRWK?SCGGCSB{BMqAHi@HzAUx@?BG?u@?UCGkBn@w@H\\Kd@GrAm@~@]|@M?GGQMCkB\\CK?y@@GPBlBONpAMwALEaATkBVZSE_@BChC_@LG{@VaALG?Qe@HYTCJDd@d@FATa@R{@GGoBFYC`@BhDKh@ON?Fh@@`A@UIeAEQG?i@NeAFCh@STy@IHCd@HZGNy@LFp@INIXAlA_@|AGJC@IISBWIcE?wACa@Bg@E}@CsBD{@E{@Be@CE?wACS@OAeAEe@?{BEq@FgEGOEaAB[CeA@g@EY?s@CG?cAHMJm@Ca@?kAEoA?w@CM@y@Ey@?oAEc@?k@@OCEAo@@uACi@@ICu@?wACKAeA?iBCoA@MCG@c@Ca@?qAEsBCQBo@CyBBGGk@@u@COAo@BGGaABQAeACM@YAIMIKg@@[AO?yAAQ@YEkA@u@Em@@a@Ea@?c@Iw@@G@a@CW@OA{@Ba@COCk@Dc@IeC@a@Ca@@c@CI@eACm@CIBa@E_@BGCy@@a@GeABq@EqABGA]CG@y@EQ@c@CyA@OE_@?s@@e@E[@SCo@GOE_@Kg@Ya@M]ECQq@Gm@?[CS@c@Cc@CkABc@CG@u@E]@IEcA?iBGsB?w@', 'resource_state': 2}",FALSE,FALSE,FALSE,FALSE,everyone,FALSE,"[41.107167, -85.069444]","[41.107028, -85.069571]",,3.324,6.62,FALSE,FALSE,FALSE,246.6,241,16141324285,16141324285,64C6888A-23DF-41EB-BD4B-7B2C1978EA22-activity.fit,FALSE,0,0,FALSE,,,
2,"{'id': 60229721, 'resource_state': 1}","Fartlek Friday 4 x (4 on, 1 off)",5068.5,1200,1200,13,Run,Run,3,Strava App,15084510630,2025-07-12T01:53:31Z,2025-07-11T21:53:31Z,(GMT-05:00) America/Indiana/Indianapolis,-14400,,,,0,4,0,1,0,"{'id': 'a15084510630', 'summary_polyline': '{p{yFdtefOAU@QO{AMa@Yi@Qi@MOQ_@?k@OWKa@a@{@GO@GU[Yq@MMK_@MYSiAAk@CK@eAAIAk@GsA@ICM@k@GuAAm@Bw@H[HE`@HRAH@FCF@XEH?FBNADEZAh@BFCD@HAF@ZEDCF@x@APAHC`@@TEHBb@EXBXEb@@XCN?VEr@BLCN?LC^@PAHEVBRCZEV@^E~@?VEJ@j@CJBr@Gb@?ZERAH@HCFB\\EZ@FCt@?FAFBNCHBDDHd@RXLZT^Rj@V`@Rh@JZFZ^tAHv@FNDj@Nx@?\\Jb@Bf@HRDf@Fd@B\\Jf@HbALv@JtAF`@BH?HDRTrBLhANf@@^Jh@HbBBH@h@BJ?jBFbA?xADh@Ar@Dv@AHB~@ApADx@Ap@Gf@?HBFAd@BLHRCVBRAZDd@?zAB\\CVDx@?f@BP?r@ATDRAz@DTCj@?p@BHAJDj@BdAERDz@Af@BFAd@DlAAh@D|@?v@B`A?~@D~@?PGXDd@E@YO]H[CKBe@?[B]CMDWCaAFMCMB[AKBO?c@DOCED]CEBo@@G@o@?mBJMAWFi@?[Bi@?KCo@HeBD]D}@?cBHOAQ@O?WD[AE@yABM@ICGGCUGMCS@KEkA@m@CsA?yAGkA@i@AK?i@Gi@@c@AWc@yAWe@Ww@Gi@Am@Eq@@y@EUCw@?gCE_A@_@CG?U?m@AI?Q@MCU?_AC_@', 'resource_state': 2}",FALSE,FALSE,FALSE,FALSE,everyone,FALSE,"[41.107119, -85.069507]","[41.106064, -85.070013]",,4.224,6.3,FALSE,FALSE,FALSE,246.6,235.9,16105652017,16105652017,778D5A21-BFCF-46BA-99D0-2D03850CE797-activity.fit,FALSE,0,0,FALSE,,,
2,"{'id': 60229721, 'resource_state': 1}",Evening Pickleball,0,14400,14400,0,Workout,Pickleball,,15074843990,2025-07-10T22:45:47Z,2025-07-10T22:45:47Z,(GMT+00:00) GMT,0,,,,0,7,4,1,0,"{'id': 'a15074843990', 'summary_polyline': '', 'resource_state': 2}",FALSE,FALSE,TRUE,FALSE,everyone,FALSE,,[],0,,0,FALSE,FALSE,FALSE,,,FALSE,0,0,FALSE,,,,,,,
2,"{'id': 60229721, 'resource_state': 1}",Lake Down ‘n’ Back,3200,2700,2700,0,Swim,Swim,15060787542,2025-07-09T18:03:49Z,2025-07-09T18:03:49Z,(GMT+00:00) GMT,0,,,,0,5,0,1,0,"{'id': 'a15060787542', 'summary_polyline': '', 'resource_state': 2}",FALSE,FALSE,TRUE,FALSE,everyone,FALSE,,[],[],0,,FALSE,FALSE,FALSE,,,FALSE,0,0,FALSE,,,,,,,,
2,"{'id': 60229721, 'resource_state': 1}",Evening Run,8081.3,2263,2313,22.5,Run,Run,0,Strava App,15051193879,2025-07-08T22:11:45Z,2025-07-08T18:11:45Z,(GMT-05:00) America/Indiana/Indianapolis,-14400,,,,0,6,0,1,0,"{'id': 'a15051193879', 'summary_polyline': 'ma|yFlcffOUAWFMKS?k@EKEUAUO{@QMKq@OoD_Be@MQ@m@E_AT[@MPo@FOFq@?WDMCYDW\\MDQE_@@[?a@CW?SEWJKA[Be@AKDU?OBGAc@UGAEJ@JI\\ARDTCPB`@@~@KfAIXA^Ib@?~@Fr@GRQNMFi@@OJATBHEJA\\CN?^CFBPKr@@LEd@BHEL?`@EN?^E`@@DGp@@NOlBCnBHRFBHBLEJ?Pf@A`@Dp@CPBh@Jp@JPFARSd@ODERGh@IN@bAAJBJLl@DJDXED@DAh@?XCLBVCPHNBDDb@L^AJCNBBJCPAn@FvEBNJJJ?NFDLGr@BhAANBNA`@D~AAPB`@AHJrBFHF@ZMNBXCn@@DCPAPD@HG^BhACXDpAAZFz@AF@b@C`@F`@E^BbAFh@C`@D`@C~@Fp@C^Db@Az@Tn@VBDT?HKXDP?z@AN@ZBDA\\BXCXHtAC`@?XDh@Cl@BHBZCd@D\\Ah@BX?b@@PAH@HAf@BPCr@H`@CNHf@AF@RGb@@`@EXAr@EXBd@AN?ZBFAb@DPAPFJJ?RMZAVGL?VI^CPEJKVG\\QT[Na@l@}@^}@r@qAPUJY@MYUM[KGUWEACMUOMWUMGKYYWg@MOKaA@UEy@AeBIiB@a@BWH_@NQj@gAJg@BEDY?YBMAg@DGFAF@FFRIHB`@Gl@?p@SDBLAl@@d@EL?\\CRBZEZ@ZCRBb@Ed@?\\E^@r@GF@ZA`@Eb@@ZEXBbAEDKAOKU@g@Gs@?sACWBa@C_@B_@CO@uAIyABk@GoAB]E_A?{@CW@}@Eq@B[CYAoCE}@AmBC[CyDCc@Gg@Qi@[i@Qc@Gg@EK?IMs@@]AYCMC{BBq@HDRSH@^Kd@G^?DCN?d@BJIP?XKTAXID@VVLBJHZD`@@PADCPAH@v@Cn@@JEJBj@CTMLQHUDYCgACOBm@FWRi@X_@^UXIv@GJ@RCl@[JMR_@PUFMHI@I?EIGUI?G[a@GA_@o@mAoA]g@KECGEAi@m@EIQUM_@EEG?GFCJOPWHgAFYDEAi@JCAWFI`@IT_@PE?IHG@]j@Sh@G\\KBQTG@MPCFKLKVMDKCYBEEGS@c@Cq@@]', 'resource_state': 2}",FALSE,FALSE,FALSE,FALSE,everyone,FALSE,"[41.10723, -85.069373]","[41.107262, -85.069511]",,3.571,5.58,FALSE,FALSE,FALSE,249.3,238.7,16069263540,16069263540,A5D2AD8C-D414-4625-BB97-3A00EE8B51DE-activity.fit,FALSE,0,0,FALSE,,,
2,"{'id': 60229721, 'resource_state': 1}",We Back (again),8114.8,2383,2515,18.8,Run,Run,0,Strava App,15040329762,2025-07-07T23:01:29Z,2025-07-07T19:01:29Z,(GMT-05:00) America/Indiana/Indianapolis,-14400,,,,0,7,5,1,0,"{'id': 'a15040329762', 'summary_polyline': 'qz{yFhrffOBl@G`AKROn@CVGJUbAkAdFOb@Kr@CDCN@fBGPDVA\\Bb@A`@BNCFB^CFDx@?p@G@MIKBEAEB[?GAEG?K@IC_@AmAGu@Sm@GIa@UQ[IGa@Ke@AKCWFQ?EPFt@NNR@JN@XAXBR?\\@HAn@@N?`@BTAP@j@DV?tBFr@A^BTJPJFd@L@LA~@Dp@CN@zAQNELQNIRB^CX@f@AfA@z@Ht@CxADXAn@B\\ANBZCTDj@CNBdAALBD@\\CVD^C`@Bn@?v@DL?LCh@@FGj@GREDCN[b@GP?DOXMf@BfACVBn@A\\Dv@AdANtALX@JPVL^nBjB@FRNNTRLDJ?FUXCHSZ?DUVENKNYr@EBCJEBO`@U\\MXUPELGB_@RaAR[F]AEBM?CDk@Fa@RCD[XMDWDYAEBq@@QDGCSFIHAHHb@C\\@VBH?dABb@Cf@B`@?hAB\\CPDfA?~@@dAAZDr@AVDx@Af@B^A^Ht@El@D|AAh@@D@vBB^?d@BnAGj@BNDHLFL?DB`@KPFXGV@tCEPCJDp@IZ@d@CXNFAVIP@PEXMNBXELB`BGF@FCtAAjAGx@@f@GX@ZEXDDEj@@PAHED@f@EvA@^Ed@@f@Ed@?XGLOAYDSGqA@QGiA@_@?WCE@c@AG?[CO?O@e@Eu@A_CCc@@]CK@WCcAEM?gAEc@@WTq@AGF_@EQBu@C]@g@GWDOGiA@yAEiAE_C@aAEk@?gDC_@BMC]?q@Cs@BIHGZDlAe@XQNEBEJCHGJCN@NMHATOTCb@OTMVE\\SN?h@OT?~@Wl@GJBTCBCJCl@CLEXF`ASDED?JGD?dBmALODCPYXUB[Kw@K]?IOk@QUWi@s@y@E?CIMACEE?KGy@Ws@KE@GCaBLc@E{@Fa@?EAuBPw@N[@QFmABY?GEy@?[Kq@?GG@_@Ce@@m@AO@]Cs@?_@E{B@]CMA{@@OAOF]GQ@GCGAY@GCg@Bg@CmA@QIQECMQEO?iCEwABYEsA?y@CQ@w@Ca@?i@A[@GCY?[E}@@QC}@@]Cq@EKG]Sg@OQKc@GIG_@GKIq@Cw@AG?k@COAkACc@@w@Ei@?aAAOBIEa@@i@CM@SC}@@WCe@@U', 'resource_state': 2}",FALSE,FALSE,FALSE,FALSE,everyone,FALSE,"[41.107215, -85.069543]","[41.107321, -85.069497]",,3.405,4.84,FALSE,FALSE,FALSE,248.3,240.1,16057332050,16057332050,1CC5E7F2-B3FB-4743-ABD0-BD7611D7947E-activity.fit,FALSE,0,1,FALSE,,,
2,"{'id': 60229721, 'resource_state': 1}",Monday Tread,8046.7,2479,2479,0,Run,Run,,14894692277,2025-06-23T20:52:25Z,2025-06-23T20:52:25Z,(GMT+00:00) GMT,0,,,,0,5,1,1,0,"{'id': 'a14894692277', 'summary_polyline': '', 'resource_state': 2}",FALSE,FALSE,TRUE,FALSE,everyone,FALSE,g20679662,[],3.246,,0,FALSE,FALSE,FALSE,,,FALSE,0,1,FALSE,,,,,,,
2,"{'id': 60229721, 'resource_state': 1}",800m - Friday Night Spikes,804.7,123,123,0,Run,Run,1,14864306933,2025-06-20T23:02:59Z,2025-06-20T23:02:59Z,(GMT+00:00) GMT,0,,,,0,6,0,1,0,"{'id': 'a14864306933', 'summary_polyline': '', 'resource_state': 2}",FALSE,FALSE,TRUE,FALSE,everyone,FALSE,g21189657,[],6.542,,0,FALSE,FALSE,FALSE,,,FALSE,0,1,FALSE,,,,,,,
2,"{'id': 60229721, 'resource_state': 1}",1600m- Friday Night Spikes,1609.4,278,278,0,Run,Run,1,14864296483,2025-06-20T22:58:25Z,2025-06-20T22:58:25Z,(GMT+00:00) GMT,0,,,,0,9,2,1,0,"{'id': 'a14864296483', 'summary_polyline': '', 'resource_state': 2}",FALSE,FALSE,TRUE,FALSE,everyone,FALSE,g21189657,[],5.789,,0,FALSE,FALSE,FALSE,,,FALSE,0,1,FALSE,,,,,,,
2,"{'id': 60229721, 'resource_state': 1}",Warmup,1931.2,576,576,0,Run,Run,,14864251954,2025-06-20T20:55:34Z,2025-06-20T20:55:34Z,(GMT+00:00) GMT,0,,,,0,5,0,1,0,"{'id': 'a14864251954', 'summary_polyline': '', 'resource_state': 2}",FALSE,FALSE,TRUE,FALSE,everyone,FALSE,g20679662,[],3.353,,0,FALSE,FALSE,FALSE,,,FALSE,0,0,FALSE,,,,,,,
2,"{'id': 60229721, 'resource_state': 1}",That Was a Wet One,9682,2933,4255,28,Run,Run,0,Strava App,14844901108,2025-06-19T00:08:16Z,2025-06-18T20:08:16Z,(GMT-05:00) America/Indiana/Indianapolis,-14400,,,,0,6,5,1,0,"{'id': 'a14844901108', 'summary_polyline': 'ka|yFhcffOy@CWEs@EiA]WEu@Y]GMBE?QOcAg@UU_@Oe@M[C[?s@H[JST[Dc@NWBe@CCOBWI_I?[FUEq@CmBEm@@]Am@Be@EgF@g@Gy@CyBKgBA{A@m@AcAAUIMa@@q@Cq@FmC@kAH{@@{@FWAcFTwCDQBoABe@FcB?{@Fe@A_AJeA?SBe@@IA[Ji@Hq@Eo@DiDFQTQQg@GgAJu@@SC{@FUAsAFiA?_AFg@?cCF_@DwA?kCJQA]Bm@AgAHaEFk@As@Fi@EYBi@CODSA]DmA?]BUCSB}A@K@QASBsBDwA@QA}@DsC@_DFk@AcA@IHCPD`@Bn@B`DJ`@Bv@?tBHlDEpAFtCAp@B\\BhABZ@pBBd@@zBB^Eb@D|DDt@Af@Fb@?lADbC@xBA|@S`@Kt@KFs@CiADi@?y@Fe@AcBNs@BYAQFGJAFBf@Cj@@tAQfBDBVeBEgDDc@JAd@FR?REfBCNE\\ALEb@Dn@EHDVGf@Dl@GHLPAZPGXD\\DdGDr@CJBb@A~E@`@?ZDp@CD?V?TBF?f@ALBPAXH\\LPBPADB^?d@@FANDv@AHBD@\\AJGJCPBTAHCHIFALBPA^BD?n@Ax@@LBDJHF@JHJZJNB?LADEHDVAHBJILBREL@JDJ@JC\\Dh@KNFPET@d@IHDRIRM~@Y\\]J?JCf@@Df@Z\\D?VTTEJ@PAXEPBTEJBV?l@GFFRd@JJN@JCL@PCL@JERD@C\\CdA?b@GtAAPEHDJABDDAJGz@CBATBHADCr@AFBXGdBAp@GN@JAHBJCl@?^EHD^E`@?NQD[FATDJChACRGbA@j@GHBh@EV@vJUPCh@?RE^@RIDDTGX?HGZEX?DE\\ANBBL?ZFPHBTE\\?FKHCj@Bx@EVDPCP@jAGBB^CXBVEV@`@CLDnAKDBj@EJBJ?DCLBVCz@AXELBDC`A?TCJIN@NChB?r@GzBEJ@PE\\@f@CJBj@GH@VAj@@\\FNATKVHREz@?PADEHYDCJUHCDBh@CH@\\CDBh@GrCE`@GPBPCt@?NGBQ?}@KoC?w@FkAC_@@OAOBu@Ao@DMCQBGHANHHCZ?BGNId@GV?PQDk@CO@GAg@@IEa@?s@COBGCi@AsBZkBd@qBL]B_@h@gBFc@XeAN}ABo@', 'resource_state': 2}",FALSE,FALSE,FALSE,FALSE,everyone,FALSE,"[41.107191, -85.069502]","[41.106811, -85.069549]",,3.301,4.98,FALSE,FALSE,FALSE,249,241.3,15843302041,15843302041,637CA16D-2429-47EE-A0FF-9E5CFD961C7C-activity.fit,FALSE,0,0,FALSE,,,
2,"{'id': 60229721, 'resource_state': 1}",Way Too Hot,3225.9,885,937,5.5,Run,Run,0,Strava App,14780894878,2025-06-12T20:58:50Z,2025-06-12T16:58:50Z,(GMT-05:00) America/Indiana/Indianapolis,-14400,,,,0,5,0,1,0,"{'id': 'a14780894878', 'summary_polyline': '{_|yFz|efOWAMDa@AKGg@KEEYEE?OCECWAs@M[MG?EEYImAUEACEBQD}@GY?oA@QC{@?{@AI@c@CMBc@C_@AaBDc@Tq@LM?MIa@MKEQGMIIg@{@a@WYCMIIICMEAMBKEY_@GSG]AWB]JY?QZyADi@H_@?IH_@Hk@@WEQBUXHLEX@`AE^?PCX@`@ER@NClAAd@EnAAHCX@LCF@PABCr@@NCL@\\Cb@ER?DAx@AF@j@EZ@|@IZBDC|@CDCJBn@?FCL?DC`@C~@@JEj@@l@Eh@BrAMJ@RCX@NET@JCD@DFCf@Dj@p@xBd@jANjAAb@JzD?rAD`@CLBb@AD@~ABL?RCH@HJd@CFSFEPMh@Ar@BZDTNZ`@xAAh@EXO^Ot@ObAI\\@P]j@?TGf@G@SUUCWKM@ICMIgAOKBc@DYJ_@^Yd@', 'resource_state': 2}",FALSE,FALSE,FALSE,FALSE,everyone,FALSE,"[41.107131, -85.069745]","[41.106823, -85.06956]",,3.645,5.02,FALSE,FALSE,FALSE,246.8,239.8,15774038742,15774038742,9B6F67D8-A547-4224-A994-299A79AC7C05-activity.fit,FALSE,0,0,FALSE,,,
2,"{'id': 60229721, 'resource_state': 1}",Pickleball Out ‘n Back,10245.2,2729,4819,19.9,Run,Run,0,Strava App,14772278477,2025-06-12T00:37:29Z,2025-06-11T20:37:29Z,(GMT-05:00) America/Indiana/Indianapolis,-14400,,,,0,3,6,1,0,"{'id': 'a14772278477', 'summary_polyline': 'ua|yFncffO{BS{@Y]IOKKBSM}@SSOy@[eAg@QE_@CQGYBOC}@\\eATc@Fa@@EGDa@Ce@Bc@IiCBQEkBFUC[?w@Ee@@]Iy@Dc@G{ACqB@]EWKGAIBO?q@BOHO@YCc@CoAEc@Cs@BOCoB@OCG@QCGBQAq@AMEEMEIBe@EqAHmBBEBKCkCFi@HcINqDRiA?QFUCiDNy@?uBHeANS@GE[Du@AKBiAHqA?QHc@HQ?SWG?k@LeAGy@HoDDcBHy@?uAFOAkAJ_A?UAiBJ[Co@DGBS@MCk@DwB?m@BYCi@F{@AyAF_@E[D_@@OCo@DWCi@F}@@KDU@YEoA@a@Dc@?YCWB[C[DiDDeB?{@FgBAUDIL?JDZAN@F?l@Bb@Cb@Hp@HVDDGb@?TD~A?`ABd@?v@BPCx@?bAB^C`@BT?dABZ@lBDXATDp@ARBv@CFBFAp@FrA?VEVBRA`ADb@Ab@Bd@Av@F~@B~@Cb@D|@AlADl@A`@BbACx@AFMJODORcFHe@DYN[Hc@Ag@B]DYCKPALHd@O|AFxACVGDLa@Dq@EiDB_@FKt@Dd@GpBGDBREj@Bd@G^@PEVBj@Eh@HXIDE@KE[@OEy@BOCaA@YCa@@a@AMAoAC_@AmBCECQB[AsACQ@e@Eq@Ay@Fc@EW?i@C_@@aDCG?]G_@?i@BQIsA@YAO?}@AG@a@CQBc@CEDYEeA@QCy@@IC{AAG?iAAYK]COBa@CQAe@@SAOAoBDKFCL?JFPGJB|@GlABVGzA@j@E~@BVCFB`AGTBDCDB^CFBh@Gf@@tACj@GPB|@ANCT@DCZBpAGpB@LCvCERBvDOZD~@If@B|@K|BAv@GXBrBMHBl@Ez@@nBK^@TEn@BJCRD`AKTBXGRBXEVJZG`A?^ElAEtABh@QN@lCKJEhAE`@@XM\\H~DOV@rEQ`B@`@K`@B^KlA@lAIfACLB`AIZB^En@Dt@GNE|AEVExA@t@AZEJDBLGZ?NGX?PI`@?PK^?HKf@GNObACj@FdAFNPX^RTFn@?b@VPRHXJJN`@Zh@@J@LCHIFINQn@?JCH?f@E|@Bf@Ad@BR?nA@JAvABf@Ev@@PCREhBKd@BP?RIPGl@X?LLh@TbD|@\\N\\@rAJ', 'resource_state': 2}",FALSE,FALSE,FALSE,FALSE,everyone,FALSE,"[41.107229, -85.069506]","[41.107325, -85.069513]",,3.754,5.34,FALSE,FALSE,FALSE,248,241.5,15764748868,15764748868,81E7C9CC-1337-4206-A1CA-AF525EEE84A4-activity.fit,FALSE,0,0,FALSE,,,
2,"{'id': 60229721, 'resource_state': 1}",Night Run,6444.3,1930,12747,18.9,Run,Run,0,Strava App,14751009026,2025-06-10T00:29:54Z,2025-06-09T20:29:54Z,(GMT-05:00) America/Indiana/Indianapolis,-14400,,,,0,5,0,1,0,"{'id': 'a14751009026', 'summary_polyline': 'yp{yFxsefOIuAS_ASg@CCOa@IOECCOWc@Ws@KIUq@BKPQFMHGFKPOPIHQTURc@Le@?KJOFWDKD[Ri@HCNDd@EJ@TAHBJCd@?`@E^DHE\\ABAh@@JGX?FAXNhARVEJBb@C`ABPCHGBIBQGsA@MCODYAa@S{@a@sAECAOIMOo@EGKi@CgALCNBP?DED?DBR?DEz@@FC^?DCHBZEND^GV@JCt@@^GV@z@I^@HBLCPBDBDXDBFPNT`@x@TZRn@P\\@JLZF\\HLF^JZD^Jf@AFDXDLB\\BFRzBDBB^XbB?PJr@@\\DLB\\Hd@TxBDL?RH^Bf@LdARr@@^TvADrABL?PBTA^@^AFDt@AP@F@\\?dA@HD~AA^@ZEPD`@BxCBZCv@Dx@ANDTCNDd@A^DjACHDjAAXDxC@D?|@Bt@Ad@BbABR?f@@XAVDn@A|@Bv@Ch@BL?jADj@AN@\\ALD\\ANBp@Ad@D^?d@C\\@DAR@TEFUEKD}@BQAy@@YAq@@EBGCMB[?MBUC]FGA]BKAIBa@AWBq@BWAWDYACBU?KBSC]FI?SFc@Au@DYCEBe@BUA[DMCQ@IAMBE?WHQ?YEk@Fi@?i@AGBS@ECi@DQAc@DWAYDy@IBk@Ec@@_@AMCe@BQAG?c@AO@GCOCyBEsA@i@Cm@?_AE]Oi@w@mBUuAOsGUGEEKAYOW[CGQOEIOQ[g@Y[KG[e@]WGKUSi@[USYGOKMCMOGAI@SIOCW?IEsACUD]CSDKA_@BSAGBUA{@@[DSLk@?u@HYAK@g@EUDo@?i@sAAu@@i@C_@BUFELAh@MJ@JETBVGZ@VCXBJCT@|@IRBPEV@VGFKGiCB_BFq@AMCCK@KE[EYMi@KQGGGEOMM}@i@AGBMDKDAJg@HkAAGBIHEFFRFD?\\JD?LDF?DBHADDl@Nh@PXDLFNALDf@FRFJAV@XKJBJ@', 'resource_state': 2}",FALSE,FALSE,FALSE,FALSE,everyone,FALSE,"[41.107153, -85.069371]","[41.107103, -85.069573]",,3.339,5.34,FALSE,FALSE,FALSE,248.5,236.2,15741816327,15741816327,69A87283-5F09-42E6-BD8F-175925BE4243-activity.fit,FALSE,0,0,FALSE,,,
2,"{'id': 60229721, 'resource_state': 1}",We Back,4827.5,1261,1279,10,Run,Run,0,Strava App,14605960577,2025-05-27T00:49:54Z,2025-05-26T20:49:54Z,(GMT-05:00) America/Indiana/Indianapolis,-14400,,,,0,7,1,1,0,"{'id': 'a14605960577', 'summary_polyline': 'ca|yFlcffOqCOQK_AS}@]k@MMGKKE?SIEGKA]Sk@SUMSEQAEBYEYDMAEDK@eAx@cARSASBKAWFWA[B_@?KCK@MCy@AKC[BCCGAOJk@AMDEAK@GAK@EAYBOEE?IEE?KIG?C?AJEl@?ZCLAPBfBS~AG\\AtB@`@BPFBN@DCl@?TERDRCJ@vBIV@JDBHAp@F`@DjA@xA@HAf@@jAHjABBNDd@D\\CFFF?DDF?FCRAF@ZCFBLCFDBJE`@@l@Cf@BFG]JVATBJ@jACb@@P?JBDAl@Bf@APBh@Ef@Bx@BHAf@BR@vBBFCf@Dh@@v@?n@Af@BNAJD~AA`AFd@?VDTBDH@VIPBNAL@DC`@@FCDBZEV?PCFBFAL@FCJ?ZEF@f@AXEZBDCn@?\\Ef@ADBNCh@Ab@EDBLCFBDCL?FCL@p@CL@ZC\\BJEF@DEb@@\\EZ@LCFBDCZ@NCL@DA^AFCb@@DCD@LC\\@LC^ALBFEV?F@TADC\\@LEFBJC\\@XELBHS@QMW@QCI@q@C[BSCe@@YCW@OGe@Dc@Ci@@QCGEwC[wAM]KMQa@Gc@GMEe@EQGoABSAI@YJMFMCi@@k@AIFOFE^?DCF?N@VGZBp@GX@LGn@IJCNQCgAKs@Ma@M{@IMEg@O_@CUIWASM[GcA@a@CQB_@CS?y@CODSMyBE?OJECYBKAYBYCMBEAEBKAG@ICCEBK?c@Ea@?a@AQ@EEO@GCa@?_@CY@a@IUU?KCaAHOACBU?MCY@EAQBa@GK@g@EECG@KCK@[EEBS@e@s@GCEMECG?GL@TGLAPE\\?T', 'resource_state': 2}",FALSE,FALSE,FALSE,FALSE,everyone,FALSE,"[41.107173, -85.069406]","[41.106816, -85.069469]",,3.828,6.3,FALSE,FALSE,FALSE,249.9,240.7,15585667407,15585667407,1987E5D6-53E8-4F82-9D5B-0B52752A9871-activity.fit,FALSE,0,0,FALSE,,,
2,"{'id': 60229721, 'resource_state': 1}",800m - Horizon League Conference Championship 2025,804.7,114,114,0,Run,Run,1,14451537393,2025-05-11T23:04:26Z,2025-05-11T23:04:26Z,(GMT+00:00) GMT,0,,,,0,9,6,1,0,"{'id': 'a14451537393', 'summary_polyline': '', 'resource_state': 2}",FALSE,FALSE,TRUE,FALSE,everyone,FALSE,g21189657,[],7.059,,0,FALSE,FALSE,FALSE,,,FALSE,0,3,FALSE,,,,,,,
2,"{'id': 60229721, 'resource_state': 1}",WU,3218.8,905,1529,24.8,Run,Run,0,Strava App,14439927580,2025-05-10T20:49:53Z,2025-05-10T16:49:53Z,(GMT-05:00) America/New_York,-14400,,,,0,3,0,4,0,"{'id': 'a14439927580', 'summary_polyline': 'ue|yFrqgkNlACl@@R?HG@IGg@?q@Ba@C_@BkA?_@EO@UCc@BMCO?ODETCBEBIAKDCZq@BC@QDQFMH]Xq@ZcAV_@L[RMBEEa@C?DOTIFGN_@Js@TaA@ICKKMc@Wc@a@_Ae@e@c@e@SIIMCOQ_@WIKi@a@SGGIk@c@YWe@_@WIWCOGWOIIc@Se@a@OC]Ms@CMBc@CS@QAS@KAY@[Ca@FQCc@?g@CIBKCG@WCe@BGDm@FGCe@Bg@?E@YAy@DIG[BQEIBKCYDc@CnAF`BEJBz@?VBLCnAE\\IzAAV@^?JEHBZArAHJED@bA?PBNAd@Fd@Rv@n@H?XXVNPBHAFBFJD@DD\\NBDXJ^ZFJJLLBd@^VNTR\\Pj@h@LBf@ZHJz@h@b@\\FNEPJPAFKVEN@TI^CZMf@[p@_@`@Wd@AP[n@s@fCIJKXGJIZCBG@IVGDBd@ClBB`@AzD', 'resource_state': 2}",FALSE,FALSE,FALSE,FALSE,everyone,FALSE,"[41.11098, -80.65295]","[41.110263, -80.652924]",,3.557,5.46,FALSE,FALSE,FALSE,308.5,289.2,15406496931,15406496931,F72B17E4-A188-4C0C-AF88-EC111F1370EB-activity.fit,FALSE,0,0,FALSE,,,
2,"{'id': 60229721, 'resource_state': 1}",Shakeout,3220.6,956,1063,9.3,Run,Run,0,Strava App,14436142663,2025-05-10T13:50:52Z,2025-05-10T09:50:52Z,(GMT-05:00) America/New_York,-14400,,,,0,7,0,6,0,"{'id': 'a14436142663', 'summary_polyline': 'ajkyFzrdkN?tA@HCf@DbDCN?~@@NAF?XDVLFTDZGPBb@APBDAD@JCVDT@JDDAJDL?XHDARLJ?p@d@VHPPVJHLpAt@PNVHHHPJD?DDb@Jj@DFBRBRAl@JFAJDVEVBLCJ?\\IHIXCz@q@NWJGz@oALIXL@DZ^DJXXLJJ?Ze@FEBMHIPc@PiAAc@Fy@Li@NWNO^Y^IZ?TCVBDAJ@b@PLZD?PCJGFQBQKWQKM@GHG@ITIDMAOBSCo@@KCi@PMHMJOVAFIHC\\IXIdAA`@Md@Uj@m@|@I?Q]QQQ]WEEGMAGBCFGDi@r@OVSPCTm@XCDg@PEDOD_ADIFO?SIQ?K@ECWAKEY?CCK@a@QM?IIYK{@i@w@m@KCYYw@a@MOQGKCEEOIWEc@MMCU?i@Ic@CW@YAE@QCg@?OEGK?I@IJUEM?c@BWA}A@}@CK@e@BOAS@}@@EEOB]', 'resource_state': 2}",FALSE,FALSE,FALSE,FALSE,everyone,FALSE,"[41.022797, -80.634993]","[41.02277, -80.634836]",,3.369,4.9,FALSE,FALSE,FALSE,327.4,317.7,15402502492,15402502492,86316510-826F-4598-89BE-F31D883CE980-activity.fit,FALSE,0,0,FALSE,,,
2,"{'id': 60229721, 'resource_state': 1}",Pre Meet,6164.5,1903,7474,62.7,Run,Run,0,Strava App,14429042898,2025-05-09T18:41:04Z,2025-05-09T14:41:04Z,(GMT-05:00) America/New_York,-14400,,,,0,5,0,4,0,"{'id': 'a14429042898', 'summary_polyline': 'qd|yFlqgkNR?DCJBBC`@D^C@IEW?{@BOCE@[CQBkAAaA@yAFIVCDa@J]T[FYLWDUJQFYDK?IHKRw@LQFCLUPQ@IK]FB?KBENOJ?DIB_@Ps@Fk@Li@`@s@Pe@JKp@{AFGDUFKb@QNUJCFKNIHAFEDA@EP?DEI_@HO?KDMJKDI@GFK@OJWHEJDFH|@f@HR@LF?DI?QDIFKl@i@HWFYPW@K??BCv@zBGSIDAHBFHLRJH?HB\\\\VPF?XNPR^Tf@`@XNHJNJLDJ?X\\VRVXRFFFTLXXTFDHj@^@HKTG`@Uj@ALY|@OXOj@KPCP@HIHw@`CCL_@~@Id@E@Od@EBGRYhAe@tAGFG^KJCNq@pBGJI^GJG\\Yj@?FIRUx@EKOCo@c@_CiBYj@IHGTINOr@MTI`@Q^_@jAIHOp@GJGPAN]z@Qn@I@KCW@OES@_@E]@OCk@?a@EgBCm@GgACGE[@KEIBQAKES?k@Iw@@ICM@sBIE@mAKQ@i@GI?MEW@{@Ly@FQ@QCk@JgBREBGAEE?KBUCa@D}@A{@@_@CMBiAAI@eAAG@QC{@@w@CGBOE_@D}@CO@]AO?y@[BKC_@@UC?y@AIMMIOW[S_@SUKUYcAE@CBEVIN]FYCKCMMMEc@WOEO?WIK?OCE@KJSNEHSN_@n@MFEAI[Bc@Cu@DGCM@GEwAH[@QF]@e@FUJmA?SHc@FKBOT_@p@w@^e@HC`@B\\Jb@CNMLa@X_@\\QVULg@Fc@?QC_@Km@CEES@CVDHCb@ANHKp@GPG`@Qb@Kl@]dA?PWrAm@fBIHOZYv@CVKXCd@RZNd@BDLZf@|@d@rALr@RVHRVXl@~@JFCPBb@ALBDLAFEN@v@ED@LCBB|@BXCh@?NADAZNd@WLABCL?TKF?ZIH?j@OLBPALObABJCVBJAD@LCJ@DAHDBe@A]BSC_@FWAK@_@AKBQEg@D[X[DA\\AHGLAl@Qx@EsC|@IDKNWJK|A@HHRCJED?^CJDXCf@QCo@Dy@?[CYLATWt@O`B', 'resource_state': 2}",FALSE,FALSE,FALSE,FALSE,everyone,FALSE,"[41.110921, -80.652667]","[41.11113, -80.652847]",,3.239,5.12,FALSE,FALSE,FALSE,316.5,269.1,15394988707,15394988707,261210CF-9B77-4F26-945C-FFD4339CDA9D-activity.fit,FALSE,0,0,FALSE,,,
2,"{'id': 60229721, 'resource_state': 1}",We did it.,10545.7,3419,6122,130.3,Run,Run,0,Strava App,14419608660,2025-05-08T18:42:41Z,2025-05-08T14:42:41Z,(GMT-05:00) America/New_York,-14400,,,,0,6,0,5,0,"{'id': 'a14419608660', 'summary_polyline': 'e`|yFhqgkN|@Bd@d@\\LDG@]xAiE`@wAFQJ?^`@fBbA`A|@`B`Ad@j@^LvCrB`BtAr@b@`@b@rAbAZHj@d@TRCPZh@XT@PZ|@NRfAfDHh@OLcBBo@Xa@FTLI\\?~@a@hBOnAQXQl@Gn@BzAEjBDVAdAIn@BVYrBc@rAIf@JXPHJf@KlB@`Af@NzABJPAhBKz@BdAAz@BfAX|@EdDF|AGz@Bv@C~A?pBDpCFd@j@vAbBfCQd@b@BTNT^PD?XJd@ANV~AJTJARSz@Q\\lAFFpBHhBXv@n@TDRp@t@pAF\\hAdBd@z@Lb@D|AaAjDC~@Rv@p@x@z@vAf@d@?PDHlAMj@DPId@DDJUUJKj@a@t@EbBPLHfF@`@RhB\\\\RbABVEjAq@`AkAh@c@\\MDOJA^c@p@c@dAKt@?bAUVOJ?rAk@hA[bBu@dAe@j@a@`@g@dA{CH_AE}@WMa@Fm@^wBbBM?INM?k@Z{@NoANc@LUTw@JKFsANICCQQGk@KWHm@d@k@t@AH}@l@K?MLGRa@@e@Pu@MYSq@KuAs@SU}@g@Wg@J[?WMMSi@Mc@e@YKYQHg@UeBKi@MqCDoAY][Q@MeA?YWiAUe@e@g@aAE}@{Ba@q@a@_@qAKsBUuBHo@Lc@AcAn@]WyGyKO?}@w@i@eAQIWw@kAoB@KScBe@aAZf@Px@JHTQHSDa@\\}ARaFJkAAmBFuA?aAPcBDyAAm@Mu@?_AMXJc@HiAD?Ja@Fi@B?DoAF_@@s@Cq@CP@YGADFDq@BgBAu@PiB@eATaBJALMTy@D[jCm@X@FOZL`@MhAw@j@y@vAg@?MDCR@BI@FAQU?w@|ASZFP^JOAELARRHHI?I@DDCJk@Aa@BQb@W?IGCZsCH_BX_@N_@FEDDLYVA@LC?BCCDn@|@`@KVBj@IpBOTDDEKFHJCLFJ@X_@eAWGiBNe@AKGBIENGQDG@a@~AoBEQm@OaA}@E`@u@jBQr@cAvBQrAUTI^UzCYfCk@]}@BUMy@MUNWK]u@Ia@qAyDQ_@_@]Sq@_@M_BmAo@m@iDiCcAo@eA{@w@c@g@e@e@Q_@_@c@Sm@o@kCgBm@Bc@PwBtByAz@e@zAaBG', 'resource_state': 2}",FALSE,FALSE,FALSE,FALSE,everyone,FALSE,"[41.110019, -80.652943]","[41.110836, -80.65286]",,3.084,5.86,FALSE,FALSE,FALSE,297.8,250.1,15385011442,15385011442,388F7182-995F-4112-BDD2-81D7E0D3615D-activity.fit,FALSE,0,0,FALSE,,,
2,"{'id': 60229721, 'resource_state': 1}",MD Heaven,5642.9,1461,1634,14.4,Run,Run,0,Strava App,14409749741,2025-05-07T21:14:14Z,2025-05-07T17:14:14Z,(GMT-05:00) America/Indiana/Indianapolis,-14400,,,,0,6,0,1,0,"{'id': 'a14409749741', 'summary_polyline': 'kn}yFz`lfOD@PO@KCs@Ds@AW?iCEaBMq@O[QMGMSWOc@EaAAi@@GCMAq@W}@?GFOJEN]RSVw@DY@c@AI@QCGBw@E_@EOEEMC_@?k@DEAaA@GCEGAK@y@CY@a@Cy@?}AEe@BaAEmA@SEeAFi@NMDOAe@@ICu@@c@MgG@SC_@@gAAQ?_AGoA@e@Cc@?oBC_@@MA_@@KAm@Fi@GuBFa@FAVFPEF@T?DCF@XCZ@LCD@DCR?DBLCv@AJLEf@Hf@DDN@NAD@FAZ@n@EnAAF@DCFB`@GZD\\G^Bt@CF@Z?\\GrA@TALEn@C\\BVCVAD@HCH?VCbA@j@EXADAfDG`@Kj@Eb@DNC~@ATFTGj@?^C^OV@~@Ad@EX@\\EX@r@EfAA`@ENBnAC~@GD@LCX?HA^?PCLBj@ADHAJENDv@Ch@D\\Ah@Bl@APDxAA|@DRAXBPEz@F~@?rABJVTBNCJ?^@`AAH@FAl@BH?h@Bf@ALBrAAh@Dd@AbABbAAHBj@?lBB`@CPW\\ELDb@Ad@DPChBDt@DZBrAAJDd@BbEBd@@dAAR@nAD`@?b@Bb@@^CJF`ACRDf@A`@Ft@EPDNCv@@\\CDc@Og@HMC]Dg@@ECMD{@AKBUCMDe@?MBEAW@EBMAEBGAU?YDMAGBKCSBMEO?KF[CGD[?EBy@AEB[AEBI?MBGAM@GCo@DEAKB]ASDY?MFe@BYCO@UE]DU?Q@UAq@FECGBGAMFGEO@[CYDk@AGBIAU?E@K?w@HMC]?e@D[Aa@Bc@AUDMAg@DOAk@BSAGCMDk@?WDMAu@FOCiADW?[@IBc@AYBWAODUAMBk@CMDa@?', 'resource_state': 2}",FALSE,FALSE,FALSE,FALSE,everyone,FALSE,"[41.116832, -85.10084]","[41.117057, -85.100805]",,3.862,5.36,FALSE,FALSE,FALSE,248.6,237.7,15374664988,15374664988,8D73E046-FCA3-427F-A303-7C3B5ABEF3E7-activity.fit,FALSE,0,0,FALSE,,,
2,"{'id': 60229721, 'resource_state': 1}",Workout 3 x (4x200),2414,450,450,0,Run,Run,3,14406976039,2025-05-06T12:44:34Z,2025-05-06T12:44:34Z,(GMT+00:00) GMT,0,,,,0,6,0,1,0,"{'id': 'a14406976039', 'summary_polyline': '', 'resource_state': 2}",FALSE,FALSE,TRUE,FALSE,everyone,FALSE,g21189657,[],5.364,,0,FALSE,FALSE,FALSE,,,FALSE,0,0,FALSE,,,,,,,
2,"{'id': 60229721, 'resource_state': 1}",Morning Run,1503,568,1260,0,Run,Run,0,Strava App,14394831067,2025-05-06T13:28:27Z,2025-05-06T09:28:27Z,(GMT-05:00) America/Indiana/Indianapolis,-14400,,,,0,3,0,5,0,"{'id': 'a14394831067', 'summary_polyline': 'kzazF|zlfOq@_@a@Qc@YUGEEq@_@[OMKmCwAsCcA[][m@QSk@QYCMKc@GMGg@G_@I_@SE@WEEB@GDC@DCI@@A?B?AEr@f@j@Hf@R|@RfANHJ@N\\h@HHFJPLd@TJ@ZJHDd@LZRD?RNXJXXF?NDXRNFx@d@THZRx@`@DD', 'resource_state': 2}",FALSE,FALSE,FALSE,FALSE,everyone,FALSE,"[41.136815, -85.105407]","[41.136955, -85.10515]",,2.646,4.7,FALSE,FALSE,FALSE,233.1,231.9,15359076749,15359076749,D0D797C7-16A5-4C85-B4D5-94B53571B9B0-activity.fit,FALSE,0,0,FALSE,,,
2,"{'id': 60229721, 'resource_state': 1}",Morning Run,3251.7,956,1690,18.3,Run,Run,0,Strava App,14394590057,2025-05-06T12:10:37Z,2025-05-06T08:10:37Z,(GMT-05:00) America/Indiana/Indianapolis,-14400,,,,0,2,0,6,0,"{'id': 'a14394590057', 'summary_polyline': 'iabzFhxmfOCFKFG@GCYLSXAb@Ip@?FEZCd@?VGb@BT?b@BVH`@P`@VTPHXFJFL?VFB?r@RRLD@b@\\Z\\R`@HFP^H^DBDNHPHZ?FPh@@PFL?^Db@CdAKx@EHALUl@i@|@e@f@_@X]^IR]ZSZ[|@Gj@C~@Fd@\\vA@X?f@CTIf@K\\BDNDPLBFj@X^VZJNJL@PJPD`@Xf@NXJNLLBNL~@b@VNLDd@Xx@Z^THTHB?@KIOWwAo@UOMCaAi@a@QEASSQEWMYKCCWIKKa@OKGKAQOOCUQw@]_@_@KCKK@ILW?c@D_@?a@IS?OMc@Ie@AsAHw@Tu@Xg@DCT_@NMDI`@c@JE`@]LSPUL[HIZaALaA?OCiAMu@Aa@OYKe@Oc@Uk@We@g@i@_Am@OIYEIESESCu@UWWSc@G_@Ee@Am@DQAODa@B}@@GF{@P}@^UXEDE', 'resource_state': 2}",FALSE,FALSE,FALSE,FALSE,everyone,FALSE,"[41.137516, -85.106672]","[41.137395, -85.106692]",,3.401,5.16,FALSE,FALSE,FALSE,244,233.6,15358822671,15358822671,2408B99E-C144-470A-BA51-5125DBAE2745-activity.fit,FALSE,0,0,FALSE,,,
2,"{'id': 60229721, 'resource_state': 1}",Recovery,7294.5,2146,2519,27,Run,Run,0,Strava App,14384595154,2025-05-05T12:12:52Z,2025-05-05T08:12:52Z,(GMT-05:00) America/Indiana/Indianapolis,-14400,,,,0,8,0,5,0,"{'id': 'a14384595154', 'summary_polyline': 'wabzFpxmfO_@FQLIVA\\I^I`AEtAE`@DR?ZNn@R^XVz@TF?TDj@Nv@`@X`@HBt@vAXr@DVTx@L|@?^BLCt@QnAe@nAIHAFMRWXIBi@f@[b@WVCD?NMPWf@GTIf@EbA?V\\`BBb@Af@Gn@EVING@UM[EYQe@_@K?GC_Bw@EGQGg@Y]K{C}AQGIIMC_Ag@}@_@i@WQOMCk@]MCs@_@WKIIG@s@e@QEMAWE]QGOLg@AQB]Ac@Bs@Fa@Pu@LULo@@O?uAG]GK]@UEK@q@?oAUCCYEIGK?KBEPDPHPZhBIv@Qj@A^G\\APMl@MHMCIIKGYIe@Yu@YGGQEGIc@SCAOKCGy@[k@YSSKCUOE?CGMCu@c@E@EEKEOSWIIKWGSOa@SSGMIq@QIGOGEA}@a@[Qm@SOKM?QGCC[GIIKAUQOGG?a@Uq@YIIQGIG]OCEi@QQCSUg@S[S_@Q?KFYEIKCUQYAk@[SSIK@IBI@]HSDWAINs@@YAGDMDs@Pu@GsACEIu@AUIYQeA?c@IUAYCG?YDiADO@UDS?UFKD]DED[Na@NmABy@Gm@Bm@EaA?cAHeBC]@A@JCb@?f@Bz@Cx@B^?f@B`@GjA@b@Kx@e@dBO|@Er@?XB\\ANLfAb@dCJbABDDl@C\\@NKz@EDKh@Ip@_@`BCT@JBD?FEHDHF?VVLBPLRFJAF@LRLFDC@YH[?INu@@YPs@Jw@DM@a@H]?QJ_@Fy@BGHuABGHGn@EPILKb@cAHITg@Xa@Xi@RU`@u@PUZm@JGJQBGHIJe@J_ABa@D]?QF]Bk@Jw@DKHEj@m@Zi@LgA?c@AW@_@GeA@OMu@Ci@AUDc@Eo@?[Jg@\\]D@JGL?`@HVJJBd@Nh@JHFVFJFZHJ?vAr@^HD?DAr@LPAJDLBJADBX@^FHEPDJAf@@XDDCPAZDb@CbABd@Ax@FJC\\Bv@@n@HLAVBb@DdAVPHv@JzBh@D?VJVB^Ln@LLP\\t@RRfAf@VDVNVBXTb@NFLXHFHLBBDVJBDL@t@f@VJBDF?j@^PDTLDDNHD@RN`@TD?RNLDBDTJNL', 'resource_state': 2}",FALSE,FALSE,FALSE,FALSE,everyone,FALSE,"[41.137613, -85.106399]","[41.137006, -85.106238]",,3.399,7.22,FALSE,FALSE,FALSE,244.4,231.9,15348321067,15348321067,B3DB812A-E914-41CB-B80D-BF5FD6A14473-activity.fit,FALSE,0,0,FALSE,,,
2,"{'id': 60229721, 'resource_state': 1}",Long Run,14921.7,4394,4691,31,Run,Run,2,Strava App,14375420044,2025-05-04T12:11:46Z,2025-05-04T08:11:46Z,(GMT-05:00) America/Indiana/Indianapolis,-14400,,,,1,6,2,9,0,"{'id': 'a14375420044', 'summary_polyline': 'c~wyFpm`fOZ`@f@zAPXRBHJXh@DJb@DFg@DCVUZGv@VK`@JP@NNBDILk@Z]Nc@`A{AHULK~@sAL_@NMd@}@nBwCbAu@bAa@xBgBv@Ur@e@~@aAr@cA|@_Ch@aAf@uAl@qCLu@Tu@PeAAQF]@i@NoA?o@ZmCA[H[CSFmAFiADSA_@FwBFMJkA_GkPqCk@c@UeDk@UQSAm@c@uBo@a@?_AYu@YWg@?k@Lk@S}BCiA?eCDo@AaCLoC?OOm@Ee@@QEQ_AIeBX_ATwCVKFu@CwALy@A_CDiEPSCkBN}JLyDh@oEVs@E}BHeA?e@EmCH_ACk@PuBC}FRqC?iBPyBFaBBk@Gc@H_CAaDHcFTq@AuAXmA@iAKcBJkA?eBJQLKlA@xAMd@D\\C\\Df@CVDNAjBBLAb@DXCLBjDHdCCVFZJFFl@CLFtBBrCAbAL`BIz@F\\?b@JZEl@@v@EZFnDTLTIt@BpAGbE[lDClKWv@Bx@EvAQXHl@Cd@HDp@?r@VjAFJXDTIVDPi@DCVHh@?r@R~@@DUOiCLKVHl@Gx@ALR@fAPpBGR@XE`@C|@@PFNCr@BZAt@DFCv@FhCCb@D^?~ABVCRBd@?h@CPMDQEMFuKLuBFEFK`A@XI~@Ct@K|A[jJCjAHfDEp@Fz@GhAPxCQr@EjABx@?rBLpDE\\@j@HbATb@`@d@FTj@f@BRd@f@Nh@Dh@CbADh@BfDCf@BXAnAD`@CPIFi@Ce@HgCBcAHy@A_FLcEPuA@WAOOy@@{BVs@ZOVARLh@?RJTJj@PT@PN^RPD^p@nANRV|@rAjCV\\^r@L\\HHj@hAp@`APf@RV`AtBnBlDdAxBpC`F\\t@JZp@pAX`@bAvB\\^pAKnIQJEhBGbA@`DU~BBdFSvC?`GOv@KxGGbDO`LQb@EFGDOCFB@|FI|@DtEIlBOjC?xGWpB@~AGNWLBZIAFCE?MGAo@??ORMTa@OSWw@i@u@M[QWCOSSaAiBMa@Y_@Oe@o@_Au@mBc@s@Sm@IGQi@II[}@[e@AQi@c@i@Ac@WWq@_@i@y@mBQSK_@yBcEMKCQ_B}COOGWIG]}@[k@MmAZcEDoASkAKM?Km@sAIw@@qFT}B`@gCHUHgAZyBR{@Fo@Py@v@wBIeADQCEcAKe@ZOf@GDi@YQi@', 'resource_state': 2}",FALSE,FALSE,FALSE,FALSE,everyone,FALSE,"[41.088735, -85.038671]","[41.088378, -85.039552]",,3.396,6.6,FALSE,FALSE,FALSE,243.5,224.4,15338631184,15338631184,B5F81874-F4FF-4C62-831B-5402B2ADA7C3-activity.fit,FALSE,1,3,FALSE,,,
2,"{'id': 60229721, 'resource_state': 1}","Workout 3x1k, 3x400, 3x200",4900,882,882,0,Run,Run,3,14355258278,2025-05-02T14:53:57Z,2025-05-02T14:53:57Z,(GMT+00:00) GMT,0,,,,0,5,0,1,0,"{'id': 'a14355258278', 'summary_polyline': '', 'resource_state': 2}",FALSE,FALSE,TRUE,FALSE,everyone,FALSE,g19351325,[],5.556,,0,FALSE,FALSE,FALSE,,,FALSE,0,0,FALSE,,,,,,,
2,"{'id': 60229721, 'resource_state': 1}",CD,1694.5,588,1060,0,Run,Run,0,Strava App,14355032063,2025-05-02T14:26:55Z,2025-05-02T10:26:55Z,(GMT-05:00) America/Indiana/Indianapolis,-14400,,,,0,3,0,5,0,"{'id': 'a14355032063', 'summary_polyline': 'glazFxcmfOFKEW?]CCOCKIWIWQSGe@]SG[[k@YSO]MQS]MIIUKa@UIAq@g@UGEGICMMMAIEUSICEEGCOMKCSOE?OIGI}@]QCWUQGa@SSEGGIAc@UWISOYEOGE?IC_@ESKGIOAIGcAOOIQCy@U_@GQIOCIGI@jBh@\\HX@LLXDn@LRPJXZ\\BF`@ZPFl@XXFDDDADDJDdAl@TJf@ZnB~@RNH?f@\\PF`@X^P', 'resource_state': 2}",FALSE,FALSE,FALSE,FALSE,everyone,FALSE,"[41.137089, -85.10631]","[41.13749, -85.105901]",,2.882,4.36,FALSE,FALSE,FALSE,233.1,230.9,15317181334,15317181334,9A93E4CB-F478-45AD-8FE8-1033CF4554F2-activity.fit,FALSE,0,0,FALSE,,,
2,"{'id': 60229721, 'resource_state': 1}",WU,3266.3,931,1715,18.1,Run,Run,0,Strava App,14354871926,2025-05-02T13:11:09Z,2025-05-02T09:11:09Z,(GMT-05:00) America/Indiana/Indianapolis,-14400,,,,0,3,0,8,0,"{'id': 'a14354871926', 'summary_polyline': 'uabzFlxmfO_@HQNMP?HELC`@CDAh@E\\BFIzA?^Fv@Zv@NLnA`@J?XHP?VHBBJBPPD@NXLFVV\\l@FDp@hCN|@DlAAn@C^EVEJARI^IHUf@[f@u@n@OH[XY`@G@IXKJQ`@Qx@CDB`@Ax@XlAFVBh@A`@GXGFGr@@Hz@\\n@`@DF`@RRP\\FVNz@V`@RPR\\JLLH@`@RJB^Vf@TPDj@\\L@@HIIMC]QOMKAEEYKKISK[Kc@[G?q@_@m@YKCm@[SEa@WWI}A_AQUMCMMBOHON_AAG@QEc@M[Ki@Gy@Bm@Hs@Po@x@mANKd@i@^W`@a@b@w@^iAHi@Bw@CcAGi@Os@e@cBQYCOMSKSi@m@w@k@eAWSC]KQCQIYYK[Ke@Cq@Bg@P}BJGASLi@HMBCFAHIFOFCN]', 'resource_state': 2}",FALSE,FALSE,FALSE,FALSE,everyone,FALSE,"[41.137403, -85.106417]","[41.137564, -85.106469]",,3.508,5.94,FALSE,FALSE,FALSE,244,233.6,15317013025,15317013025,57359DCD-A33C-406A-A075-A3A9F9993F76-activity.fit,FALSE,0,0,FALSE,,,
2,"{'id': 60229721, 'resource_state': 1}",MLR,10789.5,3080,5305,39.6,Run,Run,0,Strava App,14336776002,2025-04-30T19:19:08Z,2025-04-30T15:19:08Z,(GMT-05:00) America/Indiana/Indianapolis,-14400,,,,0,6,0,1,0,"{'id': 'a14336776002', 'summary_polyline': '}o}yF|`lfOTCx@B|EStBCv@GvB?z@GzDI?iREy@@cAAa@@QEe@@q@Cs@@w@CS@WEi@@}CEoCE_@?cAFGPFd@@zAIZQj@g@|@Q^?z@OVKl@]VUHOTOh@mAT[L]|AuCGU_@g@YUYM}A_B_@s@Q_AE_ADa@GQBc@Ec@@a@Cc@@kALy@z@_BB]FKD}@H_@LOV@pBIZSdBBdDOJDLEfDE~AKXBnAI\\@DC@KGWC}@?iAE_@@UC_@BoACe@@SCoABKEU@YKmF@o@EY@[Cs@GAWHiFJgAFg@`ABXArA@~@B`@BDL?JIR@FQ\\GNMz@MsIVoAOe@@QFGFHVCd@H`ECRLjDCZB`@ALDT?jA@ZAn@KVAf@DbAZZJAVSTARI`@GDBVEn@AfAD`C`@dABzAOtAi@j@?`@K~BRpA@h@Gf@SfBOlAChA?`AIdB?t@J`AZl@h@^j@b@|@HTBVJXHf@Z^^Qp@ATNnGQ\\B@|@C~BB|@E`@FrAJj@JpIALHtCENFfBAx@DhBANDfAA|@Bf@Ab@ERBLFF@HEt@FX?tABXAh@Db@Av@B`@C`@@z@BNA^D\\Ap@B`@@jDF~@CXWEEBGX?RIJgACg@FcAAsFPc@CgBJyAA{@H_ABSCs@Dw@Am@Bi@Di@Bm@@MCkAFm@AuBJYEmDNi@AmENw@A}@JgABYEQFg@Cg@Dc@AQFuCDUFUEo@LWKgBDc@FkC@a@DEB?FFPDZR\\ZNh@Ff@PFV?NF\\C\\@v@EXCb@Qr@Mz@GTOzAAf@In@EJgAJ_@CCQ@QGWAYU[AYGIKKOCwBPk@ToAtAUPm@\\KCIO[Yc@UMOg@AYBg@Kk@HMGQBa@XMB]?s@DMDEDC\\[n@Kj@AXFnCAP?|@DnAEz@Kn@Qb@MDMA[VKhAKTCVILE^KRYfAAf@EDIr@OXMb@Sf@GBYj@_@SMDKLEHCZGN?PEPU`@KHI?uAs@uAg@[c@Aa@KQEY_@ESOc@OILQFCPODiBw@}@Ui@m@c@UM_@IE[BUCm@Qi@YYGUSKACGo@YMOu@a@ISBQAw@Es@?]Hy@Ca@@y@OgBGcEBICc@@g@Li@HgAMw@@WDOHGRc@D]Ne@l@q@Pi@H_AVa@z@YlD?jCGDC', 'resource_state': 2}",FALSE,FALSE,FALSE,FALSE,everyone,FALSE,"[41.117167, -85.100386]","[41.117144, -85.100668]",,3.503,5.12,FALSE,FALSE,FALSE,248.6,234.4,15298058670,15298058670,20D13542-DFAA-4CA9-86FB-491107162CB8-activity.fit,FALSE,0,0,FALSE,,,
2,"{'id': 60229721, 'resource_state': 1}",Morning Run,984.8,379,542,4.9,Run,Run,0,Strava App,14321952821,2025-04-29T12:58:17Z,2025-04-29T08:58:17Z,(GMT-05:00) America/Indiana/Indianapolis,-14400,,,,0,5,0,5,0,"{'id': 'a14321952821', 'summary_polyline': 'ijbzFrnmfO]wD?y@CI?UKy@?e@`@qB@VGhAD^@r@BDAl@DXAV@f@BVAJDT@rCDJNPBP@ZL|@', 'resource_state': 2}",FALSE,FALSE,FALSE,FALSE,everyone,FALSE,"[41.139507, -85.108603]","[41.138388, -85.107818]",,2.598,4.5,FALSE,FALSE,FALSE,238.6,233.5,15282575346,15282575346,33D453E3-F8EE-4FE7-8132-19F7B1DC53E3-activity.fit,FALSE,0,0,FALSE,,,
2,"{'id': 60229721, 'resource_state': 1}",WU,3362,1053,1716,18.2,Run,Run,0,Strava App,14321338212,2025-04-29T11:41:07Z,2025-04-29T07:41:07Z,(GMT-05:00) America/Indiana/Indianapolis,-14400,,,,0,4,0,9,0,"{'id': 'a14321338212', 'summary_polyline': 'gabzFtwmfOMPKDSBUPIRIh@QrEBj@Hf@Pd@D@HNHDD@DDXBRFJ?xA`@TRHBBFRLZ\\Rd@^r@^zANb@?NFRFxAE\\?NIt@]dAWj@S\\UPaAbAKDGLURY`@Wv@O~@?`A^pBDZEp@Ox@?XTHPTNFXRVJPNp@X`@JHJXJ`@TJBBDVHf@Zz@Zv@d@b@P\\RVHNNGISKqAm@UOYKgAm@s@[UQMA_Ag@y@[WQm@Wc@Wa@]EIAGPaA@k@Ec@WaAIo@?g@F{@VeAl@cAJEFKp@q@RKTUt@gAJ_@FKP}@Dg@@[KwAUoAUy@IMAM[k@AIYe@IKkAy@]MiAOm@W[YOa@Km@Ak@DwBPsBFUJSb@YTKN?FG', 'resource_state': 2}",FALSE,FALSE,FALSE,FALSE,everyone,FALSE,"[41.137475, -85.106391]","[41.137611, -85.106429]",,3.193,4.72,FALSE,FALSE,FALSE,244,233.6,15281931351,15281931351,AA9F2870-D6CB-4C79-AF94-EF8FF8937705-activity.fit,FALSE,0,0,FALSE,,,
2,"{'id': 60229721, 'resource_state': 1}",Recovery,9657.8,2788,3841,28.8,Run,Run,0,Strava App,14312031791,2025-04-28T12:17:27Z,2025-04-28T08:17:27Z,(GMT-05:00) America/Indiana/Indianapolis,-14400,,,,0,6,0,8,0,"{'id': 'a14312031791', 'summary_polyline': 'c_~yFbxmfO|CnA~Av@n@Tj@ZBFPbAC`@@NLRCPNdA?XQjAA^@`FLd@X^@`@dAnA^fANXDVOP}@jCw@hBOVCNi@rA@^E`CE^@b@E\\@`@Gv@@`@GTWXQDSCOMi@SUQc@O]WQCYUk@SMMM@WSYOKCSUQCe@_@mB_AG?cAe@s@Sw@W{@e@s@O}BaAk@MqAm@eA_@k@Kq@]kBu@cAWwBw@QMOAYQEBCh@MFUMO?US_@AILEp@B^Cb@@bAFl@A^BVDVPNn@`AXlABl@Cp@I`AELSfBELIrB@TJb@hEr@R@JGBKG]DcAEYP]@iCLqCCSQWAIi@eAKGMYSUAIa@c@y@qAWU[QQWGW?YF{@ItAJXb@b@F@NNR\\jCpD`@v@F\\JXAZCFAnAU^cAlAgAsE@ULOAC@U_@YQY]w@@g@Ga@F[CSH}@COBQAIJu@COBu@N}@DCd@XP@hAb@ZPb@HPNdAZ`Bt@~@Vz@^t@RxAn@ZFf@Z`DhAj@Zz@R\\Td@FPNn@TxAv@f@b@jBz@L@n@b@VH^TTHdAj@^D\\[LYAa@FsA?gAPeEFWd@gABQT_@t@yBf@gA@SQIg@Ba@eAs@_@IMG]GMk@YK]YYc@UWGc@i@[S[EKYY[S?GBQE[i@EACOD[VQf@_Bb@YX[BYLYPqAJ_@N}AK{@S[COGK}CuAkA[}@o@o@]{Am@i@Mw@e@QGiCfAOKS@EMWQ@KJ?XJTXS?WWIQF@j@f@HFFE@NORGI?HDDHGND?OCUKCYPe@@CKDI@YDELAVJFPQHe@OI]J[LGfBKXKHJ[xAND|@Nh@OrAFRLP?HDDJXJJ?PKHIF_@EASr@{@]w@?k@IUFYTIPk@P]?s@OOFKKQAIB?RBHIH?EECYE[MO?INARa@TNYsLzCGFAFDEmAdCUVQh@KJoAFyANWGiABOFQXYBcATaASc@[OCIKe@Ma@Fa@Tk@DQGs@EeAy@eAFMIEFYDsALc@A]QIYKMKa@?}ARs@^cCd@}B?OJu@AKDYPg@\\SfCCbC^Z?x@SRORL`AETJfBPhBWZOV[PEX@`@TRBN?TKz@?JDt@]Za@`@_ALK|B_Aj@o@Na@J]f@\\LPJlAFZ?^DXNXb@A\\F~AbA', 'resource_state': 2}",FALSE,FALSE,FALSE,FALSE,everyone,FALSE,"[41.119499, -85.108268]","[41.119692, -85.108103]",,3.464,16.24,FALSE,FALSE,FALSE,242.4,231.2,15272232056,15272232056,096AF669-2EB0-49E7-BDB6-822B2D7113EF-activity.fit,FALSE,0,0,FALSE,,,
2,"{'id': 60229721, 'resource_state': 1}",LR,16930.3,4754,5466,45.3,Run,Run,2,Strava App,14304367502,2025-04-27T14:49:09Z,2025-04-27T10:49:09Z,(GMT-05:00) America/Indiana/Indianapolis,-14400,,,,3,8,1,2,0,"{'id': 'a14304367502', 'summary_polyline': 'ko}yF`blfO~GUn@OLQNEXDjAIrA@~BEnOc@fA?TNvAMlAQtHODBAh@Fb@DxACv@TtTEh@HbCCh@FxAJJt@SjBsA\\EHRjAr@p@DHHLdBB~AHDnEOnCOnMYtB?|CSZDVGpD?hAKdEEJFEh@DtEFxAAtADFnADNJl@HnL[VIpCLt@VNK|AMb@FhB]nBO|CLr@Gl@XV@HJDfPBV`@JBVEHL~@V`@j@VnAL|BIXFrEC`IU`NMb@KPDJV@h@d@rDB~AG`@FvBDZ?tARKjD?hBOBFo@nHAdBBxCFpC?z@EP?dCFfBCj@F`@CrADNE`@DbACj@BnBD^CPDt@Ch@Bn@NZGZF\\?hEFb@CtDFrAIpA?dEJvAfAlDXbCJbCC~AWbCK~AF`BVdC?bABlAFH\\jEPdADzA\\xDZnBFnBPtAH\\?He@J_CPIHP|AHz@Cb@Rx@LbDNhAN~Bu@b@s@FSN{Df@gA\\YEo@`@KVeB^{BPmBfA}BjAaADmCFwDBaFGSJkDCCAD]FgBAg@ISwBGsAJeCAqEFEOCqAFyAEe@F]RoDKk@KMg@Fk@c@a@McCAYeAWOC_ABe@KuEB_AI_GA{EEi@@i@GI_@L[AeBtBK\\g@l@oChAcDbCmBr@gAj@yBt@GP?XKJSBIN}@LKe@U[_AKoFBwBqAM?mBaAkB_BwCaDqAsAuCyByAu@_BkA}BiAe@_@w@UuAy@aAY}@g@aCo@gBy@eCu@o@a@Wc@i@WgAcA_@Mq@u@s@oAUqAMY?QD]E{AtAaDFs@Rw@?{@Ls@FcAEqAHu@Kc@@}@Iq@@MKe@@y@EUD]CkA]kBoA{C}@}AKa@[o@gA{CWmAWo@a@s@qBuCeAsAk@cA}@k@}@[u@g@{BkCe@]mAUS\\OFKOAKlBkJ^a@fACd@DLHAP^UNNpABnBnAxAd@xAp@^Bj@M|B^p@F|AKhATXSDLEPMvBMdAILo@CW[k@_@]Ga@D[KFoAJw@DITBlAS|AV\\Wb@Q@g@^uASOR{ADqAPgBMsAl@uGHGDW}AmBuByB{GyGy@_AwBmC@QL[bC]r@gAM{L?g@DMGKm@Ck@g@}@Y[g@IYGcBM}@CwCW{AqAMwA{@_@?s@S?m@Mi@wAoB_AW_@BSLSf@_@f@[Vo@e@{@KGME_@QIi@Le@UIIMk@QOCY', 'resource_state': 2}",FALSE,FALSE,FALSE,FALSE,everyone,FALSE,"[41.117018, -85.100747]","[41.116908, -85.1005]",,3.561,6,FALSE,FALSE,FALSE,245.7,228.1,15264151223,15264151223,573369E6-63BD-4AD5-B369-53B2AE6F1627-activity.fit,FALSE,1,0,FALSE,,,
2,"{'id': 60229721, 'resource_state': 1}",800m @ GVSU ~PR!,804.7,115,115,0,Run,Run,1,14297194673,2025-04-27T03:04:46Z,2025-04-27T03:04:46Z,(GMT+00:00) GMT,0,,,,0,9,1,1,0,"{'id': 'a14297194673', 'summary_polyline': '', 'resource_state': 2}",FALSE,FALSE,TRUE,FALSE,everyone,FALSE,g21189657,[],6.997,,0,FALSE,FALSE,FALSE,,,FALSE,0,1,FALSE,,,,,,,
2,"{'id': 60229721, 'resource_state': 1}",Extra Mileage @GVSU,3218.7,1200,1200,0,Run,Run,,14297198985,2025-04-27T03:03:53Z,2025-04-27T03:03:53Z,(GMT+00:00) GMT,0,,,,0,5,0,1,0,"{'id': 'a14297198985', 'summary_polyline': '', 'resource_state': 2}",FALSE,FALSE,TRUE,FALSE,everyone,FALSE,g20679662,[],2.682,,0,FALSE,FALSE,FALSE,,,FALSE,0,0,FALSE,,,,,,,
2,"{'id': 60229721, 'resource_state': 1}",CD,2700.2,893,1300,11.6,Run,Run,0,Strava App,14295113419,2025-04-26T19:39:23Z,2025-04-26T15:39:23Z,(GMT-05:00) America/Detroit,-14400,,,,0,5,0,3,0,"{'id': 'a14295113419', 'summary_polyline': 'iafeG|egkOAuAByAAG@UDIV@BCHDZBn@?^IXAO[V_@DODCR_@FWHKHW^g@FGBEFEX_@TU@G^a@NWDALU\\]@GHGXg@RQDQFG^YZa@DCz@eAV_@jAoATM^On@OTBDGAY@SHKCkABGAOB[Ce@EYEICyA?aBIIECMDGAg@B[ESBS?QAKGWFY@G@a@BaAEqABSCGIE]QWCOMUGSE[GKCAQ?KCk@A}@O_@Bg@C_@TI?STQFe@DY?g@BOAu@DEBg@GU?IDMPAVEJBH?f@H`ABzAARIROTGPKfA?ZKR?\\JPDVCt@DZCT@^Cj@@v@@JTr@@hALRJr@HFHb@R^V|@LRI`@@|@Cp@D`@CNHb@FHF@fADFBBH?rADhBCp@@\\Ab@', 'resource_state': 2}",FALSE,FALSE,FALSE,FALSE,everyone,FALSE,"[42.962882, -85.896212]","[42.962829, -85.896903]",,3.024,3.74,FALSE,FALSE,FALSE,220.1,207.9,15254461958,15254461958,5C399ECB-676E-458B-9DBA-2E922ECEDA71-activity.fit,FALSE,0,0,FALSE,,,
2,"{'id': 60229721, 'resource_state': 1}",Pre Meet + Strides,8046.7,2400,2400,0,Run,Run,,14297141718,2025-04-25T19:30:43Z,2025-04-25T19:30:43Z,(GMT+00:00) GMT,0,,,,0,4,0,1,0,"{'id': 'a14297141718', 'summary_polyline': '', 'resource_state': 2}",FALSE,FALSE,TRUE,FALSE,everyone,FALSE,g20679662,[],3.353,,0,FALSE,FALSE,FALSE,,,FALSE,0,0,FALSE,,,,,,,
2,"{'id': 60229721, 'resource_state': 1}",Inter-State Warmup,5177.4,1570,78413,14.2,Run,Run,0,Strava App,14294507523,2025-04-25T20:40:57Z,2025-04-25T16:40:57Z,(GMT-05:00) America/Indiana/Indianapolis,-14400,,,,1,7,4,4,0,"{'id': 'a14294507523', 'summary_polyline': 'ew~yFtfmfO?u@FgAEo@@c@Ci@KyADK?OEe@?y@GiABGCM@]AGRw@D_AGe@EMAOH]PSFMFSB_@HSP[TSPYH[Dm@BMLWVUJAL@PCPC\\@DCZ@HCD@JCL?JDDELAp@AL@DEFBVCJ@XCd@@XEJBXET@LCN@TRp@ORQL@t@CDCP@TCx@@p@CD@VGJ@r@ATC~@Cf@GV@|@C\\@DLAXBLJJDRXd@ANBLFJ@\\BFPL@NDBREBRC|@YM{@FEBWGG@MAMDK?GB?BIAS@?H@?AGKEEXJHFUCGSGS?kATUEOBKCGIAIDQC_@DKPODWmcgJzhzCLY?SAWCOEAm@FOEQ?]FQCSBECW?GHECEBYCM@OC?OBGJKFe@CcA?gAEk@DMAQBkBAeBEAUHKAW@KCu@@QCSBWCUBEDc@AYEUDUCM@c@KM@WEkA@[KMIc@y@g@Ye@G]?_@KSMqDeEOIc@a@YQUIKGSCUMe@EMEEBo@AEEEKB_@BEFs@DO@m@H_@B_@DWJ]BWJo@L]BEPCVSJAD@DF?RT`A^JBDPI@[O{AKi@W_@Km@GME_@BEHCNDBAVDX?h@FDANDBBVDHHf@Dv@d@XXNH~@hAt@vATh@JPHRr@dATTZAFCRBPJPRh@RDDJ@N@XEb@ALDFAd@FR?TKLA`@UTIf@_@b@i@R_@NOn@aAHGHM`@c@HE^g@JEl@k@HK\\SJM\\UDG\\WBAHFDXNj@B`@LXHf@\\hAf@lAV`@Pb@?^Tl@AFGHO@ONCFE@S`@OPQ\\QTQZOJiB|BOLGNQRW`@Wt@SXg@`AKH_@DKAYB[CWBIAED', 'resource_state': 2}",FALSE,FALSE,FALSE,FALSE,everyone,FALSE,"[41.120528, -85.107613]","[42.96238, -85.895626]",,3.298,4.66,FALSE,FALSE,FALSE,243.3,209,15253817916,15253817916,6EB206D6-018B-4C28-958C-619451B33539-activity.fit,FALSE,0,0,FALSE,,,
2,"{'id': 60229721, 'resource_state': 1}",Frog’s Favorite Day,13918.5,4053,5112,39.1,Run,Run,0,Strava App,14262578315,2025-04-23T12:21:34Z,2025-04-23T08:21:34Z,(GMT-05:00) America/Indiana/Indianapolis,-14400,,,,1,8,3,6,0,"{'id': 'a14262578315', 'summary_polyline': '}r~yFvlmfOa@O_As@a@OGIHYIwBHyAG{@@o@Iy@Cw@BQMcEDi@Ni@Dg@?[Mo@?YDOZWXyA~@oABu@Nm@E[kDCcDDQ@AJiBGoCJOGo@Dg@CeBPUEw@FUF}BHKF}IP?k@OiC@w@EYBuAQmICiCBa@IqAB]CgBBa@EYMEnCSZBf@GfAEbA@ZIJK@y@Gu@AgECEGkF@_@CWDw@E{BRcANQp@Wr@CJKRFp@IhFKn@EjCm@l@H\\IhA@pAKvABjBOBQCWA{BCWAaDEc@@c@MoIBgAFKPsA@_AG_@Se@WYs@UaBCqCBy@UoAEOIm@FGECg@G[?]I[F_@E{@BQAsAIe@QUAI?u@EU?cAaHXk@CoAJSE}Nb@GCEO?q@[PiEDIOc@_@Gg@X_BVo@Hg@B}AOcA}@cC_@]{@_@i@EIKu@O[W[@cA_@W@SYm@DYVg@XSDc@Ma@USYM_@DWGqBDu@CqCMcIBs@|@SVDPGxAIXBrAAdAKdBp@`@WLSxCg@TKjFGj@Bv@I^@n@Tn@t@Rp@V^r@n@^JzDAdIYvDIhDXbABpPYz@INYCqCBUCe@BIZGXF`A@pAEDBBTAh@FbDL`BXv@JLx@j@n@HlAArDI\\G`DCNd@B`@Ab@Dh@G^?f@\\jAp@c@V_@^CfBEp@N`DE\\GhAZV?GAFQTNJL@pDFlA@rBL`@CvCDn@?lBA^B@j@F|CEVGbABt@InFKnCQ~BCS{ADdBCLDd@TGvDCp@KTJFIJAZBtGUJFGb@FzAHbG?vBDx@Aj@F`DAt@@t@JlBCN?f@Hn@C`@Bb@C`@Fx@@`AAbADpAE\\D^C`@HlC?p@IJKCy@Ra@VgB|BQj@cAdAmA~Ac@t@m@pA{@tAI\\Yf@K^MHWx@Id@e@vAa@x@OJ_@JyABIHWAYHSCSFo@Aq@Hi@@e@Mo@g@Kc@?s@Du@QqACa@EUMsAIMK@]^g@RgBB]JId@D^?|AD^Ar@DjAAlAJbGAfBFnDDfBAhDD`@B~CIXAv@_AnCWf@WlASrBIRGj@MPs@T_@r@AVELW@oACeAFo@Se@No@COPa@NiA@UHKh@[x@CT?nADt@Ap@FbCIlA[lAo@PEFAf@EXa@rACRQ^Sx@IdAOl@_AtBIHSKU@UNSjAc@z@sAi@', 'resource_state': 2}",FALSE,FALSE,FALSE,FALSE,everyone,FALSE,"[41.119498, -85.108233]","[41.118895, -85.108168]",,3.434,5.36,FALSE,FALSE,FALSE,249,234.4,15220443813,15220443813,D2CA0680-AA5D-4197-8ACA-F61CFB88B4AE-activity.fit,FALSE,1,4,FALSE,,,
2,"{'id': 60229721, 'resource_state': 1}",CD,1899.7,594,1156,0,Run,Run,0,Strava App,14251873398,2025-04-22T13:01:30Z,2025-04-22T09:01:30Z,(GMT-05:00) America/Indiana/Indianapolis,-14400,,,,0,5,1,2,0,"{'id': 'a14251873398', 'summary_polyline': '_mazFldmfODEDKPEBEAUEO@MEKKC@CSCSIGGK?_Am@c@SIIWMCEg@Ww@k@gB_Ai@c@]KQOMEUO[M]YUEQQYIq@a@MC_@WMAq@_@oBu@YGg@QKAKGE@MCII]EQGYCEESEIEE@UIYEUIWESGIA[M@D^FLFL@VJ@AHDL@PHbCf@HFN?TH`@HNHd@HDBRDTJRLDCXPRHVPVFRPNFDADBn@`@VJRL`@NHJr@^d@\\TFr@d@D?FBh@^t@^b@ZRHRNVJPNJBLNLB\\TDFH@BD\\Pr@TJLBNC@?p@CH', 'resource_state': 2}",FALSE,FALSE,FALSE,FALSE,everyone,FALSE,"[41.137282, -85.106298]","[41.137088, -85.106336]",,3.198,4.54,FALSE,FALSE,FALSE,233,230.5,15209289267,15209289267,8F30D2BB-8139-40FB-BCA3-40537C6E9529-activity.fit,FALSE,0,0,FALSE,,,
2,"{'id': 60229721, 'resource_state': 1}",WU,3220.6,930,1861,18.7,Run,Run,0,Strava App,14251263800,2025-04-22T11:40:27Z,2025-04-22T07:40:27Z,(GMT-05:00) America/Indiana/Indianapolis,-14400,,,,0,4,0,4,0,"{'id': 'a14251263800', 'summary_polyline': 'yabzFrxmfOUACFAHBH?DMHEJG^C\\CJKJB`@If@Cz@HrARh@VZdAZN@h@Jn@VFDPT`@ZLRl@nAX~@\\`BFvAIxAIX?FENYr@QXCLU^i@XAFQNWNQXURCHUZ?FILIROt@@`@Er@Lv@L\\Hn@?`@Ef@QdABDJBJCD@BNBFVFBDVJTP`@TVFJHZNDA`@VbAb@NJJBTLb@PJHB?VPtAn@NLHBZRHVXFBEAMGCIBEAQQSIe@YSEy@g@SG_@WMAGIcAe@CEQKG@m@WG?YScAc@SQYIi@[a@]EGJc@Bw@DOCGAa@Ki@GWKw@@cAL}@Lc@Zg@DC\\g@~@{@PKV_@JIZk@Pa@Nq@J}@?u@Ai@Im@Mo@e@wAc@y@EMW[USSSYSMG[Gc@QG?IEG?_@Ia@QWa@YaAAM@UAa@BIBcATuCFO^SJCD@NM', 'resource_state': 2}",FALSE,FALSE,FALSE,FALSE,everyone,FALSE,"[41.137702, -85.106534]","[41.137584, -85.106425]",,3.463,5.1,FALSE,FALSE,FALSE,244,233.6,15208649371,15208649371,7EA35F43-9996-44E7-95B9-FE967909BCA9-activity.fit,FALSE,0,0,FALSE,,,
2,"{'id': 60229721, 'resource_state': 1}",Recovery,9741,2823,3140,39.2,Run,Run,0,Strava App,14242486369,2025-04-21T12:18:21Z,2025-04-21T08:18:21Z,(GMT-05:00) America/Indiana/Indianapolis,-14400,,,,0,7,2,6,0,"{'id': 'a14242486369', 'summary_polyline': '__~yFxwmfO`Ad@xAh@jB|@PD`Aj@rAf@jAh@b@FPP^`ALNf@RHHRBNLpAf@HHb@Nd@XbA\\HHJBDABYHQCWREXNFFD?RLF@`Bv@FF?PILA\\ENC^CN@TDTDn@BBGDM`@E`@ELG^K\\Gj@HN\\?\\LTNVFZPHNZ`B@PIT?HCTQd@EBETERBNHFJCXTTFTNdAVnAh@NLVDh@GLGNLb@FFCv@LPCVHj@ElAA`@L\\DTO`@M`@EJDj@AVGVDr@AXIXDR?DEVBXCh@@b@EDB`AIx@FTEXBVGLALFj@InABVGbAD|@?x@ElA?VCJBdGMn@AVBh@EZBDCJ@z@GVDVET@|AEHBVE~@@DCn@@~@GT@vAG^BPEbA@h@Gj@BVCPBlAKRDf@Ep@@fACh@ET@VGl@@^EXBJETDXGfA@~@Gl@B|@ELBNILBlAGJBZEzBEj@@XEn@BjAK^BpAGv@?^CFCr@BFHF?b@An@Mh@AFBVGd@AZBzAK`@@jCEXGb@FRCJIHBDFZGNBd@CJB\\AVCbCCn@CfA@VERDJEhA?NEv@@XCVDTEVJXInBCPKj@I^@TIr@C^@j@ElABRHRMjAAEEQ?OFu@BSCuA@eCDeAJk@P[ASBg@@ME_@FECi@A_@DsAAo@Fi@?}ADkBCYDq@AoCHc@CQDs@Bk@CKCIDSDe@AuBB}@Fw@AQDqABc@Pc@EEGQEQFqAAoBFa@DWAgCFWAm@DUAc@FSEQDeA?GBw@?g@FeB?QBQCmCJ]Dw@Cg@BoDHQEODc@?WDEC}@@WBWAm@@[DoC@oAHiA?QCyAHo@AYBc@Ae@Dk@?m@BKC_BFo@AKBMCYDs@@}AAy@HkB?{@Dg@IWDKCGDi@?OEk@Hk@CGDYC]DYCk@Dk@E[DQAEEk@JwA@KCe@F{@@GC}@F{@Au@DMGe@PSB[RKBq@GKEs@Ie@HSAIG}ACc@GWKQ@EDOBSCWOYIIIYE_Bi@i@]s@UW[u@IGGK?KFq@?C@KRSBGA_@Fi@@y@JUQG@EJUOWyAUYiB]KBw@Ii@[c@m@OKGKK?MFUCO[CCMc@USYEEEEEKe@EMk@WIWQWYQa@O_A}@i@SKSE_@IKKBOROIIOa@]A[HOJIHKLa@BSXm@XKZYn@aD@_@H_@@i@Ea@Dq@CMWEWMIIQE', 'resource_state': 2}",FALSE,FALSE,FALSE,FALSE,everyone,FALSE,"[41.119452, -85.108225]","[41.11891, -85.108165]",,3.451,5.04,FALSE,FALSE,FALSE,243.5,227.3,15199464205,15199464205,2E7760D8-9518-4321-BDFD-BBE78EA22CF3-activity.fit,FALSE,0,0,FALSE,,,
2,"{'id': 60229721, 'resource_state': 1}",Recovery,6440.9,1696,2141,17.4,Run,Run,0,Strava App,14226820979,2025-04-19T20:08:37Z,2025-04-19T16:08:37Z,(GMT-05:00) America/Indiana/Indianapolis,-14400,,,,0,5,0,1,0,"{'id': 'a14226820979', 'summary_polyline': 'mp}yFt_lfOPAL@DAZAL@HIBKHw@E{AAsBCe@BICG@MCQMc@MMEMOOOYKIESM[GkCG_@Aa@IMAI@OPULS?GV]Pc@B[Ey@B_@Cc@BEAWGQIEWBWCWBGAm@BKAQ@EEAICi@B]CQ@a@AS@IGw@BQCG@GEgABo@Cc@@y@CO?a@CaAFMV@FCBG?KEUEaA@w@CW@i@C]Bc@Ea@@GCmA@i@IsF@a@Ec@@aAG{@@KAE@}@AGA[BICc@?o@@eAAk@Gc@@aACOB]Eg@@g@Ce@@e@AEBQE[@m@Cw@@_AAG?kAEYBSCGAm@Be@CG?c@Gc@GIQAMD_@AGCE@YA]@EA]DMAE@KCUDYAMBEAUBMCK?OBc@@q@ASLEAOBKAE?OUGo@ECS@OJWBGBK?q@HS?k@JyA?EDOAk@FGCQ?q@FeABGBWCw@F_DBEBY?g@D]AuCJCF?HDRCf@B`@A^Bb@A`@BLA^@b@?VE\\?`@E`@B`@?b@BFAFFh@DPB`@J`@Hp@FNHt@DHAVEX?TG`@?FKbA?z@BZCRBFAb@B`@Cb@@ZBH@bA?PGP@ZBDAZAFD`@?`@BF?b@Jt@ANFh@FN@p@LvA?DEFMCe@JK?YHKA}@FY?G@QAqAFKAc@DQC_@FGCEDK?QLG@WCc@@WDYZKTE`@@h@Cl@Dv@C\\Fl@?p@CZDNCRFn@Ad@Bd@AJ?v@Dt@CHF~@Av@Bb@ARBXCRCFUFi@GO?KDOBYCQDcA@YDYB[CODO?SDMLCHAdAANJdEAZBj@Av@FnAC\\Bl@ANF|AD^NxIDFH@VMJDXGB@bAEX@LEv@@v@GV@p@EXET?^GV?XExBG^@j@G|ACXC\\?t@E~@?bAGLBRCXBRAFCRChABZADBZCf@B\\Ad@@p@CD@HCT?DBZED@DCDBl@GJ@TCJ@FAJ@VCL@DAV?HAnA?`@EHBTE^AJI', 'resource_state': 2}",FALSE,FALSE,FALSE,FALSE,everyone,FALSE,"[41.117136, -85.100716]","[41.116753, -85.100957]",,3.798,5.26,FALSE,FALSE,FALSE,246.6,236.3,15183012415,15183012415,75E8CF15-69EB-43AD-AF23-97CAAE853D3B-activity.fit,FALSE,0,0,FALSE,,,
2,"{'id': 60229721, 'resource_state': 1}",CD,1631.6,511,819,0,Run,Run,0,Strava App,14213280881,2025-04-18T13:33:10Z,2025-04-18T09:33:10Z,(GMT-05:00) America/Indiana/Indianapolis,-14400,,,,0,3,0,7,0,"{'id': 'a14213280881', 'summary_polyline': 'gxazFp|lfOMESQKCCG[OIAGGe@Sc@YqCwAYQGIKCs@c@mAc@SMk@Mi@YOM_@q@_@e@QCMGe@EYGOI}A]IEOAIGg@E[KSCWKm@MS?UOe@CEsAB|@AP@@FAL@LFLBHLF@FAN@THJAJFPDTJl@JL?BDDA`@HNHXD`Bb@F?x@NDDRf@RZPR`@Vb@JTJh@PPLD?f@V\\LFDRLNLRb@', 'resource_state': 2}",FALSE,FALSE,FALSE,FALSE,everyone,FALSE,"[41.137264, -85.106095]","[41.138466, -85.105429]",,3.193,4.22,FALSE,FALSE,FALSE,233.2,231.4,15168825315,15168825315,5BD83CCB-3A55-4D66-8661-0073982A4B69-activity.fit,FALSE,0,0,FALSE,,,
2,"{'id': 60229721, 'resource_state': 1}",1st Annual Warmup Race,3219.3,853,1351,18,Run,Run,1,Strava App,14212308832,2025-04-18T11:41:19Z,2025-04-18T07:41:19Z,(GMT-05:00) America/Indiana/Indianapolis,-14400,,,,0,6,2,9,0,"{'id': 'a14212308832', 'summary_polyline': '_bbzF~xmfOYFMFIRIh@?NGZBJEL?^IvAHtANb@^h@FDX?PDh@F^HRJF?~@fA@HFDNPRd@HLHXNVNp@JRBXFFBNBRENFT?x@MpA_@fA[h@a@b@AHMH[`@KFY\\IRQRKTID]~@CTClBLp@BHHdA?n@CH@HCP@FI`@FLNBPRNBHHb@Rb@Z`@JFFH@p@\\D?LHH@ZRD?JDRNF?FFTFNNH@TPXFl@ZF@FHPLt@XABa@UUGSSs@Um@a@[OGASMG@SSOE[QSGy@a@k@UUO[ICGk@_@MASSUMEM@KJSD_AGgAMs@ASE]?aAN_AJ[f@{@@IRQBId@i@PMTUNK\\k@DAPc@Rm@Jm@DmAGiAOu@YkAIMKa@Yi@EQECQ[UOY[]Q_AYM@ABE@YKa@a@ESUWIWGw@@uAD]DcARmAFGJE`@Wh@O^]', 'resource_state': 2}",FALSE,FALSE,FALSE,FALSE,everyone,FALSE,"[41.13767, -85.106668]","[41.137288, -85.106378]",,2.383,6.36,FALSE,FALSE,FALSE,244,233.6,15167806441,15167806441,A1044F3C-F536-442F-820D-36A822F9D6A6-activity.fit,FALSE,0,0,FALSE,,,
2,"{'id': 60229721, 'resource_state': 1}",MLR,11319.7,3292,4263,42.4,Run,Run,0,Strava App,14194256085,2025-04-16T12:23:27Z,2025-04-16T08:23:27Z,(GMT-05:00) America/Indiana/Indianapolis,-14400,,,,0,8,0,5,0,"{'id': 'a14194256085', 'summary_polyline': '}~}yF|wmfOtDxATVrAd@p@ZFJPz@@bANfADf@AZMj@Ch@F~CCNBnABLVPNXXVR`@Nd@F^f@zA@LEZ@DRTP^^T^Hz@AvATV`@TxAJJ`@@NNTELKj@AXKn@GRIFM`A?r@Jh@d@ZDt@b@P@xBx@RPd@Ht@MVNbDVPGp@ClAXRGPOfAMl@BXGd@BTHjAGn@KlA@|@G\\G`@FjBGr@BJI~@Bb@InAJd@EVHPIv@EzBCBI?gABOAGBo@Ga@?i@@c@Ei@CyC@c@CkADKLGXBTE|A`@JHRAf@HdAIFBhA[v@GTBJIj@L~@Cv@OZFhBjATTfAn@PAJOHi@LLBpCJJvAStA_@t@CdALj@?`@Jb@KJKrCMxDAjDG|AIZDfAKfBAb@GtIQhA@b@G`AAXKDWAb@@Fd@@hDM`@Dp@GhBDf@KtAC`A?tBKh@Dz@CHFbCKzADv@IbA?LEVDjCIFJNhDELF~@RAFF\\B@XNJh@IdBIvBB@HMVGt@Ad@ELDAH`@Gp@IZIx@?l@g@TL^_@nAWn@_@`DRb@PJN^D\\D^CJFp@A|BDf@JZJJl@^CTBlCCNFrAAn@@hCIJgAKkBBuAHe@?OGeAJi@Ia@U]s@OQO_@WU[w@LqGI_AGIAOEyAEOBO?_@DUBAZ_AOIIl@W|@CH[JDnAh@n@Vv@C~AB\\Gr@?XDXCn@K\\[KEDi@?kAhAKDKNk@f@[NuAq@}@Ou@IoADe@T}@T[PUKSBe@Ow@}ASi@SEo@@WIIe@?k@Oa@[Ys@Ua@[GYAe@EU]u@MMMCw@Bk@e@WCOFWAMUCg@QU_@DUE}@FsBA}CLsGDu@FqABqDBsAHaAEmAHoD?kAF}@GeDJy@AeED[DkAGe@a@kBsB[UMSg@a@MUq@w@q@k@cCgCw@_Ac@]y@eASKYi@[[C_@Qa@s@]u@e@kAqAUQOUo@g@GOUOk@s@WWKEQ[s@s@UMCIo@i@m@u@m@i@k@s@a@[}EgFSMi@o@{D_EK?k@RSZm@~@Ul@ILoA]_AUuC~AT`@?h@CPKBG^KCGPI@e@C_@SCGB@?Ea@DGO_A[kA@o@_@WGIIk@Mg@[SCe@[[EIKYGc@YYKYc@IYi@c@}B_AeD_BkA_@UO[C', 'resource_state': 2}",FALSE,FALSE,FALSE,FALSE,everyone,FALSE,"[41.119452, -85.108227]","[41.118893, -85.108253]",,3.439,8.76,FALSE,FALSE,FALSE,244.7,226.9,15148981640,15148981640,B84A8FA2-8B27-412E-9974-FB2DDFF7BDA6-activity.fit,FALSE,0,1,FALSE,,,
2,"{'id': 60229721, 'resource_state': 1}","Workout (600, 500, 400)",1609.4,300,300,0,Run,Run,3,14184685030,2025-04-15T14:15:54Z,2025-04-15T14:15:54Z,(GMT+00:00) GMT,0,,,,0,5,1,1,0,"{'id': 'a14184685030', 'summary_polyline': '', 'resource_state': 2}",FALSE,FALSE,TRUE,FALSE,everyone,FALSE,g19351325,[],5.365,,0,FALSE,FALSE,FALSE,,,FALSE,0,0,FALSE,,,,,,,
2,"{'id': 60229721, 'resource_state': 1}",Walking Back to the Car,205.6,137,151,0,Run,Run,0,Strava App,14186299579,2025-04-15T17:11:18Z,2025-04-15T13:11:18Z,(GMT-05:00) America/Indiana/Indianapolis,-14400,,,,0,5,1,1,0,"{'id': 'a14186299579', 'summary_polyline': '', 'resource_state': 2}",FALSE,FALSE,FALSE,FALSE,everyone,FALSE,[],[],,1.501,2.4,FALSE,FALSE,FALSE,240.5,238.8,15140711280,15140711280,54E28D25-0497-435A-B714-68D6DB733F10-activity.fit,FALSE,0,0,FALSE,,,
2,"{'id': 60229721, 'resource_state': 1}",No Parking Spots,334.4,164,213,0,Run,Run,0,Strava App,14185510241,2025-04-15T15:54:44Z,2025-04-15T11:54:44Z,(GMT-05:00) America/Indiana/Indianapolis,-14400,,,,0,7,1,1,0,"{'id': 'a14185510241', 'summary_polyline': '', 'resource_state': 2}",FALSE,FALSE,FALSE,FALSE,everyone,FALSE,[],[],,2.039,10.42,FALSE,FALSE,FALSE,240.2,238.6,15139892453,15139892453,2F325CB3-AB29-46E5-AA22-D5D08FE0BC7F-activity.fit,FALSE,0,0,FALSE,,,
2,"{'id': 60229721, 'resource_state': 1}",WU,3222.5,948,1802,18,Run,Run,0,Strava App,14184651462,2025-04-15T12:10:24Z,2025-04-15T08:10:24Z,(GMT-05:00) America/Indiana/Indianapolis,-14400,,,,0,4,0,7,0,"{'id': 'a14184651462', 'summary_polyline': 'oabzFjxmfOQJYDKHM\\@HEJIdAOnCF~@FVHTV^VLpBb@JFVH`@VVV\\d@DBJXD@DLDBJ\\@HHRBLHTZ~ADf@CzAOjAEDCJAZQPIVa@l@oA`Ae@l@k@`AU~@EdA@VDf@HN@LJ\\Dd@?^Cb@S|@DHPDFJ`@RFHNFbAl@ZFfAl@RDd@PFH`@RXHlAr@`Bt@NJk@Ye@YEAMKGAw@e@G?SMm@WEEs@UgAo@QEa@WGA]OUOKEe@W]YOI?MLUBgAEm@[sAEe@BQAa@H_APk@FIHSTWZc@BABGDC`@c@h@c@`@s@RQPk@Ps@Ba@DK?q@Ai@O}@?M@ICQOUCQOe@GGCOa@o@GS_@e@u@m@}@Ue@E}@a@UWISEMAMIWGm@@O?OJcCJ_ARc@JIHAT[`@Qd@K', 'resource_state': 2}",FALSE,FALSE,FALSE,FALSE,everyone,FALSE,"[41.137499, -85.106437]","[41.137337, -85.106427]",,3.399,5,FALSE,FALSE,FALSE,244,233.6,15139000486,15139000486,59CAA1BA-84D6-4C2F-A64E-3487A5C9B5FD-activity.fit,FALSE,0,0,FALSE,,,
2,"{'id': 60229721, 'resource_state': 1}",Recovery,10220.8,3238,3573,43.1,Run,Run,0,Strava App,14175000101,2025-04-14T13:40:00Z,2025-04-14T09:40:00Z,(GMT-05:00) America/Indiana/Indianapolis,-14400,,,,1,7,1,1,0,"{'id': 'a14175000101', 'summary_polyline': 'an}yFtalfObAEHBj@A|AK|@BlCI^@XJPNT^h@pB\\rCNjCNn@J?hAi@RC^[PEZBDMGo@CwB@i@NCHIXaACw@Fw@CM@SE[@ITG\\CfCEVBTEzCGXPbAMVKh@EHD`CMTBb@GJBfAAxAId@@nBKZ@pBIdA?l@GtAALDPKPBxAIPDHCxBGJB~@Ip@@x@EfDGpCAjCGh@It@BjAIn@BtBGTEJBtAGn@?DDD\\?|@BZALGN@VEf@Hx@AL@JCFCTPdAB|@AL@\\Ap@B~A?t@BN?PDJAbBDb@Ad@@TCv@DlAAx@BF?p@DNCR@~ABlA@L?n@BNCtCBR?nBBJAd@Dr@Ar@@LAJFhBCRD\\AvA@VAL@N?|A@P?|B@JA\\Fh@Bj@C|ABbBB\\Af@@\\CXD^?vAJEb@Dr@ClAI^BLGl@BfAGR@dBCfBIR@VEtA?VEhABxAKnABVGz@CbA@d@Gh@@f@GRBTGJDb@?bCICZB^ALD|DIfABFHDBz@Ar@D\\CNBjA?r@Bt@Eb@?FLH?^DBPbBKv@Dh@JTHl@Nh@l@|@Nf@ANk@r@_@lARpA@d@GXHf@Bh@GPIDMV?`@CHQLK?GFIBc@?GFe@Ec@Fk@ESBY?GEy@F{@Aq@@UJUI}AJcBAaAF[?[GYFa@CKBYKKAkCJe@CyGPMC{@BIDEJ?PDbBAXBhAAN@Ji@NGE[Dk@]i@q@SMQWUQOU_@WS]YYWO}@kAWQCMw@s@SYi@c@y@aAcA_AGMK@SYk@g@w@cAYUGMo@m@U]SMOSOKm@o@CKq@k@MUy@y@UOGMmAkAi@q@}@w@aAiA_@Yq@w@CMKOSOCKBMi@B_BEe@Fq@@IESDuAD{@CMD_@GcAJgAA_ADw@CQDgAA_AHICeANMLSFeASmAHc@CUGkAEy@Qe@LQAa@QWSWAaBi@aAi@c@QEGNUFk@PMAQLo@?MIQQiAISg@Oq@]a@IUKIMGg@h@uAJuABo@H[Du@Ly@EQu@]OAgBw@KFENOHo@A_@IoAe@]OMMQCSOe@OUQg@Si@gAKMm@Qq@Y_@UuB_Aa@_@_@w@CY\\{AVCXHJEBQRQ^aAFKLa@JcBHS@QLOLe@Jc@@OLSBW?YFOCETWh@QV}@Ho@Cu@CKBoAGqEI_BSu@c@g@Ug@CWOi@E}@', 'resource_state': 2}",FALSE,FALSE,FALSE,FALSE,everyone,FALSE,"[41.116876, -85.100106]","[41.117001, -85.100654]",,3.157,5.06,FALSE,FALSE,FALSE,245.8,227,15128950876,15128950876,2561B566-497B-46BF-9961-8924DEAA48A6-activity.fit,FALSE,0,0,FALSE,,,
2,"{'id': 60229721, 'resource_state': 1}",My Pants Are Soaked,19434.2,5477,7265,33.6,Run,Run,2,Strava App,14166761390,2025-04-13T12:12:57Z,2025-04-13T08:12:57Z,(GMT-05:00) America/Indiana/Indianapolis,-14400,,,,0,10,1,7,0,"{'id': 'a14166761390', 'summary_polyline': 'qbpyFjwxfO|A`AvEfBzBTfBUfAq@|G}GZ{@`@gC~@eBbGqEt@Et@NrB`Al@@|@c@t@uAX}@rAkGdAoGNyAd@iGlAcIXyAjAwDNEH_@n@w@n@OlGSlA[|A@l@_@~@aB\\S`AO`@_@Le@JmApAwAv@g@bAVTMz@cAJ_BbAkA|AoCj@k@xBu@h@m@~@kB?e@d@y@n@yCXu@dFyHfImF`Bu@`EyALBRPtBu@TNjADdBb@`Eh@~DLbDShEmA`Aw@|@K|Aq@`D_Ex@{BXsCBoAOaB?sCKyA?cCRaCAy@Pe@jAsAHU@iBDOXIXu@@wAIiC]kAFMjAOLYK_@q@YeAGoAJSa@g@{BKwAEwD?uBH_AEoMpZYV]E{ANu@JaBCiBLk@Gi@ToAEeB`A@zCEn@Mh@e@`@u@b@aCg@}EUq@sD_HS}@ImDq@yAO_G?eIOyCDaBGgFqECaAJaAI_@`@b@W`COpEJD`GG~@NtBAzGFxBAxCFj@BVh@|@Hf@DfCPrAnCtE|@pBd@rElAFvBp@vBNhAdAHn@|@v@IjAxBfAZETw@lAHpApD^NlBlCxBsBv@}B\\YfAcB@c@i@mAoAV{CG_Dn@aCbBmCGc@c@GmAk@e@[_Aw@w@}EaA}A?Mv@_@nA}@pAiAVgEDGN?fAHd@[x@L\\UnAHlAKtAS|A@vAeEDiAh@}AC_@X?r@FxBIn@Ud@w@@AJIGDHE@GMkKDGN?x@Fb@KjCFdGL`Bn@lCJJb@A`ArAf@lBJpCKhBm@l@AvAIf@gAvASr@QvCE~CXjGCbB?`BSxAmAvCsBjCy@j@m@JQTgBXw@p@aA`@[`@}ENkDGwCYiGeA}Bj@}@SaG|B{I|F_FpHaBbG]f@If@a@`Ae@j@kBx@kA~@_BvCu@r@O`Bw@bAo@Lo@MsB|AU^GlAUp@uBr@eA`Be@ZoEd@uFJq@TeAjAcBbGeAxH?f@K`@g@dEHp@oA~GQlBcAdEo@lB_@j@u@h@w@D}CoAa@CeA\\kFnEw@xAe@nCg@dA}CfC_ClCoAh@kBJuAU}CeATl@{ArAO`Ak@tAkCeBuB}B_DmEs@qBQQ{BkHiAyEiAcDQ}AmBwGm@u@BgHRIv@l@p@NpD^dBt@VQTGt@B|AWPH?dHr@rHDbDGvA', 'resource_state': 2}",FALSE,FALSE,FALSE,FALSE,everyone,FALSE,"[41.048675, -85.163602]","[41.048526, -85.163186]",,3.548,6.08,FALSE,FALSE,FALSE,240.7,230,15120293825,15120293825,CDE91F28-586C-4A98-9305-F268C7DEC1A7-activity.fit,FALSE,0,1,FALSE,,,
2,"{'id': 60229721, 'resource_state': 1}",800m PR @IWU Little State Championship,804.7,116,116,0,Run,Run,1,14159948860,2025-04-12T22:43:16Z,2025-04-12T22:43:16Z,(GMT+00:00) GMT,0,,,,0,10,2,1,0,"{'id': 'a14159948860', 'summary_polyline': '', 'resource_state': 2}",FALSE,FALSE,TRUE,FALSE,everyone,FALSE,g21189657,[],6.937,,0,FALSE,FALSE,FALSE,,,FALSE,0,1,FALSE,,,,,,,
2,"{'id': 60229721, 'resource_state': 1}",Best. Cooldown. Ever.,2773.4,858,1824,0,Run,Run,0,Strava App,14159267965,2025-04-12T20:03:08Z,2025-04-12T16:03:08Z,(GMT-05:00) America/Indiana/Indianapolis,-14400,,,,0,7,2,3,0,"{'id': 'a14159267965', 'summary_polyline': 'uehvF|{yiOMn@Yt@UVCDWHu@EE@KCU@y@CUBMC]@c@Ga@MgA@YIQ?GFWDKDGCSDWCcC@EAOOKCK@QTIDSEa@A_@B_AAOBy@CCBMCEBKEeABKCc@?CBe@C_@@ATHr@CVDP?PCFAFFzAAD@NA^BNAVBnBIX@TJRHb@Jf@ANHTBZVv@?LZbAFFH@NHfAt@JBl@ZTNNFZTF@\\XJBb@XT@PFFHDAZNDAHFD?DDJ@v@\\PBFDD@\\RNAFGJCB_@MiALw@Bu@HW?QPYCYDc@?SDa@AUDYBiAKc@IE?QFO?IK[D]AaAG_@FI@GAq@Bq@I[{@kB@a@G[BiAVJJLLXHAJGN?DCNC^FZLXDRJ^F|@@VDDCZBb@CLBb@AN@ZEL@^WJYPW\\qA', 'resource_state': 2}",FALSE,FALSE,FALSE,FALSE,everyone,FALSE,"[40.515299, -85.661443]","[40.515647, -85.661381]",,3.232,4.44,FALSE,FALSE,FALSE,260.6,258.9,15112438015,15112438015,9FB3DD7A-2272-43C0-ACA6-1B595C3AC24F-activity.fit,FALSE,0,3,FALSE,,,
2,"{'id': 60229721, 'resource_state': 1}",WU,3357.1,1003,1295,0,Run,Run,0,Strava App,14158530773,2025-04-12T18:10:39Z,2025-04-12T14:10:39Z,(GMT-05:00) America/Indiana/Indianapolis,-14400,,,,0,4,0,2,0,"{'id': 'a14158530773', 'summary_polyline': 'sehvF~{yiOIRMl@Sb@AFg@VOBE?ME]Fc@KCBi@?ED[EMEEB_@AKEWAKEE?c@WQ@EDUEODCB[DEBEAKDW@MFQ?ECe@GGGFEIDK?GDSF]CKBSCEB[BWFGAKKGEWHSEQDWAi@@KAWBW?eACWBECQAc@@EBKCG@IAc@@ICEDENFNFnAA^B^A^B`@CND^CDBf@C^Bv@CF?v@JR@NNVRj@FJHZFJDLP~@Bf@PNJRDBXf@FDVHRPVHTNZNTPF?BDXLBDr@`@THHFXDVLJ@HHF?j@RHHVFBBJBJL^LF?BCLy@?k@EQPu@@oADUJQDABG?QAIBO@_@Dg@Ak@Dg@Au@EEGWDk@I]D]AQBGK_AQo@Yo@CU@s@Ew@BO^c@FQHGP[ZURFXRTCn@LDADBZEL@\\KTBh@CL@DAXBXARDDAV@NA\\[LQDY?GHU?ONY', 'resource_state': 2}",FALSE,FALSE,FALSE,FALSE,everyone,FALSE,"[40.515548, -85.661398]","[40.515618, -85.66134]",,3.347,5.54,FALSE,FALSE,FALSE,260.6,258.9,15111651597,15111651597,EC60B7CE-EF1E-419E-9DC2-7CBB40DB9A47-activity.fit,FALSE,0,0,FALSE,,,
2,"{'id': 60229721, 'resource_state': 1}",4x800 School Record,804.7,117,117,0,Run,Run,1,14159908855,2025-04-11T20:45:08Z,2025-04-11T20:45:08Z,(GMT+00:00) GMT,0,,,,0,8,0,1,0,"{'id': 'a14159908855', 'summary_polyline': '', 'resource_state': 2}",FALSE,FALSE,TRUE,FALSE,everyone,FALSE,g21189657,[],6.878,,0,FALSE,FALSE,FALSE,,,FALSE,0,1,FALSE,,,,,,,
2,"{'id': 60229721, 'resource_state': 1}",Second CD,2389.2,782,782,0,Run,Run,0,Strava App,14149720073,2025-04-11T22:00:18Z,2025-04-11T18:00:18Z,(GMT-05:00) America/Indiana/Indianapolis,-14400,,,,0,3,0,2,0,"{'id': 'a14149720073', 'summary_polyline': 'i}gvF~qyiOAb@CH?DSd@GTGHUR[NG@BHCDQ?w@\\M@[RSTETKLm@~BSZWTO?KBOEI@ECk@ASBsBC}@Q[QQC}@H_@La@BGBa@CcC@KQKCK@YTG?SGa@D}A?SBSCsA?K@MAeA@EASBSCe@@EG?{AB{@BGAGFODAX@JNJ`@Jn@?VBDAZB`@BFH?PGx@?J@TAH@DAH?PAP@TC\\B`@?NBRCH@NAV?RDHGHOLCRHPVD?NMH?JF^EtA@HEV?j@KH@TLHAVHDAb@Pf@HhA?RCh@D\\APBVET?D@NAVSRYHIPa@Jo@HULS?MHQ?IFUjAm@j@Q?OPATURGJOVsA', 'resource_state': 2}",FALSE,FALSE,FALSE,FALSE,everyone,FALSE,"[40.51522, -85.659971]","[40.515318, -85.660111]",,3.055,3.94,FALSE,FALSE,FALSE,260.4,258.9,15102407982,15102407982,27915765-5DC8-4629-B376-CAA0493570F4-activity.fit,FALSE,0,0,FALSE,,,
2,"{'id': 60229721, 'resource_state': 1}",CD,1804.7,615,855,0,Run,Run,0,Strava App,14149398834,2025-04-11T21:17:32Z,2025-04-11T17:17:32Z,(GMT-05:00) America/Indiana/Indianapolis,-14400,,,,0,3,0,5,0,"{'id': 'a14149398834', 'summary_polyline': 'odhvFrzyiOG@IL?VYx@Kf@GFGPYX]LYAg@BIA_A@{@AS@OAO@ICMOEAo@KM@k@SMBWRM`@AZMNKDECe@EOMOGE@UOG@MESKE@UAS@IC]@mA?ULc@C[BU?m@FMAIRSX?ZCLAd@BVCPB\\CLB^BF?XRVPER?DADBXCD@P@HBJHX^PN@FVZFANJL?DJFILGN@f@LVKZa@BC`@@^g@?SD_@AU@i@Xa@BYHQPWB_@DODg@Hg@JWPUHCNBTLZFT@^HVLp@?NCl@Ff@ATBrAGPGTS\\y@Li@DGBU', 'resource_state': 2}",FALSE,FALSE,FALSE,FALSE,everyone,FALSE,"[40.514646, -85.66147]","[40.5147, -85.661709]",,2.934,3.78,FALSE,FALSE,FALSE,260.4,259.1,15102074721,15102074721,870609D3-A75C-4A93-B585-602252DC7B81-activity.fit,FALSE,0,0,FALSE,,,
2,"{'id': 60229721, 'resource_state': 1}",WU,3363.2,1083,1243,2.3,Run,Run,0,Strava App,14149016584,2025-04-11T19:55:01Z,2025-04-11T15:55:01Z,(GMT-05:00) America/Indiana/Indianapolis,-14400,,,,0,5,0,4,0,"{'id': 'a14149016584', 'summary_polyline': '{{gvFdryiOBZEPULKNID_@`@MHUH]PABRTn@[NCB?FJRAHJPAZBVE@EEOAMBc@KOAKDGHCHORc@NQHWp@m@TERK~@Ib@@DAPD`AG\\Jb@OVS^k@Ni@HwAAqAEy@@OHK@GTOPAFETATITAVDTCDBHCJFZBj@ACU@[E_@@]Ae@?_AB[Cg@ECMBo@COBOAO@KDOLc@f@KRIFINSHW@MCMF@@Cb@@HBCDA\\FDB?FR~@GCM?HM@GScBLEFBD?JDEh@@VAx@BTCFa@NSVOBCA]DIDORCJAVHj@FTf@fADXM|@ONWNIBOHa@JEAg@FKAc@@IESBEBg@@QFMBq@Xu@`AUb@g@n@o@f@QTMB_@VWHYR]N[Fm@Xi@`@Qt@e@zAW`@WLOD[AUD[GmB?OBCBSC]DEAEEAKGCE@]KKEIK?EHANFZBLDd@FDBDAL?DAXBTADAb@?LBLA`@@TDh@EVWLQDQLY?GXcAN]TKZSD?TM^MLAVQ@K', 'resource_state': 2}",FALSE,FALSE,FALSE,FALSE,everyone,FALSE,"[40.515453, -85.660366]","[40.515485, -85.660752]",,3.105,5.86,FALSE,FALSE,FALSE,260.4,258,15101673522,15101673522,49A2E54A-68F3-441B-8BA8-D67BC1BCF774-activity.fit,FALSE,0,0,FALSE,,,
2,"{'id': 60229721, 'resource_state': 1}",Shakeout,3749.1,1131,1183,8.4,Run,Run,0,Strava App,14145621066,2025-04-11T12:38:51Z,2025-04-11T08:38:51Z,(GMT-05:00) America/Indiana/Indianapolis,-14400,,,,0,5,1,1,0,"{'id': 'a14145621066', 'summary_polyline': 'ko}yFz`lfOd@@DA@IGi@BOAuA@OGuACaCCUIYKQKIIS[]Kc@Gw@@OEwBO]@Gh@y@h@aAPi@Ca@Ka@EsBCIMCQD]Cy@Dm@GGG?u@Ci@?q@AGCqA?_CE_@?s@CEB_@CeBFIX@DCRCJBVAHCZ@RClAAd@AVGd@ALBn@GJBRCJ@TEXBVEJ@VEF@b@CJBRAb@CL@BAh@?fAEh@@VAJ@t@GNDZCDCPBBFEXBXAPDx@At@B~@Aj@BTAXBLAp@DnA?f@BNAtAD\\CbBDlA?pA@hADl@?^@L?nABNC`@BNAd@BVAh@DV@tFB^ANB\\AJ?BVIH@DDBT@b@F?FILCl@?DJAVLh@FJ\\XR?PGJ@TEPFRLLWXAJEJ@^GF?FJEXAl@BTEH]AUJQ@c@LCLFN?t@Ol@O\\EXQx@C\\I`@?f@OtAGBEC_@FSLOAYQCM@SIa@Wc@BUCMQK_@@GIEO}@PGCQB_@NQ?e@UOBGA?}@E[C{@AEIeAQy@e@eBKQWUe@ME@KCEB_@?GAYFSASBIAWBYAc@Bw@?[BWA[D{@?', 'resource_state': 2}",FALSE,FALSE,FALSE,FALSE,everyone,FALSE,"[41.117021, -85.100576]","[41.116781, -85.100142]",,3.315,4.18,FALSE,FALSE,FALSE,244.4,236.6,15098113013,15098113013,8DC4241E-5ECC-4289-AD87-A14E84FC0D5F-activity.fit,FALSE,0,0,FALSE,,,
2,"{'id': 60229721, 'resource_state': 1}",Strides (4 x 200m),804.7,120,120,0,Run,Run,,14137717151,2025-04-10T15:51:46Z,2025-04-10T15:51:46Z,(GMT+00:00) GMT,0,,,,0,8,0,1,0,"{'id': 'a14137717151', 'summary_polyline': '', 'resource_state': 2}",FALSE,FALSE,TRUE,FALSE,everyone,FALSE,g21189657,[],6.706,,0,FALSE,FALSE,FALSE,,,FALSE,0,0,FALSE,,,,,,,
2,"{'id': 60229721, 'resource_state': 1}",Pre Meet Loop,6920,1884,1960,22.3,Run,Run,0,Strava App,14137272836,2025-04-10T14:26:02Z,2025-04-10T10:26:02Z,(GMT-05:00) America/Indiana/Indianapolis,-14400,,,,0,8,4,1,0,"{'id': 'a14137272836', 'summary_polyline': '{l}yFx`lfOLCd@?d@GX@LAP@RC\\BTGX@d@CPEZB^CJ@z@EVB^CX@ZEb@@v@GR@~@ET@NAl@?XILALBb@CR?DCXBf@Cj@@PCf@?ZEZBl@El@Jb@Eh@IRGLBTGLBX?lBGJCJ@ZAVEZBb@El@@d@GZ@b@CVBb@E~@APEl@@FAL@PEJ@`@CLBXEt@CR?LBPCBD@DI^FfAAvC@`@AXD`@Az@FdB@|CA^DjAAlABT?dCDbAAj@FlB?vBBfA@H@jBBZCNB~@AZBd@?`@BfAAtAF`CA`@DtBAp@Bd@CTBh@BrB?h@@b@Ad@@f@CXBZCr@FZA~DBHAP@`@AFBb@AxC?h@FPEVCDE@IGm@ACCMAEEEAIIG?IESWWQ_AiAGCQSYUQUe@g@KGg@k@GCQUYW]a@a@[a@e@KGKQMIAGeAeAIC]e@_@]EKUQKCOPGBKLIV_@\\MdBCXCDAb@c@|D?XQ`BA`@OfAA`@IVAd@GVKFMB_AU}@BKBEAG@KAQ@MEE@YGY@QEM?EESEEBWGYFY?KISEUMMAYKGE[IIIG@ICKIYGCCSKG?IISECGYMUQOEKGs@A[DMCG@STK@MCi@JICM@MDM@_@FKEK?EEM?UHOa@?i@Ga@UWSGG?q@M]Gk@@KGYEYYYc@YUKE[BQIMYCOOWo@YGMAQW[e@]IS[_@a@SMAk@m@OIE?OKEEEAIGEE?GEQS]E?QVKAS[WYCM?SRYJaA?IDSNGX@ZYJAFMD[FQF[EEKCE@OMISASLe@FKr@u@Nc@@sA}Aw@G?QGo@[CEG?IGGAUMYGCCwAk@QKGAMGSIi@YIIk@WYEKIa@e@]OUc@CCG?MDO?KEM@SIa@W_@KUQgAc@CGWMCGKECEk@YCIFe@E_@BGA}@DwAEg@Ba@C[?SIo@A_BCO?YC]@g@CE?cAHi@La@Bi@AWMq@@Y\\e@FY?GTu@j@q@JUDOD[AIJg@NSVQ^@DCLCZ@LC`AANC`@Af@BzAG', 'resource_state': 2}",FALSE,FALSE,FALSE,FALSE,everyone,FALSE,"[41.116679, -85.099849]","[41.117267, -85.10053]",,3.673,5.46,FALSE,FALSE,FALSE,245.3,230.4,15089407294,15089407294,F1F073B1-5114-45CD-ADF4-58DAD0E34773-activity.fit,FALSE,0,0,FALSE,,,
2,"{'id': 60229721, 'resource_state': 1}",MLR,11265.4,3360,3360,0,Run,Run,,14127703144,2025-04-09T14:32:40Z,2025-04-09T14:32:40Z,(GMT+00:00) GMT,0,,,,0,5,0,1,0,"{'id': 'a14127703144', 'summary_polyline': '', 'resource_state': 2}",FALSE,FALSE,TRUE,FALSE,everyone,FALSE,g20679662,[],3.353,,0,FALSE,FALSE,FALSE,,,FALSE,0,0,FALSE,,,,,,,
2,"{'id': 60229721, 'resource_state': 1}",Shakeout,1609.4,480,480,0,Run,Run,,14123072019,2025-04-09T03:38:48Z,2025-04-09T03:38:48Z,(GMT+00:00) GMT,0,,,,0,3,0,1,0,"{'id': 'a14123072019', 'summary_polyline': '', 'resource_state': 2}",FALSE,FALSE,TRUE,FALSE,everyone,FALSE,g20679662,[],3.353,,0,FALSE,FALSE,FALSE,,,FALSE,0,0,FALSE,,,,,,,
2,"{'id': 60229721, 'resource_state': 1}",Workout 3 x (10min on ~ 1min off),16415.3,1984,1984,0,Elliptical,Elliptical,27,14123066314,2025-04-09T03:11:37Z,2025-04-09T03:11:37Z,(GMT+00:00) GMT,0,,,,0,1,0,1,0,"{'id': 'a14123066314', 'summary_polyline': '', 'resource_state': 2}",FALSE,FALSE,TRUE,FALSE,everyone,FALSE,,[],8.274,,0,FALSE,FALSE,FALSE,,,FALSE,0,1,FALSE,,,,,,,
2,"{'id': 60229721, 'resource_state': 1}",Workout (3 x 300) ~5 min rest,900,123,123,0,Run,Run,3,14116983185,2025-04-08T14:38:38Z,2025-04-08T14:38:38Z,(GMT+00:00) GMT,0,,,,0,5,0,1,0,"{'id': 'a14116983185', 'summary_polyline': '', 'resource_state': 2}",FALSE,FALSE,TRUE,FALSE,everyone,FALSE,g21189657,[],7.317,,0,FALSE,FALSE,FALSE,,,FALSE,0,0,FALSE,,,,,,,
2,"{'id': 60229721, 'resource_state': 1}",WU/CD,5149.9,1560,1560,0,Run,Run,,14116957790,2025-04-08T13:14:19Z,2025-04-08T13:14:19Z,(GMT+00:00) GMT,0,,,,0,5,0,1,0,"{'id': 'a14116957790', 'summary_polyline': '', 'resource_state': 2}",FALSE,FALSE,TRUE,FALSE,everyone,FALSE,g20679662,[],3.301,,0,FALSE,FALSE,FALSE,,,FALSE,0,0,FALSE,,,,,,,
2,"{'id': 60229721, 'resource_state': 1}",No Apple Loop,9656.2,2725,3139,31.5,Run,Run,0,Strava App,14106447023,2025-04-07T12:20:40Z,2025-04-07T08:20:40Z,(GMT-05:00) America/Indiana/Indianapolis,-14400,,,,1,7,0,2,0,"{'id': 'a14106447023', 'summary_polyline': 'e_~yF~wmfOdAf@PBb@VPBrEtBNtAC\\\\~BWjBBJCt@Dt@C`@D^CPBx@JRJFv@~@HZ`@lARXN^BPALIH?NTTLXl@b@XDn@CbBZXl@Fv@BPJJV?RNRIh@CNK`BOFM?GKYk@Fw@Ca@VQb@{@tEWdAM`A@PLF\\W`@Gn@Rx@~@\\l@`A~@j@`@~Ah@j@h@jAjBZ^JXb@f@d@v@^`@h@z@X|@RXF\\RZJj@b@`At@xB~@hBn@zAZrAHbAAv@@l@ExAGTA`@IPYCaBBe@C{@FmA@e@AOFIT[\\i@EaBDKJAJBF@X?rBJ|@HTNr@P\\ZbANp@Hz@AbAEj@K\\@XG^A^IR?`@Cd@Dd@DdBC`@DPBhDCPBDAl@DX@rEBhAAHD~@b@h@hCxB?fBMd@?vAG`@C~@BlBAnFGdC?hAANEHKF[Eg@H}A@_@LEP?xBMPg@A_@RKh@ItAKf@Ub@KDyAhASHsCP{Aj@WPW^i@~@a@|@U\\u@TkB?_BHe@IWQE?Oa@[_@COIKgAq@QEg@AYDg@I[@KCm@DKKEOKEuAA[HUAUK_AJc@AKEc@@[OQLgABm@MY@]IUQMYDeAAEC_AEIA[CaDBGEi@AkDIe@GM@_@EaC@SEcB@_@EcABQGiA?uBCi@Ic@@a@COEESH[@sACCCGwAES[Ac@Km@[iCmCw@a@o@Mk@@sAj@QC_@{AGa@ISMo@Gq@F[Is@C_DC_@Bc@Gg@BIb@E\\SLOXo@j@gB\\u@LCVHx@`@j@ODO@g@JkBHq@L[B[COSI]}@M_@UaAGwA@iAOmD?cADs@AK@q@Fg@ZmANYF_@PWJ]@qABQAa@LIX@XKVCHMHc@Vw@Nw@C[?}@T{@?c@Xe@C_Aj@U@Q@{@RM@QH]RIFBh@?fAb@pAKR@TNR@t@QPi@AYLkA?]T}BHc@JKJ_@z@}@FUCg@BSFYFErAd@zAdAjAj@JIBULa@PIx@ZRR`@Nn@b@z@Z`@EXm@Fi@@kAD]@kBFyBR{@n@iBPYp@gB^w@BWRWBQKUIo@Cq@COs@y@YSU[QGS]CiDFu@?s@JyAA[SgACmAKk@MU]IMOsAq@G@UQsAg@GIy@Y', 'resource_state': 2}",FALSE,FALSE,FALSE,FALSE,everyone,FALSE,"[41.119493, -85.108287]","[41.119287, -85.107915]",,3.544,4.78,FALSE,FALSE,FALSE,247.5,230,15057352725,15057352725,0C396E57-9EAF-4A63-B756-C11146E19156-activity.fit,FALSE,1,0,FALSE,,,
2,"{'id': 60229721, 'resource_state': 1}",Long Run,16096,4042,4291,36.2,Run,Run,2,Strava App,14097692752,2025-04-06T12:14:33Z,2025-04-06T08:14:33Z,(GMT-05:00) America/Indiana/Indianapolis,-14400,,,,15,8,0,2,0,"{'id': 'a14097692752', 'summary_polyline': 'qz`zFhiufOGEW_AuAkDEWIMKCQDoA?{BG[Gu@?QIk@@s@FgHDWDi@BqCAoAH}AAe@Lm@B[CwCDuCJ}CA_EJSAg@W_G?m@LWVu@AwCLs@Cu@OcC@sACMEoCNsBAu@JcACYBg@RcAPaDB]C}CD]DUCkFLq@A[Fk@IuCLy@CkAJiD?e@F_B@m@AkAHmBA}@H]GiCL_B?{CJ}@Ea@F_@C_Ab@_@CUDs@CgCJeD?aBF}BAg@Ic@Fy@?YFk@A]Dk@@o@EWFuAKw@?}AFYCcADaBPkBDgAKq@C{@Hc@EiAHoB?iBB[Fc@E}CD{BHeBLUTOBiAQ[Ay@DiAAYFeB?s@TmAOsBA{@HSCOFQEU?qADcCPYCcBHcDDiAGm@HiB@_@HyAGqBN_BCMBqA@yAWk@DYEg@@s@To@DeBGcB@iBK]DuAAu@G[DQEeABwCQe@DKGoBBs@IsAC_@DuBK}@Dy@GoAc@q@Fk@EoCASJ_@DkAE_@DqAIi@Fm@G{@@]GkADcBIeAAMBYEKIM?MNYGy@FaAKUBk@EmC?gA[iAEqDLa@CSDMA{AFkB@UCy@D[CqBBFE~@@`AEVGr@FzAEh@Bv@A|@K`@DZETDb@G|BAv@NPLVDhEAb@DNHjAI\\BTMj@TLIVFnAAf@DrBExAH|ACdALpBCh@Q~@@TCxB@^BdA^~@FvBC\\FbAB\\EfAHXEZDx@EXFf@AfBLpBBn@Cl@BZDdA@jAGh@Ld@C|CHjACn@U~@CvABx@R`CEb@Ef@DpBQJD|@DxAKb@@lAMZFx@Eb@DpAIh@Bh@GtAAt@Gb@@zBKPITHb@G`CA`ALb@Ad@MTA~A?nAGp@AzBRLCPYFArAGbA?`AGhBBbBGTGb@@pDITB\\G`ABrAEf@NfA?v@G^Br@OtAK`CAj@DFEpAJTGjCGtA?l@G~@?nBLnACdAI~JI\\IVUt@G^DxAEZB`CKdA@REnC@xAK\\DlEOj@B~AGjC@ZEvAGl@BtBK`@DTGf@DnAIfBCr@BTEj@Ej@DjACBEpAFzBALGl@ErA]dA?bCKxABb@Gf@Al@Hz@@f@Gl@@TEb@BdARn@CDCrB@hAGPM@ILIn@Bh@ErC@l@CTBRNVFjBKTDt@Kf@DrBMlBBXE|@D`BIrABjAMtA@pFQ`A@x@GdDCVBPEtCFlBN~AGdADJNBVZh@F\\b@`Ah@fB', 'resource_state': 2}",FALSE,FALSE,FALSE,FALSE,everyone,FALSE,"[41.132973, -85.148121]","[41.132971, -85.148101]",,3.982,5.78,FALSE,FALSE,FALSE,262.1,246.4,15048142031,15048142031,41C50ABE-D686-455C-9A56-91E86F62B3A3-activity.fit,FALSE,13,0,FALSE,,,
2,"{'id': 60229721, 'resource_state': 1}",Workout: Heart Failure,1931.2,280,280,0,Run,Run,3,14078157437,2025-04-04T14:18:44Z,2025-04-04T14:18:44Z,(GMT+00:00) GMT,0,,,,0,7,0,1,0,"{'id': 'a14078157437', 'summary_polyline': '', 'resource_state': 2}",FALSE,FALSE,TRUE,FALSE,everyone,FALSE,g19351325,[],6.897,,0,FALSE,FALSE,FALSE,,,FALSE,0,0,FALSE,,,,,,,
2,"{'id': 60229721, 'resource_state': 1}",CD,539,195,791,0,Run,Run,0,Strava App,14077871255,2025-04-04T12:50:31Z,2025-04-04T08:50:31Z,(GMT-05:00) America/Indiana/Indianapolis,-14400,,,,0,3,0,1,0,"{'id': 'a14077871255', 'summary_polyline': '', 'resource_state': 2}",FALSE,FALSE,FALSE,FALSE,everyone,FALSE,[],[],,2.764,3.66,FALSE,FALSE,FALSE,235.8,233.7,15027299267,15027299267,0BD04313-32A5-48BF-8BF2-10FDA1E11217-activity.fit,FALSE,0,0,FALSE,,,
2,"{'id': 60229721, 'resource_state': 1}",WU,3256.6,983,2408,17.9,Run,Run,0,Strava App,14077413633,2025-04-04T11:39:44Z,2025-04-04T07:39:44Z,(GMT-05:00) America/Indiana/Indianapolis,-14400,,,,0,3,0,6,0,"{'id': 'a14077413633', 'summary_polyline': 'uabzFnxmfOe@NMJGFGVKpACnAELA`@Bz@Lx@HRTVLHbARRFRB|@ZHD\\d@JFl@`AXt@^vAFJJbAF^ErAId@@FKb@Sr@]f@IFMRs@l@i@l@U^UX[p@E\\ELGt@?d@^nBDx@ATMj@Gj@DHN@BFRHBDVJDDd@RPPJBLLDATFLJJ@LJJ@VP^L`@VJ@RNF?RNn@VTNTHTN\\LFHZLLJBNLFD?][E?YSQCWQKEII]MC?e@[c@QGGOEsBcAuAg@IKOEw@g@E?cAs@?IP[Dq@Fg@GUAKUeAEe@Ai@H{@?UNa@^q@fAqARI\\a@n@{@j@yAJy@Bg@EyAKo@ISAQMYI_@k@wAKSk@q@GAOMIK[OG@SOi@EKG_@GIGG?OEOKU[AGKo@Cq@RiEHe@FSNMHALILAFEFY', 'resource_state': 2}",FALSE,FALSE,FALSE,FALSE,everyone,FALSE,"[41.137693, -85.106534]","[41.137608, -85.106403]",,3.313,4.32,FALSE,FALSE,FALSE,243.9,233.7,15026816530,15026816530,B6C1B0BA-E719-4B6B-A854-F7859F078626-activity.fit,FALSE,0,0,FALSE,,,
2,"{'id': 60229721, 'resource_state': 1}",MLR,9655.5,2500,2610,29.8,Run,Run,0,Strava App,14062584752,2025-04-02T20:03:19Z,2025-04-02T16:03:19Z,(GMT-05:00) America/Indiana/Indianapolis,-14400,,,,3,6,4,1,0,"{'id': 'a14062584752', 'summary_polyline': 'io}yF~`lfODCZBDCnAAXEfA?~DKnBKv@B`BEbAGd@@z@GRDr@Il@?DBZGDHA^BTDTLRLFNCv@@JRFZB`ACb@Bl@DXDDFVBX?TCTELAZ]tACNQ^GBGJI\\WP]FKC{@DIEGYCgAQQAIFQ?GAGIEEHS?QFu@@GBUGSFsA`Ak@d@YIWHcB@eAS[Qa@GYJk@CKNQH_BJURGXQXMf@ANAZBpADd@AlCDVCv@El@[bAa@BSNE|@Q`@CRQd@CPGBMd@@FOb@Cb@@HGNCb@[`AOPGNa@p@G?KGYAMH?VGX[~@KHGZGJEp@@jAQdAAPKVAPENCXGNG`@MHO?WVk@`BGFOHGLAJFPNHRRFLTDPSD@FJF\\V\\@FFDJCLBNT\\^^J^V^f@h@b@d@~@VDLPb@`ATD^CFP?JSVc@bAGTWj@CNQXI\\q@xAKFGAGGKa@OCUMa@ACDMFIXKJI\\GFALSXI^]v@KJO\\m@|@Of@?FGH[UUEYW[IQSc@YG@SSoCoA}@UUQYCaA_@UMk@Og@WoD{Ao@OYQw@OII{@WOKKCGEMCEGG?UOMAy@]kBm@KKWIyAo@oA]_Aa@OAOQ}Bu@g@MKIiAe@K?YOKAi@[c@IOMaBk@[CKKGMIEu@Oe@UUG]SqAa@[GKI_AOUOuAa@eB}@iAuAQs@Q[?IMWIYCOEEESEEYkAQ_@Ww@}@yAMgA?s@McBCyEI{CCkDC}@?cA@GAqAB_@AS@OCm@BSCIB}@AiAKeABsAEs@@UIeDJi@Ko@IiA@GGwFBc@EQBICc@@MEu@@y@Ec@Ba@EqAA{A?{ALGNHZCXBpDQf@@~@GLDZGZ@dCMtC?zAGJCdAER@JDBVEPBt@Ab@@b@AHHtAC^Df@A`@F~@?b@Fv@AR@FAf@DpAAHDhAD`@El@DbA@bC@ZFLH?`@O`B?hCMb@@rAGzAQdBCnBKZ@LCnCGHBJCvFILC~ADfAE~@DhBGHCl@@TEZ@JC~@?DCdB?nAEPAPK^ADEDSAo@@SHYA[Dq@Gc@@k@JYBC?IE]As@Ck@@SI}AB]JGb@BPEZ?FQTO\\g@l@WX@VSn@aA^DjAEXDZNHHJVLj@BhACd@Bj@Tp@PRP\\Z`@DT@d@@DAPB|A@F?hADt@C|@CN?vDBP?p@Eb@Bd@INOFOCUB', 'resource_state': 2}",FALSE,FALSE,FALSE,FALSE,everyone,FALSE,"[41.117036, -85.100472]","[41.117029, -85.10063]",,3.862,5.3,FALSE,FALSE,FALSE,243.9,230.8,15011214803,15011214803,10F19155-5409-4196-9EE3-B7BDBB1CBF12-activity.fit,FALSE,0,0,FALSE,,,
2,"{'id': 60229721, 'resource_state': 1}",Tempo Workout (5 x 6min. ~ 1min jog),9052.5,1800,1800,0,Run,Run,3,14048716404,2025-04-01T13:51:35Z,2025-04-01T13:51:35Z,(GMT+00:00) GMT,0,,,,0,8,0,1,0,"{'id': 'a14048716404', 'summary_polyline': '', 'resource_state': 2}",FALSE,FALSE,TRUE,FALSE,everyone,FALSE,g19351325,[],5.029,,0,FALSE,FALSE,FALSE,,,FALSE,0,0,FALSE,,,,,,,
2,"{'id': 60229721, 'resource_state': 1}",CD,1716.6,548,920,0,Run,Run,0,Strava App,14048526980,2025-04-01T13:43:08Z,2025-04-01T09:43:08Z,(GMT-05:00) America/Indiana/Indianapolis,-14400,,,,0,6,2,6,0,"{'id': 'a14048526980', 'summary_polyline': 'kmazFzcmfOXMPSGU@MEGm@OGE]M_@[IAWM]Wg@WUQUKWS_@QMMOG_@UMIE@OQKCc@Yo@YOQ]MUQSE_BaAQGOCSOg@Ya@MMIIAICMMWGQIYEy@WO?ICUSYEUISCIEc@IQAYKI?ECG?IEE@UMQAIG[Ek@WJJf@F`@Nh@JDD`@NZDPHd@FLFTB\\JJN`@v@XZZH\\NRFBBPDRJF?FF|@`@VTVFbAf@FHx@^RNF?FFPFf@^', 'resource_state': 2}",FALSE,FALSE,FALSE,FALSE,everyone,FALSE,"[41.137276, -85.106349]","[41.137483, -85.105585]",,3.132,4.28,FALSE,FALSE,FALSE,233.1,230.9,14996337035,14996337035,F327F231-7349-499D-8B00-ACED0FB79184-activity.fit,FALSE,0,0,FALSE,,,
2,"{'id': 60229721, 'resource_state': 1}",WU,3218.8,923,1629,17.9,Run,Run,0,Strava App,14048320847,2025-04-01T12:13:01Z,2025-04-01T08:13:01Z,(GMT-05:00) America/Indiana/Indianapolis,-14400,,,,0,2,0,8,0,"{'id': 'a14048320847', 'summary_polyline': 'mabzFhxmfOOJYJKHGNIVGf@Al@IhACt@?l@Ln@N^RTJHTBPFbAPh@PNNVLTRZ`@Zr@RXVp@Np@Jx@J`@BnAMpAK`@[|@S^e@j@KDILo@n@c@f@e@t@Kd@MVCLAhA@F@^ZnAB^AbAMd@?\\BFLFTVpAn@NDZP\\LHFF@BDb@LPJZLNJp@XTPt@`@XHHFD@TLD?DFv@\\EBCCk@WeAm@WGqAs@OEQO_A]SMe@SIIi@Qo@a@q@YWWG?SSAKPs@DW?YC_@?GQk@OaA?k@JqAFMDYLUDCL]p@w@^YLOJGZ]LYRSJUPc@Le@J_A@YAm@Ei@Ow@?GIWEAAQMg@]w@a@k@EMu@s@WOOGG?c@MMAEC_@EQM]IUWOc@My@Cm@RaDJcAHWZIDENEZ]', 'resource_state': 2}",FALSE,FALSE,FALSE,FALSE,everyone,FALSE,"[41.137406, -85.106408]","[41.13762, -85.106426]",,3.487,4.38,FALSE,FALSE,FALSE,243.9,233.7,14996116143,14996116143,AB277FC4-D1E1-423D-8EB5-B37707FF2948-activity.fit,FALSE,0,0,FALSE,,,
2,"{'id': 60229721, 'resource_state': 1}",Recovery to Base,9849.3,2612,2617,30.9,Run,Run,0,Strava App,14038319149,2025-03-31T12:20:03Z,2025-03-31T08:20:03Z,(GMT-05:00) America/Indiana/Indianapolis,-14400,,,,0,8,0,10,0,"{'id': 'a14038319149', 'summary_polyline': 'yr~yFplmfOMAk@e@YKUOc@WD[EcABQCWBOCQJy@KwA@]I]Ci@Ai@B_@MwDZ{AAw@Kk@?YBG\\_@Lw@Ne@^_@Xi@FYAMD_@HU?OESKEOFg@EgADOG_A?y@HeBAk@DyABWAYDk@CWDqB@sABIDm@?GB_ADCFYC_BNu@AmDN?ODCSGCQEEOIGDc@CEQBQCc@Ew@Ge@?_@CGBa@Ey@Du@COAuAAo@BWAw@CU?{AEaABa@KeBBuA?[CGDc@CIDILEf@BDGX@^AVGZBfCG@ELB^GJKBUCWBi@CE@c@G{@@yBCSCuBE[@}@Ec@BsAEsBHo@Pa@FEBEPMPErBK|@AZE|@@DEl@?XGzAEtBm@R@ZGJBXEj@Cp@@vAIXBDCbAIn@@VGBIG[Bq@AiAEs@?_CCE?[@eAE_AA}BCs@?}@AGBy@XmADYAYDOCi@M_@MOM]OMg@SS@oCGsA@YEGBkACYDGCiACKY?IM_@Gg@@QEG@OAEAeBAG@a@C}@?}AEyAGCa@Hy@A[HWAOBs@CqAHOCQDy@?KBWA}AHaABKC_AFsA?m@H[CgBHCNDTCVJxABvAF`A?hALLtA`@Z^LVHp@Q~CD~@EvABLp@p@NPRd@NbABh@CF?l@@PAHMF[A{@b@_@^GLAJDh@PXTn@p@jAVPHL@^DZDDKZ?HUZWRa@PKJ{Ar@k@LEDmAJOQ@S]aCEk@Ac@Gc@Ac@IYGw@Qe@USAIKGSGKA[KaAi@]KKFSl@Yj@[Vk@Zo@HmA@mAJ]E_@BWHo@Hg@PCF@TBHAND\\CPDlACd@DxACXBdAA`@Dj@AxBDnAAnAF^A~@LJbAKrBCR@HJB^ANFt@?t@Ff@Ap@D^CR?|@Fz@FFVKP?ZBdBCx@G\\B\\GfCCVEZBd@G~A@NGX@XJ@HAn@D`@En@Dl@?\\Dd@Ab@HhB?|@Dd@APBt@CJFz@Ad@BF?j@@HAVHj@Aj@Bb@CrBDb@?^BFF@VONBvAIFDt@AdAIZ@~E]v@C~BE|@GFDL\\^Xd@GZDj@KbAHt@MZFrAGFBzD@dACLFG`@Bd@?bAMz@a@nAa@n@GPa@j@MZVLPL^p@x@XRPLVPHj@@f@j@LHR@FRJJN@RNbA^F?h@ZJNDP?NHN^Vt@TZRFN^ZDBFL', 'resource_state': 2}",FALSE,FALSE,FALSE,FALSE,everyone,FALSE,"[41.11951, -85.108255]","[41.11908, -85.106709]",,3.771,5.32,FALSE,FALSE,FALSE,245.4,235.2,14985445059,14985445059,AD1B0DD1-D2B8-4809-8088-C0492DBBFBDA-activity.fit,FALSE,0,0,FALSE,,,
2,"{'id': 60229721, 'resource_state': 1}",ISU 800m ~ 1:58:31,804.7,118,118,0,Run,Run,1,14023760605,2025-03-29T18:58:26Z,2025-03-29T18:58:26Z,(GMT+00:00) GMT,0,,,,0,7,0,1,0,"{'id': 'a14023760605', 'summary_polyline': '', 'resource_state': 2}",FALSE,FALSE,TRUE,FALSE,everyone,FALSE,g21189657,[],6.819,,0,FALSE,FALSE,FALSE,,,FALSE,0,1,FALSE,,,,,,,
2,"{'id': 60229721, 'resource_state': 1}",CD,1610.2,447,467,4.5,Run,Run,0,Strava App,14023713039,2025-03-29T20:12:31Z,2025-03-29T16:12:31Z,(GMT-05:00) America/Indiana/Indianapolis,-14400,,,,0,2,0,2,0,"{'id': 'a14023713039', 'summary_polyline': '}j{oFvlqtOI]UwBCKM{@Iu@?QOs@@EM}@GOKuAI]Ac@EMKEMBi@AK@WAE@WEEBS?i@KWDiACQ@KAW@IAo@BEBGNCp@ITWf@IHODO?GBi@AEBQ@GEEBKAGDiABSDMF]GK?_@FKGGBM@[GG@MAE@IAcAAGK@g@', 'resource_state': 2}",FALSE,FALSE,FALSE,FALSE,everyone,FALSE,"[39.466452, -87.423279]","[39.471619, -87.417707]",,3.602,4.62,FALSE,FALSE,FALSE,150.2,145.2,14969654072,14969654072,BFFBA249-4C80-4D68-99BB-382F452918D4-activity.fit,FALSE,0,0,FALSE,,,
2,"{'id': 60229721, 'resource_state': 1}",Fartlek (8 x 1 on 1 off),4889.8,1189,1239,0,Run,Run,3,Strava App,14023667220,2025-03-29T19:47:39Z,2025-03-29T15:47:39Z,(GMT-05:00) America/Indiana/Indianapolis,-14400,,,,0,6,0,4,0,"{'id': 'a14023667220', 'summary_polyline': '}o{oF~yptO\\ALb@Dr@Jt@@RRpATlBBLFp@Lp@LrADPLpADJAFDLVnBFz@@t@@VCr@J^XLJTLHNG\\q@?uAD[BGJELDBCHAf@?l@Bd@CDCFG?e@Bi@FIRGJKDI@SIS?KJOTGRBJPBVHVHJLFD?VGTAP@FC^?PEp@CL@RCV@ZGt@C|@KF@DCV@d@E\\@VEpAJVFV@FBPAd@JLAlANxAHt@Rb@@LDH?NBp@Df@JPA\\BLDZBRFZ?b@FBBNAj@L^Bj@JF?FBt@FPDDDNBF?\\LH?hAXz@ZVFVJj@LXLH@t@\\ZJFDL@VJVFBB^HDD~@^BBL@PJl@RXNt@Nt@VF?r@d@|@^b@VPPlBtA`@d@VPTTF@FJf@d@FJBAPR`A~@VN\\\\HDXV`@d@`Ax@?DC?IIGOGGOCMMEKICCIKEm@m@OIEIKEQWKEEI[QEGIECIKEOOCKMMi@]_@g@OKa@c@GCEGGAGIo@c@MOYOUUMAQOG?e@WCESKOCMKMCGEKAQKSAKG[Gg@W[Cm@]WGOMIAGGiAWGG{@]a@KQICGI@GGI@GI}@UGE[IGEGAIGK?c@Qk@GGGUCUKs@OQ?g@GMGYEo@Ew@MI@MAGEG?q@G[?g@GICQAu@OS@y@MG?{@QQDc@IW@q@Q]CUGU?k@Kg@EYAWCK@YEUBYEWBCAYDS?', 'resource_state': 2}",FALSE,FALSE,FALSE,FALSE,everyone,FALSE,"[39.470304, -87.418801]","[39.465162, -87.422138]",,4.113,6.4,FALSE,FALSE,FALSE,149.6,142.7,14969604471,14969604471,C51FC963-FD6E-4FDA-8CA3-CF2B55EAEBF3-activity.fit,FALSE,0,0,FALSE,,,
2,"{'id': 60229721, 'resource_state': 1}",WU,3228.8,943,1310,12.7,Run,Run,0,Strava App,14022959314,2025-03-29T17:58:11Z,2025-03-29T13:58:11Z,(GMT-05:00) America/Indiana/Indianapolis,-14400,,,,0,4,0,4,0,"{'id': 'a14022959314', 'summary_polyline': '}a|oFjdptOCm@@eAAK?QBMC_@@_@C}A@]Ca@D_@CUB_@E_@B_@Co@CU@k@EAQJUFPEV[?SCSDW?i@B[JUCe@DW?WBOG}@BSCS@{@B_@@i@CS@MAw@@i@AU@GAS@OAqADsANORB`@CD@`@@JEXFLCVBLED@`@@\\AXBn@ELB^?HCf@@lAAJAF?NDh@EX@RCl@DLCX?p@F@q@Fe@@_@EcAB_@C]D[AUGk@CG?QCE?QY}AWJW@EE_@DSCIBQKE?KF]?u@EGCY@[E]@GBECM@UESF]?KBECGBm@ES@MESUWBMEU?EBSAECYDq@AK@IJAFSXER@NDNC^Bn@@rCCN@d@Ib@DP@d@A^D^?h@Cx@BZAF@PEn@Jb@ANFVEPBN?hA@PE^Df@Cl@BPA^?v@C|@Ib@Dt@Ef@BP@`@EdCBd@Cb@BN@ZCl@@FAN@LCrA@F@t@CNBD?n@CJBD?xAB^', 'resource_state': 2}",FALSE,FALSE,FALSE,FALSE,everyone,FALSE,"[39.471213, -87.417271]","[39.471397, -87.417603]",,3.424,5,FALSE,FALSE,FALSE,155,147.2,14968836433,14968836433,0AD421D1-3E93-4950-A29B-2C401267AC93-activity.fit,FALSE,0,0,FALSE,,,
2,"{'id': 60229721, 'resource_state': 1}",Sycamore Shakeout,1664.4,523,523,0,Run,Run,0,Strava App,14021579731,2025-03-29T15:38:36Z,2025-03-29T11:38:36Z,(GMT-05:00) America/Indiana/Indianapolis,-14400,,,,0,4,0,2,0,"{'id': 'a14021579731', 'summary_polyline': 'kk|oFhrptOq@@ECCK@YMWKK]DGDI@UHS@OA]Bm@Ci@@]CKCQK[GO?KBc@?YMSQw@oAc@_@MQSw@Ky@AiF?WF]Is@@cBCkC@cACTBN?p@AhABt@AH?lA@l@DLG`AB`@AN?jBBNAZHbALj@LTTZ^^LTHJJZ`@ZRFPBPEJ@VEPDBFH?NJN@VCHDl@CNDr@ErA@LHNZLFJJNGRDBA', 'resource_state': 2}",FALSE,FALSE,FALSE,FALSE,everyone,FALSE,"[39.471072, -87.416842]","[39.471087, -87.416835]",,3.182,3.7,FALSE,FALSE,FALSE,151.3,149.1,14967355806,14967355806,00AFBA76-3A7B-48BF-BE2D-04DD09BEEFDE-activity.fit,FALSE,0,0,FALSE,,,
2,"{'id': 60229721, 'resource_state': 1}",Pre Meet Strides (4x200),804.7,120,120,0,Run,Run,0,14014767794,2025-03-28T22:08:32Z,2025-03-28T22:08:32Z,(GMT+00:00) GMT,0,,,,0,4,0,1,0,"{'id': 'a14014767794', 'summary_polyline': '', 'resource_state': 2}",FALSE,FALSE,TRUE,FALSE,everyone,FALSE,g21189657,[],6.706,,0,FALSE,FALSE,FALSE,,,FALSE,0,0,FALSE,,,,,,,
2,"{'id': 60229721, 'resource_state': 1}",Pre Meet Loop,7003.6,1914,1994,22.2,Run,Run,0,Strava App,14014567225,2025-03-28T21:02:56Z,2025-03-28T17:02:56Z,(GMT-05:00) America/Indiana/Indianapolis,-14400,,,,2,3,0,1,0,"{'id': 'a14014567225', 'summary_polyline': 'yo}yF|`lfO\\@b@E\\?TCXB|@Gr@?FCPCt@@VCN@JEZB\\En@?DCJBXCT@`@C^?VCf@?HA`DGh@CVE`@@ZBPGH@hAEZBVEL@|AGf@ANLR@bAMVOPDvAE\\?RCHBDADCT?LCd@@b@APEJ@`@@d@ClAAd@GN@b@CDBLCL@j@GJDJEb@CR@`AGd@@hAGHBBJK`@BN?VBNAH@`ACp@DbBA`@D`@CZDN?h@A^@b@?x@BXA`@@`BBJCHBb@Ap@B`@APBb@?N@XANDv@Cj@@F?t@FvBC`@BPAf@Db@APBFAPB`@A`@BNAj@DrC@FCf@Dd@CLBb@AN@FAFB`@ANBzAAx@BP?ZB`@CjADXAp@@D?|@D~A?JENBFARB`@?RCN@l@BPEb@@FFLE\\Bt@?RCL@HAj@Dp@CN?f@DR?~@ADBPCNBD?FBPANEFBh@A`@AFIFQ[EFEBS?OKYGYWKEOM_@a@ICk@o@Ya@u@o@CGOQICm@s@KE{@eAQIOQCGUSMQKIGAQYUWQKg@m@KEg@o@MIUYICO?EJSTGb@KPAF@LEVUVEP@VGNEb@A\\CP?FSjBA^EPA`@Oz@IzAEXAVEREDYGi@BKCm@FgA?]KM?MBIJK@MAa@h@SBUMQBIDG?GBM@}@c@gAYWKWMG?o@[II]Ma@[QESAECO@YEOF]CSX_@A]HQ@EASF[B[HK?IBMAGCKOEs@Ii@Ya@w@OWIM?ECc@?MBk@Ws@s@MMGAGIKCODMAGGa@{@s@e@EOYg@c@[IKEOIKk@]]K]c@CEQM[IQQQs@ECG@KRIDE?k@u@IO@IFWXQNs@Xi@HGVKHKFCFO@SNo@@QJ_@RwABeAAKC?Dq@AGEOGEOE}@e@e@O[QKAUMMCQKKAMMMCc@SMCg@YMASQEASKEGc@UG?KI[EMGSMKEAGIEIAOUG?M]OOM?SFK@KGE?UOOCKKKAUWS?IKUGKIE@USGAIKEAUSGAKGE?MGCGAK@a@CYB[Ao@H_AAG@e@E_BKy@?yBEc@?y@Ee@Di@BYHUDc@CW@]I[ASFMPWDCDG@WXaAh@q@JUFw@Ng@VOFKNCL@f@GZBDERAd@@NCD@XCL@PCJ@FA^AD@\\Ad@?', 'resource_state': 2}",FALSE,FALSE,FALSE,FALSE,everyone,FALSE,"[41.117123, -85.100496]","[41.117129, -85.100704]",,3.659,5.94,FALSE,FALSE,FALSE,245.3,230.5,14959804745,14959804745,89ACE5A2-0BA1-477D-A64E-98FA346D2B70-activity.fit,FALSE,0,0,FALSE,,,
2,"{'id': 60229721, 'resource_state': 1}",MD Double Pt. 2,5281.9,1520,2878,23.1,Run,Run,0,Strava App,13997934764,2025-03-26T23:35:47Z,2025-03-26T19:35:47Z,(GMT-05:00) America/Indiana/Indianapolis,-14400,,,,0,5,0,1,0,"{'id': 'a13997934764', 'summary_polyline': 'qo}yF|`lfONCT?XCPBVE^@NE^?PCJ@\\?xAG^?PCl@?NCLB`@Gn@BJC~BAr@Gj@?ZEXBPCN@n@KDBb@A^?XEHBFCT@LAVB`@E\\@\\Cd@Ej@@DC\\VH?\\Mh@GTKx@?t@Eb@@|@EpGM\\CL@PCdJEBtHHtKBN@|BB`@?|@D~AOhJ{Bf@g@RW@OHW@MPGTYl@SVO^QRWf@ER@p@ALAd@E^UZKDE@SEEd@d@LXBFAJFd@CPONEPAXBDCP?VBLCh@BPl@@RALBXAz@B`AAFBbCB\\kCt[W?MBACWJo@`AI?IEI@}@?e@DKAWDSCc@Bi@CE@S@KCQDq@BEC]By@@SBWE]He@CYBKCSD]CG@W@G@IAK@MAc@IG?OJS@ECQCM@IAKGQ?KCG?g@MUKc@Kg@UE@USOIKCEE[Mi@KKIKQFg@Bg@?KGYO}@MUOOEOUc@KQOKQg@GKWaA?KDENsBHc@?UHg@Dm@EEIEG@SMIAWOWKIGI?II[OKCIGIFODIEU?GBWOM?]KYSKAe@UUG]OGIYGk@SKMIEGAWQEAa@c@_@S[IYOG?CEi@SMIMEQKE?QOWGWSIA{@]YG{@_@KK]KMIe@SKGSEGIQEYQMA]Qm@SIGUEMQ[KcAk@GAUKYEIIEAo@s@GAMK?GOOEAYFM?[O[GCEUGg@]YEc@WCEMCUUE?c@]MEGID_AC_@@QCEBcADe@E_@@}@Eq@G[GwBBIE_CBs@Lo@Dq@AWI_@ASD[PSJU@QX_ANQRO^c@FAd@_@PCXQHg@HSRSJALDLCh@?DCN@XEDDh@CJBXEH?n@E', 'resource_state': 2}",FALSE,FALSE,FALSE,FALSE,everyone,FALSE,"[41.117066, -85.100608]","[41.11715, -85.100457]",,3.475,5.4,FALSE,FALSE,FALSE,245.1,234.4,14941889084,14941889084,064E18E6-39D3-4B0F-B3D5-C703D0873481-activity.fit,FALSE,0,0,FALSE,,,
2,"{'id': 60229721, 'resource_state': 1}",MD Double Pt. 1,5646.3,1584,1725,19.3,Run,Run,0,Strava App,13996629127,2025-03-26T20:52:20Z,2025-03-26T16:52:20Z,(GMT-05:00) America/Indiana/Indianapolis,-14400,,,,0,2,1,1,0,"{'id': 'a13996629127', 'summary_polyline': 'qo}yFz`lfOVANBNEn@CV@FADBXEj@CDCZBLIBOAQ@KEg@?c@GU?gA@GKgB?c@CC?uAGy@@IA_@@]DKVGZBVEl@?FEXDLEXBJCV@JCFBV?LFX@f@JZCN@FBZEHBPAJ@VCN@VAD@FAT?NIDK?MCQ?_AEc@AsAEo@Ba@Am@@QCkA@QE}@BQCY@SAI@_@Ec@AuAC_@By@EIBm@H?HBXCD@T@HCX?BCR@PGD@LGXULEROr@Ud@EPGB?VKBCVEz@a@VQPUXu@T[l@uAr@iAX]BOAOEEEAWYAGs@s@QWq@o@QWSUQa@Aa@GOCiBB_@CO@y@CIAcA?_@Dg@b@oAFI?GTq@Hm@B_@Hg@BEDED?LDLADC^?PC\\@PC^MDGGUAMBQAmACc@?w@COCi@BOCa@@sAG{B?iACu@?Q`@cA@IKIIu@A_@GWOUIGa@BQCMDWAYDICYDECYDECg@@YDYAYBKAEBM@_@Co@BaAJQAS@GCKDcA?s@Dq@?]FENATDNCj@Bp@AZB`@@z@CFDf@?|CBL@RAl@B^AHBP?lABb@AVB\\@tACZDp@?`@BXArAFd@CFDtACz@Dr@Ax@JnDAfADHCz@BXAXDPCH@hA@XBFBzACh@CDI?]JIC[BECm@@MEWDYCYLo@?E@IA]@YDMAK@ED?H@d@?`@BPCXBvAAh@BNA~@Dz@Ah@Dr@Ah@@V?b@Br@LJH@?AnA@XCLBl@C^@BD?JERAr@BdABVDFPJPRF@JFd@Fj@CFAHBBDCh@BHAd@Bz@ALFfB?jAATBh@@t@ADB~@?PBTEf@FdBA^BNET@VARMBKAGE_@DE?OBYAk@Dk@@k@F]CMBy@?_BD]AKBs@Bs@?MDYAYBi@?q@@MB{@@', 'resource_state': 2}",FALSE,FALSE,FALSE,FALSE,everyone,FALSE,"[41.117117, -85.100296]","[41.117012, -85.10011]",,3.565,4.99,FALSE,FALSE,FALSE,248.5,237.7,14940505457,14940505457,74F7B2AD-C1D9-47C5-AD5B-E1327AB0D71C-activity.fit,FALSE,0,0,FALSE,,,
2,"{'id': 60229721, 'resource_state': 1}","Workout (500, 400, 300)",1200,198,198,0,Run,Run,3,13983053330,2025-03-25T15:01:22Z,2025-03-25T15:01:22Z,(GMT+00:00) GMT,0,,,,0,4,0,1,0,"{'id': 'a13983053330', 'summary_polyline': '', 'resource_state': 2}",FALSE,FALSE,TRUE,FALSE,everyone,FALSE,g21189657,[],6.061,,0,FALSE,FALSE,FALSE,,,FALSE,0,0,FALSE,,,,,,,
2,"{'id': 60229721, 'resource_state': 1}",CD,2800.5,899,980,2.5,Run,Run,0,Strava App,13982477874,2025-03-25T13:27:30Z,2025-03-25T09:27:30Z,(GMT-05:00) America/Indiana/Indianapolis,-14400,,,,0,4,0,6,0,"{'id': 'a13982477874', 'summary_polyline': 'cmazFndmfO^]EYBWGSWCSG_@YGCG?]Uc@UMEKMGAWQMC{@o@OGi@]KC_@W[KSMMOQGq@c@c@QOOMGICCE]OGKc@MCESKHSAKI?GBICKOEQKIAMGGIAKFYSQAKCKMGCI@OKa@MMIKCGIM?IEAHFTEHKFGEQC_@KIIKEWCIEUECCYESIG@yA_@WCQIi@GSKc@EUGi@EICS?[IE@ICO@IEg@@ECU@IAU?CCUBi@AMCeCEa@@QCEBUCS?EBy@Ei@GO?[GW?e@Ga@KUMDHf@HBBV@d@Hd@@DBhAF`@BTEDBJ?zACDBVAd@DLAlAFFCb@BBBXCTB^ANBV?\\Bb@HT@rAZBBV@XFHHXBFD^DHDFAb@P\\DHDl@NP@RFJJl@dAXT`A^d@Lv@\\vC~AXR|BjAd@d@Tn@', 'resource_state': 2}",FALSE,FALSE,FALSE,FALSE,everyone,FALSE,"[41.137249, -85.106403]","[41.137451, -85.106061]",,3.115,4.2,FALSE,FALSE,FALSE,234,230.8,14925415539,14925415539,9E529CB8-E17B-47D2-BD54-CFA8011CC80C-activity.fit,FALSE,0,0,FALSE,,,
2,"{'id': 60229721, 'resource_state': 1}",WU,3239.8,984,1434,17.7,Run,Run,0,Strava App,13981903425,2025-03-25T12:12:54Z,2025-03-25T08:12:54Z,(GMT-05:00) America/Indiana/Indianapolis,-14400,,,,0,2,0,9,0,"{'id': 'a13981903425', 'summary_polyline': 'e`bzF~wmfOq@JMHK?UNMNG\\@JIbAK|CD^DJ@\\Xh@PJJFj@NFBFAdATj@XRVDHRNn@`AZx@?PLVZtADj@AVBFA`@@FI`AOn@]bAMLIRU\\[PsApAKXOL[z@Mv@An@BDDr@XpABf@Cl@Mp@CTBDPDPRx@`@fAn@f@N\\RjCjAtBjA^NBB\\HSAe@[s@WQQQEe@YSGs@_@oAg@m@YSOE?WOE?OIuA}@YSEG?IJO@YBMR]CICa@Wc@G_@GMGe@?s@NqAHMJc@\\i@DCDK\\c@lAeAj@aAHEXw@N}@Bi@E{AKk@IY?G]mAEECOMSEMCCMYECGOKMEAc@a@SKSOKAKEQSy@Qm@UMKGSGEGWIq@?o@FuABO@o@LeADOXQPEV@PC', 'resource_state': 2}",FALSE,FALSE,FALSE,FALSE,everyone,FALSE,"[41.137502, -85.106402]","[41.137686, -85.106471]",,3.292,4.3,FALSE,FALSE,FALSE,243.9,233.7,14924800383,14924800383,261A2ED0-CE35-4C37-9818-D80C1E999AD7-activity.fit,FALSE,0,0,FALSE,,,
2,"{'id': 60229721, 'resource_state': 1}",Recovery,8046.7,2325,2325,0,Run,Run,,13973146548,2025-03-24T13:42:16Z,2025-03-24T13:42:16Z,(GMT+00:00) GMT,0,,,,0,7,1,1,0,"{'id': 'a13973146548', 'summary_polyline': '', 'resource_state': 2}",FALSE,FALSE,TRUE,FALSE,everyone,FALSE,g22345660,[],3.461,,0,FALSE,FALSE,FALSE,,,FALSE,0,0,FALSE,,,,,,,
2,"{'id': 60229721, 'resource_state': 1}",LR,14484.1,4185,4185,0,Run,Run,2,13967414237,2025-03-23T17:38:50Z,2025-03-23T17:38:50Z,(GMT+00:00) GMT,0,,,,0,5,0,1,0,"{'id': 'a13967414237', 'summary_polyline': '', 'resource_state': 2}",FALSE,FALSE,TRUE,FALSE,everyone,FALSE,g20679662,[],3.461,,0,FALSE,FALSE,FALSE,,,FALSE,0,0,FALSE,,,,,,,
2,"{'id': 60229721, 'resource_state': 1}",4x400m ~IWU Polar Bear Invite,400,53,53,0,Run,Run,1,13958200420,2025-03-22T21:13:11Z,2025-03-22T21:13:11Z,(GMT+00:00) GMT,0,,,,0,3,1,1,0,"{'id': 'a13958200420', 'summary_polyline': '', 'resource_state': 2}",FALSE,FALSE,TRUE,FALSE,everyone,FALSE,g21189657,[],7.547,,0,FALSE,FALSE,FALSE,,,FALSE,0,0,FALSE,,,,,,,
2,"{'id': 60229721, 'resource_state': 1}",1500m ~IWU Polar Bear Invite,1500,248,248,0,Run,Run,1,13958167973,2025-03-22T21:07:50Z,2025-03-22T21:07:50Z,(GMT+00:00) GMT,0,,,,0,6,2,1,0,"{'id': 'a13958167973', 'summary_polyline': '', 'resource_state': 2}",FALSE,FALSE,TRUE,FALSE,everyone,FALSE,g21189657,[],6.048,,0,FALSE,FALSE,FALSE,,,FALSE,0,1,FALSE,,,,,,,
2,"{'id': 60229721, 'resource_state': 1}",CD,2119.4,689,897,0,Run,Run,0,Strava App,13958149049,2025-03-22T20:52:24Z,2025-03-22T16:52:24Z,(GMT-05:00) America/Indiana/Indianapolis,-14400,,,,0,5,1,5,0,"{'id': 'a13958149049', 'summary_polyline': '{wgvFlwyiODCNA^?b@LAT?FFHDfBAJ@DAdAG\\k@HQ?QFAJFB`@DFFl@h@\\PF@^Gh@ADAD@R?HE^FVED@TATB\\ETHHNHRA`@Bt@DL?\\Xd@DRZJ@Df@VLNPp@Bp@HPD@T^BJ?ZOf@Gh@Fn@@ZF\\@XDN@\\DNJbADJT@Re@?a@B[AOBY?a@@m@AIBc@AYBkAAMBYA]Bc@AG@[Ay@Ba@?aDCo@Qw@ECOUOESDY@ICo@AICGDGEs@F[?E@c@CMDm@CW@i@AIBcAAMBMEIBS?EBOEKECEAGBo@CgA@{@CmABKDGEMUKM?e@BWAC@[AO@SFWE_@@EAEB', 'resource_state': 2}",FALSE,FALSE,FALSE,FALSE,everyone,FALSE,"[40.514916, -85.661476]","[40.515548, -85.661375]",,3.076,4.14,FALSE,FALSE,FALSE,260.6,259.8,14899276473,14899276473,8F9CC796-0521-40D6-A6F5-9BC98021E92E-activity.fit,FALSE,0,1,FALSE,,,
2,"{'id': 60229721, 'resource_state': 1}",WU,1613.2,541,558,0,Run,Run,0,Strava App,13957722657,2025-03-22T19:41:45Z,2025-03-22T15:41:45Z,(GMT-05:00) America/Indiana/Indianapolis,-14400,,,,0,4,0,6,0,"{'id': 'a13957722657', 'summary_polyline': 'auhvFr_ziOAH]d@?LGTCd@KVCb@SR?\\EHIJKZAb@BFWhAIHQBSLM?QZWJS@a@KKBEAY\\KfACHE?@k@J_@V]HGLCL@JHDABD^EZa@LGPAZODEFSASFo@?a@P_@JYBUHORq@Dg@RaAPYPKXJJ?XFJ?DBDAXNl@Jv@Fv@Gp@@n@GPGVENOXg@f@kB', 'resource_state': 2}",FALSE,FALSE,FALSE,FALSE,everyone,FALSE,"[40.516624, -85.663063]","[40.51482, -85.661478]",,2.982,5.48,FALSE,FALSE,FALSE,260.4,259.4,14898811523,14898811523,53855B33-F1CB-4E42-810C-B7F74760D46F-activity.fit,FALSE,0,0,FALSE,,,
2,"{'id': 60229721, 'resource_state': 1}",CD,1498.5,507,792,0,Run,Run,0,Strava App,13956439377,2025-03-22T16:46:30Z,2025-03-22T12:46:30Z,(GMT-05:00) America/Indiana/Indianapolis,-14400,,,,0,3,1,2,0,"{'id': 'a13956439377', 'summary_polyline': 'uugvFdwyiORMHCH@BCPW@MAI@GVWBGNUFQd@q@h@WNEJBDEVAl@u@HMFYJEL_@PgACIB]AYDq@?}@DYJSHEHIh@OtCPCP@d@MVGFK\\?ZCD@JCL?h@GZ@XE^Bl@C`@Bh@C\\?~ACD?n@IdAS^GDIGM?MBo@Ee@@SCGBSCa@BICw@@_@G[BWCQBq@?OAs@YW@GC]@KCIDc@AWDSCQ@KCKDIAI@', 'resource_state': 2}",FALSE,FALSE,FALSE,FALSE,everyone,FALSE,"[40.51457, -85.661462]","[40.515621, -85.661373]",,2.956,4.62,FALSE,FALSE,FALSE,260.6,258.2,14897421091,14897421091,81AB6F39-1500-42FD-B895-575FED086F8E-activity.fit,FALSE,0,0,FALSE,,,
2,"{'id': 60229721, 'resource_state': 1}",WU,3230.9,964,983,2.4,Run,Run,0,Strava App,13956297166,2025-03-22T14:52:33Z,2025-03-22T10:52:33Z,(GMT-05:00) America/Indiana/Indianapolis,-14400,,,,0,3,0,6,0,"{'id': 'a13956297166', 'summary_polyline': 'aehvFxzyiOMPQp@Ib@O^OV]TG@]EE@U@[CM@OAYDMAe@KQ@]Ac@OKAa@[QEKBQLG?e@TOZO@GGUHi@?e@NG?UCOKc@CKEo@CIBSAK?GEICYBs@AIBy@Ei@@YIE@MEQBUCS@_B?WFsACq@BK?KEY?IBKCODe@C]FKCo@BIBEA_@CMFMC]@UAi@FGA[BQA]BMAQD[CUBIASBGAg@BUCu@FQAUDWA[DEAWBi@?KBg@EQQUKEEKCu@g@[Gu@e@GGKCEE@FTDXT`@RD?LDJJb@PtAz@DCN?FHD?VCp@CNEZ@`@AL@XAT?HE\\DFCHBv@CH@NUBAZDDEDBX?r@CDCJ@DAj@?b@C`@@f@ED@PCh@?JCZBVCV@HCN?D@DCXJTE^?J?PHh@CTB^Av@BZCH@v@AN@LALOD?DB^@JAVBFCJBTAD@P?DCP?BBFCH@TADBPBXEZBd@CTBRC|A?DAV?p@OPBBDJDV@Z?HDPAN@`@Fl@Cx@?PAdAHj@AZ[Xe@D]JQHe@DAFO', 'resource_state': 2}",FALSE,FALSE,FALSE,FALSE,everyone,FALSE,"[40.514767, -85.66147]","[40.514715, -85.661531]",,3.352,4.72,FALSE,FALSE,FALSE,260.4,257.9,14897268084,14897268084,7A9EE9AC-46B5-4F68-9050-9B436EDFDBB6-activity.fit,FALSE,0,0,FALSE,,,
2,"{'id': 60229721, 'resource_state': 1}",Pre Meet,6444.3,1738,3237,31.2,Run,Run,0,Strava App,13949069396,2025-03-21T21:44:55Z,2025-03-21T17:44:55Z,(GMT-05:00) America/Indiana/Indianapolis,-14400,,,,1,7,1,1,0,"{'id': 'a13949069396', 'summary_polyline': 'sm}yF|`lfON@p@IdCC`AERCJBJ?TEP@VCR@h@ClAAnAGLBtAGP@f@Cv@?RAJEn@CP@DJ?ZTd@NPJDTDd@CT@HJ@b@BJCVAh@DHC~@EZQ\\Cx@]xAAf@Ef@BTIj@EL]RMPF\\Af@@bBAPK\\WGYDMAGAAKAe@B[EcBDg@DMAg@Bk@AOUU?YBEAOk@AGDKDMCWBMBK?[JEAKFYF[RCDE@GLGBSXQHMG{@@KEYDMCK@ECGBo@GWKUQUAYJ[AM@E?EBO@KLQFUA_@DGAWDEFG@I^?FEDSl@@FI`@?NBFA~@Dn@AHB`@A~@DvAAZIl@M`@?HOJIBGCG@]TAp@S|@Ih@IVKPUv@Ah@RZ?FX\\L\\@rADT\\^PJD?PNJX^t@PNXHRNF@BDNBVNNB^N`@HPLPCNRLHRDb@RHHb@N@RAPBPG`B@LHTNVNBXJPLl@RNLj@VBD@PI\\?NG`@?hA@HFRHAJS@KHKHu@No@Hu@DID]FQf@oCN]fAVPHFFL?JFBDDBrAh@HHBPEPBPCTA|@Q~@CDGVAP_@jAAPI\\o@xBI\\Qd@SjAo@t@Yh@Mf@Gj@KFENCb@I@YUe@IM@EC[F_@Ca@VMAMBEAOFO?OAKFM@Y?WLG?SHO?SW@e@AWGIEW]a@MGa@AEEa@GK?s@C_@MQKCG_@e@SKKOECWHKEe@}@OOWMOKWo@g@]M]GCUWm@Y]WOUa@WSGKSM_@GKI@OPIBWa@UUGOHYNKLQF_@\\s@XWNQHWDOAIP]D]FOLi@JmAAEBUCm@@e@GMo@_@MCWSMAa@OQMOCKKGOEEEc@KSeDaB`Aj@SOG?e@Fi@?[Em@Se@W[SIMWOO[EEM@MHGAE@MGK?_@Y]MEG_@KEEKACEYGGGYMGKSIYWQIKAAG?KBSEQ@UCc@Bk@Aa@BM@a@?q@EeA@KGYCo@@GAYCaAAE?oACOBOA[Hk@J]@QGeAE_@B]BGVKH]BYVu@p@w@Hk@AIHe@LU\\ULAHBf@IJBREl@?x@Ez@?RCf@?HAd@A', 'resource_state': 2}",FALSE,FALSE,FALSE,FALSE,everyone,FALSE,"[41.116841, -85.100153]","[41.117181, -85.100816]",,3.708,5.98,FALSE,FALSE,FALSE,243.5,230.5,14889493888,14889493888,03839CDC-49F3-4FBB-95B7-E3CF19466CC1-activity.fit,FALSE,0,0,FALSE,,,
2,"{'id': 60229721, 'resource_state': 1}",Base,8047.2,2254,2610,33.9,Run,Run,0,Strava App,13926075841,2025-03-19T12:21:23Z,2025-03-19T08:21:23Z,(GMT-05:00) America/Indiana/Indianapolis,-14400,,,,4,5,0,2,0,"{'id': 'a13926075841', 'summary_polyline': '{~}yF`xmfOVJLHPHRDl@XPBFHVLrAh@JNHAVJHHF?FFF@FHNfACZ@PLh@NrAAPO|@Ev@@p@BPC~A@n@FVFJRNNXJDJNJl@HTJNJf@n@fA?NKJ?NVTLVZVRFDAJDDALBb@AJDp@HJDXDTb@?VNx@JH`@BHFDCZDHIZIzAQHE@GJEFALFn@ENBLALHLB\\ZXFPHPNJBNJRDnAf@b@JTPp@J^Md@JdDVVI|@Bl@PNEZUH?LEh@CFBR@f@Gr@Bh@ELC^DZEVBVEVDhAKV@BCZB\\?DCVBJEf@?BCTAJDL@FEJ?LCNDP@^CXEX@JBRCf@DLAJGDDDCBDTBf@If@@f@?`@EHB^CJ@^Ab@?VEXBJCx@@p@GL@hA?`@Ef@@?[L@HFPHVDLAPFMUn@JzAE~@@b@Ed@CJBNCN@XEj@@d@EPAJBRCh@@^CDBz@G`@B\\Eh@Bb@IJBf@?JE`@@|@A`AGVBXEJ@PEL@VAD@FAR@^E^@LEpA@t@EDCdB?n@IdABDCf@?TCbAAXBNCfAEf@@l@En@Ax@AJ@f@ETBNEz@?HCXBFHt@OtAAJBPGDBRADAj@?jAIv@Bt@EHJE?EIEAKFQIUHQCg@?EBEAyABEBq@B]AE@MAa@Dq@@q@CYDYCMDQ?EAMDQAYBOCCBg@@QAk@BUCmAHQA}@DaBBUAUBKAMBo@?aAFWCw@Fg@AEBoCBKBGCe@DaC@e@D_A@YDSAECe@D_@CiAFWAGBCAYB_@CMBsA@u@BSASBY@y@CYD_B?o@DEB_ACk@DMBq@AeABEAg@?u@BEB[A_@D]CCBEAMBk@E[DkB?k@DOAY@GESFYAaABg@Cg@Bo@?MCw@Fw@CEBUBw@Co@Fs@?QCe@DkADg@E}@Fy@CYFu@?MCg@FkADMB_@TGBMIw@OKBSCKBQ?[Do@Kw@AoASI?QJ[AaAa@g@K{@a@c@Ki@]c@M[[c@KQ@KCSDm@BG@MN[?k@HS?s@N_@?GIO?IGIOA]Ig@CI_@_@SAOGYCECw@C[?i@Sc@o@YQGKKAKBSCGGEO?UG]?e@@YJS@GCOEEHGBSUaADYGO_@Y_@a@CQCuBBg@A]NgA?Y?SK]A]GUCeAMq@?IJ[EIGCYDKGWE[]KUKMGCI@I\\EBc@QQCOFGXMO', 'resource_state': 2}",FALSE,FALSE,FALSE,FALSE,everyone,FALSE,"[41.119434, -85.108263]","[41.118896, -85.108225]",,3.57,9.64,FALSE,FALSE,FALSE,241.1,227.4,14864664070,14864664070,0A01053C-B456-4CBE-A9C6-64B045B8B97F-activity.fit,FALSE,3,0,FALSE,,,
2,"{'id': 60229721, 'resource_state': 1}",Workout- Death,3218.7,480,480,0,Run,Run,3,13916866655,2025-03-18T13:08:10Z,2025-03-18T13:08:10Z,(GMT+00:00) GMT,0,,,,0,4,0,1,0,"{'id': 'a13916866655', 'summary_polyline': '', 'resource_state': 2}",FALSE,FALSE,TRUE,FALSE,everyone,FALSE,g21189657,[],6.706,,0,FALSE,FALSE,FALSE,,,FALSE,0,0,FALSE,,,,,,,
2,"{'id': 60229721, 'resource_state': 1}",CD,3485,1161,1559,0,Run,Run,0,Strava App,13916573198,2025-03-18T13:38:34Z,2025-03-18T09:38:34Z,(GMT-05:00) America/Indiana/Indianapolis,-14400,,,,0,4,0,4,0,"{'id': 'a13916573198', 'summary_polyline': '}mazF~dmfOHONMBKLKHCBB@CBMEW?KgA]MMKCu@i@KCYSICIKUESOe@U[WMEgAo@OGk@a@OGSSWISQUGKKMCYOE?WWUIEECAUOK?MKI?GKKEG?WQI?SOUGKKE?KIc@MUKm@KKEe@IUOE?KGQ?KIC@gBe@SAIIWCCEOEK?q@QW?IGw@OKEwBU_@?EC[@SE_@BIEKB]EQ?CBWEK@UASBc@CK@SAW@ICIBQCkA?_AGUGm@GQ@a@Ei@OQECEKCIGc@MGEc@OKAOIM?QIKAA@f@H\\LT@HDPBFFTDLJv@XxAP`BHTFDCN?J@DABBVETBVADBJAN@d@EVDX?TBLCVDTAVDTAVBDCTBFAZBJDDCP?RFb@BTFVAHFV@LH`@JVBPFJ?x@XJ?VHRBf@PRBDB`@D`@PBFr@hAf@^DA`@Lb@PJFF?HHDA`@TD?JDFFj@ZD?PNVLDD`ClAJHTJD?DDb@T@DFBDZDBRb@DZHH@FBD', 'resource_state': 2}",FALSE,FALSE,FALSE,FALSE,everyone,FALSE,"[41.137477, -85.106296]","[41.137115, -85.106326]",,3.002,4.72,FALSE,FALSE,FALSE,233.5,231.2,14854403053,14854403053,CE4ED4C3-9F08-46FA-9966-E5FF4DF9DC1C-activity.fit,FALSE,0,0,FALSE,,,
2,"{'id': 60229721, 'resource_state': 1}",WU,3224.4,928,1697,17.4,Run,Run,0,Strava App,13916228966,2025-03-18T12:10:26Z,2025-03-18T08:10:26Z,(GMT-05:00) America/Indiana/Indianapolis,-14400,,,,0,3,0,7,0,"{'id': 'a13916228966', 'summary_polyline': 'o_bzFhxmfOWNk@@E@SBECCDKBQb@A^GZB^CDEz@FVCx@?XDF@PNj@PXJDF?NEJFPBNHL\\RAPBBDNFPBXXFLNHDLFBJLR`@JXDBJXDDBNDB?HFTDJJj@FL@TBFD|@CN@PCr@SdAIP?XEHIFa@p@IFGLs@j@KDILAF]\\Q\\YZCTUp@?VELBP@p@Hn@Rz@Df@Ep@Mh@CXFFF@FDFHh@Vz@h@RBC@[QGQ@KFb@FFXHFFVDBFL@VNNFZRXFNLLBDF^PNDDFL@VRb@PF?TRC?QQOAi@[YKUOUIUME?w@_@E?g@]QCIKMAWOE?UQE?SUG?UKYUOGIKOIEMHODs@BOAi@CWQu@I}@Ai@@G@c@BEFe@Ne@R]DCFORW@GFAr@u@`@[HKBMBEPKTa@Pc@VmA?c@BOI}AE_@Ma@AMM[CQMSCOi@kA_@]QWm@a@E?UKK?EEm@GEEWEk@YOOY_AE}@@[PiDFk@DO\\[PGVABE', 'resource_state': 2}",FALSE,FALSE,FALSE,FALSE,everyone,FALSE,"[41.137529, -85.106366]","[41.137679, -85.106538]",,3.475,4.82,FALSE,FALSE,FALSE,243.9,233.7,14854025894,14854025894,13954BEF-5272-4FEB-A131-DF5F1CDBD8AC-activity.fit,FALSE,0,0,FALSE,,,
2,"{'id': 60229721, 'resource_state': 1}",Recovery,9656.1,2880,2880,0,Run,Run,,13916582886,2025-03-17T12:07:00Z,2025-03-17T12:07:00Z,(GMT+00:00) GMT,0,,,,0,5,0,1,0,"{'id': 'a13916582886', 'summary_polyline': '', 'resource_state': 2}",FALSE,FALSE,TRUE,FALSE,everyone,FALSE,g22345660,[],3.353,,0,FALSE,FALSE,FALSE,,,FALSE,0,0,FALSE,,,,,,,
2,"{'id': 60229721, 'resource_state': 1}",Roomie Run 🏃‍♂️,14494.6,3891,4169,59.7,Run,Run,2,Strava App,13899285707,2025-03-16T13:17:19Z,2025-03-16T09:17:19Z,(GMT-05:00) America/Indiana/Indianapolis,-14400,,,,6,6,0,2,0,"{'id': 'a13899285707', 'summary_polyline': 'op}yFfllfO@~@Jj@Pf@r@v@V~AL|JInA[~@g@HMNCt@Yt@Gp@Y`@UdAKrAg@xAe@z@QFg@KILGr@Qn@QTS`AIpBI`Ae@xBIVs@Zg@dBOR?ICBQ^z@`AVQN@Pp@x@f@n@n@r@Zj@t@n@l@Tj@j@Vj@dAj@@HPgDfIQHYg@s@YS@MJsA|CIXW\\wAxCiAm@}CoByEmB_Cq@{DgBwBk@oEkBqC}@wAq@mK{DaCu@wBy@yCwA{CeAk@IgDkAi@IaB}@{@w@_@s@_CaIkAoBKq@CsCDkEMWc@GKMKFCJEhC@FZFAp@Fz@QPUG\\AHQEeBMg@Fg@?}BC}CGc@Bq@KqAwBRm@b@[EiC{@_FgCkEgBgA}@sAi@{AyAe@}@k@m@g@sA}@q@EWm@SJIAy@UcA@[IwAWAOSM?KTOrAXxA^^@PMPD^JNDAJe@TLFQ?cA]_CBy@HMHFBKa@oAMu@_@i@SEKP@Te@dC@`ARtAGdAg@z@i@JcC_AYA{DoC}@w@aAwAqAg@_@q@[iA]_@KBE^kAzC}A|BsA`AuAVkEm@y@YeAq@q@{@Ys@QoAAkAh@aF\\yAl@wAfBqB^}@Ls@@o@a@aDLiA^iAR[j@a@T?nAb@hAp@r@Ht@GZ]Nc@jAcGZ_@b@IxAR|Ab@tBRhA^fBtArAxAtApC~C`Dd@dAL`CEzA]dCa@fBSzC_@nBp@p@p@jABvAIz@J`@?X`@pD~@r@`@fAl@h@h@fAhAlA|@f@r@PV`@`FxBbBdAtD`BhBh@PA`@[`@MbBAP~KO|AODDk@Ay@Hy@JCHP^ARPEbG@xANbAj@v@\\x@lAhEVd@\\fAx@pA|BpA|GlBlBr@fB~@nJtD|I|CrAn@xDnAfBv@hBp@p@NpEnBhBd@VRnCfAvAf@bFrCJCDc@|BuEf@sA^g@`@Fn@`@PVNCLe@rCgHCQKGSHSEc@aAo@a@a@{@g@]i@w@s@Ww@s@YIa@o@EYKAOTKAs@_AF[^e@VgA`Ay@Bc@Vu@^gCEi@B_Av@gBLy@LMLAj@JFa@PUp@kBFuAx@}BZyBJSt@STwAAwEGaA@_BMgBQw@OBc@}@_@cB?m@]g@', 'resource_state': 2}",FALSE,FALSE,FALSE,FALSE,everyone,FALSE,"[41.117055, -85.100825]","[41.117358, -85.100926]",,3.725,7.7,FALSE,FALSE,FALSE,243.6,230.8,14835591301,14835591301,5F8DF41C-21E2-40F9-B01F-04CF17A3BDAA-activity.fit,FALSE,1,0,FALSE,,,
2,"{'id': 60229721, 'resource_state': 1}",Workout (4xMile) ~90 sec. rest + (4x300m),7563.9,1410,1410,0,Run,Run,3,13885007720,2025-03-14T12:00:32Z,2025-03-14T12:00:32Z,(GMT+00:00) GMT,0,,,,0,4,0,1,0,"{'id': 'a13885007720', 'summary_polyline': '', 'resource_state': 2}",FALSE,FALSE,TRUE,FALSE,everyone,FALSE,g19351325,[],5.364,,0,FALSE,FALSE,FALSE,,,FALSE,0,0,FALSE,,,,,,,
2,"{'id': 60229721, 'resource_state': 1}",CD,2384.5,797,1189,15.9,Run,Run,0,Strava App,13880224110,2025-03-14T13:22:06Z,2025-03-14T09:22:06Z,(GMT-05:00) America/Indiana/Indianapolis,-14400,,,,0,5,0,6,0,"{'id': 'a13880224110', 'summary_polyline': '_bbzFjpmfOGTEFGFG?YX}A`@K?_@RM@CFE@UREJKFGLQNYj@MNGPCP@n@CTBn@CHDJCHBNAD@PC`@DNG`ABZBz@C`@@t@C`@BP?\\HND?JIVETDDB?HKl@KBUACDAXHPJ@DGHADBBJAZEJE@KEQ?GTLRBTTTFD?FEHM@CFC`@STGRT^CTVHJNDBZEBHCXMHMBMNCFFj@FPHNLFHNPFFFJDHTPHPRRJNMXHTVJABBNh@FHHDVDPFN@TcAHIJUb@i@d@c@@GHCBGj@g@r@eAZ_ALu@Bq@A}@OkAYw@G]EEM_@KSM[S[q@u@EMCW?c@Gk@Ai@CSDGAGBm@Ec@DS@kARMDKHEL?TIL?B@NC', 'resource_state': 2}",FALSE,FALSE,FALSE,FALSE,everyone,FALSE,"[41.137363, -85.106373]","[41.137451, -85.106402]",,2.992,4.76,FALSE,FALSE,FALSE,244,233.6,14814868974,14814868974,5576BEE9-80F8-4BA8-B132-3F6C64CCBC20-activity.fit,FALSE,0,0,FALSE,,,
2,"{'id': 60229721, 'resource_state': 1}",WU,3221.9,960,1716,17.7,Run,Run,0,Strava App,13879530256,2025-03-14T11:42:02Z,2025-03-14T07:42:02Z,(GMT-05:00) America/Indiana/Indianapolis,-14400,,,,0,4,0,6,0,"{'id': 'a13879530256', 'summary_polyline': 'sabzFfxmfOCFI@G?CB[JMd@QjA@`@AD?`@E|@@NCNDTANJb@L^VXRHDABDJ@THVBXJR@NFDDJBj@d@b@d@DLFFXp@DFZx@Pz@HZDZBFA^D^GnBWh@?FOVGZQTITKFKN_@TMRE?a@b@k@t@AFKJ[bAEp@@x@H\\D^DF?HFZFj@MhAK\\?NTNF?NT`@NHHNFVPNDZNLDFAJLPF@DTJRJD@HFVFRLVFHHRFJHb@PFHPDJHHBJ@LNZJBDJ@BFPB?DEA_@Uw@]IAQIQQGAe@[SEUOc@QMKUE_@SKCOOiA_@IIQGYWs@_@IIOIGK?CLYD_@DeAYoAIu@?_AH}@FUPW?GFKLIRa@j@m@PMDITMh@o@R]N[@]TcADq@As@Eo@YyAi@_Bk@gAe@e@i@a@QGG?WKg@EQECEOKWIGKKGYi@Ik@Ac@EIAQLg@JwBBOLu@NSZI^WHAFE', 'resource_state': 2}",FALSE,FALSE,FALSE,FALSE,everyone,FALSE,"[41.137674, -85.106615]","[41.137592, -85.1064]",,3.356,4.46,FALSE,FALSE,FALSE,243.9,233.7,14814107437,14814107437,660900C9-442F-43B4-B5D9-CCC22D3BB319-activity.fit,FALSE,0,0,FALSE,,,
2,"{'id': 60229721, 'resource_state': 1}",MLR,8333.7,2035,2195,30.4,Run,Run,0,Strava App,13865360597,2025-03-12T19:55:42Z,2025-03-12T15:55:42Z,(GMT-05:00) America/Indiana/Indianapolis,-14400,,,,1,3,2,1,0,"{'id': 'a13865360597', 'summary_polyline': 'yp}yFx`lfOV@TE`@B~@A|AK~@?f@EJ@fBERCZDnAGVBLEj@?p@GR@VC~ACLCb@@pAGLBFCL@VG~@@fBCREx@@FER@ZNvAW^?NEv@C`AA\\G`@BpDGJCnA?LElAAVCL@XCh@@TClAGRBp@Gz@?PE|@@TCh@@l@EJBb@Eb@AFCZB^E|@@`AG|ACR@LCN@d@C\\BNEt@CDBr@GL@p@EPB^EL@lAGn@@l@Eh@Bj@En@Ax@ERDDBHNLF\\G`@FHNDNEb@DvB?z@B\\AlCDtAAPD~@Ah@@hAF^A`@Dr@CnABLAh@@J?h@@LAPBz@?nBDf@Ap@FfACLDpBAtADbBAFBP?pAAHDrAAl@Bv@AR?VBHA~@Df@A|@@F@n@AxAD|@A\\BfA?rBBh@@r@C|@Bn@Af@D`@Cb@Bd@?v@BRAx@BRA|@Bf@Cj@GBSIg@?aABi@G_@Ha@CGDKAe@DWEa@?eAH]CSF{BBi@DYESBg@Ca@DMAeADkB@EBw@ASDa@Ak@B]Ak@D]C]Bk@AMDGCW?m@DwAE]Bw@S_@UCIYQUWEAEIo@q@KMUQ]g@w@u@IMYSGKGC[[c@i@k@c@MQKGU_@OKIMQMSYi@c@SYi@c@y@aAMIk@q@]YU[GA]c@E?UFMEG@MEU]i@c@IO_AcASKEMkA}@M@MLWh@Qf@WXGRAREFE\\@x@CJC~@CZ]xACPEFENOz@GFCN]jA?FINM`@MB]IM@GEE@i@Yc@Me@[UGy@c@EOJ]@c@BO@[^yCAQGGc@K[UeBs@O?UNGAOHy@AcA_@KIc@MUQUCMIk@WEGo@Sc@WG?ECAG?KDKGWSMOCSO[G{@e@OAWUa@OOAe@YGAoAm@G?YQ_@Ik@_@G?WOm@SSIEG]EQMMEKIa@OUCWS]KEEGAm@_@SGKKSCIISGGM[WEQ_@a@EAa@Fu@SSKUSUGEEO?e@WCCME_Au@[MEGCIHa@GaA?q@BKCIBa@BIGy@B{@I_@Ck@CIBGG}@Be@C_@@k@AS?[CM@QPu@F[?m@Mi@CUBSJMNKHY?IX_AHORMDQLIDID]AKLs@JO^W`@FDEPEdA?n@ENBTEj@@FE\\BTCN@NAFG^D', 'resource_state': 2}",FALSE,FALSE,FALSE,FALSE,everyone,FALSE,"[41.117182, -85.100894]","[41.117041, -85.100711]",,4.095,6.52,FALSE,FALSE,FALSE,245.9,234.4,14799528999,14799528999,4105931E-3EE8-4901-9D8E-37FAAB5D10DF-activity.fit,FALSE,0,0,FALSE,,,
2,"{'id': 60229721, 'resource_state': 1}",Workout 2 (4x400m) ~400m in between reps,6437.4,1245,1245,0,Run,Run,3,13851827214,2025-03-11T13:06:10Z,2025-03-11T13:06:10Z,(GMT+00:00) GMT,0,,,,0,7,0,1,0,"{'id': 'a13851827214', 'summary_polyline': '', 'resource_state': 2}",FALSE,FALSE,TRUE,FALSE,everyone,FALSE,g19351325,[],5.171,,0,FALSE,FALSE,FALSE,,,FALSE,0,0,FALSE,,,,,,,
2,"{'id': 60229721, 'resource_state': 1}",CD,2525.7,901,1455,4.7,Run,Run,0,Strava App,13852056201,2025-03-11T13:19:09Z,2025-03-11T09:19:09Z,(GMT-05:00) America/Indiana/Indianapolis,-14400,,,,0,4,0,6,0,"{'id': 'a13852056201', 'summary_polyline': 'mmazFjdmfOX]DEHA@G@GIQ@KCGc@KYQc@OY[_@MSQOGk@a@o@_@MCSOGC}@k@OEk@]m@[k@_@SGMOKAm@a@QE[SOECG?KB?@GDYEEO?GOEAGLCBG[MS_@?IKYIOCEGGCIBSKMCIISEQOUCMEO@Ma@OIQ?KEIIOAE@OPIO_@?GDKIMFE?GF]F{@W_@GG@QI[E?e@CIFk@CSEGO@EAYKQ@OIy@AGCM?e@E_@FM?OHCPG?ECE?CBGBOEi@TOEI@AHB\\CDE@o@GQGYHa@CSBEF[EDA`@?HAh@ATDHCFB\\?@DD?JCXBHBDAV?hADPAPBDCP?TDN?LDdAJHDVBd@PF?FDNBDAH@JFD?d@FDAn@TDAF@JHDAr@PFDr@JPJFPB@Vh@D@X^D?NHLJTZHVHD@DDF@DJB?DFDBFPNh@x@`@\\LR`@`@t@`ABDbAfA@Dt@r@', 'resource_state': 2}",FALSE,FALSE,FALSE,FALSE,everyone,FALSE,"[41.137288, -85.106387]","[41.137408, -85.106383]",,2.803,4.02,FALSE,FALSE,FALSE,233.8,230.3,14785180608,14785180608,B3EB32A8-65F1-4C69-96F6-C88DA91579BD-activity.fit,FALSE,0,0,FALSE,,,
2,"{'id': 60229721, 'resource_state': 1}",WU,3223.8,959,1417,17.3,Run,Run,0,Strava App,13851761050,2025-03-11T11:42:04Z,2025-03-11T07:42:04Z,(GMT-05:00) America/Indiana/Indianapolis,-14400,,,,0,4,0,6,0,"{'id': 'a13851761050', 'summary_polyline': '__bzFlwmfO?Bm@d@mAHMNILIz@E\\CdAEX@NCb@Dv@Px@VZLFb@JRHN?^LD?NDDDND`@Rh@j@D@BFDBv@~A^rAJb@?FBDFd@Bl@APBRSlBCDAFIJGZEB?FEBMZa@f@_@ZSNADu@r@ADY\\[n@Qr@?^C\\B\\?\\DFF`@HJ@b@ABCASGKKLJFNRR@HCN@\\GXKn@DDH@PN~@f@^Xd@PHHv@Zf@TJ@PLPBh@ZL@FHVLFHNBZRVDBHw@e@YKCEi@UGGSEIISESQWEa@WKCKISCMKE?UOWIMO[MWQE?_@a@G?EGJW@YDW?c@AUS}@?QK_@AU@kAHa@?GVy@DCXg@DCL]XWDAPW^WTYJQHGJUHId@cBFi@@k@Ga@?Y@Ii@_Ci@sA_@s@Y]w@k@YEUIE?QGCCO?UGm@YECKYOSEWGo@B{@CGDc@@{@Fg@F]?QHYFKD?h@Qd@KJIDKFGP@FI', 'resource_state': 2}",FALSE,FALSE,FALSE,FALSE,everyone,FALSE,"[41.137356, -85.106342]","[41.137333, -85.106298]",,3.362,4.78,FALSE,FALSE,FALSE,243.9,233.7,14784858947,14784858947,9C3E2FDA-D434-416E-9A10-770B4BD11CD5-activity.fit,FALSE,0,0,FALSE,,,
2,"{'id': 60229721, 'resource_state': 1}",Back Into It,9044.6,2571,4820,39.1,Run,Run,0,Strava App,13844910388,2025-03-10T17:07:50Z,2025-03-10T13:07:50Z,(GMT-05:00) America/Indiana/Indianapolis,-14400,,,,0,4,0,2,0,"{'id': 'a13844910388', 'summary_polyline': '}p}yF|jlfOFJFV?~@R`A`AvAJd@Jn@@hBDPAhCDxBGbAEXWt@[?UPOlAOh@[TAz@[fA@VKv@[p@Sp@i@t@I@OK_@PSjASXCVHT?Z_@x@EP@XIb@C`@YzAKXCVMTUDYRMr@]v@WX?J?FRPFL^ZXSHAFRANNZr@ZZTTZVDd@\\^n@f@XHLFZNRb@Nd@fALFf@CFHATMPK`@QVy@zB_AzBW?Qg@WC_@QS@Y\\Ut@_@l@I^oB`ECPIFWUi@U}AeA}Ay@yAi@G?UO_Be@gBq@[S[y@e@y@Uu@Ic@AwAGO]Mw@?u@a@q@m@Um@?KFQfAy@v@UlACNY?iBWG{@BqAE[DQZSHGLe@\\KZ_@f@?h@VzBLv@AJMPMZAVOf@}@QKfA`An@l@EXN]Ka@HSv@S~AIJAP[fA@LSNSn@CT?vACRMjHFlACFOFkAMQHMRAVJ\\@n@K\\CVP`@VJVCt@YPWr@AVILBRUT?RONAHH@ZHJj@BRFVh@Jf@CPMJKV?RDPTAHIn@GtAAdA@H_@D{@_@_@g@SQUKw@Aw@DIJGLB`A^jAM\\D^P|@a@\\sDHeBLk@Ra@LUx@y@AQBqANGRJFWLBJh@v@`@h@`@N@lAn@LCFM@UVq@BS`BwDJK\\w@Z}@N_@`@GRJFJb@PFTHHFCNg@`@y@l@cBfAqCEQi@BQI[w@s@_@Uu@i@[IKCQ]a@y@]e@i@w@]KQOq@G?]Xs@y@ASFQHAJMRm@Fc@NUf@WPY^mBBERwAB{@Cq@D]GOUEm@a@yB_Ak@OUSg@IqAi@eAs@gA]_@_@Wa@m@a@e@@uAc@[Sg@Ma@Uw@o@s@_@AGHk@E_@?i@FmCGw@@c@Kw@Bc@Gy@@KE]BwAEMCe@Vw@Fk@?UHEHBJIF@n@x@LXLLn@NRPR\\v@J`@b@PHT@LZVD`CdANLFNANR`@~@^j@\\Oh@@Fg@~BDj@LZE|@IT?RHJt@\\X?VWHUb@[Z?^IXUTGdAm@b@r@TFLPPn@LHFPFv@G^?dALL~@D?BTLJIHQ?OFg@JKFc@HKFm@\\cAB]Et@@ER{Ar@WHOTqAGeDAsCCO@qAMcAI]o@{@Si@', 'resource_state': 2}",FALSE,FALSE,FALSE,FALSE,everyone,FALSE,"[41.117234, -85.10089]","[41.116767, -85.100956]",,3.518,5.08,FALSE,FALSE,FALSE,242.7,230.8,14777475945,14777475945,A805B2B1-8810-4B65-B33D-82ADE3472EC4-activity.fit,FALSE,0,0,FALSE,,,
2,"{'id': 60229721, 'resource_state': 1}",Workout (8x200m) No Rest,1609.4,240,240,0,Run,Run,3,13814391694,2025-03-07T14:12:14Z,2025-03-07T14:12:14Z,(GMT+00:00) GMT,0,,,,0,5,1,1,0,"{'id': 'a13814391694', 'summary_polyline': '', 'resource_state': 2}",FALSE,FALSE,TRUE,FALSE,everyone,FALSE,g19351325,[],6.706,,0,FALSE,FALSE,FALSE,,,FALSE,0,0,FALSE,,,,,,,
2,"{'id': 60229721, 'resource_state': 1}",WU,3218.7,960,960,0,Run,Run,,13814336684,2025-03-07T13:56:00Z,2025-03-07T13:56:00Z,(GMT+00:00) GMT,0,,,,0,3,0,1,0,"{'id': 'a13814336684', 'summary_polyline': '', 'resource_state': 2}",FALSE,FALSE,TRUE,FALSE,everyone,FALSE,g20679662,[],3.353,,0,FALSE,FALSE,FALSE,,,FALSE,0,0,FALSE,,,,,,,
2,"{'id': 60229721, 'resource_state': 1}",Horizon League Conference Championship 800m Prelims ~PR,804.7,117,117,0,Run,Run,1,13773490354,2025-03-02T23:26:05Z,2025-03-02T23:26:05Z,(GMT+00:00) GMT,0,,,,0,8,0,1,0,"{'id': 'a13773490354', 'summary_polyline': '', 'resource_state': 2}",FALSE,FALSE,TRUE,FALSE,everyone,FALSE,g21189657,[],6.878,,0,FALSE,FALSE,FALSE,,,FALSE,0,1,FALSE,,,,,,,
2,"{'id': 60229721, 'resource_state': 1}",CD,2414,900,900,0,Run,Run,,13773366204,2025-03-02T23:10:33Z,2025-03-02T23:10:33Z,(GMT+00:00) GMT,0,,,,0,4,0,1,0,"{'id': 'a13773366204', 'summary_polyline': '', 'resource_state': 2}",FALSE,FALSE,TRUE,FALSE,everyone,FALSE,g20679662,[],2.682,,0,FALSE,FALSE,FALSE,,,FALSE,0,0,FALSE,,,,,,,
2,"{'id': 60229721, 'resource_state': 1}",WU,3218.7,960,960,0,Run,Run,,13773361839,2025-03-01T23:22:06Z,2025-03-01T23:22:06Z,(GMT+00:00) GMT,0,,,,0,3,0,1,0,"{'id': 'a13773361839', 'summary_polyline': '', 'resource_state': 2}",FALSE,FALSE,TRUE,FALSE,everyone,FALSE,g20679662,[],3.353,,0,FALSE,FALSE,FALSE,,,FALSE,0,0,FALSE,,,,,,,
2,"{'id': 60229721, 'resource_state': 1}",Anthony Out ‘N’ Back Pre Meet,6439.2,1830,2229,27.3,Run,Run,0,Strava App,13750843040,2025-02-28T14:22:34Z,2025-02-28T09:22:34Z,(GMT-05:00) America/Indiana/Indianapolis,-18000,,,,3,6,0,5,0,"{'id': 'a13750843040', 'summary_polyline': 'e_~yF~wmfOTNn@TbAf@TFRLx@\\NLVFVLPHDATLRFp@^D?HDBDd@Tf@NPHPBLLZn@TVbAb@`@TXHHHRDVNVHZTjAb@LBRHBE?UHM@WJEl@\\^LJHPDPLn@VDJCRGN?PG`@@FGf@FVAH?RHXIp@?HETBVBD?^Rt@FHD^FJX@^ZFPNfAFRCb@EDEb@_@l@APBTFFFAP@NLx@^XHLHLBr@T`@Vb@Jf@IFETJnAPd@@\\DJ?JDd@@BAVBbA@FB`AYHGF?TEZDl@GTBrAG\\@DBhAKVFb@Gj@@TEN@LCf@Bz@CXERDZAPEH?LFXGV@PGPBXAp@HVEJ@TEb@BVGDDRAVEDDJEd@@l@Cl@B\\CL@XAP@LEt@Et@B\\CJ@n@EZ?JB^ET@~@Ex@CLBJEf@@|@EjA@FCPA\\@DCLBXCD@FCL@RAV?FCL@DCLDDCD@~@@DADCV@LCNBT?JCZ@XEbABVGJ@DCDBF?|AIH@NER?JCV@DCT@^AD@DAL@VE^Bh@IVBHCLBIBMCi@@KBEA_@?YDKAWBQC_ABAAWDK?EBYCE@kA@_@Di@CEBm@BKAm@BKAEDWCw@DYAE@YCEBMAEBECKBe@CEBy@?KA_@DECODe@Ao@FSCYDOAODe@CEB]AKBm@BeAAE@yADIAWB}@?YBECYFGCo@BEAM@c@Ag@BE@EAO@ECk@BEAMBWAY@EAWBOAEBKAEBKCKFYGMDSCI@_@?KE]D]Ae@DKEWBo@Cc@HS@KGm@HI?MCc@Fe@@UAEBa@?KCWDM@w@EQBMC[Ba@E[DEBECKD[CcAJGBK?UEUFi@?YCGB[Aa@Fa@A_@IS?e@CWIG@QCWKG@WG[@IESAIGE@QE_AWUOe@Mo@_@KCE?IGE?CE[UUEQ@KCQAEBKAS?SFMPUA_@JECUFMAE@o@BODSGQASQI}@Me@OMcAQg@EKEWBKESAUOOOSUEKKO?a@GOC_@CECe@@o@Qa@Ko@GKOk@OOEAQYEAGKECQo@IOBc@GUFm@Ay@Fg@DM@WG{@Ko@EoASw@IMYMGIKCk@]MAEGUEIGG?o@YCEeBq@UO[I', 'resource_state': 2}",FALSE,FALSE,FALSE,FALSE,everyone,FALSE,"[41.119489, -85.108266]","[41.119577, -85.108219]",,3.519,7.22,FALSE,FALSE,FALSE,243.5,230.5,14675269876,14675269876,3494E912-DAD6-4D97-AB2E-F4D1A46A29AF-activity.fit,FALSE,2,0,FALSE,,,
2,"{'id': 60229721, 'resource_state': 1}","Workout (3x1k, 3x400, 3x200)",4800,864,864,0,Run,Run,3,13724080320,2025-02-25T16:11:07Z,2025-02-25T16:11:07Z,(GMT+00:00) GMT,0,,,,0,6,0,1,0,"{'id': 'a13724080320', 'summary_polyline': '', 'resource_state': 2}",FALSE,FALSE,TRUE,FALSE,everyone,FALSE,g19351325,[],5.556,,0,FALSE,FALSE,FALSE,,,FALSE,0,0,FALSE,,,,,,,
2,"{'id': 60229721, 'resource_state': 1}",CD,3084.8,911,953,13.2,Run,Run,0,Strava App,13724056860,2025-02-25T14:34:16Z,2025-02-25T09:34:16Z,(GMT-05:00) America/Indiana/Indianapolis,-18000,,,,0,5,0,8,0,"{'id': 'a13724056860', 'summary_polyline': '{~}yFdxmfOJF\\JHF^LpAl@DD^Np@\\~Al@RNd@LNJh@PNJP@PLN@XTd@fAVHHHzAn@JHHBD?p@VLJfA`@BDRDb@TDK?QHEBG?UBEL?DHL@pBz@\\R@TGVMdBEHAf@EZC^G`@HLNBHJv@^^JVLNCHOBe@FMZeBNi@Js@BER}@NY?SBOL[D_@Ni@AGFUBE@IEGY?_@SCEMCk@[OCM@EFEHIl@K`@?FEFIf@@HE^AXAFEBCXGLOz@?HM\\@HOh@Gn@Qn@?VDJJ^T`@X~@N^FLNJPrAHTCLIT?FEb@OVIr@MACAGOe@KM@SCMBYCWDQPY?GBK@K?i@LY?[JM?KGKDKCSUG[Gs@U_@MIkAQk@?g@GIGIAMGYa@MWIIE?IIEESDCDKA]g@Qc@s@_@Us@SMCEKCKMK[YW[QYIa@c@YQQGSOIIKo@GAMNIDG?IGi@k@CO@Q^e@No@Pc@@GHGLAXSLSD_@BERgABGNiABa@AiADi@CIGGO?]UOC', 'resource_state': 2}",FALSE,FALSE,FALSE,FALSE,everyone,FALSE,"[41.119443, -85.108282]","[41.118867, -85.108238]",,3.386,5.06,FALSE,FALSE,FALSE,243.5,230.5,14646242574,14646242574,D9686C78-AAE7-4BC7-9B2C-487F3A39CA32-activity.fit,FALSE,0,0,FALSE,,,
2,"{'id': 60229721, 'resource_state': 1}",WU,3443.3,957,961,14,Run,Run,0,Strava App,13723244289,2025-02-25T13:19:31Z,2025-02-25T08:19:31Z,(GMT-05:00) America/Indiana/Indianapolis,-18000,,,,0,6,0,9,0,"{'id': 'a13723244289', 'summary_polyline': 'i_~yF~wmfOf@Nl@ZH@PLp@VXND?DDHB\\R~@^v@`@J@TNz@ZJFF@NHJ@b@RPBHHBJPVHXTTH?^Th@PHFBDf@LRNF?`@TD?PHd@TBDF?`@TTFHDIj@@r@A`@BT@~@Gf@I^Qf@_@b@IPE?MOKCk@JYR]|@ANKZI^GN?HYj@Kd@IJc@I]O[SO[a@a@QCQDE?ICQ]GUU[E?EESGE@Sm@OWIEMAKIIYY][SWGMIGMYYKGc@QMUIKEWEKEAQRIDOMGMKGKQGAAOF[XWHe@Zw@JINEJKJEHMDg@HOPy@Dc@Lm@@YAI@_@AI?_ARe@DORSNw@KY?YGISuAQo@W]GAMMKC[]@MCYCES}@?ICE_@sA?WCWMS_@[Ic@Ug@Aa@IUMOEQKS[MOYe@Mi@YE?IGYcAKIYEQMk@UMCw@_@O[KCM?KKGKYUa@CE@[UESEAEGOIg@KKG[o@ECCGKEUSK?SVB\\GTILGf@Bt@?XAHB^AXDh@A`@BXCPH`@?FD`@At@D`@Cb@@FElA?XDb@AhAHNN?HDHJDBHHD?TRF@BF', 'resource_state': 2}",FALSE,FALSE,FALSE,FALSE,everyone,FALSE,"[41.119507, -85.108078]","[41.119627, -85.1081]",,3.598,4.46,FALSE,FALSE,FALSE,240.8,230.9,14645360625,14645360625,B9B6CDFE-0373-4A62-8C7A-51FFFB8B2F73-activity.fit,FALSE,0,0,FALSE,,,
2,"{'id': 60229721, 'resource_state': 1}",Recovery,10028,2975,3403,40,Run,Run,0,Strava App,13713872495,2025-02-24T13:22:17Z,2025-02-24T08:22:17Z,(GMT-05:00) America/Indiana/Indianapolis,-18000,,,,1,4,0,5,0,"{'id': 'a13713872495', 'summary_polyline': '{~}yF`xmfOhAd@RNp@VRNf@Nx@^TNDAp@^RdAEf@BNDD@XRtAQ|@KpAF|BBNCF?RDPATDX`A|@HN\\rAb@pALP?ROT?JAFNQHBHVPVx@^|@DFCRFd@B\\LNLHTB^Lj@FJVFDHLFL?ROb@KbBQRSj@Aj@@b@JZXj@Pb@Zh@NJ?VFl@`@\\HLL^LP?^KL?TJ^FlAFRFtAEj@@v@P^[b@INBLGf@FPGv@Bz@Gt@DbAI`@?BBd@EXBXKb@FnACd@Gh@BXGPFt@CNEnADf@Gb@@NDJGv@Bj@Ed@DPE@SPTf@AFBfAGPEfB@v@Gj@DXGHBdBAxBMdADTCHGfBDNEnBGhADh@Ed@S|CCLJZ@b@EfA@LErBGPBl@GrCCLELQj@e@NEt@?XKn@DfAEZDPNVAx@Bn@AXGz@?TEb@SV?VGp@DVGV@RGPBPGXFz@Gl@BZKlABdCMRF`DIXBd@IXAx@H`@K`ADzBIVBh@Gh@@JGxB@XC`@@n@G^BnEI|@JJCb@BXCd@DtAAtBOp@?VGfB?]EUDyAFo@A}@LcFBYl@SJ]Cs@Hc@?SG}@@UDgACWDYA_FJGPJtECRGJG@YCw@FWEwAFYCoBH_@AGGgBRg@Ig@@kADg@FYEk@BQBMLELGn@EDQEaADIC_@DIPE?[EUDqAAc@BWDSCWDcC?QFICe@DSF_A?QEq@@m@BODMEq@HSE[DeACGF}ABg@?u@OoADKCWHi@Cm@DWJUR]AODK?QUm@Gs@D_@A}CDUMUa@IEMMs@Go@Ak@FcB@qACgAHo@BKEm@BMKCYUa@BM?_ACw@?]CQ]Je@Ak@FQEc@@UH_@IqABQDUCkBFo@CwAF}@AIESDQAQFi@@]CQDu@EQDSC]HECi@BEEi@JMC[DQEYB[E[F{@EaAHw@Ag@FUC{@FUDSRM?u@UkBFgAMKDQGW?s@QOHU@m@MGIWGSOaBg@G?YS}@]][OEu@Ga@@_@JKLa@@w@LECy@HKEUBKG?BCGIEKKAWQ_AGMu@O{@Ku@Aa@Kc@e@Q]MGMMGAWFOEc@_AKO[IQOI[KS]Sq@eAg@OCGKA[c@QGMO]KUe@E]KCUVOCi@y@AQ@G\\]^qAFIFILCZUDKHa@JYd@qC@k@Ci@Fw@KUG?o@[UGYUc@M', 'resource_state': 2}",FALSE,FALSE,FALSE,FALSE,everyone,FALSE,"[41.119464, -85.108291]","[41.119278, -85.108306]",,3.371,5.22,FALSE,FALSE,FALSE,242.2,227.1,14635196164,14635196164,08B75827-E30F-4FA8-8ED8-97C9225AB40E-activity.fit,FALSE,0,0,FALSE,,,
2,"{'id': 60229721, 'resource_state': 1}",Goshen Holiday Lane Ice Skating Walmart Twitch Ditch King of the Hill Coliseum Loop,16390.5,4892,7714,70.4,Run,Run,2,Strava App,13706484847,2025-02-23T13:20:57Z,2025-02-23T08:20:57Z,(GMT-05:00) America/Indiana/Indianapolis,-18000,,,,0,10,4,5,0,"{'id': 'a13706484847', 'summary_polyline': '}}}yFjxmfOxAf@fFfCLlAAj@Z~BSlAEvADpDpBxDr@dB@NM\\d@t@t@b@pA@vAZTb@RpA`A^d@[rBQHKAUSK{A@i@j@}AnHKv@DRLDVW`@Gn@NnAdAPd@~@~@hCnAj@l@nGrJ~A~Dz@pCrBlE\\jAN`A?jCUzCw@C_HDKDK\\ULiCPQb@IGFpCF`@bA|C\\~AFpAi@zFLbJ@rMXl@fDvCU|CIrEHpJEbDUN_EJMPFl@DfAHbMNr@?^XpCb@fCNp@PFdCIfC@xHN|G[`AH`HGCn@PlB[fDEdBH|AE|@Jb@FbUBv@RTBV@lEFP`@XVjAfB~A@X_@r@?NVb@`AHTlBRb@Jp@@jBF\\pAfADZxC`Dv@`@?dAa@f@[PaCCIF?Vc@m@g@WcAiBS@Yb@e@@\\hAfA\\z@|@b@RD^Er@Z`@Bb@Ur@Bj@In@Lz@RZ@`@OXFQEc@cAy@?`@I`@Df@OX@PUVFXG\\FTAb@O`@[PKXmAXc@f@y@RMXi@`@e@BIJCt@Mm@EBMd@KAc@f@[@CRk@EOTg@NMZk@TY`@}@\\Y\\m@Fg@f@y@Ci@Ug@e@BcA_@SWq@FiA?aAO}@[ZOU]QWPYAm@a@]{@g@Qa@?G[iB{@KLCd@c@X}BTMBITs@]_ANMXTrAC^q@b@[?S]FuBE_BHwFMuCcAdAAXQHcAC_@c@?cEKgToPN}@}@m@}@GEQRw@G_@u@ByAZeAGyAM_@AuBFO[gA]MSc@I{C?iFI_BFgAWs@Bc@K]k@[_AIiEBGWKyDCMs@Ms^`@II?qAMi@OyRyBGsENcA?OKIiF~@gBD_AEyL]{ECuDDyCl@}AFaAEoCEyEL]pBAZMJWA_AMcAoANqA_@eHeEs@{@IWBQJEX}@f@y@f@UnArAb@v@TLhAqAz@q@j@SzA[lCEv@YV_@zA{DdB^j@Ob@mG_@wAQ_@UiBG}AB_CU}D@cAbA_EHu@A}AVWnAOFe@l@yBCcBTm@vFGLyAGSmAy@O[CaADe@PE~@d@~AKt@VjAm@dE`DbBbAn@Pj@CVYB]GwCH]GICaDXKHWZMtEIl@}APqMk@iCgAgLFEEa@_CcBW_AWVQ?u@}@yDZoCoA[[o@sBAa@', 'resource_state': 2}",FALSE,FALSE,FALSE,FALSE,everyone,FALSE,"[41.119309, -85.10831]","[41.119664, -85.108111]",,3.35,5.56,FALSE,FALSE,FALSE,249.6,229.9,14627089593,14627089593,C8DFDAAA-E550-4F94-9380-33A687E39BBF-activity.fit,FALSE,0,3,FALSE,,,
2,"{'id': 60229721, 'resource_state': 1}","Workout (600, 500, 400) ~10 minute rest",1609.4,240,240,0,Run,Run,3,13688085488,2025-02-21T16:31:21Z,2025-02-21T16:31:21Z,(GMT+00:00) GMT,0,,,,0,5,0,1,0,"{'id': 'a13688085488', 'summary_polyline': '', 'resource_state': 2}",FALSE,FALSE,TRUE,FALSE,everyone,FALSE,g21189657,[],6.706,,0,FALSE,FALSE,FALSE,,,FALSE,0,0,FALSE,,,,,,,
2,"{'id': 60229721, 'resource_state': 1}",CD,1609.4,480,480,0,Run,Run,,13688094940,2025-02-21T16:29:07Z,2025-02-21T16:29:07Z,(GMT+00:00) GMT,0,,,,0,2,0,1,0,"{'id': 'a13688094940', 'summary_polyline': '', 'resource_state': 2}",FALSE,FALSE,TRUE,FALSE,everyone,FALSE,g20679662,[],3.353,,0,FALSE,FALSE,FALSE,,,FALSE,0,0,FALSE,,,,,,,
2,"{'id': 60229721, 'resource_state': 1}",WU,3218.7,960,960,0,Run,Run,,13688045620,2025-02-21T16:15:14Z,2025-02-21T16:15:14Z,(GMT+00:00) GMT,0,,,,0,3,0,1,0,"{'id': 'a13688045620', 'summary_polyline': '', 'resource_state': 2}",FALSE,FALSE,TRUE,FALSE,everyone,FALSE,g20679662,[],3.353,,0,FALSE,FALSE,FALSE,,,FALSE,0,0,FALSE,,,,,,,
2,"{'id': 60229721, 'resource_state': 1}",Recovery,4828,1500,1500,0,Run,Run,,13670071682,2025-02-19T14:46:40Z,2025-02-19T14:46:40Z,(GMT+00:00) GMT,0,,,,0,5,0,1,0,"{'id': 'a13670071682', 'summary_polyline': '', 'resource_state': 2}",FALSE,FALSE,TRUE,FALSE,everyone,FALSE,g20679662,[],3.219,,0,FALSE,FALSE,FALSE,,,FALSE,0,0,FALSE,,,,,,,
2,"{'id': 60229721, 'resource_state': 1}",CD (on the bike),1609.4,480,480,0,Ride,Ride,10,13661054445,2025-02-18T15:37:36Z,2025-02-18T15:37:36Z,(GMT+00:00) GMT,0,,,,0,5,0,1,0,"{'id': 'a13661054445', 'summary_polyline': '', 'resource_state': 2}",FALSE,FALSE,TRUE,FALSE,everyone,FALSE,,[],3.353,,0,FALSE,FALSE,FALSE,,,FALSE,0,0,FALSE,,,,,,,
2,"{'id': 60229721, 'resource_state': 1}",WU,3218.7,960,960,0,Run,Run,,13660998571,2025-02-18T15:22:29Z,2025-02-18T15:22:29Z,(GMT+00:00) GMT,0,,,,0,2,0,1,0,"{'id': 'a13660998571', 'summary_polyline': '', 'resource_state': 2}",FALSE,FALSE,TRUE,FALSE,everyone,FALSE,g20679662,[],3.353,,0,FALSE,FALSE,FALSE,,,FALSE,0,0,FALSE,,,,,,,
2,"{'id': 60229721, 'resource_state': 1}",Workout (6 x 1k ~ 4 x 150m),6600,1200,1200,0,Run,Run,3,13661040557,2025-02-18T15:21:58Z,2025-02-18T15:21:58Z,(GMT+00:00) GMT,0,,,,0,7,0,1,0,"{'id': 'a13661040557', 'summary_polyline': '', 'resource_state': 2}",FALSE,FALSE,TRUE,FALSE,everyone,FALSE,g19351325,[],5.5,,0,FALSE,FALSE,FALSE,,,FALSE,0,0,FALSE,,,,,,,
2,"{'id': 60229721, 'resource_state': 1}",Accelerations,300,43,43,0,Run,Run,,13654867122,2025-02-17T18:09:56Z,2025-02-17T18:09:56Z,(GMT+00:00) GMT,0,,,,0,3,0,1,0,"{'id': 'a13654867122', 'summary_polyline': '', 'resource_state': 2}",FALSE,FALSE,TRUE,FALSE,everyone,FALSE,g21189657,[],6.977,,0,FALSE,FALSE,FALSE,,,FALSE,0,0,FALSE,,,,,,,
2,"{'id': 60229721, 'resource_state': 1}",Recovery,9656.1,2880,2880,0,Run,Run,,13651187316,2025-02-17T13:23:09Z,2025-02-17T13:23:09Z,(GMT+00:00) GMT,0,,,,0,5,0,1,0,"{'id': 'a13651187316', 'summary_polyline': '', 'resource_state': 2}",FALSE,FALSE,TRUE,FALSE,everyone,FALSE,g20679662,[],3.353,,0,FALSE,FALSE,FALSE,,,FALSE,0,0,FALSE,,,,,,,
2,"{'id': 60229721, 'resource_state': 1}",LR,16093.5,5220,5220,0,Run,Run,2,13650786709,2025-02-17T01:08:44Z,2025-02-17T01:08:44Z,(GMT+00:00) GMT,0,,,,0,6,2,1,0,"{'id': 'a13650786709', 'summary_polyline': '', 'resource_state': 2}",FALSE,FALSE,TRUE,FALSE,everyone,FALSE,g20679662,[],3.083,,0,FALSE,FALSE,FALSE,,,FALSE,0,1,FALSE,,,,,,,
2,"{'id': 60229721, 'resource_state': 1}",600m ~ GVSU,600,83,83,0,Run,Run,1,13629198610,2025-02-14T21:10:17Z,2025-02-14T21:10:17Z,(GMT+00:00) GMT,0,,,,0,6,0,1,0,"{'id': 'a13629198610', 'summary_polyline': '', 'resource_state': 2}",FALSE,FALSE,TRUE,FALSE,everyone,FALSE,g21189657,[],7.229,,0,FALSE,FALSE,FALSE,,,FALSE,0,0,FALSE,,,,,,,
2,"{'id': 60229721, 'resource_state': 1}",CD,760.5,221,854,5.4,Run,Run,0,Strava App,13627935865,2025-02-14T20:00:14Z,2025-02-14T15:00:14Z,(GMT-05:00) America/Detroit,-18000,,,,0,5,0,1,0,"{'id': 'a13627935865', 'summary_polyline': 'ikgeGb_gkOANGFK\\s@jAm@j@MDYAC?AD', 'resource_state': 2}",FALSE,FALSE,FALSE,FALSE,everyone,FALSE,"[42.967032, -85.891242]","[42.96674, -85.891521]",,3.441,4.58,FALSE,FALSE,FALSE,211.6,206.1,14541158874,14541158874,0B6F34CC-F8D0-4FE0-A3B6-BE0619BA6720-activity.fit,FALSE,0,0,FALSE,,,
2,"{'id': 60229721, 'resource_state': 1}",WU,3121.9,915,1272,5.7,Run,Run,0,Strava App,13627582476,2025-02-14T15:58:18Z,2025-02-14T10:58:18Z,(GMT-05:00) America/Detroit,-18000,,,,0,3,0,2,0,"{'id': 'a13627582476', 'summary_polyline': 'e_geGnffkO@OEe@?QMk@K[Ea@]mAAKDGLBHFv@Ch@DJ?`AZVBJFFFPFl@d@r@r@JTLNPa@LAL?HCVBj@Eh@?DBNCVJ\\CPBt@EHGXFJAHCV_@DMAe@J{@\\e@DYCe@@_@AWIg@?_BBWJKFAh@FRA\\DdAGl@@NCL@TOTc@`@SL?LBVAL@`@?BPG^BV?\\HVJDF@REt@@JCPDDFCx@@f@BFCd@BNCXDdAFr@HXD`@L\\?FFLDVXfAJRZx@l@dA@RCTDBFNx@xALLHZXf@VXDT^n@P@NILa@@Y@GRMDMJOJB@\\JP@H@l@Bb@C^@P?`@D|@AFGDB^CFIBO@K`@IJO\\MNOFKRMF[RQ@SDg@j@CFMLMD_AAoAMMDAF@NEDE@MISAQBMCWPc@h@?RGJA@OEGBEDGESYSe@KIYc@IEEKW[EAQe@Be@CKG?IDm@CMBS?yDCW@SHWASEUBCCS@GBMAQCKI_@EYBaA?SC[We@{@SME?WKa@?EB_@M', 'resource_state': 2}",FALSE,FALSE,FALSE,FALSE,everyone,FALSE,"[42.966751, -85.891687]","[42.966613, -85.891715]",,3.412,4.62,FALSE,FALSE,FALSE,217.1,209.4,14540769002,14540769002,C40FC7C2-9C4E-4E6D-9DC7-C4169C00064A-activity.fit,FALSE,0,0,FALSE,,,
2,"{'id': 60229721, 'resource_state': 1}",Strides,482.8,180,180,0,Run,Run,,13621604883,2025-02-14T01:05:39Z,2025-02-14T01:05:39Z,(GMT+00:00) GMT,0,,,,0,1,0,1,0,"{'id': 'a13621604883', 'summary_polyline': '', 'resource_state': 2}",FALSE,FALSE,TRUE,FALSE,everyone,FALSE,g20679662,[],2.682,,0,FALSE,FALSE,FALSE,,,FALSE,0,0,FALSE,,,,,,,
2,"{'id': 60229721, 'resource_state': 1}",Premeet,3568.4,991,1699,18.7,Run,Run,0,Strava App,13621479202,2025-02-14T00:02:28Z,2025-02-13T19:02:28Z,(GMT-05:00) America/Indiana/Indianapolis,-18000,,,,0,6,0,1,0,"{'id': 'a13621479202', 'summary_polyline': 'ko}yF|`lfOHChACDCFBp@APCZ@LCN@\\Cx@?DCLAL@tAG`@@XC\\An@@p@In@@ZEt@BXEx@CFB@@Gj@?f@AZDvAArABd@@nA@F@bBEDMAMDCDS?KDQBy@\\SHCDUJSROJI@]IiAJ_@@GCW@UEIGCEKKYGECOE]Jq@?MFIH_@JO@IAQBM?OBMDCDIb@Yx@El@AbBBP?f@DxBA^@JAVOdAITIL[@QJGNAl@YdAC`@GBENILCRUl@Gh@An@MXGTWh@GVUTMTE?KGOBKCGDCFGX?JM\\?FSX?FOTQCWQSGWQQIKAQMi@SYYGe@EECOe@GmBIGEi@KQIECQEOME?SKGGE?OK[a@a@]a@c@M?MHEEG@EEWIIIQEEGOAICWOw@WUOUIQWm@WIGGOD_@?[E_@BkAAKD_@EyA?i@CGAc@E]@q@Ea@Bc@GqB@i@Ns@Fi@AYKs@AMBQZ]\\uAJQHIRUJSH_@@SDYJa@\\SBGB@NCH?RDRIFBd@IHBVCd@@LCPBdAERBPCDCV?', 'resource_state': 2}",FALSE,FALSE,FALSE,FALSE,everyone,FALSE,"[41.117044, -85.100609]","[41.117157, -85.100485]",,3.601,5.02,FALSE,FALSE,FALSE,243.2,234.4,14534022563,14534022563,E15EFF21-51A4-42F0-9439-4F3AEAAAFF23-activity.fit,FALSE,0,0,FALSE,,,
2,"{'id': 60229721, 'resource_state': 1}",MLR,8690.5,2592,2592,0,Run,Run,,13612113807,2025-02-12T21:08:22Z,2025-02-12T21:08:22Z,(GMT+00:00) GMT,0,,,,0,4,0,1,0,"{'id': 'a13612113807', 'summary_polyline': '', 'resource_state': 2}",FALSE,FALSE,TRUE,FALSE,everyone,FALSE,g20679662,[],3.353,,0,FALSE,FALSE,FALSE,,,FALSE,0,0,FALSE,,,,,,,
2,"{'id': 60229721, 'resource_state': 1}",4 x 300m,1287.5,240,240,0,Run,Run,3,13599951781,2025-02-11T15:22:03Z,2025-02-11T15:22:03Z,(GMT+00:00) GMT,0,,,,0,3,0,1,0,"{'id': 'a13599951781', 'summary_polyline': '', 'resource_state': 2}",FALSE,FALSE,TRUE,FALSE,everyone,FALSE,g21189657,[],5.365,,0,FALSE,FALSE,FALSE,,,FALSE,0,0,FALSE,,,,,,,
2,"{'id': 60229721, 'resource_state': 1}",CD,3155.6,1036,1036,13.4,Run,Run,0,Strava App,13599911642,2025-02-11T14:40:06Z,2025-02-11T09:40:06Z,(GMT-05:00) America/Indiana/Indianapolis,-18000,,,,0,3,0,3,0,"{'id': 'a13599911642', 'summary_polyline': '__~yFzwmfOtAn@\\JPLTFdBt@NDLJh@RDFD?v@b@ZJz@`@x@TNHTh@BLTZTDDF`@NBDt@\\t@V`Ad@L@FFPFBDl@TJHFACOJOA]@EFGHAHJNHZJvAr@LDNHBLK^?TCFGt@CH?HCLA\\G\\Ab@E^FHN@DJTLXFPJx@ZDCBGFk@DK@YDIFi@Vu@ZyA^eADi@L[Ho@BEBOLk@GGO?ME_@SE?QMMAQMC?ICQCILEPER@D[rA@FI\\Il@CBKf@AZEL?XMZ?JOh@ARMh@K\\Eh@Ff@DBH\\DDVh@HL\\\\JTHDD\\Jf@?JJZMb@?FGb@MJIb@?LEHG?QU]G[@m@A[@IFEFUBUFg@FKAMDMAUDQAGFUBGCEAOQGa@Gu@Uc@a@IQAUG_@CECYBa@ESKE?OKUWO]OGIMK?QFOAUc@Oa@MOYIOIEUQ_@a@Uk@}@SKi@Q[c@c@W[MQe@CUEEWRGBGAq@{@?Yd@m@DWNWJ_@HIh@[DGDYPm@AGDWJ[TgBCeABm@GKKCEG]MQO', 'resource_state': 2}",FALSE,FALSE,FALSE,FALSE,everyone,FALSE,"[41.119462, -85.108245]","[41.118866, -85.10824]",,3.046,4.64,FALSE,FALSE,FALSE,243.5,230.5,14510587641,14510587641,1EBE32E5-EA3C-479B-BFFF-8ECECEE19822-activity.fit,FALSE,0,0,FALSE,,,
2,"{'id': 60229721, 'resource_state': 1}",WU,2021.7,591,594,8.9,Run,Run,0,Strava App,13599134059,2025-02-11T13:19:56Z,2025-02-11T08:19:56Z,(GMT-05:00) America/Indiana/Indianapolis,-18000,,,,0,3,0,6,0,"{'id': 'a13599134059', 'summary_polyline': '__~yFvwmfOTLPDh@XVHLJJB^LzAt@d@Lb@VTH\\RhBx@x@TJHDFLVH\\PTRF\\RTFb@TB?t@\\TH`@RJBRLdAd@TNGXCdAD~@A`AEf@Ql@OVIHU^E?MKMEo@LKFMNAHWl@YlAs@pBE@QKG@SEQIUQYi@GGKAKOGASFSCKQOg@MSQGE?CEMCQa@?GKUQIQEKQAG[_@i@]E?MGGKEAAGQOQGSQKCKIQc@GWCAOHKLE?w@}@B[POLSd@oAHKLGd@_@@STy@Lq@L}@DeACm@F]CMDQEEa@Iq@_@GAWOUE_@MII', 'resource_state': 2}",FALSE,FALSE,FALSE,FALSE,everyone,FALSE,"[41.119455, -85.108218]","[41.119401, -85.107907]",,3.421,4.36,FALSE,FALSE,FALSE,239,230.9,14509732547,14509732547,569DDAFA-4BBF-47CA-B4D6-5B244C731AA9-activity.fit,FALSE,0,0,FALSE,,,
2,"{'id': 60229721, 'resource_state': 1}",Accelerations,321.9,300,300,0,Run,Run,0,13592494546,2025-02-10T18:31:16Z,2025-02-10T18:31:16Z,(GMT+00:00) GMT,0,,,,0,3,0,1,0,"{'id': 'a13592494546', 'summary_polyline': '', 'resource_state': 2}",FALSE,FALSE,TRUE,FALSE,everyone,FALSE,g21189657,[],1.073,,0,FALSE,FALSE,FALSE,,,FALSE,0,0,FALSE,,,,,,,
2,"{'id': 60229721, 'resource_state': 1}",At least 5,9656.1,2880,2880,0,Run,Run,,13590577899,2025-02-10T13:35:16Z,2025-02-10T13:35:16Z,(GMT+00:00) GMT,0,,,,0,3,0,1,0,"{'id': 'a13590577899', 'summary_polyline': '', 'resource_state': 2}",FALSE,FALSE,TRUE,FALSE,everyone,FALSE,g20679662,[],3.353,,0,FALSE,FALSE,FALSE,,,FALSE,0,0,FALSE,,,,,,,
2,"{'id': 60229721, 'resource_state': 1}",LR ~Church Edition,16186.7,4883,5403,42.8,Run,Run,2,Strava App,13583499965,2025-02-09T14:02:02Z,2025-02-09T09:02:02Z,(GMT-05:00) America/Indiana/Indianapolis,-18000,,,,0,6,0,1,0,"{'id': 'a13583499965', 'summary_polyline': 'on}yFbblfOHM@{@NWGw@I{GMi@u@eAQ_@Gy@E{BU_A@QHSTWf@}@Ns@GgHEc@BqAMoHBcAVSRBPGlDGHGrDD\\G|FErAEDEGsDSwSGkBBk@EeA?wBCME}B?eCIuCCuCCODWGuCBgAIm@BUXa@Lg@EGOeJE{JIiE@YIiFHOpCc@HKKsK@i@HU|DYzDCPE@G@u@IkCBo@F_@?m@IMkBc@cA_@e@c@CQN_@V{BJAnEdAdC`@`@CLIbALJO@c@Ps@@}@E_@AcBCM_@k@?GFCPAAIy@aB?o@Us@k@sAOm@McBOs@Cg@EKcDt@kAn@QOEQMMo@oAMO]MkAIi@YQ_@Iq@@WDg@L[ZyBVeAJq@AsAO]ME{GRO?MK@SN_@@{@A}CKcA@w@GeABk@`@oDn@_A@y@MwAO\\ALMJi@FQEEIBW@aBIsBByAE_@B]I_GMe@@{AMi@CkAK]CeCE}@SOSDaBCuCPgCFaAK{@WAIDG@U@cBJ{@r@gCLcAB_AEu@B_@A{FEGOEoAJc@C_Mn@kC@KFyAAsAJm@GAOYe@Bi@KeNCUGKE{@CuBISMGsAH{@Ew@OqBTkBI}@OaBBqAJgBDoC@{BRqGPSFELFb@CPAlAL~IPr@V\\`@NhA@RTJvCAXGVCBgABUNaBFiA@UFMLi@BgATcCGiBTiAAiCNaOVWDoDAmAHMT@bDBLAtBD\\An@D`AALIFLTEPH|AClAFdA?xACTSH?j@CHEAM`@FX@f@Ez@Bj@BzFB\\G\\DV?fADVCf@HvDFr@Cd@GJF^CVMl@Nf@EZ@~BFfAExABDDjAAbBJlECnAJt@AnAH|BBjBA^HzB@hBAr@FPFBf@DIZD\\@lCDVChAJvA?h@BD@rACL@~ADr@GZHjABx@CP@vABHCNBh@DD@n@C|AJ|CCb@DjB?zBFzAAv@BLApAD^AnADv@BfA?pAI`@NtBE`@A|@D\\?|@BJRVBTA^F`ACh@DbAIh@DNFzABjBGp@AjAGX@TEZDf@Cd@B^CLB^FvB?fDB`BBl@AfBBNA`@D^AfBB`BDt@C^Ff@DvCCZBJ@rEDZCP?fABr@Cn@JnFAdBD\\@lCDhACLFnHPJVI~@Az@BbFUdEAnFUlAALDHVCVDNAbCFl@H|CAd@DZCPFlAC^DjCJfABdBEjAFpAFHtK[FBHXX\\JK~HWvBCpAD|AIXEfD?nBBpKS', 'resource_state': 2}",FALSE,FALSE,FALSE,FALSE,everyone,FALSE,"[41.116944, -85.100466]","[41.117168, -85.100505]",,3.315,4.94,FALSE,FALSE,FALSE,249,235.7,14492518213,14492518213,D23819C2-9CA4-449E-8047-4AD6F1D0283E-activity.fit,FALSE,0,0,FALSE,,,
2,"{'id': 60229721, 'resource_state': 1}",800m PR - Fairgrounds Invitational,804.7,117,117,0,Run,Run,1,13576544477,2025-02-08T21:40:50Z,2025-02-08T21:40:50Z,(GMT+00:00) GMT,0,,,,0,11,0,1,0,"{'id': 'a13576544477', 'summary_polyline': '', 'resource_state': 2}",FALSE,FALSE,TRUE,FALSE,everyone,FALSE,g21189657,[],6.878,,0,FALSE,FALSE,FALSE,,,FALSE,0,1,FALSE,,,,,,,
2,"{'id': 60229721, 'resource_state': 1}",CD,2367.1,663,673,6.7,Run,Run,0,Strava App,13576739436,2025-02-08T22:03:29Z,2025-02-08T17:03:29Z,(GMT-05:00) America/Indiana/Indianapolis,-18000,,,,0,6,0,1,0,"{'id': 'a13576739436', 'summary_polyline': 'auarFnnulOb@f@TDJHD@LPCd@EB@XGLAPHJAJDX?n@CXBHEb@B\\@h@ABFn@?TEZBXCF?ZEb@YPO@OFa@Do@Eq@D[CI@SLEHIME?ECGIEOA{ADq@Ai@BEAe@G_@@M?YAG@]Cm@@_@EMFU?k@CWB_@AyACONSLYFGDAN@HABBRDJCLBj@l@XLTPTLBFFBTTb@RFJ?FKj@Af@AF@\\BN@^CDA|@Bx@CN@b@RZDLLRCL@zBHTFBv@BJB@DAh@BjAAf@Bh@BPCdBCNBFCX@P?r@APKLG@OAK@EHMBEAMMWESDEBGNIDUIM?GBKAE@GAKBe@Aq@Du@EYFSEGGCIBUGw@PiBAUB[Aa@@SAEFe@Cg@DaA', 'resource_state': 2}",FALSE,FALSE,FALSE,FALSE,everyone,FALSE,"[39.827924, -86.13186]","[39.827878, -86.132124]",,3.57,5.02,FALSE,FALSE,FALSE,224.7,221.2,14485130376,14485130376,FE1D3965-2DD1-492E-B9E4-4DA15B41FBA3-activity.fit,FALSE,0,0,FALSE,,,
2,"{'id': 60229721, 'resource_state': 1}",WU,2846.9,901,960,4.4,Run,Run,0,Strava App,13576500324,2025-02-08T19:12:17Z,2025-02-08T14:12:17Z,(GMT-05:00) America/Indiana/Indianapolis,-18000,,,,0,6,0,2,0,"{'id': 'a13576500324', 'summary_polyline': 'k|arFjcvlOANH\\?JDL@z@DR?HCDBhAGvA?n@GXBH?n@DRDBLTDBCxA@n@Fp@CzABRAjAD\\Cb@CDQCW@m@Nw@ASCG@e@CU@WAu@?YAIG[K]SIc@@c@?GKMIGMAKGWA{@WIGICKGAGKE]c@ECEISQEOSa@Ok@Ge@@u@Am@CGAyECs@@YAsABw@C_@BoACq@BM?i@Ca@@WH_@CGAk@BMCIBUCS@sADk@FIjALBBF?XJj@JJF^HLHf@LB?DEBGMs@IQG_@K_@[}AGKMk@?s@IUOKSk@G_@CI?a@FIR?PEBEF@FEDBl@BVFDAP@HDd@DRPH?XH^Df@?BBJ?\\HT@NHFJOrBAl@Ft@', 'resource_state': 2}",FALSE,FALSE,FALSE,FALSE,everyone,FALSE,"[39.826419, -86.132314]","[39.826511, -86.132299]",,3.16,4.28,FALSE,FALSE,FALSE,225.9,221.3,14484867821,14484867821,276F6405-4A96-46C4-9EF3-96EE634C87AB-activity.fit,FALSE,0,0,FALSE,,,
2,"{'id': 60229721, 'resource_state': 1}",Pre Meet,8046.7,2400,2400,0,Run,Run,0,13565799313,2025-02-07T16:55:20Z,2025-02-07T16:55:20Z,(GMT+00:00) GMT,0,,,,0,5,0,1,0,"{'id': 'a13565799313', 'summary_polyline': '', 'resource_state': 2}",FALSE,FALSE,TRUE,FALSE,everyone,FALSE,g20679662,[],3.353,,0,FALSE,FALSE,FALSE,,,FALSE,0,0,FALSE,,,,,,,
2,"{'id': 60229721, 'resource_state': 1}",MLR,12012.3,3215,3515,37.6,Run,Run,2,Strava App,13559230208,2025-02-06T20:05:33Z,2025-02-06T15:05:33Z,(GMT-05:00) America/Indiana/Indianapolis,-18000,,,,0,4,0,1,0,"{'id': 'a13559230208', 'summary_polyline': 'yn}yFv`lfOxIUFBn@Gj@BzAE~DQjABNEAu@FYA[Ae@EYA{ABOAm@Ce@@EAmACGB}@CO@QAyACG@[AGEaAB[EaABc@EUBQCq@@{@GsABUA_ACQ@QKyD?{@DE`@LfAG^Bd@Sj@c@HDf@fFA^BFE`@?f@Nd@JRNJbBB|GQTMn@}@j@eBDERq@hA{CTW?GRUJ]HI@Gp@iAN]p@aAHa@t@u@Tc@KYUSGOu@s@aAg@YIc@Yq@UaA@q@Rm@j@q@nAMFEEU_@iBiBi@c@U_@W_AOsB@}BEkBBYNo@p@}AJi@J_BJKv@@pAKXIXD\\Gh@B|@GbDEl@IXBJINFnBEl@I\\BxAEBKIa@Bc@E_@?g@Ea@?uACGD{@Ca@Be@GgA@y@EOIuH@u@GI_@H{CB_@Bi@FME_ALyB?m@HWC}CJWGQYOM}@?GOByAG{CA_HRSn@GNQAYEQ?[EqAMo@_@y@WSSYwAUc@DIL?JFn@LX`@BJ\\A`AJ`BEr@BbAJzEH^LLT?JFFnDAz@G@c@EgA@s@@qALyAAaAD[Fo@CEDqB@WBMH?\\GNa@MWFcAFYEo@FWE{BHWCoBLmA@KL_@GEDe@@aB?WDMCUDWCyAJ}ACeABi@FkA@EBm@Es@Do@C]No@ICs@KEoARmAD[JkAAyCNcB?yAJaB?YFeA?c@DeCBWJAVON_@EcBJYCyBFy@FWAw@HuADIGmDFiAJeDFENJzBHbAFhBFf@CZBFVCZN\\Dd@ZV`@BPDdA[|BFpAAj@If@FP~@|@R`@NbAHdAGz@QLk@Di@R]VMPAFN\\Pn@xArCJh@?ZCZKTMRgB|@gCv@k@HKMGc@Gs@IW?WKe@E{@Mq@?MKq@@OOi@[a@qAe@mAq@KDAPSn@QZUVc@TeANqA?oAFk@GmAXk@@IJJtCA|@BnCAPH|AENF`ACP@dAAj@FbACp@D~@FLF@RGrBAx@IPHD\\CP@`AHl@BzC@HA`@BNA^BPFFN@hBEVGl@D|AKXB|@IJDjAK~B?hAEL?DJAfA@FF~FBz@AlAD^C\\Bb@Af@Bv@Hf@?r@F~@BDA|BFrB^Iz@GbHM^Il@AXGp@C|A?`BKv@@VGn@BVGt@@Tf@b@Rx@?NEl@Dz@InCDhAADE^@LFnGQtAI', 'resource_state': 2}",FALSE,FALSE,FALSE,FALSE,everyone,FALSE,"[41.116964, -85.100407]","[41.117151, -85.100521]",,3.736,5.9,FALSE,FALSE,FALSE,248.9,236.3,14465913197,14465913197,8E6B2875-F0E9-4A87-A908-825EA3BD3E17-activity.fit,FALSE,0,0,FALSE,,,
2,"{'id': 60229721, 'resource_state': 1}","Workout (1600m, 600m, 500m, 400m)",3218.7,600,600,0,Run,Run,3,13536956533,2025-02-04T13:14:58Z,2025-02-04T13:14:58Z,(GMT+00:00) GMT,0,,,,0,4,0,1,0,"{'id': 'a13536956533', 'summary_polyline': '', 'resource_state': 2}",FALSE,FALSE,TRUE,FALSE,everyone,FALSE,g21189657,[],5.365,,0,FALSE,FALSE,FALSE,,,FALSE,0,0,FALSE,,,,,,,
2,"{'id': 60229721, 'resource_state': 1}",WU/CD,3218.7,960,960,0,Run,Run,,13536891835,2025-02-04T13:01:10Z,2025-02-04T13:01:10Z,(GMT+00:00) GMT,0,,,,0,3,0,1,0,"{'id': 'a13536891835', 'summary_polyline': '', 'resource_state': 2}",FALSE,FALSE,TRUE,FALSE,everyone,FALSE,g20679662,[],3.353,,0,FALSE,FALSE,FALSE,,,FALSE,0,0,FALSE,,,,,,,
2,"{'id': 60229721, 'resource_state': 1}",Accelerations,400,72,72,0,Run,Run,,13530785761,2025-02-03T19:31:58Z,2025-02-03T19:31:58Z,(GMT+00:00) GMT,0,,,,0,4,0,1,0,"{'id': 'a13530785761', 'summary_polyline': '', 'resource_state': 2}",FALSE,FALSE,TRUE,FALSE,everyone,FALSE,g21189657,[],5.556,,0,FALSE,FALSE,FALSE,,,FALSE,0,0,FALSE,,,,,,,
2,"{'id': 60229721, 'resource_state': 1}",Recovery,9749.4,2942,3627,40.8,Run,Run,0,Strava App,13528188171,2025-02-03T13:19:36Z,2025-02-03T08:19:36Z,(GMT-05:00) America/Indiana/Indianapolis,-18000,,,,1,4,0,7,0,"{'id': 'a13528188171', 'summary_polyline': 'w~}yFfxmfOzB~@XFPJDDvAn@f@NPLTFNNEPDl@CX@VDF?ZFVFj@@TKr@En@@TCN?t@@HAf@B^E\\DXJd@PXd@`@JPNn@Vv@^z@PX?PKL@JPPHRJLJHl@Tv@A`BZJHJTJv@F\\JHd@@DH@JD@REROPGbAOHBPCTUPDr@GRHd@D\\Zb@Pr@^XFBFj@LTLj@LNLZJ\\@f@M\\PXAVJh@?t@Jd@I`A?^NXDHCLMRGF@\\MJBr@?TGb@Dz@Gn@Bz@CFEVBbBCRGp@FtAGHCVFLE^Cd@Bz@IVFTCNHNANG^BFCz@DVGRB|@EHDn@Kz@AjB@JCV@NEXBn@Eb@B`@EpCAXEt@Bh@GZB~AAlCMXB~BCdAIXBDArB?XIPDXEd@@|CKHBREhA@t@Cb@EXBp@G~BAbAGPBf@ID@|AEx@?DC\\DVG^BvAKZBjBI^Bh@G^@b@CZHr@QFDHCTBlACLCZBLEv@?XETB~AEFCj@@REXBVGJ?LHPEh@@ZEJBNC\\@XCf@@j@AhBIn@Dn@GbA?PEj@?d@B`AEHD`@ERB`AC\\Oj@IZ@\\Iv@CrC@HFARLQ@KFEPFDCVBRAJEh@Bd@El@@t@EECSH]A{@HgAEiCF{DBgAFGFQ@YLOC{@?o@FIKOFWCkADQByAAs@DaA?a@F{@EMBy@?QBk@?a@Do@CUDWAGEUJKEUBSCYFm@CeBHwACkAJyA?c@HK?QE]F[A{@BGCe@DiAAUDKCuADYByBDw@AUDwA?u@FSE}BLe@?mAFe@CwCHIC_DNKCu@FOCWFOCYDe@CUDKEWFUCw@?QBs@A{@@WDe@CKF{@@KCkBFwA?KBgAA]D}@AOF_AAi@BkABa@CqDJ]AgAF]CWDm@Ga@B{@?MCkAHUAGC_@Hg@EWF_@CWD_@?[EUDi@?YBICe@DKE]Ho@@WEWHw@Ee@@}@B}@JQPOBK?k@UeABUD{BSe@Aa@OUJa@@[KUUwA_@CEWEu@e@s@U][QEU@c@IMFi@?SRw@JY?eAPOASDCBEGG@KOEIAo@CEC]ISMKQKyAS]Dk@GYSU[]k@?INU@OIS?YG]Ac@OYMGy@eA?KFSAOm@_ASu@@i@E]@[Au@NaA@e@SeBEK@m@Gm@Sg@G?e@YMCGIm@WaA[YSWG', 'resource_state': 2}",FALSE,FALSE,FALSE,FALSE,everyone,FALSE,"[41.119442, -85.108263]","[41.118873, -85.108209]",,3.314,5.84,FALSE,FALSE,FALSE,241.1,227.4,14432051694,14432051694,FEE0D88A-7C03-4670-AA38-A109201404AF-activity.fit,FALSE,0,0,FALSE,,,
2,"{'id': 60229721, 'resource_state': 1}",LR,16123.4,4575,4679,128.3,Run,Run,2,Strava App,13520030340,2025-02-02T13:13:38Z,2025-02-02T08:13:38Z,(GMT-05:00) America/Indiana/Indianapolis,-18000,,,,2,6,0,10,0,"{'id': 'a13520030340', 'summary_polyline': 'ixwzFzzrfOGKgAMOQ?KL[@YLk@@WTcA@ULe@Bc@VmA@uAC}BD_@?cBE}A@_BG[Da@Eu@Da@Eu@De@Ek@B]EuAFYGWDg@Ca@BcBEm@DyACa@Bs@E}ABmBCcHB}CCa@B{@E{DBa@@eCCYBoBCEBe@AE?oFEcABwCEo@BQCa@@sBEmIBc@Cu@?oGCwCBe@IkEBoAEkEBw@CwA?kIDqAFKp@ErAB~EKvFChCOnG@|JMJCFg@AuODWNMlGOlBBp@I~@c@RUjA{@t@Qb@Dp@Zl@LpC?xAVjAJpAEhAO\\Sx@UZUx@OHKlAM`BJfBt@X?LGLi@DyACaA@cAOkAi@mBSg@MSaBuEGGK_@MUaAqCYmAWaCSS{GFUGm@?}CDi@FuI@_DFuBAc@FmA@mAEeBHmC@MI_BLc@ESBBCGEBEMWE[Lf@BZ{A?m@FsBIqCJ{CAsADaBK_@Jg@BQE[H_@AGDc@@}@GyAHiAMkAc@w@u@c@YQWgAaAS[sBiByEcFWOqAwAiAaA}@gAQIYa@yA_BUO}@cA]Yk@o@yAuAGOaCaCgCqCgBcBk@q@GAwCgDe@_@i@We@IeE?OFiJB_@Es@@aBBe@Jg@Zi@|@S~@GhADhD?x@Cf@BXAb@A~ABvBCt@?jCBH?lBC^B|@CZDf@Gn@?`AFhCClADjAC`BBjBEb@Br@?lB@NCXBb@Ar@BNCj@BVCZDhACrABjBCNBXENFvBCrBDfBEPFr@?|AIzBBt@A~@@\\A^Fz@EDDL@~FCb@B`@?fAAvCBnAApCB`EE|CDjBCpDDvBCr@B`@AlBCPBA@FAHDfBCXBbAEPDZAzADVCb@DvFCrBBFC|@B`@AxCFtCAd@BvBCZDnBCPHzGC`ADbBCz@BPCJ?`BBFAlED`ACPDlAAvBBpACr@DpDCHF^Er@D`@CR?`DD\\GrEBf@CVB|A?dAAz@BvDCtBBJCXFnCBLNH|AKxA@fBGXDVGlE?jBIpAA\\FrA?xBMfDB`AG\\D|AI|@?JHZ@vEO~ABvIEzAKjA@b@GtBFf@GdBEJElABdBKVFnA?FR?b@CJNhABdA?bGHfBEx@F^CVBl@At@FvABdHDNEn@BzAC~@BVD~@BvBF\\@d@TfARb@d@d@r@hAXx@VdA`@|CQUGm@S{@Cs@W}@]y@iAqAo@_BI_AEsA@OEa@AyA@q@', 'resource_state': 2}",FALSE,FALSE,FALSE,FALSE,everyone,FALSE,"[41.250671, -85.137766]","[41.250515, -85.139686]",,3.524,7.64,FALSE,FALSE,FALSE,270.7,242.1,14423013284,14423013284,411BA386-6F7C-4043-9DE7-E97F462F3A3C-activity.fit,FALSE,1,0,FALSE,,,
2,"{'id': 60229721, 'resource_state': 1}",CD,1609.4,480,480,0,Run,Run,0,13503108941,2025-01-31T18:01:11Z,2025-01-31T18:01:11Z,(GMT+00:00) GMT,0,,,,0,4,0,1,0,"{'id': 'a13503108941', 'summary_polyline': '', 'resource_state': 2}",FALSE,FALSE,TRUE,FALSE,everyone,FALSE,g20679662,[],3.353,,0,FALSE,FALSE,FALSE,,,FALSE,0,0,FALSE,,,,,,,
2,"{'id': 60229721, 'resource_state': 1}",WU,1609.4,480,480,0,Run,Run,,13503089389,2025-01-31T17:58:28Z,2025-01-31T17:58:28Z,(GMT+00:00) GMT,0,,,,0,4,0,1,0,"{'id': 'a13503089389', 'summary_polyline': '', 'resource_state': 2}",FALSE,FALSE,TRUE,FALSE,everyone,FALSE,g20679662,[],3.353,,0,FALSE,FALSE,FALSE,,,FALSE,0,0,FALSE,,,,,,,
2,"{'id': 60229721, 'resource_state': 1}",8 x 400m ~400m active rest,6437.4,1440,1440,0,Run,Run,,13503104518,2025-01-31T17:44:32Z,2025-01-31T17:44:32Z,(GMT+00:00) GMT,0,,,,0,5,0,1,0,"{'id': 'a13503104518', 'summary_polyline': '', 'resource_state': 2}",FALSE,FALSE,TRUE,FALSE,everyone,FALSE,g19351325,[],4.47,,0,FALSE,FALSE,FALSE,,,FALSE,0,0,FALSE,,,,,,,
2,"{'id': 60229721, 'resource_state': 1}",MLR,11488,3277,3956,41.9,Run,Run,0,Strava App,13484905070,2025-01-29T14:59:45Z,2025-01-29T09:59:45Z,(GMT-05:00) America/Indiana/Indianapolis,-18000,,,,3,6,0,5,0,"{'id': 'a13484905070', 'summary_polyline': 'sc~yF`kmfOf@PXb@`@u@To@TSPE\\?FN@RP^@PPX?PJT?NPt@N@d@`@Td@Jt@HN^XPVNJb@NFURa@DGj@{AL}A~@{CBWFQDw@VQ^EHKD]DGHu@BaAIuE?iBKeAMo@Qe@E?OOYq@Mg@IkAGUSQOEQAe@LMCEIF}BPE\\YD_@VGj@@TIj@Fp@EZSNUTMHO`@?ZGVOTE\\a@RFd@If@BfACn@GZDdAInFGn@EHE`@BxBIbB?nAIb@@NHfBUJD|AKTBf@GjEEBDAVI^HhA?z@BTAj@Dl@AhALd@BBRCjAd@VXd@dALlA?`BDR@x@APFnDRtARj@`@f@l@ZV?RDR^NdE?zAD`@?d@ARBvBAfABFA`@LP|@KlFEr@Cd@E`@BtCSbADpAMxBE\\BXG|DCjDIhDOl@?JHR@DCf@P`@CLHt@O`BBfAKrAIpACbDAxAG^H`AA^JFLJAHIfAKTBfA@l@MVOTCnEALHP@bBCFJD@RCJPEf@DhACVBV@tBFjCAt@Br@C`@JVPBBDDZ@d@HVT^h@XR?r@Lt@Ef@Bf@Gn@BbAEVBdAAfCIxB?x@IhABVGdABn@?bAGj@@XGDBfBGXBbAKX`@@j@Lb@?RN`ADf@ANDVA`BH~C?|@CZKPo@N_B@]Da@`@a@nAMP_AXkBP{@V]NwBfBa@TIJYLIJKFYESJINKv@DTCf@Ql@KDk@Ay@H_@CUHe@CyDBk@DkA?UKc@?QCOOEO@GUL_APEGCWM?CQK?G[KMME]?UFg@AGDmABYCc@@_AFKCmDLe@C[HUEUDMCiBHkAA_AHy@?_AFMJ[FoDFyA?Q@CDw@EkFJu@P_@^[NaADmB@_@DiB?aDDKDEPAxA]VG?sBsBoAyAeAaAmBuBq@m@a@g@WIKSWQIQmAkA}@?s@Fc@Cw@FWE[FsBCe@Hk@C_A@kAFSC_ARQ@QAQOg@FYGgARQR_AWc@DYAe@Hm@KY?cAIi@OWF]F_@O_@YO@OM{Aa@s@a@k@SYYi@MuAAMFGLcCRUJ[Ge@AGGEOEeAGSMOwAY{@?]Gg@[[i@_@]KAKFQCMI]}@[SUESq@q@g@[k@i@[c@MEMYW[Q[KQm@IQM@GLGBMIEMQKU]B[VSd@{AVWTKRUj@{CLkA?{AB[MOG@u@]', 'resource_state': 2}",FALSE,FALSE,FALSE,FALSE,everyone,FALSE,"[41.119543, -85.108221]","[41.11886, -85.10822]",,3.506,5.84,FALSE,FALSE,FALSE,246.2,227.1,14384723159,14384723159,4CFFC2B0-BC35-41F0-9E3C-F04EC0B95B44-activity.fit,FALSE,1,0,FALSE,,,
2,"{'id': 60229721, 'resource_state': 1}",CD,1609.4,480,480,0,Run,Run,,13485405446,2025-01-28T15:22:52Z,2025-01-28T15:22:52Z,(GMT+00:00) GMT,0,,,,0,4,0,1,0,"{'id': 'a13485405446', 'summary_polyline': '', 'resource_state': 2}",FALSE,FALSE,TRUE,FALSE,everyone,FALSE,g20679662,[],3.353,,0,FALSE,FALSE,FALSE,,,FALSE,0,0,FALSE,,,,,,,
2,"{'id': 60229721, 'resource_state': 1}",WU,3218.7,960,960,0,Run,Run,,13475104007,2025-01-28T15:14:22Z,2025-01-28T15:14:22Z,(GMT+00:00) GMT,0,,,,0,5,0,1,0,"{'id': 'a13475104007', 'summary_polyline': '', 'resource_state': 2}",FALSE,FALSE,TRUE,FALSE,everyone,FALSE,g20679662,[],3.353,,0,FALSE,FALSE,FALSE,,,FALSE,0,0,FALSE,,,,,,,
2,"{'id': 60229721, 'resource_state': 1}",The Michigan,6370,1274,1274,0,Run,Run,3,13475137441,2025-01-28T15:13:00Z,2025-01-28T15:13:00Z,(GMT+00:00) GMT,0,,,,0,7,1,1,0,"{'id': 'a13475137441', 'summary_polyline': '', 'resource_state': 2}",FALSE,FALSE,TRUE,FALSE,everyone,FALSE,g19351325,[],5,,0,FALSE,FALSE,FALSE,,,FALSE,0,0,FALSE,,,,,,,
2,"{'id': 60229721, 'resource_state': 1}",Strides,321.9,120,120,0,Run,Run,,13466350317,2025-01-27T15:42:57Z,2025-01-27T15:42:57Z,(GMT+00:00) GMT,0,,,,0,1,0,1,0,"{'id': 'a13466350317', 'summary_polyline': '', 'resource_state': 2}",FALSE,FALSE,TRUE,FALSE,everyone,FALSE,g21189657,[],2.682,,0,FALSE,FALSE,FALSE,,,FALSE,0,0,FALSE,,,,,,,
2,"{'id': 60229721, 'resource_state': 1}",Book of MD,9356.6,2670,2833,26.4,Run,Run,0,Strava App,13466259285,2025-01-27T13:23:19Z,2025-01-27T08:23:19Z,(GMT-05:00) America/Indiana/Indianapolis,-18000,,,,0,9,2,5,0,"{'id': 'a13466259285', 'summary_polyline': 'as~yFtlmfO_@Oo@g@YQQEIIDk@E]?c@BOCE?QHq@?YGiA@g@Is@AiAGy@AoDD[LYDk@?WM{@@YFMTSHW@WRu@^[V]FYAQBc@J_@C[q@F}EEwAFKDGAQBMEg@AuBJ}AAu@FuA?q@FMCmAHw@L_@BWAYFo@CsAJE?IWQMEIIGo@EeAHKAIKA_A@MMqB@kCGwBEsF@E?YCO?YEq@@GG_@Bc@AgB@GAGBm@PMX@VIrGIPEHM@[Ew@@IIuC?cEIeBBq@CO@s@Cc@BQEWBi@?[DOAGRc@`@YjFSh@Dn@GrAEbAOj@MHI@KIYA[Ik@Ey@Mm@Cs@CEKgA@o@Cs@@[CU@[GqA@y@GiBBI@w@T_CAk@K_@?SIe@PUD_@NOGEODKGIM?OM{@Aq@IYOWAMDUCQ@OAMBYC_@D_@Ci@@QGm@@k@AISUYHe@CEDw@Ao@Fe@?EBGEYFKAaABk@AEBo@F[AC@y@?_AB_BJeEFYDEDANBH?ZF|@ANFh@@bABDAFBt@?v@HJVBRLZFb@ZDLPNJlAG^A^I`@AP?x@BFAPBVGx@DTTNFHF@@FTNFJXp@Hl@Bd@Ab@BFCN@VCVKFk@Fk@Ri@b@ED?HFTr@nAL\\Z`@\\p@Nz@En@c@v@cB|@I@q@Xy@Ty@HSGIo@Ey@UqAGkAMgACu@O[?MW]QEOKs@MOQo@_@WKKJIVMLK^e@f@_@Te@HuAHq@BMCiBHa@RKAg@LIJCVD`@C^BNAF?`ABXAh@@x@BFCRBDApAD`AA~@BZAZD^CP?bBFpBNDLE^EX@VEVDd@AXGZHDRA`@FnAAbABP?r@@PA\\Bn@?b@@VFFH@RIZBVEh@Dr@Eh@?d@G^Bj@GfA@d@ABCX@bBIhBCHDAx@@F?^BJC^DTCPAZDTAx@FzA?l@BTA\\Dv@ADBv@?x@BFAv@PjB?z@Cv@@`@AZDz@JLVI\\@v@Gj@@XETBLE^AZBh@AFD@JNZNFPIbAEfAMv@E|EGVGXDVGzBFp@IL@NERAJDVEFBVCBBXCVDXCv@BTCn@?VDEn@IZAb@CLGRWXE@Yd@S`AUd@GBEf@Jv@A|@Q`@E~@DjC?^Dx@?h@JbA?v@@ZExA?lBBl@FHNEJFn@h@TJ', 'resource_state': 2}",FALSE,FALSE,FALSE,FALSE,everyone,FALSE,"[41.119501, -85.10823]","[41.119606, -85.108127]",,3.504,4.74,FALSE,FALSE,FALSE,244.4,235.2,14364494878,14364494878,1E48FC0C-1779-4465-8A66-AD11D11679E5-activity.fit,FALSE,0,0,FALSE,,,
2,"{'id': 60229721, 'resource_state': 1}",Arnie?,18702.4,5281,6720,56.5,Run,Run,2,Strava App,13458615472,2025-01-26T13:23:46Z,2025-01-26T08:23:46Z,(GMT-05:00) America/Indiana/Indianapolis,-18000,,,,3,7,0,7,0,"{'id': 'a13458615472', 'summary_polyline': 'q~}yFfxmfOnKtEbC|@z@xAzIvD@WJI@e@NAPLc@GGNDVQXCrA?jDSv@O^i@j@IKSG{@Zg@jAU~@o@lBBH\\A|A^N^NlAd@V`@DXQrBQb@YvABl@PTRXFr@`@hE~At@Qh@PvBRpAI~AT`@WdAKhB@`AIl@DbAIZDvBM\\FvAEJGXFj@I~AAhDD`LUlLIxKYpC?n@QPHxAAh\\o@fAm@L_@Zv@TLLITDvBInBFj@KnMQf@MVJpBMpFAvGQ`AFfBE|@SBoBMwB?i@Fa@M}BWoB?g@I]mAeBKm@ImBG}@e@iE?Yc@uAIw@LcHH_AZeJ^cEN}@@e@j@_Dh@qAhCuD~@cArAeArAgBpBaDXk@b@yAx@sGn@yGDs@d@qDPwCA{@Q{BIO}@iFIy@y@uDGiB?wBV{CHe@`@y@`AqA~@_DBH`AkE|@sAt@yB\\g@x@mBXWx@qAXQJ]r@iAf@c@j@yB@eAJaABw@_@kIMmAOeEqCqL[kDEeBMgAGsFRwO{@eEKuA@_AGsAC}GIiCIkIA_AKo@yBiEy@sA{AyCMMM]]a@eAyBu@gASk@aBcD_@iAmAkBk@l@CPJJh@EHBAHCFk@?ORUI_EX{BAmCPuBAmJXeCB}CC_@RqFDeFTu@CkBFOI_@LsDBkGVuD?sABgCPuC?{K\\mAJwA?KI_@AsC\\_AOiAT[BSEgALuCFSBK`@WVcCDSFCNHPHfAf@zAl@|AHx@HnKDj@ApBFb@Yj@KnABNCEPx@Lt@?b@LZAf@Un@q@~DQXO|@YBuBi@_@C_AH_@R{@`AMvABrBCHYG_DFIk@KUAi@QEu@HYGgBJKSANEBeE@{CAwBSeCq@}@[{A}@kAa@qAAqDx@WRI\\DV@`AArCI^D~@Y^Jn@EXDb@?~BHnC?bDDT@jCDZClAHjECTDf@Cb@F`@ApAFlBC`@FXC|@Bf@JH@bBKTARJ~CAfAHv@CbBJxBElBFr@HrGC`@Fb@BlBA|A@nBD|DH`BLlND\\AtBBfCNhICb@HfCC`@BlACf@N~F?hDF`@A|@DnEDzACvDDpAChADvGDPAjAMPe@?eBn@g@b@MZoAr@cAVaAJaAO]c@]cAMMaA\\}ANa@jAO~@JfIKdAWz@[DYXOhASz@o@pBIdAMp@U^s@xAy@@EP?LSr@i@|@uBgAiAa@', 'resource_state': 2}",FALSE,FALSE,FALSE,FALSE,everyone,FALSE,"[41.11939, -85.108272]","[41.119471, -85.108202]",,3.541,5.58,FALSE,FALSE,FALSE,249.4,224.7,14356062103,14356062103,2F597BD9-A748-4F06-9578-FADBC372A0F8-activity.fit,FALSE,3,0,FALSE,,,
2,"{'id': 60229721, 'resource_state': 1}",Workout- 2 x (3 x 300m),1931.2,300,300,0,Run,Run,3,13442000302,2025-01-24T19:02:01Z,2025-01-24T19:02:01Z,(GMT+00:00) GMT,0,,,,0,7,1,1,0,"{'id': 'a13442000302', 'summary_polyline': '', 'resource_state': 2}",FALSE,FALSE,TRUE,FALSE,everyone,FALSE,g21189657,[],6.437,,0,FALSE,FALSE,FALSE,,,FALSE,0,0,FALSE,,,,,,,
2,"{'id': 60229721, 'resource_state': 1}",CD,5149.9,1440,1440,0,Run,Run,,13442030758,2025-01-24T18:47:39Z,2025-01-24T18:47:39Z,(GMT+00:00) GMT,0,,,,0,4,1,1,0,"{'id': 'a13442030758', 'summary_polyline': '', 'resource_state': 2}",FALSE,FALSE,TRUE,FALSE,everyone,FALSE,g20679662,[],3.576,,0,FALSE,FALSE,FALSE,,,FALSE,0,0,FALSE,,,,,,,
2,"{'id': 60229721, 'resource_state': 1}",WU,3218.7,960,960,0,Run,Run,,13441967668,2025-01-24T18:46:24Z,2025-01-24T18:46:24Z,(GMT+00:00) GMT,0,,,,0,3,0,1,0,"{'id': 'a13441967668', 'summary_polyline': '', 'resource_state': 2}",FALSE,FALSE,TRUE,FALSE,everyone,FALSE,g20679662,[],3.353,,0,FALSE,FALSE,FALSE,,,FALSE,0,0,FALSE,,,,,,,
2,"{'id': 60229721, 'resource_state': 1}",MLR,11265.4,3255,3255,0,Run,Run,,13423644706,2025-01-22T14:30:53Z,2025-01-22T14:30:53Z,(GMT+00:00) GMT,0,,,,0,4,1,1,0,"{'id': 'a13423644706', 'summary_polyline': '', 'resource_state': 2}",FALSE,FALSE,TRUE,FALSE,everyone,FALSE,g20679662,[],3.461,,0,FALSE,FALSE,FALSE,,,FALSE,0,0,FALSE,,,,,,,
2,"{'id': 60229721, 'resource_state': 1}",CD,1609.4,480,480,0,Run,Run,,13414621094,2025-01-21T15:20:18Z,2025-01-21T15:20:18Z,(GMT+00:00) GMT,0,,,,0,2,0,1,0,"{'id': 'a13414621094', 'summary_polyline': '', 'resource_state': 2}",FALSE,FALSE,TRUE,FALSE,everyone,FALSE,g20679662,[],3.353,,0,FALSE,FALSE,FALSE,,,FALSE,0,0,FALSE,,,,,,,
2,"{'id': 60229721, 'resource_state': 1}",WU,3218.7,960,960,0,Run,Run,,13414579850,2025-01-21T15:06:31Z,2025-01-21T15:06:31Z,(GMT+00:00) GMT,0,,,,0,2,0,1,0,"{'id': 'a13414579850', 'summary_polyline': '', 'resource_state': 2}",FALSE,FALSE,TRUE,FALSE,everyone,FALSE,g20679662,[],3.353,,0,FALSE,FALSE,FALSE,,,FALSE,0,0,FALSE,,,,,,,
2,"{'id': 60229721, 'resource_state': 1}",8 x 1k ~90 sec rest,8000,1640,1640,0,Run,Run,3,13414615439,2025-01-21T15:00:00Z,2025-01-21T15:00:00Z,(GMT+00:00) GMT,0,,,,0,5,0,1,0,"{'id': 'a13414615439', 'summary_polyline': '', 'resource_state': 2}",FALSE,FALSE,TRUE,FALSE,everyone,FALSE,g19351325,[],4.878,,0,FALSE,FALSE,FALSE,,,FALSE,0,0,FALSE,,,,,,,
2,"{'id': 60229721, 'resource_state': 1}",Snowy Long Run,16134.1,4733,5327,57.4,Run,Run,2,Strava App,13398104003,2025-01-19T13:19:55Z,2025-01-19T08:19:55Z,(GMT-05:00) America/Indiana/Indianapolis,-18000,,,,2,6,0,6,0,"{'id': 'a13398104003', 'summary_polyline': 'c_~yF~wmfO`AZ|GzCNfACd@D^ZjBMv@Gp@EfAFpDLpAhA|BnAnA@DOT?Jn@~@~@Xx@ArAXXZJ`AJ^FFd@A\\L~@WbAGPGJSbBD`@LhAj@^VvAb@vBx@n@M\\J`CRb@BnAGx@THARUlAMf@DPIj@FbAKd@FlAIhCGfABbAIXFlCOzD@fABrDObIGnFK`BKlFGnB@XGXBdFOpFEh@GhDKf@Dv@IZDtBOd@BrBAxBMn@B~GQ\\DXI`@B~BCl@ItB?`EQXFhEOzBCp@BpB?bCO~@@LFdCKp@SlGMJN?JIXAdAWtDDxECh@BjAA`DBX@dDFdACXDPC^BtBFzA@nGFj@Cl@FjBCx@FpCBpC?hAI~@BdFLv@^z@F^LXNv@\\lDBdCMxA@b@S`BCjB^vECVJ`ACNHjATjBD~@HNFv@@d@VpBBbBJ|@H\\HhAFLHtAJ`@?pAH`AN|@@`@Hn@E\\BLX^B|@P~AATDd@Rf@Ad@Y\\QBMGc@TsCj@{@TaA@{@XkAPu@Va@B{@`@IJMx@Wp@_@AOLCjAb@v@HRAHCHO@Sd@a@d@Wd@GQHUGUYOE_@GMOKWBKYYMGMH_@EMQKWL{AAi@YeBXiDEmBLaFAy@BMHqACcRR_@HGLCd@DhDAz@B`BAr@GJwC@aGn@q@NcGd@gBV]@MKCQDME_@CeCBk@GWD]EoBDeECaAXMZPb@F~@UAJSHGLkBrA{DfB{BXwEXeDJgGDu@EaA@_HPkH@cLT{FDeDN{AEkCH_BQqFJa@ESq@A_@OYSi@AIJUCUMQ@]Kq@BmAIMIe@CoEE_@B{@?aCCYBMMwAVUhBBl@Ih@QFMAkBHYCi@DyBCuBB_@IsBLaB?uALa@AqABSCOk@]u@}@[Oq@s@AuGGqB@iCEcEGo@?i@HoB\\wBBoACu@Me@Ok@MWy@oCIcAGyCLM@SXYfCCzA?VDbBIv@DbBGHk@FyCAoAIc@?UIg@Wu@g@qAe@u@]_AMOCOUa@uBaGm@mA_@a@wDcG_AaA_A]_BiAi@q@uAuAy@Wi@NSNICCUHe@AKbBaINWTO~A?RH@LIXeCR]JOGIFWGOUSqAOYu@So@IcA@q@e@k@_As@?KEe@aAw@g@Om@a@Uo@y@{@c@WYkAy@Ws@K?IJQBe@o@IS@UNSFAHc@^}@z@k@BY`@cBTaCCm@Bo@COqDaB', 'resource_state': 2}",FALSE,FALSE,FALSE,FALSE,everyone,FALSE,"[41.119468, -85.108241]","[41.119459, -85.108236]",,3.409,5.08,FALSE,FALSE,FALSE,244.6,227.4,14290454932,14290454932,884E1AE5-C883-41EC-ACE6-1887426BCD91-activity.fit,FALSE,1,0,FALSE,,,
2,"{'id': 60229721, 'resource_state': 1}",First Collegiate 800m,804.7,118,118,0,Run,Run,1,13392739510,2025-01-18T21:30:20Z,2025-01-18T21:30:20Z,(GMT+00:00) GMT,0,,,,0,7,4,1,0,"{'id': 'a13392739510', 'summary_polyline': '', 'resource_state': 2}",FALSE,FALSE,TRUE,FALSE,everyone,FALSE,g21189657,[],6.819,,0,FALSE,FALSE,FALSE,,,FALSE,0,0,FALSE,,,,,,,
2,"{'id': 60229721, 'resource_state': 1}",WU,3430.6,957,957,14,Run,Run,0,Strava App,13392282437,2025-01-18T20:44:40Z,2025-01-18T15:44:40Z,(GMT-05:00) America/Indiana/Indianapolis,-18000,,,,0,3,0,3,0,"{'id': 'a13392282437', 'summary_polyline': 'c_~yF~wmfOLFF@NJTDTLPDJHPDHJD?DDL@BFZPt@TBDTFBFt@VDFTFLHL@JD\\TPDDDLBFDTFNJ\\DNLFPJNP^FJVJBD`@Rb@LDDb@NJHd@NRNVHJFTFPL^LJHPD?DIN@TCf@DpBAVIb@EHCb@K\\g@h@CHGAMSGBk@LQHSXSh@ShA[p@W~@KB{@U[WMOAGUWWOC?SDI?KE[w@YY_@KEEGOE_@k@]]i@YWMEUQKCGEKQa@WCEYIOQGOIc@EAGBIPO@MIe@m@AM@INWFAHQFYXu@VW^QJUNw@AGKGI@QKKWBc@FO?GLUb@WPc@PWG[Dc@EU_@COOQEOKUGYSSEm@YG?IEUOYIGK_@K]OEEEAIGE?EE[IEGWIg@[KA[QWI[]IYKMi@[KAYJ_@GIESCIKOEKKE?EAKICGK?EEYKQMQEYYWMCEa@QEE?WDOEc@@{@HuAG{@@q@MgA@_@Ei@?q@CI@QCcACGDgAFa@HOFy@BEN?JGFBPVRLN^PRv@Z`@d@JHPDDAL?LFRZJDBFJBF?DADBLZp@V\\PZHn@XJJF`@Tb@\\JVNF?HHXFFJ', 'resource_state': 2}",FALSE,FALSE,FALSE,FALSE,everyone,FALSE,"[41.119479, -85.108234]","[41.119147, -85.106647]",,3.585,5.02,FALSE,FALSE,FALSE,240.8,230.9,14284167630,14284167630,46FFD1CD-2696-4A1F-B40F-405CF7AB12ED-activity.fit,FALSE,0,0,FALSE,,,
2,"{'id': 60229721, 'resource_state': 1}",Stride Mileage,1287.5,360,360,0,Run,Run,,13381237087,2025-01-17T19:06:48Z,2025-01-17T19:06:48Z,(GMT+00:00) GMT,0,,,,0,5,1,1,0,"{'id': 'a13381237087', 'summary_polyline': '', 'resource_state': 2}",FALSE,FALSE,TRUE,FALSE,everyone,FALSE,g21189657,[],3.576,,0,FALSE,FALSE,FALSE,,,FALSE,0,0,FALSE,,,,,,,
2,"{'id': 60229721, 'resource_state': 1}",Pre Meet,9103.4,2666,3012,26.1,Run,Run,0,Strava App,13381224561,2025-01-17T15:19:19Z,2025-01-17T10:19:19Z,(GMT-05:00) America/Indiana/Indianapolis,-18000,,,,0,5,0,6,0,"{'id': 'a13381224561', 'summary_polyline': '_s~yFtlmfOQIE@y@s@a@SOCAKB[Ci@@YCG@QAYDa@CiCBQKk@EiAAE@a@CuBBy@CWRw@Du@M}@?]FMXYB]Pu@PS`@i@HQBc@P}@E_@WAGIc@HWE[Du@Aw@Ec@@YDi@Es@HOJIGs@BQCeCJKC[s@MIKJI@KKi@HcCFEB[?a@Bc@JgA@QDq@CUFYCe@Fk@B_@CkAHe@CIG?sAKiC?iBGkDBYCK@y@CW@QCY@a@C_@A{@IkAFa@EUDu@CG?aADS\\ENEh@B`@Gh@@tAKnAAZCHIDIEo@@w@E]@a@C{@?s@Ey@AiDES@SA_@@YAc@By@A_@Dc@CE@QJm@V]PGl@GJBh@Ev@OJEVFz@?zAMX@lAG\\Mj@KJKBQ?NGMS{AE}@@IUsCAoBAe@?_@DSCW@q@C]@c@EsBHoADUAGDMBe@Ak@Ce@YgB?IDQO?YaAGg@@[AG?s@Em@B_@CE?y@EU@{@C[AiBICIFSAq@DCBYCcABEBmABWEKDsA?UD]Bs@Ci@HcCB{CPi@Ey@HGPPtBBr@?n@DNAp@BP?l@JRPDf@ZH?j@\\Pb@DT@`@En@I\\Ab@EZ@DD`AGjABRf@j@NF\\h@HTN~@Ah@@L?~@CDYBUJUAYLGJ_@ZEVBXDJZl@N`@JJZl@PRN^Jt@Cd@ENW\\QJU?MNm@ROLk@VmBb@WACGB]CUA_@UuAKqA@SEi@CCEk@SeAIOYWUK_AYy@e@KDCFUBa@bAi@j@]P[HuCF_AFoCb@EH@pAALB`@AN@`AANBd@Af@GJ?HDb@HZEVF|BAZFzDAx@Dl@HLTGl@@XGX@f@Cl@@LPA^BF?`AFl@CP?TFlE@LHHFBRGZ?NEd@Ar@B^GNDfAGd@B\\CJCt@?j@GdBAPENBfACNB@JCXBTALBf@ARAFDTCXB`@BF@V?t@B^?tBDt@A`@BV?`BBRCnDHn@?VDhAFl@?JBDH@TIT@j@CDBtAIjA?v@Cf@Gh@@VK\\@PTA@FNRRJGd@EhAEHBTEx@?pCG`AIJDj@?RFh@MP@RE~BADBt@C|ABVCDB@HAbAPfC?h@Gd@BTCz@NnA@|@JNf@h@r@F`@b@XPJ@PVLHVFBDF?VPzAl@BBJf@', 'resource_state': 2}",FALSE,FALSE,FALSE,FALSE,everyone,FALSE,"[41.119518, -85.108243]","[41.119018, -85.106484]",,3.415,5.02,FALSE,FALSE,FALSE,244.4,235.2,14272206560,14272206560,15762FBC-3CC9-4148-AE78-F4ED8F1993DC-activity.fit,FALSE,0,0,FALSE,,,
2,"{'id': 60229721, 'resource_state': 1}",XT,11265.4,1800,1800,0,Elliptical,Elliptical,27,13373912244,2025-01-16T20:33:23Z,2025-01-16T20:33:23Z,(GMT+00:00) GMT,0,,,,0,3,0,1,0,"{'id': 'a13373912244', 'summary_polyline': '', 'resource_state': 2}",FALSE,FALSE,TRUE,FALSE,everyone,FALSE,,[],6.259,,0,FALSE,FALSE,FALSE,,,FALSE,0,1,FALSE,,,,,,,
2,"{'id': 60229721, 'resource_state': 1}",Recovery,11265.4,3360,3360,0,Run,Run,,13361760914,2025-01-15T13:36:08Z,2025-01-15T13:36:08Z,(GMT+00:00) GMT,0,,,,0,6,0,1,0,"{'id': 'a13361760914', 'summary_polyline': '', 'resource_state': 2}",FALSE,FALSE,TRUE,FALSE,everyone,FALSE,g20679662,[],3.353,,0,FALSE,FALSE,FALSE,,,FALSE,0,0,FALSE,,,,,,,
2,"{'id': 60229721, 'resource_state': 1}",Cooldown + DMR Draft,3540.6,1080,1080,0,Run,Run,,13354708282,2025-01-14T18:19:27Z,2025-01-14T18:19:27Z,(GMT+00:00) GMT,0,,,,0,5,6,1,0,"{'id': 'a13354708282', 'summary_polyline': '', 'resource_state': 2}",FALSE,FALSE,TRUE,FALSE,everyone,FALSE,g20679662,[],3.278,,0,FALSE,FALSE,FALSE,,,FALSE,0,1,FALSE,,,,,,,
2,"{'id': 60229721, 'resource_state': 1}",Split 800m (500/300),804.7,116,116,0,Run,Run,3,13352906575,2025-01-14T14:53:38Z,2025-01-14T14:53:38Z,(GMT+00:00) GMT,0,,,,0,4,0,1,0,"{'id': 'a13352906575', 'summary_polyline': '', 'resource_state': 2}",FALSE,FALSE,TRUE,FALSE,everyone,FALSE,g21189657,[],6.937,,0,FALSE,FALSE,FALSE,,,FALSE,0,0,FALSE,,,,,,,
2,"{'id': 60229721, 'resource_state': 1}",WU,3218.7,960,960,0,Run,Run,,13352185736,2025-01-14T13:17:05Z,2025-01-14T13:17:05Z,(GMT+00:00) GMT,0,,,,0,3,0,1,0,"{'id': 'a13352185736', 'summary_polyline': '', 'resource_state': 2}",FALSE,FALSE,TRUE,FALSE,everyone,FALSE,g20679662,[],3.353,,0,FALSE,FALSE,FALSE,,,FALSE,0,0,FALSE,,,,,,,
2,"{'id': 60229721, 'resource_state': 1}",Recovery,9656.1,2730,2730,0,Run,Run,,13343237045,2025-01-13T13:26:07Z,2025-01-13T13:26:07Z,(GMT+00:00) GMT,0,,,,0,3,0,1,0,"{'id': 'a13343237045', 'summary_polyline': '', 'resource_state': 2}",FALSE,FALSE,TRUE,FALSE,everyone,FALSE,g20679662,[],3.537,,0,FALSE,FALSE,FALSE,,,FALSE,0,0,FALSE,,,,,,,
2,"{'id': 60229721, 'resource_state': 1}",Long Run,16415.3,4590,4590,0,Run,Run,2,13339970470,2025-01-13T02:29:11Z,2025-01-13T02:29:11Z,(GMT+00:00) GMT,0,,,,0,3,0,1,0,"{'id': 'a13339970470', 'summary_polyline': '', 'resource_state': 2}",FALSE,FALSE,TRUE,FALSE,everyone,FALSE,g20679662,[],3.576,,0,FALSE,FALSE,FALSE,,,FALSE,0,2,FALSE,,,,,,,
2,"{'id': 60229721, 'resource_state': 1}",Extra Mileage from Today,2414,900,900,0,Run,Run,,13321308002,2025-01-11T03:47:04Z,2025-01-11T03:47:04Z,(GMT+00:00) GMT,0,,,,0,3,0,1,0,"{'id': 'a13321308002', 'summary_polyline': '', 'resource_state': 2}",FALSE,FALSE,TRUE,FALSE,everyone,FALSE,g20679662,[],2.682,,0,FALSE,FALSE,FALSE,,,FALSE,0,0,FALSE,,,,,,,
2,"{'id': 60229721, 'resource_state': 1}",1k Time Trial ~ (2:34),1000,154,154,0,Run,Run,1,13318223744,2025-01-10T17:19:47Z,2025-01-10T17:19:47Z,(GMT+00:00) GMT,0,,,,0,6,1,1,0,"{'id': 'a13318223744', 'summary_polyline': '', 'resource_state': 2}",FALSE,FALSE,TRUE,FALSE,everyone,FALSE,g21189657,[],6.494,,0,FALSE,FALSE,FALSE,,,FALSE,0,0,FALSE,,,,,,,
2,"{'id': 60229721, 'resource_state': 1}",CD,2317.3,810,970,0,Run,Run,0,Strava App,13317812519,2025-01-10T16:59:10Z,2025-01-10T11:59:10Z,(GMT-05:00) America/Indiana/Indianapolis,-18000,,,,0,3,0,1,0,"{'id': 'a13317812519', 'summary_polyline': '', 'resource_state': 2}",FALSE,FALSE,FALSE,FALSE,everyone,FALSE,[],[],,2.861,8.06,FALSE,FALSE,FALSE,237.7,235.8,14204106990,14204106990,4067F73D-57A8-4AA9-A304-9F4E18BD0B57-activity.fit,FALSE,0,0,FALSE,,,
2,"{'id': 60229721, 'resource_state': 1}",WU,4943.5,1352,1561,17.2,Run,Run,0,Strava App,13317086953,2025-01-10T15:18:32Z,2025-01-10T10:18:32Z,(GMT-05:00) America/Indiana/Indianapolis,-18000,,,,0,2,0,6,0,"{'id': 'a13317086953', 'summary_polyline': 'i_~yF`xmfOB?x@Z^R~@^DDXJb@R`@NNJL@@FPHXJPJd@LBDZNRDBD`@RHFL?\\RXFZh@F\\NJXFJHb@N~@h@D?h@VXJv@\\r@VVPENCz@DdBAn@?HANGJ?JGTGRON_@r@GCOOKGMBSJSFKHENQ\\AFSt@ETMVIf@ILI\\KPYGE@UEMIEA[YMYe@c@GAODCBUIUa@?IKQKIQME@OMM]CEIOc@UIOGQSUQMUI]WWWUOi@Y[aAIFKNMBIMUSEMMMCOd@s@F_@\\s@HIH?FE@GRMNo@?ETo@Nu@@WLu@?o@Cg@B]LSHYLSJUBUFMFYAS@ECKWi@EGG?QeASYAGg@_@EIQKEWAOCEEUEMIe@Si@Kc@IeAGMWQGKMe@EMEAISCU?SCMSYKWQOG?GGM]IAEBo@a@a@MOa@CCAQMQWGa@Us@WKGc@OOYKGM@GCU_@KEEEKCK@SCSKM[MMg@MUMMOO_@WMCGAIFUEGEDCXK?YLCRBHCRSp@@zBFvA?lA@^Fb@DzBGjA@~ABj@FTHDDCjAz@XJF@ZR\\JPJNPH@PND@HDPBd@MF@f@d@RVr@l@VFHHD?DDXDXPD?DFj@RDCPyED??CFF?Ko@uCTtBa@yAGNEVBd@A`@MX@JFBD@HAZYBh@Do@Bf@Bm@DI?~@FOFAFe@FGHQPm@@OCSGEG@k@j@Qp@Bt@c@`A@VJEVF\\SRc@NOFAAENa@Da@?y@gBHGHGXAj@@f@V~@T`@XARGRc@d@e@[CHU@KIUIIj@Fs@Y?KtBp@DSFC', 'resource_state': 2}",FALSE,FALSE,FALSE,FALSE,everyone,FALSE,"[41.119504, -85.108236]","[41.119511, -85.107504]",,3.656,12,FALSE,FALSE,FALSE,240.8,230.9,14203328330,14203328330,0277389C-C082-451E-AAE7-7BA735464C80-activity.fit,FALSE,0,0,FALSE,,,
2,"{'id': 60229721, 'resource_state': 1}",Strides,321.9,60,60,0,Run,Run,,13309395323,2025-01-09T17:22:37Z,2025-01-09T17:22:37Z,(GMT+00:00) GMT,0,,,,0,2,0,1,0,"{'id': 'a13309395323', 'summary_polyline': '', 'resource_state': 2}",FALSE,FALSE,TRUE,FALSE,everyone,FALSE,g21189657,[],5.364,,0,FALSE,FALSE,FALSE,,,FALSE,0,0,FALSE,,,,,,,
2,"{'id': 60229721, 'resource_state': 1}",Pre-Meet,8150.9,2359,2999,33.9,Run,Run,0,Strava App,13309369830,2025-01-09T15:23:45Z,2025-01-09T10:23:45Z,(GMT-05:00) America/Indiana/Indianapolis,-18000,,,,3,3,0,4,0,"{'id': 'a13309369830', 'summary_polyline': 'c_~yFbxmfOTJPDHH^HHHVH^VNBDDZLJ@DDl@VJHDAv@\\HJR~@@HE\\Jb@@RPpASnA?h@CLDxEFXNPLFXXFJXhANPJ^D@Tn@PVERG@CJh@z@\\VF?PJP@XCVDDAJDn@F\\LLNHTAHNz@HJNDFGFANNHDJ?PI\\C`@IPCP@TCFCPUTDHCP@HAh@DZLRPXHr@b@b@Pr@RRLtAh@d@@^OVNFCXFV?FBV@z@LJ@XMVBVCT@`@NVBDALKVGTA`@MZHd@KV@DBZCPD\\IRAL?LF\\GRBPGPDz@CP@l@Ij@DdACNGt@D`@GRF`AK^?DBHAVF^GHDb@GX@DAxABREJBZEPBj@CJBVIvA?fAIN@pBCN@j@Ch@?XGh@DDC^Ap@A^BREh@@RCJBh@IV?JDXCX@^CvAAXCV@XCT@`AGv@@TCL@`AKd@D~BIr@?PCR@bAARErA@t@En@?d@GLBt@EdA?PC`A?XEPBPETDTEbAE`@@BCjCCd@Eb@?JAXBDClBEPHL?FCf@El@BPIR@XEN@LCj@@JEXBRCJ@RE`ABRER@JCXDRCh@BBCBIH@LJPEFEy@CI@GFK@q@@KA]@CBIEGAMDYAi@B]Ae@?ODc@AEDKCe@D_@Ci@Fq@EYDi@@SB{@?w@DiB?o@D{@?YBg@?IEYDW?YDWAy@F[Ee@Fk@?o@Da@CMDo@?i@DYCe@DEC[Bi@AKDM@KCyBJu@CUD_A?[Dk@AEDIEo@@UD[?GCKDYASDWCIBECg@Di@?YDGCq@?KBg@Ae@D[A]BKEWF_E@IBKIG?WHW@MDg@Ey@BOBi@?Y@KAk@DoA?CBk@CYBKAE@W?qAFGCk@Dw@AaAFWCGCUBWEe@Fw@?s@DW?[DWEEBi@AODMEYF_@@]CYD[CwADYEg@H}@Co@Fg@Eo@NE?i@TUKc@Is@Ak@Jy@Ke@AGEy@GYEUFIEQDIIYCQQSCk@Y_@GOIM?KGIMSAKO]Iq@e@[GE@YCODm@?G@IRE@GAkANs@BOFG?KHKAGEEBMKEMKc@Em@?KS[qAU}@EGBKGK?OMKCKEKOMUOQ@WHSCOOOSo@Ue@Oi@KOIYe@m@Wa@AUBUAEGeBBa@Ay@Bu@HYDq@AOY_B?{@Oy@CIeAk@eA_@KKQC{@_@YSKAe@S', 'resource_state': 2}",FALSE,FALSE,FALSE,FALSE,everyone,FALSE,"[41.119486, -85.108245]","[41.119286, -85.108335]",,3.455,5,FALSE,FALSE,FALSE,241.1,227.4,14195057809,14195057809,7A8F4ACD-8542-4927-B32A-50A16987A8A6-activity.fit,FALSE,1,0,FALSE,,,
2,"{'id': 60229721, 'resource_state': 1}",Free Ice Cream at Bob’s,11274.6,3331,4490,48.8,Run,Run,2,Strava App,13300354389,2025-01-08T15:23:26Z,2025-01-08T10:23:26Z,(GMT-05:00) America/Indiana/Indianapolis,-18000,,,,1,6,0,6,0,"{'id': 'a13300354389', 'summary_polyline': '__~yFbxmfOfGfCdAh@PXLv@An@XzBWjBC~A?XFb@GjAJn@?^bAzBXZRLVXZZ@JOR@JVVZf@`@PjAB|ATXb@HbAJXd@HVVZGNQLEfBWJK?UIMOEWF}@CQDSRQd@y@hEYhAM~@?^XDLUn@Kj@XfAnAR\\n@l@t@f@jBt@d@d@dA`BFPZ^JVh@n@DNZ\\x@jAb@rAlA|C`@z@V~@Xv@hArBZv@XjAFn@A~AB\\KzBOf@gDGKFkCDQGYF?LM^?HwCBGDB\\@rBHv@zAbFHf@Dn@Cx@]zBInAB`AEXBVCx@F~AAxBDdBC^HvD?nCJ\\l@b@vBpB@H@pAOv@?~AKr@BvAC\\BNCl@DtAEtA@fAEfA?nBKJyAPgBAMFC`@MBYZeAXiAEkCFiOf@ALRj@Hv@CRDdACL@b@DDCl@DPDDPC`@Hz@Cf@KvA@~Bn@VIpAIXBl@MpCuBTCz@PVRRVDNCb@F^AjAHl@?TDH?r@Tn@ANHf@AXJp@JTD|@Th@D@p@Ix@BDEtDE`APxBEh@DnACdAKr@?NFtAGzA@`EW^DdCI\\FxDGfAG^Dx@Gi@Eg@MGYH[AWO_@cAm@g@AMQEO@a@H_@F_A]kB?yALaA^qBk@HWIQNS@Cb@]pA[TQBIKMk@OWQo@QWQs@a@{@Om@Sc@UU]y@SE_@k@aAo@[e@OEIOo@a@aAcAEKIg@NS?K@oACq@BsANWd@WN_@@O@i@CGBQ@kFEgADcARi@|AmAJk@HIf@mBGOOCQSYO[C}@[_Ak@cAS_Bk@[_@GAqBiBWSUE_@[q@_AWo@QcAO[CMF]GiB^u@NID]`@q@Fi@?URu@@UC_@Fg@L[Bu@IgAHy@Go@B]Ew@QaAAgBE}@@[Ce@Q}@mAuCe@u@s@_Bs@wBG[QY}@eCu@oAg@k@g@}@WYQ_@III[}@qA_@]uAq@qA{@q@o@c@kAUK[AUQ_@Gg@NSTQOCUHQLaArAmGb@k@rBBFL?HKVaBHiAPYAOCSSE{@Ws@oBa@y@?m@Ye@s@[Ug@DMKa@_Ak@[Ys@m@c@[k@}@e@_A{@c@O[aAUPOBa@[QWEKDY^YD]^_A\\S^[?[T{@ViBDm@AoAFa@QQ{@[EGcBo@', 'resource_state': 2}",FALSE,FALSE,FALSE,FALSE,everyone,FALSE,"[41.119483, -85.108286]","[41.119297, -85.107537]",,3.385,5.52,FALSE,FALSE,FALSE,246.9,228.1,14185415105,14185415105,61C05F2A-786D-47A8-BF74-403C379AAD3B-activity.fit,FALSE,0,0,FALSE,,,
2,"{'id': 60229721, 'resource_state': 1}",Workout,6400,1275,1275,0,Run,Run,3,13291691634,2025-01-07T16:44:37Z,2025-01-07T16:44:37Z,(GMT+00:00) GMT,0,,,,0,4,0,1,0,"{'id': 'a13291691634', 'summary_polyline': '', 'resource_state': 2}",FALSE,FALSE,TRUE,FALSE,everyone,FALSE,g19351325,[],5.02,,0,FALSE,FALSE,FALSE,,,FALSE,0,0,FALSE,,,,,,,
2,"{'id': 60229721, 'resource_state': 1}",CD,3227.3,996,1112,13.4,Run,Run,0,Strava App,13291655665,2025-01-07T16:55:39Z,2025-01-07T11:55:39Z,(GMT-05:00) America/Indiana/Indianapolis,-18000,,,,0,4,0,6,0,"{'id': 'a13291655665', 'summary_polyline': 'y~}yFdxmfObAf@HBNLJ?LLVHJJNBlBx@FSBVN@|@h@L@JHvAh@LHTFL@NJT`@J^RPL@DCJNP?FN`@NLJF@TJJ@NNTDRLN@NLt@VNLNFN?DO\\k@hAd@HJH?~@`@JJ@LOv@Gz@EPIdAA`@CFCR@XRJPIHTH?HBZ^J@HBT?FFd@qBDe@L]l@yCP_@Dg@R_@TwAFQAIGCG@k@OCGQAUMM@AADE?IEGICQAKD?\\[v@Qv@Oz@C^IVAXKf@IVCZM^GDCNC@Az@Gr@@JXhAT`@N^LLRXHHZfBOdAGTGDCXEH?FENI@KQGEK?a@GQAC@m@?SBIPE@c@?g@JEASDKAEBUBQFQ?KIMEKMKg@Ek@EEIWYGECO?_@IG@IEYAKBW?_@KUOE?QYEACMIKc@[KHM@MGKQSk@USc@QOk@GKQIGAMMIQIGYc@[OYICEEAOUYUm@YUy@GAIFEFMF[W[i@AON[ROFO@S^y@h@]JIBIB[J_@^qBDo@@{@AYD_@AOSEIIiAc@OMSEIGKE]WE?', 'resource_state': 2}",FALSE,FALSE,FALSE,FALSE,everyone,FALSE,"[41.119421, -85.108325]","[41.119389, -85.107348]",,3.24,7.58,FALSE,FALSE,FALSE,243.5,230.5,14176121589,14176121589,95E8ABA1-59B0-4BB5-AFF6-479E20E82264-activity.fit,FALSE,0,0,FALSE,,,
2,"{'id': 60229721, 'resource_state': 1}",WU,5416,1475,1483,22,Run,Run,0,Strava App,13291361491,2025-01-07T15:18:42Z,2025-01-07T10:18:42Z,(GMT-05:00) America/Indiana/Indianapolis,-18000,,,,0,4,0,8,0,"{'id': 'a13291361491', 'summary_polyline': 'c_~yF`xmfOZHf@VPDb@RVFZPPD`@VZJJJRHFAd@Vl@RVRPB`@TNDv@\\^FJLXbAHJF@VLPFDDtAh@h@VNJTDJJd@LRJf@PNJ?HEV?XCD?PDb@Ab@Bh@Cj@Kp@MT?Hg@h@KRWUMCMHM@KDWREPWj@E^Mh@Yr@Up@IL}@Ue@e@M[[WUAYFCEQYIWKSKIg@UKa@IS_@Qs@aAa@SSEKIEOGIOI_@SQEGEGISs@K@IJIFm@k@EKAUBKJSHEJWF]Vg@RMD?VUFYVo@DOBc@FQPeA@a@EkAFa@COGGYCSO_Ae@{@[qB}@mAc@MKMCa@WWIOMYG]OUSGSUa@EMIESCWAYD_@OE?KGG@CGMACGWGUQ_A]KKEAMMQIOO_@OEGACB_@CaBDgBBGGq@BOAm@K_A@c@CU?k@CO@a@CS@y@C[?QDULc@Dy@DAJ@TIDBJTNFDFR`@LPLDVBLFNLNXDBTHTARFh@l@DBRCL\\LFPBJH^LZRN@DDd@TLTBZRXVLd@NVNPLJRF?PJJV@HN\\@PHf@DBRd@DTZVBHHZ@`@DPFJF^LZ?FLRBZJ\\Jd@FFJBTPNPT^DNDj@FJBHBh@CH?\\Tb@AJMh@FJJFPr@XLDDv@b@n@TRNf@PDD`@J~@b@DVNd@JHFJ|@^PDXNJ@DD\\PLBnB|@f@RDDLDBDK`@DNAxBD`@El@GNEXQd@c@f@ELGAGIEEQ@[B[RYb@_@bB[~@Ub@GRMAMGSA_@Q[]Wg@a@KQFMEKMAIQa@QSg@SOg@IMWMOOQ[SUQOKCEEQEW_@UQWKa@UIUK_@GCYVGAS]WSCIAWHQPMFW\\y@NW^QJKFMB]XeANeAJ}ACm@F_@EQGCO?w@g@iBq@', 'resource_state': 2}",FALSE,FALSE,FALSE,FALSE,everyone,FALSE,"[41.119474, -85.108244]","[41.119456, -85.108224]",,3.672,4.86,FALSE,FALSE,FALSE,240.8,230.9,14175807262,14175807262,8AC8B20A-4A12-4A8C-BC10-F8024E3FD9D5-activity.fit,FALSE,0,0,FALSE,,,
2,"{'id': 60229721, 'resource_state': 1}",8 x 2min on/ 1min off,5793.7,1440,1440,0,Run,Run,3,13258250084,2025-01-03T20:38:01Z,2025-01-03T20:38:01Z,(GMT+00:00) GMT,0,,,,0,4,2,1,0,"{'id': 'a13258250084', 'summary_polyline': '', 'resource_state': 2}",FALSE,FALSE,TRUE,FALSE,everyone,FALSE,g19351325,[],4.023,,0,FALSE,FALSE,FALSE,,,FALSE,0,1,FALSE,,,,,,,
2,"{'id': 60229721, 'resource_state': 1}",Recovery,9656.1,2706,2706,0,Run,Run,,13241964387,2025-01-01T21:41:55Z,2025-01-01T21:41:55Z,(GMT+00:00) GMT,0,,,,0,4,2,1,0,"{'id': 'a13241964387', 'summary_polyline': '', 'resource_state': 2}",FALSE,FALSE,TRUE,FALSE,everyone,FALSE,g20679662,[],3.568,,0,FALSE,FALSE,FALSE,,,FALSE,0,1,FALSE,,,,,,,
2,"{'id': 60229721, 'resource_state': 1}",Fartlek- 10 x 1on/1off,4983.3,1200,1345,15.1,Run,Run,3,Strava App,13202892236,2024-12-27T18:34:27Z,2024-12-27T13:34:27Z,(GMT-05:00) America/Indiana/Indianapolis,-18000,,,,0,3,0,1,0,"{'id': 'a13202892236', 'summary_polyline': '_p{yFjtffO?`ADn@AXDf@@rDD`A?v@Dt@?j@Dh@?h@Dd@?JLv@n@jAHRJbAF\\BbBAb@B^?VBf@Cp@D\\A\\Bb@ATD\\A`@FvAEz@BLBp@@xBBj@CVBJ@p@?dABz@ALD\\Al@Bl@Ab@?xABV@x@AD@n@AP@VDZBbA?RBPC`@Df@ANBd@A~ADfACx@BJ@nADp@AbABnAAd@Bp@APEHIHK?OEOBw@h@SXOFQPMVMLOVIFQXMFSZIFWVGLm@l@O\\IFG\\c@l@Sd@m@`ASn@W`@qAbDW`AO\\Ql@Wb@KFE@GEg@BEC[DQAEBKAWDWAWDYCWFKCWBe@Aa@DGAYBQIQOKSGc@Dc@?UEW?i@QeAOiAAa@G]IMUDMP_@RQB_@CCBQ@EAi@BWUA_@EGGA@Y?}@A_@@OC_@@GCc@@a@Ec@@_@CKAm@@WCy@BICa@@_@C_@?SCI@u@CGBk@CI@OCW?aACu@@QCmAB]G]BO?e@KuCBc@Cw@@u@CK@KCK@KCIBa@EqA@_@CI?_@Co@@a@?UCG@s@CsAAK?u@Ea@@a@C}AB[CM?k@B[OsA`@Q@YDO@s@CaA?WAS?{@EcA?w@CuBCyACEAKAwABaAC[?m@CG@mBEs@@qACo@A{BTGHKJAVMD?TSH@FEj@?FGDWEKAY?c@CK@KCk@Bc@IoABa@?c@CuAFWFGVFXI\\BDC', 'resource_state': 2}",FALSE,FALSE,FALSE,FALSE,everyone,FALSE,"[41.107156, -85.069494]","[41.109827, -85.070605]",,4.153,6.76,FALSE,FALSE,FALSE,249,241.3,14080266745,14080266745,8FDC7C20-DD8C-41D3-8B5F-621D6B0AEBDF-activity.fit,FALSE,0,0,FALSE,,,
2,"{'id': 60229721, 'resource_state': 1}",4 x 300m,1238.1,194,584,0,Run,Run,3,Strava App,13182626641,2024-12-24T16:00:36Z,2024-12-24T11:00:36Z,(GMT-05:00) America/Indiana/Indianapolis,-18000,,,,0,5,1,1,0,"{'id': 'a13182626641', 'summary_polyline': '', 'resource_state': 2}",FALSE,FALSE,FALSE,FALSE,everyone,FALSE,[],[],,6.382,10.9,FALSE,FALSE,FALSE,233.3,232.9,14058444097,14058444097,798AB6F3-516F-4A3B-ABBE-7BFC1F384B3D-activity.fit,FALSE,0,0,FALSE,,,
2,"{'id': 60229721, 'resource_state': 1}",3 x 2k,6132.9,1323,1618,0,Run,Run,3,Strava App,13182519296,2024-12-24T15:26:15Z,2024-12-24T10:26:15Z,(GMT-05:00) America/Indiana/Indianapolis,-18000,,,,0,6,2,1,0,"{'id': 'a13182519296', 'summary_polyline': '', 'resource_state': 2}",FALSE,FALSE,FALSE,FALSE,everyone,FALSE,[],[],,4.636,7.26,FALSE,FALSE,FALSE,233.3,233.1,14058329563,14058329563,62AC99A3-6388-4D2E-8A08-BEDD86A0A0E2-activity.fit,FALSE,0,0,FALSE,,,
2,"{'id': 60229721, 'resource_state': 1}",WU,3223,936,945,17.4,Run,Run,0,Strava App,13182275753,2024-12-24T15:05:41Z,2024-12-24T10:05:41Z,(GMT-05:00) America/Indiana/Indianapolis,-18000,,,,0,4,1,1,0,"{'id': 'a13182275753', 'summary_polyline': 'i`bzF~wmfOCJEDO?OHWBYFKVEf@EVGlA?NFZCTAf@JhADLRXTLXABDXFHHDLLNNED?n@Vf@`@r@~@Zt@HLVz@Z|AHnAAx@Ed@Ox@Sb@AFEDKXEBW`@E@GLm@b@GLa@ZOZUR_@r@Md@Cf@Ah@@FA\\XvAHz@Gt@I\\Ed@DBN?TVJDf@ZZNHFTFNNDARBJFBDTHJLJDDABDL@vAt@J@TRf@Rj@Z{BiAUKGE{@]WQG?a@WKAWK_Ai@G?OMSISOE?W[KEGINg@JmAAWCGG]Ok@Gg@?WBGAi@HUDc@JSJ[`@o@FCDMh@e@LQPKVUV[L[FERc@T_ADYDy@E_BSgA_@oAOYK[QUIUIGQYUOSWu@Yq@OE@g@MOY[SSe@CWCK?_@AOF{@DyAJ_AFUVKPWTGBGNKXC', 'resource_state': 2}",FALSE,FALSE,FALSE,FALSE,everyone,FALSE,"[41.137592, -85.106418]","[41.13742, -85.106399]",,3.443,4.66,FALSE,FALSE,FALSE,243.9,233.7,14058070616,14058070616,E8CDD577-166B-4890-9CE8-D0EB8E0AF6CE-activity.fit,FALSE,0,0,FALSE,,,
2,"{'id': 60229721, 'resource_state': 1}",Recovery,9657.2,2731,2945,30.3,Run,Run,0,Strava App,13178573118,2024-12-24T03:42:29Z,2024-12-23T22:42:29Z,(GMT-05:00) America/Indiana/Indianapolis,-18000,,,,0,6,1,1,0,"{'id': 'a13178573118', 'summary_polyline': 'ka|yFncffOsBM}@QyAi@m@MgBy@RY@KJ_AJcCFa@?cCAG?i@AG?iCCU@w@A{@Jw@HSRSD[C[Oa@w@mAc@_@QGmACa@YEKI]AWEO?W^sBTcBP{@Hw@AYBOFCRFvBAh@ExAGf@@lAK~@?z@EhBCRELBj@IXDVEXBz@K|CCXGX@h@AbFSX@TEzCEvAKxDMHDx@Kj@BzEOLFtApCp@zA^xADFNv@BFJx@DD?^J^@b@Jd@Dl@PjA@PH\\Fz@Jl@Dr@FPDn@N`AFz@Pt@?^PjATjA@RJVAd@DTDp@JvCCL?PD^CLDv@@vCD\\Ax@Bj@Ar@D\\A^B`@AVGb@BDBx@Fj@A`@D^At@@VC`ADn@?`ADv@?dAAFF`@CN@p@AN@h@BFAb@BPAz@Dt@AR@F@dBBVAPFl@CP?j@HxBAzADbBXA`BDFDNVh@BNLXGf@@TCNBLCv@DVR`@Gf@SNAJFHAHMJANOB@?PF?f@GH@~CKJBvAGX@nAGJBzCIHMHi@HCv@Fd@Gz@CJBlCKDQ@[Je@?QRm@@[FMCCHC@WR}@Da@J]Fq@N_ADG?OJ_@@MHWNgADERgBDEAGLi@BEDYCOm@c@G@IIe@MUOi@SEQJ_@Jq@TkB@g@CYCGGAMBIEq@Ei@HSCOSKm@SWUKa@Em@DcA@o@AWHSHOPGPIf@Fd@N\\PNFAIADFVFNAPGl@@hAGl@B\\Sp@k@b@Ob@?dALDf@EP?^I^@HGNKv@K^Ah@^P\\T`@Ft@TNNHZK\\Bf@Oh@APQ`AEBCJBHANEN?FENAXIJGNo@bESl@EX?H]bAG`@ITIz@K`@c@ES@CB[C}@D[AWD_DBKFGPU\\IBMEKBa@Bo@ECDy@Cu@BWF{@AyDL[SEDE@YIkBRo@@WHICg@Hi@AMFc@Ea@DcAB[KAUOW[AGMBQEe@IwDAuB@OKsD?gBCYAcA@OCa@@OEsB?iBImC@OCa@Be@Ec@@OCa@@OEY_@QMFc@AUBKCWD[CcAB]N_@FGAQFg@I_@Se@c@GMe@[IAi@b@ILELMDY^s@NY@q@Ne@TSTWt@Id@CtBM`@UZUHa@DGCWHiBBaAFk@COEU_@M]OeBUuAe@oBGc@MYKc@CYAg@@WGs@Bc@C_@@K', 'resource_state': 2}",FALSE,FALSE,FALSE,FALSE,everyone,FALSE,"[41.107184, -85.069496]","[41.107591, -85.069615]",,3.536,6.16,FALSE,FALSE,FALSE,247,233,14054111986,14054111986,A8BAA71F-AFB6-4B52-9962-534AEB888FBB-activity.fit,FALSE,0,0,FALSE,,,
2,"{'id': 60229721, 'resource_state': 1}",Sad 30 mins.,6850.5,1815,2562,14.7,Run,Run,0,Strava App,13164526886,2024-12-21T22:20:36Z,2024-12-21T17:20:36Z,(GMT-05:00) America/Indiana/Indianapolis,-18000,,,,0,6,3,1,0,"{'id': 'a13164526886', 'summary_polyline': 'y}{yFvvefO?a@@MEs@Qa@U]I@YPS@QIg@u@IIQGQDMF]@QBWCY@EAKBII_@IEK[U{@@KAEGDu@ASA}BDi@FYFCFMTYFC@Eh@k@^SZ?XIXEVIH?TINAp@_@ZCPGZAREVA`AAZCLGh@GDBAVHZZv@^p@?Hh@|@NFDAHMx@u@@I?CGGIAI[Q]Mc@Eu@Oa@Ba@AQK[?i@Km@C_AAG?c@CGCe@l@B^AJB@TAZDVB\\Ph@FBBNX\\F@RLPTRLD?TPTDDAJFN?JCj@Bj@GF@RENHVIZ@FCZB\\Mv@FbART@ZELBPCLB\\ED@VAJBDSB]EwA@i@Oo@?IEYMSQw@O]?GO[Sm@Iy@?i@BEFANFZCR@FADCF@LCh@BXGZ@j@EFCV@DAp@?DCLB^GNDDEd@AV@LCT@JEb@@JL@JXj@b@p@Nf@Tb@Vr@?FR\\Np@L\\j@dD?RPjA?TLx@H~@TtABf@Nt@AHZ`CB`@DPBf@R`BTbAD`@H`@PlCAHDj@Ab@@z@Dd@AJ?Z@FAd@Bb@?b@Bb@Ad@DrAAb@Bh@ApABn@Oj@CDG@e@ESDKASFM@QHO@YJe@FiA`@KEW@YCc@YSSSMKMQKGMKGG@WZAFWROZKHk@V_@HK?KBMHM@QRWF_@h@IXG\\@zBCXMVILMHELWJe@?i@FGA[@WAOBw@Ay@DSC]SW_@COKEILEBQAEBm@HKDWEEBw@@GCEBUBECKBEAQ?ABK?KHEN?JDp@C\\HbDBDDb@Pv@Vh@FVPZLf@D`@BH?bBDPAHBFCRBXCd@@PBHALB\\Ab@@D@ZAFBf@Ab@BZ@jBI@WIg@FM?]Dg@AE@k@@YDGAq@BGCg@F]AEB]?{@B]?kAFGAEBq@@EBYAg@@EA]DQCWDSAKC?IDa@AY@e@Ec@BECS@[Ea@BQCo@@SCc@@mAAG?UD}A@INETD`@CLEF@FCJDd@ILEDSEg@F}@Cc@@e@EYCs@BYAoBHa@AIVy@Jc@BEZ}AFOLs@Pg@j@aCPeABe@Eg@', 'resource_state': 2}",FALSE,FALSE,FALSE,FALSE,everyone,FALSE,"[41.107167, -85.069426]","[41.107162, -85.069314]",,3.774,5.8,FALSE,FALSE,FALSE,248.2,236.1,14038982417,14038982417,AEAC30B0-7BFA-4406-B9F4-9B1BF7F81F1B-activity.fit,FALSE,0,0,FALSE,,,
2,"{'id': 60229721, 'resource_state': 1}",30 mins,6459.8,1800,2002,32.1,Run,Run,0,Strava App,13151535432,2024-12-19T21:34:50Z,2024-12-19T16:34:50Z,(GMT-05:00) America/Indiana/Indianapolis,-18000,,,,2,5,4,1,0,"{'id': 'a13151535432', 'summary_polyline': 'uo}yF`alfOj@ARDHERANEx@C`A?|@IfABVEpBELCz@?XBRGRBVEv@?TEjA?LA~@CRE`@@JCD@JHDl@FN^`@TD^GJBDCJDPZ@j@A\\Dv@Ap@Od@GJEPe@xCCXBTHT?`@AJERIJUF]AGJJ`A@jCEJSDAJB\\?XCFIDMCAMDQEI[EGUDi@CU@ICg@BkAEWMOAGBKAMBKLSDg@AMKIGOAKHQ?IIEM?KEO?WPODC?[JE?E@KAKFKDEAIFE?g@XE@m@n@E@g@^qAj@w@Ne@Ba@IMKIKQ_@AOMOCMMQOCMDIJa@J]?a@B[HEDKl@MTOf@Bl@C`@@v@BPC`@D~ACNDj@IfAKf@IVMHY@URC^?JG`@IZSXAF@JEPSv@O\\@^LXTVXn@@VCF@r@BNHT\\XPHF?BDHVHHNb@HFNBTPVJBDPJd@NBD`@RHh@BFLtAJJD@\\PD?BFJBDFD@VTPXRPLTXRJJNB`@XVFBBn@THHVFHFD?BFBJKd@[jC?RG^?t@VRDL\\b@b@nANl@FBLVVdBQ~@Wv@IHGBKAUOWC[ASD_@CKBOT[?O@GDG@SAoCi@Ku@EKYSa@COIa@Eo@?YEMEUOg@u@QO_@EOBQEOg@KQQQe@UII?QISOO]MKYECQW[S_@OU]]UE?QG]WIa@GMGEAASPK@UYUSIQBSTWBI?KHi@?Y@GRIJ?HBFI\\QJSJe@DWAGMGI@QOEKAWDUJUHIJSRKVg@Ce@M[BWCKISEESAKCk@g@[GMMi@QYQKAWOG?CEMCQKKA[MCGEEMCIG[KOMMCUQEAECM?_@Km@q@G?MIMOQYMEYJYMWIa@SCG[KEEUGE@[Me@]UKSS[OKCCG@IFIBKE[CkAHaACO@YEa@@i@KqAAyAGWBQAy@Eu@?[Fu@N]Bu@Ec@Ia@?QJQTUNq@Tq@\\]LSHUDo@H_@\\]XAf@M\\@DAD@FAN?DCD@d@AL@BCFBRE`@@PCZ@PC^@DCRA', 'resource_state': 2}",FALSE,FALSE,FALSE,FALSE,everyone,FALSE,"[41.117099, -85.10044]","[41.117131, -85.100935]",,3.589,5.11,FALSE,FALSE,FALSE,243.5,230.9,14024991298,14024991298,8704BD15-8452-4A29-9EBB-BF7496717F5C-activity.fit,FALSE,1,1,FALSE,,,
2,"{'id': 60229721, 'resource_state': 1}",WE BACK,9665.1,2667,3289,32.7,Run,Run,0,Strava App,13138356741,2024-12-17T22:15:27Z,2024-12-17T17:15:27Z,(GMT-05:00) America/Indiana/Indianapolis,-18000,,,,2,5,0,1,0,"{'id': 'a13138356741', 'summary_polyline': 'qn}yFx`lfOPBPANABEAUMUKeDB_@E_@CiBE_@K[{@sAEMEi@?_@EaBCGKKOCCG?UMMEADSXWBIl@_AJSLm@?WEUDw@Ck@AKEGMCGBWGqBDKGCIDe@Ee@@i@EW?q@EwA@kACaAAaA@OEw@?QGKUEEDYCqBFMIEFKVuAt@_@DWAGDYCW@OIEIBm@COQQOGKUDc@CGAgBCIBa@AYEw@EO@QEq@Bu@Ec@@{BA}ACO@uBE_@@s@Ag@@]CQ@[CQ?eAEaBBi@EgA@SCWBQC]?a@AG@QCqCI_@Dg@CQIAUDSEs@HYAiAFEAGBYCe@BYIKDYCYFYA{A@YB{BSg@BgB?yEFIACEOY?UHW?KEy@@ICa@BGAs@CEI?QNUAk@FYAy@DcA?kCJIAyAHw@?e@Do@AyBL_@AEBiBDYASKUm@EAQHa@C]B[?QBWAYDm@AKSKAIIQg@@[L_@Jy@Tm@Ju@?cAAYKe@?Kg@}AGEM]KEIQc@Ua@Mi@KIGc@Im@YQ?i@Uc@MUA[Ug@Fw@h@_@N]@o@CGCIMEQB[AO@a@Es@CcAFq@Cq@@y@G{CAgBCo@AaBC_A_@OiA?eAFmAAe@Fi@?SDoB@QNSEIFA~A@vBIbADCFSASCGBs@CsAB_@?m@@ODGFANDd@GNBfAGj@@BEZIhCERC`@@RCZ@Nh@^CDDMX?HDTCdABdA@hB@V@f@APB\\AHBb@At@Bj@Ef@B`@AXFt@Eb@B\\CRBl@?\\Db@HRHHBHAVDjBAFHbAALKb@BXAFOTDhA@jDB`@BDBTCl@GNBd@AZ@`@CVFb@BrEDZCz@@l@BPAF@d@CF@HDf@AbBFv@ARBZEd@Dp@?lAFdB?d@Bf@?nADt@C^B^AP@^APDp@Cd@Bt@ARBdAAh@B~ABFAv@DvBAnAFtAAp@Bx@@nAD^E~@DlACP@XBF?~@@H?\\CF@n@B\\?~@Bf@?j@CRFl@AJ@vAHnBCb@Bb@?hAB`@A^B^?lA@JRn@NLTF`@`@^Td@VTPRDPNXHTJPBJFN?dAPLGr@GlC?JCx@?dAIp@Bp@IP@nCKhBAnAIDBl@Gx@@|@IT?LElAKxDKx@@HCJ@XGdABDCRCLBd@Ej@HXIJ?LDFE^C|BANBPEJDl@CTD~B?^GXBhAInA@lCG', 'resource_state': 2}",FALSE,FALSE,FALSE,FALSE,everyone,FALSE,"[41.116913, -85.100489]","[41.117044, -85.100535]",,3.624,5.5,FALSE,FALSE,FALSE,246.2,236.1,14010840208,14010840208,06C23C57-DA8E-4B3B-A6DF-66D581ED77E0-activity.fit,FALSE,1,0,FALSE,,,
2,"{'id': 60229721, 'resource_state': 1}",First Official Collegiate Track Race - 1600m,0,1,1,0,Run,Run,1,13067862356,2024-12-07T20:43:24Z,2024-12-07T20:43:24Z,(GMT+00:00) GMT,0,,,,0,3,1,1,0,"{'id': 'a13067862356', 'summary_polyline': '', 'resource_state': 2}",FALSE,FALSE,TRUE,FALSE,everyone,FALSE,g20679662,[],0,,0,FALSE,FALSE,FALSE,,,FALSE,0,0,FALSE,,,,,,,
2,"{'id': 60229721, 'resource_state': 1}",4 x 400m,1609.4,229,229,0,Run,Run,1,13067904275,2024-12-07T19:55:55Z,2024-12-07T19:55:55Z,(GMT+00:00) GMT,0,,,,0,4,0,1,0,"{'id': 'a13067904275', 'summary_polyline': '', 'resource_state': 2}",FALSE,FALSE,TRUE,FALSE,everyone,FALSE,g19351325,[],7.028,,0,FALSE,FALSE,FALSE,,,FALSE,0,0,FALSE,,,,,,,
2,"{'id': 60229721, 'resource_state': 1}",SECOND Official Collegiate Track Race - 3k,3000,553,553,0,Run,Run,1,13067882354,2024-12-07T19:30:08Z,2024-12-07T19:30:08Z,(GMT+00:00) GMT,0,,,,0,7,2,1,0,"{'id': 'a13067882354', 'summary_polyline': '', 'resource_state': 2}",FALSE,FALSE,TRUE,FALSE,everyone,FALSE,g19351325,[],5.425,,0,FALSE,FALSE,FALSE,,,FALSE,0,0,FALSE,,,,,,,
2,"{'id': 60229721, 'resource_state': 1}",WU,2011.9,569,569,8.5,Run,Run,0,Strava App,13067372613,2024-12-07T18:41:16Z,2024-12-07T13:41:16Z,(GMT-05:00) America/Indiana/Indianapolis,-18000,,,,0,2,0,4,0,"{'id': 'a13067372613', 'summary_polyline': 'u~}yFfxmfOPDRNb@LnAp@VFl@X^LnAn@JB|B`ARDDD`@FNLFRJRHb@JHh@NhAh@VHb@Rf@P\\RH@PJfAf@BFG\\Ax@B^@rAIv@Kd@O\\i@p@GCKMM?_@F[RYd@c@lBo@fBEBGAGEK?KAa@QWYWg@OKSIM@MFKES_@CQKMGECGMEEEWGIc@GMQOGAOKIU_@i@KEE?KGWI_@c@KCOOg@WGOKc@GGIAMJELG?Wa@SSGO?MRYNQBQ\\}@JMZQHIDAFMFe@FMLg@Da@J]?OF]BcAC_@?OH[@MKGQ?]SWIEEYIe@UE?IIG?UO', 'resource_state': 2}",FALSE,FALSE,FALSE,FALSE,everyone,FALSE,"[41.119419, -85.108262]","[41.119497, -85.108148]",,3.536,4.76,FALSE,FALSE,FALSE,239,230.9,13934920164,13934920164,FAA5FEAC-0CA6-4F96-8481-2046A84BA246-activity.fit,FALSE,0,0,FALSE,,,
2,"{'id': 60229721, 'resource_state': 1}",Pre Meet,6669.5,1952,2079,28.4,Run,Run,0,Strava App,13061147419,2024-12-06T13:19:21Z,2024-12-06T08:19:21Z,(GMT-05:00) America/Indiana/Indianapolis,-18000,,,,0,3,0,5,0,"{'id': 'a13061147419', 'summary_polyline': '__~yFzwmfO~CrAd@PBDXJBBF@VPbA\\BD^PF@PLRDFHVFfAd@\\HBDD@JZDDJb@NNVJDAHHD?JHNB\\NHFF@r@^D?TLJB`Ad@RND?b@PDHGXAhABP?b@B`@Ab@Gh@Ql@U\\UPELI?SQa@DOH[VWn@AJUr@@JITITOXCNQb@UG[Cc@WMO[k@MM[ASDKG[{@QQQIKAIKUo@KIE?YW]k@WQi@U_@a@m@_@QGKQCWKSGAI@MTE@GEGSKGMSMKg@PKKUAIGa@IM?QDKTETI?c@]M?_@KIKYMKC]QOOw@yBAO@u@P{@Do@Gi@ECCOKIUIIKOIMSGWW[Ui@c@QUMKCQKE?g@SYE[a@Uo@AYEMAi@AiACw@@q@COC{BAO@IC_BFo@C}BKiAI{D?aB@QPi@Bq@BEPAJEFDFLTNJNLX`@TTDXRVb@VFJAXDT\\D@NPF@JCDBHXhA`@b@RD@JH\\LPNHd@DJJJj@ZJ@h@VLT^T@FXn@Fp@HJRr@\\t@HDBFFd@Nr@Rj@\\vA@RFLDDL@h@d@Xj@Dt@JTADBL@p@Lf@Ml@BLLPNb@FFPHpAz@nB|@d@Vf@N\\|@LL~@`@NNNBHFF?RNDAXNl@Tj@ZD?JHD?RLn@R?DEXCh@@nABp@Gz@Qt@KTGHMHOTQ?AGEC[@SD[RUf@AFKXCPYdAGH]jAIDQGSAGCC?WMQQYg@USOEWFQGM]?EUa@QOQAIGSm@MOYMQS[k@m@UE@EEUSGKUSE?KKMEOKEIQm@EEG?ORIBWYOWMK@UBI^]AGHUBQTi@LKHAVQJOD]Jc@\\wBFq@AmABi@IEOAGGSECEYKq@]k@SSKKMMEIKQGG?ICGIQEC?UME?SMUIIIG?c@SQEg@YE?w@[a@_@Q]GCIQGEQAGBQBG?y@]G?[WUIE?QIAGECSASOG?QUGAUSEAAEa@S?IBK@QEkA@_@?[Dk@CY@OEcBCGEi@?cACQAuACW@kAAGFa@JWBi@FSNIL?ZZNHXl@\\N\\Hl@p@RBRABDF?X\\t@^RXTBTNf@NDFTLZHJHHPHb@FJTLr@VHHTHPXVJL`@P^BN', 'resource_state': 2}",FALSE,FALSE,FALSE,FALSE,everyone,FALSE,"[41.119467, -85.108237]","[41.11911, -85.106796]",,3.417,5.14,FALSE,FALSE,FALSE,240.8,229.8,13928246789,13928246789,0104D211-9491-4843-AA94-B4BA27D75C50-activity.fit,FALSE,0,0,FALSE,,,
2,"{'id': 60229721, 'resource_state': 1}",MLR,11273.4,3242,4107,43.1,Run,Run,0,Strava App,13045421666,2024-12-04T13:21:41Z,2024-12-04T08:21:41Z,(GMT-05:00) America/Indiana/Indianapolis,-18000,,,,3,7,0,8,0,"{'id': 'a13045421666', 'summary_polyline': 'a_~yFzwmfOxBbAbFvBNp@Bd@C^\\tBQpAExB@l@Db@A`@Db@ANDNRJJTpArAJd@JTPnA?LKXj@|@n@\\pADpAVPVHXFh@L^b@FHJZAVMlBSJKBMAIIGaBBOHIH_@bAQbAOh@_@hBQbAEj@JJFAV[`@IXF\\Pd@b@~@pAt@p@t@d@pAf@l@l@nBxCPL\\f@n@dARPFZLHFNt@jBZn@z@bCX`Ar@~AZd@J^JNTt@NXJv@BbABNAzAE`@@n@Ix@KP[Ee@FsACsEHeB?IEYHc@|@?pBF`ANv@fAdDPjADh@E^?VShBI\\EbA@RCF?n@DLJ@HVr@FHF@JGXDZ@`BB\\@DC~@@VAbAF|BATJ|@A\\JbBKn@@RGNDRALHPNDNV`@VLN@JClBMNCNDb@?z@G^BVC`@Dp@?t@I\\D\\?dAAd@?h@I\\@pBQpBQHQC}AJ{@AKJCLH`AAt@BT?zEDf@AbAFTApAH`@AHF|@LlAFX?Nd@jBE`@@HJJH\\JBTGlA@fDKnBRdAAPGtAD|BMhB?rGIpBIfB?JClB@hDKbAD@Ke@A[MGYDU@WCMKS{@m@k@EMGEKCSNwBGk@Om@Cc@@}ADe@R}@@WE]EEGDYEMZ_@f@Y|@QN[LWKIOG_@gDoIE[SGUY_@UMUkEuDS]?OJUDc@AmCHaAHM`@UVg@CSBY@_CCuA@g@COBaACa@Jg@Nc@p@i@`@a@Ja@Ve@ZkA?OGYMEGQ[KQ?]KuCkAi@QWAs@Ya@c@[Qk@m@QIGMOIOSe@Ke@i@_@c@[k@[sAEEIa@?OH[GeBp@mAb@sAJcAJW@mANg@D{@@e@Eu@Fw@G]AuAGc@IQBkCEo@@GI[A[Qy@}@{Bu@wAWu@e@gAW_AKOcAgCQk@kByCOMM[USaBgCm@q@eB{@}@s@u@w@a@o@e@c@i@W[Eu@b@OM?]t@mD@Ur@}CNU\\OvA@RJ?XIHa@@[HkAFOFKLWJGCa@aAIo@M_@IIMGeAQwAGk@Wc@q@UMGOKBEFQAKI_@{@WUQEQKQk@k@_@M[U]a@S]IQWYWa@OSOQs@Ds@Cy@JU?YPoA\\sA@a@L]LcABq@Ew@Fi@gAe@_CgACGAa@', 'resource_state': 2}",FALSE,FALSE,FALSE,FALSE,everyone,FALSE,"[41.119469, -85.108231]","[41.119755, -85.106498]",,3.477,11.07,FALSE,FALSE,FALSE,244.6,228.1,13911438719,13911438719,75783943-6CA1-42E7-8D13-A78A845B18D5-activity.fit,FALSE,1,0,FALSE,,,
2,"{'id': 60229721, 'resource_state': 1}",Indoor Track Workout,4800,1200,1200,0,Run,Run,3,13037982906,2024-12-03T12:50:23Z,2024-12-03T12:50:23Z,(GMT+00:00) GMT,0,,,,0,5,0,1,0,"{'id': 'a13037982906', 'summary_polyline': '', 'resource_state': 2}",FALSE,FALSE,TRUE,FALSE,everyone,FALSE,g19351325,[],4,,0,FALSE,FALSE,FALSE,,,FALSE,0,0,FALSE,,,,,,,
2,"{'id': 60229721, 'resource_state': 1}",CD,3234.6,1024,1108,13.4,Run,Run,0,Strava App,13037678435,2024-12-03T13:42:42Z,2024-12-03T08:42:42Z,(GMT-05:00) America/Indiana/Indianapolis,-18000,,,,1,4,0,9,0,"{'id': 'a13037678435', 'summary_polyline': '}~}yF|wmfOH@BDjAd@ZTb@PDFd@NDBJ@ZRXHBDXJBBD?RH\\TD?vAl@NBHFd@TVBXT?FNZ@NHLLHF@RJVFDDHBTLPBFFF@DDd@PBDXFTNTFLJLBfAh@PBBEFA@GCMMK?W@ENAJDFFF@DAPFBDH@LJD?FF~@^LJ@JGZCj@Gj@@p@BTDJIn@BLATDNNHDJL?r@VPLJ?BETuAFKJw@Rk@@QFYDWLe@DE@KLUHu@LSDYJ[?KBEHe@AGGGMAYKQKSCE@YUOEM@GLIBCD?LIXM~@KXGj@On@ATMp@?Fc@vACDIEA@@RGJBZCP@^BFB\\CNBR^x@FF@Fz@`ANr@BVFR?JIZKl@IJE@Cb@EJKBE?OKKAIGY@SCQBIAEBWAKPG@S?UDu@DMDW?CBI@]AKDKIOGMkAI_@EEWOI?}@O]CWB[EOEe@[Se@E?CEMMOGg@@IIIQOe@YWSEC@IIGYGQMOQG_@a@MWIECGGAAEe@QQMY[YQKASQQo@GI_@RKCGMOKEOMICE?UHMPMDK@ITo@Ra@DGH?PKNUDWDKNy@HWNeAFaAE_A@WAUm@QeAk@o@SOOQG', 'resource_state': 2}",FALSE,FALSE,FALSE,FALSE,everyone,FALSE,"[41.119451, -85.108191]","[41.119503, -85.107673]",,3.159,6.64,FALSE,FALSE,FALSE,243.5,230.5,13903236016,13903236016,D24B5471-2201-4DB0-9F97-943311B53FB1-activity.fit,FALSE,0,0,FALSE,,,
2,"{'id': 60229721, 'resource_state': 1}",WU,3241.9,987,1015,14.9,Run,Run,0,Strava App,13037126992,2024-12-03T12:19:16Z,2024-12-03T07:19:16Z,(GMT-05:00) America/Indiana/Indianapolis,-18000,,,,0,4,0,10,0,"{'id': 'a13037126992', 'summary_polyline': '{~}yFdxmfOXJF?NLRF|@`@HH?BD?FFh@PLJF?BDTBHF^L`Ad@PDDDJFn@RBD`@NXPTBFDRFFHLXDDHZHL`@Nl@Xb@LZPPD^VJBXPjA^ZPJLE\\?L@FC\\B`@@bBKx@ITQ`@]\\ENGAOOGA_@FUJOLIPEDSn@Kj@y@`CO@IESAc@SWUUe@MMQEe@BIGSs@WWa@MEEGMG[KM_@Se@u@WQYOMAW[YUk@WGIUy@G?WRE@Y_@EASWe@NKMe@OQOEBQEWTGRATE@_@QKMYCSEMOg@QMCOIUYG]Qg@QYCMA}@Fe@H[Fo@C]Ke@EEUIEGGC]]GIIYQWUi@E?[MSOUGSOo@KQGU[Uk@MuAEaHEs@@WAODiCEcBIu@GkD?gAC_@Be@Rw@Bc@BMBAL?DIFBDBFPZPNb@VR^FJFLJLVHHRH`@AHDNTJFFHHFT@R^`@Jd@V\\Jl@XNLLj@JRDDTB`@VJT', 'resource_state': 2}",FALSE,FALSE,FALSE,FALSE,everyone,FALSE,"[41.11945, -85.108276]","[41.119105, -85.106701]",,3.285,4.6,FALSE,FALSE,FALSE,240.8,229.9,13902631919,13902631919,2D680AC0-48EA-47FD-BAE6-38EA0F563C7E-activity.fit,FALSE,0,0,FALSE,,,
2,"{'id': 60229721, 'resource_state': 1}",Recovery,9661.4,2795,2886,30.7,Run,Run,0,Strava App,13030394216,2024-12-02T13:21:56Z,2024-12-02T08:21:56Z,(GMT-05:00) America/Indiana/Indianapolis,-18000,,,,0,3,0,11,0,"{'id': 'a13030394216', 'summary_polyline': 'wt~yFpkmfOQSGAGGGACE[S?[BGEk@@]C]HwAEiB@IIo@Eu@AoBC]?uA@e@Nm@Fs@OiABQHQTWXwAf@k@R_@HiAL[G[EEg@H]COB_CEe@DaB@KFqBEwIRmAFQC[k@KISLKA{@HoCDa@Dw@AgBHKCBe@Ea@?o@@IAUBuAMkA?YAG@OCo@BGCQ?a@@_@CoAAG?yBG}@BU?w@AYGKEAAGFE?m@B_@Ak@CIFg@L?RBb@GPBTEJBRE\\AV@x@EdAA`@KBGD_@?WGyC@OAW@QCO?wBEaA@cACu@AkDAOBe@H[NW`@SfBCL@DFTGt@CVKXBzAGz@SVML?z@UNEJQDAHLXG`@Bh@En@?jAEJ@x@GZFf@ItACLMGc@@QCU@eACI@c@E}A@WE_@AsB@[Ca@CgC@GAc@Bu@N_C?UHc@?SEm@GS]g@]WOIsA?U@SCiA@]AU@c@CWB{BAK@MGQ?EC?QQk@G}@DUG_@@gACI?S@GCY@c@BUGWFYEW@]Ai@BQCOKG_@HGAE@a@ASBGAEBMAQDg@Aw@Fk@?sBJKCe@FYCcADWAMBs@?oAFUFKCu@D]Ay@DODF|AAJ@T?NBl@?h@BN?^DZCp@@L@BLFV?x@b@^\\B`@BD?dASlB?h@Dv@FTCXEL@NDFp@\\JPDBBFLNBPDDPz@CTBNC\\@TKd@GHO?EDc@L]NCFG?YVGXDPF@BDTv@`AzADVLTF`@@PAf@GTEHMLeAj@E?[VEA[NG?UNYHeAR[?Ok@QcBIe@Gs@CeAGWIgACEGWQQGKYMw@S]YOEIIYOMBKJGTa@d@OZQPOFo@LkCFYBSJIAqARm@\\U?CBAP@P@rBBz@ApBFxCAZDlCA^Bv@AFFpBBFRCNDNARD^Kf@AD@dA?DVAd@L~@Ab@Br@A~ADbACN@PFRBBD@LGjBBDClBELBXEdBA`BMpAAVCNBDCv@AH@BDDjDENFv@?VBTALD\\Ab@F~D@`CDbAHv@@jACNBPAX@nADr@FBNTJJNHL?HEDBZABCZ@pAGx@@VGF@XCF@RAdDYx@?d@EDBp@A\\E~ACJCFBd@CD@|@GJ?DD`@CL@JFZIdBGxA?LFDDHXCR@Jd@fABPJR?l@BFFj@JxAb@jAf@x@JVTLpA~BVVTb@HFNXPPHRVTVd@LJHVJPJ`@DBBH', 'resource_state': 2}",FALSE,FALSE,FALSE,FALSE,everyone,FALSE,"[41.119775, -85.108047]","[41.11939, -85.107217]",,3.457,5.48,FALSE,FALSE,FALSE,245.4,235.1,13895436596,13895436596,30169D6C-FAA9-455F-B718-3D03935C7D19-activity.fit,FALSE,0,0,FALSE,,,
2,"{'id': 60229721, 'resource_state': 1}",LR,16096.3,4686,4993,66.4,Run,Run,2,Strava App,13027420015,2024-12-01T23:56:49Z,2024-12-01T18:56:49Z,(GMT-05:00) America/Indiana/Indianapolis,-18000,,,,4,3,0,1,0,"{'id': 'a13027420015', 'summary_polyline': 'ao}yF|`lfOtKU|@IdAFdHS@FGd@JjMGLaAPaA\\e@ZKR_@VYHi@ZaA^_APq@I]Mm@}ASSu@\\oAFUFQ^]tAAh@D\\Al@BPCTDnAAr@Bv@E`AETQf@KH[BU\\Ix@_@fA?Pe@zASfBe@rAe@|@}@DSt@Kp@ZXJf@jBbAzBbArBf@nAj@p@NxKrEDH@NI^KpA@h@HVLK@SPk@NcAhAmEDc@FILo@H?TRTDTRx@`@vAh@@PIT?PBdAAXGL@TMXE^{@fD[~@u@xCK\\g@b@KRUhAITHLzAf@bAl@`A\\nB`@bAH`@Qd@L`CCjAG\\BxDEnAKnGAzEINIR[j@VvCJd@EvKQnEIhA@hAG~A@XExEIvFCXGHDzFSvA@bBO~ABbCIVDh@IXBpBKXD~@Kv@DrAKvBGPDx@AtBQxBDjBMVFfCM|@B`AAVGXDvAKxADr@I~B?jBKdBBdAGhCEl@BTLh@GhD@zBMT@p@Kb@ARFVGPF~@I~AAFLApBD^A`BFjCCnBSFUEi@BQGg@@k@HGLCRC|@FzCAtAHfDCr@DnACfAJjFCXDp@Cr@DnAB|FBX?rBD|@AfBJhICjADX@b@AVBhA?`BFp@DnAJr@DdA\\tC?^H\\LvBDZLpBAFKDOEIFyB\\e@NaEl@IBGJc@EKWGc@[g@GUsB}ESQm@cAmAcAaBoBWg@Sk@u@cBI]a@w@q@gBIIs@uBQUSq@e@y@aAkCu@}AaAkCm@oA]_AWa@Ke@e@{@w@{Ba@i@CWsC{GcBsII}@QWCe@[{ACe@ECy@mEYeEEkEDi@?_@IYk@H}HNu@E]H_@CiAH}A?oBJwCBiENaACc@Do@Bm@Ey@H{@CiAL}DD}BAuAHqAASDm@@MCg@DeEBw@FiACyFPoD?u@DUEgAAg@SUC]^UAu@HkDDOKSNQGiLRq@COFsDFmAKQNqAQmAUsAg@aAi@kA]OQAQb@uBCYcAmAaAuA]k@Se@@Ql@}F?OIKYGqAq@}@]m@Cc@BgAi@sA_@iBu@e@U]WMYgA]gCqA[Ey@g@sBu@sBeAcDmAgCwA}@UQKc@c@MWYYw@@WQcBi@s@]UWkAm@IKCKFa@Gq@DiCCcA@SEu@Ea@K}F?g@T{@B[Ci@I_@Bi@RUd@gBr@aAT}Al@k@PB^G|CAf@Id@DzAI', 'resource_state': 2}",FALSE,FALSE,FALSE,FALSE,everyone,FALSE,"[41.117054, -85.100133]","[41.117074, -85.100834]",,3.435,5.28,FALSE,FALSE,FALSE,243.5,227.2,13892268918,13892268918,99E8297C-C8E6-4961-B426-3208BF237C77-activity.fit,FALSE,3,0,FALSE,,,
2,"{'id': 60229721, 'resource_state': 1}",2 x (3 x 300m) ~ Homemade Course,303.9,45,45,0,Run,Run,3,Strava App,13010407395,2024-11-29T17:47:29Z,2024-11-29T12:47:29Z,(GMT-05:00) America/New_York,-18000,,,,0,2,0,1,0,"{'id': 'a13010407395', 'summary_polyline': '', 'resource_state': 2}",FALSE,FALSE,FALSE,FALSE,everyone,FALSE,[],[],,6.753,9.7,FALSE,FALSE,FALSE,299,298,13873945934,13873945934,6A330ED6-D050-4642-88B8-8F66D9FE99E2-activity.fit,FALSE,0,0,FALSE,,,
2,"{'id': 60229721, 'resource_state': 1}",WU,3238.6,901,901,3.1,Run,Run,0,Strava App,13010080046,2024-11-29T16:51:36Z,2024-11-29T11:51:36Z,(GMT-05:00) America/New_York,-18000,,,,0,1,0,1,0,"{'id': 'a13010080046', 'summary_polyline': 's`zvFbcjzNQBIJCz@@h@AF@xACn@BFA\\BXKdB?N@HELBn@CNGXBXCNB`ACL]GGBc@AYBOA[DMGG?KLI@MEg@FUCu@BQ@KDCD?rBAf@@PCjABnBAZ@DCjDFNJFT?PE`@C^GPIH?JFH?LSTKVJRAZGF_@@w@Da@E{A@gA@GFGpBKV@LCp@?tAIZ?HBZEDGD]DSA[@a@EmCDyCAcBIW@c@Co@@O?cBBYAYAI?m@@ICa@B]AO@e@Ck@D{ACS?k@CQBYH]Ga@B_@Ag@Bc@Ag@BELGXFZCJBXAR@DCZDTETBXAx@@|BAZDLADE@II_@BO@YA[BsAGOMBGDAXBZCNBDCFBn@Gd@CBK?MEQ@MCEBWAE@S?GC', 'resource_state': 2}",FALSE,FALSE,FALSE,FALSE,everyone,FALSE,"[40.605095, -83.121538]","[40.605092, -83.121548]",,3.594,4.66,FALSE,FALSE,FALSE,300.2,297,13873595285,13873595285,5007A66D-52B9-471C-83F9-52CA6395C2DC-activity.fit,FALSE,0,0,FALSE,,,
2,"{'id': 60229721, 'resource_state': 1}",Thanksgiving Day Football,1609.4,1800,1800,0,Run,Run,,13006614842,2024-11-29T00:30:33Z,2024-11-29T00:30:33Z,(GMT+00:00) GMT,0,,,,0,0,0,1,0,"{'id': 'a13006614842', 'summary_polyline': '', 'resource_state': 2}",FALSE,FALSE,TRUE,FALSE,everyone,FALSE,g18256279,[],0.894,,0,FALSE,FALSE,FALSE,,,FALSE,0,0,FALSE,,,,,,,
2,"{'id': 60229721, 'resource_state': 1}",Recovery,6679.2,1942,2591,25.2,Run,Run,0,Strava App,12998349732,2024-11-27T21:54:30Z,2024-11-27T16:54:30Z,(GMT-05:00) America/Indiana/Indianapolis,-18000,,,,0,1,0,1,0,"{'id': 'a12998349732', 'summary_polyline': '}o}yF`alfOxAGLBRCV@BCT@VEN@RCP@JCP@REK]E_@MqBGe@IaCC}BCMB@LTj@@XCJ@LHNDh@f@D@r@h@^b@LBD?BEX@JCN@LAV@RCNEROD?JP@PGLGBMASQE?QDc@Am@DUCKFCLBPCv@GV?TCHGvADND@NIh@?p@C\\CzDG^EBLALB`@EdA@z@APBnAAD@zABF?tAD^E^EDYEM@EDSBYAWPM?SGMGAEO@IFEAEBMAEBIJEb@M\\KFMDY@OFGFE?SHQ@GAQDc@KSSYMS@EDUBUAUBWPMBSBSAi@FMBMLEZO\\Mv@CdAHbDAVB`AQhBKTEREDSAIBMDCHCJG|@Sn@S^ARYfAId@Ez@IVu@~AEPSTEBKEM@ICKDEJGb@Mh@a@n@E@GAWSUIE?WSE?UOOCQMG?_@QKOUeASUE?QM[EUOCEC?QX@AGAKRGFGCKCEGC?WMOEIHKr@@FGL[XYJO?OE_@[KYEo@H[C_ACE?IIWCAGOKGUDM?SESKE?c@SEGMCOIMA_@QCEYIa@_@c@QWQE?@c@CoA?i@Dm@?cACaACe@EUAm@AG?SBIE_@?{AC]@]AEDq@Lg@Dw@Ms@A]DMZa@Jk@Po@JQDCNSDEPYJiAJSPQLW@a@COFa@CG?[EK?_@CGDq@E[@GMkBCEEq@CE?QAG@UEc@@]CG@GGUEEAU?e@DMG{@Bc@GKQFOAYDCCEBKCa@DIAS@UAMDs@EWB]AKUSY@QFK@G@g@BMAOO@GDAHBDSNQ?ECQDGCi@DYAEECWGMEU@}@CkADIFCBOC]CEY@AAGk@@]CGDYAO?o@Ec@QGg@DE@K?EBMECBa@@QBa@EECM_@CyAAGGKEAAG@QNIFJBn@CF@\\AL@d@@VJHFADGD?DCHBDAX@DC^?HBNEf@?LCD@RET@JENEBEJENU`A{@FKFAVS\\KHITGBEXEL?@E`@?DDZJRLTHRND@XLHJVJFLB|@CPDv@?\\@D@v@@\\?^B\\C^DLBn@BBL@LEP@DCXBDCJBDAD@NCLD`@Et@HDBT@LXVDBDn@HDCVFJCF@TED@JA\\Av@@JGDBDCJBJAR@LDFAVVZf@\\TD?BBPBNAJBFCX@RCh@?DCpCEXNNLFLHPJ\\FhAAn@BXAFELO@GBIJAVMr@CHKBMVCP@XA^Kj@AP', 'resource_state': 2}",FALSE,FALSE,FALSE,FALSE,everyone,FALSE,"[41.117141, -85.100579]","[41.117085, -85.100649]",,3.439,5,FALSE,FALSE,FALSE,243.4,234.4,13860975839,13860975839,ACEF8C74-3C51-4943-AF42-47CCDFD24C22-activity.fit,FALSE,0,0,FALSE,,,
2,"{'id': 60229721, 'resource_state': 1}",CD,1609,500,500,0,Run,Run,0,Strava App,12989815282,2024-11-26T19:31:11Z,2024-11-26T14:31:11Z,(GMT-05:00) America/Indiana/Indianapolis,-18000,,,,0,1,0,3,0,"{'id': 'a12989815282', 'summary_polyline': 'glazFzcmfODEDMGk@BCu@[GACCQIMEMMa@Q}@o@a@QkAy@SGGGWKi@]OEa@[c@QIIEAe@YQEUUECE@{A_Ag@SE?WMEEoAc@a@WSCMMa@GQIa@Ik@UCFBLJHb@l@~@b@LB^R|@ZFHPFFFD?b@Xj@VBB`@TH@^VTHxA|@x@`@HHJBd@\\`@NPLRH^XF?HHNDhAt@NFHHD?PHBFPL^^DLFHHDFv@GT', 'resource_state': 2}",FALSE,FALSE,FALSE,FALSE,everyone,FALSE,"[41.137136, -85.106282]","[41.137536, -85.106355]",,3.218,4.88,FALSE,FALSE,FALSE,234.4,232,13851887059,13851887059,FCC28BCC-AB50-4B63-8C33-269D7B957532-activity.fit,FALSE,0,0,FALSE,,,
2,"{'id': 60229721, 'resource_state': 1}",Turkey Tuesday Workout,9418.4,1946,2513,0,Run,Run,3,Strava App,12989737373,2024-11-26T18:44:32Z,2024-11-26T13:44:32Z,(GMT-05:00) America/Indiana/Indianapolis,-18000,,,,4,2,0,1,0,"{'id': 'a12989737373', 'summary_polyline': '', 'resource_state': 2}",FALSE,FALSE,FALSE,FALSE,everyone,FALSE,[],[],,4.84,11.32,FALSE,FALSE,FALSE,233.3,233.1,13851806039,13851806039,5BD0F434-4F55-4217-9BC9-953125E38E03-activity.fit,FALSE,0,0,FALSE,,,
2,"{'id': 60229721, 'resource_state': 1}",WU,1612.1,466,601,8.4,Run,Run,0,Strava App,12989292081,2024-11-26T18:30:49Z,2024-11-26T13:30:49Z,(GMT-05:00) America/Indiana/Indianapolis,-18000,,,,0,1,0,2,0,"{'id': 'a12989292081', 'summary_polyline': 'y_bzFvxmfOk@?o@FIFMRCLAVELC\\?d@Q|B@RN|@Pf@LNLF`Ch@\\Nj@b@n@v@f@|@Tz@?LJPBZE@GGCK@IKg@Sc@AIOUSi@CCK[E?IKEAAGWOKMeAa@_@GO?KIa@KMG[c@M_@I{@BcAJiBAQDa@DGBYFOf@_@HC\\_@A@', 'resource_state': 2}",FALSE,FALSE,FALSE,FALSE,everyone,FALSE,"[41.137603, -85.106413]","[41.137488, -85.106381]",,3.459,4.52,FALSE,FALSE,FALSE,242.1,233.7,13851341210,13851341210,BBB407CC-D0D1-4924-B83E-49F8A165C2B5-activity.fit,FALSE,0,0,FALSE,,,
2,"{'id': 60229721, 'resource_state': 1}",Recovery,9796.7,2732,2895,54.1,Run,Run,0,Strava App,12983584394,2024-11-25T22:48:24Z,2024-11-25T17:48:24Z,(GMT-05:00) America/Indiana/Indianapolis,-18000,,,,4,3,0,1,0,"{'id': 'a12983584394', 'summary_polyline': 'ko}yFx`lfO`@@n@AdCKLB~@EVGnAAJBjAIfCAtEOD?@FGR?RBNAH@\\AbBD`BArABLAXDv@AFGFQIi@JYCc@P]AQQcAHGJAJBFC^Bz@BZWHMVq@^aANYBUCg@[E?Yc@EYGGIYSQO@e@ZUDWCEBi@@ONI`@MPE^M`@BTCZBdABTAN@d@AR@fADb@Ap@EN?DYfAKHYBCFMBGP@d@Mh@IVCVGLCHEBc@zA@ZDLLNDNV\\HTBbBP`@NPVBLL^t@HZZDx@ZJLTFr@`@ZDA~@[vB@ZCLFP\\DVPjBp@RBRGFMLAHJt@TPN|@\\TPBHId@K`BGLCP?NKtA@PDLJh@h@j@JDNNz@nARRJRBPCRSb@ObACd@YVEVFNZBZRJBBDfCx@p@\\ZDb@ML@t@RzBNh@G|@?TJ\\Dx@YtBIb@BbAIl@Dt@Gx@BPCj@?^Gh@F~AKpA?PDhAK\\BrACRDTIb@BXCJBNGNB`BGjABTGj@@NFTMRB~@?b@EVBtBIL@PCjA?`@GZBxBIdABxDKRBr@KjAB^AVEt@Dx@IZBpBI|BGbA@f@EvA?z@Ih@Df@G_CDu@H_BA_AHy@AcBBi@Fi@AIDm@ASEy@HsDBqBJQCuAFoBAm@DcBBo@Ag@Fy@Ca@Fo@CgBBgAFa@CQHOCc@BME}@Hs@@m@Ey@HKAWDAGOCe@Fy@Ee@HWEk@DKG[He@EWDyB@QDcBAy@HYE_@?qBD_@Dg@C_AJUPWDYEWIgA?_@Dg@KSB}@Me@C[Ka@L[ME@e@Ww@Qi@UWEYSeAc@Hu@Le@NKDc@L]?IH[@OGWYc@GC]i@E?sAwAMY?IOu@HKHw@Bm@AGJYCIJ}@DM@]CIGGs@SKIc@OKKYGSMS?KFOCIGk@DWQu@WWOSCUSAMFe@J_@L_AC[Qm@GMUO{BaAi@y@M[QME?[WOi@@u@Kq@UWO]GAIc@@ONi@P[Ha@Ra@AOPu@Bo@LOh@MFKFa@N]A]BGAc@BGA{@E]D[ESBQCU@a@CWB[Am@Fg@Zw@?GDQNQv@?`@Ev@a@VF^MR?XP~@AVK|@@f@EVFBEBWCs@FKRB`@Kf@TLAXOPC\\FZQLBLE@MESCi@B_@IuED_CE_@ICWHMC{@FYE_@H{@AYF_ACSDmA?g@F{@AYDUCmAHUAKFIEWDk@CsAB', 'resource_state': 2}",FALSE,FALSE,FALSE,FALSE,everyone,FALSE,"[41.117033, -85.100585]","[41.117035, -85.100579]",,3.586,5,FALSE,FALSE,FALSE,243.5,232.8,13845210115,13845210115,E2414558-4C2C-4077-8638-B6089C84E7FB-activity.fit,FALSE,3,0,FALSE,,,
2,"{'id': 60229721, 'resource_state': 1}",Elliptical Fartlek,15288.8,2160,2160,0,Elliptical,Elliptical,27,12961030274,2024-11-22T22:00:32Z,2024-11-22T22:00:32Z,(GMT+00:00) GMT,0,,,,0,1,0,1,0,"{'id': 'a12961030274', 'summary_polyline': '', 'resource_state': 2}",FALSE,FALSE,TRUE,FALSE,everyone,FALSE,,[],7.078,,0,FALSE,FALSE,FALSE,,,FALSE,0,1,FALSE,,,,,,,
2,"{'id': 60229721, 'resource_state': 1}","4 x (800m ~ 200m), 4 x 400m",5632.7,994,994,0,Run,Run,3,12939755391,2024-11-19T21:00:31Z,2024-11-19T21:00:31Z,(GMT+00:00) GMT,0,,,,0,6,0,1,0,"{'id': 'a12939755391', 'summary_polyline': '', 'resource_state': 2}",FALSE,FALSE,TRUE,FALSE,everyone,FALSE,g19351325,[],5.667,,0,FALSE,FALSE,FALSE,,,FALSE,0,0,FALSE,,,,,,,
2,"{'id': 60229721, 'resource_state': 1}",CD,3219.5,994,998,13.4,Run,Run,0,Strava App,12939887904,2024-11-19T21:57:27Z,2024-11-19T16:57:27Z,(GMT-05:00) America/Indiana/Indianapolis,-18000,,,,0,3,0,1,0,"{'id': 'a12939887904', 'summary_polyline': 'cdbzFbanfO?`@Fl@Lf@JNVNZ?NJN@D@PZHAd@NJH`@Rp@p@HPDBd@bAZjAFHXxADdACfAOx@Ql@o@lA{@t@wAzAYl@Ob@G`@Ad@@n@AHHZ?HRz@Fr@C\\Mr@?JIR?DVDBDBF`@TNN\\N?AGAKKE?CGOGm@e@SK@KNWAMF]?UI]A]Qk@E_@I[@{@BK@UFc@Ro@f@}@p@w@x@o@d@m@Va@ZiAFi@BgAIsAWoAOe@o@{AMGWJQ?GQa@]KE_@Mw@Ic@I]?m@Gc@BOCQD[?KAGAEK?Q@IFKVq@Lc@FODCRq@JQXQNs@JMAYJyAH_@PSLCpBAh@GJChAq@h@U`@[tBsBb@QF@HIh@Gd@?JCn@BNEr@A\\EXAl@M?IGEI@KHG?EB_AHsABMASBKAe@F', 'resource_state': 2}",FALSE,FALSE,FALSE,FALSE,everyone,FALSE,"[41.138258, -85.107714]","[41.13823, -85.107591]",,3.239,4.48,FALSE,FALSE,FALSE,243.9,232.9,13798794202,13798794202,4159F8B3-B74D-4966-9567-C566D740887F-activity.fit,FALSE,0,0,FALSE,,,
2,"{'id': 60229721, 'resource_state': 1}",WU,3297.8,967,1795,17.7,Run,Run,0,Strava App,12939442792,2024-11-19T20:24:22Z,2024-11-19T15:24:22Z,(GMT-05:00) America/Indiana/Indianapolis,-18000,,,,0,3,0,1,0,"{'id': 'a12939442792', 'summary_polyline': '}~azFrwmfOSFw@De@\\CF?LURAZGd@EbACN?h@CP?d@Hv@L^RXRHV?DBXFBBFPD@PBJADFRHPZj@h@d@f@d@fAZ~@DZT~@B`@HPDn@Cr@If@Y`AKTYb@EJa@\\QTi@d@e@f@g@z@Ur@Eb@?NCTJpAL^D\\FR?V@LAVWhA?R?@P@JHPRJB|Az@RFRLD?HDDCHDJHTHHHPHDDLHL@LLL?RLVJDBh@XPL`@NHHPDNNVDBDSGOKIC_Ai@_@QKAWQy@]SOiAe@a@SGIG?e@Wg@Sc@YUKOKk@e@P]DQFq@?OAOIKMo@GICWEMEa@BaAHm@Vw@l@aA`@e@|@s@@EVSb@u@Tk@Le@DYDy@AW?YK}@i@{Be@mA_@i@KGa@a@w@a@g@OGKKGOCEEIUIGSDKE[iAEeAB_AJ{ADO@_@DOLOTKJMDAJKr@WH?', 'resource_state': 2}",FALSE,FALSE,FALSE,FALSE,everyone,FALSE,"[41.137308, -85.106407]","[41.137323, -85.106417]",,3.41,5.1,FALSE,FALSE,FALSE,243.9,233.7,13798322410,13798322410,74CDD660-77A3-4429-8880-2ABF3A05A2CA-activity.fit,FALSE,0,0,FALSE,,,
2,"{'id': 60229721, 'resource_state': 1}",8 x 40m,374.7,67,560,0,Run,Run,0,Strava App,12931326024,2024-11-18T19:18:14Z,2024-11-18T14:18:14Z,(GMT-05:00) America/Indiana/Indianapolis,-18000,,,,0,5,0,1,0,"{'id': 'a12931326024', 'summary_polyline': '', 'resource_state': 2}",FALSE,FALSE,FALSE,FALSE,everyone,FALSE,[],[],,5.593,7.72,FALSE,FALSE,FALSE,240.7,239.4,13789641864,13789641864,999DBB8A-CB51-48FE-A199-5CC64F64658D-activity.fit,FALSE,0,0,FALSE,,,
2,"{'id': 60229721, 'resource_state': 1}",Recovery,9656.7,2652,2911,27.8,Run,Run,0,Strava App,12931140823,2024-11-18T18:16:05Z,2024-11-18T13:16:05Z,(GMT-05:00) America/Indiana/Indianapolis,-18000,,,,0,6,0,1,0,"{'id': 'a12931140823', 'summary_polyline': 'mt}yFvxkfOCc@R{@?qALK@O@sAFGz@KFIBUEyBG_@CYKM@Qj@iAZSNi@@SEm@MwNAQC_B?wBFCzBKbA@t@IdCCREH_@@cACI?g@B]E}EGgAB[EYAiBFKLC`A@RE~BAHEd@BNEVBBCX?XUAIKQDy@EgDEc@B_@A}@E_@?GHOf@GhDOb@@bAM^FXEh@@PEdB?nAIr@@dAED@@F?LJf@AXHf@JLH?PQPEh@GPI`AGvCVx@TjB?j@E|Ak@d@GTDTj@I`@Fr@Ct@BJ@n@AHDf@E\\H|@C\\D`@ARBr@AnBBF?x@Df@AH?`ABxCDt@CL?lAD`BAj@Dx@A\\BXAN@^AZFv@@rACZB`@Av@FtC@XAjABD?j@DdAA`@@F?^Fb@Cb@Bl@A`@Dd@Ab@Db@C`@BZCFFtAU\\CVD`@A|@FbBA|@Bj@ANBnA?tD@|@BHA|@Dh@Cd@DRCb@FrB?xADNL?l@Mz@BlACnAIz@AHDCjABb@K`@Db@?v@BXCVBv@C^JdED~DAzADb@Cp@Db@AhCJzE?vAEJEBQG]@KGa@EUHYCoABYDKA_@B[GOLw@@qA?GMFc@I{CByCGaC?mAEm@BSC_A@OAeAC[Bi@EQAw@EYB]I_D@aAGcEFK\\OBBPCNKz@MP?BUKUDk@CY@OCW@{BIqE@OCS@c@Cw@Bc@Gq@F_@?i@KwC@{ACGA[@c@EcBCOBc@?i@Ea@@]E_@@GEeBBQC[?iAGc@@e@A]@GEw@?sBIa@C_@?iAEo@@e@AQEC[Ju@?[PYZWz@QV_AfB]`BMTCB}B@aANIFYj@k@lCQl@EXGN?XG`@DP@RC^D|@At@B`@ARBXPj@PTd@ZHVCh@FjAARINWGMDg@AyBDc@H]CWFSCg@H{AB[GyBNSE[Fk@GwAJiB?u@FKCsENeA?aAL_Ar@e@p@KTMFMPOFa@h@c@|@UV[fCC\\@PCPGFA`@KXCb@]rASZG?CG@YG_@Ik@MSa@[QG}@?IICQ@IDG?MGm@OEKJcCDWIAIFs@Ga@DSCU@c@FIVF\\G`@B|@ELGBGG]DaAJE\\HVABNITE^N|@Dd@d@NVRFTAh@ENORe@NKGIS@UEU?Y', 'resource_state': 2}",FALSE,FALSE,FALSE,FALSE,everyone,FALSE,"[41.117202, -85.100632]","[41.117057, -85.100655]",,3.641,5.68,FALSE,FALSE,FALSE,248.4,236.3,13789446931,13789446931,8FFAB354-E56C-49E1-97A1-95A1C24968BA-activity.fit,FALSE,0,0,FALSE,,,
2,"{'id': 60229721, 'resource_state': 1}",Afternoon Run,12186.2,3551,4103,42.8,Run,Run,0,Strava App,12925629231,2024-11-17T21:30:47Z,2024-11-17T16:30:47Z,(GMT-05:00) America/Indiana/Indianapolis,-18000,,,,0,3,0,1,0,"{'id': 'a12925629231', 'summary_polyline': 'io}yF`alfObBMfMSnBKjCA|DSbBBnDKt@JtAWfJQDN?p@Nz@C`@Bz@Fn@Cj@BHCXBf@C^HLv@HVHf@d@FTJNPr@?XBRBvCBH?bBDHC\\BHAr@Fh@VbAf@~@VRj@Rj@?H[?ODQAYDKGiC@W^BjAWx@GLKd@BbAIf@HTId@BRGj@Af@@t@GzBGn@@NGTBJEt@BJEh@BZAh@Id@BdAI|@@lBIFDd@ADCl@?hCO|@BTEp@@VHZGd@BdAI~EIBBGv@Br@AlADZAb@BZ?j@CVJv@A^BDUp@Hr@@~@Bd@JH|@KJBJVC`@FnBC|@Bf@FRPDz@AFDhBEXJJEPD\\CZFZTPOf@CXIT@p@Hv@K^QfBIZBXCVBBCzAHVERD^CL@HNTAHPALCbABDCb@BH?z@D`@Ct@B^@j@CXBN@dA?dA@\\Ab@@PJ`@EP@d@FXTBJF`AKVHp@D~AETBXIb@Fj@I~@B`@IZDlA?jAIlBBZGzA?xCEj@E\\BdAGdDIHI?GCGOKYc@ESASGQ?WI]IiA?[MoAAa@QgACo@Ii@Q[Km@Ew@B_CJg@CG@eAJcBCc@JwADiBDQJ_CDQ?YHa@HaBL{@AGHa@Da@Jk@ZaA@SXs@Ze@Xk@JKL[NMl@o@Vc@h@k@XOt@s@Ze@VY`AwA^a@fAsBVm@R_A`@aD?QHYb@_EJyADMR_BRgCLs@NyCAS@c@GcAg@gCEa@EIUaBGSiAwICU@eBFYDuATqAN_@b@g@DOXY\\y@KQGAMFu@OUDaA@KCs@HkACcADaA@eAKuABUGe@Dk@Cu@FUKi@HUI[@UGiAB[EWDg@IcCAyAJSAKFoEFeANq@@s@AKH]M[BYGw@_@WQSy@QSKCyC@[IcBBu@HQCmAAmAJwHRkAAaAHcD@k@FiADoB@m@T}ADs@KcBF{@Wc@i@YK[AIGIU[DUGmBB_EPk@No@Xs@n@eBfAy@NcBDcBReCf@oB|@aCx@]TOBi@Xy@REHI^DTC|@HlAC`BFzCCPKNMl@FrCCnCBP?f@FXAVJpE?tADX@tA?tABN?PCFD\\?p@B^AFHbBENDNAn@B^CND\\A^FbACZIX_@f@GBs@Ei@FWCiAHMC}CNyB@i@Hc@CwCLGCqABgANiAB_@Ie@FoCFsAAsBJm@?wHTg@AYDm@AKBy@AuIX', 'resource_state': 2}",FALSE,FALSE,FALSE,FALSE,everyone,FALSE,"[41.117017, -85.100685]","[41.117032, -85.100547]",,3.432,5.19,FALSE,FALSE,FALSE,247.8,225.7,13783460546,13783460546,26EA9DA3-74F7-4D5C-9B11-286591E31D91-activity.fit,FALSE,0,0,FALSE,,,
2,"{'id': 60229721, 'resource_state': 1}",CD,3217.9,1053,1053,17.7,Run,Run,0,Strava App,12909278749,2024-11-15T21:58:35Z,2024-11-15T16:58:35Z,(GMT-05:00) America/Indiana/Indianapolis,-18000,,,,0,2,0,1,0,"{'id': 'a12909278749', 'summary_polyline': 'adbzFpanfOBp@Hf@HPRT\\Z^JTANLd@HZPH@JNn@j@LTn@nATl@BRJV?JLl@Fj@@bAGlAG^K\\c@`Ay@|@q@n@c@h@QPYh@GTIHCFEb@?RC\\Bn@Hr@Ph@Dx@CZUrA@HJAZXhAl@NLb@NH?DDrAp@d@TF?JBn@`@xAp@r@`@PDrAt@v@T~@n@@EKOM?g@Y]KEEMGg@MQM{As@KIeAe@IIa@OMKWKa@S[K]SWGWOUGm@a@KCi@[_@]OICKP]JoAIu@K[?GQ}@BO?s@Hw@FOBQR[h@u@z@}@POHSl@y@Rc@@GDGLw@DM?GDc@?s@AEEm@QmACCG_@Ma@GKC[CMCC?WBGAIOKO[KE[_@QGEIICMDa@QOCIEE@k@MECIQMMU@EEEKIGOq@CY@u@', 'resource_state': 2}",FALSE,FALSE,FALSE,FALSE,everyone,FALSE,"[41.138256, -85.107762]","[41.138218, -85.107665]",,3.056,4.66,FALSE,FALSE,FALSE,243.9,234.4,13765810788,13765810788,5EA22456-963E-472A-B3A0-E695175F5D32-activity.fit,FALSE,0,0,FALSE,,,
2,"{'id': 60229721, 'resource_state': 1}",Track Workout,4534.1,823,2248,0,Run,Run,3,Strava App,12909121566,2024-11-15T21:04:11Z,2024-11-15T16:04:11Z,(GMT-05:00) America/Indiana/Indianapolis,-18000,,,,3,5,0,1,0,"{'id': 'a12909121566', 'summary_polyline': '', 'resource_state': 2}",FALSE,FALSE,FALSE,FALSE,everyone,FALSE,[],[],,5.509,10,FALSE,FALSE,FALSE,233.7,233.6,13765642246,13765642246,02FCCAE2-B964-4859-9B0E-F6649DA0B02D-activity.fit,FALSE,1,0,FALSE,,,
2,"{'id': 60229721, 'resource_state': 1}",WU,3223.5,920,920,0,Run,Run,0,Strava App,12908868405,2024-11-15T20:42:00Z,2024-11-15T15:42:00Z,(GMT-05:00) America/Indiana/Indianapolis,-18000,,,,3,3,0,1,0,"{'id': 'a12908868405', 'summary_polyline': '', 'resource_state': 2}",FALSE,FALSE,FALSE,FALSE,everyone,FALSE,[],[],,3.504,4.64,FALSE,FALSE,FALSE,233.9,233.6,13765370999,13765370999,F8260181-57FD-4770-BF9B-7D215D348DC3-activity.fit,FALSE,1,0,FALSE,,,
2,"{'id': 60229721, 'resource_state': 1}",MLR,11281.9,3540,4209,44.8,Run,Run,2,Strava App,12891719880,2024-11-13T13:22:00Z,2024-11-13T08:22:00Z,(GMT-05:00) America/Indiana/Indianapolis,-18000,,,,2,5,0,5,0,"{'id': 'a12891719880', 'summary_polyline': 'yd~yFhkofOf@RxCfBtAn@fCtAf@NZKPSHURoIBi@Ji@hC}GXg@J@^p@b@Xb@H`@ChBXPXPfAFPHNJBb@@\\FTOR@RIhAKHO@OII_BCQD[^Qn@Ij@GHGl@g@pBU~A?ZJDTO`@K\\FZNb@^~AnB~AhAhAb@f@f@|AdCd@f@JVtBzCb@bAz@lCHJD\\`@v@d@rAvAxCd@rAJz@AJDnBEdBIz@INWEg@DWCm@Dg@EKDsA@q@AMFMTc@ZeAAmABGHBx@BZA`AH^@ZRv@Pb@r@xBLhAEzA[rB@TGZAn@BT?\\BFf@l@VFJVBxABDBbACtAFfAEbADp@Av@HPCVTnB?PKRGbABVPV\\^ZTRVIJA`@Br@Qj@?hAEv@FbA@zBE\\?vAEr@@fDI~AMDSCQFaCH]HIRFXDpAA^FtECjBF|@FfEJrAj@nAHt@L`@NLn@IHDv@EbABjBGp@Nn@@|@EtC@xBGd@G|ACJDzDEVG|B@XGzB@nBIj@B|@Gx@Bb@E[@y@MM]N[AWIUQWYISWe@CQGIIAw@Lw@?WCe@SkAA_BHq@\\aBCEOMg@E_@h@Wp@Kd@e@\\QAe@}@w@wBu@iBOg@c@y@Ke@UKQSc@]QUUMu@w@u@k@OSu@q@As@Fm@@uAEc@DgAJU\\QP[DS?]DY?sACMDwBE_B@y@Ls@JQl@g@FIBQTSJQ\\aAPqAMCOUqAYuB_A{@OyAq@mCaC{@c@aAqA[q@Ku@Yq@Hq@CcBx@eB\\cAJyANQEM@_@Nu@DgAEgAFi@Go@@}@CWSeA@qCUgC}@}ByBqEMk@Ue@c@{Am@{AaA_BKGYq@wByCIU{@cAE@OS}Aq@y@k@cAmAU_@c@a@gA_@a@HOTSGAQJa@Jy@`@yBDGl@oCR]ZKtABNJAPEJsCZYTG?OOC@QWOo@AUK_@OMwA[cAAYGe@Ya@q@I@GJMd@iAdCcAlCKt@BNIbAA`BIrA@p@Cf@K\\MNKD]B]KyCeBaCaAQO_DgByBy@IACXQV_@FYCULA`@Jf@BdAHv@b@jBVVDR@PCFEp@Kb@?TKt@@PEZDFAP@H\\Hb@b@HBjA~@LRVTH@r@j@TBlAh@h@AJKF]AqACe@BYGw@BOCU@GCcBBIEgAB{ABGEg@wD}By@c@y@_@', 'resource_state': 2}",FALSE,FALSE,FALSE,FALSE,everyone,FALSE,"[41.120498, -85.116401]","[41.121065, -85.116818]",,3.187,4.96,FALSE,FALSE,FALSE,244.6,228.1,13746952240,13746952240,C2484229-0EE8-47CF-866B-0AB88416EF64-activity.fit,FALSE,0,0,FALSE,,,
2,"{'id': 60229721, 'resource_state': 1}",4 x 1k,4000,780,780,0,Run,Run,3,12883541685,2024-11-12T12:50:06Z,2024-11-12T12:50:06Z,(GMT+00:00) GMT,0,,,,0,8,0,1,0,"{'id': 'a12883541685', 'summary_polyline': '', 'resource_state': 2}",FALSE,FALSE,TRUE,FALSE,everyone,FALSE,g19351325,[],5.128,,0,FALSE,FALSE,FALSE,,,FALSE,0,1,FALSE,,,,,,,
2,"{'id': 60229721, 'resource_state': 1}",CD,3294.7,1222,2082,18.4,Run,Run,0,Strava App,12883501581,2024-11-12T13:18:59Z,2024-11-12T08:18:59Z,(GMT-05:00) America/Indiana/Indianapolis,-18000,,,,0,4,0,5,0,"{'id': 'a12883501581', 'summary_polyline': 'w`bzFlnmfOOTQJORG@QR]h@g@j@GBCJWRs@bAKDSBUCGDOB[NKRAZBd@AFKN@JCLKRDRCP?n@BVCx@@^@nABJ?^C|@@XAH?LDJEDALHLh@MTBDFBLALM\\_@CEFFd@DDD?FEN?HL?NCJEF]AEHAHBLBB@RNRJH@LGLIBI\\WVCH@FP\\?TBFVLBHFDB?BEFAD@C??CJ?DNAR[NQP?DBN?XJZDDJHNT`@NFNX\\^NPKTJNPVDBFF^T`@zAUWILK?KJa@b@w@n@q@l@w@LKFONO?GHELDFIZiADSBc@?q@@GEg@?MEc@KYCSQi@?MBERCHBZEJDZAt@Y\\Eb@g@JGB@HMA@A@TQJW\\e@Ta@t@aAXc@Ro@J_@?IDUFIZM@??FCICAMHGGCMAIJYF[JOFWN[t@eAFUd@_AFYJMR{@HK?MCODM@q@Gg@DIOk@AUISeAoAOIEIQS]UeAaAm@c@EGOIg@m@o@e@GAGGOCKPE@ENIHSd@IBCHUNYDGAEBQCSBIAQBQACDSD', 'resource_state': 2}",FALSE,FALSE,FALSE,FALSE,everyone,FALSE,"[41.137124, -85.106328]","[41.138755, -85.107055]",,2.696,4.16,FALSE,FALSE,FALSE,244,232.6,13738157966,13738157966,864EB02C-6AD4-4DD8-92FF-9F0C81B56937-activity.fit,FALSE,0,0,FALSE,,,
2,"{'id': 60229721, 'resource_state': 1}",WU,3223.2,960,3939,17.4,Run,Run,0,Strava App,12883259753,2024-11-12T12:13:07Z,2024-11-12T07:13:07Z,(GMT-05:00) America/Indiana/Indianapolis,-18000,,,,0,2,0,9,0,"{'id': 'a12883259753', 'summary_polyline': '{_bzFdxmfOOJI?ED?CE@E?a@JEAKDONCDCd@Ih@B`@In@EJAh@BHCb@Bb@DJD@JH@NP\\PF`@@b@VHJFDTBBDb@N^VHLVPNRR\\Vj@~@zCJ~AAj@I~@Oh@GXYl@OZWVw@p@GJUNGLQLSXi@fAG`AG^@JBV?XHPJv@FRB^CT?TObA?NZHNP^PLJVHVRPDl@\\DAl@\\PBPNTFFHNFPDHHPDd@X^NBDf@TNDJJC@ECEIYKOMKAUQYMg@WyAm@a@Wk@UQEiAi@IIYKa@WQUSKEGH]AMHc@?_@Em@WgAGi@B{@Jw@`@gAj@y@ROf@i@HGVSr@}@Ja@FKRy@Hm@?YCoASmA]gA?GEK?Go@kAi@u@o@c@o@WOAIKG@qAe@UWOa@Iw@@kABO@[BGBaALmAPSNGj@OXAHE', 'resource_state': 2}",FALSE,FALSE,FALSE,FALSE,everyone,FALSE,"[41.137538, -85.106414]","[41.137512, -85.106422]",,3.358,4.39,FALSE,FALSE,FALSE,243.9,233.7,13737896587,13737896587,AAEA6331-8E44-4945-82A3-0165C8A7D07F-activity.fit,FALSE,0,0,FALSE,,,
2,"{'id': 60229721, 'resource_state': 1}",Recovery,8129.4,2428,2742,12.4,Run,Run,0,Strava App,12875591701,2024-11-11T13:21:04Z,2024-11-11T08:21:04Z,(GMT-05:00) America/Indiana/Indianapolis,-18000,,,,0,3,0,5,0,"{'id': 'a12875591701', 'summary_polyline': 'ix~yFvaofOKCSQSEIIe@Im@Y[GOKOCUO_@I[Q_A]eAYk@]M?[U{@UgAe@[Gq@_@E@CESAKKa@IQM[IMMYASOQCe@Y{@Qu@a@c@MCE[EKMeAWQQcAk@UA}@a@w@Q}Ak@UCGGUAIIe@MWQQ@g@MMMc@O]Uk@g@q@aAC_@OQI_@Wi@E_@MOKu@Uk@?KKQI_@OOO]g@m@GOEo@CmBO{@Bc@CU@c@AYBKG]B_@A}@CE@u@EuA@YCc@@aACQ@q@AE?QB_@E_@@c@Ci@BSAo@?qADQE_@BcAE]GIBG?QEYDWCWBa@GY?w@CY@gAEg@BUJQ?EKq@Aa@GMC]?s@CyA@GEu@@I?g@BUEc@Bg@Cc@CG@u@CG@g@EUBQAG@c@E]@a@C_B@q@Cm@@MCQ?c@A[@o@CEB[GmABYAi@CE?e@AG@s@Eu@@I?[AG@s@AY?a@EuB@q@Ew@?sAAGBQCG?eA@]GcA@q@C[Da@AW@IFIPG^?JGh@Gd@BVKbADt@Ib@?j@Kf@Mf@g@^cAFGBQHCr@`@LJJ?`@Vf@LZRP\\RrAH~@C^Jf@@VFJBVFz@DfAf@NZEnA[^Wn@MPM_Cz@uATM@IEEM@QKi@A_@CGGk@IaAAq@KaACi@Sw@k@g@q@QUSI?QMq@WOBIT[b@KXSVYRYJ[D_A@i@H_BBIDS?mAXQ@SHERFZAf@@VCT@v@@FAd@@v@D\\C\\BfAA\\BFA\\@F?bAB^A\\BVC\\Bn@ALDx@Ad@D^AFBj@C^Dt@ANBXC`@BHCj@DnAC\\FVCd@@f@BN?zAB^CZD`AAj@Fr@Cd@@\\BN?h@BNA^BVGr@DRAL@p@A`ADlABVDF?XJt@KLCLBP@n@BT?fBHpACNAb@J~ACl@DRCp@@HAp@Br@Ch@?|@DXE`CBb@BFA`@BJAZ@ZA\\DZAnBBj@A^Br@A\\DfAJ^?VBPCbAHt@LRh@j@HPV|@NTZtAJPD\\Tj@b@xAr@fAl@h@tAr@PBz@T^PTBHF`Cn@zAp@l@J`@Rn@`@v@\\xBt@nAf@H@TNTB`@TFAfEdBvAd@LJJ?NJd@JtAn@vC|@`E`B', 'resource_state': 2}",FALSE,FALSE,FALSE,FALSE,everyone,FALSE,"[41.120544, -85.116384]","[41.121317, -85.116556]",,3.348,4.4,FALSE,FALSE,FALSE,241.7,232.5,13729681216,13729681216,8D47018C-B6AA-4312-86D8-FFE43D2B407F-activity.fit,FALSE,0,0,FALSE,,,
2,"{'id': 60229721, 'resource_state': 1}",10 x 30 sec on 90 sec off,12859.8,3600,3749,49,Run,Run,3,Strava App,12839959341,2024-11-06T19:53:00Z,2024-11-06T14:53:00Z,(GMT-05:00) America/Indiana/Indianapolis,-18000,,,,2,4,0,2,0,"{'id': 'a12839959341', 'summary_polyline': 'op}yFhmlfOVvALZ^^P^Ln@Ht@FhDG`AJrBIlAS|@o@TKPEv@St@C`@MHi@jBMbBORMd@q@tA]KIFOCAHEBGd@W|@Yn@K^?fAMbBo@tCq@d@WCMFK`BW\\@Vj@p@NFVQDBJ`@R^\\Fv@v@l@TZVXd@h@b@^x@b@Ln@nAJDZGLH?ROPg@|AqAxC_@fAEtB@p@Et@Gj@E~BSf@i@H}@]{CcB{Am@sAy@gAo@c@MQOiBq@Cb@OR_ADYGUSYe@AMJc@CWUA}Au@u@S_Bu@gA_@K?UOeBo@cAYsEeBq@_@qCy@mCkAyEaBcC_AOMk@O_Ai@aAWmAk@wA]s@[eD}@gAk@e@a@g@i@_@s@o@eBG_@a@}AYw@k@iAMMc@eAGoDDyA@}BQO[Aa@MCJB\\EVAnABFJ@BIHcBEs@BQG[@cDQsCOE]NsAFa@^[Aa@Sy@SaBo@USwB_A}@k@_Bq@iA_@qAcAe@Ow@c@uA}Aa@{@k@c@]mA{@i@Oy@KaBGMIuADkAAi@Sm@US[i@QSMGMBK|@Wv@?b@IZA\\TdB?dAg@p@[Hm@Ew@c@iAYmAu@cAw@g@I]]}BcBYa@o@a@IUWwA[a@M@G\\}@~Ba@v@{@lAuApAa@NgAJq@EeDs@iAg@i@_@e@o@Yo@O_AEwAReCR}Af@uB\\u@l@{@z@q@FST[Rm@J_AGW@UGSQsAGaADg@Vy@n@eAt@OjA`@p@`@vAd@l@K\\a@Lc@j@kDViAT_@h@Sz@BdAZbEj@d@NlA~@nBnBvA|B^v@NRj@b@bAhAX^Tl@Fn@@n@CrAK`BOvAEJ?^Qp@Ep@O|@ATMn@KbAJh@PJt@dAH^AhCXxCDz@Lb@z@j@\\dAd@XN^RTJ^r@t@fAv@lAb@LXd@VRDhB|@dA^~AfA`DvAfBj@l@CPUPIrBKDNAl@FrAFjDAVBv@MlBELOI?IF]FoBLGPLNAZTBNI`C?j@A`@E?GIDc@@y@SeN?oDBu@EaAAo@DUAmACk@Io@ByAE[GmEB]LMN?fBpArAp@~Ab@`AFtCOh@DnDMVD|CSxCEREnDCrBOd@I|CMrGMvADv@KvDCpAHrAGh@LNMdB@|AILDTIzAC', 'resource_state': 2}",FALSE,FALSE,FALSE,FALSE,everyone,FALSE,"[41.117029, -85.100925]","[41.117117, -85.100611]",,3.572,6.78,FALSE,FALSE,FALSE,243.6,230.8,13691295994,13691295994,A39B41EF-045D-4F8F-B24A-C7EE6756B87B-activity.fit,FALSE,0,0,FALSE,,,
2,"{'id': 60229721, 'resource_state': 1}",MLR,11266.8,3240,3686,43.2,Run,Run,2,Strava App,12832252077,2024-11-05T20:43:15Z,2024-11-05T15:43:15Z,(GMT-05:00) America/Indiana/Indianapolis,-18000,,,,2,4,0,1,0,"{'id': 'a12832252077', 'summary_polyline': 'op}yF|klfO?~@Hh@Xv@`@b@LTRv@Dv@?`AF^EVBf@CVBv@Av@Dj@?h@G|@Uv@IF_@DMHGNC|@Q^On@@HMJ?FY~@GX?TGt@Q\\EVU^?Fe@v@EC_@CE@ONAVIRKb@QTQ`AGLEXBRCHIFOZ[TMRM`@CNDVj@j@?HMXARIPi@Z[AONMrAWj@BPt@t@ZMNBBHBXHRr@\\f@h@n@VXTZj@ZPNLVn@^NXVL`@NXLB^CFBRPh@|@p@V`A?jALPHT\\Fr@Jd@FF\\BHHNBd@OtBUVYPFXGp@FVFb@^\\H\\TbAb@L?vAf@NNj@Lr@MVLlCTnBKNJ`@HzAc@f@Bn@E^DPCZBVMf@H~@I\\BTCz@?TIdBD`@AZKNJt@IzACj@?d@FLEvBEbFAt@GfAAf@FzAIp@IpB?^EpBBJE`@@PEtABfCIJDPGv@@~@IZB`CEASB]CEJAPMBSCUIwNCKAg@ByCGaE@qDCkA@_AC]@sBCO?}@Ey@@{@C[Bo@Is@@UCc@G_C@_@Ae@JU?IIUBa@CG@yBEc@IKBc@Am@Bc@Gg@@OCiEC[@c@EOB}BCcCB_@EuACUB_@GqCHg@Aa@OM[BGMB_@A}@CI@MCyA@]CG@i@GeABs@KsC?}CCq@AaBCi@@_@KuG?gAGoC?eACo@AqCG{AB[CU@KA}@Kk@EyAB]C]BqBI{BBu@E_CB_@E}@@_@CO?aAAI?Y@EGiAB]?i@EW@y@EWAaA@mAAGEgEE]@u@GoB@m@CcCWEED{BF{ACMDwAFuA?a@Hs@ASDcB@WFcABCDWC}BHUCgBHSHe@CUDgAAcBJsB?w@Bm@Fk@CmAHyA@wAJ[CuHTg@A_AFiCBuBN_AAmAHgB?gDVEN@lBCZFZAv@@FCd@H^EbADx@EZDbCBFBh@CpAFxBCb@BFC`@F`@At@DXCTD`AB|EDZ@f@Eb@FXCh@DhAAPBlBDd@CRBj@CPHtBCl@HtAC^D`@Cl@BzAA^BH@jCH|AC`@DbAAbCHxACx@F`@ChAD`@C`@Dn@ARD\\Cn@Dv@An@BF@VC`@BhAAp@D\\AJBdBEj@AZB@?Dc@EwADm@DEC}BJYA_A@i@DuA?kADy@H[CSHi@C}@Hg@E', 'resource_state': 2}",FALSE,FALSE,FALSE,FALSE,everyone,FALSE,"[41.117018, -85.100591]","[41.117036, -85.10069]",,3.477,5.2,FALSE,FALSE,FALSE,248.5,230.5,13683038670,13683038670,0C454810-0CFF-4241-B617-89F319AC4AA3-activity.fit,FALSE,0,0,FALSE,,,
2,"{'id': 60229721, 'resource_state': 1}",Very Dark Recovery,9725.6,2637,3221,36.6,Run,Run,0,Strava App,12824991953,2024-11-04T23:44:36Z,2024-11-04T18:44:36Z,(GMT-05:00) America/Indiana/Indianapolis,-18000,,,,0,3,0,1,0,"{'id': 'a12824991953', 'summary_polyline': 'ue~yFvblfOoB@GBmAAqADIDIC{@DKESFMC_@D[GYDa@Ci@?s@BsACc@Fk@CIH}BGkAHwA@MC]HmC@_BN[?SFaAHy@C[FgAAoBJyA@DUGq@@_@GuAAoCBg@AI?aAE]Bc@Go@BQGW@aACW@u@CQ@YAIB_@CI@c@CG@c@Eo@B_AA}@BYHMnAITBVIbA?h@@dBGDGLW@IA[BG?{@C[@ICG?g@CYBQCIAi@CEIASL]CED[EEDU@[C[H[@]?s@RCDMBm@VUPKDe@f@m@bBYtAILUHK@QCSD_@AaBL_BCYFiA?k@F[CKDoAA_@Fw@BKCyB@CI?iDEu@@a@CU@QCW@iBE[@GAa@BQEG@iBCG@mAE_@@kACQ@a@Cc@Be@C_@A}BC_@B[CaAAIBOAw@Ao@CQ@u@Ea@Be@E_@?u@Cc@Bg@C[?u@Eu@@SCG@SCUBi@CE?m@@i@EeA?qACG@]BICYAwACe@Ba@Ey@@uACEA}@Fm@KmBGwD?o@BGNOEa@Lo@EWIqDOWI_@?YAiC@a@CI?a@Ca@@UAODOCa@Ba@Ea@@I?aAAE@OCY@w@EoB?{@C_@@_@CQ?[Sk@a@Cu@@MBwABYF{@CQFy@@_@LoA?_@FCJBLCx@FnACn@Gb@?PKTFAJMAaABA?GCSDs@Cs@BMCq@JQh@Fv@KrACTKxEG\\Eh@PJT?t@BLAlABx@Az@FhA@`DBhAEVAj@HnACn@@pADv@L\\BLN~D?VG`@?h@QRAHFrB?`BBL?^Ff@@^I\\?PBJBv@A^DlBCPDv@B|BCb@FfBAd@Dv@Cb@Bt@?~BJhDCd@Db@AjAJfDCPBfACfBDX?lABNCX@pADd@Ad@AFDl@Ah@BhAA^Bb@?ZB`@CHDb@?f@CNDz@AH@j@AZDXAP@`@AXBPC`@D\\?|@BZA`@DlACd@DXE`@JdB?nBANFZC~@AFBf@Af@BfBDVA|AJh@FNHFT?NPrA~@fAl@j@R~B\\PEn@Cf@B\\IPB`BGr@?LC\\@LEl@BZIf@B~@IZBvCObBAZ@PEj@?f@IX@h@If@?TGbCGfA?~@CXEPBhAKfBHtAMp@ApAAn@F`A?bAEb@Bp@GzA@lAIzBA', 'resource_state': 2}",FALSE,FALSE,FALSE,FALSE,everyone,FALSE,"[41.117042, -85.100119]","[41.117153, -85.100555]",,3.688,5.26,FALSE,FALSE,FALSE,245.7,236.1,13675262414,13675262414,DDF8182D-67C6-4B6C-80BC-073A6D098CAB-activity.fit,FALSE,0,0,FALSE,,,
2,"{'id': 60229721, 'resource_state': 1}",Very Dark LR,16464.8,5274,8224,54.7,Run,Run,2,Strava App,12817897464,2024-11-04T00:30:17Z,2024-11-03T19:30:17Z,(GMT-05:00) America/Indiana/Indianapolis,-18000,,,,1,5,0,1,0,"{'id': 'a12817897464', 'summary_polyline': '_t}yFlukfOBy@L_@@OCcABIFGTF^GDM@WCIB_@AcACk@Kq@TQFQBYHKd@mA?cACoBMK_DJuB@}@@QIGc@CaACgC@_@IoDBw@IiAOGIL]T_AZy@Di@GAEICAI@c@Eu@Oa@]]D_@?e@Eo@@y@McB@m@KuI?oBE}CBg@GkBCgDGmD?sAIsABMAm@Do@CwABSEq@Bk@G_A@SESQE{B\\}AFqAHgRd@{@AEBA^GHcDJoWn@QICm@CEQHi@Bw@CBBANULi@Do@LWWg@MEKAs@Bo@j@qEB{@Iw@q@iBg@e@SESHcD_ACWCEuAa@g@G]FKFYd@YrASlB?jBILo@?GaC?sACSMMKg@CiCDm@I{AD}@CyA@ICu@?}AEm@E}DA]GIMAIKGg@c@Sq@C}GR}ALIFArGDK?iACWAeDLOtA?fEKf@GZDPGhCEGYAy@?wAC{@?yAEyA@Q?q@Ce@E]@[IqD?uAHSKiBEkDG{@?mBEc@Bi@EkCDu@Au@MyGG[GOBOGcFh@SRBnEK|GGzCAVGlB?vEO|B@~AIrADnDO`O[xDEnCMTHbAKdB@l@AJCd@@hDO\\F~@UnIS~@IvEGfDSrBAfEMhFS|@DlBOvN[hCQPDd@GdBAxBItDSpDIpCAbEStBAPEx@?z@I|HM|AK`BAvAdCb@nA\\r@Nj@lCtRJfANd@CLNbBNd@|@j@?\\XtBPtCBnCATHlBLnI?rADp@BnB?rAN~IA`AFlB?~ARjLAFWNG^Ad@G^Db@Cr@BDGv@Bf@FZAbADp@Cj@JzCALFhC?jADp@B~EHbFAhABNDdCCfBHzBE~BBNCr@HnAHZCXB|@FfCAZJlH?bCFxAAl@D^?pDF|@BtFFtBAd@DrAAbAFzABhC@z@EDAHDj@BFAZHzEBbHNxJBNCr@Dl@AxADt@@bDBd@Vb@DRL|D@zDFbACn@FpDAPDjEA|BD~BCx@DbAChAD~@BnMy@?oGLgBHsCDeBAgAH{FBcELsFDcBGy@[wAqA{@eASKkAqAy@s@o@w@c@[mAwA_C_CEEi@Hq@i@U]w@u@GMJHa@a@YUEKSKEQ?i@IQ]YyHaIgCaDq@k@MQIWc@_@m@]SUICQBq@i@aEaES[w@q@yByBYa@YUKEQWi@a@EI@WCQUa@Y_@w@s@u@eAIIAWLa@?OI]Q[y@cAe@cA', 'resource_state': 2}",FALSE,FALSE,FALSE,FALSE,everyone,FALSE,"[41.117159, -85.100123]","[41.117151, -85.100779]",,3.122,4.64,FALSE,FALSE,FALSE,247,235.7,13667649277,13667649277,66259C9A-F66A-439F-A075-A4EA66D89AD6-activity.fit,FALSE,0,0,FALSE,,,
2,"{'id': 60229721, 'resource_state': 1}",CD,3230.8,941,944,6.8,Run,Run,0,Strava App,12800364424,2024-11-01T22:38:31Z,2024-11-01T18:38:31Z,(GMT-05:00) America/Indiana/Indianapolis,-14400,,,,0,5,1,1,0,"{'id': 'a12800364424', 'summary_polyline': 'g}~yFf_ofOgA]QKWGs@[mBm@_Ae@OCKISAYOcA[wAi@YQ]ISMoAa@_@S_AY[OUGOIq@UYGYQYGCE]OOEOMUE]YYECCi@OKGAEw@UCCG@SOg@IKGe@KEEG?CC[EyAi@QCm@Y]K{@s@k@y@mAsDISWiAMSI]]u@[g@YYCAGBCBHh@CTBH@TAvABJA\\Bz@AJBDAr@BXNd@HvBTj@@Nd@rAF?VKBBT@ZRV`@VXHRJF@FHHZJL@~@^NHD?p@Rx@\\DD`@JLFD?d@VZHDFPFPBh@LJ?HCj@@L@DAB@f@BPRdBl@FJF?@H^^Zp@H\\HJF?RGD?b@MX@hBf@P?HMLa@JSp@NXEDBV@D@b@@JAJURCRPPFRDNFDNLLJ@z@b@\\JjAf@b@Lb@V`@L', 'resource_state': 2}",FALSE,FALSE,FALSE,FALSE,everyone,FALSE,"[41.121384, -85.116008]","[41.12178, -85.116364]",,3.433,4.58,FALSE,FALSE,FALSE,239.4,232.2,13648779791,13648779791,7B22A4BE-8EDC-4B74-BA23-497E35EDA7A9-activity.fit,FALSE,0,0,FALSE,,,
2,"{'id': 60229721, 'resource_state': 1}",Ladder Fartlek,8085.9,1800,1800,58,Run,Run,3,Strava App,12800136026,2024-11-01T21:57:20Z,2024-11-01T17:57:20Z,(GMT-05:00) America/Indiana/Indianapolis,-14400,,,,1,4,0,1,0,"{'id': 'a12800136026', 'summary_polyline': 'eb_zFpoofOA]Bi@@i@GYe@aAKIAG]g@Wm@GCOOAIc@g@[i@g@e@MEIMMU?QFa@@c@Fc@COEGYOSFGh@?b@FN?HGZBb@AvADx@LPLFh@`APn@Jl@Af@CJ@HQhA@JGh@?^Mn@?t@IhABFALDPNLZBrATtAZHAPLFl@RNd@E^FZ?n@FVAbCTdA?nAXd@T`@AXKT?x@Tx@UVUt@uARGR@`@GTIBQCIKMG?We@QKOUq@]i@FIAGDYEo@BWIk@B_@I{@GW?y@Si@?uAU[Bg@MG@[II@EG[@q@WGI]QEGA[Da@@e@Ae@Bc@AK?KEGAMSWM[_@g@CMEECKGCW_@MYUYMWMO[UMYWMEKSQEUFg@HqAEUSM[@GHAb@CNDv@Gb@BF?p@Dd@AFFdAn@bAHBFLLb@Lv@BXCX?VKv@ELA`@GX?^If@?ZENAfBBRLHP@VH`@@LFzBb@NHJVFXPF^Eb@L`@?h@Fd@A\\Hn@D|@?~APp@\\L@hAMp@PPJH?HATUNCLM\\u@V_@JING\\DNCVILSAOIQQSUGa@e@?MJQDq@FYLQR@VP`@L`AMLKD[KS{@?g@Gy@La@XIl@Qh@KP_@?q@Fo@G_@BMEW@iBMWGkAIe@KY?WGeAKKEcBSe@Ma@UIKCK?QDU?y@BS?aAEOIMK]KSe@u@SSMYa@c@c@w@KMUSEKMMWKOOEUA[Lo@AKF_@?UOOUESDGT@VC^Ft@Cb@DRAfABn@FPRPNZb@p@@\\J\\Bj@A\\K|@?RI\\Eh@A\\Gj@?\\G\\AbAJd@x@NFDp@DTJh@Bh@PRJ@\\HPFBRCfALdBHj@J\\?TFXERDV?d@JFV@jARf@x@f@TX@FGXA\\EPGNMBGEYCGBg@AWDyBBGG?O\\q@FC@UAKOa@MOc@IS?OIMg@QKIDELk@NEH_@Dy@?GFITMLs@LM?[a@EWJa@@WMkA?IBGXa@PAl@VHCRKFI@QEOSSMAUMG@SIqCa@OKGM@aBBG?QBGH{ALg@Dy@BQBe@?q@Go@Om@IOMIKMO[MMMg@BUC_@@GIq@@qACg@DYHULIJ?JDPZB^IXGx@@XJTh@Xp@|@\\j@RTBJFDZj@^f@j@rAF\\GbB@ZC^?d@CF@tBEZ', 'resource_state': 2}",FALSE,FALSE,FALSE,FALSE,everyone,FALSE,"[41.122222, -85.11845]","[41.122108, -85.119385]",,4.492,7.26,FALSE,FALSE,FALSE,242.7,232.2,13648535793,13648535793,2D095A4E-FD73-42C5-9481-F95731AD7886-activity.fit,FALSE,0,0,FALSE,,,
2,"{'id': 60229721, 'resource_state': 1}",WU,3224.4,957,957,0,Run,Run,0,Strava App,12799916731,2024-11-01T21:31:42Z,2024-11-01T17:31:42Z,(GMT-05:00) America/Indiana/Indianapolis,-14400,,,,0,3,0,1,0,"{'id': 'a12799916731', 'summary_polyline': 'k|~yFv_ofOo@SUOOESKGAqAe@OCc@S[IUMMA_@UQEUMg@QE@{@[i@WWGQKa@MEESEq@[E?WOQCUMc@KOMQC]KE?EEe@QIAQMc@KUO_@I_@OQMG?CEKAk@a@WEEE]IG?i@[q@WWEEEYMYAYOE@g@OKGSCMKk@MWKMCc@QGDECIICEm@a@SWOMW_@ESKKaAyCy@{COWCGCAGMMMAGIGSa@Ig@CW@GAo@DSEEC@EJJ\\AF?b@FR@b@h@r@Zh@^dAF^HR@NRf@Hb@JTPp@Zv@R^TZb@`@JJF@RPRHDADFTLl@TRBf@RlBf@JFF?l@NdBr@VBTNNDHHRF^VJA`@TH@PJJ?^TD?h@PRLJ@DDh@TH?TL`@J@FFBN?TLPFB?RH@Dr@RRJHBNHH?VRDAvCdAnAj@jA^nAh@x@T|@^', 'resource_state': 2}",FALSE,FALSE,FALSE,FALSE,everyone,FALSE,"[41.121293, -85.116155]","[41.121401, -85.115996]",,3.369,4.76,FALSE,FALSE,FALSE,233.7,232.5,13648301095,13648301095,40A66386-3C37-4BFF-9BE8-354CADB58CAB-activity.fit,FALSE,0,0,FALSE,,,
2,"{'id': 60229721, 'resource_state': 1}",MLR,13000.9,4098,5179,35.4,Run,Run,0,Strava App,12781609611,2024-10-30T12:25:42Z,2024-10-30T08:25:42Z,(GMT-05:00) America/Indiana/Indianapolis,-14400,,,,1,4,0,3,0,"{'id': 'a12781609611', 'summary_polyline': 'yd~yFnkofOnDtBzAh@xC`B\\J`@KJINe@J_GD{@AKH{@b@wApBaFVc@H@HVh@p@l@L|ADv@PT`@J`ALXh@TTBZQ~B_@JQjBD\\J^^TBdAl@xBr@j@ZbAIvC`@~@EfA?t@RXMDI|@Kd@Fj@M~AAzAB\\IjADlEO`@BXG^Fx@KfABlAtAD?LTp@b@pAnAd@j@tDxD`@j@HBDJZRfBjB~@jAlAfAlAxAD?h@j@n@d@LVXTr@|@jAbArAxAHN`B|AFLzB|B^^F@HRVTtADzEMb@G~G?|HM`BGJNAj@Fn@CtADj@r@GpAATTp@JnCM|AATDJG`ACj@`Bt@fBLNv@dBDZtAtCz@|BZh@b@`@|ATLPp@\\xA~@JNlBbA\\\\p@R|@LxAr@n@Ij@dA|D~D@NE^BLNLnBzE^jAD\\@`@EVs@pBOt@BfAJf@BdACHe@HMd@QN{AZGJWNK[C?cE~@KHQr@KR_CjBk@rBIh@SXe@U}AOm@`@e@j@SjAFt@Pl@Vd@j@`@BJQ\\DPARs@Dy@VgDd@Oe@f@MFIDoAEuBEc@_@[g@iAFSPOLaAEsBBIFATHn@B\\PJIH?FNBCGBIMUDUOoAGGOA[Qq@AQOc@[_@IY]YcCV_ABUIAoAAGIEHABGEwAIUCm@EKMEoAHaG?cEB]F_C@OEW[IAOJa@@YV}@jAi@`Ay@r@yAb@qChBQRm@\\c@Jq@XKLM@a@Ve@JsAl@kATiAHiASaBDoAKOFo@@YYmAq@u@YcCwAi@g@IUBB@@a@WKQaCyBaBgB[M]_@_BcAyAu@}@w@sAq@SEgAw@YCc@W}Ak@sAm@w@e@yA[gB{@_Cm@e@YsCgCg@UsA{AWm@Io@[{@BYMk@@[Im@GgA?m@Im@@OQe@[qAk@{Do@aBe@q@Ec@Ma@K{DYaAc@mDSu@Se@Zc@fAe@Ha@\\q@jAWHi@C[yAiE}@iAEOaEgGq@i@aAc@aAk@s@q@cAqAc@a@i@Uk@EEg@WOp@_Ed@gBXa@NCnAC^H@PMRaE\\_@]SyAYW_BWWDk@Ik@[i@q@KBEZa@r@}BjGK~C@^IlB@n@Ch@ITUTSD_@EqBcAq@e@aBo@iC_BwAs@s@]e@GcBs@', 'resource_state': 2}",FALSE,FALSE,FALSE,FALSE,everyone,FALSE,"[41.120488587766886, -85.1164566166699]","[41.12159608863294, -85.11648737825453]",,3.172,6.58,FALSE,FALSE,FALSE,241.4,225.4,13628578132,13628578132,B575DB5C-0C39-4B10-BD12-31F36099EE1D-activity.fit,FALSE,0,0,FALSE,,,
2,"{'id': 60229721, 'resource_state': 1}",3k Time Trial,3000,547,547,0,Run,Run,1,12773058058,2024-10-29T12:00:58Z,2024-10-29T12:00:58Z,(GMT+00:00) GMT,0,,,,0,9,0,1,0,"{'id': 'a12773058058', 'summary_polyline': '', 'resource_state': 2}",FALSE,FALSE,TRUE,FALSE,everyone,FALSE,g19351325,[],5.484,,0,FALSE,FALSE,FALSE,,,FALSE,0,0,FALSE,,,,,,,
2,"{'id': 60229721, 'resource_state': 1}",CD,3220.2,1136,1230,0,Run,Run,0,Strava App,12772916943,2024-10-29T12:34:19Z,2024-10-29T08:34:19Z,(GMT-05:00) America/Indiana/Indianapolis,-14400,,,,0,3,0,8,0,"{'id': 'a12772916943', 'summary_polyline': 'amazFzdmfOJGT]?MAEAU@IGMGE]Ik@]I?EGQIEI_@KWUm@YOMMGq@c@SIGIGAWKOOIAUM[WSIOMG?MK]OSQOEMOMGOC]UQCCEQGOQ?GFKEKEEODGEKOMIGCGBOOECM?a@YE?QGEGGO[GGIi@[UGY@CCEWMISEQK]CEPIN?PGPiBi@s@Oe@QkAQQGSCICQ?OIWAc@GC@q@EOBgAII@QCYAO@KC[AY@MCIB[ACAU?CCwBD{@KO?GCM@QGU?QEO?GCo@EIESEa@UMAUMc@KIGOAn@ND?xB~@XDR?NDJAh@BXFJ?DBHA\\DDAPBVCN@HAT@NADBHC\\Bd@C\\BVAVDXATDh@?n@BLBJ?HCXDXAPF`@BPDLAZJl@JHD|@NJDF?l@RZDRHD?VHfAT^Pn@bATPTHVPdAZJHd@PHFZLf@ZNLd@RDHH@LHF@RJ\\VVJHBj@^PF`CrAZTLR', 'resource_state': 2}",FALSE,FALSE,FALSE,FALSE,everyone,FALSE,"[41.1372609436512, -85.10641735978425]","[41.1373730096966, -85.10638601146638]",,2.835,4.618,FALSE,FALSE,FALSE,233.9,232.1,13619279380,13619279380,C1381622-18E9-4EC1-B111-1879F3972F13-activity.fit,FALSE,0,0,FALSE,,,
2,"{'id': 60229721, 'resource_state': 1}",WU,3287,1013,1642,18.8,Run,Run,0,Strava App,12772309319,2024-10-29T11:11:15Z,2024-10-29T07:11:15Z,(GMT-05:00) America/Indiana/Indianapolis,-14400,,,,0,4,0,10,0,"{'id': 'a12772309319', 'summary_polyline': 'k`bzFnxmfO?@YJe@@IBQJGNOlAE`ACLA\\CP?v@B`@FZXr@VR`ATX@JD`@JRFVNLRNLD@LTDBn@jANZZpABBPdAB|ACh@Kh@CXGJAFINALMXa@p@}@r@aAfAg@t@IZEDIl@ATBDCF?d@Dl@HVBTJ\\Bb@Gv@Ih@CJIJC?MMcA]WOQEc@Ya@Ok@YUIII[QMA_@SQGWYG@OMMACEi@WG?i@[WGg@[E?CEVNJDBAd@VD?LLLBBDNHD@HFF?BBZLNLf@R`@VD?RLPBXRNDJHD?jAp@J@RLD?BDVFRNF?JFNDHHHBDE@_@Lo@?k@Ks@GOAMEGIs@AY@WF_@?WFMDYb@}@|@gAjAaABIRSJS@GNYVy@LcA?g@IqAKYIo@GUGKKk@c@u@M[SUMUKGCG[Y_A[GIGOIKk@MK@SGMQWo@?OEGAWBY?w@F[H_BFe@HQJGNCRBZE', 'resource_state': 2}",FALSE,FALSE,FALSE,FALSE,everyone,FALSE,"[41.13756864331663, -85.10640730150044]","[41.13767827861011, -85.10657276026905]",,3.245,4.143,FALSE,FALSE,FALSE,243.9,233.6,13618626990,13618626990,4B628A07-C0C0-4A84-99A4-25CC0E2AF2C7-activity.fit,FALSE,0,0,FALSE,,,
2,"{'id': 60229721, 'resource_state': 1}",Recovery,10182.1,2875,3542,40.8,Run,Run,0,Strava App,12765042872,2024-10-28T12:25:33Z,2024-10-28T08:25:33Z,(GMT-05:00) America/Indiana/Indianapolis,-14400,,,,3,6,0,8,0,"{'id': 'a12765042872', 'summary_polyline': 'e_~yFzwmfO~B~@r@b@\\HpCtAN~@C^@XFRRdBSvACv@BlEL^|@z@Jf@nAbDATIJ@FLFJVB?LTh@XfABbBXXn@@b@Nj@^JNXV@LENWr@SnAOEc@GGOAmAB_@JMP]|ASt@E^m@rCKv@BNNDNEJOh@Il@Vz@z@d@p@n@r@bAl@jAb@h@`@\\n@NPxA~BVVh@~@`ArADRVf@Pn@\\t@J^n@zAf@bBNRj@tAd@t@Tp@R~@F`A?dBCZKtBGRiAEaEHw@EqBFe@REPUP]HEHAPBNBz@C`@R|AN^r@tBVnAD^?pASbAKp@GtABPLb@Bp@XB^ZH`A@zACL?n@F`ACj@DlBAzAJx@CRBVNh@G\\?^Kf@DJ@`@DJJBr@l@JnA?f@M`@@XEZ@XKhAFx@?hAC~CGvBAjEoCRa@AUDON@\\FP@b@O|@B~AA`B?VPN?bCBXA\\L`ABxALlA?\\PXD^Nd@@XRl@FBRGjBAVDb@KTBVE\\Ar@@TFLJnAGdAFPGz@BvBQhA?\\B|@IRDfAIVBbB?h@ILFfAGZBxAMRFzHQa@Ao@QESHo@Qa@{@m@w@IECCODcAFQBa@A_@KYKcAAkAFs@f@sCAKG?UZ_@QODQPIAGJIv@Yr@GHa@LIIMq@GEwAyDYO?OOi@Yg@Wy@q@a@[a@m@e@m@o@KE_CwB?MN_@BUBuACq@DoALSb@UPc@B}@@qEEqB?i@D[Rg@VWXMf@i@J_@DEPi@Lm@FGDg@EKs@]yA_@yAu@oAWkAi@u@u@a@Ym@o@}@c@qAgBMYIq@Yw@Jk@GU?qAd@w@DUj@{ABk@Ng@BqANo@?u@DOEo@FaAIq@Fc@Ce@K]Ca@K[DQCq@AuBWeBQYIYcCsF_AwCYi@Wo@Uu@aD{E_@s@UWu@kAe@i@c@G]OwA{@c@a@]m@o@u@e@]]M_@CQFU\\K?KK?SJWDm@lA{F@YZc@b@QrADPH@TKP}@@m@FkARQCWQUaBY[cBUgAEo@a@]s@AQCCOJm@Gg@_Am@W_@y@m@g@e@q@w@[KS_@]m@US[Ge@M?KRK?u@}@COBIV]P}ADGd@?p@q@De@La@@WDMLw@Fi@Aq@FgAAQMMs@Y', 'resource_state': 2}",FALSE,FALSE,FALSE,FALSE,everyone,FALSE,"[41.119478987529874, -85.10819231159985]","[41.11885285936296, -85.1083021145314]",,3.542,6.426,FALSE,FALSE,FALSE,244.6,228,13610818770,13610818770,87F3866D-27C1-439A-A3E9-E6E9E45B8D35-activity.fit,FALSE,3,0,FALSE,,,
2,"{'id': 60229721, 'resource_state': 1}",Best Run,18273.4,5169,5818,42.9,Run,Run,2,Strava App,12758156641,2024-10-27T12:17:31Z,2024-10-27T08:17:31Z,(GMT-05:00) America/Indiana/Indianapolis,-14400,,,,0,7,4,4,0,"{'id': 'a12758156641', 'summary_polyline': 'g}wyFtn`fOp@bB\\Xf@v@^JRq@h@U~@TGZF`@Cj@s@fBWhBc@zBS|Bm@rCU`CAfCF`CHd@p@~APbA?zA[jEDl@Lf@`@z@f@t@|@tBX\\zBtE`AzAdB~D\\^\\JVAVLz@xAPj@t@`B~@fBl@~An@bAJXPRTn@n@`AzBrEjB~CBNFBp@`BbDhGNLDPl@|@fDfGlChFHvBFn@AdCHf@EVBhAC^H|@Ct@Fb@ApDJzFl@tCVdBIdIGx@CvDJlELlA?j@NtBN|@B`A\\`BAXV|A?XJj@b@d@J`@y@H]F{@^_Dr@KGu@Dy@K{AJy@I_BDiDOmAHSJG\\MJo@[OTaAHoAW]Qy@Ic@JwEDoLn@{Rd@iD^eAYsHJ}BNiAr@sJRSMc@CmFRQNeEDw@Ja@EuCL_BCgBLs@EeANeFHWJeD@qBLuJPGc@Qa@@c@WeBEsFI{DWkAm@oAScAM_BEaFMIWDQEmAsAUKo@aA_AeA}AiAmA_@mBUmBLc@GwGTkBBOKgAMAuDD]vBE~AQ|CAZOCuEFmAFSHCp@BvAL|GF|AAvAGjCYHPDfB^EnC?HfIFPf@Ml@{@HUZUBWb@{@XYd@Ob@eAZBdCU|@{@VVs@kAWw@i@u@iAu@u@Y}@KMIBQGq@Hm@As@H_@FiAAeEl@OT_@HBHVZBp@MPcA^u@E_A@_BEo@C_EEk@?iBKqAgAgD[cBCq@FUMsBCwHE{@Dm@LWlByBHUZAPKF]Y]Qg@}@yA{BsEg@_AaA{A}@mB}AiC]gAcAkBqAyDCMDWM]YoBGMDc@KyAIiLKuFBi@EOBwAKw@DaBC{EK]KqAEuB@}BE{BHkBGUC}AB_BGqA@cAE_BDkBAOUa@D]G}AKiJSiCMYMs@uCwHAOLW\\SRIzAYTa@CkCFgAAgAFq@EiF@KLKX?j@O@SGO?QHmALiAJKvBG`AHzF|C`@DnJMhAFdFrArB@j@GLUD]OwUIoBGsFAaEFSbAMjHGrAKlC@LALQnAAjBAdAHzDM^LpFa@Gf@Dd@?jBDLA`AWv@s@ZoCFo@^Bx@@v@ElDGr@EzBI^A`Ae@|Fs@lBKlAQf@WdAQnAu@f@E\\HJXdA~@pB?ZIRD\\dBABTZv@PhAjCfHNDh@Or@CbADDRARHfBC|ABf@PBvAbA|@FRLp@|@zBtAHVC|@LVVRAr@`@vAL^\\I', 'resource_state': 2}",FALSE,FALSE,FALSE,FALSE,everyone,FALSE,"[41.088668033480644, -85.03889190964401]","[41.08882561326027, -85.03853249363601]",,3.535,5.028,FALSE,FALSE,FALSE,248.5,225.4,13603335190,13603335190,02740EF6-12A4-439E-8D6E-EF70DF9D1969-activity.fit,FALSE,0,0,FALSE,,,
2,"{'id': 60229721, 'resource_state': 1}",CD,3296.1,1027,1368,6.4,Run,Run,0,Strava App,12741109306,2024-10-25T12:53:54Z,2024-10-25T08:53:54Z,(GMT-05:00) America/Indiana/Indianapolis,-14400,,,,0,6,0,11,0,"{'id': 'a12741109306', 'summary_polyline': '}j~yF~iofOHEH]HIDAPNPB`Ad@TFFFRHNLJ@JHTHJFDHPDFJl@`@^Lv@b@NDRLj@RPNnAj@HHPFBDJ@\\MNOL[@I?e@Di@CODUA_@DY?i@B]AWFe@?e@Dg@Nm@p@cBDE?GLSFUf@oAFKVs@AGIMO?UFMGa@_AKMe@QQg@KQ_@UKMKUIKOMYKg@YMUa@WYGGGIYIKEYEEC?GFQTIICQUIIIKS?IBI\\g@Lc@To@NKDADGZMDKF_@FOToALiADe@AmADYCMGGMCYQa@M]SGG[KEG]OIUQs@GIRp@HPTVx@b@n@XPPb@JHH@PEZ@d@C^?ZMhAIVCVGRE`@EJEXMb@CVYnADZCfABNZn@h@RFHLDFGANBHFFLDNHRB\\TBF@HNVXVD?LHLPHVHPDDJ@FBXXTl@RNVENBDD?RCJKJOj@IHQb@CBOf@_@t@_@hAS`@CTGN?f@G^Bv@CVCvAAFCvACL?\\KZQLYBOAUMUKOKs@[w@g@{@Yo@_@E?YMKKYQUUEAWMSEOOOESME?SIMIQEIGQG]QOE', 'resource_state': 2}",FALSE,FALSE,FALSE,FALSE,everyone,FALSE,"[41.121392, -85.116661]","[41.121178, -85.11662]",,3.209,5.78,FALSE,FALSE,FALSE,235.3,231.3,13584822875,13584822875,7B7831A7-B15D-4010-BBF9-76C9F690EC58-activity.fit,FALSE,0,0,FALSE,,,
2,"{'id': 60229721, 'resource_state': 1}",8 x 2min on 2 min off Fartlek,8580.1,1920,1920,57.5,Run,Run,3,Strava App,12740900358,2024-10-25T12:03:10Z,2024-10-25T08:03:10Z,(GMT-05:00) America/Indiana/Indianapolis,-14400,,,,1,5,0,8,0,"{'id': 'a12740900358', 'summary_polyline': 'gb_zF~nofOBI@wASs@e@s@[q@OOa@u@SSi@_AmAgAES@UF]DaACQc@SMHGZ?ZCHBFCH@b@ClADn@CZHl@HLNHp@hA?FJVJ|@Cl@IV?d@EVCf@ITU~CB~@BHLL~@JTJbAHbAVNJ@HAXBPfA?JD|AHTAd@@r@LDDj@AfAFNDT@`@LJNN@PBVK`@AVBh@NVANMVIP]DADOPQN]LInASHICYMMG?[_@EAQWm@g@[BMFYBU?YEuBK[G_@@e@M]?SEwD[WIi@As@Mo@YSSGS?WHg@Cc@DaAAUIW[c@[q@a@k@MYi@i@K[a@a@AKYYUOIAKMEQ?WBm@FU@i@AOa@QQFC\\CLBXC`@Bn@?j@Dh@Cd@D\\HRJFp@`APz@Fv@A\\EV?POxAKr@MxBAv@BTHNj@Nb@BVH\\BxA^HNFb@RJTE\\Fh@CVJNAtAF~@P`ACz@RX?f@XNDP?j@SXDFALBXNR@v@]HYTY@IFO^a@RCLBRIZ?FMCS[Sa@c@KW?KJ[?YBYDQFMV?d@X\\DTGBGZ?TMBSMQSC_ACgAJYTMTKt@ITQH[AYJs@?iBGiAKi@KIB[IIBWIa@Aa@KcBS[?a@Mg@G}@WQSIU?KFs@@{@B_@C]Oc@Ue@UWIWQSi@}@[_@GMc@m@gA_AE[De@Hm@@g@IMWOM?GDEVE~@BvADr@?jA@RVNRZPPP`@?FJ`@Fh@?VGfA_@lDIfC?THPRFl@DVJt@FjAZXN@J?VJLHBJETAVJLCj@Hb@BVCXFl@BXJh@Er@JVHBDBHDvAHTPT\\NVVJPG`@@RMh@G@c@GKDUCiAFWCk@FUEEGDYJQLKFQASMa@OUWCIIM?UIG_@OQSBSXSFGFwADOF[\\k@JQ@MEO[EUJy@Cc@I[?WR[NE`@DLFb@GFY?OEMQMg@AWMWAWKwASUIGICYHg@Ae@Fc@HeBBWJ_@?SBGBa@@G?QB[A_@Mk@Wq@AKw@w@M[Bs@CUAcCBu@Je@DEPANJFR@RE\\Ep@Bh@BHn@b@j@t@FBfAfBTTBHT\\@JHD^z@Jp@EVAjBCL@^E|A@`@Kp@@^A`@B\\R@V[f@ChADZJfADjALXCh@J`ABVHl@?\\DTA|@FPCZ[R{AEQQ[KIqCK{@OW?]GoBM', 'resource_state': 2}",FALSE,FALSE,FALSE,FALSE,everyone,FALSE,"[41.122219, -85.11842]","[41.12372, -85.118192]",,4.469,6.56,FALSE,FALSE,FALSE,242.9,232.9,13584596087,13584596087,1A51A612-EC9B-41E5-B723-0B58C38AD491-activity.fit,FALSE,1,0,FALSE,,,
2,"{'id': 60229721, 'resource_state': 1}",WU,4905.7,1528,1530,21.3,Run,Run,0,Strava App,12740532976,2024-10-25T11:20:40Z,2024-10-25T07:20:40Z,(GMT-05:00) America/Indiana/Indianapolis,-14400,,,,0,5,0,1,0,"{'id': 'a12740532976', 'summary_polyline': 'ex~yFzaofOu@[s@QQMQEc@QUOKAWOaCy@a@QKCwBaASCIEQE_@OOC_@Oy@_@QEYOOCs@WKAOKsAe@GE]ISMg@KGISCWSQAKIg@QSCKKMAoAs@_AWw@_@YG_@QSCi@WOA]O_ASQMUE]Ki@SOMe@Sm@g@c@m@IUIICO[aAQw@O[CWKQi@gBQa@SSO[KKKQE?ACIJDbAAXBRAfAFbA?hEDt@CJDdAC\\DZAV@h@AX@^CFALBPAF?f@@j@C^BV?dAFtB?`C@^A\\BTA\\@FAr@BRA\\BF@VAnCDlCHBJGD@HBJHXAVJJ?RCTBFCNFJ?VHD?HHPDJXPFFARFRJTH\\XF?RPTJd@ZNV^^FHr@r@DJLHPTD@t@|@l@j@VLPBHD`AA`@@PC^@t@Cr@?t@CbA?`@EJ@NID?XBTAT@PCT@`ACPEd@C\\QLCFBLXHBD?NGNAFED?HBJCJRHBJZ@j@I\\?`@N^VNRANK^K\\c@DARFDEJ?NIHBL?RSH@JARUF@LH@PL\\L@LA\\HRJJRDT@^CFKFINGTFXD@LCPBTEJ@NE~@EF@XCp@HDABOAGJW@u@_@]OIQEWa@IuAB_@LCh@TLN\\?HERABATCj@HHFHBNAj@UFGDMBo@^_E?c@EOSQEYO]K]K}@EuBGMAQDSJGJAHBVGD@HALML[@GLYJc@?mBDIBADDBHGX?^ELId@[`A', 'resource_state': 2}",FALSE,FALSE,FALSE,FALSE,everyone,FALSE,"[41.120522, -85.116411]","[41.121275, -85.116519]",,3.211,4.2,FALSE,FALSE,FALSE,245.2,232.5,13584199179,13584199179,E2F9151F-F63F-4151-AF19-8A219EC93520-activity.fit,FALSE,0,0,FALSE,,,
2,"{'id': 60229721, 'resource_state': 1}",Recovery,11271.4,3029,3662,39.6,Run,Run,0,Strava App,12737029498,2024-10-24T20:39:30Z,2024-10-24T16:39:30Z,(GMT-05:00) America/Indiana/Indianapolis,-14400,,,,0,5,0,1,0,"{'id': 'a12737029498', 'summary_polyline': 'go}yFz`lfOx@CTD~@IvBCBEOoDGm@?k@G[BIIk@@c@EW@}@E_@?oAJWnFI|@JVH`BBnAAjAEHIBGIe@BWE_@B_@Cg@@a@Ey@@m@EqB@g@CWDc@EM@eAEaABOG_@@wAEgAHQdCC~@e@VUrAYZ@hAWr@WXYZg@v@cBPSJ[x@sADKAIFa@O_@_BaBa@WOYQMM_@IKGOMy@EgDBODCv@@x@O`Aq@n@aBP{ANe@NU`@Wj@O`BMnAD|Cj@pBGz@a@fAOL@RNVUzBTnA@JBtCi@|@@TEvA?~@KxACv@HJC`@NfAp@p@r@L\\NLT|@V|ALLjI]j@DVCJ@BFCh@BrAArADz@EFBFCNF~@Hd@@nFFlA?vCB`@DvFF|BAXDfBCFE@WESDg@AeFRgB@a@F}AA_@FEHEx@?pAB\\Cb@GJUCWFi@@MZ@f@CHBdA?vCBXA^DfBC^BV@v@BFC|@BFCb@DNCz@Hz@An@FdBEf@FnCCn@DdCA`@I^F`@?r@HVE`@Db@@xADr@BpGDXAdBDxAAh@BXAb@FbD?tBDjA?dAFpAGd@B^Gj@?HL`@CT?lB\\HtE[b@FNRBNAb@Ht@@b@n@zCJfAD`BA`BDlACpAB~DKDMKw@Hc@EUDuABkBDmB?u@FkCAoAB]HkBAe@Fa@E{@@i@FwBMo@Yi@a@i@o@eBgB{@s@qAwAOUe@[m@w@SKk@q@g@i@G?aBkBUG]b@I\\SLKVAZENS|BMdBEVIjAEXS|CKx@GLOIoDD{@GYPg@Oy@E{Bs@}@_@QSgA[{@]aAI]JETBVGDw@AUR[?[Hu@H}@Bc@GKU?e@EQQa@UUcAUaAAk@I][[e@WUOEQFOCWm@c@e@[MIMI[o@g@[k@]We@S]e@aAc@OUC]GWFg@CUBi@JiALq@Vo@AIDEJo@F{@FQDgAA[@eAm@YeAm@{@WWa@Ge@GMc@a@[Q_@KOPK@S\\SGQOYEq@a@e@KUQk@s@k@a@KEWFOAi@YE@kAe@}@e@i@c@u@]CKHWIe@HqDEgBKsAEqBBm@Ey@@}@To@@QE}@Kk@@QRURe@RcAj@k@HSFO?_@DWN_@RWvASdFEj@If@?', 'resource_state': 2}",FALSE,FALSE,FALSE,FALSE,everyone,FALSE,"[41.117006, -85.100606]","[41.117014, -85.10061]",,3.721,5.48,FALSE,FALSE,FALSE,248.5,230.5,13580395585,13580395585,9E158833-033C-4CF7-8A98-0E3C14B67E30-activity.fit,FALSE,0,0,FALSE,,,
2,"{'id': 60229721, 'resource_state': 1}",BOOM BOOM Ivy Loop,15501.9,4632,5580,62.9,Run,Run,0,Strava App,12725781463,2024-10-23T12:24:14Z,2024-10-23T08:24:14Z,(GMT-05:00) America/Indiana/Indianapolis,-14400,,,,0,8,1,5,0,"{'id': 'a12725781463', 'summary_polyline': 'yd~yFfkofOnC`BTFr@d@`@LLP`@JdCrA\\FXKNWFg@P{HF{@f@{AbAeCv@kBLKh@z@p@XzA@fATNTFRFv@HVt@b@l@YtBUVURFj@In@Fx@l@dAd@fCx@RP^JDJI`@ElBFr@L`@Xl@PPt@`BRj@LNjA`Dl@j@z@P?dAUhBH~@CVNXdAhEh@zCh@jCJpAAp@L~@BlBNdBHJ@RK`@?vBGnA_@pCCrAo@jCBdAj@bAxBjBxBpA~An@bGtEvEzBzCt@pCnA|@TzBnAnAjA`CfDr@lA|@fB^n@X\\jBz@|Dh@\\INJJChBZzAApBg@t@}@d@mALEJH^lDGl@\\r@B|A@jFIjAc@rBGv@k@~BEp@LrCz@rFCPHbAEZFt@GhFBn@E^Lf@DpCKlAFXJxDEl@DTArBF`ACZD|AA`@Mz@Lp@A\\HlCC|BFfIE|ABZHvIEnBF\\?~BDTCxABvAMbCFhA?pCChBDpCA`EDTExFBnEFzA@~BE|ADn@CVMJPLD`@CpHsBl@kAd@gCCmJLIEEQCs@F_@EmAEM_EAwAJs@GGQDmDCEa@QyBDk@Ck@Qk@[e@m@Mu@Fm@N[JC`@HlE?NE|ADxBMx@BfBSFOC]Ds@Em@Ds@MWAKFMLcDHMTGNJBt@TFvBSJ[RIRUvBAj@EHMC_HBSGm@?eGCoABu@GoB?qHG{@BaCEISCMSUFyBAKM?}@DwCGqD@[IKc@HIiAIW]e@BgGEq@A_FCcAAwHGmADu@Eq@@cAEY?o@GMmDX{ABo@Ei@d@q@E_ADsHTo@NqA?oBNqBFq@Ge@DOAI[]U{AHWJkE?mCPiBA_AHKPaJPy@C]MWSEg@By@E]AsA_@kCKKEScAT}C^o@ToBxAsD~D]L[?a@Qe@_AUy@Ys@SOE[iAqCg@cDIc@Q[]sCc@_BU}AQwAeA_Ce@wACYFg@xAyBD_@W]w@aB_@kD_@a@ES]c@Qg@q@u@[eAQ{AIiBBaAIWCiBMiAH]Cu@JuBIiKEOFUGm@DmBJgAGeCHcBPkATo@Ak@De@XgA@m@H[FkAJUD{CLk@?WJi@VUHWFoA\\wARwAJU`@{BGM@GJQVsABg@O]?Qd@mBf@iCQc@AiAOSQAcAe@a@AeBPqAl@WGmAFWFUVmAEQJSU[Io@_@cA}@_Am@c@c@_Am@GU@_@`@sE', 'resource_state': 2}",FALSE,FALSE,FALSE,FALSE,everyone,FALSE,"[41.120483726263046, -85.11640758253634]","[41.12127506174147, -85.11676071211696]",,3.347,5.16,FALSE,FALSE,FALSE,247.1,229.4,13568375465,13568375465,D19A3F84-6B28-4327-B3A4-70E41688117F-activity.fit,FALSE,0,1,FALSE,,,
2,"{'id': 60229721, 'resource_state': 1}",14 x 400m ~ 2:15 cycle,5632.7,1045,1045,0,Run,Run,3,12720803922,2024-10-22T20:45:19Z,2024-10-22T20:45:19Z,(GMT+00:00) GMT,0,,,,0,2,0,1,0,"{'id': 'a12720803922', 'summary_polyline': '', 'resource_state': 2}",FALSE,FALSE,TRUE,FALSE,everyone,FALSE,g19351325,[],5.39,,0,FALSE,FALSE,FALSE,,,FALSE,0,0,FALSE,,,,,,,
2,"{'id': 60229721, 'resource_state': 1}",Indoor Track WU,1694,463,470,0,Run,Run,0,Strava App,12720523288,2024-10-22T20:57:39Z,2024-10-22T16:57:39Z,(GMT-05:00) America/Indiana/Indianapolis,-14400,,,,0,3,0,1,0,"{'id': 'a12720523288', 'summary_polyline': 'ic~yFpimfORE^g@BIHEA]MEm@TOLQf@At@Fv@KxAABFECB?EJWHAC@@EKCCKEIJI@EJUPBHWXWH@DLt@m@T{@GO?CIO?EAFDGFHL?FBC^UX]XM@?JGHAFKFMDAHE@GEBDDCCBDFBK?QKSQEKGMA', 'resource_state': 2}",FALSE,FALSE,FALSE,FALSE,everyone,FALSE,"[41.11993772909045, -85.10732101276517]","[41.11997586674988, -85.10737323202193]",,3.659,12.956,FALSE,FALSE,FALSE,238.3,236.3,13562733967,13562733967,A6524FE1-D898-447B-9BCA-EC9D6FF886EE-activity.fit,FALSE,0,0,FALSE,,,
2,"{'id': 60229721, 'resource_state': 1}",Exploring Chicago,34279.1,172800,172800,0,Walk,Walk,12713859982,2024-10-20T04:27:41Z,2024-10-20T04:27:41Z,(GMT+00:00) GMT,0,,,,0,3,0,1,0,"{'id': 'a12713859982', 'summary_polyline': '', 'resource_state': 2}",FALSE,FALSE,TRUE,FALSE,everyone,FALSE,g18256279,[],[],0,,FALSE,FALSE,FALSE,,,FALSE,0,1,FALSE,,,,,,,,
2,"{'id': 60229721, 'resource_state': 1}",Recovery,9210.1,2666,2712,37.6,Run,Run,0,Strava App,12696584706,2024-10-19T22:59:23Z,2024-10-19T18:59:23Z,(GMT-05:00) America/Indiana/Indianapolis,-14400,,,,1,2,0,1,0,"{'id': 'a12696584706', 'summary_polyline': 'mo}yFz`lfO|@AdBItA?HEDm@SoBC{@@}@Gq@@GGaAAi@B_@CG?cBHSHEXBf@EDBfAAVE|A@R@BD~@FxAC\\GXDp@Ef@??KGY@OGgBBu@Iq@Dk@Ca@BQCM@WE]BOGeD?_AG_B@gCbBBl@Gj@Ul@e@`CYnAk@`@[R[Re@PS\\{@j@{@Rc@PSd@aAlA}Ap@]l@Q^@XHb@?JHb@LBDJ@LJLBd@Vf@f@n@~@PHt@o@p@}@LWROLQXITOdAK~@_@^C\\SNCPSNIl@It@YrAi@|@SZMTAnBa@h@CRBp@Kh@?|@Sv@c@~AoA~@a@d@ITBhACNEdAGXBbAK\\?JHPGRBCl@D`@C^Bb@AzABPEh@FrAH^A^BtAAd@Fv@?bABPCp@B~@BHC^F|A@rDDn@AnADVCNBNAn@Db@CFUGSDqADWACBwA@gAHu@CyAHWCu@FYAUFKCGJ@b@CJ@hBD\\Ad@MFOEy@FMJIRFl@AXBN@~@EdBFv@Bx@CNDTB|BC`@@~AMFg@Ci@@WBwCFYAEBWCo@BERDZ?lABn@Cv@FpBAXBN?nBBRAdCB`@A^BFCJ@VF\\EZBPA^BdAC\\Br@Gd@BN@zBFhAAh@Bt@Et@DLCLB^AFBt@ANB^CLD^A`BDt@C^BHAf@DVENFrCA`@?XBFAnADb@DfBCd@D`ACNB`@A\\DdBADBPCx@B\\AhAFx@@~BB^?z@@FAN@b@Ab@B^A`@B`@AP?x@KBWGcDJgBAm@E[B_@Ac@Mm@_@eA_Ac@o@SOIM{AyAc@i@a@]Y_@i@a@_@e@UQQUUQEMQKWYGE[[QY}@aAGDi@r@a@`ACr@MfASpCMn@En@@FKl@Cr@Gd@@FCFMjACH[GYBUCoBFs@Kg@Ra@Mg@CqAWo@]y@Ss@_@u@WUOGUFO?y@[_BQc@c@o@e@gAU]G[GI?ODO@_@^cDDs@AKKKa@MUOqBy@Yi@Fo@HuAAOEMy@c@u@Yu@e@YDUUuCgAGMEMi@_AUGa@c@I{BSWO]ECU_@Da@PWHc@Na@FWAIRa@Hw@AIFSFMb@KNSTcADu@Ci@@a@GcDBs@CIA}@Gc@?WKc@?GIUe@g@a@iAI{@@a@', 'resource_state': 2}",FALSE,FALSE,FALSE,FALSE,everyone,FALSE,"[41.11702535301447, -85.10062043555081]","[41.11702845431864, -85.10065178386867]",,3.455,4.576,FALSE,FALSE,FALSE,247.3,234.9,13537015599,13537015599,D067FEA6-3961-47B6-B889-F6935A5FC966-activity.fit,FALSE,1,0,FALSE,,,
2,"{'id': 60229721, 'resource_state': 1}",CD,3221.9,940,940,0,Run,Run,0,Strava App,12686483654,2024-10-18T16:53:11Z,2024-10-18T12:53:11Z,(GMT-05:00) America/Indiana/Indianapolis,-14400,,,,0,2,0,1,0,"{'id': 'a12686483654', 'summary_polyline': 'q{~yF~_ofOe@Qa@SGAWOWECE[MG@WOWCUO]Is@W[Qw@YQIo@QUMiA_@i@WiA]GIG?s@YG?cAc@E?SIKAEEKEi@MUKE?_@U}@]HLJDD?DBVB`@PD?NFDF|@Xt@\\pAb@THDDXH\\Pb@LVNDADBl@X`AXZPP@TLF?TP\\FRNPHRBTL|Ad@ZJRLv@VTNXF\\PRDDDXHRJx@TfBt@PDFFDADBVJTNvA`@NJv@\\h@NZND?TPDCRJD?TLPDt@\\z@f@D?n@f@dBt@DLAHGDGNAJITIDICWSYKMKWMa@YSECGG?GI_Ac@CEcBcAs@SSQWEUMWGc@Sc@MOKOA_@OMAQMKAUMUEa@QKAe@SQEECI_@M?}Bu@IBOHGHAF', 'resource_state': 2}",FALSE,FALSE,FALSE,FALSE,everyone,FALSE,"[41.121369609609246, -85.11637581512332]","[41.121624084189534, -85.1165356580168]",,3.428,4.444,FALSE,FALSE,FALSE,234.2,232.2,13526134175,13526134175,C84CB856-0D17-4083-9BC5-7A5A2E0D4E0E-activity.fit,FALSE,0,0,FALSE,,,
2,"{'id': 60229721, 'resource_state': 1}",Strides,1071.3,196,432,5,Run,Run,0,Strava App,12686192897,2024-10-18T16:25:00Z,2024-10-18T12:25:00Z,(GMT-05:00) America/Indiana/Indianapolis,-14400,,,,0,3,0,1,0,"{'id': 'a12686192897', 'summary_polyline': '', 'resource_state': 2}",FALSE,FALSE,FALSE,FALSE,everyone,FALSE,[],[],,5.466,7.864,FALSE,FALSE,FALSE,239,235.5,13525825201,13525825201,7300E5EF-155D-45EC-8030-6A30310A3EE1-activity.fit,FALSE,0,0,FALSE,,,
2,"{'id': 60229721, 'resource_state': 1}",15/10 Split Tempo ~ 3mins rest,6801.4,1502,1712,49.3,Run,Run,3,Strava App,12686090295,2024-10-18T15:46:37Z,2024-10-18T11:46:37Z,(GMT-05:00) America/Indiana/Indianapolis,-14400,,,,1,6,0,1,0,"{'id': 'a12686090295', 'summary_polyline': 'cb_zFxoofOBcCGQ_@o@Qa@GEKOAGa@i@AKW]CGSWS[QQIQUMYYSICYFm@@]Fi@AK?EQSOCE@KNCT@\\GpADh@BtBN^PPh@|@DP@XHP@JAPBJ?d@K~@?JIl@Gz@Ix@E`ACHDr@FTDFH?FAH@DCXLb@DNFf@DDFNFJ@DDH?PFL\\?TDDT@ZAHBLAFBVBFBNCPDNAFBH?HDLCP@f@L\\AF@f@AT@h@Lp@DVPZJHCRBNCd@Kf@RDDF@REl@Y@KTQBKLWf@i@x@GVGFK@KAKCG[MCGQKAGm@i@g@QYF]AY@}@KI@UE_@@GEG@GCs@GGEEBGCy@IW@QEG?GCg@Ak@M]?GCG?UGw@Is@UG@GGMCMIIOCUFaBCID]Ew@IG[k@GEQa@QSAIe@g@AKGEGQU_@c@i@IQSMk@g@CW@SFe@BeAMSGCQ?KFCJE^@TAX?xABRC\\F`@AL@RJZPLN\\\\h@Hf@JXBh@GfAKp@Cf@Kl@IfAAlACh@HRHFT@NDDDLBj@FDDH?d@NJ?DBH?ZFRTDT?HBFHD`@?TCl@LHAX?j@HDCnAP~@?N@DDRAt@Fn@XBDH?PBL?x@On@VN?PGFAXORYFOp@}@LENAHC\\APEBGBICKi@k@CIUWCI?GNq@B]HYLKPBf@ZN@`@KN?FARMFIAMCMMG]ERBC?AAOCKAIBKAOD[@m@NYXEJCT]~@G@[E]FIA_@?WCk@Ag@GU@_@KI@[Gu@Am@OQBQCUGu@MI@]CECYCG?w@MYAm@W]WEGAKLm@Go@Du@Gi@QWMe@]m@]c@]o@m@{@i@q@UIc@g@CIAYJiAB_@CISU_@@Id@@f@GNF|@?z@Dn@?d@L`@ZV^t@Pj@Fj@@TGlAE\\EFKbAAh@CFATIlCBRPJN@FDRDN@j@LHARJJ?n@J^TDV@RNF^?TDT@REN?NDZ?HFV?D@n@DFBn@BRBHCDBLAd@DDAHTFz@ATBTDNd@\\PFF?Zd@@TKt@KPMFc@IeA?WB_@G_AHGIBYFGBIVWASEGMe@KMUI[AMCKOI[GKQDKNG@]DMNGBQAWDa@?g@f@YDGFM@SKS[CSLy@I[Cc@CI?IBIFEHOLKVJF@FBN@HANODY', 'resource_state': 2}",FALSE,FALSE,FALSE,FALSE,everyone,FALSE,"[41.122168907895684, -85.11845033615828]","[41.125346990302205, -85.11904218234122]",,4.528,6.246,FALSE,FALSE,FALSE,242.9,232.5,13525715813,13525715813,BE732B6B-704B-4E4F-9B55-5AEC07EF3C5B-activity.fit,FALSE,0,0,FALSE,,,
2,"{'id': 60229721, 'resource_state': 1}",WU,3235.6,982,994,0,Run,Run,0,Strava App,12685697908,2024-10-18T15:08:56Z,2024-10-18T11:08:56Z,(GMT-05:00) America/Indiana/Indianapolis,-14400,,,,0,2,0,1,0,"{'id': 'a12685697908', 'summary_polyline': 'w|~yFn_ofOQEMMKAQKUGEEWEu@YE?UOa@GGGa@IGGoBy@E?WKG?CEWECEKAQKKAOKUGIIQEUKMC[MMIa@KWMKCk@Ww@YYEEEE?a@UE?SOWGKCEEWEKEIISCMKYIYMIKc@WG?a@MK?QKYGSOQCe@QIGG@_Bg@KAg@UIAo@UG@UIWKYSOAEEKKm@a@i@o@[u@Ok@Qg@Mi@KUE_@EACGW_AEWc@aAm@q@GOI{@BYCgACD?XBHAp@Fp@J^TZNLBJXf@Jb@FHD\\HP@J\\dABNPn@Rb@@HPl@T\\l@t@d@XF@PPZNPBZPD?TJP?HHXJ\\HD?NFd@LRJDAXLJ@r@TPNH@PHXJP@HFFAJBp@f@\\NPDJHnAb@L@LHJDHAXRdA^t@ZH@ZLZH`A`@XDRPJ@JH\\JXLPBLHfBl@RPXFl@XDA\\PJ@p@TZBVPd@RLDZPj@P', 'resource_state': 2}",FALSE,FALSE,FALSE,FALSE,everyone,FALSE,"[41.12127631902695, -85.11603894643486]","[41.12128436565399, -85.11615067720413]",,3.295,4.508,FALSE,FALSE,FALSE,233.7,232.6,13525292231,13525292231,799C64B2-C045-4884-A7EA-B95135499AFA-activity.fit,FALSE,0,0,FALSE,,,
2,"{'id': 60229721, 'resource_state': 1}",MD Double,2587.2,739,881,12.4,Run,Run,0,Strava App,12673441182,2024-10-16T22:55:42Z,2024-10-16T18:55:42Z,(GMT-05:00) America/Indiana/Indianapolis,-14400,,,,1,2,0,1,0,"{'id': 'a12673441182', 'summary_polyline': '{o}yFholfONl@NNBHPLJZDDFLFj@ADDPDv@C^B`@@lA@T?v@BnAEtA]tAa@BMFIJAF?b@Eb@QZMj@AVIHUv@I^KnAQTEXSb@E@GRUf@EBEAOOEHY@GNCVSp@[p@MDKK{@[i@[w@[MKGIG_@ISIYNLKSMBKAGOaAa@IRIAC@AJINU?SQe@QUKc@M_@QYSY_@]WOUECK@KDYCSGCEw@YOMUIUOE?a@Ow@m@OKE@KEIIAIDYEkABc@A_@BI@_@Ia@UgBGiBBUE{@@YEc@@y@Fe@L_@?WBQM}@?[b@w@?GX_A@GFIJGBGDA@GHG@IN]?WD[L_@b@]DAFBR?BCV?`AIDBTCV@DCTCv@AF@RER@JC\\?', 'resource_state': 2}",FALSE,FALSE,FALSE,FALSE,everyone,FALSE,"[41.116774482652545, -85.10093643330038]","[41.1172569449991, -85.1006211899221]",,3.501,4.882,FALSE,FALSE,FALSE,243.3,234.4,13512156300,13512156300,4FAA51A9-A722-4B5D-92B0-05379986CA85-activity.fit,FALSE,1,0,FALSE,,,
2,"{'id': 60229721, 'resource_state': 1}",MLR,11747.7,3447,4028,48.1,Run,Run,0,Strava App,12669391231,2024-10-16T12:25:17Z,2024-10-16T08:25:17Z,(GMT-05:00) America/Indiana/Indianapolis,-14400,,,,1,7,0,9,0,"{'id': 'a12669391231', 'summary_polyline': 'wd~yFrkofOZLBFb@PHDFNRBv@b@b@NNJn@VbAn@NDlAx@RBj@ILUHc@FoFJ{BLw@^y@J]JSTo@Vg@\\_ARe@POD@Vn@p@`@rABpATX\\FXDh@JVNP`@Jn@SzBUVQl@C|@Fp@j@X?NPf@ZP?rBv@f@X^Bl@OPLj@FzAHPHnAAz@F\\?^[v@Ir@@VGn@DbAGPDnAG^BrACNEdBBv@I^Dz@?l@CHEbA@DFBIbABXEr@Eb@BLG`@Db@EhACt@DJEjAEdAAf@BlBKvA@nCIb@Bt@GfCEVBfAGn@BXEj@AvCEz@@TE|KQvN_@T@d@GZDj@Gj@@vAIlDEh@Fj@It@BVG~KMHIVH|CMRDx@GfD?TEj@BRG~A@NGj@DZEPFr@IfA?^KX?pAQjBGzA@FJ?TZVf@BJJv@AFH?F@~BALDd@C`@DtACRBT?bDJtEAr@Br@B|ACLBt@CVDxCBPAvAB^A`ABX?hBEHSBg@EqADe@JoD@q@BYJ{@FaBIe@@[Qe@q@CMW]GSOSOi@BQMWAM?oA@y@D]AGBcBBOHGQIIYM_DZoAN]a@n@KlAFtBBTHRFr@GnCBf@CLBd@Ad@GVs@K]BgCzBOPENa@LWZ]PcAdA]LQVQFOPm@^QTy@t@GNaAt@QVG?}@t@EHu@l@SVQHORQHILcBxAs@@IICMOEQB}@AsBFeD@{@Fw@C[FsAD}BCCCAQQe@Mk@Eo@Mo@MMOHOKKDaF?MCkBF_BAkBJ_AOUHOC{@?]F{@?YCiBB_@DuGHqE@k@F[CuFF{AP}BGgABUFq@Bc@Ck@DYGUFOCSAKQIUEAEHF?HMCUC}ACYAwDCgA?}BCO@SCaBc@C]BcAAsAHKEEM@_CC}@Ee@?]COc@_@mC@UD_B?i@Dk@?ECwAHa@Gw@Fg@CEI?Y?g@De@CYIKa@?g@QEGM]QU[}@QUOi@g@{@Oi@[c@GWIEOYECGWCCG[EEEu@@mAHqACEQAe@Uq@QsAi@q@a@]Ma@[KCm@C}@@GBMRYAo@LaBTQ?Ya@UsAU[kAW]Cs@?g@OWYWa@OGG@Oh@[h@ALKNK\\o@`Ba@~@OXOBSe@SA_@S_@Ao@tASn@MNKZSZ{@fBS~@MJg@[]Is@]SWAIqBy@c@UsAe@', 'resource_state': 2}",FALSE,FALSE,FALSE,FALSE,everyone,FALSE,"[41.12046981230378, -85.11642660945654]","[41.12126382999122, -85.11654789559543]",,3.408,6.508,FALSE,FALSE,FALSE,241,226.8,13507867439,13507867439,AB0D9D76-15FF-42E6-866B-EE16840A4643-activity.fit,FALSE,0,2,FALSE,,,
2,"{'id': 60229721, 'resource_state': 1}",CD,4274.2,1327,2132,6.4,Run,Run,0,Strava App,12661077423,2024-10-15T12:54:26Z,2024-10-15T08:54:26Z,(GMT-05:00) America/Indiana/Indianapolis,-14400,,,,0,6,0,10,0,"{'id': 'a12661077423', 'summary_polyline': '{d_zF~{nfONFDABDZJD?TLDATLTDDDD?`@RNBVNl@P\\PF@h@TH?v@\\DAHFNBHFd@Nh@TPLDANDj@TZTH?RJ\\Br@^BFPBHDNBFHFA^NL@RJD?FDF?ZR`A`@FFRFNLJ?NN\\RJJZLh@\\rAj@JBBD^LBDf@Xh@TNN^JFHVBLAPIR[DWAYJeC@uAAUBQDkABQDGD]Ti@`AmCp@}A?GLU@GAKGI]FI?GEMQWs@MK]MO[AIEKOME?IEMO_@k@a@Yc@OS]EA[YOGE@OI[{@@WBG?c@CSBg@DEAGJ_@?UNg@D]BED[FUJe@@SDM@]F[@MAGB_@AUDm@ASAEEEMASICEE?SIGAWMEGUKEEE?i@]EA[yAVfAP^TNNDz@b@bAVLPEb@@JCrAKp@@LAPIPO`A@LY~@AZQd@Ml@DV?|@B`@FRP\\f@P|@x@TF^Tf@v@FFTJHHH\\LVXFNHB?Pf@Vh@JB`@IB@FNAHOTKVELKVAFOVOb@S`@Sj@INM`@@FWb@Ij@BVGl@@HCdA?LETBDAf@Af@CN@PEX@\\EPO`@KBa@@o@WGG[Iq@e@a@KWSg@OWSCCG@CEEASMGACEMEKIEA[SCEWIOME?CEWKMOUGQMk@OYS]GkAg@a@KEGUGSMKEK?e@MMIE?MMOEIGG?_@QWGy@_@QCSMo@SCEc@KSKE?e@Qm@[c@MSOgCw@EE', 'resource_state': 2}",FALSE,FALSE,FALSE,FALSE,everyone,FALSE,"[41.12546056509018, -85.11478400789201]","[41.12540356814861, -85.11437304317951]",,3.221,4.412,FALSE,FALSE,FALSE,235.3,231.3,13498991764,13498991764,22ADEDB1-C425-4D8F-BD04-53E57D092988-activity.fit,FALSE,0,0,FALSE,,,
2,"{'id': 60229721, 'resource_state': 1}",2 x 200m strides,393.9,72,147,0,Run,Run,0,Strava App,12660806570,2024-10-15T12:47:32Z,2024-10-15T08:47:32Z,(GMT-05:00) America/Indiana/Indianapolis,-14400,,,,0,3,0,1,0,"{'id': 'a12660806570', 'summary_polyline': 'od_zFhgofORXR^`@~@IQUa@QQWc@', 'resource_state': 2}",FALSE,FALSE,FALSE,FALSE,everyone,FALSE,"[41.12561043351889, -85.11515616439283]","[41.125611271709204, -85.11521467007697]",,5.471,7.118,FALSE,FALSE,FALSE,234.1,233.3,13498705803,13498705803,39C10126-5182-44EF-807D-442ACF95EE6F-activity.fit,FALSE,0,0,FALSE,,,
2,"{'id': 60229721, 'resource_state': 1}",2 x mile race pace,3288.5,668,894,37.5,Run,Run,0,Strava App,12660756579,2024-10-15T12:27:02Z,2024-10-15T08:27:02Z,(GMT-05:00) America/Indiana/Indianapolis,-14400,,,,0,2,0,2,0,"{'id': 'a12660756579', 'summary_polyline': 'md_zFzgofOr@hATr@EnBBb@GnA@v@G|@@TKr@Ab@IPUCSGCEUCa@OOAOGIBIAMCGEG@QIQEMOCWHo@BmAJy@Fs@Fc@Fy@BI?o@?UI_@?IKc@Ua@c@a@IYM]Au@BKAI@MAUEIDKEa@De@Cg@BM?IFUNKF@HDNRFPGl@EFCt@BTHTZJd@f@@JJNRPNVDDvAzBBHFBLPRr@DFB\\Cb@?r@EH?vAIjBAhAE^?\\EPEDICOM]E_@KQBWGGIIBi@MIBQEMSCMJoBFiRLFh@^h@z@BFHFlAtBb@l@Th@H`@It@CxCCr@@x@Gt@@ZIx@IJK?WME@CEOEQCGBKCG@IEI?IGG@GCE@k@SIAMMIWF]AS@[BMDuAHi@Bc@Ly@B{ACe@Qw@IUWUCKGCM[QWAIAMFc@CK?MEKB}@Ce@Bk@AI@UDQJSPELNJ`@MdA@^AJBR~@v@p@|@~AdCVl@JN\\r@?TCH?T?xAUvHEPG@]MU?', 'resource_state': 2}",FALSE,FALSE,FALSE,FALSE,everyone,FALSE,"[41.125627951696515, -85.11517602950335]","[41.125698275864124, -85.1188914757222]",,4.923,6.194,FALSE,FALSE,FALSE,242.9,232.9,13498651613,13498651613,1B3D65DE-6DD8-4159-9911-A2F9AF3E96B4-activity.fit,FALSE,0,0,FALSE,,,
2,"{'id': 60229721, 'resource_state': 1}",Another Tempo,1640.3,360,360,18.7,Run,Run,0,Strava App,12660638005,2024-10-15T12:18:25Z,2024-10-15T08:18:25Z,(GMT-05:00) America/Indiana/Indianapolis,-14400,,,,0,2,0,10,0,"{'id': 'a12660638005', 'summary_polyline': 'qd_zFlgofOx@zANb@DRIf@?nA@f@EbA@JEZAz@?XEr@A^CTSD]ME?ECG@SKG@_@E_@OMAY?OGEIIAGQAy@DuATeB@c@J[BSB{AGm@K[Ia@Uc@YUOUIYBw@?UEKAw@@uABg@DQDETCJFFFDVKbB?f@LPRF\\^x@fARRz@|Aj@|@Xv@BPAhAEp@@t@El@?pACF?ZEd@CbAIJ[MUC', 'resource_state': 2}",FALSE,FALSE,FALSE,FALSE,everyone,FALSE,"[41.125616217032075, -85.11516203172505]","[41.125703137367964, -85.11879751458764]",,4.556,6.122,FALSE,FALSE,FALSE,242.7,232.9,13498523499,13498523499,1FDB4A9D-6748-4A88-B587-62B0CEFADA6D-activity.fit,FALSE,0,0,FALSE,,,
2,"{'id': 60229721, 'resource_state': 1}",2 x mile tempo,3308,724,868,37.6,Run,Run,0,Strava App,12660566690,2024-10-15T12:01:25Z,2024-10-15T08:01:25Z,(GMT-05:00) America/Indiana/Indianapolis,-14400,,,,0,2,0,9,0,"{'id': 'a12660566690', 'summary_polyline': 'ud_zFngofO^j@BHR^Tn@?TCJAPBx@EHAf@@TBHIdA@ZCP?`AEn@Ab@AHIDKCOIK?OGG@c@MM@UGWCEGI?ECW@QMKMAKFi@As@Dm@BWF{@Hc@@_@Lk@DoAEa@Kg@GGUq@MMICKWEGGAIQBe@AK@KIkBBI?_@@W?a@DUHKPCFBHFJXCTIh@Cr@BTBFLJNDLL^`@LV^`@`@t@JJLVf@r@FRPTJXDDDRCj@@`@C\\@tBE\\?\\Gp@?hAGZAZCFGBSGGEUAUKWA}@UI@a@GOMMQV_Vd@^fCrDf@x@Tj@DFFP@TE`@@fACT@^Az@G\\?\\CZ?^Ab@AH@HATEh@SD]OYAk@MEEG@EEG@EEOEs@IOIIS?]D]FiBLcABo@Ns@Fu@CaAGIC_@c@{@SOCGQOISB_AG}@?g@CGB_@Ac@Fu@DMNKHBJDLRDRGj@IZC`@BRFPd@RFFNV^`@Vd@bArAj@bANb@NVDT?^E\\@^C\\@fACZMnFADIDUIEEQCGB', 'resource_state': 2}",FALSE,FALSE,FALSE,FALSE,everyone,FALSE,"[41.125656785443425, -85.11515507474542]","[41.12572551704943, -85.11881335638463]",,4.569,7.286,FALSE,FALSE,FALSE,242.8,232.9,13498447357,13498447357,DF8C8805-2B30-40D7-B373-E3345251EFAD-activity.fit,FALSE,0,0,FALSE,,,
2,"{'id': 60229721, 'resource_state': 1}",WU,4830.7,1490,1961,11.3,Run,Run,0,Strava App,12660357527,2024-10-15T11:15:20Z,2024-10-15T07:15:20Z,(GMT-05:00) America/Indiana/Indianapolis,-14400,,,,0,4,0,12,0,"{'id': 'a12660357527', 'summary_polyline': '_d_zFj|nfOp@XDAVLd@JXN\\JB?RNZFPLJ@`@TdBf@xB`Ar@TZNHFd@P\\DPFLLJDD?PNTBx@ZHAXgAHqAu@rDIJQJWD]?IFCL?l@BFDd@F`AAHDT?DNr@HPBR\\d@FNGPE~@GZCr@Gt@An@CNMJy@VMCOK[EE@W@SFW@YGSOKCMIO?CFCXBDA`@Bd@PXNJBF^RVZ@J?^Oj@GLyACE@g@AUBGCYDOCIDQ??CEBEH?JEJCZB\\C^@TCTEHCXIXMl@EDIRIFQBW?G@GDQ@MTAPFVAPBDCX@VDLL@Z@NCDBXCN@XCd@@BAd@@BCT@NCp@\\JRAz@OrB@NLDZB\\EFBVGD@TC\\?DCl@F^Gf@CDBPEZ?BC^ADBDCb@?d@CR@DCF@DC`@@TED@TE\\?d@GF@LAXBDARDVEDSAY@GAo@B[@g@E{D@q@IaFBs@DKBY`@[h@Oj@Ej@Q^UTGTS@EAIGMQw@Aq@@M@q@Hu@Ls@Ry@Rg@DW?KOKK?]Ym@WyBoAqBy@cAq@y@a@e@[QGGGSCQOSCQIE?QME?SK]IQKIAEEE?QKWEa@UKCE?OKYECEe@SG?m@[_@KCGe@Mm@[{Aa@QKWGc@OOKa@MKIOCWO]IUME?QKi@Ue@KQIWGeAg@k@Qe@Ki@SKAYQk@QGG_@KeAe@u@UE?]QE?eAc@e@OxBz@r@VD?|@`@PF', 'resource_state': 2}",FALSE,FALSE,FALSE,FALSE,everyone,FALSE,"[41.12542829476297, -85.1144464686513]","[41.125084636732936, -85.11501241475344]",,3.242,4.336,FALSE,FALSE,FALSE,240.8,232.2,13498223964,13498223964,1203B74B-F56F-42C5-BDF8-DDBEF92662D3-activity.fit,FALSE,0,0,FALSE,,,
2,"{'id': 60229721, 'resource_state': 1}",Recovery,9904.3,2937,3426,32.2,Run,Run,0,Strava App,12652935200,2024-10-14T12:23:01Z,2024-10-14T08:23:01Z,(GMT-05:00) America/Indiana/Indianapolis,-14400,,,,5,8,2,5,0,"{'id': 'a12652935200', 'summary_polyline': 'wd~yFjkofOhAj@f@b@n@^j@Vb@Lz@h@PDLNr@XLLd@NP@ZKP]F]AQBGAGJaCAYD]CGF_AA_@BG@a@FS?GpBeFNWXu@LQDA^j@`@Zh@Lh@Ab@DhAZLTVrALNl@EBNDBd@QP@^Kf@Cd@YTBz@A^DVJRPb@Nr@`@bBj@^PF?\\VZDL@HG`@IXNP?b@HXAp@LzBEz@Rn@Yp@IRDT?PIfA@RARGl@JJEFBr@IPBrAC^Gd@FzAGDCd@Dd@G^Dx@IxAHhAGX@~BGPSBg@HWESCuA?wCEg@Bs@CY@k@EmA?}BCoACeCBs@FOJCV@b@GvAAPEfBCBC^BNDHLLb@ANP`@x@l@RPt@V^DVHZ?pALn@KHDv@GVDXCVBHDv@Df@L`AP~@b@fCDb@P@DAb@bATRCfA?V@ZEvABz@Gv@@jAGX@d@EzB?|AEVChA?hDK`BAVGXDf@E~A?JEXBp@GT@XP\\Df@?`@GFB~@Bj@CJCRBx@Ev@InA@`@E`@@fCIlC@XD@HEZB\\CVBt@?RER?j@BT?dCB^Ad@ETFZDp@A\\Dh@CLBj@E`BCDa@C{@Dg@F_BAcBFw@AKC{AL{B?}CHEPHXFhA[\\ANiAB[R]FCJBLL?FJ?`@D`@DJ?VED@PBHAn@?JONDXB^@t@A`@@VCFGBYA[FEDCJBX?f@EH@D?IAjAOLG@u@AoBH_B?KDg@A_DFWCsEH{@CaAJm@Ac@Fc@C}@HQGc@FWCaBFMGGI?e@GkB?y@@YESq@EOBaBCSDSA]D_@EeCBaCLUEk@BcAAgBLe@?WIqB{BMGa@g@u@s@]a@][KQKGqByBm@g@OWQM_@i@}@u@_@e@[[KYo@m@u@DaACm@Fy@EODWCy@F}@@g@Cc@F{@AmBFm@Ae@FcAAyBFYHQNQ@SKg@Kw@@]Hk@Ku@Ay@KQGQAe@JMC_Ae@SAu@YUCiAo@_@Kg@a@]K]C_@He@?UTcCNQJ]MQBMECKMoAU_@MGi@M[AYGs@?[G[Uc@o@IEOLER]v@Oh@mBxEQjE@TC`@@\\G|@?^AVGNMJYHU?IKa@O}Aw@USOEKIg@USE_By@u@c@]YE?s@]QCSMUCw@]', 'resource_state': 2}",FALSE,FALSE,FALSE,FALSE,everyone,FALSE,"[41.120479786768556, -85.116454269737]","[41.12121211364865, -85.11655828915536]",,3.372,4.61,FALSE,FALSE,FALSE,244.9,226.8,13490275076,13490275076,9538A8CF-4765-4EB6-9222-1312FEA7A40D-activity.fit,FALSE,0,0,FALSE,,,
2,"{'id': 60229721, 'resource_state': 1}",LR,16615.5,4437,5125,39.8,Run,Run,2,Strava App,12645810042,2024-10-13T12:13:06Z,2024-10-13T08:13:06Z,(GMT-05:00) America/Indiana/Indianapolis,-14400,,,,0,2,0,1,0,"{'id': 'a12645810042', 'summary_polyline': 'gz`zFfjufOa@eAu@iC{@mByBHaDUu@@[Ei@@CEc@HcC?YFwFHm@@UE_BBkBHa@HOCeEHqD?{CFyAFsA@a@UMCyGASH]\\sFL}@Um@A}BFSAKG{BFwA@MCwBNwA?q@ViALiE?u@FiBAkBJSCe@F{@G]F_ABYGc@D}@A}@JuA?QDs@E_AHq@?KEyAF_@CaCJa@G[JiC?QDy@Cg@H{BDOCs@DWGMFkABuBAq@Fq@^{GBq@Jib@b@k@CWDcBOg@Fu@AmDBUFeC?qAFa@Eu@JUCw@Hq@CcBLQDON]~@S`@iAtAjDXSk@o@iAEQ@_@Gg@GEUDk@Mi@A}EDmAT_CUYFmBFYJEKW?WFm@Bm@AiANuAAmCJsBCq@FyBDwBCkAJsDBi@DaAIy@MyA@o@FOLWDcCGoABu@EYIgAJkDOmAFqAMm@Cs@ASDi@ImB@wAI]DaBMw@?g@FSGg@@sAa@iAGUDsBEq@PeC?uAG[Bo@?SG}ECqAGYBuAAQE[Dw@?WIs@@[Eq@BkA?i@GUQo@I{@DQEMFwADgAC}AJiACa@DUE_C@qAF}@EcAFmAAcAFmABe@CaBHi@CeAH_BEQFX@b@Az@IvCEr@B~@EPDr@G`B@|@IhC@h@B|AEnAK~AFp@GZBPEdB?tAIfA@`@J^T~@Ab@D`AE|@D`@Hz@IdGLVE\\CnCPfBGRHZBt@EvABt@Ur@@z@Dp@C~@@|@\\nAJ`BEZFLCrADTEhCLpBAlALfBBh@C\\DnADrCAf@Hh@CpCH`AAh@Qt@Cj@E`BDRJp@Dp@IhAFhBIh@MbAHxEQd@Bx@E\\F`A?j@GlEKtCMPGL@HLFGf@EZMTFhAAjAPvAQvA@nBI~@DZHb@@^G`CPEh@kArAUBQGGYQWEa@DSHMPc@^IZBRGfLQzGSbA?hALjA?rAMZB\\Il@ClBEjB?vADdAGlDAh@Gf@?xBJPGVB|GQh@BvAGlADh@]t@KVFVG~@BREdGIXBlHOpAK~ABXEdD@VId@D`@ELD`@IlB?fDKvA@`@Gb@A`CATDxAIzB@r@Ef@DfAOl@Y^Gb@HxAOb@DzCIvDDtACdBN~A?dCG`@YJCnAIxABnBEr@Vp@BbCEf@ErBATBTGfABx@Ep@DjDM`AKtA@jDQnACn@HfAIvB?PGfBAfBDb@HbBHpBAREVJl@`BLRb@zAz@zB', 'resource_state': 2}",FALSE,FALSE,FALSE,FALSE,everyone,FALSE,"[41.13288274034858, -85.14825571328402]","[41.13294635899365, -85.14842854812741]",,3.745,5.426,FALSE,FALSE,FALSE,262.1,246.3,13482541686,13482541686,FB7DF558-5A93-4087-906D-09FE558599FC-activity.fit,FALSE,0,0,FALSE,,,
2,"{'id': 60229721, 'resource_state': 1}",Recovery,9958,2872,3701,39.2,Run,Run,0,Strava App,12637708857,2024-10-12T13:36:57Z,2024-10-12T09:36:57Z,(GMT-05:00) America/Indiana/Indianapolis,-14400,,,,0,4,0,1,0,"{'id': 'a12637708857', 'summary_polyline': 'ym}yFz`lfOzAAlAKVBv@Ij@B`ACz@Gb@AvA@j@AvAIbA@dBGZGzDCjDKTJ~@OT@NKhCCdBIj@?zAAj@GT@xBIXaA?{@CWF_@CMCwCIsB@Y?[GuA@_@IuB?mAAUIQ?KLIFMD_@HW?GJU@SPUf@C|@YJBJNd@FN[?UDK?GCWGQb@g@NI@O@QC]?}@@GC_@PWLs@?OGUBe@AqAC_@?ODIl@@r@Mn@CRUHYXc@\\[PKz@_@v@St@Wp@KfCUzAA`@GTDn@EVBvAIn@Hx@b@\\HHH@FIz@Mn@KdAAPHHh@FLFFNJHt@@z@ExA@REF@rAGBD?JC\\BZDbEBRD`FAl@Bx@AFHfDBrDBj@@`C@JAPBT?jADdCCfAFr@AV@NDbGFjCAnCBZ@x@CZFp@Bt@ARBN?p@@`@A^Br@A\\@nABTB~CBTCh@BR?pBHrEA~A@HANB^?nBBRATD`CCp@Fj@CL?h@BH?hABXCl@Bt@ALBt@?p@Bd@AT@HAz@@F?r@Bb@Cf@DXCFDbAAtBD^C`@Bj@@bAAPEH[Iu@FgA?EBYCo@@gCHgAAODuC?EDqBFUCWDiCA}@@aAH[Cu@DOCi@Du@AiBDOA}@DWGODs@Cq@Wm@e@s@w@OIQY]W[a@EA]e@UKEM_@YSYEACGOKGOQKGKSMSUUOKSKCKUUMwAaB{@w@g@s@OIkAkA]a@k@e@kAoAIQoAgAY_@OGSNWCIMg@a@GAONGPg@p@c@`AIh@Cf@D~@CTGJG?g@O_@EUHOLQ^@HCHMPCVOZMb@[rAKRGd@Od@EBIIa@Me@UKKa@KKICOHc@AGDq@RsABe@F[@e@MIQC_Ag@w@W_@WQ[GW?QHcAAWBQAMGO[SsAq@MCYJOCGY[CSOaA]i@Y_@_@QWKWSYWEKMQ]COCcACQ[q@QSOEI@QJQh@e@fAQNc@JEDEVI^MVKb@ORCNGHMBYUiAi@cAYKKAGECGQUmA\\`BELGCKQUMq@SKIkAa@mAq@MC}@a@QSESQYu@Y]Bc@I_@SK?g@SCIE@OOo@WSSUOWI]SIKD[Aa@BYGu@Du@?}AC{@GYEi@@q@CwAAQ@YEc@@YA[@QJWLs@?e@Ee@IWDWJMLYFc@Vq@l@u@Nm@B_@Lc@b@_@VBXGbEEbCI', 'resource_state': 2}",FALSE,FALSE,FALSE,FALSE,everyone,FALSE,"[41.11682980321348, -85.09986304678023]","[41.11706642434001, -85.10057819075882]",,3.467,5.824,FALSE,FALSE,FALSE,247.7,234.4,13473799085,13473799085,D0A8BB76-3687-48F8-A917-78584FDEB684-activity.fit,FALSE,0,0,FALSE,,,
2,"{'id': 60229721, 'resource_state': 1}",4 x 1k 1k 400m ~2 min rest,9656.1,1880,1880,0,Run,Run,3,12630711243,2024-10-11T11:50:10Z,2024-10-11T11:50:10Z,(GMT+00:00) GMT,0,,,,0,3,0,1,0,"{'id': 'a12630711243', 'summary_polyline': '', 'resource_state': 2}",FALSE,FALSE,TRUE,FALSE,everyone,FALSE,g19351325,[],5.136,,0,FALSE,FALSE,FALSE,,,FALSE,0,0,FALSE,,,,,,,
2,"{'id': 60229721, 'resource_state': 1}",Morning Run,2235.3,645,1208,7.9,Run,Run,0,Strava App,12629168204,2024-10-11T13:18:49Z,2024-10-11T09:18:49Z,(GMT-05:00) America/Indiana/Indianapolis,-14400,,,,0,2,0,1,0,"{'id': 'a12629168204', 'summary_polyline': 'mu`zFrknfOKCk@DUFULCFYJI@GEB]@sAC]?wAAI?gACc@@q@AG?oACq@@GAI@kACG@GCGBSAEA_@DSJHP`@FBTXFJJ\\DDxBtHXh@LJDL\\`@RHNPLBTRPBBDFALFPBDDjA\\BDLDl@NHDF?BDFA^PXDrAb@b@TLFN@h@R\\Vp@TjBv@RBFFd@PDDZHfAb@ZHDBp@VXFRL`@JFHd@NJFVHhAd@r@TJ@r@ZRD\\VTD`@RVDtAd@ZLNJRFNHVFBDr@TBD', 'resource_state': 2}",FALSE,FALSE,FALSE,FALSE,everyone,FALSE,"[41.12554128281772, -85.11480915360153]","[41.121330969035625, -85.11651797220111]",,3.466,4.586,FALSE,FALSE,FALSE,241.2,232.6,13464588814,13464588814,7FF9C5E1-38AE-41FA-A5C9-1DF67EDDD5E3-activity.fit,FALSE,0,0,FALSE,,,
2,"{'id': 60229721, 'resource_state': 1}",WU,4836.2,1464,1464,25.9,Run,Run,0,Strava App,12628372261,2024-10-11T11:20:07Z,2024-10-11T07:20:07Z,(GMT-05:00) America/Indiana/Indianapolis,-14400,,,,0,3,0,10,0,"{'id': 'a12628372261', 'summary_polyline': '_x~yFxaofOYG_@SQCi@Q{B}@KIE?QIICcA_@wAe@y@c@e@MIGWGOIaA[aAa@UGgAg@uAe@i@Wg@Mk@WE?]SSC[OWGQKUGQM_@McAm@gAYmAg@g@MUKi@MIGSCmCy@aAe@m@a@u@w@_@{@I]KOKk@MYKk@KSG_@[u@EWk@gAECOUEAAGKEKFAJFV?rABdAAp@@~@BFCvADV@xEBVA|@Bb@?LGRDr@@t@CVBXA~A@^BDATBPAR@F?`@?v@BPCT@d@?~@B|@@fC@^ATB^?tAB^ARBTHBPAPB^Eb@@`A?h@Nh@XNLNDJJPFd@ZND|@f@t@x@NFR^ZRPTVTFLRNZb@^`@f@`@b@JTBrAEh@@n@E^?J@PAXBBCX@`@EXBn@ATCR@FAfAAVC^BPCZ?TER@PORGFJHVN?j@ML?\\RFLFl@?NIX?d@N\\LHPDLALKVEb@c@HALBLAFIVADBD?TWPBLEJKN?DBNj@PJn@BDBFJ@JHXD^CDQRIR@ZBFD@D?NEP?PEPB~@GZDTE\\@HADE@SJ]Be@GMgAq@GIEKGSB_@Em@BMDCJAd@X^H\\Af@O^F\\LT?RKLCVQj@oAJKXK\\?NCHEFAJI?SaAgAYSSYMII]OKGS', 'resource_state': 2}",FALSE,FALSE,FALSE,FALSE,everyone,FALSE,"[41.1205068603158, -85.11642132885754]","[41.12029102630913, -85.11529756709933]",,3.303,4.66,FALSE,FALSE,FALSE,245.2,232.5,13463723678,13463723678,8CAFD961-2420-4A17-89EC-B65F1FD6D8B5-activity.fit,FALSE,0,0,FALSE,,,
2,"{'id': 60229721, 'resource_state': 1}",MLR,11459.2,3504,3776,35.7,Run,Run,2,Strava App,12613793149,2024-10-09T12:24:28Z,2024-10-09T08:24:28Z,(GMT-05:00) America/Indiana/Indianapolis,-14400,,,,0,4,0,4,0,"{'id': 'a12613793149', 'summary_polyline': '{d~yFjkofO^JZVJBTVF?\\Xj@X~An@|@j@n@TVTVF`@Rb@QHKDOD[H_CAQB]DoCDy@Le@bCiGXg@N?HNBRJJj@Xf@HZEbALd@PHDPd@L~@TP`@?DHB@LCFG~BSPM?QIOiBFYVUp@e@lBo@~CMbADFNDLCJWFCr@Df@VxAfBv@x@l@`@b@L~@d@h@h@rBxCfBrCj@x@\\dADTp@|ADTJL~@jCFT\\p@PDPn@Vf@b@vAJv@@t@BZCFAXBf@Cv@GjAGRIDoAEUDWEsDFMFGXc@RcDFMBCNFZC|AN|ALPB^PVF\\HHJZD\\DFJd@Bn@DL?fA]dCFTERAjAPf@`@LVTFRFfD@j@E|@@vABLBz@AbAXdDQ~AL\\ATTJf@f@F@BNBt@ADDl@C\\DdAQ~C@tCC^BPMvA?n@EPBbDERKFSAmBL}@@KNCXHd@ANBVA`@DxG@v@DTAjAHz@BbBR~AVf@Nr@@^Lf@\\HbBEzAB~@Ij@Fh@N\\GzA@XENBt@BdCOz@B~EIXEb@BlBGx@@BCh@Cv@@rBC|BK|ABbBGfC@jBKfDBpBCNCDIAmCFK\\HrAUxBAf@Kd@U@GCIq@Si@_@a@O]e@Y{@QWG]?a@EEMg@BMROTUHQ?GIM_@{@QYIYMWKaAa@o@?ORM^e@JWAYES?w@Li@Xc@?GIa@KCCFNc@BQPUBI\\BDEBI?SBWAEQQm@SiAo@_@[YIi@_@k@OmAs@{CwCIE}@cAOI]a@u@m@Y_@qByAE?UQ}@c@c@Yk@k@aBw@uAy@k@QkCoAq@Uy@c@}Bm@eAm@uA[oAk@q@g@_B{Am@YSWOIaA{AYyAOg@F]CgBVe@J[LQb@uABO?[Ri@@y@De@H[D}@EoAHo@KgAB[AOUwAD{AAqAGcAMm@Wk@CSWe@EWW[CMQYw@cBIa@a@aAW{@ECI[KOI[i@mAOSYm@QSoDoFQSKWo@g@k@QUSk@U{@s@w@eAi@g@AIk@Ya@E[FW\\MCEK?Wz@gEHi@h@sBT]PI~@@h@JBH@LMNcCPUHi@E]_@Ik@Ke@YYcAQ}AGi@Yg@s@M?iCnGc@zAStJETINe@P[GmAm@yA}@sB{@w@i@C?SQUG{A{@aA[o@]_@IeAa@i@W', 'resource_state': 2}",FALSE,FALSE,FALSE,FALSE,everyone,FALSE,"[41.12048448063433, -85.11642551980913]","[41.121997917070985, -85.1157242897898]",,3.27,4.428,FALSE,FALSE,FALSE,244.6,228,13448109947,13448109947,A366B9F4-07C6-45BE-AAB7-CA615D0A14C7-activity.fit,FALSE,0,0,FALSE,,,
2,"{'id': 60229721, 'resource_state': 1}",CD,1625.1,537,548,0,Run,Run,0,Strava App,12605401174,2024-10-08T13:07:43Z,2024-10-08T09:07:43Z,(GMT-05:00) America/Indiana/Indianapolis,-14400,,,,0,3,0,2,0,"{'id': 'a12605401174', 'summary_polyline': '}z~yFn`ofOQCMIUEe@UCEUCq@[k@OKGi@O{@]]QUGOMOESMWESKG?q@So@W[I_@Se@KaAe@KCE?SKOEQKkAa@KIOADDRHH?VLn@Nf@VRDTLf@PDDD?BBn@RRJNBFFz@\\TDNJDATJNDTJD?^TD?j@VD?\\PH?NHD?l@Xt@R\\PD?dBp@', 'resource_state': 2}",FALSE,FALSE,FALSE,FALSE,everyone,FALSE,"[41.121342536062, -85.11652023531497]","[41.12136240117252, -85.11638335883617]",,3.026,3.72,FALSE,FALSE,FALSE,233,232.6,13439197164,13439197164,E7761DC7-C7FF-4731-8D1B-2A8BDF0DA381-activity.fit,FALSE,0,0,FALSE,,,
2,"{'id': 60229721, 'resource_state': 1}",Best Workout Yet 20/15/10 ~2min rest,12631.1,2700,2946,86.8,Run,Run,3,Strava App,12605263614,2024-10-08T12:03:33Z,2024-10-08T08:03:33Z,(GMT-05:00) America/Indiana/Indianapolis,-14400,,,,4,8,1,7,0,"{'id': 'a12605263614', 'summary_polyline': 'kb_zFvoofOD_AAuAq@eAQe@wAwBe@i@MY[UWESo@FaAJ{@WS_@CGTAf@HnECZDTl@j@^r@Nx@Bf@At@GRAd@[pCE`AClA@TJPX@vA\\jBXLJD\\HNn@Ar@LhA@rANd@Jh@Gd@LjADb@\\NFn@GXKdAZVMJOTGj@}@X[`@Mr@GNI?Ue@YmAsAOIiARaAKkGa@iFo@m@Mu@a@Ka@LuBC}@oA_Cs@gAi@o@Yk@w@m@QSGk@NwA?SKSa@GINCpBHzAAvA@HdApATx@JfAKrAMn@W|CEhBBPFFn@PbC\\r@RHLD^JH`AAp@FRHr@Ct@T`ELr@b@zAOv@\\`Aa@|@}ARQ|@?XG?[GKo@e@Yc@LiATm@FGP?h@b@T@hAWJQAOMSa@BEGm@Eo@H_@L_@\\YtAOH[Ew@LkAEoAM_AASKgE[UIk@AOKY?WKi@Ga@UUYFqDI_@_AcB}BoDUWc@WW[CSRyBGSICc@EIVC|@D`@Cb@Ft@?fBFPJFr@x@ZnADj@_@vEGXMlBBz@DTLH|ANnA^`@DNNHj@lADTExAJ~AZbAEx@HHDEz@HRBl@ZZj@XLVDXGl@Sd@YIoAFWEc@HaACIKHY`@e@BU_@y@gAQKSC]QGQDQVs@PeABIBOXMHq@POCKQMEESPiAQiAHWXYl@JRAVIBQUc@{E}@MMCKH_Db@cDHoAEm@WaAKSs@u@Qu@Bm@CiBB}A@URWR@Vn@UbBBh@l@Td@j@~@pAZl@v@hA\\r@Lh@BjAMtB@hAIbCDbAHLl@[jAC~G`@bG`@NKBINqB?KKQUMgCKy@I{AWiE[aCa@o@]GQFeDGm@UYIWoAuB[[eAaB]Q_@c@Ca@Dm@DGDi@AUQOSAOBIXAfCDVA^HvADPn@z@Th@Nv@D|@m@nGGhBLZRJZAlB^VNX@\\PFZHNHBXGtBRRCjAJj@L|@Hf@At@Ld@XdBMr@V~@Ur@qAb@_@z@E\\YCMg@OYi@cAs@kBFkCMuHs@yAQYOWEa@WMOCWFiCIy@aC{DUc@o@w@aA}@GU?M@e@JsAKU]@MFCNBjAC`@JtDjAjBRzASpDSfBEzB@PFJjDl@VNf@JFh@LJ`@GlFh@bAAzANx@\\dBEx@Nj@UtAkBnAQPMMYa@]g@m@Nm@JaADEVG`Ab@`ASJM?WEIuAKW@', 'resource_state': 2}",FALSE,FALSE,FALSE,FALSE,everyone,FALSE,"[41.1222286708653, -85.11845368891954]","[41.120540807023644, -85.11852459982038]",,4.678,7.9,FALSE,FALSE,FALSE,242.9,232.3,13439049685,13439049685,CDC46A98-9D6F-498D-8567-C79C24DDCE8A-activity.fit,FALSE,0,0,FALSE,,,
2,"{'id': 60229721, 'resource_state': 1}",WU,4856,1484,1506,21.3,Run,Run,0,Strava App,12604756260,2024-10-08T11:22:29Z,2024-10-08T07:22:29Z,(GMT-05:00) America/Indiana/Indianapolis,-14400,,,,0,3,0,10,0,"{'id': 'a12604756260', 'summary_polyline': 'cx~yFraofOKCMKWCEEc@KqCmAa@KMGG?k@Y{@UwB}@q@W[Ei@UKIc@IOKYIWQKAe@Ue@MKGy@YIGMA{@_@SCw@a@E?OCWKQKgBo@WOEMEEKDGAOMWEa@Su@YCCiAWk@U[KE?{@YgAWw@c@_@MYWQKa@g@IOEEUk@]mAg@wAg@qBS]EMKOGOMMUa@GEEAEFEFDRBD?tBANDP?hBBTAxABP?fBBz@AD@vA?b@BDAZ?d@EHDXCnB@FAn@Dv@A\\DXAj@B\\AF@|@ADB\\AD@VA\\Bh@CTFnDA|@@~AD|@C\\@PPAJIlBBRH|@PN@DDj@Tb@Ld@XXFXTPHNNB?VTTVLTF@d@f@^ZLRp@n@TXZVBDBTPBFL~@FPCv@?VCr@@v@CV@PAXB`@Ir@DNCX@j@ANGR?n@BNEFBPAX?`@CJ?FCLCBCPGHAN\\HH`@M^APFLLLx@Kb@?^J`@NJXBVOTGRQFC@KDCRDPADCPAFDNINQNDDATWH@HBHZJNVJJ?\\HHJNd@BVCJKFCHCBIT@XFLf@EJDDATGdAEBCD@DALD\\CPDJCD[FK@w@CGWYAEa@MUSK_@@WEi@@YFGH?v@b@PBNET?FC^EPB^PH?x@WDEDKBk@RwB@y@H}@AICEUKG_@EECM', 'resource_state': 2}",FALSE,FALSE,FALSE,FALSE,everyone,FALSE,"[41.120528066530824, -85.11639643460512]","[41.12035196274519, -85.11515004560351]",,3.272,4.514,FALSE,FALSE,FALSE,245.2,232.5,13438509111,13438509111,B649B6A1-953F-4B3A-92DA-F47115F70737-activity.fit,FALSE,0,0,FALSE,,,
2,"{'id': 60229721, 'resource_state': 1}",Recovery,9669.4,2718,3501,20.7,Run,Run,0,Strava App,12597365331,2024-10-07T12:21:08Z,2024-10-07T08:21:08Z,(GMT-05:00) America/Indiana/Indianapolis,-14400,,,,0,4,0,2,0,"{'id': 'a12597365331', 'summary_polyline': '{x~yFpaofOsAc@[MCEmBq@q@]]IaA[qAm@G?SOwAc@m@[c@IOMsBu@MKa@GEGg@QkIyCs@g@{@U]QwAg@WIa@Ga@SiD_AaAg@_Aq@i@u@Ws@OY?ISo@Ma@EC[sACCUo@I]KOIYc@i@K]KAE@CTFTA`@BX@nFBRA^Bj@@`CDXEZBl@CT?^DTEzADVCpAB^AV@fACNDVBt@CrABV?lAD`BAl@Bp@?v@@VAxABVB`CD^?v@C`@D^AH?t@D^A\\BhBA\\Bf@CNDfAAn@@HAxA@VT`@KLEdA@PDDBLQHAJD`@AlBD`@Ab@FXA^Nn@A^Bp@C^B^A^@F?xADl@C^D`B?LMPAPHpBA`@B^Cp@D`AC\\DXAv@BhB?zADp@Cn@DdBC^BHA\\BF?fBB^Ap@Bd@AVBNAv@BpBBPCn@B^@|ADn@?fADV?zBCFD`@A\\BNNT@t@?h@Kt@BP@`HB^?pCFfEAhBC\\@xAAl@Hh@C^DTCZBEC[@]Em@CEEYDWCs@B{@?a@Di@CwA@c@G{@HM?IES?i@CSBgAI_FBy@EaCHYAgABMAKGES@Fi@A]@{@Ey@@mBMmEB[Ce@CwGEcA?uBAG?c@CUBsBCc@@YE_@@cACcA@a@Co@AaA@GC_@?oBCyA@_AA]@OIeEFU@kAAGBa@C_BMk@C_ABk@CQ?kBCG@i@LIOg@HaAMy@@OCqDB_@Cm@Bw@EW?a@AM@{ACW@s@A[CG@mAGUAeHCgBCUA_C@SCW@w@Cy@@[Ck@EYBsACq@By@C_@Bw@\\ATOd@e@^ETFxAjApAf@TP`@FhA`@`Ab@h@NdAd@h@PRDR@d@Ep@BbAXRLfA`@JF`@h@R`@Nl@FJFBFAJIr@UHIF@DH`@Dx@h@RDJKDYT_@^B\\EXJRCHF`@BLAFG@KHKNDTVn@LDEBa@FMJEFBDHXN`Bp@bBh@rDxAvE~AzB`A`@HbAf@tAd@JEJm@DGDO?e@Fu@Ga@CR?\\EPBXCN@HCh@GBIZGHGCMS[ECEg@Ma@S}@Wg@YE@a@We@MqAk@SC_Ae@SAe@SGBi@WEEe@MIGs@YM?IJ?VGP?HFN\\JLNPHR@RGJ@LJ', 'resource_state': 2}",FALSE,FALSE,FALSE,FALSE,everyone,FALSE,"[41.12062747590244, -85.11635343544185]","[41.12145518884063, -85.1165618095547]",,3.558,5.234,FALSE,FALSE,FALSE,249.3,232.3,13430634987,13430634987,BDE461CB-DCF8-4D17-83E7-59E992832472-activity.fit,FALSE,0,0,FALSE,,,
2,"{'id': 60229721, 'resource_state': 1}",LR,16573.8,4307,4680,21.9,Run,Run,2,Strava App,12590200629,2024-10-06T12:18:14Z,2024-10-06T08:18:14Z,(GMT-05:00) America/Indiana/Indianapolis,-14400,,,,1,6,0,1,0,"{'id': 'a12590200629', 'summary_polyline': 'k`xyFlo`fO`@vBJHp@CjA_@V@hBg@`@LJj@\\D?JIRPb@H?H]|CkFf@k@z@yAZ]~@eBp@y@t@a@JOv@a@xBeBz@]d@_@^MZg@x@{@`@w@Lg@NQF_@h@_Ah@{At@eDLaANW@]J[PsBAa@X}B@q@P_DD]Cc@LaABaBD_@AUJa@JoAL]?Q?k@Gm@LuAEcBEa@Sw@KSMEISQK}AOsDaAuAQSOqCi@gA[w@c@sBq@w@MqAi@Wo@@WL_AKa@IcGD_EN_DIk@IUAo@Ma@w@?iEx@qCV_@CuBPqAA_BL}EDeALgACsHRmAJ}@RiF^yAEcEH_CE_BDq@RKGwNVaALkA@KH]KyCNuAEuKXw@KmJ\\WPmCDoAPOb@CdCJnH@lDFzAAtBFtDEb@LnBCfEFjGFtAEbBDXRJr@Iz@?\\JTWtAAzD]hDE`@JZCFMlB?t@GVDdGWVDPGr@HRNJlBR|@JFj@BBE}@CO}@Gm@AeAGOGCkLX{AA_BJaGJ_CHaCT_BBQIGQDaBEq@BaBK}F@kBGqEWuBS]F_@CGAgGCwAEw@@s@GeDJcAA_AGeAJMb@M\\J|DQTELM~A?hFYn@NzIYtE@dCIRDXMRDzAOh@BzJQvBIPK\\DdCKxAFbEKbAFrFc@tB[dKQ`AGPKj@DjHMhBKj@@nAInCYhBc@|BMDFDdATz@QhC@zBG`DDb@An@NdB?ZHXMb@Ad@L^bAn@l@PlBb@ZDxB`AtCh@bCp@h@DtBp@v@?v@VL\\LHN`@XhBOxCFh@Al@Kd@E|@QdAGlCGZ@~@GTAlAQzBIb@?d@a@`DChAQhAUf@W|Ag@xBMb@cAdBMj@w@hBSHS^eAbAsB`Ak@j@gAr@a@NuAdAy@tAQPYn@w@jA]^cBzCeAzAWXUn@KGSeAk@KKBi@f@GZi@dAoBxBw@fAM`@[`@_ArDFTRTHdAQdBc@vA{BbCsAjA}Af@QEu@cB_BmAUWWg@Ek@Oi@K}@EqBM]E]F[jA}@No@R[f@uAHq@I}@O{@@QJQPAv@\\^b@z@Fp@E?MQu@?wBW{KGS_@Km@{@E{@K}@YoAQ]C]So@C[De@v@FZs@VU@}@RyBTO`@@|D_@ZBb@V`DI`@Nj@UbDAp@VDHD\\HnEAd@Md@YT', 'resource_state': 2}",FALSE,FALSE,FALSE,FALSE,everyone,FALSE,"[41.08863257803023, -85.03883516415954]","[41.08830199576914, -85.0384764187038]",,3.848,6.228,FALSE,FALSE,FALSE,235,224.3,13422923339,13422923339,398ACB30-A661-4ECC-A602-DFF78F938D79-activity.fit,FALSE,0,0,FALSE,,,
2,"{'id': 60229721, 'resource_state': 1}",SAC Championship,1609.4,600,600,0,Run,Run,,12581220432,2024-10-05T13:40:45Z,2024-10-05T13:40:45Z,(GMT+00:00) GMT,0,,,,0,3,0,1,0,"{'id': 'a12581220432', 'summary_polyline': '', 'resource_state': 2}",FALSE,FALSE,TRUE,FALSE,everyone,FALSE,g18256279,[],2.682,,0,FALSE,FALSE,FALSE,,,FALSE,0,0,FALSE,,,,,,,
2,"{'id': 60229721, 'resource_state': 1}",Go ‘Dons 😤,1126.5,720,720,0,Run,Run,,12593520958,2024-10-04T18:45:26Z,2024-10-04T18:45:26Z,(GMT+00:00) GMT,0,,,,0,0,0,1,0,"{'id': 'a12593520958', 'summary_polyline': '', 'resource_state': 2}",FALSE,FALSE,TRUE,FALSE,everyone,FALSE,g19148050,[],1.565,,0,FALSE,FALSE,FALSE,,,FALSE,0,0,FALSE,,,,,,,
2,"{'id': 60229721, 'resource_state': 1}",Joe Piane Invite,8000,1746,1746,0,Run,Run,1,12574843691,2024-10-04T16:46:17Z,2024-10-04T16:46:17Z,(GMT+00:00) GMT,0,,,,0,6,0,1,0,"{'id': 'a12574843691', 'summary_polyline': '', 'resource_state': 2}",FALSE,FALSE,TRUE,FALSE,everyone,FALSE,g19404283,[],4.582,,0,FALSE,FALSE,FALSE,,,FALSE,0,0,FALSE,,,,,,,
2,"{'id': 60229721, 'resource_state': 1}",CD,4217.6,1350,5100,6.4,Run,Run,0,Strava App,12574831596,2024-10-04T17:55:00Z,2024-10-04T13:55:00Z,(GMT-05:00) America/Indiana/Indianapolis,-14400,,,,0,3,0,2,0,"{'id': 'a12574831596', 'summary_polyline': 'eun}FhqkmO?GN_@LULYBCJc@He@HoA@g@Io@AWG_@Ca@CEAa@EG?a@I_@CwAG_@?k@@E?IB_@?IFa@Bi@AQEGRsAAGQCMFCCEBKCCBW?Q@GEG@KEEBKGAS@G@[CWDa@Eq@@s@Eu@AEDe@Cs@@c@Ei@EWOc@Y[G?ECyAU@nAD^Aj@Gh@?^Hz@BjBHZE|@D~@CZD^AtABt@CVDb@@vAIb@ALBDPHNKHQBCTDf@ERDDCJ@LLJh@?dBBX?t@Db@EJMBED@JLREF@PHTD`@FRAr@@n@JFR@LNKf@IP?XQNKZONAFDRNHmAtBL[RQ^SHSDU?IQSCI@IHKDAHMLa@BUFI?IHW?ICEMCQUE?IOU}D@OG}AAoCCi@?s@BMBCCUAiBAK?mCGUBeACi@@YEw@?iCGw@?e@BGEW@_AE]BGAa@GmA?s@Be@CW@MKgA@wBCU?KGGMCQBMEEEs@sAC]cAtDBAJFP?NOH_@By@_BsFDNHHDNKQOIIACEC@IIGAEKGqAKQECI?SJ[DKCWFi@CS@IAO@QMM?OIMCe@\\[t@MRMr@KRK^A~@@VCvABh@DTJJF\\HRNQ@@D\\Ph@F\\Rv@`P?DNDZAb@@RGn@?d@D@DTDrAAVF^Av@DXAN?\\BV?~@B|@C\\HhDCX@H?bAD`@CZDdAA`@@^EVB`@ALBHA`@Bv@Cl@BF?hADr@Av@Fx@DXJX@`@R^L?LG@DSh@Kp@', 'resource_state': 2}",FALSE,FALSE,FALSE,FALSE,everyone,FALSE,"[41.6959716193378, -86.24520560726523]","[41.69616180472076, -86.24560324475169]",,3.124,4.91,FALSE,FALSE,FALSE,225.3,221.6,13407290372,13407290372,1710A7C6-6570-44C9-AB79-E05093F9C02F-activity.fit,FALSE,0,0,FALSE,,,
2,"{'id': 60229721, 'resource_state': 1}",Irish Warm Up ☘️,3227.5,939,1028,6.4,Run,Run,0,Strava App,12573541489,2024-10-04T15:59:10Z,2024-10-04T11:59:10Z,(GMT-05:00) America/Indiana/Indianapolis,-14400,,,,0,3,0,6,0,"{'id': 'a12573541489', 'summary_polyline': 'g_o}FpzkmO]GgAc@w@i@c@QCGKAODKAWB_@NOPCAODKHKCODE?UVEJAHK`@G@Q?KGFLFVM@UKG?KB[?IC@i@Ia@BQEm@K[Cw@@[AIKIIY@[Ca@Fs@Yg@?YG]AQ@a@AEBQHOF_@?GEG@}@Es@Bc@IoCBEEYBQAU@OCW@GEa@@IAg@DME[CyBAW?iBE_@Bg@AW@GGa@@[Ce@@m@CyB@c@E_@@]ES@GLEVBBELAH@TCd@?PE\\@RER?PCHCZe@VWLC`@?NCn@FBEF@PETDNCRATCF@BCVABEXKPKF?DCJQXSJABGJADGBDLDBBF?PTLDXANFJCL?VBBFA\\BTAb@BVA^F`@APBXCl@Dl@AXFh@C`@D|AAj@?t@DXAd@DjAAxBDx@Ej@Db@AT@XBR@p@Ll@?p@Fb@Ct@BhB?HKNAV?xAD^C^?h@Bn@FRHJDALOLEHIF?LJ@RWjAAVk@v@JV@XOb@QZODWEMBIBYBGDO@[H]ESBIAa@BQA}@U]OGFODEF@HJFN@JBNCDDDPHNTJt@?ZBTG', 'resource_state': 2}",FALSE,FALSE,FALSE,FALSE,everyone,FALSE,"[41.6963841766119, -86.245590839535]","[41.69602543115616, -86.24602334573865]",,3.437,5.096,FALSE,FALSE,FALSE,225.3,218.8,13405905792,13405905792,C40A220A-EA3D-4D16-B0AA-0E4098FD89F9-activity.fit,FALSE,0,0,FALSE,,,
2,"{'id': 60229721, 'resource_state': 1}",Strides ~4 x 125m,526,97,189,0,Run,Run,0,Strava App,12565155464,2024-10-03T14:53:29Z,2024-10-03T10:53:29Z,(GMT-05:00) America/Indiana/Indianapolis,-14400,,,,0,4,0,1,0,"{'id': 'a12565155464', 'summary_polyline': 'iq}yFpjlfOZDl@EOEm@Ho@EK?YL_@Dg@@OCJJF?BHd@Q\\CHGREfABf@KC@IAm@H', 'resource_state': 2}",FALSE,FALSE,FALSE,FALSE,everyone,FALSE,"[41.11735266633332, -85.10143733583391]","[41.11728963442147, -85.10146407410502]",,5.423,9.084,FALSE,FALSE,FALSE,239.3,238.8,13396921264,13396921264,6B81F52D-C303-4FB8-8732-366713A7DA09-activity.fit,FALSE,0,0,FALSE,,,
2,"{'id': 60229721, 'resource_state': 1}",Pre-Meet,8047.9,2148,2225,22.2,Run,Run,0,Strava App,12565107643,2024-10-03T14:12:57Z,2024-10-03T10:12:57Z,(GMT-05:00) America/Indiana/Indianapolis,-14400,,,,0,8,0,1,0,"{'id': 'a12565107643', 'summary_polyline': 'mn}yF|`lfOp@?r@Gj@?TCpA?r@Kp@@RCb@?RGEu@PsA@YDKHo@E_CBGFy@BqADS?UDu@DCNHL?NJL@XCVBf@AF@f@ARBZGn@AJEFMASEU@w@GwC@WE_BAaDCkA@w@EyACwBAKBEb@C~@DPCTAr@[XWPEDED?DEB@\\IN?TGH@`AQx@]\\Yb@aADMRWFUd@_ADANc@JIHSNQP_@@OUSO[oCsC_@{@I_@MaAFk@EkDAMBaAFa@`@}@^gAJ}@@YDa@BEX@x@Gp@Ap@Od@B`@A`AKJBZAZGV@D@t@?jAIJBXCh@?DCZ@t@CF@f@CF@TAFCDBH?LEF@`@EMm@@[CS@OC_AAG@SAiACI?s@Bc@Ca@?eACa@AuACgA@YEc@@q@AqBEYEGSBEFK?ECMB_@Ag@D]?SBQAQBUAc@BY?i@FWAMBS?IBc@CSDWCg@DMAQBWAc@D[Ak@DQASDMCQBGAGBo@Ag@Fy@?YBSAo@D[?GAy@DSCMFk@Ac@Fu@AS@QDk@?YD[EIJG@a@MU?WBUAi@Fu@CgAFeA?w@FQ?GCEBEA[Bu@AEBUAc@@KBSLWCU@m@Aq@FUA{ADKAWDaA@UCE@GAM?MDSAg@@Y?SBYAGBo@@EAUBM?MEUDK?UBy@EQNc@@CASK@_@IUG?M@UFS?ODS?a@Hi@BOHMCSBCAcABoABKDg@AEBO?EAWB[AGBEAG@]@EC]Dg@?UDU?CC]Du@?EDM@KCu@Dw@AUD[Ce@JC\\@j@Dp@C~@D`@?XHTATBNL@l@EpADb@Ef@@DAF?XCRBFCDB|@E^?x@HDAZBRCLFD@LCv@AhAIJB|@CTGDBNCdA?DCf@CFAR@f@Eb@@?RGVHj@Ab@BhAAHBXAx@FfDCZDZ?tBDZA`@Bp@Aj@BXAZBn@CFBXCv@@f@BDTCTBBDBJB^RNLCVBf@CD@ZCPBXET?XCXAFBXEjAANCf@@REJBD`@AZBd@AVBp@AnAFxAAt@Br@Ar@Dv@AZ@`@ANMHIHAHBlB?j@AHBt@AVBd@AfA@FB|@?HB~BBPHPJB\\?XC\\DPCh@?LBBLGj@DbAEbACNUf@St@GLEDM^FTAZBd@?XBd@A~@KLG@O^URIPAb@CNCBA|@G^@H', 'resource_state': 2}",FALSE,FALSE,FALSE,FALSE,everyone,FALSE,"[41.11695318482816, -85.09987905621529]","[41.11697908490896, -85.1005292404443]",,3.747,5.278,FALSE,FALSE,FALSE,248.5,237.6,13396869608,13396869608,EA5B9044-BA01-49B6-A681-4B99757ECF49-activity.fit,FALSE,0,0,FALSE,,,
2,"{'id': 60229721, 'resource_state': 1}",MLR,13115.2,3694,4217,59.6,Run,Run,2,Strava App,12556581120,2024-10-02T12:24:48Z,2024-10-02T08:24:48Z,(GMT-05:00) America/Indiana/Indianapolis,-14400,,,,0,5,0,7,0,"{'id': 'a12556581120', 'summary_polyline': 'gx~yFzaofOeBk@aDsA}CcAoAm@gCy@eDsAeFeBMK}D}Am@]yBy@oFcBs@Mg@SwA{@e@g@e@w@cCeIiAmBIq@?s@I[m@Es@Ym@o@c@o@cA_AUDMP{AbAqAh@iAPiAFwBBy@Ni@TgAfAsAhAyAr@yAJoCB}@QeAs@G@OPm@?qAx@CJ?f@@lAaBBu@Ii@FFRGf@@^ZxAx@nCh@~B@T`@|BJbBsAnGEh@?vAMzBStAIBGOaAc@_A_@eG{Cg@G[QKWuDcBUnAMFIAKJYj@iAvAKVsD`FgB`BmClBeDfAkAT_AFoAIWF_EDyAPiAFsCMgAFaAPg@Ak@HYtBi@bBq@dDKVi@t@s@d@EHH^Cd@Bt@fBCdAo@H?rAt@NPx@b@n@h@n@?ZHNRZlA@`AEN@\\EVDNTZv@DDDHTBl@FPRMd@LTl@Ih@?\\@THV\\Zr@VHJl@tAILM@o@f@EHFTEHw@Tk@`@CRDH?PILQbACj@Jn@ALEFUGmAFY?Qf@Gb@S\\CV[r@I\\e@l@IZKFeAPGNDVLVRt@OGQm@Ki@IMYLu@PiEz@GBCL?\\Gn@@dAYA}@@@lAGDaA?DGv@AFC?IAu@GOIAOJa@BB|@@HHDPGp@mArAC@EG]BIEiA@_@HKj@CRKRAJIfB[fCm@r@UHIBS\\a@T{@LIDg@Zi@?YTc@LKdBEJBJK@KOWCS\\iBJUBSGSXUbA]JUA]VKn@m@SWe@eAaA_@W[Ca@F{@?Yc@m@e@BMEFi@?a@PBp@Qp@?l@Mn@i@Xo@Lg@XcAHM\\a@v@W~BCfEjAjDNRGDGEc@AiDGi@A_AFs@GeCMg@EyAMkAk@_Cq@gB?YJOLAfAs@~@w@@EXMpA{AtAmBHSTUp@iA`B_CVG`@mALRNHvCpAHF?HXPt@NhAn@FJP@nCvAjDzAFHTFjCtAlD|A~A`AxAb@TXxAz@n@PdB~@`@HVRx@VlAv@x@Zr@b@T^lAl@bAb@DEDW?yAGyB?mBBa@EaADe@Cg@B_AdKQ`@CDGF[?kAOkQFOPMPe@C}@@sAh@[p@q@^Ab@N~@tAZTb@F~@VlHrCl@LdBC~Bx@l@b@n@lARh@DBr@W\\C\\DxAl@PQHc@NUVL\\@h@IfAJF[HEh@`@H`@LJf@HzHnCf@GHH', 'resource_state': 2}",FALSE,FALSE,FALSE,FALSE,everyone,FALSE,"[41.12052882090211, -85.11642778292298]","[41.12144806422293, -85.11658150702715]",,3.55,5.418,FALSE,FALSE,FALSE,251.9,232.6,13387754752,13387754752,E2206E0F-B533-4CAF-B080-27DD1009A60A-activity.fit,FALSE,0,0,FALSE,,,
2,"{'id': 60229721, 'resource_state': 1}",CD,3875.9,1218,1498,6.4,Run,Run,0,Strava App,12548013219,2024-10-01T12:56:52Z,2024-10-01T08:56:52Z,(GMT-05:00) America/Indiana/Indianapolis,-14400,,,,0,4,0,9,0,"{'id': 'a12548013219', 'summary_polyline': 'eo~yFbvofOd@@N@f@?PG@AECIBk@?GCBG^QJCH?HIASUi@E_@K]?e@EM?e@CY?IHILADCJSFAn@oAFIDA|@`@ZHZPD?JDf@\\FHZPF?@DZNBFTFLLhAh@DDp@RFJ^LRLdAd@DH`@NBDPFNCPIHGNk@BoAD[?[BI?eB@G@o@DeAJa@AEVg@`@cABKBC@ITc@Pk@LWPk@LOFUAKCGa@DMCQMEGCQQ]KIOCMIKMKa@MMa@Yc@q@c@WYI]a@USi@WKOMg@EGG@IJOD][QUGCAOBKBIX[Ni@Tk@BEp@_@HQBSRs@F]@SHSLaBCy@Fk@AGIKKAk@]{@a@IA[SWKGM[sAGCbF|ECn@@j@Cz@EJGx@EHCTOp@K^ETGN?LANIZMv@@t@Ch@FTZp@^Jf@b@NPRJPDVPPPXb@`@V^z@BDN?JFPRVn@LNR@NGF@FRAHKPGTIJ{@~BS`@a@hAILEPIh@?ZE`A?`@CN@VEn@@FE\\@RExAMb@[RKBYGQMe@UG?_@U[MMOQEQOOCOKYIc@WOEQOc@Q]YKCOKKA]Ya@OEEYICEKAa@SE?g@W', 'resource_state': 2}",FALSE,FALSE,FALSE,FALSE,everyone,FALSE,"[41.12211551517248, -85.1185439620167]","[41.12121286801994, -85.11654144152999]",,3.182,4.338,FALSE,FALSE,FALSE,238.1,231.3,13378624236,13378624236,0210FBCC-10DD-438A-95B9-D29F92AEAAD8-activity.fit,FALSE,0,0,FALSE,,,
2,"{'id': 60229721, 'resource_state': 1}",4 x 300m,1195.6,208,694,5.4,Run,Run,0,Strava App,12547719785,2024-10-01T12:32:45Z,2024-10-01T08:32:45Z,(GMT-05:00) America/Indiana/Indianapolis,-14400,,,,0,2,0,2,0,"{'id': 'a12547719785', 'summary_polyline': 'mz~yFvzofOdBLRAbAFVHX?FBFAHB\\?PDPAHB\\B_@MM@UCa@Ba@Ik@?UEk@CGCI?GCc@CQGa@@SCGAK?g@MQBw@MUCAJNBTCb@Hd@?VHj@DPA^@HD\\?HALBFAZJFAJBV?\\HP@VEpAJAH}@Kc@Bk@Gw@?YEEES?ICoAI', 'resource_state': 2}",FALSE,FALSE,FALSE,FALSE,everyone,FALSE,"[41.12396431155503, -85.1191861834377]","[41.12393153831363, -85.11918752454221]",,5.748,7.48,FALSE,FALSE,FALSE,239.5,236.2,13378309000,13378309000,15B668BA-ECB6-4B32-A498-09723BE7BA96-activity.fit,FALSE,0,0,FALSE,,,
2,"{'id': 60229721, 'resource_state': 1}",3 x 2k ~90sec. rest,6210.8,1313,1499,43.2,Run,Run,3,Strava App,12547547060,2024-10-01T11:54:31Z,2024-10-01T07:54:31Z,(GMT-05:00) America/Indiana/Indianapolis,-14400,,,,0,5,0,11,0,"{'id': 'a12547547060', 'summary_polyline': 'gb_zFxoofO?e@B_@AIBG?i@AKEISWGSGEI[Y]Wg@IMGCM[YYMWQSKSa@]WKMSGS?STsA@YGMa@UG?IFIZ@XGr@BR?z@D`@AR@lAHNJ@HHHN@JXZHTPv@AHFf@@RM|@Ah@Sv@K`B?^GnADTLPT@NJDFF?D@FAHBX?FDX?xA\\JLDp@XCr@DHB\\ATDFCPDPANDX?h@L`@Bp@Cf@FV?FBL@h@Z^NZCf@OHAXFNJ^FHIVGDGFAFE^u@b@k@JINCb@@FCD@NGBK@M?KEKUMGA]_@MEWWUOOCa@DGAq@BGCI@WCo@?YGGBg@GIESAU@CDOEMCa@?a@KqAMuAWu@IaAUg@_@GGA]Hm@BgBCWkAyB}@kAO[WYi@y@_@SQWGQ?KBk@H_@@g@GS_@KE?GFKn@AfBJfB?x@HNRJJXTRHNPv@Hl@A~@UxB?HMl@@HGn@?h@G^@t@JNXFN?`ANZHXDLFVB`@NLNA`@DFZIP@d@FF?DB`@?NBN?x@LN?d@HNCdBFf@DXHh@XZ?d@MR?F@^L`@BLCf@]Zc@N[`@e@h@AX@PWEUWICI]YY[YWMGOAWJe@Eu@?GAG@GCY@UCQ@aBOADYGaFm@UKK@GEq@IGEWAa@SSUCKJcBAIBI@m@EUO_@m@eA]g@Yk@MKKSWYq@aAs@k@IQ?q@PkA?KKQSMS@GLAJ@LG`@DrCDlAAHF\\NHNNDJHDJRHXDHN|@Bj@Kt@Cf@I^Er@GZAZKlAAvADHHFH@FA`@@hAX`BTFDJNBj@DBJ@XGh@HZAp@P\\EDBHADBV?l@LVATE^BHBDAFBFAH@HANDF?`@RFFXHN@VIZ?FA^AXTLB^KZQv@mANWNGVAPAZ@NM@KM_@WCKMCI_@[IAOS]UQ@YJo@CIBWE_@?', 'resource_state': 2}",FALSE,FALSE,FALSE,FALSE,everyone,FALSE,"[41.12223068252206, -85.11850196868181]","[41.122266221791506, -85.11851445771754]",,4.73,8.044,FALSE,FALSE,FALSE,242.7,232.9,13378122842,13378122842,DD4914E3-E24D-43F6-95AA-2F36BBB5CDF7-activity.fit,FALSE,0,0,FALSE,,,
2,"{'id': 60229721, 'resource_state': 1}",WU,3218,948,966,0,Run,Run,0,Strava App,12547230822,2024-10-01T11:25:08Z,2024-10-01T07:25:08Z,(GMT-05:00) America/Indiana/Indianapolis,-14400,,,,0,4,0,12,0,"{'id': 'a12547230822', 'summary_polyline': 'ex~yFtaofOSGUKs@QCCE?_@SG?UO[IIIWEa@UE?cAYUMQCSMiA]o@]]I}@[a@Ke@WQCi@WSGGI]ISM]IqAg@OEIEs@SOKQEUKi@O]OOCe@We@OOMSGGIGEmA_@UMw@[mBk@SCc@QOCg@S[CMIUEi@]YKg@]QUMKk@}@Ok@IQq@yBSw@EEG_@_@_Aa@m@AEIE?EPTl@jAH\\Tl@Lj@HRX~@LZLj@FJPf@PZ\\Z@FHJl@ZJHTJVNLBVJTDb@ND?DDDAPJBBVDPJd@HHHN@TJFABBVDRNF?p@ZHBF?h@R`@TJBDFVHBDD?TJ`@LJHD?|@\\F@BB`@LDDF@FDH?DDF?PFBDL@HHVHJHXF`@RF?PLF?BB^JBFXHTLRDFFRDVLbBf@BDRFFJDEL@DDF@PJBBb@NTLVDNJj@PBBd@JHFPDVND?RHJJHDF?PDRN\\H', 'resource_state': 2}",FALSE,FALSE,FALSE,FALSE,everyone,FALSE,"[41.12056268379092, -85.11640942655504]","[41.12142241559923, -85.11655376292765]",,3.395,6.25,FALSE,FALSE,FALSE,233.4,232.6,13377785598,13377785598,F1439CAF-0359-41FA-9771-FB57260CA086-activity.fit,FALSE,0,0,FALSE,,,
2,"{'id': 60229721, 'resource_state': 1}",Recovery,9665.8,2849,3327,30.2,Run,Run,0,Strava App,12539798028,2024-09-30T12:20:34Z,2024-09-30T08:20:34Z,(GMT-05:00) America/Indiana/Indianapolis,-14400,,,,0,7,0,11,0,"{'id': 'a12539798028', 'summary_polyline': '_e~yFdkofO`DhBhBx@jB|@z@f@ZH^MVg@Aa@DWC_@DUDsCD[?SL}AZmAVc@zAyDTa@LA\\j@x@b@z@D~AXPLHPDh@Lf@FHPDVTR?FKRK\\AvAWHGDQAIIMwA@YHW\\a@vAgAtFGf@BLPJNUFCr@ERRRFRVl@j@PXz@t@jAx@hAb@ZX|A`CVRLVRLTXbBfCRr@l@|Az@pBH^^x@FXVn@b@t@n@tA^fAJt@Fx@AxCQnAI`@mG?}BDo@C]D@^KNQHi@B?THJE`@DTCRFvAZrAJJRz@\\|@Jd@Bh@@h@Ah@c@nDCrBFXDF~@DDHHdCA~B@b@?|ADnCDRHxAFXCN?XEJEb@Ah@`@j@f@`@HL?TJZCL@t@OTBVCp@@PK~@HXA^BDEhA@`AIhA@pAEp@@bAKbAC~@EJQCq@H_CDIJC\\Q`@]`@g@z@SfA_@v@c@fAEVAXCJy@|@c@JuBJeBp@_@h@?NDJCJYb@QNKZOEY`@m@X{CHUJ[XuBVI\\Cf@DvATZXCJDHLBRCRQ\\@PEJAPSzAEt@?`CUNmAHu@gBU?SFC^EBM?MO?s@GY@a@Gk@@k@Ek@@gALw@CWB[GiADe@CQ@WC_@D[EW?yAGS[G_ABAOOSKUSMU@MGy@?k@PcABYIq@FQIKDcFqEOwI?oA@OGc@BkACY@e@AMQQAoAEaA@u@C_@@eCCsAFs@Ag@EC]FsA@QCEKS_B_AO]Qg@i@a@Ye@m@OIEKm@a@k@QcACm@Pe@TMBo@\\q@PmAJYIMIAIFa@C_@Be@Ga@GIKFOAy@LYGOUMIm@B]MMM_BUSKW?BOHODWRk@TWZy@\\e@ROB]^[hA}@rBg@bBGt@G^ERMd@w@^mAVi@F]LQ?Ul@VbARVIHKJwA@i@LaANo@w@_BSy@Mw@@GCCEo@@cAKsACu@@g@Ci@?c@HwBFc@DGF]Tg@BWHMLs@Fk@Ca@JqAp@Cn@WHe@b@kA?WHMEc@BWEW@WPk@CS^aAGc@M]WKm@CMKGk@E?YDILMBa@Tw@?UEGBYd@UDSJ]@[_@CULkAMc@?g@JULK`ALRGXB\\Cz@JtBDl@H`@J\\ADC^@VH`@Ad@Jf@Xt@A`@GbAVv@c@FS@q@LiA', 'resource_state': 2}",FALSE,FALSE,FALSE,FALSE,everyone,FALSE,"[41.12049613147974, -85.11642166413367]","[41.12091355025768, -85.11666130274534]",,3.393,5.28,FALSE,FALSE,FALSE,247.2,229.9,13369846464,13369846464,DE9E1611-F317-4623-8186-82BC317FBC6F-activity.fit,FALSE,0,1,FALSE,,,
2,"{'id': 60229721, 'resource_state': 1}",LR,18249.6,5353,6118,58.6,Run,Run,2,Garmin Forerunner 735XT,12532929019,2024-09-29T12:23:49Z,2024-09-29T08:23:49Z,(GMT-05:00) America/Indiana/Indianapolis,-14400,,,,0,8,0,8,0,"{'id': 'a12532929019', 'summary_polyline': 'ud~yFhkofOxCdB`HdDb@GNMNk@B}BJgD?o@L_AbDqHJKXd@h@b@f@JlAHfAXRd@Jp@Vb@ZFjBUzA[jAF`@FrCnAlDjA`AEhARjBP`AAjAHhAc@\\Cf@@~BIlABrIMRd@@|@PfATf@Z`@d@@j@_@Ti@TyCASFCbKUnA@lIUlAAlADpAArFMtCOrB@pBKjHGnFUxIGjAGdA?dBKdD?z@GfHOtJKdFU`E?rAGjAF`CGfAQd@ClHM|COpM@fESfBCb@IpAG|C@vCKpNSd@Fj@ElABZEjEGd@DbEOvC?pAIpAVtAQbB?t@Fp@G`ASxAM~FKrDDvDKxA@PDDp@K`D?fEDp@AfBEhBDzCEbGFrHGnI?~HCDoABwCEkGBgK`@uHDa@HIh@AZ@jHBjCJjBNfBCpEBzCGjEFt@IbEBbCEn@{CHcAEuDPoAAe@DmBAkFN[Cc@Hi@AsBL}AMgDPcDH}A@o@GKB@vBKzEDtCCrERxC@`BUh@]^sBZQPo@A_AZa@@u@ROAWJGH}@Ny@IYXuBRw@Ra@Cc@B}@Es@p@a@PiBb@sACy@b@[BsBh@aAPwAMg@Dg@@e@VWRe@Aa@N]^E^Ql@Db@TLh@|Ab@PHH?NeBv@_Ah@cC|@sDDcBFkJ?gALe@BcH@uHNc@o@]Os@_Ag@Ka@DmBz@qAHeAVEAWc@Co@Cq@BuEIcC?s@Ga@GA}@LmA?cASGBICg@WUEkAi@SDJQNk@p@aDFsASq@?{CKmCMKg@FY}BSmAMDe@hAUb@_@\\iBd@e@DwCKc@OcAGg@MiBSmA_@c@S_@Yy@cA]g@Si@Yi@We@SSWq@We@[a@{AqAgAe@a@YMOo@i@oBq@_Bu@_Bo@mAYwEoBa@[]]c@Uc@Ia@W}@{@cBy@c@YqEwDUk@Eo@De@Po@To@Nq@JaBT_BFm@AcBD{AMa@kAAoA[Og@TmCEeBSm@Gg@Ok@k@aAs@iBWaAWe@So@sBiE]_@cA{B]a@]o@g@uA_BiBUm@a@[k@Y{AcAy@_A_Aw@c@Ug@@a@VOOJs@^_BJ}@z@_DDI^S`@E`AD?ZgD`@k@CUQK_@We@}@s@qBSe@S_@WYYEDgAhDqAlDY|FCfBIt@a@Te@GaBm@sAw@aAc@yAy@m@m@c@UaBo@', 'resource_state': 2}",FALSE,FALSE,FALSE,FALSE,everyone,FALSE,"[41.12052001990378, -85.11643599718809]","[41.121021676808596, -85.11661352589726]",,3.409,9.312,83.6,TRUE,147,163,FALSE,TRUE,248.2,227.4,13362445425,13362445425,garmin_ping_373833430109,FALSE,0,0,FALSE
2,"{'id': 60229721, 'resource_state': 1}",Recovery,8051.5,2132,2158,23.2,Run,Run,0,Strava App,12526995979,2024-09-28T20:30:03Z,2024-09-28T16:30:03Z,(GMT-05:00) America/Indiana/Indianapolis,-14400,,,,0,5,0,1,0,"{'id': 'a12526995979', 'summary_polyline': 'mt}yFhwkfOJSF_@CUBWA]NK@]BQZYF_@`@YI]?e@CqASo@AKP_@VWZi@HMNg@Bg@AY@GCe@Au@G[QMW@SAQBKAEBSCMDM?EEG?KBe@@GBEC]FECuABKAGEEE?IBYCaA?{BCe@BGAG@a@CgA@EGaA@O@e@C]?c@DM\\DXI`@@PCJ@REF@XED@RIHMBSEOCw@?oACy@?eAEo@?aDEkBIMO?UFwA?_@DqA@g@B}@AMC[Ao@DQACECID_@Cc@CmB@w@G{A@GCcB?a@A]@UCiAG[k@c@Fi@Co@@SC[BGCI@eACIA_ABGAQGa@BI@SGWQEUB[ACB}@BWASBOMG?EFK@KAG@]?QAMBkDHGQD]?c@EgCAaACYKQGAk@HEAqABa@DKCUBe@?g@DqBFKTE@ODWCKFS@MBQLEV@fBBXARDr@@nDFjAHh@AHGDI@OGK?[A_@FiAIs@@o@DMAWBg@?SFD\\A\\@\\@|ADxAA\\@\\BDDBVKR?DD^GrACL@JH@FE`@D\\Ab@HjB@dCFJHBDDF?FBVE^?ZBRGZBDDBPAfAD|@PzAAHJr@@b@DP?THz@HLd@GPAJEJAD@JCD@PCR@bACX@`AGDBREXBLAFCX?L?DEJBVCD@JCDCBG@mBCc@@[CW?eAAG@gAEw@@GAI?eACsA@GE_B?s@C[HcABGJq@BGBQ?aAKi@_@s@_@Y[Ma@EW?YCGBuBCYBuAGo@?KBw@EK?GBEACIBUAOKe@Am@EGBWBICs@?YC]CGC}@BQC[@_@Ac@CO?u@@IHOEYLCNHL?JED@DCt@@f@EZBf@E\\@DC~@APCz@ARC~@Af@EFBr@GD@DCR?TBBC`@CR@z@Ej@?zAQP?LEf@ETGFN?^BXBD@JEVBZA`@@d@AFBZCP@ZC\\BRCFBf@A^HfAAv@Bx@A~AFv@CNBt@AZH~DAzABR?`@@T@v@C~@DpC@BF?JI`@GPId@DJE`B?fAI^@f@GL@n@ENBh@EL?BBFREd@Bt@?lADpB?ZBP@rAAp@B\\Al@Bt@CTQNENBt@CPJvFAt@Ff@AbBB|@FJNDNCn@Dl@A^CLDDNC\\@fBCl@a@zAa@l@GNJnAAv@?p@BRAJYRI\\W\\SfA@l@MhA', 'resource_state': 2}",FALSE,FALSE,FALSE,FALSE,everyone,FALSE,"[41.117063239216805, -85.10056746192276]","[41.11716910265386, -85.10050996206701]",,3.776,5.052,FALSE,FALSE,FALSE,246.5,239.4,13356121557,13356121557,FCC2EE49-9F7D-467F-9807-5391EEED7828-activity.fit,FALSE,0,0,FALSE,,,
2,"{'id': 60229721, 'resource_state': 1}",CD,3213.6,1053,1119,0,Run,Run,0,Garmin Forerunner 735XT,12515671120,2024-09-27T12:40:21Z,2024-09-27T08:40:21Z,(GMT-05:00) America/Indiana/Indianapolis,-14400,,,,0,5,0,4,0,"{'id': 'a12515671120', 'summary_polyline': 'qmazF~dmfOl@WHk@CY][mAc@g@Yc@QsAw@a@]eA_@eAk@yEeDSQIe@]Qe@?a@IgAi@KQa@We@Sk@Q]Ye@Q]GS^WPWOyAa@{@_@u@W_BUkAKyDUaG?e@@g@AoAMy@Kg@Ke@MEBb@Nb@JbCVd@BhE?|CBf@Bl@?xCXrAZf@Bn@Tr@JbBf@t@ZHHd@jA^^bDdAvBjA`ErB', 'resource_state': 2}",FALSE,FALSE,FALSE,FALSE,everyone,FALSE,"[41.13742615096271, -85.10631250217557]","[41.137141082435846, -85.10552141815424]",,3.052,3.642,82.9,TRUE,146.2,172,FALSE,TRUE,233.9,232.1,13344022255,13344022255,garmin_ping_373318773616,FALSE,0,0,FALSE
2,"{'id': 60229721, 'resource_state': 1}",Tempo 25min/15min,10929.2,2401,2583,43.9,Run,Run,3,Garmin Forerunner 735XT,12515482171,2024-09-27T11:43:22Z,2024-09-27T07:43:22Z,(GMT-05:00) America/Indiana/Indianapolis,-14400,,,,0,10,0,7,0,"{'id': 'a12515482171', 'summary_polyline': 'efazFpjmfOj@n@^PLA^WRALJ~A|B^`@d@ADQ?y@GmBDu@?s@KcDC}CEi@IMO@oANQDq@^WBqA[qAg@uFcDuBm@u@[g@g@kC}Aa@_@s@uA]Yc@g@Yi@s@k@IOEUK{ASiBAy@Fw@?g@Qm@Yg@]c@QQOAMHGPOp@Gn@Cr@@r@Jt@Hx@A`@Kh@KROLODY@eCs@iAk@aAm@eBsAoBkAcAs@e@g@KYKq@Qo@OSKAKLu@nCc@dA[f@_AdAo@b@k@VsAJcCc@kAa@iAi@_Aw@Ya@Si@Iq@Cq@Bs@f@oD\\aBf@{AXe@\\a@r@o@^a@Vi@Nm@@q@Kq@[aBGw@Js@Tq@Xk@`@]f@Gb@LfAn@jA`@f@@d@ST_@Rm@Ns@XoBNo@Xk@f@[LCLBpAZjAb@tAHnAVXLfBzA~@`AZ^dAxB\\d@|ArAx@`AHNPj@Jt@Bt@Ev@[bD[jBa@~DMt@_@`B[nBEp@Fr@Jn@Bx@In@e@b@MFQ@g@EkBu@mAm@aC_BmFeEWg@SgASc@MEMBU`Au@xBUh@Yh@]d@_@`@}@n@g@LcAJgCc@oAa@eAo@u@o@[a@Uk@Ii@Ew@@w@D_@n@iELq@Ro@Vi@Zg@dBcBXi@Lm@Dg@Es@[mBIw@Dq@Rs@Re@Za@RSNEf@D|@f@RPb@Tt@T\\@NAd@WTk@^oB~@uDa@l@Mp@Y|BUfAGTKNUTKFY@s@My@[sAw@_@IW?WHUNYf@Y~@C`@Bb@\\jBN~AGx@_@~@]b@_At@[\\[b@Yp@e@fBUlBMp@Et@FjBLr@Lf@Zf@`A|@d@Xf@RfAZnAT`AJ`@@b@G~@a@`@[`@a@\\g@\\i@`AmCRo@ZcBLoDLc@\\_@^Y~EeD`CwAr@g@`B{A~AiBb@U`@P\\Z\\`@Th@Pn@PhABp@_@tEc@dB]lBMdBMlAFRJNz@`ALZLd@?RIpB^rEBHJNNJd@TJL\\p@Z^t@rAXb@\\\\^XhAd@p@p@PHtDzAdAp@lDjBh@RjAZ`@PXDNCn@WjBKHFBf@AbDFdDAv@EdAFhAAz@ELKB]SeAsAoAoAMCMBc@VM@', 'resource_state': 2}",FALSE,FALSE,FALSE,FALSE,everyone,FALSE,"[41.13644655793905, -85.10536543093622]","[41.136358296498656, -85.1055353321135]",,4.552,5.746,88.3,TRUE,150.1,180,FALSE,TRUE,243.2,231.5,13343819864,13343819864,garmin_ping_373313402535,FALSE,0,0,FALSE
2,"{'id': 60229721, 'resource_state': 1}",WU,3217.4,989,1411,16.9,Run,Run,0,Garmin Forerunner 735XT,12515479336,2024-09-27T11:10:48Z,2024-09-27T07:10:48Z,(GMT-05:00) America/Indiana/Indianapolis,-14400,,,,0,6,0,18,0,"{'id': 'a12515479336', 'summary_polyline': 'yabzFbymfO[@OFINKh@I~AK~@ClAPlAXl@RFjAJ`APd@X`@\\d@n@j@rA\\fARzAFxAAnAKp@]x@m@v@oAhAY`@k@|@Uh@Kl@?r@@p@R~ADp@In@Kl@Vf@d@Vv@VrAh@hBh@b@Vb@R`@TdAd@jAn@kAe@iAg@e@W_@Y}DkBiBcA]a@L_A@s@_@mCAaBJq@Xg@pA}A^a@~@{@\\e@Rk@Lm@Dk@@s@GcBMm@a@yAk@qAW[}@o@e@OmASe@Me@S]_@Qi@Iw@?s@b@mEZg@\\Mb@G', 'resource_state': 2}",FALSE,FALSE,FALSE,FALSE,everyone,FALSE,"[41.13771976903081, -85.10656923986971]","[41.137606613337994, -85.1063487958163]",,3.253,3.851,83.3,TRUE,146,159,FALSE,TRUE,243.9,233.6,13343816983,13343816983,garmin_ping_373313348994,FALSE,0,0,FALSE
2,"{'id': 60229721, 'resource_state': 1}",MLR,13288.4,3907,3983,38.2,Run,Run,2,Strava App,12500586501,2024-09-25T12:25:59Z,2024-09-25T08:25:59Z,(GMT-05:00) America/Indiana/Indianapolis,-14400,,,,1,8,0,11,0,"{'id': 'a12500586501', 'summary_polyline': 'qx~yFtaofOaC{@eBw@sC_A{CqAE@_Bi@oCmAUEaC_Ae@IUOa@KUQc@KoBu@eB_Ag@IeCcAo@MeC{@q@O{BkAOYg@i@m@eBG_@MOASa@gAE[]aAk@gASQUu@AoBOs@?W?_BQsNBq@CW?cA@g@L_@PIRAd@UJg@f@m@Zo@^EPWTKDKJMp@eBFSJIFM@MHQBc@Xg@dAIVBxGOJEbBAd@IFcBCmAB[C]@]CWMkE?_CCa@@uAE]Cg@BsBMg@B{CJK~@GfEEpAQHO@yAEYA{AC]B]EqDIgABo@CsCFsAJm@LOd@WfAIxDKv@IHGfBEp@SlBWxKWBMC]WsVB[ZkAHg@Ae@Iw@e@q@WQ]IiA?]GiE@aDIY_BEcBB[CiBMw@@k@Es@Fc@Ga@UFwADqPd@oFJWI[s@[FsA@aAFo@Ea@a@KSEW@SJc@BEf@uB?YF{@Em@Ic@_@kAECWo@_@a@kAc@S?OKm@Mc@WO?sAa@WAGSIAq@D}@l@[BaAhBI@GME[Ac@?{BBOIiA@q@Fw@COAiBEgA@[Ca@AsDC_@@q@OYYMM_@eBL_A?aCLs@@sAAi@FyBB]OM_@@a@Ga@?a@Eo@uFNIJAJFZ@|AAl@G\\_B`@MPEMBCGT?d@KRCZBp@BzB?x@BNCn@D`Al@Ln@@DPAl@HlCAnADZBtAA^Dl@D|CCNDdBCl@DfAAtAD~ADVRN^D^CFF@FG\\DpASt@k@h@Wh@oAdFEZM\\?PQj@I`AY^Ob@@LJFNh@J`AFPBh@ApADr@FnDA`@BT@`GDz@?t@D^Cb@Dh@Lh@\\l@h@\\|BjAfAl@FLc@tA[vABRHPXVTFdAr@bAd@HLv@`@DA|BnANJ@HAH]`@s@jBYf@ET]p@MJSO{AOUUOGOBg@^KCIKa@SWCQFSZCh@BlACfAFdBEd@QP[FAl@a@|@SViAzBq@hB@z@RpCL`AN\\t@f@Pn@HLh@^Nf@PVVd@zAnAvAj@h@p@hEfB|DzBbBp@fARLLf@CTUPIxBM@FCZJnDA^FfDMbBIFGE@YFMBwADYHE\\JDERLF^IvBBj@CRBjCF|@L`@TPR^`@`AZnAtAlEpA`BnBlAZDdD~@j@Tr@N~Bx@pAr@nAh@PBr@\\|Bt@j@X|EfB', 'resource_state': 2}",FALSE,FALSE,FALSE,FALSE,everyone,FALSE,"[41.12057173624635, -85.1163752283901]","[41.123999347910285, -85.11471879668534]",,3.401,5.45,FALSE,FALSE,FALSE,245.1,230.8,13327956354,13327956354,1DC219EB-52A4-4E28-9C31-ACDCAAE34CD3-activity.fit,FALSE,1,0,FALSE,,,
2,"{'id': 60229721, 'resource_state': 1}",CD,3221.1,1126,1207,0,Run,Run,0,Strava App,12491859702,2024-09-24T12:51:45Z,2024-09-24T08:51:45Z,(GMT-05:00) America/Indiana/Indianapolis,-14400,,,,0,6,0,5,0,"{'id': 'a12491859702', 'summary_polyline': 'quazFb~lfOGCKCEGm@[QOE?EGc@SOMm@WCE[OGGOEKKKCKISGSOGACEWK?CQEIIg@U}A}@q@Si@UCCE?OIOAQKY[o@gAIG_@Gs@Se@EEC]GECIAQIG?eAYOAg@O]E]K]AGCg@COC]ASCO@KEm@?OCk@?e@CM?SC[BkAEa@DOAO@GC_@@mAGQ?_@ImAKc@KmBu@{@Wp@\\ZDXHFDJBLH^NVF`@BNDT@PDJALD`ABRD|@@NATBXC`@B\\Cj@Fx@?NALBLCXFFAH@P?NDLCfADBBx@DFDR?ZFPHD?PF`@FhAZJ@b@Nv@PN@DBFAPFH?RHP@JHZt@RZJHn@XJ?LJn@TPDDBH?HHl@\\\\P|Az@PFv@d@`Bz@^V`@N~@n@JBLJn@Z', 'resource_state': 2}",FALSE,FALSE,FALSE,FALSE,everyone,FALSE,"[41.137113589793444, -85.1063662301749]","[41.13726236857474, -85.10642909444869]",,2.861,4.66,FALSE,FALSE,FALSE,233.9,232.1,13318669494,13318669494,C6E048E1-7113-4335-BC20-C692111B8A98-activity.fit,FALSE,0,0,FALSE,,,
2,"{'id': 60229721, 'resource_state': 1}",Last 400m,419.6,58,58,0,Run,Run,0,Garmin Forerunner 735XT,12491685169,2024-09-24T12:40:49Z,2024-09-24T08:40:49Z,(GMT-05:00) America/Indiana/Indianapolis,-14400,,,,1,5,0,1,0,"{'id': 'a12491685169', 'summary_polyline': '', 'resource_state': 2}",FALSE,FALSE,FALSE,FALSE,everyone,FALSE,[],[],,7.235,8.11,98.9,TRUE,146.7,161,FALSE,TRUE,233.3,233.2,13318483786,13318483786,garmin_ping_372560609452,FALSE,1,0,FALSE
2,"{'id': 60229721, 'resource_state': 1}",3 x 400m ~2 min rest,1278.9,197,434,0,Run,Run,3,Garmin Forerunner 735XT,12491686378,2024-09-24T12:31:36Z,2024-09-24T08:31:36Z,(GMT-05:00) America/Indiana/Indianapolis,-14400,,,,2,2,0,1,0,"{'id': 'a12491686378', 'summary_polyline': '', 'resource_state': 2}",FALSE,FALSE,FALSE,FALSE,everyone,FALSE,[],[],,6.492,7.17,94.9,TRUE,149.3,167,FALSE,TRUE,233.3,233.2,13318484549,13318484549,garmin_ping_372560599915,FALSE,0,0,FALSE
2,"{'id': 60229721, 'resource_state': 1}",6 x 800m ~equal rest,5063.4,967,1654,0,Run,Run,3,Garmin Forerunner 735XT,12491685805,2024-09-24T12:01:58Z,2024-09-24T08:01:58Z,(GMT-05:00) America/Indiana/Indianapolis,-14400,,,,6,4,0,1,0,"{'id': 'a12491685805', 'summary_polyline': '', 'resource_state': 2}",FALSE,FALSE,FALSE,FALSE,everyone,FALSE,[],[],,5.236,5.99,90.4,TRUE,151.8,165,FALSE,TRUE,233.3,233.1,13318483909,13318483909,garmin_ping_372560579610,FALSE,2,0,FALSE
2,"{'id': 60229721, 'resource_state': 1}",2 mile tempo,3316.5,702,702,0,Run,Run,3,Garmin Forerunner 735XT,12491320490,2024-09-24T11:48:11Z,2024-09-24T07:48:11Z,(GMT-05:00) America/Indiana/Indianapolis,-14400,,,,0,3,0,1,0,"{'id': 'a12491320490', 'summary_polyline': '', 'resource_state': 2}",FALSE,FALSE,FALSE,FALSE,everyone,FALSE,[],[],,4.724,5.886,89.1,TRUE,140.6,152,FALSE,TRUE,233.7,233.5,13318095191,13318095191,garmin_ping_372551794353,FALSE,0,0,FALSE
2,"{'id': 60229721, 'resource_state': 1}",WU,3215.2,1015,1519,17.1,Run,Run,0,Garmin Forerunner 735XT,12491145160,2024-09-24T11:13:36Z,2024-09-24T07:13:36Z,(GMT-05:00) America/Indiana/Indianapolis,-14400,,,,0,5,0,11,0,"{'id': 'a12491145160', 'summary_polyline': '}_bzFlwmfOKB[Xs@TQXQl@Gz@?r@M`A@jAPp@V`@rCp@jAj@`@\\Vb@l@tAf@pCDp@?l@IhAc@vAO^]j@eAbAoAjCUl@Kn@El@XtCBp@Iz@Nf@b@Vv@V|@PhAh@jA^l@T~AhA~@`@@Re@Ya@Me@UeAo@iEkBsBoA[UXgBCq@E_@Ok@Gs@CgAJo@Zk@Ze@`Ay@Ze@t@w@Xc@^{AJo@Bq@Cs@Dm@]{ASm@Wk@q@mA]a@c@YiCe@o@OMK]c@Km@Eq@Bs@`@kE\\]h@E', 'resource_state': 2}",FALSE,FALSE,FALSE,FALSE,everyone,FALSE,"[41.13748809322715, -85.10634016245604]","[41.13760099746287, -85.10641886852682]",,3.168,3.998,83.2,TRUE,136,145,FALSE,TRUE,243.9,233.6,13317908609,13317908609,garmin_ping_372547856488,FALSE,0,0,FALSE
2,"{'id': 60229721, 'resource_state': 1}",Recovery,13346.8,3902,4876,51.1,Run,Run,2,Strava App,12487536393,2024-09-23T21:32:16Z,2024-09-23T17:32:16Z,(GMT-05:00) America/Indiana/Indianapolis,-14400,,,,1,8,0,1,0,"{'id': 'a12487536393', 'summary_polyline': 'qe~yFrblfOcJPo@F[\\WdBq@~@g@fBSPEXNlAGz@MXGl@FdCD\\?rBF^HhCK|AF`C@bBGJe@Go@Ju@hBGf@?tCKv@@p@Sp@}@?_@Vw@K]J}@x@i@jBo@XgBNKIISCc@MBYUM_BWs@@GP?dAf@X@bAm@z@@n@MXYZOZoE?iAe@aAaAwASGWLkBJgA]sATcBH}AScBESKq@^[DyCWuCTg@^O^QzBqAjHEl@Dd@Hb@Th@e@Nq@Eo@[a@k@YcATkENeAESBi@Mc@@WS{AN]t@BBKEu@YYEuAJMZFPYEaAPsBCQQQ^wACU@kBP_Bh@Ub@@Zk@Oi@kAwB]sAYa@uDVs@bAaAt@oATA\\KX?h@Md@A^SLs@?UXE~CBj@ApBL|IO`@Id@Ct@G^BTIJk@S[c@{ByBQ?o@f@GCu@iAeCaCgBmAm@u@m@c@mRqK_E}AQF_@|@UhBIhEExETlA@V`@fBl@rDPR?h@Hf@Rn@d@v@^VT@TTf@F|ACJAJ_@TH]R{AXU\\SpCC`BFv@^v@VNdAJtA?V`At@j@bAtBr@pCRlBKzAc@zAEh@O^SPYMS@k@`@yAhBYt@OfBFx@XbADbAEj@Sz@`@Pv@j@rBfArCnAd@H|AdA|@Vb@VLZ|GfDtAj@JSNEHj@rDzA\\^j@?FZJLfAd@T@j@l@DbBLNTBlCzAj@b@l@p@T@LRRFRZbCzArC~C~@\\h@JLPTf@C\\FJ`Ap@t@Ez@^TKd@PhFv@^YJo@HC~AFlAGzAa@HICUJk@AaBXqAz@gDrA[LMEc@DmAp@{CE]@{@V}@ESBK\\e@UaAcASg@w@E?QTa@FSN[Gq@Fs@n@_@HSE]a@EUJ}@MeANc@VMZHhAGvDT|AT|BB^Fz@b@rAOx@X|@YFKHs@\\oEC[m@yAMs@QiCB_AXCl@Md@m@hCjAnEfCZDx@iBzAwCt@oB^C`Al@FPTE`@sAxBoF?[u@Eg@aAo@a@M_@w@u@g@s@u@[aBoA[y@WPO?GQa@[ESFU\\c@\\kAp@i@N[Hi@Pe@TiBDw@C_ADY^y@f@cB\\O^Hj@_Ad@uAN_Bx@wCNuANUn@SZkACsII}BQ_Aq@{@Qi@Q_AEy@', 'resource_state': 2}",FALSE,FALSE,FALSE,FALSE,everyone,FALSE,"[41.11706550233066, -85.09991409257054]","[41.116998782381415, -85.10059428401291]",,3.421,5.922,FALSE,FALSE,FALSE,245.2,230.9,13314053458,13314053458,D25B459B-9B5C-4DED-98B3-693EA3776513-activity.fit,FALSE,0,0,FALSE,,,
2,"{'id': 60229721, 'resource_state': 1}",LR,19328.2,5089,5731,77.2,Run,Run,2,Strava App,12476121077,2024-09-22T12:13:43Z,2024-09-22T08:13:43Z,(GMT-05:00) America/Indiana/Indianapolis,-14400,,,,0,8,0,4,0,"{'id': 'a12476121077', 'summary_polyline': 'oyc{FnafeOAtBD`AC^Ax@FrBCVBVAz@BLAb@BFCdB?rABRCp@?fABDCx@B^Ap@DVA^B^A^@r@?nDBr@?vAGZUFIV@lBGx@?ZIfAEfBBv@u@RVi@F]F_AHa@@a@N{@@G^]H@BRC\\DjCAlA@V?b@@FAl@CDF`@E`@@XAb@@pABVAPB~@CF?f@BN@fCCFBHCp@BNCHBn@?|CBdCCXBzABZC^@nE@|CBjAAr@B^GhB@|@Ch@ELeBHmABKEiIVUAw@FcC@e@Fy@AaHRWC}BLwAAe@De@@WCq@FiAA{CLw@EgALsBDiAEsAHq@By@Ay@Du@?[GW@UJg@AiD@oBHyBBkEAODoBAWD_BAg@B{@EaD?WFWGo@?kIHiBFcDAaBFwB@WE}BDYEmBDc@Es@DcACUDs@AoADaCEaCDuD@{@CuAFWEMDgBAgAFeB@iACWDwD@cAEsCHaFAeGBeBDYCgEHsF@MDSCg@FyAC]DSCeKTkF@gCD_E\\aD?[Dq@CqJNcBCQB{BG]DyCDqDAkAFmBAgEJ}A?_BFaGH}D?SDSCkAFeBAsEJmD@c@DMGODcADy@EeBDYC{E@UDYE}BFSCWDKCk@?k@DyJDmDJy@C}BDaAC}BHqAAUBADtABdCEjBGXB|AERB~AGfMKnABfFIvBBjAAnAKx@FNEdE@v@ExCAfAGbHIx@BjA?hAGhD?bAGbA@|CGnBB~EQdABfECbCGzCBxJOh@Bj@CdD?~COnBYhA@\\GVBtBCfAGjABt@Gp@?ZBlAIxDEj@BxBIdBBlBMhB@fAG`@Dx@?pAGfH?zFI\\DtAE\\D`AE`BBlAGh@DhAEXB`CG|@D~AInACnBB|AGn@BhAEnBAXBtF?VG`@B^Gp@FrFGt@BzEGdBBREx@?r@Dl@ExB@nDGtCBpBCXGdAFFCfC?XGVDvB?bAATBLEnFIvB?VGRDxCITDz@Id@BjCCj@ClADt@Ij@?n@IjADlDS`E@TGrACjCEtA@jBSlA@`COp@@|@FlCKv@IpC?d@IhBIh@@b@GTS?KEeA?aECu@@iCEgC?aDC[Ba@EiC?{BCaB@wCEyB@}AC_@@cB?aACM@yECqA@S?}@Es@BsACa@@y@E]DSEuB?mEEyBB_ACY@]C{GBqAEa@B]G]Bq@EYBy@Aw@@yAEm@DSEqA@aEEs@?cADOFEjA?', 'resource_state': 2}",FALSE,FALSE,FALSE,FALSE,everyone,FALSE,"[41.31202396005392, -84.90370631217957]","[41.31069132126868, -84.90256117656827]",,3.798,5.582,FALSE,FALSE,FALSE,261.6,246.4,13301848640,13301848640,B414BB8E-0952-49B7-9FB6-690C205A8982-activity.fit,FALSE,0,0,FALSE,,,
2,"{'id': 60229721, 'resource_state': 1}",Evening Run,1868.1,602,701,3.8,Run,Run,,Garmin Forerunner 735XT,12462463628,2024-09-20T23:56:02Z,2024-09-20T19:56:02Z,(GMT-05:00) America/Indiana/Indianapolis,-14400,,,,0,0,0,1,0,"{'id': 'a12462463628', 'summary_polyline': 'k|~yFlxofOg@GoAGOCSW@uAIm@[e@D_DA]CMWk@aAiB_AsAcAmAi@e@Km@B[PS\\YPSHe@^QbElBr@XXFpAj@b@LrIfDt@LfAf@hAZZ]Lm@JqBMAJ@Ed@EzA[xAc@jA_@HQ@K`@HpBJp@', 'resource_state': 2}",FALSE,FALSE,FALSE,FALSE,everyone,FALSE,"[41.12088563852012, -85.11951575987041]","[41.1208454053849, -85.11933797970414]",,3.103,3.874,82.2,TRUE,134.2,149,FALSE,TRUE,237,232.4,13287225511,13287225511,garmin_ping_371662612820,FALSE,0,0,FALSE
2,"{'id': 60229721, 'resource_state': 1}",Forgot to Stop My Watch,7937.3,1751,2053,54.7,Run,Run,1,Garmin Forerunner 735XT,12462388793,2024-09-20T22:44:54Z,2024-09-20T18:44:54Z,(GMT-05:00) America/Indiana/Indianapolis,-14400,,,,4,11,0,35,0,"{'id': 'a12462388793', 'summary_polyline': 'qb_zFdqofOAq@FyAAq@GU[m@}AoBoAeB]_@q@m@GQ?UNqAAYMSQEMHITCXZvGh@l@Vf@Rp@F\\?hAk@zDMjB@t@B^HPJHnBV`@@r@HNDLJR`@PHPBp@FvABhBRr@C\\B\\CXFTJb@LjAHh@Fh@A~@a@`@a@^Wn@Kb@a@BWESc@u@u@s@w@@wBMoC]uAG_BUwBOq@K_@M]UIOBqDGe@_@cAYk@[e@wBkCy@o@IOCSJmA?UCUKOOEUXCTCjAHhBN|At@`BFRLr@Dj@A^e@bEKvCHp@XRj@JtALf@Hb@JTTR\\LFd@BjB@d@DjAVrAMT@d@Ld@@j@Cb@Dh@Nj@Gl@U`A}@lASHEFUAWQa@[i@@ORoADQLMN?b@Nb@Dd@Id@Q@UEMOG]Ge@?i@Ng@ROJKNk@rAa@Jg@@i@C{BQsAQqAKkFi@e@Ke@UUe@?sBEy@Qo@[k@}BkD]e@mAiAGS?IH_BCWIQMGQHKNGTAr@?lBFlAHn@FNn@|@LXNl@Jp@@^Ev@a@xCGt@CnBLb@b@LzC^f@RR^XHl@?f@FlABX@h@JrADb@HTh@Lt@Rl@HJb@TTd@Cr@[^kCHi@CCMRk@@[Qm@iAg@_@UiAj@qANeA`@e@M[e@MuAIm@Pg@b@I`@O@EKk@gA_@uAYe@OUa@@y@Fy@LaBRiBDu@Cy@Ou@Wq@Wg@]e@GSKwBBs@Du@H]HOFEHDJLBPAlBBRJR~@~@Zb@|AzBt@lATd@J^@VGfBI`F@pBDPJFvAU', 'resource_state': 2}",FALSE,FALSE,FALSE,FALSE,everyone,FALSE,"[41.12221232615411, -85.1186271943152]","[41.12128905951977, -85.119419535622]",,3.866,6.448,86.6,TRUE,178.7,193,FALSE,TRUE,242.9,232.3,13287146542,13287146542,garmin_ping_371660060300,FALSE,2,0,FALSE
2,"{'id': 60229721, 'resource_state': 1}",Evening Run,3216.9,935,982,3.7,Run,Run,,Garmin Forerunner 735XT,12461925984,2024-09-20T22:05:30Z,2024-09-20T18:05:30Z,(GMT-05:00) America/Indiana/Indianapolis,-14400,,,,0,5,0,12,0,"{'id': 'a12461925984', 'summary_polyline': '}l~yFprofOSw@K{@EaBGy@CGQWOKSUL}@FA\\LgHoCuDiA_@SoAw@g@GwDqAc@UqF}B_Cu@wDuAiAYaAa@cAm@sBy@yCaAyBo@g@UkA_@o@k@bAh@d@P\\PvBt@d@RrCr@hA`@jAVbAp@\\PhBl@jAj@`@VdE|Ad@LlBx@jA\\pChAnFjBhAh@xEbBfBz@d@JNHOv@BnA^RTf@Hf@BpBp@bC', 'resource_state': 2}",FALSE,FALSE,FALSE,FALSE,everyone,FALSE,"[41.121216053143144, -85.11914025060833]","[41.12095487304032, -85.11964886449277]",,3.441,4.484,83,TRUE,147.7,166,FALSE,TRUE,237,232.4,13286656190,13286656190,garmin_ping_371643268619,FALSE,0,0,FALSE
2,"{'id': 60229721, 'resource_state': 1}",Roomie Shakeout,3293.7,1004,1018,11.7,Run,Run,0,Strava App,12458688168,2024-09-20T13:22:09Z,2024-09-20T09:22:09Z,(GMT-05:00) America/Indiana/Indianapolis,-14400,,,,0,4,0,3,0,"{'id': 'a12458688168', 'summary_polyline': 'en}yF|`lfOHABUXFHM@OGUK@CEFe@CQ@[AE@{@GkB@_AGWIQCM[a@KSWWISEc@CCCM@_@AoAAOI[DOAKFc@LOFQb@q@BQDEBYAOGOEc@B{@AY@KC_@@o@CW?_BIyABeAAm@@QEQB_@Em@AqBLCR?VED@JCD@\\@bAETCD@VEdA@DAV?NCL@BAf@?DCDGBOE[BSAc@@KAGAW@OAw@@m@?k@GqA@m@A[?k@C_@@w@CWBUHCNDRGVAf@BTET@DAlA@`@EvAAHA@EEEGAMD_AAODMAUBY?QB}@Bi@FMCa@@EBIAODGHBf@ApABdAAZ@NAf@H|AAv@Bl@?~@@NAr@CJUF[@EBOAMD_@?GCOFI?QBKAQBGAeADQAGBUAEBO@OAc@HMPALBLCh@HfCC^DtA?rAD`@Ah@BNAXBv@?`AB`@CHBPCFB^?XEb@k@bAELAXIFOX@FLHGd@BVANBt@C^?b@DRNj@LNDBXd@TVBb@BF?zBFpBCFB`@CNB\\?V', 'resource_state': 2}",FALSE,FALSE,FALSE,FALSE,everyone,FALSE,"[41.11689585261047, -85.09991358965635]","[41.11669703386724, -85.10084037669003]",,3.281,4.672,FALSE,FALSE,FALSE,245.4,239.3,13283190849,13283190849,D1DF6213-9F08-4183-81CB-6B6CEADB7605-activity.fit,FALSE,0,0,FALSE,,,
2,"{'id': 60229721, 'resource_state': 1}",Strides w/ Marcus,396.3,62,219,0,Run,Run,0,Strava App,12450070133,2024-09-19T12:45:08Z,2024-09-19T08:45:08Z,(GMT-05:00) America/Indiana/Indianapolis,-14400,,,,0,3,0,1,0,"{'id': 'a12450070133', 'summary_polyline': '', 'resource_state': 2}",FALSE,FALSE,FALSE,FALSE,everyone,FALSE,[],[],,6.393,10.282,FALSE,FALSE,FALSE,236,235.9,13273986565,13273986565,D4BA5D89-51D9-4370-BDF8-7EFD9201A173-activity.fit,FALSE,0,0,FALSE,,,
2,"{'id': 60229721, 'resource_state': 1}",Pre-Meet,8220.8,2341,2341,58.9,Run,Run,0,Strava App,12450025977,2024-09-19T12:04:02Z,2024-09-19T08:04:02Z,(GMT-05:00) America/Indiana/Indianapolis,-14400,,,,2,7,0,3,0,"{'id': 'a12450025977', 'summary_polyline': 'kb_zFtoofOFoB?OCMeAkBCMEA]i@MMCOCAQYe@k@AGUQW]WIKMEMAWJkADK@WKSYOK@GFCNEx@BpBBz@A^D`@\\^d@n@VdADf@@p@K~@Kf@Aj@Kf@Cn@CDGlA@n@BLJLdB^f@@dAVRPFR?JFHp@@b@HT?b@BBBHCL?LDVCj@NDBRARD`@E^DVDLFDFJKH@TJJJNJ`@DfASv@XRERGTOJOJKVg@Zc@`@G`@?RGFKGYUOIOSMIICKSM[YOA]LKCUBWIQ@uAIK@gCYW?eAMEBYGe@CgDc@KI[IEGICEEIYHqC@g@CKe@aAMOYg@[_@O[QUg@y@ECa@g@UKc@c@AUF_ADOBg@?EKMEAUKEBGJKj@BRANBN?vAF\\Cd@Br@FHF@FRPLRZDBDNL^JlACj@G^AVENGd@?VG^Ad@Ij@EjB@NFLX@PJJAjAXR?r@RT@DBJT@RBHj@Hp@AHDX?LBRAPDX?XHX@XHh@?NEXB`@J`@ALFF?VVZHpAOVDRLR@VIb@W^s@d@o@bAELCHEBIAKIOMCU[WUCMLqAHe@HKP@TPb@LL?`@MH@PMDG?]GCe@KS?IC_@@o@PSJMLGJQ`AINOBGCKDKHYBWEgAAECeAEy@MME_AE{AQS?KEQ@k@IS?[EIEU?m@MI?_@UMEOQGODa@AQByA@IAk@QWGWMU[c@IUk@s@AGWWOYECO]_@_@AIe@USWA]BI?[Hi@Be@IIMCOMGBCHIh@A~@DdAAPD~@Ab@@PTNX^V`@FVDBLnA?h@CXStAC`@EP?HKpA@FE\\@VCN?V?RDNFFLFJAd@FVHX@NDJ?PH`APFHBPBVHDdA@VFb@@LDPC\\Bt@JVHh@@XCx@HHN@\\H~@Jb@DDHFVFPJVf@@PE\\IPEVGFOGYB{@Gk@FMA]Bc@AEI@WJSHEHSUgAGC_AKKQAUGQGAKBSR]@UPOEUFe@A_@b@{@XQCW]CQBc@HYQqA?GHORSv@L`@CDCBIMq@KIMEQBWKg@ESKaAIIGMAKGM]DcBBI?WDOAIBWPiA?ONiAAGDe@Ci@EMCYGUUa@g@q@S]B_@CO@]Ea@?QEq@BYCc@@QJe@HGJALJNVQxADNCXBFHL`@VZX^l@JJPXd@j@Zj@DBBHLNFNJP\\t@B^CZ@XGv@BVSxE?nABVJBRIv@Gr@@b@F', 'resource_state': 2}",FALSE,FALSE,FALSE,FALSE,everyone,FALSE,"[41.12223562784493, -85.11845561675727]","[41.120889158919454, -85.11897143907845]",,3.512,5.272,FALSE,FALSE,FALSE,242.9,232.8,13273938924,13273938924,CA91D225-224F-4282-BC19-5EA1341F1E50-activity.fit,FALSE,0,0,FALSE,,,
2,"{'id': 60229721, 'resource_state': 1}",MLR,12875.4,3856,4190,28.4,Run,Run,2,Garmin Forerunner 735XT,12441674640,2024-09-18T12:22:26Z,2024-09-18T08:22:26Z,(GMT-05:00) America/Indiana/Indianapolis,-14400,,,,2,7,0,3,0,"{'id': 'a12441674640', 'summary_polyline': 'md~yFrkofObAj@RPx@b@xAf@fAr@dAd@b@Tf@A\\_@NkCLeFDe@Pi@n@sAxAoDXg@H?j@v@`@Zf@Ft@BfA\\Vd@Dn@Td@ZR\\Sd@Qb@ApB_@d@?d@Ff@NVPjAf@fBl@p@Xh@Zd@Fh@Kh@LpBJnBI|@VPEJSd@KXCj@?v@G~B@rCEjAGlABb@Ef@?f@Ev@Bf@Ex@FRCbCAdAG~DI\\VXpHAp@Hr@Nj@Zb@pArAXb@`@VlAM|BKvCChAGvCAf@GxEEl@GJDDfB@xCNnE?lBDr@Cp@@p@Gn@?p@F\\?^Gv@H^Bl@C|@VFdFIbA?hABnAMjA@lBAfAGdDDzFS|GIf@EBc@Cs@DMhEZZd@Pp@F?`@Y|@{@b@]|BcCb@Y^MnAT`@V`@PXb@v@`Ct@`Bn@fAxB|FdAvBh@zAp@nAPj@~@rBb@`B|@xBDl@Lr@TlEHn@@n@c@Hy@BCRDb@Tp@jAvCZ`AHr@Bn@E\\Oj@[`AIn@Bp@HXBb@@n@IHa@Re@Ai@Dc@Le@@UTsBVmB\\g@@}Cc@gA_@e@BoB]kCkAkBcAYQ}@c@g@CcA@eAEW@UAFnBKp@Et@FbBAp@M`BKp@CZk@|A?VKjBAbAFxEAr@EFoAYo@Ue@Ii@ByCKsBPqBMYe@Qo@Aq@Iq@Oi@AoJK{FBkBCo@EOw@JUR]Zy@fAWd@[^c@ViBx@eAn@a@^eAn@a@PQAQo@G]YwCAs@?uCAo@Ge@BqBGm@Wi@EqCEw@BmAAg@CECAc@Cg@@aBAwADo@Jg@?mAEwCLyBBe@QwAIe@GmBs@c@G]Ac@OgDcC}@u@aAaA_@YeCeBiBiAa@SeAw@eB}AaAo@_@[{@{@eAs@cCsBaCeBo@a@Qm@e@GmADe@EB{@?oEGu@Ko@Qk@i@uAq@mAq@yAc@yAmA{CoAaCcBoCgCqDaAs@eAm@_@Y}ByB_@U[Og@Ia@RS?Bk@Ns@^yAj@qCPm@X_@f@Id@Bb@HDNCLc@FoAHc@Lm@BGIc@U[{A]YkAUoAM_@U]e@OGYd@eClGY\\][c@We@E[`@Wh@}@|Bo@pAk@tAMHc@UwEwC{@_@g@OK@IH', 'resource_state': 2}",FALSE,FALSE,FALSE,FALSE,everyone,FALSE,"[41.12043636851013, -85.11646315455437]","[41.12138394266367, -85.11671603657305]",,3.339,4.261,83,TRUE,123.1,147,FALSE,TRUE,242.5,227.2,13265037551,13265037551,garmin_ping_371035758110,FALSE,0,0,FALSE
2,"{'id': 60229721, 'resource_state': 1}",CD,3250.3,1152,1171,9.6,Run,Run,0,Garmin Forerunner 35,12433796174,2024-09-17T12:59:00Z,2024-09-17T08:59:00Z,(GMT-05:00) America/Indiana/Indianapolis,-14400,,,,0,4,0,3,0,"{'id': 'a12433796174', 'summary_polyline': 'sy~yF~tofOm@IuCUAGK?_@Oa@]EMC[Aa@H}BG_@_@w@q@_AgAgB[_@Ye@a@WUYEMCULwA?a@EGMGIAIBINAh@?vAD~@@fBDHNLj@|@Rf@P`A?x@YdCYnD@r@FNHDLDd@FxDr@`@SNCd@A^@d@GjBaBh@Yf@K`@CnDH^AVC~AFLADE@Gi@kAGWIi@EyASiACGOIIKKg@ASJkASIO@gAi@q@QSCWO{@We@Uy@WwBaAo@SOI?Cb@HhC~@hBh@xErB`AV|@\\f@N\\NFFBJKf@BJjA~@p@`@D?sAc@UE', 'resource_state': 2}",FALSE,FALSE,FALSE,FALSE,everyone,FALSE,"[41.12099544145167, -85.11949656531215]","[41.12119643948972, -85.11681016534567]",,2.821,4.258,FALSE,FALSE,FALSE,242.6,232.6,13256658724,13256658724,accepted_tag_from_13256231166.fit,TRUE,0,0,FALSE,,,
2,"{'id': 60229721, 'resource_state': 1}",4 x 300m,1134.4,199,385,4.9,Run,Run,0,Garmin Forerunner 735XT,12432664914,2024-09-17T12:50:49Z,2024-09-17T08:50:49Z,(GMT-05:00) America/Indiana/Indianapolis,-14400,,,,2,5,0,1,0,"{'id': 'a12432664914', 'summary_polyline': 'w~~yFrzofOKSrBLz@JdBJrD`@^BZAeIk@gAOi@E{@COCDI', 'resource_state': 2}",FALSE,FALSE,FALSE,FALSE,everyone,FALSE,"[41.12129542976618, -85.1196235511452]","[41.12122024409473, -85.11951383203268]",,5.7,7.052,91.3,TRUE,139.9,156,FALSE,TRUE,239.4,236.1,13255445451,13255445451,garmin_ping_370772554705,FALSE,1,0,FALSE
2,"{'id': 60229721, 'resource_state': 1}",5 x mile ~90 sec. rest,7971.6,1696,2054,51.2,Run,Run,3,Garmin Forerunner 735XT,12432664504,2024-09-17T11:52:37Z,2024-09-17T07:52:37Z,(GMT-05:00) America/Indiana/Indianapolis,-14400,,,,0,7,0,14,0,"{'id': 'a12432664504', 'summary_polyline': 'kc_zF`qofOJiCAWCUUm@oAcC]i@y@kAcA}@EMAUBURmAEWMQQCQHKPCVAn@DtCHrAX`@^\\V`@J\\Fp@@v@YjBWjCCtBDTHP`@T`@Hz@LlBf@DL^`@f@Fh@Bj@@z@Cj@?rAFdA?lAXxAJd@P^@p@Mx@mA`@[p@KHEN[@KOg@i@o@[[WKIAYDWFS@yAEeE]c@MuAQ}C[qAU[e@JiDIm@u@yAkAcBaBqAeAo@GQ?SRcBCSOKQEMDIPATPrD@t@Lp@RL^^Vb@Rj@Hf@?h@s@zFGr@Er@B^FPJLv@RlATjAJ`@RNZYBT?fBLrAD|@JvAHf@Cb@DVJf@Fd@Ej@@b@Ph@Af@Q~@gA`@Of@I`@U@KQs@e@YUi@Fq@Vm@d@Af@Nj@Bd@CLKBI?IEQEEc@Ic@AoAJg@RILEREr@AHINKH_ANk@AaCUuBKsAQ}BQqB]w@YOKKQEWAYFsBAUUg@]m@oCyDRIUe@k@u@GS?KDg@RiAAWISQGG?MJGHGTAV@|BFt@DnA@HLNn@l@NXNr@Ht@@^Gr@a@|CEr@GjBF^LNx@VxBX^H\\f@d@LlADjAC`AB~@Jd@@d@b@Z~AXj@`@RVd@Dh@IXE@i@H{@FkANe@AG[Ne@Eo@]c@e@Ic@]OCkATi@Fa@Na@Vk@Le@GYc@F}BCa@@QTc@JCd@CHCJK?GKc@sAO_B[QGUOEQLiC`@sCFq@Dy@@c@Kq@Ia@Wg@_AcAGUCw@AqCBw@JYLCLBJNDV@XCpA@XJRp@n@^d@v@tAfAbB^x@Tr@BVAnBGbDAnCHLN@d@O`@ClAD', 'resource_state': 2}",FALSE,FALSE,FALSE,FALSE,everyone,FALSE,"[41.122256414964795, -85.11849006637931]","[41.12096535041928, -85.11959664523602]",,4.7,5.882,88.3,TRUE,153.4,181,FALSE,TRUE,243.1,232.2,13255444912,13255444912,garmin_ping_370772539881,FALSE,0,0,FALSE
2,"{'id': 60229721, 'resource_state': 1}",WU,3214.6,957,973,0,Run,Run,0,Garmin Forerunner 735XT,12432662754,2024-09-17T11:22:22Z,2024-09-17T07:22:22Z,(GMT-05:00) America/Indiana/Indianapolis,-14400,,,,0,4,0,12,0,"{'id': 'a12432662754', 'summary_polyline': 'qx~yFlaofOmBu@iAm@eA_@{DiAeAg@mBs@kA]wD}AmBi@gBo@aCqAq@a@c@Ge@MaAg@c@MoBc@gA[iAc@eAg@gAq@_@]Yk@_@gA}AwF}@eA@Wz@lARd@`@zAnArDd@bAZ`@bAt@fAl@vA`@jAd@|Bb@fAf@t@X`@T\\ZdBn@dAd@jBl@b@TfAd@fA\\j@^`Bj@nBh@hAn@hAb@tBj@pC|Ad@N', 'resource_state': 2}",FALSE,FALSE,FALSE,FALSE,everyone,FALSE,"[41.120547177270055, -85.1163630746305]","[41.12125385552645, -85.11672584339976]",,3.359,3.991,83.6,TRUE,136.9,160,FALSE,TRUE,233.4,232.6,13255443185,13255443185,garmin_ping_370772493871,FALSE,0,0,FALSE
2,"{'id': 60229721, 'resource_state': 1}",Recovery,9765.9,2800,2800,63.4,Run,Run,0,Strava App,12424098709,2024-09-16T12:20:53Z,2024-09-16T08:20:53Z,(GMT-05:00) America/Indiana/Indianapolis,-14400,,,,0,6,0,14,0,"{'id': 'a12424098709', 'summary_polyline': 'gz~yFntofOo@CiASIBMIo@G]Qc@_@AO@SAc@FgAAaAc@_AECM[QSUa@ECO[QQ{@sAYYm@c@GK?e@Fm@?QH[CSOO]IKVEd@BjCDZCd@BVAN@JHLNLh@p@P`@Jd@Fx@?VKl@@HIZEn@GZCh@I\\@FGrA@HE^BTDL\\LP?vDp@DBDH@b@FH\\?NDl@C|@HVFXAd@JJAPHNBVE\\?XHPCh@FRBZNRPd@AVI`@ANBVNH@TCj@W\\g@N]Zc@JGlAEFM?IIQUK{@}@e@[O?a@LS?c@EiACeAIMGiBIWIyAOwAIqAO[Im@_@MOGMH{Do@yAgCwDg@s@i@WMQAWFiAF]?Q_@_@O@IHIj@Bn@Ct@L`DDLTTj@|@BNFJLtAAd@a@jCKrAEbCBPFJDBf@LhBTbAVNHDN?LBNJDZ?XFVA~@Db@FPCx@L\\HXGLFz@?f@FJARR\\Pz@?^I~@XZIb@U`@k@N]LQTShAGJK?SCGQMOUa@[GMHU@]N{@FOR?d@ZJFR?d@QVEJIBGCSKKk@Iw@?q@NKB]\\CLCVUp@qATaBG}@GuAQiAGe@IeCSQGEB}AW[Kc@YIKAIB}BBOCy@MQM_@c@{@SSg@s@aA_BUSOWe@QMQAQR_CEKSKKCI@CDGVCd@BVCt@HzAAZBh@BPRVXRZp@L`@J`ACX@HWhBGr@Kz@KjC@VJLLBT@PHd@BVJv@Hv@RHJBd@HFZCXDh@A^FRAZJf@@VHX@BB~A@j@PDNBvADNLRb@VXTLP@ZE^Md@CDC@wAIWFSC{AFIIAO`@w@Ii@EOMMKGSAa@MGKGYIM_AZMLMDWC[HWCWZOLQDc@DOMQYC[Hu@?SOk@BOHWXUb@Jh@AFWCOGUGE[@]GUIU?i@QWAQI_@IIKCSAYLgCT_B?QH]D{@BI?i@OcAQe@[a@][KSC}@De@CG@QG[Ak@@o@Di@DMNOLDV\\AXMbADn@HJb@Vb@d@fBtCX^`@t@Vr@BXEp@B`@I|ABFANBFIn@@f@E`@?^Cn@?VFTDBFCPWlAF^C~F`@PD`ABp@JVCl@Lp@DTILMN}@FkAFM?MEEUByAE{@GaAO[Cu@?kBSi@KaCUmAa@WSEYHo@Ay@Bm@CYw@cB{A_CNLPB\\`@FB|@~ADBXz@', 'resource_state': 2}",FALSE,FALSE,FALSE,FALSE,everyone,FALSE,"[41.12054558470845, -85.11644873768091]","[41.121546383947134, -85.11662978678942]",,3.488,4.886,FALSE,FALSE,FALSE,242.9,232.8,13246300644,13246300644,3A9DD2CF-0C12-4AA7-B5C3-E7F6C6151867-activity.fit,FALSE,0,0,FALSE,,,
2,"{'id': 60229721, 'resource_state': 1}",Long Run,17808.5,4765,4862,131.1,Run,Run,2,Strava App,12416559190,2024-09-15T12:12:50Z,2024-09-15T08:12:50Z,(GMT-05:00) America/Indiana/Indianapolis,-14400,,,,0,7,2,11,0,"{'id': 'a12416559190', 'summary_polyline': 'uwwzF~fsfOEc@B_BAiAMwDOMcAIEAEQH]@m@HU`@mCZyAHgBDIIc@@YF]Go@BkCC_ADcBCg@DYEQB]CQBkC@wCEa@Fw@ESAiDBo@Ck@B_@EsBBq@Ck@BuCCY@sDCa@DcBIoBBQCaDBa@Ek@B{@EyAFYEaABaAIQF_A@sFCgHG_A@oAD[?mEG}CDe@CaCBu@@{AEsA@_IEcABaBE{CDuDEw@@{BJMR?nC@tDCxEObNEzBK`@DZEf@B`AOr@BNOF{@CiBFy@Cq@?{AB]IuA@oAHWLKpBKlBAf@GbBDj@GbAW^U`A}@t@_@t@Db@Vp@RfCIbDj@x@A`CYnCgAzBYlAHvBx@\\WJe@DyCUmCa@sAc@aAgAkDi@kAkAgDa@aBUeC[UyA?sJJg@EoEJsBC_DL{F@SFeCC}CJy@GgBHwHCm@Ha@GkBH{AE]FiOPkAOeB{@mAcA]e@YO[c@_CwBQ[UOy@aAo@c@cAmAyBoBYe@u@m@sAwAW_@YSuAyAQYgA{@u@cA_AaAgAaA]e@e@[w@cAyAwAyAcBy@w@]e@WOo@{@o@o@g@c@aA[e@FuFGcBHwAEeD@eCF]Dg@Vm@v@Od@QlAA`ADxHEj@Dx@CnADZ?vDEX@|@Db@EfADnD@vNCfADfCAbDBb@DzCEfFDxB@xECx@HdB?pAChCBt@ApB@~IBzAAnFBbDEd@DhACjCFnLCvB?tCDjP?lAELDr@BjCC~@?vCF~AEp@DpACh@@lCDlAE^Dl@ClCDr@B|E?|BCfABjBD^Cj@Df@CZDjAE`@DjBA`CD\\Cn@B`FCh@?j@DXC|BDnCCPB~BCt@DdAAfK@PJVtDMXLZMdC?`AIl@@LHpAMxAB\\JzCCNVHv@At@JlBPfH@nBJn@AHR~@L\\LfAEl@Oh@w@dAURELc@ZE`@c@^S|@MbBAp@Ip@Ar@ShBCz@CvBI~@Q`JEJ@fAWjG@RK|BApCPRZJ|BAd@GdD?vBGx@RXTR\\b@~@FXHHRn@h@fAd@rAT\\z@vBL`@NVZR~BVJCfANv@@LHf@CrEX`AA~@BlDTbAALFx@AjAHhA@x@CRFjAInEAzCBdBIdD@~@IHI@]MUe@aCK]w@eEs@}CAq@]sA]iBWeB?QGg@OYCa@s@{DI_AmA_I_@kAU_@uAgB_@{AQkC@cCC{@', 'resource_state': 2}",FALSE,FALSE,FALSE,FALSE,everyone,FALSE,"[41.250598607584834, -85.13963702134788]","[41.25051386654377, -85.13963199220598]",,3.737,5.888,FALSE,FALSE,FALSE,270.3,241.8,13238212951,13238212951,43623A22-4382-4126-9609-043B60FAB058-activity.fit,FALSE,0,0,FALSE,,,
2,"{'id': 60229721, 'resource_state': 1}",Recovery,10072.3,2683,4021,41.4,Run,Run,2,Strava App,12411801548,2024-09-14T23:04:48Z,2024-09-14T19:04:48Z,(GMT-05:00) America/Indiana/Indianapolis,-14400,,,,0,2,0,1,0,"{'id': 'a12411801548', 'summary_polyline': 'yn}yFl`lfOTBZETDRGPBvAKfBGvA?`@CBCZ?BCd@DXCVBb@ELBRGJBDChAELB~@Gz@Bt@MJBhAGrB@`BKz@@f@Ld@On@CLE^C`@@bCKd@@x@It@?HDn@IpDKhAAnAIhBBREn@?JEj@?~@GPDREjB?d@Ed@?NBXKb@BNEXBPCZDDChAGNDh@Gz@?XG\\Bh@Gl@@ZGlA@fAIxC?b@ErAf@b@c@PIv@ANDrDUlAEHBtDOlA@`AER@fAIh@BnDQhB?`@E\\Q^N\\C`DA|@Kv@CJ?XJZGBGGYDO\\ADCnCEnCOpCA@EMKOJsGPqC@WACED_@Gw@?q@GQSQGUDWCS@e@GiA?mBAQ@GCa@?{ACO?u@Ca@@gAGa@Dy@EqA@KCG?Q@sAEe@AsA@c@?OEGGCg@@c@DmBFcA@iAFoAAoBHi@?IKBk@EoB@WCs@DaADOLQPGpBKJBTEl@?dCE|AIFOEWC_A?i@DMLOJDbAEHG?KGSAcAIq@@MAy@?i@CQ@a@E{AEEOHy@Ai@DSGkAJ}AFYAyBDuBJ_AOiFP]Ee@Bq@AWD_@CgAFSHk@A}AFg@Mi@CKOi@c@o@Ww@BWEGBe@?{@Dg@IiB@_@Dg@JEACID[AQMSAOGOMOGCi@mAa@g@iAw@wMFQDiA?s@HWGq@@[KS@[Io@BEMBSCcBGKKHMPSAs@@s@Hk@@GJALBJAx@B~@GLG@_@Fa@Bq@Es@QsAQg@Bi@GgARW@[NWZAHILM`@Kh@CX[x@q@`AeA`@}@BWNIJCJF^@n@CRD\\?FHt@Vt@\\b@T`@?FIRm@v@OL[No@N_@AcBFm@F}@?]DiB?_@LCH@NFH@PCPBhAATEJOCe@@]HMCcAHqBJi@Ac@BKHAXDb@AZHnAAFB|@ARDZCf@@RBDCh@BX?dABn@?x@Bx@JFJE~@@b@EZBx@GFPGf@B`@@rAKRWNOBOJo@Bg@HuEHYKOOM]E}@A_BEUAqBCa@@s@GYBQCaA?aBEs@AsA?gBGQKAULUCi@Fs@@o@JCJ?HFJ@NAzBDd@AF@\\Ab@@FBl@?nA@DAf@BXC|@DZAd@Bb@AHB`@@xACRg@|Ak@z@@RHLBPAJDb@?xAA\\SNWFCHAXQLGPCb@KR@|@GP', 'resource_state': 2}",FALSE,FALSE,FALSE,FALSE,everyone,FALSE,"[41.11700741574168, -85.09983630850911]","[41.11701110377908, -85.10038347914815]",,3.754,6.068,FALSE,FALSE,FALSE,248.5,232,13233122101,13233122101,DB3CF4E0-5D5C-4506-A4A7-E774DA266BF6-activity.fit,FALSE,0,0,FALSE,,,
2,"{'id': 60229721, 'resource_state': 1}",20 x 400m  ~40 sec. rest,8046.7,1517,1517,0,Run,Run,3,12399285967,2024-09-13T11:50:51Z,2024-09-13T11:50:51Z,(GMT+00:00) GMT,0,,,,0,2,0,1,0,"{'id': 'a12399285967', 'summary_polyline': '', 'resource_state': 2}",FALSE,FALSE,TRUE,FALSE,everyone,FALSE,g19351325,[],5.304,,0,FALSE,FALSE,FALSE,,,FALSE,0,0,FALSE,,,,,,,
2,"{'id': 60229721, 'resource_state': 1}",CD,3225.4,1107,1416,0,Run,Run,0,Strava App,12399487314,2024-09-13T12:45:19Z,2024-09-13T08:45:19Z,(GMT-05:00) America/Indiana/Indianapolis,-14400,,,,0,0,0,4,0,"{'id': 'a12399487314', 'summary_polyline': 'emazF|dmfOHEJUFCHO?e@ESIOUEIEc@Mi@WKKa@SKISKEGYOKIKCQQWIk@_@E?KGYWSGSQSGSOKAs@k@[Ma@WMEI?]WMAQQOGEEQEOIGIuAg@IG]KQOKAUMMAk@So@OKAAEKEK@WOUGK?CEe@KIGE@WCIEo@K}@Wu@MAK?SAIB]AIB[AEKEM?IEKCYASKQFQGU@c@KK?SDK?GFGASDEJI?G@EFE@IGa@TM?AEKHCZCHEB_AECAEKEAUNIEG?IBGCQBOC]BWEIBK@CCU?i@EO@SGM?_AIMEO?GGaA[GUUHMKE@?BD@y@[r@X^FlAh@VFd@@bBTHC\\FfAAj@@JBVEj@@b@BLAP@RDLE~@Dh@AZB`@?FBNAVFV?LDDCN@LFH?RH^BXLj@LL@dAX^DLF^HF?NH\\FLFVDLHd@~@\\\\nAf@d@L\\LLJH@x@h@FBD?HHf@VJHNBz@j@XHNND?p@^FFZLFFH@HDh@\\PFNNPFPLB?~@n@', 'resource_state': 2}",FALSE,FALSE,FALSE,FALSE,everyone,FALSE,"[41.1372799705714, -85.10640721768141]","[41.13782973960042, -85.10621502064168]",,2.914,4.426,FALSE,FALSE,FALSE,233.9,232.1,13219863937,13219863937,08805B6F-CA79-4BEF-BC94-6B7EA05CF45E-activity.fit,FALSE,0,0,FALSE,,,
2,"{'id': 60229721, 'resource_state': 1}",WU,3279.9,972,1496,17.3,Run,Run,0,Strava App,12398843375,2024-09-13T11:11:06Z,2024-09-13T07:11:06Z,(GMT-05:00) America/Indiana/Indianapolis,-14400,,,,0,6,0,15,0,"{'id': 'a12398843375', 'summary_polyline': '__bzFrwmfOA@ECAQKAEKPb@AHi@\\YAGBGAQ@MFIHIPAVEX?\\C\\@DE^@DG^@VANBVA\\F`@Vp@LLPHRB\\JFAHFR?TJPBj@X^^RN^h@^|@XbANt@HTHjA@`@Aj@Kt@Qn@Up@a@l@UTc@ZGL_@Z_@d@KRYb@Ur@Id@APBn@Jr@R|@Df@?h@YtA?FDBL?\\X`@RHHRHPPPFh@Vz@VTPD?r@Z^VJB`Ah@b@Lt@`@WKSOuB}@EE]OGGa@QQMa@MKGQEc@W{@_@SQQG[Qo@g@?M@KJM@UF_@AK@OC_@YuACYAg@@k@Ju@LYd@_ANODAl@s@RMb@_@d@s@b@eANy@DyA?i@Gi@Ki@a@{Aa@_AYe@GMIKEA[WSU[QMEE@YKWCCCSAUMe@IW]IUIa@E{@Dk@BaBRcBDMPMb@Ad@M', 'resource_state': 2}",FALSE,FALSE,FALSE,FALSE,everyone,FALSE,"[41.137388767674565, -85.10633764788508]","[41.137619940564036, -85.10644267313182]",,3.374,4.726,FALSE,FALSE,FALSE,243.9,233.6,13219170156,13219170156,3B605241-EF6F-4383-AB61-60B070C2584A-activity.fit,FALSE,0,0,FALSE,,,
2,"{'id': 60229721, 'resource_state': 1}",Recovery,9869,2968,2968,63.8,Run,Run,0,Strava App,12391431393,2024-09-12T11:49:57Z,2024-09-12T07:49:57Z,(GMT-05:00) America/Indiana/Indianapolis,-14400,,,,1,6,2,3,0,"{'id': 'a12391431393', 'summary_polyline': 'a`_zFlsofOQCe@]KMGUBQAcABQASDO?U?OEUECUm@ECWk@a@g@EMQQOYY_@EMu@}@YOUSGUAWBc@Ns@CSUYQEKDGJAXENB\\?hAFrA?~@FRNJDJRRR\\Tn@FVBd@Ah@CFC\\IZCf@Ml@@FEXAf@EXGpBDTHHhATv@Fr@Rj@FHLJn@PDTAb@H~ABRFxAPv@?~@Hf@?l@`@PD\\Af@OT@VHLJJ@b@K\\SXg@DQJINUPQ`@IR@^EDG@KEOKEa@g@_Ay@OGqBFSEMBOE}@Ca@I}ACUG}BUU?gB[s@Ga@QWSKSAIJcDCWKQIWU]K[eCuD]_@_@SWUCa@PiBCQCE[SSLENCJ?PCNBl@?p@DtA?l@BTp@x@Zp@Pr@DXCx@OdAC`@Kj@OpBAxABVFJr@R\\BdALjAXJPBb@PFbABrCRt@PjAA`AFVDTLDFZJ^?f@MX@b@VPAr@Y`A_B\\Sb@?ZGNOAIEQSOYa@QGGQFQJw@JI@IEUHIFA\\TVBRJRMj@ENMBKEOMKsAIw@Nc@VILSdAKNkBPyCOIE[?{Fm@gC[o@U][GQ?SDY?w@Dy@?WEOGG_@{@gAeBMMe@u@KKIS]c@o@]MOCSBg@Lw@B[CIOM[EITCv@?nAFfAALBjAbAlAPb@NlAAd@Gt@YxBAVEJAj@CN@FCFAVAt@DXJJZHdBRb@L`@BDFVHHx@EHG@YAhAG^@d@HFAXDl@@V?XHr@JhA@x@HBD@LAX@PBD@d@BLLPr@\\VX@XAd@GLGZE@SEs@De@C]FyA@CEAQPc@PU@IQs@KOKGy@KIGKg@CCQBMLc@FUPSCUJ[Eg@b@o@RO?YSGOG]P{@?GMg@@WRg@LEx@NZK@MOk@s@Gm@OG@QGW?g@O[EYWAU@MAWBMHmBHc@Dq@XqB@a@Ei@S{@a@s@WQUa@A_@Ba@G{@@[C]Ba@As@Le@LINDBDHDFN?\\EFAZG^@d@@FFJl@^b@h@NVPTJTf@l@`A`Bb@bA@RC\\G~B@b@AJ?NCz@EXB\\GdAA`@FRF@d@Wp@GdAFPFfCL|@Bz@L~@@lAPxAHDAJ_@DWBkAAa@KOSDu@EeHi@yBUq@MaAIQG_@WUWEQF}AFKAmAc@eAgAaBS]CKED?P\\P^h@JT\\`@v@dBJPVL', 'resource_state': 2}",FALSE,FALSE,FALSE,FALSE,everyone,FALSE,"[41.12131906673312, -85.11672617867589]","[41.121290903538465, -85.1166136097163]",,3.325,4.505,FALSE,FALSE,FALSE,242.9,232.6,13211213269,13211213269,55E5F2AD-3267-4489-990B-EB690EEBFF4D-activity.fit,FALSE,0,0,FALSE,,,
2,"{'id': 60229721, 'resource_state': 1}",Recovery,11303.3,3353,3829,37,Run,Run,0,Strava App,12383482266,2024-09-11T12:24:09Z,2024-09-11T08:24:09Z,(GMT-05:00) America/Indiana/Indianapolis,-14400,,,,1,9,0,7,0,"{'id': 'a12383482266', 'summary_polyline': 'qd~yFlkofObCvANLhAd@f@ZZH~A|@`AZZIR_@BOL}D@_BLeBNq@r@mBd@eAn@cBJKLCT`@XVh@RnA@PB`AZRXH|@Ld@j@BVL^S|AMVGHI@ICUY@cAE]HQTo@dCWxA[nAKt@Cf@PDLGDO\\GZ@PJh@^`BlBp@j@|@d@|@Zh@f@dA`BRFTh@d@v@tBvCnApDJN`@bA`@pAlArCNT`@bAV|@FvBBFC\\@fAMzAG`@sC?eEFk@f@MR]EoAB_@JAJJ^C\\Bf@?`ALr@NZFZVn@\\pAJ`@Dp@AnAa@xCAf@D|@Hh@FJ`@NdEM\\FFPCV@r@BN@fDFfAEZB|BBd@@hACH@n@FPBv@C^Br@Ev@Bt@A|@OFMUs@o@WGK@@VEf@@FEZIVBvAI|@Hf@Cl@BfAE`ABL?hAIhA@VE^@fAMPCnAKLOEqBCQJc@HOXJb@DdBChCDxBA|@FfAA\\PlAAXFr@Jn@Dr@E@?DR^L`@BREXBH^j@RKX@VGtBBjAG`@@p@Px@@rAEhBBvAKfDArGQnB?bMQ}AKUMEOJ_@ASQc@q@i@y@IIIIUNuABk@AWWuA?gB@U^cBHs@MEGHGR_@MOBMLGCIJKv@W|@g@TGC[iAOUaDeIKE{AwAQIg@k@a@YMS_@UiAkA?KPYB[B_AEkAD}@HQ`@W\\e@@sACYB]AW@OGcE?e@Di@Zw@ZWb@SLSZw@La@?IVm@?[EIMEKUeASsAe@q@_@WE_Cy@sBmBg@a@o@]m@s@i@_Ag@uBFcACy@@WPW\\y@b@qAFu@N_@B[Cq@Ps@D{@C_AFgAIa@A_BISA[GSF{@Ea@A{AMiAUy@e@eAmB}DSYAW[y@Ie@MUYu@OWOm@Se@_BwBEOy@cAa@w@OKy@qAe@_@s@YoAu@u@u@q@_Ay@y@YOWASDOFQVOICQJWLcAv@eEXiAPUZMlA?ZH?NKPyBVMCWJq@MOSKiAMWWMu@OyAC]Ie@[Wm@IEE@ILMf@eAbCIZaAzBKz@@n@EN@VC^A`BGr@?lACLWZ[H{BcAmAw@_Bm@{AcA_Ac@m@_@mBo@UEUl@sBEKJ[AeBk@o@_@o@m@m@SUSQYC[gAWg@[[KKJUDKPAXWrAARGRe@nC@JJHb@b@VJ', 'resource_state': 2}",FALSE,FALSE,FALSE,FALSE,everyone,FALSE,"[41.1204672139138, -85.11644010432065]","[41.12106895074248, -85.11692474596202]",,3.371,4.694,FALSE,FALSE,FALSE,244.6,228,13202713688,13202713688,D4A32432-5D87-40A0-A9EE-D3B04C41BCE4-activity.fit,FALSE,0,0,FALSE,,,
2,"{'id': 60229721, 'resource_state': 1}",CD,3222,996,1014,5.5,Run,Run,0,Strava App,12374606457,2024-09-10T12:56:19Z,2024-09-10T08:56:19Z,(GMT-05:00) America/Indiana/Indianapolis,-14400,,,,0,5,0,14,0,"{'id': 'a12374606457', 'summary_polyline': '{bbzFhdlfO?^H\\Vh@n@b@LLL\\@LD@FPJBZXDNHHDRJP^h@ZTb@d@TP^LHFF?THLJRXTJv@d@z@Z`@RTF`@TF?RNVJJJlAh@~@h@PDNLH@NHP@RJh@LNNf@C\\SBCPGPAXEDCP@j@EBFAVFr@?~@DpAA\\B`@AZBNAR@V@D?f@OxAIBIONaC@IDGD@PNJ?ZLDD@FGrA@HAL@RCN?f@BPCh@@^Az@NhAFTNJFLB@LR`@z@Vp@Jl@HNVdABBVbA^~@RZD@LV^\\DBTRH@DDNDXRDAd@PBC\\JvAj@RBHDDARLDATJF?RJF?b@R^LTJD?TJDARHDAPHBFD?RPd@TF@JDDFR@TLJ@BDD?BBJDNHXHn@ZPBTHD?TLF?r@ZXJD?r@ZD?ZJNLd@LDDJ@BFF?BDj@TDA`@RH?VL`@Hn@\\F?^Rv@RTND?f@PFFb@J`A`@D?RLVBPLHBBBF?j@Z', 'resource_state': 2}",FALSE,FALSE,FALSE,FALSE,everyone,FALSE,"[41.14045939408243, -85.09815221652389]","[41.12125435844064, -85.11654135771096]",,3.235,5.396,FALSE,FALSE,FALSE,238.5,230.8,13193263638,13193263638,0EC78523-3CD9-4AF5-87CA-10300EF96DF7-activity.fit,FALSE,0,0,FALSE,,,
2,"{'id': 60229721, 'resource_state': 1}",4 mile tempo,6445.5,1386,1386,28.8,Run,Run,3,Strava App,12374185562,2024-09-10T11:51:49Z,2024-09-10T07:51:49Z,(GMT-05:00) America/Indiana/Indianapolis,-14400,,,,0,9,0,13,0,"{'id': 'a12374185562', 'summary_polyline': '_hbzFh`lfOHv@An@Mb@QTSFY@IAG@i@MSKQEQKYEYKSOYKOQe@[IOUKUSe@YaBqAUMOYOKK?KKKKEIUQIQKWIw@Oc@QGOAIHEJEb@e@vA]r@KLQ`@CFEBm@|@MHIBQTq@b@ODICO@UHS@WEWBYIy@Ie@MYG]OI?m@Wi@a@[a@a@m@Sy@KiAAk@Ba@AILs@?]T_B`@wBRa@JY^c@@GJMFE@G`@[^a@Z_AF]FS@_@[iCE}@?UDSPc@F_@HQNONYLKLC`@?VNTHDDdAd@t@RFDr@?LELIZm@Jq@ZsAB_@Jg@XaAHO\\SV@TE^H\\Lh@HVHH?TFb@F`AFFDXB`@L`@Vp@n@VL^\\j@r@HDT^Zt@v@rAJLb@\\`@^LFf@l@LVPRNb@@LLn@@`AQlCEPGn@[~Ag@zEi@nC[|BCz@LbABf@C\\[~@QJYBGAG?QASOo@KUM_A[EEUKMIEEm@]oAaAWMcA}@WMCGUM}@u@_@{@Ku@GQW_@GCI?GFO~@[x@Sd@m@jAQPIPe@h@c@Vg@f@WJo@HIAUDUGoAOOEo@KWO[AEEOCMM_@O[S[e@USWm@O_A@MG_@@k@FgAH_AH_@LiAReAFIH[Zu@\\g@XYFCn@w@R]H_@B[Ji@@WEg@I_@Ew@CGGe@?WFi@HSH]d@{@NM^QN@b@Lb@Nb@VF@VPF?l@RT@XA^MLO?KLY@UJ[@YDID_@^kB\\o@^[\\AFBFADBXB`AZX@\\Lp@DNFN?lARhAr@d@f@VNNRNHb@h@f@t@`@z@Zj@VXF@d@h@NHZX\\f@FD\\p@XtA?v@@FCj@KbA@FMr@El@[tBK\\_@nDI\\M|@', 'resource_state': 2}",FALSE,FALSE,FALSE,FALSE,everyone,FALSE,"[41.14021514542401, -85.09750999510288]","[41.14129272289574, -85.10044617578387]",,4.65,6.18,FALSE,FALSE,FALSE,243.2,231.6,13192837064,13192837064,ED39BFC2-FEEF-4CE8-B609-51BDD81D3AC9-activity.fit,FALSE,0,0,FALSE,,,
2,"{'id': 60229721, 'resource_state': 1}",WU,3265.6,958,958,10.7,Run,Run,0,Strava App,12373817454,2024-09-10T11:22:37Z,2024-09-10T07:22:37Z,(GMT-05:00) America/Indiana/Indianapolis,-14400,,,,0,6,0,13,0,"{'id': 'a12373817454', 'summary_polyline': 'kx~yFvaofOi@OMKg@KmAi@a@MEEOEKG}@WSKo@Q_@Sk@So@[YECEWG_A[_@QUGEEUGs@[QCIGUEw@]e@OMIMACEsBq@SOc@Mg@SOEUMk@QqAq@uAe@o@WYEOKWEMGq@UYGk@U]KOA_@Me@Sk@]OQG?QMi@w@We@Og@MUMk@Si@G]EEG]Qk@AIKW?IYe@IUQQ]q@CWEm@@kAAEAy@FgDAi@EEMAKDWQSGEFAHB\\ENEzABLF?HEDI@KCID[?Y@KMgKC]CG[J_@@eAJQJCDMJ_@@a@SYC}Am@gAo@_Aa@gAq@YKQKg@Mo@_@QEIGWGSO[KEEU_@OI]KQOKCYOwAuAo@wAOGYQIUQo@OMYMQOISCg@EW?YSiB', 'resource_state': 2}",FALSE,FALSE,FALSE,FALSE,everyone,FALSE,"[41.120492024347186, -85.11634111404419]","[41.140456376597285, -85.09756565093994]",,3.409,5.18,FALSE,FALSE,FALSE,239.7,230.8,13192460280,13192460280,EDF23A7A-44A2-42D6-9092-A027C4E7B1B9-activity.fit,FALSE,0,0,FALSE,,,
2,"{'id': 60229721, 'resource_state': 1}",Recovery,10712.8,3021,3197,24.4,Run,Run,2,Strava App,12365999644,2024-09-09T12:13:05Z,2024-09-09T08:13:05Z,(GMT-05:00) America/Indiana/Indianapolis,-14400,,,,0,5,0,12,0,"{'id': 'a12365999644', 'summary_polyline': 'sy~yF|`ofO}CgAe@Yq@OsDsAUM}@UWOeBi@SOaBi@m@YgC{@gAe@s@UE@a@WqAe@kAm@q@O{Ao@iBm@QAm@QKG}@S}@]aAk@_@]i@u@aAoCmAkEo@gASSKq@CW?wAG]Ee@@i@GiE@c@I}BAkC@iACY@s@Aq@Dq@C]B[EiABQCW@a@CiAGo@DYCcAEG@YGaEFSHG\\Hg@OIsAG[AsBAi@CG@[CeABc@EU@OEYDMIiDBOCy@C]BICq@AyAAG@wAI_CBe@GyA?mCCO@YEmC@q@GgABG?[EcA@iBIkILQZAfAWn@Id@Bd@Gd@@TEJBbAGXOb@]\\m@Ri@LMJCPHNPTDXNjA^XXR`@Lt@?`@F\\AFDv@LpALn@HxABLHJH?rCu@l@]V[JCd@YTYLc@?OAUKc@Y]KWQSMYMMQk@[s@BSJSNGRSF?RQjA[@SAS@mAOgAUg@_As@IKEMDa@?{@Gg@?i@RsADi@Gu@[k@UOu@S[SIICQBc@EaBO}AKS@m@Ni@Ba@RDvCOlFEdAIf@BfHSd@E|@CFDBFG^Bv@AHBFAb@HrC?~CJd@Zh@LDb@Ed@BnBEVDp@CvCBx@J`@VXb@Pp@BVAx@UnAK|AFtD?bA@VB|DDdACb@FdDKR[?mAPqA@QFk@EUDkCDm@JsA`@k@HiBFWEYHiAD}CBe@HKFONMVETAf@BfC@HCND`AAl@F~AAV@b@?p@DdAA^Dp@ELD`A?x@IJMFs@FSCoBL{CBKDETB`@An@@`@AL@LCb@H`@FzB?ZEh@?l@B`@Cb@HpBC\\Dh@?r@Ch@DjABRBvCILQE[Ak@FoFHWBOLQZa@`@IPULm@|@o@t@eBfAo@p@w@d@GNERGPQlAUTg@Fa@NCHAf@BNAfABHEr@Fb@EXBb@Ap@LrEC`@DfEBj@FXBl@?r@Lv@jAzB^dAb@dB`@fAF\\Vr@T\\b@b@f@b@xAr@dBf@PJ~@VJ?hA^XFx@^VDl@Pf@XBFv@\\ZFXRPBfA`@JHl@VR@TPdAZPLpAb@BDpAb@D?VLPBt@\\RBHH\\JDF?JEFGd@@LDN`@n@D@DLFp@BD?NHb@Zh@CRORAP^d@LXVVBHPVd@`A?h@ENAh@AjA', 'resource_state': 2}",FALSE,FALSE,FALSE,FALSE,everyone,FALSE,"[41.12125947140157, -85.11667102575302]","[41.12444358877838, -85.11888661421835]",,3.546,5.298,FALSE,FALSE,FALSE,245.1,232.6,13184167728,13184167728,65F4C467-95B9-469D-B2AF-0C1775D350D5-activity.fit,FALSE,0,0,FALSE,,,
2,"{'id': 60229721, 'resource_state': 1}",LR,14492.6,3768,4178,61.2,Run,Run,2,Strava App,12363078585,2024-09-09T00:27:34Z,2024-09-08T20:27:34Z,(GMT-05:00) America/Indiana/Indianapolis,-14400,,,,3,4,0,1,0,"{'id': 'a12363078585', 'summary_polyline': 'co}yF|`lfOfGKH@FNLBp@EJJN@^GbA?h@RX^Rf@^~AVvBHlCLn@Bj@KRMDOEWJm@BIVMJs@NcA[[@Sb@UEU}@W_@Q@KLSHuAH[LIb@KPOh@Gp@FpBCVFnACb@Bb@EbAKn@Up@_@?QPMjAmAlEBVIn@c@jAQPEPWd@w@KIPIt@Qh@IJCVJ^?PSXKXEv@Kb@Cb@k@~Ca@dBDr@C`@@h@\\r@\\J`@VX\\t@Z^j@t@n@Xn@HHb@RXp@LNHDXCNFFLCHMRi@zAGB~@{BHKFYFIZeAF]v@oCBc@DEJg@ZSd@M@G^?\\Ot@k@`@u@\\FVKRYJ[DG@]LKhB~@p@RRPCVELM~AFr@G~BNp@~@`BRTh@TRj@APs@fC^DpAb@bAl@rBl@x@N`AD^O`@HlCBbACRG~@BrEEjAIfD?rAIrCA\\ETSPEh@TnBHnGKlAI`B@`@Ej@BzDGt@GtIGtAI~A@xAI|A?r@I~EApESlA@LEdDA\\GXBxJ[xBEpA?HABMEuAEO?yDGsD@_BEc@Ba@Ea@@a@E_@De@GQAu@?_BCUDWCQAmCIyD@q@C_@Be@CoA@o@Gq@AaBGgBCkEBmBEg@AwCCo@BgAEi@AmCGsABw@G_EB]E_@?_A@u@EoA@c@CYGwJGsABe@KoGCcECS?{BEy@AqEGsA@e@Cc@?}AM}F@gBM{@CaGGCW?QF}@E_BFyAAu@FgDBgBJ_ACeDN]C}HRMEEUIEODgACk@JMIMSKc@e@?s@OwGDgBTIk@aA}Cy@{@u@c@u@WuBEqCF}AA[HkDZwCQw@@[UCSAu@@]Gu@CgACsDBe@MeFB[Ce@CyAAqDEQ_@JgAAyCLUEy@JaC@qEP[EiBLo@@aAA}ALsB@_GTQEa@TGPHrDCrABLBhACXF`CA\\@jALnFApDFhA@jEJtEDxGD^CZDbAAPBvABPAjAD~@?lBD|@Cd@B`AFf@?hEAT@dADZ?xCDf@?bCJbDC|BD\\AdABPAXD|BGD]MQJs@C{@HcC@uDN_DBi@F_@C}L^cEDk@F@PJVD\\Xj@Jb@R@Xl@^f@@PGd@@JtAnALEDg@FMR?HTEx@FZ~AbBp@d@j@@dAYBGC]BSLWn@o@Ju@FOXWx@Ab@UBG?GEOS[MCUJu@B]CCS?{AKKk@L', 'resource_state': 2}",FALSE,FALSE,FALSE,FALSE,everyone,FALSE,"[41.11706634052098, -85.09993714280427]","[41.11716139130294, -85.10059738531709]",,3.846,6.038,FALSE,FALSE,FALSE,248.5,228.5,13180987020,13180987020,99CD4FB2-73EF-48EE-B774-FACC92285942-activity.fit,FALSE,2,0,FALSE,,,
2,"{'id': 60229721, 'resource_state': 1}",CD,3218.7,960,960,0,Run,Run,,12344782420,2024-09-06T22:45:00Z,2024-09-06T22:45:00Z,(GMT+00:00) GMT,0,,,,0,2,0,1,0,"{'id': 'a12344782420', 'summary_polyline': '', 'resource_state': 2}",FALSE,FALSE,TRUE,FALSE,everyone,FALSE,g19148050,[],3.353,,0,FALSE,FALSE,FALSE,,,FALSE,0,0,FALSE,,,,,,,
2,"{'id': 60229721, 'resource_state': 1}",First Race,8000,1789,1789,0,Run,Run,1,12344775560,2024-09-06T22:00:49Z,2024-09-06T22:00:49Z,(GMT+00:00) GMT,0,,,,0,5,0,1,0,"{'id': 'a12344775560', 'summary_polyline': '', 'resource_state': 2}",FALSE,FALSE,TRUE,FALSE,everyone,FALSE,g19404283,[],4.472,,0,FALSE,FALSE,FALSE,,,FALSE,0,0,FALSE,,,,,,,
2,"{'id': 60229721, 'resource_state': 1}",WU,3218.7,960,960,0,Run,Run,,12344707732,2024-09-06T21:15:00Z,2024-09-06T21:15:00Z,(GMT+00:00) GMT,0,,,,0,3,0,1,0,"{'id': 'a12344707732', 'summary_polyline': '', 'resource_state': 2}",FALSE,FALSE,TRUE,FALSE,everyone,FALSE,g19148050,[],3.353,,0,FALSE,FALSE,FALSE,,,FALSE,0,0,FALSE,,,,,,,
2,"{'id': 60229721, 'resource_state': 1}",Pre-Meet Shakeout,3460.5,1030,1578,13,Run,Run,0,Strava App,12341151412,2024-09-06T13:39:03Z,2024-09-06T08:39:03Z,(GMT-06:00) America/Chicago,-18000,,,,0,8,0,13,0,"{'id': 'a12341151412', 'summary_polyline': 'uqmnGbeqxOXeABOCI@IPg@BWJ]?KLq@COW_@Ge@U]AGJe@Hs@DKJs@JS`@oBHm@DEFYHs@f@gBFODYLc@LO@MKa@AQFMZsADEXgAFa@HQLm@@IBE?IL]XiA@Q\\iANw@HYFa@JYXoAHM\\aBZeAFc@Rm@VcAXm@D]FOFu@RgAJ]F_@V{@\\_BHON{@To@He@Pk@?MFUTs@HE^{AFOp@oBDe@CQ?gABi@AgAGq@Fc@Zg@VeAL[ACCB]tAYh@IXATDz@AzBBXGrAg@bB]|@GFMf@Uh@Qv@MZEXMZMx@KVAJIZGZCFc@tBGNCVYdACTI^CVIRGd@EBMj@MXIHCZO^q@dDy@~CKVCXGHCVY`AG`@_@pA@FM\\G^sBpIIl@C^CDC`@]tAGl@UfACVK\\O~@K\\SvA[xAARFNDBFLHf@@@BKA@DFELBEABDx@DXEVCFGBUj@CZKV', 'resource_state': 2}",FALSE,FALSE,FALSE,FALSE,everyone,FALSE,"[44.476127279922366, -88.07720691896975]","[44.47593608871102, -88.07708906941116]",,3.36,4.944,FALSE,FALSE,FALSE,185.1,178.8,13157412954,13157412954,D3D65F08-529D-4E33-9E48-3977FC177549-activity.fit,FALSE,0,0,FALSE,,,
2,"{'id': 60229721, 'resource_state': 1}",4x100ish Strides,519.7,89,191,0,Run,Run,0,Strava App,12332545828,2024-09-05T13:07:15Z,2024-09-05T09:07:15Z,(GMT-05:00) America/Indiana/Indianapolis,-14400,,,,0,2,0,1,0,"{'id': 'a12332545828', 'summary_polyline': '}p}yFbklfOl@GHKq@Jy@I[HSTYKOBWKIFT?NBd@APEHKRIXDTHHCH@h@EAAUB[C', 'resource_state': 2}",FALSE,FALSE,FALSE,FALSE,everyone,FALSE,"[41.11735962331295, -85.10145275853574]","[41.11730891279876, -85.1014758925885]",,5.84,9.28,FALSE,FALSE,FALSE,239.3,238.8,13148083650,13148083650,1CD42E16-21DB-4593-9ED9-2E6E66E7F21B-activity.fit,FALSE,0,0,FALSE,,,
2,"{'id': 60229721, 'resource_state': 1}",Recovery,11279.2,3049,3387,31.8,Run,Run,2,Strava App,12332476852,2024-09-05T11:59:12Z,2024-09-05T07:59:12Z,(GMT-05:00) America/Indiana/Indianapolis,-14400,,,,1,7,0,1,0,"{'id': 'a12332476852', 'summary_polyline': 'ew}yFtolfOxAvAp@Fd@YLM@EJGND`@Fb@h@Lb@L~@D~BAPD`CA`@BXCJBr@M~@Sp@IJ[?WV?f@EPSn@Af@KJI`@KTSt@KdAMd@a@`Ac@z@G@IOE?[JKHSfAQXENHf@?^KHQf@CN@HAVMh@Eb@K^CZ[rAm@`@W`AKR]XEL?Pr@x@L@NOHAFHHb@JTn@Xn@h@b@PVR^l@h@b@Vl@NNf@XXp@LPL@NGJB^XZj@j@Xp@FRAbBVX\\F~@FTRTL?RZj@a@\\AZKp@C\\SJCJB~@C^Dr@d@fBz@rBj@NL^JRBLI`@Ax@R`CLNEbAA|@RHEN[Do@X{B@a@Z_DDq@F]\\oERuBHWPQ?QIGOAQYa@]AGgBgBQMW]YSAIoDqDEAcCiCkBeCCQDQNOtAE^IVM\\k@JU?IEq@Bo@CgAB{@vDGf@Gt@?x@GtABvBGnAIp@Ff@Pp@`@PZ@bBDXBpA^nA@NDON_BDMHSNMLUVm@`@s@BARe@vAWt@W~@Kt@@DEIe@AeDEq@BeACa@CqDEWBe@CY@m@AO?uBCW?yBEk@?gAEg@BICiAFiAGyAAeBEUDSEe@CuC?k@EgA@c@Ec@?yBImB?oBGsBBQOsCCuABe@AIT[D]Cu@@mAE_CE_E?eBE}A@o@EgC?yAIyE@a@CWBQIaB?q@DYGgAA}CCE?oBE_@DQGyA?{AEo@@QHMOgABWCa@Da@EkB?gAEqAUIIe@BO?OAGKE@]FYCO@WKqD?qBEa@?yAEq@BYAg@Im@Qu@QUYm@S{@IaACqABQCUEoA@s@CGg@Ag@WMOIS{AaBU[IUmAcAg@YcAa@mAU_AGyCPcBBk@GsBNsCBo@NCT@lACVB\\?l@CR}@Tg@Ze@FOE?xADv@Eb@BZA\\Bd@AF@vAHtB?jAHdEAx@DbAF|GCZBNKl@EfAGBGTHj@CNAXDZ?t@BPC`AFt@Cn@BFAt@FfBAfABZ?hAAHBX?lBBZ@~@?jAFzAA`BDj@Cf@BT?\\DbBA^FjB?bBBZBdAA^@HBtACpBDN@RAHBd@?bBD`B@lBBZC^Fd@A\\BpBA\\B|A?|BFnAC\\D\\@dCBn@Ad@FhB?bCCXBZ@|@Bl@@r@CR@d@IDMEqCFgAHmA?_BH]Ee@HwA@{DLmAAUD', 'resource_state': 2}",FALSE,FALSE,FALSE,FALSE,everyone,FALSE,"[41.11706608906388, -85.10015213862062]","[41.11719164997339, -85.10044533759356]",,3.699,5.946,FALSE,FALSE,FALSE,249,230.5,13147996007,13147996007,8DF37988-A615-437D-8E99-C563964ED3D8-activity.fit,FALSE,1,0,FALSE,,,
2,"{'id': 60229721, 'resource_state': 1}",MLR,12112.8,3428,3834,39.4,Run,Run,2,Strava App,12324015653,2024-09-04T12:21:34Z,2024-09-04T08:21:34Z,(GMT-05:00) America/Indiana/Indianapolis,-14400,,,,4,7,0,5,0,"{'id': 'a12324015653', 'summary_polyline': 'gd~yFtkofO~CjBXF^XRBhBdAd@N^V^DPET[FWJqB?o@HgACSDcAJmAX_ALU@I^cAd@cAZ_A\\i@LDFXHLd@^^Hl@@XAVJj@DPJLPHXBl@DPJPHFR?RTRGNQzB[TSTBNCfAB\\NRTZF|@f@nC~@VPZFn@Md@HFFzBPf@GlAAj@TL?dAc@fA?XGh@Fr@EPE^HpBE|AIfCANGZDh@EVFhAKb@D|@E^FdBKv@@lBCJEpDGvA@PEV@ZEp@@~DKHBXElA?BEVFRGHDb@Gj@?XBXEvABj@E|DAh@GdA?fCILDLEtBCXEnA?dBG~BC^ErCARGx@BVEzBAbCGXGfB@TEd@JTIr@EbEIl@BTGhDAb@IPHrEOt@BZErDARGvA@LEl@A|@HTGxAAd@On@ITBVGJBdBKxA@LFFVM\\?XMdAEt@Kp@An@Bd@Cb@D^?j@Af@?xADnAElBDdCANDvAARBp@A|@BV@hAArAD~ACND^?jBEVYICBkAASDwAF}@CK@ELMBSCMDkAA_@KKKU[M[WYYk@CMY[k@Ui@BMFkAlAmA~@i@j@w@j@w@~@UJoBfBWX]V]^}@h@u@x@kAx@SVmB`B]^a@Li@?IBAFIMGUIIe@D]CmCNYC_DDc@EoADMBWTo@QID{A@ECAGAQSsAGSMOQ_AGOMCk@@uAFaAAa@FwAAoAHwB?]HeBAaAI{A?uADgHDiAFiCAIIDe@A}A@{AC}AB_AEmA?iDEcABy@CY@eAEW@{@ESKUu@s@IWi@YaBkBg@]Ye@WOi@s@WQy@aASOCI{AyAQWs@q@QYk@e@E?OSuAqAq@y@[Bg@Ee@Hy@CYHs@AiBHYCe@HQCsA?gAH]E_AFy@AWDg@C_AJ_@X{@U_@BsA@MEqAGoASs@L]Qa@Wu@Qc@Se@K_@Yw@Y][WG_BBODENC@cBFq@L[MU?UOE[@SKg@QUQGqAQs@?YE_@Qi@w@KEMLw@~BeBdEE^Ap@EX@^GdB?h@GrBSf@MFa@BoBgAWIo@a@G?u@[UQc@OmA}@a@Oe@[oDuAKKs@Oa@SqA_@]QO]Uu@Wg@Kc@IgDOGeAF}AA[MS_@G]?QI_A@SC}@SOAEDcACGGAMXLzBFh@L`@?LDLj@j@r@bBzBdDb@dAzAn@nA^`@VjA\\PL?P[^w@C', 'resource_state': 2}",FALSE,FALSE,FALSE,FALSE,everyone,FALSE,"[41.12040518783033, -85.11639576405287]","[41.12179641611874, -85.11625478044152]",,3.533,5.762,FALSE,FALSE,FALSE,242.1,226.8,13138939065,13138939065,CB2EE113-F80F-4895-8C78-0E5114BB3D7C-activity.fit,FALSE,2,0,FALSE,,,
2,"{'id': 60229721, 'resource_state': 1}",CD,3220,1034,1157,10.4,Run,Run,2,Strava App,12314738243,2024-09-03T12:44:28Z,2024-09-03T08:44:28Z,(GMT-05:00) America/Indiana/Indianapolis,-14400,,,,0,3,0,7,0,"{'id': 'a12314738243', 'summary_polyline': '{i~yF|vofOLN`@Xj@r@DJKZE@G@OCY@QBOHc@l@KXCHDJFDN?LNzAhAZX\\RNPf@ZHBRNh@PHDDHD?PG^@DCFWAU@oAIsIB{@AW@q@GKMCMQUKc@e@?YAGk@aBIIE?YMGIUGSMe@QGEq@U[OGB?EEEQEa@OIAm@YcAYi@YI]]y@e@u@E_@@{BCUEECAWFS?WBUA_@Bk@CICO?EEEYECQw@DwAC[U_@CK@wAAQCE{@@GBGAE@y@@UAa@BEDGTD~BFb@BdBVx@T^^z@XRv@ZD?^PHBPHh@RF?XJxAj@NBl@ZVHFDr@VXRd@NXDNJL@j@Zv@VPNGVWVq@CMC', 'resource_state': 2}",FALSE,FALSE,FALSE,FALSE,everyone,FALSE,"[41.1211715452373, -85.1168485544622]","[41.121787866577506, -85.11653683148324]",,3.114,4.356,FALSE,FALSE,FALSE,238.9,231.7,13128157017,13128157017,96A1EADF-2241-4B9B-9CD9-920C5F73CF69-activity.fit,FALSE,0,0,FALSE,,,
2,"{'id': 60229721, 'resource_state': 1}",Speed Work,895.9,145,379,0,Run,Run,3,Strava App,12314489270,2024-09-03T12:24:02Z,2024-09-03T08:24:02Z,(GMT-05:00) America/Indiana/Indianapolis,-14400,,,,0,2,0,1,0,"{'id': 'a12314489270', 'summary_polyline': 'mi~yF~hofOrBz@~BpAtAl@CDGCMKuAw@_CiAUGK?{@g@WEIIKAGGKCUMMAYMIIKAQILFDAd@P', 'resource_state': 2}",FALSE,FALSE,FALSE,FALSE,everyone,FALSE,"[41.12123348750174, -85.11606149375439]","[41.11877063289285, -85.11742095462978]",,6.179,9.306,FALSE,FALSE,FALSE,232.8,232.2,13127892189,13127892189,7EFC85E3-E99C-44CB-B71E-9FF9FC82D50E-activity.fit,FALSE,0,0,FALSE,,,
2,"{'id': 60229721, 'resource_state': 1}",4x mile,6418.4,1307,1587,0,Run,Run,3,Strava App,12314424026,2024-09-03T11:51:28Z,2024-09-03T07:51:28Z,(GMT-05:00) America/Indiana/Indianapolis,-14400,,,,6,8,0,13,0,"{'id': 'a12314424026', 'summary_polyline': 'ol~yFngofOI?GGG?MIEGIAGEI@SIYGGGOKKAEGYGEEOGo@Qi@S}@e@uBq@uB{@eAYy@[}@a@uBu@SMk@KUMYI_@OUO[Ke@SsBs@WMYIMIc@Me@WQAk@WOC_@MEEKCw@][Gw@e@g@QwAk@wBm@GCYGiAc@sA[e@[m@Ya@_@Ya@EBFNLLb@TLNZRx@\\~@T`Bj@H?j@TF?f@RXFd@VfBh@t@`@j@TZPPDJFhA^^PpCdAZF^R|Ah@`Bp@RDd@RjA^x@^x@V|@^ZHDDj@NfAb@f@VxAf@rCfAz@VhAl@j@Hx@^H@XNXHZPfA^p@XLJXFd@\\H@r@^TPHBNFDFj@VyAs@WW[KEGYIQIGIOGIAYOIAWMI?YMG?oAk@c@MqAi@c@K_Ae@SEa@OWQI?]QiA]WMi@Qa@Ki@Uo@a@OCg@S[Ie@QsAa@WOYIYQw@Ym@OgAe@y@Wg@Yq@W[GgAc@yAi@w@][Ig@SYGUQYGaAc@SQMG]EQGEEWIUMi@Sq@SYE_@Ou@QaA]YG_@MWQUIo@c@KMICOYGGECTZh@d@|Av@jAZXJ~DjA|@d@x@PVLF@TR`@Ph@PVNVFTNx@Rz@`@`DhA`@NLJz@Th@TjA`@XNVFHDF?FDVFFD~@`@H@FFH@DDH@DDF?jBl@zAn@f@NFF^Ph@Nf@RH?DFH@FFF?VNVFh@T`A\\^NHHr@RFAFFXF`@T', 'resource_state': 2}",FALSE,FALSE,FALSE,FALSE,everyone,FALSE,"[41.11873081885278, -85.11746336705983]","[41.11875873059034, -85.11746789328754]",,4.911,6.344,FALSE,FALSE,FALSE,233.4,232.2,13127822899,13127822899,767E7858-71BC-4AE2-A279-03C2A93D8568-activity.fit,FALSE,3,0,FALSE,,,
2,"{'id': 60229721, 'resource_state': 1}",WU,3221,953,966,0,Run,Run,2,Strava App,12314050869,2024-09-03T11:21:37Z,2024-09-03T07:21:37Z,(GMT-05:00) America/Indiana/Indianapolis,-14400,,,,0,7,0,12,0,"{'id': 'a12314050869', 'summary_polyline': 'ax~yFzaofOu@Wa@Is@[IG_AYe@UQEIEG?SKG?e@Sa@Mc@UQEWOQCOKi@OIEQCk@UIEy@Wa@UQEk@Y]GGISCa@SWEIIQCOK]MGA_@QQCGGYGWME?}@a@E?OIKAo@]QGc@Yy@U[OE?_@Uu@Qa@QgBe@_A[YEMKYGYMGEYKUOOS_@[OWMOWm@]aASy@w@mC[w@u@iAj@r@b@|@F\\JT@LX~@DTFJ@FVr@@LVl@HX`@r@bA|@jAj@r@Pj@VlAZjA`@t@Rj@VlA^PHZVv@\\XDz@b@D?ZJt@\\XF|An@pE~ATNn@THF`@JPHPBPJD?hA`@TLhBp@VFn@VF@TLVHDDPB\\P|@Z', 'resource_state': 2}",FALSE,FALSE,FALSE,FALSE,everyone,FALSE,"[41.120503675192595, -85.11641470715404]","[41.121463403105736, -85.11669097468257]",,3.38,4.41,FALSE,FALSE,FALSE,233.4,232.6,13127424933,13127424933,1F20B304-1D02-4571-8EC6-228FEDCFE233-activity.fit,FALSE,0,0,FALSE,,,
2,"{'id': 60229721, 'resource_state': 1}",Recovery,10491.7,3054,4022,27.6,Run,Run,2,Garmin Forerunner 735XT,12305901788,2024-09-02T12:19:31Z,2024-09-02T08:19:31Z,(GMT-05:00) America/Indiana/Indianapolis,-14400,,,,0,8,0,10,0,"{'id': 'a12305901788', 'summary_polyline': 'wd~yFdkofO|BxA~@b@r@T^Xj@ZjBx@b@Jd@SLg@JoJLq@fDwHLCZf@\\\\b@PhAD`AH`@ZNj@Jl@TXl@B`@UjAMf@OCa@k@Dg@Ha@\\Wh@e@`B_@`BS|AOn@JRb@[f@Md@LNL^\\v@fA~@dAlCrAZRdDjE\\`@^h@~@`BRj@XlAhAxCX~@bAjBbAdCPj@Hp@?fBA~AMhAKj@e@FkBBkAGkAAq@@q@Ci@Bc@^e@Vc@N?n@FlBJj@xArEHr@Bt@Ev@a@dDCtEFbEAfBFhEJ`DRj@rAfAnAfAIh@?PO~CAxAJnA?|B?XM|AExFQf@gAFeA?_@Ea@RENFbBUd@e@Dc@PSl@Gl@k@fBa@j@]Xa@Ve@LkBTyAf@[TUVYb@o@jA[b@c@Pg@Hc@@gARi@?e@De@CUG[d@Sl@Cr@?p@Pl@b@NZ`@Q~ABpCArBKj@_@L[OOCQ?[DK?Q[WWi@IKGGMEcAM{A?qAGeADS?WGeBCeBAuCEw@Ik@@[MW{@OIHa@JsBLQZe@Be@A{Aa@c@LQ@?GORE?yB@QCGKAQDiBAQKw@?s@GqA?sHGaBGqHIsFCm@CCMCCy@GGKAcBDSCKOIsAIGOGAIu@W_@SaAu@s@o@W[qAg@o@@c@HYNaAt@cCb@c@BWKD{@CaBc@Cc@Dc@Cc@UaEw@Y]Jq@Rq@l@sA@e@]e@yA{Aw@aA_@Ye@Kc@Ga@AmAFg@?aDP_DFa@M_@YWi@Os@CwA[Y{BGECGiF?}BBaANMl@AVEf@Cb@?h@@hAG`AAf@CnAO`@?pAKzCKpFGtBOfAEd@Bf@Lr@FbAFjA@vBKn@Kd@Ch@@\\EM_CEaBAo@FkBJo@f@uALq@Ju@DkBJYf@Ef@AJIr@kCBu@As@Fm@JOd@CfAUbAKb@J^]Ca@[_@a@USi@I_ARYf@Df@A`@Mb@@d@Ph@I\\Yj@}CLcB', 'resource_state': 2}",FALSE,FALSE,FALSE,FALSE,everyone,FALSE,"[41.120520355179906, -85.11634505353868]","[41.12137950025499, -85.11667295359075]",,3.435,4.844,83.3,FALSE,FALSE,FALSE,247.1,229.9,13118390237,13118390237,stripped_garmin_ping_367143581198,FALSE,0,0,FALSE,,
2,"{'id': 60229721, 'resource_state': 1}",Morning Run,16095.4,4458,4807,32.5,Run,Run,,Garmin Forerunner 735XT,12305901781,2024-09-01T12:18:13Z,2024-09-01T08:18:13Z,(GMT-05:00) America/Indiana/Indianapolis,-14400,,,,0,4,0,10,0,"{'id': 'a12305901781', 'summary_polyline': '}|wyFdo`fOb@`A^`@f@x@PHP@DCTk@`@WR?b@NFLBr@LLDEjAuB|@sBZg@v@eAnBmDPW`AcAdAw@hC}Ap@Ob@UdA}@dAkARg@b@sAp@mAb@gAXuAf@kBTcADS@{@HsAf@sFJs@@uCFs@LiDTeBCoBJq@PiBGq@Ug@Ye@GcA]e@g@MYMiBm@qBUyBc@qA_@a@Si@Se@Mc@Q_EkA_@W[[Gq@Ao@Iq@KwCAgBByCJwCCw@Gs@@s@GUaAAg@DkA\\a@HsBR{@BeCRgB@iAL{A?yEVwACaDJeCBe@BiBV}CTqAF{D@kAF{BGgCHe@JmA?uIRsA?uDRkEEiABuBN}CJaAKaAFi@AqDPqCDg@D]J_B?wBNMl@Gn@LzBBpDF`B@pAElBLxAApCCh@N`C@bDBn@BfCCrEDxA?p@E|@X`@xCQjBOb@DhCId@O`@GrBArBKX?TDfGWhB@fAFZZH~AH^Td@`@DV?T]VKjBT`@?ZO@cAEgA@KtAEd@FJt@JlCCt@It@?t@H`BBpFJdH?FSd@gCAaDJiAAaBFs@?UHQn@Et@YhFMpEK`BAhEPnH@hBQz@Gr@BdEFjB@hBRbBVd@v@dA|@~@LZBNDdB@xFDxCQf@iCBoGTsG@qCFc@Gc@Qi@Bo@HgAZ_@P]X@n@TlAf@vARJNp@z@dBd@lAl@`A~CfGZb@dFvJRFZOh@Ip@EpAAb@HV~APH^\\p@pAf@tAN\\t@jAFRAp@SvBVj@LLd@Db@AjANrAA`EKd@MzADf@GvAExBEbA@jACp@IrBA|HI`DOlACtADnAMbEOxBQxBCnAB^EXMtBHnDKxC?zBOhDCtGUtB@dBEjAWFI?MIEa@?GIZ_@FUM[}@uA]c@o@cAWm@cAgBc@iAe@s@Wi@Om@m@yA{@mAWo@i@{@]]u@c@[a@sAoCyCcHmE{HQq@Go@VmEBs@Co@M_Ak@oAQo@KoC@kBHo@Lq@PeBV}AVqCv@_ENk@Vi@Ps@?iAKUc@Mc@D[\\i@zAUd@YXu@`A{@`A[d@SR}@}@a@[g@Gg@@Ya@e@{@e@SoA@}@G{@w@Um@_@}AEw@AgBBq@Lm@Pm@JQr@aATe@Jk@Mm@As@Go@Om@Ic@lAG', 'resource_state': 2}",FALSE,FALSE,FALSE,FALSE,everyone,FALSE,"[41.08860885724425, -85.03883600234985]","[41.08860567212105, -85.03857306204736]",,3.61,6.868,83.6,FALSE,FALSE,FALSE,243.7,224.4,13118390221,13118390221,stripped_garmin_ping_367143581177,FALSE,0,0,FALSE,,
2,"{'id': 60229721, 'resource_state': 1}",Recovery,7331.5,1982,2669,21.1,Run,Run,2,Strava App,12293896244,2024-09-01T00:35:34Z,2024-08-31T20:35:34Z,(GMT-05:00) America/Indiana/Indianapolis,-14400,,,,0,3,0,1,0,"{'id': 'a12293896244', 'summary_polyline': 'yl}yFr`lfOn@Eb@@TAd@?VC~BED@p@EX@n@CDCD@V?F@NGp@?DAD@JAP@v@Eh@AJ@^ANCTSA]DYA[EcA@G?OEOBGCg@@ICm@?aBC_A@OEkBCI@GCO@]AI@OCUBICq@@w@E[@i@E[@W?eBCW@y@Eg@@oAEiAEyFMqG@{BEY@{@Ce@?aACE@c@AG?s@Cs@?eA@ICY?aAEoA@}@CmBE}@@e@CgA@QCk@AE?gACi@@IC[Bc@Ec@EuC@GCOBe@CW@c@EOAi@BI?q@CYB_@EK?w@EsABc@HQNCDQCMDYAU@_@GsB?gBG_BAk@BOIiE?kBEo@AgBIwD@QAqBHMHAN?TIh@Mj@ENEFQ@M?cACSAuEEc@AuAFQFCl@ENC|@Cd@GNDTG\\Bl@GZ@l@EVB~@KFBR?NCRM^BTG\\@LEl@?\\CN@LCj@@XCT@DMK_@BIE{@DSHMD]Ga@@g@XWr@BREVFKFk@Be@FWJDj@?fBB^@j@AFEFMJe@DID_@Am@B{DHK@c@@IBiA@gADc@AsALuA?m@FIJK?KCEDEXAr@DxAAZBhC@vBKNaAN_@L[BMDMLDjAH`E?v@HlFAXBh@?rAHdC?nAFvFAl@GNCPEFW@?R?LNp@Af@Bf@?~ABb@Ch@D^?bABd@?jCJ~DCZBt@DtFB|@?v@FjAAnBB^?z@DtABlDDpB?dABt@Ap@FbAAZD~EAFBb@@zAF~AArDDt@BzBA^BN@pBHfDAhBBl@APBX@t@A~@FrB?f@CX?j@CB[G}CJk@?E@S@mAAq@BG@[AEB_@?q@EKHM?SASGMDU?CB[AYBIHO^MJOGaAD', 'resource_state': 2}",FALSE,FALSE,FALSE,FALSE,everyone,FALSE,"[41.116679683327675, -85.1002028491348]","[41.11690415069461, -85.10036344639957]",,3.699,5.275,FALSE,FALSE,FALSE,249,237.9,13105303079,13105303079,stripped_7C6F40B8-0EEE-4E5D-B04E-AA7EA8BD80C3-activity.fit,FALSE,0,0,FALSE,,,
2,"{'id': 60229721, 'resource_state': 1}",10 x 600m w/ 200m jog,7885.8,1860,1860,0,Run,Run,3,12280845005,2024-08-30T11:30:27Z,2024-08-30T11:30:27Z,(GMT+00:00) GMT,0,,,,0,1,0,1,0,"{'id': 'a12280845005', 'summary_polyline': '', 'resource_state': 2}",FALSE,FALSE,TRUE,FALSE,everyone,FALSE,g18256279,[],4.24,,0,FALSE,FALSE,FALSE,,,FALSE,0,0,FALSE,,,,,,,
2,"{'id': 60229721, 'resource_state': 1}",CD,1924.3,671,835,12.7,Run,Run,2,Strava App,12280979299,2024-08-30T12:54:52Z,2024-08-30T08:54:52Z,(GMT-05:00) America/Indiana/Indianapolis,-14400,,,,0,0,0,12,0,"{'id': 'a12280979299', 'summary_polyline': 'ec_zFxbpfOEFe@RYBWOQc@J}@KqA@IDSLML?PBj@@PGDQIc@ECWA_AYaAKOGE?GGM@[OEGCYF_BRqCBEB]DMDe@Dg@Ao@CWM[G]EEYg@OOCKW_@@[EeAAyA@MCk@B_@LWJCNFLJBJ?ZGXEd@?^DRbAbApBrCbAdBRl@Dd@InC?JDHLLbAb@p@PZB', 'resource_state': 2}",FALSE,FALSE,FALSE,FALSE,everyone,FALSE,"[41.12089921720326, -85.11880220845342]","[41.12108345143497, -85.11864890344441]",,2.868,3.736,FALSE,FALSE,FALSE,242.9,232.8,13091791133,13091791133,stripped_15C4970C-DD5F-4A07-9079-914DEB88523C-activity.fit,FALSE,0,0,FALSE,,,
2,"{'id': 60229721, 'resource_state': 1}",WU,3219.1,922,925,0,Run,Run,2,Strava App,12280301080,2024-08-30T11:18:44Z,2024-08-30T07:18:44Z,(GMT-05:00) America/Indiana/Indianapolis,-14400,,,,0,5,0,14,0,"{'id': 'a12280301080', 'summary_polyline': 'gx~yFtaofOw@Ya@KSMc@KWQMEUMWICCYEKEQCOKK?KGOICEG@KCIG]IIIk@WUCQQe@ECEq@UIGe@KCEG?IGIISCIIOEIGG?KEKIYIMI[EKI[G_@UkC{@UO_@GMMUCMMi@SWGKIQGAE]OYKc@GuAs@QGa@Iu@UQCUMMA]OMAQK[EiAc@QMQEk@c@YYCG]a@KUUw@IMAOWo@COSk@S_AMYGYWg@M[_@g@IQLZPPV`@Th@Pj@DZTv@dA~CFTv@tAPLRTVJPLVFBD\\PVDVLDA`@LpAd@`ARn@VJ@PJd@LJFz@Tb@^h@TVFr@\\^HVLL@NJLBb@Td@NVLNBXLVF|An@b@LRLrAd@TLTDPJh@NVLF?TLd@NHF`AZ`A`@v@TTJLD\\Nt@VZP', 'resource_state': 2}",FALSE,FALSE,FALSE,FALSE,everyone,FALSE,"[41.12053711898625, -85.11638293974102]","[41.12133767455816, -85.1165285333991]",,3.491,4.05,FALSE,FALSE,FALSE,233.4,232.6,13091084645,13091084645,stripped_1BEA64FF-68C1-485E-8367-E49E47E21AF8-activity.fit,FALSE,0,0,FALSE,,,
2,"{'id': 60229721, 'resource_state': 1}",Recovery,11389.6,3184,3560,39.9,Run,Run,2,Strava App,12272726941,2024-08-29T12:08:16Z,2024-08-29T08:08:16Z,(GMT-05:00) America/Indiana/Indianapolis,-14400,,,,1,8,0,9,0,"{'id': 'a12272726941', 'summary_polyline': 'ol}yFr~lfOCp@DVEhAMv@Qd@MDM?_@RAPBLIh@a@lAEXa@tAAd@Kr@m@fBe@j@UKKFWDGb@EPAPENUTG`@KP?NGLAPD\\E^@^IVOfAY`AGb@MVO?]P[AENAb@ETATWj@?FHLl@l@H@NSNDF`@P^d@Lx@x@\\HXRf@t@j@b@Pl@JHZDHHd@bAXFVEFB@HATMRI\\eA~BcAjCEXGdA@VEf@?PErBGr@@NAZ?VENORULUBUQq@YMCqAy@_CaAcAm@KMi@SOOqAi@OKuCgAUC{@e@{@Um@[yDyAsC_A_@SiBs@QCs@[WE{@]o@Wa@Uu@Qo@SSOcAW{Aq@a@KkAi@YGSOo@Os@]cDkAwAw@_@K}As@gHsB_@Wi@Uu@k@U]c@y@COg@}AG]OYQw@]gAo@iAOOWw@Ek@A}AF{EEk@[Ca@WOFALBVKrB@DHBF?DMA]Hu@AeCGkB?yAIaBGCQJ_BFQJINKFo@C[Qe@KkAe@{@g@WIaCsA}@[WEQQkBs@QMMOEOEE_@KaAc@iAiAOISi@_@o@k@k@EYSc@u@c@IOGcAOsAKm@C}@FkAEc@GWS_@MKO[OMUYK@KRA\\EDQhAQrA?PPhADj@I`AU`@_@L{@GeAc@WMu@SkE}CYWGYO]cBo@]_@Sa@EUEo@S_@QIKAEFMh@KPa@rAeArBm@v@]POPs@f@K@KCy@D{ASg@CyBm@s@a@i@m@e@}@O}@IwANsBP_BXeBr@eB^g@v@q@`@g@P_@DWJWFm@Gy@UuAGq@Ai@BWTw@N]b@i@^SRAf@N~@n@RHHHf@P~@HVKVYNe@\\kBVaBV_Ab@]j@Er@J`Bh@tCV^Lh@XjC`C^f@fAtBNRD@JGLAJHX`@l@ZhAC\\Jf@`A^Jh@f@PXH@TRRXfA`A^`@zBjBLR\\TF?PXVPBFXXXPvAtAp@h@v@v@dBvAZ\\b@Zp@t@DLZb@Rh@r@dAb@d@p@f@DVX@b@TZAtAdA~A|@PBVNz@PhAD|@IbA?pEKJC^Bl@GzBGTBt@GzFKdE[vISp@EpAHXITBHEj@CTDTEnAAbBFfAGh@NR?XOLBrBCLEtDIPDz@Ih@DXH^MRSZBnBCd@Gx@APEL@XCx@?dCIREj@?HL?R', 'resource_state': 2}",FALSE,FALSE,FALSE,FALSE,everyone,FALSE,"[41.11414440907538, -85.10272714309394]","[41.11429645679891, -85.10257685557008]",,3.577,5.26,FALSE,FALSE,FALSE,243.3,230.8,13083172413,13083172413,stripped_EC635E83-3010-400D-992A-0984FEF0C1BA-activity.fit,FALSE,1,0,FALSE,,,
2,"{'id': 60229721, 'resource_state': 1}",MLR,12163.2,3446,3738,44.3,Run,Run,2,Strava App,12264180409,2024-08-28T12:20:55Z,2024-08-28T08:20:55Z,(GMT-05:00) America/Indiana/Indianapolis,-14400,,,,1,4,0,5,0,"{'id': 'a12264180409', 'summary_polyline': '{d~yF`kofOFJr@\\jAt@b@TrBz@~BrAd@J\\MNQHg@RwHFaAFMBWnAsCt@wBRa@LEN\\RTh@XZFv@@zAXT\\H`AT`@D@^EVFDCj@Kx@Aj@ODIFCnAAl@L^ZXFr@b@|DvAZFFI^EPHp@JpADh@FZG|@?v@RD?\\WhAMJFt@I`@D`AKf@Df@CH@RGP@HFRGb@@bAG\\DPEVBr@Et@@\\EPDdAEFGTHhAIh@FLCNBvBAdDMhB@dAEv@Bf@GfEGXCv@@|@EdBCv@@d@GzB?hAGPBvAAf@IlAEfA?fAGhBAj@CXDTEfFE~BM|@@DEhCCbCMj@@d@EhEI|@BVGbB?tCKvFAJCBEXHTEd@AdA@|AEHCt@?`@@~DKdDEZFVGzACvAYLBREtBIv@Db@CLDBHETK~AI`@?^MbAA|@D^CdCFnBC\\@hBDbBC\\@`@AFBNA~@@N@zAB`@CNNzFCN@hCCFA^YKWJYC[BQC_@DWA}CPa@Gw@?m@SK]aBsC]Ky@@sCdCUJSVIDk@d@KNKB]^KDSROBSb@E@GHy@n@CFi@b@[NW\\wAjAoAnAWPGJgBxAwArAm@C[Ss@EcFNgBCcBHgD?y@DIMEu@QgA?GMm@]]SCmCFuAFyA?u@FoB?KBkA?_AGa@F_GHsJDmBD}@DcLLeAAaADMCSDOAs@HkD?]EKMBg@Cq@@y@EW@OMa@D_@EaA@QAcAAG?mAAG@OAW@SCE@c@C_@@c@C]CGc@BmBDy@H{AAmBJg@C{@HyAA[DYC_@Dw@XUDKOEQUQ?SMc@Ga@GWCEG]IMA_@Ko@Cq@Hq@AYDODi@CUMIm@E]So@eBeAsB]}@ECg@{@Yw@Uc@ESCg@BuAHs@AU[EWSSCUKg@KUMe@MWSy@Y_@]{@I{@BGBIPkBNq@NW@ECKQM@EEI[Ky@IWOOy@Ow@GUBa@Eq@_@]o@K@Ut@}BpFIXKl@Eh@IhD@VCN?^Cb@?r@Sd@]L]Cs@c@c@MeAo@}Aq@{@c@e@a@c@OqAo@UQw@UcAa@EIMIq@Om@[gAYyAo@IKk@MsAk@WGG@CH?\\OLG?UOe@M_Aa@I?YJYQ[GEG_Bm@_@DGL?TEDUdAITKHEZBNNLNXr@bA^v@Lb@JJDLZ\\^V', 'resource_state': 2}",FALSE,FALSE,FALSE,FALSE,everyone,FALSE,"[41.12051230855286, -85.11637120507658]","[41.121213622391224, -85.11704058386385]",,3.53,5.194,FALSE,FALSE,FALSE,241,226.7,13073575845,13073575845,stripped_AA57D746-C27B-49EF-8215-02E6102CFAB0-activity.fit,FALSE,0,0,FALSE,,,
2,"{'id': 60229721, 'resource_state': 1}",CD,3417.8,1027,1068,8.4,Run,Run,2,Strava App,12255142390,2024-08-27T13:06:46Z,2024-08-27T09:06:46Z,(GMT-05:00) America/Indiana/Indianapolis,-14400,,,,0,8,0,12,0,"{'id': 'a12255142390', 'summary_polyline': '_o~yFrzofOj@j@T`@GV?TDJCFYHKA]OUCi@BUH[Ce@YWGI@CBARFt@@XJ`@F@FH^LZX@j@M~@IDG@WIw@DSCq@FSAKBQCe@DCVEDCZBjAAXIREVKRS~@MVkALIHBrACl@BDFBf@@nAC\\@j@Cd@@DAdAj@Af@C^Mv@Ch@BLPLL?NDHAR@^EH?p@ETBl@@NC^Ab@IJ@p@EP@f@G~AGr@GBCd@?n@ED@j@ARDF?DEE[@MCk@@Y@ECmA@ICe@@_@CqBD]AiBG}A@e@F]AGHUJIF?TI`@IHGDADE`@IHId@MBGb@OTM@ICKMOMo@@a@A_@FqA\\iBTm@H_@Vk@@SCO?c@FmBCUDQ?a@@y@BKAIDkAAe@SWEWCCWCSQG@KCM?MHKRI^GJEVEDe@r@Sj@s@pAGVU`@Qf@CBIEIKUGg@WMOIAc@]WIk@a@s@WSOG?o@YYGu@[', 'resource_state': 2}",FALSE,FALSE,FALSE,FALSE,everyone,FALSE,"[41.12220914103091, -85.1183557882905]","[41.12142308615148, -85.11647270992398]",,3.328,4.695,FALSE,FALSE,FALSE,240.8,230.9,13064207372,13064207372,stripped_00118499-5DEE-48C9-B2C9-606D84311A20-activity.fit,FALSE,0,0,FALSE,,,
2,"{'id': 60229721, 'resource_state': 1}",Fartlek 4x 5 on 1 off,6169.7,1380,1380,41.8,Run,Run,3,Strava App,12254871057,2024-08-27T12:19:01Z,2024-08-27T08:19:01Z,(GMT-05:00) America/Indiana/Indianapolis,-14400,,,,0,9,0,14,0,"{'id': 'a12254871057', 'summary_polyline': 'gb_zFloofO@eBGi@m@oAq@cAGGMYWSISu@eAIKI?QGQOGSAUBm@J_AAUWOO?KLI~@@|AHfC@JFLJ@NNBJJRHFRb@DXB\\F^?TG\\@JIr@CF]dD@RE\\AdABPNLR@H?p@LFD`@@hAZH?PDFBDFDf@LH^CLDT?\\Lf@Eh@FNAp@P^B\\Cf@Dl@@b@Fr@^d@?XKD@HAT@PFFFVDPCp@a@HUJOL[`@a@NE|@CLGBI@OGGa@Sq@q@OSWQOAQD_@FY@}BKq@G}@QkAKUEQ?WGa@AmBSo@MSK]GOGSUCKF}@CYDaACo@MMWq@g@w@GQ]e@CIYa@MKM[y@{@WKOOCGEWToBIUQIQCIFCHCl@CR?r@FjBC`AFPLLHBj@x@Lf@NdACt@W`BIt@OdC@lAJTTFFFf@JFCVHp@D\\HHDb@FJLBLAb@HBh@APBDBXA^FvABNDDB^@VF|@Ad@H^AL@PFf@^PDNEFEh@GPBn@RZIRKFALM^i@Zk@RSNA`@@PANKDI@ICMGGQGMMCIUSKW?IJ_@Jy@FQNAF@ZV^NH?LM`@GVKFI@MEKGG_@CWIo@?MDWBo@\\INS|@IPEDQBUEo@HEAYDm@GcACo@M[CMGq@@WGa@EUEQ@_@CUEEEo@EGEm@E]Oy@Oc@YAGFkDC[MUCOOSEMeA}AGOUU}@uAa@_@GCMKMWEUNwBGQGESCO@IPAb@CRDp@Ct@H`CFPDFDBNXZ^FNVxACdAKf@Ez@IZEz@GZCbAB^CRFd@PFP@FBZDTLf@DNHx@NRBPTBH?RJF^Ap@LLAXBLANDHAFDZFX?p@FT?`@BPCN?RJTDDF@F?d@Dl@DRNZb@JDLNJFP?~@AJELGDKFI?', 'resource_state': 2}",FALSE,FALSE,FALSE,FALSE,everyone,FALSE,"[41.12220746465027, -85.118446983397]","[41.122894529253244, -85.12138584628701]",,4.471,6.702,FALSE,FALSE,FALSE,242.6,232.7,13063925249,13063925249,stripped_85EB94B4-B94B-4F5E-BAD0-FB701F530317-activity.fit,FALSE,0,0,FALSE,,,
2,"{'id': 60229721, 'resource_state': 1}",WU,3218.5,915,922,0,Run,Run,2,Strava App,12254514439,2024-08-27T11:49:41Z,2024-08-27T07:49:41Z,(GMT-05:00) America/Indiana/Indianapolis,-14400,,,,0,7,0,12,0,"{'id': 'a12254514439', 'summary_polyline': 'ex~yFtaofOE?SMM@EEe@SOCMIc@MEEYGCGWGEEe@OEEK?CEYGOKOACEG?UMYECEMA_@UQE[QE?CE[I[MQEo@WSEIIOCGEYKGGYGy@]WISKWGqAi@a@Kc@UG@c@YK?w@Wk@UUOw@Yc@WkA]m@Ye@Ms@[eAUWKg@OIGM?c@QQE}@e@OAKOYMIGq@w@?GSWQo@Wm@m@}BQk@GIGc@OWM]EEUa@QQIUJXZ`@b@x@`@lAHRF`@LXJh@z@~BR\\\\d@\\ZZVjAh@p@NPLL@`A^XB`A^F?XF~Ar@x@P`Ap@XHz@ZRNXFRLRDTLlA^RJd@LJJh@Lb@TPBHHZHf@RF?nBx@rA`@hBx@b@JRL`Bf@\\Pl@Ph@XRFHFXH', 'resource_state': 2}",FALSE,FALSE,FALSE,FALSE,everyone,FALSE,"[41.120509039610624, -85.11637145653367]","[41.121345050632954, -85.1166413538158]",,3.518,4.406,FALSE,FALSE,FALSE,233.4,232.6,13063555438,13063555438,stripped_F35B443E-0C66-4E55-851F-42C224B7CB40-activity.fit,FALSE,0,0,FALSE,,,
2,"{'id': 60229721, 'resource_state': 1}",Recovery,10197.8,2965,3241,42.8,Run,Run,2,Strava App,12246419130,2024-08-26T12:17:09Z,2024-08-26T08:17:09Z,(GMT-05:00) America/Indiana/Indianapolis,-14400,,,,0,4,0,4,0,"{'id': 'a12246419130', 'summary_polyline': 'uk~yFfzofOCNCt@EPBVCNEHKFm@RQ?WO[Cq@Fc@?c@Wa@Io@?c@IcBGc@MaAAqBO_@Ak@Fg@O]Fg@^k@F[NKMEMQKi@PUGq@PKEaADe@CgAB[Bs@C_ILYCw@_@qA{AQKcAmA[Uk@o@aAe@o@g@WISQqAm@GI}@GYBCCUBg@Vq@?GFFj@ALDxBA~@B`@@pBAv@BhBE`B@n@Nb@GNEz@Lb@STHb@C`@@tBDhAAz@B|@AVDNAn@BPAp@Bb@CLFnDBFCRAlBDf@@HA`@Bb@A`@@X@FC^F`CCb@DVCP@bCDt@Af@BVCRBr@Cb@FvB?n@AJB`@?nABj@A~AFb@Ab@B`@AdBDz@C`@Bb@AN@rABP?f@FlAJRDZIzA?j@DhAChA@P?pAD~ACfBDbBCXBhABWELDhA?PEH?RDJE`@Af@BFCVBXC\\HZBh@CDc@PMp@ANF~BAFBNAXBb@E`@D|A?tA@`@A^DdBCb@Bn@Cb@DhBCVBN@bBCl@@XHf@EPEnAH`@CFDPCHFDER?x@E?G[Ye@Uo@c@}@I]Yy@IKWq@}AwEOQq@BSOQFmA?oEQ}EH@BJDhBGVEpAAn@HtBBv@FVC~BBHNTp@NVj@tBp@`BLd@h@hAp@fBPRBC@SCYB[Am@COGEIe@BI@Yl@U?UEm@KIGUGs@@]GeD?U@ICiA@_BCa@BSCg@CWFmACW?q@CQBYCc@EqB@cBAq@AG@]CcB@QI}G?{@f@KLOBOCOAWBc@Cs@B[E_@BQCQ@u@C_@@g@EgA@aBF[CoAEEE?GYBq@GeBB[Em@IiF?y@@QCW@aBCo@Bq@IwB@cAGaDB_BCECaAB_@GkD?}@@c@Eu@?cBCq@@WCg@?yACi@@eAEqADo@CE@OEmAAiCC]?oDC_@?e@LWEIKMD?BQ@_@D_@CUKMCOBYCe@Ba@CuB@G?eAC{@?sBCO?sBAG@c@Cg@FEVDl@IVKx@@DC|@TvA|@rBbAZTxAdBd@`@PXTPj@p@x@n@x@RpAGdB?fBEREhABx@GxBAx@ETIV@RQLALDLZNBROh@An@g@DAx@Ph@Ir@AlANpAD\\Hf@Fv@Ar@JXAl@Ll@ZP@dAQd@TVB|@c@BO?q@Fe@', 'resource_state': 2}",FALSE,FALSE,FALSE,FALSE,everyone,FALSE,"[41.120543237775564, -85.11638335883617]","[41.12108085304499, -85.11693388223648]",,3.439,8.157,FALSE,FALSE,FALSE,250.2,232.8,13055141563,13055141563,stripped_13ABD133-FCEC-4B7A-B82F-993FFC0246E0-activity.fit,FALSE,0,0,FALSE,,,
2,"{'id': 60229721, 'resource_state': 1}",LR,17705.6,4894,5033,131.1,Run,Run,2,Strava App,12238986587,2024-08-25T12:11:19Z,2024-08-25T08:11:19Z,(GMT-05:00) America/Indiana/Indianapolis,-14400,,,,0,11,0,11,0,"{'id': 'a12238986587', 'summary_polyline': '{wwzFfgsfOCe@BGCQ@m@E_@Ac@Dg@EY@m@E_BMQS@UUYDKGAIHYReBJc@AGPaAJ_@Fm@Ja@FcBGu@BY?w@COBcAE{@BgCC]Fq@GiAD{@A}@CQBq@CUBqAGODc@CSDuCCiCDkBG_B@y@CI@mACqC@uBAYBSEmF@eBCc@BiECaBB[EYB}ACi@Bs@Cc@BeAAkA@qBCaBAgDBk@CyBBmCG_BD_B?mBCc@@qDGeCBOEc@BcCC_AB{BAu@Ba@GgF@aBCy@Bc@NQdEGxBAb@Fr@ALE~FIhF?`CI|IAROD_@@uO@WHMPGVBjCKdFEpAe@vAqA|@Uf@DtAb@z@?tBDvAZr@BzCUnAe@NMN?pAg@dAOdBLhAh@l@NVOJg@DiBEgCSoA{@oCeBmEs@}BYo@a@wAGc@Ik@Au@Qe@SMcEBcAEmEPiJ@iJNoODeCHcGC_FHkBAyBJmAAaFLqAUkAo@mBiBWQg@i@Q[}@y@UO]a@oDiDiAoAe@]OYSKqAuAk@s@wBwBY_@qAiA_BiBGAgCoC_A{@o@}@q@k@gAoAqBuBWO_DoDm@Wu@KaD@iADaCC_CFqD@q@Cg@De@Ta@ZU`@Ut@Mv@Cz@DrGA|B@v@AR@pCCt@D~CAbFBb@CfDF~BCpBB~D?|GB`@C`ABnDAfFD`@CbFD`B?xGDnCCd@Aj@Bb@AjDD`FCpABt@APBXElGBPAZBnBArKBt@ArMD`BA~ABnACv@Br@ChEB|AAdEDp@A~BDlAA|@FzBA|FJvDAPBnFC~@D|B?`B@HAtABv@?dEBp@ElADnDEz@D`BCjBBNCPAnCD^Cx@BZA^BjB@jBEv@@|BLX\\LhJSn@Bz@IHFl@GtBDh@Ix@DdACPHBFDxAF`@?j@F\\AXJbCAv@@b@DNA`@D\\B~AH~@VhATlBKf@U^eB|Bg@|@Y~@CTM~B@NGz@ET?TER@PK|@BTKnA@ZGx@C|AGbAA|BKvBA`CKvB@`@EVCjAE\\B\\Ej@CrBCTBVPJRBbCEtAJ\\EfECx@Nf@f@pBnEVv@fAjCVb@Xv@\\b@NHV?tATbEXnHNxF\\tHPP?RMvCCfCBhAGhCBhB[zABTOLYDUBw@ASEG[wAG_@Cu@yBcKYoB]iBOeAUk@Mq@e@gD?[YyBEMA[_@wB_@uAqB{CUm@Ke@IgAC{@BMGy@@gACkB@M', 'resource_state': 2}",FALSE,FALSE,FALSE,FALSE,everyone,FALSE,"[41.250620149075985, -85.13964397832751]","[41.25061470083892, -85.13925354927778]",,3.618,5.236,FALSE,FALSE,FALSE,270.3,241.8,13047382183,13047382183,stripped_93C7E738-C4F8-4D9F-882E-F3ED67094C8D-activity.fit,FALSE,0,0,FALSE,,,
2,"{'id': 60229721, 'resource_state': 1}",Recovery,12911.6,3697,4406,51.4,Run,Run,2,Strava App,12234067639,2024-08-24T22:53:22Z,2024-08-24T18:53:22Z,(GMT-05:00) America/Indiana/Indianapolis,-14400,,,,0,5,0,1,0,"{'id': 'a12234067639', 'summary_polyline': 'ge}yFj`lfOlBEXI@OBB@[Cq@DO@YP}A?cACm@BcAT{DJCPHn@JbAEfADpAILGDOKSBy@GwC@u@GqABKC{@AcABOCkABOEYCiA?{AEuABa@CG?c@CG@_@COAeEEw@Bw@EaAAgBEcAC_CBs@C_@?qAEs@@SCq@?k@G}B@oAEa@@qAEkA@k@@KGkA@u@Ce@A_BCGCsFAUB_@I_@DmBb@Qf@FfCOdB?tI]`B?nCMv@BjBGx@G|@BfFMp@Mx@C~A@jDOpCIjDEr@CVI^CPBbCGjHYnABhBGJBLGJO?WBG^Kz@JN^^J~AIlBCTLX@BFx@GRK^@`@YJALLXEfBGbECz@GXBdAG~BEVIn@AVBdBALGLBbAMDD?LIv@B|@?bCFx@CTB|AJrBET@\\Ct@FbCAv@@`AB\\A|BFrBAfADdEA\\@j@@FF`GD\\BtA?jBBp@AFHxBAr@FnBAzBF`C?~@Bb@CFDZBrDBNAlADnAA`BBp@ALDr@AhAF|BAlABb@A^FfDAt@D`@@`AAx@Bz@AHB`@?jABd@?h@AH@N@|BFvBA^@pDB`@AJFpAAv@BDCr@?z@B\\Cb@B~BBNCj@LfC@hBBV@pAEPHvDAt@Bz@C^F~A?hDJ`EAl@DvDDt@AVBJCnABpA?pBB^Ev@JjA?x@D`@C\\?`AB^A\\BL?`AHv@\\EHNFp@Nl@^~BLZBXJd@MZ?HJj@ARPx@?lADVJXLzADNBXJ`@C\\@PV`@`@B`@b@HXP\\H\\l@pADN?HUHORa@Vu@N}DBkBHaFBw@BQD[Cg@DWEgDDe@FqCFuBAeBHm@Ee@HuBAWDQCm@F{CD]Ac@Uy@{@KGOU]Yu@}@UOmB{BcA_AOUq@o@QWm@g@CG_A_ASGc@m@}@_AOYMGo@q@k@m@AGi@i@m@g@_DmD_Ay@u@}@SMeAmAWMAKcAeAUWSa@KGc@_BW?g@QWQ}@u@}CmDw@q@MOEMSM]a@c@[]e@_A{@g@m@MIc@k@mFmFg@m@_@[sA{AoAkAu@}@wBsBuCsDUOKOSe@}A{@y@eAo@i@u@{@c@[EMaAcAgAiAoAkAq@{@OG]m@WQOUg@e@QYWOU]e@_@EKWUg@m@WKe@k@_CyB', 'resource_state': 2}",FALSE,FALSE,FALSE,FALSE,everyone,FALSE,"[41.115471348166466, -85.09973547421396]","[41.117240600287914, -85.10099552571774]",,3.492,5.03,FALSE,FALSE,FALSE,248.5,227.5,13042234602,13042234602,stripped_2E0D0C37-DCF0-4DC6-A9F7-3AF4C13B9B74-activity.fit,FALSE,0,0,FALSE,,,
2,"{'id': 60229721, 'resource_state': 1}",CD,2539.2,714,726,12.7,Run,Run,0,Strava App,12225593145,2024-08-23T23:43:30Z,2024-08-23T19:43:30Z,(GMT-05:00) America/Indiana/Indianapolis,-14400,,,,1,3,0,2,0,"{'id': 'a12225593145', 'summary_polyline': '}o~yF`uofOLAZURDZARDREBGAQSWAQK]Io@@IE_@Au@?EBCIm@DWNEF@^CZKN_@DCF?DBJJXFf@Vr@THH`@THHXH@D\\NJHNHJJLDd@VPBJHDAD_@`CaFXs@POFYJSJGL?JJTF\\RHLBNREf@yALSZw@hAwC@OBGCMGCUHQCIMOa@S[KISGQISi@u@u@Yc@EEKAOMYIQUc@_@g@UMSOi@GAMPS?k@u@ESFSZ[F_@Zy@XMVUFM@OL_@XkABk@FWDm@AmA@IJY@[`@i@DYL[Lk@Zs@FWJIBIB]REJQXIDGNKLMEMh@oBBk@Zg@BMFy@HOd@IJIDWJWDMF_A?g@EU?aAAaA@mAC_BMiAOg@IUUOUc@K_@CE', 'resource_state': 2}",FALSE,FALSE,FALSE,FALSE,everyone,FALSE,"[41.122217355296016, -85.11846760287881]","[41.116823768243194, -85.10097272694111]",,3.556,4.516,FALSE,FALSE,FALSE,241.4,230.9,13033391572,13033391572,stripped_7617A2D1-21E1-46DC-B8F7-09D97222DC9E-activity.fit,FALSE,1,0,FALSE,,,
2,"{'id': 60229721, 'resource_state': 1}",Strides,1117.3,221,452,5.6,Run,Run,0,Strava App,12225521481,2024-08-23T23:32:45Z,2024-08-23T19:32:45Z,(GMT-05:00) America/Indiana/Indianapolis,-14400,,,,2,1,0,1,0,"{'id': 'a12225521481', 'summary_polyline': '', 'resource_state': 2}",FALSE,FALSE,FALSE,FALSE,everyone,FALSE,[],[],,5.056,7.168,FALSE,FALSE,FALSE,239.1,235.5,13033317761,13033317761,stripped_6242D634-9F78-4C36-B5A5-4D46D7E0FF7B-activity.fit,FALSE,1,0,FALSE,,,
2,"{'id': 60229721, 'resource_state': 1}",Workout,7061,1457,2840,51.6,Run,Run,3,Strava App,12225476166,2024-08-23T22:40:45Z,2024-08-23T18:40:45Z,(GMT-05:00) America/Indiana/Indianapolis,-14400,,,,0,5,0,2,0,"{'id': 'a12225476166', 'summary_polyline': 'ib_zFboofO@g@@E?c@DKCWEKU[AIIOSWSc@GECIUWCGYa@EK_@g@IQq@s@WMMQCWN{@Dy@CKIKIGU@I@GJAJ@f@C\\BdAATD^?x@Dn@b@b@JXHFFNN`@Jv@?x@It@?LGt@CFA^Id@C|@Gj@A|@FPHFX@ZJH?LBNFVDLFX?BFF@ZFVJLL@^BFH@d@BXAPDZCN?P@NF^CXJXBDAPJFCFBz@EVDH?d@H\\?PTXHL@lAG`@JLHF@RERMF?DCJKJUCc@HgAFQ?[Hc@AKB]HSNLPZTRFJ^^NLDPKZGDSAGBYGYDOAmIyDSAOEg@?oAMg@Ce@K_AI[MSEG@UGo@a@EKAM@s@HsAGs@U]GSU[O_@UWAIa@m@KOIEO_@WYYc@GAGIICOMQYAULc@?e@Fm@MSYEQDEHAN?l@AHB^Af@BTCj@BVAh@BTDHHLHB`@x@NPRbADp@Er@CHCf@Id@A\\Ib@AXK~@@\\CN?r@FNDFj@NL?h@LzB^HLJh@DBVA`@FFALDFAl@FXA^HLEj@Nd@FLAT@ZCz@NJAPBd@V\\JTAn@MTBl@NXId@SFI^s@Za@f@Kj@CFCHSCMIK]MOUm@o@WOKCi@DEAO@WEiAA[G_@AgAKaUk@GhBDZFL|@PN?b@H~@L`@NP@HFBHDd@FHLHf@G^BLA^HRAVDVCVDFDFAd@Hd@AVFJCH@^?HD\\DRFFHf@LHAJBPEFGd@At@RVA^QRQL_@\\_@R[PCX?JE\\CFCDKAIIMWOUWOIY]g@[[AOBo@G]@u@KG@UCS@QAEEm@Bo@O_BAc@Im@Ec@Ig@E_BYe@SSWCQF]Ac@Fm@CeAGUkAuBSUIQGEUa@_@c@_@m@]W]_@GQ?YN}A?UGKc@IMPEf@?`CBd@BrADR`@`@HTTRP|@Hp@EzAMx@Ab@Mp@G~@ChBHZDFT?RH\\HDBnANZNNBR@JHDh@LDf@ADDl@@R@FDl@BLDj@BLFP@V?h@DTCLBj@@f@Ht@^RALCN?FCNAZBZJPBNCb@SJOBIZ]NY`@a@`@AVEF@NIBKG]c@GAIIIIESSK_@w@Ss@JQEu@C', 'resource_state': 2}",FALSE,FALSE,FALSE,FALSE,everyone,FALSE,"[41.12222766503692, -85.11843105778098]","[41.122181229293346, -85.11845637112856]",,4.846,7.924,FALSE,FALSE,FALSE,242.6,231.8,13033270681,13033270681,stripped_CB2F17D6-7A38-4F03-A70A-19152BE83D5B-activity.fit,FALSE,0,0,FALSE,,,
2,"{'id': 60229721, 'resource_state': 1}",WU,2700.8,716,743,13.7,Run,Run,2,Strava App,12225198209,2024-08-23T22:21:32Z,2024-08-23T18:21:32Z,(GMT-05:00) America/Indiana/Indianapolis,-14400,,,,1,0,0,2,0,"{'id': 'a12225198209', 'summary_polyline': 'ut}yFjqlfOTNJBF?PJRCNGVALEJ@LFPPLVDBDHBC\\FBJA`@DbA?dBDt@CND\\Ab@BnAGlAEVSl@GD]BKDIJEfAQf@Mr@KR[fACl@ENGd@S`@CNSl@Yf@IJG@OEQBKAKJCFAZIZK\\OX@RJRAJCHOROf@@RWtBI`@Gb@Qt@KL[HEDM@MGQNEF@d@GPAPQ\\GVNXTJRVN@BABMDCDAD@F^P\\LHJ@\\R`@f@XNJB^VFHFPV\\VJHJNb@LPXHPNN^DBDPFJLFFARIDBJHANCJKNGTOVi@xAIJI^GDWt@QXMd@MDI?EGGQOQIAe@QK?MFM^aApBWt@g@x@M^[l@K^EBG@USSG]QWUSIIKg@Uu@e@QEQKMAWQ_@KSKKAGCCAKFGZOHSB[AQJGL?JBPLbCJn@Rn@H^?HCDSDGCSAEBGCc@AMJ', 'resource_state': 2}",FALSE,FALSE,FALSE,FALSE,everyone,FALSE,"[41.11718184314668, -85.10075555182993]","[41.12214175052941, -85.11844614520669]",,3.772,5.238,FALSE,FALSE,FALSE,241.4,230.9,13032984674,13032984674,stripped_FF88B2BA-667A-4D7B-9BA6-72A004BB6615-activity.fit,FALSE,0,0,FALSE,,,
2,"{'id': 60229721, 'resource_state': 1}",Morning Run,10897.4,3022,3072,18.6,Run,Run,2,Strava App,12213874753,2024-08-22T13:22:51Z,2024-08-22T09:22:51Z,(GMT-05:00) America/Indiana/Indianapolis,-14400,,,,0,5,0,11,0,"{'id': 'a12213874753', 'summary_polyline': 'ex~yFvaofOoBq@UO}B}@q@So@WMAoAg@SM{@]wAa@gAc@IIE@eBq@SE_Bq@yAi@YGWOI?q@[m@O_Ag@QEi@]}@UKGSEIII?wDqAeBc@}As@y@m@g@o@Yq@CUc@qAAOEE@GOYq@eCm@eASQS]G}@@kACWKWCiFIqE?wAEs@B_AAsC@OEgCDc@CI?_@@[RKl@VLG~@JN?HGHc@Xe@~@gAl@_A\\QBQAO@MDKRDr@KfA@v@GnAAdAGx@@`CIBWDIBi@AK?[Cs@@{@CECy@Mu@?}@K{@A{@Fu@GKQEGSPm@?GDSDoAAS@_@Ii@Ac@@IAa@N[Ee@@sABYJSFAfCIh@@z@In@@ZGX?FGD_@AcAKcE?mCE}A@MEa@?cA@}CLq@V[b@ObCKb@@JEPBlAKV@r@A~@KHEj@GfAYj@IxEGjAIdBADCBOASBo@?yCGgA?s@@k@EsA@IAeAEc@Be@C]CaA@k@Dm@VmADcAIu@EM[e@[W_@KeAKEBaBEqE@k@CYDMCCIWoDAa@Eo@AaECQA}@AGCAUHs@BeFF{ELwBJq@AaFPEJDv@Ad@D|@Pp@Ad@B\\Bx@A\\DHR?HHL?x@ZLNVd@Bh@@bAIf@KfAAl@Dh@Ix@FLn@h@Xb@Nb@Jn@DxBEVKDy@D]Jm@l@AF@R^x@J\\PVDPRT@HRTRj@F`@Ab@Md@OP[TMBaAn@m@VmBb@c@@EQ@WG_@Ai@Q{@IqA?QCk@EMAWQoAQU[Uu@Uw@]SO[KKFMf@o@bAq@Z]F[Am@FKCwCJ[HU@}@XCBCNB^?x@FnECLFhD@bCBXCNFxB@bCBb@@tABLCZ?jAH|DCPB\\Ab@FlB?tA@r@A^BN?lADPAXBRCZ@HAf@DpAAHDdBCJDLEL?HRbAAHI^FlDDb@Ad@@NAt@D^APDdA?VBd@CX?t@B|@Ab@@^CFBp@CNBb@AP@b@@xBB`@Ap@FxCAN@ZAPB`@@|BBXJXC\\BVAVHr@HVn@v@\\v@@PFVVl@Nx@Tl@XdA\\z@b@n@v@p@b@X|@\\x@R|Aj@l@LpDnAXF`@RTR~An@fA^rDxAv@TvBx@PJzCfAx@VtB|@xBr@vClA', 'resource_state': 2}",FALSE,FALSE,FALSE,FALSE,everyone,FALSE,"[41.120522283017635, -85.1163823530078]","[41.121337758377194, -85.11642510071397]",,3.606,4.857,FALSE,FALSE,FALSE,245.1,232.6,13021218190,13021218190,stripped_5AA31363-82E3-4DAF-8937-90DE3B1872B1-activity.fit,FALSE,0,0,FALSE,,,
2,"{'id': 60229721, 'resource_state': 1}",Morning Run,11281.7,3150,3226,33.4,Run,Run,2,Strava App,12205281008,2024-08-21T13:20:11Z,2024-08-21T09:20:11Z,(GMT-05:00) America/Indiana/Indianapolis,-14400,,,,1,5,0,3,0,"{'id': 'a12205281008', 'summary_polyline': 'qd~yFtkofOnC|AdCbARTPDlAr@p@Xb@MTa@BUA[BUBwBNkEdAeDtAkDV]D[PWFa@NWRaALc@h@sCnAo@l@GHO?SPm@LaAA[VKHAJLzAf@@ACSFSB[JC|@f@~@Zh@VHN?HKXCb@Ih@KbAAb@CLCb@Of@Yl@AXPd@XDp@RVPb@LPPXjAFp@GLOv@KJKv@IHS]eAKYF_@@IIESMGKF_A@KCKBKHMPQv@KVE`@GLEXe@tBCVGNMdADNPBHER[`@ATH`@Vd@b@dAnAh@f@z@d@pAf@j@b@b@~@v@dAd@x@JFb@z@r@bATTHTHJr@nB`AbCXbAPZJ^PVJX^l@t@nBTlA@|@DNIjB@`@Gl@Gb@QR]Gm@F}G@}@r@MDWCOBo@?KHH`@AjAJ|AvAlELf@DbAEhAMfAGLKdA@fEDf@C`@DpACn@BNA|AB`@?lCD^AXENIEEo@KSBSE{B@]AiEG}ADw@LSHYEUAe@Dq@Bc@^sC@eAEg@QaAEES}@_@aA[sAGsDDI`@BDC|AAL_@^WPELDpBElCCt@BLEJo@BwAD[AU?kAKsAUo@G]We@I_@EAM[SUUm@OW]w@a@mA[gAi@kAWaAa@u@[[S]ECO]W[EMy@iAIU_@][k@e@i@o@a@s@W{@e@w@u@u@eAa@_@c@U_@Ia@FSPOEGSR{@Jw@BEt@wDXgALOHIREzABX\\ZK^?l@Hh@XBAFYBg@NIFKAKJw@M[Ca@Me@KMYIII_A_@e@IMQCU?a@R_@Nk@PcCXsB@c@]MQM_CaAG?CD@\\Mf@G?_@Ww@[UIEFKXB\\g@~BIJOCk@Ha@t@k@`BSV{@hDOVI^OVGRq@zAu@rBc@~@QdAAhAIbB?v@E^@NCVAz@ERSVe@JKEUQM?}@c@UUk@YgAa@oC_BeBaAYGSMkBs@eA]SOkA]mF{ByBm@mCmA_EsAuAm@IIWCk@QsAg@eAi@w@Sc@UcDgAOKcE_Ba@WmBo@u@_@mFwAkAc@UQc@S_@UWYe@q@CMOIGa@S]d@lA\\j@nAfAl@\\v@VtA^NJrD`AjAj@t@Rv@d@nDnAJJbA`@zCdAjDtAfBh@NBFEVX~Ap@jBl@rClA|Br@lFxBvA`@v@`@bA^@JEJ', 'resource_state': 2}",FALSE,FALSE,FALSE,FALSE,everyone,FALSE,"[41.12032983452082, -85.1155113056302]","[41.12127204425633, -85.11681770905852]",,3.581,5.18,FALSE,FALSE,FALSE,243.6,229.9,13012313780,13012313780,stripped_3F683FCE-6716-4908-A962-43656B1B401A-activity.fit,FALSE,0,0,FALSE,,,
2,"{'id': 60229721, 'resource_state': 1}",Night Run,7075,1953,1953,38.6,Run,Run,2,Strava App,12200861410,2024-08-21T00:00:07Z,2024-08-20T20:00:07Z,(GMT-05:00) America/Indiana/Indianapolis,-14400,,,,0,1,0,2,0,"{'id': 'a12200861410', 'summary_polyline': 'gs}yFhrlfOHDR@NHPZTN`@h@ZBPJZFJLGl@B`@CF@h@FXAPBfA?lCIn@M\\CPINEBSAOFGBEJG`AU|@OXa@`BER@b@Gf@CFS^]~@U`@MLQIS?GEEBGJC`@Qj@QXEL@TJXAZY\\KTAr@Sx@@PMl@APQv@Ip@Ur@Gb@Fl@Gt@@P@HDDXf@DBZDZVb@d@d@NNLVZN\\f@ZNh@LPTFDANNN^DBDPHHTFLCHED@DJCRIHOh@_@n@I\\CDK\\KTED{@vBANK`@ARBPEr@@NEf@@HAP@VGb@@RGfB@p@?XWl@I^Wb@ALGNIh@?DCN?FE^ChBHh@L\\BTCNCBU@IHa@LCDi@REDeBBe@TUDQEc@@c@WOA_@MQMKMWOIMSKGOMKICUQQW[GUYQCIKMEGDKTEASDSJMA_@OYGOFYBKDS@UGIGe@YG?KBENDRD^Cb@N^TPVFHFNPHTAz@Od@I@IAOIQBe@CMDW@OCYDECm@FWEEI?IDKh@i@CSO]CWCGGCG@GIICKBSCOYE[CEICSLGJU@ECGBGNIJWIG@OJWAGCE@IFEPKHWDYJM@KGIQIKEM?IH_@D[ASIc@ASBMN_@HIj@Nb@ALE@USa@ECEB]CUKe@M_AOu@OKGCGCQDQ@cAHcADQLgA?QLw@Di@?e@Eu@GMC[Ua@[[GQQOIS@]CU?q@Ey@BcBF_@FMFCJBJJNRIb@?NEL?RE\\F\\FHd@VdAtAbC|DN^TPJBLTh@b@NHp@TZDb@An@GJEdASx@MDCJ?DCPEh@AFC\\?hAGJ@VEL@TELBBC^?NCJ@h@Eb@Jt@`@JBPPjAn@JDbAn@t@`@LEBEBYTy@Tm@hDyHJILCbAh@PPN@BGBWLO\\u@Rm@P]d@uAVi@J]@GCGGCG?MJG@MGUWESOWOM[KEE[w@UKOO[i@QMw@[Y_@QGSQ[QIKGWEi@Fo@C_@@SFO@QBEJcAHQ@QFM\\mCJ]BYAq@CGDg@b@oAHK?GJSFm@JSHEJ@NHPDN]JGHQ@ELYH]N[F[FiAHMT}@Jo@FKDELa@Fw@DE?MHKXCNIHKFa@J[DU@g@Em@?iBBMCOAu@?YCg@A}@KeAKg@KUIGUYOEWAWHK?MCEGCSF[C_@', 'resource_state': 2}",FALSE,FALSE,FALSE,FALSE,everyone,FALSE,"[41.11755592748523, -85.10192725807428]","[41.11723012290895, -85.10099334642291]",,3.623,5.268,FALSE,FALSE,FALSE,242.9,230.9,13007613271,13007613271,stripped_D613D9A5-6F05-48BA-B6A1-75624197A8F4-activity.fit,FALSE,0,0,FALSE,,,
2,"{'id': 60229721, 'resource_state': 1}",Afternoon Run,4187.9,1175,1963,52.1,Run,Run,2,Strava App,12106315936,2024-08-09T21:24:30Z,2024-08-09T17:24:30Z,(GMT-05:00) America/New_York,-14400,,,,0,2,0,1,0,"{'id': 'a12106315936', 'summary_polyline': 'wvsxEtuu~MG@ECYD_@NWTEBg@^MRKFKDO?[RMBOC}@y@a@MKIWAWKe@GUIYCYKIE}@GWKOCEE@c@C_@@OAs@Gc@Oc@a@g@a@O]G[Ka@@SFMFUTGNQXYCk@UQCMGE?ECU?_@F]NO^YTKNSNORQHa@JGAYFGAoEd@}@DKFY@CBe@@[KQAWOMEc@[]o@K_@[e@IUU]Mu@AO@UJKl@GDCHS\\PL@JC\\JPAHBJ?JCP@TCx@[RQDAVSLSZ[?Gh@}@\\q@HUXg@Pg@DCJ[DCJ[NUTg@HK^y@NOL[d@u@b@kA?GGES@dIkL_@YK_@GKIEYA_@GOHo@Be@NYTIRM@c@YSDYCaA`@wAJc@HIJWLGTALDJH^P\\b@FJAn@PDLBrB?RCFDVHPHFn@LFFPFb@\\Tn@LNAFSL?FEJg@~@AF[h@Yl@U^IJg@hAMRMDILa@x@Mb@UX[p@ED_@n@]TQRoAd@YDqA@ICYEY@WEGEM?hJlHtAQf@ANGj@CNENA\\IRMTYHE^c@TQDIJG`@Kd@@HBV?LF`@DHDZFf@WNQXGHANBn@NPHVNT`@RdANhA@d@BDLBf@BDBZ@`@FRDJFF?VJ\\FBBl@JTHNBZJJNPNFJRJ', 'resource_state': 2}",FALSE,FALSE,FALSE,FALSE,everyone,FALSE,"[35.65787731669843, -78.59633138403296]","[35.658222902566195, -78.59608126804233]",,3.564,5.278,FALSE,FALSE,FALSE,92.6,73.9,12904083592,12904083592,stripped_AC92A2AA-C669-490A-8AF6-2C0E8268DDEE-activity.fit,FALSE,0,0,FALSE,,,
2,"{'id': 60229721, 'resource_state': 1}",Night Run,9664.8,2597,4847,92.9,Run,Run,2,Strava App,12091353964,2024-08-08T00:24:17Z,2024-08-07T20:24:17Z,(GMT-05:00) America/New_York,-14400,,,,0,2,0,1,0,"{'id': 'a12091353964', 'summary_polyline': 'kvsxE`uu~MUCw@Js@d@mAnAIBa@^G?MGa@g@s@a@sBa@{@Yy@Iw@AIe@Au@BKEi@WiAKSo@_@q@Ma@@SD}@z@WEk@[u@Sm@Dc@Pe@h@[RQVOJi@RcAL[AgAH{@Nw@JcAJ{@D[Aq@Y[c@q@qAECEJFJRPTb@f@j@h@Xp@BfAOh@CPE`ACb@KzC[\\K\\Wh@O\\e@n@a@d@C`@Hb@RXG`@LRK@IFGLC^U\\@XLj@Hh@`@Rl@BN@ZCv@DPHLBNJPJD\\Gp@@jAXj@Tz@Rh@^LPF?d@p@PDPELSTGPUVOJOJE`@a@x@Y`@Ab@FXGXLz@NLFDPf@Fj@X\\`@`@|@RTNZEr@DAt@h@Xj@V\\Xp@r@~@HFZHn@p@pAt@L?RJ\\BbAX\\Dd@RBRATO~@SjBMx@EDQlAEn@O|@BN~@\\t@NP@HKJ{@VaBB_@R}@FMLgAPu@XYHW?SEGEi@D]?m@Jk@GWmA[[Cu@]o@w@QOKUBJRT`Ax@dAZnAf@BPK\\OrAGTYFUNWOq@K_@^OVIDoBe@GECSM]W]kAm@mAmAy@eBu@Pe@V{@RkBr@SBg@Tc@Je@V[t@?vC@d@F^P`@\\TtA\\LALOPgAEoCIMAGDOCgABcADIjDgA\\[n@^f@v@z@~@p@b@jAh@FFHZKiGv@iADAP@dA|Av@l@fCr@DD@NGZA`@Kl@ETYZ_@BiASQFKPEL@HGj@QdAG|@@VQp@UbBAFMFARIHa@AKG}@Ma@OAG?QXoCJg@B]H_@?MFSNaAAIJa@Ck@[g@a@Ci@c@Hk@RQhAwALUJG`@i@LCJH~@vAZ\\v@Z~@PZNL?HHDTQlAWv@UBON_AUSKaCg@]LGLSl@UbB[dBOh@SzBDXFBt@Hf@NFqMNKNChAXpAVr@HTIZ[XeCKO{@KCE{@Su@q@UWm@}@MKSH]b@UPMR]Zy@lAMNQHMCQ[_@[OWSMUU]OULwCv@iAd@SLO@k@T[\\GLE^CdCFhARf@RPzA\\LCDI?_@DUCc@BqBCO?mADsAGKBMZGPMv@WTE|@a@RSFm@IUEAk@yAoAgCi@{@YS{@YkASqA_@[Ck@Ay@JWPCF?FJFNa@b@Mr@Mh@H', 'resource_state': 2}",FALSE,FALSE,FALSE,FALSE,everyone,FALSE,"[35.65780431032181, -78.59607112593949]","[35.65768511965871, -78.59653070569038]",,3.722,6.518,FALSE,FALSE,FALSE,91,74,12888351911,12888351911,stripped_F99F1A52-EBF1-4F4A-ABFB-848428E9B24B-activity.fit,FALSE,0,0,FALSE,,,
2,"{'id': 60229721, 'resource_state': 1}",Base,11301.8,3055,3680,31.5,Run,Run,2,Strava App,11928594913,2024-07-19T15:19:29Z,2024-07-19T11:19:29Z,(GMT-05:00) America/Indiana/Indianapolis,-14400,,,,0,1,0,1,0,"{'id': 'a11928594913', 'summary_polyline': 'sa|yFjcffOyBOg@KOIUCwAg@g@KwBgA}@YiAAuA`@M?WJg@Jm@AAGDWCY@SAG?s@Ea@@s@CGBe@Cs@BICG?k@DOEYB_@CI?m@EM@g@Ga@Ba@CI?YBs@?k@E{B@c@CG@_AAG?c@CY?}@?SEI@[CQ@SCY@QC{@BYCc@AiBGUoCF{@AaADEB_@@YCc@@QDKASDs@A[Fm@?SD[Ag@DWAsDFMDc@?SD}BB_@FuDFYD}A@{ALQFcDD[Fq@AUDGCs@EYFYCkDNk@G]Hq@Bg@Ai@Di@ASD_AASFYCYD{@AsAHq@AqAH_CDw@?w@FaB?w@D[COD_AAy@FUAcCF[EUD{A?UB[CaFL[CmBBmADkEBYBKAu@JYCOFEHH^AN@XADNbIAxAD|A?h@@^HTBjAFj@CP?ZC\\Dj@?r@B|@Cl@DVA`@FdBAP?ZCPFhBB|AAPDFCvAHn@Cb@Bb@BhDBHCx@Dz@Gb@Bj@@FCr@ONIAuGJmAHYFo@DGNAp@Ih@BTAv@@vAALKJDaHKCaBHIIEOOOGQE{@Kw@Ee@I?MFQC{@FmCDIJ@PIh@BlAALBNAn@W?QFKAo@LU\\ITEfAB`@A^HzFFb@LDJI^?JLL@RNCZL`FDh@ANFJAZBVALBbDDt@An@Bd@AVBZ?pBDt@DnCNDr@EbBBhCKV@b@Gn@@lAEnAQ^ATGpDSpA?`ADd@Gl@c@pBCh@HdAGZBZGV@p@GTQr@W^Yh@M^BBH?Zx@v@D@NIh@@z@IlAATN@f@LBJG^Bp@ENBb@GH@fACrAIzGOT@h@ErDI\\EPFh@EHENM?QBEJETBdBIRDj@KRD^Et@?lEMXEpA?XEDDZEP@ZGtA?ZI`@?^Kp@CPEXTJh@j@Ch@QNBlBBlAI`EEdGOtA@HITBPMNDvHUlA@pBKT@`@LZKz@@t@Gp@?p@ITBZCt@?jBK`@Dz@Gb@?\\Eb@?~@G|@?TB~@IdDGhAGh@BpCG~BKZW@k@GgCAeBC_@?_BE_@@G@gAE[AuAWcAWc@a@iAIe@AQGa@@w@E[@g@EsABe@AK?y@AIGeB?iBCG?u@Es@@ICYBSCY@QCIBa@CGAo@?}ADc@AI@SBGD[B]G]@[Gc@?IEQGCi@JyABaCL', 'resource_state': 2}",FALSE,FALSE,FALSE,FALSE,everyone,FALSE,"[41.10723327845335, -85.06951611489058]","[41.10941290855408, -85.06947437301278]",,3.699,6.497,FALSE,FALSE,FALSE,248.5,239.4,12718898268,12718898268,stripped_EA7F70F5-FF78-4D12-B5BC-3ADE959222DE-activity.fit,FALSE,0,0,FALSE,,,
2,"{'id': 60229721, 'resource_state': 1}",Speed Work,346.7,49,49,0,Run,Run,3,Strava App,11858882816,2024-07-11T01:58:57Z,2024-07-10T21:58:57Z,(GMT-05:00) America/Indiana/Indianapolis,-14400,,,,0,2,0,1,0,"{'id': 'a11858882816', 'summary_polyline': '', 'resource_state': 2}",FALSE,FALSE,FALSE,FALSE,everyone,FALSE,[],[],,7.075,9.162,FALSE,FALSE,FALSE,245,244.2,12646641747,12646641747,stripped_FFCF1246-18E9-4E8B-A1C8-D0D91007A121-activity.fit,FALSE,0,0,FALSE,,,
2,"{'id': 60229721, 'resource_state': 1}",MLR,6556.1,1752,1919,20.4,Run,Run,2,Strava App,11858860645,2024-07-11T01:21:29Z,2024-07-10T21:21:29Z,(GMT-05:00) America/Indiana/Indianapolis,-14400,,,,0,2,0,1,0,"{'id': 'a11858860645', 'summary_polyline': 'ap{yFftffOBt@CLF~AAb@Dr@C~@H~ABbCCNDX?dAPjANn@f@`APt@BXDJ@lADr@ADBlDFnC?jAB`@Ct@Fd@@|@CPBdAAP@FA`@F|BA`@BH?^@H?b@Db@CH\\lAAl@FbAA`@BXAtABZ?z@Bb@@`BBL?|@ETBTAb@Dd@?j@BRCp@HlA?dB@HC`@B`ABPAt@Bt@AJBp@AdBBh@?d@BTA\\B`@Ad@Kd@E\\GLCNDJAhA@D?z@DzAAJBVCb@BX@`C@`@FNA\\BNC\\BF?NBZFdGB\\Ad@JzDAf@Dl@?|@HrCCZCBI?]Ew@FeA?a@Di@AMD[?G@MAUBKAWBCC]F[AUB]A]BEC[DqABk@?OBq@?OBm@@YCO@MDWCe@KK@g@F_@NSEWDM?a@Bo@?}@DKCSBSAwBHECsAHaA?iAFSAc@Bu@?s@DKBECUBKAYF[C[BWAa@BY?[BCAk@F_@CgAD]B_@@KACEFc@Es@@c@Ca@@a@Cy@@SC_AKi@IQKOGCEO]a@O]Kg@@}AI}@EQ@IGQ@KPIFKHc@Xe@F_@Hy@Ec@@G?e@@EC]BMC]@OCS@YAI?kAEu@BIA[C[@SEsB@s@Ec@@OAI@GAq@@QBELCPBJCDCFBLAV@JCNAL?LDDCR?PIX@DAD?b@CN@JEPBd@EJ@XCz@?BCZ@DCJ@DCDBT@DC^CXBDEPAVDDCj@AD@h@E`@?FEDGAi@AI@_@AGAmAAI@c@Ca@@QCY@o@C[@MAQ@[Gq@@s@C_AAiBCM?e@@WEQ@YAQ?q@Ce@@s@AQ@IGsAB{@CO@SEqAA{AC_A?iBGeC?g@Am@CMD[Ca@@s@AI?w@Cc@@SCO@GLCH?TMTBfAGNBp@Ex@?FCh@?VEp@AJCh@@JCR@l@CNODMTYLANBVARGBUCg@?kA', 'resource_state': 2}",FALSE,FALSE,FALSE,FALSE,everyone,FALSE,"[41.10718348994851, -85.06950362585485]","[41.10947610810399, -85.077353278175]",,3.742,5.676,FALSE,FALSE,FALSE,248.2,238.1,12646618705,12646618705,stripped_FDB3A7BD-CEC6-434E-B2BD-AE5BAF659162-activity.fit,FALSE,0,0,FALSE,,,
2,"{'id': 60229721, 'resource_state': 1}",Base,9665.2,2192,3563,24.4,Run,Run,3,Strava App,11850618041,2024-07-10T00:15:34Z,2024-07-09T20:15:34Z,(GMT-05:00) America/Indiana/Indianapolis,-14400,,,,0,5,0,1,0,"{'id': 'a11850618041', 'summary_polyline': 'ao{yFzsffOAh@GZAbACVFpBC`ADh@?~@Df@AjACZBF@`AJrAT~@`@|@FTJlAAl@F~@?b@B`@?`@BX?p@DfA?n@Ah@@F?l@DT@bAB^?^Fb@C\\?bATb@J`A?tAA^?TDTA\\Dj@E^Fh@Az@Dh@AtCDh@@fFBP@hBFtACj@Fx@E\\DdA?^CFBj@@v@C\\HvBCf@DTA|@B\\@|BBJAtADREHA^Sf@Aj@EVFl@EZBh@AHBJCPD^Ah@DV?jABb@C^J^AHBR?d@HfDA~@Db@Aj@D\\CJBv@BH@VC\\Dh@Cj@F`@CJAVN|DE\\?t@JpBCPBj@GbBFVC~@HhCCzADx@BbBAj@B^C\\BfAAZDr@AXBl@?f@DRCR?TB~@A~@@JBbCAHGDk@VSAi@FmBh@MAhFkJGeB@e@AK@MCaAEYD_@Eg@@s@C_BBG?s@G]@wAGqBBIAGHMKo@@u@C]DUB[Em@@SIuAqCDUBSC[J}AC_AJ[G]HWCm@Fq@AGDOB[EED_@?GB[EsAHo@?QD_@C_@DWMF[@]QEsA\\QAYDiB@qAHeA@s@AUDQC[B{CDi@FoADUCwBHw@AMDw@?s@FeA@]DOAyADIE?MD[EgAAaEEOA_@KWQ]IEa@m@KUEOAQGYD_@CI?q@QeBTe@F[Zk@H_@Dm@A{ACe@MWMG}@FqAAMOEWBICI@{@C}AAKCiA@}@Ea@@{@CkB@SFORSF_@Cq@@kBCk@By@CWCoA?gAKcDCcE?_@Cg@By@AIA}@Ce@Ba@E_A@g@FSKUAKBI?UE_B@]Ek@@]Ek@Di@KeFBQE_@@ICqDDETFVEbA@|@C`@GPBnBGVEDEfEGXGn@DVGl@DZG\\DVGNBd@Gh@A~@Nd@Q\\DXCj@@XEj@B^KdAC\\B`@Ez@AXGVDp@APGXFVGrBCNADE^BXEtEEt@IXBXErBCDB`@GT@~AGj@U?cAAIDi@Ea@?uAE}@AmBIgEEIIE]PEEm@HQCi@AIBiAYe@UYWu@y@MU@?OMs@cAYYOWGAMOCIyDeZY@QDaA@kADQDUCqADa@DiA@ODUCQBkA?]FKJCHB`@CZ@|AD`@FLPHPId@CVI`@Bj@IZDNEvAC^ElAAVExFHr@JLNTJJATY', 'resource_state': 2}",FALSE,FALSE,FALSE,FALSE,everyone,FALSE,"[41.10721374861896, -85.06953078322113]","[41.10781481489539, -85.07016504183412]",,4.409,6.162,FALSE,FALSE,FALSE,248.5,238.1,12638103954,12638103954,stripped_69A62B72-C42D-46D1-90AA-B99C05645B27-activity.fit,FALSE,0,0,FALSE,,,
2,"{'id': 60229721, 'resource_state': 1}",Recovery,4836.4,1246,1246,8.5,Run,Run,2,Strava App,11841047432,2024-07-08T20:45:36Z,2024-07-08T16:45:36Z,(GMT-05:00) America/Indiana/Indianapolis,-14400,,,,0,3,0,1,0,"{'id': 'a11841047432', 'summary_polyline': 'yn|yFz~efO_@So@Ww@GEDW@_@LSDSHO@k@Ni@DW?CC@m@C[BQEK?U@OCs@AeBC[@QAGBk@DOEU?g@Eo@@[A]EY@WAk@DSCGBeAC[@g@Cc@AuACe@Du@CS@GAc@@IA_@@]FWdAqBFS?[BUAYDg@CaABIBE\\Ft@E\\@DC^BZE^AFAD@NCDBFEZBFCt@?d@EH@XEHBTAj@ET@l@GvAAFCV?F@ZEh@?jAGP@TAdAKVBZCj@?LClA?REXBJEF@l@G|AALCh@?XEf@@RCr@ADAX@FCj@?DClAAVERB\\EDB?JETNpAJT@L`@~@J`@HVTz@ANBFFlBAV@`A?`@Bd@AHBd@CVBLDzCANDl@FL@HCDUHILKh@Aj@Fh@Zt@BXFHLx@AX[lACDK~@ELCZI^APQTC\\If@MDG?]KE?CEM?YIEBSCk@QO?o@Ba@TST]x@Kn@IjCEJI?OESDGCUBc@@WCi@BKBCF?PKd@Gh@Bl@G^@ZAx@B^ANBr@A^BFBrBAZD~A@h@ANDn@?z@Bp@ANBxBB^?^PfBZz@^v@BPN\\@\\EJWEe@F[@EAWBSG[@[KUCi@UMCi@a@w@aAMKKUq@w@KS_@e@GMm@o@KSSMGMMEKKAIBKHQVkAV{@?KN_@\\gBd@_BPuADcA', 'resource_state': 2}",FALSE,FALSE,FALSE,FALSE,everyone,FALSE,"[41.10935473814607, -85.06945216096938]","[41.10695952549577, -85.06948904134333]",,3.882,5.22,FALSE,FALSE,FALSE,247.8,239.4,12628263109,12628263109,stripped_1947E40D-41CE-4895-8F07-763FA40B078E-activity.fit,FALSE,0,0,FALSE,,,
2,"{'id': 60229721, 'resource_state': 1}",Recovery,6771.3,1913,2229,16.5,Run,Run,2,Strava App,11771549719,2024-06-30T02:46:25Z,2024-06-29T22:46:25Z,(GMT-05:00) America/Indiana/Indianapolis,-14400,,,,0,2,0,1,0,"{'id': 'a11771549719', 'summary_polyline': 'ci{yFnjffOCR@^AZFvAANB`@FNJr@^|A?JLb@HTNp@?PCXFJ@lALd@FBFJ\\P^Hv@GXDJCR@ZEbB?ZGBGLKP_@Ds@Ca@@o@FQAURm@JMZ[XO`AGl@ORId@e@\\i@\\]FAFDHPp@t@BHRLXJZ?DBT?REZCLGT?VGd@ER@JGTBb@@ZCTBRDFRCb@Dt@?zA@P?H@j@BHAx@BFAb@B`AAZBPAZBv@ATB^A\\BPATHxBAb@BbBAb@BVAPLvDAF@v@A^Bx@G|@D`@AJG@OGeCJKEMBSAM@SA_@Ds@@IAC@U@GAE@gADIAg@BK?E@}AFK?U@KB_A@UFs@B[CGBWCa@DSCOBMASFe@AGDi@AEBS@WAGBKAg@DKCO@MAEBi@?OBm@@YBa@?EAo@DSCGBi@BGBMAE@_@BaA@e@DMCWBuABM@U?e@@EAGBSCQDKAWDIAg@BEC]DcA?o@DIA]?u@Fk@?YB{@?WFY?KCoAHy@@GAYDiA@ID[CwAFKCSBMCMOCa@CGCAEOFSFI?IEW@y@EoA?]AM@UE{A@MAWEgD?Z?OAY?uBMgFBSCO@}@GoC?mAJIXBPAr@WJ@VCR@JG\\@p@EVBDC\\BHCJ@HDLAR@v@If@?HAF@b@MNDf@G\\AD@JCt@?DC\\@FC`@Bj@NDCHFF?ZJj@Z~@v@FHHHNVNJb@f@^n@LJd@n@HFRXd@f@|@l@^DZ?JEBE@MGUGkA?{@@OCmA?c@@GJUAwCBw@E_A?WFYCM@i@EiABOCICmCC_@D{@G[BMC_A?m@C[GMQCKB}@@KBm@DYAQBWAcAFIAi@BEDCZ?n@@bA?r@FpBAjABb@CND`@CV?h@C^BRhBzAf@h@PZXVn@bAj@b@p@RNIBKAYF[@_@?{CCIE}B', 'resource_state': 2}",FALSE,FALSE,FALSE,FALSE,everyone,FALSE,"[41.10716530121863, -85.0694990158081]","[41.10696748830378, -85.06956531666219]",,3.54,5.044,FALSE,FALSE,FALSE,249,237.8,12556448460,12556448460,stripped_28A46FF3-1AA3-46C5-93F8-826E5BEA8278-activity.fit,FALSE,0,0,FALSE,,,
2,"{'id': 60229721, 'resource_state': 1}",Base,9682.6,2517,3283,13.1,Run,Run,2,Strava App,11763483871,2024-06-29T00:27:20Z,2024-06-28T20:27:20Z,(GMT-05:00) America/Indiana/Indianapolis,-14400,,,,1,5,0,1,0,"{'id': 'a11763483871', 'summary_polyline': 'oz{yFjrffO@|@Oz@Up@CZa@dBG\\KXoArFCh@@p@Ch@D|ACfAF|@CZBN@^CHGDWGQDYCWDk@@Sb@FVGP@ZCx@FlC?z@BNAjAHzBFBFALMTDbFShJWjCETRAXBLCb@HhGDh@Rd@F^?l@Dr@EPAf@FbB?d@BPAd@BZAhBD`AAPFnAAd@Dr@Ef@D`@CnABH@n@A\\BP?VBf@AlADRCf@D\\Cf@@\\Cd@Hv@Cb@D^ChAFj@CHBh@AHBL@d@Cd@Dd@CXBPCPKLCHIJCPDRCv@BH?rA@FCh@FVCb@Db@APBj@?rAHt@?h@@RAVDdA?x@BPCb@B\\?r@BHCf@Fb@?z@HnBCn@DVBfBA\\HfBGj@Hp@A~@Fp@AP?v@AN@d@Ct@D~A@HCVBd@AVDdAAFBfBAZDn@APB`@EP@j@BlAEPH^?z@D^?HGND^BxACRFVCd@B~@AZML{@HYHgAREDc@L[@SHUp@MNa@~@INONWl@AXOvAxJu[F_A?iACwBCICaABSCY@c@AGEiBFa@Ia@Be@AQ@{@Cy@Be@Ga@@]EsA?IRa@?QDYAaAEY?_ACg@Am@BO?SESASBICQ@GEe@@QG_C@w@C]?_ACQ?c@EY@e@Eo@Ba@CGAUDc@CQBYEuA@IAO?{@AG@SAG?iBEw@BQGcB@]CO@a@EkA?{BEaB@SAY?{ACq@A}BE}ACwEGiBQa@G[@mAEuA?k@C[@YEqBCwD@GIcC@aBEa@?qAE}@@_@Ce@BKCw@@]GcC@a@C[?i@G}AAmDGi@Mk@ISQYM_@IMOq@Ee@G[@a@Gk@@y@Eg@Bs@EyA@u@EkA?oACIEyA@e@CO?kAGkCDiBN}@KaB?c@IyB?OGm@?a@EEYF_A?YEu@BcAEc@GqA@IGGQm@o@OMQ]_@_@a@]m@QOM]Eq@W_Cc@{ACOBEF?j@MtA@PIjBWzA@PXZr@^fBl@f@JDNG\\?n@C^B\\AHBTD~DDVAN@hABPAXBd@CV@Rg@lDEjAGL?HOz@@~AFH\\KpAExAA^Dt@TLC\\kAFc@Nc@@Q`@oAZcBZaAPuACiCBQEw@@QE}C?w@Cc@G[IOYMoBI}A@c@Io@A]IQIAHDLJDN?`BTvAB', 'resource_state': 2}",FALSE,FALSE,FALSE,FALSE,everyone,FALSE,"[41.10727828927338, -85.06955961696804]","[41.106961369514465, -85.0695560965687]",,3.847,5.76,FALSE,FALSE,FALSE,248.3,241.8,12548097300,12548097300,stripped_82371C3A-3B85-4D4B-98D3-B9C2B3BCA14A-activity.fit,FALSE,0,0,FALSE,,,
2,"{'id': 60229721, 'resource_state': 1}",MLR,7406.2,1774,1830,12,Run,Run,2,Strava App,11748903902,2024-06-27T01:50:02Z,2024-06-26T21:50:02Z,(GMT-05:00) America/Indiana/Indianapolis,-14400,,,,0,6,0,1,0,"{'id': 'a11748903902', 'summary_polyline': '{`|yFpcffOU?i@CSKEBK?cAMIGI@Up@Er@Dr@Ap@?b@BPAb@?p@DdABFC`@Dd@?lBEj@EP?XGTE`@Q~@ELMFS?SFw@AMBS?[Fi@C}@DSAi@F[?UF[Bw@TS@MRYCEEIAO@YCYBUCMBUC]BmBFKBu@?G@GCYBGAuBJM?EC_@BEAQ@UAk@FUGAG?KDOBS?ODe@AIFc@Bu@Dc@@SCWQCQBM?g@Om@Ci@IG@k@I]Ae@Gq@WOM_@Mc@WUIKIc@G[@[Ae@HIHIZ?R?\\C~@Bv@CPEFE@WEOBk@?{@BKK@WC[Bw@E}@@e@Ak@E}ACS?[CKCyAIg@DaBCaA@qACe@@[Ci@?i@AMAkBEe@BG?c@Cy@@G?[CIBOC[@[JYCU?m@DY?SBI?k@Aa@LUCM[QEGGACGDWCS@}@Ee@@iBCGC}CIkE@YHGH?PDDCn@@DEDBNAFBFELAL@DCL@RCx@CDBbAGF@L?LGLAFBV?TCNBj@I^@FEj@@FEL?L@l@GXBh@GDBZCBBr@GL@d@E\\AFCZBf@GL@FAF@FC~@?ZCD@NAD?HCZ@DET@FBDCb@CL@TCF@^CDBFCz@?H@l@I^AFC\\Bn@GBBNGN?\\BLCF@x@EdFKrAIL@t@Ef@?zAIX@h@GdBCNCT@bAGD@l@E\\@TEZBVCN@j@GZB\\ITB\\ED@pAGZ@^EF@ZCH@FCD@NC^@DANALBTGF@\\AF@^CV?FCLB\\EF@DC\\?l@KFB`@?F@^GN?F@HCF@\\CD@\\CV@LCT?^ED@~@ElA?NE`@AD@HAZDDDFXT\\P`@NRP^DBRj@@HNVDXNVLl@HNHh@BDDb@JZ@d@Jf@AHJd@?HHb@B\\N`A?HD\\FZZ|CJb@Fz@Hd@?RHZBh@BFBf@BHFh@XrA@^H`@?JHh@@z@BR?ZDd@AHBd@?x@Bd@?|@BHAt@FlAAp@Dl@Af@F~BCp@EFAHGNc@EM@E@_@?_@DoAb@MBODCDUFOH_@BOCOAk@SsA}AYe@GEU]ECKMg@y@WWOU_BaBSOg@o@KOQQM]_AcBw@w@SIUOg@QKIa@GI?SIQCECOAy@DGDUH_@ZINYx@GZ?H', 'resource_state': 2}",FALSE,FALSE,FALSE,FALSE,everyone,FALSE,"[41.10713898204267, -85.06941980682313]","[41.10708123072982, -85.0695632211864]",,4.175,6.634,FALSE,FALSE,FALSE,249.6,236.5,12533058839,12533058839,stripped_34E1E08C-20B3-47C7-8404-4B3A4EAE9396-activity.fit,FALSE,0,0,FALSE,,,
2,"{'id': 60229721, 'resource_state': 1}",Base,7931.8,2007,2271,19.8,Run,Run,2,Strava App,11740969472,2024-06-26T02:20:40Z,2024-06-25T22:20:40Z,(GMT-05:00) America/Indiana/Indianapolis,-14400,,,,0,3,0,1,0,"{'id': 'a11740969472', 'summary_polyline': 'wp{yFltefOGQ@YCu@S}@Yo@Da@OUIYMQIWmAmCq@oAEOOWI_@IMC[I[KmA@cAK[Cg@K]Bo@CeB@EZ[BSIWB_@E{@BIH?HFRBNC\\?DC\\@FCZCL@ZCj@?\\GRBNEL@r@AbAEP?PCJ@nAELBj@Gj@BjAIZ?dBQLBVCD@d@AHEh@@h@EZ@TCX@FAJ?DAZB`AILDFCXADEnA@DALDLb@^t@`@n@t@hBH\\P^F^DF@PJV?FHb@Fb@FXp@bG?Xx@vGDHH~@NfA?NJn@Lj@VnB?JFt@LzE?XBh@?b@APDd@?bBFfC?`ABNAb@@j@Kb@Hf@EZ@HLPEXD~@BlCB`@Ad@FjBA\\Bx@?RBNCf@FrEF`D?nADt@A\\B|AD^?xBCt@@TAHME]FU?E@c@@QUGAYHuA?GBEAu@DUBYNOAqAFGAcABMAg@BKB[@G@Q@GAg@@M@GD]CEB_@@EAYDKCGBU@KCSDWCCDy@DECWBU?KBQAMDEA[@Y?E@KCgAF{@?{@DKAE@w@BYDe@?UBc@?iABGBEAsA@kBJSCYBGA[BGAG@]?]BEAGBk@Dg@Am@DMC]DU?EBOAO@EBc@E_@D_@AEB[CYF_A?UB]Ae@BGDg@CW@MD]A]BUA[DeA@s@FUA_@Gw@@]DwB@qCH[?y@D[AK@}@@MBKHiAAUFOA_ADY?K@i@Ao@Fy@?[CU@GAk@F{A?}@JMES@UE]FSCu@@WLq@?CQAYCQE@\\x@J?^A\\Q\\Fj@CL@TCDBR@ZEF@XAD@zAEDATANCFDf@@TE`@?DC\\@ZCFBVEZ?FAp@A\\@h@IDDh@CN@XGHI`@Bh@CZET@VAFAZBFCl@DTGb@AdC?DCD?ZE\\BXGl@LPCJIXDP?lAGFG@INMJIFBV@LUHAFBN@JEF@FADBZGRARBFCh@Aj@GNB`@CrACZEBA?MCW@{@EkAC]@YCe@@e@Eg@Ds@C[BSAeABa@BGNINB^IFCRCJ@PEX?LCFEBKCU@kAAUCyBCq@@c@AKFaA^sBN_@D[Pm@BSJWNw@HWHQHk@L_@TcA@eB', 'resource_state': 2}",FALSE,FALSE,FALSE,FALSE,everyone,FALSE,"[41.10713646747172, -85.06951812654734]","[41.107244258746505, -85.06957093253732]",,3.952,5.904,FALSE,FALSE,FALSE,248.7,236.3,12524900233,12524900233,stripped_5E1A4590-39BC-4A0A-A7E7-9AB5FFF2A1D9-activity.fit,FALSE,0,0,FALSE,,,
2,"{'id': 60229721, 'resource_state': 1}",Recovery,5058.8,1260,1267,18.1,Run,Run,2,Strava App,11732218687,2024-06-25T01:14:51Z,2024-06-24T21:14:51Z,(GMT-05:00) America/Indiana/Indianapolis,-14400,,,,0,5,0,1,0,"{'id': 'a11732218687', 'summary_polyline': 'm{wyF`r`fO^RHAjAg@\\C\\LDR?NANKZ?PKd@CZYrAMvAOfAq@lDC`@Mb@QdAGLAVIXDr@Ij@EjAGj@Ad@CNQVERHh@?HEPAv@ENAv@GbABZKjA@^Eh@@^OvBI|ACbBE|@@`@EX?`@EvBKtA@HC|C@p@Et@@dBGf@D~B?tBBv@F^AXD`B?~@Dv@CPBr@AXHj@@v@C|@@d@G^@d@EXMJMB]AuAFSAm@Bc@A_@DEAOBEA_ADuA@k@FMAQ@]?UDMCSBm@?OB{@?UDMAu@D_@C_BJkAAyBLSCo@Bi@AM@SCMBUA[DkA@i@HgC?s@DMAUDU?[DMAw@DKCs@HUCc@BUAWDGAYDGCw@HYEYFiABIAE@c@Bo@CO@EBo@BSCk@F?ZCF@ZIVi@RE?[GQKo@Co@QUDsABGBYAMB}@B{@Cc@DWAwAHKDUAi@FS?WCUHKAGBMCG@M?g@BSA[BqA@oAHi@?_ADMA[BoADE@_@?[BWA}AHEFCR@z@D`A@`CAZDx@AF@\\?hAD~@R|@FTNRN`@j@bAVp@BR?RXd@Nd@NXTl@BHPVDPT`@\\xADfB', 'resource_state': 2}",FALSE,FALSE,FALSE,FALSE,everyone,FALSE,"[41.08924848027527, -85.04032965749502]","[41.10720193013549, -85.06956447847188]",,4.015,5.934,FALSE,FALSE,FALSE,244.5,226.3,12516042396,12516042396,stripped_362EF246-1D06-4D47-9FCF-C4D1F5D519F6-activity.fit,FALSE,0,0,FALSE,,,
2,"{'id': 60229721, 'resource_state': 1}",Long Run,9659.4,2472,2736,60.1,Run,Run,2,Strava App,11720956021,2024-06-23T14:10:01Z,2024-06-23T10:10:01Z,(GMT-05:00) America/Indiana/Indianapolis,-14400,,,,0,6,0,1,0,"{'id': 'a11720956021', 'summary_polyline': 'iie}FbfjhOjA@TDzAElA?v@BlBCVBZCPBZGL@BD?JGn@@ZCb@Fn@AZ@FJDb@KJD\\GbA?`@@BDEb@@FBz@CZ?t@@t@BTp@Kf@FJCbAA|@D^EZB^CXJVOLBRC@YEIAMD[EQ?wA?SDME]BSCc@@{@Cc@?aABOGu@H_AEgADe@EQGEUBCFSB}@EsAD[CGDO?GC[DaAEWHe@SuABUC]DSCs@Py@??HFZAZB\\Eb@BfAEFE@OI[Dk@C_@BGC{AAk@FAVFbACxC@NDB^KDBlBCl@Fl@GZJLIVCTDTAf@Kr@Az@FZEFHEr@BZ?rA@HAt@@VDFB@\\OVFPEb@@LBXEd@BRIBGBIE]?eA@GCe@HuBCSAuAGKBQCSFe@CUKUCUFwAAkBBe@CuABICg@@g@Cc@@]EO@]Ee@BQ?oABa@Ck@@]CgB@y@Ci@q@iAe@gAE[@u@E[BiBDa@AYF_AFWp@{@L]\\[p@?p@J^N^n@JdAAb@B|@Af@@xAE\\Ap@@f@Av@@F@p@Gx@DjAAF@zA@FEf@@jBDl@Gd@?j@@FAv@BZC\\@v@Ar@Bp@AX@jAAfBGRGA_BBgAGc@DYA]BGCa@?m@BAJJj@Er@D~@CRD^CH@^EvBBzBBL`@Mv@Dt@?NIAWHM@a@D[?kAASBmACcA@cB?IHSAUMe@?IBoAAiBBeDIyBCkB@aABIEaCB}ACe@B]Ik@QQg@}@ISOo@Ce@?m@Bc@CIA}BAOBo@C_@KOsAo@oCEi@?OQCOGk@BQCs@AQGMUHMEYDaACG[Aw@IYMISGcAAM@{AEuABMCIM?c@K[ECc@IiBAIMOo@C]Bo@AQGEHRFBDfACVNj@DDt@FfA?PBDD?rCBbAA`CBVEbAB^?nDLJVE^FvBCBBjBEZD|BCZDHJ?l@Dh@AZBnAI`BB^Ax@B`@CJDbACtA@XAhA@jAAbA?NHNLn@AZ@RAZ?n@@FCHDdAC^@b@AF?hAB^r@DpBEd@?RDjAGjBFlAI`CF\\ANK?~@Jj@Cv@Bp@EnADdAElADt@CPMN}DJMCEBg@GU@]MUHSEu@AMDy@GKKG_A@GEuABa@CG?e@EMe@FWCs@De@Ac@HCG?eCDq@CYEAQAUF[C[B}CB[EWBOEsBD}@GQBeAC', 'resource_state': 2}",FALSE,FALSE,FALSE,FALSE,everyone,FALSE,"[41.64874001406133, -85.4181556776166]","[41.649001529440284, -85.41824787855148]",,3.908,5.77,FALSE,FALSE,FALSE,291.8,276.9,12504432852,12504432852,stripped_DA906240-A031-4352-9275-8CAB31619382-activity.fit,FALSE,0,0,FALSE,,,
2,"{'id': 60229721, 'resource_state': 1}",Glad It’s Over,3226.9,743,2134,10.8,Run,Run,2,Strava App,11708199365,2024-06-22T00:09:14Z,2024-06-21T20:09:14Z,(GMT-05:00) America/Indiana/Indianapolis,-14400,,,,0,4,0,1,0,"{'id': 'a11708199365', 'summary_polyline': 'i`w|FtzihOR?\\Gl@CLE|@Er@MfAa@\\[f@Qh@IDE`ACNEf@E`BGb@EN@ZEfBAFC^BDCF@XCN@VADBh@CFCHBFCd@?FBJChGG^NDE^ANGN?LCNBTARD\\Ej@DXANC|ABx@Cd@?ZCL@XAPBTEf@Dx@GFEF?~@Hh@AVCL?FBHC^@r@E|@?FCZBFCerAbFODQ?MFKAOJGRAbADRGP@b@CJE?KUEa@g@cA?EU]EQMUM]KOIW_@m@EYQ_@?IOu@@OCSEGCc@IY?a@EIEOAa@AGECCF?PNX@HHpAH\\@ZDPB^Nb@Jj@^z@JNTh@V^N\\LVNd@Tb@T`AHp@@t@AZBh@CvBBTEb@Fh@E\\@FFCDOEa@EK@i@Cu@ByACa@BaAAu@?_@Gw@@_CCIOGa@LW@GH@LTXJ`@^x@RhABhA?f@B`@Cf@@xAAZ@j@Ap@@HDI@OE[?WE{A?IH[Ge@@cAAW', 'resource_state': 2}",FALSE,FALSE,FALSE,FALSE,everyone,FALSE,"[41.57582181505859, -85.41636379435658]","[41.57565828412771, -85.41636320762336]",,4.343,6.708,FALSE,FALSE,FALSE,280.2,275.7,12491260643,12491260643,stripped_02A902BE-3D25-4E2D-8D61-C876CF5F620D-activity.fit,FALSE,0,0,FALSE,,,
2,"{'id': 60229721, 'resource_state': 1}",I’ve Been Attacked,5567.2,1408,1471,15.3,Run,Run,2,Strava App,11704467857,2024-06-21T12:24:26Z,2024-06-21T08:24:26Z,(GMT-05:00) America/Indiana/Indianapolis,-14400,,,,0,5,4,1,0,"{'id': 'a11704467857', 'summary_polyline': 'usw|FrkihOOq@Ac@EY@QEa@@SAQEG?S@c@Aa@Bi@BG?YAEBo@AS@i@Aa@@q@Ee@BiB?OG]Be@CS@w@A]@G@yACu@B[A]BICYDa@AiADc@Ee@?oAB_@As@Bi@K]EIMAa@DYCq@DMCSBU?ECk@DECS@KCS@[AKBk@AMBm@Cc@Bi@AYCG@S?EBKCO@MEO?w@D_@?SD_ACk@BYCUDKCm@BUAs@BSCYBi@AMB_@AiBHwC@kBFSCOBU@GCOAGDM?GAYBEAU?G@EA_@BQGKBICS@UFU@UEi@@UD_@?EBWCI@GAUDQCWBEAOBO@GAWFWI[DGCy@FQ?EC]FUA[@UCEBg@?YBUCOBKB_@?]BQCM@KCKGAGB_@Cc@@e@AGBg@Cq@@e@E_@Cy@Fy@BKGe@Bc@E]Ds@Ec@@i@CIAo@@KC{A@m@@ICy@BSE]@c@Cq@BuCEWBw@CY@a@CcABs@CGBe@Eq@?w@?}A@]A]@_BIgF?k@Co@@ICg@D]CO@]EoABg@CY@cACwB@yBA[A{BAE@y@CiA@YG_D@oEAG@c@C]B]AcGHIHATBZEZ?J@`@CR@ZCx@Bf@Cn@@l@E\\@JAD@dBGv@@t@CnA?h@CR@r@ADCX@dAC~A?NALGdAFR?T@d@CH@t@I`@BZAl@?VCr@ATFbAIDBl@ERB^E`A@RAL@hBCX@RGZDTCZ@DAb@CjAARIPARD\\KBBVCNH', 'resource_state': 2}",FALSE,FALSE,FALSE,FALSE,everyone,FALSE,"[41.57593572512269, -85.4163802228868]","[41.578337559476495, -85.38671113550663]",,3.954,8.14,FALSE,FALSE,FALSE,291.8,276.2,12487427971,12487427971,stripped_076350D7-A4E3-4027-8AD4-DB99875C26D1-activity.fit,FALSE,0,0,FALSE,,,
2,"{'id': 60229721, 'resource_state': 1}",MLR- HOT,6544.9,1565,1593,21,Run,Run,2,Strava App,11689144903,2024-06-19T12:43:53Z,2024-06-19T07:43:53Z,(GMT-06:00) America/Chicago,-18000,,,,0,5,0,1,0,"{'id': 'a11689144903', 'summary_polyline': '{tp|F~~ewO@hBDLHBRIH@TAVE`AAXF|@B\\RJ^@PHDZFp@`@r@n@\\`@dAhBFPZ`@r@jARr@LTNd@DVX~@Nt@@RLXPr@h@nADFTLT\\z@h@\\Fr@Fh@?vCGD@f@AZ@ZG@FIt@DHB~AAR?hA@`@?lAFxAA|@Bh@C^Br@CzBBJBfAAdABh@AH@JAZBHCh@@HA\\Bf@CpAB^B|B@\\Cb@B^Ch@FbDApABrA?rADr@Ch@@`@Az@Df@P`ANXT^PNNXRPHRd@n@FPvArB^l@FBZj@FBLVX^@Fv@dAP\\^f@HXLTLf@?NHV@RAjADhA?nAC\\B^@jEBzAEtAJVCl@B~AAxABp@ANCDO?UEGBo@@MBe@@E@IAi@?EBm@A_AFQEs@Da@CWB_@AOE[De@?m@BQCQDm@CWBUAw@FSAW@E@_@AGBUCm@B_@GSFU@WCi@DOC_@@SB_@A_@@]HWAM@g@KMB]?ZE@IAUBq@Di@?s@C[@y@C{@Bg@Cs@A{BCS]u@YSMCc@?UBYAKEKIUE]So@@SEc@[IO[WEAUIWAU@QCe@Dy@?G@WAEEJ_@EY@IC}@BiAEaE@w@GkF@[C_ABYA}BEm@@GCc@@o@Ca@?cA@IAIB]?o@E}B@aACg@@y@C[AoB@QCkA@y@CI@_@Cy@Bk@EmAB_@C_@@c@C_AAoFCyA@s@CQ@SCmB@_BCe@@]Ce@AoACm@B_BGiFA{CB{@C[@k@EkA?o@GqC@g@AgACSBQCaAFAXJLEP@RCXWRGJMBIHmBCoD?GHM', 'resource_state': 2}",FALSE,FALSE,FALSE,FALSE,everyone,FALSE,"[41.54091479256749, -87.85303501412272]","[41.54046745039523, -87.85312696360052]",,4.182,6.168,FALSE,FALSE,FALSE,220.2,209.4,12471661461,12471661461,stripped_5D459E00-2E08-4650-A193-162545B2E2DC-activity.fit,FALSE,0,0,FALSE,,,
2,"{'id': 60229721, 'resource_state': 1}",Base,8187.7,2052,2321,28.6,Run,Run,2,Strava App,11681028967,2024-06-18T12:40:54Z,2024-06-18T07:40:54Z,(GMT-06:00) America/Chicago,-18000,,,,2,4,0,1,0,"{'id': 'a11681028967', 'summary_polyline': 'cpl_Gdn{vOC[CIGw@Ms@Ae@Kc@?[Ie@?u@CQ@[AIQQGi@De@CIFo@BO@[Pu@@[DWDKHGBEGa@FYBw@BMC[EAWAGCIK}@OUD]ZQPWl@Kn@Wn@Kh@SXCNe@t@GNKJGBO\\UTSb@ST}@TY\\KDS@QGc@Eq@DEFMB_@?_@OUAaBYYNOd@KBWE_@USGe@o@Ys@Ya@s@YeAOw@?k@Cc@BWIEEMUEOAUGOMKGCS@ME[AQIOB[Ge@Aa@BYEk@AQEs@Au@QSMOCMG{@Ko@@q@TWP{@RMEWU_@Ku@Nc@KOBeACc@MWUUc@CSASDcBEQDs@CiABmAA]EQIMe@MiAB[Gk@AMCo@P]Dm@OEEQAy@YYMKQAaBEUGIi@SYSKOEACG[QQSSOSIKKSEMIS]EC[HYRS`@EDIXMR]\\_@~@GBOb@ORKZoA~Aa@r@g@Va@JGBCDBj@Ch@D\\Aj@BZ@FNP@JGf@BfAD\\@lA?`@@d@EhAD\\C^@jCCNQ?KC_B@EEi@D]Ei@BUEM@c@AMHAJEh@@`@GZBRCVFvBAHBt@?bAATIT@d@CV@HHJh@DNDVNz@LHF\\@`BZd@Hb@@JBAn@I`@ARBjCC|A@rAA`@BzA?`ACHBxBCr@?bABNJTJb@?NBLVj@G`@BLAVFpACxDBPA\\BfAAPDt@CXBPA|@ENH^CZBH?XCHB\\?v@@^APB\\@`B?bAEZGP@HCZC|@BhBC^HlC?PCZBNAbAJbBAv@Bh@?b@L|AAFFXR\\JFREp@k@HMPM\\a@VMTYRAFOXYZ_@h@i@\\a@ZU`@_@DAh@k@tAgAVYLEHOPM@Gv@u@JGT[PGh@e@b@[f@e@BGVOz@aARMNMBGh@]LQLGNUTMj@k@VQPURONQVMl@m@z@o@BGt@o@l@m@d@]NQ^Wz@s@l@q@TOh@c@NSVQJMFQ\\Y^c@HKZOJQj@a@HQj@OPMLCNSF?f@a@j@o@TMDIJE^Yp@q@h@_@\\c@FC`@i@LENSVGTYv@i@\\a@LGf@i@`@]DA^[VOBG\\]RMVYj@e@JKVMLUPKX[j@e@`@YdAaABGRKXY^WzAsA~@q@h@y@XMv@u@~AoADE@YUw@Cc@McAQuBEIG@QPK@EDCVILEB', 'resource_state': 2}",FALSE,FALSE,FALSE,FALSE,everyone,FALSE,"[42.01290478929877, -87.80185528099537]","[42.01316077262163, -87.80197975225747]",,3.99,5.964,FALSE,FALSE,FALSE,199.2,185.4,12463316925,12463316925,stripped_11D3B32C-A126-4F0D-99A5-E7D1A1F60DAC-activity.fit,FALSE,0,0,FALSE,,,
2,"{'id': 60229721, 'resource_state': 1}",Recovery Run,6185.8,1478,1654,34.1,Run,Run,2,Strava App,11673033984,2024-06-17T12:57:26Z,2024-06-17T07:57:26Z,(GMT-06:00) America/Chicago,-18000,,,,0,6,0,1,0,"{'id': 'a11673033984', 'summary_polyline': 'kol_Gxq{vOCI@KMs@]uCWiC?II_A@_AEa@G?MJa@?IDa@?YG[FQCMBg@SYDECVBt@ID@T?DCJBVEDDFCNBFCh@DPC?EIu@@YJy@@[Fc@HODa@@c@NY?OFe@?SCKFi@COa@?[Ow@QOBURc@j@Qb@Gh@KXIXCDMd@OTCHMXSRWl@QPUb@QTCFIJ_@TG@ULG?STSLQ?_@Iq@C_ALOCEEg@Ae@MYAMEG@GEOCMHMJG^CFI?YI]WG@GEI?MOq@{AKMUMCGWMgAQi@AYBIAU@y@M[CECGSEm@ISOGQAODw@Ki@AWEYBYEO@WEW@g@KW@WGe@SYC[Ko@IG@IAM?e@H_@PEDWFSJ[DMCUQG?EEYIWBMD]?GCc@AMBWCI?a@GSMKKKSMo@?k@B_@Cu@Bk@C]@e@AU@s@BKA]Qi@OEm@CGCWBEAQ@SC]BSEg@BSDCDKBk@Ma@QE?qA]KMCKAaBAKISWKk@SMKS[MKGAQMMU]K_@UQUMAYHk@l@_@p@MNILGPe@|@M\\S\\E@CNR[BMHQLUh@mA\\a@h@gAZYNIXJ`@d@TFNH|@z@F@PT\\PN@XTHNDRAr@Fn@HJJF|@Xd@HDBj@LP?XM\\AjAJVCNBVGN?^NNZDZ?nABZCX?fBCrAFj@DPX^LFZJ^F^@NCb@DTEL@ZENDPJd@NVCh@Q^Y`AKxALp@\\LDZDT?LBT?LDNAbBL\\?d@HZCn@HRNDPDb@BFj@Vf@AF@p@@B@h@?XFJ?L@LDDDZFLHZ\\JZ^t@PT|@b@N@LAHCFQ?SBGPGR@NDDDLBvALJFNBREX?TEl@@NDZ?p@c@f@MhB_CTc@Nc@PSf@sA\\yAVg@v@m@R?j@L\\NHHVH@HMd@Bf@GVEZMZEh@Kh@K|@@PEZ@PAR@FAb@DRJLDRDdBDn@Lt@Fl@@b@HZ@b@Jt@', 'resource_state': 2}",FALSE,FALSE,FALSE,FALSE,everyone,FALSE,"[42.01321056112647, -87.80172511003911]","[42.01296337880194, -87.80193457379937]",,4.185,6.294,FALSE,FALSE,FALSE,195.7,185.4,12455099227,12455099227,stripped_14CC3A94-8879-4426-ADBB-90BAF14EF2A2-activity.fit,FALSE,0,0,FALSE,,,
2,"{'id': 60229721, 'resource_state': 1}",Long Run,7743.6,1924,2647,25.6,Run,Run,2,Strava App,11668078789,2024-06-16T16:53:32Z,2024-06-16T12:53:32Z,(GMT-05:00) America/Indiana/Indianapolis,-14400,,,,0,4,0,1,0,"{'id': 'a11668078789', 'summary_polyline': 'mi|yFdndfO^AF@VGNBf@ELBDCR@pAIb@?`@ED@ZCR@b@EzAAJC|@A~BIj@?`@E^@d@GJ@v@INBf@EjA?ZCN@JCT?DAb@C\\@REL@VCj@@r@GJGTDZCNBZGT@p@GR@x@Eh@?JER@JAFBZCD@FCX@DCD@LCF@jAETBFDH\\NPd@dAJLj@lAf@~ATdALr@DP@\\Lt@Ft@VhB@VNt@?PNhADF@Zj@nE?RFZPhBR`APpA@PHv@Bd@BH@~@ADDR?R?ZCFDb@Av@FhBAdAFv@BvAAb@DzBE|@D`ADd@ARBvACRDx@Cd@HlBA|@BPD`EB~@?bAD\\AP@n@A|AB\\?f@DdA@vABZAZBhCCt@J|@?d@@RAf@BdBAb@Dx@APD\\Ad@B\\Ad@Df@CZH~BAv@B`@C\\DN@RAJ@f@CFDjAAb@BT?nABZ?bADxA?`@BPAj@IPI@QGc@Dy@AUBU?}@D_A@_@BSA_APEG?e@EEE[GQG_@Sk@OUAI][GMUGSUI?UQWEQIq@KG@e@EEB]AEDGA]BEAcBBUD[AUBUCIBO?[BUHuATc@?OByAG}@Ms@?mAPWPQBa@Ps@F[?MB]?aAKcAUmAG]@YCk@Du@H[J[\\MVY`AMv@Qh@Q\\Y`@a@TMD]BEBWAa@JSJKHAL@^C~@JfAT|@Tj@HN\\b@@HCJS^q@d@UFKHo@JU?cAJUAy@DMAMBUA]BWA}ABEAEGE_@QK?K@m@C[?{@AK@GE_@?iBCI@qAM}F@c@AI@aAGgB@KCI?}A@KC]@UGsC@{@Eo@?g@CI@uAEwA@]EaABSEiBFe@h@SA@JBT?f@E`BCZG\\?L@|@EJCd@@z@EJGH[NSNAHBJ?xAGHA@UAa@D]E]?s@F[GwA@{@Cw@DuC@GBCXALGZCb@UL@`@AJM@KAoACc@?_CEmA?o@Lu@AKJaAFOHa@ZkAZo@z@wDDGLcAAy@', 'resource_state': 2}",FALSE,FALSE,FALSE,FALSE,everyone,FALSE,"[41.11163520254195, -85.06244145333767]","[41.10729354433715, -85.06952189840376]",,4.025,5.452,FALSE,FALSE,FALSE,248.2,236.3,12449967563,12449967563,stripped_E42C2A28-200F-4C12-B724-47E130DB759D-activity.fit,FALSE,0,0,FALSE,,,
2,"{'id': 60229721, 'resource_state': 1}",Second Ride- Flat Tire,10357.5,2513,2521,31.6,Ride,Ride,12,Strava App,11661014054,2024-06-15T20:19:57Z,2024-06-15T16:19:57Z,(GMT-05:00) America/Indiana/Indianapolis,-14400,,,,0,1,0,1,0,"{'id': 'a11661014054', 'summary_polyline': '_a|yFxcffO]BICiBSQG[SUCk@Q[C[Io@]i@S[S_A]s@OUCo@DCB}A\\e@No@BSCeAReAGUCsAC_@DaA@k@Dg@KKAK@QLGLGZ?~@Bh@AhAYfCC|@B|@A\\CFMBe@CKHKj@AXKb@QhAUhD?tBBHTRF@jACHCRAxBAx@Gf@?t@ET@hAIVD`@?FAz@C`@@J?H@BDCZ\\fYD~DA^BVPf@f@|@VXHBNDbFKTXDND^Ct@?~ADpBAzBN~FBpECNAFE@UDo@DYNOh@E^DdA@jGDbBFj@AbABzCFnCA|AW|C@bAFh@Af@FRNTDBLAzAg@PAt@Q\\QVUV_@rAmCHMHCBGr@cADQFI@KK[O]Ya@g@k@eA_AY][u@Iq@GwA?]Gg@AqADuAD]J]j@iANi@FWFaA?YBGJEf@EVED@XAf@?LCDG^C^?RCd@?n@CB@rBGn@?JAR@d@Ej@ABI?g@BUMSK_@Iu@BOHCDQDQB_@F[Vk@LQ\\C~BI^?DBDDFTB|BBV@FNL\\@pBGVDt@HlA?v@A^GHMHYD_AK_FKc@Bw@Fa@ROdA_@V@^ZJLJ`@HhB?z@F`A@|@Ir@W`@OJODSAoAHKHMVCbA@d@El@BlABd@?d@Fr@\\r@`@d@ZVPFd@Fj@EHCJ?B@X?DBX@~@d@HTv@r@TjAGPGFQFMAGDM@q@FWCMFcA@ICmABSHUFS@ODg@VkAVo@PONa@PKBu@Vi@JQHc@H_Ap@g@L_@Di@RUNe@j@_@p@_@`@Wb@a@j@QLy@vAa@b@g@x@IHSb@SXeA`Ca@nAo@tAKd@]x@MLYLm@p@I@UC_C@YBOA_@@GBOAM@{@?WMU]EAM_@?cCKcAAu@Is@MMi@Aq@FQEWBKAM@KAA@MGAMWg@AIMOM}AAk@Bi@G{AAkCGk@@_AIiF@YEu@@@GyCG}EEcB@eAIoE?eDG}C@_@EcCCe@Bi@A]V?HOBWAW?i@Gs@@o@GqBA_AEiADo@C{@?]Cq@CsDE_CAoBKmGBIHEv@SpAMLUDk@C}BG}B@eCHS\\OrAD`AG`@?bAId@?f@CZGHO@SA}AGkA@mABSFOLKFCPTHAbCH', 'resource_state': 2}",FALSE,FALSE,FALSE,FALSE,everyone,FALSE,"[41.10714158043265, -85.06932433694601]","[41.10721617937088, -85.06957210600376]",,4.122,12.192,FALSE,FALSE,FALSE,249.5,241.1,12442648482,12442648482,stripped_17DA0EA1-A6BB-4757-9A0C-5E95986ED62B-activity.fit,FALSE,0,0,FALSE,,,
2,"{'id': 60229721, 'resource_state': 1}",Fourth Run,8210.4,1995,2064,19.5,Run,Run,2,Strava App,11650181988,2024-06-14T12:05:50Z,2024-06-14T08:05:50Z,(GMT-05:00) America/Indiana/Indianapolis,-14400,,,,0,2,0,2,0,"{'id': 'a11650181988', 'summary_polyline': '}g|yFzmffOT@LEZ?PCH@d@?ZED@DEL?FBp@A^GJBTEVBJADCZ@FCz@Af@ELBRC`@?PEF@NAv@?BAL@RAL?BCF@JCZADD?LCTDdAAR?NBHA`@Bt@C`@BH?`@B\\AFB~@?t@BXArAD`@@fADb@A~@@dADZA`@NfARb@HZTb@V|@B\\?j@BR@z@Dj@AjABHALBdABjC@b@?R@VAfABPDnAAv@JtIANBb@Ab@Bj@Cd@DDAHBl@AzABr@AXFh@FzA@v@@LAf@Dt@CzABZ?n@@F?pABPA^Bt@AJD\\EZBZAHBRAXBR?r@CFI@WKw@^]XOPKTa@d@SZY\\INEB]f@c@ZQXMHKTu@hAuAlCkBnEuAhEKLMFk@JGC_A?s@@UB[Ay@FkA?GBc@CQCW[I]Cs@B_AKy@Gu@G]KuAISI@GHIRUBGFiAL}AHCDHf@C\\HfCAf@Bx@A~ABp@?x@@T?dBD~@APDr@Ad@FpBAp@DfBAFB~BAr@BZ?f@DnACLGB[Em@?u@DUA]DGA{@DKAO?GB]?UD]AGDUC_@BECm@FSAaADSA]BECGBU@GAGBM?EAg@Di@?GCAIBk@GwA@mACG?{@CGAYSw@Uk@ECSc@O]Eq@AeBMiAESDIJKJYAGZi@Na@BQ@]A]@a@Cc@@w@A]?}BEw@AgBCG@y@As@CG@e@Gk@?{AIOGAI@IDeBCEEAM?uAEe@@IAIBc@C[?qAEsA?cBCe@BICG@y@IqDAuCEe@Bq@Ew@B{@AI?y@DIFCXDZE\\BZEj@BN?FEh@?`@IJMFo@Gg@C}AB_@Eu@?oA@[H[?g@Hc@?IHe@BQAKHa@AKHsAAqBLKNG\\Bf@G^BFC\\?lAIh@Bd@EJ@TCX@XGFBZCnA?DCHB`@?RLLBHADE@MFA^HPGT@\\GT?DBlAIDBb@AFEN@p@CLBLE`@@JQBSJSDAd@?jAGJ@VCL@D?DE@KEM@MAyBIkBAcBBgABmBBGHEJ?NFVGH@VCDCF@j@OF?JM@w@Gs@?aAE[@WC[@w@AiA@SlCmLDY?W?KEIGCO?o@[w@O}A?q@DYAi@Do@?', 'resource_state': 2}",FALSE,FALSE,FALSE,FALSE,everyone,FALSE,"[41.111827148124576, -85.07192960008979]","[41.11178322695196, -85.07243435829878]",,4.115,5.61,FALSE,FALSE,FALSE,248.4,237.5,12431480254,12431480254,stripped_DAE43B5A-9614-4B51-8299-FD2E00050AE5-activity.fit,FALSE,0,0,FALSE,,,
2,"{'id': 60229721, 'resource_state': 1}",First Ride,16710.4,3035,3232,39.9,Ride,Ride,12,Strava App,11642881760,2024-06-13T12:13:04Z,2024-06-13T08:13:04Z,(GMT-05:00) America/Indiana/Indianapolis,-14400,,,,0,3,0,2,0,"{'id': 'a11642881760', 'summary_polyline': 'ch|yFlmffOhAAHBxCUrBAVDlDS~A?jBKLEJQBU?s@Js@M}DMcCE_HCgACa@Mk@Wu@mEqJSUOk@QoAGkACkEKeFBSFCzAAJCv@C^Eb@@bDG`CMbDE`J_@zCG\\Bh@Id@BnAGVDd@~@ZGCDD@NCRU~@[jAKNQLIrAB`@EfFKf@Ev@@jAMpAAbAKJW?]XBZEnBA\\In@GX@TGpCB`BEd@@|@Gn@@d@EvHMbGSrFIPCJO?DxAD~BGtECnQg@fFIROVAPGDE@GCGEEc@LEAEK?KBGXUNILFRV?H~@xAd@hAbDvGxAbCv@vAl@~@z@fBtBvDNb@DZD~@BxBRzB?v@HdBBF@`AFp@Bl@Jn@NrBBNP`@VvA@RATO|@A^Ip@EdA?TCpABj@KbCDbCFd@Bh@XjCDJLl@h@xCFRXZp@`UX|@DZH`FLhBBxAJjB@l@Ev@?VG^Af@UpAIRKLCJMPOd@?Fa@h@Uj@OTIBS\\[x@KH_@l@Id@aChDi@pAs@|AM^hA}@IRb@[UbA{@bCMFsAtAGVQRCRI?g@t@Yn@I^I`ACt@JvBB^Rz@LdANnBPv@LlAJh@PnAHdAH`FO|BS~AEj@?PSdBOjBG\\Gr@UzAg@tE[~ASl@{AlCqAfBSd@_@`@OT[TOP[T]^cApA]XuAzBc@jA_@xBGp@BDIf@GhACFGt@A~@@LGhA?TIzB]dCEbBA|AGrA@n@BVNZBRNRDbBJp@XzDAHFf@Bv@BFFp@FZLLLVd@n@HR?RZnCJ`C?pAJ|BCXENSRG@s@@WBYAeCHaHFm@DgGF{BFwFFgDFD?Q]@m@EEA@KG_@LYDCDALD^GLEDSBk@AIBiIN[Ae@FwC@_AFwB@sCNqB?mFLC@GA]B]EYFo@A[B]AaCHoB@_ADmB@sBHuDFgA@KC}DLuD@wAF{@AQKEIFiDEcC@{AEc@AyABoACcB@e@@oAGw@@kBG_C@_BEsBB}@D[Eo@@c@Am@?YAUEmDCOCIAOGuJC}@?wBCcCGwBAqIK_ABWEwBOsNCa@?qBKiFC[?uACi@?cBGiBCcIEaC?s@@UE_BBiBEkACuCG}DAyDMyIEqFG}D@kBEm@@s@CMIaG@YDSAoAEOImBI_IIcCA_AKy@Oc@k@iASiACSEy@CyCAOQ]UMe@ESOQS]k@_DkDOO_Ak@uAc@{@K}AAu@FqBB', 'resource_state': 2}",FALSE,FALSE,FALSE,FALSE,everyone,FALSE,"[41.11185237765312, -85.07178652100265]","[41.11176386475563, -85.07211140356958]",,5.506,16.11,FALSE,FALSE,FALSE,248.5,224.6,12423981308,12423981308,stripped_BD9B0988-672F-4D55-AD5B-A558367A4272-activity.fit,FALSE,0,0,FALSE,,,
2,"{'id': 60229721, 'resource_state': 1}",Third Run,4852.7,1159,1265,14.9,Run,Run,2,Strava App,11634598855,2024-06-12T12:02:35Z,2024-06-12T08:02:35Z,(GMT-05:00) America/Indiana/Indianapolis,-14400,,,,0,4,0,2,0,"{'id': 'a11634598855', 'summary_polyline': 'ch|yF|tffOLCVD`CMpABFAFBZ@DDT?p@Rz@^FDD@d@VBFPJb@d@RLNPLTTRLTXZLDJJBHTVV^|@TBFAPEND`@?`AB`ABFAX@n@Jn@FPPd@b@v@T|ADz@Cb@FnA?h@DnA@xCBHC\\BJBp@CPBJTGBTBd@@DJIXCH@p@A\\Gd@@\\CT@`@E^@~@GV@ZGXD`@GZBj@Gj@@VCHB\\Gl@?RKX@d@ALCT@b@ENBb@GV@TC`@?VEp@?REn@?TCj@AT@NEBOb@SLIr@Ab@EV?LCFQCYBoAE_A?wAE_A@IEeC@IEi@@GE{A@mACK?o@@KIgBAeBAK?oAAKCwDCe@@}@Ag@Kw@KOI?QJMBk@BGAEBO?YHGF[BSLYFi@To@BSCGCSGUMe@g@]i@ECEGEC_@m@OO_@k@QO]k@GCi@i@a@m@UOi@k@UKi@m@GBQ\\OLOD_@BCBUA_ALUAUDMn@EHMJ[Hi@h@c@tAUHS^[\\GNKFO@UAIS@WG[AS@IA_@@UAK?u@Do@Ai@Dg@CEEAQHq@Da@?ECUBSCUHMf@Kv@?lAOZDX@nAHxB@f@Ad@Dx@Cz@Dv@@RCHDtAAXEBG?i@UUGSQKYQQS_@GCW[SOIKCISOk@q@a@YUGEGe@WE?w@]s@IMIgA?GBO?m@AEBY?]Bo@?', 'resource_state': 2}",FALSE,FALSE,FALSE,FALSE,everyone,FALSE,"[41.111807618290186, -85.0720083899796]","[41.111726984381676, -85.07243318483233]",,4.187,5.544,FALSE,FALSE,FALSE,248.5,237.7,12415485753,12415485753,stripped_547677D2-0C5F-4D26-81CC-9D08D29EDD83-activity.fit,FALSE,0,0,FALSE,,,
2,"{'id': 60229721, 'resource_state': 1}",Second Run,6701.4,1630,1936,14.4,Run,Run,2,Strava App,11626428227,2024-06-11T12:03:19Z,2024-06-11T08:03:19Z,(GMT-05:00) America/Indiana/Indianapolis,-14400,,,,0,2,0,2,0,"{'id': 'a11626428227', 'summary_polyline': 'ug|yFrtffOHAH@REj@@BEZ@DCTDDCXCL@RCh@BBALFb@Df@RLBDJJF\\^lAl@Z`@LFNPD@Xj@h@j@BFD@NXt@|@b@Nd@@@HGXDd@AZDr@?`@BNAp@Dd@DFAHBZL\\@FP^FD@FXd@@PHV?FH`@ArADXAb@Br@At@BJ?j@B|@A`@D\\At@Db@Cb@BD?xBBXAd@BH@l@Ab@@HANDx@@hBAZDn@CFF~AEx@DbAA`@DX?fBFd@@n@AHB`@?p@CRF^@r@B`@Ct@DzBAVBh@DHJDBNB^A^Df@AH@xAFjCAH@XCPB\\CL@`@D`DBTAj@B\\CR?f@@t@D^AH?n@Bh@AHF|B@zBBt@AhABd@C\\Bd@BHAh@H`BCRFrB?vAFbB?x@AHMNCd@CFD`@ARBb@@dADb@ATE@?NAJDTBp@DRCT?jEBd@AZBHBbACjCJ`ACtABjAAh@DxB?]EOB_@Cy@@KCK@qACi@?iBIyDBw@CKAq@?iA@SA[@SE]@SEYBg@AI?aBE]BUC{@Bg@CIAg@EYDo@G[?sACI@KAU@g@Cu@?q@CS?kAEWBeAEeACIBa@L_@D]CW?}@CQ@IAm@@QGwA@i@Cs@@g@AwAAS?o@Ew@@}ACU@wAIgCB{@AiAIaDDSGiB@M?s@Cu@?cAE]@aACUUy@Cg@BUCY@WIgA@_AGc@BiAIi@QYMa@UYUUk@Ym@SQSMGMW[SSOQUGCu@k@a@OSEOAO@e@w@EuDASGQWOQNYCc@Du@AKg@WKK?KFIAo@Dc@A_@BEECGH[Es@@aCG}@A}@AsC@{@BIR?t@Yh@Gb@CFKGc@Bq@EYBSC[DKAKEI@a@C_@?m@Cs@Bk@F[LY^uA?KJ[Ju@FMCGIIUBMGc@K_@AUEy@@WG}@FMCm@@YBg@A', 'resource_state': 2}",FALSE,FALSE,FALSE,FALSE,everyone,FALSE,"[41.11179906874895, -85.07238348014653]","[41.111874505877495, -85.07234986871481]",,4.111,5.99,FALSE,FALSE,FALSE,248.9,241.7,12407091189,12407091189,stripped_A01F4D81-6C80-4C00-AFCE-B76BE42444D1-activity.fit,FALSE,0,0,FALSE,,,
2,"{'id': 60229721, 'resource_state': 1}",First Run,5343.9,1318,1613,14.2,Run,Run,2,Strava App,11618592058,2024-06-10T12:04:01Z,2024-06-10T08:04:01Z,(GMT-05:00) America/Indiana/Indianapolis,-14400,,,,0,2,0,2,0,"{'id': 'a11618592058', 'summary_polyline': '_g|yFjtffOZ@VEX?FCp@@DEb@@zAHf@LN@PJNP^Lp@^h@f@Z`@LHRZj@n@R\\RPZ`@RP\\P^JNAN?TEJ@RCJB\\GP@d@GZDZKf@CNGd@GH@HJPV^HL?RCL@LEDBd@EX?b@EdA@RATMJQJk@AQB]CYHmALg@LUj@i@RGb@Ej@@^IVOLMX[\\m@JGF?RNF@TRH@PJN\\HJF?HJLBr@Jn@QJG`@QXIn@k@d@AR?HCJDHAD@FE\\AHG?c@CGAm@@u@Cg@@e@Eu@?a@E]@c@CK@wBEQDYIyA?{@EW?UEo@?OIu@?OEOOiAKYKs@Ec@?SGYO}AOeAAUSmAIeACIIm@w@_HOq@?KCGGc@YeAo@iBCCWo@SYAIS[Wo@QYUCGDi@?E@]AWFQ?GCODUAEBCC_@BSA]BGAW@GBEC[DUA]DWCE@EDw@AIB[?SDcA?EBGAEBU?GAi@J]Ca@BMCe@F[?EBQA}@BEBECiADcA@k@F_A?u@Fu@?SBMAq@BAHDLJHEX@H@zBB`@@bDDv@@jANbAVt@PRRl@JLd@jAf@~@HZZn@HXl@hAX|@APFNF`@DrACd@Bf@AP@^Ad@Bf@Cb@Fr@Af@JnBBR?TFdB?f@If@Ef@AzABnAF~AAX?T?NIPCNA|@G~@FfBAHB`@Cr@CDG@WGOOMEMKm@{@KMGA_@m@o@i@W[CEk@i@q@a@GACIMGoAc@i@IG@GC]?OB_@?KAi@BEAW@YF', 'resource_state': 2}",FALSE,FALSE,FALSE,FALSE,everyone,FALSE,"[41.111678620800376, -85.07236973382533]","[41.11148097552359, -85.07239739410579]",,4.055,5.446,FALSE,FALSE,FALSE,248.1,236.3,12399050533,12399050533,stripped_F7B236B3-6A5A-4E02-BC38-0471BAA1907E-activity.fit,FALSE,0,0,FALSE,,,
2,"{'id': 60229721, 'resource_state': 1}",Evening Swim,875,1165,45907,0,Swim,Swim,Garmin Forerunner 735XT,12305924127,2024-04-05T08:02:21Z,2024-04-05T19:02:21Z,(GMT+10:00) Antarctica/Macquarie,39600,,,,0,0,0,1,0,"{'id': 'a12305924127', 'summary_polyline': '', 'resource_state': 2}",TRUE,FALSE,FALSE,FALSE,everyone,FALSE,,[],[],0.751,0.82,21.3,FALSE,FALSE,FALSE,0,0,13118413738,13118413738,stripped_garmin_ping_367144207767,FALSE,0,0,FALSE,,,
2,"{'id': 60229721, 'resource_state': 1}",Evening Ride,0,2133,2133,0,Ride,Ride,,Garmin Forerunner 735XT,12305924194,2024-04-04T07:09:47Z,2024-04-04T18:09:47Z,(GMT+10:00) Antarctica/Macquarie,39600,,,,0,0,0,1,0,"{'id': 'a12305924194', 'summary_polyline': '', 'resource_state': 2}",TRUE,FALSE,FALSE,FALSE,everyone,FALSE,[],[],[],0,0,FALSE,FALSE,FALSE,0,0,13118413843,13118413843,stripped_garmin_ping_367144207714,FALSE,0,0,FALSE,,,
2,"{'id': 60229721, 'resource_state': 1}",Morning Swim,1500,1491,2282,0,Swim,Swim,Garmin Forerunner 735XT,12305923973,2024-04-03T22:05:09Z,2024-04-04T09:05:09Z,(GMT+10:00) Antarctica/Macquarie,39600,,,,0,0,0,1,0,"{'id': 'a12305923973', 'summary_polyline': '', 'resource_state': 2}",TRUE,FALSE,FALSE,FALSE,everyone,FALSE,,[],[],1.006,1.316,31.9,FALSE,FALSE,FALSE,0,0,13118413565,13118413565,stripped_garmin_ping_367144207833,FALSE,0,0,FALSE,,,
2,"{'id': 60229721, 'resource_state': 1}",Afternoon Ride,0,3800,3800,0,Ride,Ride,,Garmin Forerunner 735XT,12305924301,2024-04-03T06:32:09Z,2024-04-03T17:32:09Z,(GMT+10:00) Antarctica/Macquarie,39600,,,,0,0,0,1,0,"{'id': 'a12305924301', 'summary_polyline': '', 'resource_state': 2}",TRUE,FALSE,FALSE,FALSE,everyone,FALSE,[],[],[],0,0,FALSE,FALSE,FALSE,0,0,13118413979,13118413979,stripped_garmin_ping_367144207838,FALSE,0,0,FALSE,,,
2,"{'id': 60229721, 'resource_state': 1}",Evening Swim,2000,1980,2853,0,Swim,Swim,Garmin Forerunner 735XT,12305924123,2024-04-02T07:08:03Z,2024-04-02T18:08:03Z,(GMT+10:00) Antarctica/Macquarie,39600,,,,0,0,0,1,0,"{'id': 'a12305924123', 'summary_polyline': '', 'resource_state': 2}",TRUE,FALSE,FALSE,FALSE,everyone,FALSE,,[],[],1.01,1.668,32.6,FALSE,FALSE,FALSE,0,0,13118413773,13118413773,stripped_garmin_ping_367144207772,FALSE,0,0,FALSE,,,
2,"{'id': 60229721, 'resource_state': 1}",Morning Ride,0,3789,3789,0,Ride,Ride,,Garmin Forerunner 735XT,12305923870,2024-04-01T20:51:36Z,2024-04-02T07:51:36Z,(GMT+10:00) Antarctica/Macquarie,39600,,,,0,0,0,1,0,"{'id': 'a12305923870', 'summary_polyline': '', 'resource_state': 2}",TRUE,FALSE,FALSE,FALSE,everyone,FALSE,[],[],[],0,0,FALSE,FALSE,FALSE,0,0,13118413518,13118413518,stripped_garmin_ping_367144207742,FALSE,0,0,FALSE,,,
2,"{'id': 60229721, 'resource_state': 1}",Afternoon Swim,425,853,2192,0,Swim,Swim,Garmin Forerunner 735XT,12305923873,2024-04-01T05:49:36Z,2024-04-01T16:49:36Z,(GMT+10:00) Antarctica/Macquarie,39600,,,,0,0,0,1,0,"{'id': 'a12305923873', 'summary_polyline': '', 'resource_state': 2}",TRUE,FALSE,FALSE,FALSE,everyone,FALSE,,[],[],0.498,0.716,33.2,FALSE,FALSE,FALSE,0,0,13118413554,13118413554,stripped_garmin_ping_367144207834,FALSE,0,0,FALSE,,,
2,"{'id': 60229721, 'resource_state': 1}",Lunch Ride,29171.5,3515,4134,20.5,Ride,Ride,,Garmin Forerunner 735XT,12305923989,2024-03-30T00:27:02Z,2024-03-30T11:27:02Z,(GMT+10:00) Australia/Melbourne,39600,,,,0,0,0,2,0,"{'id': 'a12305923989', 'summary_polyline': 'vfogFufu`[~BZPJFRBf@IvAKz@WJsAOi@JMEGKjCPDCDYv@sMJeAzAsUPsD?MKO_Gm@gJ{@wKwA_HeA_BMMCUQI_@p@uI`@yHjBqX|AgXFaC?yB`@{@D_@x@}N~Dyl@rAyS|@qOb@sGl@qK`Dse@\\oGhAoPnBi[pCme@PyBpAmSj@}JjBgZAeAMi@oAmCyB_EwFgLYi@a@c@[Q}@SoJaAw[{D{Fk@_G{@oHu@mN_BqGy@m@MEKCM|AwTRcE^{F^sGzB_]z@iOdAwOLiCGaCiBgJMoBYg[I}B?e@L[VO`@DzEr@tOfBbEj@|Gp@`Ej@lMxAdGv@bPfBbMzA~Gt@nGx@`PdBlJnAnX|CfGt@rAPtAVlDjAtA\\~GbAdM|AzAVNPD\\C~@w@jL[zDaB|XaBrVu@|Le@jGqC~c@o@|Ie@~H]xEAd@Fb@NT\\F`P`BdPlBf@VL\\Fb@GnAi@bHc@tEYlEEbBiDli@oAdTeAjOKdB@`@D\\RPZFtAJtAPvD\\pDb@ZFVRJ^?b@g@rGcA`OsB|\\]nEaAfQo@nImB~[aA`O]pEGdB{AjUo@vKOjBiBjZQlDg@`H[V_AKeAQ}C]iGw@eJeAeDg@gGq@yAUyN}AwASoD_@qDg@wAK]@uA]qPeBsAWmDg@uG{@}OgB}G{@kKkASPK\\AxCU`F{AfUmBn[e@hGw@|NWlDa@nHsBh[WfFBXPLVDvCNjDXnCZJCHGLUBa@', 'resource_state': 2}",FALSE,FALSE,FALSE,FALSE,everyone,FALSE,[],"[-38.09212876483798, 147.0787354465574]","[-38.089636992663145, 147.07757279276848]",8.299,10.383,138.4,FALSE,486.5,FALSE,FALSE,FALSE,13.5,4,13118413615,13118413615,stripped_garmin_ping_367144207803,FALSE,0,0,FALSE
2,"{'id': 60229721, 'resource_state': 1}",Afternoon Swim,2000,2028,2614,0,Swim,Swim,Garmin Forerunner 735XT,12305924129,2024-03-29T02:37:41Z,2024-03-29T13:37:41Z,(GMT+10:00) Antarctica/Macquarie,39600,,,,0,0,0,1,0,"{'id': 'a12305924129', 'summary_polyline': '', 'resource_state': 2}",TRUE,FALSE,FALSE,FALSE,everyone,FALSE,,[],[],0.986,1.564,32.3,FALSE,FALSE,FALSE,0,0,13118413781,13118413781,stripped_garmin_ping_367144207703,FALSE,0,0,FALSE,,,
2,"{'id': 60229721, 'resource_state': 1}",Morning Ride,0,2402,2402,0,Ride,Ride,,Garmin Forerunner 735XT,12305924188,2024-03-27T20:32:21Z,2024-03-28T07:32:21Z,(GMT+10:00) Antarctica/Macquarie,39600,,,,0,0,0,1,0,"{'id': 'a12305924188', 'summary_polyline': '', 'resource_state': 2}",TRUE,FALSE,FALSE,FALSE,everyone,FALSE,[],[],[],0,0,FALSE,FALSE,FALSE,0,0,13118413881,13118413881,stripped_garmin_ping_367144207859,FALSE,0,0,FALSE,,,
2,"{'id': 60229721, 'resource_state': 1}",Afternoon Swim,2000,1997,2499,0,Swim,Swim,Garmin Forerunner 735XT,12305923885,2024-03-27T06:34:13Z,2024-03-27T17:34:13Z,(GMT+10:00) Antarctica/Macquarie,39600,,,,0,0,0,1,0,"{'id': 'a12305923885', 'summary_polyline': '', 'resource_state': 2}",TRUE,FALSE,FALSE,FALSE,everyone,FALSE,,[],[],1.002,2.224,34.6,FALSE,FALSE,FALSE,0,0,13118413552,13118413552,stripped_garmin_ping_367144207805,FALSE,0,0,FALSE,,,
2,"{'id': 60229721, 'resource_state': 1}",Evening Swim,550,519,588,0,Swim,Swim,Garmin Forerunner 735XT,12305924275,2024-03-26T08:34:57Z,2024-03-26T19:34:57Z,(GMT+10:00) Antarctica/Macquarie,39600,,,,0,0,0,1,0,"{'id': 'a12305924275', 'summary_polyline': '', 'resource_state': 2}",TRUE,FALSE,FALSE,FALSE,everyone,FALSE,,[],[],1.06,1.284,33.8,FALSE,FALSE,FALSE,0,0,13118413911,13118413911,stripped_garmin_ping_367144207751,FALSE,0,0,FALSE,,,
2,"{'id': 60229721, 'resource_state': 1}",Evening Swim,1200,1033,1503,0,Swim,Swim,Garmin Forerunner 735XT,12305923978,2024-03-26T08:07:53Z,2024-03-26T19:07:53Z,(GMT+10:00) Antarctica/Macquarie,39600,,,,0,0,0,1,0,"{'id': 'a12305923978', 'summary_polyline': '', 'resource_state': 2}",TRUE,FALSE,FALSE,FALSE,everyone,FALSE,,[],[],1.162,1.236,16.9,FALSE,FALSE,FALSE,0,0,13118413646,13118413646,stripped_garmin_ping_367144207755,FALSE,0,0,FALSE,,,
2,"{'id': 60229721, 'resource_state': 1}",Afternoon Swim,1800,1661,2004,0,Swim,Swim,Garmin Forerunner 735XT,12305923980,2024-03-25T06:26:54Z,2024-03-25T17:26:54Z,(GMT+10:00) Antarctica/Macquarie,39600,,,,0,0,0,1,0,"{'id': 'a12305923980', 'summary_polyline': '', 'resource_state': 2}",TRUE,FALSE,FALSE,FALSE,everyone,FALSE,,[],[],1.084,1.564,17.2,FALSE,FALSE,FALSE,0,0,13118413635,13118413635,stripped_garmin_ping_367144207852,FALSE,0,0,FALSE,,,
2,"{'id': 60229721, 'resource_state': 1}",Morning Swim,2000,2105,2503,0,Swim,Swim,Garmin Forerunner 735XT,12305923867,2024-03-24T22:47:18Z,2024-03-25T09:47:18Z,(GMT+10:00) Antarctica/Macquarie,39600,,,,0,0,0,1,0,"{'id': 'a12305923867', 'summary_polyline': '', 'resource_state': 2}",TRUE,FALSE,FALSE,FALSE,everyone,FALSE,,[],[],0.95,1.516,35.1,FALSE,FALSE,FALSE,0,0,13118413469,13118413469,stripped_garmin_ping_367144207700,FALSE,0,0,FALSE,,,
2,"{'id': 60229721, 'resource_state': 1}",Morning Run,2846.6,1501,1501,0,Run,Run,,Garmin Forerunner 735XT,12305923963,2024-03-23T21:18:10Z,2024-03-24T08:18:10Z,(GMT+10:00) Antarctica/Macquarie,39600,,,,0,0,0,1,0,"{'id': 'a12305923963', 'summary_polyline': '', 'resource_state': 2}",TRUE,FALSE,FALSE,FALSE,everyone,FALSE,[],[],[],1.896,2.08,76.2,FALSE,FALSE,FALSE,0,0,13118413651,13118413651,stripped_garmin_ping_367144207765,FALSE,0,0,FALSE,,
2,"{'id': 60229721, 'resource_state': 1}",Morning Ride,0,2744,2744,0,Ride,Ride,,Garmin Forerunner 735XT,12305924054,2024-03-23T20:24:51Z,2024-03-24T07:24:51Z,(GMT+10:00) Antarctica/Macquarie,39600,,,,0,0,0,1,0,"{'id': 'a12305924054', 'summary_polyline': '', 'resource_state': 2}",TRUE,FALSE,FALSE,FALSE,everyone,FALSE,[],[],[],0,0,FALSE,FALSE,FALSE,0,0,13118413711,13118413711,stripped_garmin_ping_367144207860,FALSE,0,0,FALSE,,,
2,"{'id': 60229721, 'resource_state': 1}",Evening Swim,1500,1565,1756,0,Swim,Swim,Garmin Forerunner 735XT,12305923969,2024-03-22T07:54:54Z,2024-03-22T18:54:54Z,(GMT+10:00) Antarctica/Macquarie,39600,,,,0,0,0,1,0,"{'id': 'a12305923969', 'summary_polyline': '', 'resource_state': 2}",TRUE,FALSE,FALSE,FALSE,everyone,FALSE,,[],[],0.958,0.992,32.1,FALSE,FALSE,FALSE,0,0,13118413560,13118413560,stripped_garmin_ping_367144207865,FALSE,0,0,FALSE,,,
2,"{'id': 60229721, 'resource_state': 1}",Morning Run,3603.9,1800,1815,0,Run,Run,,Garmin Forerunner 735XT,12305923959,2024-03-21T20:42:14Z,2024-03-22T07:42:14Z,(GMT+10:00) Antarctica/Macquarie,39600,,,,0,0,0,1,0,"{'id': 'a12305923959', 'summary_polyline': '', 'resource_state': 2}",TRUE,FALSE,FALSE,FALSE,everyone,FALSE,[],[],[],2.002,2.36,78.1,FALSE,FALSE,FALSE,0,0,13118413587,13118413587,stripped_garmin_ping_367144207775,FALSE,0,0,FALSE,,
2,"{'id': 60229721, 'resource_state': 1}",Evening Swim,1700,1736,2050,0,Swim,Swim,Garmin Forerunner 735XT,12305923861,2024-03-21T07:20:58Z,2024-03-21T18:20:58Z,(GMT+10:00) Antarctica/Macquarie,39600,,,,0,0,0,1,0,"{'id': 'a12305923861', 'summary_polyline': '', 'resource_state': 2}",TRUE,FALSE,FALSE,FALSE,everyone,FALSE,,[],[],0.979,1.632,34,FALSE,FALSE,FALSE,0,0,13118413497,13118413497,stripped_garmin_ping_367144207348,FALSE,0,0,FALSE,,,
2,"{'id': 60229721, 'resource_state': 1}",Afternoon Ride,0,2111,2111,0,Ride,Ride,,Garmin Forerunner 735XT,12305923874,2024-03-21T06:37:31Z,2024-03-21T17:37:31Z,(GMT+10:00) Antarctica/Macquarie,39600,,,,0,0,0,1,0,"{'id': 'a12305923874', 'summary_polyline': '', 'resource_state': 2}",TRUE,FALSE,FALSE,FALSE,everyone,FALSE,[],[],[],0,0,FALSE,FALSE,FALSE,0,0,13118413484,13118413484,stripped_garmin_ping_367144207372,FALSE,0,0,FALSE,,,
2,"{'id': 60229721, 'resource_state': 1}",Morning Run,3271.4,1800,1804,0,Run,Run,,Garmin Forerunner 735XT,12305924055,2024-03-19T21:09:21Z,2024-03-20T08:09:21Z,(GMT+10:00) Antarctica/Macquarie,39600,,,,0,0,0,1,0,"{'id': 'a12305924055', 'summary_polyline': '', 'resource_state': 2}",TRUE,FALSE,FALSE,FALSE,everyone,FALSE,[],[],[],1.817,1.988,73.3,FALSE,FALSE,FALSE,0,0,13118413695,13118413695,stripped_garmin_ping_367144207402,FALSE,0,0,FALSE,,
2,"{'id': 60229721, 'resource_state': 1}",Morning Ride,0,2457,2457,0,Ride,Ride,,Garmin Forerunner 735XT,12305923860,2024-03-19T20:23:04Z,2024-03-20T07:23:04Z,(GMT+10:00) Antarctica/Macquarie,39600,,,,0,0,0,1,0,"{'id': 'a12305923860', 'summary_polyline': '', 'resource_state': 2}",TRUE,FALSE,FALSE,FALSE,everyone,FALSE,[],[],[],0,0,FALSE,FALSE,FALSE,0,0,13118413468,13118413468,stripped_garmin_ping_367144207427,FALSE,0,0,FALSE,,,
2,"{'id': 60229721, 'resource_state': 1}",Afternoon Swim,800,830,2409,0,Swim,Swim,Garmin Forerunner 735XT,12305923778,2024-03-19T06:52:26Z,2024-03-19T17:52:26Z,(GMT+10:00) Antarctica/Macquarie,39600,,,,0,0,0,1,0,"{'id': 'a12305923778', 'summary_polyline': '', 'resource_state': 2}",TRUE,FALSE,FALSE,FALSE,everyone,FALSE,,[],[],0.964,1.138,32.8,FALSE,FALSE,FALSE,0,0,13118413333,13118413333,stripped_garmin_ping_367144207543,FALSE,0,0,FALSE,,,
2,"{'id': 60229721, 'resource_state': 1}",Morning Ride,0,1801,1801,0,Ride,Ride,,Garmin Forerunner 735XT,12305924051,2024-03-18T20:21:26Z,2024-03-19T07:21:26Z,(GMT+10:00) Antarctica/Macquarie,39600,,,,0,0,0,1,0,"{'id': 'a12305924051', 'summary_polyline': '', 'resource_state': 2}",TRUE,FALSE,FALSE,FALSE,everyone,FALSE,[],[],[],0,0,FALSE,FALSE,FALSE,0,0,13118413694,13118413694,stripped_garmin_ping_367144207490,FALSE,0,0,FALSE,,,
2,"{'id': 60229721, 'resource_state': 1}",Evening Swim,1700,1515,1744,0,Swim,Swim,Garmin Forerunner 735XT,12305923875,2024-03-18T08:13:50Z,2024-03-18T19:13:50Z,(GMT+10:00) Antarctica/Macquarie,39600,,,,0,0,0,1,0,"{'id': 'a12305923875', 'summary_polyline': '', 'resource_state': 2}",TRUE,FALSE,FALSE,FALSE,everyone,FALSE,,[],[],1.122,3.572,32.1,FALSE,FALSE,FALSE,0,0,13118413541,13118413541,stripped_garmin_ping_367144207480,FALSE,0,0,FALSE,,,
2,"{'id': 60229721, 'resource_state': 1}",Morning Ride,0,3735,3735,0,Ride,Ride,,Garmin Forerunner 735XT,12305923865,2024-03-17T20:43:13Z,2024-03-18T07:43:13Z,(GMT+10:00) Antarctica/Macquarie,39600,,,,0,0,0,1,0,"{'id': 'a12305923865', 'summary_polyline': '', 'resource_state': 2}",TRUE,FALSE,FALSE,FALSE,everyone,FALSE,[],[],[],0,0,FALSE,FALSE,FALSE,0,0,13118413531,13118413531,stripped_garmin_ping_367144207316,FALSE,0,0,FALSE,,,
2,"{'id': 60229721, 'resource_state': 1}",Evening Swim,1500,1580,2137,0,Swim,Swim,Garmin Forerunner 735XT,12305923645,2024-03-16T07:11:54Z,2024-03-16T18:11:54Z,(GMT+10:00) Antarctica/Macquarie,39600,,,,0,0,0,1,0,"{'id': 'a12305923645', 'summary_polyline': '', 'resource_state': 2}",TRUE,FALSE,FALSE,FALSE,everyone,FALSE,,[],[],0.949,1.206,34,FALSE,FALSE,FALSE,0,0,13118413294,13118413294,stripped_garmin_ping_367144207429,FALSE,0,0,FALSE,,,
2,"{'id': 60229721, 'resource_state': 1}",Afternoon Ride,0,1800,1800,0,Ride,Ride,,Garmin Forerunner 735XT,12305923965,2024-03-16T06:33:27Z,2024-03-16T17:33:27Z,(GMT+10:00) Antarctica/Macquarie,39600,,,,0,0,0,1,0,"{'id': 'a12305923965', 'summary_polyline': '', 'resource_state': 2}",TRUE,FALSE,FALSE,FALSE,everyone,FALSE,[],[],[],0,0,FALSE,FALSE,FALSE,0,0,13118413588,13118413588,stripped_garmin_ping_367144207339,FALSE,0,0,FALSE,,,
2,"{'id': 60229721, 'resource_state': 1}",Evening Run,3374.5,1800,1812,0,Run,Run,,Garmin Forerunner 735XT,12305923891,2024-03-15T07:03:50Z,2024-03-15T18:03:50Z,(GMT+10:00) Antarctica/Macquarie,39600,,,,0,0,0,1,0,"{'id': 'a12305923891', 'summary_polyline': '', 'resource_state': 2}",TRUE,FALSE,FALSE,FALSE,everyone,FALSE,[],[],[],1.875,2.166,75,FALSE,FALSE,FALSE,0,0,13118413533,13118413533,stripped_garmin_ping_367144207566,FALSE,0,0,FALSE,,
2,"{'id': 60229721, 'resource_state': 1}",Morning Swim,1500,1570,1938,0,Swim,Swim,Garmin Forerunner 735XT,12305923984,2024-03-14T20:47:37Z,2024-03-15T07:47:37Z,(GMT+10:00) Antarctica/Macquarie,39600,,,,0,0,0,1,0,"{'id': 'a12305923984', 'summary_polyline': '', 'resource_state': 2}",TRUE,FALSE,FALSE,FALSE,everyone,FALSE,,[],[],0.955,1.668,34.4,FALSE,FALSE,FALSE,0,0,13118413623,13118413623,stripped_garmin_ping_367144207571,FALSE,0,0,FALSE,,,
2,"{'id': 60229721, 'resource_state': 1}",Afternoon Ride,0,3757,3757,0,Ride,Ride,,Garmin Forerunner 735XT,12305923856,2024-03-14T04:10:37Z,2024-03-14T15:10:37Z,(GMT+10:00) Antarctica/Macquarie,39600,,,,0,0,0,1,0,"{'id': 'a12305923856', 'summary_polyline': '', 'resource_state': 2}",TRUE,FALSE,FALSE,FALSE,everyone,FALSE,[],[],[],0,0,FALSE,FALSE,FALSE,0,0,13118413491,13118413491,stripped_garmin_ping_367144207392,FALSE,0,0,FALSE,,,
2,"{'id': 60229721, 'resource_state': 1}",Evening Swim,1000,1070,1216,0,Swim,Swim,Garmin Forerunner 735XT,12305924322,2024-03-13T08:29:26Z,2024-03-13T19:29:26Z,(GMT+10:00) Antarctica/Macquarie,39600,,,,0,0,0,1,0,"{'id': 'a12305924322', 'summary_polyline': '', 'resource_state': 2}",TRUE,FALSE,FALSE,FALSE,everyone,FALSE,,[],[],0.935,1.032,33.2,FALSE,FALSE,FALSE,0,0,13118413943,13118413943,stripped_garmin_ping_367144207271,FALSE,0,0,FALSE,,,
2,"{'id': 60229721, 'resource_state': 1}",Evening Swim,900,903,1236,0,Swim,Swim,Garmin Forerunner 735XT,12305923855,2024-03-13T08:06:20Z,2024-03-13T19:06:20Z,(GMT+10:00) Antarctica/Macquarie,39600,,,,0,0,0,1,0,"{'id': 'a12305923855', 'summary_polyline': '', 'resource_state': 2}",TRUE,FALSE,FALSE,FALSE,everyone,FALSE,,[],[],0.997,1.174,20.2,FALSE,FALSE,FALSE,0,0,13118413454,13118413454,stripped_garmin_ping_367144207555,FALSE,0,0,FALSE,,,
2,"{'id': 60229721, 'resource_state': 1}",Morning Run,3199.3,1808,1865,0,Run,Run,,Garmin Forerunner 735XT,12305923970,2024-03-11T20:53:09Z,2024-03-12T07:53:09Z,(GMT+10:00) Antarctica/Macquarie,39600,,,,0,0,0,1,0,"{'id': 'a12305923970', 'summary_polyline': '', 'resource_state': 2}",TRUE,FALSE,FALSE,FALSE,everyone,FALSE,[],[],[],1.77,2.418,69,FALSE,FALSE,FALSE,0,0,13118413665,13118413665,stripped_garmin_ping_367144207536,FALSE,0,0,FALSE,,
2,"{'id': 60229721, 'resource_state': 1}",Morning Ride,0,1803,1803,0,Ride,Ride,,Garmin Forerunner 735XT,12305923747,2024-03-11T20:20:24Z,2024-03-12T07:20:24Z,(GMT+10:00) Antarctica/Macquarie,39600,,,,0,0,0,1,0,"{'id': 'a12305923747', 'summary_polyline': '', 'resource_state': 2}",TRUE,FALSE,FALSE,FALSE,everyone,FALSE,[],[],[],0,0,FALSE,FALSE,FALSE,0,0,13118413369,13118413369,stripped_garmin_ping_367144207264,FALSE,0,0,FALSE,,,
2,"{'id': 60229721, 'resource_state': 1}",Afternoon Swim,2400,2367,3184,0,Swim,Swim,Garmin Forerunner 735XT,12305923887,2024-03-11T03:57:56Z,2024-03-11T14:57:56Z,(GMT+10:00) Antarctica/Macquarie,39600,,,,0,0,0,1,0,"{'id': 'a12305923887', 'summary_polyline': '', 'resource_state': 2}",TRUE,FALSE,FALSE,FALSE,everyone,FALSE,,[],[],1.014,8.334,34.9,FALSE,FALSE,FALSE,0,0,13118413449,13118413449,stripped_garmin_ping_367144207581,FALSE,0,0,FALSE,,,
2,"{'id': 60229721, 'resource_state': 1}",Afternoon Swim,2450,2595,3308,0,Swim,Swim,Garmin Forerunner 735XT,12305923882,2024-03-10T05:31:04Z,2024-03-10T16:31:04Z,(GMT+10:00) Antarctica/Macquarie,39600,,,,0,0,0,1,0,"{'id': 'a12305923882', 'summary_polyline': '', 'resource_state': 2}",TRUE,FALSE,FALSE,FALSE,everyone,FALSE,,[],[],0.944,1.104,35.1,FALSE,FALSE,FALSE,0,0,13118413478,13118413478,stripped_garmin_ping_367144207419,FALSE,0,0,FALSE,,,
2,"{'id': 60229721, 'resource_state': 1}",Evening Swim,1550,1519,1778,0,Swim,Swim,Garmin Forerunner 735XT,12305923983,2024-03-08T07:18:33Z,2024-03-08T18:18:33Z,(GMT+10:00) Antarctica/Macquarie,39600,,,,0,0,0,1,0,"{'id': 'a12305923983', 'summary_polyline': '', 'resource_state': 2}",TRUE,FALSE,FALSE,FALSE,everyone,FALSE,,[],[],1.02,2.274,33.6,FALSE,FALSE,FALSE,0,0,13118413669,13118413669,stripped_garmin_ping_367144207282,FALSE,0,0,FALSE,,,
2,"{'id': 60229721, 'resource_state': 1}",Morning Swim,1350,1433,1922,0,Swim,Swim,Garmin Forerunner 735XT,12305923752,2024-03-07T20:37:31Z,2024-03-08T07:37:31Z,(GMT+10:00) Antarctica/Macquarie,39600,,,,0,0,0,1,0,"{'id': 'a12305923752', 'summary_polyline': '', 'resource_state': 2}",TRUE,FALSE,FALSE,FALSE,everyone,FALSE,,[],[],0.942,1.246,21.2,FALSE,FALSE,FALSE,0,0,13118413406,13118413406,stripped_garmin_ping_367144207386,FALSE,0,0,FALSE,,,
2,"{'id': 60229721, 'resource_state': 1}",Lunch Swim,1800,1899,2351,0,Swim,Swim,Garmin Forerunner 735XT,12305923864,2024-03-07T00:00:41Z,2024-03-07T11:00:41Z,(GMT+10:00) Antarctica/Macquarie,39600,,,,0,0,0,1,0,"{'id': 'a12305923864', 'summary_polyline': '', 'resource_state': 2}",TRUE,FALSE,FALSE,FALSE,everyone,FALSE,,[],[],0.948,1.03,34.2,FALSE,FALSE,FALSE,0,0,13118413490,13118413490,stripped_garmin_ping_367144207550,FALSE,0,0,FALSE,,,
2,"{'id': 60229721, 'resource_state': 1}",Morning Swim,1500,1511,1912,0,Swim,Swim,Garmin Forerunner 735XT,12305923968,2024-03-05T20:32:29Z,2024-03-06T07:32:29Z,(GMT+10:00) Antarctica/Macquarie,39600,,,,0,0,0,1,0,"{'id': 'a12305923968', 'summary_polyline': '', 'resource_state': 2}",TRUE,FALSE,FALSE,FALSE,everyone,FALSE,,[],[],0.993,1.572,22.3,FALSE,FALSE,FALSE,0,0,13118413603,13118413603,stripped_garmin_ping_367144207266,FALSE,0,0,FALSE,,,
2,"{'id': 60229721, 'resource_state': 1}",Afternoon Swim,2500,2617,3559,0,Swim,Swim,Garmin Forerunner 735XT,12305923992,2024-03-05T03:52:46Z,2024-03-05T14:52:46Z,(GMT+10:00) Antarctica/Macquarie,39600,,,,0,0,0,1,0,"{'id': 'a12305923992', 'summary_polyline': '', 'resource_state': 2}",TRUE,FALSE,FALSE,FALSE,everyone,FALSE,,[],[],0.955,10.576,35.7,FALSE,FALSE,FALSE,0,0,13118413598,13118413598,stripped_garmin_ping_367144207297,FALSE,0,0,FALSE,,,
2,"{'id': 60229721, 'resource_state': 1}",Evening Swim,1500,1351,1864,0,Swim,Swim,Garmin Forerunner 735XT,12305924111,2024-03-04T07:32:51Z,2024-03-04T18:32:51Z,(GMT+10:00) Antarctica/Macquarie,39600,,,,0,0,0,1,0,"{'id': 'a12305924111', 'summary_polyline': '', 'resource_state': 2}",TRUE,FALSE,FALSE,FALSE,everyone,FALSE,,[],[],1.11,4.546,31.8,FALSE,FALSE,FALSE,0,0,13118413752,13118413752,stripped_garmin_ping_367144207283,FALSE,0,0,FALSE,,,
2,"{'id': 60229721, 'resource_state': 1}",Morning Swim,1600,1385,1882,0,Swim,Swim,Garmin Forerunner 735XT,12305924061,2024-03-03T20:38:39Z,2024-03-04T07:38:39Z,(GMT+10:00) Antarctica/Macquarie,39600,,,,0,0,0,1,0,"{'id': 'a12305924061', 'summary_polyline': '', 'resource_state': 2}",TRUE,FALSE,FALSE,FALSE,everyone,FALSE,,[],[],1.155,1.284,20.9,FALSE,FALSE,FALSE,0,0,13118413726,13118413726,stripped_garmin_ping_367144207498,FALSE,0,0,FALSE,,,
2,"{'id': 60229721, 'resource_state': 1}",Morning Swim,2000,2030,2451,0,Swim,Swim,Garmin Forerunner 735XT,12305924059,2024-03-01T20:19:53Z,2024-03-02T07:19:53Z,(GMT+10:00) Antarctica/Macquarie,39600,,,,0,0,0,1,0,"{'id': 'a12305924059', 'summary_polyline': '', 'resource_state': 2}",TRUE,FALSE,FALSE,FALSE,everyone,FALSE,,[],[],0.985,8.334,34.7,FALSE,FALSE,FALSE,0,0,13118413679,13118413679,stripped_garmin_ping_367144207306,FALSE,0,0,FALSE,,,
2,"{'id': 60229721, 'resource_state': 1}",Morning Swim,2000,2160,2457,0,Swim,Swim,Garmin Forerunner 735XT,12305915997,2024-02-29T21:18:26Z,2024-03-01T08:18:26Z,(GMT+10:00) Antarctica/Macquarie,39600,,,,0,0,0,1,0,"{'id': 'a12305915997', 'summary_polyline': '', 'resource_state': 2}",TRUE,FALSE,FALSE,FALSE,everyone,FALSE,,[],[],0.926,2.274,34.6,FALSE,FALSE,FALSE,0,0,13118405162,13118405162,stripped_garmin_ping_367143987505,FALSE,0,0,FALSE,,,
2,"{'id': 60229721, 'resource_state': 1}",Evening Swim,1900,1582,2012,0,Swim,Swim,Garmin Forerunner 735XT,12305916003,2024-02-28T07:44:38Z,2024-02-28T18:44:38Z,(GMT+10:00) Antarctica/Macquarie,39600,,,,0,0,0,1,0,"{'id': 'a12305916003', 'summary_polyline': '', 'resource_state': 2}",TRUE,FALSE,FALSE,FALSE,everyone,FALSE,,[],[],1.201,1.606,32.9,FALSE,FALSE,FALSE,0,0,13118405189,13118405189,stripped_garmin_ping_367143987628,FALSE,0,0,FALSE,,,
2,"{'id': 60229721, 'resource_state': 1}",Afternoon Run,8713.3,4056,4344,0,Run,Run,,Garmin Forerunner 735XT,12305915995,2024-02-28T06:28:22Z,2024-02-28T17:28:22Z,(GMT+10:00) Antarctica/Macquarie,39600,,,,0,0,0,1,0,"{'id': 'a12305915995', 'summary_polyline': '', 'resource_state': 2}",TRUE,FALSE,FALSE,FALSE,everyone,FALSE,[],[],[],2.148,2.915,84.5,FALSE,FALSE,FALSE,0,0,13118405153,13118405153,stripped_garmin_ping_367143987514,FALSE,0,0,FALSE,,
2,"{'id': 60229721, 'resource_state': 1}",Afternoon Ride,0,4527,4527,0,Ride,Ride,,Garmin Forerunner 735XT,12305915988,2024-02-27T04:02:44Z,2024-02-27T15:02:44Z,(GMT+10:00) Antarctica/Macquarie,39600,,,,0,0,0,1,0,"{'id': 'a12305915988', 'summary_polyline': '', 'resource_state': 2}",TRUE,FALSE,FALSE,FALSE,everyone,FALSE,[],[],[],0,0,FALSE,FALSE,FALSE,0,0,13118405118,13118405118,stripped_garmin_ping_367143987439,FALSE,0,0,FALSE,,,
2,"{'id': 60229721, 'resource_state': 1}",Afternoon Swim,1500,1664,2403,0,Swim,Swim,Garmin Forerunner 735XT,12305916207,2024-02-26T03:44:00Z,2024-02-26T14:44:00Z,(GMT+10:00) Antarctica/Macquarie,39600,,,,0,0,0,1,0,"{'id': 'a12305916207', 'summary_polyline': '', 'resource_state': 2}",TRUE,FALSE,FALSE,FALSE,everyone,FALSE,,[],[],0.901,1.178,34,FALSE,FALSE,FALSE,0,0,13118405384,13118405384,stripped_garmin_ping_367143987526,FALSE,0,0,FALSE,,,
2,"{'id': 60229721, 'resource_state': 1}",Afternoon Ride,0,2916,2916,0,Ride,Ride,,Garmin Forerunner 735XT,12305916072,2024-02-26T02:40:53Z,2024-02-26T13:40:53Z,(GMT+10:00) Antarctica/Macquarie,39600,,,,0,0,0,1,0,"{'id': 'a12305916072', 'summary_polyline': '', 'resource_state': 2}",TRUE,FALSE,FALSE,FALSE,everyone,FALSE,[],[],[],0,0,FALSE,FALSE,FALSE,0,0,13118405282,13118405282,stripped_garmin_ping_367143987443,FALSE,0,0,FALSE,,,
2,"{'id': 60229721, 'resource_state': 1}",Afternoon Swim,2000,2202,2754,0,Swim,Swim,Garmin Forerunner 735XT,12305915850,2024-02-25T06:24:54Z,2024-02-25T17:24:54Z,(GMT+10:00) Antarctica/Macquarie,39600,,,,0,0,0,1,0,"{'id': 'a12305915850', 'summary_polyline': '', 'resource_state': 2}",TRUE,FALSE,FALSE,FALSE,everyone,FALSE,,[],[],0.908,1.614,32.4,FALSE,FALSE,FALSE,0,0,13118405081,13118405081,stripped_garmin_ping_367143987452,FALSE,0,0,FALSE,,,
2,"{'id': 60229721, 'resource_state': 1}",Morning Ride,0,1930,1930,0,Ride,Ride,,Garmin Forerunner 735XT,12305915998,2024-02-24T21:36:40Z,2024-02-25T08:36:40Z,(GMT+10:00) Antarctica/Macquarie,39600,,,,0,0,0,1,0,"{'id': 'a12305915998', 'summary_polyline': '', 'resource_state': 2}",TRUE,FALSE,FALSE,FALSE,everyone,FALSE,[],[],[],0,0,FALSE,FALSE,FALSE,0,0,13118405148,13118405148,stripped_garmin_ping_367143987422,FALSE,0,0,FALSE,,,
2,"{'id': 60229721, 'resource_state': 1}",Morning Run,8292.8,2555,3261,118,Run,Run,,Garmin Forerunner 735XT,12305915880,2024-02-21T21:07:03Z,2024-02-22T08:07:03Z,(GMT+10:00) Australia/Melbourne,39600,,,,0,0,0,2,0,"{'id': 'a12305915880', 'summary_polyline': 'n}reFeszsZiAQc@?kBQg@?g@EsBWmA@iAUIEB?W?y@KgAGeAUuAC[IqBQUGYRWpG]`DCxCShCSpFe@`EKf@CH[LAh@Fn@H^D`@Ap@Mp@En@AbBO`BAr@Bl@LbABn@Hh@Dl@GzADn@^`BN|ANn@r@dA^vAFr@@nBAl@Bl@Nd@J~BCl@Hj@`@vBTd@ZZ`@PvCPnDb@bADfAJhDNTAZI`@WXEd@Ff@f@TN`@FzALtAVnFh@nAHb@?lAJh@@dAJpA@hA]p@O`Ac@v@c@fCoBTWXg@\\a@Bi@y@oA_@]QKe@KkBIg@De@E_@?c@EkAQw@[{@}@a@Se@S{@S{BU{@KWA_AOUFWb@QbCfBoASHUXS`@IZCn@B\\Nl@Xd@^\\VHXBb@Cj@WTW@BAA?ORi@BU?q@O}@U_@e@c@]K[Cm@LSLQN[p@I\\C^@\\FZPf@Z`@h@XVDJAc@{C@]Hi@Dw@AYKASHc@`@Uf@K^En@D`@Nj@NXRV^TVF`@?REJGkAuBIu@LiBE[EEKFk@f@Ub@K^C^Bp@Nj@LZ\\\\VJVDT?h@MHEAEg@g@_@{@KOEa@A{@DaA@SCA]R_@^QXOj@El@@^H\\Rd@\\^TLVFV@VC`@OAIu@kA[k@KuBGa@KYQ@MN]zB@j@Lf@Pf@ZZ^P\\@^Eb@MX^Jf@Ff@Vv@T\\^Rb@Db@G^YXc@Lg@@WAm@Mi@c@qAeBaEU_@W_@_@Me@Ee@IkAMkAE}AOo@_@a@O_BYLk@PkELsBHm@J_EB}A\\_J?qAHi@No@N[Lg@PwCHm@JsBDkBDk@BKFmBAu@Bm@', 'resource_state': 2}",FALSE,FALSE,FALSE,FALSE,everyone,FALSE,[],"[-37.786775110289454, 144.97579825110734]","[-37.78651929460466, 144.97581820003688]",3.246,7.456,82,FALSE,FALSE,FALSE,60.3,19.5,13118405092,13118405092,stripped_garmin_ping_367143987527,FALSE,0,0,FALSE,,
2,"{'id': 60229721, 'resource_state': 1}",Afternoon Run,8805.1,3602,3708,0,Run,Run,,Garmin Forerunner 735XT,12305916014,2024-02-21T05:52:26Z,2024-02-21T16:52:26Z,(GMT+10:00) Antarctica/Macquarie,39600,,,,0,0,0,1,0,"{'id': 'a12305916014', 'summary_polyline': '', 'resource_state': 2}",TRUE,FALSE,FALSE,FALSE,everyone,FALSE,[],[],[],2.445,3.171,87.5,FALSE,FALSE,FALSE,0,0,13118405220,13118405220,stripped_garmin_ping_367143987434,FALSE,0,0,FALSE,,
2,"{'id': 60229721, 'resource_state': 1}",Morning Swim,2000,2195,3321,0,Swim,Swim,Garmin Forerunner 735XT,12305916089,2024-02-20T23:15:59Z,2024-02-21T10:15:59Z,(GMT+10:00) Antarctica/Macquarie,39600,,,,0,0,0,1,0,"{'id': 'a12305916089', 'summary_polyline': '', 'resource_state': 2}",TRUE,FALSE,FALSE,FALSE,everyone,FALSE,,[],[],0.911,2.274,33,FALSE,FALSE,FALSE,0,0,13118405298,13118405298,stripped_garmin_ping_367143987516,FALSE,0,0,FALSE,,,
2,"{'id': 60229721, 'resource_state': 1}",Lunch Run,7252.5,2161,2399,0,Run,Run,,Garmin Forerunner 735XT,12305916216,2024-02-20T01:25:01Z,2024-02-20T12:25:01Z,(GMT+10:00) Antarctica/Macquarie,39600,,,,0,0,0,1,0,"{'id': 'a12305916216', 'summary_polyline': '', 'resource_state': 2}",TRUE,FALSE,FALSE,FALSE,everyone,FALSE,[],[],[],3.356,3.805,80.3,FALSE,FALSE,FALSE,0,0,13118405351,13118405351,stripped_garmin_ping_367143987463,FALSE,0,0,FALSE,,
2,"{'id': 60229721, 'resource_state': 1}",Lunch Run,8648,3601,3783,0,Run,Run,,Garmin Forerunner 735XT,12305915849,2024-02-19T01:21:04Z,2024-02-19T12:21:04Z,(GMT+10:00) Antarctica/Macquarie,39600,,,,0,0,0,1,0,"{'id': 'a12305915849', 'summary_polyline': '', 'resource_state': 2}",TRUE,FALSE,FALSE,FALSE,everyone,FALSE,[],[],[],2.402,3.406,83.8,FALSE,FALSE,FALSE,0,0,13118405079,13118405079,stripped_garmin_ping_367143987429,FALSE,0,0,FALSE,,
2,"{'id': 60229721, 'resource_state': 1}",Lunch Run,9185.5,2639,2813,0,Run,Run,,Garmin Forerunner 735XT,12305915984,2024-02-16T01:48:20Z,2024-02-16T12:48:20Z,(GMT+10:00) Antarctica/Macquarie,39600,,,,0,0,0,1,0,"{'id': 'a12305915984', 'summary_polyline': '', 'resource_state': 2}",TRUE,FALSE,FALSE,FALSE,everyone,FALSE,[],[],[],3.481,3.891,79.9,FALSE,FALSE,FALSE,0,0,13118405203,13118405203,stripped_garmin_ping_367143987541,FALSE,0,0,FALSE,,
2,"{'id': 60229721, 'resource_state': 1}",Morning Run,7408.3,2149,2956,61.9,Run,Run,,Garmin Forerunner 735XT,12305916015,2024-02-14T22:30:56Z,2024-02-15T09:30:56Z,(GMT+10:00) Australia/Melbourne,39600,,,,4,0,0,2,0,"{'id': 'a12305916015', 'summary_polyline': 'boseF{}zsZFm@@m@GIAOJmB?o@Bs@Po@Hi@?Uc@[e@eAJwAO_@U[]Sa@Mc@Eq@n@g@?a@S}@o@m@o@]W_@_@[g@CgAIm@Mg@Ui@AMXkDf@uApA{AZSdAk@d@Ob@Kf@?h@@nBn@`@RbA`AbAbBFl@On@MTHl@^X^P^ZNh@Ln@HT\\n@Ld@_@v@Rb@Dl@ShCQl@IJc@Ve@Fc@?c@Gc@YYe@w@u@OW]YoA_@_@AuBFe@Q_@Ym@q@q@iASm@[cBe@aACWCq@LuAJm@Rk@Va@ZWPWDCRSvAu@\\MPG`AIfA@lAPd@N`Ax@nArBNf@@l@Oj@Dj@\\^`@RXb@Xh@j@|AHp@GPMRNl@Bl@ObAIv@On@Yb@a@P_@Fc@Ea@I[[Se@}@cA]Sc@Oa@Oc@GcAVe@Gy@Sc@ScAo@{@{AOm@a@}CBcBJaA`@qA^m@v@o@^Y`@KlA@ZOR]L@VFVTZ\\P|ATbAP\\V^`Ax@_@bB@O@DRFbEv@DLDCCC]IkDq@c@GCBBCHAFBxB`@|Ad@?CU[@@yB]_BQI@CDJD|BZjB\\D?C@UA_EaAUs@BBJ@f@IbBE`@D\\VNh@Bh@`@zAJh@Kn@XlAFf@En@Ip@c@fA[Vc@DiAGe@UeBwBaBi@i@EK@_AZe@Ei@Q{@u@y@gASg@Uy@m@yCAcADq@RsAFURg@Zo@T_@`@Wb@Qd@LpAn@bAv@`AbAfBfA^XTd@Ij@Ud@]d@cBnA{@bCOn@O`Aa@hBH`@Zf@rAdAz@x@\\TP`@D~@KvAGzC', 'resource_state': 2}",FALSE,FALSE,FALSE,FALSE,everyone,FALSE,[],"[-37.78735203668475, 144.97577084228396]","[-37.78789954259992, 144.9758525658399]",3.447,7.616,85.8,FALSE,FALSE,FALSE,47.6,31.7,13118405132,13118405132,stripped_garmin_ping_367143987424,FALSE,1,0,FALSE,,
2,"{'id': 60229721, 'resource_state': 1}",Afternoon Run,8514.4,3602,3902,0,Run,Run,,Garmin Forerunner 735XT,12305916063,2024-02-14T05:20:42Z,2024-02-14T16:20:42Z,(GMT+10:00) Antarctica/Macquarie,39600,,,,0,0,0,1,0,"{'id': 'a12305916063', 'summary_polyline': '', 'resource_state': 2}",TRUE,FALSE,FALSE,FALSE,everyone,FALSE,[],[],[],2.364,2.993,88.3,FALSE,FALSE,FALSE,0,0,13118405237,13118405237,stripped_garmin_ping_367143987507,FALSE,0,0,FALSE,,
2,"{'id': 60229721, 'resource_state': 1}",Morning Swim,1500,1657,2359,0,Swim,Swim,Garmin Forerunner 735XT,12305916004,2024-02-13T23:48:44Z,2024-02-14T10:48:44Z,(GMT+10:00) Antarctica/Macquarie,39600,,,,0,0,0,1,0,"{'id': 'a12305916004', 'summary_polyline': '', 'resource_state': 2}",TRUE,FALSE,FALSE,FALSE,everyone,FALSE,,[],[],0.905,0.932,34.4,FALSE,FALSE,FALSE,0,0,13118405126,13118405126,stripped_garmin_ping_367143987418,FALSE,0,0,FALSE,,,
2,"{'id': 60229721, 'resource_state': 1}",Lunch Run,6915.3,2172,2172,0,Run,Run,,Garmin Forerunner 735XT,12305915992,2024-02-13T01:56:30Z,2024-02-13T12:56:30Z,(GMT+10:00) Antarctica/Macquarie,39600,,,,0,0,0,1,0,"{'id': 'a12305915992', 'summary_polyline': '', 'resource_state': 2}",TRUE,FALSE,FALSE,FALSE,everyone,FALSE,[],[],[],3.184,3.759,82.1,FALSE,FALSE,FALSE,0,0,13118405113,13118405113,stripped_garmin_ping_367143987413,FALSE,0,0,FALSE,,
2,"{'id': 60229721, 'resource_state': 1}",Afternoon Ride,0,1800,1800,0,Ride,Ride,,Garmin Forerunner 735XT,12305916066,2024-02-12T06:49:10Z,2024-02-12T17:49:10Z,(GMT+10:00) Antarctica/Macquarie,39600,,,,0,0,0,1,0,"{'id': 'a12305916066', 'summary_polyline': '', 'resource_state': 2}",TRUE,FALSE,FALSE,FALSE,everyone,FALSE,[],[],[],0,0,FALSE,FALSE,FALSE,0,0,13118405321,13118405321,stripped_garmin_ping_367143987445,FALSE,0,0,FALSE,,,
2,"{'id': 60229721, 'resource_state': 1}",Afternoon Run,57.2,19,19,0,Run,Run,,Garmin Forerunner 735XT,12305916021,2024-02-12T05:09:40Z,2024-02-12T16:09:40Z,(GMT+10:00) Antarctica/Macquarie,39600,,,,0,0,0,1,0,"{'id': 'a12305916021', 'summary_polyline': '', 'resource_state': 2}",TRUE,FALSE,FALSE,FALSE,everyone,FALSE,[],[],[],3.013,3.298,81.5,FALSE,FALSE,FALSE,0,0,13118405174,13118405174,stripped_garmin_ping_367143987401,FALSE,0,0,FALSE,,
2,"{'id': 60229721, 'resource_state': 1}",Afternoon Run,87.3,28,39,0,Run,Run,,Garmin Forerunner 735XT,12305915980,2024-02-12T03:55:29Z,2024-02-12T14:55:29Z,(GMT+10:00) Australia/Melbourne,39600,,,,0,0,0,1,0,"{'id': 'a12305915980', 'summary_polyline': '', 'resource_state': 2}",FALSE,FALSE,FALSE,FALSE,everyone,FALSE,[],[],[],3.117,4.104,89.1,FALSE,FALSE,FALSE,16.6,16.2,13118405150,13118405150,stripped_garmin_ping_367143987387,FALSE,0,0,FALSE,,
2,"{'id': 60229721, 'resource_state': 1}",Morning Run,3338.9,1014,1253,18.4,Run,Run,,Garmin Forerunner 735XT,12305915900,2024-02-11T21:35:40Z,2024-02-12T08:35:40Z,(GMT+10:00) Australia/Melbourne,39600,,,,1,0,0,2,0,"{'id': 'a12305915900', 'summary_polyline': '~nseF}|zsZF_BPaBBq@BeBNi@NyATMAI_@SqC[g@IkAe@_A}@cBgAyAiAWk@AaBCu@Ko@Sm@Ki@@o@RaBRm@t@eAXi@Ze@b@UlAe@rA[d@ClALVF`@Rb@VZ^lAlBRh@@r@Ml@Bp@\\\\^V\\^Lh@z@|BGl@?^ECIBRh@Fb@IhBKz@Wd@e@Vc@DkAQa@a@Qe@Gs@D]BB@LEDCCC@@@bFr@HECDAFAGc@OwDw@KBPJnEl@FFc@GiDy@SWGCALa@dAMz@BHPJl@PDPQvB?~AYnAMrB?n@Cl@', 'resource_state': 2}",FALSE,FALSE,FALSE,FALSE,everyone,FALSE,[],"[-37.786766812205315, 144.97580948285758]","[-37.78693277388811, 144.97591316699982]",3.293,7.583,86.1,FALSE,FALSE,FALSE,39,27,13118405072,13118405072,stripped_garmin_ping_367143987383,FALSE,1,0,FALSE,,
2,"{'id': 60229721, 'resource_state': 1}",Afternoon Run,6404.4,3606,3606,0,Run,Run,,Garmin Forerunner 735XT,12305915987,2024-02-11T06:38:35Z,2024-02-11T17:38:35Z,(GMT+10:00) Antarctica/Macquarie,39600,,,,0,0,0,1,0,"{'id': 'a12305915987', 'summary_polyline': '', 'resource_state': 2}",TRUE,FALSE,FALSE,FALSE,everyone,FALSE,[],[],[],1.776,4.145,57.9,FALSE,FALSE,FALSE,0,0,13118405171,13118405171,stripped_garmin_ping_367143987380,FALSE,0,0,FALSE,,
2,"{'id': 60229721, 'resource_state': 1}",Morning Run,2843.3,880,1150,14.5,Run,Run,,Garmin Forerunner 735XT,12305916025,2024-02-08T20:45:16Z,2024-02-09T07:45:16Z,(GMT+10:00) Australia/Melbourne,39600,,,,0,0,0,2,0,"{'id': 'a12305916025', 'summary_polyline': 'xeseF{}zsZFk@?}@JyALcBP_B?q@LaBIo@Wc@_@SWe@yA}Ay@cAKk@@s@UuAOi@PqC\\uAf@oAr@gA^]fAk@d@MrBAf@Bd@Hd@R^VZ^rApBLb@El@Mj@@n@`@Pd@LZ^Br@Sf@YV_@Rc@FQE{Aw@Ci@Nk@^]f@Id@@', 'resource_state': 2}",FALSE,FALSE,FALSE,FALSE,everyone,FALSE,[],"[-37.7867363858968, 144.97577050700784]","[-37.78865257278085, 144.98145578429103]",3.231,6.631,86.3,FALSE,FALSE,FALSE,39,31.1,13118405256,13118405256,stripped_garmin_ping_367143987414,FALSE,0,0,FALSE,,
2,"{'id': 60229721, 'resource_state': 1}",Afternoon Ride,0,2526,2526,0,Ride,Ride,,Garmin Forerunner 735XT,12305915978,2024-02-07T06:25:18Z,2024-02-07T17:25:18Z,(GMT+10:00) Antarctica/Macquarie,39600,,,,0,0,0,1,0,"{'id': 'a12305915978', 'summary_polyline': '', 'resource_state': 2}",TRUE,FALSE,FALSE,FALSE,everyone,FALSE,[],[],[],0,0,FALSE,FALSE,FALSE,0,0,13118405128,13118405128,stripped_garmin_ping_367143987381,FALSE,0,0,FALSE,,,
2,"{'id': 60229721, 'resource_state': 1}",Morning Swim,1050,1127,33002,0,Swim,Swim,Garmin Forerunner 735XT,12305915986,2024-02-06T21:19:05Z,2024-02-07T08:19:05Z,(GMT+10:00) Antarctica/Macquarie,39600,,,,0,0,0,1,0,"{'id': 'a12305915986', 'summary_polyline': '', 'resource_state': 2}",TRUE,FALSE,FALSE,FALSE,everyone,FALSE,,[],[],0.932,5.042,33.5,FALSE,FALSE,FALSE,0,0,13118405187,13118405187,stripped_garmin_ping_367143987405,FALSE,0,0,FALSE,,,
