fold,true_cluster,predicted_cluster,correct,top1_cluster,top1_confidence,top2_cluster,top2_confidence,top3_cluster,top3_confidence,top4_cluster,top4_confidence,top5_cluster,top5_confidence,true_rank,elapsed_time
1,2,4,False,4,0.65,2,0.26,1,0.09,0,0.0,3,0.0,2,0 days 00:59:43
1,2,3,False,3,0.7,2,0.3,1,0.0,0,0.0,4,0.0,2,0 days 00:25:05
1,1,2,False,2,0.95,3,0.05,1,0.0,0,0.0,4,0.0,3,0 days 00:21:12
1,1,3,False,3,0.58,2,0.28,0,0.11,1,0.02,6,0.01,4,0 days 00:16:43
1,2,3,False,3,0.61,2,0.3042142857142857,1,0.07578571428571429,4,0.01,0,0.0,2,0 days 01:00:08
1,0,6,False,6,0.76,2,0.2,0,0.04,1,0.0,3,0.0,3,0 days 01:31:39
1,0,0,True,0,0.47821428571428565,6,0.41178571428571414,4,0.06,2,0.05,3,0.0,1,0 days 01:02:13
1,0,3,False,3,0.97,2,0.03,1,0.0,0,0.0,4,0.0,4,0 days 00:26:04
1,0,2,False,2,0.7016666666666665,0,0.28,4,0.018333333333333333,1,0.0,3,0.0,2,0 days 00:58:44
1,4,2,False,2,0.6733333333333335,6,0.18333333333333335,3,0.1433333333333333,1,0.0,0,0.0,6,0 days 00:40:38
1,0,0,True,0,0.58,2,0.42,1,0.0,3,0.0,4,0.0,1,0 days 01:15:54
1,4,2,False,2,0.97,0,0.03,1,0.0,3,0.0,4,0.0,5,0 days 00:49:54
1,4,6,False,6,0.64,0,0.32,2,0.04,1,0.0,3,0.0,6,0 days 00:49:37
1,2,1,False,1,0.6,5,0.1861666666666666,4,0.17383333333333337,2,0.04,3,0.0,4,0 days 00:50:21
1,3,2,False,2,0.4638333333333333,0,0.43616666666666665,7,0.09,1,0.01,3,0.0,5,0 days 01:04:03
1,2,2,True,2,0.75,6,0.25,1,0.0,0,0.0,3,0.0,1,0 days 00:29:19
1,2,2,True,2,0.9086666666666666,13,0.06133333333333334,3,0.02,9,0.01,4,0.0,1,0 days 00:11:59
1,2,3,False,3,0.9451666666666667,2,0.05483333333333333,1,0.0,0,0.0,4,0.0,2,0 days 00:09:32
1,2,2,True,2,0.77,4,0.16,7,0.07,0,0.0,3,0.0,1,0 days 00:44:49
1,6,0,False,0,0.7233333333333333,3,0.2,6,0.04666666666666667,1,0.02,2,0.01,3,0 days 00:51:47
1,6,7,False,7,0.6,1,0.31,2,0.07,6,0.02,3,0.0,4,0 days 01:11:19
1,6,6,True,6,0.63,3,0.21,4,0.13,0,0.025,2,0.005,1,0 days 00:34:41
1,6,1,False,1,0.89,2,0.08,6,0.03,0,0.0,3,0.0,3,0 days 01:02:55
1,6,6,True,6,0.7,2,0.3,1,0.0,0,0.0,3,0.0,1,0 days 00:53:32
1,2,2,True,2,0.75,3,0.25,1,0.0,0,0.0,4,0.0,1,0 days 01:01:18
1,6,2,False,2,0.92,3,0.08,1,0.0,0,0.0,4,0.0,7,0 days 00:28:04
1,6,2,False,2,0.92,3,0.08,1,0.0,0,0.0,4,0.0,7,0 days 00:28:05
1,8,2,False,2,0.53,0,0.2165,6,0.20350000000000001,1,0.03,4,0.02,9,0 days 01:02:04
1,6,3,False,3,0.84,11,0.14,13,0.01,2,0.01,4,0.0,10,0 days 00:16:28
1,6,7,False,7,0.63,4,0.19,2,0.15,3,0.02,6,0.01,5,0 days 00:42:59
1,2,6,False,6,0.59,3,0.37,2,0.02,10,0.02,0,0.0,3,0 days 00:01:38
1,2,3,False,3,0.9248333333333334,2,0.07516666666666666,1,0.0,0,0.0,4,0.0,2,0 days 00:09:27
1,6,2,False,2,0.7925000000000001,0,0.14,6,0.0675,1,0.0,3,0.0,3,0 days 00:40:20
1,6,3,False,3,0.83,2,0.17,1,0.0,0,0.0,4,0.0,7,0 days 00:23:12
1,6,2,False,2,0.72,11,0.21,7,0.07,1,0.0,3,0.0,9,0 days 00:24:56
1,7,7,True,7,0.42654761904761906,6,0.38345238095238104,2,0.17,0,0.02,3,0.0,1,0 days 00:17:28
1,6,6,True,6,0.64,3,0.25,10,0.11,1,0.0,2,0.0,1,0 days 00:19:28
1,6,7,False,7,0.67,8,0.18,6,0.13,2,0.02,3,0.0,3,0 days 01:12:07
1,6,2,False,2,0.4677142857142858,6,0.3922857142857143,0,0.14,1,0.0,3,0.0,2,0 days 00:40:29
1,2,2,True,2,0.509,4,0.37099999999999994,3,0.12,1,0.0,0,0.0,1,0 days 00:17:11
1,2,6,False,6,0.66,2,0.29,3,0.05,1,0.0,0,0.0,2,0 days 00:46:20
1,2,2,True,2,0.78,10,0.15,6,0.0375,7,0.0325,3,0.0,1,0 days 00:25:55
1,6,3,False,3,0.8858333333333333,2,0.06416666666666666,12,0.05,1,0.0,4,0.0,7,0 days 00:01:07
1,7,3,False,3,0.97,2,0.03,1,0.0,0,0.0,4,0.0,8,0 days 00:23:22
1,8,2,False,2,0.74,3,0.25,1,0.01,0,0.0,4,0.0,9,0 days 00:14:38
1,8,9,False,9,0.59,3,0.41,1,0.0,0,0.0,4,0.0,10,0 days 00:06:28
1,6,2,False,2,0.5208571428571428,7,0.4441428571428571,3,0.03,6,0.005,0,0.0,4,0 days 00:32:32
1,7,2,False,2,0.7916666666666665,3,0.17833333333333334,7,0.02,6,0.01,0,0.0,3,0 days 01:05:02
1,6,6,True,6,0.64,3,0.34,2,0.02,1,0.0,0,0.0,1,0 days 00:18:42
1,7,8,False,8,0.63,2,0.09235714285714286,3,0.08266666666666665,13,0.07739285714285714,12,0.06733333333333333,6,0 days 00:09:55
1,6,6,True,6,0.63,2,0.3066666666666667,3,0.05333333333333334,8,0.01,0,0.0,1,0 days 00:03:13
1,6,6,True,6,0.66,12,0.13966666666666666,5,0.12716666666666668,3,0.043833333333333335,2,0.029333333333333336,1,0 days 00:01:20
1,6,6,True,6,0.67,11,0.2,3,0.05,0,0.05,2,0.03,1,0 days 00:42:15
1,7,2,False,2,0.6,3,0.2,11,0.17,0,0.03,4,0.0,9,0 days 00:17:57
1,8,3,False,3,0.8533333333333333,12,0.08,10,0.06,2,0.006666666666666666,4,0.0,12,0 days 00:01:06
1,2,2,True,2,0.62,6,0.34,0,0.04,1,0.0,3,0.0,1,0 days 01:33:22
1,2,11,False,11,0.61,7,0.22,6,0.0915,2,0.0785,3,0.0,4,0 days 00:41:12
1,2,6,False,6,0.7,2,0.3,1,0.0,0,0.0,3,0.0,2,0 days 00:53:39
1,2,3,False,3,0.9451666666666667,2,0.05483333333333333,1,0.0,0,0.0,4,0.0,2,0 days 00:09:32
1,2,6,False,6,0.55,2,0.27,8,0.14,3,0.04,0,0.0,2,0 days 00:03:01
1,2,2,True,2,0.8450000000000002,6,0.15500000000000003,1,0.0,0,0.0,3,0.0,1,0 days 00:29:54
1,3,4,False,4,0.61,3,0.39,1,0.0,0,0.0,2,0.0,2,0 days 00:08:51
1,3,3,True,3,0.5252619047619047,2,0.4597380952380953,13,0.015,1,0.0,4,0.0,1,0 days 00:09:43
1,2,2,True,2,0.95,5,0.05,1,0.0,0,0.0,3,0.0,1,0 days 01:07:02
1,3,3,True,3,0.73,2,0.24,10,0.02,8,0.01,4,0.0,1,0 days 00:19:11
1,3,2,False,2,0.68,1,0.2,6,0.12,0,0.0,3,0.0,5,0 days 00:48:07
1,2,3,False,3,0.5100833333333334,13,0.45991666666666675,6,0.03,1,0.0,2,0.0,5,0 days 00:10:14
1,2,2,True,2,0.59,6,0.29,3,0.12,1,0.0,0,0.0,1,0 days 00:21:36
1,9,3,False,3,0.6773333333333333,8,0.26,13,0.06266666666666668,0,0.0,4,0.0,12,0 days 00:09:36
1,1,5,False,5,0.3499999999999999,3,0.3233333333333333,2,0.3066666666666666,1,0.01,12,0.01,4,0 days 00:01:19
1,3,3,True,3,0.9451666666666667,2,0.05483333333333333,1,0.0,0,0.0,4,0.0,1,0 days 00:09:32
1,3,6,False,6,0.7,2,0.3,1,0.0,0,0.0,3,0.0,5,0 days 00:53:31
1,3,3,True,3,0.7959628206760557,6,0.10570632553720787,2,0.09833085378673612,1,0.0,0,0.0,1,0 days 00:10:01
1,2,2,True,2,0.6405,3,0.21,6,0.1,7,0.0495,0,0.0,1,0 days 00:18:37
1,3,3,True,3,0.8088333333333334,2,0.19116666666666668,1,0.0,0,0.0,4,0.0,1,0 days 00:35:54
1,3,3,True,3,1.0,0,0.0,1,0.0,2,0.0,4,0.0,1,0 days 00:09:22
1,2,3,False,3,1.0,0,0.0,1,0.0,2,0.0,4,0.0,4,0 days 00:09:59
1,3,3,True,3,0.88,2,0.09,1,0.02,6,0.01,0,0.0,1,0 days 00:07:31
1,3,3,True,3,1.0,0,0.0,1,0.0,2,0.0,4,0.0,1,0 days 00:08:58
1,3,2,False,2,0.509,4,0.37099999999999994,3,0.12,1,0.0,0,0.0,3,0 days 00:17:11
1,3,3,True,3,0.86,2,0.14,1,0.0,0,0.0,4,0.0,1,0 days 00:47:08
1,3,6,False,6,0.57,8,0.28,3,0.14,2,0.01,0,0.0,3,0 days 00:08:26
1,3,3,True,3,0.6567857142857143,2,0.3232142857142857,6,0.02,1,0.0,0,0.0,1,0 days 00:22:34
1,3,6,False,6,0.61,3,0.39,1,0.0,0,0.0,2,0.0,2,0 days 00:08:37
1,3,10,False,10,0.62,3,0.38,1,0.0,0,0.0,4,0.0,2,0 days 00:04:39
1,3,3,True,3,0.785,10,0.21,5,0.005,1,0.0,2,0.0,1,0 days 00:01:41
1,2,8,False,8,0.56,2,0.44,1,0.0,0,0.0,4,0.0,2,0 days 00:27:56
1,3,2,False,2,0.79,3,0.21,1,0.0,0,0.0,4,0.0,2,0 days 00:31:51
1,2,2,True,2,0.7238109366124068,3,0.2761890633875927,1,0.0,0,0.0,4,0.0,1,0 days 00:45:01
1,2,2,True,2,0.8671666666666666,5,0.13283333333333333,1,0.0,0,0.0,3,0.0,1,0 days 00:45:04
1,2,2,True,2,0.7410609406932933,11,0.09736735894824129,7,0.08788609021697258,5,0.07368561014149248,3,0.0,1,0 days 00:45:00
1,2,3,False,3,0.47,2,0.46,6,0.07,1,0.0,0,0.0,2,0 days 00:32:48
1,2,3,False,3,0.6193134920634921,2,0.380686507936508,1,0.0,0,0.0,4,0.0,2,0 days 00:01:01
1,2,3,False,3,0.71,5,0.24,2,0.05,1,0.0,0,0.0,3,0 days 00:45:48
1,3,3,True,3,0.63,9,0.18916666666666668,6,0.1758333333333333,1,0.005,2,0.0,1,0 days 00:02:31
1,3,3,True,3,0.71,8,0.29,1,0.0,0,0.0,4,0.0,1,0 days 00:10:35
1,3,3,True,3,0.6553333333333333,6,0.31933333333333336,1,0.025333333333333333,0,0.0,2,0.0,1,0 days 00:06:45
1,3,6,False,6,0.6656666666666667,2,0.29433333333333334,3,0.04,1,0.0,0,0.0,3,0 days 00:40:05
1,2,6,False,6,0.7256666666666667,3,0.26433333333333336,2,0.005,1,0.00375,5,0.00125,3,0 days 00:39:55
1,3,7,False,7,0.66,2,0.23666666666666664,6,0.09333333333333332,3,0.01,0,0.0,4,0 days 00:25:38
1,3,9,False,9,0.91,3,0.07366666666666667,0,0.01633333333333333,1,0.0,4,0.0,2,0 days 00:09:58
1,3,6,False,6,0.29900000000000004,2,0.27099999999999996,12,0.22600000000000006,3,0.204,0,0.0,4,0 days 00:08:45
1,3,13,False,13,0.508,2,0.445,6,0.035,3,0.012,0,0.0,4,0 days 00:20:55
1,2,2,True,2,0.92,3,0.08,1,0.0,0,0.0,4,0.0,1,0 days 00:30:14
1,2,2,True,2,0.76,3,0.14,6,0.09,7,0.01,0,0.0,1,0 days 00:35:15
1,3,3,True,3,0.6975357142857141,1,0.2974642857142857,11,0.005,0,0.0,4,0.0,1,0 days 00:01:16
1,3,3,True,3,0.7233333333333333,2,0.20866666666666667,13,0.068,1,0.0,4,0.0,1,0 days 00:09:45
1,3,3,True,3,0.9248333333333334,2,0.07516666666666666,1,0.0,0,0.0,4,0.0,1,0 days 00:09:26
1,3,3,True,3,0.64,2,0.33,6,0.03,1,0.0,0,0.0,1,0 days 00:28:51
1,3,8,False,8,0.63,3,0.34,6,0.03,1,0.0,2,0.0,2,0 days 00:20:28
1,3,12,False,12,0.38,3,0.23104761904761908,13,0.19683333333333333,2,0.19211904761904763,4,0.0,2,0 days 00:10:58
1,3,6,False,6,0.935,3,0.05,2,0.015,1,0.0,0,0.0,2,0 days 00:01:31
1,3,3,True,3,0.64,6,0.36,1,0.0,0,0.0,2,0.0,1,0 days 00:08:35
1,10,3,False,3,0.74,8,0.18,2,0.08,1,0.0,4,0.0,11,0 days 00:20:32
1,3,10,False,10,0.68,3,0.27,2,0.05,1,0.0,4,0.0,2,0 days 00:22:07
1,3,6,False,6,0.29900000000000004,2,0.27099999999999996,12,0.22600000000000006,3,0.204,0,0.0,4,0 days 00:08:45
1,1,6,False,6,0.5379999999999999,2,0.44033333333333324,3,0.021666666666666664,1,0.0,0,0.0,4,0 days 00:01:33
1,2,2,True,2,0.9,5,0.09,3,0.01,1,0.0,0,0.0,1,0 days 00:45:59
1,9,3,False,3,0.73,4,0.27,1,0.0,0,0.0,2,0.0,10,0 days 00:08:50
1,3,3,True,3,1.0,0,0.0,1,0.0,2,0.0,4,0.0,1,0 days 00:10:05
1,3,3,True,3,0.93,9,0.06,10,0.01,0,0.0,4,0.0,1,0 days 00:04:47
1,2,2,True,2,0.99,13,0.01,1,0.0,0,0.0,4,0.0,1,0 days 00:30:45
1,3,3,True,3,1.0,0,0.0,1,0.0,2,0.0,4,0.0,1,0 days 00:04:22
1,3,2,False,2,0.7451666666666665,3,0.25483333333333336,1,0.0,0,0.0,4,0.0,2,0 days 00:09:41
1,3,6,False,6,0.4448333333333334,2,0.40516666666666656,3,0.14,4,0.01,0,0.0,3,0 days 00:08:47
1,2,2,True,2,0.88,3,0.11,5,0.01,1,0.0,0,0.0,1,0 days 00:45:23
1,3,2,False,2,0.4593095238095239,3,0.4290238095238095,11,0.07,1,0.03,5,0.011666666666666665,2,0 days 00:01:59
1,3,2,False,2,0.5492857142857143,3,0.29,6,0.1607142857142857,1,0.0,0,0.0,2,0 days 00:00:41
1,3,6,False,6,0.9683333333333333,1,0.03166666666666666,2,0.0,0,0.0,3,0.0,5,0 days 00:01:26
1,2,2,True,2,0.74,11,0.21,7,0.03,3,0.02,0,0.0,1,0 days 00:24:57
1,12,6,False,6,0.59,3,0.37,2,0.02,10,0.02,0,0.0,13,0 days 00:01:38
1,3,2,False,2,0.74,13,0.26,1,0.0,0,0.0,4,0.0,8,0 days 00:30:52
1,3,3,True,3,0.9740000000000001,2,0.026000000000000002,1,0.0,0,0.0,4,0.0,1,0 days 00:09:28
1,3,3,True,3,0.7933571428571428,9,0.19664285714285717,2,0.01,1,0.0,4,0.0,1,0 days 00:04:18
1,3,3,True,3,0.69,6,0.21,8,0.1,1,0.0,2,0.0,1,0 days 00:08:29
1,3,6,False,6,0.88,7,0.09,2,0.02,11,0.01,3,0.0,5,0 days 00:24:44
1,2,12,False,12,0.4459761904761905,7,0.41402380952380946,8,0.1,3,0.02,2,0.02,5,0 days 00:18:55
1,2,1,False,1,0.61,11,0.25,6,0.07,3,0.06216666666666666,2,0.007833333333333333,5,0 days 00:01:57
1,5,6,False,6,0.7,1,0.19,3,0.06,11,0.05,2,0.0,7,0 days 00:01:55
1,10,11,False,11,0.62,3,0.1978333333333333,2,0.13716666666666666,1,0.03,6,0.01,12,0 days 00:01:58
1,2,3,False,3,0.57,6,0.36,2,0.07,1,0.0,0,0.0,3,0 days 00:13:54
1,2,3,False,3,0.7479761904761904,2,0.21202380952380953,10,0.04,1,0.0,4,0.0,2,0 days 00:12:42
1,2,2,True,2,1.0,0,0.0,1,0.0,3,0.0,4,0.0,1,0 days 00:53:57
1,11,2,False,2,0.88,4,0.08,11,0.04,1,0.0,3,0.0,3,0 days 00:48:56
1,2,3,False,3,0.86,2,0.1,6,0.04,1,0.0,0,0.0,2,0 days 00:31:16
1,12,3,False,3,0.6643333333333333,6,0.24,2,0.08566666666666667,12,0.01,0,0.0,4,0 days 00:11:02
1,2,2,True,2,0.5063333333333334,0,0.3836666666666666,6,0.11,1,0.0,3,0.0,1,0 days 00:34:48
1,2,3,False,3,0.549047619047619,2,0.45095238095238094,1,0.0,0,0.0,4,0.0,2,0 days 00:09:46
1,2,2,True,2,0.701,3,0.26,1,0.039,0,0.0,4,0.0,1,0 days 00:43:36
1,2,2,True,2,0.9326428571428572,6,0.06735714285714285,1,0.0,0,0.0,3,0.0,1,0 days 00:00:43
1,2,2,True,2,0.8285000000000001,3,0.17149999999999999,1,0.0,0,0.0,4,0.0,1,0 days 00:36:03
1,2,2,True,2,0.63,3,0.29,5,0.08,1,0.0,0,0.0,1,0 days 00:45:21
1,2,2,True,2,0.94,6,0.05,3,0.01,1,0.0,0,0.0,1,0 days 00:28:56
1,11,2,False,2,0.88,3,0.12,1,0.0,0,0.0,4,0.0,12,0 days 00:50:08
1,10,3,False,3,0.7479761904761904,2,0.21202380952380953,10,0.04,1,0.0,4,0.0,3,0 days 00:12:42
1,2,3,False,3,0.6643333333333333,6,0.24,2,0.08566666666666667,12,0.01,0,0.0,3,0 days 00:11:02
1,2,7,False,7,0.65,2,0.31,0,0.04,1,0.0,3,0.0,2,0 days 01:24:59
1,13,2,False,2,0.48066666666666663,12,0.41,3,0.10333333333333332,13,0.006,4,0.0,4,0 days 00:10:54
1,2,6,False,6,0.52,4,0.34,2,0.11,3,0.03,0,0.0,3,0 days 00:34:32
1,1,2,False,2,0.92,1,0.07,3,0.01,0,0.0,4,0.0,2,0 days 00:14:35
1,2,3,False,3,0.73,2,0.27,1,0.0,0,0.0,4,0.0,2,0 days 00:50:34
1,5,2,False,2,0.99,3,0.01,1,0.0,0,0.0,4,0.0,6,0 days 00:50:40
1,2,2,True,2,0.88,3,0.12,1,0.0,0,0.0,4,0.0,1,0 days 00:20:36
1,2,3,False,3,0.76,2,0.23,1,0.01,0,0.0,4,0.0,2,0 days 00:38:19
1,13,2,False,2,0.74,3,0.22,6,0.04,1,0.0,0,0.0,14,0 days 00:46:14
1,13,3,False,3,0.9456666666666667,13,0.05433333333333334,1,0.0,0,0.0,4,0.0,2,0 days 00:10:13
1,2,3,False,3,0.48283333333333334,6,0.4471666666666666,2,0.07,1,0.0,0,0.0,3,0 days 00:04:10
1,2,2,True,2,0.9,3,0.09,6,0.01,1,0.0,0,0.0,1,0 days 00:30:13
1,2,2,True,2,0.56,3,0.32,6,0.12,1,0.0,0,0.0,1,0 days 00:02:55
1,2,6,False,6,0.715,2,0.235,4,0.05,0,0.0,3,0.0,2,0 days 01:09:38
1,2,6,False,6,0.64,3,0.33,10,0.03,1,0.0,2,0.0,5,0 days 00:19:29
1,13,13,True,13,0.55,3,0.45,1,0.0,0,0.0,4,0.0,1,0 days 00:11:25
1,2,2,True,2,0.61,12,0.18716666666666665,5,0.15283333333333335,6,0.045,8,0.005,1,0 days 00:01:22
2,2,2,True,2,0.91,6,0.08,3,0.01,1,0.0,0,0.0,1,0 days 00:53:47
2,2,0,False,0,0.6683333333333334,5,0.22,2,0.08,4,0.03166666666666666,3,0.0,3,0 days 00:51:14
2,0,2,False,2,0.77,6,0.21,3,0.02,1,0.0,0,0.0,5,0 days 00:34:49
2,4,2,False,2,0.68,11,0.28,3,0.04,1,0.0,4,0.0,5,0 days 00:49:06
2,0,6,False,6,0.55,2,0.43,11,0.02,1,0.0,3,0.0,8,0 days 00:42:18
2,0,4,False,4,0.92,2,0.04,6,0.03,7,0.01,3,0.0,7,0 days 00:48:29
2,4,2,False,2,0.5353333333333332,5,0.4646666666666668,1,0.0,0,0.0,3,0.0,6,0 days 00:46:28
2,0,2,False,2,0.97,11,0.02,1,0.01,0,0.0,4,0.0,4,0 days 00:59:21
2,4,2,False,2,0.98,6,0.02,1,0.0,0,0.0,3,0.0,6,0 days 01:09:53
2,0,5,False,5,0.67,1,0.21,2,0.12,0,0.0,3,0.0,4,0 days 01:07:20
2,2,2,True,2,0.95,6,0.04,3,0.01,1,0.0,0,0.0,1,0 days 00:42:24
2,2,2,True,2,0.5291666666666668,3,0.4708333333333332,1,0.0,0,0.0,4,0.0,1,0 days 00:56:46
2,2,2,True,2,0.92,6,0.05,4,0.03,0,0.0,3,0.0,1,0 days 00:57:52
2,2,2,True,2,0.91,3,0.09,1,0.0,0,0.0,4,0.0,1,0 days 00:25:07
2,2,2,True,2,0.99,5,0.01,1,0.0,0,0.0,3,0.0,1,0 days 00:50:48
2,2,1,False,1,0.53,2,0.26,4,0.15,6,0.04833333333333333,0,0.011666666666666665,2,0 days 01:02:39
2,2,2,True,2,0.92,5,0.08,1,0.0,0,0.0,3,0.0,1,0 days 00:50:45
2,2,2,True,2,0.6894999999999999,6,0.225,3,0.0855,1,0.0,0,0.0,1,0 days 00:16:59
2,2,8,False,8,0.66,0,0.24,2,0.09,3,0.01,4,0.0,3,0 days 00:41:39
2,2,2,True,2,0.7041666666666666,3,0.24583333333333335,1,0.05,0,0.0,4,0.0,1,0 days 00:43:35
2,2,11,False,11,0.38,6,0.31233333333333335,2,0.29433333333333334,3,0.013333333333333332,0,0.0,3,0 days 00:02:15
2,2,2,True,2,0.88,6,0.11,3,0.01,1,0.0,0,0.0,1,0 days 00:28:59
2,6,2,False,2,0.7876666666666665,3,0.21233333333333332,1,0.0,0,0.0,4,0.0,7,0 days 00:22:26
2,7,2,False,2,0.8039879250866092,11,0.10497873836689627,5,0.09103333654649443,1,0.0,3,0.0,9,0 days 00:45:00
2,6,2,False,2,0.71,4,0.17,3,0.12,1,0.0,0,0.0,7,0 days 00:34:33
2,6,2,False,2,0.83,7,0.15,0,0.01,11,0.01,3,0.0,9,0 days 00:41:20
2,8,6,False,6,0.93,7,0.07,0,0.0,1,0.0,3,0.0,9,0 days 01:11:56
2,7,2,False,2,0.61,13,0.24,8,0.0575,6,0.0525,5,0.026666666666666665,9,0 days 00:33:35
2,6,2,False,2,0.41652092352092346,3,0.40636291486291476,7,0.17711616161616167,1,0.0,0,0.0,8,0 days 00:30:00
2,6,1,False,1,0.6,0,0.23,2,0.09166666666666667,3,0.07833333333333332,4,0.0,7,0 days 00:55:38
2,2,2,True,2,0.76,6,0.14,3,0.1,1,0.0,0,0.0,1,0 days 00:43:13
2,2,7,False,7,0.6,12,0.16,8,0.12766666666666665,2,0.08233333333333333,3,0.03,4,0 days 00:20:03
2,2,12,False,12,0.3693333333333333,8,0.32016666666666665,2,0.2955,6,0.013333333333333332,3,0.0016666666666666666,3,0 days 00:20:02
2,6,7,False,7,0.69,13,0.2,2,0.08,12,0.03,3,0.0,9,0 days 00:25:52
2,3,3,True,3,0.7666666666666667,2,0.19,9,0.023333333333333334,6,0.01,10,0.01,1,0 days 00:04:32
2,2,6,False,6,0.6468571428571428,3,0.3356428571428571,1,0.011666666666666665,2,0.005833333333333333,0,0.0,4,0 days 00:01:32
2,3,3,True,3,0.55,2,0.39,6,0.06,1,0.0,0,0.0,1,0 days 00:28:47
2,2,2,True,2,0.7345833333333335,3,0.24375,4,0.021666666666666664,1,0.0,0,0.0,1,0 days 00:17:14
2,7,6,False,6,0.46,4,0.42,2,0.1,3,0.02,0,0.0,8,0 days 00:42:58
2,7,2,False,2,0.69,7,0.16666666666666669,5,0.14333333333333334,0,0.0,3,0.0,2,0 days 00:47:42
2,6,3,False,3,0.5018333333333334,1,0.3981666666666666,2,0.1,0,0.0,4,0.0,7,0 days 00:25:21
2,7,11,False,11,0.61,13,0.24,6,0.08,3,0.06,2,0.01,9,0 days 00:16:22
2,6,6,True,6,0.6343571428571428,3,0.3656428571428571,1,0.0,0,0.0,2,0.0,1,0 days 00:01:31
2,6,6,True,6,0.69,2,0.31,1,0.0,0,0.0,3,0.0,1,0 days 01:22:38
2,6,2,False,2,0.617,3,0.35300000000000004,6,0.03,1,0.0,0,0.0,3,0 days 00:27:05
2,8,2,False,2,0.72,3,0.26,6,0.02,1,0.0,0,0.0,9,0 days 00:20:13
2,6,6,True,6,0.64,3,0.2763333333333333,7,0.04983333333333333,2,0.03383333333333333,0,0.0,1,0 days 00:17:46
2,6,2,False,2,0.51,0,0.38,11,0.08,3,0.03,4,0.0,7,0 days 00:33:07
2,6,6,True,6,0.6468571428571428,3,0.3356428571428571,1,0.011666666666666665,2,0.005833333333333333,0,0.0,1,0 days 00:01:32
2,6,9,False,9,0.58,1,0.19266666666666665,6,0.16733333333333333,3,0.06,2,0.0,3,0 days 00:02:29
2,6,5,False,5,0.63,2,0.17,1,0.16,3,0.02,10,0.015,10,0 days 00:01:55
2,6,13,False,13,0.73,6,0.18,9,0.04,3,0.03,2,0.02,2,0 days 00:12:21
2,6,2,False,2,0.97,6,0.03,1,0.0,0,0.0,3,0.0,2,0 days 00:55:57
2,6,2,False,2,0.81,6,0.14,3,0.05,1,0.0,0,0.0,2,0 days 00:03:16
2,6,2,False,2,0.51,3,0.3583333333333333,8,0.08,6,0.03,5,0.021666666666666664,4,0 days 00:00:47
2,6,2,False,2,0.896952380952381,3,0.055523809523809524,6,0.025428571428571425,8,0.02209523809523809,0,0.0,3,0 days 00:20:00
2,6,2,False,2,0.99,4,0.01,1,0.0,0,0.0,3,0.0,7,0 days 01:05:59
2,8,8,True,8,0.58,3,0.29,2,0.09,10,0.03,13,0.01,1,0 days 00:10:37
2,8,6,False,6,0.5113333333333334,2,0.4375,8,0.051166666666666666,1,0.0,3,0.0,3,0 days 00:18:04
2,2,2,True,2,0.9408333333333333,3,0.049166666666666664,6,0.01,1,0.0,0,0.0,1,0 days 00:36:04
2,2,3,False,3,0.3821944444444445,4,0.34527777777777774,2,0.2725277777777777,1,0.0,0,0.0,3,0 days 00:17:11
2,2,2,True,2,0.4176468253968254,3,0.4023888888888887,4,0.17996428571428563,1,0.0,0,0.0,1,0 days 00:15:00
2,2,2,True,2,0.41652092352092346,3,0.40636291486291476,7,0.17711616161616167,1,0.0,0,0.0,1,0 days 00:30:00
2,2,2,True,2,0.6438582863215214,7,0.12769587765176002,8,0.11566515837104069,6,0.11278067765567762,3,0.0,1,0 days 00:15:01
2,9,8,False,8,0.62,3,0.38,1,0.0,0,0.0,4,0.0,10,0 days 00:06:30
2,9,9,True,9,0.63,2,0.24,3,0.13,1,0.0,4,0.0,1,0 days 00:05:38
2,3,2,False,2,0.59,7,0.41,1,0.0,0,0.0,3,0.0,5,0 days 00:35:28
2,3,3,True,3,0.55,8,0.36,2,0.09,1,0.0,4,0.0,1,0 days 00:02:50
2,3,2,False,2,0.4554761904761904,12,0.40952380952380957,6,0.09,3,0.035,8,0.01,4,0 days 00:11:02
2,3,3,True,3,0.7908289561745443,6,0.10757767069531772,2,0.10159337313013779,1,0.0,0,0.0,1,0 days 00:10:01
2,2,0,False,0,0.55,2,0.28,6,0.17,1,0.0,3,0.0,2,0 days 01:05:22
2,3,3,True,3,1.0,0,0.0,1,0.0,2,0.0,4,0.0,1,0 days 00:08:53
2,3,0,False,0,0.63,11,0.13167460317460314,3,0.12492857142857142,2,0.11339682539682538,4,0.0,3,0 days 00:27:29
2,3,13,False,13,0.61,3,0.28,2,0.11,1,0.0,4,0.0,2,0 days 00:11:35
2,3,3,True,3,0.9483333333333335,9,0.03,5,0.021666666666666664,1,0.0,2,0.0,1,0 days 00:05:02
2,3,9,False,9,0.69,3,0.18333333333333332,4,0.12666666666666665,1,0.0,2,0.0,2,0 days 00:08:50
2,3,3,True,3,0.67,2,0.24333333333333335,13,0.08666666666666666,1,0.0,4,0.0,1,0 days 00:09:45
2,3,3,True,3,0.7613333333333333,13,0.22866666666666668,6,0.005,2,0.005,0,0.0,1,0 days 00:10:04
2,3,9,False,9,0.49466666666666675,3,0.45533333333333326,13,0.03,2,0.02,4,0.0,2,0 days 00:11:50
2,3,3,True,3,1.0,0,0.0,1,0.0,2,0.0,4,0.0,1,0 days 00:08:56
2,2,2,True,2,0.85,1,0.09,13,0.06,0,0.0,4,0.0,1,0 days 00:21:19
2,2,3,False,3,1.0,0,0.0,1,0.0,2,0.0,4,0.0,4,0 days 00:09:24
2,2,2,True,2,0.71,0,0.18,3,0.06,13,0.03,11,0.02,1,0 days 00:33:04
2,2,13,False,13,0.67,2,0.25866666666666666,3,0.07133333333333333,1,0.0,4,0.0,2,0 days 00:29:41
2,3,3,True,3,1.0,0,0.0,1,0.0,2,0.0,4,0.0,1,0 days 00:09:22
2,3,2,False,2,0.865,3,0.12,13,0.015,1,0.0,4,0.0,2,0 days 00:09:46
2,3,3,True,3,0.89,2,0.06,9,0.05,1,0.0,4,0.0,1,0 days 00:05:32
2,3,3,True,3,0.6828333333333333,8,0.26,5,0.04716666666666667,2,0.01,0,0.0,1,0 days 00:00:48
2,10,3,False,3,0.99,2,0.005,12,0.005,1,0.0,4,0.0,11,0 days 00:01:42
2,3,6,False,6,0.57,2,0.43,1,0.0,0,0.0,3,0.0,5,0 days 00:48:25
2,3,3,True,3,0.7758333333333334,2,0.17416666666666664,8,0.03,6,0.02,0,0.0,1,0 days 00:10:21
2,3,6,False,6,0.7596666666666667,0,0.21,10,0.030333333333333334,2,0.0,3,0.0,5,0 days 00:15:19
2,3,3,True,3,0.6209722222222221,0,0.3590277777777777,2,0.02,1,0.0,4,0.0,1,0 days 00:26:04
2,3,11,False,11,0.38,6,0.31233333333333335,2,0.29433333333333334,3,0.013333333333333332,0,0.0,4,0 days 00:02:15
2,2,0,False,0,0.72,2,0.28,1,0.0,3,0.0,4,0.0,2,0 days 00:49:49
2,10,2,False,2,0.58,6,0.3293333333333333,8,0.09066666666666666,1,0.0,3,0.0,11,0 days 00:01:24
2,1,6,False,6,0.49733333333333335,3,0.43266666666666664,1,0.07,0,0.0,2,0.0,3,0 days 00:06:54
2,2,5,False,5,0.3498452380952381,1,0.32892063492063484,3,0.32123412698412696,0,0.0,2,0.0,5,0 days 00:01:19
2,1,2,False,2,0.9105,3,0.0895,1,0.0,0,0.0,4,0.0,3,0 days 00:43:42
2,2,2,True,2,0.77,6,0.21,3,0.02,1,0.0,0,0.0,1,0 days 00:34:49
2,2,2,True,2,0.59,7,0.41,1,0.0,0,0.0,3,0.0,1,0 days 00:35:28
2,3,2,False,2,0.896952380952381,3,0.055523809523809524,6,0.025428571428571425,8,0.02209523809523809,0,0.0,2,0 days 00:20:00
2,3,10,False,10,0.68,3,0.32,1,0.0,0,0.0,4,0.0,2,0 days 00:10:46
2,3,3,True,3,0.49730952380952387,8,0.4126904761904761,10,0.08,2,0.01,4,0.0,1,0 days 00:20:29
2,2,2,True,2,0.79,3,0.21,1,0.0,0,0.0,4,0.0,1,0 days 00:05:27
2,3,6,False,6,0.7,3,0.26,2,0.04,1,0.0,0,0.0,2,0 days 00:04:09
2,2,3,False,3,0.89,12,0.11,1,0.0,0,0.0,4,0.0,8,0 days 00:02:06
2,2,2,True,2,0.89,1,0.1,6,0.01,0,0.0,3,0.0,1,0 days 00:55:50
2,3,2,False,2,0.55,13,0.26,3,0.19,1,0.0,4,0.0,3,0 days 00:11:37
2,2,3,False,3,0.6666666666666665,2,0.2,6,0.08,1,0.05333333333333333,0,0.0,2,0 days 00:25:25
2,2,3,False,3,0.5928571428571429,13,0.33714285714285713,12,0.07,0,0.0,4,0.0,8,0 days 00:10:57
2,3,2,False,2,0.64,3,0.34,8,0.02,1,0.0,4,0.0,2,0 days 00:00:06
2,2,2,True,2,0.835,3,0.16,7,0.005,1,0.0,0,0.0,1,0 days 00:35:01
2,3,3,True,3,0.5,6,0.5,1,0.0,0,0.0,2,0.0,1,0 days 00:17:39
2,5,2,False,2,0.9051340881340877,3,0.09486591186591188,1,0.0,0,0.0,4,0.0,6,0 days 00:45:02
2,11,6,False,6,0.45,7,0.45,2,0.1,0,0.0,3,0.0,12,0 days 00:24:54
2,2,3,False,3,0.96,6,0.02,10,0.0175,2,0.0025,0,0.0,4,0 days 00:12:45
2,2,3,False,3,0.77,6,0.18,2,0.05,1,0.0,0,0.0,3,0 days 00:13:47
2,3,2,False,2,0.87,3,0.13,1,0.0,0,0.0,4,0.0,2,0 days 00:44:37
2,2,2,True,2,0.3425277777777778,11,0.32353571428571426,3,0.3139365079365078,0,0.02,4,0.0,1,0 days 00:27:33
2,2,2,True,2,0.81,6,0.19,1,0.0,0,0.0,3,0.0,1,0 days 00:39:29
2,3,2,False,2,0.88,3,0.08,6,0.04,1,0.0,0,0.0,2,0 days 00:24:18
2,3,3,True,3,0.775,9,0.22,5,0.005,1,0.0,2,0.0,1,0 days 00:05:04
2,2,3,False,3,0.65,2,0.24,6,0.11,1,0.0,0,0.0,2,0 days 00:39:06
2,3,2,False,2,0.95,3,0.05,1,0.0,0,0.0,4,0.0,2,0 days 00:12:06
2,3,6,False,6,0.7816666666666666,1,0.10833333333333332,5,0.1,3,0.01,2,0.0,4,0 days 00:01:28
2,3,3,True,3,0.3373095238095239,7,0.2665476190476191,6,0.2234523809523809,12,0.1726904761904762,2,0.0,1,0 days 00:09:01
2,2,0,False,0,0.8614999999999999,4,0.11849999999999998,2,0.02,1,0.0,3,0.0,3,0 days 00:41:58
2,2,3,False,3,0.6993333333333334,2,0.19,6,0.05866666666666667,11,0.052000000000000005,0,0.0,2,0 days 00:01:10
2,3,2,False,2,0.65,10,0.25,3,0.1,1,0.0,4,0.0,3,0 days 00:03:57
2,3,9,False,9,0.65,3,0.35,1,0.0,0,0.0,4,0.0,2,0 days 00:04:17
2,3,2,False,2,0.835,6,0.09566666666666668,12,0.06933333333333333,1,0.0,3,0.0,5,0 days 00:26:19
2,3,3,True,3,0.49730952380952387,8,0.4126904761904761,6,0.09,1,0.0,2,0.0,1,0 days 00:20:24
2,3,6,False,6,0.37652380952380954,2,0.31347619047619046,3,0.31,1,0.0,0,0.0,3,0 days 00:08:19
2,3,12,False,12,0.65,3,0.34,6,0.006666666666666666,2,0.003333333333333333,0,0.0,2,0 days 00:08:43
2,3,3,True,3,0.92,6,0.08,1,0.0,0,0.0,2,0.0,1,0 days 00:08:34
2,3,3,True,3,0.7,10,0.25,2,0.03,6,0.01,9,0.01,1,0 days 00:04:34
2,3,3,True,3,0.7666666666666667,2,0.19,9,0.023333333333333334,6,0.01,10,0.01,1,0 days 00:04:32
2,3,6,False,6,0.7293333333333334,2,0.16,3,0.11066666666666666,1,0.0,0,0.0,3,0 days 00:39:50
2,2,2,True,2,0.98,13,0.02,1,0.0,0,0.0,4,0.0,1,0 days 00:30:21
2,2,3,False,3,0.5390555555555555,2,0.4282777777777779,13,0.03266666666666666,1,0.0,4,0.0,2,0 days 00:09:33
2,12,5,False,5,0.6,2,0.32,6,0.08,0,0.0,3,0.0,13,0 days 00:01:21
2,1,3,False,3,0.5116746031746032,5,0.18249999999999997,11,0.1562142857142857,1,0.1496111111111111,2,0.0,4,0 days 00:01:18
2,1,3,False,3,0.9023333333333333,2,0.06,1,0.03766666666666667,0,0.0,4,0.0,3,0 days 00:25:18
2,12,3,False,3,1.0,0,0.0,1,0.0,2,0.0,4,0.0,13,0 days 00:00:37
2,3,2,False,2,0.6558333333333334,3,0.18533333333333335,10,0.15883333333333335,1,0.0,4,0.0,2,0 days 00:22:10
2,2,8,False,8,0.65,3,0.2195,5,0.13049999999999998,1,0.0,2,0.0,5,0 days 00:00:49
2,11,0,False,0,0.61,8,0.25,6,0.1,7,0.028999999999999998,2,0.011000000000000001,12,0 days 00:18:00
2,5,3,False,3,0.98,2,0.02,1,0.0,0,0.0,4,0.0,6,0 days 00:01:44
2,3,13,False,13,0.5156666666666667,3,0.40219047619047615,2,0.07214285714285715,6,0.01,0,0.0,2,0 days 00:10:13
2,3,2,False,2,0.61,3,0.32,6,0.07,1,0.0,0,0.0,2,0 days 00:54:21
2,2,8,False,8,0.66,0,0.24,2,0.09,3,0.01,4,0.0,3,0 days 00:41:39
2,2,3,False,3,0.54,2,0.38,6,0.08,1,0.0,0,0.0,2,0 days 00:24:21
2,2,2,True,2,0.62,3,0.35,1,0.02,0,0.01,4,0.0,1,0 days 00:47:17
2,13,2,False,2,0.4860833333333334,7,0.4339166666666667,13,0.045,3,0.035,0,0.0,3,0 days 00:09:54
2,2,3,False,3,1.0,0,0.0,1,0.0,2,0.0,4,0.0,4,0 days 00:08:54
2,2,2,True,2,0.71,3,0.19,13,0.05,0,0.04,11,0.01,1,0 days 00:33:03
2,2,3,False,3,0.49,13,0.4,2,0.07,10,0.04,4,0.0,3,0 days 00:10:43
2,2,3,False,3,0.58,2,0.3225,7,0.08,6,0.0175,0,0.0,2,0 days 00:52:21
2,2,1,False,1,0.58,5,0.3,2,0.12,0,0.0,3,0.0,3,0 days 01:07:23
2,3,3,True,3,0.75,13,0.24,2,0.01,1,0.0,4,0.0,1,0 days 00:11:32
2,11,1,False,1,0.450452380952381,6,0.43871428571428567,9,0.06,3,0.05083333333333333,2,0.0,12,0 days 00:02:27
2,13,2,False,2,0.81,3,0.19,1,0.0,0,0.0,4,0.0,14,0 days 00:11:56
2,2,2,True,2,0.63,6,0.33,3,0.04,1,0.0,0,0.0,1,0 days 00:43:16
2,2,6,False,6,0.64,13,0.21,2,0.085,3,0.065,0,0.0,3,0 days 00:27:45
2,2,3,False,3,0.93,1,0.06,8,0.01,0,0.0,4,0.0,8,0 days 00:06:15
2,2,2,True,2,0.9716666666666667,7,0.028333333333333332,1,0.0,0,0.0,3,0.0,1,0 days 00:35:00
2,1,2,False,2,0.92,3,0.08,1,0.0,0,0.0,4,0.0,3,0 days 00:14:26
2,2,2,True,2,0.59,6,0.36,3,0.05,1,0.0,0,0.0,1,0 days 00:54:40
2,2,2,True,2,0.91,3,0.09,1,0.0,0,0.0,4,0.0,1,0 days 01:01:12
2,13,3,False,3,0.8303333333333334,1,0.1,2,0.03,7,0.029666666666666668,6,0.01,14,0 days 00:16:10
2,13,2,False,2,0.6829999999999999,3,0.2871666666666666,6,0.02983333333333333,1,0.0,0,0.0,14,0 days 00:20:57
2,2,2,True,2,0.75,4,0.25,1,0.0,0,0.0,3,0.0,1,0 days 01:06:32
3,0,0,True,0,0.62,2,0.35833333333333334,7,0.021666666666666664,1,0.0,3,0.0,1,0 days 01:25:35
3,4,2,False,2,0.63,7,0.37,1,0.0,0,0.0,3,0.0,6,0 days 00:44:52
3,2,6,False,6,0.73,1,0.27,2,0.0,0,0.0,3,0.0,3,0 days 01:03:17
3,0,2,False,2,1.0,0,0.0,1,0.0,3,0.0,4,0.0,2,0 days 01:05:24
3,4,0,False,0,0.46233333333333343,6,0.3876666666666666,2,0.14,8,0.01,3,0.0,6,0 days 01:02:25
3,0,3,False,3,0.7,1,0.19,6,0.11,0,0.0,2,0.0,4,0 days 00:51:55
3,0,6,False,6,0.88,2,0.07,3,0.03,0,0.02,1,0.0,4,0 days 00:51:33
3,4,2,False,2,0.91,6,0.09,1,0.0,0,0.0,3,0.0,6,0 days 01:06:15
3,0,6,False,6,0.62,1,0.28,2,0.05166666666666666,3,0.04833333333333334,0,0.0,5,0 days 00:55:35
3,1,2,False,2,0.87,8,0.11,0,0.02,1,0.0,4,0.0,4,0 days 01:01:44
3,2,2,True,2,0.54,3,0.45,13,0.01,1,0.0,4,0.0,1,0 days 00:10:09
3,2,2,True,2,0.99,13,0.01,1,0.0,0,0.0,4,0.0,1,0 days 00:30:44
3,2,2,True,2,0.7265368797868795,3,0.2734631202131202,1,0.0,0,0.0,4,0.0,1,0 days 00:45:01
3,2,3,False,3,0.61,12,0.18733333333333335,0,0.15266666666666667,13,0.03,2,0.02,5,0 days 00:18:20
3,6,2,False,2,0.8141666666666666,6,0.13583333333333333,3,0.05,1,0.0,0,0.0,2,0 days 00:26:29
3,6,3,False,3,0.66,2,0.16,0,0.13,4,0.05,1,0.0,7,0 days 00:48:25
3,6,2,False,2,0.99,6,0.01,1,0.0,0,0.0,3,0.0,2,0 days 01:05:19
3,6,2,False,2,0.831,8,0.15,3,0.019,1,0.0,4,0.0,7,0 days 00:36:08
3,6,2,False,2,0.75,3,0.25,1,0.0,0,0.0,4,0.0,7,0 days 00:44:24
3,6,2,False,2,0.97,3,0.03,1,0.0,0,0.0,4,0.0,7,0 days 00:35:11
3,6,3,False,3,0.4363333333333334,2,0.4236666666666665,12,0.08,13,0.03,6,0.02,5,0 days 00:25:47
3,2,2,True,2,0.99,7,0.01,1,0.0,0,0.0,3,0.0,1,0 days 00:35:00
3,2,8,False,8,0.6318809523809522,6,0.3281190476190476,3,0.03,2,0.01,0,0.0,4,0 days 00:15:03
3,6,3,False,3,0.8036666666666666,2,0.11649999999999999,9,0.07983333333333334,1,0.0,4,0.0,7,0 days 00:09:38
3,7,2,False,2,0.7308333333333334,7,0.18,3,0.08916666666666666,1,0.0,0,0.0,2,0 days 00:35:23
3,6,2,False,2,0.91,11,0.09,1,0.0,0,0.0,4,0.0,7,0 days 01:00:47
3,6,2,False,2,0.61,3,0.1756904761904762,6,0.11709523809523809,11,0.09721428571428571,0,0.0,3,0 days 00:01:13
3,6,2,False,2,0.71,3,0.25,8,0.04,1,0.0,4,0.0,7,0 days 00:20:19
3,6,2,False,2,0.97,3,0.03,1,0.0,0,0.0,4,0.0,7,0 days 00:00:42
3,3,7,False,7,0.65,3,0.23,6,0.08,2,0.04,0,0.0,2,0 days 00:23:24
3,3,3,True,3,0.66,2,0.19511904761904766,7,0.11833333333333336,12,0.014285714285714284,8,0.01226190476190476,1,0 days 00:20:05
3,3,2,False,2,0.81,8,0.1075,6,0.0725,3,0.01,0,0.0,4,0 days 00:15:04
3,3,3,True,3,0.8260000000000002,6,0.16399999999999998,0,0.01,1,0.0,2,0.0,1,0 days 00:17:35
3,2,8,False,8,0.75,0,0.15,2,0.1,1,0.0,4,0.0,3,0 days 01:01:57
3,6,8,False,8,0.48149999999999993,6,0.4585,2,0.045,10,0.015,3,0.0,2,0 days 00:01:23
3,7,6,False,6,0.4958333333333333,2,0.4641666666666666,0,0.04,1,0.0,3,0.0,8,0 days 00:32:18
3,7,3,False,3,0.4269141414141415,2,0.37707756132756126,6,0.1960082972582972,1,0.0,0,0.0,8,0 days 00:30:00
3,8,3,False,3,1.0,0,0.0,1,0.0,2,0.0,4,0.0,9,0 days 00:00:19
3,6,6,True,6,0.71,7,0.15,3,0.12,2,0.02,0,0.0,1,0 days 00:24:42
3,6,3,False,3,0.4866666666666667,2,0.4633333333333334,13,0.05,1,0.0,4,0.0,7,0 days 00:21:01
3,7,3,False,3,0.59,2,0.35316666666666663,6,0.056833333333333326,1,0.0,0,0.0,8,0 days 00:25:38
3,8,3,False,3,0.8515476190476192,2,0.12178571428571429,10,0.026666666666666665,1,0.0,4,0.0,10,0 days 00:22:01
3,6,2,False,2,0.72,3,0.28,1,0.0,0,0.0,4,0.0,7,0 days 00:21:38
3,6,2,False,2,1.0,0,0.0,1,0.0,3,0.0,4,0.0,7,0 days 00:39:12
3,8,8,True,8,0.82,2,0.10116666666666667,3,0.07883333333333334,1,0.0,4,0.0,1,0 days 00:03:06
3,6,6,True,6,0.58,11,0.28,0,0.09,3,0.05,2,0.0,1,0 days 00:42:15
3,6,3,False,3,0.72,6,0.16,5,0.12,0,0.0,2,0.0,2,0 days 00:01:28
3,7,6,False,6,0.64,3,0.35333333333333333,12,0.006666666666666666,1,0.0,2,0.0,9,0 days 00:09:00
3,6,3,False,3,1.0,0,0.0,1,0.0,2,0.0,4,0.0,7,0 days 00:08:36
3,8,3,False,3,0.8426666666666667,13,0.13983333333333334,2,0.0175,1,0.0,4,0.0,10,0 days 00:10:27
3,6,6,True,6,0.7,2,0.3,1,0.0,0,0.0,3,0.0,1,0 days 01:22:26
3,2,2,True,3,0.41,2,0.41,0,0.13,4,0.05,1,0.0,2,0 days 00:48:24
3,2,3,False,3,1.0,0,0.0,1,0.0,2,0.0,4,0.0,4,0 days 00:00:05
3,2,2,True,2,1.0,0,0.0,1,0.0,3,0.0,4,0.0,1,0 days 01:06:45
3,2,2,True,2,0.3953095238095237,3,0.36584920634920626,4,0.21884126984126984,8,0.02,0,0.0,1,0 days 00:15:00
3,2,2,True,2,0.81,0,0.19,1,0.0,3,0.0,4,0.0,1,0 days 01:16:11
3,2,6,False,6,0.64,3,0.36,1,0.0,0,0.0,2,0.0,5,0 days 00:08:20
3,5,2,False,2,0.83,5,0.17,1,0.0,0,0.0,3,0.0,2,0 days 00:34:17
3,1,2,False,2,0.89,4,0.06833333333333333,5,0.03166666666666666,3,0.01,0,0.0,6,0 days 00:50:24
3,3,3,True,3,0.75,2,0.25,1,0.0,0,0.0,4,0.0,1,0 days 00:11:13
3,2,2,True,2,0.65,3,0.19,0,0.13,4,0.03,1,0.0,1,0 days 00:48:23
3,2,2,True,2,0.5346666666666667,3,0.45533333333333326,6,0.01,1,0.0,0,0.0,1,0 days 00:22:18
3,2,3,False,3,0.4269141414141415,2,0.37707756132756126,6,0.1960082972582972,1,0.0,0,0.0,2,0 days 00:30:00
3,3,4,False,4,0.6976666666666667,2,0.25,5,0.03233333333333333,3,0.02,0,0.0,4,0 days 00:50:14
3,2,10,False,10,0.71,3,0.28,6,0.01,1,0.0,2,0.0,5,0 days 00:19:17
3,2,7,False,7,0.63,2,0.37,1,0.0,0,0.0,3,0.0,2,0 days 00:18:32
3,3,2,False,2,1.0,0,0.0,1,0.0,3,0.0,4,0.0,4,0 days 00:35:37
3,3,7,False,7,0.6,13,0.14792857142857144,3,0.13764285714285715,2,0.11442857142857144,0,0.0,3,0 days 00:19:53
3,2,6,False,6,0.54,3,0.35,7,0.11,0,0.0,2,0.0,5,0 days 00:36:34
3,3,3,True,3,0.8882103174603173,2,0.06212301587301588,10,0.049666666666666665,1,0.0,4,0.0,1,0 days 00:09:10
3,3,3,True,3,0.9866666666666667,12,0.013333333333333332,1,0.0,0,0.0,4,0.0,1,0 days 00:08:39
3,3,3,True,3,0.94,6,0.06,1,0.0,0,0.0,2,0.0,1,0 days 00:08:30
3,3,3,True,3,0.9575,2,0.0425,1,0.0,0,0.0,4,0.0,1,0 days 00:02:04
3,1,6,False,6,0.655,3,0.335,5,0.01,0,0.0,2,0.0,6,0 days 00:01:27
3,3,2,False,2,0.5186666666666667,11,0.25784523809523796,3,0.22348809523809515,1,0.0,4,0.0,3,0 days 00:27:34
3,10,2,False,2,0.71,3,0.29,1,0.0,0,0.0,4,0.0,11,0 days 00:10:50
3,3,6,False,6,0.59,2,0.19,7,0.14,3,0.08,0,0.0,4,0 days 00:23:11
3,3,3,True,3,1.0,0,0.0,1,0.0,2,0.0,4,0.0,1,0 days 00:10:00
3,3,2,False,2,0.59,3,0.34375,5,0.056249999999999994,8,0.01,0,0.0,2,0 days 00:00:52
3,3,3,True,3,1.0,0,0.0,1,0.0,2,0.0,4,0.0,1,0 days 00:10:00
3,11,2,False,2,0.7902202965163491,7,0.11431869738448684,5,0.095461006099164,0,0.0,3,0.0,12,0 days 00:45:00
3,3,6,False,6,0.8186666666666667,3,0.16133333333333333,2,0.02,1,0.0,0,0.0,2,0 days 00:02:20
3,3,3,True,3,0.530952380952381,2,0.46904761904761905,1,0.0,0,0.0,4,0.0,1,0 days 00:08:54
3,3,3,True,3,0.7687247474747475,2,0.2312752525252525,1,0.0,0,0.0,4,0.0,1,0 days 00:09:30
3,3,3,True,3,0.5564999999999999,2,0.4385000000000001,13,0.005,1,0.0,4,0.0,1,0 days 00:09:43
3,3,3,True,3,0.5903809523809523,6,0.4096190476190476,1,0.0,0,0.0,2,0.0,1,0 days 00:21:43
3,3,2,False,2,0.62,3,0.23133333333333336,10,0.11866666666666667,13,0.03,4,0.0,2,0 days 00:10:44
3,3,3,True,3,0.49621428571428583,13,0.4494523809523808,2,0.05433333333333334,1,0.0,4,0.0,1,0 days 00:09:34
3,2,2,True,2,0.8742857142857141,5,0.11,3,0.015714285714285715,1,0.0,0,0.0,1,0 days 00:45:05
3,3,3,True,3,0.5051666666666668,8,0.46483333333333327,0,0.03,1,0.0,4,0.0,1,0 days 00:03:41
3,1,2,False,2,0.66,0,0.24,5,0.1,1,0.0,3,0.0,4,0 days 01:07:25
3,2,6,False,6,0.64,3,0.32,2,0.04,1,0.0,0,0.0,3,0 days 00:40:06
3,2,2,True,2,0.7902202965163491,7,0.11431869738448684,5,0.095461006099164,0,0.0,3,0.0,1,0 days 00:45:00
3,2,2,True,2,0.35246428571428573,10,0.17385497835497837,5,0.1676922799422799,1,0.16556277056277055,3,0.14042568542568543,1,0 days 00:40:01
3,9,3,False,3,0.9091428571428573,2,0.0840952380952381,10,0.006761904761904762,1,0.0,4,0.0,11,0 days 00:09:07
3,2,8,False,8,0.91,2,0.056666666666666664,3,0.03333333333333333,1,0.0,4,0.0,2,0 days 00:03:04
3,2,2,True,2,0.99,3,0.01,1,0.0,0,0.0,4,0.0,1,0 days 00:38:55
3,3,2,False,2,0.6583333333333333,3,0.23,6,0.08,10,0.03166666666666666,0,0.0,2,0 days 00:12:45
3,2,3,False,3,0.9571666666666667,2,0.042833333333333334,1,0.0,0,0.0,4,0.0,2,0 days 00:04:00
3,3,3,True,3,0.8601666666666666,13,0.13983333333333334,1,0.0,0,0.0,4,0.0,1,0 days 00:10:29
3,3,3,True,3,1.0,0,0.0,1,0.0,2,0.0,4,0.0,1,0 days 00:10:06
3,3,2,False,2,0.99,3,0.01,1,0.0,0,0.0,4,0.0,2,0 days 00:35:02
3,2,2,True,2,0.8128333333333334,3,0.18716666666666665,1,0.0,0,0.0,4,0.0,1,0 days 00:36:03
3,3,2,False,2,0.9575000000000001,3,0.013611111111111112,1,0.011666666666666665,5,0.011388888888888888,10,0.005833333333333333,2,0 days 00:40:02
3,3,3,True,3,0.63,1,0.22,13,0.14,0,0.01,4,0.0,1,0 days 00:15:39
3,3,2,False,2,0.56,3,0.3,6,0.09766666666666665,13,0.042333333333333334,0,0.0,2,0 days 00:12:16
3,3,6,False,6,0.873,3,0.127,1,0.0,0,0.0,2,0.0,2,0 days 00:17:43
3,3,11,False,11,0.62,2,0.29,3,0.08,0,0.01,4,0.0,3,0 days 00:03:26
3,3,2,False,2,0.6583333333333333,3,0.23,6,0.08,10,0.03166666666666666,0,0.0,2,0 days 00:12:45
3,3,3,True,3,1.0,0,0.0,1,0.0,2,0.0,4,0.0,1,0 days 00:09:22
3,2,2,True,2,0.7,1,0.3,0,0.0,3,0.0,4,0.0,1,0 days 00:37:58
3,3,2,False,2,0.67,6,0.17,3,0.16,1,0.0,0,0.0,3,0 days 00:02:22
3,2,3,False,3,0.9016666666666666,13,0.09833333333333333,1,0.0,0,0.0,4,0.0,8,0 days 00:10:11
3,2,5,False,5,0.44802380952380944,0,0.4319761904761905,2,0.08,6,0.03083333333333333,8,0.009166666666666667,3,0 days 00:33:24
3,3,3,True,3,0.84,11,0.09,6,0.065,2,0.005,0,0.0,1,0 days 00:02:12
3,2,2,True,2,0.88,0,0.11,6,0.01,1,0.0,3,0.0,1,0 days 01:14:45
3,2,2,True,2,0.7639999999999999,13,0.21599999999999997,3,0.02,1,0.0,4,0.0,1,0 days 00:46:07
3,5,5,True,5,0.69,2,0.3,0,0.01,1,0.0,3,0.0,1,0 days 00:34:15
3,2,3,False,3,0.69,2,0.16916666666666663,13,0.12416666666666666,6,0.016666666666666666,0,0.0,2,0 days 00:46:16
3,9,3,False,3,1.0,0,0.0,1,0.0,2,0.0,4,0.0,10,0 days 00:04:17
3,3,3,True,3,0.985,1,0.01,11,0.005,0,0.0,4,0.0,1,0 days 00:01:16
3,3,8,False,8,0.62,3,0.25,9,0.13,0,0.0,4,0.0,2,0 days 00:06:26
3,3,9,False,9,0.65,6,0.29,2,0.04,3,0.02,0,0.0,4,0 days 00:04:29
3,2,6,False,6,0.4965000000000001,4,0.45349999999999985,2,0.035,0,0.015,3,0.0,3,0 days 00:58:16
3,3,9,False,9,0.62,3,0.38,1,0.0,0,0.0,4,0.0,2,0 days 00:06:00
3,1,3,False,3,0.985,1,0.01,11,0.005,0,0.0,4,0.0,2,0 days 00:01:16
3,3,6,False,6,0.4766666666666666,3,0.39833333333333326,8,0.09,2,0.035,0,0.0,2,0 days 00:01:07
3,3,3,True,3,0.9633333333333333,9,0.03,2,0.006666666666666666,1,0.0,4,0.0,1,0 days 00:09:48
3,2,2,True,2,0.4566666666666667,3,0.4433333333333333,5,0.1,1,0.0,0,0.0,1,0 days 00:50:35
3,3,3,True,3,0.85,6,0.15,1,0.0,0,0.0,2,0.0,1,0 days 00:08:59
3,3,2,False,2,0.65,1,0.19,0,0.11,6,0.05,3,0.0,5,0 days 00:16:44
3,3,2,False,2,0.8375000000000001,3,0.1625,1,0.0,0,0.0,4,0.0,2,0 days 00:01:48
3,3,8,False,8,0.92,3,0.04,2,0.04,1,0.0,4,0.0,2,0 days 00:10:36
3,2,3,False,3,0.72,8,0.25,2,0.0125,12,0.009,7,0.0085,3,0 days 00:19:00
3,2,3,False,3,0.6658333333333334,12,0.2734523809523809,2,0.060714285714285714,1,0.0,4,0.0,3,0 days 00:11:00
3,2,13,False,13,0.59,3,0.35,2,0.06,1,0.0,4,0.0,3,0 days 00:20:57
3,2,2,True,2,0.8658333333333332,3,0.13416666666666666,1,0.0,0,0.0,4,0.0,1,0 days 00:31:45
3,12,3,False,3,0.5807380952380952,7,0.40926190476190477,6,0.01,0,0.0,2,0.0,13,0 days 00:09:14
3,10,3,False,3,0.7553333333333332,2,0.24466666666666662,1,0.0,0,0.0,4,0.0,11,0 days 00:03:58
3,3,2,False,2,0.64,6,0.34,3,0.02,1,0.0,0,0.0,3,0 days 00:13:55
3,2,6,False,6,0.73,1,0.27,2,0.0,0,0.0,3,0.0,3,0 days 01:03:15
3,11,3,False,3,0.982,6,0.01,2,0.004,10,0.004,0,0.0,12,0 days 00:09:11
3,2,2,True,2,0.6551666666666666,7,0.3448333333333333,1,0.0,0,0.0,3,0.0,1,0 days 01:24:39
3,2,5,False,5,0.72,2,0.21565151515151512,3,0.06434848484848485,1,0.0,0,0.0,2,0 days 00:45:02
3,2,2,True,2,0.85,6,0.15,1,0.0,0,0.0,3,0.0,1,0 days 00:27:13
3,2,2,True,2,0.83,6,0.15,3,0.02,1,0.0,0,0.0,1,0 days 00:43:15
3,2,2,True,2,0.69,3,0.31,1,0.0,0,0.0,4,0.0,1,0 days 00:31:04
3,3,13,False,13,0.47270238095238093,3,0.47119047619047616,2,0.056107142857142855,1,0.0,4,0.0,2,0 days 00:10:13
3,12,10,False,10,0.68,8,0.27,2,0.05,0,0.0,4,0.0,13,0 days 00:01:04
3,2,2,True,2,0.65,1,0.24,3,0.11,0,0.0,4,0.0,1,0 days 00:21:10
3,13,3,False,3,0.93,2,0.07,1,0.0,0,0.0,4,0.0,14,0 days 00:11:14
3,2,2,True,2,0.56,3,0.3,6,0.09766666666666665,13,0.042333333333333334,0,0.0,1,0 days 00:12:16
3,2,2,True,2,0.89,7,0.1,0,0.006666666666666666,12,0.003333333333333333,3,0.0,1,0 days 00:18:29
3,2,2,True,2,0.3459999999999999,4,0.3425714285714286,5,0.3014285714285714,6,0.01,3,0.0,1,0 days 00:46:29
3,3,3,True,3,0.8109999999999999,2,0.17900000000000002,13,0.01,1,0.0,4,0.0,1,0 days 00:10:22
3,11,0,False,0,0.64,2,0.3525,8,0.0075,1,0.0,4,0.0,12,0 days 01:07:54
3,2,2,True,2,0.8545,13,0.10549999999999998,3,0.03333333333333333,9,0.006666666666666666,4,0.0,1,0 days 00:11:59
3,2,2,True,2,1.0,0,0.0,1,0.0,3,0.0,4,0.0,1,0 days 00:56:32
3,2,6,False,6,0.71,3,0.12,2,0.12,7,0.05,0,0.0,3,0 days 00:24:39
3,2,2,True,2,0.68,3,0.32,1,0.0,0,0.0,4,0.0,1,0 days 01:51:44
3,2,10,False,10,0.7755000000000001,2,0.1945,3,0.03,1,0.0,4,0.0,2,0 days 00:12:40
3,2,2,True,2,0.63,3,0.36,5,0.01,1,0.0,0,0.0,1,0 days 00:45:41
3,2,2,True,2,0.62,3,0.38,1,0.0,0,0.0,4,0.0,1,0 days 00:05:25
3,2,5,False,5,0.71,0,0.145,4,0.135,2,0.01,3,0.0,4,0 days 00:51:04
3,2,3,False,3,0.73,2,0.27,1,0.0,0,0.0,4,0.0,2,0 days 00:05:22
3,2,7,False,7,0.43,12,0.41,2,0.1425,13,0.01,6,0.005,3,0 days 00:19:54
3,2,6,False,6,0.65,2,0.29,3,0.06,1,0.0,0,0.0,2,0 days 00:36:52
3,13,3,False,3,0.748,2,0.24,9,0.012,1,0.0,4,0.0,14,0 days 00:11:44
3,13,6,False,6,0.68,2,0.15,7,0.13,11,0.03,3,0.01,14,0 days 00:16:20
3,2,3,False,3,0.9883333333333333,6,0.011666666666666665,1,0.0,0,0.0,2,0.0,5,0 days 00:04:05
3,13,2,False,2,0.67,3,0.33,1,0.0,0,0.0,4,0.0,14,0 days 00:30:59
3,2,2,True,2,0.7233333333333334,5,0.25,3,0.016666666666666666,6,0.01,0,0.0,1,0 days 00:55:02
3,2,1,False,1,0.58,2,0.39,3,0.03,0,0.0,4,0.0,2,0 days 00:21:14
4,4,3,False,3,0.49,6,0.41,2,0.1,1,0.0,0,0.0,6,0 days 00:34:35
4,0,2,False,2,0.4713928571428573,11,0.2994285714285714,3,0.22917857142857137,1,0.0,4,0.0,8,0 days 00:27:32
4,0,2,False,2,0.67,0,0.33,1,0.0,3,0.0,4,0.0,2,0 days 00:58:35
4,0,2,False,2,0.7575,3,0.17,6,0.0725,1,0.0,0,0.0,5,0 days 00:41:26
4,0,5,False,5,0.68,6,0.19,2,0.12,7,0.01,3,0.0,7,0 days 00:33:28
4,4,12,False,12,0.62,2,0.16,7,0.15,6,0.06,0,0.01,9,0 days 00:17:23
4,0,1,False,1,0.56,2,0.44,0,0.0,3,0.0,4,0.0,3,0 days 00:47:26
4,2,0,False,0,0.58,2,0.31,6,0.1,1,0.01,3,0.0,2,0 days 01:05:25
4,2,1,False,1,0.62,2,0.245,5,0.06566666666666666,4,0.06433333333333334,3,0.005,2,0 days 00:50:25
4,2,2,True,2,0.72,5,0.25,6,0.03,0,0.0,3,0.0,1,0 days 00:40:59
4,2,6,False,6,0.59,2,0.39,3,0.02,1,0.0,0,0.0,2,0 days 00:35:12
4,2,3,False,3,0.62,6,0.17,1,0.14,2,0.07,0,0.0,4,0 days 00:43:29
4,2,2,True,2,0.58,6,0.4,5,0.02,0,0.0,3,0.0,1,0 days 00:54:42
4,2,3,False,3,0.59,2,0.4,11,0.01,1,0.0,4,0.0,2,0 days 00:44:02
4,6,0,False,0,0.59,4,0.29,2,0.12,1,0.0,3,0.0,7,0 days 01:02:23
4,6,0,False,0,0.72,6,0.19,2,0.07,5,0.02,3,0.0,2,0 days 00:51:33
4,2,3,False,3,0.71,12,0.12,2,0.09,6,0.08,0,0.0,3,0 days 00:26:20
4,7,3,False,3,0.61,2,0.22316666666666665,6,0.16683333333333333,1,0.0,0,0.0,8,0 days 00:36:39
4,6,6,True,6,0.69,2,0.15516666666666667,0,0.13483333333333333,5,0.02,3,0.0,1,0 days 00:34:01
4,6,1,False,1,0.62,2,0.31,6,0.07,0,0.0,3,0.0,3,0 days 01:03:12
4,6,5,False,5,0.62,6,0.24,2,0.13,3,0.01,0,0.0,2,0 days 00:40:56
4,6,6,True,6,0.71,2,0.13333333333333333,7,0.12666666666666665,3,0.03,0,0.0,1,0 days 00:17:47
4,6,2,False,2,1.0,0,0.0,1,0.0,3,0.0,4,0.0,7,0 days 00:57:37
4,6,4,False,4,0.72,2,0.28,1,0.0,0,0.0,3,0.0,7,0 days 00:58:18
4,8,6,False,6,0.68,2,0.23,5,0.08,7,0.01,3,0.0,9,0 days 00:33:31
4,7,6,False,6,0.68,12,0.2,2,0.06666666666666667,7,0.05333333333333333,3,0.0,4,0 days 00:17:24
4,6,2,False,2,0.86,6,0.14,1,0.0,0,0.0,3,0.0,2,0 days 01:09:20
4,2,2,True,2,0.46233333333333326,3,0.4161666666666667,8,0.1215,1,0.0,4,0.0,1,0 days 00:15:04
4,2,2,True,2,0.64,8,0.27,3,0.09,1,0.0,4,0.0,1,0 days 00:20:10
4,2,3,False,3,0.5601666666666666,2,0.4398333333333334,1,0.0,0,0.0,4,0.0,2,0 days 00:09:46
4,6,3,False,3,0.4690266955266955,2,0.46407575757575764,13,0.05,6,0.016897546897546897,0,0.0,4,0 days 00:10:02
4,6,6,True,6,0.7743333333333332,8,0.21108333333333335,2,0.014583333333333332,1,0.0,3,0.0,1,0 days 00:18:07
4,6,2,False,2,0.86,3,0.13,6,0.01,1,0.0,0,0.0,3,0 days 00:13:51
4,6,6,True,6,0.4463333333333333,8,0.4236666666666665,2,0.07333333333333333,10,0.056666666666666664,3,0.0,1,0 days 00:01:23
4,3,10,False,10,0.62,3,0.19,11,0.16,2,0.02,6,0.01,2,0 days 00:19:39
4,2,3,False,3,0.8388492063492063,2,0.12,0,0.041150793650793646,1,0.0,4,0.0,2,0 days 00:26:08
4,3,2,False,2,0.65,6,0.32,10,0.02,3,0.01,0,0.0,4,0 days 00:19:30
4,2,11,False,11,0.66,6,0.17,2,0.15,3,0.02,0,0.0,3,0 days 01:00:40
4,3,3,True,3,0.71,10,0.16,2,0.09,6,0.04,0,0.0,1,0 days 00:19:35
4,2,2,True,2,0.93,3,0.07,1,0.0,0,0.0,4,0.0,1,0 days 00:54:06
4,3,6,False,6,0.9125,2,0.08625,3,0.00125,1,0.0,0,0.0,3,0 days 00:30:03
4,2,0,False,0,0.69,2,0.31,1,0.0,3,0.0,4,0.0,2,0 days 01:16:08
4,6,8,False,8,0.6353809523809523,2,0.3346190476190476,3,0.03,1,0.0,4,0.0,7,0 days 00:15:03
4,6,3,False,3,0.42,6,0.4,2,0.12,7,0.06,0,0.0,2,0 days 00:24:43
4,7,12,False,12,0.4658333333333334,2,0.43416666666666665,8,0.09,3,0.01,4,0.0,9,0 days 00:18:55
4,6,8,False,8,0.66,12,0.12259523809523812,3,0.10930952380952379,2,0.1080952380952381,4,0.0,10,0 days 00:11:03
4,7,6,False,6,0.45376190476190476,7,0.3962380952380953,2,0.12,0,0.02,3,0.01,2,0 days 00:17:28
4,6,3,False,3,0.7,6,0.26,1,0.03,2,0.005,10,0.005,2,0 days 00:01:26
4,8,3,False,3,0.98,6,0.02,1,0.0,0,0.0,2,0.0,9,0 days 00:02:49
4,8,6,False,6,0.5191666666666667,0,0.42,11,0.04,8,0.0125,2,0.008333333333333333,4,0 days 00:18:02
4,8,2,False,2,0.665,6,0.315,3,0.02,1,0.0,0,0.0,9,0 days 00:27:57
4,6,7,False,7,0.63,3,0.35,12,0.02,1,0.0,2,0.0,9,0 days 00:09:00
4,6,2,False,2,0.8066666666666668,3,0.17333333333333337,6,0.01,7,0.01,0,0.0,3,0 days 00:23:54
4,6,2,False,2,0.41,3,0.30150000000000005,9,0.2884999999999999,1,0.0,4,0.0,7,0 days 00:04:30
4,6,2,False,2,0.84,13,0.15,3,0.01,1,0.0,4,0.0,7,0 days 00:27:46
4,7,13,False,13,0.4906428571428571,2,0.4685238095238096,3,0.030833333333333334,7,0.01,0,0.0,4,0 days 00:09:54
4,2,2,True,2,0.6259119214119214,7,0.14164596514596514,8,0.11700058275058269,6,0.11544153069153071,3,0.0,1,0 days 00:15:01
4,2,2,True,2,0.6259119214119214,7,0.14164596514596514,8,0.11700058275058269,6,0.11544153069153071,3,0.0,1,0 days 00:15:01
4,2,2,True,2,0.4631666666666666,6,0.42683333333333345,3,0.11,1,0.0,0,0.0,1,0 days 00:42:39
4,2,13,False,13,0.64,6,0.24,2,0.11,3,0.01,0,0.0,3,0 days 00:33:48
4,5,5,True,5,0.62,2,0.35,3,0.03,1,0.0,0,0.0,1,0 days 00:45:53
4,2,3,False,3,0.91,2,0.09,1,0.0,0,0.0,4,0.0,2,0 days 00:09:09
4,9,6,False,6,0.4733333333333334,3,0.41,12,0.06,13,0.056666666666666664,2,0.0,12,0 days 00:12:26
4,2,3,False,3,0.68,6,0.18,7,0.1,2,0.04,0,0.0,4,0 days 01:05:05
4,3,10,False,10,0.62,3,0.19,11,0.16,2,0.02,6,0.01,2,0 days 00:19:39
4,3,2,False,2,0.8866666666666666,6,0.07333333333333333,13,0.04,1,0.0,3,0.0,5,0 days 00:29:48
4,2,2,True,2,0.84,0,0.16,1,0.0,3,0.0,4,0.0,1,0 days 01:16:25
4,3,3,True,3,1.0,0,0.0,1,0.0,2,0.0,4,0.0,1,0 days 00:08:53
4,3,6,False,6,0.62,3,0.2633333333333333,2,0.11,7,0.006666666666666666,0,0.0,2,0 days 00:25:30
4,2,2,True,2,0.64,11,0.23,1,0.1,0,0.02,5,0.01,1,0 days 01:07:40
4,2,2,True,2,0.95,6,0.05,1,0.0,0,0.0,3,0.0,1,0 days 01:13:57
4,2,3,False,3,0.8175,2,0.1525,6,0.03,1,0.0,0,0.0,2,0 days 00:22:38
4,1,2,False,2,1.0,0,0.0,1,0.0,3,0.0,4,0.0,3,0 days 00:57:12
4,2,2,True,2,0.885,7,0.1,0,0.015,1,0.0,3,0.0,1,0 days 01:04:23
4,2,6,False,6,0.64,2,0.36,1,0.0,0,0.0,3,0.0,2,0 days 00:43:20
4,3,3,True,3,0.62,1,0.26,2,0.1,6,0.02,0,0.0,1,0 days 00:25:16
4,2,6,False,6,0.5037619047619049,7,0.4012380952380953,2,0.075,0,0.02,3,0.0,3,0 days 00:17:27
4,3,4,False,4,0.81,7,0.1,0,0.06,2,0.02,3,0.01,5,0 days 00:48:35
4,2,2,True,2,0.78,13,0.22,1,0.0,0,0.0,4,0.0,1,0 days 00:30:28
4,2,3,False,3,0.68,2,0.32,1,0.0,0,0.0,4,0.0,2,0 days 00:30:50
4,2,6,False,6,0.48,3,0.37,2,0.15,1,0.0,0,0.0,3,0 days 00:37:18
4,3,3,True,3,0.4690266955266955,2,0.46407575757575764,13,0.05,6,0.016897546897546897,0,0.0,1,0 days 00:10:02
4,3,3,True,3,0.74,13,0.26,1,0.0,0,0.0,4,0.0,1,0 days 00:11:32
4,1,2,False,2,0.87,4,0.11,3,0.02,1,0.0,0,0.0,4,0 days 01:00:00
4,3,2,False,2,0.7754404761904761,12,0.1306309523809524,3,0.0939285714285714,1,0.0,4,0.0,3,0 days 00:11:00
4,3,2,False,2,0.97,6,0.03,1,0.0,0,0.0,3,0.0,5,0 days 00:39:05
4,3,2,False,2,0.8766666666666667,3,0.08333333333333331,7,0.03,6,0.01,0,0.0,2,0 days 00:24:00
4,3,13,False,13,0.4851904761904761,3,0.4139761904761905,9,0.07,2,0.030833333333333334,4,0.0,2,0 days 00:09:52
4,3,3,True,3,0.91,2,0.09,1,0.0,0,0.0,4,0.0,1,0 days 00:09:09
4,3,9,False,9,0.67,3,0.19,2,0.14,1,0.0,4,0.0,2,0 days 00:09:07
4,3,2,False,2,0.6433333333333334,10,0.22,3,0.13666666666666666,1,0.0,4,0.0,3,0 days 00:03:59
4,3,2,False,2,0.7,3,0.19,6,0.11,1,0.0,0,0.0,2,0 days 00:33:56
4,3,3,True,3,0.72,6,0.27,2,0.01,1,0.0,0,0.0,1,0 days 00:18:45
4,3,2,False,2,0.62,5,0.28,6,0.09,3,0.01,0,0.0,4,0 days 00:40:57
4,3,3,True,3,0.995,9,0.005,1,0.0,0,0.0,4,0.0,1,0 days 00:04:20
4,5,3,False,3,1.0,0,0.0,1,0.0,2,0.0,4,0.0,6,0 days 00:04:56
4,3,3,True,3,0.5529999999999999,12,0.39699999999999996,7,0.05,1,0.0,2,0.0,1,0 days 00:09:02
4,3,3,True,3,0.739785714285714,1,0.2602142857142857,0,0.0,2,0.0,4,0.0,1,0 days 00:01:16
4,3,3,True,3,0.6216666666666666,2,0.3483333333333334,10,0.03,1,0.0,4,0.0,1,0 days 00:04:02
4,3,2,False,2,0.4390952380952381,6,0.4359047619047619,3,0.085,8,0.04,0,0.0,3,0 days 00:08:22
4,3,6,False,6,0.68,3,0.22,2,0.1,1,0.0,0,0.0,2,0 days 00:54:27
4,3,3,True,3,0.9279999999999999,9,0.07200000000000001,1,0.0,0,0.0,4,0.0,1,0 days 00:05:57
4,3,2,False,2,0.5743333333333334,3,0.4156666666666667,7,0.01,1,0.0,0,0.0,2,0 days 00:31:52
4,1,3,False,3,0.8231190476190474,1,0.17688095238095236,0,0.0,2,0.0,4,0.0,2,0 days 00:01:15
4,5,2,False,2,0.4676428571428572,3,0.1954682539682539,1,0.1702579365079365,10,0.1666309523809523,4,0.0,6,0 days 00:40:01
4,10,3,False,3,0.91,2,0.09,1,0.0,0,0.0,4,0.0,11,0 days 00:09:09
4,2,2,True,2,0.6926666666666668,3,0.2973333333333333,7,0.01,1,0.0,0,0.0,1,0 days 00:31:48
4,2,2,True,2,0.8211666666666666,6,0.17883333333333332,1,0.0,0,0.0,3,0.0,1,0 days 00:29:54
4,2,2,True,2,0.9473809523809524,6,0.05261904761904762,1,0.0,0,0.0,3,0.0,1,0 days 00:00:43
4,3,3,True,3,0.8014884217090096,6,0.10596850208614911,2,0.0925430762048409,1,0.0,0,0.0,1,0 days 00:10:01
4,3,3,True,3,0.75,12,0.2,2,0.04266666666666667,6,0.007333333333333334,0,0.0,1,0 days 00:00:38
4,2,6,False,6,0.91,2,0.09,1,0.0,0,0.0,3,0.0,2,0 days 00:30:07
4,3,6,False,6,0.71,2,0.29,1,0.0,0,0.0,3,0.0,5,0 days 00:37:00
4,3,2,False,2,0.5133333333333333,7,0.47,6,0.01,3,0.006666666666666666,0,0.0,4,0 days 00:35:19
4,3,13,False,13,0.72,3,0.198,2,0.08199999999999999,1,0.0,4,0.0,2,0 days 00:10:03
4,3,2,False,2,0.96,6,0.04,1,0.0,0,0.0,3,0.0,5,0 days 00:32:46
4,3,3,True,3,0.89,12,0.1,2,0.008333333333333333,6,0.0016666666666666666,0,0.0,1,0 days 00:00:34
4,2,2,True,2,0.6957486957486959,3,0.3042513042513042,1,0.0,0,0.0,4,0.0,1,0 days 00:45:01
4,2,2,True,2,0.98,4,0.02,1,0.0,0,0.0,3,0.0,1,0 days 01:10:01
4,2,5,False,5,0.62,2,0.37,3,0.01,1,0.0,0,0.0,2,0 days 00:45:55
4,3,2,False,2,0.7661666666666668,3,0.20383333333333334,6,0.03,1,0.0,0,0.0,2,0 days 00:24:21
4,3,13,False,13,0.6,3,0.26,2,0.09333333333333332,8,0.01966666666666667,6,0.017,2,0 days 00:18:14
4,3,6,False,6,0.8453333333333333,3,0.15466666666666667,1,0.0,0,0.0,2,0.0,2,0 days 00:02:19
4,2,2,True,2,1.0,0,0.0,1,0.0,3,0.0,4,0.0,1,0 days 00:39:22
4,3,2,False,2,0.706,6,0.22,3,0.07,0,0.004,1,0.0,3,0 days 00:33:58
4,1,2,False,2,0.97,1,0.03,0,0.0,3,0.0,4,0.0,2,0 days 00:37:57
4,9,6,False,6,0.6890238095238095,1,0.15785714285714283,11,0.1331190476190476,3,0.02,2,0.0,11,0 days 00:02:29
4,3,3,True,3,0.8158333333333333,6,0.14083333333333337,9,0.03666666666666667,4,0.006666666666666666,2,0.0,1,0 days 00:08:48
4,2,3,False,3,0.8228333333333333,2,0.1771666666666667,1,0.0,0,0.0,4,0.0,2,0 days 00:09:41
4,3,2,False,2,0.42852380952380953,7,0.39147619047619053,6,0.15,3,0.03,0,0.0,4,0 days 00:17:49
4,3,2,False,2,0.73,3,0.26,11,0.006666666666666666,6,0.003333333333333333,0,0.0,2,0 days 00:13:46
4,3,8,False,8,0.82,2,0.14,3,0.04,1,0.0,4,0.0,3,0 days 00:14:14
4,3,3,True,3,0.975,2,0.025,1,0.0,0,0.0,4,0.0,1,0 days 00:03:49
4,3,9,False,9,0.74,3,0.25,2,0.01,1,0.0,4,0.0,2,0 days 00:05:12
4,3,3,True,3,0.9833333333333334,7,0.016666666666666666,1,0.0,0,0.0,2,0.0,1,0 days 00:09:18
4,2,4,False,4,0.64,2,0.27,3,0.08,0,0.01,1,0.0,2,0 days 00:49:57
4,3,3,True,3,0.6241904761904762,2,0.3758095238095238,1,0.0,0,0.0,4,0.0,1,0 days 00:35:51
4,2,3,False,3,0.96,9,0.03,8,0.01,0,0.0,4,0.0,8,0 days 00:11:11
4,12,3,False,3,0.6858333333333334,2,0.2725,13,0.035,12,0.006666666666666666,4,0.0,4,0 days 00:10:59
4,1,2,False,2,0.7,3,0.24,6,0.06,1,0.0,0,0.0,4,0 days 00:48:09
4,3,10,False,10,0.67,3,0.2866666666666667,6,0.03,2,0.01,13,0.003333333333333333,2,0 days 00:13:15
4,11,3,False,3,0.9253333333333331,1,0.07466666666666667,0,0.0,2,0.0,4,0.0,12,0 days 00:01:17
4,2,6,False,6,0.7766666666666667,2,0.1733333333333333,3,0.05,1,0.0,0,0.0,2,0 days 00:28:04
4,2,2,True,2,0.98,6,0.02,1,0.0,0,0.0,3,0.0,1,0 days 00:29:22
4,2,2,True,2,0.8382647630147626,11,0.06195770895770896,5,0.0529034854034854,7,0.046874042624042635,3,0.0,1,0 days 00:44:59
4,2,3,False,3,0.9261190476190477,5,0.06388095238095237,2,0.006666666666666666,8,0.003333333333333333,0,0.0,3,0 days 00:00:52
4,2,4,False,4,0.4384761904761904,2,0.4215238095238096,1,0.14,0,0.0,3,0.0,2,0 days 00:59:44
4,12,0,False,0,0.69,2,0.23,3,0.06,7,0.01,13,0.01,14,0 days 00:18:23
4,2,2,True,2,0.6,0,0.37,6,0.03,1,0.0,3,0.0,1,0 days 00:42:21
4,2,3,False,3,0.5416666666666666,2,0.45833333333333326,1,0.0,0,0.0,4,0.0,2,0 days 00:10:08
4,10,3,False,3,0.855,2,0.145,1,0.0,0,0.0,4,0.0,11,0 days 00:22:07
4,3,3,True,3,0.46640476190476177,13,0.45359523809523805,6,0.05,2,0.03,0,0.0,1,0 days 00:13:31
4,11,6,False,6,0.4492142857142856,11,0.39078571428571435,2,0.12,3,0.035,13,0.005,2,0 days 00:13:37
4,2,2,True,2,0.8775,0,0.09,7,0.0325,1,0.0,3,0.0,1,0 days 00:18:27
4,13,3,False,3,0.59,2,0.22216666666666668,6,0.18783333333333332,1,0.0,0,0.0,14,0 days 00:32:58
4,13,3,False,3,0.7,13,0.3,1,0.0,0,0.0,4,0.0,2,0 days 00:11:26
4,2,3,False,3,0.72,2,0.28,1,0.0,0,0.0,4,0.0,2,0 days 00:38:34
4,2,2,True,2,0.541,7,0.41,6,0.03,3,0.019,0,0.0,1,0 days 00:31:59
4,2,3,False,3,0.6,2,0.4,1,0.0,0,0.0,4,0.0,2,0 days 00:35:36
4,2,2,True,2,0.99,0,0.01,1,0.0,3,0.0,4,0.0,1,0 days 01:18:30
4,2,3,False,3,0.6519999999999999,6,0.348,1,0.0,0,0.0,2,0.0,5,0 days 00:08:47
4,11,6,False,6,0.91,3,0.05,0,0.04,1,0.0,2,0.0,12,0 days 00:42:13
4,2,3,False,3,0.452,6,0.4054999999999999,4,0.11,2,0.0325,0,0.0,4,0 days 00:40:42
4,2,3,False,3,0.645,6,0.15316666666666667,11,0.14683333333333334,2,0.05,13,0.005,4,0 days 00:13:40
4,2,2,True,2,0.96,5,0.04,1,0.0,0,0.0,3,0.0,1,0 days 00:50:43
4,2,11,False,11,0.69,3,0.1775,0,0.11,8,0.0225,4,0.0,8,0 days 00:03:30
4,2,10,False,10,0.63,3,0.32,9,0.05,0,0.0,4,0.0,8,0 days 00:07:47
4,2,2,True,2,0.8866666666666666,6,0.07333333333333333,13,0.04,1,0.0,3,0.0,1,0 days 00:29:48
4,13,3,False,3,0.9403333333333334,2,0.059666666666666666,1,0.0,0,0.0,4,0.0,14,0 days 00:09:34
4,2,11,False,11,0.67,4,0.22,2,0.11,1,0.0,3,0.0,3,0 days 00:59:10
4,13,3,False,3,0.88,9,0.08,10,0.04,0,0.0,4,0.0,14,0 days 00:08:01
4,2,6,False,6,0.6483333333333333,0,0.33,2,0.021666666666666664,1,0.0,3,0.0,3,0 days 00:40:21
4,3,3,True,3,0.7,2,0.3,1,0.0,0,0.0,4,0.0,1,0 days 01:57:58
5,3,2,False,2,0.63,6,0.21,7,0.16,0,0.0,3,0.0,5,0 days 01:05:05
5,2,3,False,3,0.54,8,0.27,2,0.15,0,0.04,4,0.0,3,0 days 00:41:34
5,4,4,True,4,0.69,0,0.2,3,0.11,1,0.0,2,0.0,1,0 days 00:48:31
5,1,2,False,2,0.9116666666666667,4,0.08833333333333333,1,0.0,0,0.0,3,0.0,3,0 days 00:59:33
5,0,4,False,4,0.59,2,0.37,5,0.04,0,0.0,3,0.0,4,0 days 00:51:00
5,4,2,False,2,0.575,1,0.405,3,0.02,0,0.0,4,0.0,5,0 days 00:59:58
5,0,4,False,4,0.65,2,0.25,3,0.09,11,0.01,0,0.0,5,0 days 00:42:02
5,0,4,False,4,0.65,2,0.24,3,0.09,6,0.01,11,0.01,6,0 days 00:42:03
5,0,6,False,6,0.5313095238095239,2,0.4436904761904762,7,0.025,0,0.0,3,0.0,4,0 days 00:32:14
5,0,2,False,2,0.84,4,0.1,6,0.03,0,0.03,3,0.0,4,0 days 00:49:29
5,1,2,False,2,0.78,1,0.18,6,0.02,7,0.02,3,0.0,2,0 days 01:10:47
5,2,11,False,11,0.4985000000000001,2,0.4214999999999998,3,0.08,1,0.0,4,0.0,2,0 days 00:50:07
5,2,2,True,2,0.5182142857142857,3,0.4817857142857143,1,0.0,0,0.0,4,0.0,1,0 days 00:35:30
5,2,6,False,6,0.82,2,0.17,3,0.01,1,0.0,0,0.0,2,0 days 00:26:24
5,6,2,False,2,0.75,7,0.25,1,0.0,0,0.0,3,0.0,8,0 days 00:52:32
5,6,6,True,6,0.89,2,0.09,3,0.02,1,0.0,0,0.0,1,0 days 00:30:02
5,6,2,False,2,1.0,0,0.0,1,0.0,3,0.0,4,0.0,7,0 days 00:29:14
5,6,2,False,2,0.63,6,0.36,7,0.01,0,0.0,3,0.0,2,0 days 01:12:55
5,2,2,True,2,0.3725238095238095,3,0.335,1,0.29247619047619045,0,0.0,4,0.0,1,0 days 00:43:40
5,6,6,True,6,0.7,2,0.29,7,0.01,0,0.0,3,0.0,1,0 days 00:32:07
5,7,2,False,2,0.91,3,0.07,6,0.02,1,0.0,0,0.0,8,0 days 00:32:01
5,6,4,False,4,0.61,7,0.24,6,0.11666666666666665,2,0.03333333333333333,3,0.0,3,0 days 00:42:54
5,6,6,True,6,0.61,2,0.22149999999999997,0,0.131,3,0.0375,1,0.0,1,0 days 00:34:01
5,6,2,False,2,0.856,3,0.12,6,0.024,1,0.0,0,0.0,3,0 days 00:16:57
5,6,3,False,3,0.63,2,0.27,6,0.1,1,0.0,0,0.0,3,0 days 00:37:02
5,1,6,False,6,0.71,2,0.29,1,0.0,0,0.0,3,0.0,3,0 days 01:03:10
5,6,7,False,7,0.55,2,0.42,3,0.03,1,0.0,0,0.0,8,0 days 00:24:09
5,7,2,False,2,0.96,3,0.04,1,0.0,0,0.0,4,0.0,8,0 days 00:34:58
5,6,2,False,2,0.75,6,0.18,4,0.07,0,0.0,3,0.0,2,0 days 01:09:45
5,6,8,False,8,0.62,2,0.24,0,0.06666666666666667,5,0.06333333333333332,13,0.01,10,0 days 00:33:31
5,6,2,False,2,0.98,3,0.02,1,0.0,0,0.0,4,0.0,7,0 days 00:29:04
5,6,6,True,6,0.7261190476190477,2,0.10233333333333335,3,0.09388095238095237,10,0.07766666666666666,0,0.0,1,0 days 00:01:25
5,2,7,False,7,0.57,2,0.4158333333333333,0,0.014166666666666666,1,0.0,3,0.0,2,0 days 01:04:20
5,2,2,True,2,0.63,0,0.3,6,0.07,1,0.0,3,0.0,1,0 days 01:34:25
5,2,2,True,2,0.62,12,0.18066666666666667,5,0.16933333333333336,6,0.02,8,0.01,1,0 days 00:01:22
5,2,3,False,3,0.5749404761904762,2,0.40029761904761907,4,0.024761904761904763,1,0.0,0,0.0,2,0 days 00:17:05
5,2,2,True,2,0.7,3,0.29,6,0.01,1,0.0,0,0.0,1,0 days 00:26:15
5,2,8,False,8,0.66,2,0.28,0,0.05,3,0.01,4,0.0,2,0 days 00:41:36
5,7,2,False,2,0.8316666666666667,6,0.14833333333333334,0,0.02,1,0.0,3,0.0,8,0 days 00:41:15
5,7,2,False,2,0.7750781971296672,6,0.11292594333770803,8,0.11199585953262423,1,0.0,3,0.0,9,0 days 00:15:01
5,8,7,False,7,0.7167857142857145,3,0.09357142857142858,13,0.08142857142857142,2,0.07178571428571429,12,0.03642857142857143,11,0 days 00:09:55
5,7,2,False,2,0.6418809523809524,3,0.32811904761904764,7,0.03,1,0.0,0,0.0,3,0 days 00:35:26
5,6,7,False,7,0.88,2,0.09,0,0.02,6,0.01,3,0.0,4,0 days 00:17:28
5,6,0,False,0,0.59,2,0.34,6,0.07,1,0.0,3,0.0,3,0 days 01:30:47
5,8,8,True,8,0.83,2,0.13,6,0.04,1,0.0,3,0.0,1,0 days 00:03:06
5,6,2,False,2,0.6221666666666666,12,0.18566666666666667,3,0.17216666666666672,6,0.0175,1,0.0025,4,0 days 00:01:36
5,6,2,False,2,0.9883333333333333,6,0.011666666666666665,1,0.0,0,0.0,3,0.0,2,0 days 00:00:44
5,6,2,False,2,0.65,13,0.27,7,0.06,3,0.02,0,0.0,9,0 days 00:16:19
5,8,3,False,3,0.5123095238095238,6,0.47769047619047617,2,0.01,1,0.0,0,0.0,9,0 days 00:08:25
5,8,2,False,2,0.73,6,0.19,3,0.08,1,0.0,0,0.0,9,0 days 00:36:13
5,6,6,True,6,0.5105000000000001,3,0.47950000000000004,8,0.01,1,0.0,2,0.0,1,0 days 00:02:45
5,6,6,True,6,0.61,5,0.1267142857142857,12,0.0855,3,0.0709047619047619,2,0.05680952380952381,1,0 days 00:01:20
5,1,6,False,6,0.8418333333333332,10,0.13816666666666666,2,0.017142857142857144,3,0.002857142857142857,0,0.0,8,0 days 00:15:10
5,2,3,False,3,0.84,10,0.12,1,0.028333333333333332,2,0.011666666666666665,4,0.0,4,0 days 00:01:59
5,2,2,True,2,1.0,0,0.0,1,0.0,3,0.0,4,0.0,1,0 days 01:20:37
5,2,13,False,13,0.72,0,0.21,3,0.06,6,0.01,2,0.0,5,0 days 00:26:48
5,2,5,False,5,0.58,3,0.41,10,0.01,1,0.0,2,0.0,5,0 days 00:02:01
5,5,2,False,2,0.7923388954956291,11,0.10546253166338301,7,0.10219857284098767,1,0.0,3,0.0,7,0 days 00:45:00
5,2,2,True,2,0.57,5,0.32,3,0.11,1,0.0,0,0.0,1,0 days 00:45:14
5,9,3,False,3,0.99,2,0.01,1,0.0,0,0.0,4,0.0,10,0 days 00:06:00
5,2,6,False,6,0.61,2,0.25,7,0.14,0,0.0,3,0.0,2,0 days 01:05:08
5,3,3,True,3,0.99875,6,0.00125,1,0.0,0,0.0,2,0.0,1,0 days 00:10:00
5,3,1,False,1,0.4689999999999999,6,0.4610000000000001,3,0.07,0,0.0,2,0.0,3,0 days 00:06:54
5,3,2,False,2,0.5700357142857143,11,0.35996428571428574,0,0.04,3,0.03,4,0.0,4,0 days 00:27:33
5,2,2,True,2,0.9610956837280368,11,0.023449707155589507,7,0.015454609116373821,1,0.0,3,0.0,1,0 days 00:44:58
5,2,2,True,2,0.348547619047619,5,0.3282142857142856,4,0.29823809523809514,6,0.025,3,0.0,1,0 days 00:46:27
5,3,3,True,3,0.7016150793650793,7,0.29838492063492056,1,0.0,0,0.0,2,0.0,1,0 days 00:09:16
5,3,3,True,3,0.4925,9,0.4475,13,0.05,2,0.01,4,0.0,1,0 days 00:11:53
5,2,3,False,3,0.4814285714285714,13,0.4244047619047619,6,0.04,7,0.034166666666666665,2,0.02,5,0 days 00:19:51
5,3,2,False,2,0.89,3,0.1,6,0.01,1,0.0,0,0.0,2,0 days 00:22:18
5,3,13,False,13,0.49699999999999994,2,0.4153333333333334,3,0.06766666666666667,6,0.02,0,0.0,3,0 days 00:10:14
5,2,10,False,10,0.52,13,0.35,2,0.11,3,0.01,8,0.01,3,0 days 00:10:41
5,3,3,True,3,0.3426666666666667,6,0.34,11,0.31733333333333336,1,0.0,2,0.0,1,0 days 00:09:12
5,3,3,True,3,0.4581666666666667,2,0.4543333333333333,6,0.06,13,0.0275,0,0.0,1,0 days 00:33:54
5,3,3,True,3,0.8469999999999999,2,0.15299999999999997,1,0.0,0,0.0,4,0.0,1,0 days 00:00:59
5,3,3,True,3,0.8116666666666665,2,0.15833333333333333,10,0.03,1,0.0,4,0.0,1,0 days 00:03:51
5,3,3,True,3,0.55,2,0.39,13,0.06,1,0.0,4,0.0,1,0 days 00:11:12
5,3,2,False,2,0.8166666666666665,6,0.16,3,0.02,7,0.003333333333333333,0,0.0,3,0 days 00:18:39
5,3,3,True,3,0.7754094545805068,6,0.12024794503741866,2,0.10434260038207405,1,0.0,0,0.0,1,0 days 00:10:01
5,3,3,True,3,0.48611904761904756,2,0.4538809523809524,10,0.05999999999999999,1,0.0,4,0.0,1,0 days 00:00:53
5,3,2,False,2,0.4827738095238095,3,0.42722619047619054,10,0.09,1,0.0,4,0.0,2,0 days 00:03:54
5,3,13,False,13,0.7,3,0.23,9,0.04,2,0.03,4,0.0,2,0 days 00:07:58
5,3,3,True,3,0.5266150793650793,2,0.4733849206349207,1,0.0,0,0.0,4,0.0,1,0 days 00:09:32
5,3,8,False,8,0.83,2,0.11,6,0.06,1,0.0,3,0.0,5,0 days 00:03:07
5,3,2,False,2,0.4731666666666667,3,0.4568333333333333,6,0.05,5,0.019999999999999997,0,0.0,2,0 days 00:01:52
5,3,2,False,2,0.98,3,0.01,6,0.01,1,0.0,0,0.0,2,0 days 00:36:02
5,3,3,True,3,0.9333333333333335,8,0.06666666666666667,1,0.0,0,0.0,4,0.0,1,0 days 00:03:47
5,10,2,False,2,0.4841186868686869,1,0.191788961038961,5,0.17887121212121213,3,0.14522113997113995,0,0.0,11,0 days 00:40:01
5,1,6,False,6,0.575,2,0.37,4,0.05,0,0.005,3,0.0,6,0 days 01:02:48
5,10,2,False,2,0.95,7,0.026666666666666665,6,0.02333333333333333,0,0.0,3,0.0,11,0 days 00:25:56
5,2,2,True,2,0.7095018037518038,3,0.2904981962481962,1,0.0,0,0.0,4,0.0,1,0 days 00:45:01
5,2,7,False,7,0.9,2,0.08,6,0.02,0,0.0,3,0.0,2,0 days 01:05:00
5,2,2,True,2,0.6848809523809523,3,0.31511904761904763,1,0.0,0,0.0,4,0.0,1,0 days 00:01:00
5,2,2,True,2,0.8255,10,0.11,3,0.05449999999999999,12,0.01,4,0.0,1,0 days 00:01:02
5,9,3,False,3,1.0,0,0.0,1,0.0,2,0.0,4,0.0,10,0 days 00:09:50
5,2,2,True,2,0.95,4,0.05,1,0.0,0,0.0,3,0.0,1,0 days 01:10:00
5,2,6,False,6,0.7316666666666667,2,0.1475,3,0.12083333333333332,1,0.0,0,0.0,2,0 days 00:02:16
5,2,3,False,3,0.8346666666666667,6,0.16533333333333336,1,0.0,0,0.0,2,0.0,5,0 days 00:02:22
5,3,3,True,3,0.7754094545805068,6,0.12024794503741866,2,0.10434260038207405,1,0.0,0,0.0,1,0 days 00:10:01
5,2,3,False,3,0.63,2,0.32,6,0.05,1,0.0,0,0.0,2,0 days 00:37:03
5,2,2,True,2,1.0,0,0.0,1,0.0,3,0.0,4,0.0,1,0 days 01:20:45
5,2,6,False,6,0.5153333333333334,1,0.3653333333333333,2,0.09183333333333334,3,0.0275,0,0.0,3,0 days 00:01:33
5,3,6,False,6,0.34461219336219323,8,0.32316414141414135,2,0.31817604617604606,3,0.014047619047619047,0,0.0,4,0 days 00:20:01
5,3,6,False,6,0.59,3,0.1665,2,0.14416666666666667,9,0.09933333333333333,0,0.0,2,0 days 00:09:38
5,3,0,False,0,0.645,1,0.19,6,0.135,2,0.03,3,0.0,5,0 days 00:51:57
5,2,13,False,13,0.72,6,0.23,2,0.03766666666666667,3,0.012333333333333333,0,0.0,3,0 days 00:26:58
5,2,13,False,13,0.61,2,0.36,3,0.02,9,0.01,4,0.0,2,0 days 00:11:56
5,2,3,False,3,0.4906666666666666,6,0.42933333333333334,2,0.06166666666666667,13,0.018333333333333333,0,0.0,3,0 days 00:21:01
5,2,3,False,3,0.9288333333333333,2,0.07116666666666667,1,0.0,0,0.0,4,0.0,2,0 days 00:09:44
5,3,2,False,2,0.6848809523809523,3,0.3051190476190476,12,0.01,1,0.0,4,0.0,2,0 days 00:01:01
5,3,2,False,2,0.5980119047619047,3,0.39198809523809536,13,0.01,1,0.0,4,0.0,2,0 days 00:10:10
5,2,2,True,2,0.94,3,0.06,1,0.0,0,0.0,4,0.0,1,0 days 00:38:58
5,3,3,True,3,0.92,2,0.08,1,0.0,0,0.0,4,0.0,1,0 days 00:05:55
5,2,2,True,2,0.94,3,0.06,1,0.0,0,0.0,4,0.0,1,0 days 00:29:00
5,3,3,True,3,0.78,12,0.22,1,0.0,0,0.0,4,0.0,1,0 days 00:00:32
5,3,2,False,2,0.6553333333333333,3,0.26,11,0.06466666666666666,5,0.01,4,0.01,2,0 days 00:50:11
5,2,2,True,2,0.71,6,0.29,1,0.0,0,0.0,3,0.0,1,0 days 00:55:56
5,3,3,True,3,0.755,2,0.245,1,0.0,0,0.0,4,0.0,1,0 days 00:09:26
5,3,3,True,3,0.904,2,0.04083333333333334,12,0.029166666666666664,10,0.02,5,0.006,1,0 days 00:01:40
5,5,6,False,6,0.74,3,0.22,2,0.03,5,0.01,0,0.0,4,0 days 00:40:56
5,5,3,False,3,0.85,8,0.085,2,0.06499999999999999,1,0.0,4,0.0,6,0 days 00:00:50
5,2,6,False,6,0.76,7,0.12,4,0.08,2,0.03,3,0.01,4,0 days 00:43:01
5,3,6,False,6,0.6866666666666668,3,0.3,9,0.01,1,0.003333333333333333,2,0.0,2,0 days 00:06:41
5,2,6,False,6,0.62,0,0.19,2,0.17,11,0.02,3,0.0,3,0 days 00:33:06
5,2,2,True,2,0.55,12,0.42,3,0.03,1,0.0,4,0.0,1,0 days 00:19:56
5,3,3,True,3,0.7473888888888887,1,0.24975396825396826,11,0.002857142857142857,0,0.0,4,0.0,1,0 days 00:01:16
5,3,3,True,3,0.61,2,0.32,1,0.07,0,0.0,4,0.0,1,0 days 00:38:11
5,3,3,True,3,0.8608333333333333,9,0.12916666666666665,2,0.01,1,0.0,4,0.0,1,0 days 00:09:05
5,3,3,True,3,0.8483333333333334,5,0.15166666666666667,1,0.0,0,0.0,2,0.0,1,0 days 00:05:00
5,2,2,True,2,1.0,0,0.0,1,0.0,3,0.0,4,0.0,1,0 days 00:29:10
5,2,2,True,2,0.5876666666666667,3,0.39483333333333337,6,0.0175,1,0.0,0,0.0,1,0 days 00:29:49
5,3,3,True,3,0.634,2,0.36599999999999994,1,0.0,0,0.0,4,0.0,1,0 days 00:08:54
5,3,2,False,2,0.75,6,0.24,3,0.01,1,0.0,0,0.0,3,0 days 00:31:21
5,3,3,True,3,0.78,12,0.22,1,0.0,0,0.0,4,0.0,1,0 days 00:00:32
5,2,2,True,2,0.8463333333333333,7,0.15366666666666667,1,0.0,0,0.0,3,0.0,1,0 days 00:18:30
5,2,8,False,8,0.83,2,0.11,6,0.06,1,0.0,3,0.0,2,0 days 00:03:07
5,3,1,False,1,0.59,6,0.24,2,0.15,3,0.02,0,0.0,4,0 days 00:25:22
5,2,3,False,3,0.64,6,0.26,2,0.07,0,0.03,1,0.0,3,0 days 00:26:35
5,2,2,True,2,0.77,1,0.22,3,0.01,0,0.0,4,0.0,1,0 days 00:37:58
5,3,13,False,13,0.6,1,0.21,3,0.146,2,0.03,7,0.013999999999999999,3,0 days 00:16:09
5,3,3,True,3,0.812,11,0.14,6,0.034,2,0.013999999999999999,0,0.0,1,0 days 00:02:12
5,3,3,True,3,1.0,0,0.0,1,0.0,2,0.0,4,0.0,1,0 days 00:08:58
5,3,2,False,2,0.915,11,0.065,4,0.01,3,0.01,0,0.0,4,0 days 00:50:02
5,12,6,False,6,0.73,2,0.25,3,0.02,1,0.0,0,0.0,13,0 days 00:26:22
5,12,3,False,3,0.98,6,0.013333333333333332,7,0.006666666666666666,0,0.0,2,0.0,13,0 days 00:09:02
5,3,3,True,3,0.95,6,0.05,1,0.0,0,0.0,2,0.0,1,0 days 00:08:33
5,2,6,False,6,0.56,3,0.4,2,0.035,8,0.005,0,0.0,3,0 days 00:00:46
5,11,10,False,10,0.67,3,0.29,1,0.028333333333333332,2,0.011666666666666665,4,0.0,12,0 days 00:01:58
5,2,3,False,3,0.89,13,0.11,1,0.0,0,0.0,4,0.0,8,0 days 00:11:40
5,2,6,False,6,0.49633333333333324,2,0.47366666666666674,3,0.03,1,0.0,0,0.0,2,0 days 00:40:13
5,2,6,False,6,0.61,2,0.27,11,0.12,1,0.0,3,0.0,2,0 days 01:00:53
5,2,2,True,2,0.68,3,0.29,11,0.03,1,0.0,4,0.0,1,0 days 00:43:58
5,2,4,False,4,0.54,0,0.46,2,0.0,1,0.0,3,0.0,3,0 days 00:58:50
5,3,2,False,2,0.89,6,0.08,3,0.03,1,0.0,0,0.0,3,0 days 00:03:20
5,3,2,False,2,0.5290176212676214,3,0.1724568209568209,7,0.1517567155067155,6,0.1467688422688422,0,0.0,2,0 days 00:30:00
5,11,2,False,2,0.8316666666666667,6,0.14833333333333334,0,0.02,1,0.0,3,0.0,12,0 days 00:41:13
5,3,11,False,11,0.6,6,0.22,7,0.15,13,0.02,3,0.01,5,0 days 00:16:25
5,2,2,True,2,0.9066666666666666,6,0.09,3,0.003333333333333333,1,0.0,0,0.0,1,0 days 00:27:14
5,2,2,True,2,0.68,1,0.27,3,0.05,0,0.0,4,0.0,1,0 days 01:01:38
5,2,2,True,2,0.83,6,0.17,1,0.0,0,0.0,3,0.0,1,0 days 01:13:25
5,2,3,False,3,0.74,2,0.25,7,0.01,1,0.0,0,0.0,2,0 days 00:24:00
5,2,6,False,6,0.73,13,0.13,3,0.07795238095238095,2,0.062047619047619046,0,0.0,4,0 days 00:26:59
5,2,2,True,2,0.81,3,0.17,0,0.02,1,0.0,4,0.0,1,0 days 01:49:11
5,11,2,False,2,0.48,3,0.46333333333333326,0,0.04,6,0.01,8,0.006666666666666666,12,0 days 00:03:28
5,2,2,True,2,1.0,0,0.0,1,0.0,3,0.0,4,0.0,1,0 days 00:29:29
5,2,3,False,3,0.6733333333333333,8,0.31,10,0.016666666666666666,0,0.0,4,0.0,8,0 days 00:22:00
5,2,6,False,6,0.64,2,0.26,3,0.06,13,0.04,0,0.0,2,0 days 00:32:56
5,13,2,False,2,1.0,0,0.0,1,0.0,3,0.0,4,0.0,14,0 days 00:30:32
5,13,3,False,3,0.81,13,0.07802380952380952,7,0.07485714285714286,2,0.037119047619047614,0,0.0,2,0 days 00:09:53
5,3,3,True,3,0.7,2,0.29,0,0.01,1,0.0,4,0.0,1,0 days 01:57:32
5,13,3,False,3,0.8763333333333334,2,0.06199999999999999,6,0.06166666666666667,1,0.0,0,0.0,14,0 days 00:10:03
5,2,0,False,0,0.9275,2,0.0725,1,0.0,3,0.0,4,0.0,2,0 days 00:58:40
5,13,3,False,3,0.9288333333333333,2,0.07116666666666667,1,0.0,0,0.0,4,0.0,14,0 days 00:09:44
6,2,2,True,2,0.95,7,0.05,1,0.0,0,0.0,3,0.0,1,0 days 01:04:37
6,2,3,False,3,0.64,1,0.18,0,0.16,6,0.02,2,0.0,5,0 days 00:16:45
6,1,3,False,3,0.7225,13,0.26,2,0.01,7,0.0075,0,0.0,8,0 days 00:16:08
6,0,2,False,2,0.77,5,0.19,0,0.021666666666666664,4,0.018333333333333333,3,0.0,3,0 days 00:51:11
6,0,12,False,12,0.59,2,0.38,3,0.03,1,0.0,4,0.0,8,0 days 00:18:23
6,0,3,False,3,0.843,12,0.07533333333333334,9,0.06166666666666667,7,0.015,8,0.005,8,0 days 00:09:57
6,4,4,True,4,0.67,0,0.26,3,0.06333333333333334,6,0.006666666666666666,2,0.0,1,0 days 00:48:32
6,0,2,False,2,0.82,0,0.18,1,0.0,3,0.0,4,0.0,2,0 days 00:41:49
6,4,2,False,2,0.62,0,0.34,4,0.04,1,0.0,3,0.0,3,0 days 00:58:50
6,0,2,False,2,0.7750000000000001,0,0.225,1,0.0,3,0.0,4,0.0,2,0 days 00:58:38
6,2,3,False,3,0.4981071428571427,2,0.4726309523809525,5,0.014761904761904763,1,0.007916666666666666,10,0.006583333333333333,2,0 days 00:40:02
6,2,0,False,0,0.71,6,0.26,3,0.03,1,0.0,2,0.0,5,0 days 00:34:02
6,5,0,False,0,0.56,2,0.37,1,0.07,3,0.0,4,0.0,6,0 days 01:07:19
6,2,2,True,2,0.9,6,0.1,1,0.0,0,0.0,3,0.0,1,0 days 00:39:16
6,2,1,False,1,0.67,2,0.255,0,0.07,4,0.005,3,0.0,2,0 days 00:59:32
6,2,13,False,13,0.4756666666666667,2,0.4743333333333333,6,0.04,7,0.01,3,0.0,2,0 days 00:33:44
6,2,11,False,11,0.61,2,0.24,3,0.15,1,0.0,4,0.0,2,0 days 00:50:08
6,2,2,True,2,0.9,3,0.1,1,0.0,0,0.0,4,0.0,1,0 days 01:01:13
6,2,10,False,10,0.63,8,0.34,2,0.02,3,0.01,4,0.0,3,0 days 00:10:39
6,6,2,False,2,0.7366666666666666,3,0.23,6,0.03333333333333333,1,0.0,0,0.0,3,0 days 00:25:42
6,6,2,False,2,0.66,3,0.34,1,0.0,0,0.0,4,0.0,7,0 days 00:40:06
6,7,2,False,2,0.57,3,0.23,4,0.16,0,0.04,1,0.0,8,0 days 00:48:39
6,2,2,True,2,0.765,6,0.2,3,0.035,1,0.0,0,0.0,1,0 days 00:17:00
6,2,7,False,7,0.4546666666666666,3,0.39533333333333337,6,0.15,0,0.0,2,0.0,5,0 days 00:17:49
6,2,3,False,3,0.74,12,0.0909047619047619,2,0.0870952380952381,7,0.08199999999999999,0,0.0,3,0 days 00:18:51
6,7,6,False,6,0.7,2,0.18666666666666668,3,0.07333333333333333,10,0.04,0,0.0,9,0 days 00:25:52
6,6,2,False,2,0.995,3,0.005,1,0.0,0,0.0,4,0.0,7,0 days 00:29:53
6,6,2,False,2,0.6266666666666666,3,0.23,6,0.1433333333333333,1,0.0,0,0.0,3,0 days 00:36:54
6,8,6,False,6,0.3642857142857144,2,0.3246904761904762,3,0.30119047619047606,8,0.005333333333333333,12,0.0045000000000000005,4,0 days 00:20:01
6,6,2,False,2,0.63,3,0.33,0,0.02,6,0.02,1,0.0,4,0 days 00:26:33
6,7,1,False,1,0.6,6,0.28,2,0.12,0,0.0,3,0.0,8,0 days 01:11:09
6,2,2,True,2,0.86,3,0.13,7,0.01,1,0.0,0,0.0,1,0 days 00:35:01
6,2,2,True,2,0.678274614274614,7,0.1215725108225108,6,0.10277009102009098,8,0.09738278388278385,3,0.0,1,0 days 00:15:01
6,2,3,False,3,0.4950079365079364,2,0.25511111111111107,10,0.24988095238095231,1,0.0,4,0.0,2,0 days 00:09:08
6,6,3,False,3,0.8487956210456208,2,0.151204378954379,1,0.0,0,0.0,4,0.0,7,0 days 00:10:01
6,6,2,False,2,0.5066666666666666,3,0.49333333333333335,1,0.0,0,0.0,4,0.0,7,0 days 00:40:04
6,6,6,True,6,0.5201666666666666,2,0.4298333333333334,0,0.05,1,0.0,3,0.0,1,0 days 00:40:29
6,2,2,True,2,0.6175,10,0.21,6,0.14,3,0.0325,0,0.0,1,0 days 00:25:55
6,2,3,False,3,0.5851666666666666,2,0.4148333333333334,1,0.0,0,0.0,4,0.0,2,0 days 00:09:40
6,2,2,True,2,0.617,3,0.26,6,0.11,7,0.013000000000000001,0,0.0,1,0 days 00:18:37
6,2,3,False,3,0.39475,2,0.2947619047619047,11,0.28048809523809515,0,0.03,4,0.0,2,0 days 00:27:33
6,6,1,False,1,0.69,6,0.15700000000000003,3,0.15299999999999997,0,0.0,2,0.0,2,0 days 00:01:27
6,6,8,False,8,0.7888333333333333,2,0.17116666666666666,6,0.04,1,0.0,3,0.0,3,0 days 00:18:05
6,7,2,False,2,0.6983809523809523,6,0.24,3,0.06161904761904762,1,0.0,0,0.0,8,0 days 00:24:05
6,8,2,False,2,0.6135289155289152,3,0.18968434343434334,4,0.1884213564213564,6,0.0035576923076923077,8,0.003269230769230769,5,0 days 00:14:59
6,6,6,True,6,0.5533333333333333,10,0.4149999999999999,3,0.03166666666666666,1,0.0,2,0.0,1,0 days 00:15:15
6,8,7,False,7,0.33915476190476185,2,0.3383095238095237,12,0.2925357142857142,3,0.03,0,0.0,10,0 days 00:18:56
6,6,0,False,0,0.48,6,0.4131666666666666,2,0.09683333333333334,7,0.01,3,0.0,2,0 days 00:32:11
6,6,3,False,3,0.7083333333333335,2,0.1475,6,0.1425,1,0.0016666666666666666,0,0.0,3,0 days 00:01:12
6,6,3,False,3,0.6233333333333334,2,0.37,9,0.006666666666666666,1,0.0,4,0.0,7,0 days 00:04:09
6,6,6,True,6,0.4511666666666667,13,0.41883333333333334,9,0.1,3,0.019,2,0.011000000000000001,1,0 days 00:12:22
6,6,12,False,12,0.61,2,0.35666666666666663,6,0.03333333333333333,1,0.0,3,0.0,3,0 days 00:26:22
6,8,6,False,6,0.67,3,0.13645238095238096,12,0.10895238095238095,2,0.08459523809523808,0,0.0,10,0 days 00:11:04
6,6,8,False,8,0.5531666666666666,2,0.4268333333333334,6,0.02,1,0.0,3,0.0,3,0 days 00:18:04
6,6,3,False,3,0.98,8,0.01,9,0.01,0,0.0,4,0.0,10,0 days 00:06:40
6,6,7,False,7,0.64,6,0.31,2,0.05,0,0.0,3,0.0,2,0 days 01:12:25
6,6,6,True,6,0.7,8,0.25333333333333335,2,0.04666666666666666,1,0.0,3,0.0,1,0 days 00:18:07
6,8,3,False,3,0.88,8,0.06,2,0.04,1,0.02,4,0.0,2,0 days 00:14:17
6,6,3,False,3,0.8294999999999999,2,0.15116666666666667,6,0.019333333333333334,1,0.0,0,0.0,3,0 days 00:02:23
6,2,3,False,3,0.99,8,0.01,1,0.0,0,0.0,4,0.0,8,0 days 00:10:23
6,2,2,True,2,0.83,0,0.13,1,0.04,3,0.0,4,0.0,1,0 days 01:07:14
6,2,2,True,2,0.7851666666666668,7,0.1948333333333333,6,0.01,0,0.01,3,0.0,1,0 days 01:24:10
6,2,2,True,2,0.93,3,0.06999999999999999,1,0.0,0,0.0,4,0.0,1,0 days 00:17:15
6,3,2,False,2,0.6135289155289152,3,0.18968434343434334,4,0.1884213564213564,6,0.0035576923076923077,8,0.003269230769230769,2,0 days 00:15:00
6,9,3,False,3,0.5600238095238095,9,0.37997619047619047,2,0.06,1,0.0,4,0.0,2,0 days 00:09:58
6,3,5,False,5,0.66,3,0.34,1,0.0,0,0.0,2,0.0,2,0 days 00:04:56
6,3,3,True,3,1.0,0,0.0,1,0.0,2,0.0,4,0.0,1,0 days 00:08:58
6,2,2,True,2,0.98,5,0.02,1,0.0,0,0.0,3,0.0,1,0 days 00:50:44
6,3,3,True,3,0.7443333333333335,2,0.2556666666666667,1,0.0,0,0.0,4,0.0,1,0 days 00:09:25
6,3,3,True,3,1.0,0,0.0,1,0.0,2,0.0,4,0.0,1,0 days 00:08:52
6,3,3,True,3,0.8140000000000001,6,0.10408333333333333,2,0.08191666666666667,1,0.0,0,0.0,1,0 days 00:08:48
6,2,7,False,7,0.47,3,0.35,2,0.14833333333333334,6,0.03166666666666666,0,0.0,3,0 days 00:52:25
6,1,3,False,3,0.72,0,0.14,6,0.09,2,0.05,1,0.0,5,0 days 00:52:02
6,3,13,False,13,0.6,2,0.29,3,0.11,1,0.0,4,0.0,3,0 days 00:11:43
6,3,3,True,3,0.8425238095238095,6,0.13747619047619047,0,0.02,1,0.0,2,0.0,1,0 days 00:17:37
6,3,2,False,2,0.5206893939393937,6,0.16677627927627925,7,0.1630795593295593,3,0.14945476745476743,0,0.0,4,0 days 00:30:00
6,2,2,True,2,0.94,0,0.03,3,0.02,6,0.01,1,0.0,1,0 days 00:42:24
6,3,2,False,2,0.94,13,0.05,3,0.01,1,0.0,4,0.0,3,0 days 00:31:08
6,2,2,True,2,0.7348333333333333,6,0.20516666666666666,7,0.05,3,0.01,0,0.0,1,0 days 00:52:38
6,3,3,True,3,0.67,9,0.16433333333333333,6,0.10600000000000001,11,0.035166666666666666,1,0.0245,1,0 days 00:02:32
6,3,2,False,2,1.0,0,0.0,1,0.0,3,0.0,4,0.0,4,0 days 00:43:08
6,3,13,False,13,0.81,3,0.19,1,0.0,0,0.0,4,0.0,2,0 days 00:11:27
6,3,3,True,3,0.9985714285714287,2,0.0014285714285714286,1,0.0,0,0.0,4,0.0,1,0 days 00:10:00
6,3,2,False,2,0.47,12,0.43,6,0.08,3,0.02,0,0.0,4,0 days 00:02:07
6,3,2,False,2,0.6833333333333335,12,0.15,3,0.14666666666666667,13,0.02,4,0.0,3,0 days 00:10:57
6,3,9,False,9,0.64,8,0.32,3,0.023,13,0.017,4,0.0,3,0 days 00:09:36
6,3,3,True,3,0.52,2,0.46666666666666673,12,0.008333333333333333,7,0.005,0,0.0,1,0 days 00:19:04
6,3,3,True,3,0.43883333333333335,5,0.4236666666666666,2,0.10133333333333332,8,0.036166666666666666,0,0.0,1,0 days 00:00:50
6,3,3,True,3,0.8487956210456208,2,0.151204378954379,1,0.0,0,0.0,4,0.0,1,0 days 00:10:01
6,3,3,True,3,0.716547619047619,6,0.2834523809523809,1,0.0,0,0.0,2,0.0,1,0 days 00:21:48
6,3,3,True,3,0.4950079365079364,2,0.25511111111111107,10,0.24988095238095231,1,0.0,4,0.0,1,0 days 00:09:09
6,3,3,True,3,0.47916666666666674,2,0.4558333333333332,13,0.065,1,0.0,4,0.0,1,0 days 00:10:11
6,3,3,True,3,0.94,6,0.06,1,0.0,0,0.0,2,0.0,1,0 days 00:18:47
6,3,2,False,2,0.8521909756909755,3,0.14780902430902423,1,0.0,0,0.0,4,0.0,2,0 days 00:45:01
6,3,3,True,3,0.9283333333333332,9,0.07166666666666667,1,0.0,0,0.0,4,0.0,1,0 days 00:04:19
6,5,0,False,0,0.71,6,0.26,5,0.03,1,0.0,3,0.0,3,0 days 00:34:07
6,10,9,False,9,0.58,3,0.34,2,0.07,13,0.01,4,0.0,11,0 days 00:07:50
6,2,2,True,2,0.7117380952380953,10,0.18,3,0.10826190476190475,1,0.0,4,0.0,1,0 days 00:01:02
6,2,2,True,2,0.7307539932547671,5,0.09639260881017846,11,0.09074584561465367,7,0.08210755232040064,3,0.0,1,0 days 00:45:00
6,2,2,True,2,0.3315432900432899,10,0.19334199134199131,3,0.17793398268398275,1,0.14919155844155843,5,0.14465584415584412,1,0 days 00:40:01
6,2,2,True,2,0.7128571428571427,6,0.28285714285714286,7,0.002857142857142857,3,0.0014285714285714286,0,0.0,1,0 days 00:30:01
6,9,9,True,9,0.59,2,0.27,3,0.14,1,0.0,4,0.0,1,0 days 00:05:39
6,3,3,True,3,0.92,2,0.08,1,0.0,0,0.0,4,0.0,1,0 days 00:05:31
6,3,3,True,3,0.8487956210456208,2,0.151204378954379,1,0.0,0,0.0,4,0.0,1,0 days 00:10:01
6,2,2,True,2,0.89,6,0.05,4,0.02,3,0.02,5,0.02,1,0 days 00:34:27
6,3,3,True,3,0.5787857142857142,10,0.3905000000000001,2,0.03071428571428571,1,0.0,4,0.0,1,0 days 00:00:57
6,2,6,False,6,0.61,2,0.22,1,0.17,0,0.0,3,0.0,2,0 days 00:48:16
6,3,2,False,2,1.0,0,0.0,1,0.0,3,0.0,4,0.0,4,0 days 00:25:04
6,3,2,False,2,0.77,1,0.23,0,0.0,3,0.0,4,0.0,4,0 days 00:37:47
6,3,2,False,2,0.93,5,0.07,1,0.0,0,0.0,3,0.0,5,0 days 00:50:34
6,3,3,True,3,0.99,13,0.01,1,0.0,0,0.0,4,0.0,1,0 days 00:10:05
6,2,2,True,2,0.8433333333333333,6,0.14,3,0.016666666666666666,1,0.0,0,0.0,1,0 days 00:24:32
6,2,2,True,2,0.74,6,0.19,1,0.07,0,0.0,3,0.0,1,0 days 01:05:52
6,2,3,False,3,0.8418333333333333,5,0.11816666666666668,2,0.03,10,0.01,0,0.0,3,0 days 00:01:47
6,2,1,False,1,0.4555,2,0.43450000000000005,3,0.11,0,0.0,4,0.0,2,0 days 01:00:02
6,3,3,True,3,0.45,1,0.43,2,0.09,6,0.03,0,0.0,1,0 days 00:25:17
6,3,3,True,3,0.6644761904761906,6,0.33552380952380956,1,0.0,0,0.0,2,0.0,1,0 days 00:01:30
6,3,3,True,3,0.8487956210456208,2,0.151204378954379,1,0.0,0,0.0,4,0.0,1,0 days 00:10:01
6,3,3,True,3,0.5494999999999999,12,0.3805000000000001,7,0.04666666666666666,6,0.02333333333333333,2,0.0,1,0 days 00:09:02
6,2,7,False,7,0.7183333333333334,2,0.22,5,0.06166666666666667,0,0.0,3,0.0,2,0 days 00:47:41
6,2,11,False,11,0.72,2,0.18,4,0.08,3,0.02,0,0.0,2,0 days 00:48:51
6,2,0,False,0,0.65,4,0.23,6,0.1,2,0.02,3,0.0,4,0 days 00:49:30
6,3,3,True,3,0.8,5,0.2,1,0.0,0,0.0,2,0.0,1,0 days 00:04:54
6,3,3,True,3,0.78,8,0.21,2,0.01,1,0.0,4,0.0,1,0 days 00:00:18
6,3,3,True,3,0.63,2,0.37,1,0.0,0,0.0,4,0.0,1,0 days 00:04:08
6,2,2,True,2,0.43,6,0.42,3,0.15,1,0.0,0,0.0,1,0 days 00:21:37
6,3,3,True,3,1.0,0,0.0,1,0.0,2,0.0,4,0.0,1,0 days 00:08:57
6,3,2,False,2,0.64,3,0.31,5,0.025,10,0.013333333333333332,11,0.006666666666666666,2,0 days 00:01:51
6,12,2,False,2,0.43333333333333324,3,0.41666666666666674,6,0.15,1,0.0,0,0.0,13,0 days 00:25:49
6,3,3,True,3,0.9283333333333332,9,0.07166666666666667,1,0.0,0,0.0,4,0.0,1,0 days 00:04:19
6,3,2,False,2,0.88,3,0.1067142857142857,6,0.013285714285714284,1,0.0,0,0.0,2,0 days 00:01:10
6,3,3,True,3,1.0,0,0.0,1,0.0,2,0.0,4,0.0,1,0 days 00:08:41
6,2,3,False,3,0.7671944444444442,0,0.2278055555555555,2,0.005,1,0.0,4,0.0,3,0 days 00:26:05
6,2,4,False,4,0.64,11,0.33,3,0.02,2,0.01,0,0.0,4,0 days 00:49:02
6,2,3,False,3,0.98,0,0.01,2,0.01,1,0.0,4,0.0,3,0 days 00:27:38
6,3,11,False,11,0.5088571428571428,3,0.4253095238095238,1,0.06583333333333334,0,0.0,4,0.0,2,0 days 00:01:17
6,3,3,True,3,0.62,6,0.19549999999999998,2,0.1745,8,0.01,0,0.0,1,0 days 00:08:13
6,5,3,False,3,0.543,6,0.43699999999999994,1,0.02,0,0.0,2,0.0,7,0 days 00:01:29
6,1,2,False,2,0.6516666666666666,11,0.15033333333333335,10,0.14966666666666664,3,0.03833333333333334,5,0.01,8,0 days 00:01:57
6,3,3,True,3,0.62,6,0.19549999999999998,2,0.1745,8,0.01,0,0.0,1,0 days 00:08:18
6,12,3,False,3,1.0,0,0.0,1,0.0,2,0.0,4,0.0,13,0 days 00:08:43
6,2,2,True,2,0.995,3,0.005,1,0.0,0,0.0,4,0.0,1,0 days 00:29:53
6,10,3,False,3,0.99,2,0.01,1,0.0,0,0.0,4,0.0,11,0 days 00:10:46
6,11,3,False,3,0.5875,2,0.39616666666666667,6,0.01633333333333333,1,0.0,0,0.0,12,0 days 00:02:14
6,2,2,True,2,0.97,0,0.03,1,0.0,3,0.0,4,0.0,1,0 days 01:16:42
6,11,3,False,3,0.7083333333333335,2,0.1475,6,0.1425,1,0.0016666666666666666,0,0.0,12,0 days 00:01:12
6,3,3,True,3,0.67,9,0.33,1,0.0,0,0.0,4,0.0,1,0 days 00:09:49
6,2,2,True,2,0.5841666666666666,7,0.27,3,0.13,6,0.01583333333333333,0,0.0,1,0 days 00:36:48
6,11,0,False,0,0.66,6,0.26,2,0.08,1,0.0,3,0.0,12,0 days 00:33:10
6,2,2,True,2,0.46,4,0.2796666666666666,0,0.26033333333333336,1,0.0,3,0.0,1,0 days 00:50:54
6,2,2,True,2,0.86,6,0.14,1,0.0,0,0.0,3,0.0,1,0 days 01:21:51
6,2,3,False,3,0.75,6,0.2,2,0.05,1,0.0,0,0.0,3,0 days 00:44:29
6,2,3,False,3,0.62,2,0.38,1,0.0,0,0.0,4,0.0,2,0 days 00:38:37
6,13,3,False,3,1.0,0,0.0,1,0.0,2,0.0,4,0.0,14,0 days 00:10:30
6,3,2,False,2,0.54,11,0.32,3,0.14,1,0.0,4,0.0,3,0 days 00:43:50
6,3,2,False,2,0.7120714285714286,13,0.26892857142857146,6,0.019,1,0.0,3,0.0,5,0 days 00:46:15
6,3,2,False,2,0.75,6,0.25,1,0.0,0,0.0,3,0.0,5,0 days 00:27:06
6,13,3,False,3,0.99,13,0.01,1,0.0,0,0.0,4,0.0,2,0 days 00:11:33
6,13,6,False,6,0.72,2,0.15000000000000002,3,0.13,1,0.0,0,0.0,14,0 days 00:25:50
6,2,3,False,3,0.62,2,0.26,1,0.11,8,0.01,4,0.0,2,0 days 00:14:21
6,2,3,False,3,0.5164761904761904,2,0.47352380952380946,13,0.01,1,0.0,4,0.0,2,0 days 00:09:33
6,2,6,False,6,0.65,3,0.25,0,0.09,2,0.01,1,0.0,4,0 days 00:16:49
6,2,3,False,3,0.64,2,0.21400000000000002,1,0.14600000000000002,0,0.0,4,0.0,2,0 days 00:43:44
6,1,3,False,3,0.94,13,0.05,0,0.01,1,0.0,4,0.0,4,0 days 00:15:42
6,2,2,True,2,0.7,3,0.3,1,0.0,0,0.0,4,0.0,1,0 days 00:35:43
6,2,12,False,12,0.62,3,0.21,9,0.1,10,0.05,2,0.02,5,0 days 00:12:32
6,2,2,True,2,0.965,7,0.035,1,0.0,0,0.0,3,0.0,1,0 days 00:35:00
6,2,2,True,2,0.65,3,0.35,1,0.0,0,0.0,4,0.0,1,0 days 00:44:38
6,2,3,False,3,0.92,11,0.04,4,0.03,5,0.01,2,0.0,5,0 days 00:50:12
6,2,2,True,2,0.9,3,0.09,6,0.01,1,0.0,0,0.0,1,0 days 00:44:10
6,2,2,True,2,0.585,3,0.245,6,0.17,1,0.0,0,0.0,1,0 days 00:03:18
6,13,2,False,2,0.6833333333333335,12,0.15,3,0.14666666666666667,13,0.02,4,0.0,4,0 days 00:10:57
6,2,0,False,0,0.66,6,0.26,2,0.08,1,0.0,3,0.0,3,0 days 00:33:12
7,0,3,False,3,0.7,6,0.27,1,0.02,13,0.01,2,0.0,8,0 days 00:15:22
7,4,2,False,2,0.6426691086691086,3,0.3573308913308913,1,0.0,0,0.0,4,0.0,5,0 days 00:15:00
7,4,0,False,0,0.83,2,0.13,3,0.04,1,0.0,4,0.0,5,0 days 00:42:03
7,1,2,False,2,0.3775180375180376,10,0.21681782106782102,5,0.20616305916305916,3,0.1995010822510822,0,0.0,8,0 days 00:40:01
7,2,2,True,2,0.75,3,0.24,6,0.01,1,0.0,0,0.0,1,0 days 00:44:38
7,0,3,False,3,0.59,2,0.4,7,0.01,1,0.0,0,0.0,5,0 days 01:04:08
7,0,2,False,2,0.61,6,0.35,3,0.03,5,0.01,0,0.0,5,0 days 00:34:02
7,0,2,False,2,0.68,3,0.2,6,0.12,1,0.0,0,0.0,5,0 days 00:26:38
7,0,2,False,2,0.86,3,0.1,1,0.04,0,0.0,4,0.0,4,0 days 00:16:47
7,4,11,False,11,0.64,2,0.305,4,0.035,0,0.02,3,0.0,3,0 days 00:59:01
7,2,6,False,6,0.74,2,0.26,1,0.0,0,0.0,3,0.0,2,0 days 01:09:00
7,2,8,False,8,0.68,2,0.2,0,0.08,11,0.04,4,0.0,2,0 days 01:08:15
7,2,3,False,3,0.6681666666666666,7,0.3018333333333333,2,0.03,1,0.0,0,0.0,3,0 days 00:25:39
7,2,2,True,2,0.9,5,0.06,0,0.04,1,0.0,3,0.0,1,0 days 01:07:09
7,2,2,True,2,0.51,0,0.46,4,0.018333333333333333,12,0.011666666666666665,3,0.0,1,0 days 00:17:18
7,6,8,False,8,0.73,3,0.25,6,0.01,2,0.01,0,0.0,3,0 days 00:14:05
7,6,3,False,3,0.68,11,0.16,0,0.12,2,0.04,4,0.0,7,0 days 00:49:19
7,7,2,False,2,0.98,3,0.01,7,0.01,1,0.0,0,0.0,3,0 days 01:04:19
7,7,4,False,4,0.63,2,0.37,1,0.0,0,0.0,3,0.0,8,0 days 00:44:54
7,2,3,False,3,0.59,2,0.4,7,0.01,1,0.0,0,0.0,2,0 days 01:04:08
7,6,2,False,2,0.9593333333333334,3,0.04066666666666666,1,0.0,0,0.0,4,0.0,7,0 days 00:27:10
7,6,2,False,2,0.86,3,0.1,1,0.04,0,0.0,4,0.0,7,0 days 00:16:49
7,6,2,False,2,0.7,3,0.26,6,0.04,1,0.0,0,0.0,3,0 days 00:37:22
7,6,3,False,3,0.6681666666666666,7,0.3018333333333333,2,0.03,1,0.0,0,0.0,8,0 days 00:25:39
7,8,2,False,2,0.95,0,0.05,1,0.0,3,0.0,4,0.0,9,0 days 00:41:38
7,2,2,True,2,0.44396428571428564,6,0.35,3,0.1960357142857143,5,0.005,10,0.005,1,0 days 00:40:03
7,2,2,True,2,0.6595383578839459,11,0.12418859326947557,7,0.115295504332269,5,0.10097754451430915,3,0.0,1,0 days 00:45:00
7,3,3,True,3,0.64,2,0.2235,6,0.08650000000000001,8,0.05,0,0.0,1,0 days 00:36:21
7,6,6,True,6,0.3447857142857142,8,0.32935714285714285,2,0.32585714285714296,1,0.0,3,0.0,1,0 days 00:18:03
7,7,2,False,2,0.4613333333333333,3,0.4186666666666667,6,0.12,1,0.0,0,0.0,8,0 days 00:17:49
7,6,2,False,2,0.76,12,0.13416666666666668,6,0.10583333333333332,1,0.0,3,0.0,3,0 days 00:26:24
7,6,2,False,2,0.7011904761904763,0,0.28,7,0.01880952380952381,1,0.0,3,0.0,8,0 days 01:27:30
7,6,2,False,2,0.89,4,0.09,5,0.015,6,0.005,3,0.0,4,0 days 00:40:44
7,3,2,False,2,0.8873333333333332,1,0.09,6,0.013999999999999999,3,0.008666666666666666,0,0.0,4,0 days 00:21:07
7,2,2,True,2,0.83,3,0.17,1,0.0,0,0.0,4,0.0,1,0 days 00:46:56
7,6,1,False,1,0.62,6,0.3,2,0.04621428571428572,3,0.03378571428571429,0,0.0,2,0 days 00:15:11
7,6,5,False,5,0.44652380952380955,6,0.3734761904761904,3,0.11,2,0.07,0,0.0,2,0 days 00:40:55
7,6,6,True,6,0.7,2,0.2,3,0.07,10,0.03,0,0.0,1,0 days 00:19:28
7,6,0,False,0,0.46,4,0.43,2,0.11,1,0.0,3,0.0,7,0 days 00:49:38
7,6,6,True,6,0.9,3,0.1,1,0.0,0,0.0,2,0.0,1,0 days 00:02:44
7,8,2,False,2,0.7689830980423082,7,0.12693524384971755,6,0.10408165810797385,0,0.0,3,0.0,9,0 days 00:15:01
7,6,2,False,2,0.57,3,0.37583333333333335,6,0.04416666666666666,5,0.01,0,0.0,3,0 days 00:39:54
7,6,1,False,1,0.5646666666666667,3,0.4353333333333333,0,0.0,2,0.0,4,0.0,7,0 days 00:06:54
7,6,3,False,3,0.98,6,0.02,1,0.0,0,0.0,2,0.0,2,0 days 00:17:39
7,8,6,False,6,0.7561666666666668,2,0.15433333333333332,8,0.08950000000000001,1,0.0,3,0.0,3,0 days 00:18:05
7,6,1,False,1,0.4067857142857143,11,0.3832142857142856,9,0.08766666666666666,6,0.08733333333333335,3,0.035,4,0 days 00:02:27
7,7,0,False,0,0.45,4,0.2811666666666666,12,0.24883333333333335,6,0.01,7,0.01,5,0 days 00:17:21
7,8,2,False,2,0.5179166666666667,6,0.43866666666666676,3,0.042166666666666665,7,0.00125,0,0.0,9,0 days 00:15:03
7,6,6,True,6,0.7545000000000001,3,0.09216666666666667,10,0.07733333333333334,2,0.07266666666666667,8,0.003333333333333333,1,0 days 00:01:25
7,6,3,False,3,0.6945,6,0.27,1,0.02,2,0.0155,0,0.0,2,0 days 00:15:19
7,8,2,False,2,0.5179166666666667,6,0.43866666666666676,3,0.042166666666666665,7,0.00125,0,0.0,9,0 days 00:15:03
7,2,0,False,0,0.45,4,0.2811666666666666,12,0.24883333333333335,6,0.01,7,0.01,8,0 days 00:17:21
7,2,2,True,2,0.99,6,0.01,1,0.0,0,0.0,3,0.0,1,0 days 00:29:28
7,2,1,False,1,0.63,4,0.18,2,0.16,3,0.03,0,0.0,3,0 days 01:00:00
7,2,3,False,3,0.5123650075414782,6,0.45430769230769225,13,0.025,2,0.008327300150829563,0,0.0,4,0 days 00:10:02
7,2,2,True,2,0.73,6,0.18,11,0.09,1,0.0,3,0.0,1,0 days 00:24:58
7,9,3,False,3,0.83,2,0.14,8,0.02,13,0.01,4,0.0,12,0 days 00:11:08
7,3,13,False,13,0.56,3,0.43,8,0.01,0,0.0,4,0.0,2,0 days 00:10:30
7,2,6,False,6,0.66,2,0.27,4,0.07,0,0.0,3,0.0,2,0 days 01:06:05
7,2,6,False,6,0.58,2,0.35,0,0.07,1,0.0,3,0.0,2,0 days 01:05:16
7,9,3,False,3,0.82,2,0.11,13,0.06999999999999999,1,0.0,4,0.0,12,0 days 00:11:52
7,2,2,True,2,0.9370015197221079,11,0.02563291283879519,5,0.02459943651120122,7,0.012766130927895634,3,0.0,1,0 days 00:44:57
7,2,10,False,10,0.62,3,0.3,2,0.07,13,0.01,4,0.0,3,0 days 00:10:50
7,3,13,False,13,0.64,3,0.22429761904761902,2,0.13570238095238094,1,0.0,4,0.0,2,0 days 00:27:41
7,3,3,True,3,0.64,2,0.28,6,0.08,1,0.0,0,0.0,1,0 days 00:39:44
7,3,2,False,2,0.62,7,0.17,6,0.12,3,0.09,0,0.0,4,0 days 00:19:51
7,2,2,True,2,0.63,6,0.37,1,0.0,0,0.0,3,0.0,1,0 days 00:30:01
7,2,2,True,2,0.75,7,0.21,3,0.04,1,0.0,0,0.0,1,0 days 00:31:57
7,2,2,True,2,0.94,6,0.06,1,0.0,0,0.0,3,0.0,1,0 days 00:29:11
7,2,3,False,3,0.62,13,0.2,2,0.1125,6,0.06749999999999999,0,0.0,3,0 days 00:28:09
7,3,2,False,2,0.86,3,0.1,1,0.02,6,0.02,0,0.0,2,0 days 00:16:50
7,3,7,False,7,0.68,3,0.15,12,0.15,6,0.02,2,0.0,2,0 days 00:09:15
7,10,6,False,6,0.85,3,0.11449999999999999,1,0.02,2,0.0155,0,0.0,11,0 days 00:15:15
7,3,12,False,12,0.63,8,0.14116666666666666,7,0.08883333333333333,3,0.07833333333333334,0,0.04166666666666667,4,0 days 00:09:56
7,3,3,True,3,1.0,0,0.0,1,0.0,2,0.0,4,0.0,1,0 days 00:10:00
7,3,6,False,6,0.9,3,0.1,1,0.0,0,0.0,2,0.0,2,0 days 00:02:44
7,10,2,False,2,0.8040952380952382,10,0.15016666666666667,3,0.04573809523809524,1,0.0,4,0.0,2,0 days 00:12:39
7,3,2,False,2,0.77,3,0.22,1,0.01,0,0.0,4,0.0,2,0 days 00:25:12
7,3,3,True,3,0.96,2,0.035,6,0.005,1,0.0,0,0.0,1,0 days 00:00:40
7,3,8,False,8,0.65,3,0.27,0,0.08,1,0.0,4,0.0,2,0 days 00:03:40
7,3,8,False,8,0.6,3,0.23538095238095239,2,0.14795238095238095,10,0.016666666666666666,4,0.0,2,0 days 00:22:02
7,3,3,True,3,0.6545833333333332,0,0.3054166666666666,2,0.03,6,0.01,1,0.0,1,0 days 00:26:04
7,2,2,True,2,0.99,1,0.01,0,0.0,3,0.0,4,0.0,1,0 days 01:10:23
7,3,7,False,7,0.68,3,0.15,12,0.15,6,0.02,2,0.0,2,0 days 00:09:15
7,1,6,False,6,0.6,2,0.22,3,0.18,1,0.0,0,0.0,4,0 days 01:03:40
7,1,6,False,6,0.62,3,0.21,9,0.14,1,0.03,2,0.0,4,0 days 00:07:17
7,3,9,False,9,0.59,3,0.4,10,0.01,0,0.0,4,0.0,2,0 days 00:04:44
7,2,6,False,6,0.55,7,0.26,2,0.18,3,0.01,0,0.0,3,0 days 00:52:32
7,3,2,False,2,0.4939761904761905,10,0.4010000000000001,3,0.10502380952380952,1,0.0,4,0.0,3,0 days 00:12:43
7,3,6,False,6,0.7765000000000001,3,0.21849999999999997,2,0.005,1,0.0,0,0.0,2,0 days 00:02:21
7,3,3,True,3,0.72,2,0.26,10,0.02,1,0.0,4,0.0,1,0 days 00:07:40
7,3,3,True,3,0.65,2,0.35,1,0.0,0,0.0,4,0.0,1,0 days 00:04:03
7,5,4,False,4,0.83,3,0.12,2,0.04,1,0.01,0,0.0,6,0 days 00:50:17
7,1,6,False,6,0.75,0,0.18,2,0.07,1,0.0,3,0.0,4,0 days 00:55:40
7,2,3,False,3,0.71,2,0.25,6,0.04,1,0.0,0,0.0,2,0 days 00:32:45
7,2,2,True,2,0.6476666666666668,6,0.3523333333333334,1,0.0,0,0.0,3,0.0,1,0 days 00:29:51
7,2,3,False,3,0.4222023809523809,2,0.24135714285714283,6,0.17720238095238097,11,0.15923809523809523,0,0.0,2,0 days 00:01:11
7,2,0,False,0,0.59,2,0.28,3,0.1,11,0.03,4,0.0,2,0 days 00:49:22
7,2,2,True,2,0.9633333333333333,5,0.03666666666666667,1,0.0,0,0.0,3,0.0,1,0 days 00:45:07
7,3,13,False,13,0.61,2,0.257,6,0.133,1,0.0,3,0.0,5,0 days 00:32:59
7,3,3,True,3,0.74,2,0.23333333333333336,12,0.015,7,0.011666666666666665,0,0.0,1,0 days 00:18:49
7,3,2,False,2,0.5375124320124319,6,0.44788092463092477,7,0.014606643356643358,0,0.0,3,0.0,5,0 days 00:15:02
7,3,2,False,2,0.89,4,0.09,5,0.015,6,0.005,3,0.0,5,0 days 00:40:44
7,2,2,True,2,0.3775180375180376,10,0.21681782106782102,5,0.20616305916305916,3,0.1995010822510822,0,0.0,1,0 days 00:40:01
7,3,3,True,3,0.95,8,0.05,1,0.0,0,0.0,4,0.0,1,0 days 00:00:16
7,3,3,True,3,0.96,2,0.03666666666666667,5,0.003333333333333333,1,0.0,0,0.0,1,0 days 00:02:04
7,3,9,False,9,0.49116666666666675,3,0.43883333333333335,1,0.07,0,0.0,4,0.0,2,0 days 00:06:01
7,2,2,True,2,0.6595383578839459,11,0.12418859326947557,7,0.115295504332269,5,0.10097754451430915,3,0.0,1,0 days 00:45:00
7,3,6,False,6,0.6,2,0.23,3,0.096,7,0.07400000000000001,0,0.0,3,0 days 00:19:46
7,3,3,True,3,0.8039999999999999,10,0.196,1,0.0,0,0.0,4,0.0,1,0 days 00:10:47
7,2,2,True,2,1.0,0,0.0,1,0.0,3,0.0,4,0.0,1,0 days 00:30:42
7,3,3,True,3,0.5123650075414782,6,0.45430769230769225,13,0.025,2,0.008327300150829563,0,0.0,1,0 days 00:10:02
7,2,2,True,2,0.5,3,0.4,6,0.053809523809523814,5,0.046190476190476185,0,0.0,1,0 days 00:40:58
7,3,3,True,3,1.0,0,0.0,1,0.0,2,0.0,4,0.0,1,0 days 00:10:05
7,2,7,False,7,0.59,3,0.29,2,0.1,4,0.02,0,0.0,3,0 days 00:48:42
7,3,3,True,3,0.7646666666666667,12,0.23533333333333334,1,0.0,0,0.0,4,0.0,1,0 days 00:08:42
7,2,1,False,1,0.88,7,0.06,2,0.04,6,0.02,3,0.0,3,0 days 01:10:52
7,3,3,True,3,0.59,2,0.34333333333333327,11,0.06666666666666667,1,0.0,4,0.0,1,0 days 00:50:10
7,2,1,False,1,0.48,3,0.38,6,0.08,2,0.06,0,0.0,4,0 days 00:48:08
7,2,2,True,2,0.5875,1,0.3,0,0.11,4,0.0025,3,0.0,1,0 days 00:59:29
7,3,6,False,6,0.3728333333333333,1,0.3214285714285714,2,0.29216666666666663,3,0.010238095238095237,11,0.003333333333333333,4,0 days 00:01:14
7,3,3,True,3,1.0,0,0.0,1,0.0,2,0.0,4,0.0,1,0 days 00:08:53
7,3,3,True,3,1.0,0,0.0,1,0.0,2,0.0,4,0.0,1,0 days 00:08:57
7,3,3,True,3,0.6373333333333333,8,0.35,2,0.012666666666666666,1,0.0,4,0.0,1,0 days 00:14:48
7,3,3,True,3,0.84,7,0.0875,6,0.0725,0,0.0,2,0.0,1,0 days 00:08:59
7,3,4,False,4,0.61,6,0.37,2,0.02,0,0.0,3,0.0,5,0 days 00:34:37
7,3,3,True,3,0.5585238095238095,2,0.44147619047619036,1,0.0,0,0.0,4,0.0,1,0 days 00:09:23
7,12,2,False,2,0.3620357142857143,13,0.3362023809523809,3,0.2917619047619047,12,0.01,4,0.0,4,0 days 00:10:56
7,3,6,False,6,0.43516666666666665,3,0.4248333333333333,8,0.09,12,0.03,2,0.01,2,0 days 00:01:07
7,3,3,True,3,0.93,2,0.07,1,0.0,0,0.0,4,0.0,1,0 days 00:04:32
7,3,6,False,6,0.725,3,0.17,2,0.1,11,0.005,0,0.0,2,0 days 00:13:29
7,3,1,False,1,0.66,3,0.17633333333333334,9,0.16366666666666668,0,0.0,4,0.0,2,0 days 00:06:03
7,2,6,False,6,0.7,3,0.26566666666666666,2,0.034333333333333334,1,0.0,0,0.0,3,0 days 00:23:55
7,12,3,False,3,0.52,6,0.43,2,0.05,1,0.0,0,0.0,13,0 days 00:02:08
7,3,3,True,3,0.82,2,0.11,13,0.06999999999999999,1,0.0,4,0.0,1,0 days 00:11:52
7,3,2,False,2,0.3448809523809524,1,0.3287380952380952,5,0.29638095238095236,6,0.02,3,0.006,5,0 days 00:01:19
7,2,3,False,3,0.9833333333333333,9,0.016666666666666666,1,0.0,0,0.0,4,0.0,8,0 days 00:05:50
7,3,3,True,3,0.929,9,0.06,2,0.011000000000000001,1,0.0,4,0.0,1,0 days 00:09:48
7,12,2,False,2,0.94,7,0.032499999999999994,3,0.027500000000000004,1,0.0,0,0.0,13,0 days 00:19:55
7,5,2,False,2,0.43,5,0.3028571428571428,6,0.2571428571428571,3,0.01,0,0.0,2,0 days 00:40:52
7,5,2,False,2,0.5542142857142857,4,0.4432857142857143,6,0.0025,0,0.0,3,0.0,7,0 days 00:46:28
7,3,3,True,3,0.6,6,0.295,2,0.1,11,0.005,0,0.0,1,0 days 00:13:31
7,2,7,False,7,0.84,3,0.08114285714285714,2,0.07885714285714285,1,0.0,0,0.0,3,0 days 00:35:24
7,2,2,True,2,0.6066666666666667,6,0.3,3,0.09333333333333334,1,0.0,0,0.0,1,0 days 00:31:32
7,2,2,True,2,0.53,11,0.32,3,0.15,1,0.0,4,0.0,1,0 days 00:43:56
7,3,3,True,3,0.99,7,0.01,1,0.0,0,0.0,2,0.0,1,0 days 00:09:18
7,2,3,False,3,0.63,2,0.36,1,0.01,0,0.0,4,0.0,2,0 days 00:56:58
7,2,2,True,2,0.99,6,0.01,1,0.0,0,0.0,3,0.0,1,0 days 01:09:59
7,13,3,False,3,0.6,6,0.295,2,0.1,11,0.005,0,0.0,14,0 days 00:13:31
7,2,6,False,6,0.62,3,0.23,9,0.14,1,0.01,2,0.0,5,0 days 00:07:18
7,2,3,False,3,0.6026666666666667,6,0.33,7,0.04733333333333333,2,0.02,0,0.0,4,0 days 00:25:41
7,2,2,True,2,0.68,3,0.3,5,0.02,1,0.0,0,0.0,1,0 days 00:45:40
7,2,2,True,2,0.79,4,0.21,1,0.0,0,0.0,3,0.0,1,0 days 00:58:01
7,11,2,False,2,0.86,6,0.1,3,0.04,1,0.0,0,0.0,12,0 days 01:00:36
7,13,2,False,2,0.62,7,0.17,6,0.12,3,0.09,0,0.0,14,0 days 00:19:51
7,11,3,False,3,0.86,10,0.12,6,0.02,1,0.0,2,0.0,12,0 days 00:19:42
7,2,2,True,2,0.99,6,0.01,1,0.0,0,0.0,3,0.0,1,0 days 00:56:18
7,2,1,False,1,0.59,2,0.33,3,0.08,0,0.0,4,0.0,2,0 days 00:14:27
7,2,3,False,3,0.45,2,0.41,6,0.14,1,0.0,0,0.0,2,0 days 00:53:19
7,2,2,True,2,0.73,3,0.24,6,0.03,1,0.0,0,0.0,1,0 days 00:02:54
7,2,7,False,7,0.4252380952380952,2,0.3947619047619048,0,0.18,1,0.0,3,0.0,2,0 days 01:25:16
7,2,3,False,3,0.49338095238095236,7,0.47661904761904766,2,0.02,13,0.01,0,0.0,3,0 days 00:16:14
7,2,2,True,2,0.91,6,0.07,4,0.01,5,0.01,3,0.0,1,0 days 00:34:26
7,2,0,False,0,0.47,2,0.4,1,0.12,7,0.01,3,0.0,2,0 days 00:47:31
7,2,7,False,7,0.73,6,0.22933333333333333,2,0.030666666666666665,0,0.01,3,0.0,3,0 days 00:32:28
7,2,3,False,3,0.97,6,0.03,1,0.0,0,0.0,2,0.0,5,0 days 00:33:56
7,2,4,False,4,0.69,6,0.1336904761904762,0,0.1163095238095238,2,0.06,3,0.0,4,0 days 01:02:29
7,2,3,False,3,0.8490000000000001,10,0.151,1,0.0,0,0.0,4,0.0,8,0 days 00:22:11
7,2,2,True,2,0.6375,3,0.33,8,0.02,7,0.0125,0,0.0,1,0 days 00:20:08
7,13,6,False,6,0.82,2,0.09333333333333334,9,0.05,3,0.026666666666666665,12,0.01,14,0 days 00:12:21
7,2,6,False,6,0.8,2,0.2,1,0.0,0,0.0,3,0.0,2,0 days 01:09:20
7,2,3,False,3,0.68,2,0.2,6,0.12,1,0.0,0,0.0,2,0 days 00:03:19
8,2,2,True,2,0.65,5,0.21,3,0.14,1,0.0,0,0.0,1,0 days 00:45:15
8,2,2,True,2,0.64,6,0.36,1,0.0,0,0.0,3,0.0,1,0 days 01:21:48
8,0,6,False,6,0.65,2,0.22,11,0.13,1,0.0,3,0.0,8,0 days 00:33:08
8,4,2,False,2,0.633,3,0.36700000000000005,1,0.0,0,0.0,4,0.0,5,0 days 00:17:11
8,0,2,False,2,0.92,0,0.08,1,0.0,3,0.0,4,0.0,2,0 days 01:16:05
8,4,3,False,3,0.9116666666666666,9,0.08833333333333332,1,0.0,0,0.0,4,0.0,5,0 days 00:08:51
8,0,0,True,0,0.65,6,0.3,2,0.05,1,0.0,3,0.0,1,0 days 00:40:26
8,0,2,False,2,0.835,7,0.145,12,0.011666666666666665,4,0.008333333333333333,3,0.0,8,0 days 00:17:19
8,4,6,False,6,0.65,2,0.25,4,0.07,0,0.03,3,0.0,3,0 days 00:58:18
8,0,0,True,0,0.69,2,0.29,6,0.01,7,0.01,3,0.0,1,0 days 01:25:45
8,2,0,False,0,0.9,2,0.1,1,0.0,3,0.0,4,0.0,2,0 days 00:58:35
8,2,4,False,4,0.68,2,0.21,6,0.11,0,0.0,3,0.0,2,0 days 01:06:13
8,2,2,True,2,0.64,6,0.36,1,0.0,0,0.0,3,0.0,1,0 days 01:22:07
8,2,6,False,6,0.91,2,0.04,0,0.03,4,0.02,3,0.0,2,0 days 00:40:29
8,2,2,True,2,0.77,0,0.23,1,0.0,3,0.0,4,0.0,1,0 days 01:15:15
8,1,2,False,2,0.8734999999999999,4,0.1265,1,0.0,0,0.0,3,0.0,3,0 days 00:59:50
8,2,6,False,6,0.64,8,0.27,3,0.07,2,0.02,0,0.0,4,0 days 00:20:18
8,6,2,False,2,0.5159999999999999,3,0.47400000000000003,6,0.01,1,0.0,0,0.0,3,0 days 00:33:51
8,6,2,False,2,0.5966666666666667,3,0.40333333333333343,1,0.0,0,0.0,4,0.0,7,0 days 00:24:25
8,6,7,False,7,0.628,12,0.20149999999999998,4,0.1585,2,0.01,6,0.002,5,0 days 00:17:25
8,7,2,False,2,0.7116666666666666,3,0.24,6,0.04833333333333333,1,0.0,0,0.0,8,0 days 00:52:27
8,6,3,False,3,0.6512830225330226,2,0.1771155511155511,1,0.07623551448551447,10,0.05110298035298036,5,0.04426293151293152,7,0 days 00:40:00
8,6,8,False,8,0.61,6,0.33,7,0.06,0,0.0,3,0.0,2,0 days 01:11:51
8,6,2,False,2,0.64,13,0.26,3,0.1,1,0.0,4,0.0,7,0 days 00:32:56
8,5,0,False,0,0.65,6,0.18583333333333335,8,0.12416666666666666,2,0.04,3,0.0,7,0 days 00:33:28
8,6,2,False,2,0.81,3,0.18,13,0.01,1,0.0,4,0.0,7,0 days 00:32:51
8,7,2,False,2,0.7928571428571429,12,0.11452380952380954,8,0.09261904761904763,0,0.0,4,0.0,9,0 days 00:20:03
8,6,6,True,6,0.89,7,0.1,2,0.01,0,0.0,3,0.0,1,0 days 01:12:42
8,8,2,False,2,0.68,0,0.26,11,0.06,1,0.0,4,0.0,10,0 days 01:08:15
8,6,2,False,2,0.9,6,0.1,1,0.0,0,0.0,3,0.0,2,0 days 00:40:14
8,2,2,True,2,0.570198606948607,7,0.16733677433677432,6,0.13435520035520038,8,0.12810941835941836,3,0.0,1,0 days 00:15:01
8,6,3,False,3,0.3887023809523809,2,0.34336904761904763,13,0.2579285714285714,7,0.01,0,0.0,9,0 days 00:19:49
8,6,3,False,3,0.91,6,0.05,2,0.04,1,0.0,0,0.0,2,0 days 00:21:43
8,6,6,True,6,0.88,2,0.11,3,0.01,1,0.0,0,0.0,1,0 days 00:30:02
8,6,6,True,6,0.55,3,0.29,2,0.16,1,0.0,0,0.0,1,0 days 00:53:34
8,2,2,True,2,0.92,3,0.08,1,0.0,0,0.0,4,0.0,1,0 days 00:21:25
8,3,3,True,3,0.69,8,0.27,1,0.03,2,0.01,4,0.0,1,0 days 00:14:45
8,3,3,True,3,0.79,10,0.21,1,0.0,0,0.0,4,0.0,1,0 days 00:04:34
8,2,6,False,6,0.72,3,0.22,2,0.06,1,0.0,0,0.0,3,0 days 00:26:32
8,6,3,False,3,0.7976666666666666,13,0.15233333333333332,2,0.05,1,0.0,4,0.0,7,0 days 00:13:30
8,7,3,False,3,0.74,2,0.19,6,0.06,13,0.01,0,0.0,9,0 days 00:16:15
8,7,2,False,2,0.6983333333333335,7,0.22,3,0.08166666666666667,1,0.0,0,0.0,2,0 days 01:04:56
8,6,12,False,12,0.63,3,0.32,2,0.04,11,0.01,4,0.0,10,0 days 00:02:09
8,6,2,False,2,0.86,3,0.1,13,0.03,4,0.006666666666666666,5,0.003333333333333333,7,0 days 00:46:20
8,8,2,False,2,0.59,12,0.24,3,0.09,6,0.08,0,0.0,10,0 days 00:12:56
8,8,3,False,3,0.97,0,0.02,2,0.01,1,0.0,4,0.0,9,0 days 00:03:40
8,8,3,False,3,0.69,6,0.19,8,0.11,2,0.01,0,0.0,3,0 days 00:14:11
8,6,6,True,6,0.6406904761904761,3,0.3466428571428572,2,0.012666666666666666,1,0.0,0,0.0,1,0 days 00:01:31
8,6,2,False,2,1.0,0,0.0,1,0.0,3,0.0,4,0.0,7,0 days 00:02:58
8,6,2,False,2,0.5161666666666667,3,0.42383333333333334,1,0.06,0,0.0,4,0.0,7,0 days 00:43:28
8,6,3,False,3,0.79,8,0.2,6,0.01,1,0.0,2,0.0,3,0 days 00:08:26
8,6,2,False,2,0.98,6,0.02,1,0.0,0,0.0,3,0.0,2,0 days 00:52:52
8,2,6,False,6,0.87,2,0.1,4,0.03,0,0.0,3,0.0,2,0 days 01:09:43
8,2,2,True,2,0.570198606948607,7,0.16733677433677432,6,0.13435520035520038,8,0.12810941835941836,3,0.0,1,0 days 00:15:01
8,2,2,True,2,0.570198606948607,7,0.16733677433677432,6,0.13435520035520038,8,0.12810941835941836,3,0.0,1,0 days 00:15:01
8,2,2,True,2,0.371345238095238,3,0.32990476190476187,6,0.2954166666666667,8,0.003333333333333333,0,0.0,1,0 days 00:20:00
8,2,2,True,2,0.807,12,0.16,3,0.021333333333333333,6,0.011666666666666665,0,0.0,1,0 days 00:19:57
8,3,3,True,3,0.9,9,0.1,1,0.0,0,0.0,4,0.0,1,0 days 00:04:48
8,2,2,True,2,0.73,1,0.27,0,0.0,3,0.0,4,0.0,1,0 days 01:10:26
8,3,2,False,2,0.75,3,0.24,6,0.01,1,0.0,0,0.0,2,0 days 00:44:32
8,2,5,False,5,0.61,2,0.36,6,0.03,0,0.0,3,0.0,2,0 days 00:54:58
8,2,2,True,2,0.6812345709845709,3,0.3187654290154289,1,0.0,0,0.0,4,0.0,1,0 days 00:45:01
8,3,3,True,3,0.48596031746031726,2,0.2758531746031745,10,0.23818650793650786,1,0.0,4,0.0,1,0 days 00:09:09
8,3,2,False,2,0.65,3,0.35,1,0.0,0,0.0,4,0.0,2,0 days 00:09:24
8,2,7,False,7,0.58,3,0.29,11,0.05,8,0.04,0,0.03,7,0 days 00:17:57
8,3,2,False,2,0.67,3,0.32,8,0.01,1,0.0,4,0.0,2,0 days 00:00:00
8,2,2,True,2,0.76,3,0.23,13,0.01,1,0.0,4,0.0,1,0 days 00:32:50
8,10,6,False,6,0.69,3,0.15973809523809523,2,0.08026190476190477,12,0.07,0,0.0,11,0 days 00:12:49
8,1,3,False,3,0.6033333333333334,1,0.3233333333333333,9,0.07,6,0.003333333333333333,2,0.0,2,0 days 00:07:04
8,3,2,False,2,1.0,0,0.0,1,0.0,3,0.0,4,0.0,4,0 days 00:45:35
8,3,2,False,2,0.81,6,0.11,3,0.08,1,0.0,0,0.0,3,0 days 00:25:26
8,3,2,False,2,0.9416666666666668,3,0.04833333333333333,6,0.01,1,0.0,0,0.0,2,0 days 00:09:40
8,3,2,False,2,0.98,3,0.02,1,0.0,0,0.0,4,0.0,2,0 days 00:44:01
8,3,2,False,2,0.98,5,0.02,1,0.0,0,0.0,3,0.0,5,0 days 00:45:45
8,3,0,False,0,0.63,3,0.18085714285714286,9,0.16914285714285715,2,0.01,7,0.006666666666666666,2,0 days 00:09:57
8,3,6,False,6,0.48,8,0.43,2,0.06,3,0.03,0,0.0,4,0 days 00:20:16
8,3,3,True,3,0.62,2,0.19095238095238098,6,0.18904761904761902,1,0.0,0,0.0,1,0 days 00:36:25
8,3,2,False,2,0.56,3,0.44,1,0.0,0,0.0,4,0.0,2,0 days 00:10:07
8,3,2,False,2,0.96,3,0.04,1,0.0,0,0.0,4,0.0,2,0 days 00:05:21
8,3,3,True,3,0.6733333333333335,6,0.19,8,0.08516666666666665,2,0.044833333333333336,5,0.006666666666666666,1,0 days 00:00:48
8,3,11,False,11,0.67,6,0.23,0,0.09,4,0.01,3,0.0,5,0 days 00:42:11
8,3,3,True,3,0.6759166666666668,0,0.2740833333333333,6,0.03,2,0.02,1,0.0,1,0 days 00:26:04
8,3,6,False,6,0.61,3,0.23,2,0.16,1,0.0,0,0.0,2,0 days 00:21:40
8,3,3,True,3,0.69,2,0.31,1,0.0,0,0.0,4,0.0,1,0 days 00:54:15
8,1,6,False,6,0.5038333333333332,11,0.4103333333333333,9,0.06333333333333332,3,0.0225,2,0.0,7,0 days 00:02:27
8,2,6,False,6,0.7909166666666667,11,0.11408333333333333,3,0.085,2,0.01,0,0.0,4,0 days 00:01:13
8,2,2,True,2,0.64,13,0.26,3,0.1,1,0.0,4,0.0,1,0 days 00:32:55
8,2,6,False,6,0.5634999999999999,2,0.4265000000000001,3,0.01,1,0.0,0,0.0,2,0 days 00:00:42
8,2,0,False,0,0.68,2,0.31,1,0.01,3,0.0,4,0.0,2,0 days 00:59:20
8,2,2,True,2,0.5129166666666667,3,0.4582023809523809,10,0.013523809523809525,5,0.00869047619047619,1,0.006666666666666666,1,0 days 00:40:02
8,9,3,False,3,1.0,0,0.0,1,0.0,2,0.0,4,0.0,10,0 days 00:05:06
8,9,3,False,3,0.72,6,0.2,2,0.08,1,0.0,0,0.0,10,0 days 00:04:29
8,3,13,False,13,0.5039999999999999,3,0.49600000000000016,1,0.0,0,0.0,4,0.0,2,0 days 00:10:32
8,3,13,False,13,0.7758333333333333,3,0.15,2,0.03916666666666667,7,0.035,0,0.0,2,0 days 00:09:53
8,3,3,True,3,0.57,2,0.27,6,0.16,1,0.0,0,0.0,1,0 days 00:35:06
8,10,2,False,2,0.88,8,0.12,1,0.0,0,0.0,4,0.0,11,0 days 00:10:40
8,3,2,False,2,0.5833809523809523,3,0.3766190476190476,6,0.025,13,0.015,0,0.0,2,0 days 00:12:14
8,3,9,False,9,0.63,3,0.19,8,0.17,6,0.01,2,0.0,2,0 days 00:06:33
8,3,2,False,2,0.7143333333333333,6,0.2656666666666667,3,0.02,1,0.0,0,0.0,3,0 days 00:40:07
8,2,2,True,2,0.89,6,0.11,1,0.0,0,0.0,3,0.0,1,0 days 00:44:12
8,3,2,False,2,0.371345238095238,3,0.32990476190476187,6,0.2954166666666667,8,0.003333333333333333,0,0.0,2,0 days 00:19:59
8,2,3,False,3,0.4636666666666665,2,0.42484523809523816,8,0.06910714285714285,6,0.04238095238095237,0,0.0,2,0 days 00:15:04
8,3,3,True,3,0.69,10,0.29,11,0.01,2,0.01,4,0.0,1,0 days 00:19:36
8,3,6,False,6,0.61,3,0.23,2,0.16,1,0.0,0,0.0,2,0 days 00:21:40
8,3,2,False,2,0.9506666666666667,1,0.04933333333333333,0,0.0,3,0.0,4,0.0,4,0 days 01:00:06
8,3,3,True,3,1.0,0,0.0,1,0.0,2,0.0,4,0.0,1,0 days 00:09:22
8,3,3,True,3,1.0,0,0.0,1,0.0,2,0.0,4,0.0,1,0 days 00:08:57
8,3,3,True,3,1.0,0,0.0,1,0.0,2,0.0,4,0.0,1,0 days 00:10:05
8,3,10,False,10,0.41,5,0.2996666666666667,3,0.29033333333333333,1,0.0,2,0.0,3,0 days 00:01:43
8,3,3,True,3,0.8129523809523811,2,0.07354761904761903,10,0.058833333333333335,11,0.05466666666666667,4,0.0,1,0 days 00:09:10
8,3,2,False,2,0.8872597402597401,3,0.10107359307359307,13,0.011666666666666665,1,0.0,4,0.0,2,0 days 00:09:33
8,3,2,False,2,1.0,0,0.0,1,0.0,3,0.0,4,0.0,4,0 days 00:02:57
8,3,3,True,3,0.8121666666666668,5,0.18783333333333332,1,0.0,0,0.0,2,0.0,1,0 days 00:04:53
8,2,2,True,2,0.72,7,0.245,5,0.035,0,0.0,3,0.0,1,0 days 00:47:39
8,2,2,True,2,0.95,3,0.03,6,0.02,1,0.0,0,0.0,1,0 days 00:38:57
8,9,3,False,3,0.76,6,0.2,2,0.04,1,0.0,0,0.0,10,0 days 00:04:28
8,3,3,True,3,1.0,0,0.0,1,0.0,2,0.0,4,0.0,1,0 days 00:05:05
8,3,13,False,13,0.5039999999999999,3,0.49600000000000016,1,0.0,0,0.0,4,0.0,2,0 days 00:10:32
8,1,3,False,3,0.7,6,0.19,2,0.11,1,0.0,0,0.0,4,0 days 00:25:22
8,3,13,False,13,0.4613333333333332,3,0.3953333333333335,2,0.12333333333333332,8,0.02,4,0.0,2,0 days 00:09:34
8,3,3,True,3,0.84,8,0.11,2,0.04,9,0.01,4,0.0,1,0 days 00:06:22
8,2,2,True,2,0.68,3,0.25,10,0.06,8,0.01,4,0.0,1,0 days 00:20:41
8,3,8,False,8,0.71,3,0.29,1,0.0,0,0.0,4,0.0,2,0 days 00:00:21
8,3,3,True,3,0.92,12,0.07,6,0.01,1,0.0,2,0.0,1,0 days 00:00:39
8,2,3,False,3,0.94,1,0.03,6,0.02,2,0.01,0,0.0,4,0 days 00:25:14
8,2,2,True,2,0.97,3,0.02,5,0.01,1,0.0,0,0.0,1,0 days 00:45:29
8,2,2,True,2,0.81,3,0.19,1,0.0,0,0.0,4,0.0,1,0 days 00:46:56
8,2,2,True,2,0.6366666666666666,3,0.36333333333333345,1,0.0,0,0.0,4,0.0,1,0 days 00:24:26
8,2,7,False,7,0.6,2,0.38,3,0.02,1,0.0,0,0.0,2,0 days 00:34:58
8,12,2,False,2,0.5039999999999999,7,0.3960000000000001,8,0.09,3,0.01,0,0.0,13,0 days 00:18:55
8,11,6,False,6,0.6,11,0.34,2,0.06,1,0.0,3,0.0,2,0 days 00:13:36
8,2,6,False,6,0.89,7,0.1,2,0.01,0,0.0,3,0.0,3,0 days 01:12:46
8,2,6,False,6,0.5634999999999999,2,0.4265000000000001,3,0.01,1,0.0,0,0.0,2,0 days 00:00:42
8,2,3,False,3,0.67,12,0.16,6,0.14,13,0.03,2,0.0,5,0 days 00:25:48
8,2,2,True,2,0.98,6,0.02,1,0.0,0,0.0,3,0.0,1,0 days 01:19:31
8,11,3,False,3,0.5933333333333334,2,0.40666666666666673,1,0.0,0,0.0,4,0.0,12,0 days 00:43:52
8,2,6,False,6,0.67,13,0.23,3,0.05,7,0.03,2,0.02,5,0 days 00:16:18
8,3,3,True,3,0.49216666666666664,2,0.42533333333333334,13,0.0825,1,0.0,4,0.0,1,0 days 00:10:11
8,2,3,False,3,0.89,2,0.1,6,0.01,1,0.0,0,0.0,2,0 days 00:54:18
8,3,3,True,3,0.56,2,0.41,11,0.02,6,0.01,0,0.0,1,0 days 00:13:43
8,5,12,False,12,0.55,2,0.37,6,0.076,8,0.004,3,0.0,10,0 days 00:01:21
8,5,2,False,2,0.63,0,0.29533333333333334,4,0.07466666666666666,1,0.0,3,0.0,6,0 days 00:51:06
8,2,6,False,6,0.8775,2,0.12249999999999998,1,0.0,0,0.0,3,0.0,2,0 days 00:42:47
8,2,2,True,2,0.5053333333333333,3,0.4946666666666667,1,0.0,0,0.0,4,0.0,1,0 days 00:24:16
8,2,2,True,2,0.62,13,0.25,3,0.13,1,0.0,4,0.0,1,0 days 00:31:02
8,2,6,False,6,0.64,2,0.28,13,0.08,1,0.0,3,0.0,2,0 days 00:27:49
8,2,13,False,13,0.6,3,0.24,2,0.16,1,0.0,4,0.0,3,0 days 00:46:14
8,2,2,True,2,0.96,3,0.04,1,0.0,0,0.0,4,0.0,1,0 days 00:42:28
8,3,2,False,2,0.6430000000000001,3,0.357,1,0.0,0,0.0,4,0.0,2,0 days 00:17:12
8,12,3,False,3,0.65,0,0.17,7,0.095,8,0.07400000000000001,2,0.009000000000000001,14,0 days 00:09:56
8,3,1,False,1,0.62,3,0.35,13,0.03,0,0.0,4,0.0,2,0 days 00:15:49
8,3,3,True,3,0.7878333333333332,10,0.2071666666666667,2,0.005,1,0.0,4,0.0,1,0 days 00:10:47
8,13,2,False,2,0.8654999999999999,3,0.13449999999999998,1,0.0,0,0.0,4,0.0,14,0 days 00:29:43
8,2,2,True,2,0.94,3,0.04,5,0.02,1,0.0,0,0.0,1,0 days 00:45:27
8,2,2,True,2,0.68,0,0.26,11,0.06,1,0.0,4,0.0,1,0 days 01:08:24
8,2,2,True,2,0.97,6,0.02,3,0.01,1,0.0,0,0.0,1,0 days 00:30:13
8,2,2,True,2,0.95,6,0.05,1,0.0,0,0.0,3,0.0,1,0 days 00:39:26
8,2,2,True,2,0.76,6,0.23,3,0.01,1,0.0,0,0.0,1,0 days 00:37:10
8,2,2,True,2,0.93,3,0.07,1,0.0,0,0.0,4,0.0,1,0 days 00:38:26
8,2,3,False,3,0.62,2,0.3375,0,0.04,11,0.0025,4,0.0,2,0 days 00:27:23
8,2,3,False,3,0.8,10,0.18,2,0.02,1,0.0,4,0.0,3,0 days 00:03:57
8,2,3,False,3,0.86,2,0.13,7,0.01,1,0.0,0,0.0,2,0 days 00:31:51
8,2,2,True,2,0.62,3,0.17145238095238097,6,0.11149999999999999,9,0.09704761904761906,0,0.0,1,0 days 00:04:13
8,13,2,False,2,0.88,3,0.1,10,0.02,1,0.0,4,0.0,14,0 days 00:10:42
8,2,2,True,2,0.68,10,0.2,3,0.11,8,0.01,4,0.0,1,0 days 00:20:39
8,13,2,False,2,0.8783333333333334,3,0.11166666666666668,6,0.01,1,0.0,0,0.0,14,0 days 00:33:48
8,2,2,True,2,0.94,4,0.03,6,0.03,0,0.0,3,0.0,1,0 days 00:57:50
8,13,2,False,2,0.75,3,0.25,1,0.0,0,0.0,4,0.0,14,0 days 00:21:27
8,2,6,False,6,0.59,3,0.35,2,0.06,1,0.0,0,0.0,3,0 days 00:37:21
8,2,6,False,6,0.58,2,0.34,3,0.08,1,0.0,0,0.0,2,0 days 00:35:10
8,2,10,False,10,0.66,6,0.2941666666666667,8,0.04583333333333333,0,0.0,3,0.0,7,0 days 00:01:24
8,2,1,False,1,0.68,2,0.25,0,0.07,3,0.0,4,0.0,2,0 days 01:05:33
9,1,7,False,7,0.6,2,0.27,6,0.11,1,0.02,3,0.0,4,0 days 01:11:05
9,2,5,False,5,0.63,2,0.36,3,0.01,1,0.0,0,0.0,2,0 days 00:50:41
9,2,2,True,2,0.82,3,0.1,6,0.04,5,0.04,0,0.0,1,0 days 00:41:03
9,2,2,True,2,0.76,4,0.19,3,0.03,0,0.02,1,0.0,1,0 days 00:49:52
9,1,2,False,2,0.93,1,0.06,3,0.01,0,0.0,4,0.0,2,0 days 00:38:01
9,0,2,False,2,0.86,8,0.14,1,0.0,0,0.0,4,0.0,4,0 days 00:41:40
9,0,11,False,11,0.57,8,0.32666666666666666,6,0.09333333333333332,7,0.01,3,0.0,7,0 days 00:18:01
9,4,7,False,7,0.72,6,0.26,2,0.02,0,0.0,3,0.0,8,0 days 00:42:57
9,0,2,False,2,0.91,4,0.04,3,0.03,0,0.02,1,0.0,4,0 days 00:49:51
9,0,2,False,2,0.67,11,0.17,3,0.09416666666666666,8,0.06583333333333333,4,0.0,8,0 days 00:03:34
9,4,5,False,5,0.58,4,0.29,3,0.08,2,0.05,0,0.0,2,0 days 00:50:17
9,4,2,False,2,0.86,1,0.14,0,0.0,3,0.0,4,0.0,5,0 days 00:59:43
9,0,2,False,2,0.66,7,0.2231666666666667,6,0.11683333333333336,0,0.0,3,0.0,4,0 days 00:17:30
9,2,3,False,3,0.62,2,0.29583333333333334,11,0.08416666666666667,1,0.0,4,0.0,2,0 days 00:50:04
9,3,2,False,2,1.0,0,0.0,1,0.0,3,0.0,4,0.0,4,0 days 01:01:23
9,2,2,True,2,0.77,4,0.22333333333333333,6,0.006666666666666666,0,0.0,3,0.0,1,0 days 00:58:02
9,2,1,False,1,0.69,2,0.19416666666666668,3,0.11583333333333334,0,0.0,4,0.0,2,0 days 00:43:42
9,2,6,False,6,0.8394761904761906,2,0.14052380952380952,3,0.01,13,0.01,0,0.0,2,0 days 00:28:05
9,2,1,False,1,0.49,2,0.47,3,0.04,0,0.0,4,0.0,2,0 days 00:57:09
9,2,2,True,2,0.98,3,0.02,1,0.0,0,0.0,4,0.0,1,0 days 00:39:30
9,2,6,False,6,0.65,2,0.35,1,0.0,0,0.0,3,0.0,2,0 days 00:39:13
9,2,6,False,6,0.64,2,0.36,1,0.0,0,0.0,3,0.0,2,0 days 00:29:13
9,2,2,True,2,0.995,13,0.005,1,0.0,0,0.0,4,0.0,1,0 days 00:46:04
9,6,2,False,2,0.7838333333333333,0,0.19616666666666668,3,0.02,1,0.0,4,0.0,7,0 days 00:34:52
9,6,2,False,2,0.6005,1,0.37033333333333324,6,0.029166666666666664,0,0.0,3,0.0,3,0 days 00:01:33
9,7,7,True,7,0.67,2,0.33,1,0.0,0,0.0,3,0.0,1,0 days 00:47:44
9,6,3,False,3,0.5389285714285713,8,0.36566666666666664,2,0.06464285714285715,6,0.030761904761904758,0,0.0,4,0 days 00:20:01
9,6,2,False,2,0.61,7,0.22,3,0.16,6,0.01,0,0.0,4,0 days 00:36:34
9,6,1,False,1,0.62,2,0.34,6,0.04,0,0.0,3,0.0,3,0 days 01:03:31
9,6,2,False,2,0.8448333333333334,3,0.10516666666666667,7,0.05,1,0.0,0,0.0,8,0 days 01:05:07
9,2,3,False,3,0.5389285714285713,8,0.36566666666666664,2,0.06464285714285715,6,0.030761904761904758,0,0.0,3,0 days 00:20:01
9,2,6,False,6,0.5066666666666667,8,0.49333333333333323,2,0.0,0,0.0,3,0.0,3,0 days 00:18:04
9,6,13,False,13,0.3492738095238096,3,0.3335714285714285,2,0.31715476190476183,1,0.0,4,0.0,7,0 days 00:10:15
9,6,1,False,1,0.48,9,0.36,2,0.1,3,0.06,4,0.0,7,0 days 00:07:15
9,6,2,False,2,0.77,3,0.18,6,0.05,1,0.0,0,0.0,3,0 days 00:37:16
9,6,2,False,2,0.97,3,0.02,6,0.01,1,0.0,0,0.0,3,0 days 00:43:17
9,6,2,False,2,0.94,5,0.06,1,0.0,0,0.0,3,0.0,7,0 days 00:54:47
9,6,11,False,11,0.92,2,0.05,3,0.016666666666666666,13,0.013333333333333332,4,0.0,10,0 days 00:13:36
9,3,2,False,2,0.62,3,0.19,9,0.17,13,0.02,4,0.0,2,0 days 00:11:10
9,3,2,False,2,0.6371666666666667,3,0.35949999999999993,10,0.003333333333333333,1,0.0,4,0.0,2,0 days 00:22:16
9,2,2,True,2,0.9,6,0.08,3,0.02,1,0.0,0,0.0,1,0 days 00:53:07
9,2,0,False,0,0.86,2,0.12,7,0.02,1,0.0,3,0.0,2,0 days 01:26:11
9,3,2,False,2,0.5822147852147852,3,0.21330108780108778,4,0.20448412698412688,1,0.0,0,0.0,2,0 days 00:15:00
9,6,10,False,10,0.66,3,0.23651587301587307,2,0.10348412698412698,1,0.0,4,0.0,7,0 days 00:12:48
9,6,6,True,6,0.91,2,0.09,1,0.0,0,0.0,3,0.0,1,0 days 00:30:02
9,7,7,True,7,0.46,3,0.43,6,0.09,2,0.01,11,0.01,1,0 days 00:24:48
9,7,3,False,3,0.6746190476190478,2,0.28435714285714286,13,0.04102380952380952,1,0.0,4,0.0,9,0 days 00:19:53
9,6,6,True,6,0.4883333333333333,10,0.4683333333333334,3,0.04333333333333333,1,0.0,2,0.0,1,0 days 00:15:15
9,6,2,False,2,0.77,1,0.2,3,0.03,0,0.0,4,0.0,7,0 days 00:48:13
9,8,2,False,2,0.57,3,0.2491190476190476,5,0.1808809523809524,1,0.0,0,0.0,9,0 days 00:00:49
9,6,2,False,2,0.91,6,0.08,4,0.01,0,0.0,3,0.0,2,0 days 01:09:41
9,6,2,False,2,0.6,3,0.4,1,0.0,0,0.0,4,0.0,7,0 days 00:08:20
9,8,3,False,3,0.6033015873015872,9,0.24100000000000002,13,0.15569841269841272,0,0.0,4,0.0,12,0 days 00:09:35
9,8,2,False,2,0.7516666666666666,7,0.13166666666666665,8,0.05916666666666667,3,0.05583333333333333,6,0.0016666666666666666,3,0 days 00:20:02
9,6,2,False,2,0.98,3,0.02,1,0.0,0,0.0,4,0.0,7,0 days 00:39:31
9,6,3,False,3,0.8683809523809524,6,0.11911904761904765,2,0.0125,1,0.0,0,0.0,2,0 days 00:02:21
9,8,3,False,3,0.6188888888888888,8,0.21,2,0.11105555555555556,4,0.06005555555555556,0,0.0,2,0 days 00:14:53
9,6,2,False,2,0.636,0,0.17,7,0.16399999999999998,6,0.03,3,0.0,4,0 days 00:32:16
9,7,2,False,2,1.0,0,0.0,1,0.0,3,0.0,4,0.0,8,0 days 00:18:32
9,2,6,False,6,0.7431666666666666,2,0.23183333333333334,3,0.025,1,0.0,0,0.0,2,0 days 00:02:17
9,2,2,True,2,0.9358333333333333,13,0.05416666666666666,3,0.01,1,0.0,4,0.0,1,0 days 00:12:00
9,2,13,False,13,0.4833333333333332,7,0.4708333333333334,3,0.04583333333333333,1,0.0,2,0.0,5,0 days 00:09:54
9,2,3,False,3,0.59,2,0.41,1,0.0,0,0.0,4,0.0,2,0 days 00:25:02
9,9,3,False,3,0.66,10,0.19,2,0.15,1,0.0,4,0.0,11,0 days 00:07:51
9,3,3,True,3,0.75,1,0.19,0,0.04,6,0.01,10,0.01,1,0 days 00:15:39
9,3,2,False,2,0.4398333333333333,10,0.43016666666666675,13,0.08,3,0.05,4,0.0,4,0 days 00:10:51
9,2,6,False,6,0.5996666666666668,2,0.4003333333333333,1,0.0,0,0.0,3,0.0,2,0 days 01:09:15
9,2,2,True,2,0.62,3,0.31,0,0.07,1,0.0,4,0.0,1,0 days 00:47:18
9,3,2,False,2,0.67,3,0.32,13,0.01,1,0.0,4,0.0,2,0 days 00:27:38
9,2,2,True,2,0.82,5,0.18,1,0.0,0,0.0,3,0.0,1,0 days 00:55:02
9,2,2,True,2,0.73,6,0.27,1,0.0,0,0.0,3,0.0,1,0 days 00:55:56
9,2,2,True,2,0.687891273844834,5,0.11527989451209254,11,0.10577449141845423,7,0.09105434022461881,3,0.0,1,0 days 00:45:00
9,3,3,True,3,1.0,0,0.0,1,0.0,2,0.0,4,0.0,1,0 days 00:10:00
9,2,2,True,2,0.715,3,0.225,1,0.06,0,0.0,4,0.0,1,0 days 00:21:09
9,1,2,False,2,0.47666666666666674,3,0.4033333333333332,6,0.12,1,0.0,0,0.0,4,0 days 00:43:30
9,3,3,True,3,1.0,0,0.0,1,0.0,2,0.0,4,0.0,1,0 days 00:09:21
9,3,2,False,2,0.5733333333333334,3,0.4,13,0.02666666666666667,1,0.0,4,0.0,2,0 days 00:20:48
9,2,2,True,2,0.7516666666666666,7,0.13166666666666665,8,0.05916666666666667,3,0.05583333333333333,6,0.0016666666666666666,1,0 days 00:20:02
9,3,2,False,2,0.67,6,0.205,12,0.07,13,0.04,7,0.015,7,0 days 00:25:48
9,3,2,False,2,0.81,6,0.1325,3,0.0575,1,0.0,0,0.0,3,0 days 00:21:34
9,3,3,True,3,0.9386666666666668,9,0.05133333333333333,2,0.01,1,0.0,4,0.0,1,0 days 00:05:56
9,2,2,True,2,0.64,13,0.3,6,0.03,3,0.03,0,0.0,1,0 days 00:28:15
9,3,3,True,3,0.6741666666666666,2,0.26583333333333337,6,0.06,1,0.0,0,0.0,1,0 days 00:22:35
9,10,3,False,3,1.0,0,0.0,1,0.0,2,0.0,4,0.0,11,0 days 00:04:35
9,3,2,False,2,0.5297857142857145,3,0.46021428571428563,10,0.01,1,0.0,4,0.0,2,0 days 00:01:01
9,3,3,True,3,1.0,0,0.0,1,0.0,2,0.0,4,0.0,1,0 days 00:10:00
9,3,3,True,3,0.9733333333333333,2,0.026666666666666665,1,0.0,0,0.0,4,0.0,1,0 days 00:00:56
9,3,3,True,3,0.47600000000000003,2,0.4040000000000001,11,0.065,10,0.035,1,0.02,1,0 days 00:01:59
9,3,9,False,9,0.58,8,0.32,6,0.06,3,0.025833333333333333,2,0.011666666666666665,4,0 days 00:11:06
9,2,2,True,2,0.98,3,0.02,1,0.0,0,0.0,4,0.0,1,0 days 00:38:53
9,3,3,True,3,0.8267142857142857,13,0.1532857142857143,8,0.02,0,0.0,4,0.0,1,0 days 00:10:29
9,3,3,True,3,0.48911904761904756,5,0.38588095238095244,2,0.125,1,0.0,0,0.0,1,0 days 00:00:50
9,3,2,False,2,1.0,0,0.0,1,0.0,3,0.0,4,0.0,4,0 days 00:38:36
9,3,3,True,3,0.97,2,0.03,1,0.0,0,0.0,4,0.0,1,0 days 00:02:04
9,3,4,False,4,0.64,6,0.24,2,0.11,11,0.01,3,0.0,5,0 days 00:49:11
9,3,3,True,3,0.898,6,0.06,11,0.03,2,0.012,0,0.0,1,0 days 00:02:12
9,3,3,True,3,0.86,2,0.13,0,0.01,1,0.0,4,0.0,1,0 days 00:47:11
9,3,2,False,2,0.97,6,0.03,1,0.0,0,0.0,3,0.0,5,0 days 00:42:33
9,3,3,True,3,0.77,8,0.22,2,0.01,1,0.0,4,0.0,1,0 days 00:02:50
9,3,3,True,3,0.5463333333333333,9,0.44366666666666665,6,0.01,1,0.0,2,0.0,1,0 days 00:04:25
9,3,2,False,2,0.95,1,0.05,0,0.0,3,0.0,4,0.0,4,0 days 00:43:38
9,1,0,False,0,0.67,2,0.3,3,0.03,1,0.0,4,0.0,4,0 days 00:47:24
9,2,2,True,2,0.7643078865578865,3,0.23569211344211333,1,0.0,0,0.0,4,0.0,1,0 days 00:45:01
9,10,3,False,3,0.9733333333333333,2,0.026666666666666665,1,0.0,0,0.0,4,0.0,11,0 days 00:00:56
9,2,2,True,2,0.687891273844834,5,0.11527989451209254,11,0.10577449141845423,7,0.09105434022461881,3,0.0,1,0 days 00:45:00
9,2,2,True,2,0.5297857142857145,3,0.46021428571428563,10,0.01,1,0.0,4,0.0,1,0 days 00:01:01
9,9,3,False,3,0.49033333333333345,9,0.41466666666666663,2,0.06,0,0.035,4,0.0,2,0 days 00:09:58
9,3,3,True,3,0.65,7,0.26,6,0.09,0,0.0,2,0.0,1,0 days 00:23:31
9,3,2,False,2,0.505796065046065,1,0.18047885447885437,5,0.17216366966366958,10,0.13956141081141074,3,0.002,5,0 days 00:40:01
9,3,6,False,6,0.5444047619047618,11,0.4255952380952381,2,0.03,1,0.0,3,0.0,5,0 days 00:01:12
9,2,6,False,6,0.5391904761904761,2,0.43080952380952375,12,0.03,1,0.0,3,0.0,2,0 days 00:26:26
9,2,3,False,3,0.38,2,0.33083333333333337,7,0.2891666666666666,1,0.0,0,0.0,2,0 days 00:34:57
9,3,3,True,3,0.88,2,0.12,1,0.0,0,0.0,4,0.0,1,0 days 00:19:08
9,3,2,False,2,0.57,3,0.31,12,0.07333333333333333,0,0.04666666666666666,4,0.0,2,0 days 00:18:18
9,2,3,False,3,0.56,6,0.33,2,0.11,1,0.0,0,0.0,3,0 days 00:27:06
9,3,6,False,6,0.7431666666666666,2,0.23183333333333334,3,0.025,1,0.0,0,0.0,3,0 days 00:02:17
9,2,3,False,3,0.72,6,0.14533333333333334,2,0.13466666666666668,1,0.0,0,0.0,3,0 days 00:40:08
9,3,8,False,8,0.63,12,0.14,10,0.12916666666666668,3,0.10083333333333334,4,0.0,4,0 days 00:13:04
9,3,9,False,9,0.58,1,0.27,2,0.1,3,0.05,4,0.0,4,0 days 00:07:14
9,5,3,False,3,0.3416547619047619,1,0.3413095238095238,2,0.28036904761904746,6,0.03,11,0.006666666666666666,7,0 days 00:01:19
9,3,3,True,3,0.58,2,0.21583333333333332,7,0.2041666666666667,1,0.0,0,0.0,1,0 days 00:20:05
9,3,3,True,3,0.92,8,0.08,1,0.0,0,0.0,4,0.0,1,0 days 00:00:17
9,3,7,False,7,0.59,2,0.37,6,0.02,3,0.01,13,0.01,4,0 days 00:16:15
9,3,3,True,3,0.5725000000000001,2,0.42749999999999994,1,0.0,0,0.0,4,0.0,1,0 days 00:09:42
9,2,7,False,7,0.69,2,0.26,6,0.05,0,0.0,3,0.0,2,0 days 00:32:02
9,2,2,True,2,0.4400011377511378,3,0.280615773115773,6,0.144263098013098,7,0.1351199911199911,0,0.0,1,0 days 00:29:59
9,3,2,False,2,0.65,0,0.25,6,0.09,1,0.01,3,0.0,5,0 days 00:55:22
9,3,3,True,3,0.98,6,0.01,12,0.01,1,0.0,2,0.0,1,0 days 00:08:40
9,3,2,False,2,0.8108333333333333,1,0.15666666666666665,6,0.0325,0,0.0,3,0.0,5,0 days 00:01:34
9,3,3,True,3,0.6198333333333332,6,0.3801666666666667,1,0.0,0,0.0,2,0.0,1,0 days 00:21:43
9,2,2,True,2,0.6509444444444443,6,0.31905555555555554,3,0.03,1,0.0,0,0.0,1,0 days 00:00:42
9,3,2,False,2,0.5448333333333334,6,0.4051666666666667,7,0.03916666666666666,3,0.010833333333333332,0,0.0,4,0 days 00:25:40
9,12,3,False,3,0.47,2,0.43,9,0.04,6,0.03,10,0.03,13,0 days 00:12:31
9,3,2,False,2,0.8666666666666667,7,0.11,6,0.023333333333333334,0,0.0,3,0.0,5,0 days 00:52:23
9,2,6,False,6,0.73,2,0.27,1,0.0,0,0.0,3,0.0,2,0 days 00:42:42
9,10,3,False,3,0.99,11,0.01,1,0.0,0,0.0,4,0.0,12,0 days 00:19:38
9,5,5,True,5,0.65,2,0.35,1,0.0,0,0.0,3,0.0,1,0 days 00:45:53
9,3,2,False,2,0.67,3,0.32,13,0.01,1,0.0,4,0.0,2,0 days 00:27:38
9,2,2,True,2,0.3509999999999999,10,0.3263333333333333,13,0.28933333333333333,12,0.03,3,0.003333333333333333,1,0 days 00:10:52
9,11,4,False,4,0.64,2,0.29,6,0.06,11,0.01,3,0.0,4,0 days 00:49:10
9,2,5,False,5,0.4672857142857142,4,0.4227142857142857,2,0.1,6,0.01,3,0.0,3,0 days 00:46:28
9,12,2,False,2,0.7516666666666666,7,0.13166666666666665,8,0.05916666666666667,3,0.05583333333333333,6,0.0016666666666666666,13,0 days 00:20:02
9,2,2,True,2,0.77,0,0.08583333333333334,11,0.08,5,0.06416666666666666,3,0.0,1,0 days 00:33:19
9,13,3,False,3,0.67,2,0.2,12,0.07333333333333333,0,0.04666666666666666,6,0.01,14,0 days 00:18:16
9,2,3,False,3,0.532,2,0.42800000000000005,13,0.020833333333333336,6,0.019166666666666665,0,0.0,2,0 days 00:12:16
9,2,2,True,2,0.9,6,0.1,1,0.0,0,0.0,3,0.0,1,0 days 00:56:22
9,2,3,False,3,0.6222619047619047,13,0.3277380952380951,11,0.03,6,0.02,2,0.0,5,0 days 00:13:33
9,2,8,False,8,0.63,12,0.24,10,0.08,3,0.034166666666666665,2,0.01583333333333333,5,0 days 00:12:57
9,3,6,False,6,0.64,3,0.2175,2,0.14250000000000002,1,0.0,0,0.0,2,0 days 00:02:23
9,2,2,True,2,0.71,6,0.27,1,0.02,0,0.0,3,0.0,1,0 days 01:05:52
9,3,7,False,7,0.6,2,0.33,3,0.05,6,0.02,0,0.0,3,0 days 00:36:38
9,13,7,False,7,0.68,6,0.15083333333333335,8,0.12916666666666665,2,0.02,5,0.01,14,0 days 00:33:37
9,11,2,False,2,0.5984761904761905,3,0.3715238095238094,0,0.03,1,0.0,4,0.0,12,0 days 00:27:33
9,2,3,False,3,0.48816666666666664,2,0.4018333333333334,7,0.11,1,0.0,0,0.0,2,0 days 00:24:02
9,2,7,False,7,0.38,8,0.308,6,0.272,0,0.02,5,0.01,6,0 days 00:33:33
9,2,1,False,1,0.5433333333333333,4,0.38,2,0.07666666666666666,0,0.0,3,0.0,3,0 days 00:59:54
9,2,13,False,13,0.66,2,0.3,6,0.03,3,0.01,0,0.0,2,0 days 00:21:31
9,2,2,True,2,0.67,6,0.26,3,0.07,1,0.0,0,0.0,1,0 days 00:31:31
9,2,1,False,1,0.54,2,0.35,3,0.1,8,0.01,4,0.0,2,0 days 00:14:25
9,2,2,True,2,0.97,3,0.02,6,0.01,1,0.0,0,0.0,1,0 days 01:45:02
9,2,2,True,2,0.9166666666666667,7,0.07,0,0.013333333333333332,1,0.0,3,0.0,1,0 days 01:04:23
9,5,7,False,7,0.67,2,0.33,1,0.0,0,0.0,3,0.0,7,0 days 00:47:44
9,2,6,False,6,0.65,2,0.33,3,0.02,1,0.0,0,0.0,2,0 days 00:39:11
9,2,2,True,2,0.89,3,0.09,4,0.015,5,0.005,0,0.0,1,0 days 00:46:49
9,2,2,True,2,0.86,13,0.13,3,0.01,1,0.0,4,0.0,1,0 days 00:30:25
9,2,2,True,2,0.728,4,0.2,7,0.07,5,0.002,3,0.0,1,0 days 00:44:50
9,2,2,True,2,0.75,3,0.25,1,0.0,0,0.0,4,0.0,1,0 days 02:21:01
9,13,3,False,3,0.69,1,0.19,0,0.1,6,0.01,10,0.01,14,0 days 00:15:35
9,2,2,True,2,0.96,7,0.03,3,0.01,1,0.0,0,0.0,1,0 days 00:47:36
9,2,3,False,3,0.83,9,0.17,1,0.0,0,0.0,4,0.0,8,0 days 00:05:35
9,2,2,True,2,0.77,6,0.23,1,0.0,0,0.0,3,0.0,1,0 days 00:56:13
9,13,2,False,2,0.94,6,0.05,3,0.01,1,0.0,0,0.0,14,0 days 00:26:52
10,0,0,True,0,0.63,6,0.2687380952380953,2,0.10126190476190476,1,0.0,3,0.0,1,0 days 00:40:26
10,0,11,False,11,0.63,2,0.18166666666666664,8,0.17833333333333334,0,0.01,4,0.0,4,0 days 01:08:02
10,2,2,True,2,0.91,4,0.06,6,0.03,0,0.0,3,0.0,1,0 days 01:09:59
10,1,1,True,1,0.65,3,0.23,2,0.056666666666666664,0,0.04,6,0.02333333333333333,1,0 days 00:16:38
10,0,4,False,4,0.4681666666666666,2,0.4018333333333334,0,0.13,1,0.0,3,0.0,3,0 days 00:58:49
10,0,6,False,6,0.65,4,0.24,2,0.08,0,0.03,3,0.0,4,0 days 00:49:39
10,4,0,False,0,0.71,2,0.28,5,0.01,1,0.0,3,0.0,6,0 days 00:51:00
10,4,4,True,4,0.4698809523809523,5,0.46011904761904776,3,0.05,2,0.02,0,0.0,1,0 days 00:50:16
10,4,2,False,2,0.94,4,0.034999999999999996,6,0.025,0,0.0,3,0.0,2,0 days 00:58:07
10,0,6,False,6,0.61,4,0.27,2,0.11,1,0.01,3,0.0,6,0 days 01:02:23
10,2,2,True,2,0.65,0,0.23,4,0.12,1,0.0,3,0.0,1,0 days 00:49:52
10,1,2,False,2,0.91,0,0.09,1,0.0,3,0.0,4,0.0,3,0 days 01:05:34
10,2,2,True,2,0.85,3,0.07583333333333334,6,0.05416666666666666,0,0.02,1,0.0,1,0 days 00:48:23
10,2,0,False,0,0.7,6,0.19,2,0.07,7,0.04,3,0.0,3,0 days 00:41:25
10,2,6,False,6,0.33710317460317446,3,0.3368373015873015,2,0.32605952380952374,1,0.0,0,0.0,3,0 days 00:20:00
10,2,2,True,2,0.99,13,0.01,1,0.0,0,0.0,4,0.0,1,0 days 00:29:35
10,2,6,False,6,0.64,2,0.35,1,0.01,0,0.0,3,0.0,2,0 days 00:56:01
10,2,1,False,1,0.61,2,0.36,3,0.03,0,0.0,4,0.0,2,0 days 00:37:55
10,2,1,False,1,0.62,2,0.36,6,0.02,0,0.0,3,0.0,2,0 days 00:57:17
10,2,3,False,3,0.86,2,0.06333333333333334,5,0.0385,6,0.0315,1,0.006666666666666666,2,0 days 00:01:51
10,6,3,False,3,0.7106767676767676,0,0.27932323232323225,2,0.01,1,0.0,4,0.0,7,0 days 00:26:02
10,6,3,False,3,0.8866666666666667,2,0.1,6,0.01,1,0.003333333333333333,0,0.0,3,0 days 00:25:28
10,6,2,False,2,0.9216666666666665,6,0.07833333333333332,1,0.0,0,0.0,3,0.0,2,0 days 01:09:03
10,2,3,False,3,0.7,6,0.22,7,0.06,2,0.02,0,0.0,4,0 days 00:23:04
10,6,3,False,3,0.8,2,0.18,6,0.02,1,0.0,0,0.0,3,0 days 00:54:31
10,6,6,True,6,0.64,2,0.36,1,0.0,0,0.0,3,0.0,1,0 days 00:56:02
10,6,6,True,6,0.63,3,0.24,2,0.11,0,0.01,4,0.01,1,0 days 00:34:42
10,6,2,False,2,0.95,6,0.04,7,0.01,0,0.0,3,0.0,2,0 days 00:42:46
10,6,2,False,2,0.95,3,0.03,6,0.02,1,0.0,0,0.0,3,0 days 00:42:42
10,7,3,False,3,0.96,12,0.04,1,0.0,0,0.0,4,0.0,9,0 days 00:09:15
10,2,2,True,2,0.99,13,0.01,1,0.0,0,0.0,4,0.0,1,0 days 00:30:41
10,6,2,False,2,0.7850191248809666,7,0.1108698107448107,8,0.10411106437422228,1,0.0,3,0.0,9,0 days 00:15:01
10,6,3,False,3,0.5246428571428571,2,0.47535714285714287,1,0.0,0,0.0,4,0.0,7,0 days 00:08:47
10,6,6,True,6,0.6208333333333335,3,0.36416666666666664,5,0.01,2,0.005,0,0.0,1,0 days 00:01:31
10,6,3,False,3,0.9203333333333333,2,0.04466666666666667,6,0.035,1,0.0,0,0.0,3,0 days 00:02:19
10,6,6,True,6,0.5039999999999999,3,0.4860000000000001,8,0.01,1,0.0,2,0.0,1,0 days 00:02:43
10,3,3,True,3,0.7738333333333333,5,0.12,6,0.10616666666666666,0,0.0,2,0.0,1,0 days 00:01:30
10,2,3,False,3,0.59,6,0.1385952380952381,2,0.1382142857142857,1,0.1331904761904762,0,0.0,3,0 days 00:01:34
10,3,13,False,13,0.66,3,0.22916666666666663,1,0.08,7,0.020833333333333336,2,0.01,2,0 days 00:16:11
10,6,2,False,2,0.9,3,0.1,1,0.0,0,0.0,4,0.0,7,0 days 00:31:28
10,7,11,False,11,0.66,7,0.17,6,0.12,2,0.05,3,0.0,2,0 days 00:24:52
10,7,2,False,2,0.63,6,0.24,7,0.11,0,0.02,3,0.0,3,0 days 00:32:28
10,8,3,False,3,0.95,10,0.03,2,0.02,1,0.0,4,0.0,10,0 days 00:20:28
10,7,2,False,2,0.96,0,0.04,1,0.0,3,0.0,4,0.0,8,0 days 01:24:59
10,6,6,True,6,0.6,3,0.26,2,0.14,1,0.0,0,0.0,1,0 days 00:18:41
10,6,3,False,3,0.5,12,0.48,11,0.02,0,0.0,4,0.0,10,0 days 00:09:13
10,7,6,False,6,0.91,8,0.08,2,0.01,1,0.0,3,0.0,9,0 days 01:12:16
10,6,2,False,2,0.9088333333333333,6,0.09116666666666667,1,0.0,0,0.0,3,0.0,2,0 days 00:28:25
10,8,6,False,6,0.89,2,0.094,10,0.016,1,0.0,3,0.0,10,0 days 00:01:23
10,6,2,False,2,0.8356666666666667,3,0.16433333333333333,1,0.0,0,0.0,4,0.0,7,0 days 00:02:16
10,8,8,True,8,0.63,3,0.27,2,0.07,10,0.03,4,0.0,1,0 days 00:10:37
10,6,2,False,2,0.5764999999999999,3,0.4235000000000001,1,0.0,0,0.0,4,0.0,7,0 days 00:02:17
10,6,3,False,3,0.8975,6,0.0875,2,0.015,1,0.0,0,0.0,2,0 days 00:02:20
10,8,2,False,2,0.6583333333333334,8,0.33,3,0.011666666666666665,1,0.0,4,0.0,2,0 days 00:03:05
10,2,3,False,3,0.61,2,0.35,12,0.03,6,0.01,0,0.0,2,0 days 00:26:18
10,2,2,True,2,1.0,0,0.0,1,0.0,3,0.0,4,0.0,1,0 days 01:06:52
10,2,2,True,2,0.6717580964786847,11,0.11936982298747002,7,0.10742400654900652,5,0.10144807398483864,3,0.0,1,0 days 00:45:00
10,9,3,False,3,0.63,6,0.21,1,0.11,2,0.05,0,0.0,10,0 days 00:07:13
10,2,2,True,2,1.0,0,0.0,1,0.0,3,0.0,4,0.0,1,0 days 00:45:19
10,3,3,True,3,0.6858333333333333,9,0.29750000000000004,2,0.013333333333333332,10,0.003333333333333333,4,0.0,1,0 days 00:09:06
10,3,2,False,2,0.82,6,0.18,1,0.0,0,0.0,3,0.0,5,0 days 00:37:20
10,3,2,False,2,0.83,0,0.17,1,0.0,3,0.0,4,0.0,4,0 days 00:41:31
10,3,3,True,3,0.6684999999999998,2,0.33149999999999985,1,0.0,0,0.0,4,0.0,1,0 days 00:08:55
10,3,3,True,3,0.9846666666666667,2,0.015333333333333332,1,0.0,0,0.0,4,0.0,1,0 days 00:08:53
10,3,3,True,3,1.0,0,0.0,1,0.0,2,0.0,4,0.0,1,0 days 00:09:20
10,3,2,False,2,0.8188333333333334,6,0.18116666666666667,1,0.0,0,0.0,3,0.0,5,0 days 00:28:08
10,2,3,False,3,0.64,0,0.24,6,0.08,1,0.04,2,0.0,5,0 days 00:55:22
10,3,3,True,3,0.65,2,0.25,10,0.07,9,0.03,4,0.0,1,0 days 00:07:43
10,3,2,False,2,0.63,1,0.19,6,0.17,3,0.01,0,0.0,4,0 days 00:43:29
10,3,1,False,1,0.695,3,0.19166666666666665,6,0.11333333333333333,0,0.0,2,0.0,2,0 days 00:07:05
10,3,2,False,2,0.7,8,0.15,3,0.13666666666666666,10,0.013333333333333332,4,0.0,3,0 days 00:22:00
10,3,11,False,11,0.57,3,0.425,2,0.005,1,0.0,4,0.0,2,0 days 00:09:11
10,3,13,False,13,0.64,3,0.35,2,0.01,1,0.0,4,0.0,2,0 days 00:11:16
10,2,3,False,3,0.95,13,0.028333333333333332,2,0.021666666666666664,1,0.0,4,0.0,3,0 days 00:09:43
10,3,3,True,3,0.6,2,0.38,1,0.02,0,0.0,4,0.0,1,0 days 00:38:14
10,3,3,True,3,0.99,9,0.01,1,0.0,0,0.0,4,0.0,1,0 days 00:09:48
10,3,6,False,6,0.5039999999999999,3,0.4960000000000001,1,0.0,0,0.0,2,0.0,2,0 days 00:02:39
10,10,2,False,2,0.63,6,0.34,3,0.03,1,0.0,0,0.0,11,0 days 00:19:22
10,3,2,False,2,1.0,0,0.0,1,0.0,3,0.0,4,0.0,4,0 days 00:45:18
10,5,2,False,2,0.97,6,0.03,1,0.0,0,0.0,3,0.0,7,0 days 00:55:00
10,3,2,False,2,0.5204285714285714,6,0.3912380952380953,13,0.07833333333333332,3,0.01,0,0.0,4,0 days 00:21:01
10,3,3,True,3,1.0,0,0.0,1,0.0,2,0.0,4,0.0,1,0 days 00:04:46
10,3,2,False,2,0.46416666666666656,7,0.39583333333333337,0,0.08,11,0.04,8,0.01,7,0 days 00:17:56
10,3,8,False,8,0.67,3,0.28833333333333333,6,0.04166666666666666,1,0.0,2,0.0,2,0 days 00:02:48
10,3,3,True,3,0.95,2,0.05,1,0.0,0,0.0,4,0.0,1,0 days 00:02:04
10,3,6,False,6,0.57,2,0.19331277056277052,10,0.06816378066378066,5,0.058354978354978354,1,0.05689430014430015,6,0 days 00:40:00
10,3,2,False,2,0.9472619047619046,3,0.03321428571428571,4,0.01952380952380952,1,0.0,0,0.0,2,0 days 00:17:05
10,1,3,False,3,0.3605476190476192,6,0.35273412698412693,1,0.2867182539682539,0,0.0,2,0.0,3,0 days 00:06:58
10,2,2,True,2,0.6717580964786847,11,0.11936982298747002,7,0.10742400654900652,5,0.10144807398483864,3,0.0,1,0 days 00:45:00
10,1,3,False,3,0.9499999999999998,9,0.05,1,0.0,0,0.0,4,0.0,3,0 days 00:06:04
10,2,2,True,2,0.346788961038961,3,0.33118828393828376,6,0.16135314685314683,7,0.16066960816960812,0,0.0,1,0 days 00:30:00
10,2,3,False,3,0.67,2,0.33,1,0.0,0,0.0,4,0.0,2,0 days 00:36:02
10,3,6,False,6,0.56,3,0.42,9,0.02,1,0.0,2,0.0,2,0 days 00:06:38
10,9,3,False,3,1.0,0,0.0,1,0.0,2,0.0,4,0.0,10,0 days 00:04:45
10,2,2,True,2,0.45696825396825397,3,0.3614960317460316,4,0.18153571428571424,1,0.0,0,0.0,1,0 days 00:15:00
10,3,2,False,2,0.73,3,0.22,9,0.05,1,0.0,4,0.0,2,0 days 00:05:34
10,2,3,False,3,0.894522366522366,6,0.10547763347763342,1,0.0,0,0.0,2,0.0,5,0 days 00:10:01
10,2,7,False,7,0.4301190476190475,3,0.4298809523809525,2,0.081,6,0.059000000000000004,0,0.0,3,0 days 00:25:37
10,2,0,False,0,0.56,7,0.2457857142857143,6,0.1442142857142857,2,0.05,3,0.0,4,0 days 00:17:29
10,2,2,True,2,0.81,0,0.18,7,0.01,1,0.0,3,0.0,1,0 days 00:17:17
10,3,2,False,2,0.8475,7,0.1125,6,0.04,0,0.0,3,0.0,5,0 days 00:34:56
10,3,2,False,2,0.52,6,0.46,0,0.02,1,0.0,3,0.0,5,0 days 00:26:34
10,3,3,True,3,0.975,4,0.025,1,0.0,0,0.0,2,0.0,1,0 days 00:08:52
10,3,2,False,2,0.7398333333333333,6,0.21,3,0.050166666666666665,1,0.0,0,0.0,3,0 days 00:23:57
10,2,2,True,2,1.0,0,0.0,1,0.0,3,0.0,4,0.0,1,0 days 01:20:04
10,3,2,False,2,0.89,3,0.07,1,0.03,0,0.01,4,0.0,2,0 days 00:47:16
10,3,2,False,2,0.5269563492063495,3,0.4730436507936506,1,0.0,0,0.0,4,0.0,2,0 days 00:09:32
10,2,3,False,3,0.6916666666666668,2,0.2783333333333333,6,0.03,1,0.0,0,0.0,2,0 days 00:24:18
10,3,3,True,3,0.87,8,0.09,9,0.03,2,0.01,4,0.0,1,0 days 00:06:22
10,3,2,False,2,0.6331666666666667,8,0.28,12,0.057,7,0.019833333333333335,3,0.01,5,0 days 00:18:59
10,3,12,False,12,0.65,2,0.22,9,0.05,6,0.045,10,0.02,12,0 days 00:12:30
10,2,3,False,3,0.4978333333333333,2,0.49216666666666664,6,0.01,1,0.0,0,0.0,2,0 days 00:22:18
10,3,3,True,3,0.8,10,0.16,12,0.0225,5,0.01,2,0.0075,1,0 days 00:01:41
10,3,2,False,2,0.62,3,0.33,8,0.05,1,0.0,4,0.0,2,0 days 00:10:23
10,3,2,False,2,0.89,1,0.06,8,0.05,0,0.0,4,0.0,8,0 days 00:14:22
10,10,2,False,2,0.9386666666666668,12,0.04,3,0.021333333333333333,1,0.0,4,0.0,11,0 days 00:01:03
10,3,2,False,2,0.99,1,0.01,0,0.0,3,0.0,4,0.0,4,0 days 00:56:58
10,2,2,True,2,0.86,3,0.14,1,0.0,0,0.0,4,0.0,1,0 days 00:25:07
10,2,3,False,3,0.7,2,0.2075,11,0.08,1,0.0125,4,0.0,2,0 days 00:43:48
10,3,6,False,6,0.62,3,0.22,7,0.14,13,0.02,2,0.0,2,0 days 00:16:30
10,3,3,True,3,0.5615000000000001,11,0.40308333333333335,1,0.035416666666666666,0,0.0,4,0.0,1,0 days 00:01:17
10,5,2,False,2,0.7591666666666668,3,0.22083333333333335,11,0.015,10,0.005,4,0.0,6,0 days 00:02:01
10,2,6,False,6,0.64,2,0.21883333333333332,3,0.14116666666666666,1,0.0,0,0.0,2,0 days 00:27:09
10,3,3,True,3,0.894522366522366,6,0.10547763347763342,1,0.0,0,0.0,2,0.0,1,0 days 00:10:01
10,3,5,False,5,0.5,3,0.31,10,0.18,2,0.01,0,0.0,2,0 days 00:01:44
10,3,3,True,3,0.975,4,0.025,1,0.0,0,0.0,2,0.0,1,0 days 00:08:52
10,3,2,False,2,0.7791666666666667,1,0.1708333333333333,3,0.03,11,0.02,4,0.0,3,0 days 00:43:44
10,3,2,False,2,0.89,3,0.0766017316017316,0,0.0333982683982684,1,0.0,4,0.0,2,0 days 00:26:08
10,12,4,False,4,0.68,7,0.2675,2,0.0425,6,0.01,3,0.0,13,0 days 00:17:23
10,3,9,False,9,0.58,10,0.33,2,0.06,3,0.03,4,0.0,4,0 days 00:07:52
10,5,2,False,2,1.0,0,0.0,1,0.0,3,0.0,4,0.0,6,0 days 00:45:17
10,12,8,False,8,0.55,2,0.20142857142857143,10,0.19,6,0.03,3,0.02857142857142857,13,0 days 00:12:53
10,3,3,True,3,0.6684999999999998,2,0.33149999999999985,1,0.0,0,0.0,4,0.0,1,0 days 00:08:55
10,2,2,True,2,0.9088333333333333,6,0.09116666666666667,1,0.0,0,0.0,3,0.0,1,0 days 00:28:12
10,2,2,True,2,0.8929761904761905,6,0.10702380952380952,1,0.0,0,0.0,3,0.0,1,0 days 00:00:43
10,2,3,False,3,0.59,2,0.4,0,0.01,1,0.0,4,0.0,2,0 days 00:42:31
10,2,6,False,6,0.69,7,0.17,0,0.14,1,0.0,3,0.0,6,0 days 00:32:16
10,2,3,False,3,0.8866666666666666,6,0.07,2,0.04333333333333334,1,0.0,0,0.0,3,0 days 00:22:31
10,2,6,False,6,0.6,7,0.25,0,0.11,2,0.03,11,0.01,4,0 days 00:41:20
10,2,2,True,2,0.86,3,0.14,1,0.0,0,0.0,4,0.0,1,0 days 00:54:01
10,13,3,False,3,0.6636666666666666,2,0.3363333333333333,1,0.0,0,0.0,4,0.0,14,0 days 00:10:12
10,2,3,False,3,0.5721666666666666,2,0.4278333333333334,1,0.0,0,0.0,4,0.0,2,0 days 00:09:40
10,2,2,True,2,0.856,6,0.11,3,0.034,1,0.0,0,0.0,1,0 days 00:27:16
10,2,6,False,6,0.595,2,0.405,1,0.0,0,0.0,3,0.0,2,0 days 00:52:58
10,11,4,False,4,0.755,2,0.245,1,0.0,0,0.0,3,0.0,12,0 days 00:59:04
10,3,2,False,2,0.8838239815739815,3,0.11617601842601841,1,0.0,0,0.0,4,0.0,2,0 days 00:45:01
10,10,3,False,3,0.9355555555555556,6,0.05,13,0.014444444444444444,1,0.0,2,0.0,11,0 days 00:13:15
10,2,2,True,2,0.7,3,0.2,1,0.1,0,0.0,4,0.0,1,0 days 01:01:33
10,2,2,True,2,0.78,1,0.2,6,0.02,0,0.0,3,0.0,1,0 days 00:57:06
10,2,2,True,2,0.885,3,0.115,1,0.0,0,0.0,4,0.0,1,0 days 00:35:33
10,11,7,False,7,0.68,3,0.19,13,0.1,6,0.03,2,0.0,13,0 days 00:16:23
10,2,3,False,3,0.73,6,0.27,1,0.0,0,0.0,2,0.0,5,0 days 00:04:31
10,2,0,False,0,0.82,2,0.18,1,0.0,3,0.0,4,0.0,2,0 days 00:41:51
10,13,3,False,3,0.4741666666666668,2,0.4358333333333333,6,0.06,13,0.03,0,0.0,4,0 days 00:10:14
10,2,2,True,2,0.61,3,0.31533333333333335,1,0.07466666666666667,0,0.0,4,0.0,1,0 days 00:25:24
10,2,2,True,2,0.6480238095238096,6,0.3219761904761904,7,0.03,0,0.0,3,0.0,1,0 days 00:52:43
10,2,6,False,6,0.6,2,0.29666666666666663,0,0.10333333333333333,1,0.0,3,0.0,2,0 days 00:34:53
10,2,8,False,8,0.59,3,0.27,6,0.12,2,0.02,0,0.0,4,0 days 00:36:15
10,2,2,True,2,0.94,6,0.06,1,0.0,0,0.0,3,0.0,1,0 days 00:37:08
10,2,2,True,2,0.885,3,0.115,1,0.0,0,0.0,4,0.0,1,0 days 00:35:33
10,2,2,True,2,0.52,3,0.48,1,0.0,0,0.0,4,0.0,1,0 days 00:35:40
10,2,6,False,6,0.61,2,0.39,1,0.0,0,0.0,3,0.0,2,0 days 00:29:05
10,2,6,False,6,0.75,2,0.24,3,0.01,1,0.0,0,0.0,2,0 days 00:40:14
10,2,5,False,5,0.4233333333333333,3,0.26716666666666666,6,0.2595,2,0.05,0,0.0,4,0 days 00:40:48
10,2,2,True,2,0.96,6,0.04,1,0.0,0,0.0,3,0.0,1,0 days 00:39:18
10,2,1,False,1,0.66,2,0.3,8,0.03,3,0.01,4,0.0,2,0 days 00:14:32
10,2,2,True,2,0.69,3,0.31,1,0.0,0,0.0,4,0.0,1,0 days 00:54:08
10,13,2,False,2,0.9088333333333333,6,0.09116666666666667,1,0.0,0,0.0,3,0.0,14,0 days 00:28:11
10,2,1,False,1,0.6,2,0.37,3,0.03,0,0.0,4,0.0,2,0 days 00:38:03
10,2,3,False,3,0.86,2,0.14,1,0.0,0,0.0,4,0.0,2,0 days 02:04:59
10,13,2,False,2,0.6735,3,0.2165,6,0.11,1,0.0,0,0.0,14,0 days 00:27:43
10,2,2,True,2,0.66,11,0.28,1,0.04,0,0.01,5,0.01,1,0 days 01:07:41
