fold,true_cluster,predicted_cluster,correct,top1_cluster,top1_confidence,top2_cluster,top2_confidence,top3_cluster,top3_confidence,top4_cluster,top4_confidence,top5_cluster,top5_confidence,true_rank,elapsed_time
1,0,1,False,1,0.87,7,0.11,8,0.02,2,0.0,3,0.0,8,0 days 01:10:18
1,0,2,False,2,0.58,8,0.21,6,0.0925,7,0.07749999999999999,1,0.03,8,0 days 00:56:05
1,1,2,False,2,0.62,0,0.28,1,0.06,3,0.02,7,0.02,3,0 days 01:33:16
1,1,2,False,2,0.67,6,0.16,0,0.11,5,0.04,1,0.02,5,0 days 00:51:41
1,0,2,False,2,0.76,0,0.2,4,0.04,1,0.0,3,0.0,2,0 days 01:16:49
1,1,8,False,8,0.35,0,0.29033333333333333,2,0.26966666666666667,4,0.05,6,0.02,6,0 days 00:51:46
1,1,1,True,1,0.7166666666666666,6,0.17,8,0.11333333333333333,2,0.0,3,0.0,1,0 days 00:49:33
1,1,2,False,2,0.74,4,0.24,7,0.02,0,0.0,3,0.0,6,0 days 01:16:54
1,0,2,False,2,0.87,1,0.11,7,0.02,0,0.0,3,0.0,4,0 days 01:08:09
1,1,1,True,1,0.4824285714285715,4,0.43757142857142844,2,0.08,0,0.0,3,0.0,1,0 days 00:16:42
1,1,2,False,2,0.69,4,0.23,0,0.08,1,0.0,3,0.0,4,0 days 01:41:53
1,1,2,False,2,0.68,3,0.15649999999999997,4,0.12350000000000001,1,0.04,0,0.0,4,0 days 00:17:25
1,2,1,False,1,0.56,2,0.26,7,0.13,4,0.05,3,0.0,2,0 days 00:53:52
1,3,8,False,8,0.67,3,0.19833333333333336,2,0.0675,1,0.06416666666666666,4,0.0,2,0 days 00:15:24
1,1,1,True,1,0.71,8,0.24,3,0.04,4,0.01,2,0.0,1,0 days 00:57:23
1,2,1,False,1,0.5006666666666666,4,0.45933333333333337,6,0.04,0,0.0,3,0.0,6,0 days 00:37:33
1,0,4,False,4,0.72,2,0.26,7,0.02,0,0.0,3,0.0,4,0 days 01:16:55
1,2,1,False,1,0.7725,4,0.1775,6,0.029166666666666664,2,0.02083333333333333,3,0.0,4,0 days 00:32:31
1,0,7,False,7,0.9558333333333334,2,0.034166666666666665,4,0.01,0,0.0,3,0.0,4,0 days 01:07:33
1,0,2,False,2,0.92,7,0.07,1,0.01,0,0.0,3,0.0,4,0 days 01:32:14
1,0,1,False,1,0.96,7,0.04,2,0.0,0,0.0,3,0.0,4,0 days 01:28:52
1,0,7,False,7,0.59,1,0.3383333333333334,8,0.07166666666666666,2,0.0,3,0.0,8,0 days 01:06:02
1,2,7,False,7,0.59,1,0.27,2,0.14,0,0.0,3,0.0,3,0 days 01:18:03
1,2,1,False,1,0.7,7,0.2,4,0.0925,2,0.0075,3,0.0,4,0 days 01:15:28
1,4,7,False,7,0.57,2,0.28,1,0.0735,3,0.06816666666666667,4,0.008333333333333333,5,0 days 00:37:36
1,7,1,False,1,0.83,2,0.15,7,0.01,8,0.01,3,0.0,3,0 days 01:08:55
1,7,2,False,2,0.67,1,0.29,0,0.04,3,0.0,4,0.0,8,0 days 01:37:32
1,1,4,False,4,0.62,3,0.2016666666666667,2,0.17833333333333332,1,0.0,0,0.0,4,0 days 00:47:30
1,1,6,False,6,0.708,4,0.17,1,0.09,7,0.032,3,0.0,3,0 days 00:56:19
1,1,2,False,2,0.502,3,0.42646245421245416,1,0.056024114774114765,4,0.015513431013431011,0,0.0,3,0 days 00:15:32
1,1,3,False,3,0.9087142857142857,8,0.09128571428571426,1,0.0,0,0.0,4,0.0,3,0 days 00:38:52
1,7,6,False,6,0.65,1,0.14666666666666667,3,0.11333333333333334,2,0.09,0,0.0,8,0 days 00:17:31
1,1,6,False,6,0.4938333333333334,7,0.4061666666666667,1,0.09,4,0.01,3,0.0,3,0 days 00:56:13
1,1,3,False,3,0.9226666666666667,8,0.07733333333333334,1,0.0,0,0.0,4,0.0,3,0 days 00:38:59
1,7,7,True,7,0.87,8,0.09,4,0.04,0,0.0,3,0.0,1,0 days 01:00:23
1,1,1,True,1,0.63,8,0.17238095238095238,7,0.14761904761904762,2,0.05,3,0.0,1,0 days 00:57:59
1,1,6,False,6,0.715,2,0.275,8,0.01,1,0.0,3,0.0,4,0 days 00:31:43
1,1,8,False,8,0.67,3,0.14400000000000002,0,0.13599999999999998,2,0.04,1,0.01,5,0 days 01:07:02
1,3,8,False,8,0.64,3,0.3200119047619047,2,0.015083333333333332,1,0.014214285714285714,4,0.01069047619047619,2,0 days 00:16:27
1,1,1,True,1,0.87,7,0.11,8,0.02,2,0.0,3,0.0,1,0 days 01:10:22
1,3,1,False,1,0.72,5,0.22,0,0.028333333333333332,8,0.024166666666666666,7,0.0075,6,0 days 00:45:07
1,2,6,False,6,0.66,1,0.29,2,0.04,3,0.01,0,0.0,3,0 days 00:25:34
1,2,6,False,6,0.86,1,0.12,2,0.02,0,0.0,3,0.0,3,0 days 00:29:03
1,2,1,False,1,0.65,7,0.34,6,0.01,0,0.0,3,0.0,6,0 days 01:18:56
1,1,2,False,2,0.98,1,0.01,7,0.01,0,0.0,3,0.0,2,0 days 00:06:01
1,7,2,False,2,0.4679999999999999,6,0.4320000000000001,3,0.09,7,0.01,0,0.0,4,0 days 00:07:06
1,7,8,False,8,0.75,3,0.19,6,0.04,2,0.02,0,0.0,9,0 days 00:07:46
1,3,4,False,4,0.48883333333333323,1,0.4078333333333334,2,0.08,6,0.02333333333333333,3,0.0,5,0 days 00:16:57
1,3,1,False,1,0.6533333333333333,3,0.29,6,0.05,4,0.006666666666666666,2,0.0,2,0 days 00:17:10
1,7,1,False,1,0.4824285714285715,4,0.43757142857142844,2,0.08,0,0.0,3,0.0,8,0 days 00:16:41
1,2,3,False,3,0.64,2,0.29,4,0.07,1,0.0,0,0.0,2,0 days 00:08:12
1,2,2,True,2,0.68,8,0.24,7,0.05,6,0.03,3,0.0,1,0 days 00:27:39
1,2,0,False,0,0.5,8,0.36,1,0.11,7,0.03,3,0.0,8,0 days 00:56:49
1,2,7,False,7,0.67,2,0.24816666666666662,1,0.08183333333333334,0,0.0,3,0.0,2,0 days 01:31:26
1,2,7,False,7,0.73,3,0.1433333333333333,2,0.12666666666666668,1,0.0,0,0.0,3,0 days 00:16:52
1,2,1,False,1,0.7759999999999999,2,0.11399999999999999,3,0.11,0,0.0,4,0.0,2,0 days 00:16:05
1,2,2,True,2,0.83,7,0.14,8,0.03,1,0.0,3,0.0,1,0 days 00:21:50
1,2,1,False,1,0.5449642857142858,3,0.22259126984126978,4,0.2224444444444444,2,0.01,0,0.0,4,0 days 00:15:17
1,3,3,True,3,0.76,2,0.21,6,0.02,4,0.01,0,0.0,1,0 days 00:22:34
1,3,6,False,6,0.4278571428571427,2,0.40214285714285714,5,0.1,3,0.05,1,0.02,4,0 days 00:32:40
1,2,4,False,4,0.6133333333333334,1,0.32,6,0.05,2,0.016666666666666666,3,0.0,4,0 days 00:01:42
1,2,2,True,2,0.3143968253968253,1,0.31069444444444444,6,0.2849087301587301,3,0.08,4,0.01,1,0 days 00:22:02
1,4,4,True,4,0.72,2,0.25,7,0.03,0,0.0,3,0.0,1,0 days 01:16:57
1,2,3,False,3,0.66,6,0.215,8,0.09,1,0.03,2,0.005,5,0 days 00:31:26
1,0,1,False,1,0.63,2,0.19,7,0.13,8,0.04,0,0.01,5,0 days 01:17:27
1,2,0,False,0,0.65,1,0.29,7,0.04,2,0.02,3,0.0,4,0 days 01:18:20
1,0,6,False,6,0.43678571428571417,2,0.4332142857142858,7,0.08,4,0.04,1,0.01,6,0 days 00:44:13
1,4,4,True,4,0.64,2,0.25,3,0.11,1,0.0,0,0.0,1,0 days 00:08:20
1,4,2,False,2,0.74,6,0.22,7,0.04,0,0.0,3,0.0,8,0 days 00:21:29
1,4,8,False,8,0.77,4,0.1475,1,0.0825,2,0.0,3,0.0,2,0 days 00:58:51
1,1,0,False,0,0.3353809523809524,8,0.3196190476190475,7,0.3049999999999999,5,0.04,3,0.0,8,0 days 00:45:00
1,7,8,False,8,0.67,2,0.15,0,0.095,3,0.07500000000000001,1,0.01,9,0 days 01:07:04
1,1,1,True,1,0.687285714285714,3,0.31021428571428555,4,0.0025,0,0.0,2,0.0,1,0 days 00:15:35
1,7,3,False,3,0.6,8,0.25,2,0.15,1,0.0,4,0.0,9,0 days 00:09:09
1,7,2,False,2,0.58,1,0.24,3,0.085,0,0.055,7,0.04,5,0 days 01:06:29
1,5,0,False,0,0.92,1,0.07,7,0.01,2,0.0,3,0.0,7,0 days 01:50:37
1,1,2,False,2,0.5149999999999999,3,0.485,1,0.0,0,0.0,4,0.0,3,0 days 00:19:00
1,1,0,False,0,0.5586666666666669,1,0.42133333333333334,7,0.02,2,0.0,3,0.0,2,0 days 01:23:41
1,7,1,False,1,0.62,7,0.26,0,0.12,2,0.0,3,0.0,2,0 days 01:23:13
1,1,2,False,2,0.57,1,0.31,5,0.06,3,0.03,4,0.03,2,0 days 00:33:23
1,7,1,False,1,0.69,2,0.248,3,0.06,4,0.002,0,0.0,8,0 days 00:26:17
1,4,3,False,3,0.9673333333333334,1,0.03266666666666666,0,0.0,2,0.0,4,0.0,5,0 days 00:15:46
1,4,3,False,3,0.27638095238095234,4,0.2612857142857143,1,0.23444841269841263,2,0.22788492063492058,0,0.0,2,0 days 00:15:48
1,4,8,False,8,0.7818333333333334,3,0.16816666666666663,1,0.04,4,0.01,2,0.0,4,0 days 00:57:21
1,2,1,False,1,0.71,2,0.19,7,0.08,8,0.02,3,0.0,2,0 days 01:06:13
1,3,1,False,1,0.687285714285714,3,0.31021428571428555,4,0.0025,0,0.0,2,0.0,2,0 days 00:15:35
1,1,2,False,2,0.69,1,0.18,6,0.09,7,0.02,4,0.01,2,0 days 00:38:06
1,7,1,False,1,0.57,6,0.29,3,0.105,7,0.03,4,0.005,4,0 days 00:22:43
1,3,1,False,1,0.85,4,0.15,2,0.0,0,0.0,3,0.0,5,0 days 00:55:42
1,1,2,False,2,0.67,4,0.21,6,0.05,1,0.05,3,0.02,4,0 days 00:48:23
1,3,6,False,6,0.58,0,0.28,7,0.07,2,0.06,3,0.01,5,0 days 00:34:02
1,2,7,False,7,0.99,2,0.01,1,0.0,0,0.0,3,0.0,2,0 days 01:09:10
1,2,3,False,3,0.64,1,0.3475,0,0.0125,2,0.0,4,0.0,4,0 days 00:23:32
1,3,3,True,3,0.7283214285714285,4,0.27025000000000005,1,0.0014285714285714286,0,0.0,2,0.0,1,0 days 00:15:43
1,2,2,True,2,0.4766666666666665,4,0.42333333333333334,6,0.1,0,0.0,3,0.0,1,0 days 00:01:36
1,7,1,False,1,0.66,3,0.26516666666666666,4,0.06483333333333333,2,0.01,0,0.0,8,0 days 00:17:22
1,2,8,False,8,0.71,6,0.22,2,0.07,1,0.0,3,0.0,3,0 days 00:03:22
1,2,2,True,2,0.5149999999999999,3,0.485,1,0.0,0,0.0,4,0.0,1,0 days 00:19:00
1,2,3,False,3,0.9875,7,0.01,2,0.0025,1,0.0,0,0.0,3,0 days 00:14:59
1,2,1,False,1,0.69,6,0.22,2,0.09,0,0.0,3,0.0,3,0 days 00:53:12
1,8,7,False,7,0.68,1,0.22,4,0.09,3,0.01,2,0.0,9,0 days 00:44:35
1,8,2,False,2,0.73,1,0.22,7,0.05,0,0.0,3,0.0,9,0 days 01:01:23
1,8,1,False,1,0.61,6,0.2,4,0.09733333333333334,2,0.08266666666666665,8,0.01,5,0 days 00:31:12
1,8,8,True,8,0.61,1,0.15883333333333333,3,0.11116666666666668,6,0.1,4,0.02,1,0 days 00:48:39
1,4,7,False,7,0.87,6,0.06433333333333333,1,0.0545,4,0.006666666666666666,8,0.0045000000000000005,4,0 days 00:42:31
1,3,2,False,2,0.64,3,0.25,8,0.11,1,0.0,4,0.0,2,0 days 00:14:36
1,4,7,False,7,0.45549999999999996,8,0.43449999999999994,2,0.1,1,0.01,3,0.0,6,0 days 00:59:24
1,8,7,False,7,0.71,2,0.29,1,0.0,0,0.0,3,0.0,9,0 days 01:07:38
1,2,2,True,2,0.5821666666666667,1,0.3778333333333333,7,0.03,0,0.01,3,0.0,1,0 days 01:30:55
1,3,2,False,2,0.8658333333333335,6,0.13416666666666666,1,0.0,0,0.0,3,0.0,5,0 days 00:40:04
1,8,7,False,7,0.71,2,0.29,1,0.0,0,0.0,3,0.0,9,0 days 01:07:39
1,3,1,False,1,0.56,3,0.31340476190476196,2,0.1265952380952381,0,0.0,4,0.0,2,0 days 00:15:28
1,3,6,False,6,0.73,3,0.19,2,0.08,1,0.0,0,0.0,2,0 days 00:07:18
1,4,0,False,0,0.61,7,0.18666666666666668,4,0.18333333333333332,1,0.01,2,0.01,3,0 days 01:02:13
1,3,8,False,8,0.88,0,0.06,2,0.035,4,0.025,3,0.0,5,0 days 00:45:56
1,3,1,False,1,0.6027341269841267,2,0.39726587301587285,0,0.0,3,0.0,4,0.0,4,0 days 00:15:52
1,5,2,False,2,0.65,0,0.32,5,0.02,1,0.01,3,0.0,3,0 days 01:38:02
1,3,6,False,6,0.7,4,0.19,7,0.09,0,0.02,3,0.0,5,0 days 01:14:37
1,7,1,False,1,0.35799444999444985,3,0.23686421911421895,4,0.20382692307692302,2,0.20131440781440776,0,0.0,8,0 days 00:16:25
1,3,3,True,3,0.27638095238095234,4,0.2612857142857143,1,0.23444841269841263,2,0.22788492063492058,0,0.0,1,0 days 00:15:48
1,7,7,True,7,0.63,1,0.3,0,0.07,2,0.0,3,0.0,1,0 days 01:46:10
1,1,4,False,4,0.7,2,0.2,0,0.07,7,0.03,3,0.0,6,0 days 01:02:39
1,7,2,False,2,0.4994761904761905,1,0.46402380952380945,4,0.0315,3,0.005,0,0.0,8,0 days 00:15:11
1,7,8,False,8,0.49266666666666653,7,0.4073333333333335,4,0.075,2,0.01,6,0.01,2,0 days 01:09:48
1,1,1,True,1,0.56,2,0.3457142857142857,3,0.09428571428571429,0,0.0,4,0.0,1,0 days 00:15:56
1,1,1,True,1,0.85,2,0.14,7,0.01,0,0.0,3,0.0,1,0 days 01:08:19
1,2,4,False,4,0.66,0,0.22,1,0.07,2,0.05,3,0.0,4,0 days 01:14:06
1,4,8,False,8,0.64,7,0.19,2,0.17,1,0.0,3,0.0,6,0 days 00:30:05
1,4,6,False,6,0.65,2,0.22,1,0.12,3,0.01,0,0.0,6,0 days 00:25:33
1,4,3,False,3,0.63,6,0.29,2,0.08,1,0.0,0,0.0,6,0 days 00:07:17
1,7,8,False,8,0.47,1,0.40666666666666673,3,0.08,7,0.04,0,0.003333333333333333,4,0 days 00:58:30
1,1,3,False,3,0.8575,2,0.1325,7,0.01,1,0.0,0,0.0,4,0 days 00:16:47
1,2,6,False,6,0.64,2,0.29,7,0.0375,3,0.0325,0,0.0,2,0 days 00:18:48
1,1,0,False,0,0.3353809523809524,8,0.3196190476190475,7,0.3049999999999999,5,0.04,3,0.0,8,0 days 00:45:00
1,8,1,False,1,0.8220833333333334,2,0.16791666666666663,7,0.01,0,0.0,3,0.0,9,0 days 01:22:17
1,3,2,False,2,0.502,3,0.42646245421245416,1,0.056024114774114765,4,0.015513431013431011,0,0.0,2,0 days 00:15:32
1,1,2,False,2,0.49183333333333334,1,0.47278571428571425,8,0.03538095238095238,0,0.0,4,0.0,2,0 days 00:16:14
1,7,1,False,1,0.79,8,0.2,4,0.01,2,0.0,3,0.0,9,0 days 00:55:34
1,2,4,False,4,0.58,1,0.32,7,0.1,0,0.0,3,0.0,6,0 days 00:54:06
1,3,8,False,8,0.4786666666666665,2,0.4213333333333334,1,0.1,0,0.0,4,0.0,8,0 days 00:06:21
1,3,3,True,3,0.79,2,0.165,8,0.03,1,0.015,4,0.0,1,0 days 00:16:29
1,1,4,False,4,0.66,8,0.31,1,0.03,2,0.0,3,0.0,3,0 days 00:59:43
1,2,7,False,7,0.9158333333333334,2,0.07416666666666666,4,0.01,0,0.0,3,0.0,2,0 days 01:07:34
1,3,8,False,8,0.65,1,0.19358333333333333,3,0.15641666666666665,0,0.0,4,0.0,3,0 days 00:15:59
1,3,6,False,6,0.68,2,0.15566666666666668,4,0.15433333333333335,1,0.01,3,0.0,5,0 days 00:29:41
1,2,2,True,2,0.58,1,0.26,7,0.08,3,0.045,0,0.035,1,0 days 01:06:28
1,2,3,False,3,0.4619841269841271,2,0.30340476190476173,7,0.22627777777777777,1,0.008333333333333333,0,0.0,2,0 days 00:14:43
1,2,8,False,8,0.65,7,0.24,2,0.11,1,0.0,3,0.0,3,0 days 01:08:44
1,8,6,False,6,0.63,2,0.37,1,0.0,0,0.0,3,0.0,9,0 days 00:00:22
1,6,3,False,3,0.58,6,0.29,8,0.1,7,0.02,2,0.01,2,0 days 00:28:32
1,6,3,False,3,0.63,2,0.21,8,0.16,1,0.0,4,0.0,7,0 days 00:18:26
1,6,1,False,1,0.6689523809523809,3,0.3310476190476189,0,0.0,2,0.0,4,0.0,7,0 days 00:14:47
1,6,6,True,6,0.37,2,0.3231666666666667,4,0.3068333333333333,0,0.0,3,0.0,1,0 days 00:01:37
1,4,8,False,8,0.5,2,0.31,6,0.14,4,0.03,7,0.01,4,0 days 00:10:21
1,6,1,False,1,0.68,6,0.21,4,0.10333333333333333,2,0.006666666666666666,3,0.0,2,0 days 00:01:47
1,4,6,False,6,0.63,2,0.37,1,0.0,0,0.0,3,0.0,6,0 days 00:00:33
1,6,6,True,6,0.66,4,0.24,2,0.07,1,0.03,3,0.0,1,0 days 00:02:07
1,6,1,False,1,0.55,2,0.26,3,0.14,7,0.02,8,0.02,6,0 days 00:28:55
1,4,0,False,0,0.62,6,0.37,2,0.01,1,0.0,3,0.0,6,0 days 00:35:48
1,8,1,False,1,0.87,7,0.11,8,0.02,2,0.0,3,0.0,3,0 days 01:10:21
1,8,4,False,4,0.89,8,0.1,1,0.01,2,0.0,3,0.0,2,0 days 00:59:05
1,6,8,False,8,0.68,4,0.19,3,0.08,1,0.03,2,0.01,7,0 days 00:48:06
1,8,1,False,1,0.57,0,0.41,2,0.01,8,0.01,4,0.0,4,0 days 00:56:43
1,6,0,False,0,0.65,6,0.2,3,0.14,2,0.01,1,0.0,2,0 days 00:33:54
1,6,0,False,0,0.59,7,0.33,2,0.08,1,0.0,3,0.0,8,0 days 01:23:59
1,6,3,False,3,0.7,2,0.22,0,0.08,1,0.0,4,0.0,7,0 days 01:33:43
1,8,6,False,6,0.25951190476190455,8,0.24968650793650785,1,0.24652777777777765,4,0.23427380952380944,7,0.01,2,0 days 00:42:38
1,6,1,False,1,0.8020238095238095,3,0.10302380952380952,2,0.09495238095238095,0,0.0,4,0.0,7,0 days 00:15:41
1,6,7,False,7,0.65,8,0.2801666666666667,1,0.06983333333333333,2,0.0,3,0.0,9,0 days 01:05:47
1,6,1,False,1,0.7725,4,0.1775,6,0.029166666666666664,2,0.02083333333333333,3,0.0,3,0 days 00:32:33
1,8,2,False,2,0.898,6,0.1,7,0.002,0,0.0,3,0.0,9,0 days 00:21:27
1,6,7,False,7,0.45366666666666666,6,0.44300000000000006,8,0.07,4,0.03,2,0.003333333333333333,2,0 days 00:06:55
1,8,2,False,2,0.5969819624819624,3,0.20422727272727265,4,0.19879076479076474,1,0.0,0,0.0,9,0 days 00:16:07
1,8,2,False,2,0.77,4,0.15,1,0.07,8,0.01,3,0.0,4,0 days 00:58:12
1,4,4,True,4,0.61,7,0.14,2,0.13333333333333333,0,0.07666666666666667,6,0.02,1,0 days 00:42:15
1,4,8,False,8,0.59,3,0.18416666666666665,4,0.15583333333333335,6,0.03333333333333333,2,0.03,3,0 days 00:41:48
1,8,1,False,1,0.65,6,0.18049999999999997,7,0.1595,4,0.01,3,0.0,9,0 days 00:56:14
1,4,0,False,0,0.44683333333333325,1,0.3231666666666667,3,0.16,4,0.06,2,0.01,4,0 days 00:23:13
1,8,7,False,7,0.48,4,0.45,8,0.07,0,0.0,3,0.0,3,0 days 01:00:03
1,8,7,False,7,0.9166666666666667,2,0.05333333333333333,4,0.03,0,0.0,3,0.0,9,0 days 01:07:30
2,1,6,False,6,0.65,2,0.23,7,0.08,1,0.03,8,0.01,4,0 days 00:38:02
2,1,7,False,7,0.3651904761904762,1,0.3175238095238094,3,0.3072857142857143,2,0.006666666666666666,4,0.003333333333333333,2,0 days 00:15:12
2,0,0,True,0,0.67,1,0.21,2,0.09,4,0.03,3,0.0,1,0 days 01:42:13
2,1,3,False,3,0.8819523809523808,2,0.11804761904761904,1,0.0,0,0.0,4,0.0,3,0 days 00:15:28
2,1,0,False,0,0.67,1,0.33,2,0.0,3,0.0,4,0.0,2,0 days 01:53:53
2,0,2,False,2,0.86,0,0.09,1,0.05,3,0.0,4,0.0,2,0 days 01:16:41
2,0,7,False,7,0.68,0,0.185,6,0.1,1,0.034999999999999996,3,0.0,2,0 days 01:23:52
2,2,3,False,3,0.62,4,0.2,2,0.18,1,0.0,0,0.0,3,0 days 00:08:16
2,1,8,False,8,0.66,6,0.32,2,0.02,1,0.0,3,0.0,4,0 days 00:43:02
2,0,7,False,7,0.85,2,0.11,0,0.03,1,0.01,3,0.0,3,0 days 02:00:07
2,1,1,True,1,0.67,2,0.1741666666666667,8,0.15583333333333335,0,0.0,4,0.0,1,0 days 01:01:24
2,3,2,False,2,0.69,7,0.23,6,0.04,8,0.026666666666666665,1,0.013333333333333332,6,0 days 00:35:01
2,2,2,True,2,0.5702301587301586,1,0.23892460317460312,3,0.1908452380952381,0,0.0,4,0.0,1,0 days 00:16:03
2,1,6,False,6,0.67,1,0.3,4,0.03,0,0.0,3,0.0,2,0 days 01:21:26
2,2,4,False,4,0.67,2,0.26,3,0.07,1,0.0,0,0.0,2,0 days 00:08:34
2,1,2,False,2,0.71,6,0.28,3,0.01,1,0.0,0,0.0,4,0 days 00:21:47
2,0,0,True,0,0.59,5,0.39,7,0.02,1,0.0,3,0.0,1,0 days 01:38:44
2,5,6,False,6,0.67,7,0.17,2,0.14,3,0.01,4,0.01,8,0 days 00:36:09
2,0,1,False,1,0.73,2,0.26666666666666666,3,0.003333333333333333,0,0.0,4,0.0,4,0 days 00:23:28
2,0,7,False,7,0.87,0,0.12,2,0.01,1,0.0,3,0.0,2,0 days 01:30:10
2,0,1,False,1,0.61,0,0.38,7,0.01,2,0.0,3,0.0,2,0 days 01:25:56
2,2,7,False,7,0.91,1,0.05,4,0.03,8,0.01,3,0.0,6,0 days 01:11:47
2,2,3,False,3,0.4075963203463203,4,0.3472276334776335,1,0.24517604617604596,0,0.0,2,0.0,5,0 days 00:15:48
2,2,3,False,3,0.61,6,0.27,4,0.06,8,0.03666666666666667,1,0.02,6,0 days 00:06:37
2,2,7,False,7,0.49933333333333346,4,0.4006666666666667,2,0.05,8,0.04,1,0.01,3,0 days 00:59:26
2,4,1,False,1,0.66,0,0.33,6,0.01,2,0.0,3,0.0,6,0 days 00:52:54
2,3,1,False,1,0.94,3,0.0385,4,0.0215,0,0.0,2,0.0,2,0 days 00:15:44
2,3,1,False,1,0.8241666666666667,2,0.16583333333333333,3,0.01,0,0.0,4,0.0,3,0 days 00:18:19
2,3,1,False,1,0.5009999999999999,2,0.4590000000000001,7,0.02,4,0.02,3,0.0,5,0 days 01:02:25
2,1,1,True,1,0.61,2,0.3,0,0.08,7,0.01,3,0.0,1,0 days 01:08:14
2,3,1,False,1,0.3963174603174602,2,0.32028968253968243,3,0.2783928571428571,8,0.005,4,0.0,3,0 days 00:15:54
2,1,1,True,1,0.81,7,0.16,4,0.03,0,0.0,3,0.0,1,0 days 00:54:22
2,1,2,False,2,0.737285714285714,8,0.2627142857142856,1,0.0,0,0.0,4,0.0,3,0 days 00:16:23
2,3,8,False,8,0.6802738095238093,3,0.3197261904761905,1,0.0,0,0.0,4,0.0,2,0 days 00:16:12
2,3,3,True,3,0.5328333333333333,8,0.42716666666666675,1,0.04,0,0.0,4,0.0,1,0 days 00:38:54
2,7,7,True,7,0.62,1,0.35,0,0.02,2,0.01,3,0.0,1,0 days 01:19:02
2,7,7,True,7,0.6866666666666668,1,0.24,2,0.07333333333333333,0,0.0,3,0.0,1,0 days 01:13:50
2,1,7,False,7,0.63,1,0.25,8,0.1,2,0.02,3,0.0,2,0 days 01:27:24
2,1,1,True,1,0.42253823953823966,2,0.39709199134199125,3,0.18036976911976904,0,0.0,4,0.0,1,0 days 00:15:52
2,1,2,False,2,0.55,6,0.28,3,0.11,4,0.05,1,0.01,5,0 days 00:25:27
2,1,1,True,1,0.2916943056943056,7,0.27898684648684646,3,0.22851714951714938,4,0.20080169830169825,2,0.0,1,0 days 00:16:25
2,2,4,False,4,0.59,1,0.25,8,0.16,2,0.0,3,0.0,4,0 days 00:31:09
2,8,7,False,7,0.91,8,0.07,1,0.010833333333333332,4,0.009166666666666667,3,0.0,2,0 days 01:09:46
2,2,0,False,0,0.89,2,0.1,3,0.01,1,0.0,4,0.0,2,0 days 01:20:38
2,2,1,False,1,0.92,6,0.05,7,0.02,4,0.01,3,0.0,6,0 days 01:21:37
2,1,4,False,4,0.83,1,0.15,2,0.02,0,0.0,3,0.0,2,0 days 00:11:59
2,2,1,False,1,0.2916943056943056,7,0.27898684648684646,3,0.22851714951714938,4,0.20080169830169825,2,0.0,5,0 days 00:16:25
2,3,1,False,1,0.73,4,0.24,2,0.02,6,0.01,3,0.0,5,0 days 00:25:00
2,7,0,False,0,0.645,1,0.245,7,0.11,2,0.0,3,0.0,3,0 days 01:23:25
2,7,3,False,3,0.7301666666666666,6,0.23983333333333334,1,0.02,2,0.005,7,0.005,5,0 days 00:04:46
2,2,3,False,3,0.61,6,0.29333333333333333,4,0.08,8,0.016666666666666666,2,0.0,5,0 days 00:49:59
2,2,8,False,8,0.72,2,0.2,6,0.04,4,0.04,3,0.0,2,0 days 00:21:27
2,7,0,False,0,0.71,1,0.22,8,0.06,2,0.01,4,0.0,9,0 days 01:22:32
2,2,7,False,7,0.63,1,0.23,4,0.12,0,0.02,3,0.0,6,0 days 01:17:05
2,2,2,True,2,0.74,0,0.23,7,0.02,1,0.01,3,0.0,1,0 days 02:05:05
2,2,4,False,4,0.484,2,0.3559999999999999,6,0.16,0,0.0,3,0.0,2,0 days 00:01:36
2,2,7,False,7,0.4643333333333333,6,0.4056666666666666,3,0.09,2,0.04,0,0.0,4,0 days 00:07:06
2,2,8,False,8,0.66,6,0.32,2,0.02,1,0.0,3,0.0,3,0 days 00:43:02
2,2,6,False,6,0.55,1,0.21,3,0.15,8,0.06,2,0.03,5,0 days 00:13:45
2,0,7,False,7,0.85,1,0.07,2,0.07,0,0.01,3,0.0,4,0 days 01:58:50
2,2,3,False,3,0.544952380952381,8,0.435047619047619,6,0.02,1,0.0,2,0.0,5,0 days 00:13:51
2,2,8,False,8,0.35571428571428565,1,0.3358095238095238,2,0.30847619047619046,0,0.0,4,0.0,3,0 days 00:16:15
2,0,1,False,1,0.91,6,0.08,4,0.01,0,0.0,3,0.0,4,0 days 00:55:06
2,2,7,False,7,0.61,3,0.3,1,0.07,2,0.02,0,0.0,4,0 days 00:26:35
2,7,2,False,2,0.7433333333333333,1,0.18666666666666665,4,0.07,0,0.0,3,0.0,8,0 days 01:02:31
2,7,1,False,1,0.67,4,0.21,7,0.12,0,0.0,3,0.0,3,0 days 01:02:55
2,2,3,False,3,0.5925,6,0.3275,1,0.08,0,0.0,2,0.0,5,0 days 00:04:58
2,2,7,False,7,0.62,4,0.38,0,0.0,1,0.0,3,0.0,6,0 days 00:40:52
2,0,0,True,0,0.7,2,0.22,4,0.06,8,0.02,3,0.0,1,0 days 01:12:52
2,7,4,False,4,0.61,0,0.21,2,0.17,7,0.01,3,0.0,4,0 days 01:04:41
2,7,7,True,7,0.67,8,0.17566666666666667,1,0.13433333333333336,4,0.01,2,0.01,1,0 days 00:45:37
2,1,2,False,2,0.55,1,0.28,7,0.1,4,0.07,3,0.0,2,0 days 01:13:57
2,1,4,False,4,0.7016666666666665,2,0.29,3,0.008333333333333333,1,0.0,0,0.0,4,0 days 00:25:56
2,1,8,False,8,0.69,1,0.13,6,0.13,2,0.03333333333333333,0,0.016666666666666666,2,0 days 00:51:44
2,7,8,False,8,0.7,7,0.19,0,0.11,2,0.0,3,0.0,2,0 days 01:25:15
2,8,7,False,7,0.66,1,0.2,0,0.12,4,0.02,3,0.0,9,0 days 01:10:08
2,3,2,False,2,0.88,8,0.11,6,0.01,1,0.0,3,0.0,5,0 days 00:01:16
2,3,5,False,5,0.71,3,0.15833333333333333,4,0.09166666666666666,8,0.02,1,0.015,2,0 days 00:41:55
2,7,2,False,2,0.57,8,0.2695,4,0.1605,1,0.0,3,0.0,9,0 days 00:46:19
2,1,1,True,1,0.65,8,0.25,0,0.08,7,0.02,3,0.0,1,0 days 01:10:23
2,7,5,False,5,0.56,1,0.29,8,0.08666666666666666,2,0.06333333333333334,3,0.0,9,0 days 01:01:26
2,3,4,False,4,0.47233333333333327,3,0.46766666666666673,1,0.06,0,0.0,2,0.0,2,0 days 00:15:46
2,7,3,False,3,0.59,6,0.18316666666666667,1,0.15683333333333335,2,0.07,0,0.0,8,0 days 00:18:44
2,3,0,False,0,0.62,7,0.26,5,0.1,6,0.02,3,0.0,5,0 days 00:51:27
2,2,1,False,1,0.62,2,0.286,7,0.094,0,0.0,3,0.0,2,0 days 01:18:06
2,2,7,False,7,0.5020476190476191,8,0.4579523809523809,2,0.04,1,0.0,3,0.0,3,0 days 01:16:09
2,2,1,False,1,0.6407857142857144,4,0.19632142857142856,7,0.16289285714285717,0,0.0,3,0.0,6,0 days 00:16:40
2,2,3,False,3,0.917357142857143,8,0.08264285714285714,1,0.0,0,0.0,4,0.0,8,0 days 00:16:11
2,7,2,False,2,0.47900000000000004,1,0.45099999999999996,4,0.07,0,0.0,3,0.0,8,0 days 01:02:29
2,7,1,False,1,0.98,2,0.01,4,0.01,0,0.0,3,0.0,8,0 days 01:15:10
2,2,8,False,8,0.4635000000000001,2,0.4165,3,0.09,1,0.03,4,0.0,2,0 days 00:06:16
2,2,2,True,2,0.6,0,0.28,1,0.11,7,0.01,3,0.0,1,0 days 01:08:11
2,1,8,False,8,0.55,6,0.22,1,0.2,7,0.03,3,0.0,3,0 days 01:05:52
2,8,7,False,7,0.71,1,0.24,3,0.03,0,0.02,2,0.0,9,0 days 00:58:32
2,4,2,False,2,0.68,7,0.25333333333333335,8,0.06666666666666667,1,0.0,3,0.0,6,0 days 01:15:53
2,4,1,False,1,0.8292222222222223,2,0.08744444444444445,7,0.08333333333333334,0,0.0,3,0.0,6,0 days 00:15:10
2,3,3,True,3,0.45775000000000005,0,0.40225,2,0.085,6,0.03,4,0.025,1,0 days 00:32:13
2,3,1,False,1,0.636512182262182,3,0.18320523920523918,4,0.18028257853257856,0,0.0,2,0.0,2,0 days 00:15:33
2,3,3,True,3,0.5358333333333334,8,0.3958333333333332,2,0.05833333333333333,1,0.01,4,0.0,1,0 days 00:15:23
2,3,2,False,2,0.63,4,0.25,8,0.1,7,0.02,3,0.0,5,0 days 00:04:17
2,3,0,False,0,0.69,8,0.24,1,0.04,7,0.02,2,0.01,6,0 days 01:06:59
2,8,4,False,4,0.61,1,0.26,2,0.08,0,0.05,3,0.0,9,0 days 01:04:32
2,1,4,False,4,0.42,1,0.3375,8,0.24250000000000005,2,0.0,3,0.0,2,0 days 01:13:28
2,3,5,False,5,0.9075,4,0.07,7,0.0225,0,0.0,3,0.0,5,0 days 00:39:33
2,5,0,False,0,0.48371428571428565,7,0.45628571428571435,2,0.06,1,0.0,3,0.0,7,0 days 01:43:20
2,3,1,False,1,0.8733333333333333,2,0.11666666666666668,4,0.01,0,0.0,3,0.0,5,0 days 00:16:35
2,1,4,False,4,0.53,8,0.35241666666666677,2,0.09758333333333333,1,0.02,3,0.0,4,0 days 00:58:07
2,4,4,True,4,0.63,8,0.28,3,0.08,2,0.01,0,0.0,1,0 days 00:46:32
2,4,7,False,7,0.64,0,0.28,2,0.04,1,0.04,3,0.0,6,0 days 00:53:46
2,7,0,False,0,0.71,1,0.28,7,0.01,2,0.0,3,0.0,3,0 days 01:25:49
2,7,8,False,8,0.63,1,0.35,4,0.02,2,0.0,3,0.0,9,0 days 00:57:57
2,7,2,False,2,0.48,0,0.25816666666666666,7,0.2318333333333333,1,0.03,3,0.0,3,0 days 01:44:23
2,1,2,False,2,0.755,4,0.21,7,0.015,0,0.01,6,0.01,6,0 days 00:14:07
2,1,6,False,6,0.33675000000000005,3,0.33536904761904757,1,0.32788095238095233,0,0.0,2,0.0,3,0 days 00:14:47
2,1,0,False,0,0.65,8,0.25,7,0.05,3,0.05,2,0.0,8,0 days 00:58:43
2,1,2,False,2,0.6143809523809524,8,0.29,3,0.07090476190476189,7,0.024714285714285716,0,0.0,8,0 days 00:14:41
2,3,7,False,7,0.82,3,0.16,0,0.02,1,0.0,2,0.0,2,0 days 00:58:36
2,1,2,False,2,0.73,6,0.21,1,0.04166666666666666,4,0.018333333333333333,3,0.0,3,0 days 00:53:10
2,1,2,False,2,0.2813730158730159,3,0.2670158730158729,4,0.24410317460317466,1,0.2075079365079365,0,0.0,4,0 days 00:15:17
2,8,4,False,4,0.8069999999999997,1,0.193,2,0.0,0,0.0,3,0.0,9,0 days 00:58:52
2,4,4,True,4,0.93,1,0.05,3,0.01,0,0.01,2,0.0,1,0 days 00:52:43
2,4,4,True,4,0.54,2,0.4,3,0.06,1,0.0,0,0.0,1,0 days 00:22:26
2,1,2,False,2,0.98,8,0.02,1,0.0,0,0.0,4,0.0,3,0 days 00:02:55
2,2,7,False,7,0.71,1,0.19,2,0.09,4,0.01,3,0.0,3,0 days 00:53:56
2,1,8,False,8,0.57,2,0.43,1,0.0,0,0.0,4,0.0,3,0 days 00:02:43
2,3,4,False,4,0.85,8,0.11,6,0.02,1,0.02,3,0.0,5,0 days 00:49:48
2,2,1,False,1,0.87,8,0.13,2,0.0,0,0.0,4,0.0,3,0 days 00:58:01
2,3,2,False,2,0.7521666666666667,3,0.1195,4,0.09633333333333334,8,0.03,1,0.002,2,0 days 00:15:19
2,2,2,True,2,0.6986666666666668,6,0.30133333333333334,1,0.0,0,0.0,3,0.0,1,0 days 00:39:54
2,3,1,False,1,0.95,4,0.035,3,0.015,0,0.0,2,0.0,3,0 days 00:15:45
2,1,4,False,4,0.7005,2,0.24,7,0.059500000000000004,0,0.0,3,0.0,6,0 days 00:37:34
2,3,1,False,1,0.94,4,0.04,6,0.02,0,0.0,3,0.0,5,0 days 00:23:03
2,1,1,True,1,0.75,7,0.24,4,0.01,0,0.0,3,0.0,1,0 days 00:54:28
2,7,8,False,8,0.49285714285714277,4,0.44714285714285723,2,0.06,1,0.0,3,0.0,9,0 days 00:10:08
2,1,7,False,7,0.64,0,0.23,1,0.09,4,0.03,6,0.01,3,0 days 00:52:10
2,2,7,False,7,0.49933333333333346,4,0.4006666666666667,8,0.07,0,0.02,2,0.01,5,0 days 00:59:22
2,2,2,True,2,0.33524999999999994,3,0.32205952380952385,4,0.3104999999999999,1,0.03219047619047619,0,0.0,1,0 days 00:15:18
2,2,1,False,1,0.8292222222222223,2,0.08744444444444445,7,0.08333333333333334,0,0.0,3,0.0,2,0 days 00:15:10
2,4,0,False,0,0.65,1,0.2,4,0.11,7,0.03,6,0.01,3,0 days 00:52:05
2,8,2,False,2,0.6666666666666667,4,0.18,1,0.15333333333333335,0,0.0,3,0.0,9,0 days 00:16:36
2,4,0,False,0,0.67,6,0.17,8,0.15,2,0.01,3,0.0,6,0 days 00:50:19
2,8,3,False,3,0.68,8,0.17,0,0.07,2,0.048999999999999995,4,0.031,2,0 days 00:45:56
2,8,2,False,2,0.7,4,0.3,1,0.0,0,0.0,3,0.0,9,0 days 00:41:44
2,6,7,False,7,0.5176666666666667,6,0.4023333333333333,3,0.05,2,0.03,0,0.0,2,0 days 00:14:53
2,6,6,True,6,0.62,3,0.33,8,0.04,4,0.01,2,0.0,1,0 days 00:28:27
2,6,3,False,3,0.4424166666666669,4,0.3775833333333333,7,0.12,5,0.04,2,0.01,9,0 days 00:35:16
2,6,2,False,2,0.65,7,0.18,3,0.14,6,0.02,4,0.01,4,0 days 00:36:15
2,4,2,False,2,0.66,0,0.23,4,0.08,3,0.03,1,0.0,3,0 days 00:09:38
2,6,8,False,8,0.49285714285714277,4,0.42714285714285727,2,0.08,1,0.0,3,0.0,7,0 days 00:10:17
2,6,2,False,2,0.83,4,0.15,7,0.02,0,0.0,3,0.0,8,0 days 00:37:31
2,4,4,True,4,0.67,3,0.23,1,0.1,0,0.0,2,0.0,1,0 days 00:55:45
2,6,1,False,1,0.69,2,0.19,3,0.12,0,0.0,4,0.0,7,0 days 00:21:01
2,6,3,False,3,0.66,6,0.23,4,0.08,1,0.03,2,0.0,2,0 days 00:25:45
2,4,3,False,3,0.7433333333333333,1,0.1559761904761905,7,0.08402380952380951,4,0.016666666666666666,2,0.0,4,0 days 00:17:18
2,4,1,False,1,0.5572857142857144,3,0.3827142857142858,2,0.03,4,0.03,0,0.0,4,0 days 00:15:14
2,6,2,False,2,0.87,6,0.08,4,0.03,1,0.02,3,0.0,2,0 days 00:36:49
2,4,4,True,4,0.8,2,0.2,1,0.0,0,0.0,3,0.0,1,0 days 00:12:21
2,8,4,False,4,0.85,8,0.11,6,0.02,1,0.02,3,0.0,2,0 days 00:49:47
2,4,8,False,8,0.77,6,0.23,2,0.0,0,0.0,3,0.0,6,0 days 00:40:22
2,4,6,False,6,0.6,8,0.317,2,0.05,1,0.033,3,0.0,6,0 days 00:34:43
2,4,2,False,2,0.72,6,0.15,7,0.09,1,0.04,3,0.0,8,0 days 00:18:00
2,4,3,False,3,0.58,7,0.3,2,0.08,1,0.03,4,0.01,5,0 days 00:38:32
2,8,4,False,4,0.73,3,0.22,2,0.05,1,0.0,0,0.0,9,0 days 00:23:55
2,8,4,False,4,0.63,8,0.33,3,0.03,2,0.01,0,0.0,2,0 days 00:46:30
2,6,4,False,4,0.64,2,0.35,6,0.01,0,0.0,3,0.0,3,0 days 00:42:54
2,6,2,False,2,0.63,4,0.37,1,0.0,0,0.0,3,0.0,7,0 days 00:12:13
2,6,2,False,2,0.38,7,0.315047619047619,8,0.26495238095238094,1,0.03,0,0.01,9,0 days 00:50:45
2,6,5,False,5,0.71,3,0.15833333333333333,4,0.10166666666666666,8,0.02,1,0.01,7,0 days 00:41:54
2,8,7,False,7,0.64,2,0.31,3,0.05,1,0.0,0,0.0,9,0 days 00:09:12
2,6,5,False,5,0.56,1,0.28,8,0.07833333333333332,7,0.05166666666666666,2,0.03,9,0 days 00:50:37
2,8,1,False,1,0.64,6,0.34254761904761905,3,0.01269047619047619,4,0.0047619047619047615,2,0.0,9,0 days 00:22:59
2,8,6,False,6,0.48,1,0.43,3,0.05433333333333334,8,0.02,2,0.015666666666666666,4,0 days 00:31:22
2,6,1,False,1,0.8241666666666667,2,0.16583333333333333,3,0.01,0,0.0,4,0.0,7,0 days 00:18:19
2,8,8,True,8,0.6524166666666668,4,0.23,2,0.09758333333333333,1,0.02,3,0.0,1,0 days 00:58:06
2,4,1,False,1,0.6,2,0.327,6,0.06,3,0.013000000000000001,0,0.0,6,0 days 00:47:15
2,8,0,False,0,0.65,7,0.22,1,0.09,4,0.03,6,0.01,9,0 days 00:52:08
2,4,2,False,2,0.6986666666666668,6,0.30133333333333334,1,0.0,0,0.0,3,0.0,6,0 days 00:39:54
2,8,7,False,7,0.49933333333333346,4,0.4006666666666667,8,0.07,0,0.02,2,0.01,3,0 days 00:59:24
2,8,8,True,8,0.55,6,0.28,7,0.09,1,0.08,3,0.0,1,0 days 01:05:50
3,3,1,False,1,0.7448333333333333,2,0.23566666666666664,3,0.01,4,0.0095,0,0.0,3,0 days 00:15:06
3,0,0,True,0,0.81,1,0.13,2,0.05,4,0.01,3,0.0,1,0 days 01:42:26
3,1,7,False,7,0.64,2,0.31,1,0.04,8,0.01,3,0.0,3,0 days 01:27:13
3,1,7,False,7,0.63,4,0.29,0,0.04,3,0.04,2,0.0,6,0 days 01:02:19
3,1,7,False,7,0.88,1,0.1,2,0.02,0,0.0,3,0.0,2,0 days 01:08:59
3,1,7,False,7,0.59,8,0.37,4,0.02,1,0.02,3,0.0,4,0 days 00:45:17
3,1,1,True,1,0.67,4,0.18,2,0.08,7,0.06,5,0.01,1,0 days 01:40:44
3,1,4,False,4,0.62,0,0.26,8,0.08,7,0.03,6,0.01,7,0 days 00:55:27
3,1,1,True,1,0.7,0,0.21,2,0.08,7,0.01,3,0.0,1,0 days 01:28:37
3,1,2,False,2,0.42884920634920626,1,0.3814166666666665,3,0.18973412698412687,0,0.0,4,0.0,2,0 days 00:15:52
3,3,2,False,2,0.695,1,0.16950000000000004,3,0.13216666666666665,8,0.003333333333333333,4,0.0,3,0 days 00:16:17
3,2,3,False,3,0.9,2,0.05333333333333333,1,0.04666666666666667,0,0.0,4,0.0,2,0 days 00:18:57
3,4,2,False,2,0.705202380952381,3,0.287297619047619,1,0.005,4,0.0025,0,0.0,4,0 days 00:15:18
3,0,0,True,0,0.65,1,0.25,7,0.1,2,0.0,3,0.0,1,0 days 01:26:16
3,1,3,False,3,0.6975,1,0.19,8,0.10916666666666666,2,0.003333333333333333,4,0.0,2,0 days 00:15:25
3,1,1,True,1,0.62,3,0.2843333333333333,7,0.06483333333333334,2,0.020833333333333336,4,0.01,1,0 days 00:19:46
3,0,2,False,2,0.63,1,0.35,7,0.02,0,0.0,3,0.0,4,0 days 01:18:19
3,1,1,True,1,0.65,3,0.23,2,0.11,8,0.01,4,0.0,1,0 days 00:19:08
3,1,4,False,4,0.4580833333333334,1,0.43191666666666656,7,0.09,3,0.013333333333333332,2,0.006666666666666666,2,0 days 00:15:38
3,0,1,False,1,0.64,8,0.25,3,0.06,7,0.05,2,0.0,8,0 days 00:58:43
3,1,0,False,0,0.58,2,0.24,7,0.13,4,0.03,8,0.02,8,0 days 01:24:44
3,3,1,False,1,0.6923333333333334,2,0.26,3,0.04766666666666666,0,0.0,4,0.0,3,0 days 00:16:19
3,1,4,False,4,0.7070000000000001,6,0.136,2,0.129,1,0.027999999999999997,3,0.0,4,0 days 00:43:54
3,2,3,False,3,0.7161666666666667,1,0.2838333333333334,0,0.0,2,0.0,4,0.0,4,0 days 00:15:57
3,0,1,False,1,0.69,2,0.22,0,0.07,7,0.01,8,0.01,3,0 days 01:28:29
3,2,3,False,3,0.6975,1,0.19,8,0.10916666666666666,2,0.003333333333333333,4,0.0,4,0 days 00:15:25
3,5,1,False,1,0.68,2,0.28,3,0.04,0,0.0,4,0.0,6,0 days 00:33:29
3,2,6,False,6,0.6871666666666666,2,0.31283333333333324,1,0.0,0,0.0,3,0.0,2,0 days 00:39:59
3,0,7,False,7,0.71,1,0.26,0,0.03,2,0.0,3,0.0,3,0 days 01:26:28
3,0,0,True,0,0.59,2,0.4,7,0.01,1,0.0,3,0.0,1,0 days 02:03:43
3,0,3,False,3,0.84,2,0.11,6,0.03,4,0.02,0,0.0,5,0 days 00:32:13
3,2,7,False,7,0.7728571428571428,1,0.11388095238095239,2,0.10326190476190476,3,0.01,0,0.0,3,0 days 01:02:30
3,2,6,False,6,0.63,4,0.27,2,0.08,0,0.02,3,0.0,3,0 days 01:03:33
3,6,1,False,1,0.73,2,0.25,4,0.02,0,0.0,3,0.0,7,0 days 00:53:07
3,3,2,False,2,0.5648333333333333,1,0.4218333333333333,3,0.013333333333333334,0,0.0,4,0.0,3,0 days 00:16:09
3,7,2,False,2,0.99,3,0.01,1,0.0,0,0.0,4,0.0,8,0 days 00:27:32
3,3,8,False,8,0.72,1,0.14,4,0.12,6,0.01,3,0.01,5,0 days 00:48:34
3,3,6,False,6,0.64,8,0.18,3,0.09,2,0.08,1,0.01,3,0 days 00:18:25
3,1,0,False,0,0.68,7,0.27,1,0.05,2,0.0,3,0.0,3,0 days 01:22:53
3,7,1,False,1,0.72,2,0.28,0,0.0,3,0.0,4,0.0,8,0 days 00:18:35
3,1,8,False,8,0.89,6,0.06,3,0.04,1,0.01,2,0.0,4,0 days 00:49:21
3,7,1,False,1,0.6,2,0.25,7,0.14,0,0.01,3,0.0,3,0 days 01:29:22
3,3,8,False,8,0.64,3,0.22,2,0.08,7,0.06,0,0.0,2,0 days 00:08:57
3,3,8,False,8,0.84,6,0.1,2,0.04,3,0.02,0,0.0,4,0 days 00:13:55
3,1,3,False,3,0.72,6,0.24,8,0.03,4,0.01,2,0.0,6,0 days 00:48:12
3,1,0,False,0,0.57,2,0.37166666666666665,1,0.04,3,0.018333333333333333,4,0.0,3,0 days 00:23:28
3,1,6,False,6,0.65,0,0.24,1,0.1,8,0.01,3,0.0,3,0 days 00:55:11
3,3,2,False,2,0.5261984126984127,1,0.19649999999999998,3,0.14899206349206345,8,0.12830952380952382,4,0.0,3,0 days 00:16:06
3,3,3,True,3,0.62,6,0.33,8,0.05,1,0.0,2,0.0,1,0 days 00:49:08
3,7,8,False,8,0.75,7,0.22,6,0.02,1,0.01,3,0.0,2,0 days 01:09:46
3,7,4,False,4,0.4546666666666666,8,0.3953333333333333,2,0.13,0,0.02,3,0.0,9,0 days 00:59:24
3,2,0,False,0,0.84,1,0.1,8,0.06,2,0.0,4,0.0,4,0 days 01:17:32
3,7,8,False,8,0.53,0,0.33,1,0.1,7,0.03,2,0.01,4,0 days 01:17:22
3,2,1,False,1,0.57,2,0.22,8,0.11333333333333334,3,0.09666666666666668,4,0.0,2,0 days 00:16:31
3,2,1,False,1,0.61,6,0.23,0,0.09,8,0.07,3,0.0,8,0 days 00:50:47
3,2,6,False,6,0.67,3,0.27,8,0.05,1,0.01,2,0.0,5,0 days 00:18:24
3,3,6,False,6,0.79,7,0.16,3,0.05,0,0.0,2,0.0,3,0 days 00:04:49
3,7,2,False,2,0.93,1,0.06,0,0.01,3,0.0,4,0.0,8,0 days 01:34:18
3,2,8,False,8,0.63,2,0.2,3,0.12,4,0.03,7,0.02,2,0 days 00:08:52
3,2,0,False,0,0.79,2,0.21,1,0.0,3,0.0,4,0.0,2,0 days 01:20:30
3,2,0,False,0,0.58,2,0.38,1,0.02,7,0.02,3,0.0,2,0 days 01:29:41
3,7,2,False,2,0.8116666666666668,1,0.17833333333333334,8,0.01,0,0.0,4,0.0,9,0 days 01:22:03
3,2,1,False,1,0.63,7,0.28,2,0.09,0,0.0,3,0.0,3,0 days 01:31:08
3,2,1,False,1,0.679,2,0.265,3,0.05266666666666667,8,0.003333333333333333,4,0.0,2,0 days 00:16:18
3,2,2,True,2,0.63,1,0.3,8,0.07,0,0.0,4,0.0,1,0 days 00:02:48
3,2,3,False,3,0.83,6,0.07,7,0.05,1,0.05,2,0.0,5,0 days 00:21:04
3,0,1,False,1,0.67,7,0.19,2,0.08,4,0.05,5,0.01,6,0 days 01:40:40
3,2,4,False,4,0.59,6,0.23166666666666663,3,0.08,2,0.06833333333333333,5,0.03,4,0 days 00:32:50
3,0,7,False,7,0.63,5,0.29,1,0.05,0,0.02,2,0.01,4,0 days 01:39:45
3,2,4,False,4,0.63,3,0.36,6,0.01,0,0.0,2,0.0,5,0 days 00:28:05
3,0,3,False,3,0.6,7,0.26,6,0.12,2,0.02,0,0.0,5,0 days 01:12:16
3,6,3,False,3,0.58,4,0.24,7,0.11,0,0.05,2,0.02,8,0 days 01:14:37
3,2,1,False,1,0.62,6,0.27,4,0.06,3,0.05,2,0.0,5,0 days 00:48:22
3,2,8,False,8,0.4451666666666667,2,0.40483333333333327,4,0.1,1,0.05,3,0.0,2,0 days 00:58:15
3,7,7,True,7,0.67,4,0.32,8,0.01,0,0.0,3,0.0,1,0 days 01:00:19
3,3,8,False,8,0.85,4,0.11,1,0.04,2,0.0,3,0.0,5,0 days 00:57:13
3,1,0,False,0,0.7,8,0.25,1,0.03,2,0.01,7,0.01,3,0 days 01:17:23
3,1,2,False,2,0.5648333333333333,1,0.4218333333333333,3,0.013333333333333334,0,0.0,4,0.0,2,0 days 00:16:09
3,1,7,False,7,0.45864285714285713,2,0.4430238095238096,1,0.05916666666666666,4,0.03916666666666666,3,0.0,3,0 days 00:15:11
3,3,8,False,8,0.59,2,0.29,6,0.06,7,0.06,3,0.0,5,0 days 00:07:43
3,4,4,True,4,0.6633333333333333,1,0.17683333333333337,3,0.11316666666666668,2,0.03,7,0.016666666666666666,1,0 days 00:37:39
3,2,7,False,7,0.86,2,0.1,8,0.04,1,0.0,3,0.0,2,0 days 01:05:13
3,4,2,False,2,0.6008531746031746,3,0.20775793650793653,8,0.19138888888888897,1,0.0,4,0.0,5,0 days 00:16:07
3,1,7,False,7,0.6053333333333333,4,0.26,3,0.10733333333333332,1,0.01,6,0.01,4,0 days 00:19:37
3,7,8,False,8,0.3612857142857143,3,0.36,4,0.26704761904761903,2,0.011666666666666665,0,0.0,9,0 days 00:43:29
3,1,8,False,8,0.72,1,0.14,4,0.12,6,0.01,3,0.01,2,0 days 00:48:34
3,1,8,False,8,0.40300072150072147,6,0.22194516594516586,1,0.19413600288600288,4,0.18091810966810964,3,0.0,3,0 days 00:42:36
3,1,7,False,7,0.6,8,0.29,3,0.11,1,0.0,2,0.0,4,0 days 00:58:28
3,3,3,True,3,0.6397142857142857,2,0.3452857142857143,1,0.015,0,0.0,4,0.0,1,0 days 00:15:27
3,1,2,False,2,0.6,1,0.35666666666666663,8,0.03,0,0.01,7,0.003333333333333333,2,0 days 01:10:39
3,1,2,False,2,0.5465714285714286,3,0.4534285714285714,1,0.0,0,0.0,4,0.0,3,0 days 00:15:54
3,7,8,False,8,0.56,6,0.32,5,0.07,1,0.05,3,0.0,9,0 days 00:50:43
3,3,2,False,2,0.72,5,0.26,1,0.02,0,0.0,3,0.0,5,0 days 00:20:33
3,3,3,True,3,0.6489523809523808,4,0.32521428571428573,1,0.02583333333333333,0,0.0,2,0.0,1,0 days 00:15:43
3,7,8,False,8,0.87,4,0.1,7,0.03,0,0.0,3,0.0,3,0 days 01:01:51
3,3,4,False,4,0.51,8,0.37,2,0.06,1,0.06,3,0.0,5,0 days 00:23:53
3,2,3,False,3,0.63,2,0.33,0,0.036000000000000004,4,0.004,1,0.0,2,0 days 00:23:21
3,7,2,False,2,0.59,8,0.39,7,0.01,1,0.01,3,0.0,3,0 days 01:08:48
3,2,0,False,0,0.62,3,0.28,2,0.09,8,0.01,4,0.0,3,0 days 00:09:25
3,2,2,True,2,0.4817222222222222,3,0.2653095238095238,1,0.25296825396825395,0,0.0,4,0.0,1,0 days 00:16:03
3,8,6,False,6,0.66,1,0.24,4,0.1,0,0.0,3,0.0,9,0 days 00:40:29
3,3,2,False,2,0.4488019480519482,3,0.3182673160173159,7,0.23293073593073593,1,0.0,0,0.0,2,0 days 00:14:43
3,8,1,False,1,0.65,7,0.25,8,0.06,4,0.04,3,0.0,3,0 days 00:44:08
3,3,2,False,2,0.87,4,0.13,1,0.0,0,0.0,3,0.0,5,0 days 00:08:15
3,4,2,False,2,0.6858333333333334,7,0.22,0,0.08,1,0.014166666666666666,3,0.0,6,0 days 01:08:35
3,2,0,False,0,0.79,2,0.21,1,0.0,3,0.0,4,0.0,2,0 days 01:20:28
3,8,6,False,6,0.45,2,0.41,0,0.1,4,0.04,3,0.0,9,0 days 01:03:25
3,4,0,False,0,0.45133333333333325,2,0.4086666666666667,6,0.08,1,0.06,3,0.0,6,0 days 00:51:48
3,2,2,True,2,0.644,1,0.26,4,0.07,3,0.026000000000000002,0,0.0,1,0 days 00:47:20
3,2,3,False,3,0.69,8,0.3,1,0.01,0,0.0,4,0.0,8,0 days 00:14:37
3,2,6,False,6,0.5149999999999999,7,0.475,3,0.01,0,0.0,2,0.0,5,0 days 00:14:55
3,2,1,False,1,0.4718571428571428,3,0.39214285714285707,8,0.11433333333333334,4,0.021666666666666664,2,0.0,5,0 days 00:53:30
3,7,8,False,8,0.68,4,0.2475,0,0.0725,2,0.0,3,0.0,9,0 days 00:38:18
3,3,7,False,7,0.5925,6,0.37,1,0.02,2,0.0175,3,0.0,5,0 days 00:04:46
3,1,4,False,4,0.44816666666666655,3,0.43183333333333346,1,0.115,7,0.005,2,0.0,3,0 days 00:15:14
3,4,2,False,2,0.88,6,0.09,4,0.03,0,0.0,3,0.0,3,0 days 00:12:43
3,4,1,False,1,0.29977777777777775,4,0.2631666666666666,3,0.23683333333333334,7,0.20022222222222222,2,0.0,2,0 days 00:15:13
3,8,2,False,2,0.63,6,0.28,8,0.08,1,0.01,3,0.0,3,0 days 00:43:12
3,1,7,False,7,0.7711190476190477,1,0.17888095238095236,2,0.05,0,0.0,3,0.0,2,0 days 00:26:25
3,3,7,False,7,0.7227857142857144,2,0.16,1,0.11721428571428572,0,0.0,3,0.0,5,0 days 00:26:26
3,7,4,False,4,0.65,7,0.29,0,0.05,3,0.01,2,0.0,2,0 days 01:02:17
3,1,1,True,1,0.8421666666666667,3,0.12783333333333333,4,0.03,0,0.0,2,0.0,1,0 days 00:23:05
3,1,3,False,3,0.5044166666666667,1,0.44916666666666666,4,0.04641666666666667,0,0.0,2,0.0,2,0 days 00:15:44
3,4,4,True,4,0.5721666666666666,1,0.3578333333333334,8,0.07,2,0.0,3,0.0,1,0 days 00:58:55
3,2,2,True,2,0.82,0,0.14,4,0.04,1,0.0,3,0.0,1,0 days 01:02:06
3,7,1,False,1,0.87,3,0.1,2,0.03,0,0.0,4,0.0,8,0 days 00:05:47
3,1,1,True,1,0.67,3,0.30833333333333335,2,0.021666666666666664,0,0.0,4,0.0,1,0 days 00:23:34
3,8,3,False,3,0.4635,8,0.38650000000000007,0,0.08,2,0.03761904761904762,4,0.03238095238095238,2,0 days 00:45:58
3,1,1,True,1,0.8906666666666666,2,0.060833333333333336,4,0.04850000000000001,0,0.0,3,0.0,1,0 days 00:15:08
3,8,6,False,6,0.66,4,0.25,1,0.07,8,0.02,3,0.0,4,0 days 00:40:25
3,5,2,False,2,0.63,1,0.25,0,0.07,8,0.05,4,0.0,6,0 days 01:28:21
3,2,4,False,4,0.56,6,0.36,1,0.06,2,0.02,3,0.0,4,0 days 00:42:51
3,3,2,False,2,0.56,7,0.25,3,0.12,0,0.07,1,0.0,3,0 days 00:21:09
3,2,4,False,4,0.3711190476190475,3,0.30440476190476184,1,0.30280952380952375,2,0.02,6,0.0016666666666666666,4,0 days 00:16:56
3,7,3,False,3,0.4133809523809524,2,0.374952380952381,0,0.20166666666666663,6,0.01,1,0.0,8,0 days 00:36:58
3,3,2,False,2,0.5465714285714286,3,0.4534285714285714,1,0.0,0,0.0,4,0.0,2,0 days 00:15:54
3,3,1,False,1,0.5992539682539684,7,0.37074603174603177,2,0.03,0,0.0,3,0.0,5,0 days 00:15:12
3,2,1,False,1,0.29977777777777775,4,0.2631666666666666,3,0.23683333333333334,7,0.20022222222222222,2,0.0,5,0 days 00:15:13
3,7,2,False,2,0.7668333333333334,3,0.23316666666666666,1,0.0,0,0.0,4,0.0,8,0 days 00:16:52
3,2,2,True,2,0.4817222222222222,3,0.2653095238095238,1,0.25296825396825395,0,0.0,4,0.0,1,0 days 00:16:03
3,7,8,False,8,0.61,4,0.35,7,0.02,0,0.01,1,0.01,3,0 days 00:51:00
3,4,4,True,4,0.63,3,0.2,1,0.16,7,0.01,2,0.0,1,0 days 00:55:47
3,8,8,True,8,0.72,1,0.14,4,0.12,6,0.02,3,0.0,1,0 days 00:48:35
3,4,1,False,1,0.4338333333333334,8,0.3861666666666666,2,0.13,7,0.05,3,0.0,6,0 days 00:45:40
3,8,1,False,1,0.71,2,0.29,0,0.0,3,0.0,4,0.0,9,0 days 00:14:28
3,4,2,False,2,0.4285,0,0.4215,4,0.09,1,0.03166666666666666,6,0.028333333333333335,3,0 days 00:42:13
3,8,0,False,0,0.62,2,0.33,7,0.05,1,0.0,3,0.0,9,0 days 00:21:13
3,4,1,False,1,0.65,6,0.2,2,0.12,7,0.02,8,0.01,9,0 days 01:09:33
3,6,3,False,3,0.7125,2,0.21,7,0.07,4,0.005,6,0.0025,5,0 days 00:35:04
3,8,1,False,1,0.94,4,0.04,7,0.01,0,0.01,3,0.0,9,0 days 01:13:29
3,4,8,False,8,0.63,4,0.29,2,0.07,1,0.01,3,0.0,2,0 days 00:23:54
3,6,2,False,2,1.0,0,0.0,1,0.0,3,0.0,4,0.0,7,0 days 00:00:58
3,6,8,False,8,0.69,1,0.29,4,0.011666666666666665,2,0.008333333333333333,3,0.0,7,0 days 00:31:13
3,8,3,False,3,0.69,4,0.16,6,0.11,8,0.03,2,0.01,4,0 days 00:27:59
3,4,3,False,3,0.88,4,0.06666666666666667,1,0.05333333333333334,0,0.0,2,0.0,2,0 days 00:43:35
3,6,2,False,2,0.63,3,0.25,6,0.09,7,0.03,0,0.0,3,0 days 00:30:27
3,6,3,False,3,0.71,1,0.16233333333333333,4,0.11766666666666667,7,0.01,2,0.0,8,0 days 00:24:30
3,6,3,False,3,0.64,2,0.24,7,0.08,6,0.04,0,0.0,4,0 days 00:30:24
3,6,8,False,8,0.72,6,0.16,1,0.07,4,0.05,3,0.0,2,0 days 00:48:44
3,4,1,False,1,0.5060000000000001,3,0.494,0,0.0,2,0.0,4,0.0,5,0 days 00:15:50
3,6,3,False,3,0.61,6,0.2,0,0.17,7,0.02,2,0.0,2,0 days 00:34:00
3,4,0,False,0,0.53,8,0.44,2,0.02,7,0.01,3,0.0,6,0 days 01:12:47
3,6,8,False,8,0.92,6,0.05,2,0.03,1,0.0,3,0.0,2,0 days 00:50:09
3,4,3,False,3,0.45699999999999996,6,0.42300000000000004,1,0.11,7,0.01,2,0.0,8,0 days 00:22:54
3,8,3,False,3,0.65,6,0.33,4,0.01,2,0.01,0,0.0,9,0 days 00:33:04
3,4,2,False,2,0.63,8,0.27,3,0.07,4,0.02,6,0.01,4,0 days 00:40:11
3,6,1,False,1,0.89,6,0.09,4,0.02,0,0.0,3,0.0,2,0 days 00:40:34
3,8,2,False,2,0.7671345598845598,1,0.22486544011544002,3,0.008,0,0.0,4,0.0,9,0 days 00:16:23
3,8,2,False,2,0.65,4,0.24,3,0.09,6,0.02,0,0.0,9,0 days 00:33:09
3,6,3,False,3,0.76,4,0.2,2,0.0225,6,0.015,7,0.0025,4,0 days 00:07:20
3,6,2,False,2,0.91,5,0.08,3,0.01,1,0.0,0,0.0,7,0 days 00:20:38
3,6,3,False,3,0.7,8,0.26666666666666666,1,0.03,2,0.003333333333333333,4,0.0,7,0 days 00:06:27
3,8,2,False,2,0.9488809523809523,3,0.04083333333333334,1,0.010285714285714285,0,0.0,4,0.0,9,0 days 00:15:53
3,4,4,True,4,0.69,8,0.3,1,0.01,2,0.0,3,0.0,1,0 days 00:59:06
3,8,8,True,8,0.59,1,0.28,2,0.09,4,0.04,3,0.0,1,0 days 00:45:28
3,8,1,False,1,0.61,3,0.24,8,0.12,6,0.015,5,0.015,3,0 days 00:41:57
3,4,2,False,2,0.6,3,0.22,6,0.14,1,0.03,4,0.01,5,0 days 00:29:39
3,8,0,False,0,0.63,2,0.25,4,0.07333333333333333,8,0.04666666666666666,3,0.0,4,0 days 00:59:15
3,2,0,False,0,0.88,8,0.09,2,0.02,7,0.01,3,0.0,3,0 days 01:12:50
4,0,4,False,4,0.45,7,0.41,1,0.13,2,0.01,3,0.0,6,0 days 01:02:45
4,1,3,False,3,0.5,8,0.449,2,0.051,1,0.0,4,0.0,4,0 days 00:43:19
4,1,2,False,2,0.45,7,0.44,0,0.11,1,0.0,3,0.0,4,0 days 01:29:27
4,1,3,False,3,0.61,2,0.26,4,0.13,1,0.0,0,0.0,4,0 days 00:37:38
4,1,2,False,2,0.67,0,0.21,7,0.1,1,0.02,3,0.0,4,0 days 01:06:13
4,1,1,True,1,0.61,4,0.25,7,0.0725,2,0.0675,3,0.0,1,0 days 01:07:19
4,2,3,False,3,0.6725119047619049,2,0.21022619047619046,4,0.10726190476190477,8,0.01,0,0.0,2,0 days 00:15:19
4,0,0,True,0,0.64,1,0.19,7,0.17,2,0.0,3,0.0,1,0 days 01:26:18
4,4,7,False,7,0.6,1,0.25,3,0.11,0,0.02,6,0.02,8,0 days 01:21:03
4,1,3,False,3,0.8211666666666666,2,0.1355,8,0.028333333333333332,1,0.015,4,0.0,4,0 days 00:15:58
4,0,1,False,1,0.67,2,0.21,8,0.06,7,0.05,4,0.01,8,0 days 01:24:48
4,2,6,False,6,0.86,2,0.06,4,0.06,1,0.02,3,0.0,2,0 days 00:36:47
4,3,1,False,1,0.89,3,0.056666666666666664,2,0.05333333333333333,0,0.0,4,0.0,2,0 days 00:23:35
4,2,2,True,2,0.84,7,0.14,1,0.01,0,0.01,3,0.0,1,0 days 01:06:18
4,0,2,False,2,0.68,1,0.24,4,0.06,6,0.02,3,0.0,6,0 days 00:51:47
4,3,2,False,2,0.5536428571428572,7,0.34635714285714286,6,0.05,1,0.05,3,0.0,5,0 days 00:19:56
4,5,1,False,1,0.4188650793650794,0,0.28811111111111104,7,0.28302380952380946,3,0.01,2,0.0,7,0 days 00:45:02
4,1,2,False,2,0.9,0,0.1,1,0.0,3,0.0,4,0.0,3,0 days 02:10:10
4,2,8,False,8,0.61,4,0.36,0,0.03,2,0.0,3,0.0,4,0 days 00:41:42
4,0,3,False,3,0.53,7,0.41,6,0.05,1,0.01,2,0.0,6,0 days 00:14:17
4,0,1,False,1,0.89,0,0.1,5,0.01,2,0.0,3,0.0,2,0 days 01:53:25
4,0,0,True,0,0.62,2,0.38,1,0.0,3,0.0,4,0.0,1,0 days 02:04:18
4,0,8,False,8,0.51,1,0.41,7,0.07,3,0.01,2,0.0,8,0 days 00:07:53
4,0,1,False,1,0.526297619047619,2,0.40370238095238087,7,0.06,4,0.01,3,0.0,6,0 days 01:08:31
4,2,4,False,4,0.58,6,0.29,3,0.08,1,0.05,2,0.0,5,0 days 00:25:18
4,2,2,True,2,0.4883333333333333,7,0.445,6,0.05,8,0.016666666666666666,3,0.0,1,0 days 00:21:23
4,8,2,False,2,0.59,6,0.28,3,0.13,1,0.0,0,0.0,9,0 days 00:18:28
4,2,4,False,4,0.62,8,0.18358333333333335,1,0.15641666666666665,2,0.04,3,0.0,4,0 days 00:45:41
4,3,6,False,6,0.67,1,0.22,7,0.07,3,0.03,4,0.01,4,0 days 00:24:27
4,1,7,False,7,0.75,0,0.25,2,0.0,1,0.0,3,0.0,4,0 days 01:19:32
4,2,2,True,2,0.68,1,0.32,0,0.0,3,0.0,4,0.0,1,0 days 00:05:55
4,7,2,False,2,0.66,3,0.225,6,0.08,1,0.03,4,0.005,8,0 days 00:34:11
4,2,2,True,2,0.71,1,0.24,3,0.03,7,0.02,0,0.0,1,0 days 00:04:38
4,0,7,False,7,0.67,2,0.24,5,0.07,0,0.02,3,0.0,4,0 days 01:43:42
4,3,4,False,4,0.7,8,0.22,6,0.06,1,0.02,3,0.0,5,0 days 00:47:01
4,7,2,False,2,0.71,1,0.15,7,0.1,8,0.04,3,0.0,3,0 days 01:05:38
4,3,4,False,4,0.62,2,0.33,8,0.03,6,0.01,1,0.01,6,0 days 00:31:31
4,1,1,True,1,0.4010912698412698,7,0.33,3,0.2689087301587302,0,0.0,2,0.0,1,0 days 00:15:36
4,3,7,False,7,0.73,8,0.22,3,0.04,2,0.01,0,0.0,3,0 days 00:09:06
4,3,2,False,2,0.5336666666666666,1,0.41,3,0.053,7,0.003333333333333333,0,0.0,3,0 days 00:16:48
4,3,6,False,6,0.73,3,0.19,1,0.06,8,0.02,2,0.0,2,0 days 00:14:00
4,7,7,True,7,0.6,1,0.2833333333333333,8,0.07666666666666666,4,0.03,2,0.01,1,0 days 00:45:36
4,1,6,False,6,0.62,3,0.146,1,0.13183333333333333,2,0.10216666666666667,0,0.0,3,0 days 00:15:41
4,1,3,False,3,0.5916666666666667,1,0.312,2,0.09633333333333333,0,0.0,4,0.0,2,0 days 00:15:06
4,1,1,True,1,0.96,3,0.023333333333333334,2,0.016666666666666666,0,0.0,4,0.0,1,0 days 00:23:40
4,7,7,True,7,0.79,1,0.14,6,0.05,2,0.01,3,0.01,1,0 days 00:24:22
4,7,6,False,6,0.63,1,0.18202380952380948,3,0.17797619047619048,2,0.01,0,0.0,8,0 days 00:20:14
4,1,1,True,1,0.7974682539682538,2,0.17921428571428571,3,0.02331746031746032,0,0.0,4,0.0,1,0 days 00:16:04
4,4,4,True,4,0.78,6,0.17,1,0.03,8,0.02,3,0.0,1,0 days 00:56:27
4,2,2,True,2,0.7489999999999999,3,0.14883333333333335,4,0.1021666666666667,1,0.0,0,0.0,1,0 days 00:26:03
4,3,2,False,2,0.58,1,0.29,6,0.1,4,0.02,3,0.01,5,0 days 00:26:51
4,2,4,False,4,0.58,6,0.27,3,0.08,1,0.07,2,0.0,5,0 days 00:25:14
4,2,1,False,1,0.61,0,0.18,6,0.18,5,0.03,3,0.0,6,0 days 00:51:41
4,3,6,False,6,0.61,2,0.35,7,0.04,0,0.0,3,0.0,5,0 days 00:36:17
4,2,1,False,1,0.64,6,0.18,4,0.12,3,0.06,2,0.0,5,0 days 00:25:28
4,2,1,False,1,0.7974682539682538,2,0.17921428571428571,3,0.02331746031746032,0,0.0,4,0.0,2,0 days 00:16:04
4,2,6,False,6,0.6,4,0.27,2,0.13,0,0.0,3,0.0,3,0 days 00:12:56
4,2,5,False,5,0.62,0,0.27,1,0.09,8,0.02,3,0.0,8,0 days 01:28:14
4,7,8,False,8,0.61,1,0.25,7,0.09,2,0.05,3,0.0,3,0 days 01:24:57
4,2,8,False,8,0.7645238095238096,3,0.17547619047619048,6,0.04,1,0.02,2,0.0,5,0 days 00:33:09
4,2,1,False,1,0.5128333333333334,7,0.4671666666666666,2,0.02,0,0.0,3,0.0,3,0 days 01:10:52
4,2,2,True,2,0.515,7,0.445,6,0.02,8,0.02,3,0.0,1,0 days 00:21:20
4,0,8,False,8,0.65,2,0.29,7,0.04,0,0.02,3,0.0,4,0 days 01:20:14
4,2,2,True,2,0.92,0,0.08,1,0.0,3,0.0,4,0.0,1,0 days 02:06:23
4,2,4,False,4,0.61,1,0.27,2,0.07,7,0.03,3,0.02,3,0 days 00:14:09
4,2,7,False,7,0.57,3,0.34,2,0.07,1,0.01,6,0.01,3,0 days 00:14:16
4,2,8,False,8,0.55,1,0.43,6,0.02,2,0.0,3,0.0,4,0 days 00:14:26
4,2,3,False,3,0.83,4,0.14,7,0.011666666666666665,2,0.01,6,0.008333333333333333,4,0 days 00:07:13
4,2,4,False,4,0.67,7,0.24,8,0.09,0,0.0,3,0.0,6,0 days 01:15:53
4,4,2,False,2,0.5,1,0.28,0,0.22,3,0.0,4,0.0,5,0 days 01:41:45
4,1,8,False,8,0.6,2,0.16296969696969701,3,0.12704545454545454,1,0.09998484848484848,4,0.01,4,0 days 00:53:29
4,2,6,False,6,0.6325,4,0.3075,1,0.06,0,0.0,3,0.0,6,0 days 00:43:52
4,8,1,False,1,0.4188650793650794,0,0.28811111111111104,7,0.28302380952380946,2,0.01,3,0.0,9,0 days 00:45:00
4,1,3,False,3,0.5089523809523809,4,0.4610476190476191,1,0.03,0,0.0,2,0.0,3,0 days 00:15:50
4,1,4,False,4,0.66,1,0.20181818181818179,8,0.09,2,0.030136363636363638,3,0.018045454545454545,2,0 days 00:53:27
4,1,2,False,2,0.6,0,0.25,4,0.08,8,0.07,3,0.0,8,0 days 01:04:14
4,7,8,False,8,0.65,7,0.31499999999999995,2,0.034999999999999996,1,0.0,3,0.0,2,0 days 01:07:27
4,1,3,False,3,0.3437777777777778,6,0.3303650793650793,1,0.32585714285714285,0,0.0,2,0.0,3,0 days 00:14:47
4,1,3,False,3,0.4496666666666666,1,0.42033333333333334,2,0.12333333333333334,8,0.006666666666666666,4,0.0,2,0 days 00:16:35
4,3,3,True,3,0.7530000000000002,8,0.22699999999999998,2,0.02,1,0.0,4,0.0,1,0 days 00:16:28
4,1,3,False,3,0.89,4,0.05666666666666667,1,0.03333333333333333,6,0.02,2,0.0,3,0 days 00:24:46
4,1,1,True,1,0.65,2,0.33,4,0.02,0,0.0,3,0.0,1,0 days 00:17:52
4,3,1,False,1,0.77,7,0.18,2,0.04,8,0.01,3,0.0,5,0 days 00:05:41
4,4,4,True,4,0.61,8,0.37,1,0.02,2,0.0,3,0.0,1,0 days 00:59:06
4,2,8,False,8,0.65,7,0.27,2,0.07,0,0.01,3,0.0,3,0 days 01:20:03
4,4,1,False,1,0.47972619047619053,2,0.29133333333333317,3,0.22894047619047617,0,0.0,4,0.0,5,0 days 00:15:17
4,7,8,False,8,0.62,2,0.23,0,0.09,1,0.06,4,0.0,9,0 days 00:56:57
4,1,6,False,6,0.7031666666666666,4,0.21,1,0.04683333333333334,7,0.02,8,0.02,3,0 days 00:40:39
4,3,3,True,3,0.6679999999999999,4,0.30616666666666664,1,0.02583333333333333,0,0.0,2,0.0,1,0 days 00:15:43
4,3,3,True,3,0.45,2,0.43,0,0.065,4,0.034666666666666665,1,0.020333333333333335,1,0 days 00:23:18
4,1,0,False,0,0.63,7,0.22,2,0.13,1,0.02,3,0.0,4,0 days 01:32:50
4,7,7,True,7,0.76,1,0.22,4,0.02,0,0.0,3,0.0,1,0 days 01:03:00
4,2,8,False,8,0.37835714285714284,2,0.31177380952380945,1,0.2822023809523808,3,0.023666666666666662,7,0.004,2,0 days 00:16:23
4,2,1,False,1,0.66,8,0.23,4,0.105,7,0.005,3,0.0,6,0 days 00:59:35
4,7,0,False,0,0.7,5,0.24,1,0.06,2,0.0,3,0.0,8,0 days 01:39:40
4,3,1,False,1,0.6289761904761906,2,0.18190476190476187,3,0.11266666666666665,8,0.07645238095238095,4,0.0,3,0 days 00:16:16
4,2,4,False,4,0.68,1,0.2,8,0.07,2,0.05,3,0.0,4,0 days 00:23:59
4,2,1,False,1,0.65,2,0.35,0,0.0,3,0.0,4,0.0,2,0 days 00:02:56
4,2,1,False,1,0.87,2,0.12,3,0.01,0,0.0,4,0.0,2,0 days 00:24:10
4,2,4,False,4,0.64,8,0.21,1,0.15,2,0.0,3,0.0,4,0 days 00:45:23
4,7,8,False,8,0.8531666666666666,2,0.10683333333333334,1,0.03,5,0.01,3,0.0,9,0 days 01:01:16
4,7,2,False,2,0.5,6,0.42,3,0.0425,1,0.0375,0,0.0,8,0 days 00:20:05
4,7,2,False,2,0.7875,7,0.1725,8,0.04,1,0.0,3,0.0,2,0 days 00:21:18
4,8,2,False,2,0.63,3,0.26,1,0.09,8,0.02,4,0.0,4,0 days 00:06:20
4,8,8,True,8,0.37935714285714295,1,0.3248571428571428,4,0.2857857142857142,6,0.01,3,0.0,1,0 days 00:42:38
4,8,7,False,7,0.75,8,0.21,2,0.04,1,0.0,3,0.0,2,0 days 01:05:25
4,3,6,False,6,0.340595238095238,7,0.33695238095238084,2,0.28245238095238084,3,0.04,0,0.0,4,0 days 00:07:09
4,4,2,False,2,0.88,1,0.08,0,0.04,3,0.0,4,0.0,5,0 days 01:14:05
4,4,1,False,1,0.65,4,0.2,8,0.15,2,0.0,3,0.0,2,0 days 00:58:54
4,2,8,False,8,0.37835714285714284,2,0.31177380952380945,1,0.2822023809523808,3,0.023666666666666662,7,0.004,2,0 days 00:16:23
4,2,7,False,7,0.45899999999999985,1,0.45504761904761915,4,0.052523809523809535,2,0.03342857142857143,3,0.0,4,0 days 00:15:11
4,4,1,False,1,0.67,4,0.19,6,0.09666666666666666,2,0.04333333333333333,3,0.0,2,0 days 00:12:03
4,7,3,False,3,0.81,8,0.14,0,0.020952380952380955,1,0.019047619047619046,4,0.01,9,0 days 00:58:37
4,7,7,True,7,0.67,0,0.25,1,0.08,2,0.0,3,0.0,1,0 days 01:19:21
4,1,7,False,7,0.69,2,0.23,1,0.07,0,0.01,3,0.0,3,0 days 01:18:58
4,3,3,True,3,0.46,2,0.44,7,0.056666666666666664,6,0.04,8,0.003333333333333333,1,0 days 00:17:39
4,1,6,False,6,0.6,3,0.35,4,0.05,0,0.0,2,0.0,6,0 days 00:17:01
4,7,0,False,0,0.58,7,0.34,1,0.08,2,0.0,3,0.0,2,0 days 01:19:17
4,1,8,False,8,0.62,1,0.28,4,0.07,7,0.02,0,0.01,2,0 days 01:13:29
4,1,3,False,3,0.48849999999999993,2,0.4015000000000001,8,0.11,1,0.0,4,0.0,4,0 days 00:15:21
4,3,2,False,2,0.67,8,0.3,1,0.03,0,0.0,4,0.0,8,0 days 00:31:26
4,1,6,False,6,0.61,2,0.25,3,0.14,1,0.0,0,0.0,4,0 days 00:21:01
4,1,1,True,1,0.71,8,0.14500000000000002,2,0.115,7,0.02,5,0.01,1,0 days 01:01:24
4,1,2,False,2,0.88,1,0.12,0,0.0,3,0.0,4,0.0,2,0 days 00:24:08
4,1,3,False,3,0.5221666666666667,1,0.4488333333333333,4,0.028999999999999998,0,0.0,2,0.0,2,0 days 00:15:44
4,1,1,True,1,0.5723809523809524,4,0.21569047619047615,2,0.2019285714285714,7,0.01,3,0.0,1,0 days 00:15:09
4,4,7,False,7,0.61,3,0.28,2,0.11,1,0.0,0,0.0,6,0 days 00:44:52
4,4,4,True,4,0.58,2,0.3,3,0.12,1,0.0,0,0.0,1,0 days 00:08:19
4,8,2,False,2,0.58,3,0.2781666666666666,7,0.07,4,0.042,6,0.019833333333333335,9,0 days 00:35:25
4,4,3,False,3,0.4399761904761905,1,0.42002380952380947,2,0.09,6,0.04,7,0.01,8,0 days 00:16:57
4,1,4,False,4,0.7175,6,0.2225,1,0.06,0,0.0,3,0.0,3,0 days 00:43:51
4,7,4,False,4,0.68,2,0.25,3,0.05,1,0.02,0,0.0,8,0 days 00:37:36
4,3,3,True,3,0.85,2,0.1,7,0.03,1,0.01,4,0.01,1,0 days 00:22:35
4,3,1,False,1,0.6818058608058608,4,0.1615899794649794,3,0.15660415972915961,0,0.0,2,0.0,3,0 days 00:15:33
4,3,2,False,2,0.5135000000000001,3,0.41983333333333334,1,0.06666666666666667,0,0.0,4,0.0,2,0 days 00:18:55
4,1,3,False,3,0.66,1,0.12407936507936508,0,0.11342063492063492,7,0.1025,2,0.0,2,0 days 00:45:04
4,3,2,False,2,0.86,8,0.11,1,0.03,0,0.0,4,0.0,8,0 days 00:36:56
4,7,2,False,2,0.71,1,0.24,3,0.03,7,0.02,0,0.0,4,0 days 00:04:38
4,3,3,True,3,0.6451428571428574,2,0.33485714285714296,7,0.02,1,0.0,0,0.0,1,0 days 00:14:59
4,7,7,True,7,0.86,4,0.1,8,0.04,0,0.0,3,0.0,1,0 days 01:00:21
4,8,1,False,1,0.88,2,0.08,6,0.02,4,0.02,3,0.0,9,0 days 00:51:45
4,8,4,False,4,0.8291666666666668,1,0.12083333333333333,3,0.04,6,0.01,2,0.0,9,0 days 00:17:04
4,8,4,False,4,0.59,6,0.35,2,0.05,7,0.01,3,0.0,9,0 days 00:36:25
4,8,6,False,6,0.64,8,0.25,2,0.1,3,0.01,0,0.0,2,0 days 00:50:09
4,8,8,True,8,0.81,2,0.11,1,0.07,7,0.01,3,0.0,1,0 days 00:05:26
4,4,2,False,2,0.4506666666666666,3,0.4393333333333333,1,0.11,0,0.0,4,0.0,5,0 days 00:47:27
4,5,3,False,3,0.35592857142857137,2,0.3308214285714285,4,0.3132499999999999,1,0.0,0,0.0,6,0 days 00:26:07
4,4,1,False,1,0.95,6,0.04,4,0.006666666666666666,2,0.003333333333333333,3,0.0,3,0 days 00:29:26
4,8,2,False,2,0.72,4,0.18,6,0.06,3,0.04,0,0.0,9,0 days 00:13:10
4,6,2,False,2,0.55,1,0.325,3,0.11,6,0.015,0,0.0,4,0 days 00:29:07
4,6,2,False,2,0.64,4,0.17,1,0.14,6,0.04,8,0.01,4,0 days 00:31:38
4,6,6,True,6,0.44,3,0.41,8,0.1,2,0.05,0,0.0,1,0 days 00:50:06
4,8,3,False,3,0.6,8,0.28,6,0.1,2,0.01,1,0.01,2,0 days 00:13:55
4,8,1,False,1,0.45183333333333325,7,0.43816666666666676,8,0.06,4,0.05,3,0.0,3,0 days 00:45:18
4,4,8,False,8,0.61,7,0.24,0,0.11,2,0.04,3,0.0,6,0 days 01:04:33
4,6,1,False,1,0.72,3,0.17,2,0.1,6,0.01,0,0.0,4,0 days 00:29:08
4,6,8,False,8,0.5341190476190475,2,0.3958809523809525,3,0.06,6,0.01,0,0.0,4,0 days 00:43:14
4,6,1,False,1,0.56,6,0.32,4,0.06,2,0.06,3,0.0,2,0 days 00:42:48
4,4,3,False,3,0.66,6,0.2,7,0.09,2,0.05,0,0.0,8,0 days 00:17:44
4,6,4,False,4,0.67,2,0.18147619047619049,6,0.12852380952380954,3,0.02,0,0.0,3,0 days 00:29:47
4,6,2,False,2,0.77,4,0.2,3,0.02,5,0.01,0,0.0,7,0 days 00:32:53
4,4,3,False,3,0.8,1,0.18,4,0.02,0,0.0,2,0.0,3,0 days 00:24:56
4,8,4,False,4,0.67,8,0.23,2,0.07,7,0.03,3,0.0,2,0 days 00:46:15
4,4,8,False,8,0.7645238095238096,3,0.17547619047619048,6,0.04,1,0.02,2,0.0,6,0 days 00:33:12
4,6,3,False,3,0.61,8,0.2991666666666667,6,0.07083333333333333,0,0.02,2,0.0,3,0 days 00:41:25
4,4,2,False,2,0.78,3,0.22,1,0.0,0,0.0,4,0.0,5,0 days 00:08:36
4,6,3,False,3,0.87,6,0.12,8,0.01,1,0.0,2,0.0,2,0 days 00:48:59
4,8,7,False,7,0.4633333333333334,8,0.44666666666666666,6,0.04,1,0.0375,4,0.0125,2,0 days 01:09:42
4,6,8,False,8,0.67,1,0.25,7,0.07,3,0.01,2,0.0,9,0 days 00:07:51
4,6,8,False,8,0.37935714285714295,1,0.3248571428571428,4,0.2857857142857142,6,0.01,3,0.0,4,0 days 00:42:38
4,6,2,False,2,0.65,7,0.32,1,0.03,0,0.0,3,0.0,8,0 days 01:18:45
4,6,6,True,6,0.62,3,0.18414285714285714,8,0.15585714285714286,2,0.03,4,0.01,1,0 days 00:33:01
4,6,8,False,8,0.71,1,0.22,2,0.06,6,0.01,3,0.0,4,0 days 00:31:23
4,8,3,False,3,0.631345238095238,8,0.3653214285714285,2,0.003333333333333333,1,0.0,4,0.0,2,0 days 00:16:12
4,8,8,True,8,0.86,1,0.11,4,0.03,2,0.0,3,0.0,1,0 days 00:39:43
4,4,8,False,8,0.48041666666666666,7,0.41958333333333336,0,0.05583333333333334,4,0.04416666666666666,3,0.0,4,0 days 00:38:17
4,4,4,True,4,0.61,6,0.19,2,0.17,7,0.03,3,0.0,1,0 days 00:40:59
4,4,3,False,3,0.8,1,0.18,4,0.02,0,0.0,2,0.0,3,0 days 00:24:58
4,2,2,True,2,0.68,1,0.19,8,0.11,3,0.01,6,0.01,1,0 days 00:05:10
5,3,2,False,2,0.65,1,0.2023333333333333,8,0.12466666666666669,4,0.023,3,0.0,5,0 days 00:53:30
5,1,4,False,4,0.4281388888888889,3,0.35054365079365085,2,0.22131746031746025,1,0.0,0,0.0,4,0 days 00:15:48
5,1,1,True,1,0.7046428571428568,3,0.2770238095238094,4,0.01833333333333333,0,0.0,2,0.0,1,0 days 00:15:45
5,1,1,True,1,0.2535,2,0.24650000000000002,6,0.24333333333333332,7,0.22666666666666668,3,0.03,1,0 days 00:17:28
5,1,6,False,6,0.6,1,0.29,3,0.1,0,0.01,2,0.0,2,0 days 00:14:21
5,1,1,True,1,0.62,0,0.32,5,0.06,2,0.0,3,0.0,1,0 days 01:28:39
5,0,0,True,0,0.63,2,0.27,4,0.07,8,0.03,3,0.0,1,0 days 01:10:04
5,3,1,False,1,0.7189047619047619,3,0.2790952380952381,4,0.002,0,0.0,2,0.0,2,0 days 00:15:35
5,0,1,False,1,0.68,7,0.24,2,0.065,6,0.01,0,0.005,5,0 days 01:32:54
5,4,1,False,1,0.62,8,0.2,6,0.15,3,0.03,2,0.0,6,0 days 00:17:05
5,1,4,False,4,0.58,1,0.38,3,0.03,6,0.01,2,0.0,2,0 days 00:29:24
5,0,1,False,1,0.51,0,0.45,8,0.04,2,0.0,4,0.0,2,0 days 01:49:25
5,1,2,False,2,0.53,4,0.3673333333333333,7,0.10266666666666666,0,0.0,3,0.0,6,0 days 00:16:39
5,3,3,True,3,0.7773531746031747,4,0.12331746031746034,2,0.09932936507936507,1,0.0,0,0.0,1,0 days 00:15:47
5,1,3,False,3,0.4542142857142858,1,0.42578571428571427,2,0.11,8,0.01,4,0.0,2,0 days 00:16:35
5,0,4,False,4,0.56,2,0.43,7,0.01,0,0.0,3,0.0,4,0 days 01:02:11
5,4,7,False,7,0.69,4,0.2003333333333333,6,0.07,8,0.029666666666666668,2,0.01,2,0 days 00:09:54
5,2,3,False,3,0.7741666666666666,1,0.2124047619047619,2,0.01,4,0.0034285714285714284,0,0.0,3,0 days 00:15:31
5,3,3,True,3,0.49183333333333334,2,0.4293333333333333,8,0.07883333333333334,1,0.0,4,0.0,1,0 days 00:16:11
5,1,7,False,7,0.65,0,0.18,8,0.16,2,0.01,3,0.0,8,0 days 01:10:10
5,3,4,False,4,0.6,2,0.27,3,0.12,7,0.01,0,0.0,3,0 days 00:17:43
5,5,0,False,0,0.57,1,0.26,2,0.17,3,0.0,4,0.0,6,0 days 02:58:49
5,5,4,False,4,0.71,3,0.18,5,0.08,8,0.03,2,0.0,3,0 days 00:39:36
5,0,7,False,7,0.67,0,0.17,2,0.16,1,0.0,3,0.0,2,0 days 01:30:26
5,2,7,False,7,0.68,8,0.18,4,0.08092857142857143,3,0.030214285714285714,6,0.028857142857142856,6,0 days 00:35:22
5,0,1,False,1,0.5,4,0.47,8,0.03,2,0.0,3,0.0,8,0 days 00:52:03
5,0,3,False,3,0.56,6,0.33,7,0.08,2,0.03,0,0.0,5,0 days 00:37:00
5,0,2,False,2,0.93,7,0.06,8,0.01,1,0.0,3,0.0,8,0 days 01:05:00
5,3,1,False,1,0.58,4,0.42,2,0.0,0,0.0,3,0.0,5,0 days 00:52:33
5,3,3,True,3,0.5592619047619047,1,0.4407380952380952,0,0.0,2,0.0,4,0.0,1,0 days 00:15:42
5,7,7,True,7,0.66,2,0.26,8,0.08,1,0.0,3,0.0,1,0 days 01:05:17
5,4,7,False,7,0.89,1,0.06,4,0.03,3,0.02,2,0.0,3,0 days 01:02:17
5,2,2,True,2,0.67,8,0.21,4,0.09716666666666667,3,0.02283333333333333,0,0.0,1,0 days 00:34:34
5,1,1,True,1,0.44198051948051953,2,0.34781637806637794,3,0.2077031024531025,8,0.0025,4,0.0,1,0 days 00:15:52
5,7,4,False,4,0.42,2,0.38,1,0.14,8,0.04,6,0.02,9,0 days 00:37:15
5,3,4,False,4,0.57,2,0.21,1,0.16,6,0.02,8,0.02,7,0 days 00:37:14
5,3,4,False,4,0.65,5,0.16633333333333333,6,0.12366666666666667,3,0.03,8,0.03,4,0 days 00:41:53
5,7,4,False,4,0.69,1,0.2,6,0.11,0,0.0,3,0.0,8,0 days 00:51:57
5,1,7,False,7,0.64,1,0.31,8,0.04,4,0.01,3,0.0,2,0 days 00:55:37
5,1,2,False,2,0.65,1,0.17,5,0.12,4,0.03,3,0.02,2,0 days 00:33:26
5,4,1,False,1,0.88,7,0.09,3,0.02,2,0.01,0,0.0,6,0 days 00:15:38
5,2,4,False,4,0.73,8,0.14,3,0.11,2,0.02,0,0.0,4,0 days 00:40:11
5,1,2,False,2,0.5040151515151515,1,0.49098484848484847,3,0.005,0,0.0,4,0.0,2,0 days 00:16:04
5,3,6,False,6,0.82,4,0.14,1,0.02,2,0.02,3,0.0,5,0 days 00:25:45
5,2,2,True,2,0.31617460317460305,1,0.24307936507936506,3,0.24217460317460307,8,0.1001984126984127,4,0.09837301587301585,1,0 days 00:16:08
5,8,1,False,1,0.52,4,0.39,2,0.09,0,0.0,3,0.0,9,0 days 00:59:39
5,8,2,False,2,0.65,7,0.23,0,0.09,8,0.02,1,0.01,4,0 days 00:56:52
5,7,4,False,4,0.55,1,0.27,0,0.17,7,0.01,3,0.0,4,0 days 01:24:35
5,3,3,True,3,0.94,1,0.06,0,0.0,2,0.0,4,0.0,1,0 days 00:38:53
5,8,8,True,8,0.61,1,0.32,4,0.06,2,0.01,3,0.0,1,0 days 00:59:48
5,2,2,True,2,0.37255158730158705,3,0.22787698412698407,4,0.21187301587301582,8,0.18769841269841273,0,0.0,1,0 days 00:16:07
5,2,2,True,2,0.68,1,0.23,8,0.08,3,0.01,4,0.0,1,0 days 00:05:09
5,2,3,False,3,0.9433333333333335,1,0.056666666666666664,0,0.0,2,0.0,4,0.0,4,0 days 00:15:27
5,0,2,False,2,0.7,1,0.27,7,0.03,0,0.0,3,0.0,4,0 days 01:34:51
5,2,3,False,3,0.4771666666666667,2,0.3928333333333333,1,0.09,7,0.04,0,0.0,2,0 days 00:36:56
5,2,2,True,2,0.5,6,0.5,1,0.0,0,0.0,3,0.0,1,0 days 00:01:03
5,2,1,False,1,0.61,2,0.33,6,0.06,0,0.0,3,0.0,2,0 days 00:21:48
5,2,0,False,0,0.64,3,0.21,8,0.15,1,0.0,4,0.0,8,0 days 00:21:11
5,2,1,False,1,0.56,8,0.3,6,0.1,2,0.03,3,0.01,4,0 days 00:13:39
5,0,0,True,0,0.71,5,0.24,7,0.04,2,0.01,3,0.0,1,0 days 01:38:46
5,2,1,False,1,0.63,3,0.24,2,0.11,6,0.02,0,0.0,3,0 days 00:26:45
5,2,6,False,6,0.67,3,0.21,1,0.08,0,0.04,2,0.0,5,0 days 01:33:34
5,2,6,False,6,0.45,8,0.38,2,0.1,3,0.07,0,0.0,3,0 days 00:01:25
5,3,1,False,1,0.67,7,0.22,2,0.09,6,0.02,3,0.0,5,0 days 00:20:11
5,4,8,False,8,0.61,7,0.27,1,0.11,0,0.01,3,0.0,6,0 days 00:50:58
5,2,2,True,2,0.61,3,0.2,8,0.13,0,0.04,7,0.02,1,0 days 00:09:17
5,7,8,False,8,0.67,0,0.26,7,0.04,2,0.03,3,0.0,3,0 days 01:07:31
5,3,8,False,8,0.69,6,0.22,2,0.08,4,0.01,3,0.0,5,0 days 00:27:56
5,1,1,True,1,0.4896847041847041,3,0.34812337662337656,4,0.16219191919191914,0,0.0,2,0.0,1,0 days 00:15:33
5,1,7,False,7,0.58,2,0.32,1,0.09,4,0.01,3,0.0,3,0 days 01:11:00
5,3,8,False,8,0.54,3,0.22,2,0.1345,1,0.10549999999999998,4,0.0,2,0 days 00:16:32
5,1,2,False,2,0.49830952380952376,1,0.44466666666666677,8,0.05702380952380952,0,0.0,4,0.0,2,0 days 00:16:14
5,1,2,False,2,0.87,7,0.07,4,0.04,1,0.02,3,0.0,4,0 days 00:53:54
5,3,3,True,3,0.69,1,0.22,6,0.09,0,0.0,2,0.0,1,0 days 00:39:04
5,0,3,False,3,0.72,8,0.13,1,0.09,7,0.06,2,0.0,8,0 days 01:06:59
5,4,2,False,2,0.69,6,0.27,3,0.03,5,0.01,0,0.0,7,0 days 00:32:51
5,4,6,False,6,0.72,2,0.28,1,0.0,0,0.0,3,0.0,6,0 days 00:42:53
5,4,3,False,3,0.9783333333333333,1,0.021666666666666664,0,0.0,2,0.0,4,0.0,5,0 days 00:15:43
5,7,4,False,4,0.4150000000000001,2,0.4049999999999999,8,0.135,7,0.045,3,0.0,4,0 days 01:15:52
5,7,1,False,1,0.69,0,0.27,8,0.04,2,0.0,4,0.0,9,0 days 01:49:27
5,1,7,False,7,0.62,2,0.19,1,0.15,6,0.04,3,0.0,3,0 days 00:18:36
5,1,6,False,6,0.68,3,0.16266666666666665,7,0.11733333333333335,2,0.04,0,0.0,6,0 days 00:18:43
5,1,7,False,7,0.67,3,0.2395,4,0.09049999999999998,0,0.0,2,0.0,6,0 days 00:17:22
5,7,1,False,1,0.78,7,0.18,2,0.03,4,0.01,3,0.0,2,0 days 01:13:53
5,1,2,False,2,0.59,6,0.25,4,0.075,1,0.055,3,0.03,4,0 days 00:32:31
5,1,1,True,1,0.7189047619047619,3,0.2790952380952381,4,0.002,0,0.0,2,0.0,1,0 days 00:15:35
5,7,1,False,1,0.7,7,0.27,0,0.02,3,0.01,2,0.0,2,0 days 01:12:03
5,4,1,False,1,0.73,2,0.2,4,0.05,6,0.02,3,0.0,3,0 days 00:43:51
5,2,0,False,0,0.61,8,0.24,2,0.0825,7,0.05,6,0.0175,3,0 days 01:03:17
5,2,4,False,4,0.9,1,0.1,2,0.0,0,0.0,3,0.0,3,0 days 00:57:44
5,1,7,False,7,0.58,8,0.26,4,0.16,0,0.0,3,0.0,8,0 days 00:44:31
5,1,4,False,4,0.46983333333333327,7,0.42016666666666663,1,0.08,2,0.02,3,0.01,3,0 days 00:16:41
5,1,2,False,2,0.6285238095238095,8,0.30230952380952375,1,0.06916666666666667,0,0.0,4,0.0,3,0 days 00:16:15
5,1,1,True,1,0.61,3,0.2615952380952381,7,0.06902380952380952,2,0.059380952380952375,0,0.0,1,0 days 00:19:48
5,1,2,False,2,0.71,7,0.21,0,0.07,1,0.01,3,0.0,4,0 days 01:08:30
5,3,1,False,1,0.2535,2,0.24650000000000002,6,0.24333333333333332,7,0.22666666666666668,3,0.03,5,0 days 00:17:28
5,2,6,False,6,0.69,2,0.17,4,0.09,8,0.05,3,0.0,2,0 days 00:02:16
5,2,2,True,2,0.56,1,0.25,0,0.18,7,0.01,3,0.0,1,0 days 01:08:12
5,2,7,False,7,0.66,4,0.24,2,0.1,0,0.0,3,0.0,3,0 days 01:11:17
5,2,8,False,8,0.8156666666666668,4,0.13433333333333333,3,0.04,7,0.01,2,0.0,5,0 days 00:43:23
5,3,3,True,3,0.69,1,0.28,4,0.03,0,0.0,2,0.0,1,0 days 00:17:14
5,7,7,True,7,0.49,6,0.43,8,0.06,1,0.02,3,0.0,1,0 days 00:51:07
5,2,3,False,3,0.68,2,0.25,8,0.07,1,0.0,4,0.0,2,0 days 00:01:15
5,7,2,False,2,0.76,6,0.15,3,0.04,0,0.03,7,0.02,5,0 days 01:12:24
5,7,2,False,2,0.63,3,0.28,4,0.08,7,0.01,0,0.0,4,0 days 00:17:41
5,8,8,True,8,0.67,2,0.18,6,0.1,0,0.03,4,0.02,1,0 days 00:50:26
5,2,3,False,3,0.66,7,0.21083333333333334,4,0.09,1,0.02261904761904762,0,0.010714285714285714,8,0 days 00:44:56
5,8,7,False,7,0.66,8,0.25,2,0.06,1,0.03,3,0.0,2,0 days 01:05:30
5,8,4,False,4,0.59,7,0.26,2,0.12,1,0.03,3,0.0,9,0 days 01:11:35
5,8,6,False,6,0.63,2,0.37,1,0.0,0,0.0,3,0.0,9,0 days 00:03:31
5,2,8,False,8,0.62,1,0.32,7,0.03,4,0.02,5,0.01,8,0 days 01:01:23
5,4,7,False,7,0.89,1,0.1,0,0.01,2,0.0,3,0.0,6,0 days 01:02:52
5,2,2,True,2,0.88,4,0.12,1,0.0,0,0.0,3,0.0,1,0 days 00:08:28
5,8,1,False,1,0.64,8,0.3,6,0.06,2,0.0,3,0.0,2,0 days 01:05:52
5,4,1,False,1,0.66,0,0.25,8,0.06,7,0.03,3,0.0,6,0 days 00:50:55
5,8,8,True,8,0.7,2,0.19,1,0.08,4,0.03,3,0.0,1,0 days 00:58:04
5,3,7,False,7,0.65,0,0.18722222222222226,1,0.12277777777777779,3,0.03,8,0.01,4,0 days 00:58:40
5,3,3,True,3,0.6337380952380952,2,0.32626190476190475,7,0.04,1,0.0,0,0.0,1,0 days 00:14:59
5,3,1,False,1,0.72,2,0.1375,3,0.13249999999999998,8,0.01,4,0.0,3,0 days 00:15:58
5,7,8,False,8,0.87,1,0.11,4,0.02,2,0.0,3,0.0,9,0 days 00:59:56
5,3,4,False,4,0.4215,6,0.3885,1,0.17,7,0.01,8,0.01,6,0 days 00:22:54
5,3,0,False,0,0.4508333333333334,3,0.41916666666666663,2,0.115,6,0.01,4,0.005,2,0 days 00:32:13
5,1,2,False,2,0.67,1,0.33,0,0.0,3,0.0,4,0.0,2,0 days 01:21:37
5,3,4,False,4,0.5826666666666667,1,0.38733333333333325,3,0.02,6,0.01,2,0.0,3,0 days 00:43:37
5,4,4,True,4,0.66,1,0.25,7,0.07,0,0.02,3,0.0,1,0 days 01:24:26
5,7,4,False,4,0.57,7,0.29,8,0.14,0,0.0,3,0.0,2,0 days 01:01:42
5,1,2,False,2,0.9133333333333334,4,0.06,3,0.026666666666666665,1,0.0,0,0.0,4,0 days 00:47:19
5,1,2,False,2,0.65,1,0.2023333333333333,8,0.12466666666666669,4,0.023,3,0.0,2,0 days 00:53:30
5,1,4,False,4,0.47,6,0.45,2,0.08,0,0.0,3,0.0,6,0 days 00:01:45
5,1,1,True,1,0.4071666666666667,7,0.36283333333333334,8,0.18,3,0.04,4,0.01,1,0 days 00:45:13
5,7,8,False,8,0.76,1,0.23,4,0.01,2,0.0,3,0.0,9,0 days 00:59:53
5,1,7,False,7,0.84,8,0.07458333333333333,1,0.05541666666666666,4,0.03,3,0.0,3,0 days 00:45:34
5,1,8,False,8,0.63,1,0.21,7,0.16,2,0.0,3,0.0,2,0 days 01:22:24
5,4,1,False,1,0.7,2,0.2,6,0.07,4,0.03,3,0.0,4,0 days 00:43:47
5,2,3,False,3,0.6503809523809521,1,0.2796190476190475,2,0.054000000000000006,8,0.016,4,0.0,3,0 days 00:15:54
5,7,1,False,1,0.72,8,0.24,4,0.04,2,0.0,3,0.0,9,0 days 00:52:14
5,7,8,False,8,0.59,6,0.27,1,0.13,2,0.01,3,0.0,9,0 days 00:37:59
5,2,1,False,1,0.51,0,0.25,4,0.23,7,0.01,3,0.0,6,0 days 01:24:37
5,2,8,False,8,0.4256666666666666,4,0.4143333333333334,6,0.11,7,0.03,3,0.02,6,0 days 00:10:22
5,2,4,False,4,0.71,3,0.19,8,0.09,2,0.01,0,0.0,4,0 days 00:04:16
5,2,2,True,2,0.56,8,0.32,3,0.12,1,0.0,4,0.0,1,0 days 00:08:47
5,7,0,False,0,0.58,3,0.29,6,0.1,5,0.02,2,0.006666666666666666,8,0 days 00:51:21
5,2,7,False,7,0.59,1,0.33,8,0.05,3,0.03,2,0.0,5,0 days 01:07:09
5,2,2,True,2,0.65,0,0.2,7,0.12,3,0.02,1,0.01,1,0 days 01:34:05
5,2,4,False,4,0.4565238095238095,3,0.44347619047619047,2,0.05,5,0.04,7,0.01,3,0 days 00:26:06
5,7,2,False,2,0.66,0,0.28,3,0.06,1,0.0,4,0.0,8,0 days 00:14:16
5,8,2,False,2,0.69,6,0.2,3,0.08,4,0.03,0,0.0,9,0 days 00:11:07
5,8,4,False,4,0.4950238095238095,8,0.36497619047619045,2,0.11,7,0.03,3,0.0,2,0 days 00:46:13
5,4,0,False,0,0.63,2,0.27,4,0.09,8,0.01,3,0.0,3,0 days 01:10:03
5,4,4,True,4,0.635452380952381,2,0.3645476190476191,1,0.0,0,0.0,3,0.0,1,0 days 00:32:06
5,6,1,False,1,0.67,4,0.16166666666666665,6,0.11833333333333332,8,0.05,3,0.0,3,0 days 00:22:56
5,6,2,False,2,0.64,1,0.29,4,0.05,6,0.02,3,0.0,4,0 days 00:43:52
5,6,4,False,4,0.6,2,0.27,3,0.12,7,0.01,0,0.0,8,0 days 00:17:42
5,6,2,False,2,0.72,4,0.1136666666666667,1,0.10633333333333334,6,0.06,3,0.0,4,0 days 00:30:41
5,6,6,True,6,0.79,4,0.2,2,0.01,0,0.0,3,0.0,1,0 days 00:02:08
5,6,2,False,2,0.5065952380952381,1,0.41340476190476183,3,0.08,0,0.0,4,0.0,7,0 days 00:22:01
5,6,1,False,1,0.62,0,0.24866666666666665,2,0.11133333333333333,4,0.02,3,0.0,7,0 days 00:42:11
5,4,8,False,8,0.69,3,0.18,1,0.13,0,0.0,4,0.0,5,0 days 00:17:04
5,4,3,False,3,0.44449999999999995,4,0.4055,8,0.13,6,0.01,2,0.01,2,0 days 00:49:50
5,6,7,False,7,0.6,2,0.21,5,0.1,6,0.09,3,0.0,4,0 days 00:36:12
5,6,7,False,7,0.6013333333333334,2,0.30333333333333334,1,0.09,3,0.005333333333333333,0,0.0,8,0 days 00:20:04
5,6,8,False,8,0.4263333333333334,3,0.4161666666666666,6,0.14,2,0.0175,0,0.0,3,0 days 00:33:03
5,4,6,False,6,0.679,1,0.261,7,0.04,2,0.01,8,0.01,9,0 days 00:40:43
5,6,4,False,4,0.75,0,0.21,3,0.02,8,0.02,2,0.0,7,0 days 00:47:50
5,4,2,False,2,0.72,4,0.27,3,0.01,1,0.0,0,0.0,2,0 days 00:22:21
5,6,3,False,3,0.66,1,0.29,6,0.05,0,0.0,2,0.0,3,0 days 00:29:15
5,6,2,False,2,0.33919047619047615,1,0.3123571428571428,8,0.30845238095238103,6,0.04,3,0.0,4,0 days 00:43:05
5,6,8,False,8,0.87,4,0.1,6,0.02,1,0.01,3,0.0,3,0 days 00:40:26
5,8,3,False,3,0.94,1,0.06,0,0.0,2,0.0,4,0.0,9,0 days 00:38:54
5,8,1,False,1,0.57,3,0.24,6,0.14,8,0.048,2,0.002,4,0 days 00:43:18
5,6,7,False,7,0.7,4,0.18,2,0.11,1,0.01,3,0.0,8,0 days 00:18:05
5,8,8,True,8,0.64,1,0.21,2,0.11599999999999999,3,0.034,4,0.0,1,0 days 00:14:39
5,8,7,False,7,0.61,2,0.34,1,0.04,6,0.01,3,0.0,9,0 days 00:21:53
5,8,1,False,1,0.66,3,0.18083333333333332,2,0.11916666666666666,4,0.03,7,0.01,9,0 days 00:36:55
5,4,8,False,8,0.5257619047619047,6,0.25428571428571417,1,0.19995238095238085,7,0.0125,4,0.0075,5,0 days 00:42:38
5,4,7,False,7,0.4576666666666666,8,0.4023333333333333,1,0.12,4,0.02,3,0.0,4,0 days 00:57:52
5,8,1,False,1,0.63,7,0.34,6,0.02,2,0.01,3,0.0,9,0 days 00:34:53
5,8,6,False,6,0.68,2,0.21,3,0.08,4,0.03,0,0.0,9,0 days 00:10:50
5,2,6,False,6,0.64,5,0.22,3,0.13,2,0.01,0,0.0,4,0 days 00:32:43
6,2,2,True,2,0.65,6,0.24,8,0.11,1,0.0,3,0.0,1,0 days 00:03:43
6,0,8,False,8,0.5268333333333333,3,0.4131666666666666,2,0.05,4,0.01,0,0.0,5,0 days 00:45:53
6,1,8,False,8,0.55,7,0.3,6,0.09,1,0.05,2,0.01,4,0 days 00:37:55
6,2,3,False,3,0.66,2,0.235,6,0.105,1,0.0,0,0.0,2,0 days 00:40:03
6,0,4,False,4,0.7,2,0.14,8,0.09,0,0.06,1,0.01,4,0 days 01:03:57
6,0,6,False,6,0.91,3,0.09,1,0.0,0,0.0,2,0.0,4,0 days 00:33:54
6,0,2,False,2,0.66,8,0.29,1,0.03,0,0.01,4,0.01,4,0 days 00:56:40
6,1,7,False,7,0.57,0,0.27,1,0.15,5,0.01,3,0.0,3,0 days 01:49:29
6,1,2,False,2,0.7217142857142858,3,0.25828571428571423,1,0.02,0,0.0,4,0.0,3,0 days 00:16:18
6,3,4,False,4,0.69,2,0.3,8,0.01,1,0.0,3,0.0,5,0 days 00:08:39
6,1,8,False,8,0.66,7,0.22,2,0.07,6,0.04,4,0.01,8,0 days 00:34:53
6,4,8,False,8,0.62,7,0.28,1,0.09,4,0.01,3,0.0,4,0 days 00:44:39
6,2,1,False,1,0.66,3,0.1675,6,0.1425,2,0.02,8,0.01,4,0 days 00:18:17
6,2,1,False,1,0.77,7,0.17,6,0.05,3,0.01,2,0.0,5,0 days 00:18:11
6,1,6,False,6,0.65,2,0.22,7,0.12,5,0.01,3,0.0,6,0 days 00:20:19
6,1,0,False,0,0.96,1,0.02,5,0.02,2,0.0,3,0.0,2,0 days 01:52:08
6,5,7,False,7,0.69,8,0.25,3,0.04,5,0.02,2,0.0,4,0 days 00:39:28
6,2,2,True,2,0.88,0,0.11,1,0.01,3,0.0,4,0.0,1,0 days 02:05:31
6,0,4,False,4,0.66,6,0.18166666666666664,8,0.10833333333333332,2,0.04,3,0.01,6,0 days 00:41:35
6,5,6,False,6,0.5769523809523809,8,0.373047619047619,4,0.02,3,0.02,2,0.01,7,0 days 00:41:31
6,5,7,False,7,0.69,8,0.21,3,0.08,5,0.02,2,0.0,4,0 days 00:39:30
6,2,1,False,1,0.4137738095238094,8,0.3039166666666666,2,0.28230952380952373,0,0.0,4,0.0,3,0 days 00:16:15
6,2,2,True,2,0.8933333333333333,1,0.06833333333333333,3,0.03833333333333334,0,0.0,4,0.0,1,0 days 00:15:55
6,2,0,False,0,0.7,1,0.2,4,0.07,8,0.03,3,0.0,8,0 days 00:51:47
6,0,1,False,1,0.4761666666666667,4,0.42383333333333334,8,0.07,7,0.02,0,0.01,5,0 days 00:55:26
6,2,2,True,2,0.86,0,0.09,4,0.05,1,0.0,3,0.0,1,0 days 01:02:07
6,3,6,False,6,0.45645238095238094,3,0.4435476190476189,2,0.07,1,0.02,8,0.01,2,0 days 00:18:21
6,7,4,False,4,0.6,7,0.33,8,0.07,0,0.0,3,0.0,2,0 days 01:01:47
6,3,2,False,2,0.63,3,0.20666666666666667,6,0.13583333333333333,7,0.0175,1,0.01,2,0 days 00:04:55
6,3,7,False,7,0.68,1,0.16400000000000003,6,0.14600000000000002,2,0.01,3,0.0,5,0 days 00:18:44
6,1,1,True,1,0.71,3,0.23,4,0.04,7,0.01,8,0.01,1,0 days 00:55:40
6,7,2,False,2,0.72,7,0.13,3,0.0925,8,0.03,6,0.015,2,0 days 00:34:58
6,7,7,True,7,0.83,1,0.08,0,0.06,5,0.03,3,0.0,1,0 days 01:46:41
6,1,4,False,4,0.9,8,0.1,2,0.0,0,0.0,3,0.0,8,0 days 00:58:54
6,1,1,True,1,0.7358333333333333,6,0.2,8,0.06416666666666666,2,0.0,3,0.0,1,0 days 00:49:33
6,1,2,False,2,0.5164285714285715,7,0.42857142857142855,3,0.025,1,0.02,6,0.01,4,0 days 00:04:39
6,1,3,False,3,0.9349999999999997,4,0.05500000000000001,1,0.01,0,0.0,2,0.0,3,0 days 00:15:42
6,3,2,False,2,0.5011666666666666,4,0.43883333333333346,5,0.06,0,0.0,3,0.0,5,0 days 00:26:06
6,3,2,False,2,0.7593452380952379,1,0.24065476190476187,0,0.0,3,0.0,4,0.0,4,0 days 00:16:03
6,2,2,True,2,0.7593452380952379,1,0.24065476190476187,0,0.0,3,0.0,4,0.0,1,0 days 00:16:03
6,7,7,True,7,0.89,1,0.11,2,0.0,0,0.0,3,0.0,1,0 days 01:19:21
6,2,1,False,1,0.85,7,0.13,2,0.02,0,0.0,3,0.0,3,0 days 01:13:58
6,2,6,False,6,0.35,2,0.3310238095238095,8,0.2989761904761905,4,0.02,3,0.0,2,0 days 00:21:26
6,7,2,False,2,0.5878571428571429,7,0.28,6,0.09,3,0.04214285714285714,0,0.0,2,0 days 00:14:56
6,3,6,False,6,0.41816666666666663,1,0.38850000000000007,4,0.11383333333333333,8,0.0795,3,0.0,5,0 days 00:17:02
6,3,2,False,2,0.68,8,0.21,7,0.11,1,0.0,3,0.0,5,0 days 00:27:24
6,2,3,False,3,0.62,6,0.27,2,0.07,5,0.04,0,0.0,3,0 days 00:20:33
6,3,2,False,2,0.735,1,0.13633333333333333,3,0.12366666666666669,4,0.005,0,0.0,3,0 days 00:15:39
6,2,5,False,5,0.56,7,0.29,6,0.1,2,0.03,3,0.02,4,0 days 00:36:05
6,0,1,False,1,0.7,0,0.26,7,0.04,2,0.0,3,0.0,2,0 days 01:23:42
6,2,3,False,3,0.48626190476190473,2,0.2631071428571428,7,0.25063095238095234,1,0.0,0,0.0,2,0 days 00:14:43
6,0,7,False,7,0.91,1,0.09,2,0.0,0,0.0,3,0.0,4,0 days 01:19:16
6,2,3,False,3,0.63,2,0.324,4,0.02,6,0.017,1,0.009000000000000001,2,0 days 00:22:11
6,0,5,False,5,0.64,0,0.3,1,0.04,7,0.02,3,0.0,2,0 days 01:48:52
6,0,2,False,2,0.61,3,0.26,1,0.08,0,0.05,4,0.0,4,0 days 01:20:43
6,2,6,False,6,0.74,4,0.25,2,0.01,0,0.0,3,0.0,3,0 days 00:29:49
6,2,4,False,4,0.89,2,0.07,3,0.04,1,0.0,0,0.0,2,0 days 00:22:19
6,2,7,False,7,0.4871666666666667,1,0.4028333333333334,2,0.1,4,0.01,3,0.0,3,0 days 01:02:29
6,2,6,False,6,0.67,8,0.31,3,0.02,1,0.0,2,0.0,5,0 days 00:11:03
6,2,0,False,0,0.7,1,0.23,8,0.07,2,0.0,4,0.0,4,0 days 00:56:04
6,2,0,False,0,0.76,1,0.24,2,0.0,3,0.0,4,0.0,3,0 days 01:16:48
6,8,0,False,0,0.86,1,0.08,7,0.05,5,0.01,3,0.0,9,0 days 01:49:20
6,2,2,True,2,0.59,1,0.375,4,0.035,0,0.0,3,0.0,1,0 days 00:53:18
6,0,6,False,6,0.72,8,0.19,7,0.05,3,0.03,1,0.01,8,0 days 00:39:16
6,2,4,False,4,0.684,8,0.2685,3,0.0475,1,0.0,2,0.0,5,0 days 00:46:04
6,4,8,False,8,0.7568333333333332,2,0.16316666666666665,3,0.06,1,0.01,6,0.01,8,0 days 00:43:24
6,8,2,False,2,0.72,3,0.28,1,0.0,0,0.0,4,0.0,9,0 days 00:01:20
6,3,3,True,3,0.81,2,0.12,1,0.03,7,0.03,4,0.01,1,0 days 00:22:37
6,1,1,True,1,0.64,2,0.18196428571428572,7,0.17803571428571427,0,0.0,3,0.0,1,0 days 01:17:56
6,1,3,False,3,0.7517063492063488,2,0.235626984126984,1,0.012666666666666666,0,0.0,4,0.0,3,0 days 00:15:26
6,1,2,False,2,0.74,0,0.23,1,0.03,3,0.0,4,0.0,3,0 days 01:35:24
6,7,6,False,6,0.6,3,0.31,4,0.04,2,0.03333333333333333,8,0.016666666666666666,9,0 days 00:21:32
6,3,6,False,6,0.71,4,0.24,3,0.03,2,0.01,8,0.01,3,0 days 00:28:19
6,7,2,False,2,0.6908333333333333,4,0.19,0,0.11,1,0.009166666666666667,3,0.0,8,0 days 01:08:37
6,1,4,False,4,0.7076666666666667,1,0.22,2,0.07233333333333333,0,0.0,3,0.0,2,0 days 00:29:31
6,1,2,False,2,0.7108333333333334,1,0.19916666666666663,3,0.09,0,0.0,4,0.0,2,0 days 00:16:05
6,3,6,False,6,0.41816666666666663,1,0.38850000000000007,4,0.11383333333333333,8,0.0795,3,0.0,5,0 days 00:17:02
6,3,2,False,2,0.5153095238095239,3,0.48469047619047606,1,0.0,0,0.0,4,0.0,2,0 days 00:15:02
6,4,6,False,6,0.44866666666666666,3,0.4013333333333333,7,0.09,0,0.04,4,0.01,5,0 days 01:14:35
6,1,1,True,1,0.6,3,0.34,8,0.04,2,0.02,4,0.0,1,0 days 00:19:08
6,1,6,False,6,0.67,8,0.19,1,0.14,2,0.0,3,0.0,3,0 days 00:40:34
6,7,4,False,4,0.48283333333333317,3,0.3971666666666666,2,0.08,1,0.04,0,0.0,8,0 days 00:38:31
6,7,0,False,0,0.67,7,0.28,3,0.03,1,0.01,6,0.01,2,0 days 01:12:10
6,1,0,False,0,0.68,1,0.22,2,0.09,7,0.01,3,0.0,2,0 days 01:17:41
6,1,1,True,1,0.7,0,0.26,7,0.04,2,0.0,3,0.0,1,0 days 01:23:42
6,7,2,False,2,0.61,0,0.24,1,0.08,6,0.07,3,0.0,8,0 days 01:18:29
6,1,2,False,2,0.61,0,0.24,1,0.08,6,0.07,3,0.0,3,0 days 01:18:27
6,3,6,False,6,0.6,3,0.31,0,0.07,4,0.01,8,0.01,2,0 days 00:35:37
6,8,7,False,7,0.83,2,0.16,4,0.01,0,0.0,3,0.0,9,0 days 01:16:05
6,1,1,True,1,0.41,3,0.28438095238095246,6,0.2656190476190476,2,0.03,8,0.01,1,0 days 00:18:18
6,3,3,True,3,0.2947395382395382,1,0.2072954545454545,8,0.19,4,0.12224025974025976,2,0.09384776334776337,1,0 days 00:16:26
6,7,0,False,0,0.68,4,0.17,2,0.056666666666666664,1,0.056666666666666664,3,0.03666666666666667,8,0 days 00:53:42
6,1,2,False,2,0.66,7,0.3,1,0.02,0,0.02,3,0.0,3,0 days 01:07:58
6,2,7,False,7,0.4991666666666667,0,0.4808333333333333,5,0.02,1,0.0,3,0.0,6,0 days 01:43:54
6,2,2,True,2,0.8666666666666668,1,0.13333333333333333,0,0.0,3,0.0,4,0.0,1,0 days 00:05:57
6,1,7,False,7,0.72,0,0.2,8,0.04,6,0.03,3,0.01,8,0 days 00:07:54
6,2,2,True,2,0.57,7,0.3,6,0.07866666666666668,1,0.041333333333333326,3,0.01,1,0 days 00:18:46
6,1,2,False,2,0.42533333333333345,3,0.4246666666666665,1,0.1075,0,0.0425,4,0.0,3,0 days 00:23:31
6,2,2,True,2,0.7090000000000001,0,0.14866666666666667,1,0.13133333333333333,3,0.011000000000000001,4,0.0,1,0 days 00:23:26
6,2,1,False,1,0.6096666666666666,2,0.3403333333333333,3,0.05,0,0.0,4,0.0,2,0 days 00:19:04
6,2,2,True,2,0.665,3,0.215,1,0.12000000000000002,0,0.0,4,0.0,1,0 days 00:15:29
6,8,1,False,1,0.72,2,0.27,8,0.01,0,0.0,4,0.0,3,0 days 00:02:42
6,8,2,False,2,0.87,8,0.09,4,0.03,6,0.01,3,0.0,2,0 days 00:29:58
6,2,3,False,3,0.57,8,0.25,7,0.11,6,0.07,2,0.0,5,0 days 00:07:40
6,4,4,True,4,0.72,3,0.19,8,0.05,1,0.04,2,0.0,1,0 days 00:44:25
6,3,2,False,2,0.5808391053391052,8,0.24212878787878783,4,0.1770321067821067,1,0.0,3,0.0,5,0 days 00:16:07
6,3,3,True,3,0.53,6,0.39,7,0.08,0,0.0,2,0.0,1,0 days 00:14:51
6,3,1,False,1,0.65,3,0.31383333333333335,8,0.036166666666666666,0,0.0,4,0.0,2,0 days 00:39:00
6,2,2,True,2,0.62,7,0.3,4,0.0535,1,0.0265,3,0.0,1,0 days 01:09:24
6,2,0,False,0,0.56,2,0.335,1,0.105,3,0.0,4,0.0,2,0 days 01:32:14
6,2,4,False,4,0.61,8,0.26,2,0.08,6,0.05,3,0.0,3,0 days 00:31:51
6,3,2,False,2,0.73,4,0.14,1,0.13,0,0.0,3,0.0,5,0 days 00:47:26
6,7,3,False,3,0.7504469696969697,2,0.24955303030303025,1,0.0,0,0.0,4,0.0,8,0 days 00:15:00
6,3,6,False,6,0.66,2,0.27,8,0.05999999999999999,4,0.01,3,0.0,5,0 days 00:50:03
6,7,1,False,1,0.72,0,0.21,2,0.06,6,0.01,3,0.0,8,0 days 01:32:43
6,7,2,False,2,0.62,4,0.185,1,0.15500000000000003,7,0.03,8,0.01,4,0 days 01:09:27
6,2,6,False,6,0.5748809523809524,8,0.3951190476190476,4,0.03,0,0.0,3,0.0,6,0 days 00:50:12
6,1,1,True,1,0.72,8,0.124,7,0.096,2,0.06,3,0.0,1,0 days 00:57:58
6,3,2,False,2,0.735,1,0.13633333333333333,3,0.12366666666666669,4,0.005,0,0.0,3,0 days 00:15:39
6,1,0,False,0,0.4471666666666666,4,0.4228333333333334,3,0.13,1,0.0,2,0.0,4,0 days 00:23:13
6,1,4,False,4,0.71,3,0.25,1,0.04,0,0.0,2,0.0,3,0 days 00:23:47
6,7,2,False,2,0.8163333333333334,1,0.17366666666666666,0,0.01,3,0.0,4,0.0,8,0 days 01:31:20
6,1,7,False,7,0.76,0,0.19,1,0.05,2,0.0,3,0.0,3,0 days 01:29:03
6,7,4,False,4,0.3756666666666667,7,0.31433333333333324,1,0.31,0,0.0,3,0.0,2,0 days 01:02:18
6,1,8,False,8,0.83,4,0.17,2,0.0,0,0.0,3,0.0,8,0 days 00:59:01
6,4,3,False,3,0.63,2,0.33399999999999996,6,0.0195,1,0.0165,0,0.0,6,0 days 00:22:09
6,4,4,True,4,0.64,6,0.185,2,0.165,1,0.01,3,0.0,1,0 days 00:12:22
6,8,6,False,6,0.5748809523809524,8,0.3951190476190476,4,0.03,0,0.0,3,0.0,2,0 days 00:50:11
6,1,4,False,4,0.5578333333333334,3,0.4021666666666666,2,0.04,1,0.0,0,0.0,4,0 days 00:34:25
6,1,3,False,3,0.59,7,0.26,2,0.12,6,0.03,0,0.0,6,0 days 00:20:11
6,7,1,False,1,0.8341666666666667,8,0.16583333333333333,2,0.0,0,0.0,4,0.0,9,0 days 00:56:13
6,1,8,False,8,0.79,2,0.185,4,0.025,1,0.0,3,0.0,4,0 days 00:39:48
6,3,3,True,3,0.69,7,0.25,2,0.06,1,0.0,0,0.0,1,0 days 00:21:06
6,7,8,False,8,0.57,4,0.37,0,0.0415,2,0.018500000000000003,3,0.0,9,0 days 00:42:18
6,3,2,False,2,0.7333333333333334,3,0.24,1,0.026666666666666665,0,0.0,4,0.0,2,0 days 00:18:57
6,7,8,False,8,0.67,2,0.26,3,0.07,1,0.0,4,0.0,9,0 days 00:28:44
6,2,3,False,3,0.38516666666666666,4,0.31349999999999995,2,0.27483333333333326,1,0.0265,0,0.0,3,0 days 00:15:18
6,2,2,True,2,0.665,3,0.215,1,0.12000000000000002,0,0.0,4,0.0,1,0 days 00:15:29
6,4,1,False,1,0.9056666666666666,0,0.03833333333333333,4,0.03166666666666666,3,0.024333333333333335,2,0.0,3,0 days 00:23:08
6,4,3,False,3,0.57,8,0.28,6,0.07,4,0.07,1,0.01,4,0 days 00:47:01
6,4,8,False,8,0.57,6,0.3,4,0.11,7,0.02,3,0.0,3,0 days 00:42:21
6,8,7,False,7,0.7,8,0.2,4,0.1,0,0.0,3,0.0,2,0 days 01:01:49
6,8,8,True,8,0.7,2,0.26,1,0.04,0,0.0,4,0.0,1,0 days 00:05:15
6,4,5,False,5,0.58,3,0.22,8,0.19,7,0.01,2,0.0,7,0 days 00:39:37
6,8,8,True,8,0.8733333333333334,4,0.10666666666666667,7,0.02,0,0.0,3,0.0,1,0 days 00:46:26
6,6,2,False,2,0.63,8,0.3,4,0.04,3,0.03,0,0.0,7,0 days 00:19:22
6,6,3,False,3,0.62,8,0.3116666666666667,1,0.06833333333333333,0,0.0,4,0.0,7,0 days 00:49:15
6,6,3,False,3,0.5128333333333333,6,0.3963333333333333,2,0.06333333333333332,7,0.027499999999999997,0,0.0,2,0 days 00:04:52
6,6,7,False,7,0.68,6,0.17,2,0.095,3,0.055,0,0.0,2,0 days 00:14:54
6,6,2,False,2,0.44928571428571423,1,0.4207142857142857,0,0.12,8,0.01,4,0.0,7,0 days 00:51:42
6,6,1,False,1,0.8341666666666667,8,0.16583333333333333,2,0.0,0,0.0,4,0.0,7,0 days 00:56:13
6,6,1,False,1,0.7440000000000001,0,0.22,8,0.02,4,0.016,3,0.0,7,0 days 00:55:13
6,6,2,False,2,0.68,4,0.22,7,0.07,8,0.02,3,0.01,9,0 days 00:41:06
6,4,1,False,1,0.7835,8,0.1365,7,0.08,2,0.0,3,0.0,6,0 days 01:13:27
6,6,4,False,4,0.71,2,0.2333333333333333,8,0.04666666666666667,3,0.01,0,0.0,7,0 days 00:13:00
6,6,6,True,6,0.6,1,0.22,2,0.15,4,0.03,3,0.0,1,0 days 00:01:50
6,4,2,False,2,0.8366666666666666,1,0.13,7,0.03333333333333333,0,0.0,3,0.0,6,0 days 00:14:10
6,4,2,False,2,0.6,4,0.3,0,0.09,8,0.01,3,0.0,2,0 days 01:10:00
6,6,6,True,6,0.7,1,0.2,3,0.06,2,0.02,7,0.01,1,0 days 00:21:45
6,4,2,False,2,0.655,1,0.22,6,0.12,4,0.005,3,0.0,4,0 days 00:01:43
6,6,3,False,3,0.6074523809523809,0,0.30254761904761907,4,0.04166666666666666,1,0.03833333333333334,2,0.01,7,0 days 00:32:18
6,8,2,False,2,0.64,1,0.22,6,0.12,3,0.01,8,0.01,5,0 days 00:13:36
6,4,8,False,8,0.59,7,0.27,4,0.14,0,0.0,3,0.0,3,0 days 01:01:54
6,4,3,False,3,0.6366666666666666,6,0.1825,2,0.1708333333333333,1,0.01,0,0.0,6,0 days 00:31:33
6,4,6,False,6,0.67,1,0.195,4,0.13,8,0.005,3,0.0,3,0 days 00:56:23
6,6,2,False,2,0.68,5,0.22,3,0.09,6,0.01,0,0.0,4,0 days 00:32:43
6,6,2,False,2,0.5343333333333332,6,0.4656666666666667,1,0.0,0,0.0,3,0.0,2,0 days 00:39:58
6,8,8,True,8,0.55,1,0.31,2,0.07,4,0.05,7,0.02,1,0 days 00:45:28
6,8,1,False,1,0.62,4,0.21,7,0.11,2,0.06,3,0.0,9,0 days 00:45:39
6,6,4,False,4,0.49641666666666673,1,0.4569166666666666,8,0.04666666666666666,2,0.0,3,0.0,7,0 days 00:17:07
6,8,6,False,6,0.44,8,0.43,4,0.10983333333333334,3,0.020166666666666666,2,0.0,2,0 days 00:49:42
6,8,7,False,7,0.66,6,0.21,2,0.09,5,0.02,0,0.01,9,0 days 00:50:43
6,8,0,False,0,0.7,4,0.25,1,0.04,8,0.01,3,0.0,4,0 days 00:55:59
6,8,4,False,4,0.47,1,0.45,8,0.06,7,0.02,3,0.0,3,0 days 00:44:06
6,4,1,False,1,0.58,2,0.24,4,0.09483333333333334,7,0.07516666666666666,6,0.01,3,0 days 00:37:34
6,4,4,True,4,0.68,2,0.22,7,0.09,1,0.01,3,0.0,1,0 days 00:40:57
6,8,1,False,1,0.6,3,0.29,2,0.05999999999999999,4,0.039999999999999994,8,0.01,5,0 days 00:31:02
6,8,7,False,7,0.79,2,0.11583333333333332,4,0.09416666666666666,0,0.0,3,0.0,9,0 days 01:15:59
6,4,7,False,7,0.65,8,0.18,4,0.1,3,0.05,6,0.01,3,0 days 00:27:10
7,1,7,False,7,0.62,1,0.1991666666666667,8,0.16083333333333336,6,0.01,0,0.01,2,0 days 01:05:57
7,1,0,False,0,0.65,1,0.31,6,0.04,2,0.0,3,0.0,2,0 days 00:55:04
7,1,1,True,1,0.61,4,0.34,2,0.026666666666666665,6,0.02333333333333333,3,0.0,1,0 days 00:11:51
7,2,2,True,2,0.61,7,0.24,3,0.12,1,0.03,0,0.0,1,0 days 00:08:05
7,2,3,False,3,0.65,7,0.25,8,0.06,2,0.03,4,0.01,4,0 days 00:27:27
7,2,7,False,7,0.67,3,0.27,6,0.05,4,0.01,2,0.0,5,0 days 00:17:40
7,0,0,True,0,0.58,5,0.24,1,0.17,7,0.01,3,0.0,1,0 days 01:51:15
7,0,4,False,4,0.61,8,0.19866666666666666,7,0.18133333333333332,2,0.01,3,0.0,8,0 days 00:38:20
7,2,7,False,7,0.61,2,0.29,3,0.08,8,0.02,0,0.0,2,0 days 00:27:35
7,4,6,False,6,0.58,2,0.31083333333333335,8,0.09916666666666667,3,0.01,0,0.0,6,0 days 00:13:03
7,1,2,False,2,0.5712857142857142,7,0.41871428571428576,3,0.01,1,0.0,0,0.0,4,0 days 01:02:29
7,2,8,False,8,0.62,2,0.34166666666666673,4,0.03,6,0.008333333333333333,3,0.0,2,0 days 00:30:00
7,2,3,False,3,0.4834999999999998,2,0.4498333333333335,1,0.06666666666666667,0,0.0,4,0.0,2,0 days 00:15:04
7,3,4,False,4,0.91,8,0.09,2,0.0,0,0.0,3,0.0,5,0 days 00:44:01
7,2,2,True,2,0.76,7,0.22,6,0.02,0,0.0,3,0.0,1,0 days 01:34:10
7,5,6,False,6,0.71,3,0.27,8,0.02,1,0.0,2,0.0,7,0 days 00:41:54
7,0,6,False,6,0.67,2,0.28,7,0.05,0,0.0,3,0.0,4,0 days 01:33:53
7,0,1,False,1,0.61,2,0.38,0,0.01,3,0.0,4,0.0,3,0 days 02:16:32
7,5,3,False,3,0.7,2,0.166,6,0.134,1,0.0,0,0.0,7,0 days 00:32:45
7,0,4,False,4,0.4965238095238094,1,0.3634761904761904,3,0.14,0,0.0,2,0.0,4,0 days 00:23:13
7,2,3,False,3,0.93,4,0.06,7,0.01,0,0.0,2,0.0,5,0 days 00:22:32
7,4,8,False,8,0.67,1,0.32,2,0.01,0,0.0,4,0.0,5,0 days 00:59:40
7,0,7,False,7,0.9933333333333333,8,0.006666666666666666,2,0.0,0,0.0,3,0.0,4,0 days 01:00:46
7,4,2,False,2,0.57,4,0.29,1,0.14,0,0.0,3,0.0,2,0 days 00:57:44
7,2,0,False,0,0.61,2,0.25,7,0.14,1,0.0,3,0.0,2,0 days 01:05:01
7,0,1,False,1,0.61,8,0.19,2,0.16,0,0.04,4,0.0,4,0 days 00:56:46
7,3,1,False,1,0.7432063492063493,2,0.19042460317460314,3,0.06636904761904762,0,0.0,4,0.0,3,0 days 00:16:02
7,7,7,True,7,0.58,3,0.25,6,0.1,1,0.06,2,0.01,1,0 days 00:24:22
7,1,8,False,8,0.63,6,0.14,7,0.13,3,0.09,4,0.01,8,0 days 00:37:23
7,3,4,False,4,0.4898571428571429,1,0.46014285714285713,6,0.03,3,0.02,2,0.0,4,0 days 00:24:39
7,3,1,False,1,0.4168589466089467,3,0.2584220779220779,2,0.18771897546897545,4,0.137,0,0.0,2,0 days 00:15:51
7,3,6,False,6,0.67,2,0.28,7,0.05,0,0.0,3,0.0,5,0 days 01:33:49
7,7,0,False,0,0.8333333333333333,6,0.1,2,0.06,1,0.006666666666666666,3,0.0,8,0 days 01:23:55
7,3,3,True,3,0.77,1,0.18,6,0.02,4,0.02,8,0.01,1,0 days 00:17:13
7,7,6,False,6,0.73,1,0.21,8,0.04,7,0.02,3,0.0,4,0 days 01:05:45
7,7,4,False,4,0.64,8,0.18,3,0.16,2,0.015,6,0.005,9,0 days 00:30:10
7,1,8,False,8,0.91,2,0.06,4,0.02,1,0.01,3,0.0,4,0 days 00:45:26
7,1,1,True,1,0.79,0,0.19,7,0.018000000000000002,2,0.002,3,0.0,1,0 days 01:17:47
7,1,1,True,1,0.7408333333333335,7,0.16666666666666663,6,0.08916666666666666,3,0.003333333333333333,2,0.0,1,0 days 00:18:39
7,7,0,False,0,0.68,2,0.27,7,0.04,1,0.01,3,0.0,3,0 days 02:00:51
7,7,2,False,2,0.48,6,0.44,8,0.06,5,0.01,3,0.01,9,0 days 00:35:19
7,7,4,False,4,0.66,3,0.24,6,0.09,2,0.01,0,0.0,8,0 days 00:27:02
7,1,1,True,1,0.5137142857142856,3,0.31684920634920616,4,0.16943650793650794,0,0.0,2,0.0,1,0 days 00:15:33
7,3,7,False,7,0.64,6,0.24,4,0.08,8,0.021666666666666664,2,0.018333333333333333,6,0 days 00:21:34
7,2,4,False,4,0.94,2,0.03,6,0.02,3,0.007142857142857143,0,0.002857142857142857,2,0 days 00:32:03
7,7,2,False,2,0.63,0,0.26,1,0.1,8,0.01,4,0.0,9,0 days 01:13:37
7,2,2,True,2,0.64,1,0.18299999999999997,0,0.177,3,0.0,4,0.0,1,0 days 00:23:26
7,7,4,False,4,0.62,1,0.22,6,0.11,0,0.05,3,0.0,8,0 days 01:21:01
7,2,2,True,2,0.47672222222222227,8,0.2619404761904761,1,0.2613373015873015,0,0.0,4,0.0,1,0 days 00:16:23
7,7,4,False,4,0.58,2,0.31,1,0.08,7,0.03,3,0.0,4,0 days 01:15:34
7,2,2,True,2,0.74,1,0.26,0,0.0,3,0.0,4,0.0,1,0 days 00:03:04
7,0,2,False,2,0.78,4,0.2,1,0.02,0,0.0,3,0.0,4,0 days 01:14:13
7,3,3,True,3,0.71,7,0.17,2,0.11,1,0.006666666666666666,6,0.003333333333333333,1,0 days 00:21:06
7,2,7,False,7,0.51,1,0.255,2,0.17,8,0.03,6,0.025,3,0 days 00:18:33
7,2,4,False,4,0.35,7,0.33199999999999996,2,0.28800000000000003,0,0.02,3,0.01,3,0 days 00:14:13
7,0,2,False,2,0.66,1,0.15333333333333332,6,0.14666666666666667,4,0.04,3,0.0,6,0 days 00:42:12
7,2,1,False,1,0.77,6,0.17,7,0.04,8,0.02,3,0.0,6,0 days 00:38:03
7,0,1,False,1,0.5246010101010101,7,0.24210389610389604,8,0.2232950937950938,5,0.01,3,0.0,8,0 days 00:45:00
7,3,1,False,1,0.8018333333333332,2,0.12223809523809523,8,0.07592857142857143,0,0.0,4,0.0,8,0 days 00:16:22
7,3,8,False,8,0.7,6,0.23,7,0.04,3,0.03,2,0.0,4,0 days 00:28:36
7,3,6,False,6,0.67,5,0.2,2,0.11,8,0.02,3,0.0,5,0 days 00:35:16
7,1,6,False,6,0.6166666666666667,2,0.26,4,0.09,3,0.03333333333333333,0,0.0,6,0 days 00:25:39
7,1,2,False,2,0.9129999999999998,7,0.077,1,0.01,0,0.0,3,0.0,3,0 days 00:04:31
7,1,1,True,1,0.67,2,0.33,0,0.0,3,0.0,4,0.0,1,0 days 00:24:11
7,1,2,False,2,0.4696666666666667,7,0.41033333333333316,1,0.12,0,0.0,3,0.0,3,0 days 01:18:01
7,1,2,False,2,0.63,0,0.26,7,0.09,1,0.02,3,0.0,4,0 days 01:13:42
7,7,6,False,6,0.52,2,0.42,5,0.05,3,0.01,0,0.0,8,0 days 00:36:13
7,1,2,False,2,0.77,3,0.12666666666666665,8,0.10333333333333333,1,0.0,4,0.0,4,0 days 00:16:31
7,7,1,False,1,0.59,2,0.23,4,0.17,8,0.01,3,0.0,9,0 days 01:17:06
7,1,1,True,1,0.6,7,0.27,0,0.12,8,0.01,3,0.0,1,0 days 01:49:36
7,1,4,False,4,0.47052380952380957,1,0.4694761904761905,8,0.04666666666666666,2,0.013333333333333332,3,0.0,2,0 days 00:53:26
7,7,1,False,1,0.69,7,0.23,8,0.04,0,0.03,6,0.01,2,0 days 00:07:55
7,3,1,False,1,0.798809523809524,4,0.20119047619047617,2,0.0,0,0.0,3,0.0,5,0 days 00:24:44
7,1,8,False,8,0.66,1,0.21000000000000005,2,0.12000000000000002,7,0.01,3,0.0,2,0 days 01:22:16
7,2,6,False,6,0.67,3,0.21,2,0.1,7,0.02,0,0.0,3,0 days 00:28:54
7,3,1,False,1,0.40115476190476196,2,0.2122896825396825,7,0.20394047619047612,3,0.18261507936507937,0,0.0,4,0 days 00:16:24
7,1,1,True,1,0.736388888888889,4,0.1435,3,0.09672222222222222,2,0.02338888888888889,0,0.0,1,0 days 00:15:49
7,1,8,False,8,0.84,3,0.14,6,0.02,1,0.0,2,0.0,4,0 days 00:41:58
7,7,1,False,1,0.71,4,0.19,2,0.09,7,0.01,3,0.0,4,0 days 00:54:12
7,7,1,False,1,0.6156904761904761,3,0.3609761904761905,2,0.0175,7,0.003333333333333333,4,0.0025,4,0 days 00:15:12
7,2,4,False,4,0.47,7,0.43,0,0.08,2,0.016666666666666666,1,0.003333333333333333,4,0 days 01:08:36
7,2,7,False,7,0.59,3,0.27,8,0.09,6,0.05,2,0.0,5,0 days 00:28:46
7,2,3,False,3,0.5379999999999999,2,0.4320000000000001,1,0.03,0,0.0,4,0.0,2,0 days 00:16:49
7,2,7,False,7,0.63,6,0.23,3,0.09,0,0.02,2,0.02,5,0 days 01:12:25
7,2,8,False,8,0.64,1,0.26,2,0.1,0,0.0,4,0.0,3,0 days 00:02:40
7,7,4,False,4,0.67,0,0.21,7,0.12,1,0.0,3,0.0,3,0 days 01:02:50
7,7,3,False,3,0.5335660173160172,2,0.46643398268398284,1,0.0,0,0.0,4,0.0,8,0 days 00:14:43
7,7,1,False,1,0.69,7,0.16,2,0.14,4,0.01,3,0.0,2,0 days 01:11:53
7,2,7,False,7,0.61,8,0.26,1,0.09,2,0.04,3,0.0,4,0 days 01:08:49
7,8,8,True,8,0.53,2,0.24,0,0.2,4,0.03,3,0.0,1,0 days 00:50:25
7,2,0,False,0,0.71,8,0.26,4,0.02,1,0.01,3,0.0,8,0 days 00:56:39
7,8,6,False,6,0.5943809523809525,7,0.37061904761904757,4,0.03,2,0.005,3,0.0,9,0 days 00:06:52
7,8,4,False,4,0.58,2,0.28,7,0.0825,8,0.0575,3,0.0,4,0 days 00:38:23
7,3,4,False,4,0.64,8,0.34,7,0.01,2,0.01,3,0.0,5,0 days 00:46:39
7,3,3,True,3,0.47033333333333316,2,0.46966666666666684,7,0.06,1,0.0,0,0.0,1,0 days 00:15:02
7,3,8,False,8,0.63,1,0.29333333333333333,4,0.07666666666666667,2,0.0,3,0.0,5,0 days 00:30:58
7,4,0,False,0,0.69,4,0.21,1,0.1,2,0.0,3,0.0,2,0 days 00:52:48
7,3,3,True,3,0.7840894660894661,4,0.1276717171717172,1,0.058722222222222224,2,0.029516594516594517,0,0.0,1,0 days 00:15:47
7,2,1,False,1,0.4884999999999999,2,0.36150000000000004,8,0.09,7,0.06,3,0.0,2,0 days 01:22:11
7,3,3,True,3,0.669190476190476,2,0.29080952380952363,7,0.04,1,0.0,0,0.0,1,0 days 00:14:59
7,2,6,False,6,0.57,8,0.27,2,0.1,4,0.028333333333333332,1,0.028333333333333332,3,0 days 00:37:28
7,8,0,False,0,0.58,2,0.42,1,0.0,3,0.0,4,0.0,9,0 days 01:20:12
7,3,1,False,1,0.57,0,0.33,2,0.08,4,0.02,3,0.0,5,0 days 01:20:49
7,1,7,False,7,0.95,4,0.03,0,0.02,1,0.0,3,0.0,4,0 days 01:02:58
7,1,1,True,1,0.61,2,0.25,4,0.12,7,0.02,3,0.0,1,0 days 01:15:23
7,8,8,True,8,0.59,4,0.28,1,0.06523809523809523,7,0.04476190476190476,2,0.02,1,0 days 00:45:20
7,4,1,False,1,0.49866666666666665,7,0.43133333333333335,2,0.06,8,0.01,3,0.0,6,0 days 00:16:41
7,4,8,False,8,0.66,3,0.2,4,0.12,0,0.02,2,0.0,3,0 days 00:44:19
7,1,0,False,0,0.65,2,0.3,1,0.05,3,0.0,4,0.0,3,0 days 01:18:17
7,1,7,False,7,0.57,1,0.42,0,0.01,2,0.0,3,0.0,2,0 days 00:54:38
7,1,1,True,1,0.92,4,0.08,2,0.0,0,0.0,3,0.0,1,0 days 00:57:30
7,1,7,False,7,0.58,3,0.25,6,0.1,1,0.055,4,0.015,4,0 days 00:24:23
7,7,2,False,2,0.48283333333333345,1,0.44716666666666655,0,0.07,3,0.0,4,0.0,8,0 days 01:08:01
7,1,1,True,1,0.615,3,0.29233333333333333,2,0.07766666666666666,0,0.015,4,0.0,1,0 days 00:23:34
7,1,2,False,2,0.61,1,0.25,3,0.08233333333333334,6,0.05766666666666666,0,0.0,2,0 days 00:18:17
7,2,8,False,8,0.63,7,0.19,3,0.15,4,0.02,6,0.01,6,0 days 00:37:20
7,4,3,False,3,0.63,2,0.27,4,0.06583333333333333,8,0.034166666666666665,0,0.0,3,0 days 00:10:28
7,2,0,False,0,0.68,7,0.21,8,0.1,4,0.01,3,0.0,6,0 days 00:44:13
7,1,1,True,1,0.736388888888889,4,0.1435,3,0.09672222222222222,2,0.02338888888888889,0,0.0,1,0 days 00:15:49
7,1,6,False,6,0.59,0,0.221,3,0.159,4,0.02,7,0.01,6,0 days 00:37:04
7,1,6,False,6,0.67,3,0.21,2,0.1,7,0.02,0,0.0,6,0 days 00:28:55
7,1,6,False,6,0.6772619047619048,8,0.24,3,0.04047619047619047,4,0.02892857142857143,1,0.013333333333333332,5,0 days 00:22:57
7,3,7,False,7,0.58,1,0.28,3,0.1,2,0.04,0,0.0,3,0 days 00:24:19
7,1,0,False,0,0.61,1,0.31,6,0.04,7,0.04,3,0.0,2,0 days 00:54:56
7,3,2,False,2,0.6678888888888886,4,0.31211111111111106,3,0.01111111111111111,1,0.008888888888888889,0,0.0,3,0 days 00:15:18
7,2,3,False,3,0.46867857142857133,1,0.3713214285714286,4,0.10738095238095237,7,0.05261904761904762,2,0.0,5,0 days 00:37:37
7,3,2,False,2,0.48645238095238097,1,0.413547619047619,3,0.07333333333333333,8,0.026666666666666665,4,0.0,3,0 days 00:15:25
7,1,0,False,0,0.69,1,0.19,4,0.12,2,0.0,3,0.0,2,0 days 00:52:49
7,2,1,False,1,0.84,4,0.11,2,0.04,3,0.01,0,0.0,3,0 days 00:17:50
7,3,8,False,8,0.7,6,0.28,2,0.02,1,0.0,3,0.0,5,0 days 00:33:04
7,2,6,False,6,0.66,2,0.34,1,0.0,0,0.0,3,0.0,2,0 days 00:00:57
7,2,8,False,8,0.72,6,0.28,2,0.0,0,0.0,3,0.0,3,0 days 00:43:12
7,2,7,False,7,0.56,8,0.31,4,0.1,2,0.03,3,0.0,4,0 days 00:04:08
7,2,3,False,3,0.43083333333333335,7,0.41916666666666663,1,0.09,6,0.06,2,0.0,5,0 days 00:19:56
7,2,1,False,1,0.88,3,0.07,5,0.04,8,0.01,2,0.0,5,0 days 00:33:24
7,2,0,False,0,0.61,2,0.25,7,0.13,8,0.01,3,0.0,2,0 days 01:05:04
7,2,2,True,2,0.66,3,0.22,8,0.07,0,0.04,4,0.01,1,0 days 00:09:17
7,5,0,False,0,0.61,1,0.195,2,0.195,3,0.0,4,0.0,6,0 days 00:51:38
7,8,2,False,2,0.65,8,0.28,1,0.07,0,0.0,4,0.0,2,0 days 00:02:34
7,8,7,False,7,0.59,8,0.29,3,0.07,6,0.05,2,0.0,2,0 days 00:28:43
7,8,3,False,3,0.6813333333333336,8,0.287,2,0.026666666666666665,1,0.005,4,0.0,2,0 days 00:16:12
7,4,4,True,4,0.61,8,0.19866666666666666,7,0.18133333333333332,2,0.01,3,0.0,1,0 days 00:38:21
7,4,8,False,8,0.66,3,0.2,0,0.1,4,0.04,2,0.0,4,0 days 00:44:18
7,6,7,False,7,0.47,4,0.39,0,0.1,2,0.03,6,0.01,5,0 days 00:35:54
7,4,1,False,1,0.3978214285714286,2,0.20562301587301582,7,0.20394047619047612,3,0.19261507936507935,0,0.0,6,0 days 00:16:25
7,6,4,False,4,0.93,1,0.06,6,0.005,2,0.005,3,0.0,3,0 days 00:43:59
7,6,3,False,3,0.54,0,0.43,1,0.03,2,0.0,4,0.0,7,0 days 00:39:10
7,6,3,False,3,0.59,2,0.26,8,0.12,7,0.03,0,0.0,9,0 days 00:27:48
7,6,7,False,7,0.9,0,0.05,8,0.04,3,0.01,2,0.0,9,0 days 00:51:14
7,6,2,False,2,0.935,8,0.06,7,0.005,1,0.0,3,0.0,9,0 days 00:21:25
7,6,4,False,4,0.61,8,0.29,6,0.05,2,0.05,3,0.0,3,0 days 00:00:29
7,4,4,True,4,0.64,8,0.31,2,0.03,7,0.02,3,0.0,1,0 days 00:46:33
7,4,2,False,2,0.83,6,0.17,1,0.0,0,0.0,3,0.0,6,0 days 00:01:36
7,4,7,False,7,0.6225,2,0.3775,1,0.0,0,0.0,3,0.0,6,0 days 01:02:33
7,4,6,False,6,0.62,0,0.27,4,0.08,8,0.02,3,0.01,3,0 days 00:47:52
7,8,3,False,3,0.8281666666666666,1,0.16183333333333338,2,0.01,0,0.0,4,0.0,9,0 days 00:15:59
7,6,1,False,1,0.84,8,0.13,4,0.02,3,0.01,2,0.0,7,0 days 00:49:37
7,4,1,False,1,0.56,8,0.23,2,0.17866666666666667,3,0.03133333333333334,4,0.0,5,0 days 00:36:53
7,6,3,False,3,0.71,6,0.15683333333333332,0,0.13316666666666668,1,0.0,2,0.0,2,0 days 00:33:50
7,6,7,False,7,0.7866666666666667,2,0.10800000000000001,1,0.08533333333333334,3,0.016666666666666666,8,0.003333333333333333,9,0 days 00:17:31
7,6,1,False,1,0.65,3,0.32,4,0.0175,8,0.0125,2,0.0,7,0 days 00:17:01
7,8,4,False,4,0.5152777777777778,2,0.45472222222222214,8,0.02,6,0.01,3,0.0,3,0 days 00:40:15
7,8,2,False,2,0.36483333333333334,3,0.32516666666666666,1,0.31,0,0.0,4,0.0,9,0 days 00:15:20
7,6,0,False,0,0.63,8,0.19,4,0.13,2,0.05,3,0.0,7,0 days 00:50:23
7,6,0,False,0,0.68,7,0.21,8,0.1,4,0.01,3,0.0,9,0 days 00:44:13
7,8,2,False,2,0.46,8,0.46,3,0.08,1,0.0,4,0.0,2,0 days 00:14:38
7,4,6,False,6,0.67,5,0.2,2,0.11,8,0.02,3,0.0,7,0 days 00:35:16
7,6,3,False,3,0.7,1,0.23,0,0.05,2,0.015,7,0.005,8,0 days 00:14:20
7,8,1,False,1,0.72,8,0.17,6,0.07,3,0.04,2,0.0,2,0 days 00:49:21
7,8,8,True,8,0.69,7,0.21,2,0.09,4,0.01,3,0.0,1,0 days 00:46:24
7,4,2,False,2,0.62,3,0.3,8,0.07,6,0.01,0,0.0,6,0 days 00:28:10
7,8,3,False,3,0.61,8,0.26,4,0.09,7,0.02,1,0.02,2,0 days 00:57:13
7,4,8,False,8,0.91,2,0.06,7,0.02,4,0.01,3,0.0,4,0 days 00:46:15
7,8,7,False,7,0.99,4,0.01,0,0.0,1,0.0,3,0.0,9,0 days 01:00:29
7,4,3,False,3,0.62,1,0.18,4,0.16,2,0.03,6,0.01,3,0 days 00:34:27
7,4,3,False,3,0.7,6,0.28,8,0.02,1,0.0,2,0.0,6,0 days 00:41:53
7,6,1,False,1,0.5883333333333333,7,0.31,2,0.07,3,0.03166666666666666,0,0.0,8,0 days 00:20:17
7,8,7,False,7,0.72,8,0.24,1,0.04,2,0.0,3,0.0,2,0 days 00:59:51
7,8,2,False,2,0.69,7,0.16,3,0.13,8,0.02,0,0.0,4,0 days 00:27:44
8,0,5,False,5,0.72,0,0.2,7,0.07,8,0.01,3,0.0,2,0 days 01:47:57
8,1,1,True,1,0.92,7,0.08,2,0.0,0,0.0,3,0.0,1,0 days 00:54:26
8,1,2,False,2,0.77,7,0.23,1,0.0,0,0.0,3,0.0,3,0 days 01:31:08
8,0,8,False,8,0.59,0,0.27,7,0.08,1,0.05,5,0.01,2,0 days 01:49:21
8,3,4,False,4,0.7091666666666667,3,0.22,1,0.05083333333333334,2,0.01,7,0.01,2,0 days 00:43:34
8,0,1,False,1,0.4566666666666667,6,0.4233333333333333,0,0.07,4,0.03,2,0.02,3,0 days 00:42:10
8,3,3,True,3,0.93,1,0.03833333333333334,2,0.03166666666666666,0,0.0,4,0.0,1,0 days 00:16:29
8,0,0,True,0,0.69,5,0.19,1,0.11,7,0.01,3,0.0,1,0 days 01:51:00
8,2,1,False,1,0.69,2,0.29,7,0.02,0,0.0,3,0.0,2,0 days 00:06:01
8,1,1,True,1,0.59,2,0.41,0,0.0,3,0.0,4,0.0,1,0 days 00:15:56
8,1,1,True,1,0.57,2,0.33,7,0.09,5,0.01,3,0.0,1,0 days 01:36:36
8,1,0,False,0,0.9775,1,0.0125,7,0.01,2,0.0,3,0.0,2,0 days 01:26:24
8,2,7,False,7,0.69,6,0.23,3,0.05416666666666667,1,0.025833333333333333,2,0.0,5,0 days 00:20:06
8,0,7,False,7,0.57,4,0.28,2,0.08016666666666668,1,0.04616666666666666,3,0.023666666666666666,6,0 days 00:53:41
8,1,1,True,1,0.8835000000000001,3,0.056833333333333326,4,0.052333333333333336,2,0.007333333333333334,0,0.0,1,0 days 00:15:49
8,2,6,False,6,0.69,4,0.22,2,0.09,0,0.0,3,0.0,3,0 days 00:32:54
8,2,3,False,3,0.39,1,0.33116666666666666,2,0.2788333333333333,0,0.0,4,0.0,3,0 days 00:16:30
8,3,5,False,5,0.64,2,0.17866666666666667,6,0.17133333333333334,4,0.01,3,0.0,5,0 days 00:32:46
8,3,3,True,3,0.6,2,0.29,8,0.07533333333333334,7,0.034666666666666665,0,0.0,1,0 days 00:17:38
8,3,2,False,2,0.71,1,0.16700000000000004,3,0.12299999999999997,0,0.0,4,0.0,3,0 days 00:15:57
8,2,2,True,2,0.2912738095238095,8,0.2543611111111111,3,0.23744444444444437,4,0.21692063492063485,0,0.0,1,0 days 00:16:07
8,1,6,False,6,0.94,2,0.03,1,0.02,4,0.01,3,0.0,3,0 days 00:29:12
8,2,2,True,2,0.58,1,0.29,7,0.07,8,0.06,3,0.0,1,0 days 01:22:13
8,5,6,False,6,0.72,1,0.16,7,0.06883333333333333,8,0.05116666666666667,3,0.0,7,0 days 00:50:38
8,5,6,False,6,0.3948571428571428,4,0.3001904761904762,3,0.2949523809523809,7,0.01,2,0.0,8,0 days 00:35:11
8,0,2,False,2,0.94,1,0.05,7,0.01,0,0.0,3,0.0,4,0 days 01:29:37
8,0,0,True,0,0.86,5,0.08,1,0.03,2,0.02,4,0.01,1,0 days 01:42:43
8,2,0,False,0,0.69,4,0.19,8,0.11,1,0.01,3,0.0,8,0 days 01:04:01
8,4,2,False,2,0.44683333333333336,7,0.4431666666666667,1,0.1,8,0.01,3,0.0,6,0 days 01:07:21
8,2,1,False,1,0.5633333333333334,3,0.2345,4,0.17550000000000002,7,0.026666666666666665,2,0.0,5,0 days 00:17:25
8,0,1,False,1,0.43566666666666676,2,0.43433333333333324,6,0.08,5,0.05,3,0.0,6,0 days 00:51:40
8,4,0,False,0,0.56,4,0.3,7,0.13,8,0.01,3,0.0,2,0 days 00:38:20
8,0,4,False,4,0.76,6,0.22,1,0.01,8,0.01,3,0.0,8,0 days 00:47:55
8,7,8,False,8,0.7598333333333334,7,0.20016666666666666,4,0.03,2,0.01,3,0.0,2,0 days 01:16:01
8,7,2,False,2,0.78,1,0.22,0,0.0,3,0.0,4,0.0,8,0 days 01:18:03
8,1,1,True,1,0.6,2,0.32,7,0.08,0,0.0,3,0.0,1,0 days 01:15:20
8,3,3,True,3,0.5198571428571429,1,0.4643095238095238,4,0.01583333333333333,0,0.0,2,0.0,1,0 days 00:15:42
8,7,4,False,4,0.61,8,0.21,2,0.15,7,0.02,1,0.01,4,0 days 01:11:41
8,3,3,True,3,0.503047619047619,2,0.4421666666666666,8,0.0547857142857143,1,0.0,4,0.0,1,0 days 00:16:11
8,7,0,False,0,0.9775,1,0.0125,2,0.01,3,0.0,4,0.0,8,0 days 01:26:27
8,7,0,False,0,0.63,8,0.26,7,0.11,2,0.0,3,0.0,3,0 days 01:00:38
8,7,0,False,0,0.97,2,0.03,1,0.0,3,0.0,4,0.0,8,0 days 01:26:38
8,1,3,False,3,0.59,4,0.38,2,0.02,1,0.01,0,0.0,4,0 days 00:25:01
8,1,7,False,7,0.57,1,0.26,3,0.1225,5,0.03,2,0.0175,2,0 days 00:26:17
8,1,3,False,3,0.66,2,0.20695238095238097,1,0.08073412698412699,8,0.05231349206349207,4,0.0,3,0 days 00:16:22
8,7,1,False,1,0.87,0,0.08,2,0.03,4,0.02,3,0.0,8,0 days 01:08:29
8,3,3,True,3,0.5176666666666666,4,0.43150000000000005,1,0.05083333333333333,0,0.0,2,0.0,1,0 days 00:15:46
8,2,6,False,6,0.63,0,0.26,7,0.1,4,0.01,3,0.0,6,0 days 01:24:04
8,8,7,False,7,0.56,2,0.35,4,0.07,3,0.02,0,0.0,9,0 days 00:04:11
8,2,8,False,8,0.67,3,0.24,1,0.05,2,0.03,6,0.01,4,0 days 00:06:20
8,2,6,False,6,0.7,7,0.29,3,0.01,0,0.0,2,0.0,5,0 days 00:36:14
8,2,2,True,2,0.7,1,0.29,0,0.01,3,0.0,4,0.0,1,0 days 01:35:59
8,2,0,False,0,0.86,7,0.11,2,0.03,1,0.0,3,0.0,3,0 days 01:30:39
8,3,1,False,1,0.63,4,0.28,3,0.045,2,0.045,0,0.0,3,0 days 00:47:35
8,2,8,False,8,0.63,4,0.23,3,0.11,6,0.03,2,0.0,5,0 days 00:13:10
8,2,2,True,2,0.49266666666666664,0,0.3673333333333334,7,0.09,1,0.05,3,0.0,1,0 days 01:32:27
8,2,8,False,8,0.64,7,0.18,4,0.17,0,0.01,3,0.0,6,0 days 00:38:26
8,2,0,False,0,0.71,2,0.29,1,0.0,3,0.0,4,0.0,2,0 days 01:16:38
8,2,3,False,3,0.6399285714285713,0,0.3200714285714284,4,0.04,1,0.0,2,0.0,5,0 days 00:32:10
8,0,0,True,0,0.57,4,0.18716666666666668,1,0.18283333333333332,8,0.05,6,0.01,1,0 days 00:55:22
8,2,6,False,6,0.75,4,0.17,2,0.06,1,0.02,3,0.0,3,0 days 00:42:56
8,2,0,False,0,0.59,1,0.19750000000000004,6,0.1625,4,0.05,3,0.0,6,0 days 00:42:12
8,4,3,False,3,0.49504761904761907,2,0.414952380952381,5,0.09,1,0.0,0,0.0,6,0 days 00:26:06
8,3,2,False,2,0.59,1,0.29,3,0.1,8,0.02,4,0.0,3,0 days 00:15:22
8,7,7,True,7,0.65,2,0.24,1,0.11,0,0.0,3,0.0,1,0 days 01:09:05
8,1,2,False,2,0.8628333333333335,1,0.1271666666666667,7,0.01,0,0.0,3,0.0,2,0 days 00:18:12
8,1,7,False,7,0.71,2,0.2,4,0.09,0,0.0,3,0.0,6,0 days 01:17:07
8,1,2,False,2,0.37314285714285694,1,0.33333333333333326,3,0.28552380952380946,8,0.006,4,0.002,2,0 days 00:16:09
8,7,2,False,2,0.83,7,0.15,1,0.015,4,0.005,3,0.0,2,0 days 01:09:17
8,1,2,False,2,0.58,1,0.29,7,0.07,8,0.06,3,0.0,2,0 days 01:22:13
8,7,1,False,1,0.68,4,0.26,6,0.04,0,0.02,3,0.0,8,0 days 01:24:15
8,7,1,False,1,0.78,4,0.22,2,0.0,0,0.0,3,0.0,8,0 days 00:19:38
8,1,1,True,1,0.6098809523809522,3,0.3784523809523809,4,0.011666666666666665,0,0.0,2,0.0,1,0 days 00:15:45
8,7,0,False,0,0.89,1,0.05,7,0.05,2,0.01,3,0.0,3,0 days 01:58:38
8,7,1,False,1,0.73,2,0.19,7,0.07,0,0.01,3,0.0,3,0 days 01:18:59
8,1,8,False,8,0.67,4,0.18,7,0.1,2,0.05,3,0.0,6,0 days 00:45:39
8,1,2,False,2,0.7820580808080806,3,0.21044191919191918,1,0.0075,0,0.0,4,0.0,3,0 days 00:16:03
8,1,2,False,2,0.68,7,0.18,4,0.14,0,0.0,3,0.0,6,0 days 00:54:02
8,2,1,False,1,0.76,0,0.19,2,0.03,4,0.02,3,0.0,3,0 days 01:08:30
8,4,6,False,6,0.49383333333333324,3,0.4128333333333334,1,0.09,2,0.003333333333333333,0,0.0,6,0 days 00:25:50
8,1,4,False,4,0.71,3,0.27,1,0.01,0,0.01,2,0.0,3,0 days 00:52:37
8,3,1,False,1,0.38199999999999995,4,0.335,7,0.25799999999999995,3,0.025,2,0.0,4,0 days 00:17:20
8,3,1,False,1,0.97,4,0.03,2,0.0,0,0.0,3,0.0,5,0 days 00:19:43
8,7,4,False,4,0.66,1,0.175,6,0.1525,8,0.0125,3,0.0,9,0 days 00:42:31
8,1,7,False,7,0.87,6,0.08,8,0.05,0,0.0,3,0.0,8,0 days 01:05:41
8,3,8,False,8,0.69,2,0.22,7,0.04,3,0.03366666666666667,6,0.009000000000000001,4,0 days 00:35:29
8,2,2,True,2,0.4973333333333333,1,0.43266666666666664,7,0.06,8,0.01,3,0.0,1,0 days 01:07:53
8,2,7,False,7,0.46,5,0.4,3,0.07516666666666666,2,0.06483333333333334,0,0.0,4,0 days 00:26:12
8,7,2,False,2,0.57,4,0.3,6,0.13,0,0.0,3,0.0,8,0 days 00:40:49
8,2,7,False,7,0.7,2,0.3,1,0.0,0,0.0,3,0.0,2,0 days 00:21:22
8,2,7,False,7,0.67,8,0.33,2,0.0,0,0.0,3,0.0,3,0 days 01:05:36
8,7,1,False,1,0.6916666666666665,0,0.24,8,0.06333333333333332,2,0.005,4,0.0,9,0 days 01:05:59
8,7,6,False,6,0.8483333333333334,8,0.11,2,0.029166666666666664,7,0.0125,3,0.0,4,0 days 00:06:55
8,2,2,True,2,0.98,3,0.02,1,0.0,0,0.0,4,0.0,1,0 days 00:01:09
8,2,1,False,1,0.89,0,0.08,4,0.02,2,0.01,3,0.0,4,0 days 01:08:27
8,2,6,False,6,0.64,4,0.35,1,0.01,0,0.0,3,0.0,6,0 days 00:12:13
8,8,4,False,4,0.61,2,0.33,0,0.06,1,0.0,3,0.0,9,0 days 01:12:42
8,8,1,False,1,0.66,6,0.18,3,0.12,2,0.03,8,0.01,5,0 days 00:06:24
8,3,1,False,1,0.5401391941391942,3,0.23723565323565318,6,0.21595848595848588,2,0.006666666666666666,0,0.0,2,0 days 00:14:48
8,3,6,False,6,0.94,2,0.03,1,0.02,4,0.01,3,0.0,5,0 days 00:29:13
8,3,1,False,1,0.65,8,0.2633333333333333,2,0.05,4,0.03666666666666667,3,0.0,5,0 days 00:43:20
8,3,0,False,0,0.53,3,0.38,7,0.045,2,0.035,6,0.01,2,0 days 00:14:18
8,4,6,False,6,0.97,2,0.02,1,0.01,0,0.0,3,0.0,6,0 days 00:02:01
8,2,2,True,2,0.30026370851370837,3,0.2750613275613276,1,0.26,7,0.15467496392496394,8,0.01,1,0 days 00:14:42
8,2,7,False,7,0.63,2,0.29,1,0.05,0,0.01,3,0.01,2,0 days 01:34:20
8,4,7,False,7,0.68,2,0.23,1,0.09,0,0.0,3,0.0,6,0 days 01:15:35
8,3,1,False,1,0.65,6,0.28,8,0.04,4,0.02,2,0.01,6,0 days 00:48:11
8,3,2,False,2,0.73,8,0.22583333333333333,3,0.03416666666666667,6,0.01,0,0.0,3,0 days 00:13:49
8,1,2,False,2,0.93,1,0.07,0,0.0,3,0.0,4,0.0,2,0 days 01:18:07
8,1,7,False,7,0.41,3,0.2763333333333334,4,0.25366666666666665,6,0.04,1,0.02,5,0 days 00:22:52
8,1,1,True,1,0.73,3,0.25,7,0.01,4,0.01,2,0.0,1,0 days 00:55:40
8,3,6,False,6,0.6,7,0.29,2,0.09,0,0.02,3,0.0,5,0 days 01:12:21
8,1,2,False,2,0.49566666666666664,1,0.49433333333333346,7,0.01,0,0.0,3,0.0,2,0 days 01:21:36
8,1,6,False,6,0.4773333333333334,2,0.46266666666666656,3,0.05,8,0.01,0,0.0,8,0 days 00:22:01
8,1,1,True,1,0.86,2,0.13,0,0.01,3,0.0,4,0.0,1,0 days 01:08:16
8,7,4,False,4,0.66,6,0.2325,1,0.095,8,0.0125,3,0.0,9,0 days 00:42:30
8,1,6,False,6,0.57,7,0.34,3,0.05366666666666667,4,0.026333333333333334,1,0.01,5,0 days 00:22:47
8,1,4,False,4,0.75,0,0.21,7,0.04,1,0.0,3,0.0,4,0 days 00:52:01
8,1,2,False,2,0.87,8,0.12,3,0.01,1,0.0,4,0.0,4,0 days 00:05:07
8,4,8,False,8,0.71,6,0.24,2,0.04,3,0.01,0,0.0,6,0 days 00:06:48
8,4,2,False,2,0.67,1,0.18,8,0.14,6,0.01,3,0.0,6,0 days 00:31:09
8,1,3,False,3,0.9316666666666668,4,0.03833333333333334,7,0.02,1,0.01,2,0.0,4,0 days 00:38:39
8,1,1,True,1,0.67,4,0.24,6,0.09,0,0.0,3,0.0,1,0 days 00:29:21
8,8,2,False,2,0.68,4,0.32,1,0.0,0,0.0,3,0.0,9,0 days 00:34:38
8,2,2,True,2,0.5707380952380953,8,0.364452380952381,3,0.041119047619047625,1,0.023690476190476185,4,0.0,1,0 days 00:15:53
8,3,6,False,6,0.61,2,0.27,7,0.07,3,0.04,1,0.01,4,0 days 00:26:57
8,1,4,False,4,0.64,6,0.16,3,0.14,2,0.03,8,0.02,6,0 days 00:30:49
8,7,7,True,7,0.69,1,0.18,0,0.06,8,0.05,6,0.01,1,0 days 00:07:56
8,3,3,True,3,0.44852136752136745,1,0.3810082417582418,6,0.1654703907203907,7,0.005,2,0.0,1,0 days 00:14:49
8,2,3,False,3,0.75,2,0.215,7,0.025,1,0.01,0,0.0,2,0 days 00:16:50
8,2,2,True,2,0.2912738095238095,8,0.2543611111111111,3,0.23744444444444437,4,0.21692063492063485,0,0.0,1,0 days 00:16:07
8,2,2,True,2,0.4544523809523809,4,0.41554761904761905,1,0.12,6,0.01,3,0.0,1,0 days 00:39:53
8,1,2,False,2,0.67,6,0.22,0,0.08,4,0.01,7,0.01,8,0 days 00:50:48
8,2,3,False,3,0.75,1,0.23,8,0.02,0,0.0,4,0.0,8,0 days 00:14:33
8,3,3,True,3,0.6472619047619048,2,0.30273809523809514,1,0.05,0,0.0,4,0.0,1,0 days 00:15:27
8,2,2,True,2,0.86,7,0.08,1,0.04,8,0.02,3,0.0,1,0 days 00:21:50
8,2,7,False,7,0.69,6,0.25,3,0.05,4,0.01,2,0.0,5,0 days 00:41:12
8,8,8,True,8,0.86,1,0.1,4,0.03,5,0.01,3,0.0,1,0 days 00:39:43
8,4,8,False,8,0.79,1,0.18,3,0.02,7,0.01,2,0.0,6,0 days 00:44:05
8,8,2,False,2,0.59,4,0.20303571428571426,8,0.16696428571428573,1,0.04,3,0.0,3,0 days 00:43:23
8,8,1,False,1,0.64,2,0.32,6,0.04,0,0.0,3,0.0,9,0 days 00:37:24
8,4,3,False,3,0.42535012210012213,1,0.20716819291819288,4,0.19866605616605612,2,0.1688156288156288,0,0.0,3,0 days 00:15:48
8,8,3,False,3,0.7,2,0.16,4,0.1,7,0.04,0,0.0,9,0 days 00:27:20
8,6,4,False,4,0.4053333333333334,3,0.4046666666666667,6,0.13,1,0.03,7,0.03,3,0 days 00:22:54
8,6,4,False,4,0.5989761904761903,2,0.40102380952380945,1,0.0,0,0.0,3,0.0,7,0 days 00:31:57
8,4,1,False,1,0.6,6,0.22,3,0.18,0,0.0,2,0.0,6,0 days 00:24:34
8,4,6,False,6,0.61,8,0.25,3,0.14,1,0.0,2,0.0,6,0 days 00:36:22
8,6,2,False,2,0.5288809523809523,6,0.4211190476190476,4,0.03,1,0.02,3,0.0,2,0 days 00:39:58
8,4,1,False,1,0.61,8,0.27,2,0.12,0,0.0,4,0.0,5,0 days 00:58:09
8,4,3,False,3,0.64,7,0.21,1,0.09,6,0.05,2,0.01,8,0 days 00:37:10
8,6,6,True,6,0.7,2,0.1929047619047619,4,0.1070952380952381,0,0.0,3,0.0,1,0 days 00:01:38
8,6,2,False,2,0.8922142857142856,4,0.09778571428571428,6,0.01,0,0.0,3,0.0,3,0 days 00:01:30
8,4,8,False,8,0.44849999999999995,2,0.41150000000000003,1,0.0975,3,0.035,7,0.005,6,0 days 00:16:37
8,4,4,True,4,0.6970000000000001,3,0.12749999999999997,1,0.0925,2,0.06,7,0.023,1,0 days 00:37:40
8,8,2,False,2,0.43352380952380964,1,0.41647619047619044,6,0.15,0,0.0,3,0.0,9,0 days 00:43:02
8,4,0,False,0,0.59,2,0.26,8,0.115,5,0.03,6,0.005,7,0 days 00:41:38
8,8,2,False,2,0.49066666666666664,4,0.4693333333333334,1,0.03,6,0.01,3,0.0,9,0 days 00:31:50
8,8,7,False,7,0.65,3,0.3,2,0.04,6,0.01,0,0.0,9,0 days 00:07:45
8,6,4,False,4,0.65,0,0.1535,2,0.1365,8,0.03,1,0.02,9,0 days 00:51:50
8,6,2,False,2,0.54,8,0.415,3,0.03,4,0.015,0,0.0,7,0 days 00:11:00
8,6,2,False,2,0.521047619047619,4,0.22949999999999998,6,0.22945238095238096,1,0.02,3,0.0,3,0 days 00:39:56
8,8,3,False,3,0.73,1,0.16333333333333336,2,0.10666666666666666,0,0.0,4,0.0,9,0 days 00:16:32
8,6,1,False,1,0.68,2,0.16,7,0.1,8,0.05,0,0.01,9,0 days 00:38:01
8,6,1,False,1,0.64,7,0.16400000000000003,3,0.136,2,0.06,0,0.0,8,0 days 00:18:43
8,6,1,False,1,0.6425,6,0.2825,2,0.05,4,0.025,3,0.0,2,0 days 00:42:46
8,6,1,False,1,0.64,2,0.2783333333333334,6,0.06166666666666666,4,0.02,3,0.0,3,0 days 00:31:44
8,6,1,False,1,0.6316666666666666,4,0.26,7,0.08,2,0.028333333333333335,3,0.0,8,0 days 01:21:18
8,6,4,False,4,0.56,8,0.23183333333333336,1,0.17816666666666664,7,0.03,3,0.0,9,0 days 00:34:46
8,8,3,False,3,0.64,2,0.24,1,0.11,6,0.01,0,0.0,9,0 days 00:19:13
8,6,2,False,2,0.78,1,0.2,3,0.01,8,0.01,4,0.0,7,0 days 00:13:44
8,6,3,False,3,0.7925000000000001,6,0.12,7,0.0875,0,0.0,2,0.0,2,0 days 00:04:49
8,4,7,False,7,0.64,6,0.21,2,0.1,3,0.04,4,0.01,5,0 days 00:27:00
8,8,7,False,7,0.61,4,0.29,0,0.09,1,0.01,3,0.0,9,0 days 00:38:18
8,8,3,False,3,0.99,1,0.005,2,0.005,0,0.0,4,0.0,9,0 days 00:16:27
8,4,6,False,6,0.74,2,0.25,1,0.01,0,0.0,3,0.0,6,0 days 00:36:43
8,8,7,False,7,0.6,2,0.20533333333333334,8,0.15466666666666665,1,0.04,3,0.0,3,0 days 01:01:16
8,8,4,False,4,0.59,7,0.36,1,0.04,0,0.01,3,0.0,9,0 days 00:50:59
8,4,1,False,1,0.74,2,0.14016666666666666,4,0.10983333333333331,7,0.006,8,0.004,3,0 days 00:57:41
8,8,3,False,3,0.69,6,0.2,7,0.08,8,0.03,2,0.0,4,0 days 00:41:21
9,1,4,False,4,0.3824285714285714,2,0.3218214285714285,1,0.29575,0,0.0,3,0.0,3,0 days 00:15:17
9,3,4,False,4,0.39682900432900436,3,0.2108780663780664,2,0.20175865800865794,1,0.19053427128427128,0,0.0,2,0 days 00:15:48
9,0,0,True,0,0.61,2,0.25,4,0.1,8,0.04,3,0.0,1,0 days 01:12:54
9,1,7,False,7,0.9,1,0.09,0,0.01,2,0.0,3,0.0,2,0 days 01:23:17
9,1,1,True,1,0.5015000000000002,2,0.46849999999999986,7,0.03,0,0.0,3,0.0,1,0 days 01:21:46
9,2,1,False,1,0.68,2,0.1825,3,0.11,7,0.0275,0,0.0,2,0 days 00:04:27
9,1,7,False,7,0.8,2,0.13,1,0.07,0,0.0,3,0.0,3,0 days 01:08:53
9,1,6,False,6,0.88,2,0.07,4,0.05,0,0.0,3,0.0,6,0 days 00:42:47
9,1,6,False,6,0.62,5,0.24,8,0.07166666666666666,7,0.06833333333333334,3,0.0,7,0 days 00:50:35
9,0,6,False,6,0.595,8,0.215,4,0.17,2,0.02,3,0.0,8,0 days 00:50:22
9,0,7,False,7,0.68,1,0.28,8,0.04,2,0.0,3,0.0,8,0 days 01:22:38
9,1,3,False,3,0.7036666666666668,2,0.20338095238095236,1,0.09295238095238094,0,0.0,4,0.0,3,0 days 00:16:16
9,1,1,True,1,0.5858333333333332,8,0.37416666666666676,7,0.021666666666666664,4,0.01,2,0.008333333333333333,1,0 days 01:13:31
9,2,4,False,4,0.7,2,0.245,6,0.04,8,0.015,3,0.0,2,0 days 00:12:48
9,5,2,False,2,0.7441666666666665,3,0.1758333333333333,1,0.04,7,0.02,6,0.02,7,0 days 00:20:27
9,0,2,False,2,0.94,8,0.04,4,0.02,1,0.0,3,0.0,8,0 days 00:09:24
9,4,2,False,2,0.71,4,0.27,7,0.01,8,0.01,3,0.0,2,0 days 01:02:00
9,2,2,True,2,0.7396904761904763,3,0.11990476190476189,4,0.1004047619047619,5,0.04,0,0.0,1,0 days 00:26:03
9,2,3,False,3,0.73,4,0.18,1,0.05,2,0.04,0,0.0,4,0 days 00:47:26
9,7,8,False,8,0.84,7,0.12,2,0.04,1,0.0,3,0.0,2,0 days 01:05:26
9,1,1,True,1,0.57,7,0.29,2,0.12,4,0.02,3,0.0,1,0 days 01:13:55
9,7,2,False,2,0.63,6,0.21,5,0.11,4,0.04,7,0.01,5,0 days 00:36:00
9,3,1,False,1,0.4893333333333333,4,0.44066666666666665,3,0.07,0,0.0,2,0.0,3,0 days 00:15:50
9,3,1,False,1,0.5495,2,0.38050000000000006,7,0.035,3,0.025,6,0.01,4,0 days 00:17:24
9,1,2,False,2,0.66,8,0.22,4,0.08,1,0.04,3,0.0,4,0 days 00:24:01
9,3,1,False,1,0.6516666666666666,8,0.17649999999999996,3,0.1718333333333333,0,0.0,4,0.0,3,0 days 00:16:00
9,5,0,False,0,0.8,8,0.19,1,0.01,2,0.0,4,0.0,6,0 days 01:48:50
9,7,2,False,2,0.68,8,0.3,0,0.02,1,0.0,4,0.0,9,0 days 01:07:40
9,3,6,False,6,0.59,3,0.2,1,0.11016666666666666,8,0.09983333333333334,2,0.0,2,0 days 00:49:12
9,1,0,False,0,0.72,1,0.25,7,0.02,4,0.01,3,0.0,2,0 days 01:40:32
9,7,1,False,1,0.98,7,0.02,2,0.0,0,0.0,3,0.0,2,0 days 00:54:35
9,7,3,False,3,0.99,2,0.01,1,0.0,0,0.0,4,0.0,8,0 days 00:21:07
9,1,4,False,4,0.69,1,0.2783333333333334,3,0.03166666666666666,0,0.0,2,0.0,2,0 days 00:23:07
9,8,7,False,7,0.66,4,0.22,8,0.12,0,0.0,3,0.0,3,0 days 01:01:52
9,7,2,False,2,0.64,4,0.25,1,0.1,7,0.01,3,0.0,4,0 days 01:07:22
9,7,3,False,3,0.6,2,0.25,4,0.12,1,0.017523809523809525,7,0.006285714285714286,5,0 days 00:44:54
9,7,2,False,2,0.59,1,0.23,8,0.12,7,0.04,0,0.02,4,0 days 01:19:51
9,1,6,False,6,0.64,0,0.22833333333333328,2,0.11166666666666666,4,0.02,3,0.0,6,0 days 00:42:11
9,1,1,True,1,0.62,2,0.33,4,0.03,3,0.01,6,0.01,1,0 days 00:17:53
9,3,1,False,1,0.58,3,0.25,4,0.11,7,0.06,2,0.0,2,0 days 00:38:40
9,3,4,False,4,0.3824285714285714,2,0.3218214285714285,1,0.29575,0,0.0,3,0.0,5,0 days 00:15:17
9,2,1,False,1,0.71,7,0.28,8,0.01,2,0.0,3,0.0,4,0 days 01:27:04
9,2,1,False,1,0.9326190476190476,2,0.05738095238095237,8,0.006666666666666666,3,0.003333333333333333,4,0.0,2,0 days 00:16:14
9,7,2,False,2,0.74,0,0.23,1,0.03,3,0.0,4,0.0,8,0 days 01:29:56
9,2,3,False,3,0.88,2,0.05,1,0.04166666666666666,4,0.028333333333333332,0,0.0,2,0 days 00:15:39
9,2,0,False,0,0.62,1,0.28,2,0.08,7,0.02,3,0.0,3,0 days 01:34:58
9,2,2,True,2,0.6,6,0.28,8,0.1,7,0.02,3,0.0,1,0 days 00:03:49
9,2,2,True,2,0.74,1,0.25,8,0.01,0,0.0,4,0.0,1,0 days 00:24:03
9,2,0,False,0,0.7091666666666667,6,0.23,2,0.04083333333333333,4,0.02,3,0.0,3,0 days 00:42:07
9,2,1,False,1,0.8,2,0.2,0,0.0,3,0.0,4,0.0,2,0 days 00:24:06
9,2,3,False,3,0.62,7,0.26,6,0.09,1,0.01,5,0.01,7,0 days 00:35:00
9,3,2,False,2,0.42200000000000004,4,0.41,3,0.15,6,0.013999999999999999,7,0.004,3,0 days 00:07:15
9,0,7,False,7,0.66,6,0.23,0,0.09333333333333334,2,0.01,1,0.006666666666666666,3,0 days 01:23:56
9,3,4,False,4,0.68,2,0.2,6,0.06333333333333332,1,0.056666666666666664,3,0.0,5,0 days 00:22:06
9,3,2,False,2,0.94,8,0.04,7,0.02,1,0.0,3,0.0,5,0 days 00:09:20
9,2,4,False,4,0.66,3,0.19,1,0.1,6,0.03,2,0.02,5,0 days 00:29:39
9,2,7,False,7,0.6875,2,0.2525,8,0.06,1,0.0,3,0.0,2,0 days 00:21:17
9,2,6,False,6,0.6904166666666666,1,0.11958333333333332,3,0.11333333333333333,2,0.07666666666666666,0,0.0,4,0 days 00:20:47
9,2,2,True,2,0.66,4,0.23,8,0.075,1,0.035,3,0.0,1,0 days 00:45:44
9,0,7,False,7,0.72,1,0.235,0,0.045,2,0.0,3,0.0,3,0 days 01:23:31
9,2,6,False,6,0.7,1,0.16,4,0.13,3,0.01,2,0.0,5,0 days 00:31:38
9,2,1,False,1,0.4513095238095237,6,0.4286904761904763,2,0.09,4,0.02,8,0.01,3,0 days 00:22:01
9,2,2,True,2,0.45549999999999996,3,0.4545,8,0.04,1,0.02,7,0.02,1,0 days 00:36:56
9,0,2,False,2,0.94,0,0.05,3,0.01,1,0.0,4,0.0,2,0 days 01:20:32
9,2,3,False,3,0.64,8,0.265,2,0.095,1,0.0,4,0.0,3,0 days 00:13:26
9,0,0,True,0,0.69,4,0.21,8,0.08,7,0.02,3,0.0,1,0 days 01:10:05
9,0,4,False,4,0.61,6,0.3,3,0.08,8,0.01,2,0.0,8,0 days 00:35:47
9,2,2,True,2,0.7,1,0.2,3,0.09,4,0.01,0,0.0,1,0 days 00:47:21
9,1,8,False,8,0.7183333333333333,3,0.24,2,0.03166666666666666,6,0.01,0,0.0,8,0 days 00:06:23
9,3,6,False,6,0.6,8,0.245,2,0.085,3,0.07,0,0.0,4,0 days 00:06:30
9,1,4,False,4,0.58,6,0.32,2,0.09,7,0.01,3,0.0,6,0 days 01:09:33
9,1,2,False,2,0.67,0,0.24,7,0.08,1,0.01,3,0.0,4,0 days 01:34:35
9,7,3,False,3,0.46838095238095234,6,0.42161904761904767,4,0.08,0,0.01,7,0.01,5,0 days 01:14:45
9,1,3,False,3,1.0,0,0.0,1,0.0,2,0.0,4,0.0,3,0 days 00:17:11
9,0,7,False,7,0.46233333333333326,2,0.42766666666666664,1,0.09833333333333333,8,0.011666666666666667,3,0.0,8,0 days 01:13:36
9,1,7,False,7,0.86,1,0.11,0,0.03,2,0.0,3,0.0,2,0 days 01:19:06
9,1,7,False,7,0.7,4,0.21,2,0.08,6,0.01,3,0.0,6,0 days 01:24:18
9,3,2,False,2,0.5390912698412698,3,0.29532539682539677,7,0.16558333333333333,1,0.0,0,0.0,2,0 days 00:14:43
9,3,4,False,4,0.6276666666666667,2,0.29,8,0.07233333333333333,6,0.01,3,0.0,5,0 days 00:10:31
9,2,3,False,3,0.848,2,0.092,7,0.06,1,0.0,0,0.0,2,0 days 00:15:02
9,7,2,False,2,0.67,8,0.21,6,0.11,5,0.01,3,0.0,9,0 days 00:41:16
9,1,4,False,4,0.72,0,0.22,8,0.04,6,0.01,2,0.01,8,0 days 00:50:54
9,7,1,False,1,0.72,7,0.23,0,0.05,2,0.0,3,0.0,2,0 days 01:29:11
9,3,2,False,2,0.39,8,0.31266666666666665,3,0.2873333333333334,1,0.01,4,0.0,3,0 days 00:16:33
9,2,4,False,4,0.84,0,0.12,8,0.04,2,0.0,3,0.0,4,0 days 01:10:01
9,2,6,False,6,0.69,1,0.2,8,0.05,4,0.03666666666666667,2,0.02333333333333333,5,0 days 00:31:46
9,2,1,False,1,0.61,2,0.2983333333333333,7,0.09166666666666667,0,0.0,3,0.0,2,0 days 01:18:09
9,3,1,False,1,0.5070833333333333,6,0.3529166666666667,2,0.09,3,0.05,0,0.0,4,0 days 00:20:54
9,3,6,False,6,0.695,8,0.275,5,0.02,2,0.01,3,0.0,5,0 days 00:41:24
9,2,7,False,7,0.63,3,0.24,6,0.11,1,0.02,2,0.0,5,0 days 00:34:12
9,2,1,False,1,0.5995952380952383,3,0.21819047619047616,2,0.1822142857142857,0,0.0,4,0.0,3,0 days 00:15:52
9,7,1,False,1,0.65,2,0.35,0,0.0,3,0.0,4,0.0,8,0 days 01:11:00
9,2,1,False,1,0.64,4,0.33,0,0.02,7,0.01,3,0.0,6,0 days 01:02:37
9,2,2,True,2,0.9525,3,0.025,1,0.0225,0,0.0,4,0.0,1,0 days 00:15:55
9,2,6,False,6,0.9,2,0.08,4,0.02,0,0.0,3,0.0,2,0 days 00:39:58
9,2,8,False,8,0.73,6,0.13933333333333334,7,0.11066666666666666,3,0.02,2,0.0,5,0 days 00:17:34
9,2,1,False,1,0.65,7,0.22,2,0.09,0,0.04,3,0.0,3,0 days 01:07:58
9,4,4,True,4,0.61,7,0.31,2,0.07,1,0.01,3,0.0,1,0 days 01:24:26
9,8,6,False,6,0.62,0,0.21,1,0.12,7,0.05,3,0.0,9,0 days 00:07:52
9,8,4,False,4,0.82,3,0.17,2,0.006,0,0.002,6,0.002,9,0 days 00:44:20
9,8,6,False,6,0.58,8,0.27,1,0.13,2,0.015,4,0.005,2,0 days 00:31:16
9,3,3,True,3,0.63,2,0.35,1,0.01,8,0.01,4,0.0,1,0 days 00:14:35
9,3,3,True,3,0.5321666666666668,8,0.43783333333333324,1,0.03,0,0.0,4,0.0,1,0 days 00:38:54
9,2,1,False,1,0.46,0,0.43,2,0.1,7,0.01,3,0.0,3,0 days 01:29:32
9,4,2,False,2,0.66,8,0.22,4,0.09,3,0.02,1,0.01,3,0 days 00:24:00
9,4,0,False,0,0.73,8,0.19,2,0.08,1,0.0,4,0.0,5,0 days 01:03:56
9,3,4,False,4,0.54,7,0.28,2,0.13,1,0.05,3,0.0,5,0 days 00:38:32
9,8,8,True,8,0.64,1,0.24,4,0.12,2,0.0,3,0.0,1,0 days 00:59:03
9,2,1,False,1,0.8,2,0.2,0,0.0,3,0.0,4,0.0,2,0 days 00:24:06
9,1,4,False,4,0.61,6,0.28,3,0.1,1,0.01,2,0.0,4,0 days 00:24:34
9,3,2,False,2,0.71,1,0.15133333333333335,6,0.10866666666666668,7,0.03,3,0.0,5,0 days 00:28:52
9,3,1,False,1,0.5516666666666667,4,0.4133333333333333,2,0.025,3,0.01,0,0.0,4,0 days 00:15:14
9,3,2,False,2,0.63,3,0.228,6,0.076,1,0.066,0,0.0,2,0 days 00:15:40
9,7,2,False,2,0.76,7,0.2,8,0.03,0,0.01,3,0.0,2,0 days 01:05:14
9,7,7,True,7,0.8,1,0.18,4,0.02,0,0.0,3,0.0,1,0 days 01:03:01
9,4,1,False,1,0.5495,2,0.38050000000000006,7,0.035,3,0.025,6,0.01,8,0 days 00:17:24
9,1,8,False,8,0.49182142857142863,4,0.2577142857142856,6,0.23546428571428568,1,0.01,7,0.005,4,0 days 00:42:38
9,1,2,False,2,0.77,7,0.19,1,0.04,0,0.0,3,0.0,3,0 days 00:05:52
9,7,8,False,8,0.73,3,0.22,6,0.031,7,0.019,2,0.0,4,0 days 00:17:35
9,7,8,False,8,0.67,1,0.2,4,0.12,3,0.01,2,0.0,9,0 days 00:44:34
9,1,2,False,2,0.63,3,0.228,6,0.076,1,0.066,0,0.0,4,0 days 00:15:40
9,1,1,True,1,0.6021291486291487,3,0.39787085137085143,0,0.0,2,0.0,4,0.0,1,0 days 00:15:33
9,1,1,True,1,0.57,4,0.37566666666666665,2,0.05433333333333334,0,0.0,3,0.0,1,0 days 00:57:39
9,1,2,False,2,0.71,6,0.27,8,0.02,1,0.0,3,0.0,4,0 days 00:13:41
9,1,8,False,8,0.58,6,0.27,3,0.085,2,0.06499999999999999,0,0.0,8,0 days 00:31:21
9,7,0,False,0,0.98,2,0.02,1,0.0,3,0.0,4,0.0,8,0 days 01:30:24
9,1,3,False,3,0.5111944444444443,1,0.4888055555555557,0,0.0,2,0.0,4,0.0,2,0 days 00:15:35
9,1,3,False,3,0.62,2,0.37,4,0.01,1,0.0,0,0.0,4,0 days 00:26:49
9,4,6,False,6,0.43400000000000005,2,0.4159999999999999,4,0.15,0,0.0,3,0.0,3,0 days 00:12:12
9,2,8,False,8,0.8783333333333334,6,0.09,4,0.02,7,0.011666666666666665,3,0.0,6,0 days 00:50:28
9,7,1,False,1,0.58,8,0.39,2,0.03,0,0.0,4,0.0,9,0 days 00:45:17
9,1,3,False,3,0.787952380952381,2,0.1784960317460318,1,0.033551587301587305,0,0.0,4,0.0,3,0 days 00:16:02
9,1,7,False,7,0.62,4,0.21,2,0.1,1,0.07,3,0.0,4,0 days 00:54:13
9,7,8,False,8,0.69,6,0.12033333333333332,2,0.091,0,0.06866666666666667,1,0.02,9,0 days 00:44:10
9,3,8,False,8,0.6206785714285714,3,0.3686547619047618,2,0.010666666666666666,1,0.0,4,0.0,2,0 days 00:16:12
9,1,4,False,4,0.66,0,0.25,1,0.08,6,0.01,3,0.0,3,0 days 00:52:53
9,2,3,False,3,0.8,1,0.18,8,0.02,0,0.0,4,0.0,8,0 days 00:15:22
9,4,7,False,7,0.87,4,0.1,8,0.03,0,0.0,3,0.0,2,0 days 01:00:16
9,4,1,False,1,0.63,7,0.15,0,0.1,4,0.09,8,0.03,4,0 days 00:52:00
9,8,1,False,1,0.7668333333333334,2,0.13466666666666666,3,0.09849999999999998,0,0.0,4,0.0,9,0 days 00:53:29
9,8,7,False,7,0.61,1,0.3,6,0.06,2,0.03,3,0.0,9,0 days 00:37:58
9,4,2,False,2,0.6,3,0.21,8,0.12,7,0.06,1,0.01,8,0 days 00:04:15
9,8,7,False,7,0.58,4,0.38,0,0.02,6,0.02,3,0.0,9,0 days 00:42:19
9,4,2,False,2,0.35,3,0.30583333333333335,4,0.3041666666666667,1,0.04,0,0.0,3,0 days 00:34:29
9,6,2,False,2,0.7,6,0.2,3,0.07,8,0.02,4,0.01,2,0 days 00:29:49
9,6,2,False,2,0.56,4,0.29,1,0.15,0,0.0,3,0.0,7,0 days 00:25:30
9,6,2,False,2,0.73,3,0.24,1,0.02,4,0.01,0,0.0,7,0 days 00:25:19
9,6,1,False,1,0.58,7,0.38,6,0.0195,3,0.013500000000000002,4,0.006999999999999999,3,0 days 00:22:48
9,4,6,False,6,0.48,2,0.41,3,0.08,8,0.02,4,0.01,5,0 days 00:29:48
9,6,3,False,3,0.89,6,0.07,5,0.04,0,0.0,2,0.0,2,0 days 00:33:41
9,6,7,False,7,0.47766666666666674,6,0.47233333333333327,8,0.04,4,0.01,3,0.0,2,0 days 00:06:55
9,4,1,False,1,0.6021291486291487,3,0.39787085137085143,0,0.0,2,0.0,4,0.0,5,0 days 00:15:33
9,6,2,False,2,0.67,8,0.22,4,0.1,0,0.01,3,0.0,7,0 days 01:03:33
9,6,1,False,1,0.6698333333333334,4,0.25,8,0.07266666666666667,6,0.005,7,0.0025,4,0 days 00:56:20
9,6,2,False,2,0.36921428571428555,1,0.32949999999999996,8,0.29128571428571426,6,0.01,3,0.0,4,0 days 00:43:00
9,6,0,False,0,0.463,3,0.3969999999999999,7,0.08,1,0.06,2,0.0,8,0 days 00:37:01
9,4,2,False,2,0.92,3,0.05,1,0.02,4,0.01,0,0.0,4,0 days 00:25:18
9,4,1,False,1,0.7358333333333335,2,0.23,3,0.024166666666666666,8,0.01,4,0.0,5,0 days 00:48:25
9,4,3,False,3,0.64,4,0.19,8,0.09,1,0.07,2,0.01,2,0 days 00:23:51
9,8,4,False,4,0.451,3,0.4389999999999999,6,0.11,0,0.0,2,0.0,9,0 days 00:46:59
9,8,1,False,1,0.4613214285714286,8,0.38867857142857143,6,0.12,3,0.03,2,0.0,2,0 days 00:49:19
9,4,4,True,4,0.5263095238095239,2,0.46369047619047615,6,0.01,0,0.0,3,0.0,1,0 days 00:32:03
9,8,1,False,1,0.67,8,0.28,2,0.029166666666666664,4,0.02083333333333333,3,0.0,2,0 days 00:39:46
9,4,1,False,1,0.9575,2,0.0325,3,0.01,0,0.0,4,0.0,5,0 days 00:53:27
9,6,6,True,6,0.66,1,0.2,3,0.08,2,0.06,0,0.0,1,0 days 00:21:45
9,6,2,False,2,0.69,1,0.275,3,0.035,0,0.0,4,0.0,7,0 days 00:48:20
9,6,3,False,3,0.66,4,0.19,6,0.07,1,0.04,2,0.04,3,0 days 00:29:42
9,8,7,False,7,0.6,2,0.4,1,0.0,0,0.0,3,0.0,9,0 days 01:08:47
9,6,3,False,3,0.71,2,0.26,4,0.02,7,0.01,0,0.0,8,0 days 00:26:55
9,8,3,False,3,0.3816666666666667,8,0.3183333333333333,2,0.3,1,0.0,4,0.0,2,0 days 00:13:53
9,8,2,False,2,0.6086904761904762,1,0.38797619047619036,3,0.003333333333333333,0,0.0,4,0.0,9,0 days 00:16:15
9,4,2,False,2,0.66,8,0.26,1,0.08,0,0.0,4,0.0,5,0 days 00:45:22
9,6,3,False,3,0.8068333333333334,8,0.17316666666666666,1,0.02,0,0.0,4,0.0,7,0 days 00:13:59
9,4,2,False,2,0.57,8,0.32,3,0.11,1,0.0,4,0.0,5,0 days 00:46:04
9,8,1,False,1,0.45834523809523803,4,0.45165476190476184,0,0.06,7,0.03,3,0.0,9,0 days 00:55:29
9,4,8,False,8,0.5,6,0.26,0,0.13,3,0.09,4,0.01,5,0 days 00:48:02
9,8,4,False,4,0.62,8,0.15273809523809523,2,0.14726190476190476,1,0.04,3,0.03,2,0 days 00:43:24
9,8,7,False,7,0.64,1,0.3,0,0.05,2,0.01,3,0.0,9,0 days 01:17:17
9,8,3,False,3,0.8648333333333333,2,0.07166666666666666,1,0.0635,0,0.0,4,0.0,9,0 days 00:15:24
10,0,4,False,4,0.66,0,0.25,2,0.076,1,0.01,6,0.004,2,0 days 01:03:51
10,1,1,True,1,0.3559880952380952,4,0.3287380952380952,3,0.3069404761904762,2,0.008333333333333333,0,0.0,1,0 days 00:15:15
10,0,2,False,2,0.688,8,0.22,7,0.08,6,0.012,3,0.0,8,0 days 01:03:15
10,1,0,False,0,0.69,8,0.22,2,0.09,1,0.0,4,0.0,4,0 days 00:56:45
10,1,1,True,1,0.63,6,0.21,2,0.13666666666666666,8,0.02,7,0.003333333333333333,1,0 days 00:14:23
10,1,7,False,7,0.91,2,0.07,0,0.02,1,0.0,3,0.0,4,0 days 01:11:57
10,2,7,False,7,0.4126666666666667,2,0.4039999999999999,1,0.18,3,0.003333333333333333,0,0.0,2,0 days 00:04:37
10,1,4,False,4,0.2682579365079364,7,0.25467063492063474,2,0.23541269841269835,1,0.2116587301587301,3,0.03,4,0 days 00:16:25
10,1,4,False,4,0.8406666666666668,8,0.09933333333333333,6,0.05,3,0.01,2,0.0,6,0 days 00:17:05
10,3,7,False,7,0.67,2,0.22,4,0.11,0,0.0,3,0.0,5,0 days 00:44:55
10,1,3,False,3,0.72,4,0.26,7,0.01,1,0.01,2,0.0,4,0 days 00:43:38
10,3,3,True,3,0.6575039682539682,2,0.29916269841269844,1,0.04333333333333333,0,0.0,4,0.0,1,0 days 00:15:27
10,2,8,False,8,0.71,6,0.19,2,0.05,3,0.04,7,0.01,3,0 days 00:18:29
10,2,6,False,6,0.63,4,0.23,2,0.083,8,0.05,3,0.006999999999999999,3,0 days 00:36:51
10,0,2,False,2,0.49,8,0.43,3,0.08,1,0.0,4,0.0,8,0 days 00:21:12
10,0,1,False,1,0.66,4,0.26,2,0.07,8,0.01,3,0.0,8,0 days 00:50:52
10,0,8,False,8,0.66,4,0.2,2,0.14,1,0.0,3,0.0,8,0 days 00:59:14
10,4,1,False,1,0.67,4,0.17,3,0.16,0,0.0,2,0.0,2,0 days 00:52:38
10,2,7,False,7,0.63,8,0.249,4,0.121,0,0.0,3,0.0,6,0 days 00:46:18
10,0,3,False,3,0.66,7,0.25,6,0.06,5,0.03,2,0.0,7,0 days 00:51:25
10,0,1,False,1,0.88,4,0.12,2,0.0,0,0.0,3,0.0,4,0 days 00:52:51
10,3,1,False,1,0.68,2,0.25,4,0.056666666666666664,7,0.013333333333333332,3,0.0,5,0 days 00:37:38
10,3,1,False,1,0.89,8,0.08,2,0.03,0,0.0,4,0.0,8,0 days 00:19:09
10,3,1,False,1,0.672047619047619,6,0.2479523809523809,3,0.07666666666666667,2,0.003333333333333333,0,0.0,3,0 days 00:14:47
10,3,4,False,4,0.2682579365079364,7,0.25467063492063474,2,0.23541269841269835,1,0.2116587301587301,3,0.03,5,0 days 00:16:25
10,7,3,False,3,0.62,1,0.2966666666666667,2,0.08,7,0.003333333333333333,0,0.0,4,0 days 00:26:29
10,7,3,False,3,0.4781666666666667,2,0.3718333333333333,1,0.11,6,0.04,0,0.0,8,0 days 00:19:56
10,1,4,False,4,0.456,3,0.45399999999999996,2,0.06,6,0.02333333333333333,1,0.006666666666666666,5,0 days 00:16:57
10,7,8,False,8,0.66,2,0.33,6,0.01,1,0.0,3,0.0,9,0 days 00:21:52
10,1,0,False,0,0.7,7,0.28,1,0.02,2,0.0,3,0.0,3,0 days 01:25:56
10,1,1,True,1,0.67,0,0.27,7,0.06,2,0.0,3,0.0,1,0 days 01:55:35
10,1,1,True,1,0.69,2,0.31,0,0.0,3,0.0,4,0.0,1,0 days 00:24:12
10,2,1,False,1,0.6506230158730159,3,0.30937698412698417,2,0.04,0,0.0,4,0.0,3,0 days 00:16:09
10,7,1,False,1,0.51,6,0.4641666666666666,4,0.015,3,0.010833333333333332,2,0.0,8,0 days 00:22:50
10,2,1,False,1,0.85,4,0.12,6,0.02,2,0.01,3,0.0,4,0 days 00:17:56
10,8,7,False,7,0.51,1,0.48,2,0.01,0,0.0,3,0.0,9,0 days 00:57:57
10,7,4,False,4,0.58,1,0.3675,8,0.0525,2,0.0,3,0.0,9,0 days 01:13:24
10,2,7,False,7,0.63,5,0.23,0,0.09,1,0.04,2,0.01,5,0 days 01:37:36
10,2,1,False,1,0.4,4,0.39,0,0.21,2,0.0,3,0.0,4,0 days 01:41:49
10,8,7,False,7,0.72,0,0.22,2,0.03,1,0.03,3,0.0,9,0 days 01:25:01
10,2,1,False,1,0.49,5,0.32,6,0.11,7,0.04,2,0.0225,5,0 days 00:20:23
10,8,8,True,8,0.62,2,0.34,1,0.04,0,0.0,4,0.0,1,0 days 00:05:17
10,2,3,False,3,0.8250000000000002,1,0.1383333333333333,2,0.03666666666666667,0,0.0,4,0.0,3,0 days 00:16:17
10,2,2,True,2,0.87,4,0.12,3,0.01,1,0.0,0,0.0,1,0 days 00:08:31
10,2,2,True,2,0.95,3,0.03,6,0.02,1,0.0,0,0.0,1,0 days 00:01:08
10,2,2,True,2,0.7,7,0.19,0,0.09,1,0.02,3,0.0,1,0 days 01:29:47
10,2,2,True,2,0.66,1,0.23,8,0.11,0,0.0,4,0.0,1,0 days 00:02:48
10,2,1,False,1,0.61,2,0.29,7,0.1,0,0.0,3,0.0,2,0 days 01:36:31
10,2,6,False,6,0.95,1,0.02,3,0.02,7,0.01,2,0.0,5,0 days 00:30:36
10,2,8,False,8,0.77,2,0.2,1,0.03,0,0.0,4,0.0,2,0 days 00:02:31
10,4,2,False,2,0.49,4,0.38,7,0.07,0,0.03,1,0.03,2,0 days 01:17:01
10,2,0,False,0,0.68,7,0.31,2,0.01,1,0.0,3,0.0,3,0 days 02:02:27
10,2,4,False,4,0.67,2,0.28,1,0.04,8,0.01,3,0.0,2,0 days 00:34:31
10,3,5,False,5,0.43,6,0.41,1,0.13,2,0.02,0,0.01,6,0 days 00:33:35
10,3,6,False,6,0.86,1,0.1,2,0.04,0,0.0,3,0.0,5,0 days 00:21:43
10,0,1,False,1,0.77,2,0.2,0,0.03,3,0.0,4,0.0,3,0 days 01:17:38
10,2,2,True,2,0.889,1,0.0785,3,0.0325,0,0.0,4,0.0,1,0 days 00:15:55
10,2,8,False,8,0.66,3,0.25,2,0.09,1,0.0,4,0.0,3,0 days 00:01:19
10,2,8,False,8,0.71,6,0.18,1,0.09,2,0.02,3,0.0,4,0 days 00:19:17
10,4,1,False,1,0.58,2,0.22,0,0.09,4,0.08,7,0.03,4,0 days 01:02:40
10,2,1,False,1,0.34095238095238095,7,0.32,4,0.2790476190476191,2,0.05,8,0.01,4,0 days 01:09:30
10,0,2,False,2,0.67,0,0.22,7,0.11,1,0.0,3,0.0,2,0 days 01:30:33
10,4,2,False,2,0.71,1,0.19,7,0.1,0,0.0,3,0.0,6,0 days 00:54:07
10,3,7,False,7,0.61,6,0.3,4,0.08,2,0.01,3,0.0,5,0 days 00:30:16
10,1,8,False,8,0.68,6,0.1147857142857143,7,0.10419047619047618,1,0.10102380952380953,3,0.0,4,0 days 00:56:14
10,3,4,False,4,0.8,1,0.13,2,0.06,8,0.01,3,0.0,5,0 days 00:34:27
10,1,7,False,7,0.68,1,0.28,2,0.03,3,0.006666666666666666,6,0.003333333333333333,2,0 days 01:15:09
10,1,1,True,1,0.63,4,0.3233333333333333,2,0.04666666666666666,0,0.0,3,0.0,1,0 days 00:57:38
10,7,1,False,1,0.84,2,0.12,7,0.03,0,0.01,3,0.0,3,0 days 01:27:18
10,3,6,False,6,0.67,1,0.25,2,0.06000000000000001,4,0.02,3,0.0,5,0 days 00:25:23
10,7,2,False,2,0.53,7,0.39,1,0.08,0,0.0,3,0.0,2,0 days 01:09:08
10,7,2,False,2,0.75,8,0.18,4,0.07,1,0.0,3,0.0,9,0 days 00:04:09
10,3,3,True,3,0.6533333333333333,1,0.34,8,0.006666666666666666,0,0.0,4,0.0,1,0 days 00:38:44
10,3,8,False,8,0.65,4,0.34,6,0.006666666666666666,0,0.003333333333333333,3,0.0,5,0 days 00:44:21
10,0,7,False,7,0.68,0,0.31,1,0.01,2,0.0,3,0.0,2,0 days 01:25:43
10,1,2,False,2,0.64,7,0.34,4,0.01,1,0.01,3,0.0,4,0 days 01:08:28
10,1,8,False,8,0.7,2,0.15383333333333332,4,0.10616666666666667,3,0.04,0,0.0,8,0 days 00:31:04
10,7,5,False,5,0.9,3,0.08,4,0.02,0,0.0,2,0.0,8,0 days 00:39:28
10,1,3,False,3,0.64,7,0.25,4,0.05,0,0.04,2,0.02,6,0 days 01:20:53
10,1,3,False,3,0.8505000000000001,8,0.1195,1,0.03,0,0.0,4,0.0,3,0 days 00:16:00
10,1,8,False,8,0.88,4,0.1,7,0.01,2,0.01,3,0.0,6,0 days 00:44:07
10,7,6,False,6,0.6,2,0.25666666666666665,1,0.10333333333333332,4,0.04,3,0.0,8,0 days 00:18:06
10,1,2,False,2,0.44449999999999995,4,0.4328333333333334,1,0.09983333333333334,7,0.02283333333333333,3,0.0,3,0 days 00:15:10
10,1,7,False,7,0.96,0,0.02,2,0.02,1,0.0,3,0.0,4,0 days 01:45:30
10,7,8,False,8,0.73,2,0.145,7,0.12,4,0.005,3,0.0,3,0 days 01:16:05
10,3,2,False,2,0.91,3,0.06,7,0.02,1,0.01,0,0.0,2,0 days 00:16:50
10,2,3,False,3,0.74,6,0.23,1,0.03,0,0.0,2,0.0,5,0 days 00:26:53
10,3,6,False,6,0.51,3,0.38,0,0.09,1,0.01,2,0.006666666666666666,2,0 days 00:14:19
10,1,6,False,6,0.66,1,0.18283333333333335,2,0.14716666666666667,0,0.01,3,0.0,2,0 days 00:32:24
10,1,3,False,3,0.72,1,0.18,8,0.09,6,0.01,2,0.0,2,0 days 00:23:03
10,7,1,False,1,0.4829404761904763,0,0.2608888888888888,8,0.24617063492063487,5,0.01,3,0.0,9,0 days 00:45:00
10,1,1,True,1,0.6477222222222223,3,0.3277777777777778,4,0.0245,0,0.0,2,0.0,1,0 days 00:15:45
10,7,2,False,2,0.73,1,0.26,4,0.01,0,0.0,3,0.0,8,0 days 00:53:57
10,3,1,False,1,0.841,3,0.13,4,0.016,7,0.012999999999999998,2,0.0,2,0 days 00:16:45
10,3,6,False,6,0.8641666666666667,0,0.13583333333333333,2,0.0,1,0.0,3,0.0,5,0 days 00:33:48
10,2,7,False,7,0.68,0,0.23,1,0.09,2,0.0,3,0.0,4,0 days 01:13:37
10,5,7,False,7,0.65,0,0.31,1,0.04,2,0.0,3,0.0,7,0 days 01:39:18
10,2,3,False,3,0.587654761904762,1,0.3973452380952381,8,0.015,0,0.0,4,0.0,8,0 days 00:16:34
10,2,1,False,1,0.4906666666666667,3,0.45033333333333336,2,0.03,6,0.028999999999999998,0,0.0,3,0 days 00:15:40
10,2,8,False,8,0.6,2,0.26,7,0.08,4,0.04,3,0.02,2,0 days 01:12:34
10,2,8,False,8,0.65,2,0.24961904761904757,4,0.07,6,0.03038095238095238,3,0.0,2,0 days 00:29:57
10,2,8,False,8,0.42747619047619057,2,0.4019761904761904,3,0.1190952380952381,1,0.05145238095238096,4,0.0,2,0 days 00:15:53
10,2,8,False,8,0.59,4,0.23,2,0.12,1,0.06,3,0.0,3,0 days 00:58:12
10,5,7,False,7,0.68,1,0.31,2,0.005,8,0.005,3,0.0,7,0 days 01:01:27
10,8,0,False,0,0.4628333333333333,3,0.4171666666666667,1,0.07,7,0.03,2,0.02,9,0 days 01:07:00
10,8,2,False,2,0.68,0,0.18,4,0.09,8,0.05,3,0.0,4,0 days 00:56:35
10,8,8,True,8,0.4525,3,0.4075,4,0.13,1,0.01,2,0.0,1,0 days 00:57:14
10,3,2,False,2,0.715,8,0.235,4,0.03,6,0.02,3,0.0,5,0 days 00:13:18
10,8,1,False,1,0.85,2,0.14,5,0.01,0,0.0,3,0.0,9,0 days 01:27:40
10,2,2,True,2,0.85,0,0.1,4,0.03,7,0.02,3,0.0,1,0 days 01:02:06
10,4,7,False,7,0.85,8,0.13,4,0.01,1,0.01,3,0.0,3,0 days 01:01:44
10,3,1,False,1,0.36194155844155845,3,0.2548816738816737,2,0.19301334776334778,4,0.19016341991341984,0,0.0,2,0 days 00:15:16
10,3,2,False,2,0.55,3,0.2663095238095238,1,0.18083333333333332,4,0.002857142857142857,0,0.0,2,0 days 00:15:31
10,1,1,True,1,0.61,4,0.26,7,0.11,2,0.01,8,0.01,1,0 days 01:07:18
10,7,7,True,7,0.85,0,0.13,5,0.02,1,0.0,3,0.0,1,0 days 01:47:00
10,3,4,False,4,0.34261111111111103,0,0.3333650793650792,1,0.28402380952380946,3,0.03,2,0.01,4,0 days 00:23:15
10,3,0,False,0,0.65,6,0.22,7,0.09,2,0.02333333333333333,1,0.01,6,0 days 00:37:00
10,8,4,False,4,0.66,0,0.25,2,0.076,1,0.01,6,0.004,9,0 days 01:03:53
10,1,7,False,7,0.360654761904762,3,0.3153928571428571,1,0.2939523809523809,2,0.021666666666666664,4,0.008333333333333333,3,0 days 00:15:12
10,1,8,False,8,0.49,4,0.39,2,0.09516666666666666,3,0.014833333333333332,7,0.01,8,0 days 00:36:54
10,1,8,False,8,0.72,6,0.16,2,0.0725,4,0.0475,3,0.0,6,0 days 00:31:11
10,1,1,True,1,0.61,2,0.29,7,0.1,0,0.0,3,0.0,1,0 days 01:36:37
10,7,0,False,0,0.59,2,0.26,5,0.1,7,0.04,1,0.01,4,0 days 01:43:42
10,1,8,False,8,0.62,4,0.27,2,0.07,1,0.04,3,0.0,4,0 days 00:59:38
10,1,1,True,1,0.4658333333333332,4,0.4241666666666668,3,0.078,2,0.032,0,0.0,1,0 days 00:15:38
10,7,1,False,1,0.6764999999999999,4,0.31516666666666665,3,0.008333333333333333,0,0.0,2,0.0,8,0 days 00:15:37
10,1,1,True,1,0.49046536796536777,3,0.3689469696969696,4,0.1405876623376623,0,0.0,2,0.0,1,0 days 00:15:33
10,1,7,False,7,0.59,3,0.24,1,0.12,2,0.04,8,0.01,3,0 days 00:05:45
10,7,1,False,1,0.44,8,0.41,0,0.14,4,0.01,3,0.0,9,0 days 01:10:09
10,2,2,True,2,0.88,1,0.06666666666666667,3,0.05333333333333334,0,0.0,4,0.0,1,0 days 00:15:29
10,1,8,False,8,0.71,2,0.27,3,0.02,1,0.0,4,0.0,4,0 days 00:14:30
10,3,2,False,2,0.6,1,0.4,0,0.0,3,0.0,4,0.0,4,0 days 00:23:32
10,7,2,False,2,0.95,6,0.05,1,0.0,0,0.0,3,0.0,8,0 days 00:21:22
10,7,8,False,8,0.47745238095238096,1,0.3925476190476191,2,0.05,7,0.04,3,0.03,4,0 days 00:34:55
10,2,8,False,8,0.61,1,0.15064285714285716,3,0.13935714285714285,4,0.1,2,0.0,5,0 days 00:16:36
10,2,7,False,7,0.7,4,0.23,1,0.06,8,0.01,3,0.0,6,0 days 01:07:22
10,7,6,False,6,0.75,2,0.152,7,0.06,3,0.038,0,0.0,3,0 days 00:14:54
10,2,7,False,7,0.6,8,0.37,2,0.02,0,0.01,3,0.0,3,0 days 01:07:41
10,2,1,False,1,0.6204065656565656,2,0.21037337662337655,3,0.16922005772005771,0,0.0,4,0.0,2,0 days 00:15:52
10,8,1,False,1,0.65,8,0.2,3,0.09166666666666667,5,0.024166666666666666,4,0.018333333333333333,2,0 days 00:41:59
10,8,4,False,4,0.67,6,0.25,3,0.05,0,0.03,2,0.0,9,0 days 00:48:03
10,8,4,False,4,0.58,2,0.28,6,0.14,0,0.0,3,0.0,9,0 days 00:10:21
10,8,4,False,4,0.69,2,0.252,7,0.03,8,0.02,6,0.008,4,0 days 00:30:04
10,8,3,False,3,0.57,8,0.26,7,0.1,6,0.04,2,0.03,2,0 days 00:28:39
10,8,2,False,2,0.64,3,0.36,1,0.0,0,0.0,4,0.0,9,0 days 00:08:53
10,6,4,False,4,0.6391666666666667,3,0.3108333333333333,2,0.02,1,0.02,8,0.01,7,0 days 00:47:08
10,8,5,False,5,0.57,6,0.21,0,0.14,3,0.05,4,0.02,9,0 days 00:41:30
10,6,2,False,2,0.84,3,0.07166666666666667,7,0.06833333333333333,6,0.012000000000000002,1,0.008,4,0 days 00:18:49
10,6,7,False,7,0.7358333333333335,4,0.23416666666666663,8,0.03,0,0.0,3,0.0,9,0 days 00:42:26
10,4,6,False,6,0.4978333333333334,2,0.4021666666666666,4,0.07,0,0.02,8,0.01,3,0 days 01:03:44
10,6,2,False,2,0.67,6,0.2,4,0.13,0,0.0,3,0.0,2,0 days 00:36:46
10,4,8,False,8,0.6,7,0.295,2,0.1,1,0.005,3,0.0,6,0 days 01:11:37
10,4,6,False,6,0.66,1,0.18283333333333335,2,0.14716666666666667,0,0.01,3,0.0,6,0 days 00:32:24
10,6,3,False,3,0.63,0,0.22,6,0.08,4,0.06,8,0.01,3,0 days 00:35:42
10,6,4,False,4,0.61,3,0.24,8,0.1,6,0.05,2,0.0,4,0 days 00:36:21
10,6,1,False,1,0.55,6,0.21616666666666667,3,0.16383333333333333,4,0.05,2,0.02,2,0 days 00:25:41
10,6,1,False,1,0.4676190476190476,4,0.3723809523809524,7,0.1,8,0.04,2,0.02,9,0 days 01:09:34
10,6,8,False,8,0.64,2,0.36,1,0.0,0,0.0,4,0.0,7,0 days 00:03:33
10,6,4,False,4,0.66,1,0.22833333333333333,7,0.08,6,0.03166666666666666,3,0.0,4,0 days 00:40:42
10,6,5,False,5,0.57,6,0.21,0,0.14,3,0.05,4,0.02,2,0 days 00:41:30
10,6,3,False,3,0.65,4,0.33,1,0.02,0,0.0,2,0.0,7,0 days 00:43:41
10,6,7,False,7,0.65,4,0.22,3,0.1,2,0.02333333333333333,8,0.006666666666666666,9,0 days 00:21:31
10,6,3,False,3,0.69,7,0.24,2,0.05,0,0.02,1,0.0,8,0 days 01:12:22
10,8,5,False,5,0.9,3,0.08,4,0.02,0,0.0,2,0.0,9,0 days 00:39:27
10,8,7,False,7,0.61,2,0.27,3,0.11,6,0.01,0,0.0,9,0 days 00:17:35
10,4,2,False,2,0.67,0,0.18,4,0.1,8,0.04,6,0.01,3,0 days 00:56:34
10,6,7,False,7,0.468,2,0.452,3,0.07,6,0.01,0,0.0,4,0 days 00:07:06
10,4,1,False,1,0.59,7,0.3,3,0.09,6,0.02,2,0.0,8,0 days 00:19:34
10,4,6,False,6,0.67,3,0.24,1,0.07,2,0.01,8,0.01,8,0 days 00:43:59
10,4,1,False,1,0.66,0,0.23,8,0.11,2,0.0,4,0.0,5,0 days 00:55:27
10,4,4,True,4,0.67,8,0.23,7,0.1,0,0.0,3,0.0,1,0 days 01:00:10
10,4,1,False,1,0.51,6,0.3,3,0.14,8,0.04,2,0.006666666666666666,6,0 days 00:30:49
10,4,2,False,2,0.73,8,0.21,6,0.06,1,0.0,3,0.0,6,0 days 00:31:51
10,4,3,False,3,0.72,8,0.18,4,0.08,6,0.01,2,0.01,3,0 days 00:49:48
10,4,1,False,1,0.605,2,0.22000000000000003,6,0.15,4,0.025,3,0.0,4,0 days 00:43:55
10,4,4,True,4,0.4808095238095239,2,0.45919047619047604,6,0.06,0,0.0,3,0.0,1,0 days 00:32:03
10,4,3,False,3,0.72,4,0.26,7,0.01,1,0.01,2,0.0,2,0 days 00:43:38
10,4,4,True,4,0.75,8,0.24,7,0.01,0,0.0,3,0.0,1,0 days 00:44:24
10,8,0,False,0,0.43416666666666665,1,0.41583333333333333,3,0.08,7,0.04,4,0.03,9,0 days 00:58:44
