fold,true_cluster,predicted_cluster,correct,top1_cluster,top1_confidence,top2_cluster,top2_confidence,top3_cluster,top3_confidence,top4_cluster,top4_confidence,top5_cluster,top5_confidence,true_rank,elapsed_time
1,1,4,False,4,0.797,1,0.153,3,0.05,0,0.0,2,0.0,2,0 days 00:16:12
1,3,2,False,2,0.59,5,0.2,0,0.16,3,0.05,1,0.0,4,0 days 01:11:35
1,0,2,False,2,0.48,0,0.42,4,0.06,3,0.04,1,0.0,2,0 days 01:00:46
1,1,1,True,1,0.63,2,0.37,0,0.0,3,0.0,4,0.0,1,0 days 00:36:00
1,2,3,False,3,0.7607857142857142,2,0.15826190476190474,1,0.08095238095238094,0,0.0,4,0.0,2,0 days 00:15:32
1,0,2,False,2,0.97,0,0.03,1,0.0,3,0.0,4,0.0,2,0 days 00:36:22
1,0,4,False,4,0.65,0,0.17566666666666664,1,0.13433333333333333,2,0.04,3,0.0,2,0 days 00:38:12
1,0,3,False,3,0.72,2,0.25,4,0.03,1,0.0,0,0.0,5,0 days 00:54:31
1,1,4,False,4,0.89,0,0.06,6,0.03,1,0.01,2,0.01,4,0 days 00:16:57
1,0,0,True,0,0.72,2,0.27,6,0.01,1,0.0,3,0.0,1,0 days 01:00:00
1,1,1,True,1,0.63,2,0.37,0,0.0,3,0.0,4,0.0,1,0 days 00:36:00
1,3,2,False,2,0.79,0,0.2,4,0.01,1,0.0,3,0.0,5,0 days 01:15:00
1,4,4,True,4,0.7504761904761905,0,0.21,2,0.039523809523809524,1,0.0,3,0.0,1,0 days 00:20:15
1,4,1,False,1,0.63,2,0.37,0,0.0,3,0.0,4,0.0,5,0 days 00:35:58
1,4,4,True,4,0.6589761904761905,3,0.3210238095238094,2,0.013333333333333332,1,0.006666666666666666,0,0.0,1,0 days 00:40:00
1,4,2,False,2,0.97,4,0.03,1,0.0,0,0.0,3,0.0,2,0 days 00:57:31
1,3,3,True,3,0.9,4,0.08,2,0.01,0,0.01,1,0.0,1,0 days 01:21:24
1,4,2,False,2,0.97,3,0.03,1,0.0,0,0.0,4,0.0,5,0 days 00:24:37
1,4,6,False,6,0.7431666666666666,2,0.25683333333333336,1,0.0,0,0.0,3,0.0,6,0 days 00:05:44
1,2,4,False,4,0.7271428571428571,0,0.24,2,0.032857142857142856,1,0.0,3,0.0,3,0 days 00:20:11
1,2,2,True,2,0.92,0,0.07,3,0.01,1,0.0,4,0.0,1,0 days 01:16:50
1,2,3,False,3,0.75,4,0.24,0,0.01,1,0.0,2,0.0,5,0 days 01:08:01
1,2,2,True,2,0.86,3,0.14,1,0.0,0,0.0,4,0.0,1,0 days 01:06:14
1,2,0,False,0,0.4713333333333333,2,0.41533333333333333,1,0.11333333333333333,3,0.0,4,0.0,2,0 days 00:38:05
1,2,0,False,0,0.68,3,0.21,2,0.11,1,0.0,4,0.0,3,0 days 01:02:00
1,2,2,True,2,0.9666666666666666,1,0.03333333333333333,0,0.0,3,0.0,4,0.0,1,0 days 00:22:15
1,1,2,False,2,0.92,4,0.08,1,0.0,0,0.0,3,0.0,3,0 days 00:28:00
1,3,2,False,2,0.91,4,0.09,1,0.0,0,0.0,3,0.0,5,0 days 01:01:00
1,3,0,False,0,0.86,3,0.11,2,0.03,1,0.0,4,0.0,2,0 days 01:19:12
1,0,3,False,3,0.6,0,0.24,2,0.16,1,0.0,4,0.0,2,0 days 01:29:11
1,3,3,True,3,0.43375,1,0.41625,2,0.15,0,0.0,4,0.0,1,0 days 00:25:00
1,3,4,False,4,0.65,3,0.20916666666666667,2,0.1408333333333333,1,0.0,0,0.0,2,0 days 00:54:37
1,0,2,False,2,0.5591666666666666,4,0.44083333333333335,1,0.0,0,0.0,3,0.0,4,0 days 00:45:00
1,0,3,False,3,0.32349999999999995,1,0.315595238095238,0,0.3059047619047618,2,0.055,4,0.0,3,0 days 00:46:52
1,1,2,False,2,0.83,6,0.17,1,0.0,0,0.0,3,0.0,3,0 days 00:12:10
1,1,3,False,3,0.635,4,0.1916666666666667,1,0.13833333333333334,2,0.035,0,0.0,3,0 days 00:17:15
1,4,2,False,2,0.66,0,0.29,3,0.05,1,0.0,4,0.0,5,0 days 01:04:13
1,0,4,False,4,0.7,2,0.16,0,0.13,5,0.01,3,0.0,3,0 days 00:23:11
1,4,2,False,2,0.86,4,0.14,1,0.0,0,0.0,3,0.0,2,0 days 00:28:28
1,0,3,False,3,0.63,2,0.34,0,0.03,1,0.0,4,0.0,3,0 days 00:56:00
1,4,1,False,1,0.63,6,0.18066666666666667,3,0.17933333333333337,2,0.01,0,0.0,6,0 days 00:18:10
1,4,3,False,3,0.59,4,0.2522619047619048,1,0.15773809523809523,0,0.0,2,0.0,2,0 days 00:16:11
1,4,2,False,2,0.9,3,0.06,6,0.03,0,0.01,1,0.0,6,0 days 00:34:24
1,4,0,False,0,0.62,2,0.24933333333333332,4,0.12566666666666668,3,0.005,1,0.0,3,0 days 01:11:03
1,2,2,True,2,0.5387619047619048,3,0.45123809523809527,0,0.01,1,0.0,4,0.0,1,0 days 00:53:25
1,2,1,False,1,0.63,2,0.37,0,0.0,3,0.0,4,0.0,2,0 days 00:36:01
1,2,1,False,1,0.81,2,0.11,3,0.08,0,0.0,4,0.0,2,0 days 00:11:22
1,5,6,False,6,0.7,2,0.26,4,0.04,0,0.0,3,0.0,7,0 days 00:17:01
1,2,2,True,2,0.5591666666666666,4,0.44083333333333335,1,0.0,0,0.0,3,0.0,1,0 days 00:45:00
1,2,6,False,6,0.58,4,0.27,2,0.09066666666666669,3,0.03933333333333334,0,0.02,3,0 days 00:35:00
1,2,2,True,2,0.8072500000000001,1,0.13366666666666666,3,0.059083333333333335,0,0.0,4,0.0,1,0 days 00:15:01
1,2,3,False,3,0.62,2,0.2,4,0.17,0,0.01,1,0.0,2,0 days 01:00:14
1,2,2,True,2,0.86,3,0.09,4,0.05,1,0.0,0,0.0,1,0 days 01:04:52
1,2,0,False,0,0.695,3,0.21,4,0.055,2,0.04,1,0.0,4,0 days 00:51:38
1,2,3,False,3,0.5766666666666667,2,0.41333333333333333,4,0.01,1,0.0,0,0.0,2,0 days 00:44:53
1,2,3,False,3,0.77,2,0.2,1,0.03,0,0.0,4,0.0,2,0 days 00:21:00
1,2,2,True,2,0.5015555555555555,4,0.49844444444444463,1,0.0,0,0.0,3,0.0,1,0 days 00:28:41
1,1,1,True,1,0.5835833333333332,3,0.37791666666666673,2,0.0385,0,0.0,4,0.0,1,0 days 00:16:17
1,0,3,False,3,0.78,2,0.19,6,0.03,1,0.0,0,0.0,5,0 days 00:48:04
1,3,2,False,2,1.0,0,0.0,1,0.0,3,0.0,4,0.0,4,0 days 00:58:07
1,1,1,True,1,0.44292857142857145,3,0.40707142857142853,2,0.14,4,0.01,0,0.0,1,0 days 00:18:26
1,3,2,False,2,0.62,3,0.37,4,0.01,1,0.0,0,0.0,2,0 days 01:32:03
1,1,2,False,2,0.49516666666666675,1,0.46316666666666656,3,0.04166666666666666,0,0.0,4,0.0,2,0 days 00:16:33
1,3,2,False,2,0.78,3,0.17,1,0.04,0,0.01,4,0.0,2,0 days 00:39:12
1,3,4,False,4,0.456,2,0.45400000000000007,3,0.09,1,0.0,0,0.0,3,0 days 00:18:43
1,3,4,False,4,0.84,0,0.11,3,0.03,2,0.02,1,0.0,3,0 days 00:40:37
1,3,2,False,2,0.73,3,0.27,1,0.0,0,0.0,4,0.0,2,0 days 00:52:08
1,3,4,False,4,0.61,2,0.39,1,0.0,0,0.0,3,0.0,5,0 days 00:42:04
1,3,2,False,2,0.65,4,0.2,0,0.14,6,0.01,3,0.0,5,0 days 00:40:49
1,4,2,False,2,0.67,0,0.33,1,0.0,3,0.0,4,0.0,5,0 days 01:04:16
1,4,2,False,2,0.72,6,0.16,1,0.11,3,0.01,0,0.0,6,0 days 00:20:36
1,2,3,False,3,0.6,2,0.22266666666666665,6,0.17733333333333334,1,0.0,0,0.0,2,0 days 00:56:38
1,2,3,False,3,0.6,0,0.27,2,0.13,1,0.0,4,0.0,3,0 days 00:56:13
1,2,2,True,2,0.64,6,0.23,4,0.1,3,0.03,0,0.0,1,0 days 00:32:20
1,2,2,True,2,0.72,0,0.21,3,0.07,1,0.0,4,0.0,1,0 days 01:12:36
1,2,2,True,2,1.0,0,0.0,1,0.0,3,0.0,4,0.0,1,0 days 01:05:58
1,3,1,False,1,0.64,3,0.298,0,0.05,2,0.012,4,0.0,2,0 days 00:47:30
1,3,0,False,0,0.62,4,0.17,2,0.15666666666666665,3,0.05333333333333333,1,0.0,4,0 days 00:54:50
1,3,2,False,2,0.9353333333333331,3,0.06466666666666668,1,0.0,0,0.0,4,0.0,2,0 days 00:24:28
1,3,4,False,4,0.552,6,0.408,2,0.04,0,0.0,3,0.0,5,0 days 00:17:31
1,2,6,False,6,0.62,0,0.18,2,0.16,3,0.04,1,0.0,3,0 days 00:43:53
1,3,2,False,2,0.93,1,0.07,0,0.0,3,0.0,4,0.0,4,0 days 00:23:35
1,2,3,False,3,0.75,4,0.24,0,0.01,1,0.0,2,0.0,5,0 days 01:08:16
1,1,6,False,6,0.7,2,0.26,4,0.04,0,0.0,3,0.0,6,0 days 00:17:01
1,0,2,False,2,0.72,1,0.25,6,0.03,0,0.0,3,0.0,4,0 days 00:13:53
1,1,2,False,2,0.76,6,0.21,1,0.03,0,0.0,3,0.0,3,0 days 00:06:41
1,0,2,False,2,0.97,4,0.02,5,0.01,0,0.0,3,0.0,4,0 days 00:21:21
1,4,3,False,3,0.7607857142857142,2,0.15826190476190474,1,0.08095238095238094,0,0.0,4,0.0,5,0 days 00:15:32
1,3,4,False,4,0.47,2,0.41,0,0.07666666666666667,1,0.04333333333333333,3,0.0,5,0 days 00:38:13
1,1,1,True,1,0.6566071428571426,4,0.3000595238095238,3,0.04333333333333333,0,0.0,2,0.0,1,0 days 00:16:10
1,1,2,False,2,0.7,1,0.24,5,0.05,4,0.01,3,0.0,2,0 days 00:33:14
1,4,3,False,3,0.6015000000000001,2,0.369452380952381,1,0.02345238095238095,4,0.005595238095238095,0,0.0,4,0 days 00:16:01
1,4,6,False,6,0.97,2,0.03,1,0.0,0,0.0,3,0.0,6,0 days 00:07:36
1,2,2,True,2,1.0,0,0.0,1,0.0,3,0.0,4,0.0,1,0 days 00:11:47
1,2,2,True,2,0.88,6,0.11,0,0.01,1,0.0,3,0.0,1,0 days 00:36:36
1,2,3,False,3,0.64,1,0.29,0,0.05,2,0.02,4,0.0,4,0 days 00:47:35
1,2,3,False,3,0.7833333333333333,2,0.18666666666666668,4,0.02,0,0.01,1,0.0,2,0 days 00:54:44
1,2,2,True,2,0.71,3,0.24,1,0.05,0,0.0,4,0.0,1,0 days 00:36:52
1,2,2,True,2,0.97,4,0.03,1,0.0,0,0.0,3,0.0,1,0 days 00:27:50
1,2,4,False,4,0.97,1,0.03,2,0.0,0,0.0,3,0.0,3,0 days 00:17:59
1,2,2,True,2,1.0,0,0.0,1,0.0,3,0.0,4,0.0,1,0 days 00:00:36
1,2,1,False,1,0.7,2,0.3,0,0.0,3,0.0,4,0.0,2,0 days 00:02:27
1,2,2,True,2,1.0,0,0.0,1,0.0,3,0.0,4,0.0,1,0 days 00:00:30
1,2,2,True,2,1.0,0,0.0,1,0.0,3,0.0,4,0.0,1,0 days 00:01:09
1,2,2,True,2,0.9,3,0.06,6,0.03,0,0.01,1,0.0,1,0 days 00:34:21
1,2,2,True,2,0.9866666666666666,1,0.013333333333333332,0,0.0,3,0.0,4,0.0,1,0 days 00:22:13
1,2,1,False,1,0.635,3,0.18433333333333338,6,0.18066666666666667,0,0.0,2,0.0,5,0 days 00:18:08
1,2,2,True,2,0.74,4,0.26,1,0.0,0,0.0,3,0.0,1,0 days 00:09:02
1,2,3,False,3,0.7178095238095239,4,0.18385714285714289,1,0.09833333333333334,0,0.0,2,0.0,5,0 days 00:17:07
1,6,2,False,2,0.95,3,0.04,0,0.01,1,0.0,4,0.0,7,0 days 00:45:44
1,6,5,False,5,0.62,4,0.18366666666666664,2,0.15633333333333335,6,0.04,3,0.0,4,0 days 00:05:57
1,6,5,False,5,0.62,4,0.18366666666666664,2,0.15633333333333335,6,0.04,3,0.0,4,0 days 00:05:57
1,6,2,False,2,0.72,4,0.21,6,0.07,0,0.0,3,0.0,3,0 days 00:27:34
1,2,2,True,2,0.61,0,0.3,4,0.08,3,0.01,1,0.0,1,0 days 00:21:13
1,5,2,False,2,0.7574938672438674,1,0.10777922077922077,3,0.07846861471861473,4,0.05625829725829726,0,0.0,6,0 days 00:15:30
1,2,4,False,4,0.5136666666666665,6,0.4263333333333334,2,0.05,3,0.01,0,0.0,3,0 days 00:19:04
1,2,2,True,2,0.61,3,0.39,1,0.0,0,0.0,4,0.0,1,0 days 00:38:29
1,2,2,True,2,0.74,4,0.26,1,0.0,0,0.0,3,0.0,1,0 days 00:28:11
1,2,2,True,2,0.5087142857142858,1,0.37128571428571433,4,0.12,0,0.0,3,0.0,1,0 days 00:17:56
1,2,4,False,4,0.57,2,0.28,6,0.13,1,0.02,3,0.0,2,0 days 00:04:11
1,2,3,False,3,0.53,2,0.47,1,0.0,0,0.0,4,0.0,2,0 days 00:01:24
1,2,1,False,1,0.635,3,0.18433333333333338,6,0.18066666666666667,0,0.0,2,0.0,5,0 days 00:18:08
1,2,5,False,5,0.61,2,0.19,1,0.17,3,0.02,4,0.01,2,0 days 00:32:53
1,2,2,True,2,0.54,1,0.43,6,0.03,0,0.0,3,0.0,1,0 days 00:08:14
1,2,6,False,6,0.84,2,0.09,1,0.07,0,0.0,3,0.0,2,0 days 00:04:49
1,6,2,False,2,0.4348333333333333,1,0.42516666666666675,6,0.14,0,0.0,3,0.0,3,0 days 00:12:38
1,2,2,True,2,0.83,6,0.17,1,0.0,0,0.0,3,0.0,1,0 days 00:12:08
1,2,6,False,6,0.62,2,0.38,1,0.0,0,0.0,3,0.0,2,0 days 00:12:12
1,2,2,True,2,0.99,3,0.01,1,0.0,0,0.0,4,0.0,1,0 days 00:02:59
1,6,1,False,1,0.69,6,0.2796666666666667,2,0.030333333333333334,0,0.0,3,0.0,2,0 days 00:05:04
1,6,0,False,0,0.63,2,0.28,6,0.09,1,0.0,3,0.0,3,0 days 00:41:03
1,2,2,True,2,0.968,1,0.032,0,0.0,3,0.0,4,0.0,1,0 days 00:01:29
1,2,2,True,2,0.5501666666666668,1,0.4498333333333334,0,0.0,3,0.0,4,0.0,1,0 days 00:01:31
1,2,2,True,2,1.0,0,0.0,1,0.0,3,0.0,4,0.0,1,0 days 00:01:41
1,2,3,False,3,0.63,2,0.2738333333333334,0,0.09616666666666669,1,0.0,4,0.0,2,0 days 00:23:49
1,6,1,False,1,0.63,2,0.37,0,0.0,3,0.0,4,0.0,7,0 days 00:03:28
1,2,2,True,2,0.9717857142857143,1,0.028214285714285713,0,0.0,3,0.0,4,0.0,1,0 days 00:02:09
1,2,2,True,2,1.0,0,0.0,1,0.0,3,0.0,4,0.0,1,0 days 00:59:36
1,2,4,False,4,0.61,2,0.26,1,0.13,0,0.0,3,0.0,2,0 days 00:25:15
1,2,5,False,5,0.66,4,0.25816666666666666,0,0.053,2,0.028833333333333332,3,0.0,4,0 days 00:31:51
2,0,2,False,2,0.97,4,0.03,1,0.0,0,0.0,3,0.0,4,0 days 01:14:10
2,3,2,False,2,0.53,3,0.23850000000000002,4,0.22149999999999997,6,0.01,0,0.0,2,0 days 00:16:45
2,2,4,False,4,0.43940476190476185,0,0.3705952380952381,2,0.18,3,0.01,1,0.0,3,0 days 00:51:25
2,2,1,False,1,0.67,2,0.2,3,0.13,0,0.0,4,0.0,2,0 days 00:21:45
2,2,2,True,2,0.9023333333333332,6,0.06766666666666668,3,0.02,4,0.01,0,0.0,1,0 days 00:57:02
2,0,6,False,6,0.61,3,0.15266666666666664,2,0.12733333333333335,0,0.11,1,0.0,4,0 days 00:46:06
2,1,5,False,5,0.64,2,0.35,4,0.01,0,0.0,3,0.0,6,0 days 00:23:21
2,3,1,False,1,0.62,2,0.16395238095238096,3,0.15604761904761905,4,0.06,0,0.0,3,0 days 00:17:06
2,2,2,True,2,0.87,4,0.13,1,0.0,0,0.0,3,0.0,1,0 days 00:57:39
2,1,2,False,2,0.91,3,0.085,0,0.005,1,0.0,4,0.0,4,0 days 00:23:32
2,1,1,True,1,0.67,4,0.24,2,0.09,0,0.0,3,0.0,1,0 days 00:18:02
2,0,0,True,0,0.62,3,0.36,2,0.02,1,0.0,4,0.0,1,0 days 01:19:33
2,4,3,False,3,0.5379722222222219,1,0.25561111111111096,4,0.2064166666666666,0,0.0,2,0.0,3,0 days 00:15:50
2,4,2,False,2,0.63,4,0.2,1,0.12,3,0.05,0,0.0,2,0 days 00:27:00
2,4,6,False,6,0.69,2,0.22,4,0.08,1,0.01,3,0.0,3,0 days 00:19:06
2,4,2,False,2,0.61,4,0.37,1,0.02,0,0.0,3,0.0,2,0 days 00:17:59
2,2,2,True,2,0.7808333333333336,3,0.21916666666666668,1,0.0,0,0.0,4,0.0,1,0 days 01:00:17
2,2,3,False,3,0.6,2,0.3,4,0.07,0,0.03,1,0.0,2,0 days 01:01:00
2,2,4,False,4,0.62,3,0.24,0,0.07083333333333333,2,0.06916666666666665,1,0.0,4,0 days 01:02:13
2,2,2,True,2,0.8188333333333333,4,0.14116666666666666,3,0.03,0,0.01,1,0.0,1,0 days 01:01:53
2,2,2,True,2,0.75,0,0.24,3,0.01,1,0.0,4,0.0,1,0 days 00:38:18
2,2,2,True,2,0.48583333333333345,1,0.3841666666666667,4,0.13,0,0.0,3,0.0,1,0 days 00:17:56
2,2,2,True,2,0.47871428571428565,3,0.44128571428571417,6,0.08,1,0.0,0,0.0,1,0 days 00:44:28
2,2,6,False,6,0.6,2,0.3425,0,0.05,3,0.0075,1,0.0,2,0 days 00:45:49
2,2,2,True,2,0.94,5,0.06,1,0.0,0,0.0,3,0.0,1,0 days 00:37:37
2,1,3,False,3,0.89,2,0.08,1,0.03,0,0.0,4,0.0,3,0 days 00:25:00
2,3,0,False,0,0.4852142857142858,3,0.40478571428571436,2,0.11,1,0.0,4,0.0,2,0 days 01:09:45
2,1,2,False,2,0.67,6,0.33,1,0.0,0,0.0,3,0.0,3,0 days 00:12:34
2,1,6,False,6,0.64,1,0.15526190476190474,3,0.12104761904761904,2,0.08369047619047619,0,0.0,2,0 days 00:16:35
2,0,2,False,2,0.73,0,0.26,4,0.01,1,0.0,3,0.0,2,0 days 01:00:41
2,1,2,False,2,0.7354999999999999,4,0.14125000000000004,1,0.12325,0,0.0,3,0.0,3,0 days 00:19:58
2,0,2,False,2,0.9,3,0.06,1,0.04,0,0.0,4,0.0,4,0 days 00:47:54
2,1,2,False,2,0.8733333333333333,4,0.08,3,0.04666666666666666,1,0.0,0,0.0,4,0 days 00:43:08
2,1,0,False,0,0.7726666666666668,4,0.16733333333333333,3,0.03,2,0.03,1,0.0,5,0 days 00:38:10
2,2,1,False,1,0.8072499999999999,2,0.11298809523809523,4,0.07726190476190475,3,0.0025,0,0.0,2,0 days 00:15:59
2,2,2,True,2,0.59,3,0.38,1,0.03,0,0.0,4,0.0,1,0 days 00:25:01
2,3,0,False,0,0.62,2,0.38,1,0.0,3,0.0,4,0.0,4,0 days 00:50:55
2,3,3,True,3,0.67,1,0.16066666666666662,2,0.15933333333333333,4,0.01,0,0.0,1,0 days 00:16:22
2,3,2,False,2,1.0,0,0.0,1,0.0,3,0.0,4,0.0,4,0 days 00:01:24
2,3,4,False,4,0.63,3,0.3,2,0.07,1,0.0,0,0.0,2,0 days 01:35:25
2,3,2,False,2,0.49416666666666664,5,0.4108333333333334,4,0.09,3,0.005,0,0.0,4,0 days 00:23:53
2,3,2,False,2,0.33642063492063484,3,0.3288333333333333,4,0.3136746031746031,1,0.02107142857142857,0,0.0,2,0 days 00:16:01
2,0,2,False,2,1.0,0,0.0,1,0.0,3,0.0,4,0.0,2,0 days 01:05:28
2,3,0,False,0,0.45416666666666666,3,0.43583333333333335,2,0.11,1,0.0,4,0.0,2,0 days 00:48:03
2,2,3,False,3,1.0,0,0.0,1,0.0,2,0.0,4,0.0,4,0 days 01:22:06
2,2,4,False,4,0.86,2,0.12,0,0.02,1,0.0,3,0.0,2,0 days 00:58:42
2,0,0,True,0,0.62,6,0.22,3,0.09083333333333332,2,0.06916666666666665,1,0.0,1,0 days 00:46:03
2,4,4,True,4,0.66,2,0.34,1,0.0,0,0.0,3,0.0,1,0 days 00:59:02
2,4,2,False,2,0.5305000000000001,0,0.4695,1,0.0,3,0.0,4,0.0,5,0 days 00:32:00
2,4,4,True,4,0.6325,2,0.34,3,0.018000000000000002,6,0.0095,0,0.0,1,0 days 00:17:35
2,4,3,False,3,0.98,2,0.02,1,0.0,0,0.0,4,0.0,5,0 days 00:16:04
2,4,2,False,2,0.53,3,0.33,0,0.14,1,0.0,4,0.0,5,0 days 00:48:46
2,1,5,False,5,0.56,2,0.38,1,0.06,0,0.0,3,0.0,3,0 days 00:33:00
2,0,5,False,5,0.57,2,0.41,0,0.02,1,0.0,3,0.0,3,0 days 00:14:16
2,0,0,True,0,0.35161904761904755,4,0.3468095238095239,1,0.29061904761904755,3,0.010952380952380953,2,0.0,1,0 days 00:15:37
2,4,2,False,2,0.95,1,0.02,5,0.02,4,0.01,3,0.0,4,0 days 00:10:18
2,4,3,False,3,0.79,2,0.16,4,0.03,0,0.02,1,0.0,3,0 days 00:52:37
2,4,2,False,2,0.772,0,0.13,3,0.09799999999999999,1,0.0,4,0.0,5,0 days 01:00:11
2,2,4,False,4,0.65,3,0.205,0,0.135,2,0.01,1,0.0,4,0 days 01:03:20
2,2,3,False,3,0.67,2,0.1648333333333333,4,0.15516666666666665,0,0.01,1,0.0,2,0 days 01:01:48
2,2,3,False,3,0.7383333333333334,5,0.17,2,0.08166666666666667,4,0.01,0,0.0,3,0 days 00:26:25
2,2,3,False,3,0.6766428571428571,2,0.31085714285714283,4,0.0125,1,0.0,0,0.0,2,0 days 00:15:17
2,2,2,True,2,0.86,0,0.14,1,0.0,3,0.0,4,0.0,1,0 days 01:00:36
2,2,4,False,4,0.63,2,0.32,1,0.05,0,0.0,3,0.0,2,0 days 00:10:46
2,2,6,False,6,0.56,2,0.43,0,0.01,1,0.0,3,0.0,2,0 days 00:29:17
2,2,4,False,4,0.87,2,0.13,1,0.0,0,0.0,3,0.0,2,0 days 00:57:16
2,2,2,True,2,0.67,0,0.31,6,0.02,1,0.0,3,0.0,1,0 days 00:29:32
2,2,3,False,3,0.66,2,0.31,1,0.03,0,0.0,4,0.0,2,0 days 00:22:57
2,3,0,False,0,0.63,2,0.33,4,0.04,1,0.0,3,0.0,5,0 days 01:17:21
2,3,2,False,2,0.73,0,0.27,1,0.0,3,0.0,4,0.0,4,0 days 01:00:39
2,3,4,False,4,0.4106666666666667,3,0.3993333333333334,2,0.18333333333333335,1,0.006666666666666666,0,0.0,2,0 days 00:16:44
2,3,1,False,1,0.67,4,0.24,2,0.09,0,0.0,3,0.0,5,0 days 00:18:02
2,1,1,True,1,0.49504761904761907,2,0.259452380952381,3,0.2155,4,0.03,0,0.0,1,0 days 00:16:40
2,3,1,False,1,0.4784999999999999,2,0.4721666666666667,4,0.04933333333333333,0,0.0,3,0.0,5,0 days 00:20:02
2,3,2,False,2,0.3441309523809523,1,0.3284484126984127,4,0.3274206349206348,0,0.0,3,0.0,5,0 days 00:20:00
2,4,1,False,1,0.96,3,0.026666666666666665,4,0.013333333333333332,0,0.0,2,0.0,3,0 days 00:16:10
2,4,6,False,6,0.88,0,0.06,2,0.06,1,0.0,3,0.0,6,0 days 00:50:39
2,4,2,False,2,0.97,4,0.03,1,0.0,0,0.0,3,0.0,2,0 days 01:13:44
2,6,5,False,5,0.59,3,0.26,2,0.12,4,0.02,1,0.01,7,0 days 00:26:34
2,6,2,False,2,0.69,6,0.23,1,0.08,0,0.0,3,0.0,2,0 days 00:04:49
2,2,1,False,1,0.72,2,0.24,6,0.04,0,0.0,3,0.0,2,0 days 00:08:10
2,2,3,False,3,0.9,0,0.05,4,0.05,1,0.0,2,0.0,5,0 days 00:52:46
2,3,2,False,2,0.9,3,0.1,1,0.0,0,0.0,4,0.0,2,0 days 01:31:01
2,2,0,False,0,0.65,2,0.26,1,0.09,3,0.0,4,0.0,2,0 days 00:38:04
2,5,3,False,3,0.5379722222222219,1,0.25561111111111096,4,0.2064166666666666,0,0.0,2,0.0,6,0 days 00:15:50
2,2,6,False,6,0.74,2,0.22,4,0.04,0,0.0,3,0.0,2,0 days 00:07:39
2,5,2,False,2,0.62,6,0.34,4,0.04,0,0.0,3,0.0,7,0 days 00:07:42
2,3,0,False,0,0.7099999999999999,3,0.13566666666666666,1,0.11766666666666667,6,0.02,4,0.016666666666666666,2,0 days 00:15:39
2,3,4,False,4,0.63,0,0.22,2,0.1375,3,0.0125,1,0.0,4,0 days 00:59:24
2,3,2,False,2,0.91,0,0.09,1,0.0,3,0.0,4,0.0,4,0 days 00:44:06
2,0,2,False,2,0.4683333333333334,0,0.46,3,0.05166666666666666,4,0.02,1,0.0,2,0 days 00:35:23
2,1,2,False,2,1.0,0,0.0,1,0.0,3,0.0,4,0.0,3,0 days 00:01:27
2,0,2,False,2,0.64,0,0.18778571428571428,6,0.14221428571428574,4,0.03,3,0.0,2,0 days 00:43:35
2,2,3,False,3,0.89,0,0.06,4,0.04,2,0.01,1,0.0,4,0 days 01:03:36
2,1,1,True,1,0.5069523809523809,2,0.38933333333333325,3,0.1037142857142857,0,0.0,4,0.0,1,0 days 00:16:15
2,1,2,False,2,0.3406666666666667,3,0.33,1,0.3293333333333333,0,0.0,4,0.0,3,0 days 00:11:21
2,4,6,False,6,0.42,1,0.4,4,0.17,2,0.01,3,0.0,3,0 days 00:09:31
2,3,0,False,0,0.55,2,0.3,3,0.15,1,0.0,4,0.0,3,0 days 00:53:17
2,0,2,False,2,0.68,3,0.32,1,0.0,0,0.0,4,0.0,4,0 days 00:52:21
2,0,4,False,4,0.86,1,0.14,2,0.0,0,0.0,3,0.0,4,0 days 00:16:54
2,4,2,False,2,0.96,4,0.03,1,0.01,0,0.0,3,0.0,2,0 days 00:09:01
2,2,2,True,2,0.97,0,0.03,1,0.0,3,0.0,4,0.0,1,0 days 00:14:29
2,2,2,True,2,0.58,0,0.31,1,0.05,4,0.05,3,0.01,1,0 days 00:18:34
2,2,4,False,4,0.67,0,0.19249999999999998,2,0.1375,1,0.0,3,0.0,3,0 days 00:45:01
2,2,2,True,2,0.58,1,0.21,0,0.2,3,0.01,4,0.0,1,0 days 00:18:32
2,2,2,True,2,1.0,0,0.0,1,0.0,3,0.0,4,0.0,1,0 days 00:00:50
2,2,2,True,2,1.0,0,0.0,1,0.0,3,0.0,4,0.0,1,0 days 00:00:31
2,2,4,False,4,0.6,2,0.33,3,0.06,6,0.01,0,0.0,2,0 days 00:34:24
2,2,4,False,4,0.62,2,0.26,1,0.1,3,0.02,0,0.0,2,0 days 00:20:38
2,2,2,True,2,1.0,0,0.0,1,0.0,3,0.0,4,0.0,1,0 days 00:01:06
2,2,2,True,2,1.0,0,0.0,1,0.0,3,0.0,4,0.0,1,0 days 00:01:02
2,6,2,False,2,0.62,3,0.20800000000000002,0,0.172,1,0.0,4,0.0,7,0 days 00:48:06
2,2,2,True,2,0.73,1,0.27,0,0.0,3,0.0,4,0.0,1,0 days 00:02:30
2,2,2,True,2,0.67,1,0.17416666666666664,6,0.15583333333333335,0,0.0,3,0.0,1,0 days 00:03:27
2,2,2,True,2,0.9466666666666668,1,0.05,3,0.003333333333333333,0,0.0,4,0.0,1,0 days 00:22:21
2,2,0,False,0,0.64,1,0.2,2,0.14,6,0.02,3,0.0,3,0 days 00:13:53
2,6,2,False,2,0.8838095238095238,1,0.06,6,0.056190476190476187,0,0.0,3,0.0,3,0 days 00:05:38
2,2,6,False,6,0.65,2,0.35,1,0.0,0,0.0,3,0.0,2,0 days 00:04:24
2,2,4,False,4,0.65,2,0.28800000000000003,3,0.06,1,0.002,0,0.0,2,0 days 00:14:52
2,2,1,False,1,0.4804999999999999,3,0.4195000000000001,2,0.1,0,0.0,4,0.0,3,0 days 00:17:25
2,2,1,False,1,0.67,2,0.33,0,0.0,3,0.0,4,0.0,2,0 days 00:19:21
2,2,2,True,2,0.6485000000000001,1,0.3189999999999999,4,0.03,3,0.0025,0,0.0,1,0 days 00:14:55
2,2,2,True,2,0.95,1,0.04,6,0.01,0,0.0,3,0.0,1,0 days 00:11:59
2,2,3,False,3,0.33977075702075704,1,0.31941544566544555,2,0.18078724053724055,4,0.16002655677655678,0,0.0,3,0 days 00:15:29
2,2,2,True,2,0.74,6,0.24,1,0.02,0,0.0,3,0.0,1,0 days 00:13:33
2,2,2,True,2,0.7,4,0.18,6,0.12,0,0.0,3,0.0,1,0 days 00:07:32
2,2,4,False,4,0.615,1,0.20983333333333334,2,0.1751666666666666,0,0.0,3,0.0,3,0 days 00:20:05
2,2,3,False,3,0.58,0,0.32,4,0.09,2,0.01,1,0.0,4,0 days 00:40:23
2,2,1,False,1,0.62,0,0.23,2,0.15,3,0.0,4,0.0,3,0 days 00:38:00
2,2,2,True,2,1.0,0,0.0,1,0.0,3,0.0,4,0.0,1,0 days 00:01:26
2,6,4,False,4,0.84,2,0.15,6,0.01,0,0.0,3,0.0,3,0 days 00:27:24
2,2,2,True,2,0.72,1,0.28,0,0.0,3,0.0,4,0.0,1,0 days 00:08:15
2,2,2,True,2,0.97,1,0.03,0,0.0,3,0.0,4,0.0,1,0 days 00:02:13
2,6,4,False,4,0.62,2,0.26,1,0.1,3,0.02,0,0.0,7,0 days 00:20:40
2,6,4,False,4,0.56,6,0.42,2,0.02,0,0.0,3,0.0,2,0 days 00:07:35
2,6,1,False,1,0.72,2,0.24,6,0.04,0,0.0,3,0.0,3,0 days 00:08:09
2,2,2,True,2,0.73,1,0.27,0,0.0,3,0.0,4,0.0,1,0 days 00:02:14
2,2,2,True,2,0.92,1,0.07,4,0.01,0,0.0,3,0.0,1,0 days 00:27:53
2,2,2,True,2,0.9475000000000001,1,0.05249999999999999,0,0.0,3,0.0,4,0.0,1,0 days 00:02:09
2,2,1,False,1,0.9866666666666666,2,0.013333333333333332,0,0.0,3,0.0,4,0.0,2,0 days 00:06:55
3,0,2,False,2,0.86,3,0.14,1,0.0,0,0.0,4,0.0,4,0 days 00:23:47
3,3,2,False,2,0.68,3,0.3,4,0.02,1,0.0,0,0.0,2,0 days 01:22:16
3,3,4,False,4,0.75,2,0.22,6,0.03,0,0.0,3,0.0,5,0 days 00:26:50
3,0,6,False,6,0.64,2,0.285,4,0.07,3,0.005,0,0.0,5,0 days 00:50:29
3,3,1,False,1,0.88,2,0.12,0,0.0,3,0.0,4,0.0,4,0 days 00:18:22
3,2,1,False,1,0.64,4,0.26,2,0.1,0,0.0,3,0.0,3,0 days 00:43:06
3,3,2,False,2,0.99,3,0.01,1,0.0,0,0.0,4,0.0,2,0 days 00:23:42
3,3,1,False,1,0.5721666666666667,2,0.4278333333333334,0,0.0,3,0.0,4,0.0,4,0 days 00:16:34
3,4,3,False,3,0.5868333333333333,1,0.4131666666666666,0,0.0,2,0.0,4,0.0,5,0 days 00:17:42
3,0,2,False,2,0.61,4,0.29,3,0.1,1,0.0,0,0.0,5,0 days 01:02:25
3,0,2,False,2,0.99,3,0.01,1,0.0,0,0.0,4,0.0,4,0 days 00:23:42
3,1,2,False,2,0.9866666666666666,4,0.01,3,0.0022222222222222222,1,0.0011111111111111111,0,0.0,4,0 days 00:14:56
3,4,2,False,2,0.5177857142857143,4,0.42816666666666664,1,0.05404761904761905,0,0.0,3,0.0,2,0 days 00:17:58
3,3,0,False,0,0.64,2,0.19,3,0.17,1,0.0,4,0.0,3,0 days 01:09:46
3,3,2,False,2,0.68,3,0.3,4,0.02,1,0.0,0,0.0,2,0 days 01:22:00
3,1,2,False,2,0.7419999999999999,3,0.20799999999999996,4,0.04,1,0.01,0,0.0,4,0 days 00:15:46
3,3,3,True,3,0.89,0,0.1,2,0.01,1,0.0,4,0.0,1,0 days 01:12:11
3,3,0,False,0,0.59,4,0.33,3,0.08,1,0.0,2,0.0,3,0 days 01:26:35
3,4,0,False,0,0.8684999999999999,2,0.1215,6,0.01,1,0.0,3,0.0,6,0 days 00:43:28
3,4,2,False,2,0.82,4,0.17,0,0.01,1,0.0,3,0.0,2,0 days 01:13:27
3,4,4,True,4,0.65,0,0.29,2,0.06,1,0.0,3,0.0,1,0 days 00:20:15
3,2,6,False,6,0.6628333333333332,2,0.33716666666666667,1,0.0,0,0.0,3,0.0,2,0 days 00:11:31
3,2,2,True,2,0.64,4,0.18,6,0.15,3,0.03,0,0.0,1,0 days 00:25:27
3,2,2,True,2,0.61,0,0.28,3,0.1,4,0.01,1,0.0,1,0 days 01:38:50
3,2,3,False,3,0.65,4,0.21,2,0.14,1,0.0,0,0.0,3,0 days 00:24:45
3,2,4,False,4,0.64,2,0.21,3,0.085,1,0.055,6,0.01,2,0 days 00:17:04
3,2,2,True,2,0.8321666666666667,3,0.14783333333333334,0,0.02,1,0.0,4,0.0,1,0 days 01:01:09
3,2,0,False,0,0.63,3,0.27,2,0.1,1,0.0,4,0.0,3,0 days 00:44:00
3,2,2,True,2,0.86,3,0.09,0,0.04,4,0.01,1,0.0,1,0 days 00:50:49
3,2,2,True,2,0.87,5,0.06,4,0.03,3,0.03,1,0.01,1,0 days 00:32:46
3,1,1,True,1,0.6770515873015874,4,0.1416825396825397,3,0.1304642857142857,5,0.050801587301587306,2,0.0,1,0 days 00:15:51
3,3,4,False,4,0.55,0,0.39,2,0.05,3,0.01,1,0.0,4,0 days 00:52:55
3,1,1,True,1,0.88,4,0.11,2,0.01,0,0.0,3,0.0,1,0 days 00:15:23
3,1,1,True,1,0.48566666666666664,4,0.45966666666666667,2,0.05216666666666667,3,0.0025,0,0.0,1,0 days 00:16:00
3,3,2,False,2,0.95,3,0.05,1,0.0,0,0.0,4,0.0,2,0 days 01:06:19
3,1,3,False,3,0.38688095238095227,2,0.3263809523809523,4,0.2667380952380951,1,0.02,0,0.0,4,0 days 00:20:00
3,0,2,False,2,0.5498333333333333,4,0.4501666666666668,1,0.0,0,0.0,3,0.0,4,0 days 00:32:00
3,3,2,False,2,0.6,0,0.24,1,0.09,3,0.07,4,0.0,4,0 days 00:47:37
3,2,2,True,2,0.98,3,0.02,1,0.0,0,0.0,4,0.0,1,0 days 01:06:05
3,3,2,False,2,0.64,3,0.13,4,0.11833333333333335,1,0.11166666666666668,0,0.0,2,0 days 00:17:07
3,0,0,True,0,0.63,3,0.27,1,0.1,2,0.0,4,0.0,1,0 days 00:39:40
3,3,2,False,2,0.83,3,0.12,6,0.04,4,0.01,0,0.0,2,0 days 00:26:13
3,0,2,False,2,0.87,4,0.09,3,0.04,1,0.0,0,0.0,5,0 days 01:02:08
3,2,2,True,2,0.4995000000000001,1,0.38049999999999995,4,0.10625,3,0.01375,0,0.0,1,0 days 00:40:01
3,0,1,False,1,0.52,0,0.23799999999999996,4,0.19200000000000003,3,0.04,2,0.01,2,0 days 00:38:10
3,2,2,True,2,0.82,4,0.17,0,0.01,1,0.0,3,0.0,1,0 days 01:13:31
3,0,2,False,2,0.58,3,0.42,1,0.0,0,0.0,4,0.0,4,0 days 00:31:14
3,1,2,False,2,0.8068333333333335,4,0.19316666666666665,1,0.0,0,0.0,3,0.0,3,0 days 00:25:11
3,4,2,False,2,0.7,3,0.29,6,0.01,1,0.0,0,0.0,6,0 days 00:24:11
3,4,3,False,3,0.82,6,0.14,2,0.04,1,0.0,0,0.0,6,0 days 00:49:43
3,4,2,False,2,0.79,3,0.1325,4,0.0775,1,0.0,0,0.0,3,0 days 01:10:22
3,0,3,False,3,0.61,1,0.27,2,0.09,0,0.03,4,0.0,4,0 days 00:38:42
3,4,1,False,1,0.98,3,0.02,0,0.0,2,0.0,4,0.0,5,0 days 00:17:16
3,2,0,False,0,0.91,2,0.05,3,0.023333333333333334,5,0.016666666666666666,1,0.0,2,0 days 00:55:24
3,3,2,False,2,0.6465595238095239,3,0.31044047619047604,1,0.043,0,0.0,4,0.0,2,0 days 00:16:16
3,1,4,False,4,0.75,2,0.22,6,0.03,0,0.0,3,0.0,6,0 days 00:26:51
3,2,4,False,4,0.8,6,0.2,0,0.0,1,0.0,3,0.0,6,0 days 00:27:15
3,3,4,False,4,0.4686666666666666,2,0.42133333333333345,3,0.11,1,0.0,0,0.0,3,0 days 00:18:47
3,3,4,False,4,0.547,1,0.353,2,0.1,0,0.0,3,0.0,5,0 days 00:18:11
3,4,1,False,1,0.94,4,0.06,2,0.0,0,0.0,3,0.0,2,0 days 00:15:24
3,4,6,False,6,0.66,2,0.19,3,0.15,1,0.0,0,0.0,6,0 days 00:03:35
3,2,4,False,4,0.86,0,0.1,6,0.03,3,0.01,2,0.0,5,0 days 01:07:02
3,2,2,True,2,0.99,4,0.01,1,0.0,0,0.0,3,0.0,1,0 days 00:57:00
3,2,2,True,2,0.47304761904761905,4,0.40695238095238095,0,0.12,1,0.0,3,0.0,1,0 days 00:28:56
3,2,1,False,1,0.48566666666666664,4,0.45966666666666667,2,0.05216666666666667,3,0.0025,0,0.0,3,0 days 00:16:00
3,3,4,False,4,0.3991825396825398,2,0.31331746031746016,3,0.27083333333333326,1,0.016666666666666666,0,0.0,3,0 days 00:16:01
3,2,3,False,3,0.6208333333333333,2,0.25,1,0.08583333333333334,4,0.04333333333333334,0,0.0,2,0 days 00:16:28
3,3,2,False,2,0.97,1,0.03,0,0.0,3,0.0,4,0.0,4,0 days 00:22:57
3,5,3,False,3,0.59,6,0.22,2,0.17,4,0.02,0,0.0,7,0 days 00:26:32
3,2,2,True,2,0.76,4,0.24,1,0.0,0,0.0,3,0.0,1,0 days 00:15:06
3,2,0,False,0,0.55,2,0.2256666666666667,1,0.2043333333333333,5,0.02,3,0.0,2,0 days 00:37:57
3,2,6,False,6,0.65,2,0.34333333333333327,0,0.006666666666666666,1,0.0,3,0.0,2,0 days 00:13:40
3,2,2,True,2,0.9933333333333333,5,0.003333333333333333,6,0.003333333333333333,0,0.0,3,0.0,1,0 days 00:14:28
3,0,2,False,2,0.84,4,0.14,1,0.02,0,0.0,3,0.0,4,0 days 00:42:53
3,1,1,True,1,0.8,2,0.2,0,0.0,3,0.0,4,0.0,1,0 days 00:06:59
3,2,3,False,3,0.63,5,0.26,0,0.11,1,0.0,2,0.0,5,0 days 01:11:44
3,3,2,False,2,0.65,4,0.29,1,0.06,0,0.0,3,0.0,5,0 days 00:42:59
3,2,4,False,4,0.66,3,0.23,0,0.11,1,0.0,2,0.0,5,0 days 01:09:09
3,2,3,False,3,0.62,2,0.23,6,0.1,4,0.04,1,0.01,2,0 days 00:13:00
3,2,2,True,2,0.5743333333333334,6,0.2956666666666667,1,0.13,0,0.0,3,0.0,1,0 days 00:03:51
3,2,5,False,5,0.47,0,0.46,6,0.04,2,0.03,3,0.0,4,0 days 00:21:24
3,0,4,False,4,0.65,2,0.26,3,0.09,1,0.0,0,0.0,5,0 days 00:18:38
3,3,2,False,2,0.56,1,0.44,0,0.0,3,0.0,4,0.0,4,0 days 00:22:48
3,2,3,False,3,0.4908333333333333,2,0.47916666666666674,0,0.03,1,0.0,4,0.0,2,0 days 00:53:21
3,0,6,False,6,0.67,0,0.18583333333333332,2,0.14416666666666667,1,0.0,3,0.0,2,0 days 00:43:37
3,1,4,False,4,0.6,2,0.38,6,0.02,0,0.0,3,0.0,6,0 days 00:07:23
3,1,3,False,3,0.7401666666666666,6,0.13,0,0.12983333333333336,1,0.0,2,0.0,4,0 days 00:15:40
3,4,3,False,3,0.4002619047619047,5,0.22331349206349202,4,0.19858730158730156,1,0.17783730158730163,2,0.0,3,0 days 00:15:50
3,1,2,False,2,0.91,1,0.07,4,0.02,0,0.0,3,0.0,2,0 days 00:07:10
3,4,1,False,1,0.7743333333333332,4,0.19516666666666668,3,0.0305,0,0.0,2,0.0,2,0 days 00:16:12
3,1,1,True,1,0.9066666666666668,2,0.07333333333333332,6,0.02,0,0.0,3,0.0,1,0 days 00:05:19
3,1,1,True,1,0.9066666666666668,2,0.07333333333333332,6,0.02,0,0.0,3,0.0,1,0 days 00:05:21
3,4,2,False,2,0.6913333333333332,0,0.17,3,0.13866666666666666,1,0.0,4,0.0,5,0 days 01:00:53
3,4,1,False,1,0.64,2,0.2158333333333333,4,0.13416666666666666,6,0.01,3,0.0,3,0 days 00:04:01
3,4,2,False,2,0.76,4,0.23,0,0.01,1,0.0,3,0.0,2,0 days 00:58:43
3,4,3,False,3,0.69,2,0.24,4,0.06,6,0.01,0,0.0,3,0 days 00:25:53
3,2,1,False,1,0.88,3,0.08633333333333335,2,0.033666666666666664,0,0.0,4,0.0,3,0 days 00:16:15
3,2,2,True,2,1.0,0,0.0,1,0.0,3,0.0,4,0.0,1,0 days 00:37:17
3,2,6,False,6,0.8633333333333334,4,0.12,2,0.016666666666666666,0,0.0,3,0.0,3,0 days 00:05:48
3,5,4,False,4,0.4516666666666667,2,0.43833333333333324,6,0.11,0,0.0,3,0.0,7,0 days 00:05:59
3,2,1,False,1,0.94,4,0.06,2,0.0,0,0.0,3,0.0,3,0 days 00:15:24
3,2,2,True,2,0.6,4,0.29833333333333334,6,0.05416666666666666,3,0.047499999999999994,0,0.0,1,0 days 00:17:33
3,2,2,True,2,1.0,0,0.0,1,0.0,3,0.0,4,0.0,1,0 days 00:01:41
3,2,2,True,2,1.0,0,0.0,1,0.0,3,0.0,4,0.0,1,0 days 00:01:10
3,2,2,True,2,1.0,0,0.0,1,0.0,3,0.0,4,0.0,1,0 days 00:00:34
3,2,2,True,2,0.5205833333333334,4,0.46941666666666665,0,0.01,1,0.0,3,0.0,1,0 days 00:29:59
3,2,6,False,6,0.56,2,0.27,4,0.17,0,0.0,3,0.0,2,0 days 00:31:37
3,2,2,True,2,1.0,0,0.0,1,0.0,3,0.0,4,0.0,1,0 days 00:01:09
3,2,2,True,2,0.7133333333333333,1,0.28666666666666674,0,0.0,3,0.0,4,0.0,1,0 days 00:01:28
3,2,2,True,2,1.0,0,0.0,1,0.0,3,0.0,4,0.0,1,0 days 00:01:55
3,6,4,False,4,0.72,2,0.28,1,0.0,0,0.0,3,0.0,7,0 days 00:19:06
3,2,1,False,1,0.7216666666666666,3,0.21,2,0.06833333333333333,0,0.0,4,0.0,3,0 days 00:11:16
3,2,2,True,2,1.0,0,0.0,1,0.0,3,0.0,4,0.0,1,0 days 00:11:40
3,6,2,False,2,0.83,3,0.17,1,0.0,0,0.0,4,0.0,7,0 days 00:56:50
3,2,4,False,4,0.6258333333333332,2,0.35416666666666663,1,0.02,0,0.0,3,0.0,2,0 days 00:25:09
3,2,1,False,1,0.69,6,0.21,2,0.1,0,0.0,3,0.0,3,0 days 00:06:39
3,2,2,True,2,0.985,3,0.015,1,0.0,0,0.0,4,0.0,1,0 days 00:01:22
3,2,2,True,2,1.0,0,0.0,1,0.0,3,0.0,4,0.0,1,0 days 00:02:55
3,2,4,False,4,0.6775,2,0.3225,1,0.0,0,0.0,3,0.0,2,0 days 00:28:44
3,2,2,True,2,0.62,4,0.29,1,0.08,0,0.01,3,0.0,1,0 days 00:35:42
3,6,3,False,3,0.6,2,0.4,1,0.0,0,0.0,4,0.0,7,0 days 00:31:13
3,6,4,False,4,0.547,1,0.353,2,0.1,0,0.0,3,0.0,7,0 days 00:18:11
3,6,1,False,1,0.8516666666666667,2,0.12833333333333333,4,0.02,0,0.0,3,0.0,7,0 days 00:16:35
3,2,2,True,2,0.8916666666666666,6,0.09,1,0.018333333333333333,0,0.0,3,0.0,1,0 days 00:12:22
3,2,2,True,2,1.0,0,0.0,1,0.0,3,0.0,4,0.0,1,0 days 00:02:23
3,6,6,True,6,0.64,4,0.28,2,0.075,3,0.005,0,0.0,1,0 days 00:50:35
3,2,1,False,1,0.48,2,0.4043333333333334,6,0.11566666666666667,0,0.0,3,0.0,2,0 days 00:03:52
3,2,2,True,2,0.83,3,0.13,4,0.04,1,0.0,0,0.0,1,0 days 00:58:02
3,2,6,False,6,0.56,3,0.25,4,0.13,2,0.06,0,0.0,4,0 days 00:26:41
3,6,2,False,2,0.99,0,0.01,1,0.0,3,0.0,4,0.0,7,0 days 00:36:39
3,6,2,False,2,0.91,1,0.08,6,0.01,0,0.0,3,0.0,3,0 days 00:12:13
3,2,0,False,0,0.85,3,0.075,2,0.05499999999999999,4,0.02,1,0.0,3,0 days 00:35:25
3,2,2,True,2,0.96,1,0.04,0,0.0,3,0.0,4,0.0,1,0 days 00:37:06
3,2,2,True,2,0.43,4,0.34,0,0.17,1,0.03,5,0.03,1,0 days 00:23:13
3,2,2,True,2,0.86,6,0.08,1,0.04,4,0.01,5,0.01,1,0 days 00:19:24
3,2,2,True,2,0.74,0,0.24,3,0.02,1,0.0,4,0.0,1,0 days 00:38:18
3,2,2,True,2,0.96,1,0.04,0,0.0,3,0.0,4,0.0,1,0 days 00:01:29
3,2,2,True,2,0.5095238095238094,0,0.4704761904761905,6,0.02,1,0.0,3,0.0,1,0 days 00:43:30
3,2,2,True,2,0.87,4,0.13,1,0.0,0,0.0,3,0.0,1,0 days 00:28:33
3,2,0,False,0,0.9,3,0.08,2,0.02,1,0.0,4,0.0,3,0 days 00:55:57
4,3,2,False,2,0.6,3,0.27,4,0.09,6,0.04,0,0.0,2,0 days 01:06:42
4,0,3,False,3,0.8033333333333335,1,0.1486666666666667,6,0.03,0,0.009000000000000001,4,0.009000000000000001,4,0 days 00:15:39
4,0,2,False,2,0.84,6,0.12,3,0.02,0,0.02,1,0.0,4,0 days 00:43:57
4,2,2,True,2,0.96,3,0.03,6,0.01,1,0.0,0,0.0,1,0 days 00:24:00
4,2,0,False,0,0.68,4,0.22,2,0.08,3,0.02,1,0.0,3,0 days 00:59:30
4,2,6,False,6,0.59,0,0.36,3,0.03,2,0.02,1,0.0,4,0 days 00:41:22
4,1,4,False,4,0.64,2,0.3,6,0.06,0,0.0,3,0.0,6,0 days 00:20:30
4,0,4,False,4,0.55,2,0.42,3,0.03,1,0.0,0,0.0,5,0 days 00:51:26
4,4,2,False,2,0.6,3,0.35,4,0.05,1,0.0,0,0.0,3,0 days 00:18:46
4,4,2,False,2,0.74,3,0.21,0,0.05,1,0.0,4,0.0,5,0 days 00:54:35
4,1,2,False,2,0.89,3,0.0657142857142857,1,0.04428571428571429,0,0.0,4,0.0,3,0 days 00:25:03
4,0,4,False,4,0.51,2,0.435,0,0.05,3,0.005,1,0.0,3,0 days 01:00:08
4,1,3,False,3,0.97,1,0.03,0,0.0,2,0.0,4,0.0,2,0 days 00:16:21
4,3,3,True,3,0.63,0,0.25,2,0.12,1,0.0,4,0.0,1,0 days 01:19:48
4,4,1,False,1,0.34,2,0.32400000000000007,3,0.311,4,0.025,0,0.0,4,0 days 00:15:56
4,2,2,True,2,1.0,0,0.0,1,0.0,3,0.0,4,0.0,1,0 days 00:37:17
4,4,2,False,2,0.5769444444444444,3,0.3830555555555556,1,0.03,0,0.01,4,0.0,5,0 days 00:43:00
4,2,2,True,2,0.43,1,0.39,3,0.18,0,0.0,4,0.0,1,0 days 00:23:33
4,2,2,True,2,0.7947619047619048,3,0.10523809523809526,4,0.1,1,0.0,0,0.0,1,0 days 00:23:00
4,2,1,False,1,0.65,4,0.17366666666666666,2,0.15633333333333335,6,0.02,3,0.0,3,0 days 00:25:19
4,2,3,False,3,0.6,2,0.22,5,0.13,4,0.05,0,0.0,2,0 days 00:26:13
4,2,2,True,2,0.91,4,0.09,1,0.0,0,0.0,3,0.0,1,0 days 00:58:51
4,2,2,True,2,0.6,4,0.32666666666666666,6,0.0525,3,0.02083333333333333,0,0.0,1,0 days 00:17:33
4,2,2,True,2,0.95,0,0.03,3,0.02,1,0.0,4,0.0,1,0 days 01:16:53
4,2,2,True,2,0.9933333333333333,6,0.006666666666666666,1,0.0,0,0.0,3,0.0,1,0 days 00:59:41
4,2,2,True,2,0.71,6,0.21,3,0.08,1,0.0,0,0.0,1,0 days 00:45:37
4,2,2,True,2,0.8945714285714286,1,0.09376190476190477,3,0.011666666666666665,0,0.0,4,0.0,1,0 days 00:17:53
4,2,1,False,1,0.4567142857142858,3,0.45529365079365086,2,0.044515873015873016,4,0.043476190476190474,0,0.0,3,0 days 00:20:02
4,2,2,True,2,0.93,3,0.07,1,0.0,0,0.0,4,0.0,1,0 days 01:06:09
4,1,1,True,1,0.6025,2,0.15983333333333333,4,0.14358333333333334,3,0.09408333333333334,0,0.0,1,0 days 00:15:33
4,1,2,False,2,1.0,0,0.0,1,0.0,3,0.0,4,0.0,3,0 days 00:36:59
4,3,4,False,4,0.3896955266955267,5,0.212817821067821,1,0.2059300144300144,3,0.19155663780663773,2,0.0,4,0 days 00:15:50
4,0,5,False,5,0.63,3,0.34,2,0.02,0,0.01,1,0.0,4,0 days 01:12:00
4,1,2,False,2,0.98,1,0.02,0,0.0,3,0.0,4,0.0,2,0 days 00:22:00
4,3,1,False,1,0.58,0,0.24,2,0.13,3,0.05,4,0.0,4,0 days 00:39:03
4,3,2,False,2,0.9449999999999998,4,0.045,6,0.01,0,0.0,3,0.0,5,0 days 00:34:13
4,3,3,True,3,0.71,2,0.25,4,0.04,1,0.0,0,0.0,1,0 days 01:33:16
4,2,3,False,3,0.615,2,0.205,0,0.18,1,0.0,4,0.0,2,0 days 00:44:07
4,2,3,False,3,0.5529999999999999,4,0.42450000000000004,2,0.0125,1,0.01,0,0.0,3,0 days 00:15:58
4,0,0,True,0,0.63,3,0.34,2,0.03,1,0.0,4,0.0,1,0 days 01:19:27
4,0,2,False,2,0.89,3,0.06,4,0.05,1,0.0,0,0.0,5,0 days 01:04:29
4,1,2,False,2,0.716,4,0.17,3,0.11,5,0.004,0,0.0,6,0 days 00:14:45
4,2,4,False,4,0.51,2,0.455,3,0.025,0,0.01,1,0.0,2,0 days 01:00:09
4,1,2,False,2,1.0,0,0.0,1,0.0,3,0.0,4,0.0,3,0 days 00:08:29
4,3,4,False,4,0.62,2,0.38,1,0.0,0,0.0,3,0.0,5,0 days 00:32:33
4,0,3,False,3,0.91,2,0.09,1,0.0,0,0.0,4,0.0,4,0 days 00:53:14
4,4,2,False,2,0.63,3,0.24185714285714288,1,0.12814285714285714,0,0.0,4,0.0,5,0 days 00:24:57
4,2,2,True,2,1.0,0,0.0,1,0.0,3,0.0,4,0.0,1,0 days 00:37:07
4,4,2,False,2,0.74,3,0.26,1,0.0,0,0.0,4,0.0,5,0 days 01:04:34
4,4,0,False,0,0.74,2,0.13,4,0.13,1,0.0,3,0.0,3,0 days 00:20:13
4,4,2,False,2,0.61,6,0.27,4,0.12,0,0.0,3,0.0,3,0 days 00:27:19
4,4,1,False,1,0.8478333333333333,3,0.11333333333333334,4,0.0285,5,0.010333333333333335,2,0.0,3,0 days 00:15:52
4,1,2,False,2,0.5443809523809524,3,0.4256190476190476,1,0.03,0,0.0,4,0.0,3,0 days 00:17:50
4,4,2,False,2,0.7532857142857142,4,0.2267142857142857,3,0.01,0,0.01,1,0.0,2,0 days 01:02:43
4,2,3,False,3,0.7066666666666667,2,0.29333333333333333,1,0.0,0,0.0,4,0.0,2,0 days 01:00:19
4,2,2,True,2,0.73,4,0.27,1,0.0,0,0.0,3,0.0,1,0 days 00:58:59
4,2,2,True,2,0.9933333333333333,6,0.006666666666666666,1,0.0,0,0.0,3,0.0,1,0 days 00:59:44
4,2,2,True,2,0.985,6,0.01,4,0.005,0,0.0,3,0.0,1,0 days 00:29:08
4,3,2,False,2,0.7632857142857142,4,0.2267142857142857,3,0.01,1,0.0,0,0.0,3,0 days 01:02:41
4,3,3,True,3,0.97,2,0.03,1,0.0,0,0.0,4,0.0,1,0 days 01:24:07
4,1,0,False,0,0.76,1,0.19,3,0.03,2,0.02,4,0.0,2,0 days 00:38:52
4,3,3,True,3,0.6033333333333333,2,0.21333333333333335,4,0.18333333333333332,1,0.0,0,0.0,1,0 days 00:16:03
4,2,4,False,4,0.51,3,0.32,0,0.14,2,0.03,1,0.0,4,0 days 00:48:48
4,2,4,False,4,0.56,0,0.26,3,0.09000000000000002,2,0.09,1,0.0,4,0 days 01:00:51
4,3,4,False,4,0.51,3,0.31,0,0.17,2,0.01,1,0.0,2,0 days 00:48:50
4,1,2,False,2,0.5831666666666666,3,0.3818333333333333,4,0.035,1,0.0,0,0.0,4,0 days 00:17:09
4,3,3,True,3,0.6233333333333334,1,0.34583333333333327,4,0.0225,5,0.008333333333333333,2,0.0,1,0 days 00:15:53
4,3,6,False,6,0.59,1,0.19416666666666668,4,0.185,3,0.03083333333333333,2,0.0,4,0 days 00:15:42
4,3,1,False,1,0.57,6,0.27,2,0.08,0,0.04,3,0.04,5,0 days 00:48:12
4,0,6,False,6,0.86,3,0.09,0,0.04,4,0.01,2,0.0,3,0 days 00:41:07
4,3,5,False,5,0.69,6,0.19,2,0.11,3,0.01,0,0.0,4,0 days 00:26:31
4,2,6,False,6,0.66,2,0.18100000000000002,3,0.159,1,0.0,0,0.0,2,0 days 00:44:35
4,2,2,True,2,0.48150000000000004,3,0.4585,4,0.05,1,0.01,0,0.0,1,0 days 00:22:39
4,0,2,False,2,0.7045158730158728,4,0.2954841269841269,1,0.0,0,0.0,3,0.0,4,0 days 00:28:57
4,4,1,False,1,0.6593888888888888,4,0.29061111111111104,3,0.035,2,0.015,0,0.0,2,0 days 00:16:26
4,4,3,False,3,0.49322222222222223,1,0.25717460317460306,4,0.2396031746031745,0,0.01,2,0.0,3,0 days 00:15:36
4,4,2,False,2,0.95,1,0.05,0,0.0,3,0.0,4,0.0,5,0 days 00:25:07
4,2,3,False,3,0.97,1,0.03,0,0.0,2,0.0,4,0.0,4,0 days 00:16:21
4,2,6,False,6,0.63,2,0.26,1,0.11,0,0.0,3,0.0,2,0 days 00:12:14
4,2,3,False,3,0.40141666666666664,2,0.306611111111111,1,0.26863888888888887,5,0.02,4,0.003333333333333333,2,0 days 00:15:31
4,2,1,False,1,0.64,4,0.25,2,0.11,0,0.0,3,0.0,3,0 days 00:28:01
4,3,2,False,2,1.0,0,0.0,1,0.0,3,0.0,4,0.0,4,0 days 00:03:06
4,0,4,False,4,0.6751666666666667,3,0.222,2,0.10283333333333333,1,0.0,0,0.0,5,0 days 01:10:59
4,0,2,False,2,0.79,3,0.2,0,0.01,1,0.0,4,0.0,3,0 days 00:56:09
4,3,1,False,1,0.6937142857142856,3,0.20135714285714287,4,0.09492857142857142,0,0.01,2,0.0,2,0 days 00:15:35
4,3,4,False,4,0.65,2,0.3,3,0.04,0,0.01,1,0.0,3,0 days 00:52:39
4,2,0,False,0,0.58,2,0.31,1,0.07,3,0.04,4,0.0,2,0 days 00:47:52
4,2,2,True,2,0.88,4,0.06,3,0.05,0,0.01,1,0.0,1,0 days 00:58:00
4,3,0,False,0,0.6158333333333332,3,0.3441666666666666,2,0.04,1,0.0,4,0.0,2,0 days 01:09:34
4,3,2,False,2,0.86,4,0.08,6,0.06,0,0.0,3,0.0,5,0 days 00:13:01
4,1,4,False,4,0.93,2,0.06,6,0.01,0,0.0,3,0.0,6,0 days 00:09:18
4,3,3,True,3,0.96,0,0.02,2,0.02,1,0.0,4,0.0,1,0 days 00:53:13
4,1,2,False,2,0.7,1,0.2,6,0.09,5,0.01,3,0.0,2,0 days 00:06:26
4,4,2,False,2,0.78,4,0.2,1,0.02,0,0.0,3,0.0,2,0 days 00:28:07
4,1,2,False,2,0.4600833333333334,4,0.4499166666666667,1,0.09,0,0.0,3,0.0,3,0 days 00:15:24
4,4,2,False,2,0.9683333333333333,1,0.03166666666666666,0,0.0,3,0.0,4,0.0,5,0 days 00:14:53
4,4,5,False,5,0.59,6,0.33,2,0.08,0,0.0,3,0.0,7,0 days 00:19:35
4,4,2,False,2,0.9332380952380952,4,0.06676190476190476,1,0.0,0,0.0,3,0.0,2,0 days 00:15:20
4,0,4,False,4,0.51,0,0.31,3,0.13,2,0.03,1,0.02,2,0 days 00:48:41
4,2,1,False,1,0.7508333333333335,4,0.17,2,0.07916666666666666,0,0.0,3,0.0,3,0 days 00:07:19
4,2,3,False,3,0.65,6,0.26,4,0.09,0,0.0,2,0.0,5,0 days 00:40:54
4,2,0,False,0,0.4757261904761906,3,0.43177380952380945,2,0.0925,1,0.0,4,0.0,3,0 days 00:23:44
4,2,4,False,4,0.7,2,0.3,1,0.0,0,0.0,3,0.0,2,0 days 00:28:23
4,2,2,True,2,1.0,0,0.0,1,0.0,3,0.0,4,0.0,1,0 days 00:00:31
4,2,2,True,2,1.0,0,0.0,1,0.0,3,0.0,4,0.0,1,0 days 00:00:33
4,5,2,False,2,0.73,1,0.26,4,0.01,0,0.0,3,0.0,6,0 days 00:32:55
4,2,2,True,2,1.0,0,0.0,1,0.0,3,0.0,4,0.0,1,0 days 00:00:35
4,2,2,True,2,0.95,1,0.05,0,0.0,3,0.0,4,0.0,1,0 days 00:02:20
4,2,3,False,3,0.815,2,0.165,4,0.02,1,0.0,0,0.0,2,0 days 00:22:44
4,2,2,True,2,0.59,1,0.41,0,0.0,3,0.0,4,0.0,1,0 days 00:21:52
4,2,2,True,2,1.0,0,0.0,1,0.0,3,0.0,4,0.0,1,0 days 00:01:17
4,2,4,False,4,0.66,5,0.24,1,0.06,2,0.03,6,0.01,4,0 days 00:10:01
4,2,2,True,2,0.71,6,0.15,1,0.14,0,0.0,3,0.0,1,0 days 00:03:27
4,2,2,True,2,1.0,0,0.0,1,0.0,3,0.0,4,0.0,1,0 days 00:01:53
4,2,2,True,2,1.0,0,0.0,1,0.0,3,0.0,4,0.0,1,0 days 00:01:54
4,2,2,True,2,0.61,3,0.3641666666666667,1,0.02583333333333333,0,0.0,4,0.0,1,0 days 00:24:53
4,6,2,False,2,0.66,6,0.24,4,0.1,0,0.0,3,0.0,2,0 days 00:05:50
4,2,2,True,2,0.91,4,0.08,1,0.01,0,0.0,3,0.0,1,0 days 00:28:09
4,2,2,True,2,1.0,0,0.0,1,0.0,3,0.0,4,0.0,1,0 days 00:37:18
4,2,4,False,4,0.67,2,0.26,1,0.07,0,0.0,3,0.0,2,0 days 00:10:15
4,2,2,True,2,0.99,4,0.01,1,0.0,0,0.0,3,0.0,1,0 days 00:08:42
4,2,1,False,1,1.0,0,0.0,2,0.0,3,0.0,4,0.0,3,0 days 00:05:23
4,2,1,False,1,0.5571666666666666,3,0.3946666666666668,6,0.03833333333333334,2,0.009833333333333333,0,0.0,4,0 days 00:16:34
4,5,2,False,2,0.4611666666666667,3,0.3988333333333332,4,0.14,1,0.0,0,0.0,6,0 days 00:23:53
4,6,1,False,1,1.0,0,0.0,2,0.0,3,0.0,4,0.0,7,0 days 00:05:24
4,2,2,True,2,1.0,0,0.0,1,0.0,3,0.0,4,0.0,1,0 days 00:11:46
4,2,2,True,2,0.79,1,0.21,0,0.0,3,0.0,4,0.0,1,0 days 00:02:35
4,2,2,True,2,0.623,1,0.377,0,0.0,3,0.0,4,0.0,1,0 days 00:02:01
4,6,2,False,2,0.6670674603174602,5,0.2929325396825397,0,0.03,4,0.01,3,0.0,7,0 days 00:14:40
4,6,2,False,2,0.48,4,0.43,5,0.09,0,0.0,3,0.0,7,0 days 00:31:40
4,2,2,True,2,0.9306666666666666,3,0.06933333333333333,1,0.0,0,0.0,4,0.0,1,0 days 00:01:23
4,2,2,True,2,1.0,0,0.0,1,0.0,3,0.0,4,0.0,1,0 days 00:01:40
4,6,1,False,1,0.62,6,0.22,2,0.16,0,0.0,3,0.0,2,0 days 00:05:32
4,6,2,False,2,0.9386904761904762,4,0.061309523809523814,1,0.0,0,0.0,3,0.0,7,0 days 00:04:20
4,6,2,False,2,0.68,6,0.27,3,0.05,1,0.0,0,0.0,2,0 days 00:03:42
4,6,2,False,2,0.55,4,0.36,3,0.08,6,0.01,0,0.0,4,0 days 00:03:34
4,2,2,True,2,0.9566666666666666,1,0.04333333333333333,0,0.0,3,0.0,4,0.0,1,0 days 00:01:58
4,2,6,False,6,0.64,1,0.24,2,0.12,0,0.0,3,0.0,3,0 days 00:06:35
4,2,2,True,2,0.79,4,0.21,1,0.0,0,0.0,3,0.0,1,0 days 00:08:51
4,2,6,False,6,0.66,2,0.17500000000000004,3,0.16499999999999995,1,0.0,0,0.0,2,0 days 00:44:36
5,2,5,False,5,0.54,2,0.46,1,0.0,0,0.0,3,0.0,2,0 days 00:42:34
5,0,2,False,2,0.64,0,0.34,3,0.02,1,0.0,4,0.0,2,0 days 01:01:29
5,3,1,False,1,0.4525,0,0.43750000000000006,3,0.11,2,0.0,4,0.0,3,0 days 00:46:39
5,0,2,False,2,0.79,0,0.19,5,0.0175,3,0.0025,1,0.0,2,0 days 00:55:20
5,3,1,False,1,0.61,2,0.24,0,0.12,3,0.03,4,0.0,4,0 days 00:39:29
5,3,2,False,2,0.74,3,0.22,4,0.03,0,0.01,1,0.0,2,0 days 00:54:40
5,2,0,False,0,0.62,4,0.3,3,0.06,2,0.02,1,0.0,4,0 days 01:02:26
5,3,0,False,0,0.7383333333333334,5,0.22,4,0.021666666666666664,2,0.02,3,0.0,5,0 days 00:53:44
5,4,4,True,4,0.5851666666666666,3,0.32483333333333325,2,0.06716666666666665,1,0.02283333333333333,0,0.0,1,0 days 00:40:00
5,3,2,False,2,0.7,0,0.15,3,0.15,1,0.0,4,0.0,3,0 days 01:18:46
5,2,3,False,3,0.66,4,0.33,2,0.01,1,0.0,0,0.0,3,0 days 01:02:41
5,4,2,False,2,0.5225000000000001,1,0.4675,3,0.005,4,0.005,0,0.0,4,0 days 00:16:00
5,1,1,True,1,0.8458333333333333,3,0.1375,2,0.01,4,0.006666666666666666,0,0.0,1,0 days 00:17:45
5,4,2,False,2,0.9,1,0.05,4,0.05,0,0.0,3,0.0,3,0 days 00:28:03
5,1,1,True,1,0.6,2,0.27,6,0.1,3,0.02,4,0.01,1,0 days 00:50:01
5,4,3,False,3,0.73,2,0.27,1,0.0,0,0.0,4,0.0,5,0 days 00:42:00
5,4,3,False,3,0.7753412698412697,4,0.2146587301587302,1,0.01,0,0.0,2,0.0,2,0 days 00:16:07
5,2,2,True,2,0.95,0,0.05,1,0.0,3,0.0,4,0.0,1,0 days 01:17:01
5,2,2,True,2,0.9640000000000001,1,0.036000000000000004,0,0.0,3,0.0,4,0.0,1,0 days 00:22:14
5,2,1,False,1,0.7166666666666666,2,0.14466666666666667,3,0.11866666666666667,4,0.018333333333333333,5,0.0016666666666666666,2,0 days 00:15:46
5,2,3,False,3,0.64,0,0.26,4,0.08,2,0.02,1,0.0,4,0 days 01:17:30
5,2,2,True,2,0.5285000000000001,0,0.4715,1,0.0,3,0.0,4,0.0,1,0 days 00:23:47
5,2,3,False,3,0.7096666666666667,2,0.29033333333333333,1,0.0,0,0.0,4,0.0,2,0 days 00:24:23
5,2,2,True,2,0.44266666666666665,3,0.4173333333333333,4,0.13,1,0.01,0,0.0,1,0 days 00:17:10
5,2,3,False,3,0.44095238095238093,5,0.42904761904761907,4,0.12,2,0.01,0,0.0,4,0 days 00:23:53
5,2,2,True,2,0.87,0,0.0675,4,0.05333333333333334,3,0.009166666666666667,1,0.0,1,0 days 00:51:22
5,2,4,False,4,0.66,3,0.33,2,0.01,1,0.0,0,0.0,3,0 days 01:02:40
5,2,2,True,2,0.74,1,0.26,0,0.0,3,0.0,4,0.0,1,0 days 00:36:03
5,1,2,False,2,0.5225000000000001,1,0.4675,3,0.005,4,0.005,0,0.0,2,0 days 00:16:00
5,1,1,True,1,0.4727619047619047,3,0.4704523809523809,4,0.0567857142857143,0,0.0,2,0.0,1,0 days 00:15:34
5,3,2,False,2,0.69,3,0.15733333333333335,0,0.08733333333333335,4,0.06533333333333333,1,0.0,2,0 days 01:10:00
5,1,3,False,3,0.62,1,0.2058333333333333,4,0.15,2,0.024166666666666666,0,0.0,2,0 days 00:16:39
5,2,2,True,2,0.4446666666666667,3,0.40299999999999997,1,0.15233333333333335,0,0.0,4,0.0,1,0 days 00:16:16
5,2,2,True,2,0.61,6,0.31,4,0.08,0,0.0,3,0.0,1,0 days 00:07:30
5,3,3,True,3,0.64,2,0.184,1,0.17600000000000002,0,0.0,4,0.0,1,0 days 00:16:22
5,3,0,False,0,0.59,4,0.36,2,0.05,1,0.0,3,0.0,5,0 days 01:03:59
5,3,1,False,1,0.9540000000000001,3,0.03166666666666666,2,0.014333333333333333,0,0.0,4,0.0,2,0 days 00:16:17
5,3,1,False,1,0.56,2,0.44,0,0.0,3,0.0,4,0.0,4,0 days 00:17:24
5,0,2,False,2,0.62,3,0.22349999999999998,0,0.15649999999999997,1,0.0,4,0.0,3,0 days 00:51:13
5,3,2,False,2,0.66,6,0.22,4,0.09,3,0.02,1,0.01,4,0 days 00:49:50
5,0,2,False,2,0.9566666666666667,1,0.04333333333333333,0,0.0,3,0.0,4,0.0,3,0 days 00:38:04
5,3,2,False,2,0.97,3,0.03,1,0.0,0,0.0,4,0.0,2,0 days 00:53:28
5,2,2,True,2,0.77,4,0.23,1,0.0,0,0.0,3,0.0,1,0 days 00:28:32
5,4,1,False,1,0.8066666666666668,4,0.15333333333333332,3,0.04,0,0.0,2,0.0,2,0 days 00:16:13
5,1,1,True,1,0.54,4,0.4,3,0.03,2,0.03,0,0.0,1,0 days 00:17:17
5,1,4,False,4,0.65,1,0.22,3,0.1,2,0.03,0,0.0,2,0 days 00:17:16
5,1,2,False,2,0.92,6,0.07,1,0.01,0,0.0,3,0.0,3,0 days 00:08:13
5,4,2,False,2,0.8788333333333334,0,0.12116666666666667,1,0.0,3,0.0,4,0.0,5,0 days 00:45:01
5,4,2,False,2,0.73,0,0.2,3,0.07,1,0.0,4,0.0,5,0 days 01:03:12
5,4,3,False,3,0.682674603174603,4,0.3073253968253968,1,0.01,0,0.0,2,0.0,2,0 days 00:16:08
5,4,2,False,2,0.7905000000000001,0,0.17949999999999997,3,0.02,4,0.01,1,0.0,4,0 days 01:02:11
5,4,2,False,2,0.7746190476190478,3,0.11346428571428571,1,0.11048809523809526,4,0.0014285714285714286,0,0.0,4,0 days 00:20:05
5,2,4,False,4,0.554642857142857,3,0.42630952380952386,2,0.014047619047619047,0,0.005,1,0.0,3,0 days 01:10:11
5,2,4,False,4,0.554642857142857,3,0.42630952380952386,2,0.014047619047619047,0,0.005,1,0.0,3,0 days 01:10:16
5,2,2,True,2,0.7,4,0.17,3,0.1,0,0.03,1,0.0,1,0 days 01:18:21
5,2,2,True,2,0.87,3,0.08,4,0.04,0,0.01,1,0.0,1,0 days 01:04:53
5,2,2,True,2,0.61,3,0.23761904761904762,1,0.15238095238095237,0,0.0,4,0.0,1,0 days 00:25:01
5,2,3,False,3,0.59,2,0.3,0,0.11,1,0.0,4,0.0,2,0 days 01:00:38
5,2,2,True,2,1.0,0,0.0,1,0.0,3,0.0,4,0.0,1,0 days 00:59:38
5,2,2,True,2,0.8,0,0.14,3,0.06,1,0.0,4,0.0,1,0 days 00:51:04
5,2,2,True,2,0.7766666666666666,4,0.22333333333333333,1,0.0,0,0.0,3,0.0,1,0 days 00:28:34
5,2,4,False,4,0.683785714285714,2,0.3062142857142856,5,0.01,0,0.0,3,0.0,2,0 days 00:30:00
5,3,1,False,1,0.5896666666666666,2,0.372952380952381,3,0.03738095238095238,0,0.0,4,0.0,3,0 days 00:16:30
5,1,2,False,2,1.0,0,0.0,1,0.0,3,0.0,4,0.0,3,0 days 00:02:04
5,3,3,True,3,0.76,0,0.23,2,0.01,1,0.0,4,0.0,1,0 days 00:53:11
5,3,3,True,3,0.8163809523809524,2,0.1836190476190476,1,0.0,0,0.0,4,0.0,1,0 days 00:15:15
5,3,2,False,2,0.4446666666666667,3,0.40299999999999997,1,0.15233333333333335,0,0.0,4,0.0,2,0 days 00:16:16
5,0,3,False,3,0.66,2,0.31,0,0.02,4,0.01,1,0.0,3,0 days 01:02:57
5,1,3,False,3,0.63,1,0.25,2,0.12,0,0.0,4,0.0,2,0 days 00:18:22
5,2,2,True,2,0.71,6,0.18,3,0.10166666666666666,4,0.008333333333333333,0,0.0,1,0 days 00:16:47
5,1,2,False,2,0.67,6,0.21,1,0.12,0,0.0,3,0.0,3,0 days 00:06:32
5,3,2,False,2,0.87,3,0.1,4,0.03,1,0.0,0,0.0,2,0 days 00:54:41
5,3,2,False,2,0.69,0,0.19,4,0.12,1,0.0,3,0.0,5,0 days 00:35:19
5,2,2,True,2,0.96,1,0.02,5,0.01,4,0.01,3,0.0,1,0 days 00:29:49
5,1,2,False,2,0.8233333333333335,3,0.14,1,0.03666666666666667,0,0.0,4,0.0,3,0 days 00:11:15
5,4,2,False,2,0.97,3,0.03,1,0.0,0,0.0,4,0.0,5,0 days 00:10:50
5,0,2,False,2,0.6933333333333335,4,0.2966666666666667,1,0.01,0,0.0,3,0.0,4,0 days 00:29:57
5,4,2,False,2,0.35103121878121885,3,0.32474875124875113,1,0.32422002997002974,0,0.0,4,0.0,5,0 days 00:15:29
5,4,0,False,0,0.73,2,0.25,3,0.02,1,0.0,4,0.0,5,0 days 01:01:34
5,4,2,False,2,0.56,4,0.425,6,0.01,3,0.005,0,0.0,2,0 days 00:17:34
5,4,6,False,6,0.5,2,0.48,4,0.02,0,0.0,3,0.0,3,0 days 00:27:28
5,2,3,False,3,0.68,0,0.29,2,0.03,1,0.0,4,0.0,3,0 days 01:43:38
5,2,2,True,2,0.85,0,0.12,3,0.03,1,0.0,4,0.0,1,0 days 01:12:39
5,2,0,False,0,0.63,2,0.37,1,0.0,3,0.0,4,0.0,2,0 days 01:16:11
5,2,2,True,2,0.82,0,0.18,1,0.0,3,0.0,4,0.0,1,0 days 00:14:14
5,2,3,False,3,0.8045555555555556,0,0.17544444444444443,2,0.02,1,0.0,4,0.0,3,0 days 00:51:59
5,2,2,True,2,1.0,0,0.0,1,0.0,3,0.0,4,0.0,1,0 days 00:37:11
5,2,1,False,1,0.7287539682539683,4,0.09976984126984129,3,0.09118650793650794,2,0.08028968253968255,0,0.0,4,0 days 00:19:58
5,0,0,True,0,0.65,4,0.22,3,0.13,1,0.0,2,0.0,1,0 days 00:53:02
5,3,1,False,1,0.64,2,0.27,3,0.09,0,0.0,4,0.0,3,0 days 00:20:53
5,2,4,False,4,0.527952380952381,2,0.47204761904761905,1,0.0,0,0.0,3,0.0,2,0 days 00:15:20
5,0,0,True,0,0.78,2,0.22,1,0.0,3,0.0,4,0.0,1,0 days 01:00:00
5,2,2,True,2,0.84,6,0.13,3,0.02,4,0.01,0,0.0,1,0 days 00:56:58
5,5,0,False,0,0.65,2,0.35,1,0.0,3,0.0,4,0.0,6,0 days 00:14:16
5,2,2,True,2,0.87,3,0.13,1,0.0,0,0.0,4,0.0,1,0 days 00:03:02
5,2,2,True,2,0.88,6,0.08,0,0.04,1,0.0,3,0.0,1,0 days 00:36:36
5,1,2,False,2,0.845,3,0.155,1,0.0,0,0.0,4,0.0,3,0 days 00:22:52
5,0,3,False,3,0.55,6,0.25,2,0.12,5,0.07,1,0.01,6,0 days 00:21:36
5,0,2,False,2,0.99,0,0.01,1,0.0,3,0.0,4,0.0,2,0 days 00:38:16
5,3,4,False,4,0.6,6,0.2866666666666667,2,0.11333333333333333,0,0.0,3,0.0,5,0 days 00:03:37
5,3,2,False,2,0.5085000000000001,0,0.4715,4,0.02,1,0.0,3,0.0,5,0 days 00:23:48
5,0,2,False,2,0.96,5,0.03,3,0.01,1,0.0,0,0.0,5,0 days 00:42:23
5,1,2,False,2,0.875,4,0.1,6,0.025,0,0.0,3,0.0,6,0 days 00:03:56
5,4,2,False,2,0.9,3,0.1,1,0.0,0,0.0,4,0.0,5,0 days 01:08:48
5,1,1,True,1,0.9666666666666667,2,0.03333333333333333,0,0.0,3,0.0,4,0.0,1,0 days 00:05:20
5,0,4,False,4,0.98,2,0.02,1,0.0,0,0.0,3,0.0,4,0 days 00:20:14
5,2,2,True,2,0.96,0,0.04,1,0.0,3,0.0,4,0.0,1,0 days 00:45:03
5,2,1,False,1,0.64,2,0.345,4,0.015,0,0.0,3,0.0,2,0 days 00:29:53
5,2,6,False,6,0.68,2,0.17,1,0.12,3,0.02,4,0.01,2,0 days 00:20:45
5,2,2,True,2,1.0,0,0.0,1,0.0,3,0.0,4,0.0,1,0 days 00:01:03
5,2,1,False,1,0.6,6,0.2125,2,0.1875,0,0.0,3,0.0,3,0 days 00:05:35
5,2,2,True,2,1.0,0,0.0,1,0.0,3,0.0,4,0.0,1,0 days 00:01:16
5,2,2,True,2,0.87,3,0.13,1,0.0,0,0.0,4,0.0,1,0 days 00:03:01
5,2,2,True,2,0.5215000000000001,1,0.451,4,0.02,3,0.0075,0,0.0,1,0 days 00:14:56
5,2,2,True,2,0.528,1,0.47200000000000003,0,0.0,3,0.0,4,0.0,1,0 days 00:22:04
5,2,2,True,2,0.7,0,0.3,1,0.0,3,0.0,4,0.0,1,0 days 00:59:54
5,2,2,True,2,0.97,1,0.015,3,0.015,0,0.0,4,0.0,1,0 days 00:15:02
5,2,6,False,6,0.76,2,0.24,1,0.0,0,0.0,3,0.0,2,0 days 00:11:30
5,2,2,True,2,0.6933333333333335,4,0.2966666666666667,1,0.01,0,0.0,3,0.0,1,0 days 00:29:58
5,2,2,True,2,0.91,1,0.05,6,0.04,0,0.0,3,0.0,1,0 days 00:19:24
5,2,1,False,1,0.6418809523809523,3,0.3281190476190476,2,0.03,0,0.0,4,0.0,3,0 days 00:15:00
5,2,1,False,1,0.61,2,0.3,6,0.09,0,0.0,3,0.0,2,0 days 00:06:23
5,2,2,True,2,0.99,6,0.01,1,0.0,0,0.0,3,0.0,1,0 days 00:24:03
5,2,2,True,2,0.66,0,0.32,5,0.02,1,0.0,3,0.0,1,0 days 00:29:32
5,2,2,True,2,0.79,6,0.21,1,0.0,0,0.0,3,0.0,1,0 days 00:11:35
5,6,6,True,6,0.57,0,0.21,4,0.13,2,0.09,3,0.0,1,0 days 00:50:33
5,2,2,True,2,0.89,1,0.11,0,0.0,3,0.0,4,0.0,1,0 days 00:02:19
5,6,2,False,2,0.97,4,0.03,1,0.0,0,0.0,3,0.0,7,0 days 00:30:18
5,2,2,True,2,1.0,0,0.0,1,0.0,3,0.0,4,0.0,1,0 days 00:11:43
5,6,2,False,2,0.77,6,0.17,3,0.06,1,0.0,0,0.0,2,0 days 00:12:52
5,6,4,False,4,0.71,5,0.22,1,0.04,6,0.02,2,0.01,4,0 days 00:19:42
5,2,2,True,2,0.76,1,0.2,6,0.04,0,0.0,3,0.0,1,0 days 00:12:08
5,2,2,True,2,0.8526428571428571,1,0.14735714285714285,0,0.0,3,0.0,4,0.0,1,0 days 00:01:30
5,6,2,False,2,0.7,0,0.3,1,0.0,3,0.0,4,0.0,7,0 days 00:59:54
5,6,2,False,2,0.5073333333333333,6,0.49266666666666675,1,0.0,0,0.0,3,0.0,2,0 days 00:03:44
5,6,6,True,6,0.63,2,0.32,4,0.03,1,0.02,3,0.0,1,0 days 00:13:21
5,6,2,False,2,0.78,6,0.21,1,0.01,0,0.0,3,0.0,2,0 days 00:13:26
5,2,4,False,4,0.67,5,0.19,6,0.1,2,0.04,3,0.0,4,0 days 00:06:00
5,5,0,False,0,0.79,4,0.17,2,0.04,1,0.0,3,0.0,6,0 days 00:23:07
5,2,6,False,6,0.63,3,0.26,2,0.11,1,0.0,0,0.0,3,0 days 00:56:50
6,3,1,False,1,0.7140000000000001,2,0.2,4,0.086,0,0.0,3,0.0,5,0 days 00:17:14
6,3,2,False,2,0.7848333333333334,6,0.2051666666666667,3,0.01,1,0.0,0,0.0,3,0 days 00:56:42
6,3,2,False,2,0.92,0,0.04,4,0.03,3,0.01,1,0.0,4,0 days 01:03:29
6,3,2,False,2,0.68,3,0.31,0,0.01,1,0.0,4,0.0,2,0 days 00:51:51
6,2,2,True,2,0.88,0,0.12,1,0.0,3,0.0,4,0.0,1,0 days 01:00:04
6,3,6,False,6,0.69,2,0.22,0,0.07,3,0.02,1,0.0,4,0 days 00:54:11
6,3,2,False,2,0.83,4,0.17,1,0.0,0,0.0,3,0.0,5,0 days 01:00:14
6,2,2,True,2,0.96,3,0.04,1,0.0,0,0.0,4,0.0,1,0 days 00:03:01
6,2,2,True,2,0.8733333333333334,0,0.12,4,0.006666666666666666,1,0.0,3,0.0,1,0 days 00:29:01
6,3,0,False,0,0.67,2,0.21,5,0.08,1,0.04,3,0.0,5,0 days 00:21:38
6,1,4,False,4,0.62,3,0.265,1,0.05523809523809524,6,0.03,2,0.029761904761904764,3,0 days 00:15:44
6,0,3,False,3,0.79,2,0.15,0,0.06,1,0.0,4,0.0,3,0 days 01:09:46
6,3,2,False,2,0.8107142857142857,0,0.15928571428571428,4,0.03,1,0.0,3,0.0,5,0 days 01:02:05
6,4,3,False,3,1.0,0,0.0,1,0.0,2,0.0,4,0.0,5,0 days 01:21:06
6,4,2,False,2,0.56,5,0.29,6,0.15,0,0.0,3,0.0,7,0 days 00:06:00
6,4,4,True,4,0.7421190476190476,3,0.14161904761904762,6,0.09626190476190478,1,0.02,2,0.0,1,0 days 00:17:29
6,4,4,True,4,0.5246666666666666,3,0.4643333333333334,1,0.011000000000000001,0,0.0,2,0.0,1,0 days 00:16:08
6,4,3,False,3,0.4504682539682539,0,0.44,4,0.07111507936507935,5,0.028416666666666663,1,0.006666666666666666,3,0 days 00:15:48
6,2,3,False,3,0.92,0,0.07,2,0.01,1,0.0,4,0.0,3,0 days 00:52:11
6,2,2,True,2,0.4905,3,0.41950000000000004,1,0.05,4,0.04,0,0.0,1,0 days 00:17:10
6,2,2,True,2,0.715,4,0.285,1,0.0,0,0.0,3,0.0,1,0 days 00:45:08
6,2,2,True,2,0.61,0,0.33,1,0.05,5,0.01,3,0.0,1,0 days 00:23:14
6,2,4,False,4,0.5302857142857144,2,0.46971428571428575,1,0.0,0,0.0,3,0.0,2,0 days 00:30:29
6,2,4,False,4,0.62,2,0.38,1,0.0,0,0.0,3,0.0,2,0 days 01:13:26
6,2,4,False,4,0.4006666666666667,0,0.37933333333333336,2,0.19,6,0.03,3,0.0,3,0 days 00:32:00
6,2,0,False,0,0.5641666666666666,2,0.3,3,0.11,6,0.025833333333333333,1,0.0,2,0 days 00:46:14
6,2,3,False,3,0.47650000000000015,0,0.3185,2,0.205,1,0.0,4,0.0,3,0 days 00:23:40
6,2,2,True,2,0.82,4,0.18,1,0.0,0,0.0,3,0.0,1,0 days 00:15:06
6,2,2,True,2,0.92,3,0.07,0,0.01,1,0.0,4,0.0,1,0 days 00:50:50
6,2,3,False,3,0.604,1,0.17977777777777781,2,0.14022222222222222,0,0.05,5,0.014916666666666667,3,0 days 00:15:47
6,0,0,True,0,0.74,4,0.18,3,0.07,2,0.01,1,0.0,1,0 days 01:01:40
6,1,3,False,3,0.8772619047619047,1,0.09740476190476191,2,0.025333333333333333,0,0.0,4,0.0,2,0 days 00:16:19
6,1,1,True,1,0.71,2,0.28,6,0.01,0,0.0,3,0.0,1,0 days 00:07:00
6,1,0,False,0,0.5175,3,0.4524999999999999,2,0.03,1,0.0,4,0.0,4,0 days 00:46:39
6,0,3,False,3,0.69,2,0.31,1,0.0,0,0.0,4,0.0,4,0 days 00:54:51
6,2,6,False,6,0.78,4,0.21,2,0.01,0,0.0,3,0.0,3,0 days 00:27:32
6,1,2,False,2,0.36469047619047623,3,0.35140476190476183,1,0.2839047619047619,0,0.0,4,0.0,3,0 days 00:15:00
6,2,3,False,3,0.64,6,0.21,4,0.08,1,0.07,2,0.0,5,0 days 00:49:51
6,1,3,False,3,0.825,6,0.11,2,0.06,0,0.005,1,0.0,5,0 days 00:48:17
6,1,1,True,1,0.8732619047619048,3,0.10173809523809524,4,0.02,2,0.005,0,0.0,1,0 days 00:17:45
6,3,0,False,0,0.88,3,0.12,1,0.0,2,0.0,4,0.0,2,0 days 00:53:06
6,1,2,False,2,0.6148134920634923,1,0.2697539682539683,4,0.11543253968253966,0,0.0,3,0.0,2,0 days 00:15:59
6,2,2,True,2,0.9483333333333333,4,0.04833333333333333,0,0.003333333333333333,1,0.0,3,0.0,1,0 days 00:45:03
6,2,3,False,3,0.61,6,0.29,2,0.1,1,0.0,0,0.0,3,0 days 00:36:45
6,3,4,False,4,0.45785714285714285,1,0.3045714285714285,3,0.23757142857142846,0,0.0,2,0.0,3,0 days 00:15:36
6,3,4,False,4,0.85,2,0.09944444444444445,1,0.04055555555555555,3,0.01,0,0.0,4,0 days 00:40:00
6,2,3,False,3,0.49,0,0.30350000000000005,6,0.19649999999999998,2,0.01,1,0.0,4,0 days 00:46:07
6,3,2,False,2,0.68,3,0.25,0,0.07,1,0.0,4,0.0,2,0 days 01:45:20
6,3,3,True,3,0.7885000000000002,0,0.20149999999999998,6,0.01,1,0.0,2,0.0,1,0 days 00:48:00
6,3,4,False,4,0.66,3,0.16566666666666663,2,0.12933333333333333,1,0.045,0,0.0,2,0 days 00:17:08
6,0,3,False,3,0.68,2,0.32,1,0.0,0,0.0,4,0.0,4,0 days 01:17:19
6,0,0,True,0,0.3801190476190476,4,0.3157619047619047,1,0.3001904761904761,3,0.003928571428571429,2,0.0,1,0 days 00:15:37
6,0,2,False,2,0.9240476190476191,0,0.045952380952380946,4,0.03,1,0.0,3,0.0,2,0 days 01:02:02
6,1,4,False,4,0.5521428571428572,1,0.41785714285714287,3,0.016666666666666666,2,0.013333333333333332,0,0.0,2,0 days 00:16:25
6,0,2,False,2,0.5001666666666668,1,0.4898333333333332,0,0.01,3,0.0,4,0.0,3,0 days 00:37:59
6,2,2,True,2,0.5,6,0.38,4,0.12,0,0.0,3,0.0,1,0 days 00:30:19
6,4,2,False,2,0.6479404761904763,4,0.3520595238095238,1,0.0,0,0.0,3,0.0,2,0 days 00:30:00
6,0,2,False,2,0.76,6,0.23,3,0.01,1,0.0,0,0.0,5,0 days 00:49:17
6,1,4,False,4,0.61,6,0.17716666666666664,3,0.16283333333333336,2,0.05,0,0.0,6,0 days 00:18:10
6,0,5,False,5,0.57,3,0.25,0,0.09383333333333332,4,0.06616666666666667,2,0.02,3,0 days 00:53:48
6,2,3,False,3,0.6756666666666666,4,0.22666666666666666,2,0.09766666666666668,1,0.0,0,0.0,3,0 days 00:15:57
6,2,4,False,4,0.84,0,0.11,2,0.05,1,0.0,3,0.0,3,0 days 01:04:19
6,2,4,False,4,0.8316666666666667,2,0.16833333333333336,1,0.0,0,0.0,3,0.0,2,0 days 00:30:27
6,2,2,True,2,0.71,0,0.29,1,0.0,3,0.0,4,0.0,1,0 days 00:36:27
6,2,2,True,2,0.8025,3,0.1475,4,0.03,0,0.02,1,0.0,1,0 days 01:01:06
6,2,0,False,0,0.57,2,0.42,3,0.01,1,0.0,4,0.0,2,0 days 01:00:31
6,3,3,True,3,0.4624999999999999,0,0.4575000000000001,2,0.08,1,0.0,4,0.0,1,0 days 00:46:30
6,1,1,True,1,0.4225000000000001,2,0.41424999999999995,3,0.16325,0,0.0,4,0.0,1,0 days 00:16:15
6,1,1,True,1,0.6,4,0.36500000000000005,3,0.035,0,0.0,2,0.0,1,0 days 00:16:10
6,1,2,False,2,0.93,1,0.07,0,0.0,3,0.0,4,0.0,2,0 days 00:02:31
6,1,3,False,3,0.42159271284271277,4,0.3849545454545453,5,0.19345274170274165,0,0.0,2,0.0,6,0 days 00:15:50
6,3,0,False,0,0.59,3,0.3,2,0.08,4,0.03,1,0.0,2,0 days 00:54:30
6,3,3,True,3,0.63,2,0.24,4,0.09,6,0.04,0,0.0,1,0 days 00:49:39
6,1,1,True,1,0.7175833333333334,4,0.16258333333333336,2,0.11983333333333332,0,0.0,3,0.0,1,0 days 00:15:23
6,3,3,True,3,0.5608809523809523,1,0.3391190476190476,2,0.09,4,0.01,0,0.0,1,0 days 00:25:00
6,2,4,False,4,0.65,2,0.26,1,0.09,0,0.0,3,0.0,2,0 days 00:25:06
6,4,2,False,2,0.5058333333333332,1,0.42,3,0.07416666666666667,0,0.0,4,0.0,5,0 days 00:22:35
6,4,2,False,2,0.89,1,0.1,4,0.01,0,0.0,3,0.0,3,0 days 00:25:15
6,4,0,False,0,0.6,2,0.34,5,0.03,4,0.02,1,0.01,4,0 days 00:23:12
6,4,4,True,4,0.66,3,0.16566666666666663,2,0.12933333333333333,1,0.045,0,0.0,1,0 days 00:17:08
6,4,2,False,2,0.75,3,0.25,1,0.0,0,0.0,4,0.0,5,0 days 00:54:53
6,4,2,False,2,0.91,4,0.09,1,0.0,0,0.0,3,0.0,2,0 days 00:28:24
6,6,5,False,5,0.66,2,0.21,0,0.12,4,0.01,3,0.0,7,0 days 00:21:29
6,2,4,False,4,0.89,2,0.11,1,0.0,0,0.0,3,0.0,2,0 days 00:59:04
6,2,3,False,3,0.98,2,0.02,1,0.0,0,0.0,4,0.0,2,0 days 01:32:18
6,2,1,False,1,0.69,2,0.28,4,0.03,0,0.0,3,0.0,2,0 days 00:07:10
6,2,2,True,2,0.5156428571428572,6,0.44435714285714284,0,0.04,1,0.0,3,0.0,1,0 days 00:59:50
6,0,2,False,2,0.88,0,0.12,1,0.0,3,0.0,4,0.0,2,0 days 01:00:03
6,3,4,False,4,0.5246666666666666,3,0.4643333333333334,1,0.011000000000000001,0,0.0,2,0.0,2,0 days 00:16:08
6,3,4,False,4,0.69,1,0.28023809523809523,3,0.029761904761904764,0,0.0,2,0.0,3,0 days 00:17:42
6,5,1,False,1,0.67,2,0.23,0,0.1,3,0.0,4,0.0,6,0 days 00:23:18
6,2,0,False,0,0.7763333333333334,6,0.14366666666666666,4,0.04,2,0.04,3,0.0,4,0 days 00:43:35
6,5,2,False,2,0.6316666666666667,0,0.36,4,0.008333333333333333,1,0.0,3,0.0,6,0 days 00:30:03
6,4,4,True,4,0.85,2,0.09944444444444445,1,0.04055555555555555,3,0.01,0,0.0,1,0 days 00:40:00
6,2,2,True,2,0.63,6,0.35,1,0.02,0,0.0,3,0.0,1,0 days 00:13:30
6,3,2,False,2,0.76,4,0.24,1,0.0,0,0.0,3,0.0,5,0 days 00:23:57
6,4,3,False,3,0.64,0,0.35,2,0.01,1,0.0,4,0.0,5,0 days 00:52:58
6,0,0,True,0,0.59,4,0.23,2,0.18,1,0.0,3,0.0,1,0 days 00:43:22
6,3,0,False,0,0.8468333333333335,4,0.10316666666666668,2,0.05,1,0.0,3,0.0,5,0 days 00:51:31
6,2,3,False,3,0.75,0,0.19,6,0.05,2,0.01,1,0.0,4,0 days 00:48:23
6,0,2,False,2,0.68,3,0.31,0,0.01,1,0.0,4,0.0,3,0 days 00:51:51
6,4,4,True,4,0.69,1,0.22,0,0.09,2,0.0,3,0.0,1,0 days 00:16:56
6,4,2,False,2,0.9073333333333334,3,0.05,4,0.042666666666666665,1,0.0,0,0.0,3,0 days 00:15:19
6,2,2,True,2,0.7673333333333333,1,0.23266666666666666,0,0.0,3,0.0,4,0.0,1,0 days 00:11:24
6,2,2,True,2,0.8,3,0.18,0,0.01,5,0.01,1,0.0,1,0 days 00:42:12
6,2,3,False,3,0.89,1,0.06,2,0.04,0,0.01,4,0.0,3,0 days 00:39:10
6,2,0,False,0,0.63,6,0.28,3,0.05,2,0.04,1,0.0,4,0 days 00:31:16
6,2,2,True,2,0.91,6,0.05,1,0.04,0,0.0,3,0.0,1,0 days 00:19:24
6,2,5,False,5,0.68,1,0.10720905483405485,3,0.09478535353535353,2,0.07301443001443002,4,0.04499116161616162,4,0 days 00:15:30
6,2,2,True,2,1.0,0,0.0,1,0.0,3,0.0,4,0.0,1,0 days 00:00:56
6,2,2,True,2,1.0,0,0.0,1,0.0,3,0.0,4,0.0,1,0 days 00:00:57
6,2,2,True,2,1.0,0,0.0,1,0.0,3,0.0,4,0.0,1,0 days 00:00:31
6,2,2,True,2,1.0,0,0.0,1,0.0,3,0.0,4,0.0,1,0 days 00:00:34
6,2,2,True,2,1.0,0,0.0,1,0.0,3,0.0,4,0.0,1,0 days 00:02:39
6,5,4,False,4,0.6,6,0.33,2,0.07,0,0.0,3,0.0,7,0 days 00:19:33
6,2,2,True,2,1.0,0,0.0,1,0.0,3,0.0,4,0.0,1,0 days 00:00:29
6,2,2,True,2,0.68,0,0.21,6,0.09,3,0.02,1,0.0,1,0 days 00:31:19
6,2,4,False,4,0.8568333333333333,2,0.1431666666666667,1,0.0,0,0.0,3,0.0,2,0 days 00:28:48
6,2,2,True,2,0.65,6,0.24,4,0.06,3,0.05,0,0.0,1,0 days 00:32:21
6,2,1,False,1,0.64,2,0.36,0,0.0,3,0.0,4,0.0,2,0 days 00:02:04
6,2,6,False,6,0.8,2,0.2,1,0.0,0,0.0,3,0.0,2,0 days 00:03:48
6,6,2,False,2,0.77,0,0.2,3,0.03,1,0.0,4,0.0,7,0 days 00:43:52
6,6,2,False,2,0.4726666666666665,1,0.41733333333333333,6,0.11,0,0.0,3,0.0,3,0 days 00:12:33
6,2,2,True,2,0.6075,3,0.3825,4,0.01,1,0.0,0,0.0,1,0 days 00:24:18
6,2,2,True,2,0.71,1,0.29,0,0.0,3,0.0,4,0.0,1,0 days 00:36:03
6,2,2,True,2,0.75,1,0.25,0,0.0,3,0.0,4,0.0,1,0 days 00:02:30
6,2,2,True,2,1.0,0,0.0,1,0.0,3,0.0,4,0.0,1,0 days 00:01:01
6,2,1,False,1,0.65,2,0.35,0,0.0,3,0.0,4,0.0,2,0 days 00:01:27
6,2,3,False,3,0.61,2,0.39,1,0.0,0,0.0,4,0.0,2,0 days 00:53:28
6,2,2,True,2,0.98,1,0.02,0,0.0,3,0.0,4,0.0,1,0 days 00:02:09
6,2,2,True,2,0.73,6,0.16516666666666668,1,0.10483333333333332,0,0.0,3,0.0,1,0 days 00:03:29
6,6,4,False,4,0.85,3,0.08,2,0.07,1,0.0,0,0.0,7,0 days 01:06:52
6,6,2,False,2,0.62,1,0.38,0,0.0,3,0.0,4,0.0,7,0 days 00:05:13
6,6,2,False,2,0.96,6,0.04,1,0.0,0,0.0,3,0.0,2,0 days 00:11:30
6,2,2,True,2,0.6135000000000002,1,0.3865,0,0.0,3,0.0,4,0.0,1,0 days 00:01:31
6,2,2,True,2,0.995,1,0.005,0,0.0,3,0.0,4,0.0,1,0 days 00:01:36
6,6,5,False,5,0.64,6,0.2,2,0.16,0,0.0,3,0.0,2,0 days 00:07:55
6,6,2,False,2,0.8425,6,0.1,0,0.0575,1,0.0,3,0.0,2,0 days 00:13:39
6,2,3,False,3,0.6766666666666667,4,0.15,2,0.12333333333333332,6,0.05,0,0.0,3,0 days 00:24:13
6,2,0,False,0,0.68,2,0.19,4,0.1,3,0.03,1,0.0,2,0 days 00:58:24
7,1,4,False,4,0.61,3,0.3416666666666666,2,0.04833333333333333,1,0.0,0,0.0,4,0 days 00:15:55
7,0,4,False,4,0.573708152958153,3,0.22327344877344873,1,0.1016998556998557,5,0.1013185425685426,2,0.0,6,0 days 00:15:49
7,3,2,False,2,0.6095,4,0.3020238095238095,1,0.06317857142857143,3,0.017797619047619048,5,0.0075,4,0 days 00:15:47
7,2,2,True,2,0.69,1,0.31,0,0.0,3,0.0,4,0.0,1,0 days 00:33:33
7,2,3,False,3,0.5,0,0.37,6,0.13,1,0.0,2,0.0,5,0 days 00:50:22
7,2,2,True,2,0.4433095238095238,1,0.4366904761904762,4,0.09007142857142858,3,0.029928571428571426,0,0.0,1,0 days 00:40:01
7,2,4,False,4,0.67,0,0.31,3,0.02,1,0.0,2,0.0,5,0 days 01:01:32
7,2,3,False,3,0.7001666666666668,0,0.29983333333333334,1,0.0,2,0.0,4,0.0,4,0 days 01:09:47
7,0,0,True,0,0.59,3,0.3041666666666667,1,0.09,4,0.015833333333333335,2,0.0,1,0 days 00:39:41
7,2,2,True,2,0.79,0,0.2,3,0.01,1,0.0,4,0.0,1,0 days 00:42:20
7,0,5,False,5,0.4804999999999999,3,0.4695000000000001,2,0.03,0,0.02,1,0.0,4,0 days 00:55:45
7,3,3,True,3,0.62,0,0.38,1,0.0,2,0.0,4,0.0,1,0 days 01:20:00
7,4,2,False,2,1.0,0,0.0,1,0.0,3,0.0,4,0.0,5,0 days 00:45:06
7,4,0,False,0,0.69,2,0.16,3,0.13,4,0.02,1,0.0,4,0 days 00:40:30
7,2,2,True,2,0.9583333333333333,3,0.04166666666666667,1,0.0,0,0.0,4,0.0,1,0 days 00:24:00
7,2,2,True,2,0.48533333333333334,4,0.4346666666666667,3,0.07,1,0.01,0,0.0,1,0 days 00:15:19
7,2,2,True,2,0.6246666666666667,3,0.32533333333333336,4,0.05,1,0.0,0,0.0,1,0 days 00:24:31
7,2,3,False,3,0.62,2,0.33,4,0.04,1,0.01,0,0.0,2,0 days 00:22:38
7,2,4,False,4,0.62,0,0.21,3,0.11833333333333335,2,0.051666666666666666,1,0.0,4,0 days 00:54:54
7,2,2,True,2,0.9073333333333333,3,0.08,0,0.012666666666666666,1,0.0,4,0.0,1,0 days 00:44:54
7,2,2,True,2,0.69,0,0.16797619047619045,3,0.1386904761904762,4,0.003333333333333333,1,0.0,1,0 days 00:51:20
7,1,3,False,3,0.74,2,0.24,1,0.01,0,0.01,4,0.0,3,0 days 00:47:32
7,3,3,True,3,0.62,0,0.27,2,0.11,1,0.0,4,0.0,1,0 days 01:12:20
7,3,0,False,0,0.58,4,0.23,3,0.19,1,0.0,2,0.0,3,0 days 01:20:46
7,0,2,False,2,1.0,0,0.0,1,0.0,3,0.0,4,0.0,2,0 days 01:16:08
7,0,4,False,4,0.69,5,0.16,0,0.11,3,0.04,2,0.0,3,0 days 00:53:54
7,1,4,False,4,0.655,3,0.17600000000000002,1,0.14400000000000002,2,0.025,0,0.0,3,0 days 00:18:01
7,3,2,False,2,0.72,0,0.23,1,0.05,3,0.0,4,0.0,4,0 days 00:38:35
7,3,4,False,4,0.59,3,0.38,0,0.02,2,0.01,1,0.0,2,0 days 01:21:07
7,3,2,False,2,0.61,3,0.38,1,0.01,0,0.0,4,0.0,2,0 days 00:15:16
7,2,2,True,2,0.97,4,0.03,1,0.0,0,0.0,3,0.0,1,0 days 00:08:48
7,1,1,True,1,0.97,2,0.02,3,0.01,0,0.0,4,0.0,1,0 days 00:17:46
7,1,2,False,2,0.86,0,0.14,1,0.0,3,0.0,4,0.0,3,0 days 00:29:54
7,1,2,False,2,0.58,6,0.187,3,0.17299999999999996,1,0.03166666666666666,4,0.028333333333333332,4,0 days 00:18:15
7,4,4,True,4,0.4718333333333333,1,0.4523333333333334,3,0.06583333333333333,6,0.01,2,0.0,1,0 days 00:16:38
7,1,1,True,1,0.66,2,0.18,3,0.12,6,0.04,0,0.0,1,0 days 00:50:00
7,4,2,False,2,0.8,4,0.2,1,0.0,0,0.0,3,0.0,2,0 days 00:57:18
7,4,2,False,2,0.99,6,0.01,1,0.0,0,0.0,3,0.0,6,0 days 00:30:24
7,1,4,False,4,0.5053593073593075,3,0.48797402597402595,1,0.003333333333333333,0,0.003333333333333333,2,0.0,3,0 days 00:15:36
7,4,2,False,2,0.6,5,0.31,0,0.06,3,0.03,1,0.0,6,0 days 00:23:03
7,4,2,False,2,0.650753968253968,4,0.34924603174603175,1,0.0,0,0.0,3,0.0,2,0 days 00:30:00
7,4,3,False,3,0.4969404761904761,2,0.4905595238095237,1,0.0125,0,0.0,4,0.0,5,0 days 00:15:58
7,2,2,True,2,0.67,0,0.33,1,0.0,3,0.0,4,0.0,1,0 days 01:00:04
7,2,2,True,2,0.95,0,0.05,1,0.0,3,0.0,4,0.0,1,0 days 00:29:03
7,2,2,True,2,0.73,0,0.21,3,0.06,1,0.0,4,0.0,1,0 days 01:12:36
7,2,0,False,0,0.65,2,0.35,1,0.0,3,0.0,4,0.0,2,0 days 00:36:21
7,2,3,False,3,0.78,0,0.19,2,0.03,1,0.0,4,0.0,3,0 days 00:47:08
7,2,4,False,4,0.71,2,0.29,1,0.0,0,0.0,3,0.0,2,0 days 00:30:33
7,2,2,True,2,0.97,5,0.03,1,0.0,0,0.0,3,0.0,1,0 days 00:29:49
7,3,1,False,1,0.65,6,0.14,3,0.11333333333333334,0,0.09,4,0.006666666666666666,3,0 days 00:15:40
7,0,3,False,3,0.9173333333333334,0,0.08266666666666665,1,0.0,2,0.0,4,0.0,2,0 days 01:09:36
7,3,3,True,3,0.98,2,0.01,4,0.01,1,0.0,0,0.0,1,0 days 01:06:31
7,1,3,False,3,0.54,2,0.42,1,0.03,4,0.01,0,0.0,3,0 days 00:17:24
7,1,2,False,2,1.0,0,0.0,1,0.0,3,0.0,4,0.0,3,0 days 00:01:31
7,3,4,False,4,0.9154999999999999,3,0.0745,2,0.01,1,0.0,0,0.0,2,0 days 00:16:06
7,3,0,False,0,0.47,2,0.44,3,0.09,1,0.0,4,0.0,3,0 days 00:40:25
7,3,1,False,1,0.97,2,0.02,3,0.01,0,0.0,4,0.0,3,0 days 00:17:46
7,3,3,True,3,0.648,2,0.218,4,0.134,1,0.0,0,0.0,1,0 days 00:16:03
7,0,1,False,1,0.85,3,0.09,0,0.03,2,0.03,4,0.0,3,0 days 00:38:56
7,3,2,False,2,0.91,1,0.06,4,0.03,0,0.0,3,0.0,5,0 days 00:14:49
7,4,1,False,1,0.68,4,0.22,3,0.0725,2,0.0275,0,0.0,2,0 days 00:16:25
7,0,0,True,0,0.73,2,0.24,4,0.03,1,0.0,3,0.0,1,0 days 00:41:35
7,0,0,True,0,0.62,4,0.3,3,0.08,1,0.0,2,0.0,1,0 days 00:53:02
7,4,1,False,1,0.5191269841269842,5,0.24400000000000005,6,0.21687301587301583,2,0.01,4,0.01,5,0 days 00:16:59
7,4,1,False,1,0.6366666666666666,3,0.3,2,0.04333333333333333,6,0.02,0,0.0,6,0 days 00:15:44
7,4,6,False,6,0.51,5,0.31,2,0.1775,0,0.0025,3,0.0,7,0 days 00:31:43
7,4,1,False,1,0.69,2,0.17933333333333334,6,0.06033333333333333,5,0.06033333333333333,0,0.01,7,0 days 00:14:43
7,2,2,True,2,0.5366666666666667,3,0.4633333333333334,1,0.0,0,0.0,4,0.0,1,0 days 00:59:19
7,2,3,False,3,0.78,0,0.19,2,0.03,1,0.0,4,0.0,3,0 days 00:47:10
7,2,2,True,2,0.7233333333333334,0,0.25,3,0.026666666666666665,1,0.0,4,0.0,1,0 days 00:42:46
7,2,2,True,2,0.93,0,0.06,4,0.01,1,0.0,3,0.0,1,0 days 01:12:59
7,2,2,True,2,0.99,4,0.01,1,0.0,0,0.0,3,0.0,1,0 days 00:59:35
7,2,2,True,2,0.83,4,0.15,0,0.02,1,0.0,3,0.0,1,0 days 00:57:36
7,2,0,False,0,0.6645238095238095,2,0.29,3,0.045476190476190476,1,0.0,4,0.0,2,0 days 00:51:10
7,2,2,True,2,0.85,0,0.09,3,0.05,4,0.01,1,0.0,1,0 days 00:42:17
7,5,2,False,2,0.955,0,0.04,1,0.005,3,0.0,4,0.0,6,0 days 00:37:52
7,2,2,True,2,1.0,0,0.0,1,0.0,3,0.0,4,0.0,1,0 days 00:37:30
7,3,2,False,2,0.9,1,0.05,3,0.04,0,0.01,4,0.0,3,0 days 00:20:59
7,3,3,True,3,0.86,0,0.09,4,0.05,1,0.0,2,0.0,1,0 days 01:26:01
7,3,4,False,4,0.6987857142857143,3,0.29288095238095235,1,0.008333333333333333,0,0.0,2,0.0,2,0 days 00:16:08
7,3,2,False,2,0.82,6,0.18,1,0.0,0,0.0,3,0.0,5,0 days 00:44:31
7,3,2,False,2,0.6174761904761905,1,0.34752380952380946,5,0.015,3,0.0125,4,0.0075,4,0 days 00:15:31
7,2,0,False,0,0.63,2,0.27,4,0.08,3,0.02,1,0.0,2,0 days 01:02:08
7,5,2,False,2,0.93,0,0.07,1,0.0,3,0.0,4,0.0,6,0 days 00:42:33
7,3,3,True,3,0.6659523809523811,4,0.2330952380952381,1,0.09952380952380953,5,0.0014285714285714286,2,0.0,1,0 days 00:15:53
7,3,2,False,2,0.94,3,0.06,1,0.0,0,0.0,4,0.0,2,0 days 00:44:44
7,2,2,True,2,0.870952380952381,1,0.12238095238095237,3,0.006666666666666666,0,0.0,4,0.0,1,0 days 00:17:53
7,1,2,False,2,0.89,1,0.08416666666666667,6,0.02583333333333333,0,0.0,3,0.0,2,0 days 00:03:22
7,4,4,True,4,0.66,1,0.1973333333333333,0,0.13,5,0.008666666666666666,6,0.004,1,0 days 00:16:56
7,2,2,True,2,0.5175,3,0.4625,1,0.02,0,0.0,4,0.0,1,0 days 00:22:56
7,0,0,True,0,0.71,4,0.19,2,0.1,1,0.0,3,0.0,1,0 days 00:43:24
7,1,1,True,1,0.68,4,0.22,3,0.0725,2,0.0275,0,0.0,1,0 days 00:16:25
7,1,4,False,4,0.7741190476190476,1,0.11588095238095236,3,0.105,2,0.005,0,0.0,2,0 days 00:16:13
7,4,3,False,3,0.98,2,0.02,1,0.0,0,0.0,4,0.0,5,0 days 01:35:23
7,0,2,False,2,0.92,0,0.06,6,0.02,1,0.0,3,0.0,2,0 days 00:44:21
7,0,2,False,2,0.64,5,0.2025,0,0.15749999999999997,1,0.0,3,0.0,3,0 days 00:14:20
7,1,1,True,1,0.6548492063492063,4,0.2306230158730159,3,0.07630952380952381,5,0.038218253968253964,2,0.0,1,0 days 00:15:51
7,1,1,True,1,0.9683333333333334,2,0.03166666666666666,0,0.0,3,0.0,4,0.0,1,0 days 00:05:20
7,4,2,False,2,0.6569999999999999,3,0.3429999999999999,1,0.0,0,0.0,4,0.0,5,0 days 00:17:11
7,4,2,False,2,0.66,4,0.24,0,0.1,1,0.0,3,0.0,2,0 days 00:58:39
7,2,0,False,0,0.75,3,0.25,1,0.0,2,0.0,4,0.0,4,0 days 01:20:14
7,2,3,False,3,0.64,1,0.18,0,0.12,6,0.06,2,0.0,5,0 days 00:50:15
7,2,3,False,3,0.7,2,0.29,4,0.01,1,0.0,0,0.0,2,0 days 01:04:44
7,2,6,False,6,0.89,2,0.07,3,0.04,1,0.0,0,0.0,2,0 days 00:12:54
7,2,1,False,1,0.9183333333333334,3,0.06666666666666667,4,0.014999999999999998,0,0.0,2,0.0,5,0 days 00:16:41
7,2,2,True,2,1.0,0,0.0,1,0.0,3,0.0,4,0.0,1,0 days 00:01:47
7,2,1,False,1,0.69,2,0.2651666666666667,5,0.033666666666666664,6,0.011166666666666667,3,0.0,2,0 days 00:14:46
7,2,2,True,2,0.7368333333333333,3,0.2631666666666667,1,0.0,0,0.0,4,0.0,1,0 days 00:01:25
7,2,2,True,2,1.0,0,0.0,1,0.0,3,0.0,4,0.0,1,0 days 00:01:46
7,2,2,True,2,0.8925,0,0.1,6,0.005,5,0.0025,3,0.0,1,0 days 00:14:34
7,2,2,True,2,1.0,0,0.0,1,0.0,3,0.0,4,0.0,1,0 days 00:01:12
7,2,2,True,2,0.8,1,0.2,0,0.0,3,0.0,4,0.0,1,0 days 00:02:26
7,2,2,True,2,0.8,1,0.2,0,0.0,3,0.0,4,0.0,1,0 days 00:02:26
7,2,2,True,2,1.0,0,0.0,1,0.0,3,0.0,4,0.0,1,0 days 00:02:50
7,6,0,False,0,0.7,2,0.23,6,0.07,1,0.0,3,0.0,3,0 days 00:41:14
7,2,4,False,4,0.46666666666666656,2,0.4433333333333334,6,0.08,1,0.01,3,0.0,2,0 days 00:04:12
7,6,2,False,2,1.0,0,0.0,1,0.0,3,0.0,4,0.0,7,0 days 00:31:28
7,2,0,False,0,0.64,2,0.21,3,0.12,1,0.03,4,0.0,2,0 days 00:47:55
7,6,2,False,2,0.83,4,0.14,1,0.03,0,0.0,3,0.0,7,0 days 00:25:25
7,2,2,True,2,0.92,4,0.08,1,0.0,0,0.0,3,0.0,1,0 days 00:28:17
7,2,2,True,2,0.9604285714285714,1,0.03421428571428571,3,0.005357142857142857,0,0.0,4,0.0,1,0 days 00:15:03
7,2,1,False,1,0.8828571428571429,2,0.07023809523809525,3,0.04023809523809524,6,0.006666666666666666,0,0.0,2,0 days 00:16:33
7,2,2,True,2,0.6958333333333333,5,0.2,3,0.09416666666666666,0,0.01,1,0.0,1,0 days 00:23:02
7,2,2,True,2,0.99,0,0.01,1,0.0,3,0.0,4,0.0,1,0 days 00:38:23
7,2,2,True,2,0.8290000000000001,4,0.121,3,0.04,6,0.01,0,0.0,1,0 days 00:34:21
7,2,2,True,2,0.69,1,0.31,0,0.0,3,0.0,4,0.0,1,0 days 00:33:26
7,6,2,False,2,0.95,0,0.05,1,0.0,3,0.0,4,0.0,7,0 days 00:29:17
7,6,1,False,1,0.64,2,0.195,6,0.165,0,0.0,3,0.0,3,0 days 00:04:56
7,6,6,True,6,0.79,1,0.18100000000000002,2,0.028999999999999998,0,0.0,3,0.0,1,0 days 00:05:29
7,2,2,True,2,0.7368333333333333,3,0.2631666666666667,1,0.0,0,0.0,4,0.0,1,0 days 00:01:25
7,6,2,False,2,0.49,6,0.48,4,0.03,0,0.0,3,0.0,2,0 days 00:07:38
7,2,0,False,0,0.78,2,0.22,1,0.0,3,0.0,4,0.0,2,0 days 00:29:23
7,2,2,True,2,0.68,4,0.22,1,0.1,0,0.0,3,0.0,1,0 days 00:35:48
7,2,6,False,6,0.61,3,0.22833333333333328,0,0.16166666666666665,1,0.0,2,0.0,5,0 days 00:48:05
7,2,1,False,1,0.59,0,0.21,2,0.16,4,0.04,3,0.0,3,0 days 00:43:14
7,2,2,True,2,0.7368333333333333,3,0.2631666666666667,1,0.0,0,0.0,4,0.0,1,0 days 00:01:25
7,2,3,False,3,0.92,4,0.05,6,0.03,0,0.0,2,0.0,5,0 days 01:06:37
7,5,1,False,1,0.65,2,0.27,4,0.08,0,0.0,3,0.0,6,0 days 00:10:06
7,2,2,True,2,0.9775,6,0.015,1,0.0075,0,0.0,3,0.0,1,0 days 00:11:26
8,1,2,False,2,0.5663571428571429,0,0.4286428571428572,5,0.005,1,0.0,3,0.0,4,0 days 00:13:59
8,0,4,False,4,0.76,2,0.22,6,0.02,0,0.0,3,0.0,4,0 days 01:07:09
8,3,2,False,2,0.6908333333333334,4,0.19,0,0.11916666666666668,1,0.0,3,0.0,5,0 days 01:02:16
8,3,3,True,3,0.9,2,0.08833333333333332,4,0.011666666666666665,1,0.0,0,0.0,1,0 days 00:15:15
8,3,2,False,2,0.7,1,0.26,3,0.04,0,0.0,4,0.0,3,0 days 00:40:13
8,0,4,False,4,0.63,2,0.3,3,0.07,1,0.0,0,0.0,5,0 days 00:59:27
8,2,2,True,2,0.86,1,0.1,0,0.03,3,0.01,4,0.0,1,0 days 00:18:32
8,2,4,False,4,0.68,2,0.23,3,0.09,1,0.0,0,0.0,2,0 days 01:10:22
8,3,3,True,3,0.71,0,0.2,4,0.08,6,0.01,2,0.0,1,0 days 00:54:27
8,3,0,False,0,0.67,2,0.23,3,0.1,1,0.0,4,0.0,3,0 days 00:55:43
8,1,1,True,1,0.8495238095238095,4,0.14047619047619048,2,0.01,0,0.0,3,0.0,1,0 days 00:17:18
8,1,1,True,1,0.6353928571428571,3,0.3422261904761904,2,0.02238095238095238,0,0.0,4,0.0,1,0 days 00:16:17
8,1,2,False,2,0.46099999999999997,3,0.42233333333333334,1,0.06833333333333333,6,0.04833333333333333,0,0.0,3,0 days 00:16:34
8,4,1,False,1,0.5976666666666667,4,0.36,6,0.03233333333333333,3,0.01,2,0.0,2,0 days 00:16:37
8,3,2,False,2,0.65,4,0.33,0,0.02,1,0.0,3,0.0,5,0 days 01:04:42
8,4,1,False,1,0.54,2,0.23695238095238097,4,0.20304761904761903,3,0.02,0,0.0,3,0 days 00:18:00
8,4,3,False,3,0.81,2,0.175,1,0.015,0,0.0,4,0.0,5,0 days 00:16:44
8,4,4,True,4,0.4554761904761904,2,0.4245238095238096,1,0.12,0,0.0,3,0.0,1,0 days 00:15:21
8,4,1,False,1,0.64,2,0.34,6,0.02,0,0.0,3,0.0,6,0 days 00:07:24
8,0,2,False,2,0.52,3,0.48,1,0.0,0,0.0,4,0.0,4,0 days 01:00:26
8,3,3,True,3,0.96,0,0.04,1,0.0,2,0.0,4,0.0,1,0 days 01:25:21
8,2,2,True,2,0.8,1,0.2,0,0.0,3,0.0,4,0.0,1,0 days 00:36:53
8,2,2,True,2,0.65,3,0.28,1,0.07,0,0.0,4,0.0,1,0 days 00:23:34
8,2,3,False,3,0.67,0,0.19083333333333335,2,0.11916666666666666,4,0.02,1,0.0,3,0 days 01:02:06
8,2,2,True,2,0.94,0,0.05,3,0.01,1,0.0,4,0.0,1,0 days 01:16:48
8,2,0,False,0,0.63,4,0.27,2,0.1,1,0.0,3,0.0,3,0 days 01:04:30
8,2,3,False,3,0.7404999999999997,4,0.13292857142857142,2,0.12657142857142856,1,0.0,0,0.0,3,0 days 00:16:02
8,2,3,False,3,0.67,2,0.33,1,0.0,0,0.0,4,0.0,2,0 days 01:00:25
8,2,1,False,1,0.74,2,0.26,0,0.0,3,0.0,4,0.0,2,0 days 00:22:00
8,2,3,False,3,0.57,2,0.39,0,0.04,1,0.0,4,0.0,2,0 days 01:30:30
8,2,3,False,3,0.62,6,0.27,0,0.11,1,0.0,2,0.0,5,0 days 00:54:07
8,5,0,False,0,0.81,3,0.18,2,0.01,1,0.0,4,0.0,6,0 days 00:53:49
8,1,2,False,2,0.3785876068376068,3,0.3225412087912087,1,0.16224603174603172,4,0.13662515262515257,0,0.0,3,0 days 00:15:29
8,1,3,False,3,0.79,2,0.19,6,0.02,1,0.0,0,0.0,4,0 days 00:20:52
8,3,2,False,2,0.78,1,0.12,0,0.09,6,0.01,3,0.0,5,0 days 00:50:15
8,1,2,False,2,0.76,0,0.2,3,0.03,1,0.01,4,0.0,4,0 days 00:47:47
8,1,0,False,0,0.6165000000000002,4,0.35349999999999987,1,0.016666666666666666,3,0.013333333333333332,2,0.0,3,0 days 00:15:37
8,2,5,False,5,0.62,2,0.27,0,0.09,1,0.02,3,0.0,2,0 days 00:37:54
8,3,1,False,1,0.5461666666666667,4,0.2658333333333333,2,0.188,0,0.0,3,0.0,5,0 days 00:16:14
8,0,3,False,3,0.64,2,0.22,1,0.14,0,0.0,4,0.0,4,0 days 00:47:40
8,3,3,True,3,0.81,2,0.175,1,0.015,0,0.0,4,0.0,1,0 days 00:16:44
8,3,0,False,0,0.66,2,0.33,3,0.01,1,0.0,4,0.0,3,0 days 00:56:01
8,3,2,False,2,0.85,0,0.08,3,0.05,1,0.02,4,0.0,3,0 days 00:47:10
8,0,2,False,2,0.95,3,0.05,1,0.0,0,0.0,4,0.0,4,0 days 01:12:35
8,3,0,False,0,0.84,4,0.13157142857142856,3,0.028428571428571428,1,0.0,2,0.0,3,0 days 00:39:48
8,2,3,False,3,0.61,0,0.29,2,0.1,1,0.0,4,0.0,3,0 days 01:15:12
8,0,6,False,6,0.66,3,0.28,0,0.06,1,0.0,2,0.0,3,0 days 00:54:21
8,4,0,False,0,0.75,3,0.25,1,0.0,2,0.0,4,0.0,5,0 days 01:27:07
8,1,2,False,2,0.5056666666666666,1,0.40183333333333343,3,0.0925,0,0.0,4,0.0,2,0 days 00:16:33
8,1,1,True,1,0.66,2,0.22,4,0.12,0,0.0,3,0.0,1,0 days 00:17:27
8,4,0,False,0,0.59,2,0.38,4,0.03,1,0.0,3,0.0,3,0 days 01:02:20
8,4,0,False,0,0.86,3,0.14,1,0.0,2,0.0,4,0.0,5,0 days 00:53:54
8,4,3,False,3,0.34040476190476193,4,0.3234761904761904,1,0.3177857142857142,0,0.01833333333333333,2,0.0,2,0 days 00:15:36
8,0,2,False,2,0.65,0,0.3,3,0.05,1,0.0,4,0.0,2,0 days 00:55:36
8,3,2,False,2,0.88,6,0.09,1,0.03,0,0.0,3,0.0,5,0 days 00:36:48
8,2,0,False,0,0.79,2,0.14,4,0.07,1,0.0,3,0.0,2,0 days 01:03:01
8,5,4,False,4,0.5525,2,0.355,6,0.09,0,0.0025,3,0.0,7,0 days 00:31:47
8,2,2,True,2,0.93,4,0.07,1,0.0,0,0.0,3,0.0,1,0 days 00:58:57
8,2,2,True,2,0.8216666666666665,4,0.16833333333333333,3,0.01,1,0.0,0,0.0,1,0 days 01:01:53
8,2,5,False,5,0.62,2,0.35,0,0.02,1,0.01,3,0.0,2,0 days 00:37:46
8,2,2,True,2,0.84,3,0.08,4,0.08,1,0.0,0,0.0,1,0 days 00:58:00
8,3,3,True,3,0.34040476190476193,4,0.3234761904761904,1,0.3177857142857142,0,0.01833333333333333,2,0.0,1,0 days 00:15:36
8,3,2,False,2,0.62,0,0.28,4,0.1,1,0.0,3,0.0,5,0 days 01:02:53
8,3,0,False,0,0.63,2,0.3,4,0.07,1,0.0,3,0.0,5,0 days 01:02:57
8,0,4,False,4,0.68,2,0.32,1,0.0,0,0.0,3,0.0,4,0 days 00:57:51
8,1,2,False,2,0.92,4,0.08,1,0.0,0,0.0,3,0.0,3,0 days 00:17:56
8,2,2,True,2,0.93,0,0.07,1,0.0,3,0.0,4,0.0,1,0 days 00:14:33
8,3,1,False,1,0.7653928571428572,3,0.22389285714285712,2,0.010714285714285714,0,0.0,4,0.0,2,0 days 00:16:18
8,4,0,False,0,0.72,2,0.27,3,0.01,1,0.0,4,0.0,5,0 days 00:51:26
8,4,2,False,2,0.9226666666666666,4,0.07733333333333334,1,0.0,0,0.0,3,0.0,2,0 days 00:28:44
8,4,1,False,1,0.64,2,0.24,3,0.11,6,0.01,0,0.0,6,0 days 00:13:06
8,4,3,False,3,0.7,2,0.25,4,0.05,1,0.0,0,0.0,3,0 days 01:10:14
8,0,4,False,4,0.71,2,0.18,0,0.1,3,0.01,1,0.0,3,0 days 01:01:35
8,4,0,False,0,0.67,3,0.17,2,0.15333333333333335,4,0.006666666666666666,1,0.0,4,0 days 00:18:39
8,2,2,True,2,0.52,0,0.27,3,0.12,4,0.09,1,0.0,1,0 days 01:38:20
8,2,2,True,2,1.0,0,0.0,1,0.0,3,0.0,4,0.0,1,0 days 00:11:46
8,2,5,False,5,0.57,2,0.31,6,0.11,4,0.01,3,0.0,2,0 days 00:07:41
8,2,3,False,3,0.81,2,0.15,0,0.04,1,0.0,4,0.0,2,0 days 00:56:19
8,2,2,True,2,0.97,6,0.03,1,0.0,0,0.0,3,0.0,1,0 days 00:36:34
8,2,2,True,2,0.91,3,0.05,6,0.03,0,0.01,1,0.0,1,0 days 00:30:54
8,2,2,True,2,0.99,1,0.01,0,0.0,3,0.0,4,0.0,1,0 days 00:29:49
8,2,2,True,2,0.47666666666666674,4,0.4233333333333333,1,0.1,0,0.0,3,0.0,1,0 days 00:25:14
8,2,2,True,2,0.5149523809523809,1,0.45171428571428573,4,0.03,3,0.003333333333333333,0,0.0,1,0 days 00:14:56
8,2,2,True,2,0.65,1,0.34,3,0.01,0,0.0,4,0.0,1,0 days 00:21:54
8,0,2,False,2,0.65,0,0.29,3,0.06,1,0.0,4,0.0,2,0 days 00:55:55
8,3,2,False,2,0.69,0,0.21,6,0.1,1,0.0,3,0.0,5,0 days 00:45:28
8,5,0,False,0,0.67,2,0.23,3,0.1,1,0.0,4,0.0,6,0 days 00:55:43
8,3,2,False,2,0.49088095238095236,4,0.42038095238095236,1,0.05796428571428571,3,0.030773809523809523,0,0.0,4,0 days 00:15:32
8,1,2,False,2,0.6566666666666666,4,0.2833333333333334,1,0.05,6,0.01,3,0.0,3,0 days 00:25:17
8,4,1,False,1,0.47611904761904766,2,0.4609523809523809,3,0.034761904761904765,4,0.02816666666666667,0,0.0,4,0 days 00:19:56
8,0,0,True,0,0.75,2,0.14166666666666666,3,0.10833333333333332,1,0.0,4,0.0,1,0 days 00:46:05
8,1,4,False,4,0.57,2,0.3925,3,0.0375,1,0.0,0,0.0,4,0 days 00:22:34
8,4,2,False,2,0.78,4,0.22,1,0.0,0,0.0,3,0.0,2,0 days 00:59:03
8,4,2,False,2,0.47078571428571436,3,0.4392142857142856,0,0.09,1,0.0,4,0.0,5,0 days 00:35:17
8,3,2,False,2,0.98,3,0.02,1,0.0,0,0.0,4,0.0,2,0 days 00:59:18
8,1,2,False,2,0.7,1,0.25,3,0.05,0,0.0,4,0.0,2,0 days 00:11:22
8,1,2,False,2,0.64,6,0.24,1,0.12,0,0.0,3,0.0,3,0 days 00:05:23
8,0,2,False,2,0.99,0,0.01,1,0.0,3,0.0,4,0.0,2,0 days 00:36:32
8,2,4,False,4,0.65,0,0.19,3,0.16,1,0.0,2,0.0,5,0 days 00:54:33
8,2,6,False,6,0.7341666666666665,2,0.24583333333333332,1,0.02,0,0.0,3,0.0,2,0 days 00:05:38
8,2,2,True,2,0.8,6,0.19,0,0.01,1,0.0,3,0.0,1,0 days 00:45:35
8,2,6,False,6,0.7,2,0.3,1,0.0,0,0.0,3,0.0,2,0 days 00:31:31
8,2,6,False,6,0.68,4,0.12050000000000001,2,0.1,0,0.0995,3,0.0,3,0 days 00:32:07
8,2,1,False,1,0.68,2,0.27,3,0.05,0,0.0,4,0.0,2,0 days 00:11:11
8,2,0,False,0,0.74,2,0.22,3,0.03,6,0.01,1,0.0,2,0 days 00:44:14
8,2,2,True,2,0.64,4,0.33,0,0.03,1,0.0,3,0.0,1,0 days 00:20:17
8,2,3,False,3,0.6745,4,0.17,2,0.147,5,0.0085,0,0.0,3,0 days 00:23:57
8,2,2,True,2,1.0,0,0.0,1,0.0,3,0.0,4,0.0,1,0 days 00:01:14
8,2,2,True,2,0.76,0,0.23,5,0.01,1,0.0,3,0.0,1,0 days 00:42:21
8,2,2,True,2,0.9716666666666667,6,0.028333333333333335,1,0.0,0,0.0,3,0.0,1,0 days 00:29:09
8,2,0,False,0,0.6,5,0.28,4,0.07549999999999998,2,0.044500000000000005,3,0.0,4,0 days 00:30:02
8,2,2,True,2,0.47638095238095235,4,0.46361904761904765,5,0.06,0,0.0,3,0.0,1,0 days 00:06:09
8,2,3,False,3,0.9,2,0.08833333333333332,4,0.011666666666666665,1,0.0,0,0.0,2,0 days 00:15:16
8,2,4,False,4,0.87,2,0.11,1,0.02,0,0.0,3,0.0,2,0 days 00:28:05
8,2,3,False,3,0.86,2,0.12,6,0.02,1,0.0,0,0.0,2,0 days 00:20:55
8,6,2,False,2,0.84,3,0.15,4,0.01,1,0.0,0,0.0,7,0 days 00:49:31
8,6,6,True,6,0.9,2,0.07,1,0.03,0,0.0,3,0.0,1,0 days 00:13:20
8,2,5,False,5,0.4298333333333332,6,0.4101666666666668,0,0.1,4,0.06,3,0.0,6,0 days 00:14:40
8,2,2,True,2,1.0,0,0.0,1,0.0,3,0.0,4,0.0,1,0 days 00:02:46
8,2,1,False,1,0.42,2,0.35,5,0.16,4,0.07,3,0.0,2,0 days 00:10:11
8,2,2,True,2,0.75,4,0.25,1,0.0,0,0.0,3,0.0,1,0 days 00:09:02
8,2,4,False,4,0.5124761904761906,2,0.4875238095238095,1,0.0,0,0.0,3,0.0,2,0 days 00:15:20
8,2,5,False,5,0.4298333333333332,6,0.4101666666666668,0,0.1,4,0.06,3,0.0,6,0 days 00:14:40
8,2,2,True,2,0.74,0,0.24,3,0.01,5,0.01,1,0.0,1,0 days 00:42:46
8,2,1,False,1,0.69,2,0.31,0,0.0,3,0.0,4,0.0,2,0 days 00:02:16
8,6,4,False,4,0.85,2,0.08,1,0.04,5,0.03,3,0.0,7,0 days 00:09:44
8,2,2,True,2,1.0,0,0.0,1,0.0,3,0.0,4,0.0,1,0 days 00:01:43
8,6,0,False,0,0.64,2,0.18200000000000002,3,0.17799999999999996,1,0.0,4,0.0,7,0 days 00:46:06
8,6,3,False,3,0.5596666666666666,1,0.4193333333333333,0,0.021,2,0.0,4,0.0,7,0 days 00:15:41
8,2,1,False,1,0.75,6,0.23,2,0.02,0,0.0,3,0.0,3,0 days 00:12:34
8,2,2,True,2,0.95,6,0.05,1,0.0,0,0.0,3,0.0,1,0 days 00:04:31
8,6,3,False,3,0.79,2,0.11,4,0.09,1,0.01,0,0.0,7,0 days 00:49:49
8,2,2,True,2,0.5565,0,0.41,4,0.0335,1,0.0,3,0.0,1,0 days 00:28:59
8,2,2,True,2,1.0,0,0.0,1,0.0,3,0.0,4,0.0,1,0 days 00:01:39
8,2,3,False,3,0.47,1,0.39,2,0.14,0,0.0,4,0.0,3,0 days 00:03:14
8,6,2,False,2,0.7583333333333333,6,0.24166666666666667,1,0.0,0,0.0,3,0.0,2,0 days 00:03:47
8,2,3,False,3,0.58,6,0.28,0,0.12,2,0.02,1,0.0,4,0 days 00:31:11
8,2,1,False,1,0.65,2,0.2966666666666667,3,0.05333333333333333,0,0.0,4,0.0,2,0 days 00:22:54
8,2,3,False,3,0.7141666666666666,1,0.2858333333333334,0,0.0,2,0.0,4,0.0,4,0 days 00:17:49
9,3,2,False,2,0.87,4,0.08,1,0.04,3,0.01,0,0.0,4,0 days 00:17:10
9,3,1,False,1,0.5864999999999999,2,0.38350000000000006,3,0.03,0,0.0,4,0.0,3,0 days 00:16:20
9,3,2,False,2,0.85,3,0.14,4,0.01,1,0.0,0,0.0,2,0 days 00:24:23
9,0,0,True,0,0.68,2,0.23,3,0.06,4,0.03,1,0.0,1,0 days 00:48:34
9,2,0,False,0,0.66,2,0.34,1,0.0,3,0.0,4,0.0,2,0 days 01:05:37
9,1,2,False,2,0.98,1,0.01,4,0.01,0,0.0,3,0.0,2,0 days 00:36:02
9,0,2,False,2,0.75,0,0.24,4,0.01,1,0.0,3,0.0,2,0 days 00:51:17
9,4,0,False,0,0.6091666666666667,3,0.3,1,0.08083333333333333,2,0.01,4,0.0,5,0 days 00:38:12
9,4,2,False,2,0.7649999999999999,3,0.15499999999999997,4,0.07,0,0.01,1,0.0,3,0 days 01:02:40
9,1,3,False,3,0.4877500000000001,2,0.41583333333333333,4,0.056666666666666664,1,0.03975,0,0.0,4,0 days 00:20:02
9,4,0,False,0,0.5842380952380952,1,0.3357619047619047,3,0.05095238095238095,4,0.029047619047619048,2,0.0,4,0 days 00:15:37
9,1,3,False,3,0.66,0,0.23,1,0.09,2,0.02,4,0.0,3,0 days 00:39:00
9,1,2,False,2,0.6,3,0.3611666666666667,4,0.03883333333333333,1,0.0,0,0.0,4,0 days 00:40:07
9,4,2,False,2,0.71,3,0.29,1,0.0,0,0.0,4,0.0,5,0 days 00:17:05
9,0,2,False,2,0.61,0,0.17716666666666664,3,0.17283333333333334,4,0.04,1,0.0,2,0 days 01:03:03
9,3,4,False,4,0.635,2,0.365,1,0.0,0,0.0,3,0.0,5,0 days 01:10:14
9,4,2,False,2,0.55,3,0.38,0,0.07,1,0.0,4,0.0,5,0 days 01:17:48
9,2,3,False,3,0.635,2,0.34,0,0.025,1,0.0,4,0.0,2,0 days 00:23:37
9,2,2,True,2,0.76,0,0.24,1,0.0,3,0.0,4,0.0,1,0 days 01:16:17
9,2,1,False,1,0.78,2,0.22,0,0.0,3,0.0,4,0.0,2,0 days 00:23:27
9,2,3,False,3,0.6620952380952382,2,0.31457142857142856,1,0.02333333333333333,0,0.0,4,0.0,2,0 days 00:16:16
9,2,1,False,1,0.66,2,0.33,3,0.01,0,0.0,4,0.0,2,0 days 00:23:29
9,2,2,True,2,0.79,3,0.21,1,0.0,0,0.0,4,0.0,1,0 days 01:06:14
9,2,4,False,4,0.74,0,0.21,2,0.04,6,0.01,3,0.0,3,0 days 00:21:18
9,2,4,False,4,0.58,2,0.16333333333333333,3,0.15666666666666665,1,0.1,0,0.0,2,0 days 00:22:36
9,1,1,True,1,0.65,2,0.29,4,0.06,0,0.0,3,0.0,1,0 days 00:17:27
9,2,2,True,2,0.96,4,0.04,1,0.0,0,0.0,3,0.0,1,0 days 00:58:53
9,0,2,False,2,0.8734999999999999,3,0.11650000000000002,6,0.0075,0,0.0025,1,0.0,4,0 days 00:46:13
9,1,1,True,1,0.31607683982683976,4,0.2318181818181817,2,0.2231875901875901,3,0.21991738816738812,5,0.009000000000000001,1,0 days 00:15:28
9,3,2,False,2,0.66,0,0.31,3,0.03,1,0.0,4,0.0,3,0 days 01:30:00
9,2,3,False,3,0.5101666666666668,5,0.35983333333333334,0,0.13,1,0.0,2,0.0,5,0 days 00:55:41
9,2,2,True,2,0.83,6,0.17,1,0.0,0,0.0,3,0.0,1,0 days 00:31:22
9,3,2,False,2,0.7372142857142859,4,0.24564285714285716,1,0.017142857142857144,0,0.0,3,0.0,5,0 days 00:15:57
9,3,3,True,3,0.59,2,0.25,0,0.08,4,0.08,1,0.0,1,0 days 00:48:55
9,3,1,False,1,0.795,4,0.185,2,0.02,0,0.0,3,0.0,5,0 days 00:16:39
9,3,3,True,3,0.68,2,0.31,4,0.01,1,0.0,0,0.0,1,0 days 01:33:02
9,3,2,False,2,0.83,0,0.16,3,0.01,1,0.0,4,0.0,3,0 days 00:56:14
9,3,2,False,2,0.61,1,0.3303333333333333,3,0.059666666666666666,0,0.0,4,0.0,3,0 days 00:17:49
9,5,6,False,6,0.63,2,0.25,0,0.11,4,0.01,3,0.0,7,0 days 00:21:27
9,2,0,False,0,0.6943333333333334,5,0.2656666666666667,2,0.04,1,0.0,3,0.0,3,0 days 00:14:18
9,2,2,True,2,0.86,0,0.11199999999999999,5,0.027999999999999997,1,0.0,3,0.0,1,0 days 00:14:10
9,1,2,False,2,0.76,0,0.24,1,0.0,3,0.0,4,0.0,3,0 days 00:38:00
9,2,2,True,2,0.7,4,0.3,1,0.0,0,0.0,3,0.0,1,0 days 00:45:09
9,3,2,False,2,0.5218333333333333,4,0.46602380952380945,1,0.012142857142857144,0,0.0,3,0.0,5,0 days 00:15:58
9,4,0,False,0,0.58,2,0.42,1,0.0,3,0.0,4,0.0,5,0 days 00:57:52
9,4,2,False,2,0.62,6,0.28,3,0.09,4,0.01,0,0.0,4,0 days 00:25:29
9,0,3,False,3,0.68,4,0.28,2,0.04,1,0.0,0,0.0,5,0 days 00:40:27
9,4,2,False,2,0.8181666666666666,4,0.18183333333333335,1,0.0,0,0.0,3,0.0,2,0 days 00:28:48
9,1,2,False,2,0.85,4,0.11277777777777778,3,0.037222222222222226,1,0.0,0,0.0,4,0 days 00:40:01
9,0,2,False,2,0.8,4,0.2,1,0.0,0,0.0,3,0.0,4,0 days 00:58:31
9,4,3,False,3,0.66,2,0.34,1,0.0,0,0.0,4,0.0,5,0 days 00:32:30
9,4,4,True,4,0.815,3,0.135,1,0.03,2,0.02,0,0.0,1,0 days 00:17:29
9,4,1,False,1,0.709392857142857,2,0.09850793650793647,4,0.0966547619047619,3,0.0954444444444444,0,0.0,3,0 days 00:15:27
9,2,3,False,3,0.7348333333333334,0,0.2351666666666667,2,0.03,1,0.0,4,0.0,3,0 days 01:02:54
9,2,2,True,2,0.5166666666666667,3,0.4733333333333332,0,0.01,1,0.0,4,0.0,1,0 days 00:53:33
9,2,2,True,2,0.98,1,0.02,0,0.0,3,0.0,4,0.0,1,0 days 00:08:39
9,1,2,False,2,0.65,1,0.28,4,0.045,3,0.025,0,0.0,2,0 days 00:16:41
9,3,3,True,3,0.61,2,0.36,6,0.03,1,0.0,0,0.0,1,0 days 01:06:34
9,1,3,False,3,0.8391666666666667,2,0.14583333333333334,4,0.015,1,0.0,0,0.0,4,0 days 00:17:06
9,2,0,False,0,0.8,2,0.2,1,0.0,3,0.0,4,0.0,2,0 days 01:00:02
9,2,3,False,3,0.63,2,0.31,4,0.06,1,0.0,0,0.0,2,0 days 00:24:28
9,3,0,False,0,0.65,5,0.23,3,0.11,2,0.01,1,0.0,3,0 days 01:12:02
9,3,2,False,2,0.85,4,0.14,6,0.01,0,0.0,3,0.0,5,0 days 00:24:14
9,3,4,False,4,0.3902435064935066,5,0.22488528138528124,3,0.21146212121212113,1,0.1734090909090909,2,0.0,3,0 days 00:15:50
9,2,2,True,2,0.500547619047619,0,0.42595238095238097,4,0.0735,1,0.0,3,0.0,1,0 days 00:44:58
9,4,3,False,3,0.44535714285714273,2,0.3513095238095238,5,0.2033333333333333,1,0.0,0,0.0,6,0 days 00:23:55
9,4,6,False,6,0.44,2,0.43,4,0.1,0,0.03,3,0.0,3,0 days 01:06:57
9,2,0,False,0,0.58,2,0.42,1,0.0,3,0.0,4,0.0,2,0 days 00:57:49
9,2,0,False,0,0.55,2,0.36,3,0.09,1,0.0,4,0.0,2,0 days 00:51:00
9,2,3,False,3,0.88,6,0.07,2,0.04,4,0.01,0,0.0,3,0 days 00:49:36
9,2,2,True,2,0.9,3,0.06,0,0.04,1,0.0,4,0.0,1,0 days 00:50:49
9,2,2,True,2,0.89,0,0.06,4,0.05,1,0.0,3,0.0,1,0 days 00:57:41
9,2,3,False,3,0.5511666666666667,2,0.41,4,0.03883333333333333,1,0.0,0,0.0,2,0 days 00:40:10
9,2,3,False,3,0.81,1,0.15,2,0.04,0,0.0,4,0.0,3,0 days 00:39:21
9,3,1,False,1,0.31607683982683976,4,0.2318181818181817,2,0.2231875901875901,3,0.21991738816738812,5,0.009000000000000001,4,0 days 00:15:29
9,0,4,False,4,0.59,0,0.36,3,0.05,1,0.0,2,0.0,2,0 days 01:27:59
9,3,2,False,2,0.75,0,0.24,4,0.01,1,0.0,3,0.0,5,0 days 00:51:17
9,3,2,False,2,0.85,4,0.15,1,0.0,0,0.0,3,0.0,5,0 days 01:08:15
9,5,2,False,2,0.6876904761904763,6,0.2823095238095238,0,0.03,1,0.0,3,0.0,7,0 days 00:14:40
9,0,3,False,3,0.7,2,0.21,4,0.09,1,0.0,0,0.0,5,0 days 01:20:39
9,2,1,False,1,0.31607683982683976,4,0.2318181818181817,2,0.2231875901875901,3,0.21991738816738812,5,0.009000000000000001,3,0 days 00:15:29
9,3,1,False,1,0.7406666666666666,2,0.25933333333333336,0,0.0,3,0.0,4,0.0,4,0 days 00:11:20
9,0,3,False,3,0.67,2,0.19,4,0.07333333333333333,0,0.06666666666666667,1,0.0,4,0 days 00:51:33
9,1,1,True,1,0.6836666666666666,4,0.30633333333333335,3,0.01,0,0.0,2,0.0,1,0 days 00:16:10
9,1,2,False,2,0.380547619047619,1,0.35846825396825394,3,0.260984126984127,0,0.0,4,0.0,2,0 days 00:15:00
9,0,2,False,2,0.4597857142857143,3,0.45021428571428573,0,0.08,4,0.01,1,0.0,3,0 days 00:35:21
9,1,1,True,1,0.31607683982683976,4,0.2318181818181817,2,0.2231875901875901,3,0.21991738816738812,5,0.009000000000000001,1,0 days 00:15:29
9,1,4,False,4,0.6,2,0.29,3,0.1,6,0.01,0,0.0,6,0 days 00:13:08
9,3,2,False,2,0.63,3,0.26,0,0.11,1,0.0,4,0.0,2,0 days 00:52:12
9,1,2,False,2,0.48750000000000004,3,0.4466666666666667,5,0.04333333333333333,4,0.0225,0,0.0,6,0 days 00:15:31
9,4,6,False,6,0.67,3,0.24,2,0.05,4,0.04,0,0.0,4,0 days 01:06:51
9,4,5,False,5,0.37190476190476196,2,0.3567619047619048,3,0.2713333333333333,1,0.0,0,0.0,6,0 days 00:23:52
9,0,2,False,2,0.64,3,0.21,4,0.15,1,0.0,0,0.0,5,0 days 00:45:17
9,4,2,False,2,0.87,6,0.11,4,0.01,1,0.01,3,0.0,3,0 days 00:04:11
9,4,1,False,1,0.709392857142857,2,0.09850793650793647,4,0.0966547619047619,3,0.0954444444444444,0,0.0,3,0 days 00:15:27
9,0,2,False,2,0.6,4,0.28,0,0.12,1,0.0,3,0.0,3,0 days 00:21:14
9,2,6,False,6,0.96,3,0.03,2,0.01,1,0.0,0,0.0,3,0 days 00:03:42
9,2,2,True,2,0.955,6,0.045,1,0.0,0,0.0,3,0.0,1,0 days 00:11:34
9,2,2,True,2,0.77,1,0.23,0,0.0,3,0.0,4,0.0,1,0 days 00:08:31
9,2,4,False,4,0.48,2,0.44,3,0.08,1,0.0,0,0.0,2,0 days 00:24:34
9,2,2,True,2,1.0,0,0.0,1,0.0,3,0.0,4,0.0,1,0 days 00:00:57
9,2,4,False,4,0.61,3,0.35,2,0.02,0,0.02,1,0.0,3,0 days 00:18:46
9,2,2,True,2,1.0,0,0.0,1,0.0,3,0.0,4,0.0,1,0 days 00:01:51
9,2,2,True,2,1.0,0,0.0,1,0.0,3,0.0,4,0.0,1,0 days 00:01:54
9,2,0,False,0,0.61,4,0.34,2,0.04,6,0.01,3,0.0,3,0 days 00:21:19
9,2,1,False,1,0.7840833333333334,3,0.18758333333333335,6,0.013333333333333332,2,0.01,4,0.005,4,0 days 00:18:17
9,2,2,True,2,0.59,3,0.3456666666666666,4,0.06433333333333334,1,0.0,0,0.0,1,0 days 00:16:46
9,2,4,False,4,0.3366190476190476,1,0.31936904761904755,3,0.3140119047619048,2,0.03,0,0.0,4,0 days 00:20:00
9,2,2,True,2,0.6,4,0.28,0,0.12,1,0.0,3,0.0,1,0 days 00:21:13
9,2,2,True,2,1.0,0,0.0,1,0.0,3,0.0,4,0.0,1,0 days 00:00:29
9,2,2,True,2,1.0,0,0.0,1,0.0,3,0.0,4,0.0,1,0 days 00:02:45
9,2,2,True,2,0.99,0,0.01,1,0.0,3,0.0,4,0.0,1,0 days 00:14:27
9,2,2,True,2,0.5046904761904761,4,0.4353095238095239,0,0.06,1,0.0,3,0.0,1,0 days 00:28:56
9,2,2,True,2,0.5856666666666666,3,0.41433333333333344,1,0.0,0,0.0,4,0.0,1,0 days 00:59:15
9,2,1,False,1,0.6,2,0.4,0,0.0,3,0.0,4,0.0,2,0 days 00:02:33
9,2,2,True,2,1.0,0,0.0,1,0.0,3,0.0,4,0.0,1,0 days 00:01:51
9,6,3,False,3,0.73,2,0.14,0,0.13,1,0.0,4,0.0,7,0 days 00:54:14
9,6,2,False,2,0.9466666666666668,0,0.04083333333333333,4,0.0125,1,0.0,3,0.0,7,0 days 00:32:13
9,2,3,False,3,0.66,2,0.31,5,0.03,1,0.0,0,0.0,2,0 days 00:32:39
9,2,2,True,2,0.66,4,0.31,0,0.03,1,0.0,3,0.0,1,0 days 00:20:18
9,6,1,False,1,0.42708333333333337,5,0.3829166666666666,2,0.18,4,0.01,3,0.0,7,0 days 00:17:01
9,6,2,False,2,0.8608333333333335,6,0.13916666666666666,1,0.0,0,0.0,3,0.0,2,0 days 00:11:32
9,2,2,True,2,1.0,0,0.0,1,0.0,3,0.0,4,0.0,1,0 days 00:01:09
9,2,6,False,6,0.63,1,0.37,2,0.0,0,0.0,3,0.0,3,0 days 00:05:13
9,2,4,False,4,0.65,2,0.16,3,0.15,1,0.04,0,0.0,2,0 days 00:17:12
9,2,4,False,4,0.69,1,0.24,3,0.06,6,0.01,2,0.0,5,0 days 00:26:55
9,2,2,True,2,0.66,6,0.28,3,0.05,4,0.01,0,0.0,1,0 days 00:25:27
9,2,1,False,1,0.48714285714285716,3,0.3928571428571428,2,0.12,0,0.0,4,0.0,3,0 days 00:17:22
9,2,4,False,4,0.67,6,0.27,2,0.06,0,0.0,3,0.0,3,0 days 00:05:42
9,6,4,False,4,0.67,6,0.27,2,0.06,0,0.0,3,0.0,2,0 days 00:05:42
9,6,4,False,4,0.51,6,0.47,2,0.01,5,0.01,3,0.0,2,0 days 00:07:37
9,2,2,True,2,0.99,1,0.01,0,0.0,3,0.0,4,0.0,1,0 days 00:02:21
9,2,6,False,6,0.72,4,0.15,2,0.09,3,0.04,0,0.0,3,0 days 00:03:33
9,6,2,False,2,0.59,3,0.19466666666666668,1,0.19,4,0.025333333333333333,0,0.0,7,0 days 00:16:48
9,6,4,False,4,0.5083333333333333,3,0.4216666666666667,2,0.07,1,0.0,0,0.0,7,0 days 00:17:31
9,2,2,True,2,0.48750000000000004,3,0.4466666666666667,5,0.04333333333333333,4,0.0225,0,0.0,1,0 days 00:15:31
9,2,2,True,2,0.852,1,0.14800000000000002,0,0.0,3,0.0,4,0.0,1,0 days 00:01:34
9,2,2,True,2,0.74,6,0.24,4,0.01,5,0.01,3,0.0,1,0 days 00:30:13
9,2,3,False,3,0.66,0,0.2975,1,0.0225,2,0.02,4,0.0,4,0 days 00:38:14
10,0,4,False,4,0.71,3,0.26,0,0.03,1,0.0,2,0.0,3,0 days 01:26:55
10,0,3,False,3,0.61,4,0.35,2,0.03,0,0.01,1,0.0,4,0 days 01:04:03
10,3,2,False,2,0.67,6,0.26,0,0.07,1,0.0,3,0.0,5,0 days 00:31:12
10,2,3,False,3,0.64,2,0.32,0,0.04,1,0.0,4,0.0,2,0 days 00:59:18
10,2,2,True,2,0.97,0,0.03,1,0.0,3,0.0,4,0.0,1,0 days 01:01:52
10,1,2,False,2,0.98,4,0.01,5,0.01,0,0.0,3,0.0,6,0 days 00:19:23
10,0,2,False,2,0.7799523809523811,4,0.22004761904761908,1,0.0,0,0.0,3,0.0,4,0 days 00:30:01
10,4,1,False,1,0.55,3,0.25,2,0.13,4,0.06,6,0.01,4,0 days 00:26:52
10,4,2,False,2,0.98,4,0.02,1,0.0,0,0.0,3,0.0,2,0 days 00:30:33
10,4,6,False,6,0.35866666666666674,1,0.3406666666666666,4,0.28,2,0.015333333333333332,3,0.005333333333333333,3,0 days 00:16:36
10,2,1,False,1,0.62,2,0.32,4,0.06,0,0.0,3,0.0,2,0 days 00:27:58
10,2,4,False,4,0.6146547619047619,2,0.38534523809523813,1,0.0,0,0.0,3,0.0,2,0 days 00:30:00
10,2,2,True,2,0.9793333333333333,3,0.010666666666666666,4,0.01,1,0.0,0,0.0,1,0 days 00:24:01
10,2,3,False,3,0.64,2,0.28,4,0.08,1,0.0,0,0.0,2,0 days 00:24:15
10,2,2,True,2,0.976,3,0.013999999999999999,4,0.01,1,0.0,0,0.0,1,0 days 00:24:04
10,2,6,False,6,0.34138095238095234,5,0.31992857142857134,1,0.3186904761904762,2,0.01,4,0.01,4,0 days 00:17:02
10,2,2,True,2,0.92,1,0.08,0,0.0,3,0.0,4,0.0,1,0 days 00:36:11
10,2,0,False,0,0.65,4,0.22,3,0.11,2,0.02,1,0.0,4,0 days 00:52:28
10,2,3,False,3,0.6646666666666667,4,0.2843333333333333,2,0.042,1,0.009000000000000001,0,0.0,3,0 days 00:16:01
10,2,3,False,3,0.63,2,0.36,0,0.01,1,0.0,4,0.0,2,0 days 00:44:31
10,1,3,False,3,0.62,2,0.28300000000000003,1,0.09699999999999999,0,0.0,4,0.0,3,0 days 00:16:30
10,3,0,False,0,0.65,3,0.18,2,0.15,6,0.02,1,0.0,2,0 days 00:48:04
10,1,5,False,5,0.73,2,0.25,4,0.02,0,0.0,3,0.0,6,0 days 00:10:07
10,3,2,False,2,0.91,4,0.08,1,0.006666666666666666,3,0.003333333333333333,0,0.0,4,0 days 00:24:49
10,3,2,False,2,0.9616666666666667,3,0.03,0,0.008333333333333333,1,0.0,4,0.0,2,0 days 00:44:52
10,3,2,False,2,0.69,1,0.18,3,0.11,0,0.01,6,0.01,3,0 days 00:48:22
10,2,2,True,2,0.88,4,0.11666666666666665,0,0.003333333333333333,1,0.0,3,0.0,1,0 days 00:45:04
10,2,2,True,2,0.7,5,0.1733333333333333,0,0.12666666666666665,1,0.0,3,0.0,1,0 days 00:14:14
10,3,3,True,3,0.66,2,0.33,4,0.01,1,0.0,0,0.0,1,0 days 01:47:37
10,3,4,False,4,0.68,2,0.31,6,0.01,0,0.0,3,0.0,5,0 days 00:25:35
10,3,0,False,0,0.69,3,0.15649999999999997,5,0.15350000000000003,1,0.0,2,0.0,2,0 days 00:55:48
10,0,2,False,2,0.93,3,0.06,4,0.01,1,0.0,0,0.0,5,0 days 01:40:18
10,2,3,False,3,0.62,2,0.375,0,0.005,1,0.0,4,0.0,2,0 days 00:44:44
10,3,3,True,3,0.58,4,0.27,2,0.13,6,0.02,0,0.0,1,0 days 00:49:40
10,2,2,True,2,0.67,6,0.26,0,0.07,1,0.0,3,0.0,1,0 days 00:31:07
10,2,2,True,2,0.82,1,0.18,0,0.0,3,0.0,4,0.0,1,0 days 00:29:52
10,0,0,True,0,0.49,5,0.45,4,0.03,2,0.03,3,0.0,1,0 days 00:23:09
10,0,0,True,0,0.72,2,0.14,6,0.13,4,0.01,3,0.0,1,0 days 00:41:32
10,4,6,False,6,0.4346666666666667,3,0.40533333333333327,2,0.11,4,0.05,0,0.0,4,0 days 00:17:31
10,1,6,False,6,0.67,0,0.21,2,0.12,1,0.0,3,0.0,4,0 days 00:16:51
10,0,3,False,3,0.5810238095238094,1,0.37897619047619047,0,0.03,2,0.01,4,0.0,3,0 days 00:46:39
10,1,3,False,3,0.65,2,0.22,0,0.12,4,0.01,1,0.0,5,0 days 00:39:30
10,4,2,False,2,0.97,0,0.03,1,0.0,3,0.0,4,0.0,5,0 days 01:01:52
10,4,2,False,2,0.6,4,0.19200000000000003,6,0.158,3,0.05,0,0.0,2,0 days 00:19:00
10,2,2,True,2,0.66,3,0.28,4,0.06,1,0.0,0,0.0,1,0 days 01:18:24
10,2,2,True,2,0.69,0,0.179,3,0.11,6,0.021,1,0.0,1,0 days 00:46:19
10,2,2,True,2,0.86,1,0.14,0,0.0,3,0.0,4,0.0,1,0 days 00:37:03
10,2,3,False,3,0.62,2,0.3716666666666667,0,0.008333333333333333,1,0.0,4,0.0,2,0 days 00:44:48
10,2,2,True,2,0.8833333333333334,0,0.09,4,0.026666666666666665,1,0.0,3,0.0,1,0 days 00:28:55
10,2,4,False,4,0.82,2,0.18,1,0.0,0,0.0,3,0.0,2,0 days 00:28:27
10,2,3,False,3,0.7,4,0.17,0,0.1,2,0.03,1,0.0,4,0 days 00:42:59
10,1,2,False,2,1.0,0,0.0,1,0.0,3,0.0,4,0.0,3,0 days 00:02:28
10,1,6,False,6,0.9283333333333335,2,0.07166666666666667,1,0.0,0,0.0,3,0.0,3,0 days 00:04:59
10,1,4,False,4,0.83,1,0.09033333333333335,3,0.048,6,0.03166666666666666,2,0.0,2,0 days 00:16:37
10,1,2,False,2,0.9690000000000001,1,0.021,3,0.01,0,0.0,4,0.0,2,0 days 00:21:50
10,3,2,False,2,0.635,4,0.19949999999999998,3,0.12,1,0.0455,0,0.0,3,0 days 00:16:28
10,1,1,True,1,0.652547619047619,3,0.33261904761904754,2,0.014833333333333332,0,0.0,4,0.0,1,0 days 00:16:17
10,0,3,False,3,0.55,2,0.45,1,0.0,0,0.0,4,0.0,4,0 days 00:50:57
10,1,2,False,2,0.7373809523809524,6,0.26261904761904764,1,0.0,0,0.0,3,0.0,3,0 days 00:05:34
10,1,2,False,2,1.0,0,0.0,1,0.0,3,0.0,4,0.0,3,0 days 00:02:17
10,3,2,False,2,0.76,3,0.2,0,0.04,1,0.0,4,0.0,2,0 days 00:56:25
10,2,2,True,2,0.48766666666666664,3,0.39,4,0.075,1,0.04733333333333333,0,0.0,1,0 days 00:16:29
10,4,2,False,2,0.65,5,0.33,4,0.01,6,0.01,3,0.0,3,0 days 00:10:00
10,4,2,False,2,0.59,0,0.41,1,0.0,3,0.0,4,0.0,5,0 days 00:21:16
10,0,2,False,2,0.98,6,0.02,1,0.0,0,0.0,3,0.0,4,0 days 00:29:26
10,4,2,False,2,0.3598928571428571,1,0.3425238095238094,3,0.29758333333333326,0,0.0,4,0.0,5,0 days 00:20:00
10,2,2,True,2,0.78,3,0.16,0,0.06,1,0.0,4,0.0,1,0 days 00:58:16
10,5,0,False,0,0.63,3,0.29,2,0.08,1,0.0,4,0.0,6,0 days 01:11:59
10,2,3,False,3,0.53,0,0.41,2,0.06,1,0.0,4,0.0,3,0 days 00:56:04
10,2,4,False,4,0.6,0,0.29,3,0.08,2,0.03,1,0.0,4,0 days 00:41:49
10,2,2,True,2,0.85,1,0.14,5,0.01,0,0.0,3,0.0,1,0 days 00:33:33
10,2,6,False,6,0.61,0,0.24,2,0.1,3,0.04,4,0.01,3,0 days 00:49:25
10,3,2,False,2,0.6727142857142857,4,0.3272857142857143,1,0.0,0,0.0,3,0.0,5,0 days 00:15:18
10,3,2,False,2,0.75,0,0.25,1,0.0,3,0.0,4,0.0,4,0 days 01:01:46
10,3,2,False,2,0.965,0,0.02,3,0.015,1,0.0,4,0.0,3,0 days 01:00:21
10,3,3,True,3,0.77,4,0.21,0,0.02,1,0.0,2,0.0,1,0 days 01:21:08
10,2,3,False,3,0.97,2,0.02,4,0.01,1,0.0,0,0.0,2,0 days 00:54:40
10,3,4,False,4,0.7176111111111112,1,0.28238888888888897,2,0.0,0,0.0,3,0.0,5,0 days 00:16:11
10,3,2,False,2,0.36792207792207793,1,0.2991305916305916,3,0.17208874458874457,4,0.1608585858585858,0,0.0,3,0 days 00:15:29
10,4,1,False,1,0.58,2,0.33,4,0.09,0,0.0,3,0.0,3,0 days 00:09:16
10,0,2,False,2,0.83409126984127,5,0.08326190476190476,6,0.08264682539682537,0,0.0,3,0.0,4,0 days 00:14:37
10,3,1,False,1,0.6052380952380951,2,0.39476190476190476,0,0.0,3,0.0,4,0.0,4,0 days 00:15:00
10,3,2,False,2,0.95,4,0.04,1,0.01,0,0.0,3,0.0,5,0 days 00:22:38
10,2,0,False,0,0.67,2,0.33,1,0.0,3,0.0,4,0.0,2,0 days 00:36:31
10,4,0,False,0,0.68,3,0.25,2,0.07,1,0.0,4,0.0,5,0 days 00:59:26
10,1,1,True,1,0.5465833333333333,3,0.4400833333333333,2,0.013333333333333332,0,0.0,4,0.0,1,0 days 00:17:46
10,1,6,False,6,0.67,2,0.32,1,0.01,0,0.0,3,0.0,3,0 days 00:03:28
10,3,2,False,2,0.66,6,0.17600000000000002,0,0.16399999999999998,1,0.0,3,0.0,5,0 days 00:46:07
10,1,1,True,1,0.3399047619047619,4,0.3382142857142857,2,0.32188095238095243,0,0.0,3,0.0,1,0 days 00:15:25
10,2,4,False,4,0.64,0,0.29,2,0.07,1,0.0,3,0.0,3,0 days 01:13:55
10,0,2,False,2,0.89,3,0.07,0,0.04,1,0.0,4,0.0,3,0 days 00:44:12
10,4,2,False,2,0.64,0,0.22,4,0.11,6,0.03,3,0.0,3,0 days 01:07:04
10,4,3,False,3,0.71,4,0.22,0,0.07,1,0.0,2,0.0,2,0 days 00:40:38
10,4,0,False,0,0.63,2,0.32,4,0.03,6,0.02,3,0.0,3,0 days 01:07:32
10,2,3,False,3,0.77,2,0.22,0,0.01,1,0.0,4,0.0,2,0 days 01:31:00
10,4,3,False,3,0.5522857142857142,4,0.35438095238095235,1,0.055,2,0.03833333333333333,0,0.0,2,0 days 00:17:08
10,4,2,False,2,1.0,0,0.0,1,0.0,3,0.0,4,0.0,5,0 days 00:15:08
10,0,2,False,2,0.98,6,0.02,1,0.0,0,0.0,3,0.0,4,0 days 00:29:29
10,3,2,False,2,0.72,3,0.23,0,0.05,1,0.0,4,0.0,2,0 days 00:52:01
10,4,2,False,2,0.8833333333333334,0,0.09,4,0.026666666666666665,1,0.0,3,0.0,3,0 days 00:28:56
10,2,2,True,2,0.9895,5,0.006500000000000001,6,0.004,0,0.0,3,0.0,1,0 days 00:14:33
10,2,2,True,2,0.9766666666666667,0,0.02333333333333333,1,0.0,3,0.0,4,0.0,1,0 days 00:44:55
10,2,2,True,2,0.915,6,0.085,1,0.0,0,0.0,3,0.0,1,0 days 00:11:27
10,5,2,False,2,1.0,0,0.0,1,0.0,3,0.0,4,0.0,6,0 days 00:29:43
10,2,2,True,2,1.0,0,0.0,1,0.0,3,0.0,4,0.0,1,0 days 00:30:45
10,2,2,True,2,1.0,0,0.0,1,0.0,3,0.0,4,0.0,1,0 days 00:01:09
10,2,2,True,2,1.0,0,0.0,1,0.0,3,0.0,4,0.0,1,0 days 00:00:30
10,2,2,True,2,0.705,6,0.25,4,0.025,5,0.02,3,0.0,1,0 days 00:30:12
10,2,4,False,4,0.51,2,0.41,3,0.04983333333333334,1,0.030166666666666665,0,0.0,2,0 days 00:24:55
10,2,2,True,2,0.69,6,0.23,4,0.08,0,0.0,3,0.0,1,0 days 00:30:20
10,2,6,False,6,0.4316666666666666,4,0.3883333333333335,2,0.18,0,0.0,3,0.0,3,0 days 00:19:12
10,2,0,False,0,0.4411666666666666,2,0.43883333333333335,3,0.12,1,0.0,4,0.0,2,0 days 00:23:47
10,2,2,True,2,0.78,6,0.21,1,0.01,0,0.0,3,0.0,1,0 days 00:03:29
10,2,2,True,2,1.0,0,0.0,1,0.0,3,0.0,4,0.0,1,0 days 00:01:53
10,6,0,False,0,0.8141666666666667,2,0.15583333333333335,4,0.03,1,0.0,3,0.0,7,0 days 00:43:37
10,6,4,False,4,0.52,2,0.45,3,0.03,1,0.0,0,0.0,7,0 days 00:24:07
10,6,4,False,4,0.64,2,0.1918333333333333,6,0.16816666666666666,0,0.0,3,0.0,3,0 days 00:05:45
10,6,2,False,2,0.74,3,0.26,1,0.0,0,0.0,4,0.0,7,0 days 00:44:33
10,2,3,False,3,0.62,2,0.26,4,0.09,1,0.02,6,0.01,2,0 days 00:13:03
10,6,2,False,2,0.98,4,0.01,5,0.01,0,0.0,3,0.0,7,0 days 00:19:25
10,2,2,True,2,0.81,5,0.19,1,0.0,0,0.0,3,0.0,1,0 days 00:42:35
10,2,3,False,3,0.59,2,0.3,4,0.09,1,0.02,0,0.0,2,0 days 00:14:50
10,2,1,False,1,0.8859999999999999,2,0.1,3,0.013999999999999999,0,0.0,4,0.0,2,0 days 00:17:26
10,2,4,False,4,0.5016190476190477,2,0.49838095238095226,1,0.0,0,0.0,3,0.0,2,0 days 00:15:19
10,2,3,False,3,0.58,0,0.21,4,0.18,2,0.03,1,0.0,4,0 days 00:35:19
10,2,2,True,2,0.8514761904761905,1,0.1485238095238095,0,0.0,3,0.0,4,0.0,1,0 days 00:15:01
10,6,2,False,2,0.9,1,0.1,0,0.0,3,0.0,4,0.0,7,0 days 00:06:36
10,2,2,True,2,1.0,0,0.0,1,0.0,3,0.0,4,0.0,1,0 days 00:02:40
10,6,2,False,2,0.7,6,0.26,4,0.02,3,0.02,0,0.0,2,0 days 00:12:55
10,2,6,False,6,0.34138095238095234,5,0.31992857142857134,1,0.3186904761904762,2,0.01,4,0.01,4,0 days 00:17:02
10,2,2,True,2,0.71,1,0.29,0,0.0,3,0.0,4,0.0,1,0 days 00:08:31
10,2,2,True,2,0.8708333333333335,6,0.12916666666666668,1,0.0,0,0.0,3,0.0,1,0 days 00:04:39
10,2,2,True,2,1.0,0,0.0,1,0.0,3,0.0,4,0.0,1,0 days 00:01:14
10,6,2,False,2,0.8311666666666667,4,0.15883333333333335,3,0.01,1,0.0,0,0.0,7,0 days 00:34:46
10,2,4,False,4,0.6,2,0.33,5,0.07,0,0.0,3,0.0,2,0 days 00:10:19
10,2,2,True,2,0.925,6,0.07,4,0.005,0,0.0,3,0.0,1,0 days 00:04:31
10,2,2,True,2,0.9272857142857143,3,0.0727142857142857,1,0.0,0,0.0,4,0.0,1,0 days 00:01:23
10,2,2,True,2,0.9680000000000001,3,0.032,1,0.0,0,0.0,4,0.0,1,0 days 00:01:22
10,2,2,True,2,1.0,0,0.0,1,0.0,3,0.0,4,0.0,1,0 days 00:37:28
