fold,true_cluster,predicted_cluster,correct,top1_cluster,top1_confidence,top2_cluster,top2_confidence,top3_cluster,top3_confidence,top4_cluster,top4_confidence,top5_cluster,top5_confidence,true_rank,elapsed_time
1,0,3,False,3,0.8,2,0.18,0,0.02,1,0.0,4,0.0,3,0 days 01:06:39
1,4,1,False,1,0.95,2,0.03166666666666666,6,0.018333333333333333,0,0.0,3,0.0,6,0 days 00:08:41
1,3,3,True,3,0.81,2,0.15,6,0.03,0,0.01,1,0.0,1,0 days 00:40:01
1,4,2,False,2,0.49244949494949497,3,0.17624350649350645,1,0.16565404040404033,6,0.16565295815295805,0,0.0,6,0 days 00:16:15
1,0,3,False,3,0.62,0,0.21,6,0.13,2,0.04,1,0.0,2,0 days 00:54:13
1,0,0,True,0,0.9483333333333333,3,0.03166666666666666,2,0.02,1,0.0,4,0.0,1,0 days 00:51:43
1,6,6,True,6,0.6,1,0.4,2,0.0,0,0.0,3,0.0,1,0 days 00:08:07
1,0,0,True,0,0.85,2,0.13,3,0.02,1,0.0,4,0.0,1,0 days 01:04:48
1,1,0,False,0,0.7829999999999999,3,0.14733333333333332,6,0.06966666666666667,1,0.0,2,0.0,4,0 days 00:40:33
1,2,3,False,3,0.68,6,0.2,0,0.12,1,0.0,2,0.0,5,0 days 01:08:07
1,2,0,False,0,0.82,3,0.18,1,0.0,2,0.0,4,0.0,4,0 days 01:12:10
1,6,3,False,3,0.6625,6,0.3375,1,0.0,0,0.0,2,0.0,2,0 days 01:02:07
1,6,1,False,1,0.46933333333333344,6,0.43066666666666664,2,0.055,3,0.04,4,0.005,2,0 days 00:18:13
1,2,3,False,3,0.6,2,0.33,0,0.04,5,0.02,6,0.01,2,0 days 01:21:59
1,6,2,False,2,1.0,0,0.0,1,0.0,3,0.0,4,0.0,7,0 days 00:15:51
1,3,0,False,0,0.55,3,0.45,1,0.0,2,0.0,4,0.0,2,0 days 01:33:01
1,3,3,True,3,0.7453333333333334,2,0.20133333333333336,0,0.05,6,0.003333333333333333,1,0.0,1,0 days 00:31:46
1,3,3,True,3,0.96,2,0.04,1,0.0,0,0.0,4,0.0,1,0 days 01:43:54
1,3,1,False,1,0.3633571428571428,3,0.32714285714285707,6,0.3034999999999999,2,0.006000000000000001,0,0.0,2,0 days 00:16:09
1,3,1,False,1,0.7,6,0.3,2,0.0,0,0.0,3,0.0,5,0 days 00:27:13
1,3,3,True,3,0.96,2,0.04,1,0.0,0,0.0,4,0.0,1,0 days 00:46:00
1,1,6,False,6,0.601,2,0.37,1,0.019,3,0.01,0,0.0,3,0 days 00:17:17
1,2,3,False,3,0.53,5,0.4,2,0.07,1,0.0,0,0.0,3,0 days 00:44:56
1,1,1,True,1,0.4571666666666668,4,0.43283333333333324,2,0.11,0,0.0,3,0.0,1,0 days 00:17:51
1,1,6,False,6,0.671,1,0.17704761904761906,4,0.095,2,0.056952380952380956,3,0.0,2,0 days 00:16:25
1,1,1,True,1,0.7,2,0.3,0,0.0,3,0.0,4,0.0,1,0 days 00:10:04
1,1,3,False,3,0.56,0,0.42,2,0.02,1,0.0,4,0.0,4,0 days 00:37:57
1,1,1,True,1,0.5100277777777777,6,0.48747222222222214,2,0.0025,0,0.0,3,0.0,1,0 days 00:15:44
1,1,6,False,6,0.9,0,0.1,2,0.0,1,0.0,3,0.0,4,0 days 00:20:56
1,3,6,False,6,0.7,3,0.26,2,0.04,1,0.0,0,0.0,2,0 days 00:37:45
1,0,2,False,2,0.55,3,0.24,0,0.21,1,0.0,4,0.0,3,0 days 01:31:55
1,2,6,False,6,0.67,2,0.25,4,0.08,0,0.0,3,0.0,2,0 days 01:37:28
1,2,6,False,6,0.71,1,0.23,2,0.04,3,0.02,0,0.0,3,0 days 00:24:57
1,2,2,True,2,0.65,3,0.35,1,0.0,0,0.0,4,0.0,1,0 days 01:42:01
1,2,6,False,6,0.55,4,0.3,1,0.15,0,0.0,3,0.0,6,0 days 00:25:36
1,0,2,False,2,0.6556666666666666,3,0.26,0,0.08433333333333333,1,0.0,4,0.0,3,0 days 00:46:48
1,2,2,True,2,0.69,3,0.31,1,0.0,0,0.0,4,0.0,1,0 days 01:27:02
1,2,1,False,1,0.5168809523809523,0,0.4091190476190476,6,0.07,2,0.002,3,0.002,4,0 days 00:17:31
1,2,3,False,3,0.65,2,0.22,0,0.07,1,0.06,4,0.0,2,0 days 00:47:27
1,3,3,True,3,0.66,0,0.32,6,0.02,1,0.0,2,0.0,1,0 days 00:38:36
1,1,3,False,3,0.6884999999999999,6,0.21,0,0.08,1,0.021500000000000005,2,0.0,4,0 days 00:38:25
1,0,3,False,3,0.4966904761904763,2,0.4633095238095237,1,0.04,0,0.0,4,0.0,4,0 days 00:16:37
1,3,3,True,3,0.66,2,0.33,4,0.01,1,0.0,0,0.0,1,0 days 01:41:34
1,6,2,False,2,0.57,3,0.29,0,0.12,6,0.02,1,0.0,4,0 days 01:19:09
1,6,2,False,2,0.6703333333333333,6,0.31,1,0.01966666666666667,0,0.0,3,0.0,2,0 days 00:18:05
1,0,0,True,0,0.72,6,0.23,2,0.05,1,0.0,3,0.0,1,0 days 01:18:34
1,0,1,False,1,0.39581746031746023,3,0.30064285714285705,2,0.28509523809523807,6,0.018444444444444444,0,0.0,5,0 days 00:15:43
1,6,6,True,6,0.5097619047619049,2,0.2643571428571428,3,0.2258809523809523,1,0.0,0,0.0,1,0 days 00:15:53
1,1,3,False,3,0.92,6,0.08,1,0.0,0,0.0,2,0.0,3,0 days 00:34:18
1,6,2,False,2,0.61,0,0.26,3,0.13,1,0.0,4,0.0,7,0 days 00:37:53
1,6,3,False,3,0.58,2,0.25,1,0.13,6,0.04,0,0.0,4,0 days 00:27:28
1,2,3,False,3,0.83,2,0.16,0,0.01,1,0.0,4,0.0,2,0 days 00:39:45
1,3,3,True,3,0.63,0,0.23,2,0.14,1,0.0,4,0.0,1,0 days 01:17:13
1,3,3,True,3,0.705,2,0.295,1,0.0,0,0.0,4,0.0,1,0 days 00:45:38
1,3,6,False,6,0.6433333333333333,3,0.23683333333333334,0,0.09983333333333334,2,0.02,1,0.0,2,0 days 00:40:13
1,3,0,False,0,0.65,3,0.35,1,0.0,2,0.0,4,0.0,2,0 days 01:15:32
1,3,0,False,0,0.94,3,0.06,1,0.0,2,0.0,4,0.0,2,0 days 00:38:54
1,3,5,False,5,0.69,3,0.28,2,0.03,1,0.0,0,0.0,2,0 days 00:44:57
1,3,3,True,3,0.69,0,0.21,2,0.08,5,0.02,1,0.0,1,0 days 00:56:21
1,3,5,False,5,0.45699999999999996,3,0.45299999999999996,0,0.07,1,0.02,2,0.0,2,0 days 00:30:02
1,3,1,False,1,0.7711666666666666,2,0.2288333333333334,0,0.0,3,0.0,4,0.0,4,0 days 00:04:14
1,2,3,False,3,0.75,0,0.25,1,0.0,2,0.0,4,0.0,4,0 days 00:39:20
1,0,0,True,0,0.9683333333333333,3,0.028333333333333335,2,0.003333333333333333,1,0.0,4,0.0,1,0 days 00:51:41
1,1,6,False,6,0.97,2,0.02,3,0.01,1,0.0,0,0.0,4,0 days 00:27:42
1,3,3,True,3,0.61,2,0.24,0,0.11,6,0.04,1,0.0,1,0 days 01:21:34
1,0,0,True,0,0.48050000000000004,3,0.38949999999999996,6,0.13,1,0.0,2,0.0,1,0 days 00:57:50
1,1,1,True,1,0.7,2,0.21,3,0.08,6,0.01,0,0.0,1,0 days 00:17:10
1,1,1,True,1,0.75,2,0.24,5,0.01,0,0.0,3,0.0,1,0 days 00:10:49
1,1,1,True,1,1.0,0,0.0,2,0.0,3,0.0,4,0.0,1,0 days 00:02:55
1,0,3,False,3,0.9291666666666667,2,0.07083333333333333,1,0.0,0,0.0,4,0.0,4,0 days 01:00:31
1,6,2,False,2,0.64,1,0.33,0,0.03,3,0.0,4,0.0,7,0 days 00:07:57
1,2,1,False,1,0.95,3,0.05,0,0.0,2,0.0,4,0.0,4,0 days 00:23:09
1,2,2,True,2,1.0,0,0.0,1,0.0,3,0.0,4,0.0,1,0 days 00:15:51
1,2,6,False,6,0.6403095238095239,1,0.15392857142857141,2,0.14423809523809525,3,0.06152380952380953,0,0.0,3,0 days 00:16:10
1,2,1,False,1,0.3633571428571428,3,0.32714285714285707,6,0.3034999999999999,2,0.006000000000000001,0,0.0,4,0 days 00:16:09
1,0,0,True,0,0.9483333333333333,3,0.03166666666666666,2,0.02,1,0.0,4,0.0,1,0 days 00:51:46
1,2,2,True,2,0.59,0,0.21,3,0.2,1,0.0,4,0.0,1,0 days 01:16:21
1,2,0,False,0,0.57,2,0.42,3,0.01,1,0.0,4,0.0,2,0 days 00:24:21
1,2,1,False,1,0.64,6,0.3,2,0.04,3,0.02,0,0.0,3,0 days 00:24:55
1,3,2,False,2,0.73,0,0.26,3,0.01,1,0.0,4,0.0,3,0 days 01:02:50
1,3,2,False,2,0.56,4,0.43,6,0.01,0,0.0,3,0.0,5,0 days 01:08:57
1,5,0,False,0,0.56,3,0.43066666666666664,2,0.005666666666666666,6,0.003666666666666667,1,0.0,7,0 days 00:48:35
1,2,1,False,1,0.95,2,0.025,6,0.025,0,0.0,3,0.0,2,0 days 00:17:41
1,2,3,False,3,0.62,6,0.28,2,0.1,1,0.0,0,0.0,3,0 days 00:58:42
1,2,6,False,6,0.61,2,0.21,3,0.14,0,0.04,1,0.0,2,0 days 00:33:08
1,2,1,False,1,0.6672857142857143,6,0.28128571428571425,4,0.04,2,0.006666666666666666,3,0.0047619047619047615,4,0 days 00:15:32
1,1,1,True,1,0.99,2,0.01,0,0.0,3,0.0,4,0.0,1,0 days 00:13:38
1,6,6,True,6,0.68,2,0.22,0,0.09,3,0.01,1,0.0,1,0 days 01:18:21
1,6,0,False,0,0.85,2,0.13,3,0.02,1,0.0,4,0.0,7,0 days 01:04:49
1,6,3,False,3,0.5665,6,0.35016666666666657,2,0.07333333333333333,0,0.01,1,0.0,2,0 days 01:03:00
1,6,6,True,6,0.72,1,0.2,3,0.08,0,0.0,2,0.0,1,0 days 00:28:05
1,6,0,False,0,0.68,1,0.22,2,0.07633333333333332,3,0.023666666666666666,4,0.0,7,0 days 00:16:34
1,0,3,False,3,0.62,0,0.21,6,0.13,2,0.04,1,0.0,2,0 days 00:54:13
1,6,0,False,0,0.67,3,0.1845,2,0.1421666666666667,6,0.003333333333333333,1,0.0,4,0 days 00:31:50
1,6,1,False,1,0.6333531746031745,4,0.34498015873015864,2,0.011666666666666665,3,0.01,0,0.0,7,0 days 00:15:26
1,3,6,False,6,0.6,3,0.31,0,0.08,1,0.01,2,0.0,2,0 days 00:42:18
1,3,0,False,0,0.63,3,0.30499999999999994,6,0.04833333333333333,2,0.016666666666666666,1,0.0,2,0 days 01:03:09
1,4,1,False,1,0.6672857142857143,6,0.28128571428571425,4,0.04,2,0.006666666666666666,3,0.0047619047619047615,3,0 days 00:15:32
1,3,6,False,6,0.6783333333333332,2,0.2699047619047619,1,0.051761904761904766,0,0.0,3,0.0,5,0 days 00:16:01
1,3,2,False,2,0.56,4,0.43,6,0.01,0,0.0,3,0.0,5,0 days 01:08:57
1,3,2,False,2,0.6973333333333334,0,0.15266666666666664,3,0.15,1,0.0,4,0.0,3,0 days 00:46:47
1,1,1,True,1,0.95,6,0.03,4,0.02,0,0.0,3,0.0,1,0 days 00:03:05
1,0,3,False,3,0.9926666666666667,5,0.007333333333333334,1,0.0,0,0.0,2,0.0,4,0 days 00:29:58
1,2,6,False,6,0.67,2,0.26,0,0.06,5,0.01,3,0.0,2,0 days 01:01:14
1,3,3,True,3,0.705,2,0.295,1,0.0,0,0.0,4,0.0,1,0 days 00:45:38
1,1,1,True,1,0.6311111111111111,2,0.3688888888888889,0,0.0,3,0.0,4,0.0,1,0 days 00:16:12
1,0,0,True,0,0.75,3,0.25,1,0.0,2,0.0,4,0.0,1,0 days 00:38:59
1,3,3,True,3,0.45716666666666667,6,0.3928333333333333,0,0.08,2,0.04,1,0.03,1,0 days 00:37:37
1,3,2,False,2,0.81,3,0.11011904761904763,0,0.07988095238095239,1,0.0,4,0.0,2,0 days 00:52:13
1,1,3,False,3,0.65,4,0.18,2,0.11571428571428571,6,0.05428571428571429,0,0.0,6,0 days 00:15:04
1,0,0,True,0,0.9683333333333333,3,0.028333333333333335,2,0.003333333333333333,1,0.0,4,0.0,1,0 days 00:51:41
1,2,2,True,2,0.5581666666666668,3,0.4118333333333333,0,0.03,1,0.0,4,0.0,1,0 days 00:46:22
1,0,0,True,0,0.71,3,0.25,5,0.03,2,0.01,1,0.0,1,0 days 00:45:18
1,1,6,False,6,0.3525595238095237,2,0.35015476190476186,0,0.196968253968254,3,0.10031746031746032,1,0.0,5,0 days 00:15:48
1,2,3,False,3,0.6648333333333335,2,0.25516666666666665,0,0.08,1,0.0,4,0.0,2,0 days 00:48:15
1,2,3,False,3,0.62,2,0.28,6,0.1,1,0.0,0,0.0,2,0 days 00:25:11
1,2,0,False,0,0.57,3,0.27,2,0.09,1,0.05,6,0.02,3,0 days 00:22:49
1,2,2,True,2,0.49244949494949497,3,0.17624350649350645,1,0.16565404040404033,6,0.16565295815295805,0,0.0,1,0 days 00:16:15
1,2,2,True,2,0.6233333333333334,0,0.23683333333333334,3,0.13983333333333334,1,0.0,4,0.0,1,0 days 00:53:05
1,3,3,True,3,0.64,2,0.20516666666666666,0,0.15483333333333332,1,0.0,4,0.0,1,0 days 00:54:47
1,5,1,False,1,0.64,2,0.31,6,0.05,0,0.0,3,0.0,7,0 days 00:09:24
1,5,3,False,3,0.50825,0,0.49174999999999996,1,0.0,2,0.0,4,0.0,6,0 days 00:54:31
1,0,2,False,2,0.38229761904761905,0,0.357797619047619,3,0.24990476190476182,6,0.01,1,0.0,2,0 days 00:24:29
1,0,3,False,3,0.65,0,0.28,2,0.07,1,0.0,4,0.0,2,0 days 00:43:49
1,1,1,True,1,0.89,6,0.105,2,0.005,0,0.0,3,0.0,1,0 days 00:09:04
1,6,1,False,1,0.4921244588744588,6,0.2608701298701297,3,0.24700541125541123,0,0.0,2,0.0,2,0 days 00:16:30
1,6,3,False,3,0.68,6,0.19,0,0.12,2,0.01,1,0.0,2,0 days 01:08:14
1,1,2,False,2,0.62,0,0.33,3,0.05,1,0.0,4,0.0,4,0 days 00:36:54
1,0,3,False,3,0.9366666666666665,2,0.05,0,0.01,6,0.003333333333333333,1,0.0,3,0 days 00:37:28
1,3,2,False,2,0.58,1,0.19,4,0.19,3,0.04,0,0.0,4,0 days 00:24:08
1,6,0,False,0,0.64,3,0.29,6,0.04,4,0.03,2,0.0,3,0 days 00:16:52
1,0,0,True,0,0.83,3,0.10099999999999999,4,0.059000000000000004,6,0.01,2,0.0,1,0 days 00:33:28
1,3,3,True,3,0.68,6,0.19,0,0.12,2,0.01,1,0.0,1,0 days 01:08:10
1,4,4,True,4,0.6541666666666666,6,0.26,1,0.08583333333333334,0,0.0,3,0.0,1,0 days 00:03:25
1,3,2,False,2,0.63,0,0.29,3,0.08,1,0.0,4,0.0,3,0 days 00:52:50
2,2,3,False,3,0.86,2,0.09333333333333334,1,0.03,0,0.016666666666666666,4,0.0,2,0 days 00:24:12
2,2,0,False,0,0.84,3,0.15166666666666667,2,0.008333333333333333,1,0.0,4,0.0,3,0 days 00:46:50
2,0,4,False,4,0.67,3,0.28,0,0.05,1,0.0,2,0.0,3,0 days 00:21:35
2,2,6,False,6,0.46299999999999997,0,0.40199999999999997,1,0.07,2,0.065,3,0.0,4,0 days 00:15:47
2,3,1,False,1,0.64,3,0.31,2,0.05,0,0.0,4,0.0,2,0 days 00:47:36
2,5,2,False,2,0.64,3,0.3,0,0.06,1,0.0,4,0.0,6,0 days 00:29:42
2,5,1,False,1,0.5850634920634918,6,0.21925793650793643,5,0.1956785714285714,0,0.0,3,0.0,3,0 days 00:15:41
2,1,2,False,2,0.3499285714285714,0,0.3192142857142856,3,0.30085714285714277,6,0.03,1,0.0,5,0 days 00:16:38
2,2,2,True,2,0.63,3,0.29,0,0.04,6,0.04,1,0.0,1,0 days 01:20:00
2,3,3,True,3,0.57,0,0.3633333333333333,2,0.06666666666666667,1,0.0,4,0.0,1,0 days 01:00:34
2,0,3,False,3,0.88,2,0.09,6,0.03,1,0.0,0,0.0,5,0 days 01:11:13
2,1,6,False,6,0.4837142857142858,3,0.39628571428571424,1,0.11,4,0.01,2,0.0,3,0 days 00:25:26
2,1,3,False,3,0.65,1,0.26666666666666666,2,0.06,6,0.02333333333333333,0,0.0,2,0 days 00:18:51
2,6,6,True,6,0.85,2,0.12733333333333335,1,0.012666666666666666,3,0.01,0,0.0,1,0 days 00:18:06
2,3,3,True,3,0.67,0,0.2,1,0.09,2,0.04,4,0.0,1,0 days 00:50:58
2,3,3,True,3,0.59,2,0.3493333333333333,0,0.060666666666666674,1,0.0,4,0.0,1,0 days 00:24:15
2,3,3,True,3,0.83,1,0.16,6,0.01,0,0.0,2,0.0,1,0 days 00:34:46
2,3,3,True,3,0.95,1,0.04,2,0.01,0,0.0,4,0.0,1,0 days 00:44:30
2,3,2,False,2,0.5151666666666668,3,0.44483333333333325,0,0.04,1,0.0,4,0.0,2,0 days 00:46:58
2,3,0,False,0,0.61,2,0.3391666666666666,3,0.05083333333333333,1,0.0,4,0.0,3,0 days 00:48:18
2,2,2,True,2,0.5,4,0.38,3,0.12,1,0.0,0,0.0,1,0 days 01:08:51
2,1,1,True,1,0.74,2,0.19,6,0.06,4,0.01,3,0.0,1,0 days 00:17:43
2,1,1,True,1,0.6800119047619048,3,0.2999880952380951,4,0.02,0,0.0,2,0.0,1,0 days 00:15:30
2,2,0,False,0,0.5976666666666666,3,0.35233333333333333,2,0.05,1,0.0,4,0.0,3,0 days 01:06:36
2,3,3,True,3,0.81,2,0.18,0,0.01,1,0.0,4,0.0,1,0 days 00:41:53
2,1,2,False,2,0.8698333333333333,1,0.07516666666666666,6,0.05499999999999999,0,0.0,3,0.0,2,0 days 00:16:11
2,0,0,True,0,0.85,3,0.14,2,0.01,1,0.0,4,0.0,1,0 days 00:31:00
2,0,0,True,0,0.86,3,0.085,4,0.055,1,0.0,2,0.0,1,0 days 00:33:28
2,2,2,True,2,0.8841666666666668,1,0.09583333333333333,6,0.02,0,0.0,3,0.0,1,0 days 00:16:20
2,0,2,False,2,0.86,3,0.14,1,0.0,0,0.0,4,0.0,4,0 days 00:47:22
2,2,6,False,6,0.67,1,0.3,2,0.02,4,0.01,3,0.0,3,0 days 00:17:45
2,2,2,True,2,0.5191666666666667,3,0.44083333333333335,0,0.04,1,0.0,4,0.0,1,0 days 00:48:08
2,2,2,True,2,0.57,3,0.43,1,0.0,0,0.0,4,0.0,1,0 days 00:47:13
2,2,3,False,3,0.65,1,0.25666666666666665,2,0.07,6,0.02333333333333333,0,0.0,3,0 days 00:18:53
2,3,4,False,4,0.63,0,0.34,3,0.03,1,0.0,2,0.0,3,0 days 00:49:04
2,3,2,False,2,0.99,3,0.01,1,0.0,0,0.0,4,0.0,2,0 days 00:45:44
2,2,3,False,3,0.6803809523809522,1,0.29628571428571415,6,0.02,2,0.003333333333333333,0,0.0,4,0 days 00:17:28
2,0,0,True,0,0.5155,3,0.40449999999999997,1,0.08,2,0.0,4,0.0,1,0 days 00:40:36
2,0,2,False,2,0.5191666666666667,3,0.44083333333333335,0,0.04,1,0.0,4,0.0,3,0 days 00:48:11
2,0,2,False,2,0.73,0,0.26,3,0.01,1,0.0,4,0.0,2,0 days 00:50:44
2,1,2,False,2,0.5405978188478189,6,0.162277639027639,3,0.15248398823398823,4,0.14464055389055383,0,0.0,6,0 days 00:16:15
2,0,0,True,0,0.65,3,0.27,2,0.08,1,0.0,4,0.0,1,0 days 00:43:48
2,6,5,False,5,0.6,2,0.39,3,0.01,1,0.0,0,0.0,7,0 days 01:23:54
2,6,0,False,0,0.77,3,0.23,1,0.0,2,0.0,4,0.0,7,0 days 00:57:41
2,0,2,False,2,0.39466666666666667,3,0.36,0,0.24533333333333332,1,0.0,4,0.0,3,0 days 00:53:17
2,1,1,True,1,0.85,2,0.13,6,0.02,0,0.0,3,0.0,1,0 days 00:42:05
2,6,6,True,6,0.4396666666666666,1,0.3903333333333333,2,0.135,3,0.03,4,0.005,1,0 days 00:18:13
2,6,0,False,0,0.5089603174603174,2,0.264531746031746,3,0.2265079365079365,1,0.0,4,0.0,7,0 days 00:24:36
2,0,1,False,1,0.58,6,0.42,2,0.0,0,0.0,3,0.0,4,0 days 00:01:27
2,6,3,False,3,0.68,2,0.28,0,0.04,1,0.0,4,0.0,7,0 days 00:30:54
2,6,2,False,2,0.62,0,0.36,3,0.02,1,0.0,4,0.0,7,0 days 01:03:48
2,6,1,False,1,0.43000000000000005,3,0.43,0,0.14,2,0.0,4,0.0,7,0 days 00:38:19
2,6,2,False,2,0.5053333333333333,0,0.4846666666666667,3,0.01,1,0.0,4,0.0,7,0 days 01:02:28
2,1,3,False,3,0.72,6,0.25,1,0.02,0,0.01,2,0.0,3,0 days 00:22:59
2,6,2,False,2,0.8041666666666666,1,0.14833333333333332,3,0.0475,0,0.0,4,0.0,7,0 days 00:16:06
2,6,6,True,6,0.63,2,0.21,0,0.12,3,0.04,1,0.0,1,0 days 01:18:20
2,6,6,True,6,0.67,5,0.3,2,0.02,3,0.01,0,0.0,1,0 days 00:29:09
2,6,2,False,2,0.69,3,0.29,4,0.02,1,0.0,0,0.0,7,0 days 01:09:08
2,6,2,False,2,0.88,6,0.09,3,0.02,4,0.01,0,0.0,2,0 days 01:37:04
2,3,2,False,2,0.86,0,0.14,1,0.0,3,0.0,4,0.0,4,0 days 01:29:06
2,4,3,False,3,0.86,2,0.11833333333333335,0,0.021666666666666664,1,0.0,4,0.0,5,0 days 00:24:13
2,4,1,False,1,0.72,3,0.26,6,0.02,0,0.0,2,0.0,6,0 days 00:34:40
2,0,0,True,0,1.0,1,0.0,2,0.0,3,0.0,4,0.0,1,0 days 00:51:39
2,3,6,False,6,0.9545,3,0.0455,1,0.0,0,0.0,2,0.0,2,0 days 01:02:07
2,3,1,False,1,0.95,6,0.022666666666666665,3,0.017,2,0.010333333333333335,0,0.0,3,0 days 00:17:07
2,3,0,False,0,0.95,3,0.04166666666666666,2,0.008333333333333333,1,0.0,4,0.0,2,0 days 00:46:51
2,3,3,True,3,0.85,2,0.11,0,0.04,1,0.0,4,0.0,1,0 days 00:43:03
2,3,0,False,0,1.0,1,0.0,2,0.0,3,0.0,4,0.0,4,0 days 00:51:25
2,3,2,False,2,0.84,3,0.12,1,0.04,0,0.0,4,0.0,2,0 days 00:47:24
2,3,3,True,3,0.52,0,0.45399999999999996,2,0.02,5,0.006,1,0.0,1,0 days 00:54:34
2,3,0,False,0,0.5,1,0.45,2,0.03,6,0.02,3,0.0,5,0 days 00:37:58
2,3,6,False,6,0.62,3,0.21,2,0.1,0,0.05,1,0.02,2,0 days 00:37:05
2,0,4,False,4,0.67,3,0.28,0,0.05,1,0.0,2,0.0,3,0 days 00:21:30
2,3,3,True,3,0.88,0,0.12,1,0.0,2,0.0,4,0.0,1,0 days 00:31:15
2,1,1,True,1,0.34280952380952373,6,0.3278690476190475,4,0.3003214285714285,2,0.028999999999999998,3,0.0,1,0 days 00:15:26
2,2,2,True,2,0.66,0,0.174,3,0.16599999999999998,1,0.0,4,0.0,1,0 days 01:17:21
2,0,0,True,0,0.72,1,0.22,3,0.03,2,0.02,6,0.01,1,0 days 00:38:03
2,2,3,False,3,0.93,2,0.07,1,0.0,0,0.0,4,0.0,2,0 days 00:45:37
2,1,1,True,1,0.68,2,0.28,4,0.03,5,0.01,3,0.0,1,0 days 00:10:48
2,2,0,False,0,0.64,2,0.36,1,0.0,3,0.0,4,0.0,2,0 days 00:57:10
2,0,3,False,3,0.66,0,0.34,1,0.0,2,0.0,4,0.0,2,0 days 00:57:52
2,2,0,False,0,0.5093333333333333,3,0.49066666666666675,1,0.0,2,0.0,4,0.0,4,0 days 00:51:56
2,1,1,True,1,0.7837857142857143,2,0.2162142857142857,0,0.0,3,0.0,4,0.0,1,0 days 00:17:59
2,3,1,False,1,0.64,3,0.22,2,0.14,0,0.0,4,0.0,2,0 days 00:47:34
2,0,2,False,2,0.9183333333333334,3,0.08166666666666667,1,0.0,0,0.0,4,0.0,4,0 days 00:53:23
2,2,2,True,2,0.49199999999999994,1,0.49050000000000005,3,0.0175,0,0.0,4,0.0,1,0 days 00:16:07
2,2,2,True,2,0.8478095238095239,0,0.1521904761904762,1,0.0,3,0.0,4,0.0,1,0 days 00:24:22
2,2,1,False,1,0.54,2,0.38,3,0.08,0,0.0,4,0.0,2,0 days 00:14:07
2,2,6,False,6,0.5228333333333333,3,0.3971666666666666,2,0.08,1,0.0,0,0.0,3,0 days 00:41:14
2,3,2,False,2,0.6991666666666666,3,0.30083333333333334,1,0.0,0,0.0,4,0.0,2,0 days 00:39:38
2,1,4,False,4,0.84,1,0.1,6,0.06,0,0.0,3,0.0,2,0 days 00:03:32
2,1,1,True,1,0.5832142857142858,2,0.40678571428571425,4,0.006666666666666666,6,0.003333333333333333,3,0.0,1,0 days 00:15:28
2,2,6,False,6,0.7433333333333334,2,0.10333333333333332,5,0.09,1,0.06333333333333332,3,0.0,2,0 days 00:15:37
2,2,2,True,2,0.5033333333333333,1,0.41666666666666663,6,0.045,3,0.035,0,0.0,1,0 days 00:16:02
2,1,1,True,1,0.83,2,0.11,4,0.05,3,0.01,0,0.0,1,0 days 00:08:46
2,0,0,True,0,0.63,4,0.32,3,0.05,1,0.0,2,0.0,1,0 days 00:21:59
2,2,3,False,3,0.76,1,0.24,0,0.0,2,0.0,4,0.0,4,0 days 00:32:17
2,1,1,True,1,0.2563347763347763,2,0.2535122655122655,6,0.24399819624819621,4,0.24282142857142852,3,0.003333333333333333,1,0 days 00:15:32
2,0,3,False,3,0.91,2,0.09,1,0.0,0,0.0,4,0.0,4,0 days 00:47:18
2,1,1,True,1,0.74,2,0.19,6,0.06,4,0.01,3,0.0,1,0 days 00:17:43
2,0,1,False,1,0.43000000000000005,3,0.43,0,0.14,2,0.0,4,0.0,3,0 days 00:38:19
2,6,2,False,2,0.62,1,0.36,3,0.01,4,0.01,0,0.0,7,0 days 00:08:49
2,6,0,False,0,0.66,2,0.21,6,0.13,1,0.0,3,0.0,3,0 days 00:55:00
2,0,2,False,2,0.6,3,0.27,0,0.13,1,0.0,4,0.0,3,0 days 00:46:43
2,6,3,False,3,0.7266666666666666,6,0.23,0,0.03,2,0.013333333333333332,1,0.0,2,0 days 01:03:02
2,6,2,False,2,0.64,0,0.25,6,0.11,1,0.0,3,0.0,3,0 days 01:13:30
2,3,3,True,3,0.96,2,0.04,1,0.0,0,0.0,4,0.0,1,0 days 00:45:55
2,3,0,False,0,0.6975,2,0.24,3,0.0325,6,0.03,1,0.0,3,0 days 01:06:31
2,3,0,False,0,0.58,2,0.26,1,0.15,6,0.01,3,0.0,5,0 days 00:28:41
2,1,1,True,1,0.8366666666666667,2,0.16333333333333336,0,0.0,3,0.0,4,0.0,1,0 days 00:09:42
2,0,3,False,3,0.6726666666666666,6,0.2973333333333332,2,0.03,1,0.0,0,0.0,5,0 days 00:37:35
2,3,0,False,0,0.64,2,0.36,1,0.0,3,0.0,4,0.0,4,0 days 01:16:10
2,1,6,False,6,0.8361666666666667,3,0.15383333333333335,0,0.01,1,0.0,2,0.0,4,0 days 00:29:19
2,2,1,False,1,0.65,2,0.21,0,0.1,3,0.03,6,0.01,2,0 days 00:22:45
2,2,1,False,1,0.6800119047619048,3,0.2999880952380951,4,0.02,0,0.0,2,0.0,5,0 days 00:15:30
2,2,3,False,3,0.7308333333333334,2,0.26916666666666667,1,0.0,0,0.0,4,0.0,2,0 days 00:39:42
2,2,1,False,1,0.6359047619047619,6,0.2223214285714286,3,0.14177380952380952,0,0.0,2,0.0,5,0 days 00:16:31
2,2,2,True,2,0.5489523809523809,1,0.431047619047619,6,0.02,0,0.0,3,0.0,1,0 days 00:16:21
2,2,6,False,6,0.6363333333333333,3,0.3536666666666667,4,0.01,0,0.0,2,0.0,5,0 days 00:15:53
2,3,2,False,2,0.7166666666666666,6,0.25,3,0.03333333333333333,1,0.0,0,0.0,3,0 days 00:58:41
2,1,1,True,1,0.88,0,0.0809047619047619,6,0.029095238095238094,2,0.01,3,0.0,1,0 days 00:02:46
2,2,1,False,1,0.77,6,0.22,4,0.01,0,0.0,3,0.0,6,0 days 00:17:47
2,2,3,False,3,0.72,0,0.28,1,0.0,2,0.0,4,0.0,4,0 days 00:44:35
2,0,3,False,3,0.5616666666666665,2,0.41333333333333333,0,0.025,1,0.0,4,0.0,3,0 days 00:52:49
2,1,1,True,1,0.99,2,0.01,0,0.0,3,0.0,4,0.0,1,0 days 00:13:33
2,6,6,True,6,0.6133333333333333,1,0.38666666666666666,2,0.0,0,0.0,3,0.0,1,0 days 00:18:41
2,6,1,False,1,0.8066666666666665,6,0.19333333333333333,2,0.0,0,0.0,3,0.0,2,0 days 00:18:43
2,6,6,True,6,0.6363333333333333,3,0.3536666666666667,4,0.01,0,0.0,2,0.0,1,0 days 00:15:53
2,3,2,False,2,0.71,6,0.21,0,0.08,1,0.0,3,0.0,5,0 days 01:19:11
2,3,3,True,3,0.87,1,0.11,2,0.01,6,0.01,0,0.0,1,0 days 00:34:10
2,4,4,True,4,0.84,1,0.1,6,0.06,0,0.0,3,0.0,1,0 days 00:03:32
2,4,4,True,4,0.75,6,0.15,1,0.1,0,0.0,3,0.0,1,0 days 00:03:25
2,3,3,True,3,0.95,1,0.04,0,0.01,2,0.0,4,0.0,1,0 days 00:44:31
2,3,2,False,2,0.89,3,0.07333333333333333,5,0.03666666666666667,1,0.0,0,0.0,2,0 days 00:44:55
2,3,0,False,0,0.61,3,0.2075,1,0.17250000000000004,2,0.01,4,0.0,2,0 days 00:48:22
3,2,2,True,2,0.89,3,0.08,6,0.02,4,0.01,0,0.0,1,0 days 01:05:31
3,2,1,False,1,0.4828333333333332,2,0.48050000000000004,6,0.03666666666666667,0,0.0,3,0.0,2,0 days 00:16:11
3,2,6,False,6,0.91,1,0.05183333333333333,2,0.03816666666666667,0,0.0,3,0.0,3,0 days 00:18:04
3,2,0,False,0,0.91,3,0.09,1,0.0,2,0.0,4,0.0,4,0 days 00:46:43
3,2,6,False,6,0.84,3,0.09333333333333332,1,0.04,0,0.026666666666666665,2,0.0,5,0 days 00:40:46
3,2,6,False,6,0.7,2,0.25,3,0.03,0,0.02,1,0.0,2,0 days 00:54:57
3,3,3,True,3,0.65,5,0.24,1,0.08,6,0.03,2,0.0,1,0 days 00:29:32
3,3,6,False,6,0.59,2,0.27,3,0.14,1,0.0,0,0.0,3,0 days 00:41:15
3,3,2,False,2,0.8056666666666666,3,0.15433333333333332,0,0.04,1,0.0,4,0.0,2,0 days 00:53:29
3,0,3,False,3,0.85,5,0.12,2,0.03,1,0.0,0,0.0,5,0 days 00:56:18
3,2,3,False,3,0.41,6,0.4,0,0.19,1,0.0,2,0.0,5,0 days 01:19:10
3,0,0,True,0,0.93,6,0.06,3,0.01,1,0.0,2,0.0,1,0 days 01:04:45
3,2,2,True,2,0.74,6,0.17,3,0.09,1,0.0,0,0.0,1,0 days 01:25:43
3,6,3,False,3,0.57,0,0.26,4,0.12,6,0.03,2,0.02,4,0 days 01:14:27
3,1,1,True,1,0.68,6,0.25,2,0.05,0,0.02,3,0.0,1,0 days 00:42:06
3,6,6,True,6,0.73,1,0.245,3,0.01,0,0.0075,2,0.0075,1,0 days 00:16:43
3,6,1,False,1,0.96,2,0.04,0,0.0,3,0.0,4,0.0,7,0 days 00:15:58
3,6,1,False,1,0.5833333333333333,2,0.38,3,0.02,6,0.016666666666666666,0,0.0,4,0 days 00:17:17
3,2,2,True,2,0.65,3,0.32,6,0.03,1,0.0,0,0.0,1,0 days 01:27:01
3,6,3,False,3,0.54,2,0.46,1,0.0,0,0.0,4,0.0,7,0 days 00:34:02
3,3,3,True,3,0.73,0,0.24,2,0.025,6,0.005,1,0.0,1,0 days 00:31:25
3,3,3,True,3,0.9,0,0.05,2,0.04,4,0.01,1,0.0,1,0 days 01:15:12
3,3,6,False,6,0.63,2,0.27,1,0.1,0,0.0,3,0.0,5,0 days 00:26:03
3,3,6,False,6,0.62,0,0.23,1,0.11,3,0.04,2,0.0,4,0 days 00:26:44
3,3,3,True,3,0.653,4,0.21,6,0.11,1,0.017,0,0.01,1,0 days 00:16:54
3,3,4,False,4,0.69,0,0.24,3,0.07,1,0.0,2,0.0,3,0 days 00:33:31
3,3,0,False,0,0.72,2,0.26,3,0.02,1,0.0,4,0.0,3,0 days 00:44:45
3,3,2,False,2,0.82,6,0.14,3,0.03,1,0.01,0,0.0,3,0 days 00:25:12
3,3,0,False,0,0.86,3,0.13,6,0.01,1,0.0,2,0.0,2,0 days 00:46:42
3,3,2,False,2,0.48249999999999993,3,0.3875,6,0.13,1,0.0,0,0.0,2,0 days 00:58:51
3,3,2,False,2,0.62,3,0.21,0,0.08883333333333333,6,0.08116666666666666,1,0.0,2,0 days 00:31:48
3,1,2,False,2,0.93,6,0.04166666666666666,3,0.028333333333333335,1,0.0,0,0.0,4,0 days 00:16:02
3,1,3,False,3,0.92,2,0.08,1,0.0,0,0.0,4,0.0,3,0 days 00:47:33
3,1,5,False,5,0.49230952380952375,1,0.2563095238095237,6,0.25138095238095237,0,0.0,3,0.0,2,0 days 00:15:41
3,2,6,False,6,0.87,3,0.06916666666666667,0,0.06083333333333332,1,0.0,2,0.0,5,0 days 01:06:58
3,1,0,False,0,0.59,1,0.28,6,0.08,2,0.04,3,0.01,2,0 days 00:26:51
3,2,1,False,1,0.3483571428571428,2,0.3276309523809524,4,0.30267857142857146,6,0.021333333333333333,3,0.0,2,0 days 00:18:18
3,0,0,True,0,0.84,2,0.16,1,0.0,3,0.0,4,0.0,1,0 days 01:28:30
3,2,5,False,5,0.68,3,0.32,1,0.0,0,0.0,2,0.0,5,0 days 00:29:42
3,2,3,False,3,0.79,2,0.21,1,0.0,0,0.0,4,0.0,2,0 days 00:54:43
3,0,3,False,3,0.66,0,0.31,4,0.03,1,0.0,2,0.0,2,0 days 00:33:25
3,2,2,True,2,0.68,0,0.31,3,0.01,1,0.0,4,0.0,1,0 days 00:56:42
3,2,1,False,1,0.78,3,0.2,2,0.02,0,0.0,4,0.0,3,0 days 00:17:12
3,3,0,False,0,0.62,3,0.22849999999999998,2,0.15150000000000002,1,0.0,4,0.0,2,0 days 01:02:53
3,0,3,False,3,0.5675,0,0.4205,2,0.01,5,0.002,1,0.0,2,0 days 00:45:00
3,1,1,True,1,0.91,4,0.06,6,0.015,2,0.015,3,0.0,1,0 days 00:08:45
3,1,0,False,0,0.69,3,0.31,1,0.0,2,0.0,4,0.0,3,0 days 00:30:04
3,6,0,False,0,0.78,3,0.18,6,0.04,1,0.0,2,0.0,3,0 days 01:11:43
3,1,1,True,1,0.65,2,0.35,0,0.0,3,0.0,4,0.0,1,0 days 00:11:15
3,0,0,True,0,0.94,3,0.04,2,0.02,1,0.0,4,0.0,1,0 days 01:11:53
3,6,3,False,3,0.7486666666666667,2,0.23,6,0.021333333333333333,1,0.0,0,0.0,3,0 days 01:17:58
3,1,1,True,1,0.8493333333333334,4,0.14066666666666663,6,0.005,3,0.005,2,0.0,1,0 days 00:15:55
3,6,3,False,3,1.0,0,0.0,1,0.0,2,0.0,4,0.0,7,0 days 01:55:27
3,1,2,False,2,0.64,3,0.3183333333333333,6,0.04166666666666666,1,0.0,0,0.0,4,0 days 00:37:41
3,0,2,False,2,0.7275,3,0.24249999999999997,0,0.03,1,0.0,4,0.0,3,0 days 00:47:00
3,6,1,False,1,0.5183571428571428,2,0.4366428571428573,6,0.035,3,0.01,0,0.0,3,0 days 00:15:59
3,3,0,False,0,0.94,2,0.04,3,0.02,1,0.0,4,0.0,3,0 days 01:11:54
3,6,3,False,3,0.5,0,0.39,6,0.1,1,0.01,2,0.0,3,0 days 00:42:15
3,6,6,True,6,0.87,0,0.12333333333333332,1,0.006666666666666666,2,0.0,3,0.0,1,0 days 00:01:00
3,6,3,False,3,0.88,2,0.11,6,0.01,1,0.0,0,0.0,3,0 days 01:18:05
3,3,0,False,0,0.68,3,0.32,1,0.0,2,0.0,4,0.0,2,0 days 00:30:00
3,3,2,False,2,0.95,3,0.05,1,0.0,0,0.0,4,0.0,2,0 days 00:52:10
3,3,3,True,3,1.0,0,0.0,1,0.0,2,0.0,4,0.0,1,0 days 01:16:54
3,3,0,False,0,0.74,6,0.26,2,0.0,1,0.0,3,0.0,5,0 days 00:53:48
3,3,2,False,2,0.66,0,0.19,3,0.14,6,0.01,1,0.0,3,0 days 00:58:29
3,0,3,False,3,0.84,1,0.08,6,0.07,2,0.01,0,0.0,5,0 days 00:40:57
3,3,2,False,2,0.8603571428571428,3,0.061309523809523814,4,0.06,0,0.01,6,0.008333333333333333,2,0 days 00:48:54
3,3,3,True,3,0.7,2,0.24,0,0.06,1,0.0,4,0.0,1,0 days 00:47:15
3,1,2,False,2,0.66,1,0.34,0,0.0,3,0.0,4,0.0,2,0 days 00:04:28
3,1,6,False,6,0.5786190476190477,1,0.42138095238095225,2,0.0,0,0.0,3,0.0,2,0 days 00:18:37
3,2,0,False,0,0.65,3,0.35,1,0.0,2,0.0,4,0.0,4,0 days 01:32:03
3,2,6,False,6,0.56,1,0.2781666666666667,4,0.10175,2,0.060083333333333336,3,0.0,4,0 days 00:15:16
3,3,4,False,4,0.66,2,0.22,6,0.09,0,0.03,3,0.0,5,0 days 01:05:58
3,1,3,False,3,0.4952182539682539,2,0.28154365079365073,1,0.22323809523809515,0,0.0,4,0.0,3,0 days 00:17:25
3,1,1,True,1,0.8016666666666667,2,0.19,4,0.008333333333333333,0,0.0,3,0.0,1,0 days 00:15:56
3,2,6,False,6,0.6417857142857142,0,0.3082142857142856,1,0.035,2,0.015,3,0.0,4,0 days 00:16:17
3,2,1,False,1,0.5183571428571428,2,0.4366428571428573,6,0.035,3,0.01,0,0.0,2,0 days 00:15:59
3,1,4,False,4,0.68,1,0.25,6,0.03,3,0.03,2,0.01,2,0 days 00:17:53
3,2,2,True,2,0.63,3,0.22,6,0.09,0,0.06,1,0.0,1,0 days 01:04:57
3,1,3,False,3,0.7,2,0.3,1,0.0,0,0.0,4,0.0,3,0 days 00:34:03
3,2,2,True,2,0.82,1,0.12297619047619048,6,0.05702380952380953,0,0.0,3,0.0,1,0 days 00:15:45
3,0,2,False,2,0.6825,0,0.16,3,0.1575,1,0.0,4,0.0,2,0 days 00:47:03
3,2,6,False,6,0.6,0,0.25416666666666665,3,0.13583333333333333,2,0.01,1,0.0,4,0 days 01:06:25
3,5,6,False,6,0.5213333333333332,3,0.46866666666666673,2,0.01,1,0.0,0,0.0,7,0 days 01:01:36
3,2,2,True,2,0.65,5,0.23,1,0.09,6,0.03,3,0.0,1,0 days 00:08:17
3,0,3,False,3,0.62,1,0.25,5,0.07,6,0.06,2,0.0,6,0 days 00:29:30
3,0,6,False,6,0.6,1,0.29,2,0.09,0,0.01,4,0.01,4,0 days 00:22:38
3,1,1,True,1,0.74,2,0.22,6,0.04,0,0.0,3,0.0,1,0 days 00:42:04
3,6,3,False,3,0.72,2,0.19,6,0.09,1,0.0,0,0.0,3,0 days 01:05:15
3,6,0,False,0,0.45949999999999996,1,0.4305000000000001,6,0.11,2,0.0,3,0.0,3,0 days 00:01:26
3,0,3,False,3,0.902,2,0.07,0,0.024,5,0.004,1,0.0,3,0 days 00:54:35
3,6,6,True,6,0.87,0,0.12333333333333332,1,0.006666666666666666,2,0.0,3,0.0,1,0 days 00:00:50
3,6,2,False,2,0.7,1,0.3,0,0.0,3,0.0,4,0.0,7,0 days 00:17:45
3,6,1,False,1,0.5183571428571428,2,0.4366428571428573,6,0.035,3,0.01,0,0.0,3,0 days 00:15:59
3,0,0,True,0,0.5348333333333334,2,0.37016666666666664,3,0.095,1,0.0,4,0.0,1,0 days 00:53:02
3,6,2,False,2,0.61,3,0.36,6,0.02,1,0.01,0,0.0,3,0 days 00:25:08
3,6,1,False,1,0.509904761904762,6,0.2580595238095238,3,0.22203571428571428,2,0.01,0,0.0,2,0 days 00:16:30
3,4,3,False,3,0.84,2,0.15,0,0.01,1,0.0,4,0.0,5,0 days 01:08:56
3,3,2,False,2,0.74,6,0.17,3,0.09,1,0.0,0,0.0,3,0 days 01:25:46
3,3,3,True,3,0.44666666666666655,6,0.4083333333333334,1,0.13,2,0.015,0,0.0,1,0 days 00:32:06
3,3,0,False,0,0.66,3,0.34,1,0.0,2,0.0,4,0.0,2,0 days 00:29:59
3,0,0,True,0,0.58,2,0.26,3,0.16,1,0.0,4,0.0,1,0 days 00:39:29
3,1,3,False,3,0.32196428571428565,2,0.3030952380952379,0,0.29494047619047614,1,0.068,6,0.012000000000000002,4,0 days 00:15:43
3,2,2,True,2,0.8001666666666667,6,0.12566666666666668,0,0.07416666666666666,1,0.0,3,0.0,1,0 days 01:02:27
3,1,4,False,4,0.62,2,0.15383333333333332,6,0.08233333333333334,0,0.07316666666666666,1,0.07066666666666667,5,0 days 00:16:26
3,0,2,False,2,0.95,3,0.05,1,0.0,0,0.0,4,0.0,4,0 days 00:52:10
3,2,3,False,3,0.86,0,0.12,1,0.01,2,0.01,4,0.0,4,0 days 00:41:51
3,1,2,False,2,0.7,1,0.3,0,0.0,3,0.0,4,0.0,2,0 days 00:10:53
3,2,2,True,2,0.63,1,0.37,0,0.0,3,0.0,4,0.0,1,0 days 00:15:57
3,2,1,False,1,0.4033412698412699,4,0.187452380952381,6,0.14388095238095236,2,0.1358968253968254,5,0.12942857142857142,4,0 days 00:15:13
3,0,6,False,6,0.71,2,0.25,0,0.03,3,0.01,1,0.0,3,0 days 00:54:58
3,2,3,False,3,0.46549999999999997,6,0.43866666666666665,0,0.06583333333333334,1,0.03,2,0.0,5,0 days 00:40:26
3,0,2,False,2,0.63,0,0.36,3,0.01,1,0.0,4,0.0,2,0 days 00:49:19
3,0,3,False,3,0.79,2,0.21,1,0.0,0,0.0,4,0.0,4,0 days 00:54:43
3,3,1,False,1,0.63,3,0.21,6,0.16,0,0.0,2,0.0,2,0 days 00:40:54
3,3,2,False,2,0.71,3,0.29,1,0.0,0,0.0,4,0.0,2,0 days 00:54:39
3,5,3,False,3,0.9,0,0.1,1,0.0,2,0.0,4,0.0,6,0 days 00:30:02
3,0,2,False,2,0.361,6,0.3009523809523809,0,0.300547619047619,1,0.0375,3,0.0,3,0 days 00:15:21
3,0,0,True,0,0.91,6,0.07,2,0.02,1,0.0,3,0.0,1,0 days 00:46:28
3,0,2,False,2,0.53,0,0.31,6,0.16,1,0.0,3,0.0,2,0 days 01:18:25
3,4,0,False,0,0.86,4,0.09,3,0.05,1,0.0,2,0.0,2,0 days 00:21:55
3,0,0,True,0,0.62,6,0.29,3,0.05,2,0.04,1,0.0,1,0 days 00:59:00
3,2,2,True,2,0.8025,3,0.1975,1,0.0,0,0.0,4,0.0,1,0 days 00:45:46
3,2,6,False,6,0.48,0,0.44,1,0.06,3,0.02,2,0.0,5,0 days 00:37:54
3,1,6,False,6,0.6,1,0.29,2,0.09,0,0.01,4,0.01,2,0 days 00:22:36
3,2,3,False,3,0.5272619047619047,5,0.43273809523809526,2,0.03,0,0.01,1,0.0,3,0 days 00:52:24
3,6,3,False,3,0.61,1,0.25,6,0.08,5,0.06,2,0.0,3,0 days 00:29:27
3,3,2,False,2,0.7629166666666666,0,0.225,6,0.012083333333333333,1,0.0,3,0.0,5,0 days 01:02:21
3,6,6,True,6,0.5062261904761906,3,0.49377380952380945,1,0.0,0,0.0,2,0.0,1,0 days 01:02:04
3,3,3,True,3,0.7121190476190478,0,0.15845238095238096,5,0.12942857142857142,1,0.0,2,0.0,1,0 days 00:54:30
3,4,6,False,6,0.64,0,0.1726904761904762,1,0.1673095238095238,2,0.02,3,0.0,6,0 days 00:23:35
3,4,6,False,6,0.5886190476190477,1,0.41138095238095224,2,0.0,0,0.0,3,0.0,6,0 days 00:18:35
3,3,3,True,3,0.7,6,0.27,4,0.03,0,0.0,2,0.0,1,0 days 00:30:27
3,3,3,True,3,0.5286666666666666,0,0.44133333333333336,2,0.03,1,0.0,4,0.0,1,0 days 00:30:48
3,3,0,False,0,0.61,2,0.33,6,0.06,1,0.0,3,0.0,5,0 days 00:22:51
4,1,2,False,2,0.75,1,0.25,0,0.0,3,0.0,4,0.0,2,0 days 00:13:59
4,2,0,False,0,0.63,3,0.37,1,0.0,2,0.0,4,0.0,4,0 days 01:10:34
4,2,3,False,3,0.56,2,0.23666666666666664,0,0.2,6,0.003333333333333333,1,0.0,2,0 days 01:02:22
4,0,2,False,2,0.5719444444444446,6,0.4280555555555556,1,0.0,0,0.0,3,0.0,4,0 days 01:02:28
4,2,1,False,1,0.7824880952380953,6,0.1378809523809524,4,0.07963095238095239,0,0.0,3,0.0,6,0 days 00:15:28
4,2,2,True,2,0.7483333333333334,0,0.2516666666666667,1,0.0,3,0.0,4,0.0,1,0 days 00:50:07
4,4,2,False,2,0.6068333333333333,1,0.3431666666666667,6,0.05,0,0.0,3,0.0,6,0 days 00:18:18
4,4,1,False,1,0.6841666666666666,0,0.14541666666666667,6,0.08583333333333332,2,0.08458333333333332,3,0.0,6,0 days 00:16:26
4,3,3,True,3,0.75,0,0.22,1,0.01,2,0.01,6,0.01,1,0 days 00:41:01
4,3,3,True,3,0.64,0,0.25,2,0.11,1,0.0,4,0.0,1,0 days 01:32:25
4,3,2,False,2,0.62,3,0.2046666666666667,6,0.15866666666666668,1,0.01,0,0.006666666666666666,2,0 days 00:40:22
4,5,6,False,6,0.55,3,0.43,1,0.02,0,0.0,2,0.0,7,0 days 00:36:04
4,0,2,False,2,0.7913333333333332,3,0.20866666666666667,1,0.0,0,0.0,4,0.0,4,0 days 00:39:50
4,3,2,False,2,0.68,3,0.24,0,0.08,1,0.0,4,0.0,2,0 days 00:59:53
4,3,3,True,3,0.84,6,0.13,2,0.03,1,0.0,0,0.0,1,0 days 00:40:04
4,2,3,False,3,0.97,6,0.02,0,0.01,1,0.0,2,0.0,5,0 days 00:42:35
4,0,0,True,0,0.5875,3,0.21533333333333332,1,0.1746666666666667,6,0.0225,2,0.0,1,0 days 00:38:21
4,6,1,False,1,0.9,2,0.06,5,0.04,0,0.0,3,0.0,7,0 days 00:05:26
4,1,1,True,1,0.5008333333333332,3,0.38916666666666666,6,0.09,2,0.02,0,0.0,1,0 days 00:27:16
4,1,6,False,6,0.73,2,0.1545,1,0.11549999999999999,0,0.0,3,0.0,3,0 days 00:18:23
4,1,2,False,2,0.462952380952381,0,0.417047619047619,1,0.09166666666666667,3,0.018333333333333333,4,0.01,3,0 days 00:17:31
4,6,1,False,1,0.64,2,0.22,6,0.09,0,0.05,3,0.0,3,0 days 00:20:19
4,2,0,False,0,0.6,3,0.4,1,0.0,2,0.0,4,0.0,4,0 days 01:10:42
4,0,0,True,0,0.67,3,0.33,1,0.0,2,0.0,4,0.0,1,0 days 01:02:41
4,6,3,False,3,0.62,0,0.27,2,0.11,1,0.0,4,0.0,7,0 days 00:59:41
4,0,1,False,1,0.96,6,0.018500000000000003,3,0.0115,2,0.01,0,0.0,5,0 days 00:25:20
4,3,2,False,2,0.71,1,0.21,3,0.08,0,0.0,4,0.0,3,0 days 00:32:17
4,3,0,False,0,0.66,2,0.3,3,0.04,1,0.0,4,0.0,3,0 days 01:17:23
4,3,2,False,2,0.6826666666666666,4,0.27,1,0.027333333333333334,3,0.02,0,0.0,4,0 days 00:23:52
4,3,1,False,1,0.61,3,0.34,6,0.05,0,0.0,2,0.0,2,0 days 00:34:16
4,3,3,True,3,0.64,0,0.33,2,0.03,1,0.0,4,0.0,1,0 days 00:39:07
4,3,3,True,3,0.3329999999999999,2,0.3243333333333333,6,0.3026666666666666,0,0.03,5,0.01,1,0 days 00:48:41
4,3,2,False,2,0.7905238095238096,0,0.11376190476190477,3,0.08571428571428572,1,0.01,4,0.0,3,0 days 00:16:36
4,3,2,False,2,0.65,3,0.26,0,0.09,1,0.0,4,0.0,2,0 days 00:39:15
4,4,2,False,2,0.53,3,0.45,0,0.02,1,0.0,4,0.0,5,0 days 01:06:03
4,3,3,True,3,0.59,0,0.3398333333333333,5,0.05016666666666666,2,0.02,1,0.0,1,0 days 00:54:33
4,3,0,False,0,0.8,3,0.16333333333333336,5,0.03666666666666667,1,0.0,2,0.0,2,0 days 00:52:37
4,0,0,True,0,0.69,3,0.27,4,0.04,1,0.0,2,0.0,1,0 days 00:49:07
4,1,1,True,1,0.47350000000000003,6,0.4465,2,0.08,0,0.0,3,0.0,1,0 days 00:15:58
4,1,3,False,3,0.83,2,0.17,1,0.0,0,0.0,4,0.0,3,0 days 00:44:25
4,0,3,False,3,0.82,0,0.18,1,0.0,2,0.0,4,0.0,2,0 days 01:04:18
4,1,6,False,6,0.56,2,0.36,4,0.07,1,0.01,3,0.0,4,0 days 00:25:43
4,1,2,False,2,0.65,3,0.18804761904761907,6,0.16195238095238096,1,0.0,0,0.0,4,0 days 00:41:11
4,1,1,True,1,0.97,2,0.03,0,0.0,3,0.0,4,0.0,1,0 days 00:13:40
4,2,2,True,2,0.63,3,0.32899999999999996,0,0.040999999999999995,1,0.0,4,0.0,1,0 days 00:52:12
4,1,3,False,3,0.44446428571428576,2,0.2896190476190475,1,0.25591666666666657,0,0.01,4,0.0,3,0 days 00:17:29
4,2,4,False,4,0.66,0,0.1744761904761905,6,0.10552380952380952,1,0.06,3,0.0,6,0 days 00:02:36
4,0,3,False,3,0.7,0,0.17,2,0.13,1,0.0,4,0.0,2,0 days 00:46:52
4,2,2,True,2,0.65,3,0.18804761904761907,6,0.16195238095238096,1,0.0,0,0.0,1,0 days 00:41:13
4,2,0,False,0,0.98,3,0.02,1,0.0,2,0.0,4,0.0,4,0 days 00:49:20
4,0,1,False,1,0.93,3,0.06,2,0.01,0,0.0,4,0.0,4,0 days 00:26:52
4,2,1,False,1,0.8,0,0.16999999999999996,2,0.03,3,0.0,4,0.0,3,0 days 00:23:40
4,1,1,True,1,0.45225324675324685,2,0.26508369408369403,3,0.26266305916305915,4,0.02,0,0.0,1,0 days 00:15:30
4,1,6,False,6,0.65,5,0.22,1,0.11,0,0.02,3,0.0,3,0 days 00:07:31
4,0,2,False,2,0.65,3,0.31,0,0.04,1,0.0,4,0.0,3,0 days 00:39:16
4,6,3,False,3,0.33358333333333334,6,0.33014285714285707,2,0.3062738095238095,1,0.03,0,0.0,2,0 days 00:15:49
4,6,5,False,5,0.67,6,0.24,1,0.08,3,0.01,2,0.0,2,0 days 00:14:44
4,0,3,False,3,0.935,6,0.045,2,0.02,1,0.0,0,0.0,5,0 days 00:41:27
4,1,6,False,6,0.87,3,0.11,2,0.013999999999999999,1,0.006,0,0.0,4,0 days 00:18:13
4,0,0,True,0,0.43333333333333324,5,0.35666666666666663,3,0.19,2,0.02,1,0.0,1,0 days 00:54:32
4,6,3,False,3,0.63,0,0.37,1,0.0,2,0.0,4,0.0,7,0 days 01:04:26
4,6,3,False,3,0.72,5,0.27,6,0.01,0,0.0,2,0.0,3,0 days 01:01:37
4,6,3,False,3,0.65,6,0.32,1,0.02,2,0.01,0,0.0,2,0 days 00:26:28
4,6,6,True,6,0.9,1,0.09,5,0.01,0,0.0,3,0.0,1,0 days 00:29:13
4,0,6,False,6,0.95,1,0.0275,0,0.0225,2,0.0,3,0.0,3,0 days 00:01:15
4,1,1,True,1,0.5388968253968254,6,0.44753174603174606,0,0.009285714285714286,2,0.002857142857142857,3,0.0014285714285714286,1,0 days 00:15:44
4,6,2,False,2,0.63,0,0.28,3,0.09,1,0.0,4,0.0,7,0 days 01:06:24
4,6,0,False,0,0.6713333333333332,6,0.3,2,0.018666666666666668,3,0.01,1,0.0,2,0 days 01:09:53
4,0,3,False,3,0.77,0,0.23,1,0.0,2,0.0,4,0.0,2,0 days 01:10:46
4,3,3,True,3,0.67,0,0.17666666666666667,5,0.13333333333333333,2,0.02,1,0.0,1,0 days 00:54:30
4,3,0,False,0,0.6509523809523808,2,0.3490476190476189,1,0.0,3,0.0,4,0.0,4,0 days 00:24:29
4,3,2,False,2,0.45733333333333337,1,0.31483333333333335,4,0.2245,6,0.003333333333333333,3,0.0,5,0 days 00:15:24
4,3,3,True,3,0.66,6,0.27,4,0.07,0,0.0,2,0.0,1,0 days 01:14:54
4,2,3,False,3,0.6,2,0.29,0,0.11,1,0.0,4,0.0,2,0 days 00:46:58
4,2,0,False,0,0.76,2,0.24,1,0.0,3,0.0,4,0.0,2,0 days 01:28:13
4,3,0,False,0,0.43333333333333324,5,0.35666666666666663,3,0.19,2,0.02,1,0.0,3,0 days 00:54:31
4,1,6,False,6,0.26916666666666667,4,0.2603174603174602,2,0.25346031746031744,1,0.21705555555555556,3,0.0,4,0 days 00:15:32
4,2,6,False,6,0.89,3,0.11,1,0.0,0,0.0,2,0.0,5,0 days 00:18:12
4,2,2,True,2,0.62,6,0.25,4,0.12,3,0.01,0,0.0,1,0 days 01:37:58
4,2,3,False,3,0.66,6,0.27,4,0.07,0,0.0,2,0.0,5,0 days 01:14:51
4,2,1,False,1,0.98,4,0.02,2,0.0,0,0.0,3,0.0,3,0 days 00:10:51
4,2,3,False,3,0.73,0,0.26,2,0.01,1,0.0,4,0.0,3,0 days 00:52:50
4,1,1,True,1,0.5321904761904761,2,0.43780952380952387,3,0.03,0,0.0,4,0.0,1,0 days 00:04:25
4,0,0,True,0,0.49666666666666665,2,0.425,3,0.07833333333333332,1,0.0,4,0.0,1,0 days 00:53:02
4,2,3,False,3,0.65,0,0.32,1,0.02,2,0.01,4,0.0,4,0 days 00:50:53
4,2,6,False,6,0.7608333333333333,0,0.15916666666666668,3,0.03666666666666667,2,0.023333333333333334,1,0.02,4,0 days 00:31:54
4,2,0,False,0,0.8,3,0.16333333333333336,5,0.03666666666666667,1,0.0,2,0.0,5,0 days 00:52:31
4,6,0,False,0,0.86,3,0.14,1,0.0,2,0.0,4,0.0,7,0 days 00:59:27
4,0,6,False,6,0.72,3,0.17,4,0.11,0,0.0,2,0.0,4,0 days 01:14:34
4,6,3,False,3,0.63,5,0.22,2,0.1,1,0.05,0,0.0,7,0 days 00:23:26
4,6,6,True,6,0.85,1,0.07583333333333334,0,0.07416666666666666,2,0.0,3,0.0,1,0 days 00:01:22
4,6,0,False,0,0.63,3,0.37,1,0.0,2,0.0,4,0.0,7,0 days 01:10:31
4,6,2,False,2,0.6818333333333334,1,0.2881666666666666,6,0.03,0,0.0,3,0.0,3,0 days 00:24:56
4,6,4,False,4,0.59,1,0.26,0,0.14,3,0.01,2,0.0,7,0 days 00:23:35
4,3,3,True,3,0.74,6,0.26,1,0.0,0,0.0,2,0.0,1,0 days 01:34:36
4,3,2,False,2,0.6,0,0.23,6,0.16,3,0.01,1,0.0,4,0 days 01:12:25
4,3,0,False,0,0.5108333333333333,3,0.4191666666666667,2,0.06,6,0.01,1,0.0,2,0 days 00:30:50
4,3,2,False,2,0.47265476190476186,3,0.4656785714285715,0,0.06166666666666666,1,0.0,4,0.0,2,0 days 00:54:40
4,3,3,True,3,0.85,0,0.15,1,0.0,2,0.0,4,0.0,1,0 days 01:10:19
4,3,3,True,3,0.6,2,0.29,0,0.11,1,0.0,4,0.0,1,0 days 00:46:58
4,3,3,True,3,0.97,2,0.03,1,0.0,0,0.0,4,0.0,1,0 days 00:44:26
4,1,1,True,1,0.7824880952380953,6,0.1378809523809524,4,0.07963095238095239,0,0.0,3,0.0,1,0 days 00:15:28
4,0,2,False,2,0.62,3,0.2046666666666667,6,0.15866666666666668,1,0.01,0,0.006666666666666666,5,0 days 00:40:22
4,1,1,True,1,0.4722532467532469,2,0.26508369408369403,3,0.26266305916305915,0,0.0,4,0.0,1,0 days 00:15:29
4,1,0,False,0,0.64,6,0.31,2,0.04,1,0.01,3,0.0,4,0 days 00:07:45
4,2,0,False,0,0.73,1,0.19,3,0.08,2,0.0,4,0.0,4,0 days 00:36:56
4,0,2,False,2,0.67,3,0.25,6,0.08,1,0.0,0,0.0,5,0 days 01:00:56
4,2,3,False,3,0.68,0,0.22,6,0.07,2,0.03,1,0.0,4,0 days 01:03:59
4,2,3,False,3,0.68,2,0.19,6,0.08,0,0.03,5,0.02,2,0 days 00:55:50
4,2,2,True,2,0.579642857142857,6,0.350357142857143,1,0.054000000000000006,3,0.016,0,0.0,1,0 days 00:15:03
4,0,2,False,2,0.45,3,0.43,0,0.12,1,0.0,4,0.0,3,0 days 00:44:40
4,2,3,False,3,0.78,2,0.185,0,0.025,6,0.01,1,0.0,2,0 days 00:54:52
4,2,1,False,1,0.71,0,0.1242142857142857,2,0.09419047619047617,6,0.07159523809523809,3,0.0,3,0 days 00:15:20
4,2,2,True,2,0.64,0,0.2,3,0.16,1,0.0,4,0.0,1,0 days 01:16:25
4,3,6,False,6,0.62,0,0.25,3,0.08,1,0.05,2,0.0,3,0 days 00:29:27
4,4,1,False,1,0.88,6,0.06933333333333333,3,0.050666666666666665,0,0.0,2,0.0,6,0 days 00:17:53
4,5,3,False,3,0.677,2,0.3,0,0.023,1,0.0,4,0.0,6,0 days 00:44:57
4,2,0,False,0,0.494642857142857,2,0.37535714285714294,6,0.13,1,0.0,3,0.0,2,0 days 01:09:34
4,2,3,False,3,0.59,1,0.39,0,0.02,2,0.0,4,0.0,4,0 days 00:44:07
4,1,1,True,1,1.0,0,0.0,2,0.0,3,0.0,4,0.0,1,0 days 00:12:54
4,0,3,False,3,0.63,0,0.37,1,0.0,2,0.0,4,0.0,2,0 days 00:38:56
4,0,0,True,0,0.64,3,0.3,2,0.06,1,0.0,4,0.0,1,0 days 00:39:13
4,6,3,False,3,0.66,0,0.34,1,0.0,2,0.0,4,0.0,7,0 days 00:59:14
4,1,1,True,1,0.68,2,0.21,6,0.11,0,0.0,3,0.0,1,0 days 00:08:01
4,6,2,False,2,0.48201190476190475,0,0.417047619047619,3,0.06313095238095237,1,0.03780952380952381,4,0.0,7,0 days 00:17:30
4,6,2,False,2,0.8,1,0.16333333333333333,0,0.03666666666666667,3,0.0,4,0.0,7,0 days 00:23:43
4,0,2,False,2,0.885,4,0.09,3,0.02,1,0.005,0,0.0,5,0 days 00:23:49
4,6,3,False,3,0.68,1,0.22,2,0.1,0,0.0,4,0.0,7,0 days 00:25:15
4,3,5,False,5,0.69,6,0.28,2,0.02,1,0.01,3,0.0,5,0 days 00:29:04
4,3,2,False,2,0.5348095238095238,3,0.41602380952380963,1,0.049166666666666664,0,0.0,4,0.0,2,0 days 00:15:00
4,3,0,False,0,0.6501666666666663,3,0.30983333333333324,2,0.04,1,0.0,4,0.0,2,0 days 00:44:59
4,3,3,True,3,0.48,0,0.46,1,0.05,2,0.01,4,0.0,1,0 days 00:50:57
4,3,3,True,3,0.66,2,0.24,0,0.1,1,0.0,4,0.0,1,0 days 00:44:17
4,3,2,False,2,0.77,3,0.2,6,0.03,1,0.0,0,0.0,2,0 days 00:33:49
4,3,2,False,2,0.72,6,0.2,3,0.06,1,0.02,0,0.0,3,0 days 00:33:59
5,1,1,True,1,0.5329999999999999,2,0.4670000000000001,0,0.0,3,0.0,4,0.0,1,0 days 00:16:12
5,0,2,False,2,0.79,3,0.19,0,0.02,1,0.0,4,0.0,3,0 days 00:55:20
5,2,2,True,2,0.6,3,0.33,6,0.07,1,0.0,0,0.0,1,0 days 01:20:03
5,2,1,False,1,0.68,3,0.19,2,0.10866666666666668,0,0.018000000000000002,6,0.003333333333333333,3,0 days 00:15:23
5,0,1,False,1,0.4621666666666668,2,0.41783333333333333,6,0.11,4,0.01,3,0.0,6,0 days 00:17:31
5,3,3,True,3,0.91,0,0.08,6,0.01,1,0.0,2,0.0,1,0 days 00:31:21
5,3,2,False,2,0.4880000000000001,0,0.42899999999999994,3,0.053,1,0.03,4,0.0,3,0 days 00:16:37
5,3,1,False,1,0.59,6,0.41,2,0.0,0,0.0,3,0.0,5,0 days 00:28:11
5,5,1,False,1,0.88,6,0.11,3,0.01,0,0.0,2,0.0,7,0 days 00:07:23
5,2,0,False,0,0.92,3,0.0415,2,0.0385,1,0.0,4,0.0,3,0 days 00:53:36
5,2,2,True,2,0.71,6,0.21333333333333332,1,0.07666666666666666,0,0.0,3,0.0,1,0 days 00:17:18
5,2,0,False,0,0.5111825396825396,2,0.46881746031746035,6,0.02,1,0.0,3,0.0,2,0 days 00:50:01
5,0,0,True,0,0.92,3,0.05,6,0.03,1,0.0,2,0.0,1,0 days 00:54:14
5,0,6,False,6,0.68,4,0.16333333333333333,2,0.11666666666666668,1,0.04,3,0.0,6,0 days 00:02:39
5,1,1,True,1,0.5329999999999999,2,0.4670000000000001,0,0.0,3,0.0,4,0.0,1,0 days 00:16:12
5,6,1,False,1,0.59,6,0.41,2,0.0,0,0.0,3,0.0,2,0 days 00:28:07
5,6,3,False,3,0.665,2,0.21,1,0.09,0,0.035,4,0.0,7,0 days 00:40:28
5,0,2,False,2,1.0,0,0.0,1,0.0,3,0.0,4,0.0,2,0 days 00:24:21
5,6,3,False,3,0.67,2,0.32,1,0.01,0,0.0,4,0.0,7,0 days 00:41:15
5,0,3,False,3,0.63,0,0.3483333333333333,6,0.013333333333333332,2,0.008333333333333333,1,0.0,2,0 days 01:02:35
5,2,3,False,3,0.8916666666666666,6,0.10833333333333334,1,0.0,0,0.0,2,0.0,5,0 days 01:17:54
5,6,3,False,3,0.875,0,0.12,6,0.005,1,0.0,2,0.0,3,0 days 00:37:37
5,3,2,False,2,0.84,3,0.14,1,0.02,0,0.0,4,0.0,2,0 days 00:47:44
5,3,2,False,2,0.6,6,0.27,0,0.13,1,0.0,3,0.0,5,0 days 01:04:58
5,3,0,False,0,0.97,3,0.01833333333333333,4,0.011666666666666665,1,0.0,2,0.0,2,0 days 00:33:24
5,3,6,False,6,0.96,2,0.03,0,0.01,1,0.0,3,0.0,5,0 days 01:18:12
5,3,2,False,2,0.65,3,0.25,6,0.1,1,0.0,0,0.0,2,0 days 01:08:05
5,3,2,False,2,0.72,0,0.28,1,0.0,3,0.0,4,0.0,4,0 days 00:48:12
5,3,3,True,3,0.97,5,0.03,1,0.0,0,0.0,2,0.0,1,0 days 00:48:31
5,3,1,False,1,0.4493571428571429,6,0.39064285714285707,2,0.16,0,0.0,3,0.0,5,0 days 00:17:15
5,3,6,False,6,0.5697619047619047,2,0.4002380952380953,4,0.01625,1,0.01375,3,0.0,5,0 days 00:15:53
5,3,0,False,0,0.66,3,0.3066666666666667,6,0.03333333333333333,1,0.0,2,0.0,2,0 days 01:03:07
5,3,4,False,4,0.81,0,0.19,2,0.0,1,0.0,3,0.0,5,0 days 00:21:46
5,3,3,True,3,0.88,2,0.08,0,0.03,1,0.01,4,0.0,1,0 days 00:44:09
5,0,3,False,3,0.7858333333333333,2,0.19416666666666668,0,0.02,1,0.0,4,0.0,3,0 days 01:02:52
5,1,1,True,1,0.78,3,0.21,5,0.01,0,0.0,2,0.0,1,0 days 00:06:47
5,2,3,False,3,0.5326666666666667,6,0.4273333333333331,2,0.02,0,0.02,1,0.0,3,0 days 00:48:41
5,0,3,False,3,0.63,0,0.35,1,0.02,2,0.0,4,0.0,2,0 days 00:51:17
5,3,6,False,6,0.6,3,0.26,2,0.14,1,0.0,0,0.0,2,0 days 01:26:33
5,3,3,True,3,0.92,1,0.08,0,0.0,2,0.0,4,0.0,1,0 days 00:44:28
5,2,1,False,1,0.47,3,0.39,6,0.14,0,0.0,2,0.0,5,0 days 00:16:48
5,2,1,False,1,0.97,3,0.03,0,0.0,2,0.0,4,0.0,4,0 days 00:42:01
5,3,0,False,0,0.93,3,0.03583333333333333,2,0.034166666666666665,1,0.0,4,0.0,2,0 days 01:02:45
5,1,6,False,6,0.38059523809523804,3,0.3350515873015872,2,0.2543531746031745,1,0.03,0,0.0,4,0 days 00:17:05
5,1,2,False,2,0.5394206349206349,6,0.4555793650793652,1,0.005,0,0.0,3,0.0,3,0 days 00:15:59
5,0,0,True,0,0.57,3,0.3506666666666666,2,0.07933333333333333,1,0.0,4,0.0,1,0 days 00:46:54
5,1,6,False,6,0.6,3,0.20733333333333334,1,0.19266666666666665,0,0.0,2,0.0,3,0 days 00:27:11
5,2,3,False,3,0.93,2,0.055,0,0.015,1,0.0,4,0.0,2,0 days 00:54:39
5,6,3,False,3,0.585,1,0.36,2,0.03,6,0.025,0,0.0,4,0 days 00:32:01
5,1,1,True,1,0.47,3,0.39,6,0.14,0,0.0,2,0.0,1,0 days 00:16:48
5,1,6,False,6,0.78,1,0.22,2,0.0,0,0.0,3,0.0,2,0 days 00:20:18
5,6,6,True,6,0.69,1,0.14,0,0.13,3,0.04,2,0.0,1,0 days 00:35:23
5,6,2,False,2,0.5865555555555556,3,0.2282222222222222,1,0.18522222222222223,0,0.0,4,0.0,7,0 days 00:16:04
5,6,2,False,2,0.789047619047619,0,0.16345238095238096,6,0.0375,3,0.01,1,0.0,3,0 days 01:09:36
5,0,3,False,3,0.65,0,0.26,6,0.07,2,0.02,1,0.0,2,0 days 01:11:56
5,0,2,False,2,0.67,3,0.25,0,0.06,6,0.02,1,0.0,3,0 days 01:12:07
5,6,1,False,1,0.76,0,0.18,2,0.06,3,0.0,4,0.0,7,0 days 00:22:36
5,6,3,False,3,0.62,2,0.19849999999999998,6,0.09666666666666666,1,0.08483333333333333,0,0.0,3,0 days 00:16:01
5,4,1,False,1,0.78,3,0.21,6,0.01,0,0.0,2,0.0,6,0 days 00:06:50
5,3,3,True,3,0.8781666666666667,6,0.12183333333333332,1,0.0,0,0.0,2,0.0,1,0 days 01:17:51
5,3,2,False,2,0.67,3,0.33,1,0.0,0,0.0,4,0.0,2,0 days 01:42:58
5,3,0,False,0,0.6,2,0.29,1,0.08,3,0.03,4,0.0,4,0 days 00:36:59
5,3,0,False,0,0.57,2,0.35,3,0.08,1,0.0,4,0.0,3,0 days 01:06:39
5,3,6,False,6,0.73,0,0.25,3,0.02,1,0.0,2,0.0,3,0 days 00:59:08
5,3,0,False,0,0.63,2,0.35,3,0.02,1,0.0,4,0.0,3,0 days 00:55:15
5,3,3,True,3,0.98,0,0.02,1,0.0,2,0.0,4,0.0,1,0 days 00:32:32
5,3,0,False,0,0.7,3,0.29,6,0.01,1,0.0,2,0.0,2,0 days 00:30:49
5,3,1,False,1,0.65,0,0.2458333333333333,6,0.10416666666666669,2,0.0,3,0.0,5,0 days 00:38:20
5,3,6,False,6,0.64,2,0.18,3,0.13,0,0.05,1,0.0,3,0 days 00:30:53
5,1,1,True,1,0.5542857142857142,2,0.40571428571428586,3,0.03,4,0.01,0,0.0,1,0 days 00:04:33
5,1,6,False,6,0.89,2,0.09,1,0.02,0,0.0,3,0.0,3,0 days 00:17:19
5,1,2,False,2,0.35,1,0.34275,0,0.28725,6,0.016666666666666666,4,0.003333333333333333,2,0 days 00:23:39
5,2,0,False,0,0.61,3,0.21147619047619046,2,0.17852380952380956,1,0.0,4,0.0,3,0 days 00:53:24
5,1,6,False,6,0.5278333333333335,2,0.4221666666666665,1,0.05,0,0.0,3,0.0,3,0 days 00:17:46
5,2,3,False,3,0.69,4,0.15150000000000002,1,0.14183333333333334,2,0.008333333333333333,6,0.008333333333333333,4,0 days 00:15:33
5,2,0,False,0,0.48,3,0.4725,2,0.0475,1,0.0,4,0.0,3,0 days 00:53:21
5,1,0,False,0,0.65,2,0.25,3,0.1,1,0.0,4,0.0,4,0 days 00:41:40
5,2,6,False,6,0.7,3,0.21,2,0.09,1,0.0,0,0.0,3,0 days 01:05:19
5,2,0,False,0,0.56,3,0.41,6,0.03,1,0.0,2,0.0,5,0 days 00:59:58
5,2,2,True,2,0.6,6,0.27,0,0.13,1,0.0,3,0.0,1,0 days 01:04:57
5,2,1,False,1,0.5542857142857142,2,0.40571428571428586,3,0.03,4,0.01,0,0.0,2,0 days 00:04:35
5,2,2,True,2,0.88,0,0.12,1,0.0,3,0.0,4,0.0,1,0 days 01:27:57
5,2,1,False,1,0.51,3,0.46,0,0.03,2,0.0,4,0.0,4,0 days 00:44:21
5,2,6,False,6,0.7823928571428571,2,0.21260714285714283,1,0.005,0,0.0,3,0.0,2,0 days 00:16:00
5,2,3,False,3,0.89,6,0.09,2,0.02,1,0.0,0,0.0,3,0 days 00:58:49
5,2,3,False,3,0.97,0,0.03,1,0.0,2,0.0,4,0.0,4,0 days 00:54:22
5,2,0,False,0,0.89,2,0.08,3,0.03,1,0.0,4,0.0,2,0 days 00:45:10
5,1,2,False,2,0.67,1,0.33,0,0.0,3,0.0,4,0.0,2,0 days 00:09:47
5,2,2,True,2,0.59,5,0.28,1,0.11,6,0.02,3,0.0,1,0 days 00:08:18
5,1,4,False,4,0.72,3,0.28,1,0.0,0,0.0,2,0.0,3,0 days 00:34:37
5,6,6,True,6,0.8,0,0.19333333333333333,1,0.006666666666666666,2,0.0,3,0.0,1,0 days 00:01:18
5,0,6,False,6,0.6691428571428572,2,0.2983571428571428,1,0.0325,0,0.0,3,0.0,4,0 days 00:16:17
5,6,0,False,0,0.66,3,0.19366666666666668,1,0.12633333333333333,4,0.01,6,0.01,5,0 days 00:30:40
5,6,6,True,6,0.5697619047619047,2,0.4002380952380953,4,0.01625,1,0.01375,3,0.0,1,0 days 00:15:53
5,6,3,False,3,0.8683333333333334,6,0.08,4,0.03,1,0.011666666666666665,0,0.01,2,0 days 00:30:25
5,6,2,False,2,0.8085357142857142,3,0.08420238095238096,1,0.0785952380952381,6,0.028666666666666667,0,0.0,4,0 days 00:16:10
5,0,1,False,1,0.65,0,0.12,2,0.11466666666666667,4,0.10533333333333332,6,0.01,2,0 days 00:02:11
5,6,0,False,0,0.67,6,0.23,2,0.1,1,0.0,3,0.0,2,0 days 00:55:08
5,6,5,False,5,0.5159523809523808,1,0.4840476190476191,2,0.0,0,0.0,3,0.0,7,0 days 00:15:41
5,6,6,True,6,0.51825,3,0.4817499999999999,1,0.0,0,0.0,2,0.0,1,0 days 01:01:56
5,3,3,True,3,0.5096904761904762,4,0.4003095238095238,0,0.08,2,0.01,1,0.0,1,0 days 00:33:39
5,2,6,False,6,0.6,3,0.20733333333333334,1,0.19266666666666665,0,0.0,2,0.0,5,0 days 00:27:05
5,0,0,True,0,0.6533333333333334,1,0.29,6,0.056666666666666664,2,0.0,3,0.0,1,0 days 00:38:21
5,2,5,False,5,0.64,3,0.25,0,0.09,2,0.02,1,0.0,4,0 days 00:45:25
5,0,0,True,0,0.67,2,0.28,6,0.05,1,0.0,3,0.0,1,0 days 01:18:28
5,2,2,True,2,0.6725238095238093,6,0.2474761904761904,1,0.06166666666666666,3,0.018333333333333333,0,0.0,1,0 days 00:15:03
5,3,3,True,3,0.69,2,0.17,0,0.14,1,0.0,4,0.0,1,0 days 00:49:39
5,0,2,False,2,0.73,0,0.27,1,0.0,3,0.0,4,0.0,2,0 days 01:28:17
5,2,1,False,1,0.73,6,0.27,2,0.0,0,0.0,3,0.0,3,0 days 00:20:14
5,2,0,False,0,0.63,3,0.2,2,0.17,1,0.0,4,0.0,3,0 days 00:44:49
5,3,0,False,0,0.92,3,0.05,6,0.03,1,0.0,2,0.0,2,0 days 00:54:13
5,5,1,False,1,0.46049999999999996,6,0.43450000000000005,2,0.08,0,0.025,3,0.0,7,0 days 00:15:12
5,0,1,False,1,0.7,6,0.22,2,0.08,0,0.0,3,0.0,4,0 days 00:07:50
5,1,1,True,1,0.75,2,0.25,0,0.0,3,0.0,4,0.0,1,0 days 00:12:03
5,3,3,True,3,0.53,2,0.45,0,0.02,1,0.0,4,0.0,1,0 days 00:41:52
5,4,2,False,2,0.5994166666666666,1,0.34883333333333333,0,0.035916666666666666,6,0.01583333333333333,3,0.0,6,0 days 00:15:18
5,1,0,False,0,0.63,6,0.24,1,0.1,3,0.02,2,0.01,3,0 days 00:25:18
5,0,3,False,3,0.69,0,0.3,2,0.01,1,0.0,4,0.0,2,0 days 00:43:33
5,0,2,False,2,0.67,1,0.19,6,0.11,0,0.02,3,0.01,4,0 days 00:37:55
5,2,2,True,2,0.63,3,0.31833333333333336,6,0.04166666666666667,0,0.01,1,0.0,1,0 days 00:48:49
5,1,2,False,2,0.7333928571428574,0,0.18733333333333338,6,0.06927380952380953,1,0.01,3,0.0,4,0 days 00:15:22
5,1,2,False,2,0.99,6,0.01,1,0.0,0,0.0,3,0.0,3,0 days 00:16:21
5,1,4,False,4,0.3474126984126984,6,0.32145634920634925,1,0.312797619047619,2,0.018333333333333333,3,0.0,3,0 days 00:15:26
5,1,2,False,2,0.7906190476190477,1,0.1451547619047619,4,0.06422619047619048,0,0.0,3,0.0,2,0 days 00:15:17
5,6,2,False,2,0.8086190476190477,4,0.10389285714285712,1,0.08748809523809524,0,0.0,3,0.0,7,0 days 00:15:15
5,6,6,True,6,0.67,1,0.2,0,0.1,2,0.03,3,0.0,1,0 days 00:19:20
5,6,2,False,2,0.7511666666666668,5,0.13,1,0.10883333333333335,4,0.01,3,0.0,7,0 days 00:15:37
5,0,6,False,6,0.86,0,0.09,3,0.05,1,0.0,2,0.0,2,0 days 00:59:32
5,0,3,False,3,0.5105000000000001,2,0.4594999999999999,0,0.03,1,0.0,4,0.0,3,0 days 00:51:56
5,0,6,False,6,0.76,3,0.15,2,0.09,1,0.0,0,0.0,5,0 days 01:07:49
5,3,1,False,1,0.655,6,0.18333333333333332,0,0.14666666666666667,4,0.01,3,0.005,5,0 days 00:15:06
5,4,3,False,3,0.71,1,0.22,0,0.04,4,0.03,2,0.0,4,0 days 00:22:21
5,3,0,False,0,0.64,3,0.34,2,0.02,1,0.0,4,0.0,2,0 days 00:44:14
5,3,2,False,2,0.41,3,0.2885833333333333,6,0.27141666666666664,1,0.03,0,0.0,2,0 days 00:37:44
5,4,3,False,3,0.9416666666666665,1,0.04833333333333334,6,0.01,0,0.0,2,0.0,6,0 days 00:16:55
6,2,2,True,2,0.65,6,0.21266666666666673,1,0.13733333333333336,0,0.0,3,0.0,1,0 days 00:17:18
6,2,1,False,1,0.4718571428571428,3,0.3831428571428572,6,0.13,2,0.015,0,0.0,4,0 days 00:16:05
6,0,2,False,2,0.95,6,0.03,0,0.02,1,0.0,3,0.0,3,0 days 00:57:09
6,2,2,True,2,0.5684999999999999,6,0.42983333333333335,3,0.0016666666666666666,1,0.0,0,0.0,1,0 days 00:15:51
6,2,1,False,1,0.9725,2,0.024166666666666666,6,0.003333333333333333,0,0.0,3,0.0,2,0 days 00:16:12
6,2,2,True,2,0.56,6,0.36114285714285715,0,0.07885714285714286,1,0.0,3,0.0,1,0 days 01:09:33
6,3,3,True,3,0.87,4,0.07,1,0.05,6,0.01,2,0.0,1,0 days 00:34:47
6,4,6,False,6,0.669,2,0.3,5,0.017666666666666667,1,0.013333333333333332,3,0.0,7,0 days 00:15:14
6,4,3,False,3,0.5,6,0.42,0,0.08,1,0.0,2,0.0,6,0 days 00:30:36
6,3,2,False,2,0.5671684704184706,6,0.15830591630591626,4,0.14145544733044735,1,0.13307016594516594,3,0.0,5,0 days 00:16:15
6,5,1,False,1,0.7,6,0.28,4,0.02,0,0.0,3,0.0,7,0 days 00:06:03
6,5,0,False,0,0.69,3,0.28,6,0.02,2,0.01,1,0.0,7,0 days 00:56:13
6,1,2,False,2,0.63,1,0.25,3,0.12,0,0.0,4,0.0,2,0 days 00:23:08
6,6,3,False,3,0.88,2,0.11,6,0.01,1,0.0,0,0.0,3,0 days 00:37:45
6,0,1,False,1,0.86,2,0.08,4,0.03483333333333333,6,0.025166666666666667,3,0.0,6,0 days 00:23:38
6,1,3,False,3,0.72,0,0.23,6,0.05,1,0.0,2,0.0,4,0 days 00:30:38
6,0,6,False,6,0.87,1,0.11,3,0.01,2,0.01,0,0.0,5,0 days 00:16:51
6,1,2,False,2,0.4875952380952381,3,0.47773809523809524,6,0.034666666666666665,1,0.0,0,0.0,4,0 days 00:32:13
6,6,2,False,2,0.595,6,0.21458333333333332,0,0.17291666666666664,3,0.0175,1,0.0,2,0 days 00:31:54
6,6,3,False,3,0.86,0,0.11,6,0.02,2,0.01,1,0.0,3,0 days 00:37:07
6,6,3,False,3,0.6,6,0.27,2,0.1,0,0.03,1,0.0,2,0 days 01:12:53
6,3,3,True,3,0.3427738095238093,1,0.3228571428571428,2,0.3177023809523809,6,0.01,0,0.006666666666666666,1,0 days 00:17:28
6,3,0,False,0,0.66,3,0.28,2,0.06,1,0.0,4,0.0,2,0 days 01:32:28
6,3,0,False,0,0.56,6,0.41,2,0.03,1,0.0,3,0.0,5,0 days 01:11:38
6,3,4,False,4,0.63,1,0.34,5,0.03,0,0.0,3,0.0,5,0 days 00:06:57
6,3,2,False,2,0.87,6,0.11,3,0.02,1,0.0,0,0.0,3,0 days 00:55:53
6,3,2,False,2,0.59,6,0.25702380952380954,1,0.1529761904761905,0,0.0,3,0.0,5,0 days 00:18:11
6,3,6,False,6,0.5361666666666667,0,0.38,4,0.03666666666666667,3,0.024333333333333332,1,0.02283333333333333,4,0 days 00:16:28
6,3,6,False,6,0.86,3,0.12,1,0.02,0,0.0,2,0.0,2,0 days 00:26:32
6,3,3,True,3,1.0,0,0.0,1,0.0,2,0.0,4,0.0,1,0 days 00:48:28
6,3,3,True,3,0.61,2,0.31761904761904763,0,0.07238095238095238,1,0.0,4,0.0,1,0 days 00:54:49
6,1,1,True,1,0.68,2,0.3,5,0.02,0,0.0,3,0.0,1,0 days 00:11:01
6,0,3,False,3,0.66,2,0.3,0,0.04,1,0.0,4,0.0,3,0 days 01:17:23
6,1,5,False,5,0.49003571428571424,6,0.25104761904761896,1,0.24891666666666648,2,0.01,3,0.0,3,0 days 00:15:41
6,0,0,True,0,0.87,2,0.057666666666666665,6,0.04,3,0.03233333333333333,1,0.0,1,0 days 00:46:27
6,3,6,False,6,0.67,2,0.25,1,0.04,0,0.03,3,0.01,5,0 days 00:40:28
6,1,3,False,3,1.0,0,0.0,1,0.0,2,0.0,4,0.0,3,0 days 00:48:26
6,2,2,True,2,0.7,3,0.28,6,0.02,1,0.0,0,0.0,1,0 days 01:25:24
6,0,2,False,2,0.62,0,0.22,3,0.145,5,0.015,1,0.0,2,0 days 00:52:33
6,2,0,False,0,0.61,1,0.20149999999999996,4,0.14516666666666667,6,0.04333333333333333,3,0.0,6,0 days 00:16:27
6,2,6,False,6,0.669,2,0.3,5,0.017666666666666667,1,0.013333333333333332,3,0.0,2,0 days 00:15:14
6,2,0,False,0,0.68,2,0.31,3,0.01,1,0.0,4,0.0,2,0 days 00:49:58
6,2,1,False,1,0.69,3,0.26,6,0.05,0,0.0,2,0.0,5,0 days 00:28:19
6,2,0,False,0,0.86,3,0.09,2,0.05,1,0.0,4,0.0,3,0 days 00:39:31
6,0,3,False,3,0.88,2,0.073,6,0.047,1,0.0,0,0.0,5,0 days 00:31:27
6,2,1,False,1,0.7973333333333332,6,0.18266666666666664,4,0.02,0,0.0,3,0.0,6,0 days 00:16:24
6,6,2,False,2,0.44349999999999995,3,0.4065000000000001,1,0.11499999999999998,6,0.035,0,0.0,4,0 days 00:17:03
6,6,5,False,5,0.68,3,0.3,1,0.01,0,0.01,2,0.0,7,0 days 00:36:03
6,0,0,True,0,0.71,3,0.28,2,0.01,1,0.0,4,0.0,1,0 days 01:02:41
6,1,4,False,4,0.69,3,0.15333333333333335,6,0.09666666666666666,1,0.04,2,0.02,4,0 days 00:25:30
6,6,3,False,3,0.61,2,0.28,0,0.08,6,0.03,1,0.0,4,0 days 01:12:45
6,6,2,False,2,0.47321428571428564,1,0.43678571428571433,6,0.07,3,0.02,0,0.0,3,0 days 00:24:54
6,1,2,False,2,0.45,0,0.37,3,0.18,1,0.0,4,0.0,4,0 days 00:44:05
6,1,1,True,1,0.65,3,0.27,2,0.08,0,0.0,4,0.0,1,0 days 00:17:09
6,0,3,False,3,0.59,2,0.31,6,0.09,0,0.01,1,0.0,4,0 days 01:06:29
6,6,1,False,1,0.58,3,0.38,2,0.04,0,0.0,4,0.0,7,0 days 00:22:57
6,3,0,False,0,0.71,3,0.2,2,0.06,6,0.03,1,0.0,2,0 days 01:11:09
6,3,1,False,1,0.7650389610389609,2,0.23096103896103887,6,0.004,0,0.0,3,0.0,5,0 days 00:15:30
6,3,3,True,3,0.71,6,0.28,0,0.01,1,0.0,2,0.0,1,0 days 01:34:31
6,3,2,False,2,0.6506666666666667,4,0.26805555555555555,1,0.05666666666666667,6,0.024611111111111108,3,0.0,5,0 days 00:15:33
6,3,2,False,2,0.597,3,0.40299999999999997,1,0.0,0,0.0,4,0.0,2,0 days 00:39:44
6,3,1,False,1,0.37342857142857144,2,0.3537619047619048,0,0.2623095238095237,6,0.0105,3,0.0,5,0 days 00:15:43
6,3,3,True,3,0.82,5,0.16,1,0.01,0,0.01,2,0.0,1,0 days 00:35:59
6,3,6,False,6,0.97,3,0.03,1,0.0,0,0.0,2,0.0,2,0 days 01:02:01
6,3,1,False,1,0.88,2,0.06,4,0.06,0,0.0,3,0.0,5,0 days 00:08:31
6,3,3,True,3,0.68,2,0.26,0,0.06,1,0.0,4,0.0,1,0 days 00:44:10
6,3,0,False,0,0.8826666666666668,2,0.07500000000000001,6,0.042333333333333334,1,0.0,3,0.0,5,0 days 01:02:33
6,0,3,False,3,0.6,0,0.23,5,0.16,2,0.01,1,0.0,2,0 days 00:45:21
6,3,2,False,2,0.915,3,0.085,1,0.0,0,0.0,4,0.0,2,0 days 00:39:41
6,0,2,False,2,0.66,0,0.17733333333333332,3,0.16266666666666665,1,0.0,4,0.0,2,0 days 00:45:03
6,2,1,False,1,0.6424464285714285,2,0.20364682539682538,6,0.05291269841269842,0,0.0525,4,0.04849404761904761,2,0 days 00:16:16
6,2,3,False,3,0.78,0,0.22,1,0.0,2,0.0,4,0.0,4,0 days 01:03:18
6,2,1,False,1,0.5243809523809524,2,0.37561904761904763,6,0.1,0,0.0,3,0.0,2,0 days 00:16:07
6,3,6,False,6,0.9,2,0.09,3,0.01,1,0.0,0,0.0,3,0 days 01:05:13
6,3,2,False,2,0.7,0,0.23,6,0.07,1,0.0,3,0.0,5,0 days 01:04:04
6,2,3,False,3,0.67,0,0.24,2,0.05,6,0.04,1,0.0,3,0 days 01:03:32
6,2,0,False,0,0.66,3,0.18,2,0.16,1,0.0,4,0.0,3,0 days 00:49:50
6,0,0,True,0,0.66,3,0.32,2,0.02,1,0.0,4,0.0,1,0 days 01:31:25
6,0,3,False,3,0.55,2,0.43,1,0.02,0,0.0,4,0.0,4,0 days 00:22:50
6,0,3,False,3,0.59,6,0.29,0,0.12,1,0.0,2,0.0,3,0 days 01:04:35
6,2,3,False,3,0.56,6,0.23,1,0.17,2,0.04,0,0.0,4,0 days 00:25:56
6,0,2,False,2,0.56,6,0.36114285714285715,0,0.07885714285714286,1,0.0,3,0.0,3,0 days 01:09:33
6,1,3,False,3,0.57,4,0.3225,1,0.1075,0,0.0,2,0.0,3,0 days 00:03:56
6,1,1,True,1,0.48160317460317453,6,0.4783968253968255,2,0.03166666666666666,0,0.008333333333333333,3,0.0,1,0 days 00:15:44
6,2,6,False,6,0.66,1,0.17338095238095239,2,0.11745238095238095,3,0.049166666666666664,0,0.0,3,0 days 00:16:06
6,1,3,False,3,0.64,0,0.19,4,0.12,1,0.04,2,0.01,4,0 days 00:15:06
6,0,3,False,3,0.63,1,0.25,0,0.1,2,0.02,4,0.0,3,0 days 00:37:59
6,1,6,False,6,0.5870000000000001,4,0.29600000000000004,5,0.07,2,0.045,1,0.002,5,0 days 00:15:35
6,6,6,True,6,0.92,1,0.08,2,0.0,0,0.0,3,0.0,1,0 days 00:27:51
6,6,2,False,2,0.4371666666666667,0,0.4353333333333334,1,0.12,6,0.005,3,0.0025,4,0 days 00:15:47
6,1,6,False,6,0.467,3,0.46299999999999997,2,0.07,1,0.0,0,0.0,4,0 days 00:32:00
6,1,4,False,4,0.63,6,0.2407142857142858,3,0.06592460317460318,2,0.06336111111111112,0,0.0,6,0 days 00:15:54
6,6,2,False,2,0.4235714285714287,0,0.414047619047619,1,0.095,6,0.06202380952380952,4,0.005357142857142857,4,0 days 00:16:17
6,6,6,True,6,0.81,0,0.19,2,0.0,1,0.0,3,0.0,1,0 days 00:01:17
6,2,1,False,1,0.5092460317460317,2,0.49075396825396844,0,0.0,3,0.0,4,0.0,2,0 days 00:09:53
6,6,4,False,4,0.63,3,0.22,6,0.11,2,0.03,0,0.01,3,0 days 01:14:03
6,6,1,False,1,0.7973333333333332,6,0.18266666666666664,4,0.02,0,0.0,3,0.0,2,0 days 00:16:24
6,3,0,False,0,0.72,3,0.22,2,0.05,6,0.01,1,0.0,2,0 days 00:56:19
6,4,0,False,0,0.82,3,0.16,4,0.02,1,0.0,2,0.0,3,0 days 00:21:38
6,3,2,False,2,0.84,0,0.10399999999999998,3,0.05600000000000001,1,0.0,4,0.0,3,0 days 01:00:25
6,1,4,False,4,0.7082222222222222,2,0.15,6,0.09644444444444446,5,0.04,1,0.005333333333333333,5,0 days 00:15:34
6,1,6,False,6,0.669,2,0.3,5,0.017666666666666667,1,0.013333333333333332,3,0.0,4,0 days 00:15:14
6,0,3,False,3,0.67,2,0.33,1,0.0,0,0.0,4,0.0,4,0 days 01:16:13
6,1,1,True,1,0.99,2,0.01,0,0.0,3,0.0,4,0.0,1,0 days 00:13:42
6,2,3,False,3,0.7859999999999999,2,0.214,1,0.0,0,0.0,4,0.0,2,0 days 00:53:29
6,2,6,False,6,0.61,0,0.22,2,0.17,1,0.0,3,0.0,3,0 days 00:50:25
6,2,3,False,3,0.88,2,0.08,6,0.03,1,0.01,0,0.0,2,0 days 00:33:52
6,1,6,False,6,0.5111031746031746,1,0.2508373015873015,3,0.23805952380952378,0,0.0,2,0.0,2,0 days 00:16:30
6,1,1,True,1,0.66,3,0.22,2,0.09,5,0.02,6,0.01,1,0 days 00:14:34
6,0,0,True,0,0.66,3,0.26,4,0.07,2,0.01,1,0.0,1,0 days 00:49:08
6,2,2,True,2,0.98,3,0.02,1,0.0,0,0.0,4,0.0,1,0 days 01:27:31
6,2,2,True,2,0.48949999999999994,1,0.4588333333333333,6,0.05166666666666666,0,0.0,3,0.0,1,0 days 00:16:11
6,2,2,True,2,0.66,0,0.19,3,0.14,6,0.01,1,0.0,1,0 days 00:55:13
6,2,2,True,2,0.47321428571428564,1,0.43678571428571433,6,0.07,3,0.02,0,0.0,1,0 days 00:24:53
6,2,2,True,2,0.7068333333333334,6,0.2531666666666667,1,0.03,3,0.01,0,0.0,1,0 days 00:15:03
6,2,2,True,2,0.6,4,0.27,3,0.12,6,0.01,0,0.0,1,0 days 01:08:53
6,0,3,False,3,0.61,2,0.3608333333333333,0,0.029166666666666664,1,0.0,4,0.0,3,0 days 00:53:04
6,4,5,False,5,0.62,1,0.33,2,0.05,0,0.0,3,0.0,6,0 days 00:10:36
6,3,0,False,0,0.64,3,0.336,6,0.014000000000000002,1,0.01,2,0.0,2,0 days 00:37:30
6,0,6,False,6,0.66,2,0.19,3,0.1,4,0.05,0,0.0,5,0 days 01:13:20
6,6,0,False,0,0.59,3,0.24,6,0.09,4,0.08,2,0.0,3,0 days 00:15:07
6,0,3,False,3,0.97,2,0.03,1,0.0,0,0.0,4,0.0,4,0 days 00:30:49
6,2,0,False,0,0.81,3,0.166,6,0.014000000000000002,1,0.01,2,0.0,5,0 days 00:37:32
6,6,3,False,3,0.58,0,0.4,2,0.02,1,0.0,4,0.0,7,0 days 00:53:47
6,0,3,False,3,0.9,2,0.07,0,0.03,1,0.0,4,0.0,3,0 days 00:44:12
6,1,0,False,0,0.63,1,0.32,6,0.04333333333333334,3,0.006666666666666666,2,0.0,2,0 days 00:25:21
6,6,6,True,6,0.46,0,0.4475,1,0.0425,3,0.03,4,0.02,1,0 days 00:15:08
6,6,3,False,3,0.68,1,0.26,6,0.06,0,0.0,2,0.0,3,0 days 00:28:16
6,3,3,True,3,0.68,2,0.26,0,0.06,1,0.0,4,0.0,1,0 days 00:44:09
6,6,6,True,6,0.99,0,0.01,2,0.0,1,0.0,3,0.0,1,0 days 00:00:55
6,6,2,False,2,0.4235714285714287,0,0.414047619047619,1,0.095,6,0.06202380952380952,4,0.005357142857142857,4,0 days 00:16:17
6,3,6,False,6,0.68,2,0.19,1,0.12,3,0.01,0,0.0,4,0 days 00:27:28
6,3,0,False,0,0.5208333333333334,2,0.40416666666666673,3,0.075,1,0.0,4,0.0,3,0 days 00:51:56
6,3,3,True,3,0.9,0,0.06,2,0.04,1,0.0,4,0.0,1,0 days 00:32:31
6,3,6,False,6,0.54,3,0.46,1,0.0,0,0.0,2,0.0,2,0 days 00:30:26
7,0,0,True,0,0.67,2,0.32,3,0.01,1,0.0,4,0.0,1,0 days 01:28:36
7,0,3,False,3,0.66,0,0.22,2,0.12,1,0.0,4,0.0,2,0 days 00:47:08
7,0,2,False,2,0.7,3,0.29,1,0.01,0,0.0,4,0.0,4,0 days 00:41:48
7,3,0,False,0,0.71,3,0.17,2,0.09,6,0.03,1,0.0,2,0 days 00:40:41
7,3,0,False,0,0.62,3,0.29983333333333334,6,0.04016666666666666,2,0.03,1,0.01,2,0 days 00:41:22
7,3,0,False,0,0.62,3,0.33,6,0.05,1,0.0,2,0.0,2,0 days 00:38:38
7,1,1,True,1,0.28320238095238087,0,0.24149603174603165,2,0.2347142857142857,3,0.2255873015873015,6,0.008333333333333333,1,0 days 00:15:42
7,2,0,False,0,0.4621666666666666,3,0.457,2,0.06083333333333333,1,0.02,4,0.0,3,0 days 00:16:37
7,2,3,False,3,0.975,2,0.025,1,0.0,0,0.0,4,0.0,2,0 days 00:45:40
7,2,2,True,2,0.35,0,0.34595238095238096,3,0.294047619047619,6,0.01,1,0.0,1,0 days 00:55:14
7,3,6,False,6,0.655,1,0.25,3,0.07,2,0.025,0,0.0,3,0 days 00:32:01
7,6,2,False,2,0.6,0,0.26,3,0.10333333333333333,5,0.02,6,0.016666666666666666,5,0 days 01:01:11
7,2,2,True,2,0.71,3,0.25,0,0.04,1,0.0,4,0.0,1,0 days 01:28:54
7,6,6,True,6,0.6681984126984126,2,0.17586904761904754,0,0.15593253968253973,1,0.0,3,0.0,1,0 days 00:16:18
7,6,3,False,3,0.9,0,0.08,6,0.02,1,0.0,2,0.0,3,0 days 00:37:19
7,6,1,False,1,0.7567640692640693,6,0.2332359307359307,2,0.01,0,0.0,3,0.0,2,0 days 00:15:44
7,6,2,False,2,0.57,6,0.3,0,0.12,3,0.01,1,0.0,2,0 days 00:40:45
7,2,4,False,4,0.61,3,0.32,6,0.06,2,0.01,0,0.0,4,0 days 01:06:08
7,6,1,False,1,0.7727777777777777,4,0.1572222222222222,3,0.047857142857142855,2,0.022142857142857145,0,0.0,7,0 days 00:15:35
7,6,1,False,1,0.69,2,0.21,6,0.09999999999999998,0,0.0,3,0.0,3,0 days 00:17:01
7,3,1,False,1,0.6,6,0.21,2,0.18,3,0.01,0,0.0,4,0 days 00:34:04
7,1,1,True,1,0.8734999999999999,2,0.12,6,0.006500000000000001,0,0.0,3,0.0,1,0 days 00:15:56
7,6,1,False,1,0.6758333333333333,2,0.29,6,0.034166666666666665,0,0.0,3,0.0,3,0 days 00:17:19
7,6,6,True,6,0.8966666666666666,1,0.10333333333333332,2,0.0,0,0.0,3,0.0,1,0 days 00:18:41
7,0,6,False,6,0.61,3,0.31,0,0.08,1,0.0,2,0.0,3,0 days 01:11:41
7,6,3,False,3,0.9,2,0.08,6,0.02,1,0.0,0,0.0,3,0 days 01:17:46
7,0,2,False,2,0.67,3,0.265,0,0.065,1,0.0,4,0.0,3,0 days 01:17:18
7,3,3,True,3,0.6,4,0.39,0,0.01,1,0.0,2,0.0,1,0 days 00:22:13
7,3,3,True,3,0.7683333333333331,6,0.16166666666666668,2,0.07,1,0.0,0,0.0,1,0 days 00:41:16
7,3,6,False,6,0.86,2,0.1,1,0.04,0,0.0,3,0.0,5,0 days 00:15:49
7,3,6,False,6,0.43216666666666675,2,0.4078333333333333,1,0.15,3,0.01,0,0.0,4,0 days 00:17:03
7,3,6,False,6,0.59,2,0.25,5,0.12,0,0.02,3,0.02,5,0 days 00:56:04
7,3,6,False,6,0.7,1,0.16833333333333336,2,0.13166666666666668,0,0.0,3,0.0,5,0 days 00:16:47
7,3,3,True,3,0.86,2,0.12,6,0.02,1,0.0,0,0.0,1,0 days 01:17:50
7,3,0,False,0,0.72,6,0.17,3,0.09,2,0.02,1,0.0,3,0 days 01:07:43
7,3,2,False,2,0.54,0,0.46,1,0.0,3,0.0,4,0.0,4,0 days 01:31:01
7,1,6,False,6,0.8966666666666666,1,0.10333333333333332,2,0.0,0,0.0,3,0.0,2,0 days 00:18:42
7,1,2,False,2,0.6616666666666667,6,0.18,1,0.14833333333333332,3,0.01,0,0.0,3,0 days 00:05:00
7,2,0,False,0,0.68,3,0.21,2,0.11,1,0.0,4,0.0,3,0 days 00:47:23
7,1,2,False,2,0.4824166666666667,3,0.40800000000000003,6,0.10833333333333332,1,0.00125,0,0.0,4,0 days 00:16:05
7,0,3,False,3,0.89,0,0.1,2,0.01,1,0.0,4,0.0,2,0 days 01:15:46
7,2,6,False,6,0.57,0,0.21,3,0.21,2,0.01,1,0.0,4,0 days 00:46:34
7,2,1,False,1,0.4951666666666666,2,0.44483333333333336,6,0.04166666666666666,3,0.018333333333333333,0,0.0,2,0 days 00:16:02
7,0,3,False,3,0.82,2,0.12,1,0.03,0,0.03,4,0.0,4,0 days 00:50:56
7,2,0,False,0,0.71,6,0.28,3,0.01,1,0.0,2,0.0,5,0 days 01:18:24
7,2,6,False,6,0.73,0,0.26,4,0.01,1,0.0,3,0.0,6,0 days 01:13:36
7,0,3,False,3,0.9441666666666667,6,0.05583333333333333,1,0.0,0,0.0,2,0.0,4,0 days 01:03:08
7,2,0,False,0,0.6363888888888888,6,0.313611111111111,2,0.03666666666666667,1,0.013333333333333332,3,0.0,3,0 days 00:15:21
7,3,0,False,0,0.6854999999999998,6,0.2845,1,0.021666666666666664,3,0.008333333333333333,2,0.0,4,0 days 00:38:11
7,3,1,False,1,0.52,2,0.46,6,0.02,0,0.0,3,0.0,5,0 days 00:18:52
7,0,2,False,2,0.6,3,0.38,6,0.02,1,0.0,0,0.0,5,0 days 01:00:00
7,6,3,False,3,0.5884404761904763,2,0.38389285714285715,6,0.021,1,0.006666666666666666,0,0.0,3,0 days 00:16:09
7,0,3,False,3,0.7666666666666667,2,0.14333333333333334,0,0.09,1,0.0,4,0.0,3,0 days 01:02:47
7,3,3,True,3,0.61,2,0.39,1,0.0,0,0.0,4,0.0,1,0 days 00:47:41
7,0,3,False,3,0.62,0,0.34,1,0.02,6,0.02,2,0.0,2,0 days 00:40:38
7,6,0,False,0,0.97,6,0.03,2,0.0,1,0.0,3,0.0,2,0 days 01:18:41
7,0,6,False,6,0.6,2,0.36,3,0.04,1,0.0,0,0.0,5,0 days 01:03:51
7,0,2,False,2,0.55,3,0.17,1,0.13299999999999998,4,0.12866666666666668,6,0.018333333333333333,6,0 days 00:16:27
7,3,1,False,1,0.7066666666666666,6,0.22166666666666668,4,0.04833333333333333,2,0.02,0,0.003333333333333333,6,0 days 00:23:29
7,3,2,False,2,0.61,6,0.23,3,0.12,0,0.04,1,0.0,3,0 days 01:02:57
7,3,3,True,3,0.485,2,0.48,0,0.035,1,0.0,4,0.0,1,0 days 01:17:17
7,3,1,False,1,0.71,6,0.2,3,0.05,2,0.04,0,0.0,3,0 days 00:23:00
7,0,3,False,3,1.0,0,0.0,1,0.0,2,0.0,4,0.0,2,0 days 00:32:41
7,1,6,False,6,0.69,2,0.1475,1,0.14250000000000002,0,0.02,3,0.0,3,0 days 00:16:49
7,2,3,False,3,0.75,2,0.22,0,0.03,1,0.0,4,0.0,2,0 days 00:47:12
7,2,2,True,2,0.9533333333333335,6,0.04666666666666666,1,0.0,0,0.0,3,0.0,1,0 days 00:15:50
7,2,0,False,0,0.64,3,0.27,2,0.09,1,0.0,4,0.0,3,0 days 01:00:58
7,1,2,False,2,0.61,1,0.39,0,0.0,3,0.0,4,0.0,2,0 days 00:11:45
7,0,2,False,2,0.6891666666666667,6,0.24,3,0.07083333333333335,1,0.0,0,0.0,5,0 days 01:03:41
7,2,2,True,2,0.40046428571428555,1,0.31453571428571414,4,0.27833333333333315,6,0.006666666666666666,3,0.0,1,0 days 00:18:18
7,1,2,False,2,0.56,0,0.32,6,0.05871428571428571,1,0.04257142857142857,3,0.018714285714285715,4,0 days 00:16:32
7,3,3,True,3,0.94,2,0.05,0,0.01,1,0.0,4,0.0,1,0 days 01:17:01
7,1,1,True,1,0.38980158730158715,2,0.3066428571428571,0,0.3035555555555555,3,0.0,4,0.0,1,0 days 00:17:33
7,2,2,True,2,0.8883809523809524,1,0.09161904761904763,6,0.015,0,0.005,3,0.0,1,0 days 00:16:20
7,2,1,False,1,0.98,2,0.01,3,0.005,6,0.005,0,0.0,2,0 days 00:18:00
7,2,0,False,0,0.66,2,0.2783333333333334,6,0.04166666666666667,3,0.02,1,0.0,2,0 days 00:23:47
7,2,3,False,3,0.8,2,0.2,1,0.0,0,0.0,4,0.0,2,0 days 01:42:36
7,2,6,False,6,0.58,3,0.21,2,0.2,0,0.01,1,0.0,3,0 days 00:25:09
7,3,2,False,2,0.5168809523809523,3,0.41228571428571426,1,0.07083333333333335,0,0.0,4,0.0,2,0 days 00:15:00
7,5,1,False,1,0.415,2,0.29366666666666663,6,0.2763333333333334,4,0.015,3,0.0,7,0 days 00:15:36
7,5,2,False,2,0.56,6,0.285,1,0.14666666666666667,4,0.005,0,0.003333333333333333,7,0 days 00:23:22
7,2,6,False,6,0.86,2,0.1,1,0.04,0,0.0,3,0.0,2,0 days 00:15:49
7,2,3,False,3,0.88,0,0.12,1,0.0,2,0.0,4,0.0,4,0 days 00:43:56
7,0,0,True,0,0.73,6,0.19,3,0.08,1,0.0,2,0.0,1,0 days 00:31:00
7,1,1,True,1,0.62,2,0.24,6,0.13,0,0.01,3,0.0,1,0 days 00:08:01
7,2,2,True,2,0.8109523809523809,0,0.18404761904761904,3,0.005,1,0.0,4,0.0,1,0 days 00:24:22
7,2,3,False,3,0.9079999999999999,6,0.08,0,0.012,1,0.0,2,0.0,5,0 days 00:30:52
7,6,2,False,2,0.7597857142857144,6,0.16951190476190475,1,0.07070238095238093,0,0.0,3,0.0,2,0 days 00:16:00
7,1,3,False,3,0.85,5,0.14,6,0.01,0,0.0,2,0.0,6,0 days 00:36:15
7,1,2,False,2,0.8106666666666666,6,0.14933333333333332,1,0.03333333333333333,5,0.006666666666666666,3,0.0,3,0 days 00:15:38
7,1,6,False,6,0.85,0,0.09,2,0.06,1,0.0,3,0.0,4,0 days 00:19:15
7,1,3,False,3,0.58,6,0.27,0,0.15,1,0.0,2,0.0,4,0 days 00:40:52
7,6,1,False,1,0.62,6,0.35,0,0.02,3,0.01,2,0.0,2,0 days 00:20:53
7,0,6,False,6,0.88,1,0.06,3,0.06,0,0.0,2,0.0,4,0 days 00:42:12
7,0,0,True,0,0.8916666666666667,3,0.05833333333333333,6,0.05,1,0.0,2,0.0,1,0 days 00:53:59
7,6,1,False,1,0.6758333333333333,2,0.29,6,0.034166666666666665,0,0.0,3,0.0,3,0 days 00:17:19
7,0,3,False,3,0.62,0,0.27099999999999996,2,0.07983333333333334,6,0.029166666666666664,1,0.0,2,0 days 01:02:32
7,6,3,False,3,0.61,2,0.28,1,0.08,6,0.03,0,0.0,4,0 days 00:26:04
7,6,6,True,6,0.65,0,0.2031666666666667,1,0.1468333333333333,2,0.0,3,0.0,1,0 days 00:01:33
7,6,2,False,2,0.67,3,0.25,6,0.07,0,0.01,1,0.0,3,0 days 01:07:18
7,3,2,False,2,0.72,3,0.22,1,0.03,0,0.03,4,0.0,2,0 days 00:50:54
7,3,3,True,3,0.72,6,0.28,1,0.0,0,0.0,2,0.0,1,0 days 02:04:44
7,4,3,False,3,0.69,0,0.3,2,0.01,1,0.0,4,0.0,5,0 days 00:49:03
7,3,2,False,2,0.9416666666666665,3,0.04833333333333333,0,0.01,1,0.0,4,0.0,2,0 days 01:00:14
7,3,3,True,3,0.94,2,0.06,1,0.0,0,0.0,4,0.0,1,0 days 00:44:32
7,3,2,False,2,0.63,0,0.3233333333333333,3,0.04666666666666666,1,0.0,4,0.0,3,0 days 00:54:19
7,2,6,False,6,0.49,0,0.46,3,0.05,1,0.0,2,0.0,5,0 days 00:31:32
7,1,2,False,2,0.59,1,0.20666666666666664,6,0.2,0,0.003333333333333333,3,0.0,2,0 days 00:23:20
7,1,3,False,3,0.5884404761904763,2,0.38389285714285715,6,0.021,1,0.006666666666666666,0,0.0,4,0 days 00:16:09
7,2,2,True,2,0.58,1,0.3178333333333334,6,0.10216666666666668,0,0.0,3,0.0,1,0 days 00:15:57
7,3,4,False,4,0.44,6,0.42,0,0.13,3,0.01,2,0.0,4,0 days 01:14:22
7,2,2,True,2,0.67,3,0.22249999999999998,0,0.10749999999999998,1,0.0,4,0.0,1,0 days 01:17:20
7,0,0,True,0,0.68,3,0.24,1,0.07,2,0.01,4,0.0,1,0 days 00:36:43
7,6,6,True,6,0.71,1,0.25,2,0.03,5,0.01,3,0.0,1,0 days 00:08:05
7,2,2,True,2,0.64,3,0.185,0,0.175,1,0.0,4,0.0,1,0 days 00:53:05
7,0,2,False,2,0.74,0,0.2,3,0.06,1,0.0,4,0.0,2,0 days 00:50:50
7,0,1,False,1,0.55,0,0.31,3,0.13,2,0.01,4,0.0,2,0 days 00:51:08
7,1,6,False,6,0.48099999999999987,3,0.33899999999999997,1,0.17,4,0.01,2,0.0,3,0 days 00:17:58
7,2,0,False,0,0.89,3,0.08,2,0.03,1,0.0,4,0.0,3,0 days 00:53:15
7,1,2,False,2,0.63,0,0.22405555555555556,6,0.14594444444444443,1,0.0,3,0.0,4,0 days 00:15:20
7,6,2,False,2,0.49,3,0.4,6,0.08,0,0.03,1,0.0,3,0 days 01:07:26
7,2,0,False,0,0.93,3,0.05,2,0.02,1,0.0,4,0.0,3,0 days 00:53:02
7,2,0,False,0,0.47400000000000014,3,0.426,2,0.1,1,0.0,4,0.0,3,0 days 00:52:09
7,6,6,True,6,0.56,2,0.36,3,0.07666666666666667,0,0.003333333333333333,1,0.0,1,0 days 01:07:08
7,1,0,False,0,0.66,1,0.23,2,0.08,3,0.03,4,0.0,2,0 days 00:26:55
7,1,2,False,2,0.7143373015873015,6,0.27566269841269825,3,0.01,1,0.0,0,0.0,4,0 days 00:15:02
7,4,1,False,1,0.551952380952381,2,0.18816269841269834,3,0.10311904761904764,4,0.08814285714285713,6,0.06862301587301589,4,0 days 00:15:31
7,4,1,False,1,0.37980158730158714,2,0.3166428571428571,0,0.3035555555555555,3,0.0,4,0.0,5,0 days 00:17:34
7,3,3,True,3,0.7,0,0.25916666666666666,2,0.030833333333333334,6,0.01,1,0.0,1,0 days 00:46:38
7,3,3,True,3,0.97,5,0.02,1,0.01,0,0.0,2,0.0,1,0 days 00:48:31
7,4,1,False,1,0.6449999999999999,6,0.3283333333333332,2,0.02,4,0.006666666666666666,3,0.0,4,0 days 00:15:26
7,3,0,False,0,0.518,2,0.42,3,0.062,1,0.0,4,0.0,3,0 days 00:53:10
7,3,0,False,0,0.91,3,0.09,1,0.0,2,0.0,4,0.0,2,0 days 00:45:00
7,3,3,True,3,0.65,0,0.33,2,0.02,1,0.0,4,0.0,1,0 days 00:49:33
7,3,3,True,3,0.81,0,0.19,1,0.0,2,0.0,4,0.0,1,0 days 00:36:30
8,0,3,False,3,0.62,2,0.33,0,0.03,6,0.02,1,0.0,3,0 days 00:55:15
8,2,2,True,2,0.538,3,0.43200000000000005,0,0.03,1,0.0,4,0.0,1,0 days 00:39:46
8,3,2,False,2,0.43,6,0.43,3,0.14,1,0.0,0,0.0,3,0 days 01:17:56
8,4,1,False,1,0.65,6,0.21667857142857144,2,0.07246428571428572,3,0.06085714285714285,0,0.0,6,0 days 00:15:54
8,5,2,False,2,0.87,4,0.1,1,0.03,0,0.0,3,0.0,6,0 days 00:10:26
8,3,3,True,3,0.8266666666666667,6,0.13333333333333333,2,0.04,1,0.0,0,0.0,1,0 days 00:41:16
8,2,0,False,0,0.83,2,0.14,3,0.03,1,0.0,4,0.0,2,0 days 00:50:43
8,3,6,False,6,0.58,3,0.33,2,0.09,1,0.0,0,0.0,2,0 days 01:17:46
8,1,3,False,3,0.89,0,0.11,1,0.0,2,0.0,4,0.0,3,0 days 00:51:01
8,0,2,False,2,0.54,0,0.34,3,0.12,1,0.0,4,0.0,2,0 days 00:39:30
8,6,6,True,6,0.86,1,0.14,2,0.0,0,0.0,3,0.0,1,0 days 00:27:53
8,6,0,False,0,0.64,4,0.1725,2,0.1575,1,0.03,3,0.0,7,0 days 00:02:39
8,1,6,False,6,0.8458333333333333,3,0.10416666666666666,2,0.03,1,0.02,0,0.0,4,0 days 00:17:01
8,1,0,False,0,0.71,1,0.17,2,0.09,4,0.016666666666666666,6,0.013333333333333332,2,0 days 00:23:38
8,1,3,False,3,0.68,1,0.16833333333333336,2,0.15166666666666662,0,0.0,4,0.0,2,0 days 00:24:03
8,0,3,False,3,0.64,2,0.25,6,0.11,1,0.0,0,0.0,5,0 days 01:19:18
8,2,2,True,2,0.72,6,0.2,3,0.06,5,0.02,0,0.0,1,0 days 01:24:46
8,6,1,False,1,0.7263333333333333,0,0.2,2,0.04366666666666667,6,0.03,3,0.0,4,0 days 00:16:50
8,4,2,False,2,0.86,3,0.13,6,0.01,1,0.0,0,0.0,6,0 days 01:39:19
8,3,0,False,0,0.58,6,0.23,2,0.15,3,0.04,1,0.0,4,0 days 01:20:42
8,3,3,True,3,0.77,6,0.18,0,0.03,2,0.02,1,0.0,1,0 days 00:42:22
8,3,2,False,2,0.64,0,0.35,3,0.01,1,0.0,4,0.0,3,0 days 00:46:22
8,1,1,True,1,0.66,3,0.24,2,0.07,6,0.03,0,0.0,1,0 days 00:18:49
8,0,6,False,6,0.4821666666666667,2,0.3678333333333333,0,0.12,3,0.03,1,0.0,3,0 days 00:31:33
8,2,6,False,6,0.5300714285714286,3,0.41992857142857143,1,0.05,0,0.0,2,0.0,5,0 days 00:17:03
8,2,3,False,3,0.665,6,0.305,0,0.03,1,0.0,2,0.0,5,0 days 01:02:57
8,2,2,True,2,0.67,0,0.27,3,0.06,1,0.0,4,0.0,1,0 days 00:46:19
8,2,3,False,3,0.64,0,0.35,2,0.01,1,0.0,4,0.0,3,0 days 01:30:50
8,2,6,False,6,0.52,3,0.33,0,0.15,1,0.0,2,0.0,5,0 days 01:11:26
8,2,3,False,3,0.955,0,0.04,2,0.005,1,0.0,4,0.0,3,0 days 00:39:56
8,2,0,False,0,0.7,3,0.18,2,0.12,1,0.0,4,0.0,3,0 days 00:55:23
8,0,3,False,3,0.65,2,0.32,6,0.03,1,0.0,0,0.0,5,0 days 01:19:35
8,2,6,False,6,0.65,2,0.32,1,0.03,0,0.0,3,0.0,2,0 days 00:23:43
8,2,2,True,2,0.5713333333333335,0,0.4186666666666667,3,0.01,1,0.0,4,0.0,1,0 days 00:24:19
8,3,0,False,0,0.62,3,0.38,1,0.0,2,0.0,4,0.0,2,0 days 00:32:38
8,0,3,False,3,0.512,0,0.44799999999999995,2,0.04,1,0.0,4,0.0,2,0 days 00:45:00
8,2,2,True,2,0.6892034632034633,3,0.2116525974025974,6,0.0991439393939394,1,0.0,0,0.0,1,0 days 00:48:47
8,0,3,False,3,0.67,2,0.1793333333333333,0,0.15066666666666667,1,0.0,4,0.0,3,0 days 00:46:41
8,1,5,False,5,0.64,2,0.20833333333333337,1,0.08916666666666666,0,0.05416666666666666,4,0.008333333333333333,3,0 days 00:15:12
8,1,3,False,3,0.61,1,0.34,2,0.05,0,0.0,4,0.0,2,0 days 00:27:13
8,6,3,False,3,0.5369999999999999,1,0.353,0,0.10666666666666667,6,0.003333333333333333,2,0.0,4,0 days 00:38:26
8,6,3,False,3,0.64,6,0.26,2,0.1,1,0.0,0,0.0,2,0 days 01:05:11
8,6,2,False,2,0.62,0,0.36,3,0.02,1,0.0,4,0.0,7,0 days 00:46:32
8,6,2,False,2,0.5626554834054833,1,0.16253565878565873,4,0.13828446553446552,3,0.13652439227439225,0,0.0,7,0 days 00:16:15
8,0,6,False,6,0.63,2,0.21,3,0.16,1,0.0,0,0.0,5,0 days 01:10:29
8,6,3,False,3,0.91,2,0.09,1,0.0,0,0.0,4,0.0,7,0 days 01:26:29
8,3,1,False,1,0.27979365079365076,3,0.269376984126984,2,0.2588055555555555,6,0.19202380952380949,0,0.0,2,0 days 00:16:09
8,4,2,False,2,0.37233333333333335,3,0.34,1,0.27766666666666656,0,0.01,4,0.0,5,0 days 00:23:55
8,3,3,True,3,0.77,6,0.22,2,0.01,1,0.0,0,0.0,1,0 days 01:51:50
8,3,3,True,3,0.9533333333333333,5,0.04,1,0.006666666666666666,0,0.0,2,0.0,1,0 days 00:48:31
8,3,3,True,3,0.61,2,0.3,0,0.09,1,0.0,4,0.0,1,0 days 00:47:15
8,3,2,False,2,0.84,0,0.13,3,0.03,1,0.0,4,0.0,3,0 days 00:47:11
8,3,2,False,2,0.75,0,0.19,3,0.06,1,0.0,4,0.0,3,0 days 00:32:53
8,3,0,False,0,0.72,2,0.18,1,0.05,3,0.05,4,0.0,4,0 days 00:44:00
8,3,3,True,3,0.8,6,0.19,2,0.01,1,0.0,0,0.0,1,0 days 02:01:20
8,1,6,False,6,0.89,3,0.08,1,0.018333333333333333,2,0.011666666666666665,0,0.0,3,0 days 00:16:45
8,2,3,False,3,0.6146666666666666,2,0.33533333333333337,0,0.05,1,0.0,4,0.0,2,0 days 00:53:26
8,2,6,False,6,0.9,3,0.1,1,0.0,0,0.0,2,0.0,5,0 days 01:07:23
8,2,1,False,1,0.8599285714285712,2,0.11383333333333333,5,0.014619047619047618,6,0.011619047619047619,3,0.0,2,0 days 00:15:39
8,3,3,True,3,0.69,0,0.27,1,0.04,2,0.0,4,0.0,1,0 days 00:41:01
8,0,2,False,2,0.9,3,0.1,1,0.0,0,0.0,4,0.0,4,0 days 00:56:34
8,0,5,False,5,0.38,3,0.3149285714285714,2,0.16569047619047617,6,0.13938095238095238,0,0.0,5,0 days 00:48:38
8,2,3,False,3,0.4675,0,0.45250000000000007,2,0.04,6,0.04,1,0.0,3,0 days 00:24:29
8,2,2,True,2,0.61,3,0.24,1,0.12,6,0.03,0,0.0,1,0 days 00:19:00
8,0,0,True,0,0.76,2,0.18,3,0.06,1,0.0,4,0.0,1,0 days 00:49:21
8,2,3,False,3,0.89,5,0.08,6,0.03,0,0.0,2,0.0,5,0 days 00:28:52
8,5,3,False,3,0.64,0,0.2,2,0.16,1,0.0,4,0.0,6,0 days 00:52:28
8,0,0,True,0,0.78,3,0.17,5,0.03,2,0.02,1,0.0,1,0 days 00:45:17
8,0,0,True,0,0.9933333333333333,2,0.003333333333333333,3,0.003333333333333333,1,0.0,4,0.0,1,0 days 00:51:44
8,2,3,False,3,0.7,1,0.16,5,0.09,6,0.05,2,0.0,5,0 days 00:14:29
8,3,3,True,3,0.93,2,0.07,1,0.0,0,0.0,4,0.0,1,0 days 00:46:04
8,2,1,False,1,1.0,0,0.0,2,0.0,3,0.0,4,0.0,3,0 days 00:11:37
8,0,2,False,2,0.68,3,0.23,1,0.08,0,0.01,4,0.0,4,0 days 00:36:57
8,0,0,True,0,0.49700000000000005,3,0.493,1,0.01,2,0.0,4,0.0,1,0 days 00:40:39
8,1,2,False,2,0.5203333333333332,6,0.3196666666666666,1,0.16,0,0.0,3,0.0,3,0 days 00:08:55
8,6,3,False,3,0.74,1,0.26,0,0.0,2,0.0,4,0.0,7,0 days 00:34:25
8,0,6,False,6,0.72,0,0.17716666666666664,1,0.10283333333333333,2,0.0,3,0.0,2,0 days 00:01:41
8,6,3,False,3,0.58,1,0.38,4,0.03,0,0.01,2,0.0,7,0 days 00:25:28
8,6,0,False,0,0.655,2,0.345,1,0.0,3,0.0,4,0.0,7,0 days 00:50:19
8,6,1,False,1,0.51,3,0.44,2,0.05,0,0.0,4,0.0,7,0 days 00:27:12
8,6,6,True,6,0.72,0,0.17716666666666664,1,0.10283333333333333,2,0.0,3,0.0,1,0 days 00:01:34
8,6,6,True,6,0.83,5,0.11,3,0.05,1,0.01,2,0.0,1,0 days 00:29:10
8,6,2,False,2,0.87,3,0.11,0,0.02,1,0.0,4,0.0,7,0 days 00:33:05
8,0,3,False,3,0.4675,0,0.45250000000000007,2,0.04,6,0.04,1,0.0,2,0 days 00:24:29
8,3,0,False,0,0.79,6,0.21,2,0.0,1,0.0,3,0.0,5,0 days 01:04:31
8,3,3,True,3,0.64,0,0.33,2,0.02,6,0.01,1,0.0,1,0 days 01:11:02
8,3,6,False,6,0.6622619047619048,1,0.3277380952380953,2,0.01,0,0.0,3,0.0,5,0 days 00:16:30
8,3,0,False,0,0.61,3,0.29,2,0.1,1,0.0,4,0.0,2,0 days 00:47:54
8,3,3,True,3,0.94,0,0.06,1,0.0,2,0.0,4,0.0,1,0 days 01:33:42
8,3,3,True,3,0.62,2,0.21,0,0.15,6,0.02,1,0.0,1,0 days 00:55:17
8,3,2,False,2,0.6908333333333334,3,0.16666666666666669,0,0.1425,1,0.0,4,0.0,2,0 days 00:52:03
8,3,2,False,2,0.88,3,0.09,6,0.03,1,0.0,0,0.0,2,0 days 01:19:48
8,1,1,True,1,0.94,0,0.04,4,0.015,2,0.005,3,0.0,1,0 days 00:02:47
8,1,1,True,1,0.89,2,0.06633333333333333,6,0.033666666666666664,5,0.01,3,0.0,1,0 days 00:09:06
8,2,2,True,2,0.89,6,0.05678571428571428,1,0.053214285714285714,0,0.0,3,0.0,1,0 days 00:15:45
8,2,2,True,2,0.64,0,0.35,3,0.01,1,0.0,4,0.0,1,0 days 00:46:22
8,1,1,True,1,0.99,6,0.01,2,0.0,0,0.0,3,0.0,1,0 days 00:03:01
8,1,3,False,3,0.68,0,0.22,2,0.1,1,0.0,4,0.0,4,0 days 00:47:50
8,1,5,False,5,0.62,1,0.3,6,0.08,0,0.0,3,0.0,2,0 days 00:07:21
8,2,3,False,3,0.777,2,0.17,5,0.053,1,0.0,0,0.0,2,0 days 00:44:54
8,0,3,False,3,0.96,6,0.03428571428571429,0,0.005714285714285714,1,0.0,2,0.0,3,0 days 01:10:12
8,2,0,False,0,0.69,3,0.18,2,0.13,1,0.0,4,0.0,3,0 days 00:55:22
8,2,3,False,3,0.4927380952380953,0,0.31,2,0.19726190476190478,1,0.0,4,0.0,3,0 days 00:46:59
8,0,3,False,3,0.7575,0,0.22,2,0.0225,1,0.0,4,0.0,2,0 days 00:52:47
8,2,1,False,1,0.66,0,0.15754761904761905,2,0.10333333333333333,6,0.07911904761904763,3,0.0,3,0 days 00:15:22
8,0,1,False,1,0.48166666666666663,6,0.3483333333333333,2,0.154,3,0.016,0,0.0,5,0 days 00:16:33
8,2,2,True,2,0.9303333333333333,1,0.03966666666666667,6,0.03,0,0.0,3,0.0,1,0 days 00:16:20
8,3,3,True,3,0.97,2,0.03,1,0.0,0,0.0,4,0.0,1,0 days 01:44:32
8,1,3,False,3,0.7,1,0.16,5,0.09,6,0.05,2,0.0,2,0 days 00:14:31
8,2,1,False,1,0.71,3,0.19105952380952385,2,0.09894047619047619,0,0.0,4,0.0,3,0 days 00:14:59
8,0,1,False,1,0.7,2,0.19,3,0.09,0,0.02,4,0.0,4,0 days 00:36:52
8,2,3,False,3,0.6633333333333334,2,0.27,0,0.06666666666666667,1,0.0,4,0.0,2,0 days 01:00:25
8,0,3,False,3,0.63,2,0.27,0,0.1,1,0.0,4,0.0,3,0 days 00:44:46
8,1,3,False,3,0.53,6,0.46,1,0.01,0,0.0,2,0.0,3,0 days 00:28:09
8,2,0,False,0,0.57,3,0.24,2,0.17,6,0.02,1,0.0,3,0 days 00:23:50
8,6,1,False,1,0.71,0,0.1333095238095238,2,0.08495238095238095,3,0.07173809523809523,4,0.0,7,0 days 00:16:39
8,1,6,False,6,0.57,5,0.27,1,0.12,2,0.04,3,0.0,3,0 days 00:05:35
8,1,6,False,6,0.6622619047619048,1,0.3277380952380953,2,0.01,0,0.0,3,0.0,2,0 days 00:16:30
8,1,3,False,3,0.86,6,0.1,4,0.02,1,0.02,2,0.0,4,0 days 00:34:55
8,1,2,False,2,0.9465,6,0.0335,3,0.01,1,0.01,0,0.0,4,0 days 00:16:07
8,6,0,False,0,0.67,3,0.28,2,0.05,1,0.0,4,0.0,7,0 days 01:07:53
8,6,5,False,5,0.64,2,0.20833333333333337,1,0.08916666666666666,0,0.05416666666666666,4,0.008333333333333333,7,0 days 00:15:12
8,6,1,False,1,0.4613228715728716,4,0.29217243867243853,2,0.24650468975468975,0,0.0,3,0.0,7,0 days 00:15:32
8,6,2,False,2,0.6766666666666667,3,0.30333333333333334,6,0.02,1,0.0,0,0.0,3,0 days 00:58:44
8,6,1,False,1,0.66,5,0.26,2,0.08,0,0.0,3,0.0,7,0 days 00:09:19
8,3,0,False,0,0.6791666666666667,2,0.3208333333333333,1,0.0,3,0.0,4,0.0,4,0 days 00:53:04
8,3,2,False,2,0.73,0,0.23,3,0.04,1,0.0,4,0.0,3,0 days 01:00:48
8,4,4,True,4,0.5536428571428571,1,0.42635714285714293,6,0.02,0,0.0,3,0.0,1,0 days 00:03:35
8,3,1,False,1,0.7,2,0.19,3,0.06,0,0.05,4,0.0,3,0 days 00:36:51
8,3,3,True,3,0.64,0,0.2,2,0.16,1,0.0,4,0.0,1,0 days 00:52:28
8,3,3,True,3,0.88,2,0.12,1,0.0,0,0.0,4,0.0,1,0 days 00:45:38
8,3,1,False,1,0.67,0,0.22,4,0.09,6,0.02,3,0.0,5,0 days 00:30:38
8,3,6,False,6,0.64,3,0.29,0,0.06,2,0.01,1,0.0,2,0 days 00:37:18
8,3,4,False,4,0.63,0,0.32,3,0.05,1,0.0,2,0.0,3,0 days 00:22:05
8,3,3,True,3,0.7991666666666666,2,0.1541666666666667,6,0.026666666666666665,0,0.02,1,0.0,1,0 days 00:31:46
9,1,1,True,1,0.8916666666666667,4,0.09833333333333334,6,0.01,0,0.0,3,0.0,1,0 days 00:15:55
9,0,2,False,2,0.89,0,0.085,3,0.025,1,0.0,4,0.0,2,0 days 00:55:33
9,2,2,True,2,0.69,3,0.31,1,0.0,0,0.0,4,0.0,1,0 days 00:45:46
9,2,5,False,5,0.66,6,0.19,1,0.15,0,0.0,3,0.0,6,0 days 00:09:27
9,0,3,False,3,0.65,2,0.33,6,0.02,1,0.0,0,0.0,5,0 days 00:58:19
9,2,2,True,2,0.8810238095238095,6,0.11697619047619046,3,0.002,1,0.0,0,0.0,1,0 days 00:15:50
9,3,2,False,2,0.47,3,0.44,6,0.08,0,0.01,1,0.0,2,0 days 00:42:29
9,4,0,False,0,0.84,4,0.1,3,0.06,1,0.0,2,0.0,2,0 days 00:22:00
9,5,3,False,3,0.7,6,0.3,1,0.0,0,0.0,2,0.0,7,0 days 00:29:06
9,2,2,True,2,0.3546190476190476,0,0.33,3,0.3153809523809524,1,0.0,4,0.0,1,0 days 00:54:37
9,0,3,False,3,0.74,0,0.23,6,0.02,1,0.01,2,0.0,2,0 days 00:38:39
9,6,6,True,6,0.67,2,0.21478571428571425,3,0.1152142857142857,1,0.0,0,0.0,1,0 days 00:14:49
9,0,6,False,6,0.87,0,0.11,3,0.02,1,0.0,2,0.0,2,0 days 00:59:21
9,1,2,False,2,0.33,5,0.258111111111111,1,0.2511230158730158,6,0.16076587301587295,3,0.0,3,0 days 00:15:40
9,2,2,True,2,0.98,3,0.02,1,0.0,0,0.0,4,0.0,1,0 days 01:02:24
9,6,6,True,6,0.61,2,0.3875,1,0.0025,0,0.0,3,0.0,1,0 days 00:16:19
9,6,6,True,6,0.93,1,0.06,3,0.01,0,0.0,2,0.0,1,0 days 00:27:54
9,6,2,False,2,0.63,6,0.19,1,0.12,3,0.045,0,0.015,2,0 days 00:40:47
9,0,6,False,6,0.8,1,0.15,2,0.04,3,0.01,0,0.0,5,0 days 00:19:29
9,6,1,False,1,0.9133333333333333,2,0.06333333333333332,4,0.02333333333333333,0,0.0,3,0.0,7,0 days 00:17:57
9,3,3,True,3,0.74,2,0.18,0,0.08,1,0.0,4,0.0,1,0 days 01:21:26
9,3,4,False,4,0.45,1,0.41,3,0.13,2,0.01,0,0.0,3,0 days 00:23:59
9,3,2,False,2,0.66,3,0.21,4,0.13,1,0.0,0,0.0,2,0 days 01:40:39
9,3,3,True,3,0.9,2,0.09,0,0.01,1,0.0,4,0.0,1,0 days 00:41:55
9,3,3,True,3,0.6,6,0.27,5,0.08,1,0.05,2,0.0,1,0 days 00:35:58
9,3,6,False,6,0.69,2,0.29,3,0.02,1,0.0,0,0.0,3,0 days 00:25:07
9,3,6,False,6,0.65,1,0.28,3,0.07,0,0.0,2,0.0,3,0 days 00:34:24
9,3,0,False,0,0.73,3,0.25,6,0.02,1,0.0,2,0.0,2,0 days 01:10:14
9,3,0,False,0,0.54,3,0.45,2,0.01,1,0.0,4,0.0,2,0 days 00:39:08
9,3,0,False,0,0.5750000000000001,2,0.425,1,0.0,3,0.0,4,0.0,4,0 days 00:53:19
9,3,1,False,1,0.9133333333333333,2,0.06333333333333332,4,0.02333333333333333,0,0.0,3,0.0,5,0 days 00:17:57
9,0,3,False,3,0.58,6,0.28,0,0.12,2,0.02,1,0.0,3,0 days 00:53:49
9,1,2,False,2,0.53,1,0.37,3,0.1,0,0.0,4,0.0,2,0 days 00:41:59
9,2,2,True,2,0.5149999999999999,3,0.41500000000000015,0,0.07,1,0.0,4,0.0,1,0 days 01:00:23
9,2,2,True,2,0.7426666666666668,6,0.25233333333333335,1,0.005,0,0.0,3,0.0,1,0 days 00:15:46
9,0,1,False,1,0.6443333333333334,6,0.3203333333333333,5,0.035333333333333335,0,0.0,3,0.0,4,0 days 00:15:10
9,2,2,True,2,0.63,3,0.36,1,0.01,0,0.0,4,0.0,1,0 days 00:47:42
9,2,2,True,2,0.74,5,0.21,6,0.04,0,0.01,3,0.0,1,0 days 01:22:53
9,2,3,False,3,0.7322500000000002,0,0.1524166666666667,2,0.08533333333333333,1,0.02,6,0.01,3,0 days 00:16:36
9,2,1,False,1,0.97,2,0.02,5,0.01,0,0.0,3,0.0,2,0 days 00:09:47
9,2,1,False,1,0.96,2,0.03,3,0.01,0,0.0,4,0.0,2,0 days 00:04:28
9,3,3,True,3,0.72,1,0.2,0,0.08,2,0.0,4,0.0,1,0 days 00:36:25
9,0,1,False,1,0.75,2,0.2,6,0.05,0,0.0,3,0.0,4,0 days 00:20:00
9,0,1,False,1,0.72,5,0.13861904761904761,3,0.12138095238095238,0,0.02,2,0.0,4,0 days 00:30:03
9,2,3,False,3,0.69,2,0.31,1,0.0,0,0.0,4,0.0,2,0 days 00:39:40
9,2,3,False,3,1.0,0,0.0,1,0.0,2,0.0,4,0.0,4,0 days 00:46:09
9,3,3,True,3,0.62,0,0.25,6,0.12,2,0.01,1,0.0,1,0 days 01:10:23
9,1,2,False,2,0.7262857142857143,3,0.2637142857142858,1,0.01,0,0.0,4,0.0,3,0 days 00:14:59
9,1,4,False,4,0.48,2,0.42,3,0.09,1,0.006666666666666666,6,0.003333333333333333,4,0 days 00:16:57
9,1,4,False,4,0.48,1,0.45,6,0.07,0,0.0,3,0.0,2,0 days 00:18:36
9,6,3,False,3,0.9,6,0.08,1,0.01,0,0.01,2,0.0,2,0 days 00:26:39
9,0,0,True,0,0.51,6,0.47,2,0.02,1,0.0,3,0.0,1,0 days 00:46:30
9,1,5,False,5,0.66,6,0.19,1,0.15,0,0.0,3,0.0,3,0 days 00:09:22
9,6,6,True,6,0.84,3,0.14,2,0.02,1,0.0,0,0.0,1,0 days 00:18:08
9,0,2,False,2,0.95,0,0.03,3,0.02,1,0.0,4,0.0,2,0 days 00:49:58
9,1,1,True,1,0.5528809523809524,2,0.44711904761904764,0,0.0,3,0.0,4,0.0,1,0 days 00:18:00
9,6,2,False,2,0.83,3,0.14,0,0.03,1,0.0,4,0.0,7,0 days 01:20:18
9,3,2,False,2,0.88,3,0.09,6,0.03,1,0.0,0,0.0,2,0 days 01:26:48
9,4,1,False,1,0.7350000000000001,3,0.11,6,0.075,2,0.07,5,0.01,7,0 days 00:15:34
9,3,2,False,2,0.83,3,0.15,0,0.02,1,0.0,4,0.0,2,0 days 01:20:10
9,3,4,False,4,0.48,2,0.42,3,0.09,1,0.006666666666666666,6,0.003333333333333333,3,0 days 00:16:57
9,3,0,False,0,0.59,3,0.32433333333333336,2,0.08566666666666668,1,0.0,4,0.0,2,0 days 01:00:31
9,3,4,False,4,0.64,3,0.22,2,0.135,0,0.005,1,0.0,2,0 days 00:24:14
9,3,1,False,1,0.59,3,0.41,0,0.0,2,0.0,4,0.0,2,0 days 00:48:26
9,3,3,True,3,0.5293333333333333,6,0.4206666666666667,2,0.04,1,0.01,0,0.0,1,0 days 00:37:47
9,1,1,True,1,1.0,0,0.0,2,0.0,3,0.0,4,0.0,1,0 days 00:02:57
9,2,1,False,1,0.37011904761904757,0,0.3200476190476189,3,0.3098333333333334,2,0.0,4,0.0,4,0 days 00:15:43
9,0,0,True,0,0.84,3,0.15,6,0.01,1,0.0,2,0.0,1,0 days 00:31:07
9,1,2,False,2,0.743391774891775,6,0.11912554112554108,0,0.04665151515151514,1,0.034016233766233764,3,0.029239177489177495,4,0 days 00:16:16
9,2,1,False,1,0.6366666666666667,6,0.19333333333333333,3,0.17000000000000004,0,0.0,2,0.0,5,0 days 00:27:21
9,2,2,True,2,0.3122803030303031,6,0.198549062049062,4,0.1708982683982684,3,0.17066810966810964,1,0.14760425685425682,1,0 days 00:16:15
9,0,2,False,2,0.4643333333333334,6,0.44566666666666666,1,0.09,0,0.0,3,0.0,4,0 days 00:15:47
9,0,6,False,6,0.66,3,0.2358333333333333,2,0.10416666666666666,1,0.0,0,0.0,5,0 days 00:31:50
9,2,2,True,2,0.61,1,0.25,5,0.14,0,0.0,3,0.0,1,0 days 00:10:16
9,5,6,False,6,0.67,1,0.27,3,0.05,2,0.01,0,0.0,7,0 days 00:14:41
9,3,3,True,3,0.85,0,0.15,1,0.0,2,0.0,4,0.0,1,0 days 00:31:24
9,2,1,False,1,0.87,2,0.12,5,0.01,0,0.0,3,0.0,2,0 days 00:10:09
9,3,3,True,3,0.58,6,0.29,5,0.08,1,0.05,2,0.0,1,0 days 00:35:54
9,2,1,False,1,0.49,5,0.45,6,0.05,3,0.01,2,0.0,5,0 days 00:23:21
9,6,0,False,0,0.75,1,0.21,6,0.04,2,0.0,3,0.0,3,0 days 00:42:10
9,6,1,False,1,0.65,2,0.251952380952381,4,0.09804761904761905,0,0.0,3,0.0,7,0 days 00:18:25
9,6,0,False,0,0.61,6,0.36,2,0.03,1,0.0,3,0.0,2,0 days 00:55:05
9,0,3,False,3,0.63,0,0.37,1,0.0,2,0.0,4,0.0,2,0 days 00:38:50
9,6,3,False,3,0.5925,6,0.4075,1,0.0,0,0.0,2,0.0,2,0 days 01:02:01
9,6,4,False,4,0.48,1,0.45,6,0.07,0,0.0,3,0.0,3,0 days 00:18:36
9,2,4,False,4,0.66,1,0.2,3,0.1,2,0.04,0,0.0,4,0 days 00:23:58
9,6,6,True,6,0.93,0,0.07,2,0.0,1,0.0,3,0.0,1,0 days 00:01:04
9,6,2,False,2,0.4044126984126985,6,0.2906507936507936,3,0.2749365079365079,1,0.03,0,0.0,2,0 days 00:15:49
9,4,3,False,3,0.55,0,0.45,1,0.0,2,0.0,4,0.0,5,0 days 00:33:31
9,3,1,False,1,0.61,6,0.24,0,0.14,3,0.01,2,0.0,4,0 days 00:38:25
9,3,1,False,1,0.72,4,0.19,2,0.05657142857142858,6,0.033428571428571426,3,0.0,5,0 days 00:15:04
9,1,4,False,4,0.63,1,0.29,3,0.07,5,0.01,2,0.0,2,0 days 00:06:49
9,1,0,False,0,0.8373333333333334,6,0.10266666666666666,2,0.06,1,0.0,3,0.0,4,0 days 00:02:07
9,1,2,False,2,0.6536190476190475,4,0.28638095238095235,1,0.05,6,0.01,3,0.0,3,0 days 00:18:18
9,1,3,False,3,0.56,0,0.36166666666666664,6,0.07833333333333332,1,0.0,2,0.0,4,0 days 00:38:20
9,1,6,False,6,0.74,5,0.19,2,0.07,0,0.0,3,0.0,6,0 days 00:08:11
9,2,3,False,3,0.9,4,0.06,6,0.02,2,0.02,0,0.0,4,0 days 01:08:58
9,1,2,False,2,0.65,6,0.35,1,0.0,0,0.0,3,0.0,3,0 days 00:24:55
9,1,1,True,1,0.76,2,0.24,0,0.0,3,0.0,4,0.0,1,0 days 00:10:03
9,0,2,False,2,0.5083333333333333,0,0.44,3,0.03166666666666666,6,0.02,1,0.0,2,0 days 00:53:37
9,2,2,True,2,0.3122803030303031,6,0.198549062049062,4,0.1708982683982684,3,0.17066810966810964,1,0.14760425685425682,1,0 days 00:16:15
9,1,4,False,4,0.66,1,0.2,3,0.1,2,0.04,0,0.0,2,0 days 00:23:58
9,0,3,False,3,0.58,6,0.29,5,0.08,1,0.05,2,0.0,6,0 days 00:35:51
9,2,2,True,2,0.59,3,0.22,0,0.19,1,0.0,4,0.0,1,0 days 01:28:55
9,0,0,True,0,0.8652142857142856,3,0.13478571428571431,1,0.0,2,0.0,4,0.0,1,0 days 00:54:02
9,2,3,False,3,0.71,2,0.29,1,0.0,0,0.0,4,0.0,2,0 days 00:45:44
9,2,2,True,2,0.73,0,0.27,1,0.0,3,0.0,4,0.0,1,0 days 00:50:36
9,2,0,False,0,0.57,3,0.38,2,0.05,1,0.0,4,0.0,3,0 days 01:21:06
9,2,2,True,2,0.8810238095238095,6,0.11697619047619046,3,0.002,1,0.0,0,0.0,1,0 days 00:15:50
9,2,4,False,4,0.6627142857142858,3,0.14,1,0.13502380952380955,6,0.06226190476190476,2,0.0,5,0 days 00:15:25
9,5,2,False,2,0.67,0,0.22,3,0.11,1,0.0,4,0.0,6,0 days 00:45:24
9,0,6,False,6,0.41,1,0.30200000000000005,3,0.268,4,0.02,2,0.0,6,0 days 00:30:39
9,0,2,False,2,0.63,5,0.1985,3,0.1515,0,0.02,1,0.0,4,0 days 00:52:30
9,3,0,False,0,0.77,3,0.23,1,0.0,2,0.0,4,0.0,2,0 days 00:43:20
9,3,1,False,1,0.66,3,0.27,5,0.04,6,0.03,2,0.0,2,0 days 00:36:19
9,1,0,False,0,0.69,6,0.31,2,0.0,1,0.0,3,0.0,4,0 days 00:01:27
9,1,2,False,2,0.89,0,0.11,1,0.0,3,0.0,4,0.0,3,0 days 00:22:44
9,2,0,False,0,0.9373333333333335,3,0.06266666666666666,1,0.0,2,0.0,4,0.0,4,0 days 00:45:02
9,6,1,False,1,0.64,3,0.21,6,0.15,0,0.0,2,0.0,3,0 days 00:35:05
9,6,0,False,0,0.6625952380952378,3,0.3374047619047618,1,0.0,2,0.0,4,0.0,7,0 days 00:54:10
9,6,3,False,3,0.99,2,0.01,1,0.0,0,0.0,4,0.0,7,0 days 00:40:08
9,3,0,False,0,0.64,3,0.3275,5,0.0325,1,0.0,2,0.0,2,0 days 00:29:56
9,0,6,False,6,0.69,3,0.18733333333333335,1,0.12266666666666667,0,0.0,2,0.0,4,0 days 00:15:07
9,6,2,False,2,0.69,0,0.27,3,0.04,1,0.0,4,0.0,7,0 days 00:31:32
9,2,2,True,2,0.72,3,0.21833333333333335,0,0.06166666666666666,1,0.0,4,0.0,1,0 days 00:52:12
9,6,0,False,0,0.9,3,0.085,2,0.015,1,0.0,4,0.0,7,0 days 00:58:57
9,0,1,False,1,0.7,3,0.19,2,0.11,0,0.0,4,0.0,4,0 days 00:44:03
9,3,3,True,3,0.73,2,0.2,0,0.07,1,0.0,4,0.0,1,0 days 01:00:37
9,4,2,False,2,0.67,6,0.1543333333333333,0,0.13566666666666666,1,0.04,3,0.0,6,0 days 00:02:36
9,3,5,False,5,0.4706666666666667,3,0.42933333333333334,2,0.08,0,0.02,1,0.0,2,0 days 00:52:29
9,3,3,True,3,0.46892857142857136,6,0.38107142857142856,0,0.11,1,0.03,2,0.01,1,0 days 00:37:37
9,3,5,False,5,0.5393333333333333,3,0.4006666666666666,1,0.04,0,0.02,2,0.0,2,0 days 00:30:02
9,3,2,False,2,0.369797619047619,6,0.3203928571428571,3,0.26980952380952383,0,0.03,5,0.01,3,0 days 00:48:41
9,3,3,True,3,0.97,0,0.03,1,0.0,2,0.0,4,0.0,1,0 days 00:31:15
10,0,0,True,0,0.65,6,0.28,2,0.06,3,0.01,1,0.0,1,0 days 01:04:48
10,4,2,False,2,0.69,1,0.09558333333333334,3,0.09,6,0.07022619047619048,4,0.054190476190476206,5,0 days 00:15:25
10,5,2,False,2,0.87,1,0.1,6,0.03,0,0.0,3,0.0,7,0 days 00:08:15
10,5,1,False,1,0.4721507936507937,6,0.29421825396825396,5,0.22363095238095235,2,0.01,3,0.0,3,0 days 00:15:41
10,2,3,False,3,0.81,2,0.16,5,0.02,0,0.01,1,0.0,2,0 days 00:55:57
10,2,2,True,2,0.46293586968586986,1,0.15183535908535897,4,0.13514044289044283,3,0.1331197413697413,6,0.1169685869685869,1,0 days 00:16:15
10,2,2,True,2,0.5139523809523809,1,0.481047619047619,6,0.005,0,0.0,3,0.0,1,0 days 00:16:21
10,0,0,True,0,0.71,2,0.22666666666666666,6,0.04,3,0.02333333333333333,1,0.0,1,0 days 00:53:38
10,1,2,False,2,0.63,1,0.23,6,0.09,0,0.05,3,0.0,2,0 days 00:20:11
10,6,3,False,3,0.9,5,0.06,2,0.03,0,0.01,1,0.0,7,0 days 00:56:02
10,0,3,False,3,0.5089999999999999,5,0.45100000000000007,0,0.04,1,0.0,2,0.0,3,0 days 00:54:31
10,1,1,True,1,0.86,2,0.12583333333333332,6,0.014166666666666666,0,0.0,3,0.0,1,0 days 00:17:43
10,0,6,False,6,0.89,2,0.07,0,0.04,1,0.0,3,0.0,3,0 days 01:09:53
10,6,6,True,6,0.89,1,0.09,3,0.015,2,0.005,0,0.0,1,0 days 00:16:42
10,1,2,False,2,0.48316666666666663,3,0.3368333333333333,1,0.13,6,0.04,0,0.01,3,0 days 00:17:28
10,6,3,False,3,0.40819841269841256,1,0.30674855699855696,6,0.26505303030303023,2,0.01,4,0.01,3,0 days 00:16:29
10,6,3,False,3,0.663547619047619,2,0.31645238095238076,0,0.01,5,0.01,1,0.0,7,0 days 00:48:41
10,2,2,True,2,0.78,6,0.18,3,0.04,1,0.0,0,0.0,1,0 days 01:23:08
10,3,3,True,3,0.86,4,0.12,1,0.02,0,0.0,2,0.0,1,0 days 00:34:44
10,3,1,False,1,0.4811666666666665,2,0.44583333333333336,6,0.073,0,0.0,3,0.0,5,0 days 00:16:05
10,3,3,True,3,0.74,2,0.26,1,0.0,0,0.0,4,0.0,1,0 days 00:47:41
10,3,6,False,6,0.599,5,0.33,2,0.06,3,0.011000000000000001,0,0.0,4,0 days 01:01:37
10,3,3,True,3,0.98,2,0.02,1,0.0,0,0.0,4,0.0,1,0 days 01:43:34
10,3,0,False,0,0.94,3,0.03,1,0.01,2,0.01,6,0.01,2,0 days 00:40:38
10,3,6,False,6,0.64,1,0.34,2,0.02,0,0.0,3,0.0,5,0 days 00:25:28
10,3,3,True,3,0.96,0,0.02,1,0.01,2,0.01,4,0.0,1,0 days 00:32:32
10,3,0,False,0,0.72,3,0.15,2,0.08,6,0.05,1,0.0,2,0 days 00:37:27
10,3,2,False,2,0.72,3,0.22,6,0.06,1,0.0,0,0.0,2,0 days 00:58:49
10,3,6,False,6,0.8273333333333334,5,0.14,3,0.03266666666666666,0,0.0,2,0.0,3,0 days 01:01:48
10,3,0,False,0,0.8875,2,0.08083333333333333,3,0.03166666666666667,1,0.0,4,0.0,3,0 days 00:52:48
10,1,3,False,3,0.69,2,0.24,4,0.05,1,0.02,0,0.0,4,0 days 00:08:29
10,1,2,False,2,0.79,1,0.19,5,0.02,0,0.0,3,0.0,2,0 days 00:10:10
10,0,2,False,2,0.71,0,0.17,3,0.12,1,0.0,4,0.0,2,0 days 00:53:15
10,2,6,False,6,0.62,0,0.32,2,0.05,3,0.01,1,0.0,3,0 days 01:03:46
10,1,1,True,1,1.0,0,0.0,2,0.0,3,0.0,4,0.0,1,0 days 00:13:00
10,2,2,True,2,0.61,3,0.38,1,0.01,0,0.0,4,0.0,1,0 days 00:47:42
10,3,0,False,0,0.95,2,0.03,5,0.02,1,0.0,3,0.0,5,0 days 00:45:20
10,0,3,False,3,0.66,2,0.31,6,0.02,1,0.01,0,0.0,5,0 days 00:28:35
10,0,3,False,3,0.53,0,0.47,1,0.0,2,0.0,4,0.0,2,0 days 00:51:29
10,2,1,False,1,0.4568095238095238,3,0.2770238095238095,6,0.23950000000000002,4,0.02,2,0.006666666666666666,5,0 days 00:16:59
10,3,2,False,2,0.69,5,0.16,0,0.15,1,0.0,3,0.0,5,0 days 00:45:27
10,2,6,False,6,0.41,2,0.399047619047619,1,0.19095238095238096,0,0.0,3,0.0,2,0 days 00:16:03
10,1,3,False,3,0.69,2,0.27,1,0.02,4,0.02,0,0.0,3,0 days 00:08:27
10,6,1,False,1,0.87,0,0.11,6,0.01,5,0.01,3,0.0,3,0 days 00:07:37
10,6,2,False,2,0.65,1,0.33,6,0.02,0,0.0,3,0.0,3,0 days 00:25:39
10,6,2,False,2,0.67,3,0.24,0,0.09,1,0.0,4,0.0,7,0 days 01:11:27
10,0,3,False,3,0.73,2,0.21,6,0.06,1,0.0,0,0.0,5,0 days 01:20:48
10,6,1,False,1,0.7399761904761903,6,0.2400238095238095,3,0.01,2,0.01,0,0.0,2,0 days 00:15:44
10,6,1,False,1,0.7243333333333334,6,0.1075,4,0.08566666666666667,2,0.0825,3,0.0,2,0 days 00:16:25
10,6,6,True,6,0.71,1,0.17,2,0.07,0,0.05,3,0.0,1,0 days 00:20:25
10,6,2,False,2,0.4988333333333334,0,0.45116666666666666,1,0.05000000000000001,3,0.0,4,0.0,7,0 days 00:15:21
10,3,3,True,3,0.8,6,0.2,1,0.0,0,0.0,2,0.0,1,0 days 01:53:31
10,3,2,False,2,0.68,0,0.26,6,0.06,1,0.0,3,0.0,5,0 days 01:03:32
10,3,3,True,3,0.635,4,0.3,6,0.05,1,0.015,2,0.0,1,0 days 00:16:54
10,3,1,False,1,0.62,2,0.36,5,0.02,0,0.0,3,0.0,5,0 days 00:14:30
10,3,6,False,6,0.7,2,0.28,3,0.01,0,0.01,1,0.0,3,0 days 01:07:29
10,3,2,False,2,0.81,3,0.19,1,0.0,0,0.0,4,0.0,2,0 days 00:39:45
10,4,3,False,3,0.66,6,0.33,0,0.01,1,0.0,2,0.0,6,0 days 01:14:17
10,3,0,False,0,0.89,6,0.11,2,0.0,1,0.0,3,0.0,5,0 days 00:57:52
10,3,2,False,2,0.9173333333333334,3,0.05266666666666666,0,0.03,1,0.0,4,0.0,2,0 days 00:53:26
10,2,3,False,3,0.66,2,0.28,6,0.06,1,0.0,0,0.0,2,0 days 00:58:36
10,2,3,False,3,0.68,0,0.32,1,0.0,2,0.0,4,0.0,4,0 days 01:02:50
10,3,6,False,6,0.86,3,0.09949999999999999,2,0.0405,1,0.0,0,0.0,2,0 days 01:03:02
10,0,3,False,3,0.54,0,0.4,2,0.06,1,0.0,4,0.0,2,0 days 01:31:13
10,2,0,False,0,0.43683333333333324,6,0.43316666666666676,2,0.12,3,0.01,1,0.0,3,0 days 01:02:28
10,2,3,False,3,0.72,6,0.2,1,0.07,2,0.01,0,0.0,4,0 days 00:34:00
10,0,3,False,3,0.9,2,0.08,0,0.02,1,0.0,4,0.0,3,0 days 01:32:30
10,0,6,False,6,0.96,2,0.04,1,0.0,0,0.0,3,0.0,4,0 days 00:55:06
10,2,2,True,2,0.84,6,0.12,3,0.04,1,0.0,0,0.0,1,0 days 01:05:26
10,2,3,False,3,0.67,4,0.3,2,0.03,1,0.0,0,0.0,3,0 days 01:40:07
10,2,1,False,1,0.865,2,0.135,0,0.0,3,0.0,4,0.0,2,0 days 00:10:01
10,2,1,False,1,0.71,6,0.16666666666666663,2,0.12333333333333334,0,0.0,3,0.0,3,0 days 00:15:38
10,2,0,False,0,0.65,3,0.33,2,0.02,1,0.0,4,0.0,3,0 days 00:56:29
10,2,2,True,2,0.6705357142857141,6,0.32746428571428576,3,0.002,1,0.0,0,0.0,1,0 days 00:15:52
10,3,3,True,3,0.91,2,0.09,1,0.0,0,0.0,4,0.0,1,0 days 00:46:00
10,2,2,True,2,0.74,5,0.2,1,0.06,0,0.0,3,0.0,1,0 days 00:10:20
10,2,6,False,6,0.5080422077922077,1,0.261099567099567,2,0.2308582251082251,0,0.0,3,0.0,3,0 days 00:15:59
10,3,3,True,3,0.79,0,0.20285714285714285,2,0.007142857142857143,1,0.0,4,0.0,1,0 days 00:46:38
10,0,3,False,3,0.9415,2,0.04,1,0.018500000000000003,0,0.0,4,0.0,4,0 days 00:48:19
10,2,2,True,2,0.74,0,0.22,3,0.04,1,0.0,4,0.0,1,0 days 00:56:49
10,1,1,True,1,0.83,6,0.08333333333333331,0,0.07666666666666667,2,0.01,3,0.0,1,0 days 00:02:44
10,2,3,False,3,0.61,6,0.29,2,0.07,0,0.03,1,0.0,3,0 days 00:32:55
10,2,3,False,3,0.83,6,0.0875,0,0.0725,2,0.01,1,0.0,4,0 days 00:31:48
10,1,1,True,1,0.8290000000000001,2,0.16099999999999998,5,0.01,0,0.0,3,0.0,1,0 days 00:09:43
10,6,6,True,6,0.5788333333333333,3,0.42116666666666674,1,0.0,0,0.0,2,0.0,1,0 days 01:02:12
10,1,1,True,1,0.4640000000000001,6,0.42274999999999996,2,0.11324999999999999,0,0.0,3,0.0,1,0 days 00:15:58
10,2,6,False,6,0.66,1,0.33,0,0.01,2,0.0,3,0.0,4,0 days 00:07:58
10,0,3,False,3,0.7,2,0.3,1,0.0,0,0.0,4,0.0,4,0 days 01:02:20
10,3,2,False,2,0.7,3,0.29,0,0.01,1,0.0,4,0.0,2,0 days 01:16:38
10,3,2,False,2,0.48316666666666663,3,0.3368333333333333,1,0.13,6,0.04,0,0.01,2,0 days 00:17:28
10,3,3,True,3,0.79,2,0.17,0,0.02,6,0.02,1,0.0,1,0 days 00:40:00
10,3,2,False,2,0.736,3,0.264,1,0.0,0,0.0,4,0.0,2,0 days 00:46:10
10,0,6,False,6,0.68,2,0.32,1,0.0,0,0.0,3,0.0,4,0 days 00:50:15
10,1,0,False,0,0.67,5,0.12784523809523807,6,0.11261904761904765,1,0.08953571428571429,3,0.0,4,0 days 00:15:10
10,1,6,False,6,0.64,1,0.34,4,0.01,3,0.01,2,0.0,2,0 days 00:08:48
10,1,2,False,2,0.55,6,0.24,3,0.16,1,0.05,0,0.0,4,0 days 00:28:22
10,0,0,True,0,0.67,3,0.33,1,0.0,2,0.0,4,0.0,1,0 days 00:38:41
10,3,2,False,2,0.69,3,0.31,1,0.0,0,0.0,4,0.0,2,0 days 00:42:46
10,2,3,False,3,0.8,1,0.13183333333333333,2,0.06816666666666667,0,0.0,4,0.0,3,0 days 00:15:00
10,0,0,True,0,0.73,2,0.22,3,0.05,1,0.0,4,0.0,1,0 days 00:49:22
10,1,1,True,1,0.6228333333333332,2,0.3771666666666666,0,0.0,3,0.0,4,0.0,1,0 days 00:18:00
10,1,3,False,3,0.62,6,0.20583333333333337,4,0.14416666666666667,0,0.015,1,0.015,5,0 days 00:23:31
10,0,3,False,3,0.9,0,0.1,1,0.0,2,0.0,4,0.0,2,0 days 00:39:09
10,2,2,True,2,0.89,6,0.05166666666666666,0,0.03833333333333333,3,0.02,1,0.0,1,0 days 01:02:26
10,2,6,False,6,0.64,1,0.36,2,0.0,0,0.0,3,0.0,3,0 days 00:08:49
10,2,3,False,3,0.9616666666666667,0,0.03833333333333334,1,0.0,2,0.0,4,0.0,4,0 days 01:00:41
10,0,3,False,3,0.69,1,0.25,2,0.06,0,0.0,4,0.0,4,0 days 00:47:57
10,3,3,True,3,0.49,6,0.4,2,0.07,0,0.04,1,0.0,1,0 days 00:59:47
10,4,1,False,1,0.73,2,0.15,6,0.12,0,0.0,3,0.0,6,0 days 00:25:32
10,5,2,False,2,0.8,6,0.18,3,0.02,1,0.0,0,0.0,7,0 days 01:23:22
10,6,4,False,4,0.62,3,0.18333333333333332,1,0.16666666666666663,0,0.03,2,0.0,7,0 days 00:30:34
10,0,0,True,0,0.64,6,0.19,3,0.15,2,0.02,1,0.0,1,0 days 00:59:00
10,0,0,True,0,0.65,4,0.34,3,0.01,1,0.0,2,0.0,1,0 days 00:21:59
10,2,3,False,3,0.7958333333333333,6,0.16416666666666666,1,0.04,0,0.0,2,0.0,5,0 days 00:37:43
10,2,3,False,3,0.6075,0,0.31,2,0.08,1,0.0025,4,0.0,3,0 days 00:48:12
10,6,6,True,6,0.69,1,0.21,0,0.07,2,0.03,3,0.0,1,0 days 00:19:18
10,0,2,False,2,0.4988333333333334,0,0.45116666666666666,1,0.05000000000000001,3,0.0,4,0.0,2,0 days 00:15:21
10,2,3,False,3,0.7216666666666666,2,0.2683333333333333,0,0.01,1,0.0,4,0.0,2,0 days 01:00:17
10,1,6,False,6,0.446,2,0.414,1,0.13333333333333333,4,0.006666666666666666,3,0.0,3,0 days 00:16:24
10,1,2,False,2,0.67,1,0.33,0,0.0,3,0.0,4,0.0,2,0 days 00:23:14
10,1,2,False,2,0.46293586968586986,1,0.15183535908535897,4,0.13514044289044283,3,0.1331197413697413,6,0.1169685869685869,2,0 days 00:16:14
10,0,0,True,0,0.67,3,0.31,1,0.02,2,0.0,4,0.0,1,0 days 00:36:41
10,6,3,False,3,0.58,1,0.37333333333333335,2,0.026666666666666665,6,0.02,0,0.0,4,0 days 00:16:46
10,6,3,False,3,0.99,6,0.01,1,0.0,0,0.0,2,0.0,2,0 days 01:34:59
10,1,1,True,1,0.5109999999999999,3,0.2531428571428571,2,0.23585714285714285,0,0.0,4,0.0,1,0 days 00:15:30
10,1,2,False,2,0.6267142857142857,3,0.32,1,0.05328571428571429,0,0.0,4,0.0,3,0 days 00:15:23
10,6,2,False,2,0.96,1,0.029500000000000002,3,0.0105,0,0.0,4,0.0,7,0 days 00:15:03
10,6,6,True,6,0.75,2,0.25,1,0.0,0,0.0,3,0.0,1,0 days 01:07:05
10,6,4,False,4,0.9516666666666665,1,0.04833333333333333,2,0.0,0,0.0,3,0.0,7,0 days 00:03:22
10,6,0,False,0,0.5616666666666666,6,0.415,1,0.013333333333333332,5,0.01,3,0.0,2,0 days 00:15:09
10,3,2,False,2,0.59,0,0.33,3,0.08,1,0.0,4,0.0,3,0 days 00:39:21
10,4,1,False,1,0.5048333333333332,3,0.4551666666666667,2,0.04,0,0.0,4,0.0,5,0 days 00:15:05
10,3,0,False,0,0.97,2,0.02,3,0.01,1,0.0,4,0.0,3,0 days 00:43:50
10,3,3,True,3,0.68,0,0.16,2,0.09166666666666666,5,0.06833333333333333,1,0.0,1,0 days 00:29:50
