fold,true_cluster,predicted_cluster,correct,top1_cluster,top1_confidence,top2_cluster,top2_confidence,top3_cluster,top3_confidence,top4_cluster,top4_confidence,top5_cluster,top5_confidence,true_rank,hour,day_of_week
1,0,0,True,0,0.49753873590290004,3,0.35319383188191233,6,0.14498171792947326,2,0.004285714285714285,1,0.0,1,11.0,5.0
1,4,1,False,1,0.35562709023090283,6,0.22927846124339246,2,0.18375182015553523,3,0.17169118174405223,4,0.059651446626116836,5,10.0,1.0
1,3,3,True,3,0.7088452380952383,0,0.28515476190476197,2,0.004,4,0.002,1,0.0,1,15.0,3.0
1,4,3,False,3,0.48004216586646914,4,0.22447515573521756,1,0.13558635520825915,0,0.09055666409613775,2,0.06933965909391604,2,12.0,4.0
1,0,0,True,0,0.6649591036334246,2,0.2781832687530714,1,0.029007903763855897,6,0.02784972384964811,3,0.0,1,8.0,3.0
1,0,2,False,2,0.391480512374783,0,0.20116528353442237,1,0.1815144960717883,6,0.09334202621277304,5,0.08916787115723823,2,9.0,2.0
1,6,3,False,3,0.4329150025204002,2,0.2761086582200795,0,0.21269856624993586,1,0.07827777300958413,4,0.0,7,13.0,5.0
1,0,3,False,3,0.5044816447525383,0,0.3097199568425454,6,0.18579839840491627,1,0.0,2,0.0,2,10.0,5.0
1,1,1,True,1,0.3741370233139836,2,0.3034829024953992,6,0.2817386357782803,3,0.027285325620284264,0,0.01335611279205251,1,8.0,4.0
1,2,2,True,2,0.61011296983669,6,0.1959758653069958,1,0.0907409204933318,0,0.07090629958467598,3,0.02138270423961549,1,8.0,0.0
1,2,2,True,2,0.61011296983669,6,0.1959758653069958,1,0.0907409204933318,0,0.07090629958467598,3,0.02138270423961549,1,8.0,0.0
1,6,1,False,1,0.3741370233139836,2,0.3034829024953992,6,0.2817386357782803,3,0.027285325620284264,0,0.01335611279205251,3,8.0,4.0
1,6,1,False,1,0.37841113524365105,2,0.29715701607935324,6,0.2696457379731817,3,0.02650404564559095,0,0.01865604228061722,3,8.0,1.0
1,2,2,True,2,0.5390484974059239,6,0.29191537048923893,1,0.08465874325523828,0,0.08437738884959892,3,0.0,1,8.0,2.0
1,6,1,False,1,0.37841113524365105,2,0.29715701607935324,6,0.2696457379731817,3,0.02650404564559095,0,0.01865604228061722,3,8.0,1.0
1,3,3,True,3,0.6721147741147739,2,0.31104761904761896,0,0.016837606837606836,1,0.0,4,0.0,1,18.0,0.0
1,3,3,True,3,0.99,0,0.01,1,0.0,2,0.0,4,0.0,1,20.0,1.0
1,3,3,True,3,0.8186881174381169,0,0.18131188256188258,1,0.0,2,0.0,4,0.0,1,12.0,6.0
1,3,3,True,3,0.3981312853812855,2,0.22591672216672204,1,0.13928114940614944,0,0.12481891719391718,5,0.11185192585192585,1,11.0,4.0
1,3,3,True,3,0.99,0,0.01,1,0.0,2,0.0,4,0.0,1,20.0,1.0
1,3,0,False,0,0.49753873590290004,3,0.35319383188191233,6,0.14498171792947326,2,0.004285714285714285,1,0.0,2,11.0,5.0
1,1,1,True,1,0.37841113524365105,2,0.29715701607935324,6,0.2696457379731817,3,0.02650404564559095,0,0.01865604228061722,1,8.0,1.0
1,2,2,True,2,0.61011296983669,6,0.1959758653069958,1,0.0907409204933318,0,0.07090629958467598,3,0.02138270423961549,1,8.0,0.0
1,1,1,True,1,0.4260196663728314,2,0.26298751132734594,6,0.21882567640883802,0,0.06068269212053837,5,0.03148445377044623,1,9.0,1.0
1,1,1,True,1,0.37841113524365105,2,0.29715701607935324,6,0.2696457379731817,3,0.02650404564559095,0,0.01865604228061722,1,8.0,1.0
1,1,3,False,3,0.3981312853812855,2,0.22591672216672204,1,0.13928114940614944,0,0.12481891719391718,5,0.11185192585192585,3,11.0,4.0
1,1,1,True,1,0.20623579341412435,6,0.20514827388654652,3,0.19252358787211588,2,0.18113603143417648,0,0.1286087824943681,1,10.0,4.0
1,1,1,True,1,0.37841113524365105,2,0.29715701607935324,6,0.2696457379731817,3,0.02650404564559095,0,0.01865604228061722,1,8.0,1.0
1,1,1,True,1,0.37841113524365105,2,0.29715701607935324,6,0.2696457379731817,3,0.02650404564559095,0,0.01865604228061722,1,8.0,1.0
1,3,3,True,3,0.9511587301587302,1,0.030968253968253968,0,0.01787301587301587,2,0.0,4,0.0,1,13.0,0.0
1,0,2,False,2,0.5369807803699104,6,0.158654197253293,5,0.10749432253953384,3,0.10514791562767715,0,0.047710245551100317,5,8.0,6.0
1,2,2,True,2,0.5369807803699104,6,0.158654197253293,5,0.10749432253953384,3,0.10514791562767715,0,0.047710245551100317,1,8.0,6.0
1,2,1,False,1,0.37841113524365105,2,0.29715701607935324,6,0.2696457379731817,3,0.02650404564559095,0,0.01865604228061722,2,8.0,1.0
1,2,2,True,2,0.5369807803699104,6,0.158654197253293,5,0.10749432253953384,3,0.10514791562767715,0,0.047710245551100317,1,8.0,6.0
1,2,3,False,3,0.48004216586646914,4,0.22447515573521756,1,0.13558635520825915,0,0.09055666409613775,2,0.06933965909391604,5,12.0,4.0
1,0,0,True,0,0.6526125281421103,2,0.2255586266219387,6,0.08541000955479439,3,0.03641883568115657,1,0.0,1,9.0,3.0
1,2,2,True,2,0.5369807803699104,6,0.158654197253293,5,0.10749432253953384,3,0.10514791562767715,0,0.047710245551100317,1,8.0,6.0
1,2,3,False,3,0.523252680111426,0,0.2386979927537202,1,0.15590551777084274,2,0.08214380936401057,4,0.0,4,14.0,5.0
1,2,1,False,1,0.20623579341412435,6,0.20514827388654652,3,0.19252358787211588,2,0.18113603143417648,0,0.1286087824943681,4,10.0,4.0
1,3,3,True,3,0.8452226559989718,0,0.08641822504980398,1,0.02147662425294004,2,0.017574609600925394,4,0.017333333333333333,1,14.0,0.0
1,1,1,True,1,0.9689285714285714,3,0.02857142857142857,0,0.0025,2,0.0,4,0.0,1,13.0,1.0
1,0,1,False,1,0.40085722948323765,6,0.33874299031913063,2,0.1902013212312592,3,0.04501632822284018,0,0.025182130743532243,5,9.0,4.0
1,3,2,False,2,0.40241565640354154,0,0.33130953295556514,3,0.26627481064089276,1,0.0,4,0.0,3,9.0,6.0
1,6,2,False,2,0.5390484974059239,6,0.29191537048923893,1,0.08465874325523828,0,0.08437738884959892,3,0.0,2,8.0,2.0
1,6,1,False,1,0.37841113524365105,2,0.29715701607935324,6,0.2696457379731817,3,0.02650404564559095,0,0.01865604228061722,3,8.0,1.0
1,0,3,False,3,0.49572691197691204,6,0.34469191919191916,0,0.15208116883116882,2,0.006500000000000001,5,0.001,3,8.0,5.0
1,0,1,False,1,0.40085722948323765,6,0.33874299031913063,2,0.1902013212312592,3,0.04501632822284018,0,0.025182130743532243,5,9.0,4.0
1,6,1,False,1,0.517006496944648,6,0.3449890722381047,2,0.13800443081724706,0,0.0,3,0.0,2,7.0,1.0
1,1,1,True,1,0.36563554142459453,6,0.34570074942456835,3,0.23206405320747747,0,0.05326632261002631,2,0.003333333333333333,1,7.0,4.0
1,6,1,False,1,0.517006496944648,6,0.3449890722381047,2,0.13800443081724706,0,0.0,3,0.0,2,7.0,1.0
1,6,1,False,1,0.3741370233139836,2,0.3034829024953992,6,0.2817386357782803,3,0.027285325620284264,0,0.01335611279205251,3,8.0,4.0
1,2,3,False,3,0.7300274352840141,4,0.1694760714431767,0,0.10049649327280903,1,0.0,2,0.0,5,17.0,2.0
1,3,0,False,0,0.49753873590290004,3,0.35319383188191233,6,0.14498171792947326,2,0.004285714285714285,1,0.0,2,11.0,5.0
1,3,3,True,3,0.9587500000000001,0,0.04125,1,0.0,2,0.0,4,0.0,1,21.0,2.0
1,3,3,True,3,0.99,0,0.01,1,0.0,2,0.0,4,0.0,1,18.0,1.0
1,3,3,True,3,0.695223901098901,0,0.3047760989010988,1,0.0,2,0.0,4,0.0,1,11.0,6.0
1,3,0,False,0,0.6526125281421103,2,0.2255586266219387,6,0.08541000955479439,3,0.03641883568115657,1,0.0,4,9.0,3.0
1,3,3,True,3,0.5044482323232322,0,0.48254797979797986,1,0.013003787878787879,2,0.0,4,0.0,1,12.0,0.0
1,3,3,True,3,0.99,0,0.01,1,0.0,2,0.0,4,0.0,1,20.0,1.0
1,3,3,True,3,0.8955068289983147,0,0.10449317100168487,1,0.0,2,0.0,4,0.0,1,19.0,1.0
1,3,3,True,3,0.4944643788245036,6,0.21758467600923034,5,0.15054264600392014,4,0.09330082983121518,0,0.04410746933113018,1,18.0,4.0
1,2,1,False,1,0.40085722948323765,6,0.33874299031913063,2,0.1902013212312592,3,0.04501632822284018,0,0.025182130743532243,3,9.0,4.0
1,0,0,True,0,0.6526125281421103,2,0.2255586266219387,6,0.08541000955479439,3,0.03641883568115657,1,0.0,1,9.0,3.0
1,1,1,True,1,0.37841113524365105,2,0.29715701607935324,6,0.2696457379731817,3,0.02650404564559095,0,0.01865604228061722,1,8.0,1.0
1,3,3,True,3,0.5815237909235588,0,0.33419122733132006,2,0.08428498174512104,1,0.0,4,0.0,1,10.0,6.0
1,0,0,True,0,0.6526125281421103,2,0.2255586266219387,6,0.08541000955479439,3,0.03641883568115657,1,0.0,1,9.0,3.0
1,1,2,False,2,0.391480512374783,0,0.20116528353442237,1,0.1815144960717883,6,0.09334202621277304,5,0.08916787115723823,3,9.0,2.0
1,1,2,False,2,0.61011296983669,6,0.1959758653069958,1,0.0907409204933318,0,0.07090629958467598,3,0.02138270423961549,3,8.0,0.0
1,1,2,False,2,0.61011296983669,6,0.1959758653069958,1,0.0907409204933318,0,0.07090629958467598,3,0.02138270423961549,3,8.0,0.0
1,0,0,True,0,0.6439579587079585,3,0.12312774725274724,2,0.1196024947274947,6,0.11331179931179929,1,0.0,1,9.0,5.0
1,6,1,False,1,0.40085722948323765,6,0.33874299031913063,2,0.1902013212312592,3,0.04501632822284018,0,0.025182130743532243,2,9.0,4.0
1,2,1,False,1,0.40085722948323765,6,0.33874299031913063,2,0.1902013212312592,3,0.04501632822284018,0,0.025182130743532243,3,9.0,4.0
1,2,1,False,1,0.3741370233139836,2,0.3034829024953992,6,0.2817386357782803,3,0.027285325620284264,0,0.01335611279205251,2,8.0,4.0
1,2,2,True,2,0.5390484974059239,6,0.29191537048923893,1,0.08465874325523828,0,0.08437738884959892,3,0.0,1,8.0,2.0
1,2,2,True,2,0.61011296983669,6,0.1959758653069958,1,0.0907409204933318,0,0.07090629958467598,3,0.02138270423961549,1,8.0,0.0
1,0,1,False,1,0.37841113524365105,2,0.29715701607935324,6,0.2696457379731817,3,0.02650404564559095,0,0.01865604228061722,5,8.0,1.0
1,2,2,True,2,0.61011296983669,6,0.1959758653069958,1,0.0907409204933318,0,0.07090629958467598,3,0.02138270423961549,1,8.0,0.0
1,2,3,False,3,0.5815237909235588,0,0.33419122733132006,2,0.08428498174512104,1,0.0,4,0.0,3,10.0,6.0
1,2,2,True,2,0.5369807803699104,6,0.158654197253293,5,0.10749432253953384,3,0.10514791562767715,0,0.047710245551100317,1,8.0,6.0
1,3,1,False,1,0.9689285714285714,3,0.02857142857142857,0,0.0025,2,0.0,4,0.0,2,13.0,1.0
1,3,3,True,3,0.695223901098901,0,0.3047760989010988,1,0.0,2,0.0,4,0.0,1,11.0,6.0
1,5,0,False,0,0.6526125281421103,2,0.2255586266219387,6,0.08541000955479439,3,0.03641883568115657,1,0.0,7,9.0,3.0
1,2,1,False,1,0.4260196663728314,2,0.26298751132734594,6,0.21882567640883802,0,0.06068269212053837,5,0.03148445377044623,2,9.0,1.0
1,2,2,True,2,0.5369807803699104,6,0.158654197253293,5,0.10749432253953384,3,0.10514791562767715,0,0.047710245551100317,1,8.0,6.0
1,2,3,False,3,0.3483492063492063,2,0.3089007936507935,4,0.1724761904761905,5,0.16860714285714284,0,0.0016666666666666666,2,15.0,5.0
1,2,1,False,1,0.4260196663728314,2,0.26298751132734594,6,0.21882567640883802,0,0.06068269212053837,5,0.03148445377044623,2,9.0,1.0
1,1,1,True,1,0.4260196663728314,2,0.26298751132734594,6,0.21882567640883802,0,0.06068269212053837,5,0.03148445377044623,1,9.0,1.0
1,6,2,False,2,0.5369807803699104,6,0.158654197253293,5,0.10749432253953384,3,0.10514791562767715,0,0.047710245551100317,2,8.0,6.0
1,6,2,False,2,0.61011296983669,6,0.1959758653069958,1,0.0907409204933318,0,0.07090629958467598,3,0.02138270423961549,2,8.0,0.0
1,6,2,False,2,0.5390484974059239,6,0.29191537048923893,1,0.08465874325523828,0,0.08437738884959892,3,0.0,2,8.0,2.0
1,6,1,False,1,0.37841113524365105,2,0.29715701607935324,6,0.2696457379731817,3,0.02650404564559095,0,0.01865604228061722,3,8.0,1.0
1,6,1,False,1,0.4260196663728314,2,0.26298751132734594,6,0.21882567640883802,0,0.06068269212053837,5,0.03148445377044623,3,9.0,1.0
1,0,0,True,0,0.49753873590290004,3,0.35319383188191233,6,0.14498171792947326,2,0.004285714285714285,1,0.0,1,11.0,5.0
1,6,1,False,1,0.37841113524365105,2,0.29715701607935324,6,0.2696457379731817,3,0.02650404564559095,0,0.01865604228061722,3,8.0,1.0
1,6,1,False,1,0.40085722948323765,6,0.33874299031913063,2,0.1902013212312592,3,0.04501632822284018,0,0.025182130743532243,2,9.0,4.0
1,3,1,False,1,0.37841113524365105,2,0.29715701607935324,6,0.2696457379731817,3,0.02650404564559095,0,0.01865604228061722,4,8.0,1.0
1,3,3,True,3,0.7458463183273554,1,0.1287676710544357,0,0.12538601061820873,2,0.0,4,0.0,1,11.0,0.0
1,4,4,True,4,0.7225791675644614,3,0.2774208324355382,1,0.0,0,0.0,2,0.0,1,16.0,1.0
1,3,3,True,3,0.9635833333333333,2,0.03141666666666667,0,0.005,1,0.0,4,0.0,1,21.0,5.0
1,3,3,True,3,0.9721785714285714,6,0.02064285714285714,4,0.0034285714285714284,0,0.0025,2,0.00125,1,20.0,4.0
1,3,3,True,3,0.49572691197691204,6,0.34469191919191916,0,0.15208116883116882,2,0.006500000000000001,5,0.001,1,8.0,5.0
1,1,2,False,2,0.391480512374783,0,0.20116528353442237,1,0.1815144960717883,6,0.09334202621277304,5,0.08916787115723823,3,9.0,2.0
1,0,0,True,0,0.6526125281421103,2,0.2255586266219387,6,0.08541000955479439,3,0.03641883568115657,1,0.0,1,9.0,3.0
1,2,2,True,2,0.61011296983669,6,0.1959758653069958,1,0.0907409204933318,0,0.07090629958467598,3,0.02138270423961549,1,8.0,0.0
1,3,2,False,2,0.5654636197136196,0,0.2652583805083804,3,0.1692779997779997,1,0.0,4,0.0,3,16.0,5.0
1,1,1,True,1,0.37841113524365105,2,0.29715701607935324,6,0.2696457379731817,3,0.02650404564559095,0,0.01865604228061722,1,8.0,1.0
1,0,0,True,0,0.6556068376068375,3,0.3423931623931623,1,0.002,2,0.0,4,0.0,1,12.0,3.0
1,3,3,True,3,0.7088452380952383,0,0.28515476190476197,2,0.004,4,0.002,1,0.0,1,15.0,3.0
1,3,3,True,3,0.9869230769230769,4,0.01076923076923077,0,0.002307692307692308,1,0.0,2,0.0,1,16.0,2.0
1,1,1,True,1,0.35562709023090283,6,0.22927846124339246,2,0.18375182015553523,3,0.17169118174405223,4,0.059651446626116836,1,10.0,1.0
1,0,0,True,0,0.49753873590290004,3,0.35319383188191233,6,0.14498171792947326,2,0.004285714285714285,1,0.0,1,11.0,5.0
1,2,1,False,1,0.40085722948323765,6,0.33874299031913063,2,0.1902013212312592,3,0.04501632822284018,0,0.025182130743532243,3,9.0,4.0
1,0,0,True,0,0.6526125281421103,2,0.2255586266219387,6,0.08541000955479439,3,0.03641883568115657,1,0.0,1,9.0,3.0
1,1,1,True,1,0.37841113524365105,2,0.29715701607935324,6,0.2696457379731817,3,0.02650404564559095,0,0.01865604228061722,1,8.0,1.0
1,2,1,False,1,0.37841113524365105,2,0.29715701607935324,6,0.2696457379731817,3,0.02650404564559095,0,0.01865604228061722,2,8.0,1.0
1,2,1,False,1,0.4260196663728314,2,0.26298751132734594,6,0.21882567640883802,0,0.06068269212053837,5,0.03148445377044623,2,9.0,1.0
1,2,1,False,1,0.37841113524365105,2,0.29715701607935324,6,0.2696457379731817,3,0.02650404564559095,0,0.01865604228061722,2,8.0,1.0
1,2,1,False,1,0.40085722948323765,6,0.33874299031913063,2,0.1902013212312592,3,0.04501632822284018,0,0.025182130743532243,3,9.0,4.0
1,2,0,False,0,0.6649591036334246,2,0.2781832687530714,1,0.029007903763855897,6,0.02784972384964811,3,0.0,2,8.0,3.0
1,3,3,True,3,1.0,0,0.0,1,0.0,2,0.0,4,0.0,1,6.0,0.0
1,5,3,False,3,0.48386619321361557,5,0.22201464310207064,0,0.1503959233042723,2,0.14372324038004136,1,0.0,2,10.0,2.0
1,5,1,False,1,0.4260196663728314,2,0.26298751132734594,6,0.21882567640883802,0,0.06068269212053837,5,0.03148445377044623,5,9.0,1.0
1,0,3,False,3,0.9552651515151516,0,0.020568181818181815,2,0.016666666666666666,6,0.0075,1,0.0,2,19.0,0.0
1,0,3,False,3,0.7800468975468975,1,0.21995310245310232,0,0.0,2,0.0,4,0.0,3,12.0,1.0
1,1,2,False,2,0.391480512374783,0,0.20116528353442237,1,0.1815144960717883,6,0.09334202621277304,5,0.08916787115723823,3,9.0,2.0
1,6,1,False,1,0.37841113524365105,2,0.29715701607935324,6,0.2696457379731817,3,0.02650404564559095,0,0.01865604228061722,3,8.0,1.0
1,6,2,False,2,0.5390484974059239,6,0.29191537048923893,1,0.08465874325523828,0,0.08437738884959892,3,0.0,2,8.0,2.0
1,1,1,True,1,0.3741370233139836,2,0.3034829024953992,6,0.2817386357782803,3,0.027285325620284264,0,0.01335611279205251,1,8.0,4.0
1,0,0,True,0,0.6526125281421103,2,0.2255586266219387,6,0.08541000955479439,3,0.03641883568115657,1,0.0,1,9.0,3.0
1,3,2,False,2,0.4890277777777778,3,0.4413373015873015,0,0.06096825396825396,6,0.006,4,0.0026666666666666666,2,17.0,5.0
1,6,3,False,3,0.4944643788245036,6,0.21758467600923034,5,0.15054264600392014,4,0.09330082983121518,0,0.04410746933113018,2,18.0,4.0
1,0,3,False,3,0.6565238095238094,0,0.3284761904761904,4,0.015,1,0.0,2,0.0,2,14.0,2.0
1,3,3,True,3,0.8186881174381169,0,0.18131188256188258,1,0.0,2,0.0,4,0.0,1,12.0,6.0
1,4,4,True,4,0.7225791675644614,3,0.2774208324355382,1,0.0,0,0.0,2,0.0,1,16.0,1.0
1,3,3,True,3,0.8186881174381169,0,0.18131188256188258,1,0.0,2,0.0,4,0.0,1,12.0,6.0
2,2,1,False,1,0.4320688979176826,2,0.26181956160651665,6,0.20913557471077548,5,0.048988588910538276,0,0.047987376854486986,2,9.0,1.0
2,2,2,True,2,0.5265257520389572,6,0.3119553703632262,1,0.08242337062166494,0,0.07909550697615157,3,0.0,1,8.0,2.0
2,0,0,True,0,0.675789349539349,3,0.32421065046065034,1,0.0,2,0.0,4,0.0,1,12.0,3.0
2,2,1,False,1,0.38446965378937376,6,0.21566004409907355,3,0.16484012081841865,2,0.11702828270588732,4,0.11261728320263108,4,10.0,1.0
2,3,3,True,3,0.7578798701298701,0,0.24212012987012974,1,0.0,2,0.0,4,0.0,1,12.0,1.0
2,5,1,False,1,0.26639824498418563,2,0.23490832798492345,3,0.1974849967889461,6,0.17107565149911363,0,0.1301327787428309,7,10.0,4.0
2,5,1,False,1,0.26639824498418563,2,0.23490832798492345,3,0.1974849967889461,6,0.17107565149911363,0,0.1301327787428309,7,10.0,4.0
2,1,6,False,6,0.3461644262117865,1,0.31995083019241777,2,0.2309715393133436,0,0.06512529664175928,3,0.037787907640692786,2,9.0,4.0
2,2,2,True,2,0.5265257520389572,6,0.3119553703632262,1,0.08242337062166494,0,0.07909550697615157,3,0.0,1,8.0,2.0
2,3,6,False,6,0.41390400147386897,2,0.31440683340524056,1,0.17447799734861488,0,0.09721116777227541,3,0.0,5,9.0,0.0
2,0,0,True,0,0.6557301726051727,3,0.12522119547119542,2,0.11198144910644904,6,0.10706718281718276,1,0.0,1,9.0,5.0
2,1,1,True,1,0.37980907090983473,6,0.28914648203385374,2,0.26179641126329994,3,0.03354993310978113,0,0.02624194416232827,1,8.0,1.0
2,1,1,True,1,0.4320688979176826,2,0.26181956160651665,6,0.20913557471077548,5,0.048988588910538276,0,0.047987376854486986,1,9.0,1.0
2,6,1,False,1,0.4320688979176826,2,0.26181956160651665,6,0.20913557471077548,5,0.048988588910538276,0,0.047987376854486986,3,9.0,1.0
2,3,3,True,3,0.9752222222222222,2,0.012,6,0.006944444444444444,4,0.005833333333333333,0,0.0,1,20.0,4.0
2,3,3,True,3,0.4210039682539683,0,0.2936096681096679,4,0.28538636363636344,1,0.0,2,0.0,1,17.0,1.0
2,3,3,True,3,0.4414883325500169,6,0.2864925452376511,5,0.1549310667507491,4,0.05909685414170968,0,0.05099120131987307,1,18.0,4.0
2,3,3,True,3,0.9771363636363637,0,0.011818181818181818,4,0.009795454545454546,2,0.00125,1,0.0,1,17.0,3.0
2,3,3,True,3,0.4210039682539683,0,0.2936096681096679,4,0.28538636363636344,1,0.0,2,0.0,1,17.0,1.0
2,3,3,True,3,0.4210039682539683,0,0.2936096681096679,4,0.28538636363636344,1,0.0,2,0.0,1,17.0,1.0
2,2,2,True,2,0.5265257520389572,6,0.3119553703632262,1,0.08242337062166494,0,0.07909550697615157,3,0.0,1,8.0,2.0
2,1,1,True,1,0.4460085382293183,6,0.3665277572668876,2,0.18746370450379388,0,0.0,3,0.0,1,7.0,1.0
2,1,1,True,1,0.4460085382293183,6,0.3665277572668876,2,0.18746370450379388,0,0.0,3,0.0,1,7.0,1.0
2,2,2,True,2,0.5265257520389572,6,0.3119553703632262,1,0.08242337062166494,0,0.07909550697615157,3,0.0,1,8.0,2.0
2,3,0,False,0,0.6394446513947559,3,0.23617530471042034,2,0.11490635968429747,1,0.004210526315789474,4,0.002631578947368421,2,10.0,3.0
2,1,1,True,1,0.4460085382293183,6,0.3665277572668876,2,0.18746370450379388,0,0.0,3,0.0,1,7.0,1.0
2,0,2,False,2,0.5265257520389572,6,0.3119553703632262,1,0.08242337062166494,0,0.07909550697615157,3,0.0,4,8.0,2.0
2,0,2,False,2,0.41621331692678787,3,0.3265402490582358,0,0.2572464340149761,1,0.0,4,0.0,3,9.0,6.0
2,2,6,False,6,0.3461644262117865,1,0.31995083019241777,2,0.2309715393133436,0,0.06512529664175928,3,0.037787907640692786,3,9.0,4.0
2,0,0,True,0,0.6791253975033024,2,0.2629073438472387,1,0.031492405389472206,6,0.02647485325998703,3,0.0,1,8.0,3.0
2,2,1,False,1,0.4320688979176826,2,0.26181956160651665,6,0.20913557471077548,5,0.048988588910538276,0,0.047987376854486986,2,9.0,1.0
2,2,2,True,2,0.630423835325284,6,0.17299930961670737,1,0.11520470064032086,0,0.05734133165617293,5,0.012127037753247371,1,8.0,0.0
2,2,2,True,2,0.630423835325284,6,0.17299930961670737,1,0.11520470064032086,0,0.05734133165617293,5,0.012127037753247371,1,8.0,0.0
2,2,3,False,3,0.5981552786664482,2,0.2533864468864469,6,0.05369404034781156,0,0.04405882832426816,5,0.0390867050031804,2,18.0,5.0
2,3,3,True,3,0.33430519781216383,1,0.21941668028394026,2,0.19873572621908533,0,0.1328255139253591,5,0.11471688175945138,1,11.0,4.0
2,3,5,False,5,0.3294104663527196,3,0.3019850842667,2,0.1852136868381315,0,0.17391707833192213,1,0.004210526315789474,2,10.0,2.0
2,2,1,False,1,0.37980907090983473,6,0.28914648203385374,2,0.26179641126329994,3,0.03354993310978113,0,0.02624194416232827,3,8.0,1.0
2,0,3,False,3,0.9781878676878677,0,0.014622877122877123,1,0.007189255189255188,2,0.0,4,0.0,2,12.0,0.0
2,0,0,True,0,0.7060099368394497,2,0.1464993713953939,3,0.07589764900310522,5,0.03587574767332621,6,0.03571729508872478,1,9.0,3.0
2,0,2,False,2,0.38744348999864314,1,0.28425066576275887,0,0.20081372894292898,5,0.08363420492311682,6,0.04385791037255205,3,9.0,2.0
2,1,1,True,1,0.37980907090983473,6,0.28914648203385374,2,0.26179641126329994,3,0.03354993310978113,0,0.02624194416232827,1,8.0,1.0
2,0,3,False,3,0.34546104278418505,0,0.24323286023402108,2,0.1820014827363898,1,0.08518221462919601,5,0.07696215729574861,2,10.0,0.0
2,6,2,False,2,0.6056154056191531,6,0.10772512161940766,3,0.08368658353247384,5,0.0798754581009645,0,0.07961051403153581,2,8.0,6.0
2,6,3,False,3,0.5220489787989788,0,0.3170106837606836,6,0.16094033744033745,1,0.0,2,0.0,3,8.0,5.0
2,0,0,True,0,0.6791253975033024,2,0.2629073438472387,1,0.031492405389472206,6,0.02647485325998703,3,0.0,1,8.0,3.0
2,1,1,True,1,0.37980907090983473,6,0.28914648203385374,2,0.26179641126329994,3,0.03354993310978113,0,0.02624194416232827,1,8.0,1.0
2,6,1,False,1,0.4320688979176826,2,0.26181956160651665,6,0.20913557471077548,5,0.048988588910538276,0,0.047987376854486986,3,9.0,1.0
2,6,1,False,1,0.4460085382293183,6,0.3665277572668876,2,0.18746370450379388,0,0.0,3,0.0,2,7.0,1.0
2,0,0,True,0,0.7060099368394497,2,0.1464993713953939,3,0.07589764900310522,5,0.03587574767332621,6,0.03571729508872478,1,9.0,3.0
2,6,1,False,1,0.4460085382293183,6,0.3665277572668876,2,0.18746370450379388,0,0.0,3,0.0,2,7.0,1.0
2,6,2,False,2,0.630423835325284,6,0.17299930961670737,1,0.11520470064032086,0,0.05734133165617293,5,0.012127037753247371,2,8.0,0.0
2,6,1,False,1,0.4460085382293183,6,0.3665277572668876,2,0.18746370450379388,0,0.0,3,0.0,2,7.0,1.0
2,6,2,False,2,0.630423835325284,6,0.17299930961670737,1,0.11520470064032086,0,0.05734133165617293,5,0.012127037753247371,2,8.0,0.0
2,1,1,True,1,0.34786971864311617,6,0.31453564008966367,2,0.29556216836962595,3,0.028382598188650774,0,0.013649874708943079,1,8.0,4.0
2,6,1,False,1,0.4460085382293183,6,0.3665277572668876,2,0.18746370450379388,0,0.0,3,0.0,2,7.0,1.0
2,6,2,False,2,0.5265257520389572,6,0.3119553703632262,1,0.08242337062166494,0,0.07909550697615157,3,0.0,2,8.0,2.0
2,6,1,False,1,0.37980907090983473,6,0.28914648203385374,2,0.26179641126329994,3,0.03354993310978113,0,0.02624194416232827,2,8.0,1.0
2,6,0,False,0,0.7060099368394497,2,0.1464993713953939,3,0.07589764900310522,5,0.03587574767332621,6,0.03571729508872478,5,9.0,3.0
2,6,2,False,2,0.38744348999864314,1,0.28425066576275887,0,0.20081372894292898,5,0.08363420492311682,6,0.04385791037255205,5,9.0,2.0
2,3,3,True,3,0.7524707792207791,0,0.1322818015318015,1,0.11524741924741917,2,0.0,4,0.0,1,11.0,0.0
2,4,3,False,3,0.4414883325500169,6,0.2864925452376511,5,0.1549310667507491,4,0.05909685414170968,0,0.05099120131987307,4,18.0,4.0
2,4,6,False,6,0.5868470695970698,3,0.22382561882561877,4,0.18750912975912967,0,0.0018181818181818182,2,0.0,3,17.0,4.0
2,0,3,False,3,0.9771363636363637,0,0.011818181818181818,4,0.009795454545454546,2,0.00125,1,0.0,2,17.0,3.0
2,3,2,False,2,0.38744348999864314,1,0.28425066576275887,0,0.20081372894292898,5,0.08363420492311682,6,0.04385791037255205,6,9.0,2.0
2,3,3,True,3,0.9267059778456833,0,0.07329402215431624,1,0.0,2,0.0,4,0.0,1,19.0,1.0
2,3,3,True,3,0.958,2,0.035666666666666666,4,0.006333333333333333,1,0.0,0,0.0,1,21.0,5.0
2,3,3,True,3,0.6991919085816144,0,0.22349999999999998,4,0.046516000339529746,2,0.02829209107885579,6,0.001875,1,18.0,2.0
2,3,3,True,3,0.946892857142857,0,0.05310714285714286,1,0.0,2,0.0,4,0.0,1,21.0,2.0
2,3,3,True,3,0.5220489787989788,0,0.3170106837606836,6,0.16094033744033745,1,0.0,2,0.0,1,8.0,5.0
2,3,3,True,3,0.6718808324028914,4,0.21759356574797753,2,0.1087074200309494,0,0.0018181818181818182,1,0.0,1,17.0,2.0
2,3,3,True,3,0.4210039682539683,0,0.2936096681096679,4,0.28538636363636344,1,0.0,2,0.0,1,17.0,1.0
2,3,3,True,3,0.4414883325500169,6,0.2864925452376511,5,0.1549310667507491,4,0.05909685414170968,0,0.05099120131987307,1,18.0,4.0
2,0,3,False,3,0.6718808324028914,4,0.21759356574797753,2,0.1087074200309494,0,0.0018181818181818182,1,0.0,4,17.0,2.0
2,3,3,True,3,0.9771363636363637,0,0.011818181818181818,4,0.009795454545454546,2,0.00125,1,0.0,1,17.0,3.0
2,1,3,False,3,0.7578798701298701,0,0.24212012987012974,1,0.0,2,0.0,4,0.0,3,12.0,1.0
2,2,2,True,2,0.6056154056191531,6,0.10772512161940766,3,0.08368658353247384,5,0.0798754581009645,0,0.07961051403153581,1,8.0,6.0
2,0,3,False,3,0.4280222722324114,2,0.2698351104949402,0,0.1486525444369871,1,0.08236155236232631,6,0.07112852047333469,3,13.0,5.0
2,2,0,False,0,0.6791253975033024,2,0.2629073438472387,1,0.031492405389472206,6,0.02647485325998703,3,0.0,2,8.0,3.0
2,1,1,True,1,0.37980907090983473,6,0.28914648203385374,2,0.26179641126329994,3,0.03354993310978113,0,0.02624194416232827,1,8.0,1.0
2,2,2,True,2,0.630423835325284,6,0.17299930961670737,1,0.11520470064032086,0,0.05734133165617293,5,0.012127037753247371,1,8.0,0.0
2,0,2,False,2,0.630423835325284,6,0.17299930961670737,1,0.11520470064032086,0,0.05734133165617293,5,0.012127037753247371,4,8.0,0.0
2,2,0,False,0,0.7060099368394497,2,0.1464993713953939,3,0.07589764900310522,5,0.03587574767332621,6,0.03571729508872478,2,9.0,3.0
2,1,6,False,6,0.41390400147386897,2,0.31440683340524056,1,0.17447799734861488,0,0.09721116777227541,3,0.0,3,9.0,0.0
2,3,3,True,3,0.49542046860338657,0,0.29904379245979923,6,0.20353573893681404,2,0.002,1,0.0,1,10.0,5.0
2,0,6,False,6,0.41390400147386897,2,0.31440683340524056,1,0.17447799734861488,0,0.09721116777227541,3,0.0,4,9.0,0.0
2,2,2,True,2,0.630423835325284,6,0.17299930961670737,1,0.11520470064032086,0,0.05734133165617293,5,0.012127037753247371,1,8.0,0.0
2,2,1,False,1,0.37980907090983473,6,0.28914648203385374,2,0.26179641126329994,3,0.03354993310978113,0,0.02624194416232827,3,8.0,1.0
2,2,0,False,0,0.6791253975033024,2,0.2629073438472387,1,0.031492405389472206,6,0.02647485325998703,3,0.0,2,8.0,3.0
2,2,2,True,2,0.5265257520389572,6,0.3119553703632262,1,0.08242337062166494,0,0.07909550697615157,3,0.0,1,8.0,2.0
2,3,2,False,2,0.630423835325284,6,0.17299930961670737,1,0.11520470064032086,0,0.05734133165617293,5,0.012127037753247371,6,8.0,0.0
2,1,6,False,6,0.3461644262117865,1,0.31995083019241777,2,0.2309715393133436,0,0.06512529664175928,3,0.037787907640692786,2,9.0,4.0
2,1,1,True,1,0.34786971864311617,6,0.31453564008966367,2,0.29556216836962595,3,0.028382598188650774,0,0.013649874708943079,1,8.0,4.0
2,2,1,False,1,0.37980907090983473,6,0.28914648203385374,2,0.26179641126329994,3,0.03354993310978113,0,0.02624194416232827,3,8.0,1.0
2,2,1,False,1,0.4320688979176826,2,0.26181956160651665,6,0.20913557471077548,5,0.048988588910538276,0,0.047987376854486986,2,9.0,1.0
2,1,1,True,1,0.4320688979176826,2,0.26181956160651665,6,0.20913557471077548,5,0.048988588910538276,0,0.047987376854486986,1,9.0,1.0
2,0,3,False,3,0.34546104278418505,0,0.24323286023402108,2,0.1820014827363898,1,0.08518221462919601,5,0.07696215729574861,2,10.0,0.0
2,2,2,True,2,0.630423835325284,6,0.17299930961670737,1,0.11520470064032086,0,0.05734133165617293,5,0.012127037753247371,1,8.0,0.0
2,1,1,True,1,0.4320688979176826,2,0.26181956160651665,6,0.20913557471077548,5,0.048988588910538276,0,0.047987376854486986,1,9.0,1.0
2,0,0,True,0,0.513321709508242,3,0.41782944716961773,6,0.06884884332214052,1,0.0,2,0.0,1,12.0,5.0
2,1,6,False,6,0.3461644262117865,1,0.31995083019241777,2,0.2309715393133436,0,0.06512529664175928,3,0.037787907640692786,2,9.0,4.0
2,0,3,False,3,0.49542046860338657,0,0.29904379245979923,6,0.20353573893681404,2,0.002,1,0.0,2,10.0,5.0
2,6,1,False,1,0.26639824498418563,2,0.23490832798492345,3,0.1974849967889461,6,0.17107565149911363,0,0.1301327787428309,4,10.0,4.0
2,6,2,False,2,0.630423835325284,6,0.17299930961670737,1,0.11520470064032086,0,0.05734133165617293,5,0.012127037753247371,2,8.0,0.0
2,0,0,True,0,0.6791253975033024,2,0.2629073438472387,1,0.031492405389472206,6,0.02647485325998703,3,0.0,1,8.0,3.0
2,6,2,False,2,0.5265257520389572,6,0.3119553703632262,1,0.08242337062166494,0,0.07909550697615157,3,0.0,2,8.0,2.0
2,6,2,False,2,0.5265257520389572,6,0.3119553703632262,1,0.08242337062166494,0,0.07909550697615157,3,0.0,2,8.0,2.0
2,3,3,True,3,0.5379578201983777,0,0.3168269275100542,2,0.14521525229156798,1,0.0,4,0.0,1,10.0,6.0
2,3,3,True,3,0.4414883325500169,6,0.2864925452376511,5,0.1549310667507491,4,0.05909685414170968,0,0.05099120131987307,1,18.0,4.0
2,3,3,True,3,0.4210039682539683,0,0.2936096681096679,4,0.28538636363636344,1,0.0,2,0.0,1,17.0,1.0
2,1,2,False,2,0.5265257520389572,6,0.3119553703632262,1,0.08242337062166494,0,0.07909550697615157,3,0.0,3,8.0,2.0
2,0,0,True,0,0.513321709508242,3,0.41782944716961773,6,0.06884884332214052,1,0.0,2,0.0,1,12.0,5.0
2,3,3,True,3,0.6600238095238093,0,0.3399761904761903,1,0.0,2,0.0,4,0.0,1,13.0,6.0
2,1,1,True,1,0.3491553426799589,6,0.3398069553512748,3,0.24439433701173155,0,0.06414336495703434,4,0.0025,1,7.0,4.0
2,2,1,False,1,0.37980907090983473,6,0.28914648203385374,2,0.26179641126329994,3,0.03354993310978113,0,0.02624194416232827,3,8.0,1.0
2,2,1,False,1,0.34786971864311617,6,0.31453564008966367,2,0.29556216836962595,3,0.028382598188650774,0,0.013649874708943079,3,8.0,4.0
2,2,0,False,0,0.6791253975033024,2,0.2629073438472387,1,0.031492405389472206,6,0.02647485325998703,3,0.0,2,8.0,3.0
2,2,6,False,6,0.41390400147386897,2,0.31440683340524056,1,0.17447799734861488,0,0.09721116777227541,3,0.0,2,9.0,0.0
2,2,0,False,0,0.6980629543098094,3,0.12453184722377936,2,0.08143169232065549,6,0.03950875621573358,1,0.03828409886861619,3,7.0,0.0
2,2,1,False,1,0.37980907090983473,6,0.28914648203385374,2,0.26179641126329994,3,0.03354993310978113,0,0.02624194416232827,3,8.0,1.0
2,3,0,False,0,0.519595238095238,3,0.4273333333333334,4,0.03257142857142857,1,0.018000000000000002,5,0.0025,2,13.0,3.0
2,1,3,False,3,0.34546104278418505,0,0.24323286023402108,2,0.1820014827363898,1,0.08518221462919601,5,0.07696215729574861,4,10.0,0.0
2,2,6,False,6,0.3461644262117865,1,0.31995083019241777,2,0.2309715393133436,0,0.06512529664175928,3,0.037787907640692786,3,9.0,4.0
2,2,1,False,1,0.34786971864311617,6,0.31453564008966367,2,0.29556216836962595,3,0.028382598188650774,0,0.013649874708943079,3,8.0,4.0
2,0,1,False,1,0.4320688979176826,2,0.26181956160651665,6,0.20913557471077548,5,0.048988588910538276,0,0.047987376854486986,5,9.0,1.0
2,1,1,True,1,0.34786971864311617,6,0.31453564008966367,2,0.29556216836962595,3,0.028382598188650774,0,0.013649874708943079,1,8.0,4.0
2,6,1,False,1,0.4320688979176826,2,0.26181956160651665,6,0.20913557471077548,5,0.048988588910538276,0,0.047987376854486986,3,9.0,1.0
2,6,3,False,3,0.45449206349206334,6,0.36291522366522366,4,0.17759271284271283,0,0.005,2,0.0,2,19.0,4.0
2,6,6,True,6,0.3461644262117865,1,0.31995083019241777,2,0.2309715393133436,0,0.06512529664175928,3,0.037787907640692786,1,9.0,4.0
2,3,3,True,3,0.5228228715728716,0,0.44688167388167377,2,0.014499999999999999,4,0.014462121212121211,6,0.0006666666666666666,1,17.0,6.0
2,3,3,True,3,0.6866547619047619,0,0.2970952380952381,4,0.01625,1,0.0,2,0.0,1,16.0,3.0
2,4,4,True,4,0.720674348570246,3,0.2773256514297535,0,0.002,1,0.0,2,0.0,1,16.0,1.0
2,4,4,True,4,0.720674348570246,3,0.2773256514297535,0,0.002,1,0.0,2,0.0,1,16.0,1.0
2,3,5,False,5,0.3294104663527196,3,0.3019850842667,2,0.1852136868381315,0,0.17391707833192213,1,0.004210526315789474,2,10.0,2.0
2,3,3,True,3,0.7152147656265302,0,0.2847852343734696,1,0.0,2,0.0,4,0.0,1,11.0,6.0
2,3,3,True,3,0.6866547619047619,0,0.2970952380952381,4,0.01625,1,0.0,2,0.0,1,16.0,3.0
3,2,2,True,2,0.5294886993981365,6,0.29898098328751516,0,0.0918445977476162,1,0.0796857195667323,3,0.0,1,8.0,2.0
3,2,6,False,6,0.3399435723698874,1,0.3224383415830971,2,0.23166103713246133,0,0.062456811299619414,3,0.04350023761493449,3,9.0,4.0
3,2,1,False,1,0.40477169835947424,2,0.2616995964978279,6,0.24044244978717613,5,0.04700084209194947,0,0.04608541326357222,2,9.0,1.0
3,2,2,True,2,0.59791002611591,6,0.1999204542219103,1,0.09868968354979175,0,0.06895377270514658,3,0.02300608464747215,1,8.0,0.0
3,2,2,True,2,0.59791002611591,6,0.1999204542219103,1,0.09868968354979175,0,0.06895377270514658,3,0.02300608464747215,1,8.0,0.0
3,2,2,True,2,0.59791002611591,6,0.1999204542219103,1,0.09868968354979175,0,0.06895377270514658,3,0.02300608464747215,1,8.0,0.0
3,3,3,True,3,0.46400112718561437,0,0.36529230149961317,6,0.1707065713147724,1,0.0,2,0.0,1,10.0,5.0
3,3,3,True,3,0.45253392595536546,5,0.2756008990579423,0,0.1881291224685187,2,0.08373605251817323,1,0.0,1,10.0,2.0
3,3,1,False,1,0.36684358334401407,6,0.24847221962486174,2,0.16561450722726362,3,0.1262436443101281,4,0.09282604549373234,4,10.0,1.0
3,0,3,False,3,0.49909126984126984,5,0.2514523809523808,0,0.23390079365079364,2,0.012222222222222223,4,0.003333333333333333,3,11.0,3.0
3,2,2,True,2,0.5294886993981365,6,0.29898098328751516,0,0.0918445977476162,1,0.0796857195667323,3,0.0,1,8.0,2.0
3,0,0,True,0,0.6266666666666666,3,0.22,2,0.12777777777777777,1,0.02148148148148148,6,0.004074074074074074,1,6.0,3.0
3,2,2,True,2,0.5294886993981365,6,0.29898098328751516,0,0.0918445977476162,1,0.0796857195667323,3,0.0,1,8.0,2.0
3,6,2,False,2,0.5294886993981365,6,0.29898098328751516,0,0.0918445977476162,1,0.0796857195667323,3,0.0,2,8.0,2.0
3,1,1,True,1,0.3557680547471627,2,0.3028085944393294,6,0.3001491838558687,3,0.0278800061193299,0,0.013394160838309294,1,8.0,4.0
3,6,3,False,3,0.46400112718561437,0,0.36529230149961317,6,0.1707065713147724,1,0.0,2,0.0,3,10.0,5.0
3,6,0,False,0,0.7575029970029967,3,0.12213382450882442,2,0.12036317848817847,1,0.0,4,0.0,7,9.0,5.0
3,6,1,False,1,0.3557680547471627,2,0.3028085944393294,6,0.3001491838558687,3,0.0278800061193299,0,0.013394160838309294,3,8.0,4.0
3,2,2,True,2,0.59791002611591,6,0.1999204542219103,1,0.09868968354979175,0,0.06895377270514658,3,0.02300608464747215,1,8.0,0.0
3,6,1,False,1,0.3557680547471627,2,0.3028085944393294,6,0.3001491838558687,3,0.0278800061193299,0,0.013394160838309294,3,8.0,4.0
3,3,3,True,3,0.896959457209457,0,0.10304054279054277,1,0.0,2,0.0,4,0.0,1,19.0,1.0
3,3,3,True,3,0.4926428571428571,0,0.4470714285714286,6,0.028571428571428567,4,0.02142857142857143,2,0.010285714285714285,1,16.0,4.0
3,3,3,True,3,0.965,2,0.02,0,0.01,4,0.005,1,0.0,1,18.0,1.0
3,3,3,True,3,0.995,0,0.005,1,0.0,2,0.0,4,0.0,1,20.0,1.0
3,3,3,True,3,0.896959457209457,0,0.10304054279054277,1,0.0,2,0.0,4,0.0,1,19.0,1.0
3,3,3,True,3,0.5958492039006746,4,0.2022694650121121,0,0.10382241369741363,2,0.09805891738979972,1,0.0,1,17.0,2.0
3,3,3,True,3,0.9733333333333333,0,0.02666666666666667,1,0.0,2,0.0,4,0.0,1,21.0,3.0
3,3,3,True,3,0.896959457209457,0,0.10304054279054277,1,0.0,2,0.0,4,0.0,1,19.0,1.0
3,3,3,True,3,0.46400112718561437,0,0.36529230149961317,6,0.1707065713147724,1,0.0,2,0.0,1,10.0,5.0
3,3,6,False,6,0.544690476190476,4,0.43530952380952387,0,0.011538461538461537,3,0.008461538461538461,2,0.0,4,17.0,4.0
3,3,0,False,0,0.5839801587301587,3,0.40185317460317455,4,0.0115,6,0.002,2,0.0006666666666666666,2,19.0,2.0
3,1,1,True,1,0.39083344269200476,6,0.2959286390088129,2,0.25574631820273713,3,0.02989702300974586,0,0.01893996654951715,1,8.0,1.0
3,1,2,False,2,0.59791002611591,6,0.1999204542219103,1,0.09868968354979175,0,0.06895377270514658,3,0.02300608464747215,3,8.0,0.0
3,1,6,False,6,0.3399435723698874,1,0.3224383415830971,2,0.23166103713246133,0,0.062456811299619414,3,0.04350023761493449,2,9.0,4.0
3,2,2,True,2,0.5294886993981365,6,0.29898098328751516,0,0.0918445977476162,1,0.0796857195667323,3,0.0,1,8.0,2.0
3,1,1,True,1,0.39083344269200476,6,0.2959286390088129,2,0.25574631820273713,3,0.02989702300974586,0,0.01893996654951715,1,8.0,1.0
3,2,3,False,3,0.44125787112784015,1,0.20109623219917339,2,0.12898854984884392,5,0.11625118753795217,0,0.11135352770724281,3,11.0,4.0
3,0,2,False,2,0.3273433223668839,1,0.2567377708666916,0,0.1993178865772977,6,0.09095613710931133,5,0.08077495653728936,3,9.0,2.0
3,2,1,False,1,0.39083344269200476,6,0.2959286390088129,2,0.25574631820273713,3,0.02989702300974586,0,0.01893996654951715,3,8.0,1.0
3,2,2,True,2,0.3273433223668839,1,0.2567377708666916,0,0.1993178865772977,6,0.09095613710931133,5,0.08077495653728936,1,9.0,2.0
3,0,0,True,0,0.6682037965259876,2,0.15940763194344754,3,0.07153928971630838,6,0.06824292105451121,5,0.03260636075974512,1,9.0,3.0
3,2,3,False,3,0.45253392595536546,5,0.2756008990579423,0,0.1881291224685187,2,0.08373605251817323,1,0.0,4,10.0,2.0
3,2,3,False,3,0.7276674159174158,4,0.13646259296259294,1,0.1358699911199911,0,0.0,2,0.0,5,11.0,1.0
3,3,3,True,3,0.7276674159174158,4,0.13646259296259294,1,0.1358699911199911,0,0.0,2,0.0,1,11.0,1.0
3,0,3,False,3,0.6764637964374804,4,0.21025603051918837,0,0.11328017304333089,1,0.0,2,0.0,3,17.0,1.0
3,1,1,True,1,0.3557680547471627,2,0.3028085944393294,6,0.3001491838558687,3,0.0278800061193299,0,0.013394160838309294,1,8.0,4.0
3,1,1,True,1,0.40477169835947424,2,0.2616995964978279,6,0.24044244978717613,5,0.04700084209194947,0,0.04608541326357222,1,9.0,1.0
3,6,2,False,2,0.5294886993981365,6,0.29898098328751516,0,0.0918445977476162,1,0.0796857195667323,3,0.0,2,8.0,2.0
3,1,1,True,1,0.39083344269200476,6,0.2959286390088129,2,0.25574631820273713,3,0.02989702300974586,0,0.01893996654951715,1,8.0,1.0
3,0,1,False,1,0.40477169835947424,2,0.2616995964978279,6,0.24044244978717613,5,0.04700084209194947,0,0.04608541326357222,5,9.0,1.0
3,6,2,False,2,0.5294886993981365,6,0.29898098328751516,0,0.0918445977476162,1,0.0796857195667323,3,0.0,2,8.0,2.0
3,1,1,True,1,0.39083344269200476,6,0.2959286390088129,2,0.25574631820273713,3,0.02989702300974586,0,0.01893996654951715,1,8.0,1.0
3,6,2,False,2,0.6515937282197968,6,0.10581107180070705,0,0.07855250758602932,3,0.07842326551571255,4,0.04815544136102133,2,8.0,6.0
3,1,1,True,1,0.4318976262044849,6,0.4302030410763683,2,0.13789933271914667,0,0.0,3,0.0,1,7.0,1.0
3,0,0,True,0,0.6702494107137476,2,0.28085373199753816,1,0.024606742150851044,6,0.024290115137863118,3,0.0,1,8.0,3.0
3,6,1,False,1,0.39083344269200476,6,0.2959286390088129,2,0.25574631820273713,3,0.02989702300974586,0,0.01893996654951715,2,8.0,1.0
3,3,0,False,0,0.7215963203463204,3,0.21230339105339105,2,0.04833333333333333,6,0.012766955266955267,1,0.005,2,6.0,5.0
3,6,1,False,1,0.40907314344486834,6,0.304547475843727,3,0.2318179152137454,0,0.05456146549765901,2,0.0,2,7.0,4.0
3,6,0,False,0,0.37271806745026537,3,0.293068878790628,1,0.145553875776786,2,0.13026658828787302,5,0.058392589694447265,7,10.0,0.0
3,6,2,False,2,0.59791002611591,6,0.1999204542219103,1,0.09868968354979175,0,0.06895377270514658,3,0.02300608464747215,2,8.0,0.0
3,3,1,False,1,0.39083344269200476,6,0.2959286390088129,2,0.25574631820273713,3,0.02989702300974586,0,0.01893996654951715,4,8.0,1.0
3,3,6,False,6,0.4699715007215008,3,0.27526262626262615,4,0.24476587301587288,0,0.01,2,0.0,2,19.0,4.0
3,3,3,True,3,0.5958492039006746,4,0.2022694650121121,0,0.10382241369741363,2,0.09805891738979972,1,0.0,1,17.0,2.0
3,3,3,True,3,0.9933333333333334,2,0.006666666666666666,1,0.0,0,0.0,4,0.0,1,6.0,0.0
3,3,1,False,1,0.24157326771873314,2,0.2173714403153619,6,0.17729388553193018,3,0.1459131909729154,0,0.13760925397926788,4,10.0,4.0
3,0,3,False,3,0.5200285547785548,0,0.4648127150627151,4,0.015158730158730158,1,0.0,2,0.0,2,17.0,0.0
3,3,3,True,3,0.8950202020202022,0,0.042333333333333334,1,0.026999999999999996,6,0.01666919191919192,2,0.015,1,6.0,4.0
3,3,3,True,3,0.896959457209457,0,0.10304054279054277,1,0.0,2,0.0,4,0.0,1,19.0,1.0
3,1,6,False,6,0.3399435723698874,1,0.3224383415830971,2,0.23166103713246133,0,0.062456811299619414,3,0.04350023761493449,2,9.0,4.0
3,1,1,True,1,0.40477169835947424,2,0.2616995964978279,6,0.24044244978717613,5,0.04700084209194947,0,0.04608541326357222,1,9.0,1.0
3,2,2,True,2,0.6515937282197968,6,0.10581107180070705,0,0.07855250758602932,3,0.07842326551571255,4,0.04815544136102133,1,8.0,6.0
3,2,1,False,1,0.39083344269200476,6,0.2959286390088129,2,0.25574631820273713,3,0.02989702300974586,0,0.01893996654951715,3,8.0,1.0
3,3,3,True,3,0.7368867048843829,0,0.26311329511561693,1,0.0,2,0.0,4,0.0,1,11.0,6.0
3,1,2,False,2,0.33833759103355204,6,0.2739451548388763,1,0.19968605173108522,0,0.14049146100301824,3,0.04753974139346792,3,9.0,0.0
3,1,6,False,6,0.3399435723698874,1,0.3224383415830971,2,0.23166103713246133,0,0.062456811299619414,3,0.04350023761493449,2,9.0,4.0
3,2,1,False,1,0.39083344269200476,6,0.2959286390088129,2,0.25574631820273713,3,0.02989702300974586,0,0.01893996654951715,3,8.0,1.0
3,2,1,False,1,0.39083344269200476,6,0.2959286390088129,2,0.25574631820273713,3,0.02989702300974586,0,0.01893996654951715,3,8.0,1.0
3,1,2,False,2,0.3273433223668839,1,0.2567377708666916,0,0.1993178865772977,6,0.09095613710931133,5,0.08077495653728936,2,9.0,2.0
3,2,1,False,1,0.39083344269200476,6,0.2959286390088129,2,0.25574631820273713,3,0.02989702300974586,0,0.01893996654951715,3,8.0,1.0
3,1,1,True,1,0.40477169835947424,2,0.2616995964978279,6,0.24044244978717613,5,0.04700084209194947,0,0.04608541326357222,1,9.0,1.0
3,2,1,False,1,0.3557680547471627,2,0.3028085944393294,6,0.3001491838558687,3,0.0278800061193299,0,0.013394160838309294,2,8.0,4.0
3,0,0,True,0,0.6702494107137476,2,0.28085373199753816,1,0.024606742150851044,6,0.024290115137863118,3,0.0,1,8.0,3.0
3,2,0,False,0,0.6702494107137476,2,0.28085373199753816,1,0.024606742150851044,6,0.024290115137863118,3,0.0,2,8.0,3.0
3,5,2,False,2,0.6515937282197968,6,0.10581107180070705,0,0.07855250758602932,3,0.07842326551571255,4,0.04815544136102133,6,8.0,6.0
3,2,1,False,1,0.40477169835947424,2,0.2616995964978279,6,0.24044244978717613,5,0.04700084209194947,0,0.04608541326357222,2,9.0,1.0
3,0,3,False,3,0.7199708216619979,0,0.2526010737628384,2,0.012764705882352942,1,0.008722222222222221,5,0.005941176470588235,2,14.0,2.0
3,0,3,False,3,0.8757142857142857,0,0.08535714285714285,4,0.03,2,0.005,6,0.0026190476190476194,2,16.0,0.0
3,1,1,True,1,0.3557680547471627,2,0.3028085944393294,6,0.3001491838558687,3,0.0278800061193299,0,0.013394160838309294,1,8.0,4.0
3,6,2,False,2,0.5294886993981365,6,0.29898098328751516,0,0.0918445977476162,1,0.0796857195667323,3,0.0,2,8.0,2.0
3,6,2,False,2,0.33833759103355204,6,0.2739451548388763,1,0.19968605173108522,0,0.14049146100301824,3,0.04753974139346792,2,9.0,0.0
3,0,0,True,0,0.5294557340339174,3,0.3557785607586254,6,0.10476570520745701,2,0.01,1,0.0,1,11.0,5.0
3,6,2,False,2,0.33833759103355204,6,0.2739451548388763,1,0.19968605173108522,0,0.14049146100301824,3,0.04753974139346792,2,9.0,0.0
3,6,6,True,6,0.4699715007215008,3,0.27526262626262615,4,0.24476587301587288,0,0.01,2,0.0,1,19.0,4.0
3,6,6,True,6,0.544690476190476,4,0.43530952380952387,0,0.011538461538461537,3,0.008461538461538461,2,0.0,1,17.0,4.0
3,0,0,True,0,0.6702494107137476,2,0.28085373199753816,1,0.024606742150851044,6,0.024290115137863118,3,0.0,1,8.0,3.0
3,6,1,False,1,0.39083344269200476,6,0.2959286390088129,2,0.25574631820273713,3,0.02989702300974586,0,0.01893996654951715,2,8.0,1.0
3,6,1,False,1,0.24157326771873314,2,0.2173714403153619,6,0.17729388553193018,3,0.1459131909729154,0,0.13760925397926788,3,10.0,4.0
3,4,3,False,3,0.8757142857142857,0,0.08535714285714285,4,0.03,2,0.005,6,0.0026190476190476194,3,16.0,0.0
3,3,0,False,0,0.5294557340339174,3,0.3557785607586254,6,0.10476570520745701,2,0.01,1,0.0,2,11.0,5.0
3,3,3,True,3,0.4926428571428571,0,0.4470714285714286,6,0.028571428571428567,4,0.02142857142857143,2,0.010285714285714285,1,16.0,4.0
3,3,3,True,3,0.5200285547785548,0,0.4648127150627151,4,0.015158730158730158,1,0.0,2,0.0,1,17.0,0.0
3,0,1,False,1,0.39083344269200476,6,0.2959286390088129,2,0.25574631820273713,3,0.02989702300974586,0,0.01893996654951715,5,8.0,1.0
3,1,2,False,2,0.5294886993981365,6,0.29898098328751516,0,0.0918445977476162,1,0.0796857195667323,3,0.0,4,8.0,2.0
3,2,2,True,2,0.59791002611591,6,0.1999204542219103,1,0.09868968354979175,0,0.06895377270514658,3,0.02300608464747215,1,8.0,0.0
3,1,3,False,3,0.7276674159174158,4,0.13646259296259294,1,0.1358699911199911,0,0.0,2,0.0,3,11.0,1.0
3,0,0,True,0,0.5550471570803177,3,0.31821063892385043,2,0.1267422039958316,1,0.0,4,0.0,1,10.0,3.0
3,2,2,True,2,0.5294886993981365,6,0.29898098328751516,0,0.0918445977476162,1,0.0796857195667323,3,0.0,1,8.0,2.0
3,1,3,False,3,0.7276674159174158,4,0.13646259296259294,1,0.1358699911199911,0,0.0,2,0.0,3,11.0,1.0
3,2,1,False,1,0.40477169835947424,2,0.2616995964978279,6,0.24044244978717613,5,0.04700084209194947,0,0.04608541326357222,2,9.0,1.0
3,2,1,False,1,0.39083344269200476,6,0.2959286390088129,2,0.25574631820273713,3,0.02989702300974586,0,0.01893996654951715,3,8.0,1.0
3,0,0,True,0,0.5569210071833912,3,0.3534876516242614,6,0.08959134119234735,1,0.0,2,0.0,1,12.0,5.0
3,2,6,False,6,0.3399435723698874,1,0.3224383415830971,2,0.23166103713246133,0,0.062456811299619414,3,0.04350023761493449,3,9.0,4.0
3,0,0,True,0,0.6682037965259876,2,0.15940763194344754,3,0.07153928971630838,6,0.06824292105451121,5,0.03260636075974512,1,9.0,3.0
3,0,0,True,0,0.6334047619047617,2,0.32092612942612925,1,0.01805980511862865,6,0.01441602623955565,3,0.01319327731092437,1,7.0,3.0
3,3,3,True,3,0.6764637964374804,4,0.21025603051918837,0,0.11328017304333089,1,0.0,2,0.0,1,17.0,1.0
3,3,3,True,3,0.33672431077694237,0,0.3221825396825397,1,0.31718964076858813,4,0.014692982456140348,6,0.008157894736842105,1,14.0,1.0
3,5,3,False,3,0.45253392595536546,5,0.2756008990579423,0,0.1881291224685187,2,0.08373605251817323,1,0.0,2,10.0,2.0
3,0,3,False,3,0.4818384765818975,4,0.24014506180953546,6,0.1342739782147677,0,0.13066556031687612,2,0.013076923076923076,4,13.0,4.0
3,0,3,False,3,0.9966666666666667,2,0.003333333333333333,1,0.0,0,0.0,4,0.0,4,15.0,3.0
3,0,3,False,3,0.6117846359100735,0,0.25870483490201474,2,0.1295105291879117,1,0.0,4,0.0,2,10.0,6.0
3,4,3,False,3,0.4207201704813934,4,0.2088271705647866,1,0.1511897458292194,2,0.13267669621686637,0,0.08658621690773394,2,12.0,4.0
3,0,2,False,2,0.6772933371207955,3,0.2168630226817449,6,0.04551017547789949,1,0.03214003906104366,0,0.014052525451127338,5,7.0,0.0
3,2,2,True,2,0.5294886993981365,6,0.29898098328751516,0,0.0918445977476162,1,0.0796857195667323,3,0.0,1,8.0,2.0
3,2,2,True,2,0.59791002611591,6,0.1999204542219103,1,0.09868968354979175,0,0.06895377270514658,3,0.02300608464747215,1,8.0,0.0
3,1,1,True,1,0.39083344269200476,6,0.2959286390088129,2,0.25574631820273713,3,0.02989702300974586,0,0.01893996654951715,1,8.0,1.0
3,2,2,True,2,0.59791002611591,6,0.1999204542219103,1,0.09868968354979175,0,0.06895377270514658,3,0.02300608464747215,1,8.0,0.0
3,6,3,False,3,0.45324075598399083,6,0.2148548990182761,5,0.1549419238356972,4,0.1054007983546273,0,0.05656162280740826,2,18.0,4.0
3,3,3,True,3,0.46400112718561437,0,0.36529230149961317,6,0.1707065713147724,1,0.0,2,0.0,1,10.0,5.0
3,6,2,False,2,0.5294886993981365,6,0.29898098328751516,0,0.0918445977476162,1,0.0796857195667323,3,0.0,2,8.0,2.0
3,3,0,False,0,0.5569210071833912,3,0.3534876516242614,6,0.08959134119234735,1,0.0,2,0.0,2,12.0,5.0
3,4,4,True,4,0.7703664823738349,3,0.22963351762616463,1,0.0,0,0.0,2,0.0,1,16.0,1.0
3,4,4,True,4,0.47258730158730144,2,0.2893888888888888,3,0.2380238095238095,1,0.0,0,0.0,1,15.0,1.0
3,3,3,True,3,0.9570000000000001,0,0.02,6,0.018500000000000003,4,0.0045000000000000005,2,0.0,1,20.0,4.0
3,3,3,True,3,0.5315905483405483,0,0.4495003607503608,1,0.015575757575757576,2,0.0022222222222222222,4,0.0011111111111111111,1,12.0,0.0
3,3,3,True,3,0.7535245587745589,0,0.12717385392385389,1,0.11596825396825397,4,0.003333333333333333,2,0.0,1,11.0,0.0
4,1,1,True,1,0.38569248958143865,6,0.29402697383299486,2,0.2789838876816287,3,0.026952995215985112,0,0.014343653687952254,1,8.0,4.0
4,2,2,True,2,0.528673982418137,6,0.3225228302381807,1,0.07541728435994703,0,0.07338590298373526,3,0.0,1,8.0,2.0
4,2,2,True,2,0.528673982418137,6,0.3225228302381807,1,0.07541728435994703,0,0.07338590298373526,3,0.0,1,8.0,2.0
4,0,2,False,2,0.3144627955710508,1,0.27462193867872065,0,0.2019012281974942,6,0.08563704827722836,5,0.08418819690026477,3,9.0,2.0
4,2,1,False,1,0.38018660119538966,2,0.28019311965436794,6,0.27422886328633156,3,0.03216548779568712,0,0.02509971312011101,2,8.0,1.0
4,2,1,False,1,0.38569248958143865,6,0.29402697383299486,2,0.2789838876816287,3,0.026952995215985112,0,0.014343653687952254,3,8.0,4.0
4,4,1,False,1,0.4355133477633477,3,0.41524494949494944,2,0.1442417027417027,0,0.005,4,0.0,5,11.0,1.0
4,4,1,False,1,0.43088753972915705,2,0.17809612392774654,3,0.17281258486656245,6,0.16506039509465267,4,0.05314335638188108,5,10.0,1.0
4,3,0,False,0,0.7019816906949257,3,0.2980183093050739,1,0.0,2,0.0,4,0.0,2,12.0,5.0
4,3,3,True,3,0.870195221445221,0,0.12980477855477854,1,0.0,2,0.0,4,0.0,1,12.0,6.0
4,3,3,True,3,0.7567817460317459,0,0.23113492063492058,4,0.009583333333333333,2,0.0025,1,0.0,1,15.0,3.0
4,5,3,False,3,0.4481042210283696,5,0.2199966916038897,2,0.16717419057550628,0,0.16472489679223426,1,0.0,2,10.0,2.0
4,0,0,True,0,0.7459399766899765,2,0.13010203685203683,6,0.1239579864579864,1,0.0,3,0.0,1,9.0,5.0
4,3,3,True,3,0.5187936953582006,0,0.28521664507181865,6,0.19332299290331365,2,0.0026666666666666666,1,0.0,1,10.0,5.0
4,3,0,False,0,0.6617525582702822,2,0.18141736173699044,6,0.08611384965465774,3,0.03607134799127193,5,0.03464488234679751,4,9.0,3.0
4,2,2,True,2,0.563580029896556,6,0.17108340470010236,3,0.07671447557456346,5,0.07290421537074428,0,0.07027189541050494,1,8.0,6.0
4,0,2,False,2,0.528673982418137,6,0.3225228302381807,1,0.07541728435994703,0,0.07338590298373526,3,0.0,4,8.0,2.0
4,6,0,False,0,0.7019816906949257,3,0.2980183093050739,1,0.0,2,0.0,4,0.0,7,12.0,5.0
4,1,1,True,1,0.38032788409894785,2,0.2930372295690054,6,0.2160020012868071,0,0.06841221783706045,5,0.04222066720817924,1,9.0,1.0
4,1,1,True,1,0.38032788409894785,2,0.2930372295690054,6,0.2160020012868071,0,0.06841221783706045,5,0.04222066720817924,1,9.0,1.0
4,1,6,False,6,0.33147820970114567,1,0.3009366217101049,2,0.2493236676675696,0,0.07573106275343516,3,0.042530438167744586,2,9.0,4.0
4,6,1,False,1,0.43088753972915705,2,0.17809612392774654,3,0.17281258486656245,6,0.16506039509465267,4,0.05314335638188108,4,10.0,1.0
4,2,2,True,2,0.6306781771281439,6,0.16411735668639676,1,0.1005785920030486,0,0.06946989446044519,3,0.023204536063606805,1,8.0,0.0
4,0,0,True,0,0.6654761904761903,3,0.2,2,0.10069047619047619,1,0.03383333333333333,4,0.0,1,6.0,3.0
4,6,1,False,1,0.38569248958143865,6,0.29402697383299486,2,0.2789838876816287,3,0.026952995215985112,0,0.014343653687952254,2,8.0,4.0
4,0,3,False,3,0.5685218980366039,1,0.21017236358412816,2,0.1100146699705523,0,0.10129106840871545,6,0.01,4,14.0,5.0
4,3,3,True,3,0.6581547619047619,0,0.18809920634920627,1,0.1537460317460317,2,0.0,4,0.0,1,12.0,1.0
4,3,3,True,3,0.5595692803212153,0,0.2925106752552572,2,0.14792004442352732,1,0.0,4,0.0,1,10.0,6.0
4,3,3,True,3,0.6462725381773369,4,0.18122415836657313,0,0.1725033034560898,1,0.0,2,0.0,1,17.0,1.0
4,3,3,True,3,0.3704759640084717,2,0.2820881193969428,0,0.20976225825258324,1,0.07544846450419201,6,0.0622251938378099,1,13.0,5.0
4,3,6,False,6,0.43508333333333327,3,0.31999206349206333,4,0.23992460317460312,0,0.005,2,0.0,2,19.0,4.0
4,3,3,True,3,0.5685218980366039,1,0.21017236358412816,2,0.1100146699705523,0,0.10129106840871545,6,0.01,1,14.0,5.0
4,3,3,True,3,0.9391666666666667,0,0.06083333333333333,1,0.0,2,0.0,4,0.0,1,21.0,0.0
4,3,3,True,3,0.7321274338406689,0,0.14575087820676047,1,0.12212168795257028,2,0.0,4,0.0,1,11.0,0.0
4,4,3,False,3,0.6704666134519074,0,0.12186395385660086,2,0.10458041958041958,4,0.10308901311107188,1,0.0,4,17.0,2.0
4,3,3,True,3,0.99,1,0.01,0,0.0,2,0.0,4,0.0,1,6.0,0.0
4,3,3,True,3,0.36166666666666664,2,0.3021907165242427,0,0.1624544166441927,1,0.14850407549083822,6,0.025184124674059727,1,6.0,2.0
4,0,0,True,0,0.4730663680059191,3,0.42268700840782875,6,0.10424662358625204,1,0.0,2,0.0,1,11.0,5.0
4,1,6,False,6,0.45887738834651187,1,0.39958545931278316,2,0.1415371523407048,0,0.0,3,0.0,2,7.0,1.0
4,1,6,False,6,0.33147820970114567,1,0.3009366217101049,2,0.2493236676675696,0,0.07573106275343516,3,0.042530438167744586,2,9.0,4.0
4,0,3,False,3,0.8099755932921568,0,0.19002440670784318,1,0.0,2,0.0,4,0.0,2,11.0,6.0
4,1,1,True,1,0.38018660119538966,2,0.28019311965436794,6,0.27422886328633156,3,0.03216548779568712,0,0.02509971312011101,1,8.0,1.0
4,1,6,False,6,0.45887738834651187,1,0.39958545931278316,2,0.1415371523407048,0,0.0,3,0.0,2,7.0,1.0
4,1,1,True,1,0.38018660119538966,2,0.28019311965436794,6,0.27422886328633156,3,0.03216548779568712,0,0.02509971312011101,1,8.0,1.0
4,2,2,True,2,0.6306781771281439,6,0.16411735668639676,1,0.1005785920030486,0,0.06946989446044519,3,0.023204536063606805,1,8.0,0.0
4,1,1,True,1,0.38032788409894785,2,0.2930372295690054,6,0.2160020012868071,0,0.06841221783706045,5,0.04222066720817924,1,9.0,1.0
4,2,3,False,3,0.817934510928117,2,0.08566666666666668,0,0.06925163242554548,6,0.013416570641634581,5,0.008563629465163994,2,18.0,6.0
4,0,0,True,0,0.4730663680059191,3,0.42268700840782875,6,0.10424662358625204,1,0.0,2,0.0,1,11.0,5.0
4,2,0,False,0,0.6819948754556513,2,0.2624864468914883,6,0.030874822059120097,1,0.024643855593740157,3,0.0,2,8.0,3.0
4,2,2,True,2,0.6306781771281439,6,0.16411735668639676,1,0.1005785920030486,0,0.06946989446044519,3,0.023204536063606805,1,8.0,0.0
4,0,0,True,0,0.6122221349771659,3,0.24074001849543644,2,0.14626861575816677,5,0.0007692307692307692,1,0.0,1,10.0,3.0
4,2,0,False,0,0.6819948754556513,2,0.2624864468914883,6,0.030874822059120097,1,0.024643855593740157,3,0.0,2,8.0,3.0
4,1,1,True,1,0.38569248958143865,6,0.29402697383299486,2,0.2789838876816287,3,0.026952995215985112,0,0.014343653687952254,1,8.0,4.0
4,1,1,True,1,0.7574761904761901,3,0.24085714285714285,0,0.0016666666666666666,2,0.0,4,0.0,1,13.0,1.0
4,0,0,True,0,0.6617525582702822,2,0.18141736173699044,6,0.08611384965465774,3,0.03607134799127193,5,0.03464488234679751,1,9.0,3.0
4,6,1,False,1,0.38569248958143865,6,0.29402697383299486,2,0.2789838876816287,3,0.026952995215985112,0,0.014343653687952254,2,8.0,4.0
4,6,1,False,1,0.39225085694570055,6,0.3182137806432117,3,0.21277921525503735,0,0.07175614715604976,2,0.005,2,7.0,4.0
4,0,3,False,3,0.5187936953582006,0,0.28521664507181865,6,0.19332299290331365,2,0.0026666666666666666,1,0.0,2,10.0,5.0
4,1,1,True,1,0.38032788409894785,2,0.2930372295690054,6,0.2160020012868071,0,0.06841221783706045,5,0.04222066720817924,1,9.0,1.0
4,0,3,False,3,0.5187936953582006,0,0.28521664507181865,6,0.19332299290331365,2,0.0026666666666666666,1,0.0,2,10.0,5.0
4,6,2,False,2,0.6306781771281439,6,0.16411735668639676,1,0.1005785920030486,0,0.06946989446044519,3,0.023204536063606805,2,8.0,0.0
4,6,2,False,2,0.528673982418137,6,0.3225228302381807,1,0.07541728435994703,0,0.07338590298373526,3,0.0,2,8.0,2.0
4,6,6,True,6,0.43508333333333327,3,0.31999206349206333,4,0.23992460317460312,0,0.005,2,0.0,1,19.0,4.0
4,6,3,False,3,0.46720758569001597,6,0.20004153463745392,5,0.14994752979987278,4,0.11453681202034696,0,0.05826653785231002,2,18.0,4.0
4,0,0,True,0,0.6617525582702822,2,0.18141736173699044,6,0.08611384965465774,3,0.03607134799127193,5,0.03464488234679751,1,9.0,3.0
4,1,1,True,1,0.39225085694570055,6,0.3182137806432117,3,0.21277921525503735,0,0.07175614715604976,2,0.005,1,7.0,4.0
4,6,2,False,2,0.528673982418137,6,0.3225228302381807,1,0.07541728435994703,0,0.07338590298373526,3,0.0,2,8.0,2.0
4,6,2,False,2,0.6306781771281439,6,0.16411735668639676,1,0.1005785920030486,0,0.06946989446044519,3,0.023204536063606805,2,8.0,0.0
4,0,0,True,0,0.6819948754556513,2,0.2624864468914883,6,0.030874822059120097,1,0.024643855593740157,3,0.0,1,8.0,3.0
4,3,3,True,3,0.46720758569001597,6,0.20004153463745392,5,0.14994752979987278,4,0.11453681202034696,0,0.05826653785231002,1,18.0,4.0
4,3,3,True,3,0.975,0,0.025,1,0.0,2,0.0,4,0.0,1,20.0,3.0
4,3,3,True,3,0.98,0,0.01,4,0.01,1,0.0,2,0.0,1,18.0,1.0
4,3,0,False,0,0.5634487734487733,3,0.4365512265512267,1,0.0,2,0.0,4,0.0,2,17.0,0.0
4,2,0,False,0,0.6819948754556513,2,0.2624864468914883,6,0.030874822059120097,1,0.024643855593740157,3,0.0,2,8.0,3.0
4,2,0,False,0,0.36773045426291134,2,0.3188357137470743,3,0.3134338319900137,1,0.0,4,0.0,2,9.0,6.0
4,3,0,False,0,0.3771038994115618,3,0.22195577530484648,1,0.17175251717666565,2,0.1428480129261862,6,0.0863397951807394,2,10.0,0.0
4,1,1,True,1,0.38018660119538966,2,0.28019311965436794,6,0.27422886328633156,3,0.03216548779568712,0,0.02509971312011101,1,8.0,1.0
4,2,2,True,2,0.3144627955710508,1,0.27462193867872065,0,0.2019012281974942,6,0.08563704827722836,5,0.08418819690026477,1,9.0,2.0
4,2,2,True,2,0.563580029896556,6,0.17108340470010236,3,0.07671447557456346,5,0.07290421537074428,0,0.07027189541050494,1,8.0,6.0
4,2,2,True,2,0.528673982418137,6,0.3225228302381807,1,0.07541728435994703,0,0.07338590298373526,3,0.0,1,8.0,2.0
4,2,3,False,3,0.5685218980366039,1,0.21017236358412816,2,0.1100146699705523,0,0.10129106840871545,6,0.01,3,14.0,5.0
4,2,1,False,1,0.38569248958143865,6,0.29402697383299486,2,0.2789838876816287,3,0.026952995215985112,0,0.014343653687952254,3,8.0,4.0
4,1,6,False,6,0.33147820970114567,1,0.3009366217101049,2,0.2493236676675696,0,0.07573106275343516,3,0.042530438167744586,2,9.0,4.0
4,0,2,False,2,0.528673982418137,6,0.3225228302381807,1,0.07541728435994703,0,0.07338590298373526,3,0.0,4,8.0,2.0
4,2,2,True,2,0.528673982418137,6,0.3225228302381807,1,0.07541728435994703,0,0.07338590298373526,3,0.0,1,8.0,2.0
4,2,2,True,2,0.6306781771281439,6,0.16411735668639676,1,0.1005785920030486,0,0.06946989446044519,3,0.023204536063606805,1,8.0,0.0
4,2,6,False,6,0.3191837110415811,2,0.27459677931316956,1,0.22640053998481677,0,0.13656502899736142,3,0.043253940663071075,2,9.0,0.0
4,6,2,False,2,0.6306781771281439,6,0.16411735668639676,1,0.1005785920030486,0,0.06946989446044519,3,0.023204536063606805,2,8.0,0.0
4,0,3,False,3,0.5595692803212153,0,0.2925106752552572,2,0.14792004442352732,1,0.0,4,0.0,2,10.0,6.0
4,6,1,False,1,0.38018660119538966,2,0.28019311965436794,6,0.27422886328633156,3,0.03216548779568712,0,0.02509971312011101,3,8.0,1.0
4,6,1,False,1,0.38032788409894785,2,0.2930372295690054,6,0.2160020012868071,0,0.06841221783706045,5,0.04222066720817924,3,9.0,1.0
4,6,2,False,2,0.528673982418137,6,0.3225228302381807,1,0.07541728435994703,0,0.07338590298373526,3,0.0,2,8.0,2.0
4,6,1,False,1,0.38032788409894785,2,0.2930372295690054,6,0.2160020012868071,0,0.06841221783706045,5,0.04222066720817924,3,9.0,1.0
4,6,1,False,1,0.38018660119538966,2,0.28019311965436794,6,0.27422886328633156,3,0.03216548779568712,0,0.02509971312011101,3,8.0,1.0
4,3,0,False,0,0.36773045426291134,2,0.3188357137470743,3,0.3134338319900137,1,0.0,4,0.0,3,9.0,6.0
4,3,0,False,0,0.6122221349771659,3,0.24074001849543644,2,0.14626861575816677,5,0.0007692307692307692,1,0.0,2,10.0,3.0
4,3,3,True,3,0.8842142857142856,0,0.1157857142857143,1,0.0,2,0.0,4,0.0,1,22.0,2.0
4,3,0,False,0,0.6122221349771659,3,0.24074001849543644,2,0.14626861575816677,5,0.0007692307692307692,1,0.0,2,10.0,3.0
4,3,1,False,1,0.4355133477633477,3,0.41524494949494944,2,0.1442417027417027,0,0.005,4,0.0,2,11.0,1.0
4,3,3,True,3,0.5187936953582006,0,0.28521664507181865,6,0.19332299290331365,2,0.0026666666666666666,1,0.0,1,10.0,5.0
4,3,3,True,3,0.6704666134519074,0,0.12186395385660086,2,0.10458041958041958,4,0.10308901311107188,1,0.0,1,17.0,2.0
4,1,2,False,2,0.528673982418137,6,0.3225228302381807,1,0.07541728435994703,0,0.07338590298373526,3,0.0,3,8.0,2.0
4,0,0,True,0,0.6617525582702822,2,0.18141736173699044,6,0.08611384965465774,3,0.03607134799127193,5,0.03464488234679751,1,9.0,3.0
4,1,2,False,2,0.528673982418137,6,0.3225228302381807,1,0.07541728435994703,0,0.07338590298373526,3,0.0,3,8.0,2.0
4,1,2,False,2,0.6306781771281439,6,0.16411735668639676,1,0.1005785920030486,0,0.06946989446044519,3,0.023204536063606805,3,8.0,0.0
4,2,6,False,6,0.33147820970114567,1,0.3009366217101049,2,0.2493236676675696,0,0.07573106275343516,3,0.042530438167744586,3,9.0,4.0
4,0,0,True,0,0.6819948754556513,2,0.2624864468914883,6,0.030874822059120097,1,0.024643855593740157,3,0.0,1,8.0,3.0
4,2,2,True,2,0.528673982418137,6,0.3225228302381807,1,0.07541728435994703,0,0.07338590298373526,3,0.0,1,8.0,2.0
4,2,2,True,2,0.528673982418137,6,0.3225228302381807,1,0.07541728435994703,0,0.07338590298373526,3,0.0,1,8.0,2.0
4,2,2,True,2,0.6306781771281439,6,0.16411735668639676,1,0.1005785920030486,0,0.06946989446044519,3,0.023204536063606805,1,8.0,0.0
4,0,0,True,0,0.7019816906949257,3,0.2980183093050739,1,0.0,2,0.0,4,0.0,1,12.0,5.0
4,2,2,True,2,0.528673982418137,6,0.3225228302381807,1,0.07541728435994703,0,0.07338590298373526,3,0.0,1,8.0,2.0
4,2,1,False,1,0.38569248958143865,6,0.29402697383299486,2,0.2789838876816287,3,0.026952995215985112,0,0.014343653687952254,3,8.0,4.0
4,2,0,False,0,0.36773045426291134,2,0.3188357137470743,3,0.3134338319900137,1,0.0,4,0.0,2,9.0,6.0
4,3,1,False,1,0.39225085694570055,6,0.3182137806432117,3,0.21277921525503735,0,0.07175614715604976,2,0.005,3,7.0,4.0
4,4,0,False,0,0.5936341991341991,4,0.369547619047619,3,0.03681818181818182,1,0.0,2,0.0,2,14.0,3.0
4,5,0,False,0,0.3771038994115618,3,0.22195577530484648,1,0.17175251717666565,2,0.1428480129261862,6,0.0863397951807394,7,10.0,0.0
4,2,1,False,1,0.38032788409894785,2,0.2930372295690054,6,0.2160020012868071,0,0.06841221783706045,5,0.04222066720817924,2,9.0,1.0
4,2,2,True,2,0.6306781771281439,6,0.16411735668639676,1,0.1005785920030486,0,0.06946989446044519,3,0.023204536063606805,1,8.0,0.0
4,1,6,False,6,0.33147820970114567,1,0.3009366217101049,2,0.2493236676675696,0,0.07573106275343516,3,0.042530438167744586,2,9.0,4.0
4,0,3,False,3,0.5685218980366039,1,0.21017236358412816,2,0.1100146699705523,0,0.10129106840871545,6,0.01,4,14.0,5.0
4,0,0,True,0,0.6122221349771659,3,0.24074001849543644,2,0.14626861575816677,5,0.0007692307692307692,1,0.0,1,10.0,3.0
4,6,2,False,2,0.528673982418137,6,0.3225228302381807,1,0.07541728435994703,0,0.07338590298373526,3,0.0,2,8.0,2.0
4,1,1,True,1,0.38032788409894785,2,0.2930372295690054,6,0.2160020012868071,0,0.06841221783706045,5,0.04222066720817924,1,9.0,1.0
4,6,6,True,6,0.5139103396603396,4,0.26743961593961585,3,0.19915004440004438,1,0.01,0,0.0095,1,17.0,4.0
4,6,1,False,1,0.38569248958143865,6,0.29402697383299486,2,0.2789838876816287,3,0.026952995215985112,0,0.014343653687952254,2,8.0,4.0
4,0,3,False,3,0.98,0,0.02,1,0.0,2,0.0,4,0.0,2,19.0,1.0
4,6,6,True,6,0.33147820970114567,1,0.3009366217101049,2,0.2493236676675696,0,0.07573106275343516,3,0.042530438167744586,1,9.0,4.0
4,3,1,False,1,0.23244165184155247,2,0.21504938140985072,6,0.1945800762046641,3,0.14237334265288523,0,0.13080081306467883,4,10.0,4.0
4,3,3,True,3,0.6817610994812052,0,0.23634561995998726,6,0.0669647091302362,2,0.014928571428571428,1,0.0,1,2.0,5.0
4,3,0,False,0,0.7019816906949257,3,0.2980183093050739,1,0.0,2,0.0,4,0.0,2,12.0,5.0
4,3,1,False,1,0.4355133477633477,3,0.41524494949494944,2,0.1442417027417027,0,0.005,4,0.0,2,11.0,1.0
4,3,3,True,3,0.975,0,0.025,1,0.0,2,0.0,4,0.0,1,20.0,1.0
4,3,1,False,1,0.4355133477633477,3,0.41524494949494944,2,0.1442417027417027,0,0.005,4,0.0,2,11.0,1.0
4,3,0,False,0,0.7459399766899765,2,0.13010203685203683,6,0.1239579864579864,1,0.0,3,0.0,5,9.0,5.0
5,1,6,False,6,0.3258563751064687,1,0.31999541743186066,2,0.24946036044674222,0,0.07075863408028046,3,0.03392921293464781,2,9.0,4.0
5,0,1,False,1,0.42439178947361256,2,0.24980999037836374,6,0.22067043855337354,0,0.053721043051959905,5,0.05140673854269009,4,9.0,1.0
5,2,2,True,2,0.5822123672412279,6,0.1537262272790648,5,0.07581299361709964,0,0.07314850277208533,3,0.0725628855152289,1,8.0,6.0
5,2,1,False,1,0.39245527806698427,6,0.28709154208128074,2,0.2476820057696969,3,0.03475960822847134,0,0.029533018861493558,3,8.0,1.0
5,0,0,True,0,0.5302995305416727,3,0.41072582296046095,6,0.05897464649786628,1,0.0,2,0.0,1,11.0,5.0
5,3,6,False,6,0.3258563751064687,1,0.31999541743186066,2,0.24946036044674222,0,0.07075863408028046,3,0.03392921293464781,5,9.0,4.0
5,3,0,False,0,0.6232420634920635,3,0.32512698412698415,4,0.02125,1,0.014666666666666666,5,0.014285714285714285,2,14.0,2.0
5,3,3,True,3,0.7431858141858143,0,0.133230352980353,1,0.057351454101454105,4,0.056232378732378734,5,0.01,1,13.0,2.0
5,5,3,False,3,0.4126161294979977,6,0.2828576686106601,4,0.131817008519317,5,0.11694893499621922,0,0.04826025837580554,4,18.0,4.0
5,2,2,True,2,0.6147980104632491,6,0.1744738961708337,1,0.11151357181896476,0,0.06593197839663793,3,0.022818448032841086,1,8.0,0.0
5,2,1,False,1,0.42439178947361256,2,0.24980999037836374,6,0.22067043855337354,0,0.053721043051959905,5,0.05140673854269009,2,9.0,1.0
5,2,2,True,2,0.6147980104632491,6,0.1744738961708337,1,0.11151357181896476,0,0.06593197839663793,3,0.022818448032841086,1,8.0,0.0
5,0,0,True,0,0.615105894105894,3,0.13177727827727828,2,0.12978460428460423,6,0.1233322233322233,1,0.0,1,9.0,5.0
5,0,3,False,3,1.0,0,0.0,1,0.0,2,0.0,4,0.0,2,11.0,0.0
5,1,1,True,1,0.40961633046726986,2,0.2965421047743486,6,0.24765806775743512,3,0.03299219724062973,0,0.013191299760316279,1,8.0,4.0
5,6,1,False,1,0.42439178947361256,2,0.24980999037836374,6,0.22067043855337354,0,0.053721043051959905,5,0.05140673854269009,3,9.0,1.0
5,6,0,False,0,0.5302995305416727,3,0.41072582296046095,6,0.05897464649786628,1,0.0,2,0.0,3,11.0,5.0
5,0,0,True,0,0.615105894105894,3,0.13177727827727828,2,0.12978460428460423,6,0.1233322233322233,1,0.0,1,9.0,5.0
5,6,3,False,3,0.4924760932340295,0,0.3626839919644253,6,0.144839914801545,1,0.0,2,0.0,3,10.0,5.0
5,0,0,True,0,0.6835444757053986,2,0.1493225937399897,6,0.06749116514057016,3,0.06437600566933706,5,0.03526575974470402,1,9.0,3.0
5,2,2,True,2,0.514471208871034,6,0.33854153097647566,0,0.07609032989619607,1,0.07089693025629425,3,0.0,1,8.0,2.0
5,6,1,False,1,0.40961633046726986,2,0.2965421047743486,6,0.24765806775743512,3,0.03299219724062973,0,0.013191299760316279,3,8.0,4.0
5,3,3,True,3,0.37943307737154486,4,0.31284128083818485,2,0.14133250641687167,0,0.08571833322336415,1,0.08067480215003434,1,12.0,4.0
5,3,3,True,3,0.7383733766233767,0,0.23671403596403587,4,0.014353146853146854,6,0.006923076923076923,2,0.0036363636363636364,1,17.0,3.0
5,3,2,False,2,0.618994089244089,5,0.18484163059163056,4,0.17770274170274164,3,0.016923076923076923,0,0.0007692307692307692,4,15.0,5.0
5,3,3,True,3,0.5398809523809525,2,0.4485,0,0.011619047619047619,1,0.0,4,0.0,1,18.0,0.0
5,3,3,True,3,0.5398809523809525,2,0.4485,0,0.011619047619047619,1,0.0,4,0.0,1,18.0,0.0
5,3,3,True,3,0.99,2,0.01,1,0.0,0,0.0,4,0.0,1,6.0,0.0
5,3,3,True,3,0.2813094168101566,2,0.19947039537745997,1,0.19468939772556115,6,0.16047347813206778,0,0.12089780284790332,1,,
5,3,3,True,3,0.5203771620536325,1,0.29651992778463365,4,0.09181218454747864,2,0.09129072561425501,0,0.0,1,11.0,1.0
5,3,3,True,3,0.9008838867960385,0,0.0891161132039615,2,0.01,1,0.0,4,0.0,1,19.0,1.0
5,3,3,True,3,0.8893459595959591,0,0.11065404040404037,1,0.0,2,0.0,4,0.0,1,12.0,6.0
5,3,2,False,2,0.44473484848484846,3,0.443712481962482,0,0.06583838383838385,6,0.031785714285714285,4,0.013928571428571427,2,17.0,5.0
5,3,3,True,3,0.894922208467487,6,0.04737207945992775,0,0.02992005582137161,1,0.026422019887577163,4,0.0009090909090909091,1,6.0,4.0
5,0,2,False,2,0.514471208871034,6,0.33854153097647566,0,0.07609032989619607,1,0.07089693025629425,3,0.0,3,8.0,2.0
5,1,1,True,1,0.39245527806698427,6,0.28709154208128074,2,0.2476820057696969,3,0.03475960822847134,0,0.029533018861493558,1,8.0,1.0
5,2,2,True,2,0.6147980104632491,6,0.1744738961708337,1,0.11151357181896476,0,0.06593197839663793,3,0.022818448032841086,1,8.0,0.0
5,0,0,True,0,0.6775432723610717,2,0.2829751525627709,1,0.020269819317661027,6,0.019211755758496273,3,0.0,1,8.0,3.0
5,3,3,True,3,0.8123598003303882,0,0.18764019966961137,1,0.0,2,0.0,4,0.0,1,11.0,6.0
5,3,3,True,3,0.40118070818070817,0,0.2849115606615606,4,0.2056775724275724,1,0.09823015873015871,5,0.01,1,11.0,2.0
5,2,1,False,1,0.42439178947361256,2,0.24980999037836374,6,0.22067043855337354,0,0.053721043051959905,5,0.05140673854269009,2,9.0,1.0
5,2,1,False,1,0.42439178947361256,2,0.24980999037836374,6,0.22067043855337354,0,0.053721043051959905,5,0.05140673854269009,2,9.0,1.0
5,3,3,True,3,0.4924760932340295,0,0.3626839919644253,6,0.144839914801545,1,0.0,2,0.0,1,10.0,5.0
5,1,1,True,1,0.3536416077126862,6,0.20172494865756033,2,0.1740959350584961,3,0.1628750719176207,4,0.10766243665363602,1,10.0,1.0
5,1,1,True,1,0.44740861640171337,6,0.39933550074329494,2,0.15325588285499137,0,0.0,3,0.0,1,7.0,1.0
5,0,0,True,0,0.6775432723610717,2,0.2829751525627709,1,0.020269819317661027,6,0.019211755758496273,3,0.0,1,8.0,3.0
5,1,1,True,1,0.39245527806698427,6,0.28709154208128074,2,0.2476820057696969,3,0.03475960822847134,0,0.029533018861493558,1,8.0,1.0
5,2,2,True,2,0.6147980104632491,6,0.1744738961708337,1,0.11151357181896476,0,0.06593197839663793,3,0.022818448032841086,1,8.0,0.0
5,6,1,False,1,0.40961633046726986,2,0.2965421047743486,6,0.24765806775743512,3,0.03299219724062973,0,0.013191299760316279,3,8.0,4.0
5,1,6,False,6,0.37336351470669593,1,0.3197813482285979,3,0.2514814286986807,0,0.05537370836602506,2,0.0,2,7.0,4.0
5,1,1,True,1,0.39245527806698427,6,0.28709154208128074,2,0.2476820057696969,3,0.03475960822847134,0,0.029533018861493558,1,8.0,1.0
5,6,1,False,1,0.39245527806698427,6,0.28709154208128074,2,0.2476820057696969,3,0.03475960822847134,0,0.029533018861493558,2,8.0,1.0
5,6,1,False,1,0.44740861640171337,6,0.39933550074329494,2,0.15325588285499137,0,0.0,3,0.0,2,7.0,1.0
5,6,2,False,2,0.6147980104632491,6,0.1744738961708337,1,0.11151357181896476,0,0.06593197839663793,3,0.022818448032841086,2,8.0,0.0
5,0,3,False,3,0.6018563406471592,6,0.15791506335584532,0,0.09992984275862131,4,0.08376190476190475,1,0.04753684847646942,3,7.0,5.0
5,0,3,False,3,0.9260873015873017,2,0.0455,0,0.017222222222222222,6,0.01119047619047619,1,0.0,3,6.0,5.0
5,6,6,True,6,0.3258563751064687,1,0.31999541743186066,2,0.24946036044674222,0,0.07075863408028046,3,0.03392921293464781,1,9.0,4.0
5,6,1,False,1,0.40961633046726986,2,0.2965421047743486,6,0.24765806775743512,3,0.03299219724062973,0,0.013191299760316279,3,8.0,4.0
5,4,6,False,6,0.553718253968254,3,0.426281746031746,4,0.01,0,0.01,2,0.0,3,19.0,4.0
5,3,0,False,0,0.6156554834054833,3,0.3676778499278499,2,0.01,4,0.006666666666666666,1,0.0,2,17.0,0.0
5,3,3,True,3,0.6343492063492062,4,0.31787301587301575,2,0.017818713450292397,0,0.01642300194931774,6,0.00609746588693957,1,7.0,6.0
5,3,3,True,3,0.98625,2,0.0125,0,0.00125,1,0.0,4,0.0,1,20.0,1.0
5,3,3,True,3,0.9626625874125874,0,0.021337412587412587,6,0.016,1,0.0,2,0.0,1,19.0,3.0
5,3,3,True,3,0.4126161294979977,6,0.2828576686106601,4,0.131817008519317,5,0.11694893499621922,0,0.04826025837580554,1,18.0,4.0
5,3,3,True,3,0.9826190476190477,5,0.01,4,0.00738095238095238,0,0.0,2,0.0,1,16.0,2.0
5,3,3,True,3,0.7383733766233767,0,0.23671403596403587,4,0.014353146853146854,6,0.006923076923076923,2,0.0036363636363636364,1,17.0,3.0
5,3,3,True,3,0.7383733766233767,0,0.23671403596403587,4,0.014353146853146854,6,0.006923076923076923,2,0.0036363636363636364,1,17.0,3.0
5,3,3,True,3,0.9896666666666667,4,0.008333333333333333,0,0.002,1,0.0,2,0.0,1,16.0,3.0
5,3,3,True,3,0.4126161294979977,6,0.2828576686106601,4,0.131817008519317,5,0.11694893499621922,0,0.04826025837580554,1,18.0,4.0
5,1,1,True,1,0.7434761904761905,3,0.25199999999999995,4,0.004523809523809524,0,0.0,2,0.0,1,13.0,1.0
5,1,6,False,6,0.3258563751064687,1,0.31999541743186066,2,0.24946036044674222,0,0.07075863408028046,3,0.03392921293464781,2,9.0,4.0
5,1,1,True,1,0.39245527806698427,6,0.28709154208128074,2,0.2476820057696969,3,0.03475960822847134,0,0.029533018861493558,1,8.0,1.0
5,2,6,False,6,0.3114908481828623,2,0.28331991084670166,1,0.2159332667676626,0,0.1341608923378545,3,0.0550950818649187,2,9.0,0.0
5,1,1,True,1,0.42439178947361256,2,0.24980999037836374,6,0.22067043855337354,0,0.053721043051959905,5,0.05140673854269009,1,9.0,1.0
5,2,1,False,1,0.39245527806698427,6,0.28709154208128074,2,0.2476820057696969,3,0.03475960822847134,0,0.029533018861493558,3,8.0,1.0
5,2,1,False,1,0.39245527806698427,6,0.28709154208128074,2,0.2476820057696969,3,0.03475960822847134,0,0.029533018861493558,3,8.0,1.0
5,1,6,False,6,0.3258563751064687,1,0.31999541743186066,2,0.24946036044674222,0,0.07075863408028046,3,0.03392921293464781,2,9.0,4.0
5,2,1,False,1,0.40961633046726986,2,0.2965421047743486,6,0.24765806775743512,3,0.03299219724062973,0,0.013191299760316279,2,8.0,4.0
5,2,2,True,2,0.514471208871034,6,0.33854153097647566,0,0.07609032989619607,1,0.07089693025629425,3,0.0,1,8.0,2.0
5,2,1,False,1,0.39245527806698427,6,0.28709154208128074,2,0.2476820057696969,3,0.03475960822847134,0,0.029533018861493558,3,8.0,1.0
5,2,6,False,6,0.3258563751064687,1,0.31999541743186066,2,0.24946036044674222,0,0.07075863408028046,3,0.03392921293464781,3,9.0,4.0
5,2,1,False,1,0.39245527806698427,6,0.28709154208128074,2,0.2476820057696969,3,0.03475960822847134,0,0.029533018861493558,3,8.0,1.0
5,2,0,False,0,0.6775432723610717,2,0.2829751525627709,1,0.020269819317661027,6,0.019211755758496273,3,0.0,2,8.0,3.0
5,2,2,True,2,0.514471208871034,6,0.33854153097647566,0,0.07609032989619607,1,0.07089693025629425,3,0.0,1,8.0,2.0
5,2,2,True,2,0.6147980104632491,6,0.1744738961708337,1,0.11151357181896476,0,0.06593197839663793,3,0.022818448032841086,1,8.0,0.0
5,2,0,False,0,0.6835444757053986,2,0.1493225937399897,6,0.06749116514057016,3,0.06437600566933706,5,0.03526575974470402,2,9.0,3.0
5,2,2,True,2,0.6147980104632491,6,0.1744738961708337,1,0.11151357181896476,0,0.06593197839663793,3,0.022818448032841086,1,8.0,0.0
5,1,3,False,3,0.37943307737154486,4,0.31284128083818485,2,0.14133250641687167,0,0.08571833322336415,1,0.08067480215003434,5,12.0,4.0
5,2,1,False,1,0.39245527806698427,6,0.28709154208128074,2,0.2476820057696969,3,0.03475960822847134,0,0.029533018861493558,3,8.0,1.0
5,1,1,True,1,0.42439178947361256,2,0.24980999037836374,6,0.22067043855337354,0,0.053721043051959905,5,0.05140673854269009,1,9.0,1.0
5,6,6,True,6,0.3114908481828623,2,0.28331991084670166,1,0.2159332667676626,0,0.1341608923378545,3,0.0550950818649187,1,9.0,0.0
5,0,1,False,1,0.2512728652832837,2,0.22536521790311917,6,0.22461118984969847,3,0.17288773976504562,5,0.07781113794260987,6,10.0,4.0
5,6,1,False,1,0.40961633046726986,2,0.2965421047743486,6,0.24765806775743512,3,0.03299219724062973,0,0.013191299760316279,3,8.0,4.0
5,6,1,False,1,0.40961633046726986,2,0.2965421047743486,6,0.24765806775743512,3,0.03299219724062973,0,0.013191299760316279,3,8.0,4.0
5,6,1,False,1,0.39245527806698427,6,0.28709154208128074,2,0.2476820057696969,3,0.03475960822847134,0,0.029533018861493558,2,8.0,1.0
5,6,1,False,1,0.39245527806698427,6,0.28709154208128074,2,0.2476820057696969,3,0.03475960822847134,0,0.029533018861493558,2,8.0,1.0
5,0,0,True,0,0.5789232701106841,3,0.307318164917522,2,0.11375856497179351,1,0.0,4,0.0,1,10.0,3.0
5,6,2,False,2,0.6147980104632491,6,0.1744738961708337,1,0.11151357181896476,0,0.06593197839663793,3,0.022818448032841086,2,8.0,0.0
5,6,1,False,1,0.40961633046726986,2,0.2965421047743486,6,0.24765806775743512,3,0.03299219724062973,0,0.013191299760316279,3,8.0,4.0
5,6,2,False,2,0.6147980104632491,6,0.1744738961708337,1,0.11151357181896476,0,0.06593197839663793,3,0.022818448032841086,2,8.0,0.0
5,3,3,True,3,0.98625,2,0.0125,0,0.00125,1,0.0,4,0.0,1,20.0,1.0
5,2,1,False,1,0.42439178947361256,2,0.24980999037836374,6,0.22067043855337354,0,0.053721043051959905,5,0.05140673854269009,2,9.0,1.0
5,0,1,False,1,0.2512728652832837,2,0.22536521790311917,6,0.22461118984969847,3,0.17288773976504562,5,0.07781113794260987,6,10.0,4.0
5,2,2,True,2,0.6147980104632491,6,0.1744738961708337,1,0.11151357181896476,0,0.06593197839663793,3,0.022818448032841086,1,8.0,0.0
5,0,3,False,3,0.8123598003303882,0,0.18764019966961137,1,0.0,2,0.0,4,0.0,2,11.0,6.0
5,2,1,False,1,0.40961633046726986,2,0.2965421047743486,6,0.24765806775743512,3,0.03299219724062973,0,0.013191299760316279,2,8.0,4.0
5,3,2,False,2,0.618994089244089,5,0.18484163059163056,4,0.17770274170274164,3,0.016923076923076923,0,0.0007692307692307692,4,15.0,5.0
5,0,2,False,2,0.4037218357264797,3,0.3189076697869266,0,0.27737049448659346,1,0.0,4,0.0,3,9.0,6.0
5,2,2,True,2,0.43047699522699534,0,0.3205735375735375,3,0.23894946719946714,4,0.01,1,0.0,1,16.0,5.0
5,2,1,False,1,0.40961633046726986,2,0.2965421047743486,6,0.24765806775743512,3,0.03299219724062973,0,0.013191299760316279,2,8.0,4.0
5,3,3,True,3,0.7431858141858143,0,0.133230352980353,1,0.057351454101454105,4,0.056232378732378734,5,0.01,1,13.0,2.0
5,5,2,False,2,0.34076705662575146,1,0.25954259110447464,0,0.24327119339019848,6,0.07624419337986686,3,0.04106283904065856,6,9.0,2.0
5,0,3,False,3,0.378660866910867,4,0.2937051282051281,1,0.29226190476190467,0,0.024538766788766785,5,0.01,4,12.0,2.0
5,1,3,False,3,1.0,0,0.0,1,0.0,2,0.0,4,0.0,3,11.0,0.0
5,3,3,True,3,0.8063347763347761,0,0.19366522366522365,1,0.0,2,0.0,4,0.0,1,14.0,6.0
5,4,3,False,3,0.5059312354312354,0,0.25059201909201906,4,0.1321017038517038,6,0.11137504162504161,2,0.0,3,13.0,4.0
5,1,2,False,2,0.514471208871034,6,0.33854153097647566,0,0.07609032989619607,1,0.07089693025629425,3,0.0,4,8.0,2.0
5,0,3,False,3,0.32379655277642866,0,0.3010359898701229,1,0.14319381530921776,2,0.08001086366334041,6,0.07686806872178387,2,10.0,0.0
5,0,3,False,3,0.49203946103626417,1,0.17561719191578523,0,0.17031589056013605,2,0.16202745648781453,4,0.0,3,14.0,5.0
5,2,3,False,3,0.32379655277642866,0,0.3010359898701229,1,0.14319381530921776,2,0.08001086366334041,6,0.07686806872178387,4,10.0,0.0
5,1,1,True,1,0.39245527806698427,6,0.28709154208128074,2,0.2476820057696969,3,0.03475960822847134,0,0.029533018861493558,1,8.0,1.0
5,1,6,False,6,0.37336351470669593,1,0.3197813482285979,3,0.2514814286986807,0,0.05537370836602506,2,0.0,2,7.0,4.0
5,1,1,True,1,0.40961633046726986,2,0.2965421047743486,6,0.24765806775743512,3,0.03299219724062973,0,0.013191299760316279,1,8.0,4.0
5,1,1,True,1,0.42439178947361256,2,0.24980999037836374,6,0.22067043855337354,0,0.053721043051959905,5,0.05140673854269009,1,9.0,1.0
5,6,1,False,1,0.40961633046726986,2,0.2965421047743486,6,0.24765806775743512,3,0.03299219724062973,0,0.013191299760316279,3,8.0,4.0
5,6,1,False,1,0.42439178947361256,2,0.24980999037836374,6,0.22067043855337354,0,0.053721043051959905,5,0.05140673854269009,3,9.0,1.0
5,6,6,True,6,0.3258563751064687,1,0.31999541743186066,2,0.24946036044674222,0,0.07075863408028046,3,0.03392921293464781,1,9.0,4.0
5,0,3,False,3,0.9896666666666667,4,0.008333333333333333,0,0.002,1,0.0,2,0.0,3,16.0,3.0
5,0,3,False,3,0.98875,2,0.01,0,0.00125,1,0.0,4,0.0,3,21.0,1.0
5,0,3,False,3,0.7551623376623376,2,0.19842857142857143,0,0.021075757575757574,4,0.013333333333333332,6,0.0105,3,20.0,6.0
5,3,3,True,3,0.673920634920635,2,0.3038571428571429,6,0.01,4,0.01,0,0.0022222222222222222,1,20.0,5.0
5,4,4,True,4,0.5278809523809523,3,0.2566666666666666,2,0.2154523809523809,1,0.0,0,0.0,1,15.0,1.0
5,3,0,False,0,0.6156554834054833,3,0.3676778499278499,2,0.01,4,0.006666666666666666,1,0.0,2,17.0,0.0
5,3,3,True,3,0.4516650016650018,0,0.2840082140082139,6,0.26432678432678425,1,0.0,2,0.0,1,8.0,5.0
5,4,4,True,4,0.7341475452651922,3,0.26585245473480756,1,0.0,0,0.0,2,0.0,1,16.0,1.0
6,2,2,True,2,0.22993414849223506,3,0.18965087799434266,6,0.1770561995694886,0,0.1688384701391397,5,0.11766521012377781,1,10.0,4.0
6,2,1,False,1,0.3614627409704712,6,0.29588533740961326,2,0.24349839895995565,0,0.05735720226946332,3,0.04179632039049636,3,9.0,4.0
6,0,0,True,0,0.8018095238095236,3,0.1981904761904762,1,0.0,2,0.0,4,0.0,1,12.0,3.0
6,2,1,False,1,0.3964632561951044,2,0.27766850349992683,6,0.2611977866358091,3,0.038822889364484865,0,0.01730269491195358,2,8.0,1.0
6,2,1,False,1,0.44335623170334565,2,0.27633440169642876,6,0.18256099127482536,0,0.05742575066514928,5,0.0403226246602506,2,9.0,1.0
6,2,2,True,2,0.5291459560068097,6,0.3037475006338229,0,0.086791237217254,1,0.08031530614211324,3,0.0,1,8.0,2.0
6,3,3,True,3,0.545935397935398,1,0.16727128427128427,5,0.14627236652236653,2,0.12997150072150077,0,0.008241758241758242,1,11.0,4.0
6,4,0,False,0,0.48983139083139077,1,0.43684401709401705,3,0.0636002331002331,4,0.009724358974358976,2,0.0,4,12.0,2.0
6,4,3,False,3,0.5173761043737826,4,0.19460341146641455,1,0.19002633636573255,2,0.09799414779407035,0,0.0,2,12.0,4.0
6,3,3,True,3,0.9578412698412697,0,0.02063492063492063,1,0.011285714285714286,4,0.010238095238095237,2,0.0,1,13.0,2.0
6,5,3,False,3,0.4974686900753046,6,0.23947152416405973,4,0.09701083807696494,5,0.09652012446582928,0,0.04952882321784108,4,18.0,4.0
6,5,0,False,0,0.6666666666666665,3,0.3136688311688311,4,0.01,2,0.007326839826839826,1,0.0014285714285714286,6,11.0,3.0
6,1,1,True,1,0.3437363025689333,2,0.312951082548386,6,0.30126820600235643,3,0.027635138204064612,0,0.014409270676259443,1,8.0,4.0
6,6,1,False,1,0.3614627409704712,6,0.29588533740961326,2,0.24349839895995565,0,0.05735720226946332,3,0.04179632039049636,2,9.0,4.0
6,0,0,True,0,0.660150988830792,2,0.29234130886294774,1,0.024121795320425275,6,0.023385906985834818,3,0.0,1,8.0,3.0
6,1,2,False,2,0.22993414849223506,3,0.18965087799434266,6,0.1770561995694886,0,0.1688384701391397,5,0.11766521012377781,6,10.0,4.0
6,0,3,False,3,0.8114744952759659,4,0.10096835925512393,0,0.08755714546891015,1,0.0,2,0.0,3,17.0,1.0
6,1,1,True,1,0.3964632561951044,2,0.27766850349992683,6,0.2611977866358091,3,0.038822889364484865,0,0.01730269491195358,1,8.0,1.0
6,6,1,False,1,0.44335623170334565,2,0.27633440169642876,6,0.18256099127482536,0,0.05742575066514928,5,0.0403226246602506,3,9.0,1.0
6,6,1,False,1,0.3964632561951044,2,0.27766850349992683,6,0.2611977866358091,3,0.038822889364484865,0,0.01730269491195358,3,8.0,1.0
6,6,2,False,2,0.6431115333428798,6,0.19301280680838429,1,0.08670528531543625,0,0.044684122001062684,3,0.021644283375453436,2,8.0,0.0
6,3,1,False,1,0.336937134502924,0,0.31575,3,0.3126111111111111,4,0.02049122807017544,2,0.009438596491228069,3,14.0,1.0
6,3,3,True,3,0.43588034188034186,0,0.2908222333222333,6,0.2732974247974247,1,0.0,2,0.0,1,8.0,5.0
6,3,0,False,0,0.8018095238095236,3,0.1981904761904762,1,0.0,2,0.0,4,0.0,2,12.0,3.0
6,3,3,True,3,0.5173761043737826,4,0.19460341146641455,1,0.19002633636573255,2,0.09799414779407035,0,0.0,1,12.0,4.0
6,3,3,True,3,0.24601176197531197,2,0.21771806884927614,1,0.19330742377334376,6,0.1722938895965278,0,0.09854719649826807,1,,
6,3,1,False,1,0.3322861718922257,6,0.2737901146766067,2,0.1994797970870457,4,0.11968598679703804,3,0.07475792954708355,5,10.0,1.0
6,3,1,False,1,0.3322861718922257,6,0.2737901146766067,2,0.1994797970870457,4,0.11968598679703804,3,0.07475792954708355,5,10.0,1.0
6,3,3,True,3,1.0,0,0.0,1,0.0,2,0.0,4,0.0,1,20.0,1.0
6,3,3,True,3,0.99,2,0.01,1,0.0,0,0.0,4,0.0,1,6.0,0.0
6,3,3,True,3,0.6687495290657053,4,0.16303333023185956,0,0.08767638570579744,2,0.08054075499663732,1,0.0,1,17.0,2.0
6,1,2,False,2,0.22993414849223506,3,0.18965087799434266,6,0.1770561995694886,0,0.1688384701391397,5,0.11766521012377781,6,10.0,4.0
6,0,3,False,3,1.0,0,0.0,1,0.0,2,0.0,4,0.0,2,12.0,6.0
6,1,1,True,1,0.3964632561951044,2,0.27766850349992683,6,0.2611977866358091,3,0.038822889364484865,0,0.01730269491195358,1,8.0,1.0
6,0,2,False,2,0.6431115333428798,6,0.19301280680838429,1,0.08670528531543625,0,0.044684122001062684,3,0.021644283375453436,4,8.0,0.0
6,3,3,True,3,0.38254554411017255,2,0.2361922803288902,0,0.22886309880350122,6,0.07521474122712508,1,0.07518433553031073,1,13.0,5.0
6,1,2,False,2,0.22993414849223506,3,0.18965087799434266,6,0.1770561995694886,0,0.1688384701391397,5,0.11766521012377781,6,10.0,4.0
6,2,2,True,2,0.587406329285595,6,0.16388334832905754,3,0.08685844469083583,5,0.08651538473667801,0,0.03900418122885774,1,8.0,6.0
6,0,0,True,0,0.660150988830792,2,0.29234130886294774,1,0.024121795320425275,6,0.023385906985834818,3,0.0,1,8.0,3.0
6,2,6,False,6,0.5262280596483552,1,0.47377194035164477,2,0.0,0,0.0,3,0.0,3,7.0,1.0
6,2,3,False,3,0.38254554411017255,2,0.2361922803288902,0,0.22886309880350122,6,0.07521474122712508,1,0.07518433553031073,2,13.0,5.0
6,2,2,True,2,0.6431115333428798,6,0.19301280680838429,1,0.08670528531543625,0,0.044684122001062684,3,0.021644283375453436,1,8.0,0.0
6,2,3,False,3,0.5173761043737826,4,0.19460341146641455,1,0.19002633636573255,2,0.09799414779407035,0,0.0,4,12.0,4.0
6,2,0,False,0,0.5975963109724213,3,0.33553942984970037,2,0.0598642591778781,1,0.0034999999999999996,6,0.0034999999999999996,3,10.0,3.0
6,0,0,True,0,0.5913611111111111,3,0.31981746031746033,4,0.04620238095238095,2,0.03328571428571428,1,0.003833333333333333,1,15.0,0.0
6,2,6,False,6,0.5262280596483552,1,0.47377194035164477,2,0.0,0,0.0,3,0.0,3,7.0,1.0
6,6,2,False,2,0.22993414849223506,3,0.18965087799434266,6,0.1770561995694886,0,0.1688384701391397,5,0.11766521012377781,3,10.0,4.0
6,6,2,False,2,0.22993414849223506,3,0.18965087799434266,6,0.1770561995694886,0,0.1688384701391397,5,0.11766521012377781,3,10.0,4.0
6,0,2,False,2,0.6431115333428798,6,0.19301280680838429,1,0.08670528531543625,0,0.044684122001062684,3,0.021644283375453436,4,8.0,0.0
6,1,6,False,6,0.5262280596483552,1,0.47377194035164477,2,0.0,0,0.0,3,0.0,2,7.0,1.0
6,6,2,False,2,0.5291459560068097,6,0.3037475006338229,0,0.086791237217254,1,0.08031530614211324,3,0.0,2,8.0,2.0
6,6,1,False,1,0.41652277748910876,6,0.36682105712484947,3,0.13733003997206777,0,0.0793261254139737,2,0.0,2,7.0,4.0
6,1,1,True,1,0.41652277748910876,6,0.36682105712484947,3,0.13733003997206777,0,0.0793261254139737,2,0.0,1,7.0,4.0
6,1,6,False,6,0.5262280596483552,1,0.47377194035164477,2,0.0,0,0.0,3,0.0,2,7.0,1.0
6,0,0,True,0,0.6399290095366136,2,0.313688119150099,1,0.01782051282051282,3,0.01603030303030303,6,0.012532055462471532,1,7.0,3.0
6,6,1,False,1,0.3437363025689333,2,0.312951082548386,6,0.30126820600235643,3,0.027635138204064612,0,0.014409270676259443,3,8.0,4.0
6,3,0,False,0,0.5506504231762812,3,0.3321039876848396,6,0.11124558913887891,2,0.004,5,0.002,2,11.0,5.0
6,3,3,True,3,0.9119961252198092,0,0.0880038747801906,1,0.0,2,0.0,4,0.0,1,19.0,1.0
6,3,3,True,3,0.47756517516963354,0,0.33076648436106043,6,0.18495405475502033,2,0.004714285714285714,5,0.002,1,10.0,5.0
6,3,1,False,1,0.41652277748910876,6,0.36682105712484947,3,0.13733003997206777,0,0.0793261254139737,2,0.0,3,7.0,4.0
6,3,1,False,1,0.41652277748910876,6,0.36682105712484947,3,0.13733003997206777,0,0.0793261254139737,2,0.0,3,7.0,4.0
6,3,3,True,3,0.9119961252198092,0,0.0880038747801906,1,0.0,2,0.0,4,0.0,1,19.0,1.0
6,3,3,True,3,0.9119961252198092,0,0.0880038747801906,1,0.0,2,0.0,4,0.0,1,19.0,1.0
6,3,3,True,3,0.5298888888888889,0,0.4556666666666666,2,0.006666666666666666,6,0.005555555555555556,4,0.0022222222222222222,1,19.0,0.0
6,3,3,True,3,0.5067500971250971,4,0.24498303085803072,0,0.12693803418803418,1,0.12132883782883777,2,0.0,1,11.0,2.0
6,3,3,True,3,0.9658333333333333,0,0.025595238095238095,6,0.005714285714285714,4,0.002857142857142857,2,0.0,1,19.0,3.0
6,3,3,True,3,0.6164166666666666,1,0.19768253968253957,0,0.18256746031746027,4,0.003333333333333333,2,0.0,1,12.0,1.0
6,0,3,False,3,0.589284521034521,0,0.39921547896547904,6,0.005,2,0.004,4,0.0025,2,17.0,0.0
6,3,4,False,4,0.7983211130115153,3,0.18167888698848436,2,0.01,0,0.01,1,0.0,2,16.0,1.0
6,0,3,False,3,0.5067500971250971,4,0.24498303085803072,0,0.12693803418803418,1,0.12132883782883777,2,0.0,3,11.0,2.0
6,2,2,True,2,0.6431115333428798,6,0.19301280680838429,1,0.08670528531543625,0,0.044684122001062684,3,0.021644283375453436,1,8.0,0.0
6,2,2,True,2,0.5291459560068097,6,0.3037475006338229,0,0.086791237217254,1,0.08031530614211324,3,0.0,1,8.0,2.0
6,2,2,True,2,0.6431115333428798,6,0.19301280680838429,1,0.08670528531543625,0,0.044684122001062684,3,0.021644283375453436,1,8.0,0.0
6,3,3,True,3,0.7267519457666514,0,0.2732480542333483,1,0.0,2,0.0,4,0.0,1,11.0,6.0
6,3,0,False,0,0.4734166666666666,3,0.4604166666666668,4,0.05616666666666666,1,0.01,2,0.0,2,13.0,3.0
6,2,0,False,0,0.6981864111925524,2,0.13666612035743161,3,0.06849061707087285,6,0.06262078344931928,5,0.0340360679298237,2,9.0,3.0
6,2,2,True,2,0.30641446158164687,1,0.27034195042637865,0,0.2214813270207363,5,0.08220085880442478,6,0.08164349619510482,1,9.0,2.0
6,0,2,False,2,0.587406329285595,6,0.16388334832905754,3,0.08685844469083583,5,0.08651538473667801,0,0.03900418122885774,5,8.0,6.0
6,0,3,False,3,0.545935397935398,1,0.16727128427128427,5,0.14627236652236653,2,0.12997150072150077,0,0.008241758241758242,5,11.0,4.0
6,0,3,False,3,0.4579953600321248,0,0.4369650284356166,6,0.09903961153225857,2,0.004,5,0.002,2,12.0,5.0
6,2,6,False,6,0.32946137301062417,2,0.27246683331749105,1,0.22841585143992338,0,0.12564713403175112,3,0.044008808200210116,2,9.0,0.0
6,0,1,False,1,0.3964632561951044,2,0.27766850349992683,6,0.2611977866358091,3,0.038822889364484865,0,0.01730269491195358,5,8.0,1.0
6,1,2,False,2,0.22993414849223506,3,0.18965087799434266,6,0.1770561995694886,0,0.1688384701391397,5,0.11766521012377781,6,10.0,4.0
6,1,1,True,1,0.3614627409704712,6,0.29588533740961326,2,0.24349839895995565,0,0.05735720226946332,3,0.04179632039049636,1,9.0,4.0
6,2,1,False,1,0.3964632561951044,2,0.27766850349992683,6,0.2611977866358091,3,0.038822889364484865,0,0.01730269491195358,2,8.0,1.0
6,1,3,False,3,0.545935397935398,1,0.16727128427128427,5,0.14627236652236653,2,0.12997150072150077,0,0.008241758241758242,2,11.0,4.0
6,0,0,True,0,0.6981864111925524,2,0.13666612035743161,3,0.06849061707087285,6,0.06262078344931928,5,0.0340360679298237,1,9.0,3.0
6,1,1,True,1,0.3322861718922257,6,0.2737901146766067,2,0.1994797970870457,4,0.11968598679703804,3,0.07475792954708355,1,10.0,1.0
6,6,1,False,1,0.3964632561951044,2,0.27766850349992683,6,0.2611977866358091,3,0.038822889364484865,0,0.01730269491195358,3,8.0,1.0
6,6,1,False,1,0.3964632561951044,2,0.27766850349992683,6,0.2611977866358091,3,0.038822889364484865,0,0.01730269491195358,3,8.0,1.0
6,1,1,True,1,0.3437363025689333,2,0.312951082548386,6,0.30126820600235643,3,0.027635138204064612,0,0.014409270676259443,1,8.0,4.0
6,1,1,True,1,0.3437363025689333,2,0.312951082548386,6,0.30126820600235643,3,0.027635138204064612,0,0.014409270676259443,1,8.0,4.0
6,6,1,False,1,0.3437363025689333,2,0.312951082548386,6,0.30126820600235643,3,0.027635138204064612,0,0.014409270676259443,3,8.0,4.0
6,6,6,True,6,0.32946137301062417,2,0.27246683331749105,1,0.22841585143992338,0,0.12564713403175112,3,0.044008808200210116,1,9.0,0.0
6,2,3,False,3,0.37353361344537817,6,0.3315595238095237,2,0.2666911764705881,0,0.01527450980392157,4,0.01,3,14.0,4.0
6,6,2,False,2,0.5291459560068097,6,0.3037475006338229,0,0.086791237217254,1,0.08031530614211324,3,0.0,2,8.0,2.0
6,6,1,False,1,0.44335623170334565,2,0.27633440169642876,6,0.18256099127482536,0,0.05742575066514928,5,0.0403226246602506,3,9.0,1.0
6,3,0,False,0,0.6666666666666665,3,0.3136688311688311,4,0.01,2,0.007326839826839826,1,0.0014285714285714286,2,11.0,3.0
6,4,3,False,3,0.8114744952759659,4,0.10096835925512393,0,0.08755714546891015,1,0.0,2,0.0,2,17.0,1.0
6,3,3,True,3,0.7602491397491393,0,0.12078832278832272,1,0.11896253746253745,2,0.0,4,0.0,1,11.0,0.0
6,1,2,False,2,0.6431115333428798,6,0.19301280680838429,1,0.08670528531543625,0,0.044684122001062684,3,0.021644283375453436,3,8.0,0.0
6,1,2,False,2,0.6431115333428798,6,0.19301280680838429,1,0.08670528531543625,0,0.044684122001062684,3,0.021644283375453436,3,8.0,0.0
6,0,3,False,3,1.0,0,0.0,1,0.0,2,0.0,4,0.0,2,14.0,6.0
6,1,2,False,2,0.5291459560068097,6,0.3037475006338229,0,0.086791237217254,1,0.08031530614211324,3,0.0,4,8.0,2.0
6,2,0,False,0,0.7707134809634808,3,0.11477908202908196,6,0.11450743700743697,1,0.0,2,0.0,5,9.0,5.0
6,2,2,True,2,0.5291459560068097,6,0.3037475006338229,0,0.086791237217254,1,0.08031530614211324,3,0.0,1,8.0,2.0
6,2,3,False,3,0.545935397935398,1,0.16727128427128427,5,0.14627236652236653,2,0.12997150072150077,0,0.008241758241758242,4,11.0,4.0
6,1,3,False,3,0.6240528107513401,1,0.19238812004988476,2,0.09611082218435157,4,0.08744824701442347,0,0.0,2,11.0,1.0
6,1,1,True,1,0.3322861718922257,6,0.2737901146766067,2,0.1994797970870457,4,0.11968598679703804,3,0.07475792954708355,1,10.0,1.0
6,0,3,False,3,0.4579953600321248,0,0.4369650284356166,6,0.09903961153225857,2,0.004,5,0.002,2,12.0,5.0
6,2,2,True,2,0.346887657000946,0,0.3281913736829269,3,0.32492096931612663,1,0.0,4,0.0,1,9.0,6.0
6,2,1,False,1,0.44335623170334565,2,0.27633440169642876,6,0.18256099127482536,0,0.05742575066514928,5,0.0403226246602506,2,9.0,1.0
6,2,2,True,2,0.6431115333428798,6,0.19301280680838429,1,0.08670528531543625,0,0.044684122001062684,3,0.021644283375453436,1,8.0,0.0
6,2,3,False,3,0.8674038461538461,2,0.09677991452991452,4,0.014594017094017095,0,0.012888888888888889,6,0.008333333333333333,2,17.0,5.0
6,2,3,False,3,0.3756186868686867,2,0.3135447330447329,5,0.15451406926406921,4,0.14632251082251072,0,0.01,2,15.0,5.0
6,2,6,False,6,0.5262280596483552,1,0.47377194035164477,2,0.0,0,0.0,3,0.0,3,7.0,1.0
6,0,3,False,3,0.5067500971250971,4,0.24498303085803072,0,0.12693803418803418,1,0.12132883782883777,2,0.0,3,11.0,2.0
6,4,3,False,3,0.5173761043737826,4,0.19460341146641455,1,0.19002633636573255,2,0.09799414779407035,0,0.0,2,12.0,4.0
6,3,2,False,2,0.22993414849223506,3,0.18965087799434266,6,0.1770561995694886,0,0.1688384701391397,5,0.11766521012377781,2,10.0,4.0
6,0,3,False,3,0.4579953600321248,0,0.4369650284356166,6,0.09903961153225857,2,0.004,5,0.002,2,12.0,5.0
6,6,1,False,1,0.3964632561951044,2,0.27766850349992683,6,0.2611977866358091,3,0.038822889364484865,0,0.01730269491195358,3,8.0,1.0
6,0,3,False,3,0.5173761043737826,4,0.19460341146641455,1,0.19002633636573255,2,0.09799414779407035,0,0.0,5,12.0,4.0
6,2,2,True,2,0.5291459560068097,6,0.3037475006338229,0,0.086791237217254,1,0.08031530614211324,3,0.0,1,8.0,2.0
6,6,2,False,2,0.5291459560068097,6,0.3037475006338229,0,0.086791237217254,1,0.08031530614211324,3,0.0,2,8.0,2.0
6,0,0,True,0,0.5975963109724213,3,0.33553942984970037,2,0.0598642591778781,1,0.0034999999999999996,6,0.0034999999999999996,1,10.0,3.0
6,1,1,True,1,0.3964632561951044,2,0.27766850349992683,6,0.2611977866358091,3,0.038822889364484865,0,0.01730269491195358,1,8.0,1.0
6,6,6,True,6,0.45618578643578644,4,0.3449186924186924,3,0.18603227328227326,0,0.010555555555555556,2,0.002307692307692308,1,17.0,4.0
6,6,1,False,1,0.3964632561951044,2,0.27766850349992683,6,0.2611977866358091,3,0.038822889364484865,0,0.01730269491195358,3,8.0,1.0
6,3,3,True,3,0.47756517516963354,0,0.33076648436106043,6,0.18495405475502033,2,0.004714285714285714,5,0.002,1,10.0,5.0
6,6,1,False,1,0.3614627409704712,6,0.29588533740961326,2,0.24349839895995565,0,0.05735720226946332,3,0.04179632039049636,2,9.0,4.0
6,6,1,False,1,0.44335623170334565,2,0.27633440169642876,6,0.18256099127482536,0,0.05742575066514928,5,0.0403226246602506,3,9.0,1.0
6,3,3,True,3,0.3989502588914352,0,0.2611763857057974,4,0.22849017485782183,6,0.11138318054494524,2,0.0,1,13.0,4.0
6,3,3,True,3,0.9722222222222223,0,0.015555555555555553,2,0.012222222222222223,1,0.0,4,0.0,1,16.0,2.0
6,3,0,False,0,0.48983139083139077,1,0.43684401709401705,3,0.0636002331002331,4,0.009724358974358976,2,0.0,3,12.0,2.0
6,3,3,True,3,0.7564523809523805,0,0.23354761904761895,2,0.01,1,0.0,4,0.0,1,16.0,3.0
7,0,3,False,3,0.9620476190476189,0,0.02761904761904762,6,0.004,2,0.003333333333333333,4,0.003,2,17.0,6.0
7,0,0,True,0,0.6454386724386723,3,0.35456132756132747,1,0.0,2,0.0,4,0.0,1,12.0,3.0
7,0,4,False,4,0.6113809523809524,0,0.35817460317460326,3,0.026222222222222223,2,0.0022222222222222222,1,0.002,2,14.0,3.0
7,3,3,True,3,0.7217579365079365,0,0.2782420634920635,1,0.0,2,0.0,4,0.0,1,13.0,6.0
7,3,0,False,0,0.3744350769629408,3,0.16969630154846865,2,0.1465043511270291,1,0.14501113381802233,5,0.09993945712869859,2,10.0,0.0
7,3,4,False,4,0.3131237373737373,3,0.272843795093795,0,0.2726103896103895,6,0.14142207792207792,2,0.0,2,13.0,4.0
7,1,1,True,1,0.3570394067209329,2,0.31466252620302604,6,0.2815230854446574,3,0.031158291889114172,0,0.015616689742269381,1,8.0,4.0
7,2,1,False,1,0.37735799145194904,6,0.2933607619344948,2,0.25854726075245527,3,0.03442991729346449,0,0.027670006245907167,3,8.0,1.0
7,2,2,True,2,0.6028918916317205,6,0.2105280536151554,1,0.09379350336608981,0,0.05721914763962162,3,0.023270726362662583,1,8.0,0.0
7,2,1,False,1,0.37735799145194904,6,0.2933607619344948,2,0.25854726075245527,3,0.03442991729346449,0,0.027670006245907167,3,8.0,1.0
7,3,2,False,2,0.4776190476190475,3,0.2726388888888888,0,0.23571428571428565,4,0.007083333333333333,5,0.006944444444444444,2,16.0,5.0
7,6,2,False,2,0.5402188007200011,6,0.30214905814563503,1,0.08211805472576712,0,0.07551408640859657,3,0.0,2,8.0,2.0
7,2,2,True,2,0.573405443463921,6,0.16021235398271894,5,0.07896062537595698,0,0.07619446895044929,3,0.07359337593642327,1,8.0,6.0
7,6,1,False,1,0.3549276752416888,6,0.28879022556684353,2,0.25447104837424117,0,0.06517270096515267,3,0.03663834985207357,2,9.0,4.0
7,6,1,False,1,0.3570394067209329,2,0.31466252620302604,6,0.2815230854446574,3,0.031158291889114172,0,0.015616689742269381,3,8.0,4.0
7,6,1,False,1,0.3570394067209329,2,0.31466252620302604,6,0.2815230854446574,3,0.031158291889114172,0,0.015616689742269381,3,8.0,4.0
7,6,1,False,1,0.37735799145194904,6,0.2933607619344948,2,0.25854726075245527,3,0.03442991729346449,0,0.027670006245907167,2,8.0,1.0
7,2,2,True,2,0.6028918916317205,6,0.2105280536151554,1,0.09379350336608981,0,0.05721914763962162,3,0.023270726362662583,1,8.0,0.0
7,6,1,False,1,0.37735799145194904,6,0.2933607619344948,2,0.25854726075245527,3,0.03442991729346449,0,0.027670006245907167,2,8.0,1.0
7,6,3,False,3,0.5180351235196742,0,0.3188093360080997,6,0.16315554047222627,1,0.0,2,0.0,3,10.0,5.0
7,3,3,True,3,0.6942023809523811,2,0.2924642857142857,0,0.013333333333333332,1,0.0,4,0.0,1,20.0,5.0
7,1,1,True,1,0.3570394067209329,2,0.31466252620302604,6,0.2815230854446574,3,0.031158291889114172,0,0.015616689742269381,1,8.0,4.0
7,6,1,False,1,0.37735799145194904,6,0.2933607619344948,2,0.25854726075245527,3,0.03442991729346449,0,0.027670006245907167,2,8.0,1.0
7,6,1,False,1,0.3549276752416888,6,0.28879022556684353,2,0.25447104837424117,0,0.06517270096515267,3,0.03663834985207357,2,9.0,4.0
7,0,0,True,0,0.6796244447846428,2,0.27602312643424204,1,0.023533169576713805,6,0.0208192592044009,3,0.0,1,8.0,3.0
7,6,0,False,0,0.6995674402439412,2,0.1731963445360152,3,0.05723217404978989,6,0.03548108875295263,5,0.034522952417300974,4,9.0,3.0
7,0,3,False,3,0.9643741171109593,0,0.02308620034935825,2,0.011428571428571429,4,0.0011111111111111111,1,0.0,2,19.0,2.0
7,3,3,True,3,0.9685714285714286,0,0.02142857142857143,1,0.01,2,0.0,4,0.0,1,18.0,1.0
7,3,3,True,3,0.9176666666666666,0,0.07733333333333332,4,0.005,1,0.0,2,0.0,1,21.0,0.0
7,3,4,False,4,0.7518357753357755,2,0.2450873015873015,3,0.003076923076923077,1,0.0,0,0.0,3,15.0,1.0
7,3,3,True,3,0.678083333333333,0,0.3031666666666666,6,0.0115,4,0.0072499999999999995,2,0.0,1,16.0,4.0
7,3,3,True,3,0.9629376091744511,6,0.018142857142857145,0,0.014990962254120149,4,0.003928571428571429,2,0.0,1,19.0,3.0
7,3,3,True,3,0.9067903106095825,0,0.09320968939041693,1,0.0,2,0.0,4,0.0,1,19.0,1.0
7,3,3,True,3,0.7911825396825394,0,0.20881746031746026,1,0.0,2,0.0,4,0.0,1,14.0,6.0
7,3,3,True,3,0.4229066937963999,5,0.3176215785848138,2,0.16479913224030862,0,0.0946725953784777,1,0.0,1,10.0,2.0
7,3,3,True,3,0.8941595071595069,0,0.10584049284049281,1,0.0,2,0.0,4,0.0,1,12.0,6.0
7,1,1,True,1,0.3549276752416888,6,0.28879022556684353,2,0.25447104837424117,0,0.06517270096515267,3,0.03663834985207357,1,9.0,4.0
7,1,1,True,1,0.37735799145194904,6,0.2933607619344948,2,0.25854726075245527,3,0.03442991729346449,0,0.027670006245907167,1,8.0,1.0
7,2,2,True,2,0.6028918916317205,6,0.2105280536151554,1,0.09379350336608981,0,0.05721914763962162,3,0.023270726362662583,1,8.0,0.0
7,1,1,True,1,0.37735799145194904,6,0.2933607619344948,2,0.25854726075245527,3,0.03442991729346449,0,0.027670006245907167,1,8.0,1.0
7,0,2,False,2,0.5402188007200011,6,0.30214905814563503,1,0.08211805472576712,0,0.07551408640859657,3,0.0,4,8.0,2.0
7,2,0,False,0,0.6796244447846428,2,0.27602312643424204,1,0.023533169576713805,6,0.0208192592044009,3,0.0,2,8.0,3.0
7,2,1,False,1,0.37735799145194904,6,0.2933607619344948,2,0.25854726075245527,3,0.03442991729346449,0,0.027670006245907167,3,8.0,1.0
7,0,3,False,3,0.5180351235196742,0,0.3188093360080997,6,0.16315554047222627,1,0.0,2,0.0,2,10.0,5.0
7,2,2,True,2,0.5402188007200011,6,0.30214905814563503,1,0.08211805472576712,0,0.07551408640859657,3,0.0,1,8.0,2.0
7,2,3,False,3,0.98,0,0.02,1,0.0,2,0.0,4,0.0,4,18.0,0.0
7,0,6,False,6,0.317129631321357,2,0.29778744629569764,1,0.23927387797931998,0,0.10127031144823094,3,0.044538732955394185,4,9.0,0.0
7,2,2,True,2,0.4776190476190475,3,0.2726388888888888,0,0.23571428571428565,4,0.007083333333333333,5,0.006944444444444444,1,16.0,5.0
7,3,0,False,0,0.3744350769629408,3,0.16969630154846865,2,0.1465043511270291,1,0.14501113381802233,5,0.09993945712869859,2,10.0,0.0
7,3,2,False,2,0.33096679756432074,3,0.32832381352737383,0,0.16087028734938952,6,0.09146925129394166,1,0.08836985026497404,2,13.0,5.0
7,0,2,False,2,0.5402188007200011,6,0.30214905814563503,1,0.08211805472576712,0,0.07551408640859657,3,0.0,4,8.0,2.0
7,6,1,False,1,0.3570394067209329,2,0.31466252620302604,6,0.2815230854446574,3,0.031158291889114172,0,0.015616689742269381,3,8.0,4.0
7,0,2,False,2,0.6028918916317205,6,0.2105280536151554,1,0.09379350336608981,0,0.05721914763962162,3,0.023270726362662583,4,8.0,0.0
7,3,3,True,3,0.4271930324577384,0,0.24215047207694254,2,0.16990597556038725,1,0.16075051990493158,4,0.0,1,14.0,5.0
7,0,0,True,0,0.6796244447846428,2,0.27602312643424204,1,0.023533169576713805,6,0.0208192592044009,3,0.0,1,8.0,3.0
7,6,2,False,2,0.5402188007200011,6,0.30214905814563503,1,0.08211805472576712,0,0.07551408640859657,3,0.0,2,8.0,2.0
7,0,0,True,0,0.6796244447846428,2,0.27602312643424204,1,0.023533169576713805,6,0.0208192592044009,3,0.0,1,8.0,3.0
7,0,2,False,2,0.4776190476190475,3,0.2726388888888888,0,0.23571428571428565,4,0.007083333333333333,5,0.006944444444444444,3,16.0,5.0
7,3,3,True,3,0.99,0,0.01,1,0.0,2,0.0,4,0.0,1,20.0,1.0
7,3,3,True,3,0.9548333333333335,2,0.043166666666666666,5,0.002,1,0.0,0,0.0,1,21.0,5.0
7,3,0,False,0,0.430287886047561,2,0.3202480073246326,3,0.24946410662780624,1,0.0,4,0.0,3,9.0,6.0
7,3,3,True,3,0.9966666666666667,4,0.003333333333333333,1,0.0,0,0.0,2,0.0,1,16.0,2.0
7,0,3,False,3,0.6097698412698414,0,0.3902301587301587,1,0.0,2,0.0,4,0.0,2,17.0,0.0
7,1,1,True,1,0.7720753968253967,3,0.22459126984126979,2,0.003333333333333333,0,0.0,4,0.0,1,13.0,1.0
7,2,2,True,2,0.6028918916317205,6,0.2105280536151554,1,0.09379350336608981,0,0.05721914763962162,3,0.023270726362662583,1,8.0,0.0
7,2,1,False,1,0.37735799145194904,6,0.2933607619344948,2,0.25854726075245527,3,0.03442991729346449,0,0.027670006245907167,3,8.0,1.0
7,2,2,True,2,0.5402188007200011,6,0.30214905814563503,1,0.08211805472576712,0,0.07551408640859657,3,0.0,1,8.0,2.0
7,1,2,False,2,0.6028918916317205,6,0.2105280536151554,1,0.09379350336608981,0,0.05721914763962162,3,0.023270726362662583,3,8.0,0.0
7,0,0,True,0,0.6796244447846428,2,0.27602312643424204,1,0.023533169576713805,6,0.0208192592044009,3,0.0,1,8.0,3.0
7,2,1,False,1,0.4352146083616732,2,0.2897058418194639,6,0.2130289062627077,0,0.0463231665124284,5,0.015727477043726765,2,9.0,1.0
7,1,2,False,2,0.33026099056966984,0,0.257051502156577,1,0.2488548392506952,5,0.08626193043352019,6,0.038992436847306355,3,9.0,2.0
7,3,3,True,3,0.49334204779269725,0,0.36178114504884584,2,0.1448768071584568,1,0.0,4,0.0,1,10.0,6.0
7,1,1,True,1,0.33955862226483496,6,0.21520022065294508,3,0.16730816809205445,2,0.16084795882456907,4,0.11708503016559599,1,10.0,1.0
7,2,1,False,1,0.23675465571507853,6,0.20567009846469844,2,0.1703743078958366,3,0.17032307883869124,0,0.13559155705700007,3,10.0,4.0
7,2,6,False,6,0.317129631321357,2,0.29778744629569764,1,0.23927387797931998,0,0.10127031144823094,3,0.044538732955394185,2,9.0,0.0
7,2,2,True,2,0.33026099056966984,0,0.257051502156577,1,0.2488548392506952,5,0.08626193043352019,6,0.038992436847306355,1,9.0,2.0
7,2,0,False,0,0.430287886047561,2,0.3202480073246326,3,0.24946410662780624,1,0.0,4,0.0,2,9.0,6.0
7,2,2,True,2,0.4776190476190475,3,0.2726388888888888,0,0.23571428571428565,4,0.007083333333333333,5,0.006944444444444444,1,16.0,5.0
7,3,3,True,3,0.4715215553280568,1,0.30619641035778794,2,0.11935328049143841,4,0.10292875382271664,0,0.0,1,11.0,1.0
7,5,1,False,1,0.4352146083616732,2,0.2897058418194639,6,0.2130289062627077,0,0.0463231665124284,5,0.015727477043726765,5,9.0,1.0
7,5,1,False,1,0.4352146083616732,2,0.2897058418194639,6,0.2130289062627077,0,0.0463231665124284,5,0.015727477043726765,5,9.0,1.0
7,2,1,False,1,0.37735799145194904,6,0.2933607619344948,2,0.25854726075245527,3,0.03442991729346449,0,0.027670006245907167,3,8.0,1.0
7,2,2,True,2,0.6028918916317205,6,0.2105280536151554,1,0.09379350336608981,0,0.05721914763962162,3,0.023270726362662583,1,8.0,0.0
7,0,3,False,3,0.4229066937963999,5,0.3176215785848138,2,0.16479913224030862,0,0.0946725953784777,1,0.0,4,10.0,2.0
7,1,1,True,1,0.37735799145194904,6,0.2933607619344948,2,0.25854726075245527,3,0.03442991729346449,0,0.027670006245907167,1,8.0,1.0
7,2,2,True,2,0.5402188007200011,6,0.30214905814563503,1,0.08211805472576712,0,0.07551408640859657,3,0.0,1,8.0,2.0
7,2,2,True,2,0.5402188007200011,6,0.30214905814563503,1,0.08211805472576712,0,0.07551408640859657,3,0.0,1,8.0,2.0
7,6,1,False,1,0.4352146083616732,2,0.2897058418194639,6,0.2130289062627077,0,0.0463231665124284,5,0.015727477043726765,3,9.0,1.0
7,1,1,True,1,0.37735799145194904,6,0.2933607619344948,2,0.25854726075245527,3,0.03442991729346449,0,0.027670006245907167,1,8.0,1.0
7,1,1,True,1,0.37735799145194904,6,0.2933607619344948,2,0.25854726075245527,3,0.03442991729346449,0,0.027670006245907167,1,8.0,1.0
7,1,1,True,1,0.4352146083616732,2,0.2897058418194639,6,0.2130289062627077,0,0.0463231665124284,5,0.015727477043726765,1,9.0,1.0
7,1,1,True,1,0.37735799145194904,6,0.2933607619344948,2,0.25854726075245527,3,0.03442991729346449,0,0.027670006245907167,1,8.0,1.0
7,6,1,False,1,0.4352146083616732,2,0.2897058418194639,6,0.2130289062627077,0,0.0463231665124284,5,0.015727477043726765,3,9.0,1.0
7,0,0,True,0,0.5580115712050027,3,0.3623328286051901,6,0.07965560018980733,1,0.0,2,0.0,1,12.0,5.0
7,0,0,True,0,0.6995674402439412,2,0.1731963445360152,3,0.05723217404978989,6,0.03548108875295263,5,0.034522952417300974,1,9.0,3.0
7,6,3,False,3,0.4971584354683023,6,0.20123029148690402,5,0.1538833360419711,4,0.09878965487058766,0,0.04893828213223487,2,18.0,4.0
7,0,0,True,0,0.6654131146631147,3,0.11376626151626143,6,0.1114973082473082,2,0.10932331557331552,1,0.0,1,9.0,5.0
7,6,1,False,1,0.3549276752416888,6,0.28879022556684353,2,0.25447104837424117,0,0.06517270096515267,3,0.03663834985207357,2,9.0,4.0
7,6,6,True,6,0.317129631321357,2,0.29778744629569764,1,0.23927387797931998,0,0.10127031144823094,3,0.044538732955394185,1,9.0,0.0
7,6,2,False,2,0.33026099056966984,0,0.257051502156577,1,0.2488548392506952,5,0.08626193043352019,6,0.038992436847306355,5,9.0,2.0
7,3,3,True,3,0.9966666666666667,4,0.003333333333333333,1,0.0,0,0.0,2,0.0,1,16.0,2.0
7,3,0,False,0,0.430287886047561,2,0.3202480073246326,3,0.24946410662780624,1,0.0,4,0.0,3,9.0,6.0
7,4,3,False,3,0.7154498167810861,0,0.10374468320637048,2,0.09761296464972935,4,0.08319253536281397,1,0.0,4,17.0,2.0
7,3,3,True,3,0.49334204779269725,0,0.36178114504884584,2,0.1448768071584568,1,0.0,4,0.0,1,10.0,6.0
7,3,0,False,0,0.5580202794656521,3,0.33280975271842794,6,0.10916996781591946,1,0.0,2,0.0,2,11.0,5.0
7,3,4,False,4,0.7818665910113276,3,0.2181334089886722,1,0.0,0,0.0,2,0.0,2,16.0,1.0
7,2,0,False,0,0.6796244447846428,2,0.27602312643424204,1,0.023533169576713805,6,0.0208192592044009,3,0.0,2,8.0,3.0
7,1,2,False,2,0.6028918916317205,6,0.2105280536151554,1,0.09379350336608981,0,0.05721914763962162,3,0.023270726362662583,3,8.0,0.0
7,1,6,False,6,0.36128317835751544,1,0.3509693946062062,3,0.23777395278564672,0,0.049973474250631325,2,0.0,2,7.0,4.0
7,2,2,True,2,0.4340724275724275,1,0.4322577639751553,3,0.08333333333333331,0,0.026666666666666665,6,0.023669808452417153,1,6.0,1.0
7,3,3,True,3,0.7911825396825394,0,0.20881746031746026,1,0.0,2,0.0,4,0.0,1,14.0,6.0
7,2,0,False,0,0.430287886047561,2,0.3202480073246326,3,0.24946410662780624,1,0.0,4,0.0,2,9.0,6.0
7,0,2,False,2,0.33096679756432074,3,0.32832381352737383,0,0.16087028734938952,6,0.09146925129394166,1,0.08836985026497404,3,13.0,5.0
7,6,2,False,2,0.636238095238095,3,0.32183571428571434,0,0.023316666666666666,4,0.010952380952380951,6,0.004057142857142857,5,14.0,4.0
7,2,2,True,2,0.5402188007200011,6,0.30214905814563503,1,0.08211805472576712,0,0.07551408640859657,3,0.0,1,8.0,2.0
7,0,3,False,3,0.7217579365079365,0,0.2782420634920635,1,0.0,2,0.0,4,0.0,2,13.0,6.0
7,0,1,False,1,0.4352146083616732,2,0.2897058418194639,6,0.2130289062627077,0,0.0463231665124284,5,0.015727477043726765,4,9.0,1.0
7,1,2,False,2,0.5402188007200011,6,0.30214905814563503,1,0.08211805472576712,0,0.07551408640859657,3,0.0,3,8.0,2.0
7,2,1,False,1,0.37735799145194904,6,0.2933607619344948,2,0.25854726075245527,3,0.03442991729346449,0,0.027670006245907167,3,8.0,1.0
7,1,1,True,1,0.3570394067209329,2,0.31466252620302604,6,0.2815230854446574,3,0.031158291889114172,0,0.015616689742269381,1,8.0,4.0
7,6,2,False,2,0.5402188007200011,6,0.30214905814563503,1,0.08211805472576712,0,0.07551408640859657,3,0.0,2,8.0,2.0
7,2,2,True,2,0.6028918916317205,6,0.2105280536151554,1,0.09379350336608981,0,0.05721914763962162,3,0.023270726362662583,1,8.0,0.0
7,2,2,True,2,0.6028918916317205,6,0.2105280536151554,1,0.09379350336608981,0,0.05721914763962162,3,0.023270726362662583,1,8.0,0.0
7,6,2,False,2,0.5402188007200011,6,0.30214905814563503,1,0.08211805472576712,0,0.07551408640859657,3,0.0,2,8.0,2.0
7,1,1,True,1,0.37735799145194904,6,0.2933607619344948,2,0.25854726075245527,3,0.03442991729346449,0,0.027670006245907167,1,8.0,1.0
7,1,1,True,1,0.37735799145194904,6,0.2933607619344948,2,0.25854726075245527,3,0.03442991729346449,0,0.027670006245907167,1,8.0,1.0
7,4,4,True,4,0.7818665910113276,3,0.2181334089886722,1,0.0,0,0.0,2,0.0,1,16.0,1.0
7,4,4,True,4,0.7818665910113276,3,0.2181334089886722,1,0.0,0,0.0,2,0.0,1,16.0,1.0
7,3,3,True,3,0.9708832833832832,1,0.01680902430902431,0,0.012307692307692308,2,0.0,4,0.0,1,13.0,0.0
7,3,2,False,2,0.33096679756432074,3,0.32832381352737383,0,0.16087028734938952,6,0.09146925129394166,1,0.08836985026497404,2,13.0,5.0
7,4,4,True,4,0.7818665910113276,3,0.2181334089886722,1,0.0,0,0.0,2,0.0,1,16.0,1.0
7,3,4,False,4,0.3131237373737373,3,0.272843795093795,0,0.2726103896103895,6,0.14142207792207792,2,0.0,2,13.0,4.0
7,3,4,False,4,0.31555930851054675,3,0.2913777986289594,2,0.15886608360679566,1,0.15375863451134342,0,0.08043817474235429,2,12.0,4.0
7,3,3,True,3,0.5180351235196742,0,0.3188093360080997,6,0.16315554047222627,1,0.0,2,0.0,1,10.0,5.0
7,3,4,False,4,0.31555930851054675,3,0.2913777986289594,2,0.15886608360679566,1,0.15375863451134342,0,0.08043817474235429,2,12.0,4.0
8,0,6,False,6,0.3748213719543741,2,0.29104192039781934,1,0.20022613728085517,0,0.0862109500401733,3,0.04769962032677741,4,9.0,0.0
8,2,0,False,0,0.6825541260333193,2,0.13726639947404784,6,0.07285722464211206,3,0.06907239265347091,5,0.038249857197049736,2,9.0,3.0
8,3,3,True,3,0.8420335497835496,0,0.1579664502164502,1,0.0,2,0.0,4,0.0,1,14.0,6.0
8,4,3,False,3,0.4465699716949718,0,0.26802793040293027,6,0.146188603063603,4,0.1349277805527805,1,0.002857142857142857,4,13.0,4.0
8,5,3,False,3,0.48740490669573333,6,0.26940832165807593,5,0.10546440752491701,0,0.0599319036873149,4,0.05207617471967316,3,18.0,4.0
8,3,3,True,3,0.36394191919191904,0,0.3214134199134199,2,0.17469119769119767,4,0.09616738816738815,5,0.04378607503607504,1,15.0,6.0
8,2,0,False,0,0.5902181270081728,3,0.32173130115859605,2,0.07173478235954675,6,0.011052631578947368,1,0.004736842105263157,3,10.0,3.0
8,3,3,True,3,0.6712887667887667,0,0.31728266178266173,1,0.01,2,0.0014285714285714286,4,0.0,1,13.0,6.0
8,1,1,True,1,0.38607169374596695,2,0.2972069357425384,6,0.28679270660629536,0,0.015582453286756082,3,0.014346210618442913,1,8.0,4.0
8,0,3,False,3,0.8664217171717172,0,0.07998232323232324,4,0.03011111111111111,5,0.02066666666666667,6,0.0028181818181818186,2,13.0,3.0
8,6,0,False,0,0.5089062932830769,3,0.4476045766855598,6,0.04348913003136318,1,0.0,2,0.0,3,11.0,5.0
8,6,1,False,1,0.3401738569000743,6,0.3143993533556637,2,0.25827001443533304,0,0.06733229698380891,3,0.01982447832511974,2,9.0,4.0
8,1,1,True,1,0.36870308096544663,2,0.3027090804150931,6,0.22009291121771896,0,0.06269061651939394,5,0.045804310882347314,1,9.0,1.0
8,1,1,True,1,0.3917180994536822,2,0.2869656242517305,6,0.262094556298165,0,0.025566104938729798,3,0.02489910935815633,1,8.0,1.0
8,1,1,True,1,0.3603571412834334,3,0.20936812659566384,6,0.17609625192937212,4,0.13738594210040567,2,0.11679253809112465,1,10.0,1.0
8,0,2,False,2,0.5089370156390166,6,0.3188022855342307,1,0.09182401665921286,0,0.08043668216753982,3,0.0,4,8.0,2.0
8,2,2,True,2,0.634613862357375,6,0.1729900767281232,1,0.11460664772673329,0,0.056880078991504546,3,0.02090933419626393,1,8.0,0.0
8,6,1,False,1,0.38607169374596695,2,0.2972069357425384,6,0.28679270660629536,0,0.015582453286756082,3,0.014346210618442913,3,8.0,4.0
8,4,2,False,2,0.6184877134177428,6,0.1681489407873573,0,0.08788481651856563,5,0.08597422593109665,3,0.03950430334523755,7,8.0,6.0
8,3,3,True,3,0.5226916666666667,4,0.40833333333333327,0,0.02125,2,0.016761327231121285,1,0.014669952473156134,1,7.0,6.0
8,3,2,False,2,0.5764761904761905,6,0.34853968253968254,4,0.02333333333333333,3,0.023265873015873018,0,0.017988095238095237,4,14.0,4.0
8,3,3,True,3,0.4465699716949718,0,0.26802793040293027,6,0.146188603063603,4,0.1349277805527805,1,0.002857142857142857,1,13.0,4.0
8,1,1,True,1,0.3917180994536822,2,0.2869656242517305,6,0.262094556298165,0,0.025566104938729798,3,0.02489910935815633,1,8.0,1.0
8,0,1,False,1,0.4259141707210694,6,0.3375855792376957,3,0.22650025004123467,2,0.01,0,0.0,5,7.0,4.0
8,2,3,False,3,0.955,0,0.025,2,0.01,6,0.01,1,0.0,3,20.0,5.0
8,2,2,True,2,0.5089370156390166,6,0.3188022855342307,1,0.09182401665921286,0,0.08043668216753982,3,0.0,1,8.0,2.0
8,2,2,True,2,0.634613862357375,6,0.1729900767281232,1,0.11460664772673329,0,0.056880078991504546,3,0.02090933419626393,1,8.0,0.0
8,2,2,True,2,0.6184877134177428,6,0.1681489407873573,0,0.08788481651856563,5,0.08597422593109665,3,0.03950430334523755,1,8.0,6.0
8,2,2,True,2,0.634613862357375,6,0.1729900767281232,1,0.11460664772673329,0,0.056880078991504546,3,0.02090933419626393,1,8.0,0.0
8,2,1,False,1,0.3401738569000743,6,0.3143993533556637,2,0.25827001443533304,0,0.06733229698380891,3,0.01982447832511974,3,9.0,4.0
8,2,2,True,2,0.5089370156390166,6,0.3188022855342307,1,0.09182401665921286,0,0.08043668216753982,3,0.0,1,8.0,2.0
8,0,3,False,3,0.6712887667887667,0,0.31728266178266173,1,0.01,2,0.0014285714285714286,4,0.0,2,13.0,6.0
8,2,1,False,1,0.2629335770546655,2,0.1851963904170304,6,0.17110814852098577,0,0.1522535121344882,3,0.14046638998987407,2,10.0,4.0
8,2,1,False,1,0.3603571412834334,3,0.20936812659566384,6,0.17609625192937212,4,0.13738594210040567,2,0.11679253809112465,5,10.0,1.0
8,3,3,True,3,0.36394191919191904,0,0.3214134199134199,2,0.17469119769119767,4,0.09616738816738815,5,0.04378607503607504,1,15.0,6.0
8,0,3,False,3,0.5167824675324675,5,0.2534224386724386,0,0.2153506493506493,4,0.006666666666666667,1,0.005555555555555556,3,11.0,3.0
8,2,2,True,2,0.5089370156390166,6,0.3188022855342307,1,0.09182401665921286,0,0.08043668216753982,3,0.0,1,8.0,2.0
8,0,2,False,2,0.35798050931398356,1,0.21540615297999438,0,0.21459301836979955,6,0.09148746122526129,5,0.08197486518682302,3,9.0,2.0
8,1,3,False,3,0.4765511604838231,0,0.23151693739696824,2,0.2147358318925656,6,0.07719607022664296,1,0.0,5,13.0,5.0
8,1,1,True,1,0.4435676857411832,6,0.4104988845298474,2,0.1459334297289694,0,0.0,3,0.0,1,7.0,1.0
8,6,2,False,2,0.634613862357375,6,0.1729900767281232,1,0.11460664772673329,0,0.056880078991504546,3,0.02090933419626393,2,8.0,0.0
8,6,2,False,2,0.5089370156390166,6,0.3188022855342307,1,0.09182401665921286,0,0.08043668216753982,3,0.0,2,8.0,2.0
8,6,1,False,1,0.3917180994536822,2,0.2869656242517305,6,0.262094556298165,0,0.025566104938729798,3,0.02489910935815633,3,8.0,1.0
8,6,1,False,1,0.4435676857411832,6,0.4104988845298474,2,0.1459334297289694,0,0.0,3,0.0,2,7.0,1.0
8,0,0,True,0,0.6541294913715499,2,0.28407114700631536,1,0.03189418187608427,6,0.02990517974605043,3,0.0,1,8.0,3.0
8,6,2,False,2,0.5089370156390166,6,0.3188022855342307,1,0.09182401665921286,0,0.08043668216753982,3,0.0,2,8.0,2.0
8,3,1,False,1,0.3917180994536822,2,0.2869656242517305,6,0.262094556298165,0,0.025566104938729798,3,0.02489910935815633,5,8.0,1.0
8,4,3,False,3,0.48740490669573333,6,0.26940832165807593,5,0.10546440752491701,0,0.0599319036873149,4,0.05207617471967316,5,18.0,4.0
8,3,3,True,3,0.5226916666666667,4,0.40833333333333327,0,0.02125,2,0.016761327231121285,1,0.014669952473156134,1,7.0,6.0
8,3,3,True,3,0.5092443349955861,0,0.2796368857190612,6,0.210118779285353,2,0.001,1,0.0,1,10.0,5.0
8,3,3,True,3,0.9705000000000001,0,0.029500000000000002,1,0.0,2,0.0,4,0.0,1,21.0,3.0
8,3,3,True,3,0.5882288621681034,4,0.2154179800677478,0,0.10188903434027267,2,0.09446412342387568,1,0.0,1,17.0,2.0
8,3,3,True,3,0.97,0,0.03,1,0.0,2,0.0,4,0.0,1,20.0,2.0
8,3,3,True,3,0.48740490669573333,6,0.26940832165807593,5,0.10546440752491701,0,0.0599319036873149,4,0.05207617471967316,1,18.0,4.0
8,3,3,True,3,0.9392012987012986,0,0.029584415584415585,2,0.015714285714285715,6,0.008,5,0.00525,1,18.0,3.0
8,1,1,True,1,0.36870308096544663,2,0.3027090804150931,6,0.22009291121771896,0,0.06269061651939394,5,0.045804310882347314,1,9.0,1.0
8,2,0,False,0,0.96,1,0.016555555555555556,3,0.013333333333333332,6,0.00873015873015873,2,0.0013809523809523811,5,7.0,3.0
8,2,2,True,2,0.634613862357375,6,0.1729900767281232,1,0.11460664772673329,0,0.056880078991504546,3,0.02090933419626393,1,8.0,0.0
8,2,1,False,1,0.38607169374596695,2,0.2972069357425384,6,0.28679270660629536,0,0.015582453286756082,3,0.014346210618442913,2,8.0,4.0
8,3,0,False,0,0.3757494221464809,4,0.26980190071366544,3,0.24786461414402583,1,0.10491739632916103,6,0.0011111111111111111,3,11.0,2.0
8,0,3,False,3,0.5092443349955861,0,0.2796368857190612,6,0.210118779285353,2,0.001,1,0.0,2,10.0,5.0
8,0,0,True,0,0.6541294913715499,2,0.28407114700631536,1,0.03189418187608427,6,0.02990517974605043,3,0.0,1,8.0,3.0
8,2,2,True,2,0.5089370156390166,6,0.3188022855342307,1,0.09182401665921286,0,0.08043668216753982,3,0.0,1,8.0,2.0
8,2,6,False,6,0.3748213719543741,2,0.29104192039781934,1,0.20022613728085517,0,0.0862109500401733,3,0.04769962032677741,2,9.0,0.0
8,0,2,False,2,0.634613862357375,6,0.1729900767281232,1,0.11460664772673329,0,0.056880078991504546,3,0.02090933419626393,4,8.0,0.0
8,2,1,False,1,0.38607169374596695,2,0.2972069357425384,6,0.28679270660629536,0,0.015582453286756082,3,0.014346210618442913,2,8.0,4.0
8,5,2,False,2,0.634613862357375,6,0.1729900767281232,1,0.11460664772673329,0,0.056880078991504546,3,0.02090933419626393,7,8.0,0.0
8,0,0,True,0,0.6825541260333193,2,0.13726639947404784,6,0.07285722464211206,3,0.06907239265347091,5,0.038249857197049736,1,9.0,3.0
8,0,3,False,3,0.5092443349955861,0,0.2796368857190612,6,0.210118779285353,2,0.001,1,0.0,2,10.0,5.0
8,2,3,False,3,0.4765511604838231,0,0.23151693739696824,2,0.2147358318925656,6,0.07719607022664296,1,0.0,3,13.0,5.0
8,3,3,True,3,0.6590664645811702,0,0.3409335354188293,1,0.0,2,0.0,4,0.0,1,11.0,6.0
8,2,1,False,1,0.3917180994536822,2,0.2869656242517305,6,0.262094556298165,0,0.025566104938729798,3,0.02489910935815633,2,8.0,1.0
8,0,0,True,0,0.5089062932830769,3,0.4476045766855598,6,0.04348913003136318,1,0.0,2,0.0,1,11.0,5.0
8,0,0,True,0,0.6541294913715499,2,0.28407114700631536,1,0.03189418187608427,6,0.02990517974605043,3,0.0,1,8.0,3.0
8,1,1,True,1,0.36870308096544663,2,0.3027090804150931,6,0.22009291121771896,0,0.06269061651939394,5,0.045804310882347314,1,9.0,1.0
8,6,1,False,1,0.38607169374596695,2,0.2972069357425384,6,0.28679270660629536,0,0.015582453286756082,3,0.014346210618442913,3,8.0,4.0
8,0,0,True,0,0.6825541260333193,2,0.13726639947404784,6,0.07285722464211206,3,0.06907239265347091,5,0.038249857197049736,1,9.0,3.0
8,6,1,False,1,0.3917180994536822,2,0.2869656242517305,6,0.262094556298165,0,0.025566104938729798,3,0.02489910935815633,3,8.0,1.0
8,6,2,False,2,0.634613862357375,6,0.1729900767281232,1,0.11460664772673329,0,0.056880078991504546,3,0.02090933419626393,2,8.0,0.0
8,6,1,False,1,0.3603571412834334,3,0.20936812659566384,6,0.17609625192937212,4,0.13738594210040567,2,0.11679253809112465,3,10.0,1.0
8,6,6,True,6,0.3748213719543741,2,0.29104192039781934,1,0.20022613728085517,0,0.0862109500401733,3,0.04769962032677741,1,9.0,0.0
8,6,1,False,1,0.38607169374596695,2,0.2972069357425384,6,0.28679270660629536,0,0.015582453286756082,3,0.014346210618442913,3,8.0,4.0
8,6,1,False,1,0.3401738569000743,6,0.3143993533556637,2,0.25827001443533304,0,0.06733229698380891,3,0.01982447832511974,2,9.0,4.0
8,0,3,False,3,0.5963214285714284,1,0.3786785714285715,4,0.015,0,0.005,2,0.005,4,14.0,1.0
8,3,1,False,1,0.38607169374596695,2,0.2972069357425384,6,0.28679270660629536,0,0.015582453286756082,3,0.014346210618442913,5,8.0,4.0
8,3,3,True,3,0.34934675034288026,5,0.2938618270274616,2,0.17448432342511283,0,0.15821353195308296,1,0.011959064327485381,1,10.0,2.0
8,3,3,True,3,0.5183265823873409,0,0.46029299965600273,2,0.018000000000000002,4,0.0033804179566563463,1,0.0,1,17.0,6.0
8,3,3,True,3,0.4226687680224832,0,0.24664304787060198,1,0.16547858634313742,2,0.16520959776377733,4,0.0,1,14.0,5.0
8,3,2,False,2,0.41152405111228646,3,0.3032680762220234,0,0.2852078726656898,1,0.0,4,0.0,2,9.0,6.0
8,3,3,True,3,0.5092443349955861,0,0.2796368857190612,6,0.210118779285353,2,0.001,1,0.0,1,10.0,5.0
8,3,3,True,3,0.6590664645811702,0,0.3409335354188293,1,0.0,2,0.0,4,0.0,1,11.0,6.0
8,3,2,False,2,0.6184877134177428,6,0.1681489407873573,0,0.08788481651856563,5,0.08597422593109665,3,0.03950430334523755,5,8.0,6.0
8,1,6,False,6,0.3748213719543741,2,0.29104192039781934,1,0.20022613728085517,0,0.0862109500401733,3,0.04769962032677741,3,9.0,0.0
8,1,2,False,2,0.35798050931398356,1,0.21540615297999438,0,0.21459301836979955,6,0.09148746122526129,5,0.08197486518682302,2,9.0,2.0
8,2,1,False,1,0.3917180994536822,2,0.2869656242517305,6,0.262094556298165,0,0.025566104938729798,3,0.02489910935815633,2,8.0,1.0
8,2,0,False,0,0.6541294913715499,2,0.28407114700631536,1,0.03189418187608427,6,0.02990517974605043,3,0.0,2,8.0,3.0
8,1,2,False,2,0.35798050931398356,1,0.21540615297999438,0,0.21459301836979955,6,0.09148746122526129,5,0.08197486518682302,2,9.0,2.0
8,1,1,True,1,0.3917180994536822,2,0.2869656242517305,6,0.262094556298165,0,0.025566104938729798,3,0.02489910935815633,1,8.0,1.0
8,1,1,True,1,0.38607169374596695,2,0.2972069357425384,6,0.28679270660629536,0,0.015582453286756082,3,0.014346210618442913,1,8.0,4.0
8,2,2,True,2,0.634613862357375,6,0.1729900767281232,1,0.11460664772673329,0,0.056880078991504546,3,0.02090933419626393,1,8.0,0.0
8,0,2,False,2,0.41152405111228646,3,0.3032680762220234,0,0.2852078726656898,1,0.0,4,0.0,3,9.0,6.0
8,2,2,True,2,0.5089370156390166,6,0.3188022855342307,1,0.09182401665921286,0,0.08043668216753982,3,0.0,1,8.0,2.0
8,2,2,True,2,0.634613862357375,6,0.1729900767281232,1,0.11460664772673329,0,0.056880078991504546,3,0.02090933419626393,1,8.0,0.0
8,0,0,True,0,0.6541294913715499,2,0.28407114700631536,1,0.03189418187608427,6,0.02990517974605043,3,0.0,1,8.0,3.0
8,2,2,True,2,0.5089370156390166,6,0.3188022855342307,1,0.09182401665921286,0,0.08043668216753982,3,0.0,1,8.0,2.0
8,0,3,False,3,0.9309015151515152,0,0.01832251082251082,4,0.018305555555555554,2,0.015454545454545453,6,0.012730158730158729,2,16.0,4.0
8,2,2,True,2,0.35798050931398356,1,0.21540615297999438,0,0.21459301836979955,6,0.09148746122526129,5,0.08197486518682302,1,9.0,2.0
8,3,3,True,3,0.36394191919191904,0,0.3214134199134199,2,0.17469119769119767,4,0.09616738816738815,5,0.04378607503607504,1,15.0,6.0
8,1,3,False,3,0.32646596785193827,0,0.291814575539774,2,0.14077702503072667,6,0.08756435095281169,1,0.08174599372935284,5,10.0,0.0
8,2,1,False,1,0.38607169374596695,2,0.2972069357425384,6,0.28679270660629536,0,0.015582453286756082,3,0.014346210618442913,2,8.0,4.0
8,0,0,True,0,0.5902181270081728,3,0.32173130115859605,2,0.07173478235954675,6,0.011052631578947368,1,0.004736842105263157,1,10.0,3.0
8,2,1,False,1,0.3917180994536822,2,0.2869656242517305,6,0.262094556298165,0,0.025566104938729798,3,0.02489910935815633,2,8.0,1.0
8,0,3,False,3,0.32646596785193827,0,0.291814575539774,2,0.14077702503072667,6,0.08756435095281169,1,0.08174599372935284,2,10.0,0.0
8,1,4,False,4,0.34391089466089453,3,0.3239150432900432,0,0.3205844155844156,1,0.009297979797979798,6,0.001736111111111111,4,12.0,2.0
8,2,2,True,2,0.5089370156390166,6,0.3188022855342307,1,0.09182401665921286,0,0.08043668216753982,3,0.0,1,8.0,2.0
8,6,1,False,1,0.36870308096544663,2,0.3027090804150931,6,0.22009291121771896,0,0.06269061651939394,5,0.045804310882347314,3,9.0,1.0
8,1,1,True,1,0.36870308096544663,2,0.3027090804150931,6,0.22009291121771896,0,0.06269061651939394,5,0.045804310882347314,1,9.0,1.0
8,1,1,True,1,0.36870308096544663,2,0.3027090804150931,6,0.22009291121771896,0,0.06269061651939394,5,0.045804310882347314,1,9.0,1.0
8,1,1,True,1,0.3917180994536822,2,0.2869656242517305,6,0.262094556298165,0,0.025566104938729798,3,0.02489910935815633,1,8.0,1.0
8,1,1,True,1,0.3401738569000743,6,0.3143993533556637,2,0.25827001443533304,0,0.06733229698380891,3,0.01982447832511974,1,9.0,4.0
8,6,2,False,2,0.5089370156390166,6,0.3188022855342307,1,0.09182401665921286,0,0.08043668216753982,3,0.0,2,8.0,2.0
8,6,1,False,1,0.3917180994536822,2,0.2869656242517305,6,0.262094556298165,0,0.025566104938729798,3,0.02489910935815633,3,8.0,1.0
8,6,1,False,1,0.3917180994536822,2,0.2869656242517305,6,0.262094556298165,0,0.025566104938729798,3,0.02489910935815633,3,8.0,1.0
8,6,2,False,2,0.634613862357375,6,0.1729900767281232,1,0.11460664772673329,0,0.056880078991504546,3,0.02090933419626393,2,8.0,0.0
8,6,1,False,1,0.2629335770546655,2,0.1851963904170304,6,0.17110814852098577,0,0.1522535121344882,3,0.14046638998987407,3,10.0,4.0
8,3,0,False,0,0.3757494221464809,4,0.26980190071366544,3,0.24786461414402583,1,0.10491739632916103,6,0.0011111111111111111,3,11.0,2.0
8,3,1,False,1,0.2629335770546655,2,0.1851963904170304,6,0.17110814852098577,0,0.1522535121344882,3,0.14046638998987407,5,10.0,4.0
8,4,4,True,4,0.7473496870776283,3,0.25265031292237183,1,0.0,0,0.0,2,0.0,1,16.0,1.0
8,3,3,True,3,0.7539709457209455,0,0.12954664779664773,1,0.11648240648240649,2,0.0,4,0.0,1,11.0,0.0
8,3,1,False,1,0.3401738569000743,6,0.3143993533556637,2,0.25827001443533304,0,0.06733229698380891,3,0.01982447832511974,5,9.0,4.0
8,3,0,False,0,0.8545184537684536,3,0.13381487956487956,4,0.011666666666666665,1,0.0,2,0.0,2,12.0,3.0
8,3,0,False,0,0.3757494221464809,4,0.26980190071366544,3,0.24786461414402583,1,0.10491739632916103,6,0.0011111111111111111,3,11.0,2.0
8,3,3,True,3,0.6712887667887667,0,0.31728266178266173,1,0.01,2,0.0014285714285714286,4,0.0,1,13.0,6.0
8,3,3,True,3,0.657670634920635,0,0.17513492063492062,4,0.09976587301587302,2,0.0552063492063492,5,0.012222222222222223,1,15.0,2.0
8,3,3,True,3,0.6590664645811702,0,0.3409335354188293,1,0.0,2,0.0,4,0.0,1,11.0,6.0
9,1,1,True,1,0.3671323333163585,6,0.34788840534718624,2,0.2529769487093016,0,0.01710598576238266,3,0.014896326864770803,1,8.0,4.0
9,0,4,False,4,0.6545277777777777,0,0.2915934343434343,3,0.041151515151515154,2,0.007727272727272727,6,0.005,2,14.0,3.0
9,2,2,True,2,0.6045520873904824,6,0.1898092077288965,1,0.08945253189518755,0,0.0724108060548063,3,0.03199689365704657,1,8.0,0.0
9,2,4,False,4,0.7842698412698413,3,0.21573015873015866,1,0.0,0,0.0,2,0.0,5,15.0,1.0
9,0,0,True,0,0.6681546819339271,2,0.3318453180660725,1,0.0,3,0.0,4,0.0,1,8.0,3.0
9,2,1,False,1,0.3918057823279675,2,0.28790429547817137,6,0.25834712784452657,3,0.03476825096426201,0,0.027174543385072462,2,8.0,1.0
9,3,0,False,0,0.6259462761181025,3,0.2178515982211802,2,0.15620212566071692,1,0.0,4,0.0,2,10.0,3.0
9,4,3,False,3,0.5546563714063713,0,0.33674634434193257,4,0.10157347472788648,1,0.005357142857142857,2,0.0016666666666666666,3,11.0,2.0
9,5,3,False,3,0.4163180695293698,5,0.26096226662054833,2,0.16653575646919294,0,0.15218390738088872,1,0.002,2,10.0,2.0
9,2,2,True,2,0.5297905151562067,6,0.30320379311629886,0,0.0888483358398352,1,0.07815735588765917,3,0.0,1,8.0,2.0
9,0,3,False,3,0.3344519624368392,0,0.3153744856540386,1,0.15265532607040877,5,0.07265086818514936,2,0.0626648153685204,2,10.0,0.0
9,6,3,False,3,0.5646059911699449,0,0.3131045559350479,6,0.12228945289500691,1,0.0,2,0.0,3,10.0,5.0
9,0,0,True,0,0.6259462761181025,3,0.2178515982211802,2,0.15620212566071692,1,0.0,4,0.0,1,10.0,3.0
9,1,1,True,1,0.3918057823279675,2,0.28790429547817137,6,0.25834712784452657,3,0.03476825096426201,0,0.027174543385072462,1,8.0,1.0
9,2,2,True,2,0.6045520873904824,6,0.1898092077288965,1,0.08945253189518755,0,0.0724108060548063,3,0.03199689365704657,1,8.0,0.0
9,6,1,False,1,0.3918057823279675,2,0.28790429547817137,6,0.25834712784452657,3,0.03476825096426201,0,0.027174543385072462,3,8.0,1.0
9,6,3,False,3,0.5646059911699449,0,0.3131045559350479,6,0.12228945289500691,1,0.0,2,0.0,3,10.0,5.0
9,6,1,False,1,0.3918057823279675,2,0.28790429547817137,6,0.25834712784452657,3,0.03476825096426201,0,0.027174543385072462,3,8.0,1.0
9,0,3,False,3,0.48747212040799226,6,0.23297262831121082,5,0.17830277157317947,4,0.09125247970761718,2,0.01,7,18.0,4.0
9,6,1,False,1,0.375935533635293,6,0.27895052430873135,2,0.2521651273145026,0,0.049465422414993354,3,0.0434833923264796,2,9.0,4.0
9,3,3,True,3,0.7378977688977689,0,0.13203027528027525,1,0.13007195582195583,2,0.0,4,0.0,1,11.0,0.0
9,3,3,True,3,0.9593333333333333,0,0.02,5,0.01,6,0.007333333333333334,4,0.003333333333333333,1,21.0,4.0
9,3,3,True,3,0.6416295443462626,4,0.18779846538050868,2,0.08492516182647761,0,0.075646828446751,5,0.01,1,17.0,2.0
9,3,3,True,3,0.5646059911699449,0,0.3131045559350479,6,0.12228945289500691,1,0.0,2,0.0,1,10.0,5.0
9,3,0,False,0,0.64,3,0.36,1,0.0,2,0.0,4,0.0,2,21.0,1.0
9,3,4,False,4,0.8358448602051537,3,0.1641551397948456,1,0.0,0,0.0,2,0.0,2,16.0,1.0
9,3,0,False,0,0.64,3,0.36,1,0.0,2,0.0,4,0.0,2,21.0,1.0
9,3,3,True,3,0.97,4,0.03,1,0.0,0,0.0,2,0.0,1,16.0,2.0
9,3,3,True,3,0.9763725490196079,5,0.012352941176470589,0,0.005,2,0.003333333333333333,6,0.0029411764705882353,1,18.0,3.0
9,3,3,True,3,0.9866666666666666,0,0.013333333333333332,1,0.0,2,0.0,4,0.0,1,20.0,2.0
9,3,3,True,3,0.98,0,0.02,1,0.0,2,0.0,4,0.0,1,20.0,1.0
9,0,0,True,0,0.6681546819339271,2,0.3318453180660725,1,0.0,3,0.0,4,0.0,1,8.0,3.0
9,1,0,False,0,0.6681546819339271,2,0.3318453180660725,1,0.0,3,0.0,4,0.0,3,8.0,3.0
9,2,0,False,0,0.7009252768803603,2,0.13072204504535612,6,0.06956264710010213,3,0.06802646356237055,5,0.030763567411810827,2,9.0,3.0
9,2,2,True,2,0.4538150183150183,3,0.28086779886779867,0,0.2553171828171827,6,0.01,1,0.0,1,16.0,5.0
9,0,0,True,0,0.6785575813075811,6,0.10866243478743476,3,0.10834190809190808,2,0.10443807581307579,1,0.0,1,9.0,5.0
9,2,1,False,1,0.375935533635293,6,0.27895052430873135,2,0.2521651273145026,0,0.049465422414993354,3,0.0434833923264796,3,9.0,4.0
9,2,2,True,2,0.5297905151562067,6,0.30320379311629886,0,0.0888483358398352,1,0.07815735588765917,3,0.0,1,8.0,2.0
9,2,1,False,1,0.3918057823279675,2,0.28790429547817137,6,0.25834712784452657,3,0.03476825096426201,0,0.027174543385072462,2,8.0,1.0
9,2,2,True,2,0.6685489365706758,3,0.21,0,0.05,6,0.03614927536231884,1,0.035301788067005464,1,6.0,1.0
9,2,3,False,3,0.5098809274231102,0,0.4175264238685293,2,0.07259264870836075,1,0.0,4,0.0,3,10.0,6.0
9,3,0,False,0,0.6242035367490678,3,0.2956686053566689,6,0.08012785789426317,1,0.0,2,0.0,2,12.0,5.0
9,0,3,False,3,0.48485212010212014,4,0.23856460206460203,6,0.14063622488622485,0,0.1259470529470529,2,0.01,4,13.0,4.0
9,0,3,False,3,0.8315937404099164,0,0.16840625959008307,1,0.0,2,0.0,4,0.0,2,11.0,6.0
9,2,1,False,1,0.3671323333163585,6,0.34788840534718624,2,0.2529769487093016,0,0.01710598576238266,3,0.014896326864770803,3,8.0,4.0
9,2,2,True,2,0.6045520873904824,6,0.1898092077288965,1,0.08945253189518755,0,0.0724108060548063,3,0.03199689365704657,1,8.0,0.0
9,3,3,True,3,0.5098809274231102,0,0.4175264238685293,2,0.07259264870836075,1,0.0,4,0.0,1,10.0,6.0
9,1,1,True,1,0.3671323333163585,6,0.34788840534718624,2,0.2529769487093016,0,0.01710598576238266,3,0.014896326864770803,1,8.0,4.0
9,1,3,False,3,0.46566238255208814,0,0.32781010819246104,2,0.20652750925545038,1,0.0,4,0.0,4,14.0,5.0
9,1,3,False,3,0.46566238255208814,0,0.32781010819246104,2,0.20652750925545038,1,0.0,4,0.0,4,14.0,5.0
9,6,1,False,1,0.3984029863269498,6,0.3038883895583483,3,0.24063670769898046,0,0.057071916415721076,2,0.0,2,7.0,4.0
9,0,0,True,0,0.6681546819339271,2,0.3318453180660725,1,0.0,3,0.0,4,0.0,1,8.0,3.0
9,1,1,True,1,0.3918057823279675,2,0.28790429547817137,6,0.25834712784452657,3,0.03476825096426201,0,0.027174543385072462,1,8.0,1.0
9,6,1,False,1,0.375935533635293,6,0.27895052430873135,2,0.2521651273145026,0,0.049465422414993354,3,0.0434833923264796,2,9.0,4.0
9,0,0,True,0,0.6681546819339271,2,0.3318453180660725,1,0.0,3,0.0,4,0.0,1,8.0,3.0
9,1,1,True,1,0.3671323333163585,6,0.34788840534718624,2,0.2529769487093016,0,0.01710598576238266,3,0.014896326864770803,1,8.0,4.0
9,6,2,False,2,0.5297905151562067,6,0.30320379311629886,0,0.0888483358398352,1,0.07815735588765917,3,0.0,2,8.0,2.0
9,3,3,True,3,0.8041986624486624,0,0.1849680042180042,5,0.01,4,0.0008333333333333333,2,0.0,1,17.0,3.0
9,4,6,False,6,0.6659567099567099,3,0.17361760461760462,4,0.14042568542568537,5,0.02,2,0.0,3,17.0,4.0
9,3,3,True,3,0.5517142857142858,0,0.3941190476190478,2,0.026666666666666665,1,0.01,4,0.01,1,19.0,0.0
9,3,3,True,3,0.9983333333333333,0,0.0016666666666666666,1,0.0,2,0.0,4,0.0,1,20.0,3.0
9,3,3,True,3,0.6914680799095763,0,0.2000881007668092,4,0.10733270821250357,2,0.0011111111111111111,1,0.0,1,17.0,1.0
9,3,3,True,3,0.8966666666666667,0,0.07666666666666667,4,0.013333333333333332,1,0.01,2,0.003333333333333333,1,21.0,0.0
9,3,2,False,2,0.6894999999999999,3,0.20031209150326795,0,0.09166666666666666,6,0.012385620915032678,5,0.0037091503267973856,2,18.0,6.0
9,3,3,True,3,0.5098809274231102,0,0.4175264238685293,2,0.07259264870836075,1,0.0,4,0.0,1,10.0,6.0
9,1,1,True,1,0.3671323333163585,6,0.34788840534718624,2,0.2529769487093016,0,0.01710598576238266,3,0.014896326864770803,1,8.0,4.0
9,2,1,False,1,0.3671323333163585,6,0.34788840534718624,2,0.2529769487093016,0,0.01710598576238266,3,0.014896326864770803,3,8.0,4.0
9,0,3,False,3,0.5646059911699449,0,0.3131045559350479,6,0.12228945289500691,1,0.0,2,0.0,2,10.0,5.0
9,1,1,True,1,0.22101547125590323,6,0.21662659855300348,2,0.17464936725230587,3,0.17437847062915243,0,0.13406863273699568,1,10.0,4.0
9,2,1,False,1,0.3671323333163585,6,0.34788840534718624,2,0.2529769487093016,0,0.01710598576238266,3,0.014896326864770803,3,8.0,4.0
9,2,2,True,2,0.6045520873904824,6,0.1898092077288965,1,0.08945253189518755,0,0.0724108060548063,3,0.03199689365704657,1,8.0,0.0
9,0,3,False,3,0.5646059911699449,0,0.3131045559350479,6,0.12228945289500691,1,0.0,2,0.0,2,10.0,5.0
9,0,3,False,3,0.37105734272607327,2,0.3218581608450029,0,0.1507584716195397,6,0.07849091856715693,1,0.07783510624222699,3,13.0,5.0
9,2,6,False,6,0.3305666196500879,2,0.2834177901589132,1,0.18333648470052744,0,0.13745149434924633,3,0.06522761114122479,2,9.0,0.0
9,5,1,False,1,0.3918057823279675,2,0.28790429547817137,6,0.25834712784452657,3,0.03476825096426201,0,0.027174543385072462,7,8.0,1.0
9,3,1,False,1,0.3671323333163585,6,0.34788840534718624,2,0.2529769487093016,0,0.01710598576238266,3,0.014896326864770803,5,8.0,4.0
9,2,1,False,1,0.3624915214311866,6,0.21959077760157303,3,0.19391212919683773,2,0.11356489025922999,4,0.11044068151117212,4,10.0,1.0
9,3,3,True,3,0.5098809274231102,0,0.4175264238685293,2,0.07259264870836075,1,0.0,4,0.0,1,10.0,6.0
9,2,2,True,2,0.6045520873904824,6,0.1898092077288965,1,0.08945253189518755,0,0.0724108060548063,3,0.03199689365704657,1,8.0,0.0
9,6,2,False,2,0.5297905151562067,6,0.30320379311629886,0,0.0888483358398352,1,0.07815735588765917,3,0.0,2,8.0,2.0
9,6,1,False,1,0.4057954297154579,2,0.27436378744090095,6,0.21928590517034516,0,0.056837954592785456,5,0.043716923080510214,3,9.0,1.0
9,6,2,False,2,0.6045520873904824,6,0.1898092077288965,1,0.08945253189518755,0,0.0724108060548063,3,0.03199689365704657,2,8.0,0.0
9,0,0,True,0,0.6349823232323232,3,0.3616843434343433,1,0.003333333333333333,2,0.0,4,0.0,1,12.0,3.0
9,6,2,False,2,0.5297905151562067,6,0.30320379311629886,0,0.0888483358398352,1,0.07815735588765917,3,0.0,2,8.0,2.0
9,6,1,False,1,0.375935533635293,6,0.27895052430873135,2,0.2521651273145026,0,0.049465422414993354,3,0.0434833923264796,2,9.0,4.0
9,2,1,False,1,0.3671323333163585,6,0.34788840534718624,2,0.2529769487093016,0,0.01710598576238266,3,0.014896326864770803,3,8.0,4.0
9,6,1,False,1,0.375935533635293,6,0.27895052430873135,2,0.2521651273145026,0,0.049465422414993354,3,0.0434833923264796,2,9.0,4.0
9,6,1,False,1,0.3918057823279675,2,0.28790429547817137,6,0.25834712784452657,3,0.03476825096426201,0,0.027174543385072462,3,8.0,1.0
9,4,3,False,3,0.6914680799095763,0,0.2000881007668092,4,0.10733270821250357,2,0.0011111111111111111,1,0.0,3,17.0,1.0
9,3,4,False,4,0.39891666666666675,0,0.3152380952380952,3,0.27584523809523803,1,0.01,2,0.0,3,16.0,0.0
9,3,3,True,3,0.37105734272607327,2,0.3218581608450029,0,0.1507584716195397,6,0.07849091856715693,1,0.07783510624222699,1,13.0,5.0
9,1,2,False,2,0.6045520873904824,6,0.1898092077288965,1,0.08945253189518755,0,0.0724108060548063,3,0.03199689365704657,3,8.0,0.0
9,1,1,True,1,0.3671323333163585,6,0.34788840534718624,2,0.2529769487093016,0,0.01710598576238266,3,0.014896326864770803,1,8.0,4.0
9,1,2,False,2,0.5297905151562067,6,0.30320379311629886,0,0.0888483358398352,1,0.07815735588765917,3,0.0,4,8.0,2.0
9,1,2,False,2,0.6685489365706758,3,0.21,0,0.05,6,0.03614927536231884,1,0.035301788067005464,5,6.0,1.0
9,1,6,False,6,0.3305666196500879,2,0.2834177901589132,1,0.18333648470052744,0,0.13745149434924633,3,0.06522761114122479,3,9.0,0.0
9,2,2,True,2,0.5297905151562067,6,0.30320379311629886,0,0.0888483358398352,1,0.07815735588765917,3,0.0,1,8.0,2.0
9,1,2,False,2,0.6045520873904824,6,0.1898092077288965,1,0.08945253189518755,0,0.0724108060548063,3,0.03199689365704657,3,8.0,0.0
9,1,1,True,1,0.3918057823279675,2,0.28790429547817137,6,0.25834712784452657,3,0.03476825096426201,0,0.027174543385072462,1,8.0,1.0
9,0,0,True,0,0.5130524781899127,3,0.37801369585903827,6,0.10893382595104902,1,0.0,2,0.0,1,11.0,5.0
9,2,1,False,1,0.22101547125590323,6,0.21662659855300348,2,0.17464936725230587,3,0.17437847062915243,0,0.13406863273699568,3,10.0,4.0
9,1,1,True,1,0.3624915214311866,6,0.21959077760157303,3,0.19391212919683773,2,0.11356489025922999,4,0.11044068151117212,1,10.0,1.0
9,0,0,True,0,0.7009252768803603,2,0.13072204504535612,6,0.06956264710010213,3,0.06802646356237055,5,0.030763567411810827,1,9.0,3.0
9,2,2,True,2,0.3540302432775343,3,0.34908295836430514,0,0.29688679835816045,1,0.0,4,0.0,1,9.0,6.0
9,0,2,False,2,0.3540302432775343,3,0.34908295836430514,0,0.29688679835816045,1,0.0,4,0.0,3,9.0,6.0
9,2,1,False,1,0.3671323333163585,6,0.34788840534718624,2,0.2529769487093016,0,0.01710598576238266,3,0.014896326864770803,3,8.0,4.0
9,2,3,False,3,0.3344519624368392,0,0.3153744856540386,1,0.15265532607040877,5,0.07265086818514936,2,0.0626648153685204,5,10.0,0.0
9,2,2,True,2,0.5554476834960372,6,0.17233727280529654,5,0.08384852914636873,3,0.07736594952268187,0,0.06717820896158071,1,8.0,6.0
9,2,1,False,1,0.3671323333163585,6,0.34788840534718624,2,0.2529769487093016,0,0.01710598576238266,3,0.014896326864770803,3,8.0,4.0
9,2,2,True,2,0.5297905151562067,6,0.30320379311629886,0,0.0888483358398352,1,0.07815735588765917,3,0.0,1,8.0,2.0
9,5,2,False,2,0.5938041125541127,3,0.3961958874458874,0,0.01,1,0.0,4,0.0,6,15.0,5.0
9,0,3,False,3,0.6639548229548226,0,0.19151800976800973,6,0.1445271672771673,1,0.0,2,0.0,2,8.0,5.0
9,0,0,True,0,0.6259462761181025,3,0.2178515982211802,2,0.15620212566071692,1,0.0,4,0.0,1,10.0,3.0
9,3,3,True,3,0.46566238255208814,0,0.32781010819246104,2,0.20652750925545038,1,0.0,4,0.0,1,14.0,5.0
9,3,3,True,3,0.7290952380952376,0,0.24340476190476185,4,0.0275,1,0.0,2,0.0,1,15.0,3.0
9,1,3,False,3,0.5546563714063713,0,0.33674634434193257,4,0.10157347472788648,1,0.005357142857142857,2,0.0016666666666666666,4,11.0,2.0
9,1,1,True,1,0.4057954297154579,2,0.27436378744090095,6,0.21928590517034516,0,0.056837954592785456,5,0.043716923080510214,1,9.0,1.0
9,2,2,True,2,0.6045520873904824,6,0.1898092077288965,1,0.08945253189518755,0,0.0724108060548063,3,0.03199689365704657,1,8.0,0.0
9,6,1,False,1,0.3918057823279675,2,0.28790429547817137,6,0.25834712784452657,3,0.03476825096426201,0,0.027174543385072462,3,8.0,1.0
9,6,3,False,3,0.6639548229548226,0,0.19151800976800973,6,0.1445271672771673,1,0.0,2,0.0,3,8.0,5.0
9,6,1,False,1,0.3918057823279675,2,0.28790429547817137,6,0.25834712784452657,3,0.03476825096426201,0,0.027174543385072462,3,8.0,1.0
9,3,3,True,3,0.7145714285714285,2,0.2487619047619048,0,0.03666666666666667,1,0.0,4,0.0,1,20.0,5.0
9,0,1,False,1,0.375935533635293,6,0.27895052430873135,2,0.2521651273145026,0,0.049465422414993354,3,0.0434833923264796,4,9.0,4.0
9,6,0,False,0,0.6681546819339271,2,0.3318453180660725,1,0.0,3,0.0,4,0.0,7,8.0,3.0
9,2,2,True,2,0.6045520873904824,6,0.1898092077288965,1,0.08945253189518755,0,0.0724108060548063,3,0.03199689365704657,1,8.0,0.0
9,6,6,True,6,0.3305666196500879,2,0.2834177901589132,1,0.18333648470052744,0,0.13745149434924633,3,0.06522761114122479,1,9.0,0.0
9,0,0,True,0,0.7120833333333333,3,0.19841666666666669,4,0.0795,1,0.01,2,0.0,1,15.0,0.0
9,3,3,True,3,0.8647065157065154,0,0.13529348429348428,1,0.0,2,0.0,4,0.0,1,12.0,6.0
9,4,2,False,2,0.5938041125541127,3,0.3961958874458874,0,0.01,1,0.0,4,0.0,5,15.0,5.0
9,3,0,False,0,0.6259462761181025,3,0.2178515982211802,2,0.15620212566071692,1,0.0,4,0.0,2,10.0,3.0
9,3,3,True,3,0.4163180695293698,5,0.26096226662054833,2,0.16653575646919294,0,0.15218390738088872,1,0.002,1,10.0,2.0
9,3,0,False,0,0.5130524781899127,3,0.37801369585903827,6,0.10893382595104902,1,0.0,2,0.0,2,11.0,5.0
9,3,0,False,0,0.47732142857142856,5,0.26380555555555546,3,0.25553968253968246,1,0.003333333333333333,2,0.0,3,11.0,3.0
9,3,3,True,3,0.8975515636754026,0,0.1024484363245973,1,0.0,2,0.0,4,0.0,1,19.0,1.0
10,0,3,False,3,0.6914830751893447,2,0.16433436678560512,0,0.13730755802505024,1,0.005,6,0.00125,3,10.0,6.0
10,4,3,False,3,0.5626437467760996,0,0.21956544680809373,4,0.12376069763569757,1,0.09403010878010873,2,0.0,3,11.0,2.0
10,5,3,False,3,0.3614835442335442,2,0.25807090132090127,1,0.241580031080031,0,0.13553219003219,5,0.003333333333333333,5,11.0,4.0
10,5,1,False,1,0.3381901719344412,2,0.24287274676051404,0,0.23056669201060914,6,0.09593270384640823,3,0.04670504050079928,6,9.0,2.0
10,2,2,True,2,0.5000240361987458,6,0.3256258656129692,1,0.09509500061163459,0,0.07925509757665018,3,0.0,1,8.0,2.0
10,2,1,False,1,0.389897654158902,2,0.2597910038280944,6,0.2386890897650254,0,0.060950228942532554,5,0.05067202330544547,2,9.0,1.0
10,2,1,False,1,0.3713875123229862,2,0.29509966077042354,6,0.2706789251772292,0,0.027991634089399208,3,0.025217184795253308,2,8.0,1.0
10,0,3,False,3,0.49203880974546615,5,0.33472129706378917,2,0.09019320746333123,0,0.08304668572741328,1,0.0,4,10.0,2.0
10,1,1,True,1,0.3713875123229862,2,0.29509966077042354,6,0.2706789251772292,0,0.027991634089399208,3,0.025217184795253308,1,8.0,1.0
10,6,2,False,2,0.6222727396442091,6,0.18838394020198304,1,0.11128554958830791,0,0.057058974179261174,3,0.010887127593946664,2,8.0,0.0
10,0,0,True,0,0.6564365079365079,2,0.3258183940242764,1,0.00980392156862745,3,0.004166666666666667,6,0.0037745098039215687,1,7.0,3.0
10,1,1,True,1,0.389897654158902,2,0.2597910038280944,6,0.2386890897650254,0,0.060950228942532554,5,0.05067202330544547,1,9.0,1.0
10,0,1,False,1,0.3381901719344412,2,0.24287274676051404,0,0.23056669201060914,6,0.09593270384640823,3,0.04670504050079928,3,9.0,2.0
10,6,1,False,1,0.3713875123229862,2,0.29509966077042354,6,0.2706789251772292,0,0.027991634089399208,3,0.025217184795253308,3,8.0,1.0
10,1,6,False,6,0.3371091240098349,1,0.3223870621438147,2,0.24719096853849787,0,0.05343264468481503,3,0.03988020062303731,2,9.0,4.0
10,6,1,False,1,0.3964849614673177,3,0.19191333841821112,2,0.172839265642301,4,0.12018318247687601,6,0.11857925199529376,5,10.0,1.0
10,6,1,False,1,0.3713875123229862,2,0.29509966077042354,6,0.2706789251772292,0,0.027991634089399208,3,0.025217184795253308,3,8.0,1.0
10,2,2,True,2,0.5000240361987458,6,0.3256258656129692,1,0.09509500061163459,0,0.07925509757665018,3,0.0,1,8.0,2.0
10,3,2,False,2,0.3098909101589391,6,0.2819482112353759,1,0.17196694558460204,0,0.14786059968774962,3,0.08666666666666668,5,7.0,2.0
10,3,3,True,3,0.5719325396825398,0,0.22693253968253962,1,0.20113492063492064,2,0.0,4,0.0,1,12.0,1.0
10,3,3,True,3,0.7816183261183258,0,0.21838167388167387,1,0.0,2,0.0,4,0.0,1,14.0,6.0
10,3,3,True,3,0.947357843137255,0,0.024171568627450978,6,0.019862745098039217,5,0.005176470588235294,4,0.003431372549019608,1,18.0,3.0
10,3,3,True,3,0.644809425052072,4,0.17992143640673042,2,0.09189390837920247,0,0.08337523016199487,1,0.0,1,17.0,2.0
10,3,3,True,3,0.3255857195779794,4,0.3146389479973071,2,0.17145641815185153,0,0.09914765622234657,1,0.08917125805051501,1,12.0,4.0
10,3,3,True,3,0.3614835442335442,2,0.25807090132090127,1,0.241580031080031,0,0.13553219003219,5,0.003333333333333333,1,11.0,4.0
10,3,3,True,3,0.47404421342456066,6,0.21254610518268804,5,0.14749294949191633,4,0.10366271161098858,0,0.05225402028984609,1,18.0,4.0
10,3,3,True,3,0.3255857195779794,4,0.3146389479973071,2,0.17145641815185153,0,0.09914765622234657,1,0.08917125805051501,1,12.0,4.0
10,3,3,True,3,1.0,0,0.0,1,0.0,2,0.0,4,0.0,1,6.0,0.0
10,3,3,True,3,0.8703613469863467,0,0.12713865301365299,1,0.0025,2,0.0,4,0.0,1,12.0,6.0
10,3,3,True,3,0.9545714285714285,0,0.034,2,0.010714285714285714,4,0.0007142857142857143,1,0.0,1,20.0,2.0
10,1,1,True,1,0.389897654158902,2,0.2597910038280944,6,0.2386890897650254,0,0.060950228942532554,5,0.05067202330544547,1,9.0,1.0
10,1,1,True,1,0.389897654158902,2,0.2597910038280944,6,0.2386890897650254,0,0.060950228942532554,5,0.05067202330544547,1,9.0,1.0
10,0,0,True,0,0.6572528733757221,2,0.17216563510116853,3,0.0721076287423604,6,0.06631058785392455,5,0.03216327492682415,1,9.0,3.0
10,2,2,True,2,0.5000240361987458,6,0.3256258656129692,1,0.09509500061163459,0,0.07925509757665018,3,0.0,1,8.0,2.0
10,1,1,True,1,0.3713875123229862,2,0.29509966077042354,6,0.2706789251772292,0,0.027991634089399208,3,0.025217184795253308,1,8.0,1.0
10,2,2,True,2,0.6222727396442091,6,0.18838394020198304,1,0.11128554958830791,0,0.057058974179261174,3,0.010887127593946664,1,8.0,0.0
10,3,3,True,3,0.7816183261183258,0,0.21838167388167387,1,0.0,2,0.0,4,0.0,1,14.0,6.0
10,0,0,True,0,0.642476077661985,2,0.3019275772905949,1,0.0287660220734794,6,0.026830322973940408,3,0.0,1,8.0,3.0
10,0,0,True,0,0.642476077661985,2,0.3019275772905949,1,0.0287660220734794,6,0.026830322973940408,3,0.0,1,8.0,3.0
10,2,1,False,1,0.389897654158902,2,0.2597910038280944,6,0.2386890897650254,0,0.060950228942532554,5,0.05067202330544547,2,9.0,1.0
10,3,3,True,3,0.8910714285714285,0,0.08771428571428572,1,0.005571428571428572,2,0.005428571428571429,5,0.0037142857142857142,1,14.0,0.0
10,2,3,False,3,0.40319064629900553,0,0.26682942878415006,2,0.1492598184838896,6,0.09337364999981097,1,0.08234645643314371,3,13.0,5.0
10,1,3,False,3,0.6363690476190476,0,0.32298809523809524,1,0.031642857142857146,4,0.0075,2,0.001,3,14.0,1.0
10,6,6,True,6,0.32673393851193355,2,0.32504357138340045,1,0.17314288117350113,0,0.12980262578546728,3,0.04527698314569732,1,9.0,0.0
10,6,1,False,1,0.49579623199900924,6,0.24627018705985837,3,0.18763841550422053,0,0.06029516543691153,2,0.01,2,7.0,4.0
10,6,2,False,2,0.6222727396442091,6,0.18838394020198304,1,0.11128554958830791,0,0.057058974179261174,3,0.010887127593946664,2,8.0,0.0
10,0,2,False,2,0.6222727396442091,6,0.18838394020198304,1,0.11128554958830791,0,0.057058974179261174,3,0.010887127593946664,4,8.0,0.0
10,6,3,False,3,0.47404421342456066,6,0.21254610518268804,5,0.14749294949191633,4,0.10366271161098858,0,0.05225402028984609,2,18.0,4.0
10,6,1,False,1,0.49579623199900924,6,0.24627018705985837,3,0.18763841550422053,0,0.06029516543691153,2,0.01,2,7.0,4.0
10,6,1,False,1,0.389897654158902,2,0.2597910038280944,6,0.2386890897650254,0,0.060950228942532554,5,0.05067202330544547,3,9.0,1.0
10,6,1,False,1,0.4719945974063655,6,0.3880496284163318,2,0.13995577417730237,0,0.0,3,0.0,2,7.0,1.0
10,3,2,False,2,0.6272270113042838,6,0.1443583858964227,0,0.08764564983608664,5,0.05121479611483687,3,0.04598466672930068,5,8.0,6.0
10,3,3,True,3,0.9545714285714285,0,0.034,2,0.010714285714285714,4,0.0007142857142857143,1,0.0,1,20.0,2.0
10,3,3,True,3,0.8907029304029304,1,0.05067509157509158,0,0.04216190476190476,6,0.01646007326007326,2,0.0,1,6.0,4.0
10,3,3,True,3,0.973111111111111,6,0.01,2,0.008333333333333333,0,0.005222222222222222,4,0.003333333333333333,1,18.0,1.0
10,3,3,True,3,0.973111111111111,6,0.01,2,0.008333333333333333,0,0.005222222222222222,4,0.003333333333333333,1,18.0,1.0
10,3,0,False,0,0.6161468227335102,3,0.30677433948060867,6,0.06874550445254778,1,0.003333333333333333,2,0.003333333333333333,2,12.0,5.0
10,4,3,False,3,0.9419999999999998,2,0.031285714285714285,0,0.011857142857142858,6,0.006773809523809524,1,0.005416666666666666,7,7.0,6.0
10,3,3,True,3,0.6920768398268398,0,0.15905952380952385,6,0.065,2,0.059393939393939395,5,0.01924242424242424,1,15.0,4.0
10,3,1,False,1,0.49579623199900924,6,0.24627018705985837,3,0.18763841550422053,0,0.06029516543691153,2,0.01,3,7.0,4.0
10,2,1,False,1,0.3381901719344412,2,0.24287274676051404,0,0.23056669201060914,6,0.09593270384640823,3,0.04670504050079928,2,9.0,2.0
10,2,2,True,2,0.5000240361987458,6,0.3256258656129692,1,0.09509500061163459,0,0.07925509757665018,3,0.0,1,8.0,2.0
10,3,2,False,2,0.6222727396442091,6,0.18838394020198304,1,0.11128554958830791,0,0.057058974179261174,3,0.010887127593946664,5,8.0,0.0
10,0,3,False,3,0.6914830751893447,2,0.16433436678560512,0,0.13730755802505024,1,0.005,6,0.00125,3,10.0,6.0
10,2,1,False,1,0.3381901719344412,2,0.24287274676051404,0,0.23056669201060914,6,0.09593270384640823,3,0.04670504050079928,2,9.0,2.0
10,2,1,False,1,0.389897654158902,2,0.2597910038280944,6,0.2386890897650254,0,0.060950228942532554,5,0.05067202330544547,2,9.0,1.0
10,0,2,False,2,0.5000240361987458,6,0.3256258656129692,1,0.09509500061163459,0,0.07925509757665018,3,0.0,4,8.0,2.0
10,0,0,True,0,0.527181013272385,3,0.34319054250715303,6,0.11962844422046195,1,0.0075,2,0.0025,1,11.0,5.0
10,2,2,True,2,0.5000240361987458,6,0.3256258656129692,1,0.09509500061163459,0,0.07925509757665018,3,0.0,1,8.0,2.0
10,2,2,True,2,0.6272270113042838,6,0.1443583858964227,0,0.08764564983608664,5,0.05121479611483687,3,0.04598466672930068,1,8.0,6.0
10,2,3,False,3,0.3593318903318902,2,0.3197207792207791,4,0.16446645021645023,5,0.15248088023088022,0,0.004,2,15.0,5.0
10,2,3,False,3,0.40319064629900553,0,0.26682942878415006,2,0.1492598184838896,6,0.09337364999981097,1,0.08234645643314371,3,13.0,5.0
10,2,2,True,2,0.5000240361987458,6,0.3256258656129692,1,0.09509500061163459,0,0.07925509757665018,3,0.0,1,8.0,2.0
10,2,2,True,2,0.6222727396442091,6,0.18838394020198304,1,0.11128554958830791,0,0.057058974179261174,3,0.010887127593946664,1,8.0,0.0
10,3,3,True,3,0.40319064629900553,0,0.26682942878415006,2,0.1492598184838896,6,0.09337364999981097,1,0.08234645643314371,1,13.0,5.0
10,2,3,False,3,0.49203880974546615,5,0.33472129706378917,2,0.09019320746333123,0,0.08304668572741328,1,0.0,3,10.0,2.0
10,2,1,False,1,0.3381901719344412,2,0.24287274676051404,0,0.23056669201060914,6,0.09593270384640823,3,0.04670504050079928,2,9.0,2.0
10,3,0,False,0,0.527181013272385,3,0.34319054250715303,6,0.11962844422046195,1,0.0075,2,0.0025,2,11.0,5.0
10,0,1,False,1,0.24540302856133775,6,0.22459327871099075,2,0.20406249551680047,3,0.16887683215765634,5,0.08129040479715066,6,10.0,4.0
10,2,2,True,2,0.6272270113042838,6,0.1443583858964227,0,0.08764564983608664,5,0.05121479611483687,3,0.04598466672930068,1,8.0,6.0
10,1,1,True,1,0.3855962181868338,6,0.31107684751544556,2,0.27346322186199934,3,0.029863712435721314,0,0.0,1,8.0,4.0
10,2,1,False,1,0.3855962181868338,6,0.31107684751544556,2,0.27346322186199934,3,0.029863712435721314,0,0.0,3,8.0,4.0
10,2,2,True,2,0.5000240361987458,6,0.3256258656129692,1,0.09509500061163459,0,0.07925509757665018,3,0.0,1,8.0,2.0
10,1,3,False,3,0.3255857195779794,4,0.3146389479973071,2,0.17145641815185153,0,0.09914765622234657,1,0.08917125805051501,5,12.0,4.0
10,6,2,False,2,0.5000240361987458,6,0.3256258656129692,1,0.09509500061163459,0,0.07925509757665018,3,0.0,2,8.0,2.0
10,1,1,True,1,0.3713875123229862,2,0.29509966077042354,6,0.2706789251772292,0,0.027991634089399208,3,0.025217184795253308,1,8.0,1.0
10,2,6,False,6,0.3821190476190475,3,0.3062619047619047,2,0.2941190476190476,4,0.0125,0,0.004166666666666667,3,14.0,4.0
10,0,0,True,0,0.642476077661985,2,0.3019275772905949,1,0.0287660220734794,6,0.026830322973940408,3,0.0,1,8.0,3.0
10,3,0,False,0,0.6228571428571429,3,0.37380952380952387,4,0.003333333333333333,1,0.0,2,0.0,2,14.0,2.0
10,3,1,False,1,0.3713875123229862,2,0.29509966077042354,6,0.2706789251772292,0,0.027991634089399208,3,0.025217184795253308,5,8.0,1.0
10,3,3,True,3,0.9651298701298701,0,0.03305194805194805,1,0.0018181818181818182,2,0.0,4,0.0,1,13.0,0.0
10,3,0,False,0,0.3696547619047618,3,0.34364285714285714,4,0.28670238095238093,1,0.0,2,0.0,2,16.0,0.0
10,0,3,False,3,0.5866093073593074,0,0.41062878787878776,4,0.0027619047619047623,1,0.0,2,0.0,2,17.0,0.0
10,1,1,True,1,0.3855962181868338,6,0.31107684751544556,2,0.27346322186199934,3,0.029863712435721314,0,0.0,1,8.0,4.0
10,1,6,False,6,0.32673393851193355,2,0.32504357138340045,1,0.17314288117350113,0,0.12980262578546728,3,0.04527698314569732,3,9.0,0.0
10,1,1,True,1,0.389897654158902,2,0.2597910038280944,6,0.2386890897650254,0,0.060950228942532554,5,0.05067202330544547,1,9.0,1.0
10,0,0,True,0,0.5180849081550655,3,0.32823286243826016,2,0.14368222940667413,6,0.01,1,0.0,1,10.0,3.0
10,3,3,True,3,0.4756739431519681,0,0.3234633834503735,6,0.1967885993235843,1,0.0018518518518518517,2,0.0014814814814814814,1,10.0,5.0
10,2,1,False,1,0.3855962181868338,6,0.31107684751544556,2,0.27346322186199934,3,0.029863712435721314,0,0.0,3,8.0,4.0
10,0,3,False,3,0.6914830751893447,2,0.16433436678560512,0,0.13730755802505024,1,0.005,6,0.00125,3,10.0,6.0
10,1,1,True,1,0.389897654158902,2,0.2597910038280944,6,0.2386890897650254,0,0.060950228942532554,5,0.05067202330544547,1,9.0,1.0
10,1,1,True,1,0.3713875123229862,2,0.29509966077042354,6,0.2706789251772292,0,0.027991634089399208,3,0.025217184795253308,1,8.0,1.0
10,0,0,True,0,0.6572528733757221,2,0.17216563510116853,3,0.0721076287423604,6,0.06631058785392455,5,0.03216327492682415,1,9.0,3.0
10,2,2,True,2,0.5000240361987458,6,0.3256258656129692,1,0.09509500061163459,0,0.07925509757665018,3,0.0,1,8.0,2.0
10,2,1,False,1,0.3381901719344412,2,0.24287274676051404,0,0.23056669201060914,6,0.09593270384640823,3,0.04670504050079928,2,9.0,2.0
10,2,2,True,2,0.6222727396442091,6,0.18838394020198304,1,0.11128554958830791,0,0.057058974179261174,3,0.010887127593946664,1,8.0,0.0
10,0,2,False,2,0.5640795870795872,3,0.29947768897768884,0,0.13644272394272394,1,0.0,4,0.0,3,16.0,5.0
10,3,3,True,3,0.37375165847224656,0,0.2495435210214621,1,0.1846543285146226,2,0.18205049199166845,6,0.01,1,14.0,5.0
10,4,0,False,0,0.6023014175367116,4,0.3547279942279943,3,0.03787254901960784,2,0.005098039215686274,1,0.0,2,14.0,3.0
10,5,2,False,2,0.6272270113042838,6,0.1443583858964227,0,0.08764564983608664,5,0.05121479611483687,3,0.04598466672930068,4,8.0,6.0
10,6,3,False,3,0.4869309718059717,0,0.2610035242535241,4,0.25206550394050387,1,0.0,2,0.0,7,13.0,4.0
10,0,2,False,2,0.3882703351374102,3,0.3395261862003178,0,0.26538529684409,1,0.003484848484848485,6,0.002727272727272727,3,9.0,6.0
10,0,3,False,3,0.5626437467760996,0,0.21956544680809373,4,0.12376069763569757,1,0.09403010878010873,2,0.0,2,11.0,2.0
10,2,1,False,1,0.3855962181868338,6,0.31107684751544556,2,0.27346322186199934,3,0.029863712435721314,0,0.0,3,8.0,4.0
10,2,2,True,2,0.6222727396442091,6,0.18838394020198304,1,0.11128554958830791,0,0.057058974179261174,3,0.010887127593946664,1,8.0,0.0
10,6,1,False,1,0.3713875123229862,2,0.29509966077042354,6,0.2706789251772292,0,0.027991634089399208,3,0.025217184795253308,3,8.0,1.0
10,0,1,False,1,0.3855962181868338,6,0.31107684751544556,2,0.27346322186199934,3,0.029863712435721314,0,0.0,5,8.0,4.0
10,2,2,True,2,0.6222727396442091,6,0.18838394020198304,1,0.11128554958830791,0,0.057058974179261174,3,0.010887127593946664,1,8.0,0.0
10,1,6,False,6,0.3371091240098349,1,0.3223870621438147,2,0.24719096853849787,0,0.05343264468481503,3,0.03988020062303731,2,9.0,4.0
10,1,1,True,1,0.3855962181868338,6,0.31107684751544556,2,0.27346322186199934,3,0.029863712435721314,0,0.0,1,8.0,4.0
10,1,1,True,1,0.3713875123229862,2,0.29509966077042354,6,0.2706789251772292,0,0.027991634089399208,3,0.025217184795253308,1,8.0,1.0
10,0,0,True,0,0.5180849081550655,3,0.32823286243826016,2,0.14368222940667413,6,0.01,1,0.0,1,10.0,3.0
10,6,1,False,1,0.3713875123229862,2,0.29509966077042354,6,0.2706789251772292,0,0.027991634089399208,3,0.025217184795253308,3,8.0,1.0
10,6,2,False,2,0.6272270113042838,6,0.1443583858964227,0,0.08764564983608664,5,0.05121479611483687,3,0.04598466672930068,2,8.0,6.0
10,1,1,True,1,0.389897654158902,2,0.2597910038280944,6,0.2386890897650254,0,0.060950228942532554,5,0.05067202330544547,1,9.0,1.0
10,1,1,True,1,0.3713875123229862,2,0.29509966077042354,6,0.2706789251772292,0,0.027991634089399208,3,0.025217184795253308,1,8.0,1.0
10,6,6,True,6,0.45768408199987126,4,0.3532797378060535,3,0.17451132639290529,2,0.01,0,0.003998538011695907,1,17.0,4.0
10,6,2,False,2,0.5000240361987458,6,0.3256258656129692,1,0.09509500061163459,0,0.07925509757665018,3,0.0,2,8.0,2.0
10,6,1,False,1,0.3964849614673177,3,0.19191333841821112,2,0.172839265642301,4,0.12018318247687601,6,0.11857925199529376,5,10.0,1.0
10,6,1,False,1,0.3855962181868338,6,0.31107684751544556,2,0.27346322186199934,3,0.029863712435721314,0,0.0,2,8.0,4.0
10,3,3,True,3,0.37375165847224656,0,0.2495435210214621,1,0.1846543285146226,2,0.18205049199166845,6,0.01,1,14.0,5.0
10,4,4,True,4,0.4628658008658009,3,0.2727034632034633,2,0.25243073593073584,0,0.012,1,0.0,1,15.0,1.0
10,3,3,True,3,0.6914830751893447,2,0.16433436678560512,0,0.13730755802505024,1,0.005,6,0.00125,1,10.0,6.0
10,3,0,False,0,0.3843847815224515,3,0.20095343269673577,1,0.1386693927940562,2,0.1290864084278742,6,0.07659775297652198,2,10.0,0.0
