fold,true_cluster,predicted_cluster,correct,top1_cluster,top1_confidence,top2_cluster,top2_confidence,top3_cluster,top3_confidence,top4_cluster,top4_confidence,top5_cluster,top5_confidence,true_rank,hour,day_of_week
1,0,1,False,1,0.5831280969699465,2,0.2885687521759823,0,0.08416193400648114,8,0.011893186861014156,6,0.01075183700724255,3,,
1,4,6,False,6,0.25280119592397055,8,0.2511952970889682,1,0.22217130326562928,4,0.12992031959359546,0,0.07179402517481177,4,8.0,3.0
1,5,5,True,5,0.7066205969999553,2,0.2176576896877071,1,0.07572171331233787,0,0.0,3,0.0,1,8.0,6.0
1,4,6,False,6,0.28011740029836,1,0.2526777758503292,2,0.23373598412176955,7,0.12134637900014461,4,0.11212246072939631,5,10.0,5.0
1,4,2,False,2,0.29507435882854804,1,0.28146466727524594,6,0.2289956033085771,7,0.09728012739285599,4,0.09718524319477288,5,9.0,5.0
1,2,1,False,1,0.6042567698268322,4,0.12048579343084201,2,0.09478332048504115,8,0.06297140056609624,6,0.06081195272765752,3,9.0,2.0
1,1,1,True,1,0.6928395942722569,2,0.21650400923465926,5,0.0901802060168933,0,0.0004761904761904762,3,0.0,1,11.0,1.0
1,0,1,False,1,0.7982754584596686,2,0.10130720887299834,0,0.10041733266733262,3,0.0,4,0.0,3,12.0,0.0
1,4,1,False,1,0.3273789113976261,6,0.2231273673348737,5,0.14635161423471807,4,0.10126529748867165,2,0.08723075485405385,4,10.0,4.0
1,4,2,False,2,0.45389682539682547,1,0.19294841269841265,0,0.18186507936507934,4,0.1712896825396825,3,0.0,4,11.0,6.0
1,5,1,False,1,0.38524518821947856,3,0.20991590179317052,7,0.16456971535428525,8,0.11011481922077479,0,0.06575734044610779,6,8.0,1.0
1,5,1,False,1,0.4511126030623348,5,0.2677661272988707,7,0.12422231624596783,6,0.06182493793762402,2,0.05426208262392114,2,8.0,0.0
1,3,1,False,1,0.47302493785258065,3,0.1624079980652232,7,0.14091026942806262,6,0.06838929836264018,8,0.0673456288649667,2,9.0,1.0
1,3,1,False,1,0.47302493785258065,3,0.1624079980652232,7,0.14091026942806262,6,0.06838929836264018,8,0.0673456288649667,2,9.0,1.0
1,5,1,False,1,0.4511126030623348,5,0.2677661272988707,7,0.12422231624596783,6,0.06182493793762402,2,0.05426208262392114,2,8.0,0.0
1,7,2,False,2,0.29507435882854804,1,0.28146466727524594,6,0.2289956033085771,7,0.09728012739285599,4,0.09718524319477288,4,9.0,5.0
1,7,1,False,1,0.38524518821947856,3,0.20991590179317052,7,0.16456971535428525,8,0.11011481922077479,0,0.06575734044610779,3,8.0,1.0
1,7,1,False,1,0.5426140683387793,7,0.11880602623060721,6,0.09334970135252169,3,0.08852552586373845,0,0.05318383540057916,2,8.0,4.0
1,4,6,False,6,0.25280119592397055,8,0.2511952970889682,1,0.22217130326562928,4,0.12992031959359546,0,0.07179402517481177,4,8.0,3.0
1,1,1,True,1,0.38524518821947856,3,0.20991590179317052,7,0.16456971535428525,8,0.11011481922077479,0,0.06575734044610779,1,8.0,1.0
1,1,5,False,5,0.7066205969999553,2,0.2176576896877071,1,0.07572171331233787,0,0.0,3,0.0,3,8.0,6.0
1,1,1,True,1,0.47302493785258065,3,0.1624079980652232,7,0.14091026942806262,6,0.06838929836264018,8,0.0673456288649667,1,9.0,1.0
1,1,1,True,1,0.38587524110782057,3,0.1555868465506709,6,0.10979712343935978,4,0.09004726780596874,2,0.08225631544866017,1,9.0,4.0
1,1,1,True,1,0.3062194541865183,3,0.20887346469455947,7,0.16584094878570796,2,0.15696999586959257,8,0.09782341248240342,1,7.0,1.0
1,2,5,False,5,0.7066205969999553,2,0.2176576896877071,1,0.07572171331233787,0,0.0,3,0.0,2,8.0,6.0
1,1,1,True,1,0.6619419469205569,2,0.3370906871120771,0,0.0009673659673659674,3,0.0,4,0.0,1,7.0,2.0
1,0,1,False,1,0.561784990177011,6,0.15988798502297136,8,0.11311435875988131,0,0.10231687014261696,9,0.06289579589751934,4,16.0,4.0
1,5,1,False,1,0.365158605646934,5,0.30794460138021784,7,0.18057994667977426,2,0.048141784148400237,6,0.03384648443174393,2,8.0,2.0
1,3,1,False,1,0.3062194541865183,3,0.20887346469455947,7,0.16584094878570796,2,0.15696999586959257,8,0.09782341248240342,2,7.0,1.0
1,5,1,False,1,0.365158605646934,5,0.30794460138021784,7,0.18057994667977426,2,0.048141784148400237,6,0.03384648443174393,2,8.0,2.0
1,3,1,False,1,0.3062194541865183,3,0.20887346469455947,7,0.16584094878570796,2,0.15696999586959257,8,0.09782341248240342,2,7.0,1.0
1,5,4,False,4,0.37958960483960474,1,0.26191397491397483,7,0.12489546564546566,6,0.11692493617493616,2,0.11567601842601842,8,10.0,3.0
1,5,1,False,1,0.38524518821947856,3,0.20991590179317052,7,0.16456971535428525,8,0.11011481922077479,0,0.06575734044610779,6,8.0,1.0
1,5,5,True,5,0.7066205969999553,2,0.2176576896877071,1,0.07572171331233787,0,0.0,3,0.0,1,8.0,6.0
1,5,1,False,1,0.365158605646934,5,0.30794460138021784,7,0.18057994667977426,2,0.048141784148400237,6,0.03384648443174393,2,8.0,2.0
1,1,1,True,1,0.6928395942722569,2,0.21650400923465926,5,0.0901802060168933,0,0.0004761904761904762,3,0.0,1,11.0,1.0
1,1,1,True,1,0.2838196212777515,2,0.1659431982758271,6,0.15990823553026728,5,0.12620452859273354,3,0.10809513258798154,1,11.0,4.0
1,5,1,False,1,0.38524518821947856,3,0.20991590179317052,7,0.16456971535428525,8,0.11011481922077479,0,0.06575734044610779,6,8.0,1.0
1,7,1,False,1,0.38587524110782057,3,0.1555868465506709,6,0.10979712343935978,4,0.09004726780596874,2,0.08225631544866017,8,9.0,4.0
1,2,4,False,4,0.35766633209272336,1,0.20014573670918537,8,0.13165350212677576,2,0.09099998662467192,7,0.08400732200594828,4,9.0,3.0
1,3,1,False,1,0.3273789113976261,6,0.2231273673348737,5,0.14635161423471807,4,0.10126529748867165,2,0.08723075485405385,6,10.0,4.0
1,7,1,False,1,0.365158605646934,5,0.30794460138021784,7,0.18057994667977426,2,0.048141784148400237,6,0.03384648443174393,3,8.0,2.0
1,3,1,False,1,0.3062194541865183,3,0.20887346469455947,7,0.16584094878570796,2,0.15696999586959257,8,0.09782341248240342,2,7.0,1.0
1,7,1,False,1,0.6067916255544628,3,0.1145366492150246,2,0.09259648142366457,7,0.0884280786700455,8,0.058586770674504775,4,7.0,4.0
1,7,5,False,5,0.7066205969999553,2,0.2176576896877071,1,0.07572171331233787,0,0.0,3,0.0,8,8.0,6.0
1,3,1,False,1,0.5426140683387793,7,0.11880602623060721,6,0.09334970135252169,3,0.08852552586373845,0,0.05318383540057916,4,8.0,4.0
1,4,1,False,1,0.5032826390454064,6,0.1823002939208029,2,0.14123442749413428,8,0.07636970374700167,4,0.06399698814457372,5,9.0,0.0
1,7,1,False,1,0.9527619047619048,9,0.03229761904761905,7,0.010178571428571427,6,0.0047619047619047615,3,0.0,3,19.0,4.0
1,3,1,False,1,0.6067916255544628,3,0.1145366492150246,2,0.09259648142366457,7,0.0884280786700455,8,0.058586770674504775,2,7.0,4.0
1,7,1,False,1,0.5426140683387793,7,0.11880602623060721,6,0.09334970135252169,3,0.08852552586373845,0,0.05318383540057916,2,8.0,4.0
1,7,1,False,1,0.6042567698268322,4,0.12048579343084201,2,0.09478332048504115,8,0.06297140056609624,6,0.06081195272765752,9,9.0,2.0
1,6,1,False,1,0.6799572970258729,0,0.06788236151246987,9,0.06787011917391174,3,0.06585695759349008,2,0.06243888809275803,6,12.0,4.0
1,8,1,False,1,0.38524518821947856,3,0.20991590179317052,7,0.16456971535428525,8,0.11011481922077479,0,0.06575734044610779,4,8.0,1.0
1,1,2,False,2,0.39299458874458887,6,0.2113975468975468,5,0.19839105339105337,1,0.19267135642135638,0,0.002727272727272727,4,9.0,6.0
1,1,1,True,1,0.38587524110782057,3,0.1555868465506709,6,0.10979712343935978,4,0.09004726780596874,2,0.08225631544866017,1,9.0,4.0
1,6,1,False,1,0.4511126030623348,5,0.2677661272988707,7,0.12422231624596783,6,0.06182493793762402,2,0.05426208262392114,4,8.0,0.0
1,1,1,True,1,0.6619419469205569,2,0.3370906871120771,0,0.0009673659673659674,3,0.0,4,0.0,1,7.0,2.0
1,1,1,True,1,0.4511126030623348,5,0.2677661272988707,7,0.12422231624596783,6,0.06182493793762402,2,0.05426208262392114,1,8.0,0.0
1,1,1,True,1,0.4511126030623348,5,0.2677661272988707,7,0.12422231624596783,6,0.06182493793762402,2,0.05426208262392114,1,8.0,0.0
1,1,1,True,1,0.8366825068376378,0,0.06288754224816573,8,0.06261811849091646,6,0.030960564469355446,2,0.0068512679539247555,1,15.0,3.0
1,1,1,True,1,1.0,0,0.0,2,0.0,3,0.0,4,0.0,1,19.0,1.0
1,1,1,True,1,0.756844505245772,0,0.11307870280847272,6,0.09004959039604317,9,0.019488770020473042,2,0.011509150928424305,1,15.0,4.0
1,1,1,True,1,0.756844505245772,0,0.11307870280847272,6,0.09004959039604317,9,0.019488770020473042,2,0.011509150928424305,1,15.0,4.0
1,1,1,True,1,1.0,0,0.0,2,0.0,3,0.0,4,0.0,1,12.0,3.0
1,1,1,True,1,0.7252816192291727,2,0.2739242631237684,0,0.0007941176470588235,3,0.0,4,0.0,1,12.0,2.0
1,1,1,True,1,0.7630148098716342,2,0.2362955349559518,0,0.000689655172413793,3,0.0,4,0.0,1,11.0,3.0
1,1,1,True,1,0.8522728310679666,8,0.07216589193558277,0,0.03900039483848311,6,0.02318071513967877,2,0.013380167018288652,1,15.0,2.0
1,1,1,True,1,0.7937321775572479,8,0.09697032018745354,6,0.03845579365514272,0,0.0352708486853708,5,0.023530959487442736,1,15.0,1.0
1,1,1,True,1,0.3273789113976261,6,0.2231273673348737,5,0.14635161423471807,4,0.10126529748867165,2,0.08723075485405385,1,10.0,4.0
1,1,1,True,1,0.8850732863160136,0,0.045383394348146054,2,0.044386579382889396,6,0.016925544329846665,8,0.008231195623104308,1,15.0,0.0
1,8,1,False,1,0.7708463203463205,8,0.21739377289377285,0,0.010652680652680652,2,0.0007080419580419581,6,0.0003991841491841492,2,14.0,0.0
1,1,1,True,1,0.6866598589698699,8,0.16003670606331258,6,0.115817114121929,0,0.030242342640337202,5,0.007243978204551254,1,16.0,1.0
1,1,1,True,1,0.7937321775572479,8,0.09697032018745354,6,0.03845579365514272,0,0.0352708486853708,5,0.023530959487442736,1,15.0,1.0
1,1,1,True,1,0.7937321775572479,8,0.09697032018745354,6,0.03845579365514272,0,0.0352708486853708,5,0.023530959487442736,1,15.0,1.0
1,1,1,True,1,0.6067916255544628,3,0.1145366492150246,2,0.09259648142366457,7,0.0884280786700455,8,0.058586770674504775,1,7.0,4.0
1,1,2,False,2,0.3710767820364763,1,0.3278670296598066,8,0.2001407624861126,6,0.0506285902572346,4,0.04977401504754896,2,7.0,3.0
1,6,4,False,4,0.35766633209272336,1,0.20014573670918537,8,0.13165350212677576,2,0.09099998662467192,7,0.08400732200594828,7,9.0,3.0
1,1,6,False,6,0.25280119592397055,8,0.2511952970889682,1,0.22217130326562928,4,0.12992031959359546,0,0.07179402517481177,3,8.0,3.0
1,2,2,True,2,0.6333578205849877,1,0.290653943880337,7,0.074877124423564,0,0.0011111111111111111,3,0.0,1,6.0,4.0
1,1,1,True,1,0.38587524110782057,3,0.1555868465506709,6,0.10979712343935978,4,0.09004726780596874,2,0.08225631544866017,1,9.0,4.0
1,1,1,True,1,0.38587524110782057,3,0.1555868465506709,6,0.10979712343935978,4,0.09004726780596874,2,0.08225631544866017,1,9.0,4.0
1,1,1,True,1,0.5426140683387793,7,0.11880602623060721,6,0.09334970135252169,3,0.08852552586373845,0,0.05318383540057916,1,8.0,4.0
1,1,1,True,1,0.701936591186591,6,0.2980634088134087,2,0.0,0,0.0,3,0.0,1,17.0,2.0
1,9,1,False,1,0.9527619047619048,9,0.03229761904761905,7,0.010178571428571427,6,0.0047619047619047615,3,0.0,2,19.0,4.0
1,1,1,True,1,0.8522728310679666,8,0.07216589193558277,0,0.03900039483848311,6,0.02318071513967877,2,0.013380167018288652,1,15.0,2.0
1,1,1,True,1,1.0,0,0.0,2,0.0,3,0.0,4,0.0,1,19.0,2.0
1,1,1,True,1,0.7937321775572479,8,0.09697032018745354,6,0.03845579365514272,0,0.0352708486853708,5,0.023530959487442736,1,15.0,1.0
1,1,1,True,1,0.8850732863160136,0,0.045383394348146054,2,0.044386579382889396,6,0.016925544329846665,8,0.008231195623104308,1,15.0,0.0
1,1,1,True,1,0.6042567698268322,4,0.12048579343084201,2,0.09478332048504115,8,0.06297140056609624,6,0.06081195272765752,1,9.0,2.0
1,2,1,False,1,0.6866598589698699,8,0.16003670606331258,6,0.115817114121929,0,0.030242342640337202,5,0.007243978204551254,8,16.0,1.0
1,2,4,False,4,0.3021226345578769,2,0.28004163730438664,6,0.20057110925139807,7,0.15931275867273822,1,0.057951860213599826,2,11.0,5.0
1,1,1,True,1,0.7973945490198314,8,0.14611059318598044,6,0.030061781613324824,0,0.014305180636726455,2,0.012127895544136551,1,16.0,2.0
1,1,1,True,1,0.8366825068376378,0,0.06288754224816573,8,0.06261811849091646,6,0.030960564469355446,2,0.0068512679539247555,1,15.0,3.0
1,1,1,True,1,0.8522728310679666,8,0.07216589193558277,0,0.03900039483848311,6,0.02318071513967877,2,0.013380167018288652,1,15.0,2.0
1,2,1,False,1,0.6042567698268322,4,0.12048579343084201,2,0.09478332048504115,8,0.06297140056609624,6,0.06081195272765752,3,9.0,2.0
1,1,1,True,1,0.7937321775572479,8,0.09697032018745354,6,0.03845579365514272,0,0.0352708486853708,5,0.023530959487442736,1,15.0,1.0
1,1,1,True,1,0.756844505245772,0,0.11307870280847272,6,0.09004959039604317,9,0.019488770020473042,2,0.011509150928424305,1,15.0,4.0
1,1,1,True,1,0.8850732863160136,0,0.045383394348146054,2,0.044386579382889396,6,0.016925544329846665,8,0.008231195623104308,1,15.0,0.0
1,1,1,True,1,0.8850732863160136,0,0.045383394348146054,2,0.044386579382889396,6,0.016925544329846665,8,0.008231195623104308,1,15.0,0.0
1,1,1,True,1,0.8366825068376378,0,0.06288754224816573,8,0.06261811849091646,6,0.030960564469355446,2,0.0068512679539247555,1,15.0,3.0
1,1,1,True,1,0.8522728310679666,8,0.07216589193558277,0,0.03900039483848311,6,0.02318071513967877,2,0.013380167018288652,1,15.0,2.0
1,2,2,True,2,0.42392252596751867,1,0.36057680048430873,4,0.09051826214237804,7,0.04377447866151951,5,0.04167352413651243,1,12.0,5.0
1,1,1,True,1,0.8366825068376378,0,0.06288754224816573,8,0.06261811849091646,6,0.030960564469355446,2,0.0068512679539247555,1,15.0,3.0
1,1,1,True,1,0.7937321775572479,8,0.09697032018745354,6,0.03845579365514272,0,0.0352708486853708,5,0.023530959487442736,1,15.0,1.0
1,1,1,True,1,0.7937321775572479,8,0.09697032018745354,6,0.03845579365514272,0,0.0352708486853708,5,0.023530959487442736,1,15.0,1.0
1,1,1,True,1,0.756844505245772,0,0.11307870280847272,6,0.09004959039604317,9,0.019488770020473042,2,0.011509150928424305,1,15.0,4.0
1,6,1,False,1,0.756844505245772,0,0.11307870280847272,6,0.09004959039604317,9,0.019488770020473042,2,0.011509150928424305,3,15.0,4.0
1,1,1,True,1,0.8366825068376378,0,0.06288754224816573,8,0.06261811849091646,6,0.030960564469355446,2,0.0068512679539247555,1,15.0,3.0
1,1,1,True,1,0.8850732863160136,0,0.045383394348146054,2,0.044386579382889396,6,0.016925544329846665,8,0.008231195623104308,1,15.0,0.0
1,6,1,False,1,0.44749219210442115,5,0.220564348620076,2,0.20831972456508044,6,0.1214783713019007,0,0.002145363408521303,4,14.0,5.0
1,1,1,True,1,0.8366825068376378,0,0.06288754224816573,8,0.06261811849091646,6,0.030960564469355446,2,0.0068512679539247555,1,15.0,3.0
1,1,1,True,1,0.8522728310679666,8,0.07216589193558277,0,0.03900039483848311,6,0.02318071513967877,2,0.013380167018288652,1,15.0,2.0
1,1,1,True,1,0.7937321775572479,8,0.09697032018745354,6,0.03845579365514272,0,0.0352708486853708,5,0.023530959487442736,1,15.0,1.0
1,1,1,True,1,0.8366825068376378,0,0.06288754224816573,8,0.06261811849091646,6,0.030960564469355446,2,0.0068512679539247555,1,15.0,3.0
1,1,1,True,1,0.365158605646934,5,0.30794460138021784,7,0.18057994667977426,2,0.048141784148400237,6,0.03384648443174393,1,8.0,2.0
1,1,6,False,6,0.25280119592397055,8,0.2511952970889682,1,0.22217130326562928,4,0.12992031959359546,0,0.07179402517481177,3,8.0,3.0
1,1,0,False,0,0.58,1,0.3379207265902313,2,0.08207927340976878,3,0.0,4,0.0,2,5.0,0.0
1,1,4,False,4,0.35766633209272336,1,0.20014573670918537,8,0.13165350212677576,2,0.09099998662467192,7,0.08400732200594828,2,9.0,3.0
1,1,4,False,4,0.35766633209272336,1,0.20014573670918537,8,0.13165350212677576,2,0.09099998662467192,7,0.08400732200594828,2,9.0,3.0
1,1,1,True,1,0.5426140683387793,7,0.11880602623060721,6,0.09334970135252169,3,0.08852552586373845,0,0.05318383540057916,1,8.0,4.0
1,0,2,False,2,0.29507435882854804,1,0.28146466727524594,6,0.2289956033085771,7,0.09728012739285599,4,0.09718524319477288,6,9.0,5.0
1,1,1,True,1,0.6866598589698699,8,0.16003670606331258,6,0.115817114121929,0,0.030242342640337202,5,0.007243978204551254,1,16.0,1.0
1,1,1,True,1,0.8850732863160136,0,0.045383394348146054,2,0.044386579382889396,6,0.016925544329846665,8,0.008231195623104308,1,15.0,0.0
1,1,2,False,2,0.29507435882854804,1,0.28146466727524594,6,0.2289956033085771,7,0.09728012739285599,4,0.09718524319477288,2,9.0,5.0
1,1,1,True,1,0.6798616253887342,6,0.1903017822925933,0,0.12983659231867237,2,0.0,3,0.0,1,16.0,3.0
1,9,1,False,1,0.3709545446383681,9,0.3363625157522216,6,0.14636284303931354,0,0.1463200965700965,3,0.0,2,17.0,4.0
1,1,1,True,1,0.561784990177011,6,0.15988798502297136,8,0.11311435875988131,0,0.10231687014261696,9,0.06289579589751934,1,16.0,4.0
1,1,1,True,1,0.756844505245772,0,0.11307870280847272,6,0.09004959039604317,9,0.019488770020473042,2,0.011509150928424305,1,15.0,4.0
1,1,1,True,1,0.7937321775572479,8,0.09697032018745354,6,0.03845579365514272,0,0.0352708486853708,5,0.023530959487442736,1,15.0,1.0
1,1,1,True,1,0.8911537661684715,6,0.10884623383152793,2,0.0,0,0.0,3,0.0,1,18.0,1.0
1,1,1,True,1,0.8850732863160136,0,0.045383394348146054,2,0.044386579382889396,6,0.016925544329846665,8,0.008231195623104308,1,15.0,0.0
1,0,1,False,1,0.6798616253887342,6,0.1903017822925933,0,0.12983659231867237,2,0.0,3,0.0,3,16.0,3.0
1,1,1,True,1,0.7973945490198314,8,0.14611059318598044,6,0.030061781613324824,0,0.014305180636726455,2,0.012127895544136551,1,16.0,2.0
1,1,1,True,1,0.8522728310679666,8,0.07216589193558277,0,0.03900039483848311,6,0.02318071513967877,2,0.013380167018288652,1,15.0,2.0
1,1,1,True,1,0.9454082828802979,0,0.054591717119702114,2,0.0,3,0.0,4,0.0,1,16.0,0.0
1,1,1,True,1,0.8850732863160136,0,0.045383394348146054,2,0.044386579382889396,6,0.016925544329846665,8,0.008231195623104308,1,15.0,0.0
1,1,1,True,1,0.2838196212777515,2,0.1659431982758271,6,0.15990823553026728,5,0.12620452859273354,3,0.10809513258798154,1,11.0,4.0
1,1,1,True,1,0.7630148098716342,2,0.2362955349559518,0,0.000689655172413793,3,0.0,4,0.0,1,11.0,3.0
1,1,1,True,1,0.8522728310679666,8,0.07216589193558277,0,0.03900039483848311,6,0.02318071513967877,2,0.013380167018288652,1,15.0,2.0
1,0,1,False,1,0.6866598589698699,8,0.16003670606331258,6,0.115817114121929,0,0.030242342640337202,5,0.007243978204551254,4,16.0,1.0
1,1,1,True,1,0.8850732863160136,0,0.045383394348146054,2,0.044386579382889396,6,0.016925544329846665,8,0.008231195623104308,1,15.0,0.0
1,6,2,False,2,0.29507435882854804,1,0.28146466727524594,6,0.2289956033085771,7,0.09728012739285599,4,0.09718524319477288,3,9.0,5.0
1,1,1,True,1,0.8366825068376378,0,0.06288754224816573,8,0.06261811849091646,6,0.030960564469355446,2,0.0068512679539247555,1,15.0,3.0
1,1,1,True,1,0.7937321775572479,8,0.09697032018745354,6,0.03845579365514272,0,0.0352708486853708,5,0.023530959487442736,1,15.0,1.0
1,1,1,True,1,0.756844505245772,0,0.11307870280847272,6,0.09004959039604317,9,0.019488770020473042,2,0.011509150928424305,1,15.0,4.0
1,8,1,False,1,0.7937321775572479,8,0.09697032018745354,6,0.03845579365514272,0,0.0352708486853708,5,0.023530959487442736,2,15.0,1.0
1,1,1,True,1,0.7937321775572479,8,0.09697032018745354,6,0.03845579365514272,0,0.0352708486853708,5,0.023530959487442736,1,15.0,1.0
1,1,1,True,1,0.7937321775572479,8,0.09697032018745354,6,0.03845579365514272,0,0.0352708486853708,5,0.023530959487442736,1,15.0,1.0
1,1,4,False,4,0.37958960483960474,1,0.26191397491397483,7,0.12489546564546566,6,0.11692493617493616,2,0.11567601842601842,2,10.0,3.0
1,1,1,True,1,0.823563131313131,0,0.17643686868686867,2,0.0,3,0.0,4,0.0,1,13.0,1.0
1,1,1,True,1,0.7826854273177801,0,0.2168383822060291,2,0.0004761904761904762,3,0.0,4,0.0,1,12.0,1.0
1,1,4,False,4,0.3021226345578769,2,0.28004163730438664,6,0.20057110925139807,7,0.15931275867273822,1,0.057951860213599826,5,11.0,5.0
1,1,1,True,1,0.7740461702993164,8,0.07927769486948043,2,0.07728852256125437,9,0.06842651387177905,0,0.0009610983981693363,1,14.0,4.0
1,1,1,True,1,0.756844505245772,0,0.11307870280847272,6,0.09004959039604317,9,0.019488770020473042,2,0.011509150928424305,1,15.0,4.0
1,1,1,True,1,0.8366825068376378,0,0.06288754224816573,8,0.06261811849091646,6,0.030960564469355446,2,0.0068512679539247555,1,15.0,3.0
1,0,1,False,1,0.6798616253887342,6,0.1903017822925933,0,0.12983659231867237,2,0.0,3,0.0,3,16.0,3.0
1,1,1,True,1,0.7937321775572479,8,0.09697032018745354,6,0.03845579365514272,0,0.0352708486853708,5,0.023530959487442736,1,15.0,1.0
1,1,1,True,1,0.8522728310679666,8,0.07216589193558277,0,0.03900039483848311,6,0.02318071513967877,2,0.013380167018288652,1,15.0,2.0
1,1,1,True,1,0.6866598589698699,8,0.16003670606331258,6,0.115817114121929,0,0.030242342640337202,5,0.007243978204551254,1,16.0,1.0
1,1,1,True,1,0.7937321775572479,8,0.09697032018745354,6,0.03845579365514272,0,0.0352708486853708,5,0.023530959487442736,1,15.0,1.0
1,1,1,True,1,0.7937321775572479,8,0.09697032018745354,6,0.03845579365514272,0,0.0352708486853708,5,0.023530959487442736,1,15.0,1.0
1,1,1,True,1,0.7937321775572479,8,0.09697032018745354,6,0.03845579365514272,0,0.0352708486853708,5,0.023530959487442736,1,15.0,1.0
1,1,1,True,1,0.7937321775572479,8,0.09697032018745354,6,0.03845579365514272,0,0.0352708486853708,5,0.023530959487442736,1,15.0,1.0
1,1,1,True,1,0.8850732863160136,0,0.045383394348146054,2,0.044386579382889396,6,0.016925544329846665,8,0.008231195623104308,1,15.0,0.0
1,1,1,True,1,0.561784990177011,6,0.15988798502297136,8,0.11311435875988131,0,0.10231687014261696,9,0.06289579589751934,1,16.0,4.0
1,6,1,False,1,0.561784990177011,6,0.15988798502297136,8,0.11311435875988131,0,0.10231687014261696,9,0.06289579589751934,2,16.0,4.0
1,0,1,False,1,0.7937321775572479,8,0.09697032018745354,6,0.03845579365514272,0,0.0352708486853708,5,0.023530959487442736,4,15.0,1.0
1,6,2,False,2,0.42392252596751867,1,0.36057680048430873,4,0.09051826214237804,7,0.04377447866151951,5,0.04167352413651243,6,12.0,5.0
1,0,1,False,1,0.8366825068376378,0,0.06288754224816573,8,0.06261811849091646,6,0.030960564469355446,2,0.0068512679539247555,2,15.0,3.0
1,1,1,True,1,0.6866598589698699,8,0.16003670606331258,6,0.115817114121929,0,0.030242342640337202,5,0.007243978204551254,1,16.0,1.0
1,6,1,False,1,0.701936591186591,6,0.2980634088134087,2,0.0,0,0.0,3,0.0,2,17.0,2.0
1,6,1,False,1,0.7973945490198314,8,0.14611059318598044,6,0.030061781613324824,0,0.014305180636726455,2,0.012127895544136551,3,16.0,2.0
1,1,1,True,1,0.8850732863160136,0,0.045383394348146054,2,0.044386579382889396,6,0.016925544329846665,8,0.008231195623104308,1,15.0,0.0
1,1,1,True,1,0.8850732863160136,0,0.045383394348146054,2,0.044386579382889396,6,0.016925544329846665,8,0.008231195623104308,1,15.0,0.0
1,1,1,True,1,0.8850732863160136,0,0.045383394348146054,2,0.044386579382889396,6,0.016925544329846665,8,0.008231195623104308,1,15.0,0.0
1,1,1,True,1,0.8366825068376378,0,0.06288754224816573,8,0.06261811849091646,6,0.030960564469355446,2,0.0068512679539247555,1,15.0,3.0
1,1,1,True,1,0.7937321775572479,8,0.09697032018745354,6,0.03845579365514272,0,0.0352708486853708,5,0.023530959487442736,1,15.0,1.0
1,2,2,True,2,0.6610762570762571,1,0.33836818736818736,0,0.0005555555555555556,3,0.0,4,0.0,1,6.0,0.0
1,2,2,True,2,0.34103434844000113,1,0.2796908938234776,6,0.19992705931397686,8,0.0914809864155667,4,0.08786671200697758,1,8.0,5.0
1,1,1,True,1,0.6042567698268322,4,0.12048579343084201,2,0.09478332048504115,8,0.06297140056609624,6,0.06081195272765752,1,9.0,2.0
1,1,4,False,4,0.37958960483960474,1,0.26191397491397483,7,0.12489546564546566,6,0.11692493617493616,2,0.11567601842601842,2,10.0,3.0
1,1,6,False,6,0.25280119592397055,8,0.2511952970889682,1,0.22217130326562928,4,0.12992031959359546,0,0.07179402517481177,3,8.0,3.0
1,2,2,True,2,0.6333578205849877,1,0.290653943880337,7,0.074877124423564,0,0.0011111111111111111,3,0.0,1,6.0,4.0
1,1,1,True,1,0.6042567698268322,4,0.12048579343084201,2,0.09478332048504115,8,0.06297140056609624,6,0.06081195272765752,1,9.0,2.0
1,1,1,True,1,0.8522728310679666,8,0.07216589193558277,0,0.03900039483848311,6,0.02318071513967877,2,0.013380167018288652,1,15.0,2.0
1,1,1,True,1,0.8522728310679666,8,0.07216589193558277,0,0.03900039483848311,6,0.02318071513967877,2,0.013380167018288652,1,15.0,2.0
1,1,1,True,1,0.8366825068376378,0,0.06288754224816573,8,0.06261811849091646,6,0.030960564469355446,2,0.0068512679539247555,1,15.0,3.0
1,1,1,True,1,0.9454082828802979,0,0.054591717119702114,2,0.0,3,0.0,4,0.0,1,16.0,0.0
1,2,2,True,2,0.40044337035513505,5,0.2849832030714384,1,0.19034526542040645,9,0.0594661914882503,6,0.029299533799533803,1,18.0,6.0
1,1,1,True,1,0.561784990177011,6,0.15988798502297136,8,0.11311435875988131,0,0.10231687014261696,9,0.06289579589751934,1,16.0,4.0
1,1,1,True,1,0.8366825068376378,0,0.06288754224816573,8,0.06261811849091646,6,0.030960564469355446,2,0.0068512679539247555,1,15.0,3.0
1,1,1,True,1,0.7973945490198314,8,0.14611059318598044,6,0.030061781613324824,0,0.014305180636726455,2,0.012127895544136551,1,16.0,2.0
1,1,1,True,1,0.7973945490198314,8,0.14611059318598044,6,0.030061781613324824,0,0.014305180636726455,2,0.012127895544136551,1,16.0,2.0
1,1,1,True,1,0.7973945490198314,8,0.14611059318598044,6,0.030061781613324824,0,0.014305180636726455,2,0.012127895544136551,1,16.0,2.0
1,1,1,True,1,0.7973945490198314,8,0.14611059318598044,6,0.030061781613324824,0,0.014305180636726455,2,0.012127895544136551,1,16.0,2.0
1,2,2,True,2,0.7704433703551352,1,0.16624968039252838,5,0.045148492327636715,6,0.011073611722666306,8,0.005350382316081832,1,16.0,6.0
1,1,1,True,1,0.6866598589698699,8,0.16003670606331258,6,0.115817114121929,0,0.030242342640337202,5,0.007243978204551254,1,16.0,1.0
1,1,1,True,1,0.7937321775572479,8,0.09697032018745354,6,0.03845579365514272,0,0.0352708486853708,5,0.023530959487442736,1,15.0,1.0
1,1,1,True,1,0.9454082828802979,0,0.054591717119702114,2,0.0,3,0.0,4,0.0,1,16.0,0.0
1,1,1,True,1,0.800091016958916,9,0.13166717949494897,0,0.0682418035461345,2,0.0,4,0.0,1,13.0,4.0
1,1,1,True,1,0.7252816192291727,2,0.2739242631237684,0,0.0007941176470588235,3,0.0,4,0.0,1,12.0,2.0
1,1,1,True,1,0.7973945490198314,8,0.14611059318598044,6,0.030061781613324824,0,0.014305180636726455,2,0.012127895544136551,1,16.0,2.0
1,1,1,True,1,0.7973945490198314,8,0.14611059318598044,6,0.030061781613324824,0,0.014305180636726455,2,0.012127895544136551,1,16.0,2.0
1,1,1,True,1,0.6866598589698699,8,0.16003670606331258,6,0.115817114121929,0,0.030242342640337202,5,0.007243978204551254,1,16.0,1.0
1,1,1,True,1,0.6866598589698699,8,0.16003670606331258,6,0.115817114121929,0,0.030242342640337202,5,0.007243978204551254,1,16.0,1.0
1,2,2,True,2,0.9259771241830066,1,0.05945098039215686,6,0.008464052287581701,5,0.0029411764705882353,8,0.0025,1,14.0,6.0
1,1,1,True,1,0.6866598589698699,8,0.16003670606331258,6,0.115817114121929,0,0.030242342640337202,5,0.007243978204551254,1,16.0,1.0
1,1,1,True,1,0.6866598589698699,8,0.16003670606331258,6,0.115817114121929,0,0.030242342640337202,5,0.007243978204551254,1,16.0,1.0
1,1,1,True,1,0.7937321775572479,8,0.09697032018745354,6,0.03845579365514272,0,0.0352708486853708,5,0.023530959487442736,1,15.0,1.0
1,1,1,True,1,0.7937321775572479,8,0.09697032018745354,6,0.03845579365514272,0,0.0352708486853708,5,0.023530959487442736,1,15.0,1.0
1,1,1,True,1,0.8366825068376378,0,0.06288754224816573,8,0.06261811849091646,6,0.030960564469355446,2,0.0068512679539247555,1,15.0,3.0
1,1,1,True,1,0.6866598589698699,8,0.16003670606331258,6,0.115817114121929,0,0.030242342640337202,5,0.007243978204551254,1,16.0,1.0
1,1,1,True,1,0.7937321775572479,8,0.09697032018745354,6,0.03845579365514272,0,0.0352708486853708,5,0.023530959487442736,1,15.0,1.0
1,8,1,False,1,0.8366825068376378,0,0.06288754224816573,8,0.06261811849091646,6,0.030960564469355446,2,0.0068512679539247555,3,15.0,3.0
1,8,1,False,1,0.8366825068376378,0,0.06288754224816573,8,0.06261811849091646,6,0.030960564469355446,2,0.0068512679539247555,3,15.0,3.0
1,8,1,False,1,0.7973945490198314,8,0.14611059318598044,6,0.030061781613324824,0,0.014305180636726455,2,0.012127895544136551,2,16.0,2.0
1,8,1,False,1,0.7973945490198314,8,0.14611059318598044,6,0.030061781613324824,0,0.014305180636726455,2,0.012127895544136551,2,16.0,2.0
1,2,1,False,1,0.7959099927849924,2,0.20290945165945157,0,0.0011805555555555556,3,0.0,4,0.0,2,14.0,3.0
1,1,1,True,1,0.7937321775572479,8,0.09697032018745354,6,0.03845579365514272,0,0.0352708486853708,5,0.023530959487442736,1,15.0,1.0
1,0,1,False,1,0.8850732863160136,0,0.045383394348146054,2,0.044386579382889396,6,0.016925544329846665,8,0.008231195623104308,2,15.0,0.0
1,2,1,False,1,0.44749219210442115,5,0.220564348620076,2,0.20831972456508044,6,0.1214783713019007,0,0.002145363408521303,3,14.0,5.0
1,0,1,False,1,0.756844505245772,0,0.11307870280847272,6,0.09004959039604317,9,0.019488770020473042,2,0.011509150928424305,2,15.0,4.0
1,1,1,True,1,0.6866598589698699,8,0.16003670606331258,6,0.115817114121929,0,0.030242342640337202,5,0.007243978204551254,1,16.0,1.0
1,1,1,True,1,0.7937321775572479,8,0.09697032018745354,6,0.03845579365514272,0,0.0352708486853708,5,0.023530959487442736,1,15.0,1.0
1,1,1,True,1,0.7937321775572479,8,0.09697032018745354,6,0.03845579365514272,0,0.0352708486853708,5,0.023530959487442736,1,15.0,1.0
1,2,1,False,1,0.8522728310679666,8,0.07216589193558277,0,0.03900039483848311,6,0.02318071513967877,2,0.013380167018288652,5,15.0,2.0
1,1,1,True,1,0.8366825068376378,0,0.06288754224816573,8,0.06261811849091646,6,0.030960564469355446,2,0.0068512679539247555,1,15.0,3.0
1,6,1,False,1,0.7937321775572479,8,0.09697032018745354,6,0.03845579365514272,0,0.0352708486853708,5,0.023530959487442736,3,15.0,1.0
1,1,1,True,1,0.8850732863160136,0,0.045383394348146054,2,0.044386579382889396,6,0.016925544329846665,8,0.008231195623104308,1,15.0,0.0
1,1,1,True,1,0.9454082828802979,0,0.054591717119702114,2,0.0,3,0.0,4,0.0,1,16.0,0.0
1,1,1,True,1,0.6458490569887628,0,0.18508431682696383,6,0.16655086988175222,2,0.0025157563025210083,3,0.0,1,15.0,5.0
1,1,1,True,1,0.9454082828802979,0,0.054591717119702114,2,0.0,3,0.0,4,0.0,1,16.0,0.0
1,6,2,False,2,0.34103434844000113,1,0.2796908938234776,6,0.19992705931397686,8,0.0914809864155667,4,0.08786671200697758,3,8.0,5.0
1,1,1,True,1,0.8366825068376378,0,0.06288754224816573,8,0.06261811849091646,6,0.030960564469355446,2,0.0068512679539247555,1,15.0,3.0
1,1,1,True,1,0.8522728310679666,8,0.07216589193558277,0,0.03900039483848311,6,0.02318071513967877,2,0.013380167018288652,1,15.0,2.0
1,2,2,True,2,0.5752936507936508,1,0.21301984126984125,6,0.2116865079365079,0,0.0,3,0.0,1,14.0,1.0
1,8,1,False,1,0.6866598589698699,8,0.16003670606331258,6,0.115817114121929,0,0.030242342640337202,5,0.007243978204551254,2,16.0,1.0
1,2,2,True,2,0.7561773030663397,1,0.1739702752112198,6,0.041182605790470665,0,0.024871114656442362,8,0.0028596776997577827,1,15.0,6.0
1,6,1,False,1,0.5032826390454064,6,0.1823002939208029,2,0.14123442749413428,8,0.07636970374700167,4,0.06399698814457372,2,9.0,0.0
1,6,1,False,1,0.4511126030623348,5,0.2677661272988707,7,0.12422231624596783,6,0.06182493793762402,2,0.05426208262392114,4,8.0,0.0
1,6,1,False,1,0.4511126030623348,5,0.2677661272988707,7,0.12422231624596783,6,0.06182493793762402,2,0.05426208262392114,4,8.0,0.0
1,2,1,False,1,0.4511126030623348,5,0.2677661272988707,7,0.12422231624596783,6,0.06182493793762402,2,0.05426208262392114,5,8.0,0.0
1,8,6,False,6,0.25280119592397055,8,0.2511952970889682,1,0.22217130326562928,4,0.12992031959359546,0,0.07179402517481177,2,8.0,3.0
1,8,1,False,1,0.7033722363772291,2,0.2943816763766829,0,0.002246087246087246,3,0.0,4,0.0,9,7.0,0.0
1,8,6,False,6,0.25280119592397055,8,0.2511952970889682,1,0.22217130326562928,4,0.12992031959359546,0,0.07179402517481177,2,8.0,3.0
1,2,2,True,2,0.7927983029182716,8,0.20720169708172798,1,0.0,0,0.0,4,0.0,1,6.0,3.0
1,1,1,True,1,0.365158605646934,5,0.30794460138021784,7,0.18057994667977426,2,0.048141784148400237,6,0.03384648443174393,1,8.0,2.0
1,8,1,False,1,0.38524518821947856,3,0.20991590179317052,7,0.16456971535428525,8,0.11011481922077479,0,0.06575734044610779,4,8.0,1.0
1,2,2,True,2,0.7927983029182716,8,0.20720169708172798,1,0.0,0,0.0,4,0.0,1,6.0,3.0
1,8,2,False,2,0.34103434844000113,1,0.2796908938234776,6,0.19992705931397686,8,0.0914809864155667,4,0.08786671200697758,4,8.0,5.0
1,8,1,False,1,0.38524518821947856,3,0.20991590179317052,7,0.16456971535428525,8,0.11011481922077479,0,0.06575734044610779,4,8.0,1.0
1,1,1,True,1,0.5032826390454064,6,0.1823002939208029,2,0.14123442749413428,8,0.07636970374700167,4,0.06399698814457372,1,9.0,0.0
1,2,1,False,1,0.7033722363772291,2,0.2943816763766829,0,0.002246087246087246,3,0.0,4,0.0,2,7.0,0.0
1,8,1,False,1,0.47302493785258065,3,0.1624079980652232,7,0.14091026942806262,6,0.06838929836264018,8,0.0673456288649667,5,9.0,1.0
1,1,1,True,1,0.3273789113976261,6,0.2231273673348737,5,0.14635161423471807,4,0.10126529748867165,2,0.08723075485405385,1,10.0,4.0
1,1,2,False,2,0.5960055173584585,1,0.231397228588405,5,0.1677665945165945,0,0.0034020881079704613,4,0.0014285714285714286,2,12.0,6.0
1,6,4,False,4,0.35766633209272336,1,0.20014573670918537,8,0.13165350212677576,2,0.09099998662467192,7,0.08400732200594828,7,9.0,3.0
2,1,2,False,2,0.2588226267833747,6,0.23090359471518432,1,0.22865327908562164,7,0.13280454485412188,4,0.12123376493821643,3,9.0,5.0
2,1,2,False,2,0.2588226267833747,6,0.23090359471518432,1,0.22865327908562164,7,0.13280454485412188,4,0.12123376493821643,3,9.0,5.0
2,2,1,False,1,0.3929486541673579,2,0.22798590174949696,4,0.21628868294849574,0,0.08274710998719945,8,0.08002965114744962,2,10.0,0.0
2,1,6,False,6,0.29592105607558555,2,0.23895310766580435,1,0.18022020110018147,4,0.16960650551606593,7,0.11529912964236216,3,10.0,5.0
2,5,1,False,1,0.39800452475613635,5,0.32235403462487583,7,0.15323333435479,2,0.03542648953139208,6,0.03203930567911221,2,8.0,2.0
2,4,4,True,4,0.26200811651283457,1,0.23797030533179123,2,0.13301948583264153,8,0.12671959661195684,6,0.09585212302101087,1,9.0,3.0
2,4,4,True,4,0.47516666666666657,8,0.4085000000000001,5,0.05953384743051925,2,0.026536260437189232,1,0.025491000786279427,1,7.0,6.0
2,5,1,False,1,0.39412297764155346,2,0.31904053681956146,6,0.188652104173776,5,0.09759614607099128,0,0.000588235294117647,4,14.0,5.0
2,2,4,False,4,0.4055674603174603,2,0.22028571428571428,1,0.20069444444444445,0,0.17345238095238094,3,0.0,2,11.0,6.0
2,4,1,False,1,0.37583243287712137,6,0.16174286291953813,5,0.1478063861513667,3,0.11860702481964658,4,0.09121898027371195,5,10.0,4.0
2,5,1,False,1,0.43723830229909433,5,0.268935563237233,7,0.12481106532868971,6,0.0768126624930624,2,0.06573366269422158,2,8.0,0.0
2,3,1,False,1,0.5288589223285993,7,0.1403663827453827,3,0.0974822844797044,6,0.08555315208653923,0,0.059965966003861795,3,8.0,4.0
2,4,4,True,4,0.26200811651283457,1,0.23797030533179123,2,0.13301948583264153,8,0.12671959661195684,6,0.09585212302101087,1,9.0,3.0
2,5,1,False,1,0.8397946723816284,8,0.06948334884765442,6,0.03645966537135672,0,0.03194601029574057,5,0.016722064560684338,5,15.0,1.0
2,4,1,False,1,0.4075747765306586,4,0.18310379734644433,5,0.1673696458769988,0,0.1635244420612067,2,0.07842733818469111,2,10.0,2.0
2,7,1,False,1,0.3366665784121974,3,0.2115971656258578,7,0.15892051222724812,8,0.13951759409057707,5,0.08242358447714107,3,8.0,1.0
2,5,1,False,1,0.43723830229909433,5,0.268935563237233,7,0.12481106532868971,6,0.0768126624930624,2,0.06573366269422158,2,8.0,0.0
2,7,1,False,1,0.5288589223285993,7,0.1403663827453827,3,0.0974822844797044,6,0.08555315208653923,0,0.059965966003861795,2,8.0,4.0
2,7,1,False,1,0.4516024150887752,3,0.20369994488776108,7,0.10340745716543098,8,0.09741137971075667,6,0.07384925837705839,3,9.0,1.0
2,5,5,True,5,0.6190046114595684,2,0.187377811553323,1,0.12792270186253218,7,0.06569487512457628,3,0.0,1,8.0,6.0
2,7,1,False,1,0.5288589223285993,7,0.1403663827453827,3,0.0974822844797044,6,0.08555315208653923,0,0.059965966003861795,2,8.0,4.0
2,1,1,True,1,0.3366665784121974,3,0.2115971656258578,7,0.15892051222724812,8,0.13951759409057707,5,0.08242358447714107,1,8.0,1.0
2,1,1,True,1,0.5288589223285993,7,0.1403663827453827,3,0.0974822844797044,6,0.08555315208653923,0,0.059965966003861795,1,8.0,4.0
2,1,1,True,1,0.3366665784121974,3,0.2115971656258578,7,0.15892051222724812,8,0.13951759409057707,5,0.08242358447714107,1,8.0,1.0
2,2,1,False,1,0.4876483754962755,6,0.21052324659727414,2,0.10145968467838565,4,0.09749583224356684,8,0.06818327202206827,3,9.0,0.0
2,2,1,False,1,0.39800452475613635,5,0.32235403462487583,7,0.15323333435479,2,0.03542648953139208,6,0.03203930567911221,4,8.0,2.0
2,0,1,False,1,0.3366665784121974,3,0.2115971656258578,7,0.15892051222724812,8,0.13951759409057707,5,0.08242358447714107,6,8.0,1.0
2,1,2,False,2,0.3348516309445228,7,0.2684312232631408,3,0.19210055810761348,5,0.11554238332931657,1,0.08907420435540615,5,6.0,1.0
2,3,1,False,1,0.2868116515209348,3,0.2660963263597447,7,0.14858767995425493,2,0.12416691860662478,8,0.11114910148325885,2,7.0,1.0
2,3,2,False,2,0.3348516309445228,7,0.2684312232631408,3,0.19210055810761348,5,0.11554238332931657,1,0.08907420435540615,3,6.0,1.0
2,3,1,False,1,0.6058956358281733,7,0.13609162718340928,2,0.10166682652907706,3,0.06888051468610641,8,0.059637495952920776,4,7.0,4.0
2,3,1,False,1,0.3366665784121974,3,0.2115971656258578,7,0.15892051222724812,8,0.13951759409057707,5,0.08242358447714107,2,8.0,1.0
2,4,1,False,1,0.4213928530739238,2,0.17249409925412074,5,0.11755038091012646,6,0.116113550989998,3,0.11250367287361833,8,11.0,4.0
2,5,8,False,8,0.2685005924662207,1,0.24593572807382424,6,0.21454391713934418,4,0.16003812030080206,0,0.06773239692723604,7,8.0,3.0
2,5,1,False,1,0.4227712544790737,3,0.15489837465892023,6,0.10250201810190619,4,0.08140845296303244,2,0.07893807986593099,9,9.0,4.0
2,5,5,True,5,0.6190046114595684,2,0.187377811553323,1,0.12792270186253218,7,0.06569487512457628,3,0.0,1,8.0,6.0
2,0,2,False,2,0.45712631018969757,1,0.22433102394562837,0,0.22258922058896705,6,0.09595344527570694,3,0.0,3,11.0,0.0
2,5,1,False,1,0.4516024150887752,3,0.20369994488776108,7,0.10340745716543098,8,0.09741137971075667,6,0.07384925837705839,6,9.0,1.0
2,2,1,False,1,0.4287524697524699,5,0.1907064602064602,6,0.19042063492063488,2,0.1810819735819736,4,0.0075,4,9.0,6.0
2,7,1,False,1,0.3929486541673579,2,0.22798590174949696,4,0.21628868294849574,0,0.08274710998719945,8,0.08002965114744962,9,10.0,0.0
2,4,4,True,4,0.26200811651283457,1,0.23797030533179123,2,0.13301948583264153,8,0.12671959661195684,6,0.09585212302101087,1,9.0,3.0
2,3,1,False,1,0.4516024150887752,3,0.20369994488776108,7,0.10340745716543098,8,0.09741137971075667,6,0.07384925837705839,2,9.0,1.0
2,7,1,False,1,0.4516024150887752,3,0.20369994488776108,7,0.10340745716543098,8,0.09741137971075667,6,0.07384925837705839,3,9.0,1.0
2,7,1,False,1,0.3366665784121974,3,0.2115971656258578,7,0.15892051222724812,8,0.13951759409057707,5,0.08242358447714107,3,8.0,1.0
2,3,1,False,1,0.6058956358281733,7,0.13609162718340928,2,0.10166682652907706,3,0.06888051468610641,8,0.059637495952920776,4,7.0,4.0
2,7,1,False,1,0.39800452475613635,5,0.32235403462487583,7,0.15323333435479,2,0.03542648953139208,6,0.03203930567911221,3,8.0,2.0
2,3,1,False,1,0.6058956358281733,7,0.13609162718340928,2,0.10166682652907706,3,0.06888051468610641,8,0.059637495952920776,4,7.0,4.0
2,7,1,False,1,0.39800452475613635,5,0.32235403462487583,7,0.15323333435479,2,0.03542648953139208,6,0.03203930567911221,3,8.0,2.0
2,7,1,False,1,0.2868116515209348,3,0.2660963263597447,7,0.14858767995425493,2,0.12416691860662478,8,0.11114910148325885,3,7.0,1.0
2,5,1,False,1,0.697314686248156,8,0.1548215447686724,6,0.09849829926770305,0,0.0411030136900098,2,0.008262456025458659,7,16.0,1.0
2,2,2,True,2,0.2588226267833747,6,0.23090359471518432,1,0.22865327908562164,7,0.13280454485412188,4,0.12123376493821643,1,9.0,5.0
2,1,1,True,1,0.3366665784121974,3,0.2115971656258578,7,0.15892051222724812,8,0.13951759409057707,5,0.08242358447714107,1,8.0,1.0
2,2,5,False,5,0.6190046114595684,2,0.187377811553323,1,0.12792270186253218,7,0.06569487512457628,3,0.0,2,8.0,6.0
2,1,1,True,1,0.5288589223285993,7,0.1403663827453827,3,0.0974822844797044,6,0.08555315208653923,0,0.059965966003861795,1,8.0,4.0
2,1,1,True,1,0.2868116515209348,3,0.2660963263597447,7,0.14858767995425493,2,0.12416691860662478,8,0.11114910148325885,1,7.0,1.0
2,1,1,True,1,0.8920318440557564,0,0.04309706996326212,2,0.0390619195810173,6,0.017457072401279417,8,0.008352093998684368,1,15.0,0.0
2,1,1,True,1,0.8920318440557564,0,0.04309706996326212,2,0.0390619195810173,6,0.017457072401279417,8,0.008352093998684368,1,15.0,0.0
2,9,1,False,1,0.39285714285714285,7,0.30646428571428574,9,0.2926343537414965,6,0.003920068027210884,8,0.002070578231292517,3,20.0,4.0
2,1,1,True,1,0.8612521533682673,8,0.06206128972369886,0,0.03230124838722472,6,0.023693001696333836,2,0.020692306824475586,1,15.0,2.0
2,1,1,True,1,1.0,0,0.0,2,0.0,3,0.0,4,0.0,1,19.0,1.0
2,1,1,True,1,0.8920318440557564,0,0.04309706996326212,2,0.0390619195810173,6,0.017457072401279417,8,0.008352093998684368,1,15.0,0.0
2,1,2,False,2,0.4386823977405956,1,0.31460470198156165,4,0.09416302430140278,7,0.05433846062305661,6,0.049527071516985446,2,12.0,5.0
2,1,1,True,1,1.0,0,0.0,2,0.0,3,0.0,4,0.0,1,20.0,2.0
2,1,1,True,1,0.8920318440557564,0,0.04309706996326212,2,0.0390619195810173,6,0.017457072401279417,8,0.008352093998684368,1,15.0,0.0
2,1,1,True,1,0.8612521533682673,8,0.06206128972369886,0,0.03230124838722472,6,0.023693001696333836,2,0.020692306824475586,1,15.0,2.0
2,1,1,True,1,0.8920318440557564,0,0.04309706996326212,2,0.0390619195810173,6,0.017457072401279417,8,0.008352093998684368,1,15.0,0.0
2,1,1,True,1,0.7524013513556779,0,0.11023882756682948,6,0.09364313255932472,9,0.02140026913258451,2,0.012130967608225771,1,15.0,4.0
2,1,1,True,1,0.7524013513556779,0,0.11023882756682948,6,0.09364313255932472,9,0.02140026913258451,2,0.012130967608225771,1,15.0,4.0
2,1,1,True,1,0.8564024398939765,0,0.05916075141566323,8,0.05442836958343217,6,0.02327858971650927,2,0.006729849390419223,1,15.0,3.0
2,1,1,True,1,0.697314686248156,8,0.1548215447686724,6,0.09849829926770305,0,0.0411030136900098,2,0.008262456025458659,1,16.0,1.0
2,1,1,True,1,0.782879721585604,0,0.21458634176281233,2,0.0025339366515837103,3,0.0,4,0.0,1,12.0,1.0
2,1,1,True,1,0.8612521533682673,8,0.06206128972369886,0,0.03230124838722472,6,0.023693001696333836,2,0.020692306824475586,1,15.0,2.0
2,1,1,True,1,0.7930517462537011,2,0.07528553281308357,9,0.06926618588912473,8,0.06120010647266168,0,0.0011964285714285714,1,14.0,4.0
2,1,2,False,2,0.3800238095238094,1,0.2390357142857143,5,0.20757142857142852,4,0.1733690476190476,3,0.0,2,11.0,2.0
2,1,2,False,2,0.377527514152514,1,0.36132631257631254,8,0.2611461732711732,0,0.0,4,0.0,2,14.0,2.0
2,1,1,True,1,0.8612521533682673,8,0.06206128972369886,0,0.03230124838722472,6,0.023693001696333836,2,0.020692306824475586,1,15.0,2.0
2,2,1,False,1,0.8842541820924172,2,0.11574581790758258,0,0.0,3,0.0,4,0.0,2,11.0,3.0
2,1,1,True,1,0.8564024398939765,0,0.05916075141566323,8,0.05442836958343217,6,0.02327858971650927,2,0.006729849390419223,1,15.0,3.0
2,1,2,False,2,0.45712631018969757,1,0.22433102394562837,0,0.22258922058896705,6,0.09595344527570694,3,0.0,2,11.0,0.0
2,1,1,True,1,0.4227712544790737,3,0.15489837465892023,6,0.10250201810190619,4,0.08140845296303244,2,0.07893807986593099,1,9.0,4.0
2,1,1,True,1,0.5288589223285993,7,0.1403663827453827,3,0.0974822844797044,6,0.08555315208653923,0,0.059965966003861795,1,8.0,4.0
2,1,1,True,1,0.3366665784121974,3,0.2115971656258578,7,0.15892051222724812,8,0.13951759409057707,5,0.08242358447714107,1,8.0,1.0
2,1,1,True,1,0.43723830229909433,5,0.268935563237233,7,0.12481106532868971,6,0.0768126624930624,2,0.06573366269422158,1,8.0,0.0
2,1,1,True,1,0.4516024150887752,3,0.20369994488776108,7,0.10340745716543098,8,0.09741137971075667,6,0.07384925837705839,1,9.0,1.0
2,1,1,True,1,0.3366665784121974,3,0.2115971656258578,7,0.15892051222724812,8,0.13951759409057707,5,0.08242358447714107,1,8.0,1.0
2,8,1,False,1,0.8397946723816284,8,0.06948334884765442,6,0.03645966537135672,0,0.03194601029574057,5,0.016722064560684338,2,15.0,1.0
2,1,1,True,1,0.8564024398939765,0,0.05916075141566323,8,0.05442836958343217,6,0.02327858971650927,2,0.006729849390419223,1,15.0,3.0
2,1,1,True,1,0.8397946723816284,8,0.06948334884765442,6,0.03645966537135672,0,0.03194601029574057,5,0.016722064560684338,1,15.0,1.0
2,1,1,True,1,0.8920318440557564,0,0.04309706996326212,2,0.0390619195810173,6,0.017457072401279417,8,0.008352093998684368,1,15.0,0.0
2,1,1,True,1,1.0,0,0.0,2,0.0,3,0.0,4,0.0,1,19.0,2.0
2,1,1,True,1,0.8920318440557564,0,0.04309706996326212,2,0.0390619195810173,6,0.017457072401279417,8,0.008352093998684368,1,15.0,0.0
2,1,1,True,1,1.0,0,0.0,2,0.0,3,0.0,4,0.0,1,19.0,2.0
2,0,1,False,1,0.8920318440557564,0,0.04309706996326212,2,0.0390619195810173,6,0.017457072401279417,8,0.008352093998684368,2,15.0,0.0
2,1,1,True,1,0.5501512178844935,6,0.16193493703728185,8,0.11538998908721236,0,0.10906525559411459,9,0.06345860039689767,1,16.0,4.0
2,1,1,True,1,0.7524013513556779,0,0.11023882756682948,6,0.09364313255932472,9,0.02140026913258451,2,0.012130967608225771,1,15.0,4.0
2,1,1,True,1,1.0,0,0.0,2,0.0,3,0.0,4,0.0,1,19.0,2.0
2,1,1,True,1,0.697314686248156,8,0.1548215447686724,6,0.09849829926770305,0,0.0411030136900098,2,0.008262456025458659,1,16.0,1.0
2,1,1,True,1,0.7524013513556779,0,0.11023882756682948,6,0.09364313255932472,9,0.02140026913258451,2,0.012130967608225771,1,15.0,4.0
2,1,1,True,1,0.697314686248156,8,0.1548215447686724,6,0.09849829926770305,0,0.0411030136900098,2,0.008262456025458659,1,16.0,1.0
2,1,1,True,1,0.7524013513556779,0,0.11023882756682948,6,0.09364313255932472,9,0.02140026913258451,2,0.012130967608225771,1,15.0,4.0
2,1,1,True,1,0.636091407657902,0,0.1863561989410324,6,0.17755239340106563,2,0.0,3,0.0,1,16.0,3.0
2,6,1,False,1,0.4213928530739238,2,0.17249409925412074,5,0.11755038091012646,6,0.116113550989998,3,0.11250367287361833,4,11.0,4.0
2,1,1,True,1,0.8397946723816284,8,0.06948334884765442,6,0.03645966537135672,0,0.03194601029574057,5,0.016722064560684338,1,15.0,1.0
2,1,1,True,1,0.697314686248156,8,0.1548215447686724,6,0.09849829926770305,0,0.0411030136900098,2,0.008262456025458659,1,16.0,1.0
2,1,1,True,1,0.7865728028924036,8,0.15028698946592,6,0.03672735960873067,2,0.013633351371490805,0,0.012779496661454632,1,16.0,2.0
2,1,1,True,1,0.7524013513556779,0,0.11023882756682948,6,0.09364313255932472,9,0.02140026913258451,2,0.012130967608225771,1,15.0,4.0
2,1,1,True,1,0.697314686248156,8,0.1548215447686724,6,0.09849829926770305,0,0.0411030136900098,2,0.008262456025458659,1,16.0,1.0
2,1,1,True,1,0.4849960531671058,2,0.47060376368271106,5,0.019964285714285716,0,0.019435897435897433,8,0.005,1,13.0,2.0
2,1,1,True,1,0.8397946723816284,8,0.06948334884765442,6,0.03645966537135672,0,0.03194601029574057,5,0.016722064560684338,1,15.0,1.0
2,1,1,True,1,0.8097283549783547,0,0.1893625541125541,2,0.0009090909090909091,3,0.0,4,0.0,1,13.0,1.0
2,0,1,False,1,0.7931269841269842,6,0.20687301587301588,2,0.0,0,0.0,3,0.0,4,15.0,5.0
2,1,1,True,1,0.8564024398939765,0,0.05916075141566323,8,0.05442836958343217,6,0.02327858971650927,2,0.006729849390419223,1,15.0,3.0
2,1,1,True,1,0.8564024398939765,0,0.05916075141566323,8,0.05442836958343217,6,0.02327858971650927,2,0.006729849390419223,1,15.0,3.0
2,1,1,True,1,0.8612521533682673,8,0.06206128972369886,0,0.03230124838722472,6,0.023693001696333836,2,0.020692306824475586,1,15.0,2.0
2,1,1,True,1,0.8397946723816284,8,0.06948334884765442,6,0.03645966537135672,0,0.03194601029574057,5,0.016722064560684338,1,15.0,1.0
2,1,1,True,1,0.9415231092559453,0,0.05847689074405485,2,0.0,3,0.0,4,0.0,1,16.0,0.0
2,6,1,False,1,0.8397946723816284,8,0.06948334884765442,6,0.03645966537135672,0,0.03194601029574057,5,0.016722064560684338,3,15.0,1.0
2,1,1,True,1,0.8397946723816284,8,0.06948334884765442,6,0.03645966537135672,0,0.03194601029574057,5,0.016722064560684338,1,15.0,1.0
2,1,1,True,1,0.8920318440557564,0,0.04309706996326212,2,0.0390619195810173,6,0.017457072401279417,8,0.008352093998684368,1,15.0,0.0
2,1,1,True,1,0.8397946723816284,8,0.06948334884765442,6,0.03645966537135672,0,0.03194601029574057,5,0.016722064560684338,1,15.0,1.0
2,1,1,True,1,0.7524013513556779,0,0.11023882756682948,6,0.09364313255932472,9,0.02140026913258451,2,0.012130967608225771,1,15.0,4.0
2,6,2,False,2,0.46645185966027924,1,0.30299447283849723,5,0.11995007238980625,6,0.05549344224377583,7,0.05511015286764129,4,13.0,5.0
2,6,2,False,2,0.4386823977405956,1,0.31460470198156165,4,0.09416302430140278,7,0.05433846062305661,6,0.049527071516985446,5,12.0,5.0
2,1,1,True,1,0.7599075666217946,2,0.06884805750554028,7,0.05425508184727449,0,0.044985994397759105,9,0.042333333333333334,1,5.0,4.0
2,1,1,True,1,0.6058956358281733,7,0.13609162718340928,2,0.10166682652907706,3,0.06888051468610641,8,0.059637495952920776,1,7.0,4.0
2,1,2,False,2,0.7570961028995083,1,0.16604315881057352,7,0.07686073828991785,0,0.0,3,0.0,2,6.0,4.0
2,1,2,False,2,0.7570961028995083,1,0.16604315881057352,7,0.07686073828991785,0,0.0,3,0.0,2,6.0,4.0
2,1,1,True,1,0.636091407657902,0,0.1863561989410324,6,0.17755239340106563,2,0.0,3,0.0,1,16.0,3.0
2,1,1,True,1,0.6058956358281733,7,0.13609162718340928,2,0.10166682652907706,3,0.06888051468610641,8,0.059637495952920776,1,7.0,4.0
2,1,1,True,1,0.8612521533682673,8,0.06206128972369886,0,0.03230124838722472,6,0.023693001696333836,2,0.020692306824475586,1,15.0,2.0
2,8,1,False,1,0.697314686248156,8,0.1548215447686724,6,0.09849829926770305,0,0.0411030136900098,2,0.008262456025458659,2,16.0,1.0
2,8,1,False,1,0.8397946723816284,8,0.06948334884765442,6,0.03645966537135672,0,0.03194601029574057,5,0.016722064560684338,2,15.0,1.0
2,1,2,False,2,0.45712631018969757,1,0.22433102394562837,0,0.22258922058896705,6,0.09595344527570694,3,0.0,2,11.0,0.0
2,1,1,True,1,0.6058956358281733,7,0.13609162718340928,2,0.10166682652907706,3,0.06888051468610641,8,0.059637495952920776,1,7.0,4.0
2,6,1,False,1,0.37583243287712137,6,0.16174286291953813,5,0.1478063861513667,3,0.11860702481964658,4,0.09121898027371195,2,10.0,4.0
2,6,8,False,8,0.2685005924662207,1,0.24593572807382424,6,0.21454391713934418,4,0.16003812030080206,0,0.06773239692723604,3,8.0,3.0
2,1,1,True,1,0.4516024150887752,3,0.20369994488776108,7,0.10340745716543098,8,0.09741137971075667,6,0.07384925837705839,1,9.0,1.0
2,1,1,True,1,0.5288589223285993,7,0.1403663827453827,3,0.0974822844797044,6,0.08555315208653923,0,0.059965966003861795,1,8.0,4.0
2,1,1,True,1,0.43723830229909433,5,0.268935563237233,7,0.12481106532868971,6,0.0768126624930624,2,0.06573366269422158,1,8.0,0.0
2,1,1,True,1,0.5651714365159123,2,0.1335730980630604,4,0.10431496305031553,8,0.05824417259506065,6,0.05478993905707206,1,9.0,2.0
2,1,1,True,1,0.4516024150887752,3,0.20369994488776108,7,0.10340745716543098,8,0.09741137971075667,6,0.07384925837705839,1,9.0,1.0
2,1,8,False,8,0.2685005924662207,1,0.24593572807382424,6,0.21454391713934418,4,0.16003812030080206,0,0.06773239692723604,2,8.0,3.0
2,1,1,True,1,0.8105821498333105,9,0.12400401232754171,0,0.06541383783914739,2,0.0,4,0.0,1,13.0,4.0
2,1,1,True,1,0.7931269841269842,6,0.20687301587301588,2,0.0,0,0.0,3,0.0,1,15.0,5.0
2,1,1,True,1,0.7524013513556779,0,0.11023882756682948,6,0.09364313255932472,9,0.02140026913258451,2,0.012130967608225771,1,15.0,4.0
2,1,1,True,1,0.8612521533682673,8,0.06206128972369886,0,0.03230124838722472,6,0.023693001696333836,2,0.020692306824475586,1,15.0,2.0
2,9,1,False,1,0.4213928530739238,2,0.17249409925412074,5,0.11755038091012646,6,0.116113550989998,3,0.11250367287361833,6,11.0,4.0
2,1,1,True,1,0.828371320715748,6,0.171628679284252,2,0.0,0,0.0,3,0.0,1,18.0,2.0
2,1,1,True,1,0.8404433621933619,5,0.15955663780663779,2,0.0,0,0.0,3,0.0,1,17.0,1.0
2,6,2,False,2,0.33530775441397714,4,0.2840136484735356,6,0.14609461188391135,7,0.13341896841991205,1,0.1011650168086636,3,11.0,5.0
2,1,1,True,1,0.8920318440557564,0,0.04309706996326212,2,0.0390619195810173,6,0.017457072401279417,8,0.008352093998684368,1,15.0,0.0
2,0,1,False,1,0.8612521533682673,8,0.06206128972369886,0,0.03230124838722472,6,0.023693001696333836,2,0.020692306824475586,3,15.0,2.0
2,1,1,True,1,0.8920318440557564,0,0.04309706996326212,2,0.0390619195810173,6,0.017457072401279417,8,0.008352093998684368,1,15.0,0.0
2,1,1,True,1,0.7524013513556779,0,0.11023882756682948,6,0.09364313255932472,9,0.02140026913258451,2,0.012130967608225771,1,15.0,4.0
2,1,1,True,1,0.7524013513556779,0,0.11023882756682948,6,0.09364313255932472,9,0.02140026913258451,2,0.012130967608225771,1,15.0,4.0
2,1,1,True,1,0.8612521533682673,8,0.06206128972369886,0,0.03230124838722472,6,0.023693001696333836,2,0.020692306824475586,1,15.0,2.0
2,0,1,False,1,0.8397946723816284,8,0.06948334884765442,6,0.03645966537135672,0,0.03194601029574057,5,0.016722064560684338,4,15.0,1.0
2,1,1,True,1,0.8564024398939765,0,0.05916075141566323,8,0.05442836958343217,6,0.02327858971650927,2,0.006729849390419223,1,15.0,3.0
2,1,1,True,1,0.8920318440557564,0,0.04309706996326212,2,0.0390619195810173,6,0.017457072401279417,8,0.008352093998684368,1,15.0,0.0
2,0,1,False,1,0.8564024398939765,0,0.05916075141566323,8,0.05442836958343217,6,0.02327858971650927,2,0.006729849390419223,2,15.0,3.0
2,1,1,True,1,0.8397946723816284,8,0.06948334884765442,6,0.03645966537135672,0,0.03194601029574057,5,0.016722064560684338,1,15.0,1.0
2,1,1,True,1,0.7524013513556779,0,0.11023882756682948,6,0.09364313255932472,9,0.02140026913258451,2,0.012130967608225771,1,15.0,4.0
2,1,1,True,1,0.8612521533682673,8,0.06206128972369886,0,0.03230124838722472,6,0.023693001696333836,2,0.020692306824475586,1,15.0,2.0
2,2,2,True,2,0.5851944444444444,6,0.20846031746031735,1,0.20134523809523797,8,0.005,3,0.0,1,14.0,1.0
2,1,1,True,1,0.8397946723816284,8,0.06948334884765442,6,0.03645966537135672,0,0.03194601029574057,5,0.016722064560684338,1,15.0,1.0
2,0,1,False,1,0.8564024398939765,0,0.05916075141566323,8,0.05442836958343217,6,0.02327858971650927,2,0.006729849390419223,2,15.0,3.0
2,1,1,True,1,0.8564024398939765,0,0.05916075141566323,8,0.05442836958343217,6,0.02327858971650927,2,0.006729849390419223,1,15.0,3.0
2,1,1,True,1,0.8564024398939765,0,0.05916075141566323,8,0.05442836958343217,6,0.02327858971650927,2,0.006729849390419223,1,15.0,3.0
2,1,1,True,1,0.8564024398939765,0,0.05916075141566323,8,0.05442836958343217,6,0.02327858971650927,2,0.006729849390419223,1,15.0,3.0
2,1,1,True,1,0.8612521533682673,8,0.06206128972369886,0,0.03230124838722472,6,0.023693001696333836,2,0.020692306824475586,1,15.0,2.0
2,2,1,False,1,0.6287428880888631,6,0.12163415067904229,9,0.08717448680490472,0,0.08146653952342804,3,0.08056526823709484,6,12.0,4.0
2,1,1,True,1,0.8920318440557564,0,0.04309706996326212,2,0.0390619195810173,6,0.017457072401279417,8,0.008352093998684368,1,15.0,0.0
2,6,1,False,1,0.8564024398939765,0,0.05916075141566323,8,0.05442836958343217,6,0.02327858971650927,2,0.006729849390419223,4,15.0,3.0
2,1,2,False,2,0.35616698373863204,6,0.23786370658980263,1,0.21985985280522846,8,0.09504677275874202,4,0.09106268410759466,3,8.0,5.0
2,1,1,True,1,0.8397946723816284,8,0.06948334884765442,6,0.03645966537135672,0,0.03194601029574057,5,0.016722064560684338,1,15.0,1.0
2,1,1,True,1,0.9415231092559453,0,0.05847689074405485,2,0.0,3,0.0,4,0.0,1,16.0,0.0
2,1,1,True,1,0.6058956358281733,7,0.13609162718340928,2,0.10166682652907706,3,0.06888051468610641,8,0.059637495952920776,1,7.0,4.0
2,1,1,True,1,0.8564024398939765,0,0.05916075141566323,8,0.05442836958343217,6,0.02327858971650927,2,0.006729849390419223,1,15.0,3.0
2,1,1,True,1,0.3556861190962184,2,0.32705677786266,8,0.2053357177422321,6,0.06349217734838923,4,0.04842920795049986,1,7.0,3.0
2,2,2,True,2,0.9361904761904762,1,0.029666666666666668,0,0.011428571428571429,5,0.008095238095238095,8,0.006666666666666666,1,14.0,6.0
2,6,1,False,1,0.3366665784121974,3,0.2115971656258578,7,0.15892051222724812,8,0.13951759409057707,5,0.08242358447714107,7,8.0,1.0
2,2,1,False,1,0.7214888561852996,2,0.2761553417377722,0,0.0023558020769283324,3,0.0,4,0.0,2,7.0,2.0
2,2,1,False,1,0.655184975794684,2,0.2947170788193873,8,0.04969794538592829,0,0.0004,4,0.0,2,7.0,0.0
2,1,1,True,1,0.43723830229909433,5,0.268935563237233,7,0.12481106532868971,6,0.0768126624930624,2,0.06573366269422158,1,8.0,0.0
2,8,1,False,1,0.5288589223285993,7,0.1403663827453827,3,0.0974822844797044,6,0.08555315208653923,0,0.059965966003861795,7,8.0,4.0
2,8,1,False,1,0.43723830229909433,5,0.268935563237233,7,0.12481106532868971,6,0.0768126624930624,2,0.06573366269422158,9,8.0,0.0
2,2,2,True,2,0.35616698373863204,6,0.23786370658980263,1,0.21985985280522846,8,0.09504677275874202,4,0.09106268410759466,1,8.0,5.0
2,1,1,True,1,0.4227712544790737,3,0.15489837465892023,6,0.10250201810190619,4,0.08140845296303244,2,0.07893807986593099,1,9.0,4.0
2,1,1,True,1,0.697314686248156,8,0.1548215447686724,6,0.09849829926770305,0,0.0411030136900098,2,0.008262456025458659,1,16.0,1.0
2,1,1,True,1,0.7524013513556779,0,0.11023882756682948,6,0.09364313255932472,9,0.02140026913258451,2,0.012130967608225771,1,15.0,4.0
2,8,1,False,1,0.8397946723816284,8,0.06948334884765442,6,0.03645966537135672,0,0.03194601029574057,5,0.016722064560684338,2,15.0,1.0
2,1,1,True,1,0.9415231092559453,0,0.05847689074405485,2,0.0,3,0.0,4,0.0,1,16.0,0.0
2,1,1,True,1,0.9415231092559453,0,0.05847689074405485,2,0.0,3,0.0,4,0.0,1,16.0,0.0
2,1,1,True,1,0.6287428880888631,6,0.12163415067904229,9,0.08717448680490472,0,0.08146653952342804,3,0.08056526823709484,1,12.0,4.0
2,1,1,True,1,0.636091407657902,0,0.1863561989410324,6,0.17755239340106563,2,0.0,3,0.0,1,16.0,3.0
2,1,1,True,1,0.9415231092559453,0,0.05847689074405485,2,0.0,3,0.0,4,0.0,1,16.0,0.0
2,1,1,True,1,0.7865728028924036,8,0.15028698946592,6,0.03672735960873067,2,0.013633351371490805,0,0.012779496661454632,1,16.0,2.0
2,1,1,True,1,0.8920318440557564,0,0.04309706996326212,2,0.0390619195810173,6,0.017457072401279417,8,0.008352093998684368,1,15.0,0.0
2,1,1,True,1,0.8564024398939765,0,0.05916075141566323,8,0.05442836958343217,6,0.02327858971650927,2,0.006729849390419223,1,15.0,3.0
2,2,2,True,2,0.4355562770562772,1,0.37338672438672427,5,0.18446969696969695,4,0.005,0,0.0015873015873015873,1,12.0,6.0
2,1,1,True,1,0.39285714285714285,7,0.30646428571428574,9,0.2926343537414965,6,0.003920068027210884,8,0.002070578231292517,1,20.0,4.0
2,1,1,True,1,0.6287428880888631,6,0.12163415067904229,9,0.08717448680490472,0,0.08146653952342804,3,0.08056526823709484,1,12.0,4.0
2,1,1,True,1,0.697314686248156,8,0.1548215447686724,6,0.09849829926770305,0,0.0411030136900098,2,0.008262456025458659,1,16.0,1.0
2,1,1,True,1,0.8612521533682673,8,0.06206128972369886,0,0.03230124838722472,6,0.023693001696333836,2,0.020692306824475586,1,15.0,2.0
2,1,1,True,1,0.8564024398939765,0,0.05916075141566323,8,0.05442836958343217,6,0.02327858971650927,2,0.006729849390419223,1,15.0,3.0
2,1,1,True,1,0.697314686248156,8,0.1548215447686724,6,0.09849829926770305,0,0.0411030136900098,2,0.008262456025458659,1,16.0,1.0
2,8,1,False,1,0.8612521533682673,8,0.06206128972369886,0,0.03230124838722472,6,0.023693001696333836,2,0.020692306824475586,2,15.0,2.0
2,1,1,True,1,0.8612521533682673,8,0.06206128972369886,0,0.03230124838722472,6,0.023693001696333836,2,0.020692306824475586,1,15.0,2.0
2,1,1,True,1,0.8397946723816284,8,0.06948334884765442,6,0.03645966537135672,0,0.03194601029574057,5,0.016722064560684338,1,15.0,1.0
2,1,1,True,1,0.8564024398939765,0,0.05916075141566323,8,0.05442836958343217,6,0.02327858971650927,2,0.006729849390419223,1,15.0,3.0
2,1,1,True,1,0.8564024398939765,0,0.05916075141566323,8,0.05442836958343217,6,0.02327858971650927,2,0.006729849390419223,1,15.0,3.0
2,1,1,True,1,0.8612521533682673,8,0.06206128972369886,0,0.03230124838722472,6,0.023693001696333836,2,0.020692306824475586,1,15.0,2.0
2,1,2,False,2,0.3800238095238094,1,0.2390357142857143,5,0.20757142857142852,4,0.1733690476190476,3,0.0,2,11.0,2.0
2,1,1,True,1,0.697314686248156,8,0.1548215447686724,6,0.09849829926770305,0,0.0411030136900098,2,0.008262456025458659,1,16.0,1.0
2,1,1,True,1,0.8397946723816284,8,0.06948334884765442,6,0.03645966537135672,0,0.03194601029574057,5,0.016722064560684338,1,15.0,1.0
2,8,1,False,1,0.8564024398939765,0,0.05916075141566323,8,0.05442836958343217,6,0.02327858971650927,2,0.006729849390419223,3,15.0,3.0
2,8,1,False,1,0.8564024398939765,0,0.05916075141566323,8,0.05442836958343217,6,0.02327858971650927,2,0.006729849390419223,3,15.0,3.0
2,8,1,False,1,0.8564024398939765,0,0.05916075141566323,8,0.05442836958343217,6,0.02327858971650927,2,0.006729849390419223,3,15.0,3.0
2,8,1,False,1,0.8397946723816284,8,0.06948334884765442,6,0.03645966537135672,0,0.03194601029574057,5,0.016722064560684338,2,15.0,1.0
2,1,1,True,1,0.697314686248156,8,0.1548215447686724,6,0.09849829926770305,0,0.0411030136900098,2,0.008262456025458659,1,16.0,1.0
2,0,1,False,1,0.7524013513556779,0,0.11023882756682948,6,0.09364313255932472,9,0.02140026913258451,2,0.012130967608225771,2,15.0,4.0
2,2,2,True,2,0.4386823977405956,1,0.31460470198156165,4,0.09416302430140278,7,0.05433846062305661,6,0.049527071516985446,1,12.0,5.0
2,0,1,False,1,0.7524013513556779,0,0.11023882756682948,6,0.09364313255932472,9,0.02140026913258451,2,0.012130967608225771,2,15.0,4.0
2,2,1,False,1,0.8397946723816284,8,0.06948334884765442,6,0.03645966537135672,0,0.03194601029574057,5,0.016722064560684338,6,15.0,1.0
2,0,1,False,1,0.636091407657902,0,0.1863561989410324,6,0.17755239340106563,2,0.0,3,0.0,2,16.0,3.0
2,6,1,False,1,0.697314686248156,8,0.1548215447686724,6,0.09849829926770305,0,0.0411030136900098,2,0.008262456025458659,3,16.0,1.0
2,1,1,True,1,0.6321345598845596,2,0.3678654401154401,0,0.0,3,0.0,4,0.0,1,14.0,3.0
2,1,1,True,1,0.8612521533682673,8,0.06206128972369886,0,0.03230124838722472,6,0.023693001696333836,2,0.020692306824475586,1,15.0,2.0
2,1,1,True,1,0.9415231092559453,0,0.05847689074405485,2,0.0,3,0.0,4,0.0,1,16.0,0.0
2,6,1,False,1,0.389997173654631,9,0.3625848606625124,0,0.15837042038255184,6,0.0890475453003047,3,0.0,4,17.0,4.0
2,1,1,True,1,0.9415231092559453,0,0.05847689074405485,2,0.0,3,0.0,4,0.0,1,16.0,0.0
2,1,1,True,1,0.8397946723816284,8,0.06948334884765442,6,0.03645966537135672,0,0.03194601029574057,5,0.016722064560684338,1,15.0,1.0
2,1,1,True,1,0.9415231092559453,0,0.05847689074405485,2,0.0,3,0.0,4,0.0,1,16.0,0.0
2,1,1,True,1,0.9415231092559453,0,0.05847689074405485,2,0.0,3,0.0,4,0.0,1,16.0,0.0
2,1,1,True,1,0.9415231092559453,0,0.05847689074405485,2,0.0,3,0.0,4,0.0,1,16.0,0.0
2,1,1,True,1,0.8920318440557564,0,0.04309706996326212,2,0.0390619195810173,6,0.017457072401279417,8,0.008352093998684368,1,15.0,0.0
2,8,1,False,1,0.697314686248156,8,0.1548215447686724,6,0.09849829926770305,0,0.0411030136900098,2,0.008262456025458659,2,16.0,1.0
2,8,1,False,1,0.8397946723816284,8,0.06948334884765442,6,0.03645966537135672,0,0.03194601029574057,5,0.016722064560684338,2,15.0,1.0
2,6,1,False,1,0.7524013513556779,0,0.11023882756682948,6,0.09364313255932472,9,0.02140026913258451,2,0.012130967608225771,3,15.0,4.0
2,1,1,True,1,0.7524013513556779,0,0.11023882756682948,6,0.09364313255932472,9,0.02140026913258451,2,0.012130967608225771,1,15.0,4.0
2,6,1,False,1,0.697314686248156,8,0.1548215447686724,6,0.09849829926770305,0,0.0411030136900098,2,0.008262456025458659,3,16.0,1.0
2,6,1,False,1,0.636091407657902,0,0.1863561989410324,6,0.17755239340106563,2,0.0,3,0.0,3,16.0,3.0
2,1,1,True,1,0.7214888561852996,2,0.2761553417377722,0,0.0023558020769283324,3,0.0,4,0.0,1,7.0,2.0
2,6,1,False,1,0.43723830229909433,5,0.268935563237233,7,0.12481106532868971,6,0.0768126624930624,2,0.06573366269422158,4,8.0,0.0
2,6,1,False,1,0.43723830229909433,5,0.268935563237233,7,0.12481106532868971,6,0.0768126624930624,2,0.06573366269422158,4,8.0,0.0
2,2,1,False,1,0.2868116515209348,3,0.2660963263597447,7,0.14858767995425493,2,0.12416691860662478,8,0.11114910148325885,4,7.0,1.0
2,2,1,False,1,0.2868116515209348,3,0.2660963263597447,7,0.14858767995425493,2,0.12416691860662478,8,0.11114910148325885,4,7.0,1.0
2,8,1,False,1,0.3366665784121974,3,0.2115971656258578,7,0.15892051222724812,8,0.13951759409057707,5,0.08242358447714107,4,8.0,1.0
2,2,2,True,2,0.5719710678210678,1,0.4256098845598846,0,0.002419047619047619,3,0.0,4,0.0,1,6.0,2.0
2,1,1,True,1,0.4876483754962755,6,0.21052324659727414,2,0.10145968467838565,4,0.09749583224356684,8,0.06818327202206827,1,9.0,0.0
2,2,1,False,1,0.40130393217893234,8,0.3305849567099567,2,0.268111111111111,0,0.0,4,0.0,3,7.0,5.0
2,8,2,False,2,0.35616698373863204,6,0.23786370658980263,1,0.21985985280522846,8,0.09504677275874202,4,0.09106268410759466,4,8.0,5.0
2,2,1,False,1,0.40130393217893234,8,0.3305849567099567,2,0.268111111111111,0,0.0,4,0.0,3,7.0,5.0
2,2,1,False,1,0.7214888561852996,2,0.2761553417377722,0,0.0023558020769283324,3,0.0,4,0.0,2,7.0,2.0
2,1,2,False,2,0.2588226267833747,6,0.23090359471518432,1,0.22865327908562164,7,0.13280454485412188,4,0.12123376493821643,3,9.0,5.0
2,1,2,False,2,0.4386823977405956,1,0.31460470198156165,4,0.09416302430140278,7,0.05433846062305661,6,0.049527071516985446,2,12.0,5.0
2,1,8,False,8,0.5285555555555554,1,0.47144444444444455,2,0.0,0,0.0,4,0.0,2,14.0,0.0
3,1,4,False,4,0.2604238920656675,1,0.2589857031886915,5,0.18899021338811345,0,0.18612566826242954,2,0.10547452309509783,2,10.0,2.0
3,5,1,False,1,0.40999468867262495,5,0.2752104977199548,7,0.18467305893014957,2,0.04776600896658231,6,0.03260508531885112,2,8.0,2.0
3,4,4,True,4,0.3182792790411843,1,0.2307220589565304,2,0.11989939989445675,8,0.10112284254992861,7,0.07809397726936787,1,9.0,3.0
3,5,1,False,1,0.40999468867262495,5,0.2752104977199548,7,0.18467305893014957,2,0.04776600896658231,6,0.03260508531885112,2,8.0,2.0
3,2,0,False,0,0.3613599594849594,1,0.3151800976800976,2,0.21798554223554217,6,0.10547440059940053,3,0.0,3,11.0,0.0
3,5,5,True,5,0.5920742927160784,2,0.23433967825247928,1,0.11341531575330537,7,0.06017071327813687,3,0.0,1,8.0,6.0
3,5,1,False,1,0.40999468867262495,5,0.2752104977199548,7,0.18467305893014957,2,0.04776600896658231,6,0.03260508531885112,2,8.0,2.0
3,4,4,True,4,0.3182792790411843,1,0.2307220589565304,2,0.11989939989445675,8,0.10112284254992861,7,0.07809397726936787,1,9.0,3.0
3,4,1,False,1,0.27891097418418204,8,0.2704293917919389,6,0.19208898609631245,4,0.14425175764713186,0,0.045761236636295013,4,8.0,3.0
3,4,1,False,1,0.47001945276945273,2,0.37476146076146094,5,0.15410797535797532,0,0.0011111111111111111,3,0.0,6,11.0,2.0
3,3,1,False,1,0.3399209537451068,3,0.18074037938971757,7,0.1661284313569111,8,0.13759373631745742,5,0.07958765699525674,2,8.0,1.0
3,3,1,False,1,0.45725300074398567,3,0.16203697741027193,7,0.14267502824929396,8,0.09068093679965596,6,0.05603292093140651,2,9.0,1.0
3,7,1,False,1,0.3111556501895334,2,0.22165610300682964,6,0.21577132348831118,4,0.12761904881698943,7,0.08633180924434429,5,9.0,5.0
3,7,1,False,1,0.3399209537451068,3,0.18074037938971757,7,0.1661284313569111,8,0.13759373631745742,5,0.07958765699525674,3,8.0,1.0
3,7,6,False,6,0.32464936060970173,1,0.27694723664110515,2,0.20125340568929873,4,0.13463235979930688,7,0.06251763726058718,5,10.0,5.0
3,2,2,True,2,0.2990578892125589,1,0.2557626953371961,6,0.24101741331316212,8,0.1574707500611963,4,0.04669125207588602,1,8.0,5.0
3,1,1,True,1,0.5435574933617492,7,0.1625357053376049,3,0.0897743733726592,6,0.07137068450802533,0,0.04194192928154226,1,8.0,4.0
3,1,1,True,1,0.3399209537451068,3,0.18074037938971757,7,0.1661284313569111,8,0.13759373631745742,5,0.07958765699525674,1,8.0,1.0
3,0,1,False,1,0.5435574933617492,7,0.1625357053376049,3,0.0897743733726592,6,0.07137068450802533,0,0.04194192928154226,5,8.0,4.0
3,1,1,True,1,0.45725300074398567,3,0.16203697741027193,7,0.14267502824929396,8,0.09068093679965596,6,0.05603292093140651,1,9.0,1.0
3,1,1,True,1,0.30521375683364677,6,0.21109820148022349,4,0.13587523974498616,3,0.13217707844851673,5,0.09357296107665329,1,10.0,4.0
3,3,1,False,1,0.3399209537451068,3,0.18074037938971757,7,0.1661284313569111,8,0.13759373631745742,5,0.07958765699525674,2,8.0,1.0
3,3,2,False,2,0.3591187838012539,7,0.21106301601813815,3,0.2091644047926735,1,0.1362526470127441,5,0.08440114837519029,3,6.0,1.0
3,4,2,False,2,0.33833176305504964,4,0.25605000366406905,6,0.1564065206850579,7,0.15140653656640662,1,0.09780517602941652,2,11.0,5.0
3,3,1,False,1,0.3399209537451068,3,0.18074037938971757,7,0.1661284313569111,8,0.13759373631745742,5,0.07958765699525674,2,8.0,1.0
3,1,1,True,1,0.2461072269234033,3,0.234788847590318,0,0.2101801253871687,4,0.0802988679277379,6,0.07998674992018644,1,10.0,1.0
3,1,2,False,2,0.44028571428571434,4,0.3873888888888889,0,0.17032539682539677,1,0.002,3,0.0,4,11.0,6.0
3,1,1,True,1,0.7469221940424409,0,0.1103779780311639,6,0.10284147639621243,9,0.018319462686910273,8,0.010962643429415846,1,15.0,4.0
3,5,2,False,2,0.6136417748917748,1,0.37175703463203463,0,0.010601190476190474,4,0.004,3,0.0,6,12.0,6.0
3,4,2,False,2,0.2990578892125589,1,0.2557626953371961,6,0.24101741331316212,8,0.1574707500611963,4,0.04669125207588602,5,8.0,5.0
3,5,1,False,1,0.40999468867262495,5,0.2752104977199548,7,0.18467305893014957,2,0.04776600896658231,6,0.03260508531885112,2,8.0,2.0
3,5,2,False,2,0.3591187838012539,7,0.21106301601813815,3,0.2091644047926735,1,0.1362526470127441,5,0.08440114837519029,5,6.0,1.0
3,5,5,True,5,0.5920742927160784,2,0.23433967825247928,1,0.11341531575330537,7,0.06017071327813687,3,0.0,1,8.0,6.0
3,5,1,False,1,0.3933640672398664,5,0.28113270468950446,7,0.11265032983054045,6,0.10875484687734506,2,0.06718523892444855,2,8.0,0.0
3,5,1,False,1,0.30521375683364677,6,0.21109820148022349,4,0.13587523974498616,3,0.13217707844851673,5,0.09357296107665329,5,10.0,4.0
3,1,1,True,1,0.7315498945498945,0,0.2679501054501054,2,0.0005,3,0.0,4,0.0,1,12.0,1.0
3,1,0,False,0,0.3613599594849594,1,0.3151800976800976,2,0.21798554223554217,6,0.10547440059940053,3,0.0,2,11.0,0.0
3,1,1,True,1,0.3366522221918145,6,0.15724149421822828,5,0.11712280642250818,3,0.11298489030089576,9,0.11174807685758747,1,11.0,4.0
3,2,1,False,1,0.41617437679279773,8,0.31299736228683583,2,0.26910896267475215,0,0.001719298245614035,4,0.0,3,14.0,2.0
3,3,1,False,1,0.45725300074398567,3,0.16203697741027193,7,0.14267502824929396,8,0.09068093679965596,6,0.05603292093140651,2,9.0,1.0
3,5,1,False,1,0.40999468867262495,5,0.2752104977199548,7,0.18467305893014957,2,0.04776600896658231,6,0.03260508531885112,2,8.0,2.0
3,7,1,False,1,0.3933640672398664,5,0.28113270468950446,7,0.11265032983054045,6,0.10875484687734506,2,0.06718523892444855,3,8.0,0.0
3,7,1,False,1,0.40999468867262495,5,0.2752104977199548,7,0.18467305893014957,2,0.04776600896658231,6,0.03260508531885112,3,8.0,2.0
3,7,1,False,1,0.3198547044840328,3,0.2556123451086052,2,0.14334499941688822,7,0.10787090902208787,8,0.10743828577325619,4,7.0,1.0
3,3,1,False,1,0.3198547044840328,3,0.2556123451086052,2,0.14334499941688822,7,0.10787090902208787,8,0.10743828577325619,2,7.0,1.0
3,7,2,False,2,0.3591187838012539,7,0.21106301601813815,3,0.2091644047926735,1,0.1362526470127441,5,0.08440114837519029,2,6.0,1.0
3,4,6,False,6,0.32464936060970173,1,0.27694723664110515,2,0.20125340568929873,4,0.13463235979930688,7,0.06251763726058718,4,10.0,5.0
3,3,1,False,1,0.5435574933617492,7,0.1625357053376049,3,0.0897743733726592,6,0.07137068450802533,0,0.04194192928154226,3,8.0,4.0
3,7,2,False,2,0.3591187838012539,7,0.21106301601813815,3,0.2091644047926735,1,0.1362526470127441,5,0.08440114837519029,2,6.0,1.0
3,7,1,False,1,0.3198547044840328,3,0.2556123451086052,2,0.14334499941688822,7,0.10787090902208787,8,0.10743828577325619,4,7.0,1.0
3,7,1,False,1,0.3198547044840328,3,0.2556123451086052,2,0.14334499941688822,7,0.10787090902208787,8,0.10743828577325619,4,7.0,1.0
3,2,4,False,4,0.26493809939630364,1,0.24496294340334576,2,0.23031694277514694,7,0.08913814367606936,8,0.08582924059085048,3,10.0,0.0
3,2,1,False,1,0.3111556501895334,2,0.22165610300682964,6,0.21577132348831118,4,0.12761904881698943,7,0.08633180924434429,2,9.0,5.0
3,1,1,True,1,0.5435574933617492,7,0.1625357053376049,3,0.0897743733726592,6,0.07137068450802533,0,0.04194192928154226,1,8.0,4.0
3,1,2,False,2,0.2990578892125589,1,0.2557626953371961,6,0.24101741331316212,8,0.1574707500611963,4,0.04669125207588602,2,8.0,5.0
3,1,1,True,1,0.40999468867262495,5,0.2752104977199548,7,0.18467305893014957,2,0.04776600896658231,6,0.03260508531885112,1,8.0,2.0
3,1,1,True,1,0.3399209537451068,3,0.18074037938971757,7,0.1661284313569111,8,0.13759373631745742,5,0.07958765699525674,1,8.0,1.0
3,1,1,True,1,0.5435574933617492,7,0.1625357053376049,3,0.0897743733726592,6,0.07137068450802533,0,0.04194192928154226,1,8.0,4.0
3,1,1,True,1,0.3933640672398664,5,0.28113270468950446,7,0.11265032983054045,6,0.10875484687734506,2,0.06718523892444855,1,8.0,0.0
3,2,1,False,1,0.3366522221918145,6,0.15724149421822828,5,0.11712280642250818,3,0.11298489030089576,9,0.11174807685758747,6,11.0,4.0
3,2,1,False,1,0.8934501168765872,2,0.10654988312341257,0,0.0,3,0.0,4,0.0,2,11.0,3.0
3,1,1,True,1,0.8870864135864133,6,0.11291358641358636,2,0.0,0,0.0,3,0.0,1,18.0,1.0
3,1,1,True,1,1.0,0,0.0,2,0.0,3,0.0,4,0.0,1,19.0,1.0
3,1,1,True,1,0.8870864135864133,6,0.11291358641358636,2,0.0,0,0.0,3,0.0,1,18.0,1.0
3,1,1,True,1,0.7469221940424409,0,0.1103779780311639,6,0.10284147639621243,9,0.018319462686910273,8,0.010962643429415846,1,15.0,4.0
3,1,1,True,1,0.7157398990366737,8,0.13764507540632176,6,0.09934838445148586,0,0.03183961594283649,2,0.00811652215278565,1,16.0,1.0
3,1,1,True,1,0.7056125526430896,2,0.2920841903832465,0,0.0023032569736637057,3,0.0,4,0.0,1,12.0,2.0
3,1,1,True,1,0.7469221940424409,0,0.1103779780311639,6,0.10284147639621243,9,0.018319462686910273,8,0.010962643429415846,1,15.0,4.0
3,1,1,True,1,0.855741328224573,8,0.06052171023585569,0,0.03820211226027275,2,0.02320320824113212,6,0.02233164103816674,1,15.0,2.0
3,1,1,True,1,0.8999346710747228,0,0.051961222509083686,2,0.03228369286831706,6,0.008573245356709247,8,0.007247168191167307,1,15.0,0.0
3,1,1,True,1,0.7819527922019147,8,0.14759589112546423,6,0.04638523016465526,2,0.013335286517459567,0,0.01073079999050649,1,16.0,2.0
3,1,1,True,1,0.7970929165937958,8,0.08925410038349516,6,0.04202259160633931,0,0.03735587230005387,5,0.022496411610241726,1,15.0,1.0
3,1,4,False,4,0.26493809939630364,1,0.24496294340334576,2,0.23031694277514694,7,0.08913814367606936,8,0.08582924059085048,2,10.0,0.0
3,1,1,True,1,0.7056125526430896,2,0.2920841903832465,0,0.0023032569736637057,3,0.0,4,0.0,1,12.0,2.0
3,1,1,True,1,0.855741328224573,8,0.06052171023585569,0,0.03820211226027275,2,0.02320320824113212,6,0.02233164103816674,1,15.0,2.0
3,1,1,True,1,0.8999346710747228,0,0.051961222509083686,2,0.03228369286831706,6,0.008573245356709247,8,0.007247168191167307,1,15.0,0.0
3,1,4,False,4,0.2604238920656675,1,0.2589857031886915,5,0.18899021338811345,0,0.18612566826242954,2,0.10547452309509783,2,10.0,2.0
3,1,1,True,1,0.8367126555075467,8,0.08415468733193189,2,0.07913265716052095,0,0.0,4,0.0,1,14.0,4.0
3,1,1,True,1,0.7970929165937958,8,0.08925410038349516,6,0.04202259160633931,0,0.03735587230005387,5,0.022496411610241726,1,15.0,1.0
3,6,1,False,1,0.5706236683338838,6,0.13603751456884342,0,0.11918221863788091,8,0.09725943615912275,9,0.07619948788166436,2,16.0,4.0
3,1,1,True,1,0.7469221940424409,0,0.1103779780311639,6,0.10284147639621243,9,0.018319462686910273,8,0.010962643429415846,1,15.0,4.0
3,1,1,True,1,0.3933640672398664,5,0.28113270468950446,7,0.11265032983054045,6,0.10875484687734506,2,0.06718523892444855,1,8.0,0.0
3,2,2,True,2,0.35899610261822335,1,0.3408684767511875,6,0.10740181716484526,4,0.10026126536951993,7,0.04605436452968801,1,12.0,5.0
3,1,1,True,1,0.42798954544224943,3,0.1681450447567268,4,0.08880651542963466,6,0.08243224368173285,7,0.05711763575855433,1,9.0,4.0
3,1,1,True,1,0.27891097418418204,8,0.2704293917919389,6,0.19208898609631245,4,0.14425175764713186,0,0.045761236636295013,1,8.0,3.0
3,1,1,True,1,0.7286060935471985,2,0.2703972149722393,0,0.0009966914805624482,3,0.0,4,0.0,1,7.0,2.0
3,1,1,True,1,0.41260127447376244,6,0.21041002209761114,2,0.14643106955589752,4,0.10876200953214359,8,0.08149251079289892,1,9.0,0.0
3,1,1,True,1,0.3933640672398664,5,0.28113270468950446,7,0.11265032983054045,6,0.10875484687734506,2,0.06718523892444855,1,8.0,0.0
3,1,1,True,1,0.3399209537451068,3,0.18074037938971757,7,0.1661284313569111,8,0.13759373631745742,5,0.07958765699525674,1,8.0,1.0
3,1,2,False,2,0.35899610261822335,1,0.3408684767511875,6,0.10740181716484526,4,0.10026126536951993,7,0.04605436452968801,2,12.0,5.0
3,1,1,True,1,0.7469221940424409,0,0.1103779780311639,6,0.10284147639621243,9,0.018319462686910273,8,0.010962643429415846,1,15.0,4.0
3,1,1,True,1,0.7819527922019147,8,0.14759589112546423,6,0.04638523016465526,2,0.013335286517459567,0,0.01073079999050649,1,16.0,2.0
3,9,1,False,1,0.8367126555075467,8,0.08415468733193189,2,0.07913265716052095,0,0.0,4,0.0,10,14.0,4.0
3,1,1,True,1,0.8621735486735485,5,0.1378264513264513,2,0.0,0,0.0,3,0.0,1,17.0,1.0
3,1,1,True,1,0.7157398990366737,8,0.13764507540632176,6,0.09934838445148586,0,0.03183961594283649,2,0.00811652215278565,1,16.0,1.0
3,1,1,True,1,0.7970929165937958,8,0.08925410038349516,6,0.04202259160633931,0,0.03735587230005387,5,0.022496411610241726,1,15.0,1.0
3,1,1,True,1,0.6566987520905221,0,0.17363692708721964,6,0.16921987637781388,2,0.00044444444444444447,3,0.0,1,16.0,3.0
3,0,4,False,4,0.32451021201021185,0,0.20234176934176934,1,0.17941924741924742,2,0.14877311577311572,5,0.14495565545565545,2,10.0,6.0
3,2,1,False,1,0.42798954544224943,3,0.1681450447567268,4,0.08880651542963466,6,0.08243224368173285,7,0.05711763575855433,6,9.0,4.0
3,1,1,True,1,0.855741328224573,8,0.06052171023585569,0,0.03820211226027275,2,0.02320320824113212,6,0.02233164103816674,1,15.0,2.0
3,1,1,True,1,0.9524223599817477,0,0.04757764001825197,2,0.0,3,0.0,4,0.0,1,16.0,0.0
3,0,1,False,1,0.6566987520905221,0,0.17363692708721964,6,0.16921987637781388,2,0.00044444444444444447,3,0.0,2,16.0,3.0
3,0,1,False,1,0.8392394695912426,8,0.07380533027284802,0,0.049482662817369086,6,0.030826614726533315,2,0.006645922592007151,3,15.0,3.0
3,1,1,True,1,0.7970929165937958,8,0.08925410038349516,6,0.04202259160633931,0,0.03735587230005387,5,0.022496411610241726,1,15.0,1.0
3,1,1,True,1,0.8392394695912426,8,0.07380533027284802,0,0.049482662817369086,6,0.030826614726533315,2,0.006645922592007151,1,15.0,3.0
3,1,1,True,1,0.7469221940424409,0,0.1103779780311639,6,0.10284147639621243,9,0.018319462686910273,8,0.010962643429415846,1,15.0,4.0
3,1,1,True,1,0.855741328224573,8,0.06052171023585569,0,0.03820211226027275,2,0.02320320824113212,6,0.02233164103816674,1,15.0,2.0
3,1,1,True,1,0.7819527922019147,8,0.14759589112546423,6,0.04638523016465526,2,0.013335286517459567,0,0.01073079999050649,1,16.0,2.0
3,1,1,True,1,0.9524223599817477,0,0.04757764001825197,2,0.0,3,0.0,4,0.0,1,16.0,0.0
3,1,1,True,1,0.7469221940424409,0,0.1103779780311639,6,0.10284147639621243,9,0.018319462686910273,8,0.010962643429415846,1,15.0,4.0
3,1,1,True,1,0.7469221940424409,0,0.1103779780311639,6,0.10284147639621243,9,0.018319462686910273,8,0.010962643429415846,1,15.0,4.0
3,1,1,True,1,0.8999346710747228,0,0.051961222509083686,2,0.03228369286831706,6,0.008573245356709247,8,0.007247168191167307,1,15.0,0.0
3,1,1,True,1,1.0,0,0.0,2,0.0,3,0.0,4,0.0,1,12.0,3.0
3,1,1,True,1,0.7935158730158729,0,0.206484126984127,2,0.0,3,0.0,4,0.0,1,13.0,1.0
3,1,1,True,1,0.7935158730158729,0,0.206484126984127,2,0.0,3,0.0,4,0.0,1,13.0,1.0
3,1,2,False,2,0.5488464912280702,1,0.44299561403508775,4,0.005,6,0.002105263157894737,5,0.0010526315789473684,2,13.0,6.0
3,1,1,True,1,0.7970929165937958,8,0.08925410038349516,6,0.04202259160633931,0,0.03735587230005387,5,0.022496411610241726,1,15.0,1.0
3,1,1,True,1,0.8999346710747228,0,0.051961222509083686,2,0.03228369286831706,6,0.008573245356709247,8,0.007247168191167307,1,15.0,0.0
3,1,1,True,1,0.8392394695912426,8,0.07380533027284802,0,0.049482662817369086,6,0.030826614726533315,2,0.006645922592007151,1,15.0,3.0
3,1,1,True,1,0.8392394695912426,8,0.07380533027284802,0,0.049482662817369086,6,0.030826614726533315,2,0.006645922592007151,1,15.0,3.0
3,6,1,False,1,0.3956715267820227,9,0.38814787718600485,0,0.14528369413113315,6,0.07089690190083914,3,0.0,4,17.0,4.0
3,6,1,False,1,0.6566987520905221,0,0.17363692708721964,6,0.16921987637781388,2,0.00044444444444444447,3,0.0,3,16.0,3.0
3,1,1,True,1,0.6566987520905221,0,0.17363692708721964,6,0.16921987637781388,2,0.00044444444444444447,3,0.0,1,16.0,3.0
3,1,1,True,1,0.7970929165937958,8,0.08925410038349516,6,0.04202259160633931,0,0.03735587230005387,5,0.022496411610241726,1,15.0,1.0
3,1,1,True,1,0.5706236683338838,6,0.13603751456884342,0,0.11918221863788091,8,0.09725943615912275,9,0.07619948788166436,1,16.0,4.0
3,1,1,True,1,0.8392394695912426,8,0.07380533027284802,0,0.049482662817369086,6,0.030826614726533315,2,0.006645922592007151,1,15.0,3.0
3,1,1,True,1,0.8392394695912426,8,0.07380533027284802,0,0.049482662817369086,6,0.030826614726533315,2,0.006645922592007151,1,15.0,3.0
3,1,1,True,1,0.7970929165937958,8,0.08925410038349516,6,0.04202259160633931,0,0.03735587230005387,5,0.022496411610241726,1,15.0,1.0
3,1,1,True,1,0.7970929165937958,8,0.08925410038349516,6,0.04202259160633931,0,0.03735587230005387,5,0.022496411610241726,1,15.0,1.0
3,1,1,True,1,0.8999346710747228,0,0.051961222509083686,2,0.03228369286831706,6,0.008573245356709247,8,0.007247168191167307,1,15.0,0.0
3,1,1,True,1,0.7469221940424409,0,0.1103779780311639,6,0.10284147639621243,9,0.018319462686910273,8,0.010962643429415846,1,15.0,4.0
3,1,1,True,1,0.7819527922019147,8,0.14759589112546423,6,0.04638523016465526,2,0.013335286517459567,0,0.01073079999050649,1,16.0,2.0
3,1,1,True,1,0.855741328224573,8,0.06052171023585569,0,0.03820211226027275,2,0.02320320824113212,6,0.02233164103816674,1,15.0,2.0
3,1,1,True,1,0.7970929165937958,8,0.08925410038349516,6,0.04202259160633931,0,0.03735587230005387,5,0.022496411610241726,1,15.0,1.0
3,2,1,False,1,0.3198547044840328,3,0.2556123451086052,2,0.14334499941688822,7,0.10787090902208787,8,0.10743828577325619,3,7.0,1.0
3,6,1,False,1,0.42798954544224943,3,0.1681450447567268,4,0.08880651542963466,6,0.08243224368173285,7,0.05711763575855433,4,9.0,4.0
3,1,1,True,1,0.45725300074398567,3,0.16203697741027193,7,0.14267502824929396,8,0.09068093679965596,6,0.05603292093140651,1,9.0,1.0
3,1,1,True,1,0.3399209537451068,3,0.18074037938971757,7,0.1661284313569111,8,0.13759373631745742,5,0.07958765699525674,1,8.0,1.0
3,1,1,True,1,0.3399209537451068,3,0.18074037938971757,7,0.1661284313569111,8,0.13759373631745742,5,0.07958765699525674,1,8.0,1.0
3,1,1,True,1,0.5435574933617492,7,0.1625357053376049,3,0.0897743733726592,6,0.07137068450802533,0,0.04194192928154226,1,8.0,4.0
3,1,1,True,1,0.5798727914144901,3,0.1393793901045404,7,0.11296237987387672,2,0.08341476418547479,8,0.0557692384181868,1,7.0,4.0
3,1,1,True,1,0.30521375683364677,6,0.21109820148022349,4,0.13587523974498616,3,0.13217707844851673,5,0.09357296107665329,1,10.0,4.0
3,1,1,True,1,0.8623753485928678,2,0.08474369902617983,5,0.024697619047619045,0,0.02075,8,0.005833333333333333,1,13.0,2.0
3,1,1,True,1,0.7056125526430896,2,0.2920841903832465,0,0.0023032569736637057,3,0.0,4,0.0,1,12.0,2.0
3,1,1,True,1,0.7315498945498945,0,0.2679501054501054,2,0.0005,3,0.0,4,0.0,1,12.0,1.0
3,1,1,True,1,0.8392394695912426,8,0.07380533027284802,0,0.049482662817369086,6,0.030826614726533315,2,0.006645922592007151,1,15.0,3.0
3,1,4,False,4,0.26493809939630364,1,0.24496294340334576,2,0.23031694277514694,7,0.08913814367606936,8,0.08582924059085048,2,10.0,0.0
3,1,1,True,1,0.7970929165937958,8,0.08925410038349516,6,0.04202259160633931,0,0.03735587230005387,5,0.022496411610241726,1,15.0,1.0
3,6,2,False,2,0.33833176305504964,4,0.25605000366406905,6,0.1564065206850579,7,0.15140653656640662,1,0.09780517602941652,3,11.0,5.0
3,9,1,False,1,0.5118873080393979,9,0.306645211556589,6,0.09528329389049205,7,0.08618418651352087,3,0.0,2,18.0,4.0
3,1,1,True,1,0.8392394695912426,8,0.07380533027284802,0,0.049482662817369086,6,0.030826614726533315,2,0.006645922592007151,1,15.0,3.0
3,1,1,True,1,0.7469221940424409,0,0.1103779780311639,6,0.10284147639621243,9,0.018319462686910273,8,0.010962643429415846,1,15.0,4.0
3,1,1,True,1,1.0,0,0.0,2,0.0,3,0.0,4,0.0,1,19.0,2.0
3,1,1,True,1,0.839025796357065,6,0.16097420364293424,2,0.0,0,0.0,3,0.0,1,18.0,2.0
3,0,1,False,1,0.9524223599817477,0,0.04757764001825197,2,0.0,3,0.0,4,0.0,2,16.0,0.0
3,1,1,True,1,0.7469221940424409,0,0.1103779780311639,6,0.10284147639621243,9,0.018319462686910273,8,0.010962643429415846,1,15.0,4.0
3,1,1,True,1,0.7970929165937958,8,0.08925410038349516,6,0.04202259160633931,0,0.03735587230005387,5,0.022496411610241726,1,15.0,1.0
3,1,1,True,1,0.855741328224573,8,0.06052171023585569,0,0.03820211226027275,2,0.02320320824113212,6,0.02233164103816674,1,15.0,2.0
3,0,1,False,1,0.8392394695912426,8,0.07380533027284802,0,0.049482662817369086,6,0.030826614726533315,2,0.006645922592007151,3,15.0,3.0
3,0,1,False,1,0.7157398990366737,8,0.13764507540632176,6,0.09934838445148586,0,0.03183961594283649,2,0.00811652215278565,4,16.0,1.0
3,1,1,True,1,0.855741328224573,8,0.06052171023585569,0,0.03820211226027275,2,0.02320320824113212,6,0.02233164103816674,1,15.0,2.0
3,2,1,False,1,0.3111556501895334,2,0.22165610300682964,6,0.21577132348831118,4,0.12761904881698943,7,0.08633180924434429,2,9.0,5.0
3,1,1,True,1,0.7970929165937958,8,0.08925410038349516,6,0.04202259160633931,0,0.03735587230005387,5,0.022496411610241726,1,15.0,1.0
3,1,1,True,1,0.8999346710747228,0,0.051961222509083686,2,0.03228369286831706,6,0.008573245356709247,8,0.007247168191167307,1,15.0,0.0
3,2,6,False,6,0.32464936060970173,1,0.27694723664110515,2,0.20125340568929873,4,0.13463235979930688,7,0.06251763726058718,3,10.0,5.0
3,0,1,False,1,0.27891097418418204,8,0.2704293917919389,6,0.19208898609631245,4,0.14425175764713186,0,0.045761236636295013,5,8.0,3.0
3,2,1,False,1,0.8623753485928678,2,0.08474369902617983,5,0.024697619047619045,0,0.02075,8,0.005833333333333333,2,13.0,2.0
3,1,1,True,1,0.5706236683338838,6,0.13603751456884342,0,0.11918221863788091,8,0.09725943615912275,9,0.07619948788166436,1,16.0,4.0
3,1,1,True,1,0.7469221940424409,0,0.1103779780311639,6,0.10284147639621243,9,0.018319462686910273,8,0.010962643429415846,1,15.0,4.0
3,1,1,True,1,0.7469221940424409,0,0.1103779780311639,6,0.10284147639621243,9,0.018319462686910273,8,0.010962643429415846,1,15.0,4.0
3,1,1,True,1,0.7469221940424409,0,0.1103779780311639,6,0.10284147639621243,9,0.018319462686910273,8,0.010962643429415846,1,15.0,4.0
3,1,1,True,1,0.6566987520905221,0,0.17363692708721964,6,0.16921987637781388,2,0.00044444444444444447,3,0.0,1,16.0,3.0
3,1,1,True,1,0.5706236683338838,6,0.13603751456884342,0,0.11918221863788091,8,0.09725943615912275,9,0.07619948788166436,1,16.0,4.0
3,1,1,True,1,0.8999346710747228,0,0.051961222509083686,2,0.03228369286831706,6,0.008573245356709247,8,0.007247168191167307,1,15.0,0.0
3,2,2,True,2,0.2990578892125589,1,0.2557626953371961,6,0.24101741331316212,8,0.1574707500611963,4,0.04669125207588602,1,8.0,5.0
3,6,1,False,1,0.5706236683338838,6,0.13603751456884342,0,0.11918221863788091,8,0.09725943615912275,9,0.07619948788166436,2,16.0,4.0
3,1,1,True,1,0.8999346710747228,0,0.051961222509083686,2,0.03228369286831706,6,0.008573245356709247,8,0.007247168191167307,1,15.0,0.0
3,1,1,True,1,0.7469221940424409,0,0.1103779780311639,6,0.10284147639621243,9,0.018319462686910273,8,0.010962643429415846,1,15.0,4.0
3,1,1,True,1,0.7970929165937958,8,0.08925410038349516,6,0.04202259160633931,0,0.03735587230005387,5,0.022496411610241726,1,15.0,1.0
3,1,1,True,1,0.41260127447376244,6,0.21041002209761114,2,0.14643106955589752,4,0.10876200953214359,8,0.08149251079289892,1,9.0,0.0
3,1,1,True,1,0.3933640672398664,5,0.28113270468950446,7,0.11265032983054045,6,0.10875484687734506,2,0.06718523892444855,1,8.0,0.0
3,6,1,False,1,0.40065018052384793,2,0.34970836837927605,8,0.20576844670363306,4,0.043873004393242626,3,0.0,7,7.0,3.0
3,1,4,False,4,0.3182792790411843,1,0.2307220589565304,2,0.11989939989445675,8,0.10112284254992861,7,0.07809397726936787,2,9.0,3.0
3,1,1,True,1,0.5434334142174838,2,0.14323417306101102,4,0.12525832050339963,6,0.05468083776520901,8,0.05463546426204997,1,9.0,2.0
3,2,1,False,1,0.7286060935471985,2,0.2703972149722393,0,0.0009966914805624482,3,0.0,4,0.0,2,7.0,2.0
3,1,1,True,1,0.41260127447376244,6,0.21041002209761114,2,0.14643106955589752,4,0.10876200953214359,8,0.08149251079289892,1,9.0,0.0
3,1,1,True,1,0.3933640672398664,5,0.28113270468950446,7,0.11265032983054045,6,0.10875484687734506,2,0.06718523892444855,1,8.0,0.0
3,1,1,True,1,0.5434334142174838,2,0.14323417306101102,4,0.12525832050339963,6,0.05468083776520901,8,0.05463546426204997,1,9.0,2.0
3,2,1,False,1,0.7286060935471985,2,0.2703972149722393,0,0.0009966914805624482,3,0.0,4,0.0,2,7.0,2.0
3,6,4,False,4,0.3182792790411843,1,0.2307220589565304,2,0.11989939989445675,8,0.10112284254992861,7,0.07809397726936787,6,9.0,3.0
3,6,1,False,1,0.27891097418418204,8,0.2704293917919389,6,0.19208898609631245,4,0.14425175764713186,0,0.045761236636295013,3,8.0,3.0
3,6,1,False,1,0.27891097418418204,8,0.2704293917919389,6,0.19208898609631245,4,0.14425175764713186,0,0.045761236636295013,3,8.0,3.0
3,8,1,False,1,0.40999468867262495,5,0.2752104977199548,7,0.18467305893014957,2,0.04776600896658231,6,0.03260508531885112,7,8.0,2.0
3,1,1,True,1,0.8392394695912426,8,0.07380533027284802,0,0.049482662817369086,6,0.030826614726533315,2,0.006645922592007151,1,15.0,3.0
3,8,1,False,1,0.7970929165937958,8,0.08925410038349516,6,0.04202259160633931,0,0.03735587230005387,5,0.022496411610241726,2,15.0,1.0
3,2,2,True,2,0.2990578892125589,1,0.2557626953371961,6,0.24101741331316212,8,0.1574707500611963,4,0.04669125207588602,1,8.0,5.0
3,1,1,True,1,0.9524223599817477,0,0.04757764001825197,2,0.0,3,0.0,4,0.0,1,16.0,0.0
3,1,1,True,1,0.9524223599817477,0,0.04757764001825197,2,0.0,3,0.0,4,0.0,1,16.0,0.0
3,1,1,True,1,0.9524223599817477,0,0.04757764001825197,2,0.0,3,0.0,4,0.0,1,16.0,0.0
3,1,1,True,1,0.9524223599817477,0,0.04757764001825197,2,0.0,3,0.0,4,0.0,1,16.0,0.0
3,8,1,False,1,0.5706236683338838,6,0.13603751456884342,0,0.11918221863788091,8,0.09725943615912275,9,0.07619948788166436,4,16.0,4.0
3,1,1,True,1,0.7819527922019147,8,0.14759589112546423,6,0.04638523016465526,2,0.013335286517459567,0,0.01073079999050649,1,16.0,2.0
3,1,1,True,1,0.7819527922019147,8,0.14759589112546423,6,0.04638523016465526,2,0.013335286517459567,0,0.01073079999050649,1,16.0,2.0
3,1,1,True,1,0.7819527922019147,8,0.14759589112546423,6,0.04638523016465526,2,0.013335286517459567,0,0.01073079999050649,1,16.0,2.0
3,1,1,True,1,0.855741328224573,8,0.06052171023585569,0,0.03820211226027275,2,0.02320320824113212,6,0.02233164103816674,1,15.0,2.0
3,1,1,True,1,0.855741328224573,8,0.06052171023585569,0,0.03820211226027275,2,0.02320320824113212,6,0.02233164103816674,1,15.0,2.0
3,8,1,False,1,0.7157398990366737,8,0.13764507540632176,6,0.09934838445148586,0,0.03183961594283649,2,0.00811652215278565,2,16.0,1.0
3,1,1,True,1,0.7157398990366737,8,0.13764507540632176,6,0.09934838445148586,0,0.03183961594283649,2,0.00811652215278565,1,16.0,1.0
3,1,1,True,1,0.7970929165937958,8,0.08925410038349516,6,0.04202259160633931,0,0.03735587230005387,5,0.022496411610241726,1,15.0,1.0
3,1,1,True,1,0.8999346710747228,0,0.051961222509083686,2,0.03228369286831706,6,0.008573245356709247,8,0.007247168191167307,1,15.0,0.0
3,1,1,True,1,0.6575140692640694,0,0.23641455766455766,2,0.10607137307137304,3,0.0,4,0.0,1,12.0,0.0
3,2,0,False,0,0.3613599594849594,1,0.3151800976800976,2,0.21798554223554217,6,0.10547440059940053,3,0.0,3,11.0,0.0
3,1,1,True,1,0.7157398990366737,8,0.13764507540632176,6,0.09934838445148586,0,0.03183961594283649,2,0.00811652215278565,1,16.0,1.0
3,1,1,True,1,0.7157398990366737,8,0.13764507540632176,6,0.09934838445148586,0,0.03183961594283649,2,0.00811652215278565,1,16.0,1.0
3,2,2,True,2,0.35899610261822335,1,0.3408684767511875,6,0.10740181716484526,4,0.10026126536951993,7,0.04605436452968801,1,12.0,5.0
3,1,1,True,1,0.855741328224573,8,0.06052171023585569,0,0.03820211226027275,2,0.02320320824113212,6,0.02233164103816674,1,15.0,2.0
3,1,1,True,1,0.7157398990366737,8,0.13764507540632176,6,0.09934838445148586,0,0.03183961594283649,2,0.00811652215278565,1,16.0,1.0
3,1,1,True,1,0.7157398990366737,8,0.13764507540632176,6,0.09934838445148586,0,0.03183961594283649,2,0.00811652215278565,1,16.0,1.0
3,0,1,False,1,0.7469221940424409,0,0.1103779780311639,6,0.10284147639621243,9,0.018319462686910273,8,0.010962643429415846,2,15.0,4.0
3,8,1,False,1,0.7819527922019147,8,0.14759589112546423,6,0.04638523016465526,2,0.013335286517459567,0,0.01073079999050649,2,16.0,2.0
3,8,1,False,1,0.855741328224573,8,0.06052171023585569,0,0.03820211226027275,2,0.02320320824113212,6,0.02233164103816674,2,15.0,2.0
3,2,2,True,2,0.35899610261822335,1,0.3408684767511875,6,0.10740181716484526,4,0.10026126536951993,7,0.04605436452968801,1,12.0,5.0
3,1,1,True,1,0.7970929165937958,8,0.08925410038349516,6,0.04202259160633931,0,0.03735587230005387,5,0.022496411610241726,1,15.0,1.0
3,1,1,True,1,0.8999346710747228,0,0.051961222509083686,2,0.03228369286831706,6,0.008573245356709247,8,0.007247168191167307,1,15.0,0.0
3,8,1,False,1,0.7819527922019147,8,0.14759589112546423,6,0.04638523016465526,2,0.013335286517459567,0,0.01073079999050649,2,16.0,2.0
3,0,1,False,1,0.7469221940424409,0,0.1103779780311639,6,0.10284147639621243,9,0.018319462686910273,8,0.010962643429415846,2,15.0,4.0
3,0,1,False,1,0.8392394695912426,8,0.07380533027284802,0,0.049482662817369086,6,0.030826614726533315,2,0.006645922592007151,3,15.0,3.0
3,2,1,False,1,0.8999346710747228,0,0.051961222509083686,2,0.03228369286831706,6,0.008573245356709247,8,0.007247168191167307,3,15.0,0.0
3,1,2,False,2,0.305490946961535,1,0.28927509173832694,5,0.20527047135870657,6,0.19996348994143115,3,0.0,2,14.0,5.0
3,1,1,True,1,0.8392394695912426,8,0.07380533027284802,0,0.049482662817369086,6,0.030826614726533315,2,0.006645922592007151,1,15.0,3.0
3,1,1,True,1,0.7819527922019147,8,0.14759589112546423,6,0.04638523016465526,2,0.013335286517459567,0,0.01073079999050649,1,16.0,2.0
3,1,1,True,1,0.855741328224573,8,0.06052171023585569,0,0.03820211226027275,2,0.02320320824113212,6,0.02233164103816674,1,15.0,2.0
3,1,1,True,1,0.9524223599817477,0,0.04757764001825197,2,0.0,3,0.0,4,0.0,1,16.0,0.0
3,1,1,True,1,0.9524223599817477,0,0.04757764001825197,2,0.0,3,0.0,4,0.0,1,16.0,0.0
3,8,1,False,1,0.7157398990366737,8,0.13764507540632176,6,0.09934838445148586,0,0.03183961594283649,2,0.00811652215278565,2,16.0,1.0
3,8,1,False,1,0.7157398990366737,8,0.13764507540632176,6,0.09934838445148586,0,0.03183961594283649,2,0.00811652215278565,2,16.0,1.0
3,8,1,False,1,0.7157398990366737,8,0.13764507540632176,6,0.09934838445148586,0,0.03183961594283649,2,0.00811652215278565,2,16.0,1.0
3,1,1,True,1,0.8392394695912426,8,0.07380533027284802,0,0.049482662817369086,6,0.030826614726533315,2,0.006645922592007151,1,15.0,3.0
3,6,1,False,1,0.8999346710747228,0,0.051961222509083686,2,0.03228369286831706,6,0.008573245356709247,8,0.007247168191167307,4,15.0,0.0
3,6,1,False,1,0.7157398990366737,8,0.13764507540632176,6,0.09934838445148586,0,0.03183961594283649,2,0.00811652215278565,3,16.0,1.0
3,6,1,False,1,0.7157398990366737,8,0.13764507540632176,6,0.09934838445148586,0,0.03183961594283649,2,0.00811652215278565,3,16.0,1.0
3,1,1,True,1,0.8392394695912426,8,0.07380533027284802,0,0.049482662817369086,6,0.030826614726533315,2,0.006645922592007151,1,15.0,3.0
3,1,1,True,1,0.41260127447376244,6,0.21041002209761114,2,0.14643106955589752,4,0.10876200953214359,8,0.08149251079289892,1,9.0,0.0
3,6,1,False,1,0.5435574933617492,7,0.1625357053376049,3,0.0897743733726592,6,0.07137068450802533,0,0.04194192928154226,4,8.0,4.0
3,2,2,True,2,0.8323955668944056,8,0.16760443310559406,1,0.0,0,0.0,4,0.0,1,6.0,3.0
3,8,1,False,1,0.5435574933617492,7,0.1625357053376049,3,0.0897743733726592,6,0.07137068450802533,0,0.04194192928154226,6,8.0,4.0
3,8,4,False,4,0.3182792790411843,1,0.2307220589565304,2,0.11989939989445675,8,0.10112284254992861,7,0.07809397726936787,4,9.0,3.0
3,8,1,False,1,0.27891097418418204,8,0.2704293917919389,6,0.19208898609631245,4,0.14425175764713186,0,0.045761236636295013,2,8.0,3.0
3,8,1,False,1,0.3399209537451068,3,0.18074037938971757,7,0.1661284313569111,8,0.13759373631745742,5,0.07958765699525674,4,8.0,1.0
3,1,1,True,1,0.5862856146097605,2,0.34840556611337226,8,0.0649862386317059,0,0.0003225806451612903,4,0.0,1,7.0,0.0
3,1,1,True,1,0.41260127447376244,6,0.21041002209761114,2,0.14643106955589752,4,0.10876200953214359,8,0.08149251079289892,1,9.0,0.0
3,2,2,True,2,0.6620786435786435,1,0.3379213564213562,0,0.0,3,0.0,4,0.0,1,6.0,0.0
3,8,2,False,2,0.4196590849474482,1,0.35324350027163326,8,0.21974636808204578,0,0.007351046698872785,4,0.0,3,7.0,5.0
3,6,1,False,1,0.3111556501895334,2,0.22165610300682964,6,0.21577132348831118,4,0.12761904881698943,7,0.08633180924434429,3,9.0,5.0
3,1,1,True,1,0.5434334142174838,2,0.14323417306101102,4,0.12525832050339963,6,0.05468083776520901,8,0.05463546426204997,1,9.0,2.0
3,1,1,True,1,0.41617437679279773,8,0.31299736228683583,2,0.26910896267475215,0,0.001719298245614035,4,0.0,1,14.0,2.0
3,6,2,False,2,0.7879087301587302,1,0.2100912698412698,0,0.002,3,0.0,4,0.0,7,14.0,1.0
4,5,1,False,1,0.41473159209277294,3,0.23290644286066434,7,0.14452559508348264,8,0.08991615594146757,6,0.04521451548367213,6,9.0,1.0
4,5,1,False,1,0.3561774067594402,5,0.31362155776214623,7,0.1794262449772814,2,0.04615429500075934,8,0.03678294560894777,2,8.0,2.0
4,4,4,True,4,0.2751127669191269,1,0.24138580558048792,8,0.13240819948248347,2,0.12423556199614909,6,0.09572609243890944,1,9.0,3.0
4,3,1,False,1,0.3415396187558047,3,0.17401639097736818,8,0.1617962279175364,7,0.14744646984032098,5,0.07921647254063845,2,8.0,1.0
4,5,1,False,1,0.3561774067594402,5,0.31362155776214623,7,0.1794262449772814,2,0.04615429500075934,8,0.03678294560894777,2,8.0,2.0
4,3,1,False,1,0.3380489617022123,3,0.17291604473957406,0,0.1694718968681816,4,0.09262075377323052,5,0.07713522219094976,2,10.0,1.0
4,4,4,True,4,0.2751127669191269,1,0.24138580558048792,8,0.13240819948248347,2,0.12423556199614909,6,0.09572609243890944,1,9.0,3.0
4,5,1,False,1,0.44610283503982695,5,0.26823453861773267,6,0.10064247044569558,7,0.09200920711092231,2,0.055140385155117426,2,8.0,0.0
4,7,1,False,1,0.3415396187558047,3,0.17401639097736818,8,0.1617962279175364,7,0.14744646984032098,5,0.07921647254063845,4,8.0,1.0
4,3,1,False,1,0.3415396187558047,3,0.17401639097736818,8,0.1617962279175364,7,0.14744646984032098,5,0.07921647254063845,2,8.0,1.0
4,5,1,False,1,0.8097245452414594,8,0.09227737721526447,6,0.03758163262037687,0,0.031511016708325935,5,0.016846481638866442,5,15.0,1.0
4,7,1,False,1,0.3415396187558047,3,0.17401639097736818,8,0.1617962279175364,7,0.14744646984032098,5,0.07921647254063845,4,8.0,1.0
4,4,4,True,4,0.2751127669191269,1,0.24138580558048792,8,0.13240819948248347,2,0.12423556199614909,6,0.09572609243890944,1,9.0,3.0
4,7,1,False,1,0.3415396187558047,3,0.17401639097736818,8,0.1617962279175364,7,0.14744646984032098,5,0.07921647254063845,4,8.0,1.0
4,7,1,False,1,0.44610283503982695,5,0.26823453861773267,6,0.10064247044569558,7,0.09200920711092231,2,0.055140385155117426,4,8.0,0.0
4,7,1,False,1,0.5467658825190295,7,0.12813871469764815,3,0.10160799355983728,6,0.0617603177448,0,0.059443295842241006,2,8.0,4.0
4,1,1,True,1,0.41473159209277294,3,0.23290644286066434,7,0.14452559508348264,8,0.08991615594146757,6,0.04521451548367213,1,9.0,1.0
4,2,1,False,1,0.4344322478907294,6,0.22195581547909118,2,0.11895743293225043,4,0.11038642611491993,8,0.08072639636768951,3,9.0,0.0
4,1,1,True,1,0.5467658825190295,7,0.12813871469764815,3,0.10160799355983728,6,0.0617603177448,0,0.059443295842241006,1,8.0,4.0
4,1,1,True,1,0.3561774067594402,5,0.31362155776214623,7,0.1794262449772814,2,0.04615429500075934,8,0.03678294560894777,1,8.0,2.0
4,2,1,False,1,0.44610283503982695,5,0.26823453861773267,6,0.10064247044569558,7,0.09200920711092231,2,0.055140385155117426,5,8.0,0.0
4,3,1,False,1,0.3415396187558047,3,0.17401639097736818,8,0.1617962279175364,7,0.14744646984032098,5,0.07921647254063845,2,8.0,1.0
4,3,1,False,1,0.3121561273721897,3,0.26381796822109044,7,0.18135054855671268,2,0.11179857398189451,8,0.08532444391522408,2,7.0,1.0
4,5,1,False,1,0.3561774067594402,5,0.31362155776214623,7,0.1794262449772814,2,0.04615429500075934,8,0.03678294560894777,2,8.0,2.0
4,5,4,False,4,0.2751127669191269,1,0.24138580558048792,8,0.13240819948248347,2,0.12423556199614909,6,0.09572609243890944,7,9.0,3.0
4,5,1,False,1,0.44610283503982695,5,0.26823453861773267,6,0.10064247044569558,7,0.09200920711092231,2,0.055140385155117426,2,8.0,0.0
4,3,2,False,2,0.31037298474097247,7,0.2823717332575871,3,0.19844672390059906,5,0.12220121225625723,1,0.08660734584458414,3,6.0,1.0
4,5,5,True,5,0.6358085439619834,2,0.18823081045537962,1,0.11460051115820052,7,0.061360134424436455,3,0.0,1,8.0,6.0
4,1,9,False,9,0.5327652625152626,1,0.23617313242313234,7,0.13788450438450434,6,0.09317710067710064,3,0.0,2,18.0,4.0
4,1,1,True,1,0.5566799647772135,6,0.1785953292533101,0,0.11664908667261979,8,0.09872713181328403,9,0.04934848748357272,1,16.0,4.0
4,5,1,False,1,0.6948040293040293,0,0.2983644688644689,9,0.005164835164835164,2,0.0016666666666666666,4,0.0,6,13.0,3.0
4,5,1,False,1,0.3121561273721897,3,0.26381796822109044,7,0.18135054855671268,2,0.11179857398189451,8,0.08532444391522408,7,7.0,1.0
4,4,2,False,2,0.34011235415616303,4,0.24191817735692334,6,0.1861970697744844,7,0.14510173012289418,1,0.0866706685895346,2,11.0,5.0
4,1,2,False,2,0.42927941763724964,1,0.3022217987061138,6,0.09204266625496046,4,0.08555635202621589,5,0.04801355045056113,2,12.0,5.0
4,1,1,True,1,0.6641441570251538,6,0.13903367154039178,9,0.07158357260028074,3,0.06550052085097513,2,0.05867141131653177,1,12.0,4.0
4,3,1,False,1,0.3415396187558047,3,0.17401639097736818,8,0.1617962279175364,7,0.14744646984032098,5,0.07921647254063845,2,8.0,1.0
4,4,1,False,1,0.40507549011987687,2,0.35515122685229683,4,0.08254572401096158,7,0.0791265566910169,0,0.0781010023258475,3,10.0,0.0
4,4,1,False,1,0.40507549011987687,2,0.35515122685229683,4,0.08254572401096158,7,0.0791265566910169,0,0.0781010023258475,3,10.0,0.0
4,7,1,False,1,0.5467658825190295,7,0.12813871469764815,3,0.10160799355983728,6,0.0617603177448,0,0.059443295842241006,2,8.0,4.0
4,7,1,False,1,0.6257944527624913,3,0.13523084548902797,2,0.10830640417025815,7,0.06878088858231753,8,0.06122074232923778,4,7.0,4.0
4,7,1,False,1,0.6257944527624913,3,0.13523084548902797,2,0.10830640417025815,7,0.06878088858231753,8,0.06122074232923778,4,7.0,4.0
4,3,1,False,1,0.6257944527624913,3,0.13523084548902797,2,0.10830640417025815,7,0.06878088858231753,8,0.06122074232923778,2,7.0,4.0
4,4,1,False,1,0.27949171436315395,8,0.23817101621199754,6,0.23502074638123308,4,0.13688965411179688,0,0.06650698844957138,4,8.0,3.0
4,7,1,False,1,0.3561774067594402,5,0.31362155776214623,7,0.1794262449772814,2,0.04615429500075934,8,0.03678294560894777,3,8.0,2.0
4,7,1,False,1,0.44610283503982695,5,0.26823453861773267,6,0.10064247044569558,7,0.09200920711092231,2,0.055140385155117426,4,8.0,0.0
4,1,1,True,1,0.4344322478907294,6,0.22195581547909118,2,0.11895743293225043,4,0.11038642611491993,8,0.08072639636768951,1,9.0,0.0
4,1,1,True,1,0.6257944527624913,3,0.13523084548902797,2,0.10830640417025815,7,0.06878088858231753,8,0.06122074232923778,1,7.0,4.0
4,6,1,False,1,0.4255509895264563,3,0.16617276947714058,2,0.08082627388681292,4,0.08054340408045575,6,0.06879456883945669,5,9.0,4.0
4,2,1,False,1,0.5850875209550193,2,0.1270645956935752,4,0.11305570301545466,8,0.056702672650549006,5,0.03319416523722155,2,9.0,2.0
4,2,1,False,1,0.3121561273721897,3,0.26381796822109044,7,0.18135054855671268,2,0.11179857398189451,8,0.08532444391522408,4,7.0,1.0
4,1,1,True,1,0.8357210107945791,0,0.07346492903889275,8,0.05759214064287339,6,0.0259573749532431,2,0.007264544570412034,1,15.0,3.0
4,1,1,True,1,0.8357210107945791,0,0.07346492903889275,8,0.05759214064287339,6,0.0259573749532431,2,0.007264544570412034,1,15.0,3.0
4,1,1,True,1,0.8641766560216734,8,0.06257594338907553,0,0.03250243479848798,2,0.0234782989927539,6,0.017266666798009,1,15.0,2.0
4,9,1,False,1,0.4699854189737912,7,0.291765873015873,9,0.2311833702473237,6,0.003538205980066445,0,0.0018715393133997785,3,20.0,4.0
4,1,1,True,1,0.8402139249639251,5,0.159786075036075,2,0.0,0,0.0,3,0.0,1,17.0,1.0
4,1,1,True,1,0.5566799647772135,6,0.1785953292533101,0,0.11664908667261979,8,0.09872713181328403,9,0.04934848748357272,1,16.0,4.0
4,1,1,True,1,0.7599035166290734,0,0.11452328984664882,6,0.09482999313172384,9,0.02092605488465916,2,0.00981714550789465,1,15.0,4.0
4,1,1,True,1,1.0,0,0.0,2,0.0,3,0.0,4,0.0,1,19.0,2.0
4,1,1,True,1,0.8641766560216734,8,0.06257594338907553,0,0.03250243479848798,2,0.0234782989927539,6,0.017266666798009,1,15.0,2.0
4,1,1,True,1,0.6258387993211824,0,0.2437474819754062,2,0.13041371870341106,3,0.0,4,0.0,1,12.0,0.0
4,1,1,True,1,0.9109940189728263,0,0.03666748913544684,2,0.03420672646731267,6,0.0181317654244138,3,0.0,1,15.0,0.0
4,1,1,True,1,0.9109940189728263,0,0.03666748913544684,2,0.03420672646731267,6,0.0181317654244138,3,0.0,1,15.0,0.0
4,1,1,True,1,0.8357210107945791,0,0.07346492903889275,8,0.05759214064287339,6,0.0259573749532431,2,0.007264544570412034,1,15.0,3.0
4,1,1,True,1,0.6479550727050725,2,0.3512756965256964,0,0.0007692307692307692,3,0.0,4,0.0,1,14.0,3.0
4,1,1,True,1,0.33435502316435234,6,0.20696796204824117,4,0.1201964936176877,3,0.11379601445173777,5,0.10827352243423921,1,10.0,4.0
4,0,1,False,1,0.6828652248791448,2,0.19556038363614067,0,0.08273182936533936,6,0.01899620994592354,8,0.008503693826152169,3,,
4,1,1,True,1,0.9109940189728263,0,0.03666748913544684,2,0.03420672646731267,6,0.0181317654244138,3,0.0,1,15.0,0.0
4,1,1,True,1,0.7659425115648024,9,0.08654953624806565,8,0.07855047708569375,2,0.06895747510143792,4,0.0,1,14.0,4.0
4,2,1,False,1,0.9109940189728263,0,0.03666748913544684,2,0.03420672646731267,6,0.0181317654244138,3,0.0,3,15.0,0.0
4,8,1,False,1,0.9109940189728263,0,0.03666748913544684,2,0.03420672646731267,6,0.0181317654244138,3,0.0,9,15.0,0.0
4,1,1,True,1,0.8641766560216734,8,0.06257594338907553,0,0.03250243479848798,2,0.0234782989927539,6,0.017266666798009,1,15.0,2.0
4,1,1,True,1,0.9109940189728263,0,0.03666748913544684,2,0.03420672646731267,6,0.0181317654244138,3,0.0,1,15.0,0.0
4,1,1,True,1,0.6257944527624913,3,0.13523084548902797,2,0.10830640417025815,7,0.06878088858231753,8,0.06122074232923778,1,7.0,4.0
4,1,1,True,1,0.6762234361467593,2,0.32251470427069817,0,0.0012618595825426946,3,0.0,4,0.0,1,7.0,2.0
4,6,1,False,1,0.6257944527624913,3,0.13523084548902797,2,0.10830640417025815,7,0.06878088858231753,8,0.06122074232923778,9,7.0,4.0
4,6,1,False,1,0.5850875209550193,2,0.1270645956935752,4,0.11305570301545466,8,0.056702672650549006,5,0.03319416523722155,6,9.0,2.0
4,1,1,True,1,0.41473159209277294,3,0.23290644286066434,7,0.14452559508348264,8,0.08991615594146757,6,0.04521451548367213,1,9.0,1.0
4,1,1,True,1,0.3561774067594402,5,0.31362155776214623,7,0.1794262449772814,2,0.04615429500075934,8,0.03678294560894777,1,8.0,2.0
4,1,1,True,1,0.3415396187558047,3,0.17401639097736818,8,0.1617962279175364,7,0.14744646984032098,5,0.07921647254063845,1,8.0,1.0
4,1,1,True,1,0.3415396187558047,3,0.17401639097736818,8,0.1617962279175364,7,0.14744646984032098,5,0.07921647254063845,1,8.0,1.0
4,1,1,True,1,0.44610283503982695,5,0.26823453861773267,6,0.10064247044569558,7,0.09200920711092231,2,0.055140385155117426,1,8.0,0.0
4,1,2,False,2,0.4044240204240204,8,0.3657882395382394,1,0.2297877400377399,0,0.0,4,0.0,3,7.0,5.0
4,1,2,False,2,0.36689801154796775,1,0.34041826971944034,8,0.201045940289218,6,0.04717860126401989,4,0.04387640690908325,2,7.0,3.0
4,1,1,True,1,0.3415396187558047,3,0.17401639097736818,8,0.1617962279175364,7,0.14744646984032098,5,0.07921647254063845,1,8.0,1.0
4,1,1,True,1,0.3415396187558047,3,0.17401639097736818,8,0.1617962279175364,7,0.14744646984032098,5,0.07921647254063845,1,8.0,1.0
4,6,2,False,2,0.35606265176084484,1,0.27861111144715806,8,0.13701039060017625,6,0.12725460430440938,4,0.1005349260979377,4,8.0,5.0
4,1,1,True,1,0.5850875209550193,2,0.1270645956935752,4,0.11305570301545466,8,0.056702672650549006,5,0.03319416523722155,1,9.0,2.0
4,1,1,True,1,0.8357210107945791,0,0.07346492903889275,8,0.05759214064287339,6,0.0259573749532431,2,0.007264544570412034,1,15.0,3.0
4,1,1,True,1,0.8641766560216734,8,0.06257594338907553,0,0.03250243479848798,2,0.0234782989927539,6,0.017266666798009,1,15.0,2.0
4,1,9,False,9,0.3715119047619049,7,0.34673809523809523,1,0.28175,2,0.0,3,0.0,3,19.0,4.0
4,1,9,False,9,0.5327652625152626,1,0.23617313242313234,7,0.13788450438450434,6,0.09317710067710064,3,0.0,2,18.0,4.0
4,1,1,True,1,0.8097245452414594,8,0.09227737721526447,6,0.03758163262037687,0,0.031511016708325935,5,0.016846481638866442,1,15.0,1.0
4,1,2,False,2,0.4418855284385977,1,0.20770335545125213,6,0.13428784404487384,5,0.1300127717636904,7,0.08611050030158589,2,13.0,5.0
4,1,1,True,1,0.7922172293736023,8,0.14491949982388155,6,0.03419051076726873,0,0.014392109493533407,2,0.014280650541713853,1,16.0,2.0
4,1,1,True,1,1.0,0,0.0,2,0.0,3,0.0,4,0.0,1,19.0,1.0
4,1,1,True,1,0.8402139249639251,5,0.159786075036075,2,0.0,0,0.0,3,0.0,1,17.0,1.0
4,1,1,True,1,0.8225396115752153,6,0.17746038842478462,2,0.0,0,0.0,3,0.0,1,18.0,2.0
4,0,1,False,1,0.9109940189728263,0,0.03666748913544684,2,0.03420672646731267,6,0.0181317654244138,3,0.0,2,15.0,0.0
4,1,1,True,1,0.5566799647772135,6,0.1785953292533101,0,0.11664908667261979,8,0.09872713181328403,9,0.04934848748357272,1,16.0,4.0
4,1,1,True,1,0.7599035166290734,0,0.11452328984664882,6,0.09482999313172384,9,0.02092605488465916,2,0.00981714550789465,1,15.0,4.0
4,1,1,True,1,0.9532523307854384,0,0.04651778415709051,2,0.00022988505747126436,3,0.0,4,0.0,1,16.0,0.0
4,1,1,True,1,0.9109940189728263,0,0.03666748913544684,2,0.03420672646731267,6,0.0181317654244138,3,0.0,1,15.0,0.0
4,1,1,True,1,0.9109940189728263,0,0.03666748913544684,2,0.03420672646731267,6,0.0181317654244138,3,0.0,1,15.0,0.0
4,1,1,True,1,0.35146689335776005,4,0.24674388412584997,0,0.17301854225925425,5,0.15727865147408487,2,0.07149202878305043,1,10.0,2.0
4,1,1,True,1,0.9109940189728263,0,0.03666748913544684,2,0.03420672646731267,6,0.0181317654244138,3,0.0,1,15.0,0.0
4,1,1,True,1,0.6613662645098222,0,0.18510400626144677,6,0.15332972922873103,2,0.0002,3,0.0,1,16.0,3.0
4,8,1,False,1,0.8357210107945791,0,0.07346492903889275,8,0.05759214064287339,6,0.0259573749532431,2,0.007264544570412034,3,15.0,3.0
4,1,1,True,1,0.8097245452414594,8,0.09227737721526447,6,0.03758163262037687,0,0.031511016708325935,5,0.016846481638866442,1,15.0,1.0
4,1,1,True,1,0.8357210107945791,0,0.07346492903889275,8,0.05759214064287339,6,0.0259573749532431,2,0.007264544570412034,1,15.0,3.0
4,1,1,True,1,0.9532523307854384,0,0.04651778415709051,2,0.00022988505747126436,3,0.0,4,0.0,1,16.0,0.0
4,1,1,True,1,0.6878167642267641,8,0.15718982798704267,6,0.11647123390509315,0,0.023308277346720526,5,0.007648748969762308,1,16.0,1.0
4,1,4,False,4,0.30628173134055464,1,0.28983389486330663,6,0.11483581532846233,5,0.10715562460415393,2,0.09509337965955612,2,10.0,3.0
4,1,1,True,1,0.7614892299224982,2,0.23674309330982496,0,0.0017676767676767678,3,0.0,4,0.0,1,12.0,2.0
4,1,1,True,1,0.6258387993211824,0,0.2437474819754062,2,0.13041371870341106,3,0.0,4,0.0,1,12.0,0.0
4,2,1,False,1,0.2714068869558672,2,0.20595555068053042,4,0.19820268462449428,6,0.18765110508499583,7,0.13678377265411176,2,10.0,5.0
4,1,1,True,1,0.7599035166290734,0,0.11452328984664882,6,0.09482999313172384,9,0.02092605488465916,2,0.00981714550789465,1,15.0,4.0
4,1,1,True,1,0.7599035166290734,0,0.11452328984664882,6,0.09482999313172384,9,0.02092605488465916,2,0.00981714550789465,1,15.0,4.0
4,1,1,True,1,0.8097245452414594,8,0.09227737721526447,6,0.03758163262037687,0,0.031511016708325935,5,0.016846481638866442,1,15.0,1.0
4,2,1,False,1,0.6828652248791448,2,0.19556038363614067,0,0.08273182936533936,6,0.01899620994592354,8,0.008503693826152169,2,,
4,1,1,True,1,0.7599035166290734,0,0.11452328984664882,6,0.09482999313172384,9,0.02092605488465916,2,0.00981714550789465,1,15.0,4.0
4,1,1,True,1,0.8357210107945791,0,0.07346492903889275,8,0.05759214064287339,6,0.0259573749532431,2,0.007264544570412034,1,15.0,3.0
4,6,1,False,1,0.2714068869558672,2,0.20595555068053042,4,0.19820268462449428,6,0.18765110508499583,7,0.13678377265411176,4,10.0,5.0
4,6,1,False,1,0.6613662645098222,0,0.18510400626144677,6,0.15332972922873103,2,0.0002,3,0.0,3,16.0,3.0
4,1,1,True,1,0.8097245452414594,8,0.09227737721526447,6,0.03758163262037687,0,0.031511016708325935,5,0.016846481638866442,1,15.0,1.0
4,1,1,True,1,0.9109940189728263,0,0.03666748913544684,2,0.03420672646731267,6,0.0181317654244138,3,0.0,1,15.0,0.0
4,1,1,True,1,0.9532523307854384,0,0.04651778415709051,2,0.00022988505747126436,3,0.0,4,0.0,1,16.0,0.0
4,1,1,True,1,0.8357210107945791,0,0.07346492903889275,8,0.05759214064287339,6,0.0259573749532431,2,0.007264544570412034,1,15.0,3.0
4,1,2,False,2,0.7913523674038381,1,0.20864763259616204,0,0.0,3,0.0,4,0.0,2,6.0,0.0
4,1,1,True,1,0.8097245452414594,8,0.09227737721526447,6,0.03758163262037687,0,0.031511016708325935,5,0.016846481638866442,1,15.0,1.0
4,1,1,True,1,0.8097245452414594,8,0.09227737721526447,6,0.03758163262037687,0,0.031511016708325935,5,0.016846481638866442,1,15.0,1.0
4,2,5,False,5,0.6358085439619834,2,0.18823081045537962,1,0.11460051115820052,7,0.061360134424436455,3,0.0,2,8.0,6.0
4,1,1,True,1,0.6762234361467593,2,0.32251470427069817,0,0.0012618595825426946,3,0.0,4,0.0,1,7.0,2.0
4,6,2,False,2,0.35606265176084484,1,0.27861111144715806,8,0.13701039060017625,6,0.12725460430440938,4,0.1005349260979377,4,8.0,5.0
4,6,1,False,1,0.4255509895264563,3,0.16617276947714058,2,0.08082627388681292,4,0.08054340408045575,6,0.06879456883945669,5,9.0,4.0
4,1,1,True,1,0.5467658825190295,7,0.12813871469764815,3,0.10160799355983728,6,0.0617603177448,0,0.059443295842241006,1,8.0,4.0
4,1,1,True,1,0.41473159209277294,3,0.23290644286066434,7,0.14452559508348264,8,0.08991615594146757,6,0.04521451548367213,1,9.0,1.0
4,1,1,True,1,0.6762234361467593,2,0.32251470427069817,0,0.0012618595825426946,3,0.0,4,0.0,1,7.0,2.0
4,1,1,True,1,0.6762234361467593,2,0.32251470427069817,0,0.0012618595825426946,3,0.0,4,0.0,1,7.0,2.0
4,1,2,False,2,0.5384962863933453,1,0.4598370469399881,8,0.0016666666666666666,0,0.0,4,0.0,2,6.0,2.0
4,1,1,True,1,0.6257944527624913,3,0.13523084548902797,2,0.10830640417025815,7,0.06878088858231753,8,0.06122074232923778,1,7.0,4.0
4,1,1,True,1,0.41473159209277294,3,0.23290644286066434,7,0.14452559508348264,8,0.08991615594146757,6,0.04521451548367213,1,9.0,1.0
4,1,1,True,1,0.5850875209550193,2,0.1270645956935752,4,0.11305570301545466,8,0.056702672650549006,5,0.03319416523722155,1,9.0,2.0
4,1,1,True,1,0.5467658825190295,7,0.12813871469764815,3,0.10160799355983728,6,0.0617603177448,0,0.059443295842241006,1,8.0,4.0
4,1,1,True,1,0.8641766560216734,8,0.06257594338907553,0,0.03250243479848798,2,0.0234782989927539,6,0.017266666798009,1,15.0,2.0
4,1,1,True,1,0.8641766560216734,8,0.06257594338907553,0,0.03250243479848798,2,0.0234782989927539,6,0.017266666798009,1,15.0,2.0
4,1,1,True,1,0.8097245452414594,8,0.09227737721526447,6,0.03758163262037687,0,0.031511016708325935,5,0.016846481638866442,1,15.0,1.0
4,1,2,False,2,0.4418855284385977,1,0.20770335545125213,6,0.13428784404487384,5,0.1300127717636904,7,0.08611050030158589,2,13.0,5.0
4,1,1,True,1,0.8357210107945791,0,0.07346492903889275,8,0.05759214064287339,6,0.0259573749532431,2,0.007264544570412034,1,15.0,3.0
4,0,1,False,1,0.9532523307854384,0,0.04651778415709051,2,0.00022988505747126436,3,0.0,4,0.0,2,16.0,0.0
4,6,1,False,1,0.2714068869558672,2,0.20595555068053042,4,0.19820268462449428,6,0.18765110508499583,7,0.13678377265411176,4,10.0,5.0
4,9,1,False,1,0.5566799647772135,6,0.1785953292533101,0,0.11664908667261979,8,0.09872713181328403,9,0.04934848748357272,5,16.0,4.0
4,0,1,False,1,0.9109940189728263,0,0.03666748913544684,2,0.03420672646731267,6,0.0181317654244138,3,0.0,2,15.0,0.0
4,1,1,True,1,0.5566799647772135,6,0.1785953292533101,0,0.11664908667261979,8,0.09872713181328403,9,0.04934848748357272,1,16.0,4.0
4,1,1,True,1,0.8357210107945791,0,0.07346492903889275,8,0.05759214064287339,6,0.0259573749532431,2,0.007264544570412034,1,15.0,3.0
4,2,1,False,1,0.27949171436315395,8,0.23817101621199754,6,0.23502074638123308,4,0.13688965411179688,0,0.06650698844957138,6,8.0,3.0
4,0,1,False,1,0.3380489617022123,3,0.17291604473957406,0,0.1694718968681816,4,0.09262075377323052,5,0.07713522219094976,3,10.0,1.0
4,0,1,False,1,0.8641766560216734,8,0.06257594338907553,0,0.03250243479848798,2,0.0234782989927539,6,0.017266666798009,3,15.0,2.0
4,1,1,True,1,0.9532523307854384,0,0.04651778415709051,2,0.00022988505747126436,3,0.0,4,0.0,1,16.0,0.0
4,1,1,True,1,0.8357210107945791,0,0.07346492903889275,8,0.05759214064287339,6,0.0259573749532431,2,0.007264544570412034,1,15.0,3.0
4,0,1,False,1,0.6878167642267641,8,0.15718982798704267,6,0.11647123390509315,0,0.023308277346720526,5,0.007648748969762308,4,16.0,1.0
4,1,1,True,1,0.8097245452414594,8,0.09227737721526447,6,0.03758163262037687,0,0.031511016708325935,5,0.016846481638866442,1,15.0,1.0
4,1,1,True,1,0.9109940189728263,0,0.03666748913544684,2,0.03420672646731267,6,0.0181317654244138,3,0.0,1,15.0,0.0
4,0,1,False,1,0.8097245452414594,8,0.09227737721526447,6,0.03758163262037687,0,0.031511016708325935,5,0.016846481638866442,4,15.0,1.0
4,1,1,True,1,0.8097245452414594,8,0.09227737721526447,6,0.03758163262037687,0,0.031511016708325935,5,0.016846481638866442,1,15.0,1.0
4,6,1,False,1,0.5467658825190295,7,0.12813871469764815,3,0.10160799355983728,6,0.0617603177448,0,0.059443295842241006,4,8.0,4.0
4,1,1,True,1,0.7599035166290734,0,0.11452328984664882,6,0.09482999313172384,9,0.02092605488465916,2,0.00981714550789465,1,15.0,4.0
4,1,1,True,1,0.7599035166290734,0,0.11452328984664882,6,0.09482999313172384,9,0.02092605488465916,2,0.00981714550789465,1,15.0,4.0
4,1,1,True,1,0.8357210107945791,0,0.07346492903889275,8,0.05759214064287339,6,0.0259573749532431,2,0.007264544570412034,1,15.0,3.0
4,1,1,True,1,0.8097245452414594,8,0.09227737721526447,6,0.03758163262037687,0,0.031511016708325935,5,0.016846481638866442,1,15.0,1.0
4,2,2,True,2,0.4418855284385977,1,0.20770335545125213,6,0.13428784404487384,5,0.1300127717636904,7,0.08611050030158589,1,13.0,5.0
4,1,1,True,1,0.8097245452414594,8,0.09227737721526447,6,0.03758163262037687,0,0.031511016708325935,5,0.016846481638866442,1,15.0,1.0
4,0,1,False,1,0.6878167642267641,8,0.15718982798704267,6,0.11647123390509315,0,0.023308277346720526,5,0.007648748969762308,4,16.0,1.0
4,1,1,True,1,0.6878167642267641,8,0.15718982798704267,6,0.11647123390509315,0,0.023308277346720526,5,0.007648748969762308,1,16.0,1.0
4,1,2,False,2,0.31037298474097247,7,0.2823717332575871,3,0.19844672390059906,5,0.12220121225625723,1,0.08660734584458414,5,6.0,1.0
4,1,1,True,1,0.44610283503982695,5,0.26823453861773267,6,0.10064247044569558,7,0.09200920711092231,2,0.055140385155117426,1,8.0,0.0
4,2,2,True,2,0.4044240204240204,8,0.3657882395382394,1,0.2297877400377399,0,0.0,4,0.0,1,7.0,5.0
4,1,1,True,1,0.4255509895264563,3,0.16617276947714058,2,0.08082627388681292,4,0.08054340408045575,6,0.06879456883945669,1,9.0,4.0
4,1,1,True,1,0.4344322478907294,6,0.22195581547909118,2,0.11895743293225043,4,0.11038642611491993,8,0.08072639636768951,1,9.0,0.0
4,2,1,False,1,0.3121561273721897,3,0.26381796822109044,7,0.18135054855671268,2,0.11179857398189451,8,0.08532444391522408,4,7.0,1.0
4,2,1,False,1,0.3121561273721897,3,0.26381796822109044,7,0.18135054855671268,2,0.11179857398189451,8,0.08532444391522408,4,7.0,1.0
4,2,1,False,1,0.6762234361467593,2,0.32251470427069817,0,0.0012618595825426946,3,0.0,4,0.0,2,7.0,2.0
4,1,1,True,1,0.41473159209277294,3,0.23290644286066434,7,0.14452559508348264,8,0.08991615594146757,6,0.04521451548367213,1,9.0,1.0
4,1,1,True,1,0.3415396187558047,3,0.17401639097736818,8,0.1617962279175364,7,0.14744646984032098,5,0.07921647254063845,1,8.0,1.0
4,2,1,False,1,0.6469600215908478,2,0.29718527389843663,8,0.053775851464120616,0,0.002078853046594982,4,0.0,2,7.0,0.0
4,8,2,False,2,0.8986465895215894,8,0.10135341047841047,1,0.0,0,0.0,4,0.0,2,6.0,3.0
4,2,2,True,2,0.35606265176084484,1,0.27861111144715806,8,0.13701039060017625,6,0.12725460430440938,4,0.1005349260979377,1,8.0,5.0
4,2,2,True,2,0.5384962863933453,1,0.4598370469399881,8,0.0016666666666666666,0,0.0,4,0.0,1,6.0,2.0
4,1,1,True,1,0.8357210107945791,0,0.07346492903889275,8,0.05759214064287339,6,0.0259573749532431,2,0.007264544570412034,1,15.0,3.0
4,1,1,True,1,0.8357210107945791,0,0.07346492903889275,8,0.05759214064287339,6,0.0259573749532431,2,0.007264544570412034,1,15.0,3.0
4,1,1,True,1,0.6878167642267641,8,0.15718982798704267,6,0.11647123390509315,0,0.023308277346720526,5,0.007648748969762308,1,16.0,1.0
4,1,1,True,1,0.8097245452414594,8,0.09227737721526447,6,0.03758163262037687,0,0.031511016708325935,5,0.016846481638866442,1,15.0,1.0
4,1,1,True,1,0.8641766560216734,8,0.06257594338907553,0,0.03250243479848798,2,0.0234782989927539,6,0.017266666798009,1,15.0,2.0
4,1,9,False,9,0.5327652625152626,1,0.23617313242313234,7,0.13788450438450434,6,0.09317710067710064,3,0.0,2,18.0,4.0
4,8,1,False,1,0.5566799647772135,6,0.1785953292533101,0,0.11664908667261979,8,0.09872713181328403,9,0.04934848748357272,4,16.0,4.0
4,8,1,False,1,0.7599035166290734,0,0.11452328984664882,6,0.09482999313172384,9,0.02092605488465916,2,0.00981714550789465,10,15.0,4.0
4,1,1,True,1,0.7922172293736023,8,0.14491949982388155,6,0.03419051076726873,0,0.014392109493533407,2,0.014280650541713853,1,16.0,2.0
4,1,1,True,1,0.7922172293736023,8,0.14491949982388155,6,0.03419051076726873,0,0.014392109493533407,2,0.014280650541713853,1,16.0,2.0
4,1,1,True,1,0.9532523307854384,0,0.04651778415709051,2,0.00022988505747126436,3,0.0,4,0.0,1,16.0,0.0
4,1,1,True,1,0.6878167642267641,8,0.15718982798704267,6,0.11647123390509315,0,0.023308277346720526,5,0.007648748969762308,1,16.0,1.0
4,1,1,True,1,0.5048848039215686,2,0.4598298319327732,4,0.016785714285714286,5,0.01177170868347339,6,0.00375,1,13.0,6.0
4,1,1,True,1,0.9532523307854384,0,0.04651778415709051,2,0.00022988505747126436,3,0.0,4,0.0,1,16.0,0.0
4,1,1,True,1,0.7659425115648024,9,0.08654953624806565,8,0.07855047708569375,2,0.06895747510143792,4,0.0,1,14.0,4.0
4,1,1,True,1,0.7949592562580178,9,0.13425372052268325,0,0.07028702321929871,2,0.0005,4,0.0,1,13.0,4.0
4,1,1,True,1,0.7949592562580178,9,0.13425372052268325,0,0.07028702321929871,2,0.0005,4,0.0,1,13.0,4.0
4,0,1,False,1,0.6641441570251538,6,0.13903367154039178,9,0.07158357260028074,3,0.06550052085097513,2,0.05867141131653177,6,12.0,4.0
4,1,1,True,1,0.6878167642267641,8,0.15718982798704267,6,0.11647123390509315,0,0.023308277346720526,5,0.007648748969762308,1,16.0,1.0
4,1,1,True,1,0.9109940189728263,0,0.03666748913544684,2,0.03420672646731267,6,0.0181317654244138,3,0.0,1,15.0,0.0
4,1,1,True,1,0.6878167642267641,8,0.15718982798704267,6,0.11647123390509315,0,0.023308277346720526,5,0.007648748969762308,1,16.0,1.0
4,1,1,True,1,0.8097245452414594,8,0.09227737721526447,6,0.03758163262037687,0,0.031511016708325935,5,0.016846481638866442,1,15.0,1.0
4,1,1,True,1,0.6878167642267641,8,0.15718982798704267,6,0.11647123390509315,0,0.023308277346720526,5,0.007648748969762308,1,16.0,1.0
4,1,1,True,1,0.6878167642267641,8,0.15718982798704267,6,0.11647123390509315,0,0.023308277346720526,5,0.007648748969762308,1,16.0,1.0
4,1,1,True,1,0.8097245452414594,8,0.09227737721526447,6,0.03758163262037687,0,0.031511016708325935,5,0.016846481638866442,1,15.0,1.0
4,8,1,False,1,0.7922172293736023,8,0.14491949982388155,6,0.03419051076726873,0,0.014392109493533407,2,0.014280650541713853,2,16.0,2.0
4,8,1,False,1,0.8641766560216734,8,0.06257594338907553,0,0.03250243479848798,2,0.0234782989927539,6,0.017266666798009,2,15.0,2.0
4,1,1,True,1,0.8357210107945791,0,0.07346492903889275,8,0.05759214064287339,6,0.0259573749532431,2,0.007264544570412034,1,15.0,3.0
4,1,1,True,1,0.8357210107945791,0,0.07346492903889275,8,0.05759214064287339,6,0.0259573749532431,2,0.007264544570412034,1,15.0,3.0
4,1,1,True,1,0.8357210107945791,0,0.07346492903889275,8,0.05759214064287339,6,0.0259573749532431,2,0.007264544570412034,1,15.0,3.0
4,1,1,True,1,0.8357210107945791,0,0.07346492903889275,8,0.05759214064287339,6,0.0259573749532431,2,0.007264544570412034,1,15.0,3.0
4,1,1,True,1,0.8357210107945791,0,0.07346492903889275,8,0.05759214064287339,6,0.0259573749532431,2,0.007264544570412034,1,15.0,3.0
4,1,1,True,1,0.8097245452414594,8,0.09227737721526447,6,0.03758163262037687,0,0.031511016708325935,5,0.016846481638866442,1,15.0,1.0
4,2,1,False,1,0.3546081973581974,6,0.23811518598360693,5,0.21680005885926923,2,0.19047655779892614,3,0.0,4,14.0,5.0
4,8,1,False,1,0.8357210107945791,0,0.07346492903889275,8,0.05759214064287339,6,0.0259573749532431,2,0.007264544570412034,3,15.0,3.0
4,8,1,False,1,0.8357210107945791,0,0.07346492903889275,8,0.05759214064287339,6,0.0259573749532431,2,0.007264544570412034,3,15.0,3.0
4,1,1,True,1,0.8641766560216734,8,0.06257594338907553,0,0.03250243479848798,2,0.0234782989927539,6,0.017266666798009,1,15.0,2.0
4,8,1,False,1,0.8097245452414594,8,0.09227737721526447,6,0.03758163262037687,0,0.031511016708325935,5,0.016846481638866442,2,15.0,1.0
4,0,1,False,1,0.7599035166290734,0,0.11452328984664882,6,0.09482999313172384,9,0.02092605488465916,2,0.00981714550789465,2,15.0,4.0
4,1,1,True,1,0.6878167642267641,8,0.15718982798704267,6,0.11647123390509315,0,0.023308277346720526,5,0.007648748969762308,1,16.0,1.0
4,1,1,True,1,0.6878167642267641,8,0.15718982798704267,6,0.11647123390509315,0,0.023308277346720526,5,0.007648748969762308,1,16.0,1.0
4,6,1,False,1,0.8357210107945791,0,0.07346492903889275,8,0.05759214064287339,6,0.0259573749532431,2,0.007264544570412034,4,15.0,3.0
4,1,1,True,1,0.6724801587301585,0,0.17026190476190473,6,0.15600793650793643,2,0.00125,3,0.0,1,15.0,5.0
4,6,1,False,1,0.5566799647772135,6,0.1785953292533101,0,0.11664908667261979,8,0.09872713181328403,9,0.04934848748357272,2,16.0,4.0
4,1,1,True,1,0.8641766560216734,8,0.06257594338907553,0,0.03250243479848798,2,0.0234782989927539,6,0.017266666798009,1,15.0,2.0
4,1,1,True,1,0.8641766560216734,8,0.06257594338907553,0,0.03250243479848798,2,0.0234782989927539,6,0.017266666798009,1,15.0,2.0
4,1,1,True,1,0.9532523307854384,0,0.04651778415709051,2,0.00022988505747126436,3,0.0,4,0.0,1,16.0,0.0
4,1,1,True,1,0.9109940189728263,0,0.03666748913544684,2,0.03420672646731267,6,0.0181317654244138,3,0.0,1,15.0,0.0
4,6,1,False,1,0.8097245452414594,8,0.09227737721526447,6,0.03758163262037687,0,0.031511016708325935,5,0.016846481638866442,3,15.0,1.0
4,6,1,False,1,0.8641766560216734,8,0.06257594338907553,0,0.03250243479848798,2,0.0234782989927539,6,0.017266666798009,5,15.0,2.0
4,8,1,False,1,0.6878167642267641,8,0.15718982798704267,6,0.11647123390509315,0,0.023308277346720526,5,0.007648748969762308,2,16.0,1.0
4,6,1,False,1,0.5467658825190295,7,0.12813871469764815,3,0.10160799355983728,6,0.0617603177448,0,0.059443295842241006,4,8.0,4.0
4,1,1,True,1,0.6762234361467593,2,0.32251470427069817,0,0.0012618595825426946,3,0.0,4,0.0,1,7.0,2.0
4,2,2,True,2,0.5384962863933453,1,0.4598370469399881,8,0.0016666666666666666,0,0.0,4,0.0,1,6.0,2.0
4,1,1,True,1,0.3121561273721897,3,0.26381796822109044,7,0.18135054855671268,2,0.11179857398189451,8,0.08532444391522408,1,7.0,1.0
4,1,4,False,4,0.2751127669191269,1,0.24138580558048792,8,0.13240819948248347,2,0.12423556199614909,6,0.09572609243890944,2,9.0,3.0
4,2,2,True,2,0.8986465895215894,8,0.10135341047841047,1,0.0,0,0.0,4,0.0,1,6.0,3.0
4,1,1,True,1,0.5850875209550193,2,0.1270645956935752,4,0.11305570301545466,8,0.056702672650549006,5,0.03319416523722155,1,9.0,2.0
4,8,1,False,1,0.40507549011987687,2,0.35515122685229683,4,0.08254572401096158,7,0.0791265566910169,0,0.0781010023258475,9,10.0,0.0
4,2,2,True,2,0.6046745032286825,1,0.3161115035921537,7,0.07921399317916347,0,0.0,3,0.0,1,6.0,4.0
4,8,1,False,1,0.3121561273721897,3,0.26381796822109044,7,0.18135054855671268,2,0.11179857398189451,8,0.08532444391522408,5,7.0,1.0
4,2,2,True,2,0.6046745032286825,1,0.3161115035921537,7,0.07921399317916347,0,0.0,3,0.0,1,6.0,4.0
4,1,1,True,1,0.6257944527624913,3,0.13523084548902797,2,0.10830640417025815,7,0.06878088858231753,8,0.06122074232923778,1,7.0,4.0
4,8,1,False,1,0.27949171436315395,8,0.23817101621199754,6,0.23502074638123308,4,0.13688965411179688,0,0.06650698844957138,2,8.0,3.0
4,1,1,True,1,0.4344322478907294,6,0.22195581547909118,2,0.11895743293225043,4,0.11038642611491993,8,0.08072639636768951,1,9.0,0.0
4,8,1,False,1,0.27949171436315395,8,0.23817101621199754,6,0.23502074638123308,4,0.13688965411179688,0,0.06650698844957138,2,8.0,3.0
4,2,1,False,1,0.6762234361467593,2,0.32251470427069817,0,0.0012618595825426946,3,0.0,4,0.0,2,7.0,2.0
4,1,1,True,1,0.4255509895264563,3,0.16617276947714058,2,0.08082627388681292,4,0.08054340408045575,6,0.06879456883945669,1,9.0,4.0
4,1,1,True,1,0.3561774067594402,5,0.31362155776214623,7,0.1794262449772814,2,0.04615429500075934,8,0.03678294560894777,1,8.0,2.0
4,6,1,False,1,0.41473159209277294,3,0.23290644286066434,7,0.14452559508348264,8,0.08991615594146757,6,0.04521451548367213,5,9.0,1.0
5,4,4,True,4,0.30360517573651574,1,0.2258040223906639,8,0.12269506651886739,2,0.11456381150843381,6,0.08483494841247252,1,9.0,3.0
5,5,5,True,5,0.611833691578011,2,0.2265165763339574,1,0.10446645244608962,7,0.05718327964194163,3,0.0,1,8.0,6.0
5,5,1,False,1,0.4770111005040532,5,0.23866948776281677,6,0.11001039671909017,7,0.0915757444427761,2,0.04413482625641538,2,8.0,0.0
5,7,1,False,1,0.41513027204221664,3,0.17103883274945084,6,0.11139088959826815,2,0.08799634754897236,4,0.06348816584223133,7,9.0,4.0
5,3,1,False,1,0.4627379427145165,3,0.1806750323514567,7,0.1064884288668809,8,0.09959868243114184,6,0.07287104855683241,2,9.0,1.0
5,3,1,False,1,0.4627379427145165,3,0.1806750323514567,7,0.1064884288668809,8,0.09959868243114184,6,0.07287104855683241,2,9.0,1.0
5,2,1,False,1,0.4911922971841289,6,0.21180874380599782,2,0.10471704279360117,4,0.07781585490841042,8,0.07459472986323465,3,9.0,0.0
5,7,1,False,1,0.4627379427145165,3,0.1806750323514567,7,0.1064884288668809,8,0.09959868243114184,6,0.07287104855683241,3,9.0,1.0
5,7,1,False,1,0.36039163745701236,3,0.19152108528335032,7,0.16318808595721174,8,0.12831948750712338,0,0.06892488659690069,3,8.0,1.0
5,7,1,False,1,0.4627379427145165,3,0.1806750323514567,7,0.1064884288668809,8,0.09959868243114184,6,0.07287104855683241,3,9.0,1.0
5,5,1,False,1,0.4770111005040532,5,0.23866948776281677,6,0.11001039671909017,7,0.0915757444427761,2,0.04413482625641538,2,8.0,0.0
5,5,1,False,1,0.4770111005040532,5,0.23866948776281677,6,0.11001039671909017,7,0.0915757444427761,2,0.04413482625641538,2,8.0,0.0
5,7,1,False,1,0.5179198949359085,7,0.14547566492154201,3,0.10208846087761447,6,0.09051901870282872,0,0.04863720234528737,2,8.0,4.0
5,5,1,False,1,0.4770111005040532,5,0.23866948776281677,6,0.11001039671909017,7,0.0915757444427761,2,0.04413482625641538,2,8.0,0.0
5,2,1,False,1,0.35023908233771567,5,0.34438746146172966,7,0.18908463774215636,6,0.03362624648320823,2,0.033275662386002304,5,8.0,2.0
5,2,1,False,1,0.3031215543874404,2,0.2500891846397482,4,0.22162060015215207,0,0.08093723341217313,8,0.07794040455042302,2,10.0,0.0
5,2,1,False,1,0.3889660894660894,5,0.20981024531024528,6,0.2064141414141414,2,0.1848095238095238,0,0.006,4,9.0,6.0
5,2,1,False,1,0.5179198949359085,7,0.14547566492154201,3,0.10208846087761447,6,0.09051901870282872,0,0.04863720234528737,9,8.0,4.0
5,1,1,True,1,0.4627379427145165,3,0.1806750323514567,7,0.1064884288668809,8,0.09959868243114184,6,0.07287104855683241,1,9.0,1.0
5,0,1,False,1,0.5179198949359085,7,0.14547566492154201,3,0.10208846087761447,6,0.09051901870282872,0,0.04863720234528737,5,8.0,4.0
5,2,1,False,1,0.4770111005040532,5,0.23866948776281677,6,0.11001039671909017,7,0.0915757444427761,2,0.04413482625641538,5,8.0,0.0
5,2,1,False,1,0.4770111005040532,5,0.23866948776281677,6,0.11001039671909017,7,0.0915757444427761,2,0.04413482625641538,5,8.0,0.0
5,6,2,False,2,0.27922579083881055,4,0.21346629952808427,1,0.19667831614251038,6,0.17534761544037689,7,0.1352819780502173,4,10.0,5.0
5,2,1,False,1,0.31259940111488094,3,0.2389634585830405,0,0.22595198725423182,4,0.08027074129860505,5,0.07829959844936622,7,10.0,1.0
5,0,2,False,2,0.3666936607853789,1,0.35900158007627037,0,0.18639948140954327,6,0.08790527772880712,3,0.0,3,11.0,0.0
5,4,1,False,1,0.35023908233771567,5,0.34438746146172966,7,0.18908463774215636,6,0.03362624648320823,2,0.033275662386002304,7,8.0,2.0
5,3,1,False,1,0.3647672944028171,6,0.16159376104493461,4,0.1416863099702158,5,0.13375891877102075,2,0.08871041990763832,6,10.0,4.0
5,3,1,False,1,0.36039163745701236,3,0.19152108528335032,7,0.16318808595721174,8,0.12831948750712338,0,0.06892488659690069,2,8.0,1.0
5,1,2,False,2,0.5063618675551088,1,0.2962331991445047,6,0.0916465901409173,4,0.053102587661889966,7,0.048275662452193606,2,12.0,5.0
5,1,1,True,1,0.803589035471775,8,0.14432596686098065,6,0.038406638160007944,2,0.013678359507236346,3,0.0,1,16.0,2.0
5,5,1,False,1,0.36039163745701236,3,0.19152108528335032,7,0.16318808595721174,8,0.12831948750712338,0,0.06892488659690069,6,8.0,1.0
5,5,1,False,1,0.4770111005040532,5,0.23866948776281677,6,0.11001039671909017,7,0.0915757444427761,2,0.04413482625641538,2,8.0,0.0
5,5,3,False,3,0.28340271097767805,2,0.27635548914477787,7,0.24548354182853363,1,0.14326025365940162,5,0.05149800438960849,5,6.0,1.0
5,5,3,False,3,0.28340271097767805,2,0.27635548914477787,7,0.24548354182853363,1,0.14326025365940162,5,0.05149800438960849,5,6.0,1.0
5,5,2,False,2,0.5063618675551088,1,0.2962331991445047,6,0.0916465901409173,4,0.053102587661889966,7,0.048275662452193606,8,12.0,5.0
5,6,2,False,2,0.3505364879692852,4,0.2599126278930101,7,0.1500705265902108,6,0.14812500055210404,1,0.0913553569953896,4,11.0,5.0
5,2,1,False,1,0.42625689352786866,4,0.244107899865872,5,0.16625011124066857,0,0.1633850953655907,3,0.0,6,10.0,2.0
5,4,1,False,1,0.4911922971841289,6,0.21180874380599782,2,0.10471704279360117,4,0.07781585490841042,8,0.07459472986323465,4,9.0,0.0
5,3,1,False,1,0.30716443633343227,3,0.23823459486591603,7,0.1762684317016378,2,0.1722332182769734,8,0.06586747708742997,2,7.0,1.0
5,4,2,False,2,0.5063618675551088,1,0.2962331991445047,6,0.0916465901409173,4,0.053102587661889966,7,0.048275662452193606,4,12.0,5.0
5,3,1,False,1,0.3668470221357174,2,0.16767273602320656,6,0.1487494241731741,5,0.1167410746545079,9,0.09721327444485767,7,11.0,4.0
5,3,1,False,1,0.36039163745701236,3,0.19152108528335032,7,0.16318808595721174,8,0.12831948750712338,0,0.06892488659690069,2,8.0,1.0
5,4,8,False,8,0.2629612614412272,1,0.2570954066657736,6,0.21481064484374884,4,0.14899722151553696,0,0.05070757458852368,4,8.0,3.0
5,4,2,False,2,0.3505364879692852,4,0.2599126278930101,7,0.1500705265902108,6,0.14812500055210404,1,0.0913553569953896,2,11.0,5.0
5,3,1,False,1,0.30716443633343227,3,0.23823459486591603,7,0.1762684317016378,2,0.1722332182769734,8,0.06586747708742997,2,7.0,1.0
5,4,1,False,1,0.41513027204221664,3,0.17103883274945084,6,0.11139088959826815,2,0.08799634754897236,4,0.06348816584223133,5,9.0,4.0
5,7,1,False,1,0.4770111005040532,5,0.23866948776281677,6,0.11001039671909017,7,0.0915757444427761,2,0.04413482625641538,4,8.0,0.0
5,7,3,False,3,0.28340271097767805,2,0.27635548914477787,7,0.24548354182853363,1,0.14326025365940162,5,0.05149800438960849,3,6.0,1.0
5,7,1,False,1,0.4770111005040532,5,0.23866948776281677,6,0.11001039671909017,7,0.0915757444427761,2,0.04413482625641538,4,8.0,0.0
5,7,3,False,3,0.28340271097767805,2,0.27635548914477787,7,0.24548354182853363,1,0.14326025365940162,5,0.05149800438960849,3,6.0,1.0
5,1,1,True,1,0.5179198949359085,7,0.14547566492154201,3,0.10208846087761447,6,0.09051901870282872,0,0.04863720234528737,1,8.0,4.0
5,1,1,True,1,0.5179198949359085,7,0.14547566492154201,3,0.10208846087761447,6,0.09051901870282872,0,0.04863720234528737,1,8.0,4.0
5,1,1,True,1,0.8395492699175583,8,0.0780363418495448,0,0.05926729445461675,6,0.017684848962103802,2,0.005462244816176228,1,15.0,3.0
5,9,1,False,1,0.3869174593036822,9,0.31197332096867686,0,0.1551816383650748,6,0.14592758136256578,3,0.0,2,17.0,4.0
5,1,1,True,1,0.8395492699175583,8,0.0780363418495448,0,0.05926729445461675,6,0.017684848962103802,2,0.005462244816176228,1,15.0,3.0
5,1,1,True,1,1.0,0,0.0,2,0.0,3,0.0,4,0.0,1,18.0,1.0
5,1,1,True,1,0.803589035471775,8,0.14432596686098065,6,0.038406638160007944,2,0.013678359507236346,3,0.0,1,16.0,2.0
5,1,1,True,1,0.6084414751914751,0,0.2710169275169273,2,0.12054159729159726,3,0.0,4,0.0,1,12.0,0.0
5,1,1,True,1,0.7977160565843898,8,0.09200348568007315,0,0.03770864519430531,6,0.036737450847552214,5,0.023563892723813883,1,15.0,1.0
5,1,1,True,1,0.7977160565843898,8,0.09200348568007315,0,0.03770864519430531,6,0.036737450847552214,5,0.023563892723813883,1,15.0,1.0
5,1,1,True,1,0.8395492699175583,8,0.0780363418495448,0,0.05926729445461675,6,0.017684848962103802,2,0.005462244816176228,1,15.0,3.0
5,1,1,True,1,0.8498377142494588,8,0.06569756634729458,0,0.03945979226753084,6,0.02253446060383566,2,0.022470466531880104,1,15.0,2.0
5,1,1,True,1,0.8498377142494588,8,0.06569756634729458,0,0.03945979226753084,6,0.02253446060383566,2,0.022470466531880104,1,15.0,2.0
5,1,1,True,1,0.8498377142494588,8,0.06569756634729458,0,0.03945979226753084,6,0.02253446060383566,2,0.022470466531880104,1,15.0,2.0
5,1,1,True,1,0.7977160565843898,8,0.09200348568007315,0,0.03770864519430531,6,0.036737450847552214,5,0.023563892723813883,1,15.0,1.0
5,1,1,True,1,0.6084414751914751,0,0.2710169275169273,2,0.12054159729159726,3,0.0,4,0.0,1,12.0,0.0
5,1,1,True,1,0.8498377142494588,8,0.06569756634729458,0,0.03945979226753084,6,0.02253446060383566,2,0.022470466531880104,1,15.0,2.0
5,1,1,True,1,0.7909882364274271,8,0.0738444570415899,2,0.06964316256312149,9,0.06510747730119448,0,0.00041666666666666664,1,14.0,4.0
5,8,1,False,1,0.4849556562718326,2,0.35629090843796724,8,0.1556375927993575,0,0.003115842490842491,4,0.0,3,14.0,2.0
5,1,1,True,1,0.8498377142494588,8,0.06569756634729458,0,0.03945979226753084,6,0.02253446060383566,2,0.022470466531880104,1,15.0,2.0
5,1,1,True,1,0.6247500045970935,6,0.19799863675121493,0,0.17725135865169175,2,0.0,3,0.0,1,16.0,3.0
5,1,1,True,1,0.8395492699175583,8,0.0780363418495448,0,0.05926729445461675,6,0.017684848962103802,2,0.005462244816176228,1,15.0,3.0
5,1,1,True,1,0.5062053016344334,3,0.1707394024791743,7,0.13782706241923912,2,0.13489003392247823,5,0.028389756038651796,1,5.0,1.0
5,1,1,True,1,0.30716443633343227,3,0.23823459486591603,7,0.1762684317016378,2,0.1722332182769734,8,0.06586747708742997,1,7.0,1.0
5,1,1,True,1,0.41513027204221664,3,0.17103883274945084,6,0.11139088959826815,2,0.08799634754897236,4,0.06348816584223133,1,9.0,4.0
5,1,1,True,1,0.36039163745701236,3,0.19152108528335032,7,0.16318808595721174,8,0.12831948750712338,0,0.06892488659690069,1,8.0,1.0
5,1,1,True,1,0.5179198949359085,7,0.14547566492154201,3,0.10208846087761447,6,0.09051901870282872,0,0.04863720234528737,1,8.0,4.0
5,1,1,True,1,0.35023908233771567,5,0.34438746146172966,7,0.18908463774215636,6,0.03362624648320823,2,0.033275662386002304,1,8.0,2.0
5,1,1,True,1,0.36039163745701236,3,0.19152108528335032,7,0.16318808595721174,8,0.12831948750712338,0,0.06892488659690069,1,8.0,1.0
5,1,1,True,1,0.4770111005040532,5,0.23866948776281677,6,0.11001039671909017,7,0.0915757444427761,2,0.04413482625641538,1,8.0,0.0
5,1,1,True,1,0.5155490046109774,2,0.30848489839706483,0,0.14908115042596043,6,0.012684198617080167,8,0.004069990992279428,1,,
5,1,1,True,1,0.6992895224915222,8,0.1513065636672854,6,0.09440072868453354,0,0.03911450561521493,2,0.008397681330112663,1,16.0,1.0
5,1,1,True,1,0.29971482683982675,2,0.2918086774336774,6,0.21011281773781776,5,0.19836367798867793,3,0.0,1,14.0,5.0
5,1,1,True,1,0.8395492699175583,8,0.0780363418495448,0,0.05926729445461675,6,0.017684848962103802,2,0.005462244816176228,1,15.0,3.0
5,9,1,False,1,0.5158872312328195,9,0.2987992269168738,6,0.10019218689806922,7,0.0851213549522373,3,0.0,2,18.0,4.0
5,1,1,True,1,1.0,0,0.0,2,0.0,3,0.0,4,0.0,1,18.0,2.0
5,1,1,True,1,0.8776239836042866,0,0.053239742328696237,2,0.041768340310198354,6,0.019436416857654678,8,0.007931516899163937,1,15.0,0.0
5,1,1,True,1,0.6247500045970935,6,0.19799863675121493,0,0.17725135865169175,2,0.0,3,0.0,1,16.0,3.0
5,1,1,True,1,0.7977160565843898,8,0.09200348568007315,0,0.03770864519430531,6,0.036737450847552214,5,0.023563892723813883,1,15.0,1.0
5,1,1,True,1,0.3647672944028171,6,0.16159376104493461,4,0.1416863099702158,5,0.13375891877102075,2,0.08871041990763832,1,10.0,4.0
5,1,1,True,1,0.750727488198076,2,0.2492725118019234,0,0.0,3,0.0,4,0.0,1,11.0,3.0
5,1,1,True,1,0.6086048812594749,3,0.14700354260601955,7,0.11754728536720131,8,0.06608632817801893,2,0.033417404396879576,1,7.0,4.0
5,1,1,True,1,1.0,0,0.0,2,0.0,3,0.0,4,0.0,1,12.0,3.0
5,1,1,True,1,1.0,0,0.0,2,0.0,3,0.0,4,0.0,1,12.0,3.0
5,1,1,True,1,0.8395492699175583,8,0.0780363418495448,0,0.05926729445461675,6,0.017684848962103802,2,0.005462244816176228,1,15.0,3.0
5,1,1,True,1,0.7977160565843898,8,0.09200348568007315,0,0.03770864519430531,6,0.036737450847552214,5,0.023563892723813883,1,15.0,1.0
5,1,2,False,2,0.3743300273599807,1,0.2682143646085595,5,0.13803100203030536,6,0.13666784929037248,7,0.08275675671078143,2,13.0,5.0
5,1,2,False,2,0.5063618675551088,1,0.2962331991445047,6,0.0916465901409173,4,0.053102587661889966,7,0.048275662452193606,2,12.0,5.0
5,1,1,True,1,0.8395492699175583,8,0.0780363418495448,0,0.05926729445461675,6,0.017684848962103802,2,0.005462244816176228,1,15.0,3.0
5,2,1,False,1,0.8135951208927762,2,0.1860048791072234,0,0.0004,3,0.0,4,0.0,2,12.0,2.0
5,1,1,True,1,0.8007256632256629,0,0.19850510600510593,2,0.0007692307692307692,3,0.0,4,0.0,1,13.0,1.0
5,1,1,True,1,0.7977160565843898,8,0.09200348568007315,0,0.03770864519430531,6,0.036737450847552214,5,0.023563892723813883,1,15.0,1.0
5,6,1,False,1,0.7977160565843898,8,0.09200348568007315,0,0.03770864519430531,6,0.036737450847552214,5,0.023563892723813883,4,15.0,1.0
5,1,1,True,1,0.8776239836042866,0,0.053239742328696237,2,0.041768340310198354,6,0.019436416857654678,8,0.007931516899163937,1,15.0,0.0
5,1,1,True,1,0.7977160565843898,8,0.09200348568007315,0,0.03770864519430531,6,0.036737450847552214,5,0.023563892723813883,1,15.0,1.0
5,1,1,True,1,0.7685661077770621,0,0.10457650288159588,6,0.09787643575034455,2,0.010162396065410252,9,0.009941164265724828,1,15.0,4.0
5,1,1,True,1,0.8395492699175583,8,0.0780363418495448,0,0.05926729445461675,6,0.017684848962103802,2,0.005462244816176228,1,15.0,3.0
5,1,1,True,1,0.8498377142494588,8,0.06569756634729458,0,0.03945979226753084,6,0.02253446060383566,2,0.022470466531880104,1,15.0,2.0
5,1,1,True,1,0.7685661077770621,0,0.10457650288159588,6,0.09787643575034455,2,0.010162396065410252,9,0.009941164265724828,1,15.0,4.0
5,1,1,True,1,0.7977160565843898,8,0.09200348568007315,0,0.03770864519430531,6,0.036737450847552214,5,0.023563892723813883,1,15.0,1.0
5,1,1,True,1,0.9461756662902719,0,0.053702382490215674,2,0.00012195121951219512,3,0.0,4,0.0,1,16.0,0.0
5,6,1,False,1,0.5764576782264791,6,0.15871683869354442,0,0.09946251127631563,8,0.09238573816184542,9,0.07297723364181517,2,16.0,4.0
5,6,1,False,1,1.0,0,0.0,2,0.0,3,0.0,4,0.0,7,18.0,2.0
5,1,1,True,1,0.5120469844688447,2,0.42125765864532866,8,0.06669535688582667,0,0.0,4,0.0,1,7.0,0.0
5,1,1,True,1,0.6247500045970935,6,0.19799863675121493,0,0.17725135865169175,2,0.0,3,0.0,1,16.0,3.0
5,1,1,True,1,0.7977160565843898,8,0.09200348568007315,0,0.03770864519430531,6,0.036737450847552214,5,0.023563892723813883,1,15.0,1.0
5,1,1,True,1,0.7977160565843898,8,0.09200348568007315,0,0.03770864519430531,6,0.036737450847552214,5,0.023563892723813883,1,15.0,1.0
5,1,1,True,1,0.8395492699175583,8,0.0780363418495448,0,0.05926729445461675,6,0.017684848962103802,2,0.005462244816176228,1,15.0,3.0
5,1,1,True,1,0.8776239836042866,0,0.053239742328696237,2,0.041768340310198354,6,0.019436416857654678,8,0.007931516899163937,1,15.0,0.0
5,1,1,True,1,0.803589035471775,8,0.14432596686098065,6,0.038406638160007944,2,0.013678359507236346,3,0.0,1,16.0,2.0
5,1,1,True,1,0.8498377142494588,8,0.06569756634729458,0,0.03945979226753084,6,0.02253446060383566,2,0.022470466531880104,1,15.0,2.0
5,1,1,True,1,0.7977160565843898,8,0.09200348568007315,0,0.03770864519430531,6,0.036737450847552214,5,0.023563892723813883,1,15.0,1.0
5,1,1,True,1,0.5179198949359085,7,0.14547566492154201,3,0.10208846087761447,6,0.09051901870282872,0,0.04863720234528737,1,8.0,4.0
5,1,1,True,1,0.4627379427145165,3,0.1806750323514567,7,0.1064884288668809,8,0.09959868243114184,6,0.07287104855683241,1,9.0,1.0
5,0,1,False,1,0.8145433546277536,2,0.1701513638393434,8,0.015305281532903014,0,0.0,4,0.0,4,5.0,0.0
5,1,1,True,1,0.6682899191816702,2,0.32978254827698644,0,0.0019275325413432832,3,0.0,4,0.0,1,7.0,2.0
5,1,1,True,1,0.7977160565843898,8,0.09200348568007315,0,0.03770864519430531,6,0.036737450847552214,5,0.023563892723813883,1,15.0,1.0
5,1,1,True,1,0.8498377142494588,8,0.06569756634729458,0,0.03945979226753084,6,0.02253446060383566,2,0.022470466531880104,1,15.0,2.0
5,1,1,True,1,0.8776239836042866,0,0.053239742328696237,2,0.041768340310198354,6,0.019436416857654678,8,0.007931516899163937,1,15.0,0.0
5,1,1,True,1,1.0,0,0.0,2,0.0,3,0.0,4,0.0,1,19.0,2.0
5,1,1,True,1,0.7685661077770621,0,0.10457650288159588,6,0.09787643575034455,2,0.010162396065410252,9,0.009941164265724828,1,15.0,4.0
5,1,1,True,1,0.8498377142494588,8,0.06569756634729458,0,0.03945979226753084,6,0.02253446060383566,2,0.022470466531880104,1,15.0,2.0
5,1,1,True,1,0.9213023647541901,8,0.039769545906460695,6,0.02423786292986295,0,0.010898397078031414,2,0.0019345043425088276,1,20.0,1.0
5,1,1,True,1,1.0,0,0.0,2,0.0,3,0.0,4,0.0,1,18.0,1.0
5,0,1,False,1,0.8395492699175583,8,0.0780363418495448,0,0.05926729445461675,6,0.017684848962103802,2,0.005462244816176228,3,15.0,3.0
5,1,1,True,1,0.5764576782264791,6,0.15871683869354442,0,0.09946251127631563,8,0.09238573816184542,9,0.07297723364181517,1,16.0,4.0
5,1,1,True,1,0.8395492699175583,8,0.0780363418495448,0,0.05926729445461675,6,0.017684848962103802,2,0.005462244816176228,1,15.0,3.0
5,1,1,True,1,0.8776239836042866,0,0.053239742328696237,2,0.041768340310198354,6,0.019436416857654678,8,0.007931516899163937,1,15.0,0.0
5,6,2,False,2,0.37664329389963913,1,0.2577826076920924,6,0.1562303669292996,8,0.12658258679635914,4,0.08276114468260953,3,8.0,5.0
5,0,1,False,1,0.6247500045970935,6,0.19799863675121493,0,0.17725135865169175,2,0.0,3,0.0,3,16.0,3.0
5,1,1,True,1,0.7977160565843898,8,0.09200348568007315,0,0.03770864519430531,6,0.036737450847552214,5,0.023563892723813883,1,15.0,1.0
5,1,1,True,1,0.9461756662902719,0,0.053702382490215674,2,0.00012195121951219512,3,0.0,4,0.0,1,16.0,0.0
5,1,1,True,1,0.8776239836042866,0,0.053239742328696237,2,0.041768340310198354,6,0.019436416857654678,8,0.007931516899163937,1,15.0,0.0
5,1,1,True,1,0.7977160565843898,8,0.09200348568007315,0,0.03770864519430531,6,0.036737450847552214,5,0.023563892723813883,1,15.0,1.0
5,1,1,True,1,0.8498377142494588,8,0.06569756634729458,0,0.03945979226753084,6,0.02253446060383566,2,0.022470466531880104,1,15.0,2.0
5,1,1,True,1,0.8498377142494588,8,0.06569756634729458,0,0.03945979226753084,6,0.02253446060383566,2,0.022470466531880104,1,15.0,2.0
5,1,1,True,1,0.7977160565843898,8,0.09200348568007315,0,0.03770864519430531,6,0.036737450847552214,5,0.023563892723813883,1,15.0,1.0
5,6,1,False,1,0.8395492699175583,8,0.0780363418495448,0,0.05926729445461675,6,0.017684848962103802,2,0.005462244816176228,4,15.0,3.0
5,1,1,True,1,0.8776239836042866,0,0.053239742328696237,2,0.041768340310198354,6,0.019436416857654678,8,0.007931516899163937,1,15.0,0.0
5,1,4,False,4,0.30360517573651574,1,0.2258040223906639,8,0.12269506651886739,2,0.11456381150843381,6,0.08483494841247252,2,9.0,3.0
5,2,2,True,2,0.8278887350609484,8,0.17161126493905118,0,0.0005,1,0.0,4,0.0,1,6.0,3.0
5,2,2,True,2,0.5361162179323944,1,0.4626337820676056,0,0.00125,3,0.0,4,0.0,1,6.0,0.0
5,2,2,True,2,0.3743300273599807,1,0.2682143646085595,5,0.13803100203030536,6,0.13666784929037248,7,0.08275675671078143,1,13.0,5.0
5,1,1,True,1,0.6086048812594749,3,0.14700354260601955,7,0.11754728536720131,8,0.06608632817801893,2,0.033417404396879576,1,7.0,4.0
5,2,2,True,2,0.6294305613718927,1,0.2931463268757385,7,0.07625388098313793,0,0.0011692307692307694,3,0.0,1,6.0,4.0
5,8,8,True,8,0.2629612614412272,1,0.2570954066657736,6,0.21481064484374884,4,0.14899722151553696,0,0.05070757458852368,1,8.0,3.0
5,1,1,True,1,0.6682899191816702,2,0.32978254827698644,0,0.0019275325413432832,3,0.0,4,0.0,1,7.0,2.0
5,2,2,True,2,0.5697309765398001,1,0.4235595760448701,0,0.006709447415329769,3,0.0,4,0.0,1,6.0,2.0
5,6,1,False,1,0.30716443633343227,3,0.23823459486591603,7,0.1762684317016378,2,0.1722332182769734,8,0.06586747708742997,9,7.0,1.0
5,1,1,True,1,0.5120469844688447,2,0.42125765864532866,8,0.06669535688582667,0,0.0,4,0.0,1,7.0,0.0
5,2,1,False,1,0.6086048812594749,3,0.14700354260601955,7,0.11754728536720131,8,0.06608632817801893,2,0.033417404396879576,5,7.0,4.0
5,1,8,False,8,0.2629612614412272,1,0.2570954066657736,6,0.21481064484374884,4,0.14899722151553696,0,0.05070757458852368,2,8.0,3.0
5,1,1,True,1,0.4627379427145165,3,0.1806750323514567,7,0.1064884288668809,8,0.09959868243114184,6,0.07287104855683241,1,9.0,1.0
5,0,8,False,8,0.2629612614412272,1,0.2570954066657736,6,0.21481064484374884,4,0.14899722151553696,0,0.05070757458852368,5,8.0,3.0
5,1,1,True,1,0.36039163745701236,3,0.19152108528335032,7,0.16318808595721174,8,0.12831948750712338,0,0.06892488659690069,1,8.0,1.0
5,0,1,False,1,0.4627379427145165,3,0.1806750323514567,7,0.1064884288668809,8,0.09959868243114184,6,0.07287104855683241,9,9.0,1.0
5,1,1,True,1,0.4770111005040532,5,0.23866948776281677,6,0.11001039671909017,7,0.0915757444427761,2,0.04413482625641538,1,8.0,0.0
5,2,1,False,1,0.6086048812594749,3,0.14700354260601955,7,0.11754728536720131,8,0.06608632817801893,2,0.033417404396879576,5,7.0,4.0
5,8,1,False,1,0.6173809414823584,2,0.13918497739640476,4,0.11040635007705767,6,0.05616146295545297,0,0.02705944627047749,9,9.0,2.0
5,8,1,False,1,0.36039163745701236,3,0.19152108528335032,7,0.16318808595721174,8,0.12831948750712338,0,0.06892488659690069,4,8.0,1.0
5,2,3,False,3,0.28340271097767805,2,0.27635548914477787,7,0.24548354182853363,1,0.14326025365940162,5,0.05149800438960849,2,6.0,1.0
5,2,2,True,2,0.5361162179323944,1,0.4626337820676056,0,0.00125,3,0.0,4,0.0,1,6.0,0.0
5,1,1,True,1,0.41513027204221664,3,0.17103883274945084,6,0.11139088959826815,2,0.08799634754897236,4,0.06348816584223133,1,9.0,4.0
5,1,1,True,1,0.7977160565843898,8,0.09200348568007315,0,0.03770864519430531,6,0.036737450847552214,5,0.023563892723813883,1,15.0,1.0
5,1,1,True,1,0.3031215543874404,2,0.2500891846397482,4,0.22162060015215207,0,0.08093723341217313,8,0.07794040455042302,1,10.0,0.0
5,1,1,True,1,0.6247500045970935,6,0.19799863675121493,0,0.17725135865169175,2,0.0,3,0.0,1,16.0,3.0
5,8,1,False,1,0.7977160565843898,8,0.09200348568007315,0,0.03770864519430531,6,0.036737450847552214,5,0.023563892723813883,2,15.0,1.0
5,1,1,True,1,0.8498377142494588,8,0.06569756634729458,0,0.03945979226753084,6,0.02253446060383566,2,0.022470466531880104,1,15.0,2.0
5,1,1,True,1,0.7977160565843898,8,0.09200348568007315,0,0.03770864519430531,6,0.036737450847552214,5,0.023563892723813883,1,15.0,1.0
5,1,1,True,1,0.803589035471775,8,0.14432596686098065,6,0.038406638160007944,2,0.013678359507236346,3,0.0,1,16.0,2.0
5,1,1,True,1,0.7977160565843898,8,0.09200348568007315,0,0.03770864519430531,6,0.036737450847552214,5,0.023563892723813883,1,15.0,1.0
5,1,1,True,1,0.8776239836042866,0,0.053239742328696237,2,0.041768340310198354,6,0.019436416857654678,8,0.007931516899163937,1,15.0,0.0
5,8,1,False,1,0.5764576782264791,6,0.15871683869354442,0,0.09946251127631563,8,0.09238573816184542,9,0.07297723364181517,4,16.0,4.0
5,1,1,True,1,0.7685661077770621,0,0.10457650288159588,6,0.09787643575034455,2,0.010162396065410252,9,0.009941164265724828,1,15.0,4.0
5,1,1,True,1,0.803589035471775,8,0.14432596686098065,6,0.038406638160007944,2,0.013678359507236346,3,0.0,1,16.0,2.0
5,1,1,True,1,0.803589035471775,8,0.14432596686098065,6,0.038406638160007944,2,0.013678359507236346,3,0.0,1,16.0,2.0
5,1,1,True,1,0.803589035471775,8,0.14432596686098065,6,0.038406638160007944,2,0.013678359507236346,3,0.0,1,16.0,2.0
5,1,1,True,1,0.7977160565843898,8,0.09200348568007315,0,0.03770864519430531,6,0.036737450847552214,5,0.023563892723813883,1,15.0,1.0
5,9,1,False,1,0.7685661077770621,0,0.10457650288159588,6,0.09787643575034455,2,0.010162396065410252,9,0.009941164265724828,5,15.0,4.0
5,1,1,True,1,1.0,0,0.0,2,0.0,3,0.0,4,0.0,1,19.0,1.0
5,1,1,True,1,0.8776239836042866,0,0.053239742328696237,2,0.041768340310198354,6,0.019436416857654678,8,0.007931516899163937,1,15.0,0.0
5,1,1,True,1,0.9982608695652173,8,0.0013043478260869564,6,0.0002898550724637681,2,0.00014492753623188405,3,0.0,1,20.0,2.0
5,0,1,False,1,0.803589035471775,8,0.14432596686098065,6,0.038406638160007944,2,0.013678359507236346,3,0.0,8,16.0,2.0
5,1,1,True,1,0.9461756662902719,0,0.053702382490215674,2,0.00012195121951219512,3,0.0,4,0.0,1,16.0,0.0
5,1,1,True,1,0.8776239836042866,0,0.053239742328696237,2,0.041768340310198354,6,0.019436416857654678,8,0.007931516899163937,1,15.0,0.0
5,1,1,True,1,0.793047611461092,9,0.13834665197017115,0,0.0686057365687363,2,0.0,4,0.0,1,13.0,4.0
5,1,1,True,1,0.6295413474741108,6,0.11810152891708275,2,0.06631403078345802,0,0.06484439317805181,3,0.06446991241061772,1,12.0,4.0
5,1,1,True,1,0.8007256632256629,0,0.19850510600510593,2,0.0007692307692307692,3,0.0,4,0.0,1,13.0,1.0
5,1,0,False,0,0.7071700244200245,1,0.20882104007104005,2,0.04467177267177267,8,0.028333333333333335,9,0.00905938505938506,2,13.0,0.0
5,1,1,True,1,0.750727488198076,2,0.2492725118019234,0,0.0,3,0.0,4,0.0,1,11.0,3.0
5,0,1,False,1,0.7685661077770621,0,0.10457650288159588,6,0.09787643575034455,2,0.010162396065410252,9,0.009941164265724828,2,15.0,4.0
5,1,1,True,1,0.6992895224915222,8,0.1513065636672854,6,0.09440072868453354,0,0.03911450561521493,2,0.008397681330112663,1,16.0,1.0
5,1,1,True,1,0.8395492699175583,8,0.0780363418495448,0,0.05926729445461675,6,0.017684848962103802,2,0.005462244816176228,1,15.0,3.0
5,1,1,True,1,0.6992895224915222,8,0.1513065636672854,6,0.09440072868453354,0,0.03911450561521493,2,0.008397681330112663,1,16.0,1.0
5,1,1,True,1,0.7977160565843898,8,0.09200348568007315,0,0.03770864519430531,6,0.036737450847552214,5,0.023563892723813883,1,15.0,1.0
5,1,1,True,1,0.6992895224915222,8,0.1513065636672854,6,0.09440072868453354,0,0.03911450561521493,2,0.008397681330112663,1,16.0,1.0
5,1,1,True,1,0.6992895224915222,8,0.1513065636672854,6,0.09440072868453354,0,0.03911450561521493,2,0.008397681330112663,1,16.0,1.0
5,2,2,True,2,0.3743300273599807,1,0.2682143646085595,5,0.13803100203030536,6,0.13666784929037248,7,0.08275675671078143,1,13.0,5.0
5,8,1,False,1,0.803589035471775,8,0.14432596686098065,6,0.038406638160007944,2,0.013678359507236346,3,0.0,2,16.0,2.0
5,8,1,False,1,0.8498377142494588,8,0.06569756634729458,0,0.03945979226753084,6,0.02253446060383566,2,0.022470466531880104,2,15.0,2.0
5,1,1,True,1,0.8395492699175583,8,0.0780363418495448,0,0.05926729445461675,6,0.017684848962103802,2,0.005462244816176228,1,15.0,3.0
5,1,1,True,1,0.8395492699175583,8,0.0780363418495448,0,0.05926729445461675,6,0.017684848962103802,2,0.005462244816176228,1,15.0,3.0
5,1,1,True,1,0.8776239836042866,0,0.053239742328696237,2,0.041768340310198354,6,0.019436416857654678,8,0.007931516899163937,1,15.0,0.0
5,8,1,False,1,0.7977160565843898,8,0.09200348568007315,0,0.03770864519430531,6,0.036737450847552214,5,0.023563892723813883,2,15.0,1.0
5,1,1,True,1,0.5764576782264791,6,0.15871683869354442,0,0.09946251127631563,8,0.09238573816184542,9,0.07297723364181517,1,16.0,4.0
5,8,1,False,1,0.803589035471775,8,0.14432596686098065,6,0.038406638160007944,2,0.013678359507236346,3,0.0,2,16.0,2.0
5,1,1,True,1,0.8498377142494588,8,0.06569756634729458,0,0.03945979226753084,6,0.02253446060383566,2,0.022470466531880104,1,15.0,2.0
5,0,1,False,1,0.5764576782264791,6,0.15871683869354442,0,0.09946251127631563,8,0.09238573816184542,9,0.07297723364181517,3,16.0,4.0
5,6,1,False,1,0.6992895224915222,8,0.1513065636672854,6,0.09440072868453354,0,0.03911450561521493,2,0.008397681330112663,3,16.0,1.0
5,1,1,True,1,0.8395492699175583,8,0.0780363418495448,0,0.05926729445461675,6,0.017684848962103802,2,0.005462244816176228,1,15.0,3.0
5,6,1,False,1,0.8395492699175583,8,0.0780363418495448,0,0.05926729445461675,6,0.017684848962103802,2,0.005462244816176228,4,15.0,3.0
5,1,1,True,1,0.8498377142494588,8,0.06569756634729458,0,0.03945979226753084,6,0.02253446060383566,2,0.022470466531880104,1,15.0,2.0
5,1,1,True,1,0.9461756662902719,0,0.053702382490215674,2,0.00012195121951219512,3,0.0,4,0.0,1,16.0,0.0
5,1,1,True,1,0.9461756662902719,0,0.053702382490215674,2,0.00012195121951219512,3,0.0,4,0.0,1,16.0,0.0
5,1,1,True,1,0.8395492699175583,8,0.0780363418495448,0,0.05926729445461675,6,0.017684848962103802,2,0.005462244816176228,1,15.0,3.0
5,1,1,True,1,0.8776239836042866,0,0.053239742328696237,2,0.041768340310198354,6,0.019436416857654678,8,0.007931516899163937,1,15.0,0.0
5,6,1,False,1,0.3647672944028171,6,0.16159376104493461,4,0.1416863099702158,5,0.13375891877102075,2,0.08871041990763832,2,10.0,4.0
5,8,1,False,1,0.6992895224915222,8,0.1513065636672854,6,0.09440072868453354,0,0.03911450561521493,2,0.008397681330112663,2,16.0,1.0
5,6,2,False,2,0.27922579083881055,4,0.21346629952808427,1,0.19667831614251038,6,0.17534761544037689,7,0.1352819780502173,4,10.0,5.0
5,6,1,False,1,1.0,0,0.0,2,0.0,3,0.0,4,0.0,7,18.0,1.0
5,1,1,True,1,0.7685661077770621,0,0.10457650288159588,6,0.09787643575034455,2,0.010162396065410252,9,0.009941164265724828,1,15.0,4.0
5,6,1,False,1,0.6992895224915222,8,0.1513065636672854,6,0.09440072868453354,0,0.03911450561521493,2,0.008397681330112663,3,16.0,1.0
5,1,1,True,1,0.8776239836042866,0,0.053239742328696237,2,0.041768340310198354,6,0.019436416857654678,8,0.007931516899163937,1,15.0,0.0
5,6,1,False,1,1.0,0,0.0,2,0.0,3,0.0,4,0.0,7,18.0,2.0
5,1,2,False,2,0.27922579083881055,4,0.21346629952808427,1,0.19667831614251038,6,0.17534761544037689,7,0.1352819780502173,3,10.0,5.0
5,1,1,True,1,0.5120469844688447,2,0.42125765864532866,8,0.06669535688582667,0,0.0,4,0.0,1,7.0,0.0
5,6,1,False,1,0.26633574744741706,2,0.26351515861551467,6,0.20532351331440704,7,0.12286353947889736,4,0.11981985642491236,3,9.0,5.0
5,0,1,False,1,0.41513027204221664,3,0.17103883274945084,6,0.11139088959826815,2,0.08799634754897236,4,0.06348816584223133,9,9.0,4.0
5,1,1,True,1,0.5179198949359085,7,0.14547566492154201,3,0.10208846087761447,6,0.09051901870282872,0,0.04863720234528737,1,8.0,4.0
5,2,2,True,2,0.6294305613718927,1,0.2931463268757385,7,0.07625388098313793,0,0.0011692307692307694,3,0.0,1,6.0,4.0
5,1,1,True,1,0.6992895224915222,8,0.1513065636672854,6,0.09440072868453354,0,0.03911450561521493,2,0.008397681330112663,1,16.0,1.0
5,1,1,True,1,0.6992895224915222,8,0.1513065636672854,6,0.09440072868453354,0,0.03911450561521493,2,0.008397681330112663,1,16.0,1.0
5,6,8,False,8,0.2629612614412272,1,0.2570954066657736,6,0.21481064484374884,4,0.14899722151553696,0,0.05070757458852368,3,8.0,3.0
5,1,1,True,1,0.35023908233771567,5,0.34438746146172966,7,0.18908463774215636,6,0.03362624648320823,2,0.033275662386002304,1,8.0,2.0
5,1,1,True,1,0.4627379427145165,3,0.1806750323514567,7,0.1064884288668809,8,0.09959868243114184,6,0.07287104855683241,1,9.0,1.0
5,8,1,False,1,0.6173809414823584,2,0.13918497739640476,4,0.11040635007705767,6,0.05616146295545297,0,0.02705944627047749,9,9.0,2.0
5,1,1,True,1,0.4911922971841289,6,0.21180874380599782,2,0.10471704279360117,4,0.07781585490841042,8,0.07459472986323465,1,9.0,0.0
5,2,2,True,2,0.5361162179323944,1,0.4626337820676056,0,0.00125,3,0.0,4,0.0,1,6.0,0.0
5,1,1,True,1,0.41513027204221664,3,0.17103883274945084,6,0.11139088959826815,2,0.08799634754897236,4,0.06348816584223133,1,9.0,4.0
5,8,1,False,1,0.30716443633343227,3,0.23823459486591603,7,0.1762684317016378,2,0.1722332182769734,8,0.06586747708742997,5,7.0,1.0
5,8,1,False,1,0.4006409391699714,2,0.33818985455470346,8,0.16085228710365412,6,0.050407543229663905,4,0.04990937594200702,3,7.0,3.0
5,8,1,False,1,0.30716443633343227,3,0.23823459486591603,7,0.1762684317016378,2,0.1722332182769734,8,0.06586747708742997,5,7.0,1.0
5,1,1,True,1,0.5120469844688447,2,0.42125765864532866,8,0.06669535688582667,0,0.0,4,0.0,1,7.0,0.0
5,2,3,False,3,0.28340271097767805,2,0.27635548914477787,7,0.24548354182853363,1,0.14326025365940162,5,0.05149800438960849,2,6.0,1.0
5,1,1,True,1,0.4911922971841289,6,0.21180874380599782,2,0.10471704279360117,4,0.07781585490841042,8,0.07459472986323465,1,9.0,0.0
5,1,1,True,1,0.6173809414823584,2,0.13918497739640476,4,0.11040635007705767,6,0.05616146295545297,0,0.02705944627047749,1,9.0,2.0
5,1,1,True,1,0.35023908233771567,5,0.34438746146172966,7,0.18908463774215636,6,0.03362624648320823,2,0.033275662386002304,1,8.0,2.0
6,5,1,False,1,0.3878005448830201,5,0.2718520559098428,7,0.12121305024534097,6,0.11521882121573958,2,0.0658597608599239,2,8.0,0.0
6,4,4,True,4,0.3212369464784015,1,0.2484380716119995,2,0.12182033600129812,8,0.10151518529482897,6,0.08134018738828208,1,9.0,3.0
6,5,4,False,4,0.3212369464784015,1,0.2484380716119995,2,0.12182033600129812,8,0.10151518529482897,6,0.08134018738828208,8,9.0,3.0
6,5,1,False,1,0.5148396125263555,7,0.16413919800178506,3,0.11046678128133683,6,0.07476749199614927,0,0.057857489131311376,7,8.0,4.0
6,2,1,False,1,0.5615522361724036,4,0.12850437931410835,2,0.11946250286031299,6,0.06269093028105326,8,0.050808268856818294,3,9.0,2.0
6,4,1,False,1,0.4829983341970992,0,0.19477127329678137,5,0.15278558014501603,4,0.09393150239218011,2,0.0755133099689231,4,10.0,2.0
6,2,1,False,1,0.3294335778600484,4,0.32740719901014026,6,0.12969220322161493,5,0.12017121603886304,7,0.0932958038693333,8,10.0,3.0
6,5,1,False,1,0.45755617010451344,3,0.14087882829059822,6,0.10287155454608268,2,0.07987787098831578,7,0.06126306615985924,9,9.0,4.0
6,3,1,False,1,0.3722849547153961,3,0.17373808592558482,7,0.15980601423646396,8,0.13924961450119835,5,0.07415135042763432,2,8.0,1.0
6,5,1,False,1,0.37596747398401403,5,0.3250263951590698,7,0.14320299488859256,2,0.049992617361392495,8,0.03633565814608579,2,8.0,2.0
6,7,1,False,1,0.37596747398401403,5,0.3250263951590698,7,0.14320299488859256,2,0.049992617361392495,8,0.03633565814608579,3,8.0,2.0
6,7,1,False,1,0.3722849547153961,3,0.17373808592558482,7,0.15980601423646396,8,0.13924961450119835,5,0.07415135042763432,3,8.0,1.0
6,4,2,False,2,0.4365193836769455,1,0.32706641982808793,6,0.09292589576046069,4,0.051853861160792256,5,0.045871542890313456,4,12.0,5.0
6,5,1,False,1,0.37596747398401403,5,0.3250263951590698,7,0.14320299488859256,2,0.049992617361392495,8,0.03633565814608579,2,8.0,2.0
6,5,1,False,1,0.810756149401406,8,0.09484827466912747,0,0.03500861559581956,6,0.03055938152773021,5,0.01673133962222148,5,15.0,1.0
6,7,1,False,1,0.456643114435234,3,0.1979652371228445,7,0.11152699131626816,8,0.08969778886633134,6,0.05790945025214534,3,9.0,1.0
6,1,3,False,3,0.27502559240303376,1,0.2632025821800046,7,0.15737493729893035,2,0.14880348610755478,8,0.09322407681694395,2,7.0,1.0
6,3,1,False,1,0.45755617010451344,3,0.14087882829059822,6,0.10287155454608268,2,0.07987787098831578,7,0.06126306615985924,2,9.0,4.0
6,5,1,False,1,0.37596747398401403,5,0.3250263951590698,7,0.14320299488859256,2,0.049992617361392495,8,0.03633565814608579,2,8.0,2.0
6,5,1,False,1,0.3878005448830201,5,0.2718520559098428,7,0.12121305024534097,6,0.11521882121573958,2,0.0658597608599239,2,8.0,0.0
6,2,2,True,2,0.4365193836769455,1,0.32706641982808793,6,0.09292589576046069,4,0.051853861160792256,5,0.045871542890313456,1,12.0,5.0
6,4,1,False,1,0.45755617010451344,3,0.14087882829059822,6,0.10287155454608268,2,0.07987787098831578,7,0.06126306615985924,6,9.0,4.0
6,5,5,True,5,0.6518744093159996,2,0.16771633331956726,1,0.12048995613314156,7,0.05991930123129139,3,0.0,1,8.0,6.0
6,1,1,True,1,0.2612474869368428,2,0.1992014686820161,6,0.15819140223724115,9,0.12579530576280973,5,0.12257836183804172,1,11.0,4.0
6,1,1,True,1,0.7705608386711327,0,0.2275484050263461,2,0.0018907563025210084,3,0.0,4,0.0,1,12.0,1.0
6,1,1,True,1,0.7301573747459971,2,0.1795719794481403,5,0.0902706458058625,0,0.0,3,0.0,1,11.0,1.0
6,4,0,False,0,0.38575702075702073,5,0.21419322344322328,1,0.20633272283272278,2,0.1846694139194139,4,0.009047619047619047,5,10.0,6.0
6,7,1,False,1,0.34888353410641726,6,0.18940374205543564,5,0.13683737417710595,3,0.12647917682481366,4,0.11799254603279108,8,10.0,4.0
6,1,1,True,1,0.39218659118659127,2,0.37655232267732275,8,0.2298325147075147,0,0.0014285714285714286,4,0.0,1,14.0,2.0
6,3,1,False,1,0.3515243109573605,0,0.21578803562278787,3,0.1496506134044833,5,0.07738561679118952,4,0.06895104710391084,3,10.0,1.0
6,3,1,False,1,0.7138516350465267,6,0.15309228069831776,2,0.06988900138102921,0,0.0631670828741262,3,0.0,5,12.0,4.0
6,3,1,False,1,0.2612474869368428,2,0.1992014686820161,6,0.15819140223724115,9,0.12579530576280973,5,0.12257836183804172,6,11.0,4.0
6,4,1,False,1,0.4829983341970992,0,0.19477127329678137,5,0.15278558014501603,4,0.09393150239218011,2,0.0755133099689231,4,10.0,2.0
6,4,0,False,0,0.38575702075702073,5,0.21419322344322328,1,0.20633272283272278,2,0.1846694139194139,4,0.009047619047619047,5,10.0,6.0
6,7,1,False,1,0.37596747398401403,5,0.3250263951590698,7,0.14320299488859256,2,0.049992617361392495,8,0.03633565814608579,3,8.0,2.0
6,3,1,False,1,0.3722849547153961,3,0.17373808592558482,7,0.15980601423646396,8,0.13924961450119835,5,0.07415135042763432,2,8.0,1.0
6,3,1,False,1,0.3722849547153961,3,0.17373808592558482,7,0.15980601423646396,8,0.13924961450119835,5,0.07415135042763432,2,8.0,1.0
6,7,1,False,1,0.37596747398401403,5,0.3250263951590698,7,0.14320299488859256,2,0.049992617361392495,8,0.03633565814608579,3,8.0,2.0
6,7,1,False,1,0.37596747398401403,5,0.3250263951590698,7,0.14320299488859256,2,0.049992617361392495,8,0.03633565814608579,3,8.0,2.0
6,4,1,False,1,0.5354173708913241,8,0.26439497100841164,2,0.13525000438812013,6,0.06306265371214388,0,0.001875,8,7.0,3.0
6,7,1,False,1,0.6523359698375972,3,0.14934104269054624,2,0.09156747352567748,7,0.07530696095661323,6,0.02988902918004184,4,7.0,4.0
6,7,2,False,2,0.30438802585661334,7,0.23576844810161313,3,0.23208350688132787,1,0.11846204180613264,5,0.10929797735431286,2,6.0,1.0
6,1,1,True,1,0.3878005448830201,5,0.2718520559098428,7,0.12121305024534097,6,0.11521882121573958,2,0.0658597608599239,1,8.0,0.0
6,1,1,True,1,0.3878005448830201,5,0.2718520559098428,7,0.12121305024534097,6,0.11521882121573958,2,0.0658597608599239,1,8.0,0.0
6,1,1,True,1,0.3722849547153961,3,0.17373808592558482,7,0.15980601423646396,8,0.13924961450119835,5,0.07415135042763432,1,8.0,1.0
6,1,3,False,3,0.27502559240303376,1,0.2632025821800046,7,0.15737493729893035,2,0.14880348610755478,8,0.09322407681694395,2,7.0,1.0
6,0,1,False,1,0.3722849547153961,3,0.17373808592558482,7,0.15980601423646396,8,0.13924961450119835,5,0.07415135042763432,6,8.0,1.0
6,1,1,True,1,0.45755617010451344,3,0.14087882829059822,6,0.10287155454608268,2,0.07987787098831578,7,0.06126306615985924,1,9.0,4.0
6,9,1,False,1,0.3942418733045723,9,0.3641911094919266,7,0.19360714285714284,0,0.02421147129478665,6,0.01827075710146562,2,21.0,4.0
6,1,1,True,1,0.8535871141454501,8,0.06431272139199566,0,0.03602157714783408,6,0.023081542552266757,2,0.02299704476245295,1,15.0,2.0
6,1,1,True,1,0.9890300989333248,8,0.00857762974352836,0,0.0009830400014731813,2,0.0008103785615306353,6,0.0005988527601430828,1,20.0,2.0
6,1,1,True,1,0.7683726662484403,2,0.23162733375155967,0,0.0,3,0.0,4,0.0,1,12.0,2.0
6,1,1,True,1,0.5598119658119657,5,0.4260238095238095,9,0.005467032967032968,2,0.005333333333333333,0,0.0033638583638583635,1,13.0,3.0
6,1,1,True,1,0.810756149401406,8,0.09484827466912747,0,0.03500861559581956,6,0.03055938152773021,5,0.01673133962222148,1,15.0,1.0
6,1,1,True,1,0.897835454676579,0,0.05258571368050242,2,0.026262345311855916,6,0.015591814128864243,8,0.007724672202197909,1,15.0,0.0
6,1,1,True,1,0.7757161507229768,0,0.10127674919678689,6,0.08439986602692721,9,0.01752776265554004,8,0.010978518088299223,1,15.0,4.0
6,1,1,True,1,0.7860253982131477,8,0.17077909530684593,0,0.015173086011641157,6,0.014011547067365631,2,0.014010873400999515,1,16.0,2.0
6,1,1,True,1,0.8535871141454501,8,0.06431272139199566,0,0.03602157714783408,6,0.023081542552266757,2,0.02299704476245295,1,15.0,2.0
6,1,1,True,1,0.3294335778600484,4,0.32740719901014026,6,0.12969220322161493,5,0.12017121603886304,7,0.0932958038693333,1,10.0,3.0
6,1,1,True,1,0.7683726662484403,2,0.23162733375155967,0,0.0,3,0.0,4,0.0,1,12.0,2.0
6,0,1,False,1,0.8902017590252885,0,0.0478533043753632,2,0.032486603266015025,8,0.015833333333333335,5,0.01,2,13.0,0.0
6,1,1,True,1,0.8535871141454501,8,0.06431272139199566,0,0.03602157714783408,6,0.023081542552266757,2,0.02299704476245295,1,15.0,2.0
6,1,1,True,1,0.8535871141454501,8,0.06431272139199566,0,0.03602157714783408,6,0.023081542552266757,2,0.02299704476245295,1,15.0,2.0
6,1,1,True,1,0.7757161507229768,0,0.10127674919678689,6,0.08439986602692721,9,0.01752776265554004,8,0.010978518088299223,1,15.0,4.0
6,2,1,False,1,0.7683726662484403,2,0.23162733375155967,0,0.0,3,0.0,4,0.0,2,12.0,2.0
6,6,1,False,1,0.6038441102154386,6,0.14554615278859845,0,0.09106820002385024,8,0.0864164299824968,9,0.07294966839312444,2,16.0,4.0
6,1,1,True,1,0.5148396125263555,7,0.16413919800178506,3,0.11046678128133683,6,0.07476749199614927,0,0.057857489131311376,1,8.0,4.0
6,1,1,True,1,0.3878005448830201,5,0.2718520559098428,7,0.12121305024534097,6,0.11521882121573958,2,0.0658597608599239,1,8.0,0.0
6,1,2,False,2,0.45602783336374664,8,0.3228003858456644,1,0.22033844745725542,0,0.0008333333333333333,4,0.0,3,7.0,5.0
6,1,1,True,1,0.5148396125263555,7,0.16413919800178506,3,0.11046678128133683,6,0.07476749199614927,0,0.057857489131311376,1,8.0,4.0
6,1,1,True,1,0.5148396125263555,7,0.16413919800178506,3,0.11046678128133683,6,0.07476749199614927,0,0.057857489131311376,1,8.0,4.0
6,2,1,False,1,0.5354173708913241,8,0.26439497100841164,2,0.13525000438812013,6,0.06306265371214388,0,0.001875,3,7.0,3.0
6,1,1,True,1,0.5148396125263555,7,0.16413919800178506,3,0.11046678128133683,6,0.07476749199614927,0,0.057857489131311376,1,8.0,4.0
6,1,1,True,1,0.5624963924963925,2,0.4291702741702742,4,0.002857142857142857,5,0.0021428571428571425,7,0.0021428571428571425,1,14.0,3.0
6,8,1,False,1,0.8535871141454501,8,0.06431272139199566,0,0.03602157714783408,6,0.023081542552266757,2,0.02299704476245295,2,15.0,2.0
6,2,1,False,1,0.3262462725183311,2,0.24086336715400172,4,0.21517635228548532,7,0.07779884915566028,8,0.07136919019233258,2,10.0,0.0
6,1,1,True,1,0.8446710021698074,0,0.06033600912891575,8,0.06005625074540747,6,0.029592731169057983,2,0.0053440067868112395,1,15.0,3.0
6,2,1,False,1,0.6606761974913701,0,0.15502702274351549,2,0.14903783236737975,6,0.015986195823841497,8,0.00688134838926342,3,,
6,1,1,True,1,0.7757161507229768,0,0.10127674919678689,6,0.08439986602692721,9,0.01752776265554004,8,0.010978518088299223,1,15.0,4.0
6,1,1,True,1,1.0,0,0.0,2,0.0,3,0.0,4,0.0,1,19.0,2.0
6,1,1,True,1,0.8279670156554834,6,0.17203298434451683,2,0.0,0,0.0,3,0.0,1,18.0,2.0
6,9,1,False,1,0.7138516350465267,6,0.15309228069831776,2,0.06988900138102921,0,0.0631670828741262,3,0.0,10,12.0,4.0
6,1,2,False,2,0.24907295886413894,6,0.24638319096862232,1,0.23186057517020667,4,0.12165806106434389,7,0.11696912406533588,3,9.0,5.0
6,1,1,True,1,0.810756149401406,8,0.09484827466912747,0,0.03500861559581956,6,0.03055938152773021,5,0.01673133962222148,1,15.0,1.0
6,1,1,True,1,0.7757161507229768,0,0.10127674919678689,6,0.08439986602692721,9,0.01752776265554004,8,0.010978518088299223,1,15.0,4.0
6,1,1,True,1,0.5165931356225474,6,0.4501429844665139,9,0.025849601379013144,7,0.004969834087481147,0,0.0024444444444444444,1,18.0,3.0
6,1,1,True,1,0.810756149401406,8,0.09484827466912747,0,0.03500861559581956,6,0.03055938152773021,5,0.01673133962222148,1,15.0,1.0
6,1,1,True,1,0.8446710021698074,0,0.06033600912891575,8,0.06005625074540747,6,0.029592731169057983,2,0.0053440067868112395,1,15.0,3.0
6,6,2,False,2,0.37961290343643284,1,0.3737396165925576,0,0.24664747997100936,3,0.0,4,0.0,7,11.0,0.0
6,1,1,True,1,1.0,0,0.0,2,0.0,3,0.0,4,0.0,1,12.0,3.0
6,1,1,True,1,0.7001397406249924,8,0.15160238226142683,6,0.09121184616190846,0,0.04023924369613313,2,0.009397345178033138,1,16.0,1.0
6,1,1,True,1,0.9553837039365782,0,0.04461629606342122,2,0.0,3,0.0,4,0.0,1,16.0,0.0
6,1,1,True,1,0.897835454676579,0,0.05258571368050242,2,0.026262345311855916,6,0.015591814128864243,8,0.007724672202197909,1,15.0,0.0
6,1,1,True,1,0.8535871141454501,8,0.06431272139199566,0,0.03602157714783408,6,0.023081542552266757,2,0.02299704476245295,1,15.0,2.0
6,1,1,True,1,0.8446710021698074,0,0.06033600912891575,8,0.06005625074540747,6,0.029592731169057983,2,0.0053440067868112395,1,15.0,3.0
6,1,1,True,1,0.8535871141454501,8,0.06431272139199566,0,0.03602157714783408,6,0.023081542552266757,2,0.02299704476245295,1,15.0,2.0
6,1,1,True,1,0.8535871141454501,8,0.06431272139199566,0,0.03602157714783408,6,0.023081542552266757,2,0.02299704476245295,1,15.0,2.0
6,0,1,False,1,0.5598119658119657,5,0.4260238095238095,9,0.005467032967032968,2,0.005333333333333333,0,0.0033638583638583635,5,13.0,3.0
6,1,1,True,1,0.8446710021698074,0,0.06033600912891575,8,0.06005625074540747,6,0.029592731169057983,2,0.0053440067868112395,1,15.0,3.0
6,1,1,True,1,0.7757161507229768,0,0.10127674919678689,6,0.08439986602692721,9,0.01752776265554004,8,0.010978518088299223,1,15.0,4.0
6,1,1,True,1,0.897835454676579,0,0.05258571368050242,2,0.026262345311855916,6,0.015591814128864243,8,0.007724672202197909,1,15.0,0.0
6,1,1,True,1,0.897835454676579,0,0.05258571368050242,2,0.026262345311855916,6,0.015591814128864243,8,0.007724672202197909,1,15.0,0.0
6,1,2,False,2,0.24907295886413894,6,0.24638319096862232,1,0.23186057517020667,4,0.12165806106434389,7,0.11696912406533588,3,9.0,5.0
6,6,4,False,4,0.3212369464784015,1,0.2484380716119995,2,0.12182033600129812,8,0.10151518529482897,6,0.08134018738828208,5,9.0,3.0
6,6,8,False,8,0.2387921655890694,1,0.22942106073344928,6,0.22277921036776116,4,0.1633334176730555,0,0.07324262651809026,3,8.0,3.0
6,1,1,True,1,0.810756149401406,8,0.09484827466912747,0,0.03500861559581956,6,0.03055938152773021,5,0.01673133962222148,1,15.0,1.0
6,1,1,True,1,0.897835454676579,0,0.05258571368050242,2,0.026262345311855916,6,0.015591814128864243,8,0.007724672202197909,1,15.0,0.0
6,1,1,True,1,0.8446710021698074,0,0.06033600912891575,8,0.06005625074540747,6,0.029592731169057983,2,0.0053440067868112395,1,15.0,3.0
6,1,1,True,1,0.897835454676579,0,0.05258571368050242,2,0.026262345311855916,6,0.015591814128864243,8,0.007724672202197909,1,15.0,0.0
6,1,1,True,1,0.897835454676579,0,0.05258571368050242,2,0.026262345311855916,6,0.015591814128864243,8,0.007724672202197909,1,15.0,0.0
6,1,1,True,1,0.8535871141454501,8,0.06431272139199566,0,0.03602157714783408,6,0.023081542552266757,2,0.02299704476245295,1,15.0,2.0
6,1,1,True,1,0.897835454676579,0,0.05258571368050242,2,0.026262345311855916,6,0.015591814128864243,8,0.007724672202197909,1,15.0,0.0
6,6,1,False,1,0.7757161507229768,0,0.10127674919678689,6,0.08439986602692721,9,0.01752776265554004,8,0.010978518088299223,3,15.0,4.0
6,6,1,False,1,0.7860253982131477,8,0.17077909530684593,0,0.015173086011641157,6,0.014011547067365631,2,0.014010873400999515,4,16.0,2.0
6,1,1,True,1,0.8446710021698074,0,0.06033600912891575,8,0.06005625074540747,6,0.029592731169057983,2,0.0053440067868112395,1,15.0,3.0
6,8,1,False,1,0.7001397406249924,8,0.15160238226142683,6,0.09121184616190846,0,0.04023924369613313,2,0.009397345178033138,2,16.0,1.0
6,1,1,True,1,0.3878005448830201,5,0.2718520559098428,7,0.12121305024534097,6,0.11521882121573958,2,0.0658597608599239,1,8.0,0.0
6,1,1,True,1,0.7244931231640926,2,0.2727900047263325,0,0.002716872109574706,3,0.0,4,0.0,1,7.0,2.0
6,1,1,True,1,0.5148396125263555,7,0.16413919800178506,3,0.11046678128133683,6,0.07476749199614927,0,0.057857489131311376,1,8.0,4.0
6,2,2,True,2,0.33678323946328703,1,0.2720172465946443,6,0.18264608024553838,8,0.11469031820681558,4,0.09386311548971449,1,8.0,5.0
6,1,1,True,1,0.7683726662484403,2,0.23162733375155967,0,0.0,3,0.0,4,0.0,1,12.0,2.0
6,1,2,False,2,0.24907295886413894,6,0.24638319096862232,1,0.23186057517020667,4,0.12165806106434389,7,0.11696912406533588,3,9.0,5.0
6,1,1,True,1,0.8535871141454501,8,0.06431272139199566,0,0.03602157714783408,6,0.023081542552266757,2,0.02299704476245295,1,15.0,2.0
6,1,2,False,2,0.35210378317165764,4,0.27775442625194674,6,0.18515522870824724,7,0.14058308661977842,1,0.0444034752483696,5,11.0,5.0
6,1,1,True,1,0.8446710021698074,0,0.06033600912891575,8,0.06005625074540747,6,0.029592731169057983,2,0.0053440067868112395,1,15.0,3.0
6,9,1,False,1,0.8447168047567659,0,0.07778733074257371,9,0.07749586450065986,2,0.0,4,0.0,3,13.0,4.0
6,2,5,False,5,0.6518744093159996,2,0.16771633331956726,1,0.12048995613314156,7,0.05991930123129139,3,0.0,2,8.0,6.0
6,1,1,True,1,0.9890300989333248,8,0.00857762974352836,0,0.0009830400014731813,2,0.0008103785615306353,6,0.0005988527601430828,1,20.0,2.0
6,1,1,True,1,0.7001397406249924,8,0.15160238226142683,6,0.09121184616190846,0,0.04023924369613313,2,0.009397345178033138,1,16.0,1.0
6,1,1,True,1,0.7138516350465267,6,0.15309228069831776,2,0.06988900138102921,0,0.0631670828741262,3,0.0,1,12.0,4.0
6,1,1,True,1,0.7138516350465267,6,0.15309228069831776,2,0.06988900138102921,0,0.0631670828741262,3,0.0,1,12.0,4.0
6,1,1,True,1,0.2612474869368428,2,0.1992014686820161,6,0.15819140223724115,9,0.12579530576280973,5,0.12257836183804172,1,11.0,4.0
6,1,1,True,1,0.7757161507229768,0,0.10127674919678689,6,0.08439986602692721,9,0.01752776265554004,8,0.010978518088299223,1,15.0,4.0
6,6,2,False,2,0.33678323946328703,1,0.2720172465946443,6,0.18264608024553838,8,0.11469031820681558,4,0.09386311548971449,3,8.0,5.0
6,1,1,True,1,0.8535871141454501,8,0.06431272139199566,0,0.03602157714783408,6,0.023081542552266757,2,0.02299704476245295,1,15.0,2.0
6,0,1,False,1,0.9553837039365782,0,0.04461629606342122,2,0.0,3,0.0,4,0.0,2,16.0,0.0
6,0,1,False,1,0.810756149401406,8,0.09484827466912747,0,0.03500861559581956,6,0.03055938152773021,5,0.01673133962222148,3,15.0,1.0
6,1,1,True,1,0.7683726662484403,2,0.23162733375155967,0,0.0,3,0.0,4,0.0,1,12.0,2.0
6,1,1,True,1,0.7001397406249924,8,0.15160238226142683,6,0.09121184616190846,0,0.04023924369613313,2,0.009397345178033138,1,16.0,1.0
6,1,1,True,1,0.810756149401406,8,0.09484827466912747,0,0.03500861559581956,6,0.03055938152773021,5,0.01673133962222148,1,15.0,1.0
6,1,1,True,1,0.810756149401406,8,0.09484827466912747,0,0.03500861559581956,6,0.03055938152773021,5,0.01673133962222148,1,15.0,1.0
6,1,1,True,1,0.897835454676579,0,0.05258571368050242,2,0.026262345311855916,6,0.015591814128864243,8,0.007724672202197909,1,15.0,0.0
6,1,1,True,1,0.5624963924963925,2,0.4291702741702742,4,0.002857142857142857,5,0.0021428571428571425,7,0.0021428571428571425,1,14.0,3.0
6,1,1,True,1,0.810756149401406,8,0.09484827466912747,0,0.03500861559581956,6,0.03055938152773021,5,0.01673133962222148,1,15.0,1.0
6,1,1,True,1,0.7757161507229768,0,0.10127674919678689,6,0.08439986602692721,9,0.01752776265554004,8,0.010978518088299223,1,15.0,4.0
6,1,1,True,1,0.810756149401406,8,0.09484827466912747,0,0.03500861559581956,6,0.03055938152773021,5,0.01673133962222148,1,15.0,1.0
6,1,1,True,1,0.810756149401406,8,0.09484827466912747,0,0.03500861559581956,6,0.03055938152773021,5,0.01673133962222148,1,15.0,1.0
6,1,1,True,1,0.8446710021698074,0,0.06033600912891575,8,0.06005625074540747,6,0.029592731169057983,2,0.0053440067868112395,1,15.0,3.0
6,1,1,True,1,0.8446710021698074,0,0.06033600912891575,8,0.06005625074540747,6,0.029592731169057983,2,0.0053440067868112395,1,15.0,3.0
6,1,1,True,1,0.8535871141454501,8,0.06431272139199566,0,0.03602157714783408,6,0.023081542552266757,2,0.02299704476245295,1,15.0,2.0
6,1,1,True,1,0.9553837039365782,0,0.04461629606342122,2,0.0,3,0.0,4,0.0,1,16.0,0.0
6,6,1,False,1,0.8468219174616233,0,0.1505065139109256,2,0.0026715686274509805,3,0.0,4,0.0,7,15.0,5.0
6,6,1,False,1,0.7757161507229768,0,0.10127674919678689,6,0.08439986602692721,9,0.01752776265554004,8,0.010978518088299223,3,15.0,4.0
6,1,1,True,1,0.2612474869368428,2,0.1992014686820161,6,0.15819140223724115,9,0.12579530576280973,5,0.12257836183804172,1,11.0,4.0
6,1,1,True,1,0.6392124466620378,0,0.18512100720840727,6,0.17520226041526935,2,0.0004642857142857143,3,0.0,1,16.0,3.0
6,1,1,True,1,0.8446710021698074,0,0.06033600912891575,8,0.06005625074540747,6,0.029592731169057983,2,0.0053440067868112395,1,15.0,3.0
6,6,1,False,1,0.7860253982131477,8,0.17077909530684593,0,0.015173086011641157,6,0.014011547067365631,2,0.014010873400999515,4,16.0,2.0
6,1,2,False,2,0.6966925990675991,1,0.3033074009324009,0,0.0,3,0.0,4,0.0,2,6.0,2.0
6,1,1,True,1,0.3878005448830201,5,0.2718520559098428,7,0.12121305024534097,6,0.11521882121573958,2,0.0658597608599239,1,8.0,0.0
6,6,1,False,1,0.5148396125263555,7,0.16413919800178506,3,0.11046678128133683,6,0.07476749199614927,0,0.057857489131311376,4,8.0,4.0
6,1,1,True,1,0.5615522361724036,4,0.12850437931410835,2,0.11946250286031299,6,0.06269093028105326,8,0.050808268856818294,1,9.0,2.0
6,2,1,False,1,0.5354173708913241,8,0.26439497100841164,2,0.13525000438812013,6,0.06306265371214388,0,0.001875,3,7.0,3.0
6,1,1,True,1,0.456643114435234,3,0.1979652371228445,7,0.11152699131626816,8,0.08969778886633134,6,0.05790945025214534,1,9.0,1.0
6,1,8,False,8,0.2387921655890694,1,0.22942106073344928,6,0.22277921036776116,4,0.1633334176730555,0,0.07324262651809026,2,8.0,3.0
6,2,1,False,1,0.5354173708913241,8,0.26439497100841164,2,0.13525000438812013,6,0.06306265371214388,0,0.001875,3,7.0,3.0
6,1,1,True,1,0.37596747398401403,5,0.3250263951590698,7,0.14320299488859256,2,0.049992617361392495,8,0.03633565814608579,1,8.0,2.0
6,2,1,False,1,0.5354173708913241,8,0.26439497100841164,2,0.13525000438812013,6,0.06306265371214388,0,0.001875,3,7.0,3.0
6,1,1,True,1,0.37596747398401403,5,0.3250263951590698,7,0.14320299488859256,2,0.049992617361392495,8,0.03633565814608579,1,8.0,2.0
6,1,4,False,4,0.3212369464784015,1,0.2484380716119995,2,0.12182033600129812,8,0.10151518529482897,6,0.08134018738828208,2,9.0,3.0
6,1,8,False,8,0.2387921655890694,1,0.22942106073344928,6,0.22277921036776116,4,0.1633334176730555,0,0.07324262651809026,2,8.0,3.0
6,2,2,True,2,0.24907295886413894,6,0.24638319096862232,1,0.23186057517020667,4,0.12165806106434389,7,0.11696912406533588,1,9.0,5.0
6,2,2,True,2,0.8031526152650004,1,0.13545849463192566,8,0.015424232439456677,0,0.015418958754434695,5,0.01288866685267371,1,16.0,6.0
6,1,1,True,1,0.6392124466620378,0,0.18512100720840727,6,0.17520226041526935,2,0.0004642857142857143,3,0.0,1,16.0,3.0
6,1,1,True,1,0.7001397406249924,8,0.15160238226142683,6,0.09121184616190846,0,0.04023924369613313,2,0.009397345178033138,1,16.0,1.0
6,1,1,True,1,0.810756149401406,8,0.09484827466912747,0,0.03500861559581956,6,0.03055938152773021,5,0.01673133962222148,1,15.0,1.0
6,1,1,True,1,0.34888353410641726,6,0.18940374205543564,5,0.13683737417710595,3,0.12647917682481366,4,0.11799254603279108,1,10.0,4.0
6,1,1,True,1,0.7860253982131477,8,0.17077909530684593,0,0.015173086011641157,6,0.014011547067365631,2,0.014010873400999515,1,16.0,2.0
6,1,1,True,1,0.7757161507229768,0,0.10127674919678689,6,0.08439986602692721,9,0.01752776265554004,8,0.010978518088299223,1,15.0,4.0
6,1,1,True,1,0.9553837039365782,0,0.04461629606342122,2,0.0,3,0.0,4,0.0,1,16.0,0.0
6,8,1,False,1,0.6038441102154386,6,0.14554615278859845,0,0.09106820002385024,8,0.0864164299824968,9,0.07294966839312444,4,16.0,4.0
6,1,1,True,1,0.7860253982131477,8,0.17077909530684593,0,0.015173086011641157,6,0.014011547067365631,2,0.014010873400999515,1,16.0,2.0
6,1,1,True,1,0.7860253982131477,8,0.17077909530684593,0,0.015173086011641157,6,0.014011547067365631,2,0.014010873400999515,1,16.0,2.0
6,1,1,True,1,0.7860253982131477,8,0.17077909530684593,0,0.015173086011641157,6,0.014011547067365631,2,0.014010873400999515,1,16.0,2.0
6,1,1,True,1,0.8937181984681983,6,0.10628180153180146,2,0.0,0,0.0,3,0.0,1,18.0,1.0
6,1,9,False,9,0.4633690476190476,7,0.28023809523809523,1,0.25372619047619044,6,0.0013333333333333333,0,0.001,3,20.0,4.0
6,1,1,True,1,0.810756149401406,8,0.09484827466912747,0,0.03500861559581956,6,0.03055938152773021,5,0.01673133962222148,1,15.0,1.0
6,2,2,True,2,0.43855519480519484,1,0.344963924963925,5,0.21311724386724384,0,0.002,4,0.0009090909090909091,1,12.0,6.0
6,1,1,True,1,0.6038441102154386,6,0.14554615278859845,0,0.09106820002385024,8,0.0864164299824968,9,0.07294966839312444,1,16.0,4.0
6,1,1,True,1,0.9553837039365782,0,0.04461629606342122,2,0.0,3,0.0,4,0.0,1,16.0,0.0
6,1,1,True,1,0.9553837039365782,0,0.04461629606342122,2,0.0,3,0.0,4,0.0,1,16.0,0.0
6,1,1,True,1,0.8447168047567659,0,0.07778733074257371,9,0.07749586450065986,2,0.0,4,0.0,1,13.0,4.0
6,1,1,True,1,0.8447168047567659,0,0.07778733074257371,9,0.07749586450065986,2,0.0,4,0.0,1,13.0,4.0
6,1,1,True,1,1.0,0,0.0,2,0.0,3,0.0,4,0.0,1,12.0,3.0
6,0,1,False,1,1.0,0,0.0,2,0.0,3,0.0,4,0.0,2,13.0,1.0
6,1,1,True,1,0.7860253982131477,8,0.17077909530684593,0,0.015173086011641157,6,0.014011547067365631,2,0.014010873400999515,1,16.0,2.0
6,1,1,True,1,0.7860253982131477,8,0.17077909530684593,0,0.015173086011641157,6,0.014011547067365631,2,0.014010873400999515,1,16.0,2.0
6,1,1,True,1,0.7860253982131477,8,0.17077909530684593,0,0.015173086011641157,6,0.014011547067365631,2,0.014010873400999515,1,16.0,2.0
6,1,1,True,1,0.7860253982131477,8,0.17077909530684593,0,0.015173086011641157,6,0.014011547067365631,2,0.014010873400999515,1,16.0,2.0
6,0,1,False,1,0.6038441102154386,6,0.14554615278859845,0,0.09106820002385024,8,0.0864164299824968,9,0.07294966839312444,3,16.0,4.0
6,1,1,True,1,0.7757161507229768,0,0.10127674919678689,6,0.08439986602692721,9,0.01752776265554004,8,0.010978518088299223,1,15.0,4.0
6,1,1,True,1,0.810756149401406,8,0.09484827466912747,0,0.03500861559581956,6,0.03055938152773021,5,0.01673133962222148,1,15.0,1.0
6,0,1,False,1,0.7757161507229768,0,0.10127674919678689,6,0.08439986602692721,9,0.01752776265554004,8,0.010978518088299223,2,15.0,4.0
6,1,1,True,1,0.7001397406249924,8,0.15160238226142683,6,0.09121184616190846,0,0.04023924369613313,2,0.009397345178033138,1,16.0,1.0
6,1,1,True,1,0.7001397406249924,8,0.15160238226142683,6,0.09121184616190846,0,0.04023924369613313,2,0.009397345178033138,1,16.0,1.0
6,1,1,True,1,0.810756149401406,8,0.09484827466912747,0,0.03500861559581956,6,0.03055938152773021,5,0.01673133962222148,1,15.0,1.0
6,1,1,True,1,0.7001397406249924,8,0.15160238226142683,6,0.09121184616190846,0,0.04023924369613313,2,0.009397345178033138,1,16.0,1.0
6,1,1,True,1,0.7001397406249924,8,0.15160238226142683,6,0.09121184616190846,0,0.04023924369613313,2,0.009397345178033138,1,16.0,1.0
6,0,1,False,1,0.7757161507229768,0,0.10127674919678689,6,0.08439986602692721,9,0.01752776265554004,8,0.010978518088299223,2,15.0,4.0
6,1,1,True,1,0.8446710021698074,0,0.06033600912891575,8,0.06005625074540747,6,0.029592731169057983,2,0.0053440067868112395,1,15.0,3.0
6,1,1,True,1,0.7001397406249924,8,0.15160238226142683,6,0.09121184616190846,0,0.04023924369613313,2,0.009397345178033138,1,16.0,1.0
6,8,1,False,1,0.8446710021698074,0,0.06033600912891575,8,0.06005625074540747,6,0.029592731169057983,2,0.0053440067868112395,3,15.0,3.0
6,8,1,False,1,0.810756149401406,8,0.09484827466912747,0,0.03500861559581956,6,0.03055938152773021,5,0.01673133962222148,2,15.0,1.0
6,0,9,False,9,0.3980971671031737,1,0.380458391132506,6,0.146726831660958,0,0.07471761010336186,3,0.0,4,17.0,4.0
6,1,1,True,1,0.7001397406249924,8,0.15160238226142683,6,0.09121184616190846,0,0.04023924369613313,2,0.009397345178033138,1,16.0,1.0
6,1,1,True,1,0.7001397406249924,8,0.15160238226142683,6,0.09121184616190846,0,0.04023924369613313,2,0.009397345178033138,1,16.0,1.0
6,1,1,True,1,0.810756149401406,8,0.09484827466912747,0,0.03500861559581956,6,0.03055938152773021,5,0.01673133962222148,1,15.0,1.0
6,1,1,True,1,0.810756149401406,8,0.09484827466912747,0,0.03500861559581956,6,0.03055938152773021,5,0.01673133962222148,1,15.0,1.0
6,0,1,False,1,0.8446710021698074,0,0.06033600912891575,8,0.06005625074540747,6,0.029592731169057983,2,0.0053440067868112395,2,15.0,3.0
6,2,1,False,1,0.897835454676579,0,0.05258571368050242,2,0.026262345311855916,6,0.015591814128864243,8,0.007724672202197909,3,15.0,0.0
6,6,1,False,1,0.7001397406249924,8,0.15160238226142683,6,0.09121184616190846,0,0.04023924369613313,2,0.009397345178033138,3,16.0,1.0
6,2,1,False,1,0.897835454676579,0,0.05258571368050242,2,0.026262345311855916,6,0.015591814128864243,8,0.007724672202197909,3,15.0,0.0
6,1,1,True,1,0.6038441102154386,6,0.14554615278859845,0,0.09106820002385024,8,0.0864164299824968,9,0.07294966839312444,1,16.0,4.0
6,1,1,True,1,0.897835454676579,0,0.05258571368050242,2,0.026262345311855916,6,0.015591814128864243,8,0.007724672202197909,1,15.0,0.0
6,1,1,True,1,0.8284207479852183,0,0.050840100376737744,5,0.04015151515151515,2,0.04007575757575758,6,0.015787394221929395,1,16.0,5.0
6,1,1,True,1,0.8535871141454501,8,0.06431272139199566,0,0.03602157714783408,6,0.023081542552266757,2,0.02299704476245295,1,15.0,2.0
6,1,1,True,1,0.9553837039365782,0,0.04461629606342122,2,0.0,3,0.0,4,0.0,1,16.0,0.0
6,1,1,True,1,0.897835454676579,0,0.05258571368050242,2,0.026262345311855916,6,0.015591814128864243,8,0.007724672202197909,1,15.0,0.0
6,8,1,False,1,0.8446710021698074,0,0.06033600912891575,8,0.06005625074540747,6,0.029592731169057983,2,0.0053440067868112395,3,15.0,3.0
6,8,1,False,1,0.7001397406249924,8,0.15160238226142683,6,0.09121184616190846,0,0.04023924369613313,2,0.009397345178033138,2,16.0,1.0
6,6,1,False,1,0.7001397406249924,8,0.15160238226142683,6,0.09121184616190846,0,0.04023924369613313,2,0.009397345178033138,3,16.0,1.0
6,1,2,False,2,0.4365193836769455,1,0.32706641982808793,6,0.09292589576046069,4,0.051853861160792256,5,0.045871542890313456,2,12.0,5.0
6,6,1,False,1,0.7001397406249924,8,0.15160238226142683,6,0.09121184616190846,0,0.04023924369613313,2,0.009397345178033138,3,16.0,1.0
6,6,1,False,1,0.810756149401406,8,0.09484827466912747,0,0.03500861559581956,6,0.03055938152773021,5,0.01673133962222148,4,15.0,1.0
6,6,1,False,1,0.34888353410641726,6,0.18940374205543564,5,0.13683737417710595,3,0.12647917682481366,4,0.11799254603279108,2,10.0,4.0
6,1,1,True,1,0.37596747398401403,5,0.3250263951590698,7,0.14320299488859256,2,0.049992617361392495,8,0.03633565814608579,1,8.0,2.0
6,8,1,False,1,0.5148396125263555,7,0.16413919800178506,3,0.11046678128133683,6,0.07476749199614927,0,0.057857489131311376,6,8.0,4.0
6,2,2,True,2,0.5924776847679324,1,0.3230966855641777,7,0.08442562966788972,0,0.0,3,0.0,1,6.0,4.0
6,8,1,False,1,0.3722849547153961,3,0.17373808592558482,7,0.15980601423646396,8,0.13924961450119835,5,0.07415135042763432,4,8.0,1.0
6,8,1,False,1,0.6523359698375972,3,0.14934104269054624,2,0.09156747352567748,7,0.07530696095661323,6,0.02988902918004184,9,7.0,4.0
6,8,4,False,4,0.3212369464784015,1,0.2484380716119995,2,0.12182033600129812,8,0.10151518529482897,6,0.08134018738828208,4,9.0,3.0
6,2,1,False,1,0.7244931231640926,2,0.2727900047263325,0,0.002716872109574706,3,0.0,4,0.0,2,7.0,2.0
6,8,1,False,1,0.48071891708563896,6,0.19664505943225769,2,0.13389383480351225,4,0.1129707981732322,8,0.04120660252999081,5,9.0,0.0
6,2,1,False,1,0.6972647913549782,2,0.2322568494569099,8,0.06956926827902056,0,0.0009090909090909091,4,0.0,2,7.0,0.0
6,8,1,False,1,0.6523359698375972,3,0.14934104269054624,2,0.09156747352567748,7,0.07530696095661323,6,0.02988902918004184,9,7.0,4.0
6,2,2,True,2,0.5924776847679324,1,0.3230966855641777,7,0.08442562966788972,0,0.0,3,0.0,1,6.0,4.0
6,1,1,True,1,0.5148396125263555,7,0.16413919800178506,3,0.11046678128133683,6,0.07476749199614927,0,0.057857489131311376,1,8.0,4.0
6,8,8,True,8,0.2387921655890694,1,0.22942106073344928,6,0.22277921036776116,4,0.1633334176730555,0,0.07324262651809026,1,8.0,3.0
6,1,1,True,1,0.5615522361724036,4,0.12850437931410835,2,0.11946250286031299,6,0.06269093028105326,8,0.050808268856818294,1,9.0,2.0
6,1,1,True,1,0.5615522361724036,4,0.12850437931410835,2,0.11946250286031299,6,0.06269093028105326,8,0.050808268856818294,1,9.0,2.0
6,1,1,True,1,0.7244931231640926,2,0.2727900047263325,0,0.002716872109574706,3,0.0,4,0.0,1,7.0,2.0
6,2,1,False,1,0.6972647913549782,2,0.2322568494569099,8,0.06956926827902056,0,0.0009090909090909091,4,0.0,2,7.0,0.0
6,2,1,False,1,0.5354173708913241,8,0.26439497100841164,2,0.13525000438812013,6,0.06306265371214388,0,0.001875,3,7.0,3.0
6,1,1,True,1,0.3878005448830201,5,0.2718520559098428,7,0.12121305024534097,6,0.11521882121573958,2,0.0658597608599239,1,8.0,0.0
6,8,8,True,8,0.2387921655890694,1,0.22942106073344928,6,0.22277921036776116,4,0.1633334176730555,0,0.07324262651809026,1,8.0,3.0
6,2,1,False,1,0.7244931231640926,2,0.2727900047263325,0,0.002716872109574706,3,0.0,4,0.0,2,7.0,2.0
6,1,1,True,1,0.48071891708563896,6,0.19664505943225769,2,0.13389383480351225,4,0.1129707981732322,8,0.04120660252999081,1,9.0,0.0
6,6,1,False,1,0.810756149401406,8,0.09484827466912747,0,0.03500861559581956,6,0.03055938152773021,5,0.01673133962222148,4,15.0,1.0
7,0,2,False,2,0.3401527777777778,4,0.33046230158730144,1,0.3121626984126984,0,0.008055555555555555,5,0.003333333333333333,4,11.0,6.0
7,1,6,False,6,0.32874989148577444,2,0.24818874193887638,1,0.19575958082501693,4,0.17091303673032368,7,0.056388749020008254,3,10.0,5.0
7,3,1,False,1,0.5077920580464494,7,0.1660108385856141,3,0.08093443997899613,6,0.07825678872879627,0,0.0661214469206823,3,8.0,4.0
7,4,1,False,1,0.5016457703178445,6,0.1854375441902273,2,0.1344582808698302,8,0.07443380718585581,4,0.07414389225586993,5,9.0,0.0
7,5,1,False,1,0.4253417204426276,5,0.2513893133098688,7,0.1168652045847809,6,0.10308050032958721,2,0.07498170127579865,2,8.0,0.0
7,4,1,False,1,0.500618464868465,5,0.13604528804528804,6,0.12918553668553667,4,0.12520970695970696,2,0.10894100344100341,4,10.0,3.0
7,7,2,False,2,0.2750299819608808,4,0.263433032181243,6,0.2358461598308699,7,0.12077877117637299,1,0.10371205485063274,4,11.0,5.0
7,5,5,True,5,0.6186289305394803,2,0.22069645401125726,1,0.10602910505113355,7,0.054645510398128525,3,0.0,1,8.0,6.0
7,3,1,False,1,0.349272038780395,3,0.19299177380990173,7,0.1707748045966447,8,0.13737152897866825,5,0.07970810071016046,2,8.0,1.0
7,7,1,False,1,0.349272038780395,3,0.19299177380990173,7,0.1707748045966447,8,0.13737152897866825,5,0.07970810071016046,3,8.0,1.0
7,7,6,False,6,0.32874989148577444,2,0.24818874193887638,1,0.19575958082501693,4,0.17091303673032368,7,0.056388749020008254,5,10.0,5.0
7,4,1,False,1,0.500618464868465,5,0.13604528804528804,6,0.12918553668553667,4,0.12520970695970696,2,0.10894100344100341,4,10.0,3.0
7,5,1,False,1,0.4253417204426276,5,0.2513893133098688,7,0.1168652045847809,6,0.10308050032958721,2,0.07498170127579865,2,8.0,0.0
7,3,1,False,1,0.5077920580464494,7,0.1660108385856141,3,0.08093443997899613,6,0.07825678872879627,0,0.0661214469206823,3,8.0,4.0
7,7,1,False,1,0.48501940700644997,3,0.18008575108232644,7,0.1136731052135176,8,0.08309385284597531,6,0.05790919865778606,3,9.0,1.0
7,0,1,False,1,0.5913653109801238,2,0.1525195347139223,4,0.11927273720313909,8,0.052981733939518785,6,0.028134051511304433,9,9.0,2.0
7,0,1,False,1,0.349272038780395,3,0.19299177380990173,7,0.1707748045966447,8,0.13737152897866825,5,0.07970810071016046,6,8.0,1.0
7,1,1,True,1,0.561271637209958,3,0.1454249130246431,7,0.11888520553018117,2,0.08966137366234546,8,0.05391981959926809,1,7.0,4.0
7,1,3,False,3,0.2831548458934987,1,0.2773532898785327,2,0.15733387007613817,7,0.1372322107776413,8,0.06748671413545482,2,7.0,1.0
7,2,1,False,1,0.8464397569272383,2,0.1517295794572009,0,0.0018306636155606406,3,0.0,4,0.0,2,12.0,2.0
7,3,1,False,1,0.4253417204426276,5,0.2513893133098688,7,0.1168652045847809,6,0.10308050032958721,2,0.07498170127579865,7,8.0,0.0
7,3,1,False,1,0.4612786661013893,3,0.1572084771105942,4,0.08297419357782346,6,0.06642983167605056,2,0.06362014769495002,2,9.0,4.0
7,3,3,True,3,0.2831548458934987,1,0.2773532898785327,2,0.15733387007613817,7,0.1372322107776413,8,0.06748671413545482,1,7.0,1.0
7,1,1,True,1,0.34297068725048585,9,0.2924306332212678,0,0.2004348691384294,6,0.16357557509569887,2,0.000588235294117647,1,17.0,4.0
7,2,1,False,1,0.7789792919498797,0,0.22102070805011972,2,0.0,3,0.0,4,0.0,3,12.0,0.0
7,5,1,False,1,0.5957922815918172,2,0.13021552467140704,6,0.08398702621767637,0,0.07814084152861242,9,0.07484234796850896,7,17.0,5.0
7,4,1,False,1,0.5077920580464494,7,0.1660108385856141,3,0.08093443997899613,6,0.07825678872879627,0,0.0661214469206823,9,8.0,4.0
7,5,1,False,1,0.4253417204426276,5,0.2513893133098688,7,0.1168652045847809,6,0.10308050032958721,2,0.07498170127579865,2,8.0,0.0
7,4,1,False,1,0.2693070444804943,6,0.24847777765979842,2,0.23875730020414468,7,0.11971574046930242,4,0.09161646992176646,5,9.0,5.0
7,5,1,False,1,0.35044455545443476,2,0.17316402465673777,6,0.12440765798903776,3,0.12057324528470464,9,0.11624309102280257,7,11.0,4.0
7,5,2,False,2,0.4767678122026789,1,0.32591941746614295,6,0.1367854613697425,7,0.060224278658405066,0,0.00030303030303030303,7,13.0,5.0
7,4,2,False,2,0.2750299819608808,4,0.263433032181243,6,0.2358461598308699,7,0.12077877117637299,1,0.10371205485063274,2,11.0,5.0
7,2,2,True,2,0.3401527777777778,4,0.33046230158730144,1,0.3121626984126984,0,0.008055555555555555,5,0.003333333333333333,1,11.0,6.0
7,5,1,False,1,0.3004006173639703,0,0.22863536253608938,3,0.21169374117977555,6,0.09493001289477931,4,0.08314523056959791,7,10.0,1.0
7,5,2,False,2,0.4767678122026789,1,0.32591941746614295,6,0.1367854613697425,7,0.060224278658405066,0,0.00030303030303030303,7,13.0,5.0
7,5,1,False,1,0.4253417204426276,5,0.2513893133098688,7,0.1168652045847809,6,0.10308050032958721,2,0.07498170127579865,2,8.0,0.0
7,3,1,False,1,0.48501940700644997,3,0.18008575108232644,7,0.1136731052135176,8,0.08309385284597531,6,0.05790919865778606,2,9.0,1.0
7,4,2,False,2,0.3401527777777778,4,0.33046230158730144,1,0.3121626984126984,0,0.008055555555555555,5,0.003333333333333333,2,11.0,6.0
7,4,8,False,8,0.2778336430579717,1,0.25309942109348127,6,0.20592315685650078,4,0.13064034179659198,0,0.0698006518353082,4,8.0,3.0
7,7,3,False,3,0.2831548458934987,1,0.2773532898785327,2,0.15733387007613817,7,0.1372322107776413,8,0.06748671413545482,4,7.0,1.0
7,7,3,False,3,0.2831548458934987,1,0.2773532898785327,2,0.15733387007613817,7,0.1372322107776413,8,0.06748671413545482,4,7.0,1.0
7,7,2,False,2,0.2739845876198967,3,0.24669384166147548,7,0.234387642704429,1,0.130130462377989,5,0.11480346563620936,3,6.0,1.0
7,7,1,False,1,0.4253417204426276,5,0.2513893133098688,7,0.1168652045847809,6,0.10308050032958721,2,0.07498170127579865,3,8.0,0.0
7,7,1,False,1,0.500618464868465,5,0.13604528804528804,6,0.12918553668553667,4,0.12520970695970696,2,0.10894100344100341,8,10.0,3.0
7,6,1,False,1,0.35044455545443476,2,0.17316402465673777,6,0.12440765798903776,3,0.12057324528470464,9,0.11624309102280257,3,11.0,4.0
7,6,1,False,1,0.5913653109801238,2,0.1525195347139223,4,0.11927273720313909,8,0.052981733939518785,6,0.028134051511304433,5,9.0,2.0
7,1,1,True,1,0.5077920580464494,7,0.1660108385856141,3,0.08093443997899613,6,0.07825678872879627,0,0.0661214469206823,1,8.0,4.0
7,1,3,False,3,0.2831548458934987,1,0.2773532898785327,2,0.15733387007613817,7,0.1372322107776413,8,0.06748671413545482,2,7.0,1.0
7,1,1,True,1,0.4253417204426276,5,0.2513893133098688,7,0.1168652045847809,6,0.10308050032958721,2,0.07498170127579865,1,8.0,0.0
7,6,1,False,1,0.4253417204426276,5,0.2513893133098688,7,0.1168652045847809,6,0.10308050032958721,2,0.07498170127579865,4,8.0,0.0
7,1,1,True,1,0.561271637209958,3,0.1454249130246431,7,0.11888520553018117,2,0.08966137366234546,8,0.05391981959926809,1,7.0,4.0
7,1,5,False,5,0.34297815564202916,1,0.3216060368959569,7,0.19404252074869485,2,0.04508544304739557,8,0.03460395444424704,2,8.0,2.0
7,2,1,False,1,0.8464397569272383,2,0.1517295794572009,0,0.0018306636155606406,3,0.0,4,0.0,2,12.0,2.0
7,2,1,False,1,0.8165450301629196,8,0.08308184189207637,0,0.0375055459097338,6,0.03643630341330045,5,0.02165243653519314,6,15.0,1.0
7,9,1,False,1,0.34297068725048585,9,0.2924306332212678,0,0.2004348691384294,6,0.16357557509569887,2,0.000588235294117647,2,17.0,4.0
7,9,1,False,1,0.5849550442244623,6,0.15623175230013495,0,0.1209573011320511,8,0.09113458180015922,9,0.04599380731567924,5,16.0,4.0
7,1,1,True,1,0.5849550442244623,6,0.15623175230013495,0,0.1209573011320511,8,0.09113458180015922,9,0.04599380731567924,1,16.0,4.0
7,1,1,True,1,0.8119420425690914,8,0.07664611343447675,0,0.07350057443216125,6,0.03196500153177246,2,0.005946268032498289,1,15.0,3.0
7,1,1,True,1,0.5849550442244623,6,0.15623175230013495,0,0.1209573011320511,8,0.09113458180015922,9,0.04599380731567924,1,16.0,4.0
7,1,1,True,1,0.8165450301629196,8,0.08308184189207637,0,0.0375055459097338,6,0.03643630341330045,5,0.02165243653519314,1,15.0,1.0
7,1,1,True,1,0.8464397569272383,2,0.1517295794572009,0,0.0018306636155606406,3,0.0,4,0.0,1,12.0,2.0
7,2,1,False,1,0.8339010442172206,9,0.0845719427631192,8,0.08152701301966006,0,0.0,4,0.0,7,14.0,4.0
7,1,1,True,1,0.702597030096181,8,0.12911556982223144,6,0.11386586782479145,0,0.03965839949158182,5,0.007662956907748379,1,16.0,1.0
7,1,1,True,1,0.5849550442244623,6,0.15623175230013495,0,0.1209573011320511,8,0.09113458180015922,9,0.04599380731567924,1,16.0,4.0
7,1,1,True,1,0.8119420425690914,8,0.07664611343447675,0,0.07350057443216125,6,0.03196500153177246,2,0.005946268032498289,1,15.0,3.0
7,1,1,True,1,0.8924026423013764,0,0.04138583423716684,2,0.040680860703018885,6,0.016693586433876667,8,0.0088370763245608,1,15.0,0.0
7,1,1,True,1,0.864562208182724,8,0.06575944715034365,2,0.02425423770784948,6,0.023059171460499815,0,0.02236493549858309,1,15.0,2.0
7,1,1,True,1,0.864562208182724,8,0.06575944715034365,2,0.02425423770784948,6,0.023059171460499815,0,0.02236493549858309,1,15.0,2.0
7,1,1,True,1,0.864562208182724,8,0.06575944715034365,2,0.02425423770784948,6,0.023059171460499815,0,0.02236493549858309,1,15.0,2.0
7,1,1,True,1,0.864562208182724,8,0.06575944715034365,2,0.02425423770784948,6,0.023059171460499815,0,0.02236493549858309,1,15.0,2.0
7,1,1,True,1,0.3102490422866502,6,0.2410273730252387,4,0.14282205492726835,5,0.13185862045554786,3,0.13050091292741042,1,10.0,4.0
7,1,1,True,1,0.3102490422866502,6,0.2410273730252387,4,0.14282205492726835,5,0.13185862045554786,3,0.13050091292741042,1,10.0,4.0
7,8,1,False,1,0.5720220286249696,2,0.2902372235607529,8,0.1371525125201595,0,0.000588235294117647,4,0.0,3,14.0,2.0
7,6,1,False,1,0.7946356834741084,0,0.10674752318595432,6,0.06125428956310217,9,0.01878244707011765,2,0.009848562480544462,3,15.0,4.0
7,1,1,True,1,0.7731252072057733,8,0.17295902711804836,6,0.03974203307667323,0,0.014173732599505192,3,0.0,1,16.0,2.0
7,1,1,True,1,0.8924026423013764,0,0.04138583423716684,2,0.040680860703018885,6,0.016693586433876667,8,0.0088370763245608,1,15.0,0.0
7,1,1,True,1,0.561271637209958,3,0.1454249130246431,7,0.11888520553018117,2,0.08966137366234546,8,0.05391981959926809,1,7.0,4.0
7,1,1,True,1,0.8119420425690914,8,0.07664611343447675,0,0.07350057443216125,6,0.03196500153177246,2,0.005946268032498289,1,15.0,3.0
7,1,1,True,1,0.349272038780395,3,0.19299177380990173,7,0.1707748045966447,8,0.13737152897866825,5,0.07970810071016046,1,8.0,1.0
7,6,1,False,1,0.4612786661013893,3,0.1572084771105942,4,0.08297419357782346,6,0.06642983167605056,2,0.06362014769495002,4,9.0,4.0
7,6,1,False,1,0.5077920580464494,7,0.1660108385856141,3,0.08093443997899613,6,0.07825678872879627,0,0.0661214469206823,4,8.0,4.0
7,1,1,True,1,0.5077920580464494,7,0.1660108385856141,3,0.08093443997899613,6,0.07825678872879627,0,0.0661214469206823,1,8.0,4.0
7,1,1,True,1,0.349272038780395,3,0.19299177380990173,7,0.1707748045966447,8,0.13737152897866825,5,0.07970810071016046,1,8.0,1.0
7,1,2,False,2,0.39450369546572506,6,0.2122111570448148,1,0.17883149632251227,8,0.12932449987147826,4,0.08454091600135176,3,8.0,5.0
7,1,8,False,8,0.2778336430579717,1,0.25309942109348127,6,0.20592315685650078,4,0.13064034179659198,0,0.0698006518353082,2,8.0,3.0
7,1,2,False,2,0.703496316548948,1,0.21329149535534986,7,0.08275764264115652,0,0.00045454545454545455,3,0.0,2,6.0,4.0
7,1,1,True,1,0.9574874093603027,0,0.042512590639697645,2,0.0,3,0.0,4,0.0,1,16.0,0.0
7,1,1,True,1,0.8924026423013764,0,0.04138583423716684,2,0.040680860703018885,6,0.016693586433876667,8,0.0088370763245608,1,15.0,0.0
7,1,1,True,1,0.8165450301629196,8,0.08308184189207637,0,0.0375055459097338,6,0.03643630341330045,5,0.02165243653519314,1,15.0,1.0
7,1,1,True,1,0.702597030096181,8,0.12911556982223144,6,0.11386586782479145,0,0.03965839949158182,5,0.007662956907748379,1,16.0,1.0
7,9,1,False,1,0.34297068725048585,9,0.2924306332212678,0,0.2004348691384294,6,0.16357557509569887,2,0.000588235294117647,2,17.0,4.0
7,1,1,True,1,0.8119420425690914,8,0.07664611343447675,0,0.07350057443216125,6,0.03196500153177246,2,0.005946268032498289,1,15.0,3.0
7,1,1,True,1,0.8078369408369409,6,0.1921630591630591,2,0.0,0,0.0,3,0.0,1,17.0,2.0
7,1,1,True,1,0.4889352784805294,2,0.2853519437293697,0,0.17631112575030305,6,0.02005967584072824,8,0.01394072913208537,1,,
7,0,4,False,4,0.32801731601731576,1,0.18650396825396828,5,0.1758878066378066,2,0.15908333333333333,0,0.15050757575757573,5,10.0,6.0
7,1,1,True,1,0.8078369408369409,6,0.1921630591630591,2,0.0,0,0.0,3,0.0,1,17.0,2.0
7,1,1,True,1,0.864562208182724,8,0.06575944715034365,2,0.02425423770784948,6,0.023059171460499815,0,0.02236493549858309,1,15.0,2.0
7,1,1,True,1,0.8924026423013764,0,0.04138583423716684,2,0.040680860703018885,6,0.016693586433876667,8,0.0088370763245608,1,15.0,0.0
7,1,1,True,1,0.8165450301629196,8,0.08308184189207637,0,0.0375055459097338,6,0.03643630341330045,5,0.02165243653519314,1,15.0,1.0
7,1,1,True,1,0.6206881484270946,0,0.1948761546167931,6,0.18379675172284624,2,0.00063894523326572,3,0.0,1,16.0,3.0
7,2,1,False,1,0.7731252072057733,8,0.17295902711804836,6,0.03974203307667323,0,0.014173732599505192,3,0.0,8,16.0,2.0
7,1,1,True,1,0.8165450301629196,8,0.08308184189207637,0,0.0375055459097338,6,0.03643630341330045,5,0.02165243653519314,1,15.0,1.0
7,1,1,True,1,0.8165450301629196,8,0.08308184189207637,0,0.0375055459097338,6,0.03643630341330045,5,0.02165243653519314,1,15.0,1.0
7,1,1,True,1,0.8165450301629196,8,0.08308184189207637,0,0.0375055459097338,6,0.03643630341330045,5,0.02165243653519314,1,15.0,1.0
7,1,1,True,1,0.8464397569272383,2,0.1517295794572009,0,0.0018306636155606406,3,0.0,4,0.0,1,12.0,2.0
7,1,1,True,1,0.8165450301629196,8,0.08308184189207637,0,0.0375055459097338,6,0.03643630341330045,5,0.02165243653519314,1,15.0,1.0
7,1,1,True,1,0.5077920580464494,7,0.1660108385856141,3,0.08093443997899613,6,0.07825678872879627,0,0.0661214469206823,1,8.0,4.0
7,1,1,True,1,0.8165450301629196,8,0.08308184189207637,0,0.0375055459097338,6,0.03643630341330045,5,0.02165243653519314,1,15.0,1.0
7,6,1,False,1,0.5849550442244623,6,0.15623175230013495,0,0.1209573011320511,8,0.09113458180015922,9,0.04599380731567924,2,16.0,4.0
7,1,1,True,1,0.864562208182724,8,0.06575944715034365,2,0.02425423770784948,6,0.023059171460499815,0,0.02236493549858309,1,15.0,2.0
7,1,1,True,1,0.8165450301629196,8,0.08308184189207637,0,0.0375055459097338,6,0.03643630341330045,5,0.02165243653519314,1,15.0,1.0
7,6,1,False,1,0.8078369408369409,6,0.1921630591630591,2,0.0,0,0.0,3,0.0,2,17.0,2.0
7,1,1,True,1,0.702597030096181,8,0.12911556982223144,6,0.11386586782479145,0,0.03965839949158182,5,0.007662956907748379,1,16.0,1.0
7,1,1,True,1,0.864562208182724,8,0.06575944715034365,2,0.02425423770784948,6,0.023059171460499815,0,0.02236493549858309,1,15.0,2.0
7,1,1,True,1,0.8119420425690914,8,0.07664611343447675,0,0.07350057443216125,6,0.03196500153177246,2,0.005946268032498289,1,15.0,3.0
7,1,2,False,2,0.4011685420796347,1,0.27056613888251024,8,0.21627550076568042,6,0.055612573267764226,4,0.055424864052029135,2,7.0,3.0
7,1,1,True,1,0.4612786661013893,3,0.1572084771105942,4,0.08297419357782346,6,0.06642983167605056,2,0.06362014769495002,1,9.0,4.0
7,1,5,False,5,0.34297815564202916,1,0.3216060368959569,7,0.19404252074869485,2,0.04508544304739557,8,0.03460395444424704,2,8.0,2.0
7,1,2,False,2,0.6945517205017204,1,0.3004225219225217,0,0.005025757575757576,3,0.0,4,0.0,2,6.0,2.0
7,1,1,True,1,0.5077920580464494,7,0.1660108385856141,3,0.08093443997899613,6,0.07825678872879627,0,0.0661214469206823,1,8.0,4.0
7,1,2,False,2,0.39450369546572506,6,0.2122111570448148,1,0.17883149632251227,8,0.12932449987147826,4,0.08454091600135176,3,8.0,5.0
7,1,3,False,3,0.2831548458934987,1,0.2773532898785327,2,0.15733387007613817,7,0.1372322107776413,8,0.06748671413545482,2,7.0,1.0
7,1,1,True,1,0.2693070444804943,6,0.24847777765979842,2,0.23875730020414468,7,0.11971574046930242,4,0.09161646992176646,1,9.0,5.0
7,1,1,True,1,0.3464642857142857,7,0.32724999999999993,9,0.3216428571428572,6,0.003214285714285714,0,0.0014285714285714286,1,19.0,4.0
7,1,9,False,9,0.4382058219558223,1,0.3345171495171495,7,0.11393853368853366,6,0.11333849483849477,3,0.0,2,18.0,4.0
7,1,1,True,1,0.8119420425690914,8,0.07664611343447675,0,0.07350057443216125,6,0.03196500153177246,2,0.005946268032498289,1,15.0,3.0
7,1,1,True,1,0.8119420425690914,8,0.07664611343447675,0,0.07350057443216125,6,0.03196500153177246,2,0.005946268032498289,1,15.0,3.0
7,1,1,True,1,0.8119420425690914,8,0.07664611343447675,0,0.07350057443216125,6,0.03196500153177246,2,0.005946268032498289,1,15.0,3.0
7,0,1,False,1,0.9574874093603027,0,0.042512590639697645,2,0.0,3,0.0,4,0.0,2,16.0,0.0
7,1,1,True,1,0.8119420425690914,8,0.07664611343447675,0,0.07350057443216125,6,0.03196500153177246,2,0.005946268032498289,1,15.0,3.0
7,1,1,True,1,0.9574874093603027,0,0.042512590639697645,2,0.0,3,0.0,4,0.0,1,16.0,0.0
7,1,1,True,1,0.5158644812104858,8,0.467160444017405,2,0.0065903190235973505,0,0.004662717762379791,4,0.0035714285714285713,1,14.0,0.0
7,1,1,True,1,0.8119420425690914,8,0.07664611343447675,0,0.07350057443216125,6,0.03196500153177246,2,0.005946268032498289,1,15.0,3.0
7,6,2,False,2,0.40667243867243863,1,0.40446969696969687,5,0.18203968253968253,4,0.005,0,0.0018181818181818182,7,9.0,6.0
7,1,1,True,1,0.8119420425690914,8,0.07664611343447675,0,0.07350057443216125,6,0.03196500153177246,2,0.005946268032498289,1,15.0,3.0
7,1,1,True,1,0.8165450301629196,8,0.08308184189207637,0,0.0375055459097338,6,0.03643630341330045,5,0.02165243653519314,1,15.0,1.0
7,1,1,True,1,0.8119420425690914,8,0.07664611343447675,0,0.07350057443216125,6,0.03196500153177246,2,0.005946268032498289,1,15.0,3.0
7,1,1,True,1,0.7731252072057733,8,0.17295902711804836,6,0.03974203307667323,0,0.014173732599505192,3,0.0,1,16.0,2.0
7,2,1,False,1,0.4612786661013893,3,0.1572084771105942,4,0.08297419357782346,6,0.06642983167605056,2,0.06362014769495002,5,9.0,4.0
7,1,1,True,1,0.864562208182724,8,0.06575944715034365,2,0.02425423770784948,6,0.023059171460499815,0,0.02236493549858309,1,15.0,2.0
7,1,1,True,1,0.7731252072057733,8,0.17295902711804836,6,0.03974203307667323,0,0.014173732599505192,3,0.0,1,16.0,2.0
7,2,1,False,1,0.2693070444804943,6,0.24847777765979842,2,0.23875730020414468,7,0.11971574046930242,4,0.09161646992176646,3,9.0,5.0
7,1,1,True,1,0.8165450301629196,8,0.08308184189207637,0,0.0375055459097338,6,0.03643630341330045,5,0.02165243653519314,1,15.0,1.0
7,1,2,False,2,0.4011685420796347,1,0.27056613888251024,8,0.21627550076568042,6,0.055612573267764226,4,0.055424864052029135,2,7.0,3.0
7,2,2,True,2,0.4767678122026789,1,0.32591941746614295,6,0.1367854613697425,7,0.060224278658405066,0,0.00030303030303030303,1,13.0,5.0
7,2,1,False,1,0.4715314407814406,5,0.1833995726495726,4,0.17443192918192912,2,0.17063705738705737,3,0.0,4,11.0,2.0
7,1,1,True,1,0.8165450301629196,8,0.08308184189207637,0,0.0375055459097338,6,0.03643630341330045,5,0.02165243653519314,1,15.0,1.0
7,6,8,False,8,0.2778336430579717,1,0.25309942109348127,6,0.20592315685650078,4,0.13064034179659198,0,0.0698006518353082,3,8.0,3.0
7,1,1,True,1,0.702597030096181,8,0.12911556982223144,6,0.11386586782479145,0,0.03965839949158182,5,0.007662956907748379,1,16.0,1.0
7,1,1,True,1,0.7946356834741084,0,0.10674752318595432,6,0.06125428956310217,9,0.01878244707011765,2,0.009848562480544462,1,15.0,4.0
7,6,1,False,1,0.7946356834741084,0,0.10674752318595432,6,0.06125428956310217,9,0.01878244707011765,2,0.009848562480544462,3,15.0,4.0
7,6,1,False,1,0.7946356834741084,0,0.10674752318595432,6,0.06125428956310217,9,0.01878244707011765,2,0.009848562480544462,3,15.0,4.0
7,1,1,True,1,0.702597030096181,8,0.12911556982223144,6,0.11386586782479145,0,0.03965839949158182,5,0.007662956907748379,1,16.0,1.0
7,6,1,False,1,0.8078369408369409,6,0.1921630591630591,2,0.0,0,0.0,3,0.0,2,17.0,2.0
7,0,1,False,1,0.4612786661013893,3,0.1572084771105942,4,0.08297419357782346,6,0.06642983167605056,2,0.06362014769495002,9,9.0,4.0
7,1,1,True,1,0.702597030096181,8,0.12911556982223144,6,0.11386586782479145,0,0.03965839949158182,5,0.007662956907748379,1,16.0,1.0
7,1,4,False,4,0.3557049224866398,1,0.22114261984656847,2,0.11366023319706109,6,0.0970810913731922,8,0.07379660641431983,2,9.0,3.0
7,1,1,True,1,0.4253417204426276,5,0.2513893133098688,7,0.1168652045847809,6,0.10308050032958721,2,0.07498170127579865,1,8.0,0.0
7,1,1,True,1,0.4253417204426276,5,0.2513893133098688,7,0.1168652045847809,6,0.10308050032958721,2,0.07498170127579865,1,8.0,0.0
7,6,1,False,1,0.4612786661013893,3,0.1572084771105942,4,0.08297419357782346,6,0.06642983167605056,2,0.06362014769495002,4,9.0,4.0
7,1,1,True,1,0.34993212051106776,2,0.3177089913010964,5,0.21648180839628195,6,0.11587707979155343,3,0.0,1,14.0,5.0
7,1,1,True,1,0.5077920580464494,7,0.1660108385856141,3,0.08093443997899613,6,0.07825678872879627,0,0.0661214469206823,1,8.0,4.0
7,1,5,False,5,0.34297815564202916,1,0.3216060368959569,7,0.19404252074869485,2,0.04508544304739557,8,0.03460395444424704,2,8.0,2.0
7,1,1,True,1,0.349272038780395,3,0.19299177380990173,7,0.1707748045966447,8,0.13737152897866825,5,0.07970810071016046,1,8.0,1.0
7,1,1,True,1,0.349272038780395,3,0.19299177380990173,7,0.1707748045966447,8,0.13737152897866825,5,0.07970810071016046,1,8.0,1.0
7,1,1,True,1,0.48501940700644997,3,0.18008575108232644,7,0.1136731052135176,8,0.08309385284597531,6,0.05790919865778606,1,9.0,1.0
7,2,1,False,1,0.3102490422866502,6,0.2410273730252387,4,0.14282205492726835,5,0.13185862045554786,3,0.13050091292741042,7,10.0,4.0
7,1,1,True,1,0.5913653109801238,2,0.1525195347139223,4,0.11927273720313909,8,0.052981733939518785,6,0.028134051511304433,1,9.0,2.0
7,0,1,False,1,0.349272038780395,3,0.19299177380990173,7,0.1707748045966447,8,0.13737152897866825,5,0.07970810071016046,6,8.0,1.0
7,2,3,False,3,0.2831548458934987,1,0.2773532898785327,2,0.15733387007613817,7,0.1372322107776413,8,0.06748671413545482,3,7.0,1.0
7,1,1,True,1,0.5077920580464494,7,0.1660108385856141,3,0.08093443997899613,6,0.07825678872879627,0,0.0661214469206823,1,8.0,4.0
7,2,2,True,2,0.800298934725405,8,0.19870106527459466,0,0.001,1,0.0,4,0.0,1,6.0,3.0
7,2,1,False,1,0.90125,2,0.09125,5,0.0075,0,0.0,3,0.0,2,13.0,6.0
7,1,1,True,1,0.702597030096181,8,0.12911556982223144,6,0.11386586782479145,0,0.03965839949158182,5,0.007662956907748379,1,16.0,1.0
7,1,1,True,1,0.8165450301629196,8,0.08308184189207637,0,0.0375055459097338,6,0.03643630341330045,5,0.02165243653519314,1,15.0,1.0
7,1,1,True,1,0.8165450301629196,8,0.08308184189207637,0,0.0375055459097338,6,0.03643630341330045,5,0.02165243653519314,1,15.0,1.0
7,1,1,True,1,0.8119420425690914,8,0.07664611343447675,0,0.07350057443216125,6,0.03196500153177246,2,0.005946268032498289,1,15.0,3.0
7,1,1,True,1,0.8119420425690914,8,0.07664611343447675,0,0.07350057443216125,6,0.03196500153177246,2,0.005946268032498289,1,15.0,3.0
7,8,1,False,1,0.702597030096181,8,0.12911556982223144,6,0.11386586782479145,0,0.03965839949158182,5,0.007662956907748379,2,16.0,1.0
7,8,1,False,1,0.702597030096181,8,0.12911556982223144,6,0.11386586782479145,0,0.03965839949158182,5,0.007662956907748379,2,16.0,1.0
7,8,1,False,1,0.8165450301629196,8,0.08308184189207637,0,0.0375055459097338,6,0.03643630341330045,5,0.02165243653519314,2,15.0,1.0
7,1,1,True,1,0.8924026423013764,0,0.04138583423716684,2,0.040680860703018885,6,0.016693586433876667,8,0.0088370763245608,1,15.0,0.0
7,1,9,False,9,0.4382058219558223,1,0.3345171495171495,7,0.11393853368853366,6,0.11333849483849477,3,0.0,2,18.0,4.0
7,1,1,True,1,0.9574874093603027,0,0.042512590639697645,2,0.0,3,0.0,4,0.0,1,16.0,0.0
7,1,1,True,1,0.7731252072057733,8,0.17295902711804836,6,0.03974203307667323,0,0.014173732599505192,3,0.0,1,16.0,2.0
7,8,1,False,1,0.5849550442244623,6,0.15623175230013495,0,0.1209573011320511,8,0.09113458180015922,9,0.04599380731567924,4,16.0,4.0
7,1,1,True,1,0.7731252072057733,8,0.17295902711804836,6,0.03974203307667323,0,0.014173732599505192,3,0.0,1,16.0,2.0
7,1,1,True,1,0.7731252072057733,8,0.17295902711804836,6,0.03974203307667323,0,0.014173732599505192,3,0.0,1,16.0,2.0
7,1,1,True,1,0.864562208182724,8,0.06575944715034365,2,0.02425423770784948,6,0.023059171460499815,0,0.02236493549858309,1,15.0,2.0
7,2,2,True,2,0.2750299819608808,4,0.263433032181243,6,0.2358461598308699,7,0.12077877117637299,1,0.10371205485063274,1,11.0,5.0
7,1,1,True,1,0.9574874093603027,0,0.042512590639697645,2,0.0,3,0.0,4,0.0,1,16.0,0.0
7,1,1,True,1,0.8924026423013764,0,0.04138583423716684,2,0.040680860703018885,6,0.016693586433876667,8,0.0088370763245608,1,15.0,0.0
7,2,2,True,2,0.2750299819608808,4,0.263433032181243,6,0.2358461598308699,7,0.12077877117637299,1,0.10371205485063274,1,11.0,5.0
7,1,1,True,1,0.8119420425690914,8,0.07664611343447675,0,0.07350057443216125,6,0.03196500153177246,2,0.005946268032498289,1,15.0,3.0
7,0,1,False,1,0.864562208182724,8,0.06575944715034365,2,0.02425423770784948,6,0.023059171460499815,0,0.02236493549858309,5,15.0,2.0
7,1,1,True,1,0.864562208182724,8,0.06575944715034365,2,0.02425423770784948,6,0.023059171460499815,0,0.02236493549858309,1,15.0,2.0
7,1,1,True,1,0.9574874093603027,0,0.042512590639697645,2,0.0,3,0.0,4,0.0,1,16.0,0.0
7,1,1,True,1,0.9574874093603027,0,0.042512590639697645,2,0.0,3,0.0,4,0.0,1,16.0,0.0
7,1,1,True,1,0.9574874093603027,0,0.042512590639697645,2,0.0,3,0.0,4,0.0,1,16.0,0.0
7,1,1,True,1,0.7731252072057733,8,0.17295902711804836,6,0.03974203307667323,0,0.014173732599505192,3,0.0,1,16.0,2.0
7,1,1,True,1,0.7731252072057733,8,0.17295902711804836,6,0.03974203307667323,0,0.014173732599505192,3,0.0,1,16.0,2.0
7,1,1,True,1,0.864562208182724,8,0.06575944715034365,2,0.02425423770784948,6,0.023059171460499815,0,0.02236493549858309,1,15.0,2.0
7,1,1,True,1,0.8165450301629196,8,0.08308184189207637,0,0.0375055459097338,6,0.03643630341330045,5,0.02165243653519314,1,15.0,1.0
7,1,1,True,1,0.7946356834741084,0,0.10674752318595432,6,0.06125428956310217,9,0.01878244707011765,2,0.009848562480544462,1,15.0,4.0
7,1,1,True,1,0.8924026423013764,0,0.04138583423716684,2,0.040680860703018885,6,0.016693586433876667,8,0.0088370763245608,1,15.0,0.0
7,0,1,False,1,0.7946356834741084,0,0.10674752318595432,6,0.06125428956310217,9,0.01878244707011765,2,0.009848562480544462,2,15.0,4.0
7,1,1,True,1,0.702597030096181,8,0.12911556982223144,6,0.11386586782479145,0,0.03965839949158182,5,0.007662956907748379,1,16.0,1.0
7,1,1,True,1,0.8339010442172206,9,0.0845719427631192,8,0.08152701301966006,0,0.0,4,0.0,1,14.0,4.0
7,1,1,True,1,0.8119420425690914,8,0.07664611343447675,0,0.07350057443216125,6,0.03196500153177246,2,0.005946268032498289,1,15.0,3.0
7,8,1,False,1,0.864562208182724,8,0.06575944715034365,2,0.02425423770784948,6,0.023059171460499815,0,0.02236493549858309,2,15.0,2.0
7,2,2,True,2,0.3965741474020795,1,0.3471142451009919,4,0.08582819945309268,6,0.08148156869886092,7,0.04383565905473237,1,12.0,5.0
7,1,1,True,1,0.8339010442172206,9,0.0845719427631192,8,0.08152701301966006,0,0.0,4,0.0,1,14.0,4.0
7,1,1,True,1,0.8119420425690914,8,0.07664611343447675,0,0.07350057443216125,6,0.03196500153177246,2,0.005946268032498289,1,15.0,3.0
7,1,1,True,1,0.8119420425690914,8,0.07664611343447675,0,0.07350057443216125,6,0.03196500153177246,2,0.005946268032498289,1,15.0,3.0
7,1,1,True,1,0.8119420425690914,8,0.07664611343447675,0,0.07350057443216125,6,0.03196500153177246,2,0.005946268032498289,1,15.0,3.0
7,1,1,True,1,0.8119420425690914,8,0.07664611343447675,0,0.07350057443216125,6,0.03196500153177246,2,0.005946268032498289,1,15.0,3.0
7,1,1,True,1,0.8119420425690914,8,0.07664611343447675,0,0.07350057443216125,6,0.03196500153177246,2,0.005946268032498289,1,15.0,3.0
7,8,1,False,1,0.8165450301629196,8,0.08308184189207637,0,0.0375055459097338,6,0.03643630341330045,5,0.02165243653519314,2,15.0,1.0
7,1,1,True,1,0.702597030096181,8,0.12911556982223144,6,0.11386586782479145,0,0.03965839949158182,5,0.007662956907748379,1,16.0,1.0
7,0,1,False,1,0.8924026423013764,0,0.04138583423716684,2,0.040680860703018885,6,0.016693586433876667,8,0.0088370763245608,2,15.0,0.0
7,0,1,False,1,0.864562208182724,8,0.06575944715034365,2,0.02425423770784948,6,0.023059171460499815,0,0.02236493549858309,5,15.0,2.0
7,2,1,False,1,0.8251764069264067,2,0.1741569264069264,0,0.0006666666666666666,3,0.0,4,0.0,2,14.0,3.0
7,2,1,False,1,0.5720220286249696,2,0.2902372235607529,8,0.1371525125201595,0,0.000588235294117647,4,0.0,2,14.0,2.0
7,1,1,True,1,0.8119420425690914,8,0.07664611343447675,0,0.07350057443216125,6,0.03196500153177246,2,0.005946268032498289,1,15.0,3.0
7,1,1,True,1,0.8119420425690914,8,0.07664611343447675,0,0.07350057443216125,6,0.03196500153177246,2,0.005946268032498289,1,15.0,3.0
7,1,1,True,1,0.6206881484270946,0,0.1948761546167931,6,0.18379675172284624,2,0.00063894523326572,3,0.0,1,16.0,3.0
7,1,1,True,1,0.864562208182724,8,0.06575944715034365,2,0.02425423770784948,6,0.023059171460499815,0,0.02236493549858309,1,15.0,2.0
7,1,1,True,1,0.9574874093603027,0,0.042512590639697645,2,0.0,3,0.0,4,0.0,1,16.0,0.0
7,1,1,True,1,0.864562208182724,8,0.06575944715034365,2,0.02425423770784948,6,0.023059171460499815,0,0.02236493549858309,1,15.0,2.0
7,8,1,False,1,0.702597030096181,8,0.12911556982223144,6,0.11386586782479145,0,0.03965839949158182,5,0.007662956907748379,2,16.0,1.0
7,8,1,False,1,0.702597030096181,8,0.12911556982223144,6,0.11386586782479145,0,0.03965839949158182,5,0.007662956907748379,2,16.0,1.0
7,6,1,False,1,0.8165450301629196,8,0.08308184189207637,0,0.0375055459097338,6,0.03643630341330045,5,0.02165243653519314,4,15.0,1.0
7,1,1,True,1,0.35044455545443476,2,0.17316402465673777,6,0.12440765798903776,3,0.12057324528470464,9,0.11624309102280257,1,11.0,4.0
7,2,1,False,1,0.3102490422866502,6,0.2410273730252387,4,0.14282205492726835,5,0.13185862045554786,3,0.13050091292741042,7,10.0,4.0
7,6,1,False,1,0.9745999070374067,6,0.012445547508047508,9,0.008636363636363636,0,0.0025,7,0.0018181818181818182,2,18.0,3.0
7,1,1,True,1,0.864562208182724,8,0.06575944715034365,2,0.02425423770784948,6,0.023059171460499815,0,0.02236493549858309,1,15.0,2.0
7,1,5,False,5,0.34297815564202916,1,0.3216060368959569,7,0.19404252074869485,2,0.04508544304739557,8,0.03460395444424704,2,8.0,2.0
7,1,2,False,2,0.4011685420796347,1,0.27056613888251024,8,0.21627550076568042,6,0.055612573267764226,4,0.055424864052029135,2,7.0,3.0
7,8,4,False,4,0.3557049224866398,1,0.22114261984656847,2,0.11366023319706109,6,0.0970810913731922,8,0.07379660641431983,5,9.0,3.0
7,2,2,True,2,0.800298934725405,8,0.19870106527459466,0,0.001,1,0.0,4,0.0,1,6.0,3.0
7,8,3,False,3,0.2831548458934987,1,0.2773532898785327,2,0.15733387007613817,7,0.1372322107776413,8,0.06748671413545482,5,7.0,1.0
7,1,1,True,1,0.6512398039517757,2,0.34534542619382586,0,0.0034147698543983375,3,0.0,4,0.0,1,7.0,2.0
7,2,2,True,2,0.2739845876198967,3,0.24669384166147548,7,0.234387642704429,1,0.130130462377989,5,0.11480346563620936,1,6.0,1.0
7,1,1,True,1,0.6512398039517757,2,0.34534542619382586,0,0.0034147698543983375,3,0.0,4,0.0,1,7.0,2.0
7,8,2,False,2,0.3902316294816294,1,0.3598796203796202,8,0.24064632589632576,6,0.004545454545454545,0,0.003787878787878788,3,7.0,5.0
7,2,2,True,2,0.800298934725405,8,0.19870106527459466,0,0.001,1,0.0,4,0.0,1,6.0,3.0
7,1,1,True,1,0.6512398039517757,2,0.34534542619382586,0,0.0034147698543983375,3,0.0,4,0.0,1,7.0,2.0
7,8,3,False,3,0.2831548458934987,1,0.2773532898785327,2,0.15733387007613817,7,0.1372322107776413,8,0.06748671413545482,5,7.0,1.0
7,1,1,True,1,0.5077920580464494,7,0.1660108385856141,3,0.08093443997899613,6,0.07825678872879627,0,0.0661214469206823,1,8.0,4.0
7,8,4,False,4,0.3557049224866398,1,0.22114261984656847,2,0.11366023319706109,6,0.0970810913731922,8,0.07379660641431983,5,9.0,3.0
7,8,1,False,1,0.349272038780395,3,0.19299177380990173,7,0.1707748045966447,8,0.13737152897866825,5,0.07970810071016046,4,8.0,1.0
7,1,1,True,1,0.4253417204426276,5,0.2513893133098688,7,0.1168652045847809,6,0.10308050032958721,2,0.07498170127579865,1,8.0,0.0
7,6,1,False,1,0.34993212051106776,2,0.3177089913010964,5,0.21648180839628195,6,0.11587707979155343,3,0.0,4,14.0,5.0
7,1,1,True,1,0.7525658818305875,2,0.2474341181694121,0,0.0,3,0.0,4,0.0,1,11.0,3.0
7,1,1,True,1,0.5913653109801238,2,0.1525195347139223,4,0.11927273720313909,8,0.052981733939518785,6,0.028134051511304433,1,9.0,2.0
7,1,1,True,1,0.8464397569272383,2,0.1517295794572009,0,0.0018306636155606406,3,0.0,4,0.0,1,12.0,2.0
7,1,1,True,1,0.5913653109801238,2,0.1525195347139223,4,0.11927273720313909,8,0.052981733939518785,6,0.028134051511304433,1,9.0,2.0
8,1,1,True,1,0.5241416840813123,6,0.15037819683756204,2,0.08928980591132292,3,0.08240091152397651,9,0.07710109347996344,1,12.0,4.0
8,4,1,False,1,0.608432702406997,2,0.14326372813516933,4,0.08489398235468397,8,0.058875829933781966,6,0.054714458723922624,3,9.0,2.0
8,1,1,True,1,0.7524843704579546,0,0.11456581123514913,6,0.09587101756279766,9,0.017658789996400213,8,0.011082063748655977,1,15.0,4.0
8,1,3,False,3,0.28519870407370407,1,0.20976019010229538,0,0.1816558171360803,2,0.1102911430674588,4,0.10857750582750582,2,10.0,1.0
8,4,4,True,4,0.31754318454202307,1,0.28753574977442203,8,0.1355260327176125,6,0.11333078470983532,5,0.0612317273372831,1,9.0,3.0
8,7,2,False,2,0.4631492207619281,1,0.3019528757148709,5,0.15950897960106522,6,0.07426757215562256,0,0.0011213517665130568,8,13.0,5.0
8,3,1,False,1,0.4289577383218876,3,0.13282499583569962,6,0.09861561580382754,4,0.08836832088716905,2,0.08316393039257954,2,9.0,4.0
8,5,1,False,1,0.805833940028883,8,0.07894916146384698,6,0.04505386112400526,0,0.04099109224830324,5,0.01701074893804683,5,15.0,1.0
8,4,1,False,1,0.26860993559326424,8,0.26695885201876346,6,0.2262460726468498,4,0.13254945974672958,0,0.0449245949965058,4,8.0,3.0
8,7,1,False,1,0.32792009806992395,2,0.23202617133205616,6,0.1991208691349278,4,0.14395550790732212,7,0.07128975426337633,5,9.0,5.0
8,5,1,False,1,0.3759722354450484,5,0.32611206629386735,7,0.17024447674227602,2,0.04802800807037602,8,0.03244617556478338,2,8.0,2.0
8,7,4,False,4,0.31754318454202307,1,0.28753574977442203,8,0.1355260327176125,6,0.11333078470983532,5,0.0612317273372831,7,9.0,3.0
8,1,1,True,1,0.4737659766604331,3,0.20051389982403495,7,0.1465996475737157,8,0.0705473962559223,5,0.04338370912108469,1,9.0,1.0
8,6,1,False,1,0.5950560751941615,2,0.15476553033303075,4,0.10517335742159205,6,0.07523029250481268,8,0.03604497921998662,4,9.0,0.0
8,2,4,False,4,0.31754318454202307,1,0.28753574977442203,8,0.1355260327176125,6,0.11333078470983532,5,0.0612317273372831,6,9.0,3.0
8,1,1,True,1,0.3465536425834027,3,0.19534559118721528,7,0.1641798499834514,8,0.12032469369274057,5,0.08392329207710203,1,8.0,1.0
8,2,4,False,4,0.31754318454202307,1,0.28753574977442203,8,0.1355260327176125,6,0.11333078470983532,5,0.0612317273372831,6,9.0,3.0
8,1,1,True,1,0.5075290939253762,7,0.16466527813065068,3,0.10262199226334336,6,0.08708966787409994,0,0.05235396932047632,1,8.0,4.0
8,1,1,True,1,0.6090937259889171,2,0.33426258735331954,8,0.05590294591702251,0,0.0007407407407407407,4,0.0,1,7.0,0.0
8,0,1,False,1,0.26860993559326424,8,0.26695885201876346,6,0.2262460726468498,4,0.13254945974672958,0,0.0449245949965058,5,8.0,3.0
8,2,4,False,4,0.31754318454202307,1,0.28753574977442203,8,0.1355260327176125,6,0.11333078470983532,5,0.0612317273372831,6,9.0,3.0
8,3,1,False,1,0.42392372163557385,5,0.2697089559251843,7,0.12260541502081423,6,0.0954997826327459,2,0.06554149909533906,7,8.0,0.0
8,3,7,False,7,0.28594214843461835,2,0.2752749697343665,3,0.188618000621485,1,0.1333263115985385,5,0.11683856961099122,3,6.0,1.0
8,4,2,False,2,0.37642333337983286,1,0.24445163748311938,6,0.20393161264272144,8,0.12994046085480798,4,0.045252955639518054,5,8.0,5.0
8,3,1,False,1,0.29696852943604785,3,0.24941362295282998,2,0.16853011052488745,7,0.12993193035859402,8,0.11226056187574923,2,7.0,1.0
8,4,2,False,2,0.3096406731564052,4,0.27849655919142036,6,0.16729316278064416,1,0.12781850333849246,7,0.11675110153303711,2,11.0,5.0
8,3,1,False,1,0.4289577383218876,3,0.13282499583569962,6,0.09861561580382754,4,0.08836832088716905,2,0.08316393039257954,2,9.0,4.0
8,5,1,False,1,0.996,6,0.004,2,0.0,0,0.0,3,0.0,7,17.0,1.0
8,5,1,False,1,0.42392372163557385,5,0.2697089559251843,7,0.12260541502081423,6,0.0954997826327459,2,0.06554149909533906,2,8.0,0.0
8,7,2,False,2,0.3096406731564052,4,0.27849655919142036,6,0.16729316278064416,1,0.12781850333849246,7,0.11675110153303711,5,11.0,5.0
8,3,1,False,1,0.3465536425834027,3,0.19534559118721528,7,0.1641798499834514,8,0.12032469369274057,5,0.08392329207710203,2,8.0,1.0
8,1,3,False,3,0.28519870407370407,1,0.20976019010229538,0,0.1816558171360803,2,0.1102911430674588,4,0.10857750582750582,2,10.0,1.0
8,5,1,False,1,0.608432702406997,2,0.14326372813516933,4,0.08489398235468397,8,0.058875829933781966,6,0.054714458723922624,9,9.0,2.0
8,5,5,True,5,0.6095831199638784,2,0.22863191394715202,1,0.10744471644801189,7,0.05434024964095725,3,0.0,1,8.0,6.0
8,4,8,False,8,0.45592555483731956,4,0.4454523809523808,1,0.035471068319365535,2,0.03040103558292413,5,0.027113648090815273,2,7.0,6.0
8,5,1,False,1,0.39749654198931694,6,0.1599787106842295,2,0.10968405308577939,9,0.1084797913003425,3,0.10766403852786607,7,11.0,4.0
8,5,1,False,1,0.8670012416540547,2,0.13012919312855376,0,0.0028695652173913043,3,0.0,4,0.0,6,11.0,1.0
8,0,1,False,1,0.8735383782883775,0,0.12646162171162167,2,0.0,3,0.0,4,0.0,2,12.0,1.0
8,5,1,False,1,0.5075290939253762,7,0.16466527813065068,3,0.10262199226334336,6,0.08708966787409994,0,0.05235396932047632,8,8.0,4.0
8,5,1,False,1,0.29696852943604785,3,0.24941362295282998,2,0.16853011052488745,7,0.12993193035859402,8,0.11226056187574923,7,7.0,1.0
8,4,1,False,1,0.3795557541895059,6,0.16819164109851378,5,0.13376602476611268,3,0.12673318453805055,4,0.08227513017056527,5,10.0,4.0
8,3,1,False,1,0.29696852943604785,3,0.24941362295282998,2,0.16853011052488745,7,0.12993193035859402,8,0.11226056187574923,2,7.0,1.0
8,4,4,True,4,0.31754318454202307,1,0.28753574977442203,8,0.1355260327176125,6,0.11333078470983532,5,0.0612317273372831,1,9.0,3.0
8,7,1,False,1,0.29696852943604785,3,0.24941362295282998,2,0.16853011052488745,7,0.12993193035859402,8,0.11226056187574923,4,7.0,1.0
8,7,1,False,1,0.29696852943604785,3,0.24941362295282998,2,0.16853011052488745,7,0.12993193035859402,8,0.11226056187574923,4,7.0,1.0
8,7,1,False,1,0.3759722354450484,5,0.32611206629386735,7,0.17024447674227602,2,0.04802800807037602,8,0.03244617556478338,3,8.0,2.0
8,7,1,False,1,0.32792009806992395,2,0.23202617133205616,6,0.1991208691349278,4,0.14395550790732212,7,0.07128975426337633,5,9.0,5.0
8,7,4,False,4,0.31754318454202307,1,0.28753574977442203,8,0.1355260327176125,6,0.11333078470983532,5,0.0612317273372831,7,9.0,3.0
8,8,1,False,1,0.4737659766604331,3,0.20051389982403495,7,0.1465996475737157,8,0.0705473962559223,5,0.04338370912108469,4,9.0,1.0
8,1,1,True,1,0.3465536425834027,3,0.19534559118721528,7,0.1641798499834514,8,0.12032469369274057,5,0.08392329207710203,1,8.0,1.0
8,1,1,True,1,0.4289577383218876,3,0.13282499583569962,6,0.09861561580382754,4,0.08836832088716905,2,0.08316393039257954,1,9.0,4.0
8,1,1,True,1,0.5075290939253762,7,0.16466527813065068,3,0.10262199226334336,6,0.08708966787409994,0,0.05235396932047632,1,8.0,4.0
8,1,1,True,1,0.8670012416540547,2,0.13012919312855376,0,0.0028695652173913043,3,0.0,4,0.0,1,11.0,1.0
8,1,1,True,1,0.5568928854468937,3,0.14412548648634063,7,0.11902722224821113,2,0.08926107388765442,8,0.06146809316385077,1,7.0,4.0
8,1,1,True,1,0.29696852943604785,3,0.24941362295282998,2,0.16853011052488745,7,0.12993193035859402,8,0.11226056187574923,1,7.0,1.0
8,1,1,True,1,0.3759722354450484,5,0.32611206629386735,7,0.17024447674227602,2,0.04802800807037602,8,0.03244617556478338,1,8.0,2.0
8,1,1,True,1,0.6787627706376899,8,0.1583513716271259,6,0.11569676760665536,0,0.03153604399264189,2,0.007915927712020071,1,16.0,1.0
8,9,1,False,1,0.5515369124339713,9,0.3219798542960307,7,0.1264832332699979,2,0.0,3,0.0,2,18.0,4.0
8,1,1,True,1,0.8802492790474215,8,0.052386407025315815,0,0.039592105154323105,6,0.02234559284234285,2,0.005426615930597037,1,15.0,2.0
8,1,1,True,1,0.996,6,0.004,2,0.0,0,0.0,3,0.0,1,17.0,1.0
8,1,1,True,1,0.7524843704579546,0,0.11456581123514913,6,0.09587101756279766,9,0.017658789996400213,8,0.011082063748655977,1,15.0,4.0
8,1,1,True,1,0.8326578725250325,8,0.0718273001834706,0,0.060134132759059516,6,0.028317617512361042,2,0.007063077020076524,1,15.0,3.0
8,6,3,False,3,0.28519870407370407,1,0.20976019010229538,0,0.1816558171360803,2,0.1102911430674588,4,0.10857750582750582,7,10.0,1.0
8,1,1,True,1,0.805833940028883,8,0.07894916146384698,6,0.04505386112400526,0,0.04099109224830324,5,0.01701074893804683,1,15.0,1.0
8,1,1,True,1,0.7589109198271224,8,0.16542838445859162,6,0.04896197079411088,0,0.013964278464888864,2,0.012734446455285944,1,16.0,2.0
8,1,1,True,1,0.8670012416540547,2,0.13012919312855376,0,0.0028695652173913043,3,0.0,4,0.0,1,11.0,1.0
8,1,1,True,1,0.7524843704579546,0,0.11456581123514913,6,0.09587101756279766,9,0.017658789996400213,8,0.011082063748655977,1,15.0,4.0
8,1,1,True,1,0.8326578725250325,8,0.0718273001834706,0,0.060134132759059516,6,0.028317617512361042,2,0.007063077020076524,1,15.0,3.0
8,1,1,True,1,0.5245000000000001,8,0.46105555555555555,2,0.012777777777777777,0,0.0016666666666666666,4,0.0,1,14.0,0.0
8,1,1,True,1,0.34682429478248233,4,0.24004401877194304,5,0.1792786099461627,0,0.15214555612348044,2,0.0817075203759313,1,10.0,2.0
8,0,2,False,2,0.3802989654207684,1,0.35289306984575525,0,0.17996275268493936,6,0.08684521204853685,3,0.0,3,11.0,0.0
8,1,1,True,1,0.8802492790474215,8,0.052386407025315815,0,0.039592105154323105,6,0.02234559284234285,2,0.005426615930597037,1,15.0,2.0
8,1,1,True,1,0.8802492790474215,8,0.052386407025315815,0,0.039592105154323105,6,0.02234559284234285,2,0.005426615930597037,1,15.0,2.0
8,8,1,False,1,0.832232336205246,9,0.09369260555406062,2,0.07407505824069288,0,0.0,4,0.0,10,14.0,4.0
8,1,1,True,1,0.5568928854468937,3,0.14412548648634063,7,0.11902722224821113,2,0.08926107388765442,8,0.06146809316385077,1,7.0,4.0
8,1,1,True,1,0.8802492790474215,8,0.052386407025315815,0,0.039592105154323105,6,0.02234559284234285,2,0.005426615930597037,1,15.0,2.0
8,1,1,True,1,0.5075290939253762,7,0.16466527813065068,3,0.10262199226334336,6,0.08708966787409994,0,0.05235396932047632,1,8.0,4.0
8,1,1,True,1,0.42392372163557385,5,0.2697089559251843,7,0.12260541502081423,6,0.0954997826327459,2,0.06554149909533906,1,8.0,0.0
8,6,1,False,1,0.3759722354450484,5,0.32611206629386735,7,0.17024447674227602,2,0.04802800807037602,8,0.03244617556478338,7,8.0,2.0
8,1,1,True,1,0.3465536425834027,3,0.19534559118721528,7,0.1641798499834514,8,0.12032469369274057,5,0.08392329207710203,1,8.0,1.0
8,1,9,False,9,0.3636372495323733,1,0.3099864716466883,6,0.16829428917315908,0,0.15808198964777911,3,0.0,2,17.0,4.0
8,1,1,True,1,0.8799134345680367,0,0.05447216341211135,2,0.041324531240093186,6,0.016261851817214304,8,0.008028018962544245,1,15.0,0.0
8,1,1,True,1,0.7275199251224217,2,0.08543170004877751,5,0.08,6,0.04874827918015315,0,0.03959274070816651,1,16.0,5.0
8,1,1,True,1,0.5887023809523809,6,0.21777380952380945,0,0.18985714285714278,2,0.003666666666666667,3,0.0,1,15.0,5.0
8,1,2,False,2,0.4631492207619281,1,0.3019528757148709,5,0.15950897960106522,6,0.07426757215562256,0,0.0011213517665130568,2,13.0,5.0
8,1,1,True,1,0.805833940028883,8,0.07894916146384698,6,0.04505386112400526,0,0.04099109224830324,5,0.01701074893804683,1,15.0,1.0
8,1,1,True,1,0.8799134345680367,0,0.05447216341211135,2,0.041324531240093186,6,0.016261851817214304,8,0.008028018962544245,1,15.0,0.0
8,1,1,True,1,0.805833940028883,8,0.07894916146384698,6,0.04505386112400526,0,0.04099109224830324,5,0.01701074893804683,1,15.0,1.0
8,1,1,True,1,0.46028256057984657,2,0.32319991678954735,0,0.18283708142056165,5,0.009765200653888462,8,0.009247644478489324,1,,
8,9,1,False,1,0.5838996992137649,6,0.16119142418808396,8,0.11999387506457601,0,0.08952526556363907,9,0.045389735969935785,5,16.0,4.0
8,2,2,True,2,0.3096406731564052,4,0.27849655919142036,6,0.16729316278064416,1,0.12781850333849246,7,0.11675110153303711,1,11.0,5.0
8,1,1,True,1,0.6091090122252707,6,0.22328592481816728,0,0.08501525570498986,9,0.07643596109772581,2,0.004615384615384616,1,17.0,3.0
8,1,1,True,1,0.8802492790474215,8,0.052386407025315815,0,0.039592105154323105,6,0.02234559284234285,2,0.005426615930597037,1,15.0,2.0
8,1,1,True,1,0.9402991073263197,0,0.05970089267367986,2,0.0,3,0.0,4,0.0,1,16.0,0.0
8,1,1,True,1,0.46028256057984657,2,0.32319991678954735,0,0.18283708142056165,5,0.009765200653888462,8,0.009247644478489324,1,,
8,1,1,True,1,0.608432702406997,2,0.14326372813516933,4,0.08489398235468397,8,0.058875829933781966,6,0.054714458723922624,1,9.0,2.0
8,1,1,True,1,0.8170256855717379,6,0.18297431442826181,2,0.0,0,0.0,3,0.0,1,18.0,2.0
8,1,1,True,1,0.7589109198271224,8,0.16542838445859162,6,0.04896197079411088,0,0.013964278464888864,2,0.012734446455285944,1,16.0,2.0
8,1,1,True,1,0.8799134345680367,0,0.05447216341211135,2,0.041324531240093186,6,0.016261851817214304,8,0.008028018962544245,1,15.0,0.0
8,1,1,True,1,0.7589109198271224,8,0.16542838445859162,6,0.04896197079411088,0,0.013964278464888864,2,0.012734446455285944,1,16.0,2.0
8,1,1,True,1,0.8802492790474215,8,0.052386407025315815,0,0.039592105154323105,6,0.02234559284234285,2,0.005426615930597037,1,15.0,2.0
8,1,1,True,1,0.6787627706376899,8,0.1583513716271259,6,0.11569676760665536,0,0.03153604399264189,2,0.007915927712020071,1,16.0,1.0
8,1,1,True,1,0.805833940028883,8,0.07894916146384698,6,0.04505386112400526,0,0.04099109224830324,5,0.01701074893804683,1,15.0,1.0
8,1,1,True,1,0.8326578725250325,8,0.0718273001834706,0,0.060134132759059516,6,0.028317617512361042,2,0.007063077020076524,1,15.0,3.0
8,1,1,True,1,0.805833940028883,8,0.07894916146384698,6,0.04505386112400526,0,0.04099109224830324,5,0.01701074893804683,1,15.0,1.0
8,1,1,True,1,0.7524843704579546,0,0.11456581123514913,6,0.09587101756279766,9,0.017658789996400213,8,0.011082063748655977,1,15.0,4.0
8,1,1,True,1,0.805833940028883,8,0.07894916146384698,6,0.04505386112400526,0,0.04099109224830324,5,0.01701074893804683,1,15.0,1.0
8,1,1,True,1,0.805833940028883,8,0.07894916146384698,6,0.04505386112400526,0,0.04099109224830324,5,0.01701074893804683,1,15.0,1.0
8,1,1,True,1,0.805833940028883,8,0.07894916146384698,6,0.04505386112400526,0,0.04099109224830324,5,0.01701074893804683,1,15.0,1.0
8,1,1,True,1,0.805833940028883,8,0.07894916146384698,6,0.04505386112400526,0,0.04099109224830324,5,0.01701074893804683,1,15.0,1.0
8,1,1,True,1,0.9402991073263197,0,0.05970089267367986,2,0.0,3,0.0,4,0.0,1,16.0,0.0
8,6,1,False,1,0.5515369124339713,9,0.3219798542960307,7,0.1264832332699979,2,0.0,3,0.0,9,18.0,4.0
8,1,1,True,1,0.5838996992137649,6,0.16119142418808396,8,0.11999387506457601,0,0.08952526556363907,9,0.045389735969935785,1,16.0,4.0
8,6,1,False,1,0.5838996992137649,6,0.16119142418808396,8,0.11999387506457601,0,0.08952526556363907,9,0.045389735969935785,2,16.0,4.0
8,1,2,False,2,0.6714729437229435,1,0.32575919913419904,0,0.002767857142857143,3,0.0,4,0.0,2,6.0,0.0
8,1,1,True,1,0.8799134345680367,0,0.05447216341211135,2,0.041324531240093186,6,0.016261851817214304,8,0.008028018962544245,1,15.0,0.0
8,1,1,True,1,0.6787627706376899,8,0.1583513716271259,6,0.11569676760665536,0,0.03153604399264189,2,0.007915927712020071,1,16.0,1.0
8,1,1,True,1,0.805833940028883,8,0.07894916146384698,6,0.04505386112400526,0,0.04099109224830324,5,0.01701074893804683,1,15.0,1.0
8,1,1,True,1,0.7589109198271224,8,0.16542838445859162,6,0.04896197079411088,0,0.013964278464888864,2,0.012734446455285944,1,16.0,2.0
8,1,1,True,1,0.7589109198271224,8,0.16542838445859162,6,0.04896197079411088,0,0.013964278464888864,2,0.012734446455285944,1,16.0,2.0
8,1,1,True,1,0.7589109198271224,8,0.16542838445859162,6,0.04896197079411088,0,0.013964278464888864,2,0.012734446455285944,1,16.0,2.0
8,1,1,True,1,0.5075290939253762,7,0.16466527813065068,3,0.10262199226334336,6,0.08708966787409994,0,0.05235396932047632,1,8.0,4.0
8,1,1,True,1,0.5075290939253762,7,0.16466527813065068,3,0.10262199226334336,6,0.08708966787409994,0,0.05235396932047632,1,8.0,4.0
8,1,1,True,1,0.42392372163557385,5,0.2697089559251843,7,0.12260541502081423,6,0.0954997826327459,2,0.06554149909533906,1,8.0,0.0
8,2,1,False,1,0.32792009806992395,2,0.23202617133205616,6,0.1991208691349278,4,0.14395550790732212,7,0.07128975426337633,2,9.0,5.0
8,1,1,True,1,1.0,0,0.0,2,0.0,3,0.0,4,0.0,1,12.0,3.0
8,1,1,True,1,0.832232336205246,9,0.09369260555406062,2,0.07407505824069288,0,0.0,4,0.0,1,14.0,4.0
8,1,1,True,1,0.7589109198271224,8,0.16542838445859162,6,0.04896197079411088,0,0.013964278464888864,2,0.012734446455285944,1,16.0,2.0
8,1,2,False,2,0.42550640677961377,1,0.31424943853158693,6,0.08319254295635621,4,0.08182971538542587,7,0.049894749066362515,2,12.0,5.0
8,1,1,True,1,0.805833940028883,8,0.07894916146384698,6,0.04505386112400526,0,0.04099109224830324,5,0.01701074893804683,1,15.0,1.0
8,1,1,True,1,0.8326578725250325,8,0.0718273001834706,0,0.060134132759059516,6,0.028317617512361042,2,0.007063077020076524,1,15.0,3.0
8,1,1,True,1,0.8799134345680367,0,0.05447216341211135,2,0.041324531240093186,6,0.016261851817214304,8,0.008028018962544245,1,15.0,0.0
8,1,1,True,1,0.8799134345680367,0,0.05447216341211135,2,0.041324531240093186,6,0.016261851817214304,8,0.008028018962544245,1,15.0,0.0
8,6,2,False,2,0.3096406731564052,4,0.27849655919142036,6,0.16729316278064416,1,0.12781850333849246,7,0.11675110153303711,3,11.0,5.0
8,1,1,True,1,0.32792009806992395,2,0.23202617133205616,6,0.1991208691349278,4,0.14395550790732212,7,0.07128975426337633,1,9.0,5.0
8,0,3,False,3,0.28519870407370407,1,0.20976019010229538,0,0.1816558171360803,2,0.1102911430674588,4,0.10857750582750582,3,10.0,1.0
8,1,1,True,1,0.7524843704579546,0,0.11456581123514913,6,0.09587101756279766,9,0.017658789996400213,8,0.011082063748655977,1,15.0,4.0
8,1,1,True,1,0.6495895568930973,0,0.19220492373626963,6,0.15820551937063304,2,0.0,3,0.0,1,16.0,3.0
8,0,1,False,1,0.6787627706376899,8,0.1583513716271259,6,0.11569676760665536,0,0.03153604399264189,2,0.007915927712020071,4,16.0,1.0
8,1,1,True,1,0.7589109198271224,8,0.16542838445859162,6,0.04896197079411088,0,0.013964278464888864,2,0.012734446455285944,1,16.0,2.0
8,1,1,True,1,0.7524843704579546,0,0.11456581123514913,6,0.09587101756279766,9,0.017658789996400213,8,0.011082063748655977,1,15.0,4.0
8,1,1,True,1,0.805833940028883,8,0.07894916146384698,6,0.04505386112400526,0,0.04099109224830324,5,0.01701074893804683,1,15.0,1.0
8,1,1,True,1,0.8799134345680367,0,0.05447216341211135,2,0.041324531240093186,6,0.016261851817214304,8,0.008028018962544245,1,15.0,0.0
8,8,1,False,1,0.6787627706376899,8,0.1583513716271259,6,0.11569676760665536,0,0.03153604399264189,2,0.007915927712020071,2,16.0,1.0
8,1,1,True,1,0.8799134345680367,0,0.05447216341211135,2,0.041324531240093186,6,0.016261851817214304,8,0.008028018962544245,1,15.0,0.0
8,1,1,True,1,0.899097404229757,9,0.10090259577024283,2,0.0,0,0.0,4,0.0,1,13.0,4.0
8,1,2,False,2,0.8132947330447325,6,0.1794325396825397,1,0.005454545454545454,8,0.0018181818181818182,3,0.0,3,14.0,1.0
8,1,1,True,1,0.805833940028883,8,0.07894916146384698,6,0.04505386112400526,0,0.04099109224830324,5,0.01701074893804683,1,15.0,1.0
8,1,1,True,1,0.805833940028883,8,0.07894916146384698,6,0.04505386112400526,0,0.04099109224830324,5,0.01701074893804683,1,15.0,1.0
8,1,1,True,1,0.7524843704579546,0,0.11456581123514913,6,0.09587101756279766,9,0.017658789996400213,8,0.011082063748655977,1,15.0,4.0
8,1,1,True,1,0.8326578725250325,8,0.0718273001834706,0,0.060134132759059516,6,0.028317617512361042,2,0.007063077020076524,1,15.0,3.0
8,1,1,True,1,0.8799134345680367,0,0.05447216341211135,2,0.041324531240093186,6,0.016261851817214304,8,0.008028018962544245,1,15.0,0.0
8,1,1,True,1,0.6787627706376899,8,0.1583513716271259,6,0.11569676760665536,0,0.03153604399264189,2,0.007915927712020071,1,16.0,1.0
8,1,1,True,1,0.9402991073263197,0,0.05970089267367986,2,0.0,3,0.0,4,0.0,1,16.0,0.0
8,6,2,False,2,0.4631492207619281,1,0.3019528757148709,5,0.15950897960106522,6,0.07426757215562256,0,0.0011213517665130568,4,13.0,5.0
8,1,1,True,1,0.6787627706376899,8,0.1583513716271259,6,0.11569676760665536,0,0.03153604399264189,2,0.007915927712020071,1,16.0,1.0
8,0,1,False,1,0.8326578725250325,8,0.0718273001834706,0,0.060134132759059516,6,0.028317617512361042,2,0.007063077020076524,3,15.0,3.0
8,1,1,True,1,0.805833940028883,8,0.07894916146384698,6,0.04505386112400526,0,0.04099109224830324,5,0.01701074893804683,1,15.0,1.0
8,1,1,True,1,0.5241416840813123,6,0.15037819683756204,2,0.08928980591132292,3,0.08240091152397651,9,0.07710109347996344,1,12.0,4.0
8,1,1,True,1,0.805833940028883,8,0.07894916146384698,6,0.04505386112400526,0,0.04099109224830324,5,0.01701074893804683,1,15.0,1.0
8,1,1,True,1,0.8802492790474215,8,0.052386407025315815,0,0.039592105154323105,6,0.02234559284234285,2,0.005426615930597037,1,15.0,2.0
8,6,1,False,1,0.3795557541895059,6,0.16819164109851378,5,0.13376602476611268,3,0.12673318453805055,4,0.08227513017056527,2,10.0,4.0
8,1,1,True,1,0.4289577383218876,3,0.13282499583569962,6,0.09861561580382754,4,0.08836832088716905,2,0.08316393039257954,1,9.0,4.0
8,0,4,False,4,0.31754318454202307,1,0.28753574977442203,8,0.1355260327176125,6,0.11333078470983532,5,0.0612317273372831,9,9.0,3.0
8,2,2,True,2,0.7389864314520135,1,0.1565824310811795,6,0.05208975008443094,0,0.04474949838091265,5,0.0058939828886637406,1,15.0,6.0
8,2,1,False,1,0.4026344012907918,2,0.30639248129203356,8,0.1683776985415934,6,0.0700836007890894,4,0.052511818086491635,2,7.0,3.0
8,1,2,False,2,0.3024830108831656,1,0.28083290114598164,4,0.20538291107757042,7,0.07345003293919702,0,0.07067305046175013,2,10.0,0.0
8,2,1,False,1,0.32792009806992395,2,0.23202617133205616,6,0.1991208691349278,4,0.14395550790732212,7,0.07128975426337633,2,9.0,5.0
8,2,1,False,1,0.5138026973026975,8,0.2427713952713952,2,0.24137828837828834,0,0.0020476190476190477,4,0.0,3,14.0,2.0
8,1,1,True,1,0.6495895568930973,0,0.19220492373626963,6,0.15820551937063304,2,0.0,3,0.0,1,16.0,3.0
8,1,1,True,1,0.8326578725250325,8,0.0718273001834706,0,0.060134132759059516,6,0.028317617512361042,2,0.007063077020076524,1,15.0,3.0
8,1,1,True,1,0.6787627706376899,8,0.1583513716271259,6,0.11569676760665536,0,0.03153604399264189,2,0.007915927712020071,1,16.0,1.0
8,1,1,True,1,0.8326578725250325,8,0.0718273001834706,0,0.060134132759059516,6,0.028317617512361042,2,0.007063077020076524,1,15.0,3.0
8,1,1,True,1,0.5838996992137649,6,0.16119142418808396,8,0.11999387506457601,0,0.08952526556363907,9,0.045389735969935785,1,16.0,4.0
8,1,1,True,1,0.9402991073263197,0,0.05970089267367986,2,0.0,3,0.0,4,0.0,1,16.0,0.0
8,1,1,True,1,0.8799134345680367,0,0.05447216341211135,2,0.041324531240093186,6,0.016261851817214304,8,0.008028018962544245,1,15.0,0.0
8,1,1,True,1,0.7589109198271224,8,0.16542838445859162,6,0.04896197079411088,0,0.013964278464888864,2,0.012734446455285944,1,16.0,2.0
8,1,1,True,1,0.7589109198271224,8,0.16542838445859162,6,0.04896197079411088,0,0.013964278464888864,2,0.012734446455285944,1,16.0,2.0
8,9,1,False,1,0.899097404229757,9,0.10090259577024283,2,0.0,0,0.0,4,0.0,2,13.0,4.0
8,2,6,False,6,0.29558210039014976,1,0.2490155217303048,4,0.17183449167504894,2,0.1630863689973596,7,0.12048151720713632,4,10.0,5.0
8,8,1,False,1,0.805833940028883,8,0.07894916146384698,6,0.04505386112400526,0,0.04099109224830324,5,0.01701074893804683,2,15.0,1.0
8,1,1,True,1,0.996,6,0.004,2,0.0,0,0.0,3,0.0,1,17.0,1.0
8,2,2,True,2,0.3096406731564052,4,0.27849655919142036,6,0.16729316278064416,1,0.12781850333849246,7,0.11675110153303711,1,11.0,5.0
8,1,1,True,1,0.9402991073263197,0,0.05970089267367986,2,0.0,3,0.0,4,0.0,1,16.0,0.0
8,1,1,True,1,0.9402991073263197,0,0.05970089267367986,2,0.0,3,0.0,4,0.0,1,16.0,0.0
8,2,2,True,2,0.42550640677961377,1,0.31424943853158693,6,0.08319254295635621,4,0.08182971538542587,7,0.049894749066362515,1,12.0,5.0
8,1,1,True,1,0.899097404229757,9,0.10090259577024283,2,0.0,0,0.0,4,0.0,1,13.0,4.0
8,1,1,True,1,0.899097404229757,9,0.10090259577024283,2,0.0,0,0.0,4,0.0,1,13.0,4.0
8,1,1,True,1,0.899097404229757,9,0.10090259577024283,2,0.0,0,0.0,4,0.0,1,13.0,4.0
8,1,1,True,1,0.5241416840813123,6,0.15037819683756204,2,0.08928980591132292,3,0.08240091152397651,9,0.07710109347996344,1,12.0,4.0
8,2,1,False,1,0.39749654198931694,6,0.1599787106842295,2,0.10968405308577939,9,0.1084797913003425,3,0.10766403852786607,3,11.0,4.0
8,1,1,True,1,0.8735383782883775,0,0.12646162171162167,2,0.0,3,0.0,4,0.0,1,12.0,1.0
8,2,1,False,1,0.8670012416540547,2,0.13012919312855376,0,0.0028695652173913043,3,0.0,4,0.0,2,11.0,1.0
8,2,2,True,2,0.4631492207619281,1,0.3019528757148709,5,0.15950897960106522,6,0.07426757215562256,0,0.0011213517665130568,1,13.0,5.0
8,0,1,False,1,0.899097404229757,9,0.10090259577024283,2,0.0,0,0.0,4,0.0,4,13.0,4.0
8,1,1,True,1,0.7589109198271224,8,0.16542838445859162,6,0.04896197079411088,0,0.013964278464888864,2,0.012734446455285944,1,16.0,2.0
8,1,1,True,1,0.7589109198271224,8,0.16542838445859162,6,0.04896197079411088,0,0.013964278464888864,2,0.012734446455285944,1,16.0,2.0
8,1,1,True,1,0.8799134345680367,0,0.05447216341211135,2,0.041324531240093186,6,0.016261851817214304,8,0.008028018962544245,1,15.0,0.0
8,1,1,True,1,0.6787627706376899,8,0.1583513716271259,6,0.11569676760665536,0,0.03153604399264189,2,0.007915927712020071,1,16.0,1.0
8,1,1,True,1,0.6787627706376899,8,0.1583513716271259,6,0.11569676760665536,0,0.03153604399264189,2,0.007915927712020071,1,16.0,1.0
8,1,1,True,1,0.805833940028883,8,0.07894916146384698,6,0.04505386112400526,0,0.04099109224830324,5,0.01701074893804683,1,15.0,1.0
8,1,1,True,1,0.9402991073263197,0,0.05970089267367986,2,0.0,3,0.0,4,0.0,1,16.0,0.0
8,1,1,True,1,0.7524843704579546,0,0.11456581123514913,6,0.09587101756279766,9,0.017658789996400213,8,0.011082063748655977,1,15.0,4.0
8,1,2,False,2,0.3367283729342552,1,0.32068004870946043,5,0.18758396178984413,4,0.15206644009585182,0,0.0029411764705882353,2,11.0,2.0
8,1,1,True,1,0.8799134345680367,0,0.05447216341211135,2,0.041324531240093186,6,0.016261851817214304,8,0.008028018962544245,1,15.0,0.0
8,8,1,False,1,0.8802492790474215,8,0.052386407025315815,0,0.039592105154323105,6,0.02234559284234285,2,0.005426615930597037,2,15.0,2.0
8,8,1,False,1,0.8802492790474215,8,0.052386407025315815,0,0.039592105154323105,6,0.02234559284234285,2,0.005426615930597037,2,15.0,2.0
8,1,1,True,1,0.8799134345680367,0,0.05447216341211135,2,0.041324531240093186,6,0.016261851817214304,8,0.008028018962544245,1,15.0,0.0
8,1,1,True,1,0.832232336205246,9,0.09369260555406062,2,0.07407505824069288,0,0.0,4,0.0,1,14.0,4.0
8,1,1,True,1,0.8326578725250325,8,0.0718273001834706,0,0.060134132759059516,6,0.028317617512361042,2,0.007063077020076524,1,15.0,3.0
8,8,1,False,1,0.805833940028883,8,0.07894916146384698,6,0.04505386112400526,0,0.04099109224830324,5,0.01701074893804683,2,15.0,1.0
8,8,1,False,1,0.805833940028883,8,0.07894916146384698,6,0.04505386112400526,0,0.04099109224830324,5,0.01701074893804683,2,15.0,1.0
8,8,1,False,1,0.805833940028883,8,0.07894916146384698,6,0.04505386112400526,0,0.04099109224830324,5,0.01701074893804683,2,15.0,1.0
8,8,1,False,1,0.7589109198271224,8,0.16542838445859162,6,0.04896197079411088,0,0.013964278464888864,2,0.012734446455285944,2,16.0,2.0
8,1,1,True,1,0.8799134345680367,0,0.05447216341211135,2,0.041324531240093186,6,0.016261851817214304,8,0.008028018962544245,1,15.0,0.0
8,2,2,True,2,0.4631492207619281,1,0.3019528757148709,5,0.15950897960106522,6,0.07426757215562256,0,0.0011213517665130568,1,13.0,5.0
8,1,1,True,1,0.7524843704579546,0,0.11456581123514913,6,0.09587101756279766,9,0.017658789996400213,8,0.011082063748655977,1,15.0,4.0
8,1,1,True,1,0.6787627706376899,8,0.1583513716271259,6,0.11569676760665536,0,0.03153604399264189,2,0.007915927712020071,1,16.0,1.0
8,1,1,True,1,0.6787627706376899,8,0.1583513716271259,6,0.11569676760665536,0,0.03153604399264189,2,0.007915927712020071,1,16.0,1.0
8,1,1,True,1,0.805833940028883,8,0.07894916146384698,6,0.04505386112400526,0,0.04099109224830324,5,0.01701074893804683,1,15.0,1.0
8,0,1,False,1,0.5838996992137649,6,0.16119142418808396,8,0.11999387506457601,0,0.08952526556363907,9,0.045389735969935785,4,16.0,4.0
8,0,1,False,1,0.7524843704579546,0,0.11456581123514913,6,0.09587101756279766,9,0.017658789996400213,8,0.011082063748655977,2,15.0,4.0
8,2,1,False,1,0.8802492790474215,8,0.052386407025315815,0,0.039592105154323105,6,0.02234559284234285,2,0.005426615930597037,5,15.0,2.0
8,6,1,False,1,0.6495895568930973,0,0.19220492373626963,6,0.15820551937063304,2,0.0,3,0.0,3,16.0,3.0
8,1,1,True,1,0.5887023809523809,6,0.21777380952380945,0,0.18985714285714278,2,0.003666666666666667,3,0.0,1,15.0,5.0
8,2,1,False,1,0.8802492790474215,8,0.052386407025315815,0,0.039592105154323105,6,0.02234559284234285,2,0.005426615930597037,5,15.0,2.0
8,1,1,True,1,0.7524843704579546,0,0.11456581123514913,6,0.09587101756279766,9,0.017658789996400213,8,0.011082063748655977,1,15.0,4.0
8,1,1,True,1,0.9402991073263197,0,0.05970089267367986,2,0.0,3,0.0,4,0.0,1,16.0,0.0
8,1,1,True,1,0.9402991073263197,0,0.05970089267367986,2,0.0,3,0.0,4,0.0,1,16.0,0.0
8,1,1,True,1,0.8799134345680367,0,0.05447216341211135,2,0.041324531240093186,6,0.016261851817214304,8,0.008028018962544245,1,15.0,0.0
8,1,1,True,1,0.9402991073263197,0,0.05970089267367986,2,0.0,3,0.0,4,0.0,1,16.0,0.0
8,1,1,True,1,0.8802492790474215,8,0.052386407025315815,0,0.039592105154323105,6,0.02234559284234285,2,0.005426615930597037,1,15.0,2.0
8,1,1,True,1,0.805833940028883,8,0.07894916146384698,6,0.04505386112400526,0,0.04099109224830324,5,0.01701074893804683,1,15.0,1.0
8,1,1,True,1,0.5241416840813123,6,0.15037819683756204,2,0.08928980591132292,3,0.08240091152397651,9,0.07710109347996344,1,12.0,4.0
8,1,1,True,1,0.6787627706376899,8,0.1583513716271259,6,0.11569676760665536,0,0.03153604399264189,2,0.007915927712020071,1,16.0,1.0
8,2,2,True,2,0.6714729437229435,1,0.32575919913419904,0,0.002767857142857143,3,0.0,4,0.0,1,6.0,0.0
8,2,7,False,7,0.28594214843461835,2,0.2752749697343665,3,0.188618000621485,1,0.1333263115985385,5,0.11683856961099122,2,6.0,1.0
8,6,1,False,1,0.5950560751941615,2,0.15476553033303075,4,0.10517335742159205,6,0.07523029250481268,8,0.03604497921998662,4,9.0,0.0
8,6,1,False,1,0.5950560751941615,2,0.15476553033303075,4,0.10517335742159205,6,0.07523029250481268,8,0.03604497921998662,4,9.0,0.0
8,6,1,False,1,0.5950560751941615,2,0.15476553033303075,4,0.10517335742159205,6,0.07523029250481268,8,0.03604497921998662,4,9.0,0.0
8,1,1,True,1,0.4289577383218876,3,0.13282499583569962,6,0.09861561580382754,4,0.08836832088716905,2,0.08316393039257954,1,9.0,4.0
8,1,1,True,1,0.5568928854468937,3,0.14412548648634063,7,0.11902722224821113,2,0.08926107388765442,8,0.06146809316385077,1,7.0,4.0
8,1,1,True,1,0.6702620892774287,2,0.32973791072257136,0,0.0,3,0.0,4,0.0,1,7.0,2.0
8,8,1,False,1,0.5950560751941615,2,0.15476553033303075,4,0.10517335742159205,6,0.07523029250481268,8,0.03604497921998662,5,9.0,0.0
8,2,2,True,2,0.8396262951015271,8,0.16037370489847258,1,0.0,0,0.0,4,0.0,1,6.0,3.0
8,6,1,False,1,0.32792009806992395,2,0.23202617133205616,6,0.1991208691349278,4,0.14395550790732212,7,0.07128975426337633,3,9.0,5.0
8,8,1,False,1,0.4289577383218876,3,0.13282499583569962,6,0.09861561580382754,4,0.08836832088716905,2,0.08316393039257954,9,9.0,4.0
8,8,1,False,1,0.4026344012907918,2,0.30639248129203356,8,0.1683776985415934,6,0.0700836007890894,4,0.052511818086491635,3,7.0,3.0
8,6,1,False,1,0.32792009806992395,2,0.23202617133205616,6,0.1991208691349278,4,0.14395550790732212,7,0.07128975426337633,3,9.0,5.0
8,2,2,True,2,0.6714729437229435,1,0.32575919913419904,0,0.002767857142857143,3,0.0,4,0.0,1,6.0,0.0
8,8,1,False,1,0.3465536425834027,3,0.19534559118721528,7,0.1641798499834514,8,0.12032469369274057,5,0.08392329207710203,4,8.0,1.0
8,2,2,True,2,0.6411585526597812,1,0.2799547708670234,7,0.07756256580125874,0,0.001324110671936759,3,0.0,1,6.0,4.0
8,8,1,False,1,0.3465536425834027,3,0.19534559118721528,7,0.1641798499834514,8,0.12032469369274057,5,0.08392329207710203,4,8.0,1.0
8,2,2,True,2,0.4340229468599035,1,0.3609318495514147,5,0.20176984126984124,6,0.0017391304347826085,4,0.0008695652173913043,1,12.0,6.0
8,6,1,False,1,0.4737659766604331,3,0.20051389982403495,7,0.1465996475737157,8,0.0705473962559223,5,0.04338370912108469,8,9.0,1.0
8,6,1,False,1,0.3993262239394592,4,0.3110857141224788,2,0.10510209773886242,5,0.09382761339967219,7,0.09065835079952728,8,10.0,3.0
8,6,1,False,1,0.4737659766604331,3,0.20051389982403495,7,0.1465996475737157,8,0.0705473962559223,5,0.04338370912108469,8,9.0,1.0
9,5,1,False,1,0.39032954999780956,5,0.2848521470831839,7,0.1986925435777854,2,0.054080336548548776,6,0.03777505737316073,2,8.0,2.0
9,4,4,True,4,0.2982016654895983,1,0.23585679895481135,8,0.12050070496830224,2,0.11026732594355228,6,0.09084898886157264,1,9.0,3.0
9,5,1,False,1,0.39032954999780956,5,0.2848521470831839,7,0.1986925435777854,2,0.054080336548548776,6,0.03777505737316073,2,8.0,2.0
9,2,2,True,2,0.2923103021750796,1,0.262832121034492,6,0.22904158373761543,8,0.14053201460531473,4,0.07528397844749778,1,8.0,5.0
9,1,1,True,1,0.7484387001887,0,0.2515612998112998,2,0.0,3,0.0,4,0.0,1,12.0,1.0
9,1,1,True,1,0.7048672716172714,2,0.14805217005217003,5,0.14708055833055833,0,0.0,3,0.0,1,11.0,1.0
9,2,2,True,2,0.2923103021750796,1,0.262832121034492,6,0.22904158373761543,8,0.14053201460531473,4,0.07528397844749778,1,8.0,5.0
9,2,6,False,6,0.30729459864965625,2,0.20452511556099168,4,0.19059332675072338,1,0.1755412029603037,7,0.12204575607832437,2,10.0,5.0
9,4,1,False,1,0.5902752750079905,2,0.13532164795970242,8,0.06679259244362946,6,0.05653787846499045,4,0.05481085928575924,5,9.0,2.0
9,5,1,False,1,0.39032954999780956,5,0.2848521470831839,7,0.1986925435777854,2,0.054080336548548776,6,0.03777505737316073,2,8.0,2.0
9,2,1,False,1,0.4590443364870551,6,0.21336774052624757,2,0.1139963766830255,4,0.10585890330021946,8,0.06918801318736183,3,9.0,0.0
9,6,1,False,1,0.33298524244468275,2,0.24944889226642405,6,0.16266979568361012,7,0.13065048462128437,4,0.09466685147334179,3,9.0,5.0
9,4,1,False,1,0.5902752750079905,2,0.13532164795970242,8,0.06679259244362946,6,0.05653787846499045,4,0.05481085928575924,5,9.0,2.0
9,4,1,False,1,0.4836065589867114,3,0.18346428108867963,7,0.13663631308420945,6,0.06564262227684199,8,0.06423709527452663,9,9.0,1.0
9,7,2,False,2,0.425414871080716,1,0.3615885671843263,6,0.08399247525778442,4,0.08249911282647059,5,0.044651982330432355,8,12.0,5.0
9,7,1,False,1,0.5553339682168335,7,0.11659320404574368,3,0.10705313537801223,6,0.08225873104753735,8,0.04404769452827919,2,8.0,4.0
9,4,1,False,1,0.33298524244468275,2,0.24944889226642405,6,0.16266979568361012,7,0.13065048462128437,4,0.09466685147334179,5,9.0,5.0
9,7,1,False,1,0.5553339682168335,7,0.11659320404574368,3,0.10705313537801223,6,0.08225873104753735,8,0.04404769452827919,2,8.0,4.0
9,5,1,False,1,0.39032954999780956,5,0.2848521470831839,7,0.1986925435777854,2,0.054080336548548776,6,0.03777505737316073,2,8.0,2.0
9,7,2,False,2,0.3052146211895463,4,0.2833819418121713,6,0.20528172349620427,1,0.10521744095244533,7,0.10090427254963256,5,11.0,5.0
9,5,1,False,1,0.39032954999780956,5,0.2848521470831839,7,0.1986925435777854,2,0.054080336548548776,6,0.03777505737316073,2,8.0,2.0
9,1,3,False,3,0.24540702336684553,1,0.23054828048118797,7,0.17429489449117788,2,0.16896475258651664,8,0.10763450888836418,2,7.0,1.0
9,0,1,False,1,0.36391238262218223,3,0.19156629551141588,7,0.1681669431955299,8,0.1452558891226176,5,0.06762058090973194,6,8.0,1.0
9,1,1,True,1,0.6165423003822834,3,0.1411259691940553,7,0.11244656544721242,2,0.05453343785194018,8,0.05052300672089191,1,7.0,4.0
9,1,3,False,3,0.24540702336684553,1,0.23054828048118797,7,0.17429489449117788,2,0.16896475258651664,8,0.10763450888836418,2,7.0,1.0
9,1,2,False,2,0.32556118824129837,7,0.27057764087273956,3,0.17381795002055708,5,0.13643111679581105,1,0.0936121040695937,5,6.0,1.0
9,5,1,False,1,0.39032954999780956,5,0.2848521470831839,7,0.1986925435777854,2,0.054080336548548776,6,0.03777505737316073,2,8.0,2.0
9,3,3,True,3,0.24540702336684553,1,0.23054828048118797,7,0.17429489449117788,2,0.16896475258651664,8,0.10763450888836418,1,7.0,1.0
9,3,1,False,1,0.46036411362060975,3,0.15145852922200262,6,0.10212077137609021,7,0.0680640183325351,4,0.06214207521087233,2,9.0,4.0
9,5,1,False,1,0.4052429866445758,5,0.30245382937052817,7,0.1017813567750439,6,0.0934274733582226,2,0.05954417142593009,2,8.0,0.0
9,3,3,True,3,0.24540702336684553,1,0.23054828048118797,7,0.17429489449117788,2,0.16896475258651664,8,0.10763450888836418,1,7.0,1.0
9,3,2,False,2,0.32556118824129837,7,0.27057764087273956,3,0.17381795002055708,5,0.13643111679581105,1,0.0936121040695937,3,6.0,1.0
9,4,1,False,1,0.46036411362060975,3,0.15145852922200262,6,0.10212077137609021,7,0.0680640183325351,4,0.06214207521087233,5,9.0,4.0
9,3,2,False,2,0.32556118824129837,7,0.27057764087273956,3,0.17381795002055708,5,0.13643111679581105,1,0.0936121040695937,3,6.0,1.0
9,1,1,True,1,0.7048672716172714,2,0.14805217005217003,5,0.14708055833055833,0,0.0,3,0.0,1,11.0,1.0
9,4,2,False,2,0.3052146211895463,4,0.2833819418121713,6,0.20528172349620427,1,0.10521744095244533,7,0.10090427254963256,2,11.0,5.0
9,5,1,False,1,0.36391238262218223,3,0.19156629551141588,7,0.1681669431955299,8,0.1452558891226176,5,0.06762058090973194,5,8.0,1.0
9,5,2,False,2,0.3448781300398947,1,0.3146856803327389,6,0.23867493454258148,5,0.10080887413240351,0,0.0009523809523809524,4,14.0,5.0
9,5,1,False,1,0.37715394381784073,6,0.1980781975054691,4,0.11780365346541956,3,0.11457484082525467,2,0.0805608935566034,6,10.0,4.0
9,1,1,True,1,0.7048672716172714,2,0.14805217005217003,5,0.14708055833055833,0,0.0,3,0.0,1,11.0,1.0
9,4,1,False,1,0.39032954999780956,5,0.2848521470831839,7,0.1986925435777854,2,0.054080336548548776,6,0.03777505737316073,6,8.0,2.0
9,3,1,False,1,0.4836065589867114,3,0.18346428108867963,7,0.13663631308420945,6,0.06564262227684199,8,0.06423709527452663,2,9.0,1.0
9,3,0,False,0,0.25953330003329994,1,0.23267188367188363,3,0.16374685037185036,6,0.09429852092352092,5,0.08744216894216893,3,10.0,1.0
9,7,1,False,1,0.5553339682168335,7,0.11659320404574368,3,0.10705313537801223,6,0.08225873104753735,8,0.04404769452827919,2,8.0,4.0
9,7,1,False,1,0.4052429866445758,5,0.30245382937052817,7,0.1017813567750439,6,0.0934274733582226,2,0.05954417142593009,3,8.0,0.0
9,7,1,False,1,0.4052429866445758,5,0.30245382937052817,7,0.1017813567750439,6,0.0934274733582226,2,0.05954417142593009,3,8.0,0.0
9,7,1,False,1,0.39032954999780956,5,0.2848521470831839,7,0.1986925435777854,2,0.054080336548548776,6,0.03777505737316073,3,8.0,2.0
9,7,2,False,2,0.32556118824129837,7,0.27057764087273956,3,0.17381795002055708,5,0.13643111679581105,1,0.0936121040695937,2,6.0,1.0
9,7,2,False,2,0.7094287267431869,1,0.2897017080394216,0,0.0008695652173913043,3,0.0,4,0.0,8,6.0,4.0
9,1,1,True,1,0.4052429866445758,5,0.30245382937052817,7,0.1017813567750439,6,0.0934274733582226,2,0.05954417142593009,1,8.0,0.0
9,2,1,False,1,0.4052429866445758,5,0.30245382937052817,7,0.1017813567750439,6,0.0934274733582226,2,0.05954417142593009,5,8.0,0.0
9,1,3,False,3,0.24540702336684553,1,0.23054828048118797,7,0.17429489449117788,2,0.16896475258651664,8,0.10763450888836418,2,7.0,1.0
9,8,4,False,4,0.91,2,0.028277024081943988,5,0.01911470251716247,8,0.017810041407867495,1,0.013589639860520869,4,7.0,6.0
9,1,1,True,1,0.39032954999780956,5,0.2848521470831839,7,0.1986925435777854,2,0.054080336548548776,6,0.03777505737316073,1,8.0,2.0
9,1,1,True,1,0.6549294469783397,2,0.3405747146157423,0,0.00449583840591815,3,0.0,4,0.0,1,7.0,2.0
9,1,1,True,1,0.7601088158989252,0,0.11672377285517314,6,0.0857196971132242,9,0.018552860960595524,2,0.009695290287477499,1,15.0,4.0
9,1,1,True,1,0.8582769452769451,6,0.14172305472305466,2,0.0,0,0.0,3,0.0,1,18.0,1.0
9,1,1,True,1,0.8886107644419668,0,0.050666015896331566,2,0.043965666281161005,8,0.009196906492649499,6,0.007560646887890982,1,15.0,0.0
9,1,1,True,1,0.8582769452769451,6,0.14172305472305466,2,0.0,0,0.0,3,0.0,1,18.0,1.0
9,1,1,True,1,1.0,0,0.0,2,0.0,3,0.0,4,0.0,1,12.0,3.0
9,1,1,True,1,0.5842535658785658,6,0.4157464341214341,2,0.0,0,0.0,3,0.0,1,17.0,2.0
9,1,1,True,1,0.5193004143880953,6,0.1776334007016715,8,0.1148980543614189,0,0.1122667281117047,9,0.07590140243710952,1,16.0,4.0
9,1,1,True,1,0.712723679403376,8,0.14677140048850668,6,0.08582613377854661,0,0.03815267913625988,2,0.009182846889537776,1,16.0,1.0
9,1,1,True,1,1.0,0,0.0,2,0.0,3,0.0,4,0.0,1,12.0,3.0
9,1,1,True,1,0.8649474936107221,8,0.06351706762145211,0,0.032756071168538556,2,0.023523450805136927,6,0.015255916794150426,1,15.0,2.0
9,1,1,True,1,0.804577618035445,8,0.09923611275734329,6,0.03559036846106019,0,0.02731623313554514,5,0.022539666833601056,1,15.0,1.0
9,1,1,True,1,0.7601088158989252,0,0.11672377285517314,6,0.0857196971132242,9,0.018552860960595524,2,0.009695290287477499,1,15.0,4.0
9,1,1,True,1,0.7048672716172714,2,0.14805217005217003,5,0.14708055833055833,0,0.0,3,0.0,1,11.0,1.0
9,1,1,True,1,0.7601088158989252,0,0.11672377285517314,6,0.0857196971132242,9,0.018552860960595524,2,0.009695290287477499,1,15.0,4.0
9,1,1,True,1,0.8649474936107221,8,0.06351706762145211,0,0.032756071168538556,2,0.023523450805136927,6,0.015255916794150426,1,15.0,2.0
9,1,1,True,1,0.8649474936107221,8,0.06351706762145211,0,0.032756071168538556,2,0.023523450805136927,6,0.015255916794150426,1,15.0,2.0
9,1,1,True,1,0.3986778923690688,2,0.3847050971903912,8,0.21661701044053977,0,0.0,4,0.0,1,14.0,2.0
9,1,2,False,2,0.3307735473590735,1,0.2513868737471677,4,0.21606549822726287,8,0.07255694378720694,0,0.06569541440671467,2,10.0,0.0
9,1,1,True,1,0.3822440386410974,4,0.31321486111927294,5,0.18346515820780518,2,0.12107594203182433,3,0.0,1,10.0,2.0
9,2,1,False,1,0.4813244949494948,2,0.1806594516594516,4,0.17300901875901878,5,0.16500703463203464,3,0.0,2,11.0,2.0
9,1,1,True,1,0.8886107644419668,0,0.050666015896331566,2,0.043965666281161005,8,0.009196906492649499,6,0.007560646887890982,1,15.0,0.0
9,8,1,False,1,0.8649474936107221,8,0.06351706762145211,0,0.032756071168538556,2,0.023523450805136927,6,0.015255916794150426,2,15.0,2.0
9,8,1,False,1,0.7433838383838384,8,0.22994949494949496,0,0.016666666666666666,2,0.01,4,0.0,2,14.0,0.0
9,1,3,False,3,0.24540702336684553,1,0.23054828048118797,7,0.17429489449117788,2,0.16896475258651664,8,0.10763450888836418,2,7.0,1.0
9,6,1,False,1,0.26181962619899624,8,0.2481014586452735,4,0.1785227136888903,6,0.16591147462114098,0,0.076531195752194,4,8.0,3.0
9,6,1,False,1,0.26181962619899624,8,0.2481014586452735,4,0.1785227136888903,6,0.16591147462114098,0,0.076531195752194,4,8.0,3.0
9,1,1,True,1,0.4836065589867114,3,0.18346428108867963,7,0.13663631308420945,6,0.06564262227684199,8,0.06423709527452663,1,9.0,1.0
9,1,1,True,1,0.39032954999780956,5,0.2848521470831839,7,0.1986925435777854,2,0.054080336548548776,6,0.03777505737316073,1,8.0,2.0
9,1,1,True,1,0.8886107644419668,0,0.050666015896331566,2,0.043965666281161005,8,0.009196906492649499,6,0.007560646887890982,1,15.0,0.0
9,1,1,True,1,0.8886107644419668,0,0.050666015896331566,2,0.043965666281161005,8,0.009196906492649499,6,0.007560646887890982,1,15.0,0.0
9,1,1,True,1,0.7751361693861694,6,0.22486383061383056,2,0.0,0,0.0,3,0.0,1,18.0,2.0
9,1,1,True,1,0.804577618035445,8,0.09923611275734329,6,0.03559036846106019,0,0.02731623313554514,5,0.022539666833601056,1,15.0,1.0
9,9,1,False,1,0.49676727877385757,9,0.2944505655163549,7,0.11187781516728883,6,0.09690434054249844,3,0.0,2,18.0,4.0
9,1,1,True,1,0.8430866601089879,8,0.06893278470528838,0,0.061933884936204005,6,0.026046670249519586,3,0.0,1,15.0,3.0
9,1,1,True,1,0.8649474936107221,8,0.06351706762145211,0,0.032756071168538556,2,0.023523450805136927,6,0.015255916794150426,1,15.0,2.0
9,1,1,True,1,1.0,0,0.0,2,0.0,3,0.0,4,0.0,1,19.0,1.0
9,1,1,True,1,0.8582769452769451,6,0.14172305472305466,2,0.0,0,0.0,3,0.0,1,18.0,1.0
9,1,1,True,1,0.8886107644419668,0,0.050666015896331566,2,0.043965666281161005,8,0.009196906492649499,6,0.007560646887890982,1,15.0,0.0
9,1,6,False,6,0.30729459864965625,2,0.20452511556099168,4,0.19059332675072338,1,0.1755412029603037,7,0.12204575607832437,4,10.0,5.0
9,1,1,True,1,0.7751361693861694,6,0.22486383061383056,2,0.0,0,0.0,3,0.0,1,18.0,2.0
9,1,1,True,1,0.7601088158989252,0,0.11672377285517314,6,0.0857196971132242,9,0.018552860960595524,2,0.009695290287477499,1,15.0,4.0
9,1,1,True,1,0.7751361693861694,6,0.22486383061383056,2,0.0,0,0.0,3,0.0,1,18.0,2.0
9,1,1,True,1,0.7751361693861694,6,0.22486383061383056,2,0.0,0,0.0,3,0.0,1,18.0,2.0
9,1,1,True,1,0.5842535658785658,6,0.4157464341214341,2,0.0,0,0.0,3,0.0,1,17.0,2.0
9,1,1,True,1,0.9103954827627667,6,0.029607075893642625,9,0.02507936507936508,7,0.01785714285714286,0,0.01663540149218901,1,20.0,3.0
9,1,1,True,1,0.9419493608923272,0,0.058050639107672934,2,0.0,3,0.0,4,0.0,1,16.0,0.0
9,1,4,False,4,0.3360288600288601,0,0.3352745310245308,5,0.18175865800865798,2,0.14693795093795087,3,0.0,6,10.0,6.0
9,1,1,True,1,0.8649474936107221,8,0.06351706762145211,0,0.032756071168538556,2,0.023523450805136927,6,0.015255916794150426,1,15.0,2.0
9,1,1,True,1,0.8430866601089879,8,0.06893278470528838,0,0.061933884936204005,6,0.026046670249519586,3,0.0,1,15.0,3.0
9,1,1,True,1,0.8430866601089879,8,0.06893278470528838,0,0.061933884936204005,6,0.026046670249519586,3,0.0,1,15.0,3.0
9,1,1,True,1,0.804577618035445,8,0.09923611275734329,6,0.03559036846106019,0,0.02731623313554514,5,0.022539666833601056,1,15.0,1.0
9,1,1,True,1,0.8886107644419668,0,0.050666015896331566,2,0.043965666281161005,8,0.009196906492649499,6,0.007560646887890982,1,15.0,0.0
9,1,1,True,1,0.4537832791797698,2,0.33671387038314515,0,0.16005635304554938,6,0.01974079365158371,4,0.010064758225406615,1,,
9,1,1,True,1,0.8649474936107221,8,0.06351706762145211,0,0.032756071168538556,2,0.023523450805136927,6,0.015255916794150426,1,15.0,2.0
9,1,1,True,1,0.8886107644419668,0,0.050666015896331566,2,0.043965666281161005,8,0.009196906492649499,6,0.007560646887890982,1,15.0,0.0
9,1,1,True,1,0.7484387001887,0,0.2515612998112998,2,0.0,3,0.0,4,0.0,1,12.0,1.0
9,2,1,False,1,0.3649615729143054,6,0.15887852297192037,2,0.11132078951171023,5,0.10600022675384765,3,0.10559467434048127,3,11.0,4.0
9,2,1,False,1,0.7048672716172714,2,0.14805217005217003,5,0.14708055833055833,0,0.0,3,0.0,2,11.0,1.0
9,0,1,False,1,0.7749645909645908,2,0.11829104229104224,0,0.1067443667443667,3,0.0,4,0.0,3,12.0,0.0
9,1,1,True,1,0.8649474936107221,8,0.06351706762145211,0,0.032756071168538556,2,0.023523450805136927,6,0.015255916794150426,1,15.0,2.0
9,1,1,True,1,0.8649474936107221,8,0.06351706762145211,0,0.032756071168538556,2,0.023523450805136927,6,0.015255916794150426,1,15.0,2.0
9,1,1,True,1,0.8649474936107221,8,0.06351706762145211,0,0.032756071168538556,2,0.023523450805136927,6,0.015255916794150426,1,15.0,2.0
9,1,1,True,1,0.8886107644419668,0,0.050666015896331566,2,0.043965666281161005,8,0.009196906492649499,6,0.007560646887890982,1,15.0,0.0
9,1,1,True,1,0.8649474936107221,8,0.06351706762145211,0,0.032756071168538556,2,0.023523450805136927,6,0.015255916794150426,1,15.0,2.0
9,6,1,False,1,0.712723679403376,8,0.14677140048850668,6,0.08582613377854661,0,0.03815267913625988,2,0.009182846889537776,3,16.0,1.0
9,6,1,False,1,0.8430866601089879,8,0.06893278470528838,0,0.061933884936204005,6,0.026046670249519586,3,0.0,4,15.0,3.0
9,1,1,True,1,0.9419493608923272,0,0.058050639107672934,2,0.0,3,0.0,4,0.0,1,16.0,0.0
9,1,1,True,1,0.7601088158989252,0,0.11672377285517314,6,0.0857196971132242,9,0.018552860960595524,2,0.009695290287477499,1,15.0,4.0
9,1,1,True,1,0.8430866601089879,8,0.06893278470528838,0,0.061933884936204005,6,0.026046670249519586,3,0.0,1,15.0,3.0
9,1,1,True,1,0.804577618035445,8,0.09923611275734329,6,0.03559036846106019,0,0.02731623313554514,5,0.022539666833601056,1,15.0,1.0
9,1,1,True,1,0.4052429866445758,5,0.30245382937052817,7,0.1017813567750439,6,0.0934274733582226,2,0.05954417142593009,1,8.0,0.0
9,1,1,True,1,0.4052429866445758,5,0.30245382937052817,7,0.1017813567750439,6,0.0934274733582226,2,0.05954417142593009,1,8.0,0.0
9,1,1,True,1,0.6549294469783397,2,0.3405747146157423,0,0.00449583840591815,3,0.0,4,0.0,1,7.0,2.0
9,0,1,False,1,0.3822440386410974,4,0.31321486111927294,5,0.18346515820780518,2,0.12107594203182433,3,0.0,6,10.0,2.0
9,0,1,False,1,0.3822440386410974,4,0.31321486111927294,5,0.18346515820780518,2,0.12107594203182433,3,0.0,6,10.0,2.0
9,1,1,True,1,0.26181962619899624,8,0.2481014586452735,4,0.1785227136888903,6,0.16591147462114098,0,0.076531195752194,1,8.0,3.0
9,1,1,True,1,0.36391238262218223,3,0.19156629551141588,7,0.1681669431955299,8,0.1452558891226176,5,0.06762058090973194,1,8.0,1.0
9,1,1,True,1,0.8886107644419668,0,0.050666015896331566,2,0.043965666281161005,8,0.009196906492649499,6,0.007560646887890982,1,15.0,0.0
9,1,1,True,1,0.3858008282996671,9,0.3403420429759438,6,0.17460666023862617,0,0.09925046848576256,3,0.0,1,17.0,4.0
9,1,2,False,2,0.3448781300398947,1,0.3146856803327389,6,0.23867493454258148,5,0.10080887413240351,0,0.0009523809523809524,2,14.0,5.0
9,1,2,False,2,0.44279742002773687,1,0.24021829276114168,6,0.13177790361961506,5,0.1209202744455705,7,0.06428610914593545,2,13.0,5.0
9,1,1,True,1,0.804577618035445,8,0.09923611275734329,6,0.03559036846106019,0,0.02731623313554514,5,0.022539666833601056,1,15.0,1.0
9,1,1,True,1,0.8649474936107221,8,0.06351706762145211,0,0.032756071168538556,2,0.023523450805136927,6,0.015255916794150426,1,15.0,2.0
9,1,0,False,0,0.25953330003329994,1,0.23267188367188363,3,0.16374685037185036,6,0.09429852092352092,5,0.08744216894216893,2,10.0,1.0
9,1,1,True,1,0.6200524348477243,6,0.19700492556525856,0,0.18251710767212348,2,0.000425531914893617,3,0.0,1,16.0,3.0
9,1,1,True,1,0.6200524348477243,6,0.19700492556525856,0,0.18251710767212348,2,0.000425531914893617,3,0.0,1,16.0,3.0
9,1,1,True,1,0.8649474936107221,8,0.06351706762145211,0,0.032756071168538556,2,0.023523450805136927,6,0.015255916794150426,1,15.0,2.0
9,1,1,True,1,0.5193004143880953,6,0.1776334007016715,8,0.1148980543614189,0,0.1122667281117047,9,0.07590140243710952,1,16.0,4.0
9,0,1,False,1,0.8430866601089879,8,0.06893278470528838,0,0.061933884936204005,6,0.026046670249519586,3,0.0,3,15.0,3.0
9,1,1,True,1,0.8886107644419668,0,0.050666015896331566,2,0.043965666281161005,8,0.009196906492649499,6,0.007560646887890982,1,15.0,0.0
9,1,1,True,1,0.6878149905649903,2,0.30951834276834256,0,0.0026666666666666666,3,0.0,4,0.0,1,14.0,3.0
9,2,1,False,1,0.46036411362060975,3,0.15145852922200262,6,0.10212077137609021,7,0.0680640183325351,4,0.06214207521087233,8,9.0,4.0
9,1,1,True,1,0.7749645909645908,2,0.11829104229104224,0,0.1067443667443667,3,0.0,4,0.0,1,12.0,0.0
9,2,1,False,1,0.46036411362060975,3,0.15145852922200262,6,0.10212077137609021,7,0.0680640183325351,4,0.06214207521087233,8,9.0,4.0
9,1,1,True,1,0.804577618035445,8,0.09923611275734329,6,0.03559036846106019,0,0.02731623313554514,5,0.022539666833601056,1,15.0,1.0
9,1,1,True,1,0.8430866601089879,8,0.06893278470528838,0,0.061933884936204005,6,0.026046670249519586,3,0.0,1,15.0,3.0
9,1,1,True,1,0.9419493608923272,0,0.058050639107672934,2,0.0,3,0.0,4,0.0,1,16.0,0.0
9,1,1,True,1,0.712723679403376,8,0.14677140048850668,6,0.08582613377854661,0,0.03815267913625988,2,0.009182846889537776,1,16.0,1.0
9,1,1,True,1,0.804577618035445,8,0.09923611275734329,6,0.03559036846106019,0,0.02731623313554514,5,0.022539666833601056,1,15.0,1.0
9,6,1,False,1,0.8886107644419668,0,0.050666015896331566,2,0.043965666281161005,8,0.009196906492649499,6,0.007560646887890982,5,15.0,0.0
9,6,1,False,1,0.7601088158989252,0,0.11672377285517314,6,0.0857196971132242,9,0.018552860960595524,2,0.009695290287477499,3,15.0,4.0
9,1,1,True,1,0.8649474936107221,8,0.06351706762145211,0,0.032756071168538556,2,0.023523450805136927,6,0.015255916794150426,1,15.0,2.0
9,1,1,True,1,0.804577618035445,8,0.09923611275734329,6,0.03559036846106019,0,0.02731623313554514,5,0.022539666833601056,1,15.0,1.0
9,1,1,True,1,0.9419493608923272,0,0.058050639107672934,2,0.0,3,0.0,4,0.0,1,16.0,0.0
9,1,1,True,1,0.7601088158989252,0,0.11672377285517314,6,0.0857196971132242,9,0.018552860960595524,2,0.009695290287477499,1,15.0,4.0
9,1,1,True,1,0.8430866601089879,8,0.06893278470528838,0,0.061933884936204005,6,0.026046670249519586,3,0.0,1,15.0,3.0
9,1,1,True,1,0.8430866601089879,8,0.06893278470528838,0,0.061933884936204005,6,0.026046670249519586,3,0.0,1,15.0,3.0
9,1,1,True,1,0.7601088158989252,0,0.11672377285517314,6,0.0857196971132242,9,0.018552860960595524,2,0.009695290287477499,1,15.0,4.0
9,6,1,False,1,0.8649474936107221,8,0.06351706762145211,0,0.032756071168538556,2,0.023523450805136927,6,0.015255916794150426,5,15.0,2.0
9,1,1,True,1,0.804577618035445,8,0.09923611275734329,6,0.03559036846106019,0,0.02731623313554514,5,0.022539666833601056,1,15.0,1.0
9,1,1,True,1,0.5309270089664154,2,0.4036503678378425,8,0.06498784058704642,0,0.00043478260869565214,4,0.0,1,7.0,0.0
9,2,1,False,1,0.33298524244468275,2,0.24944889226642405,6,0.16266979568361012,7,0.13065048462128437,4,0.09466685147334179,2,9.0,5.0
9,0,1,False,1,0.5553339682168335,7,0.11659320404574368,3,0.10705313537801223,6,0.08225873104753735,8,0.04404769452827919,6,8.0,4.0
9,1,1,True,1,0.8649474936107221,8,0.06351706762145211,0,0.032756071168538556,2,0.023523450805136927,6,0.015255916794150426,1,15.0,2.0
9,1,2,False,2,0.33598485555838487,1,0.30402141023464535,0,0.2690458520237931,6,0.09094788218317629,3,0.0,2,11.0,0.0
9,1,1,True,1,0.4590443364870551,6,0.21336774052624757,2,0.1139963766830255,4,0.10585890330021946,8,0.06918801318736183,1,9.0,0.0
9,1,1,True,1,0.4052429866445758,5,0.30245382937052817,7,0.1017813567750439,6,0.0934274733582226,2,0.05954417142593009,1,8.0,0.0
9,1,1,True,1,0.5309270089664154,2,0.4036503678378425,8,0.06498784058704642,0,0.00043478260869565214,4,0.0,1,7.0,0.0
9,6,1,False,1,0.26181962619899624,8,0.2481014586452735,4,0.1785227136888903,6,0.16591147462114098,0,0.076531195752194,4,8.0,3.0
9,8,1,False,1,0.26181962619899624,8,0.2481014586452735,4,0.1785227136888903,6,0.16591147462114098,0,0.076531195752194,2,8.0,3.0
9,6,1,False,1,0.36391238262218223,3,0.19156629551141588,7,0.1681669431955299,8,0.1452558891226176,5,0.06762058090973194,7,8.0,1.0
9,1,1,True,1,0.46036411362060975,3,0.15145852922200262,6,0.10212077137609021,7,0.0680640183325351,4,0.06214207521087233,1,9.0,4.0
9,1,1,True,1,0.5902752750079905,2,0.13532164795970242,8,0.06679259244362946,6,0.05653787846499045,4,0.05481085928575924,1,9.0,2.0
9,1,1,True,1,0.4590443364870551,6,0.21336774052624757,2,0.1139963766830255,4,0.10585890330021946,8,0.06918801318736183,1,9.0,0.0
9,1,1,True,1,0.4052429866445758,5,0.30245382937052817,7,0.1017813567750439,6,0.0934274733582226,2,0.05954417142593009,1,8.0,0.0
9,2,1,False,1,0.5309270089664154,2,0.4036503678378425,8,0.06498784058704642,0,0.00043478260869565214,4,0.0,2,7.0,0.0
9,1,1,True,1,0.46036411362060975,3,0.15145852922200262,6,0.10212077137609021,7,0.0680640183325351,4,0.06214207521087233,1,9.0,4.0
9,2,1,False,1,0.6165423003822834,3,0.1411259691940553,7,0.11244656544721242,2,0.05453343785194018,8,0.05052300672089191,4,7.0,4.0
9,1,1,True,1,0.4052429866445758,5,0.30245382937052817,7,0.1017813567750439,6,0.0934274733582226,2,0.05954417142593009,1,8.0,0.0
9,8,1,False,1,0.46036411362060975,3,0.15145852922200262,6,0.10212077137609021,7,0.0680640183325351,4,0.06214207521087233,9,9.0,4.0
9,8,2,False,2,0.9034343285713251,8,0.0965656714286745,1,0.0,0,0.0,4,0.0,2,6.0,3.0
9,2,2,True,2,0.9034343285713251,8,0.0965656714286745,1,0.0,0,0.0,4,0.0,1,6.0,3.0
9,2,2,True,2,0.32556118824129837,7,0.27057764087273956,3,0.17381795002055708,5,0.13643111679581105,1,0.0936121040695937,1,6.0,1.0
9,1,1,True,1,0.7877924731295746,8,0.14515483423126233,6,0.03831830633953244,2,0.014468578895718787,0,0.014265807403911717,1,16.0,2.0
9,1,1,True,1,0.6125749462864453,6,0.13320984194883093,3,0.06717861790933871,0,0.06430829652230576,9,0.06142880880666919,1,12.0,4.0
9,2,2,True,2,0.3052146211895463,4,0.2833819418121713,6,0.20528172349620427,1,0.10521744095244533,7,0.10090427254963256,1,11.0,5.0
9,1,1,True,1,0.7918452212562116,8,0.0832514398226472,2,0.06329571030964218,9,0.06160762861149856,4,0.0,1,14.0,4.0
9,1,1,True,1,0.8649474936107221,8,0.06351706762145211,0,0.032756071168538556,2,0.023523450805136927,6,0.015255916794150426,1,15.0,2.0
9,2,2,True,2,0.425414871080716,1,0.3615885671843263,6,0.08399247525778442,4,0.08249911282647059,5,0.044651982330432355,1,12.0,5.0
9,1,1,True,1,0.7877924731295746,8,0.14515483423126233,6,0.03831830633953244,2,0.014468578895718787,0,0.014265807403911717,1,16.0,2.0
9,9,1,False,1,0.3858008282996671,9,0.3403420429759438,6,0.17460666023862617,0,0.09925046848576256,3,0.0,2,17.0,4.0
9,1,1,True,1,0.8430866601089879,8,0.06893278470528838,0,0.061933884936204005,6,0.026046670249519586,3,0.0,1,15.0,3.0
9,1,1,True,1,0.5193004143880953,6,0.1776334007016715,8,0.1148980543614189,0,0.1122667281117047,9,0.07590140243710952,1,16.0,4.0
9,1,1,True,1,0.7877924731295746,8,0.14515483423126233,6,0.03831830633953244,2,0.014468578895718787,0,0.014265807403911717,1,16.0,2.0
9,1,1,True,1,0.5193004143880953,6,0.1776334007016715,8,0.1148980543614189,0,0.1122667281117047,9,0.07590140243710952,1,16.0,4.0
9,1,1,True,1,0.712723679403376,8,0.14677140048850668,6,0.08582613377854661,0,0.03815267913625988,2,0.009182846889537776,1,16.0,1.0
9,1,1,True,1,0.712723679403376,8,0.14677140048850668,6,0.08582613377854661,0,0.03815267913625988,2,0.009182846889537776,1,16.0,1.0
9,1,1,True,1,0.804577618035445,8,0.09923611275734329,6,0.03559036846106019,0,0.02731623313554514,5,0.022539666833601056,1,15.0,1.0
9,1,1,True,1,0.8430866601089879,8,0.06893278470528838,0,0.061933884936204005,6,0.026046670249519586,3,0.0,1,15.0,3.0
9,1,1,True,1,0.8430866601089879,8,0.06893278470528838,0,0.061933884936204005,6,0.026046670249519586,3,0.0,1,15.0,3.0
9,1,1,True,1,0.8886107644419668,0,0.050666015896331566,2,0.043965666281161005,8,0.009196906492649499,6,0.007560646887890982,1,15.0,0.0
9,1,1,True,1,0.8430866601089879,8,0.06893278470528838,0,0.061933884936204005,6,0.026046670249519586,3,0.0,1,15.0,3.0
9,1,1,True,1,0.712723679403376,8,0.14677140048850668,6,0.08582613377854661,0,0.03815267913625988,2,0.009182846889537776,1,16.0,1.0
9,8,1,False,1,0.8430866601089879,8,0.06893278470528838,0,0.061933884936204005,6,0.026046670249519586,3,0.0,2,15.0,3.0
9,2,2,True,2,0.44279742002773687,1,0.24021829276114168,6,0.13177790361961506,5,0.1209202744455705,7,0.06428610914593545,1,13.0,5.0
9,0,1,False,1,0.3858008282996671,9,0.3403420429759438,6,0.17460666023862617,0,0.09925046848576256,3,0.0,4,17.0,4.0
9,8,1,False,1,0.7877924731295746,8,0.14515483423126233,6,0.03831830633953244,2,0.014468578895718787,0,0.014265807403911717,2,16.0,2.0
9,1,1,True,1,0.8649474936107221,8,0.06351706762145211,0,0.032756071168538556,2,0.023523450805136927,6,0.015255916794150426,1,15.0,2.0
9,1,1,True,1,0.712723679403376,8,0.14677140048850668,6,0.08582613377854661,0,0.03815267913625988,2,0.009182846889537776,1,16.0,1.0
9,0,1,False,1,0.804577618035445,8,0.09923611275734329,6,0.03559036846106019,0,0.02731623313554514,5,0.022539666833601056,4,15.0,1.0
9,0,1,False,1,0.8649474936107221,8,0.06351706762145211,0,0.032756071168538556,2,0.023523450805136927,6,0.015255916794150426,3,15.0,2.0
9,1,1,True,1,0.712723679403376,8,0.14677140048850668,6,0.08582613377854661,0,0.03815267913625988,2,0.009182846889537776,1,16.0,1.0
9,2,1,False,1,0.8430866601089879,8,0.06893278470528838,0,0.061933884936204005,6,0.026046670249519586,3,0.0,8,15.0,3.0
9,0,1,False,1,0.804577618035445,8,0.09923611275734329,6,0.03559036846106019,0,0.02731623313554514,5,0.022539666833601056,4,15.0,1.0
9,1,1,True,1,0.804577618035445,8,0.09923611275734329,6,0.03559036846106019,0,0.02731623313554514,5,0.022539666833601056,1,15.0,1.0
9,1,1,True,1,0.8886107644419668,0,0.050666015896331566,2,0.043965666281161005,8,0.009196906492649499,6,0.007560646887890982,1,15.0,0.0
9,1,1,True,1,0.9419493608923272,0,0.058050639107672934,2,0.0,3,0.0,4,0.0,1,16.0,0.0
9,1,1,True,1,0.9419493608923272,0,0.058050639107672934,2,0.0,3,0.0,4,0.0,1,16.0,0.0
9,1,1,True,1,0.9419493608923272,0,0.058050639107672934,2,0.0,3,0.0,4,0.0,1,16.0,0.0
9,6,1,False,1,0.33298524244468275,2,0.24944889226642405,6,0.16266979568361012,7,0.13065048462128437,4,0.09466685147334179,3,9.0,5.0
9,6,1,False,1,0.712723679403376,8,0.14677140048850668,6,0.08582613377854661,0,0.03815267913625988,2,0.009182846889537776,3,16.0,1.0
9,6,1,False,1,0.712723679403376,8,0.14677140048850668,6,0.08582613377854661,0,0.03815267913625988,2,0.009182846889537776,3,16.0,1.0
9,6,1,False,1,0.804577618035445,8,0.09923611275734329,6,0.03559036846106019,0,0.02731623313554514,5,0.022539666833601056,3,15.0,1.0
9,1,2,False,2,0.3948422410922412,8,0.36037997557997536,1,0.239389749139749,0,0.005388034188034188,4,0.0,3,7.0,5.0
9,1,1,True,1,0.804577618035445,8,0.09923611275734329,6,0.03559036846106019,0,0.02731623313554514,5,0.022539666833601056,1,15.0,1.0
9,1,1,True,1,0.8427646103896101,5,0.15723538961038955,2,0.0,0,0.0,3,0.0,1,17.0,1.0
9,8,1,False,1,0.712723679403376,8,0.14677140048850668,6,0.08582613377854661,0,0.03815267913625988,2,0.009182846889537776,2,16.0,1.0
9,8,1,False,1,0.712723679403376,8,0.14677140048850668,6,0.08582613377854661,0,0.03815267913625988,2,0.009182846889537776,2,16.0,1.0
9,2,2,True,2,0.5683015873015873,1,0.23159126984126982,6,0.1951071428571428,8,0.005,3,0.0,1,14.0,1.0
9,1,1,True,1,0.8430866601089879,8,0.06893278470528838,0,0.061933884936204005,6,0.026046670249519586,3,0.0,1,15.0,3.0
9,1,1,True,1,0.7877924731295746,8,0.14515483423126233,6,0.03831830633953244,2,0.014468578895718787,0,0.014265807403911717,1,16.0,2.0
9,1,1,True,1,0.804577618035445,8,0.09923611275734329,6,0.03559036846106019,0,0.02731623313554514,5,0.022539666833601056,1,15.0,1.0
9,1,1,True,1,0.42416571825817634,2,0.35152126690081203,8,0.1176921453581577,4,0.05317141985653247,6,0.051401830578702255,1,7.0,3.0
9,1,1,True,1,0.5309270089664154,2,0.4036503678378425,8,0.06498784058704642,0,0.00043478260869565214,4,0.0,1,7.0,0.0
9,1,1,True,1,0.4537832791797698,2,0.33671387038314515,0,0.16005635304554938,6,0.01974079365158371,4,0.010064758225406615,1,,
9,1,1,True,1,0.5902752750079905,2,0.13532164795970242,8,0.06679259244362946,6,0.05653787846499045,4,0.05481085928575924,1,9.0,2.0
9,1,1,True,1,0.39032954999780956,5,0.2848521470831839,7,0.1986925435777854,2,0.054080336548548776,6,0.03777505737316073,1,8.0,2.0
9,6,1,False,1,0.4052429866445758,5,0.30245382937052817,7,0.1017813567750439,6,0.0934274733582226,2,0.05954417142593009,4,8.0,0.0
9,1,1,True,1,0.46036411362060975,3,0.15145852922200262,6,0.10212077137609021,7,0.0680640183325351,4,0.06214207521087233,1,9.0,4.0
9,2,2,True,2,0.5692612523441472,1,0.42161071925150856,0,0.009128028404344193,3,0.0,4,0.0,1,6.0,2.0
9,8,1,False,1,0.4836065589867114,3,0.18346428108867963,7,0.13663631308420945,6,0.06564262227684199,8,0.06423709527452663,5,9.0,1.0
9,8,1,False,1,0.39032954999780956,5,0.2848521470831839,7,0.1986925435777854,2,0.054080336548548776,6,0.03777505737316073,7,8.0,2.0
9,6,1,False,1,0.33298524244468275,2,0.24944889226642405,6,0.16266979568361012,7,0.13065048462128437,4,0.09466685147334179,3,9.0,5.0
9,8,1,False,1,0.26181962619899624,8,0.2481014586452735,4,0.1785227136888903,6,0.16591147462114098,0,0.076531195752194,2,8.0,3.0
9,1,1,True,1,0.5309270089664154,2,0.4036503678378425,8,0.06498784058704642,0,0.00043478260869565214,4,0.0,1,7.0,0.0
9,2,2,True,2,0.7094287267431869,1,0.2897017080394216,0,0.0008695652173913043,3,0.0,4,0.0,1,6.0,4.0
9,8,1,False,1,0.42416571825817634,2,0.35152126690081203,8,0.1176921453581577,4,0.05317141985653247,6,0.051401830578702255,3,7.0,3.0
9,2,2,True,2,0.3948422410922412,8,0.36037997557997536,1,0.239389749139749,0,0.005388034188034188,4,0.0,1,7.0,5.0
9,8,1,False,1,0.42416571825817634,2,0.35152126690081203,8,0.1176921453581577,4,0.05317141985653247,6,0.051401830578702255,3,7.0,3.0
9,1,1,True,1,0.5902752750079905,2,0.13532164795970242,8,0.06679259244362946,6,0.05653787846499045,4,0.05481085928575924,1,9.0,2.0
9,2,1,False,1,0.42416571825817634,2,0.35152126690081203,8,0.1176921453581577,4,0.05317141985653247,6,0.051401830578702255,2,7.0,3.0
10,5,1,False,1,0.3740392830877283,3,0.2019794206686468,7,0.13626397106297636,8,0.13143332836095784,5,0.06741794438709973,5,8.0,1.0
10,1,1,True,1,0.7195864953759687,2,0.27753901069690534,0,0.002874493927125506,3,0.0,4,0.0,1,11.0,3.0
10,2,4,False,4,0.40225793650793656,0,0.364498556998557,1,0.22538636363636358,2,0.003571428571428571,6,0.003333333333333333,4,10.0,6.0
10,5,1,False,1,0.48597761307320125,4,0.24152833685921912,0,0.18503514704249988,2,0.08745890302507948,3,0.0,6,10.0,2.0
10,4,4,True,4,0.35402857118326886,1,0.1968345604097204,6,0.10722113260453513,2,0.10158098516544431,8,0.0998965109307427,1,9.0,3.0
10,5,2,False,2,0.5522341269841271,1,0.24230555555555547,6,0.20546031746031737,0,0.0,3,0.0,7,9.0,6.0
10,7,5,False,5,0.36889325700690667,1,0.32613838369093706,7,0.185167426245681,2,0.034658117937634514,8,0.034087265152059495,3,8.0,2.0
10,7,1,False,1,0.422990716444623,5,0.26823838574048564,7,0.10653127607788088,6,0.09266012938439962,2,0.07264911740143347,3,8.0,0.0
10,7,1,False,1,0.5371736223716551,7,0.15301062552774794,6,0.08547872983174969,3,0.07892404832399429,8,0.0465475417269877,2,8.0,4.0
10,4,1,False,1,0.2776321469670555,6,0.2544029498616798,2,0.22509277063811478,7,0.12229015936968796,4,0.09042560867207905,5,9.0,5.0
10,4,1,False,1,0.40356963783550465,4,0.2108276794155276,5,0.10268105196317263,2,0.09810365816673863,6,0.09306898815838442,2,10.0,3.0
10,3,1,False,1,0.3740392830877283,3,0.2019794206686468,7,0.13626397106297636,8,0.13143332836095784,5,0.06741794438709973,2,8.0,1.0
10,5,4,False,4,0.40225793650793656,0,0.364498556998557,1,0.22538636363636358,2,0.003571428571428571,6,0.003333333333333333,8,10.0,6.0
10,3,1,False,1,0.4418422220861345,6,0.12038072417594897,3,0.10474945787937003,2,0.08827897390892472,4,0.06850743998165924,3,9.0,4.0
10,3,1,False,1,0.5371736223716551,7,0.15301062552774794,6,0.08547872983174969,3,0.07892404832399429,8,0.0465475417269877,4,8.0,4.0
10,7,1,False,1,0.3740392830877283,3,0.2019794206686468,7,0.13626397106297636,8,0.13143332836095784,5,0.06741794438709973,3,8.0,1.0
10,7,1,False,1,0.4418422220861345,6,0.12038072417594897,3,0.10474945787937003,2,0.08827897390892472,4,0.06850743998165924,8,9.0,4.0
10,0,1,False,1,0.33581779946060114,3,0.25593386945012325,0,0.1548117128829203,6,0.09763543783358022,5,0.0785837987262136,3,10.0,1.0
10,1,1,True,1,0.443762895855782,3,0.20842762630224926,7,0.13241512530233482,8,0.06747587543888961,6,0.056892234547170455,1,9.0,1.0
10,1,1,True,1,0.27325864455012056,3,0.2565504006905914,7,0.16132922053485607,2,0.14565643697287356,8,0.10074261897044073,1,7.0,1.0
10,2,8,False,8,0.2524905666595591,1,0.2430189061614452,6,0.2188707795382274,4,0.16498410161546392,0,0.07303904437919582,6,8.0,3.0
10,2,5,False,5,0.36889325700690667,1,0.32613838369093706,7,0.185167426245681,2,0.034658117937634514,8,0.034087265152059495,4,8.0,2.0
10,3,1,False,1,0.5232373030440669,6,0.16779293470068538,2,0.1377890725435331,4,0.09836090842391876,8,0.0728197812877954,6,9.0,0.0
10,3,1,False,1,0.39214213458832065,6,0.17205868073047761,4,0.1406723060867683,3,0.08901540966559086,2,0.08577387501877462,4,10.0,4.0
10,5,1,False,1,0.422990716444623,5,0.26823838574048564,7,0.10653127607788088,6,0.09266012938439962,2,0.07264911740143347,2,8.0,0.0
10,3,1,False,1,0.5371736223716551,7,0.15301062552774794,6,0.08547872983174969,3,0.07892404832399429,8,0.0465475417269877,4,8.0,4.0
10,4,1,False,1,0.37530539576597255,2,0.3150476573593915,4,0.15741429541204066,7,0.0855235043724914,8,0.06670914709010344,3,10.0,0.0
10,3,1,False,1,0.4418422220861345,6,0.12038072417594897,3,0.10474945787937003,2,0.08827897390892472,4,0.06850743998165924,3,9.0,4.0
10,3,1,False,1,0.4418422220861345,6,0.12038072417594897,3,0.10474945787937003,2,0.08827897390892472,4,0.06850743998165924,3,9.0,4.0
10,5,1,False,1,0.48825974025974017,2,0.35421645021645015,4,0.1575238095238095,0,0.0,3,0.0,6,11.0,2.0
10,1,9,False,9,0.4069475335036482,1,0.2577763297504009,0,0.1731818217901809,6,0.16209431495577,3,0.0,2,17.0,4.0
10,5,1,False,1,0.39214213458832065,6,0.17205868073047761,4,0.1406723060867683,3,0.08901540966559086,2,0.08577387501877462,6,10.0,4.0
10,5,1,False,1,0.422990716444623,5,0.26823838574048564,7,0.10653127607788088,6,0.09266012938439962,2,0.07264911740143347,2,8.0,0.0
10,5,1,False,1,0.48597761307320125,4,0.24152833685921912,0,0.18503514704249988,2,0.08745890302507948,3,0.0,6,10.0,2.0
10,1,2,False,2,0.5522341269841271,1,0.24230555555555547,6,0.20546031746031737,0,0.0,3,0.0,2,9.0,6.0
10,0,1,False,1,0.37530539576597255,2,0.3150476573593915,4,0.15741429541204066,7,0.0855235043724914,8,0.06670914709010344,8,10.0,0.0
10,4,1,False,1,0.4418422220861345,6,0.12038072417594897,3,0.10474945787937003,2,0.08827897390892472,4,0.06850743998165924,5,9.0,4.0
10,5,5,True,5,0.6543667643254228,2,0.23687335880643182,7,0.057841234908259376,1,0.050918641959885734,3,0.0,1,8.0,6.0
10,4,1,False,1,0.33581779946060114,3,0.25593386945012325,0,0.1548117128829203,6,0.09763543783358022,5,0.0785837987262136,7,10.0,1.0
10,4,1,False,1,0.5949808539099241,2,0.11425971863266365,4,0.0887393959855956,6,0.05720201558516584,8,0.05453260605966911,3,9.0,2.0
10,1,2,False,2,0.7559054045369835,1,0.2430920891973523,0,0.0010025062656641604,3,0.0,4,0.0,2,6.0,0.0
10,7,1,False,1,0.3740392830877283,3,0.2019794206686468,7,0.13626397106297636,8,0.13143332836095784,5,0.06741794438709973,3,8.0,1.0
10,7,1,False,1,0.3740392830877283,3,0.2019794206686468,7,0.13626397106297636,8,0.13143332836095784,5,0.06741794438709973,3,8.0,1.0
10,7,9,False,9,0.5202023809523809,1,0.47379761904761897,7,0.006,2,0.0,3,0.0,3,20.0,4.0
10,7,1,False,1,0.5167532574924216,9,0.3895070151726498,6,0.09373972733492857,2,0.0,3,0.0,9,18.0,4.0
10,4,6,False,6,0.2562072118397497,2,0.25590343841694957,1,0.24176924299010033,7,0.1261283757198415,4,0.11999173103335835,5,10.0,5.0
10,7,4,False,4,0.35402857118326886,1,0.1968345604097204,6,0.10722113260453513,2,0.10158098516544431,8,0.0998965109307427,7,9.0,3.0
10,6,1,False,1,0.38529198020739586,2,0.17804233003006176,3,0.11344083803594295,6,0.11163646401262806,5,0.10446466720539453,4,11.0,4.0
10,6,1,False,1,0.39214213458832065,6,0.17205868073047761,4,0.1406723060867683,3,0.08901540966559086,2,0.08577387501877462,2,10.0,4.0
10,1,5,False,5,0.36889325700690667,1,0.32613838369093706,7,0.185167426245681,2,0.034658117937634514,8,0.034087265152059495,2,8.0,2.0
10,1,1,True,1,0.443762895855782,3,0.20842762630224926,7,0.13241512530233482,8,0.06747587543888961,6,0.056892234547170455,1,9.0,1.0
10,1,5,False,5,0.36889325700690667,1,0.32613838369093706,7,0.185167426245681,2,0.034658117937634514,8,0.034087265152059495,2,8.0,2.0
10,1,5,False,5,0.6543667643254228,2,0.23687335880643182,7,0.057841234908259376,1,0.050918641959885734,3,0.0,4,8.0,6.0
10,1,1,True,1,0.8961354697421258,0,0.04547060502911867,2,0.03148672364107237,6,0.01691544082493741,8,0.009991760762745449,1,15.0,0.0
10,9,1,False,1,0.7745006841122235,0,0.11642957250132645,6,0.08881701966172326,9,0.010917785503256748,8,0.00892272256230217,4,15.0,4.0
10,1,1,True,1,1.0,0,0.0,2,0.0,3,0.0,4,0.0,1,19.0,1.0
10,1,1,True,1,0.7745006841122235,0,0.11642957250132645,6,0.08881701966172326,9,0.010917785503256748,8,0.00892272256230217,1,15.0,4.0
10,1,1,True,1,0.6965609070047393,8,0.14588161854191894,6,0.09570216301202468,0,0.044041045167853655,2,0.01042230356349141,1,16.0,1.0
10,1,1,True,1,1.0,0,0.0,2,0.0,3,0.0,4,0.0,1,19.0,2.0
10,1,1,True,1,0.8043666774747353,8,0.09062295848405143,6,0.0408283825999023,0,0.030938461301079738,5,0.022481294996649824,1,15.0,1.0
10,1,1,True,1,0.8043666774747353,8,0.09062295848405143,6,0.0408283825999023,0,0.030938461301079738,5,0.022481294996649824,1,15.0,1.0
10,1,1,True,1,0.7195864953759687,2,0.27753901069690534,0,0.002874493927125506,3,0.0,4,0.0,1,11.0,3.0
10,1,1,True,1,0.7195864953759687,2,0.27753901069690534,0,0.002874493927125506,3,0.0,4,0.0,1,11.0,3.0
10,8,1,False,1,0.8118764496542975,8,0.12001534111061853,6,0.044361672682380594,0,0.01225819598522301,2,0.011488340567480142,2,16.0,2.0
10,1,1,True,1,0.5308124433065802,6,0.18085584841159946,8,0.12277022974867684,0,0.09653071409843386,9,0.06887451443470981,1,16.0,4.0
10,1,1,True,1,0.9480566374981225,0,0.05194336250187726,2,0.0,3,0.0,4,0.0,1,16.0,0.0
10,1,1,True,1,0.7745006841122235,0,0.11642957250132645,6,0.08881701966172326,9,0.010917785503256748,8,0.00892272256230217,1,15.0,4.0
10,2,1,False,1,0.39661164712480484,0,0.31074190283400793,2,0.19593952319610206,6,0.0967069268450847,3,0.0,3,11.0,0.0
10,1,1,True,1,0.8043666774747353,8,0.09062295848405143,6,0.0408283825999023,0,0.030938461301079738,5,0.022481294996649824,1,15.0,1.0
10,1,1,True,1,0.8259975516138393,8,0.07360746401427667,0,0.06362413269892776,6,0.032068623451200706,2,0.0047022282217557484,1,15.0,3.0
10,1,1,True,1,0.8509019200792746,8,0.07073894722853613,0,0.03850888126030699,2,0.023831941456393793,6,0.01601830997548819,1,15.0,2.0
10,8,1,False,1,0.8259975516138393,8,0.07360746401427667,0,0.06362413269892776,6,0.032068623451200706,2,0.0047022282217557484,2,15.0,3.0
10,1,1,True,1,0.8509019200792746,8,0.07073894722853613,0,0.03850888126030699,2,0.023831941456393793,6,0.01601830997548819,1,15.0,2.0
10,1,1,True,1,0.6965609070047393,8,0.14588161854191894,6,0.09570216301202468,0,0.044041045167853655,2,0.01042230356349141,1,16.0,1.0
10,1,1,True,1,0.5523649487046268,3,0.14523011005884084,7,0.11315689610584315,2,0.09795685206729302,8,0.05891151615391844,1,7.0,4.0
10,6,5,False,5,0.36889325700690667,1,0.32613838369093706,7,0.185167426245681,2,0.034658117937634514,8,0.034087265152059495,7,8.0,2.0
10,1,1,True,1,0.3740392830877283,3,0.2019794206686468,7,0.13626397106297636,8,0.13143332836095784,5,0.06741794438709973,1,8.0,1.0
10,1,2,False,2,0.418309218339666,6,0.24097678914225706,1,0.16877076545448816,4,0.0908357528998219,8,0.08110747416376653,3,8.0,5.0
10,1,8,False,8,0.2524905666595591,1,0.2430189061614452,6,0.2188707795382274,4,0.16498410161546392,0,0.07303904437919582,2,8.0,3.0
10,1,2,False,2,0.7183994724069278,1,0.20666237870039667,7,0.07352375683312212,0,0.0014143920595533499,3,0.0,2,6.0,4.0
10,1,1,True,1,0.8113635833193055,0,0.0475,2,0.046539617499778405,9,0.03535714285714286,7,0.026161124986693367,1,5.0,4.0
10,1,9,False,9,0.4069475335036482,1,0.2577763297504009,0,0.1731818217901809,6,0.16209431495577,3,0.0,2,17.0,4.0
10,1,1,True,1,0.8509019200792746,8,0.07073894722853613,0,0.03850888126030699,2,0.023831941456393793,6,0.01601830997548819,1,15.0,2.0
10,1,1,True,1,0.8509019200792746,8,0.07073894722853613,0,0.03850888126030699,2,0.023831941456393793,6,0.01601830997548819,1,15.0,2.0
10,1,1,True,1,0.8259975516138393,8,0.07360746401427667,0,0.06362413269892776,6,0.032068623451200706,2,0.0047022282217557484,1,15.0,3.0
10,1,1,True,1,1.0,0,0.0,2,0.0,3,0.0,4,0.0,1,19.0,2.0
10,1,1,True,1,1.0,0,0.0,2,0.0,3,0.0,4,0.0,1,19.0,1.0
10,1,1,True,1,0.2776321469670555,6,0.2544029498616798,2,0.22509277063811478,7,0.12229015936968796,4,0.09042560867207905,1,9.0,5.0
10,1,1,True,1,0.8259975516138393,8,0.07360746401427667,0,0.06362413269892776,6,0.032068623451200706,2,0.0047022282217557484,1,15.0,3.0
10,1,1,True,1,0.7745006841122235,0,0.11642957250132645,6,0.08881701966172326,9,0.010917785503256748,8,0.00892272256230217,1,15.0,4.0
10,1,1,True,1,0.6986101755929937,9,0.17866666666666667,6,0.0569370416412783,0,0.030060575012631787,8,0.023781212486856048,1,21.0,3.0
10,1,1,True,1,0.8776265199985553,6,0.05133511635598922,9,0.04533333333333333,0,0.019551184158276187,2,0.0038461538461538464,1,20.0,3.0
10,1,1,True,1,0.7724327530295273,6,0.14661589008363202,9,0.04235714285714286,7,0.03554761904761904,0,0.003046594982078853,1,19.0,3.0
10,1,1,True,1,0.5489803720771462,6,0.44025874722648917,9,0.006857142857142857,0,0.00390373783922171,3,0.0,1,18.0,3.0
10,1,1,True,1,0.8509019200792746,8,0.07073894722853613,0,0.03850888126030699,2,0.023831941456393793,6,0.01601830997548819,1,15.0,2.0
10,2,2,True,2,0.4060427026918578,1,0.2954965092063825,5,0.12612767679591605,6,0.11248365529230037,7,0.05908022524431191,1,13.0,5.0
10,1,1,True,1,0.8043666774747353,8,0.09062295848405143,6,0.0408283825999023,0,0.030938461301079738,5,0.022481294996649824,1,15.0,1.0
10,1,1,True,1,0.8509019200792746,8,0.07073894722853613,0,0.03850888126030699,2,0.023831941456393793,6,0.01601830997548819,1,15.0,2.0
10,1,1,True,1,0.8509019200792746,8,0.07073894722853613,0,0.03850888126030699,2,0.023831941456393793,6,0.01601830997548819,1,15.0,2.0
10,6,1,False,1,0.6893159415833564,2,0.06811945476301713,0,0.06472018292650944,9,0.0625935004265264,3,0.05790682631594933,6,12.0,4.0
10,2,1,False,1,0.39661164712480484,0,0.31074190283400793,2,0.19593952319610206,6,0.0967069268450847,3,0.0,3,11.0,0.0
10,1,0,False,0,0.34829944426283094,1,0.3413135556282009,5,0.30276190476190473,9,0.0076250953470633105,3,0.0,2,13.0,3.0
10,1,1,True,1,0.8259975516138393,8,0.07360746401427667,0,0.06362413269892776,6,0.032068623451200706,2,0.0047022282217557484,1,15.0,3.0
10,1,1,True,1,0.8509019200792746,8,0.07073894722853613,0,0.03850888126030699,2,0.023831941456393793,6,0.01601830997548819,1,15.0,2.0
10,2,2,True,2,0.29961611838012564,4,0.27966141256510857,6,0.17944058875048297,7,0.1444546349851904,1,0.09682724531909193,1,11.0,5.0
10,2,1,False,1,0.5953611029892382,2,0.18753847759340134,0,0.1801716306551784,6,0.018847516731566975,8,0.006277206256769937,2,,
10,1,1,True,1,0.8961354697421258,0,0.04547060502911867,2,0.03148672364107237,6,0.01691544082493741,8,0.009991760762745449,1,15.0,0.0
10,1,1,True,1,0.8259975516138393,8,0.07360746401427667,0,0.06362413269892776,6,0.032068623451200706,2,0.0047022282217557484,1,15.0,3.0
10,1,1,True,1,0.8043666774747353,8,0.09062295848405143,6,0.0408283825999023,0,0.030938461301079738,5,0.022481294996649824,1,15.0,1.0
10,1,1,True,1,0.8043666774747353,8,0.09062295848405143,6,0.0408283825999023,0,0.030938461301079738,5,0.022481294996649824,1,15.0,1.0
10,1,1,True,1,0.9480566374981225,0,0.05194336250187726,2,0.0,3,0.0,4,0.0,1,16.0,0.0
10,1,1,True,1,0.8961354697421258,0,0.04547060502911867,2,0.03148672364107237,6,0.01691544082493741,8,0.009991760762745449,1,15.0,0.0
10,1,1,True,1,0.8118764496542975,8,0.12001534111061853,6,0.044361672682380594,0,0.01225819598522301,2,0.011488340567480142,1,16.0,2.0
10,1,1,True,1,0.5523649487046268,3,0.14523011005884084,7,0.11315689610584315,2,0.09795685206729302,8,0.05891151615391844,1,7.0,4.0
10,1,1,True,1,0.6960469979525269,2,0.3021148583010101,0,0.0018381437464629314,3,0.0,4,0.0,1,7.0,2.0
10,6,1,False,1,0.5371736223716551,7,0.15301062552774794,6,0.08547872983174969,3,0.07892404832399429,8,0.0465475417269877,3,8.0,4.0
10,1,1,True,1,0.5371736223716551,7,0.15301062552774794,6,0.08547872983174969,3,0.07892404832399429,8,0.0465475417269877,1,8.0,4.0
10,1,5,False,5,0.36889325700690667,1,0.32613838369093706,7,0.185167426245681,2,0.034658117937634514,8,0.034087265152059495,2,8.0,2.0
10,2,4,False,4,0.35402857118326886,1,0.1968345604097204,6,0.10722113260453513,2,0.10158098516544431,8,0.0998965109307427,4,9.0,3.0
10,1,1,True,1,0.443762895855782,3,0.20842762630224926,7,0.13241512530233482,8,0.06747587543888961,6,0.056892234547170455,1,9.0,1.0
10,2,1,False,1,0.2776321469670555,6,0.2544029498616798,2,0.22509277063811478,7,0.12229015936968796,4,0.09042560867207905,3,9.0,5.0
10,1,4,False,4,0.35402857118326886,1,0.1968345604097204,6,0.10722113260453513,2,0.10158098516544431,8,0.0998965109307427,2,9.0,3.0
10,1,8,False,8,0.2524905666595591,1,0.2430189061614452,6,0.2188707795382274,4,0.16498410161546392,0,0.07303904437919582,2,8.0,3.0
10,1,5,False,5,0.36889325700690667,1,0.32613838369093706,7,0.185167426245681,2,0.034658117937634514,8,0.034087265152059495,2,8.0,2.0
10,1,1,True,1,0.4418422220861345,6,0.12038072417594897,3,0.10474945787937003,2,0.08827897390892472,4,0.06850743998165924,1,9.0,4.0
10,1,1,True,1,0.5371736223716551,7,0.15301062552774794,6,0.08547872983174969,3,0.07892404832399429,8,0.0465475417269877,1,8.0,4.0
10,1,1,True,1,0.422990716444623,5,0.26823838574048564,7,0.10653127607788088,6,0.09266012938439962,2,0.07264911740143347,1,8.0,0.0
10,1,1,True,1,0.7745006841122235,0,0.11642957250132645,6,0.08881701966172326,9,0.010917785503256748,8,0.00892272256230217,1,15.0,4.0
10,1,1,True,1,0.6822448118795507,0,0.17406097901000078,6,0.14369420911044842,2,0.0,3,0.0,1,16.0,3.0
10,1,1,True,1,0.5308124433065802,6,0.18085584841159946,8,0.12277022974867684,0,0.09653071409843386,9,0.06887451443470981,1,16.0,4.0
10,1,1,True,1,0.8259975516138393,8,0.07360746401427667,0,0.06362413269892776,6,0.032068623451200706,2,0.0047022282217557484,1,15.0,3.0
10,2,1,False,1,0.7745006841122235,0,0.11642957250132645,6,0.08881701966172326,9,0.010917785503256748,8,0.00892272256230217,6,15.0,4.0
10,0,1,False,1,0.8961354697421258,0,0.04547060502911867,2,0.03148672364107237,6,0.01691544082493741,8,0.009991760762745449,2,15.0,0.0
10,1,1,True,1,0.8259975516138393,8,0.07360746401427667,0,0.06362413269892776,6,0.032068623451200706,2,0.0047022282217557484,1,15.0,3.0
10,1,1,True,1,0.6152857836607835,6,0.3847142163392163,2,0.0,0,0.0,3,0.0,1,17.0,2.0
10,1,1,True,1,0.5308124433065802,6,0.18085584841159946,8,0.12277022974867684,0,0.09653071409843386,9,0.06887451443470981,1,16.0,4.0
10,1,1,True,1,0.7745006841122235,0,0.11642957250132645,6,0.08881701966172326,9,0.010917785503256748,8,0.00892272256230217,1,15.0,4.0
10,1,1,True,1,1.0,0,0.0,2,0.0,3,0.0,4,0.0,1,19.0,1.0
10,1,1,True,1,0.5949808539099241,2,0.11425971863266365,4,0.0887393959855956,6,0.05720201558516584,8,0.05453260605966911,1,9.0,2.0
10,1,1,True,1,0.8509019200792746,8,0.07073894722853613,0,0.03850888126030699,2,0.023831941456393793,6,0.01601830997548819,1,15.0,2.0
10,1,1,True,1,0.7745006841122235,0,0.11642957250132645,6,0.08881701966172326,9,0.010917785503256748,8,0.00892272256230217,1,15.0,4.0
10,6,1,False,1,0.5232373030440669,6,0.16779293470068538,2,0.1377890725435331,4,0.09836090842391876,8,0.0728197812877954,2,9.0,0.0
10,0,1,False,1,0.8259975516138393,8,0.07360746401427667,0,0.06362413269892776,6,0.032068623451200706,2,0.0047022282217557484,3,15.0,3.0
10,0,1,False,1,0.6822448118795507,0,0.17406097901000078,6,0.14369420911044842,2,0.0,3,0.0,2,16.0,3.0
10,1,1,True,1,0.7745006841122235,0,0.11642957250132645,6,0.08881701966172326,9,0.010917785503256748,8,0.00892272256230217,1,15.0,4.0
10,1,1,True,1,0.8509019200792746,8,0.07073894722853613,0,0.03850888126030699,2,0.023831941456393793,6,0.01601830997548819,1,15.0,2.0
10,1,1,True,1,0.8961354697421258,0,0.04547060502911867,2,0.03148672364107237,6,0.01691544082493741,8,0.009991760762745449,1,15.0,0.0
10,1,1,True,1,0.8509019200792746,8,0.07073894722853613,0,0.03850888126030699,2,0.023831941456393793,6,0.01601830997548819,1,15.0,2.0
10,1,1,True,1,0.8043666774747353,8,0.09062295848405143,6,0.0408283825999023,0,0.030938461301079738,5,0.022481294996649824,1,15.0,1.0
10,1,1,True,1,0.8043666774747353,8,0.09062295848405143,6,0.0408283825999023,0,0.030938461301079738,5,0.022481294996649824,1,15.0,1.0
10,1,1,True,1,0.7745006841122235,0,0.11642957250132645,6,0.08881701966172326,9,0.010917785503256748,8,0.00892272256230217,1,15.0,4.0
10,6,1,False,1,0.7745006841122235,0,0.11642957250132645,6,0.08881701966172326,9,0.010917785503256748,8,0.00892272256230217,3,15.0,4.0
10,6,1,False,1,0.6822448118795507,0,0.17406097901000078,6,0.14369420911044842,2,0.0,3,0.0,3,16.0,3.0
10,6,1,False,1,0.7745006841122235,0,0.11642957250132645,6,0.08881701966172326,9,0.010917785503256748,8,0.00892272256230217,3,15.0,4.0
10,1,1,True,1,0.8961354697421258,0,0.04547060502911867,2,0.03148672364107237,6,0.01691544082493741,8,0.009991760762745449,1,15.0,0.0
10,1,1,True,1,0.7745006841122235,0,0.11642957250132645,6,0.08881701966172326,9,0.010917785503256748,8,0.00892272256230217,1,15.0,4.0
10,6,1,False,1,0.8509019200792746,8,0.07073894722853613,0,0.03850888126030699,2,0.023831941456393793,6,0.01601830997548819,5,15.0,2.0
10,2,2,True,2,0.8984285714285715,1,0.06571428571428571,0,0.013000000000000001,5,0.012,6,0.005857142857142858,1,14.0,6.0
10,1,1,True,1,0.422990716444623,5,0.26823838574048564,7,0.10653127607788088,6,0.09266012938439962,2,0.07264911740143347,1,8.0,0.0
10,6,8,False,8,0.2524905666595591,1,0.2430189061614452,6,0.2188707795382274,4,0.16498410161546392,0,0.07303904437919582,3,8.0,3.0
10,1,1,True,1,0.36870113848945996,2,0.33966800292931787,8,0.19528336328014084,6,0.04931562559526809,4,0.04703186970581272,1,7.0,3.0
10,1,1,True,1,0.5371736223716551,7,0.15301062552774794,6,0.08547872983174969,3,0.07892404832399429,8,0.0465475417269877,1,8.0,4.0
10,1,4,False,4,0.35402857118326886,1,0.1968345604097204,6,0.10722113260453513,2,0.10158098516544431,8,0.0998965109307427,2,9.0,3.0
10,2,1,False,1,0.4198407499363379,6,0.2064794755897696,5,0.1902464210625975,2,0.18293335341129452,0,0.0005,4,14.0,5.0
10,1,1,True,1,0.5949808539099241,2,0.11425971863266365,4,0.0887393959855956,6,0.05720201558516584,8,0.05453260605966911,1,9.0,2.0
10,1,1,True,1,0.3740392830877283,3,0.2019794206686468,7,0.13626397106297636,8,0.13143332836095784,5,0.06741794438709973,1,8.0,1.0
10,2,1,False,1,0.6960469979525269,2,0.3021148583010101,0,0.0018381437464629314,3,0.0,4,0.0,2,7.0,2.0
10,2,1,False,1,0.5949808539099241,2,0.11425971863266365,4,0.0887393959855956,6,0.05720201558516584,8,0.05453260605966911,2,9.0,2.0
10,2,2,True,2,0.8524996430298286,8,0.1475003569701711,1,0.0,0,0.0,4,0.0,1,6.0,3.0
10,2,7,False,7,0.30427181950415966,3,0.24779851339340506,2,0.1933658950217644,1,0.13129799826251784,5,0.12326577381815286,3,6.0,1.0
10,1,1,True,1,0.6965609070047393,8,0.14588161854191894,6,0.09570216301202468,0,0.044041045167853655,2,0.01042230356349141,1,16.0,1.0
10,1,1,True,1,0.8259975516138393,8,0.07360746401427667,0,0.06362413269892776,6,0.032068623451200706,2,0.0047022282217557484,1,15.0,3.0
10,1,1,True,1,0.8259975516138393,8,0.07360746401427667,0,0.06362413269892776,6,0.032068623451200706,2,0.0047022282217557484,1,15.0,3.0
10,1,1,True,1,0.9480566374981225,0,0.05194336250187726,2,0.0,3,0.0,4,0.0,1,16.0,0.0
10,1,1,True,1,0.8118764496542975,8,0.12001534111061853,6,0.044361672682380594,0,0.01225819598522301,2,0.011488340567480142,1,16.0,2.0
10,1,1,True,1,0.8259975516138393,8,0.07360746401427667,0,0.06362413269892776,6,0.032068623451200706,2,0.0047022282217557484,1,15.0,3.0
10,9,1,False,1,0.38529198020739586,2,0.17804233003006176,3,0.11344083803594295,6,0.11163646401262806,5,0.10446466720539453,6,11.0,4.0
10,1,1,True,1,0.8259975516138393,8,0.07360746401427667,0,0.06362413269892776,6,0.032068623451200706,2,0.0047022282217557484,1,15.0,3.0
10,1,1,True,1,0.6965609070047393,8,0.14588161854191894,6,0.09570216301202468,0,0.044041045167853655,2,0.01042230356349141,1,16.0,1.0
10,2,2,True,2,0.617316738816739,6,0.19756421356421353,1,0.18511904761904754,0,0.0,3,0.0,1,14.0,1.0
10,1,1,True,1,0.9480566374981225,0,0.05194336250187726,2,0.0,3,0.0,4,0.0,1,16.0,0.0
10,1,1,True,1,0.9480566374981225,0,0.05194336250187726,2,0.0,3,0.0,4,0.0,1,16.0,0.0
10,1,2,False,2,0.6303811762949693,5,0.1929613499527293,1,0.17207619296412394,4,0.002463054187192118,0,0.0014285714285714286,3,12.0,6.0
10,1,1,True,1,0.7815152984759959,9,0.1436205441878681,0,0.07486415733613538,2,0.0,4,0.0,1,13.0,4.0
10,1,1,True,1,0.7815152984759959,9,0.1436205441878681,0,0.07486415733613538,2,0.0,4,0.0,1,13.0,4.0
10,0,1,False,1,0.8887782220789181,0,0.11122177792108127,2,0.0,3,0.0,4,0.0,2,12.0,1.0
10,1,1,True,1,0.8118764496542975,8,0.12001534111061853,6,0.044361672682380594,0,0.01225819598522301,2,0.011488340567480142,1,16.0,2.0
10,1,1,True,1,0.8509019200792746,8,0.07073894722853613,0,0.03850888126030699,2,0.023831941456393793,6,0.01601830997548819,1,15.0,2.0
10,1,1,True,1,0.6965609070047393,8,0.14588161854191894,6,0.09570216301202468,0,0.044041045167853655,2,0.01042230356349141,1,16.0,1.0
10,2,2,True,2,0.3910691383937018,1,0.351502769321768,4,0.09011970968881566,6,0.07651663555835216,7,0.04546984709867738,1,12.0,5.0
10,1,1,True,1,0.8259975516138393,8,0.07360746401427667,0,0.06362413269892776,6,0.032068623451200706,2,0.0047022282217557484,1,15.0,3.0
10,1,1,True,1,0.6965609070047393,8,0.14588161854191894,6,0.09570216301202468,0,0.044041045167853655,2,0.01042230356349141,1,16.0,1.0
10,0,1,False,1,0.5308124433065802,6,0.18085584841159946,8,0.12277022974867684,0,0.09653071409843386,9,0.06887451443470981,4,16.0,4.0
10,1,1,True,1,0.6965609070047393,8,0.14588161854191894,6,0.09570216301202468,0,0.044041045167853655,2,0.01042230356349141,1,16.0,1.0
10,0,1,False,1,0.7745006841122235,0,0.11642957250132645,6,0.08881701966172326,9,0.010917785503256748,8,0.00892272256230217,2,15.0,4.0
10,8,1,False,1,0.8118764496542975,8,0.12001534111061853,6,0.044361672682380594,0,0.01225819598522301,2,0.011488340567480142,2,16.0,2.0
10,1,1,True,1,0.8259975516138393,8,0.07360746401427667,0,0.06362413269892776,6,0.032068623451200706,2,0.0047022282217557484,1,15.0,3.0
10,1,1,True,1,0.8259975516138393,8,0.07360746401427667,0,0.06362413269892776,6,0.032068623451200706,2,0.0047022282217557484,1,15.0,3.0
10,1,1,True,1,0.8259975516138393,8,0.07360746401427667,0,0.06362413269892776,6,0.032068623451200706,2,0.0047022282217557484,1,15.0,3.0
10,1,1,True,1,0.8043666774747353,8,0.09062295848405143,6,0.0408283825999023,0,0.030938461301079738,5,0.022481294996649824,1,15.0,1.0
10,8,1,False,1,0.8043666774747353,8,0.09062295848405143,6,0.0408283825999023,0,0.030938461301079738,5,0.022481294996649824,2,15.0,1.0
10,1,1,True,1,0.8043666774747353,8,0.09062295848405143,6,0.0408283825999023,0,0.030938461301079738,5,0.022481294996649824,1,15.0,1.0
10,1,1,True,1,0.8259975516138393,8,0.07360746401427667,0,0.06362413269892776,6,0.032068623451200706,2,0.0047022282217557484,1,15.0,3.0
10,8,1,False,1,0.8118764496542975,8,0.12001534111061853,6,0.044361672682380594,0,0.01225819598522301,2,0.011488340567480142,2,16.0,2.0
10,1,1,True,1,0.8043666774747353,8,0.09062295848405143,6,0.0408283825999023,0,0.030938461301079738,5,0.022481294996649824,1,15.0,1.0
10,1,1,True,1,0.6965609070047393,8,0.14588161854191894,6,0.09570216301202468,0,0.044041045167853655,2,0.01042230356349141,1,16.0,1.0
10,1,1,True,1,0.6965609070047393,8,0.14588161854191894,6,0.09570216301202468,0,0.044041045167853655,2,0.01042230356349141,1,16.0,1.0
10,1,1,True,1,0.6965609070047393,8,0.14588161854191894,6,0.09570216301202468,0,0.044041045167853655,2,0.01042230356349141,1,16.0,1.0
10,1,1,True,1,0.6965609070047393,8,0.14588161854191894,6,0.09570216301202468,0,0.044041045167853655,2,0.01042230356349141,1,16.0,1.0
10,1,1,True,1,0.8043666774747353,8,0.09062295848405143,6,0.0408283825999023,0,0.030938461301079738,5,0.022481294996649824,1,15.0,1.0
10,0,1,False,1,0.8043666774747353,8,0.09062295848405143,6,0.0408283825999023,0,0.030938461301079738,5,0.022481294996649824,4,15.0,1.0
10,2,1,False,1,0.8961354697421258,0,0.04547060502911867,2,0.03148672364107237,6,0.01691544082493741,8,0.009991760762745449,3,15.0,0.0
10,6,1,False,1,0.6822448118795507,0,0.17406097901000078,6,0.14369420911044842,2,0.0,3,0.0,3,16.0,3.0
10,1,1,True,1,0.8259975516138393,8,0.07360746401427667,0,0.06362413269892776,6,0.032068623451200706,2,0.0047022282217557484,1,15.0,3.0
10,1,1,True,1,0.8259975516138393,8,0.07360746401427667,0,0.06362413269892776,6,0.032068623451200706,2,0.0047022282217557484,1,15.0,3.0
10,1,1,True,1,0.8961354697421258,0,0.04547060502911867,2,0.03148672364107237,6,0.01691544082493741,8,0.009991760762745449,1,15.0,0.0
10,1,1,True,1,0.8509019200792746,8,0.07073894722853613,0,0.03850888126030699,2,0.023831941456393793,6,0.01601830997548819,1,15.0,2.0
10,1,1,True,1,0.8043666774747353,8,0.09062295848405143,6,0.0408283825999023,0,0.030938461301079738,5,0.022481294996649824,1,15.0,1.0
10,1,1,True,1,0.9480566374981225,0,0.05194336250187726,2,0.0,3,0.0,4,0.0,1,16.0,0.0
10,8,1,False,1,0.6965609070047393,8,0.14588161854191894,6,0.09570216301202468,0,0.044041045167853655,2,0.01042230356349141,2,16.0,1.0
10,1,1,True,1,0.8961354697421258,0,0.04547060502911867,2,0.03148672364107237,6,0.01691544082493741,8,0.009991760762745449,1,15.0,0.0
10,1,1,True,1,0.8509019200792746,8,0.07073894722853613,0,0.03850888126030699,2,0.023831941456393793,6,0.01601830997548819,1,15.0,2.0
10,6,1,False,1,0.6965609070047393,8,0.14588161854191894,6,0.09570216301202468,0,0.044041045167853655,2,0.01042230356349141,3,16.0,1.0
10,6,1,False,1,0.6965609070047393,8,0.14588161854191894,6,0.09570216301202468,0,0.044041045167853655,2,0.01042230356349141,3,16.0,1.0
10,1,1,True,1,0.8259975516138393,8,0.07360746401427667,0,0.06362413269892776,6,0.032068623451200706,2,0.0047022282217557484,1,15.0,3.0
10,1,1,True,1,0.8961354697421258,0,0.04547060502911867,2,0.03148672364107237,6,0.01691544082493741,8,0.009991760762745449,1,15.0,0.0
10,1,2,False,2,0.418309218339666,6,0.24097678914225706,1,0.16877076545448816,4,0.0908357528998219,8,0.08110747416376653,3,8.0,5.0
10,1,1,True,1,0.6822448118795507,0,0.17406097901000078,6,0.14369420911044842,2,0.0,3,0.0,1,16.0,3.0
10,1,1,True,1,0.8961354697421258,0,0.04547060502911867,2,0.03148672364107237,6,0.01691544082493741,8,0.009991760762745449,1,15.0,0.0
10,1,1,True,1,0.7745006841122235,0,0.11642957250132645,6,0.08881701966172326,9,0.010917785503256748,8,0.00892272256230217,1,15.0,4.0
10,8,1,False,1,0.6965609070047393,8,0.14588161854191894,6,0.09570216301202468,0,0.044041045167853655,2,0.01042230356349141,2,16.0,1.0
10,8,1,False,1,0.6965609070047393,8,0.14588161854191894,6,0.09570216301202468,0,0.044041045167853655,2,0.01042230356349141,2,16.0,1.0
10,1,1,True,1,0.8043666774747353,8,0.09062295848405143,6,0.0408283825999023,0,0.030938461301079738,5,0.022481294996649824,1,15.0,1.0
10,1,1,True,1,0.4418422220861345,6,0.12038072417594897,3,0.10474945787937003,2,0.08827897390892472,4,0.06850743998165924,1,9.0,4.0
10,0,1,False,1,0.5371736223716551,7,0.15301062552774794,6,0.08547872983174969,3,0.07892404832399429,8,0.0465475417269877,6,8.0,4.0
10,1,1,True,1,0.6844161794088264,0,0.20422146899704438,2,0.11136235159412906,3,0.0,4,0.0,1,12.0,0.0
10,1,4,False,4,0.35402857118326886,1,0.1968345604097204,6,0.10722113260453513,2,0.10158098516544431,8,0.0998965109307427,2,9.0,3.0
10,1,5,False,5,0.36889325700690667,1,0.32613838369093706,7,0.185167426245681,2,0.034658117937634514,8,0.034087265152059495,2,8.0,2.0
10,6,1,False,1,0.422990716444623,5,0.26823838574048564,7,0.10653127607788088,6,0.09266012938439962,2,0.07264911740143347,4,8.0,0.0
10,6,6,True,6,0.2562072118397497,2,0.25590343841694957,1,0.24176924299010033,7,0.1261283757198415,4,0.11999173103335835,1,10.0,5.0
10,2,7,False,7,0.30427181950415966,3,0.24779851339340506,2,0.1933658950217644,1,0.13129799826251784,5,0.12326577381815286,3,6.0,1.0
10,1,1,True,1,0.5864533617713724,2,0.35328974205114977,8,0.05840658432716582,0,0.0018503118503118503,4,0.0,1,7.0,0.0
10,1,1,True,1,0.4418422220861345,6,0.12038072417594897,3,0.10474945787937003,2,0.08827897390892472,4,0.06850743998165924,1,9.0,4.0
10,1,1,True,1,0.5371736223716551,7,0.15301062552774794,6,0.08547872983174969,3,0.07892404832399429,8,0.0465475417269877,1,8.0,4.0
10,8,1,False,1,0.3740392830877283,3,0.2019794206686468,7,0.13626397106297636,8,0.13143332836095784,5,0.06741794438709973,4,8.0,1.0
10,2,7,False,7,0.30427181950415966,3,0.24779851339340506,2,0.1933658950217644,1,0.13129799826251784,5,0.12326577381815286,3,6.0,1.0
10,8,8,True,8,0.2524905666595591,1,0.2430189061614452,6,0.2188707795382274,4,0.16498410161546392,0,0.07303904437919582,1,8.0,3.0
10,2,1,False,1,0.27325864455012056,3,0.2565504006905914,7,0.16132922053485607,2,0.14565643697287356,8,0.10074261897044073,4,7.0,1.0
10,8,2,False,2,0.418309218339666,6,0.24097678914225706,1,0.16877076545448816,4,0.0908357528998219,8,0.08110747416376653,5,8.0,5.0
10,8,2,False,2,0.4222942880992415,1,0.3448079204077654,8,0.22994541054061168,0,0.0029523809523809524,4,0.0,3,7.0,5.0
10,1,1,True,1,0.5523649487046268,3,0.14523011005884084,7,0.11315689610584315,2,0.09795685206729302,8,0.05891151615391844,1,7.0,4.0
10,8,1,False,1,0.443762895855782,3,0.20842762630224926,7,0.13241512530233482,8,0.06747587543888961,6,0.056892234547170455,4,9.0,1.0
10,1,1,True,1,0.422990716444623,5,0.26823838574048564,7,0.10653127607788088,6,0.09266012938439962,2,0.07264911740143347,1,8.0,0.0
10,8,8,True,8,0.2524905666595591,1,0.2430189061614452,6,0.2188707795382274,4,0.16498410161546392,0,0.07303904437919582,1,8.0,3.0
10,8,4,False,4,0.35402857118326886,1,0.1968345604097204,6,0.10722113260453513,2,0.10158098516544431,8,0.0998965109307427,5,9.0,3.0
10,1,1,True,1,0.7933223247856369,9,0.07872472740537755,2,0.06376777865237615,8,0.06311374058518018,0,0.0010714285714285713,1,14.0,4.0
