fold,true_cluster,predicted_cluster,correct,top1_cluster,top1_confidence,top2_cluster,top2_confidence,top3_cluster,top3_confidence,top4_cluster,top4_confidence,top5_cluster,top5_confidence,true_rank,hour,day_of_week
1,0,0,True,0,0.4726046568811107,7,0.2022640343349186,9,0.1104507973484316,4,0.05551028354594109,5,0.05417064493216058,1,15.0,0.0
1,0,0,True,0,0.9603675213675215,1,0.023253205128205126,5,0.011849358974358975,4,0.002307692307692308,3,0.0011111111111111111,1,18.0,6.0
1,1,1,True,1,0.7346514041514041,6,0.2388400488400488,2,0.01394017094017094,4,0.00895726495726496,8,0.0025,1,9.0,0.0
1,0,0,True,0,0.49598178157598666,1,0.1837514860725689,5,0.17253607849925653,2,0.09675738942909484,4,0.04763993108975946,1,18.0,3.0
1,0,0,True,0,0.7435476190476191,6,0.2290714285714285,5,0.0175,1,0.009166666666666667,8,0.0007142857142857143,1,20.0,5.0
1,2,8,False,8,0.5295678847296494,0,0.2844988059326294,2,0.08693260824143173,6,0.08291736776295595,1,0.01125,3,12.0,1.0
1,0,0,True,0,0.6771181560527535,5,0.21546290590214734,9,0.09194885257501356,1,0.012051282051282051,4,0.002307692307692308,1,18.0,0.0
1,0,0,True,0,0.40213440045860877,7,0.20029853527820382,9,0.17689027226793538,4,0.06486489238058807,1,0.05281525193596531,1,15.0,3.0
1,0,0,True,0,0.6965810580823079,5,0.13738488274739008,3,0.1216577927187048,9,0.03893847843316413,1,0.005437788018433179,1,17.0,2.0
1,0,0,True,0,0.5389991005416401,1,0.2473265648006016,5,0.09352938083528255,3,0.06714591965488827,2,0.029999034167587375,1,17.0,1.0
1,0,0,True,0,0.7866968864468861,6,0.17605952380952375,1,0.023253205128205126,5,0.011682692307692309,4,0.002307692307692308,1,18.0,5.0
1,0,0,True,0,0.30083286126402314,2,0.1669408888639884,5,0.13741936782738298,9,0.1361020812568534,1,0.12980714288945938,1,16.0,1.0
1,0,2,False,2,0.28011945591872045,0,0.2744609813611941,7,0.17791543776761515,6,0.07739303088551554,9,0.07632821463683301,2,15.0,2.0
1,0,5,False,5,0.6033601259851261,0,0.3713260212010212,6,0.011666666666666667,8,0.005,4,0.002857142857142857,2,14.0,6.0
1,0,0,True,0,0.6607121212121211,6,0.32171212121212117,1,0.010075757575757576,5,0.0075,3,0.0,1,19.0,5.0
1,0,0,True,0,0.4726046568811107,7,0.2022640343349186,9,0.1104507973484316,4,0.05551028354594109,5,0.05417064493216058,1,15.0,0.0
1,1,0,False,0,0.5389991005416401,1,0.2473265648006016,5,0.09352938083528255,3,0.06714591965488827,2,0.029999034167587375,2,17.0,1.0
1,0,0,True,0,0.5012125824671884,1,0.11963625880045364,2,0.10695384612160456,9,0.08681236769502243,3,0.08658094165666753,1,16.0,3.0
1,0,5,False,5,0.4567097902097902,0,0.44910200910200904,2,0.0866882006882007,1,0.0075,3,0.0,2,18.0,2.0
1,3,0,False,0,0.5389991005416401,1,0.2473265648006016,5,0.09352938083528255,3,0.06714591965488827,2,0.029999034167587375,4,17.0,1.0
1,0,0,True,0,0.4643034183601556,1,0.24470055551553732,5,0.21161883963018022,2,0.07529171640865677,4,0.004085470085470086,1,18.0,4.0
1,0,0,True,0,0.6021803555339122,5,0.23037813203811544,6,0.0757128645151348,9,0.04502678525649772,2,0.04244654350740339,1,17.0,0.0
1,0,0,True,0,0.9603675213675215,1,0.023253205128205126,5,0.011849358974358975,4,0.002307692307692308,3,0.0011111111111111111,1,18.0,6.0
1,0,0,True,0,0.49052579006648417,2,0.16318570970025267,1,0.12843716659670557,9,0.08164587009978247,4,0.05315761375405991,1,17.0,3.0
1,0,0,True,0,0.3431602286602286,5,0.25910592185592174,1,0.24962984237984223,6,0.1386595626595626,7,0.005,1,14.0,3.0
1,0,0,True,0,0.43508099210730783,2,0.28855627293243374,5,0.1145306292005208,6,0.09342361504164907,1,0.05896404627364378,1,14.0,2.0
1,0,2,False,2,0.587424454630337,0,0.20974615906968844,8,0.16768559545030132,6,0.025143790849673203,1,0.01,2,12.0,2.0
1,1,0,False,0,0.4796028481956174,1,0.15989930151522033,7,0.11021321994674942,2,0.07729023646051092,5,0.07490624142317763,2,15.0,1.0
1,2,2,True,2,0.5422308802308801,8,0.24017965367965355,1,0.2159227994227994,4,0.0016666666666666666,3,0.0,1,9.0,1.0
1,1,1,True,1,0.6360238095238097,8,0.2910952380952381,0,0.03816666666666666,6,0.012857142857142855,2,0.009000000000000001,1,9.0,5.0
1,1,0,False,0,0.5012125824671884,1,0.11963625880045364,2,0.10695384612160456,9,0.08681236769502243,3,0.08658094165666753,2,16.0,3.0
1,1,0,False,0,0.4643034183601556,1,0.24470055551553732,5,0.21161883963018022,2,0.07529171640865677,4,0.004085470085470086,2,18.0,4.0
1,2,2,True,2,0.5388195305117401,4,0.2731238876306683,1,0.1801474909485005,6,0.005,5,0.002909090909090909,1,8.0,4.0
1,0,0,True,0,0.6944622417542221,5,0.16051853178902575,8,0.13195356989109508,1,0.006136363636363638,6,0.0025555555555555553,1,16.0,5.0
1,1,1,True,1,0.4829883605577205,2,0.3295455730581317,0,0.1694243997174808,4,0.005541666666666667,8,0.005,1,9.0,4.0
1,0,0,True,0,0.615325824502295,2,0.23616616553381245,6,0.12073023218611448,1,0.02063492063492063,9,0.0047619047619047615,1,13.0,6.0
1,0,0,True,0,0.9603675213675215,1,0.023253205128205126,5,0.011849358974358975,4,0.002307692307692308,3,0.0011111111111111111,1,18.0,6.0
1,2,5,False,5,0.4567097902097902,0,0.44910200910200904,2,0.0866882006882007,1,0.0075,3,0.0,3,18.0,2.0
1,0,0,True,0,0.615325824502295,2,0.23616616553381245,6,0.12073023218611448,1,0.02063492063492063,9,0.0047619047619047615,1,13.0,6.0
1,1,5,False,5,0.6415332512315272,0,0.21470292829775592,2,0.07920634920634922,6,0.06227298850574713,7,0.00117816091954023,6,20.0,2.0
1,1,0,False,0,0.30083286126402314,2,0.1669408888639884,5,0.13741936782738298,9,0.1361020812568534,1,0.12980714288945938,5,16.0,1.0
1,0,5,False,5,0.6033601259851261,0,0.3713260212010212,6,0.011666666666666667,8,0.005,4,0.002857142857142857,2,14.0,6.0
1,0,0,True,0,0.6944622417542221,5,0.16051853178902575,8,0.13195356989109508,1,0.006136363636363638,6,0.0025555555555555553,1,16.0,5.0
1,2,2,True,2,0.46932408359614264,0,0.1999068219362336,6,0.1300189198056844,1,0.10579875108551573,8,0.09161809024309023,1,13.0,2.0
1,1,0,False,0,0.5160130751915757,5,0.27618185598936806,6,0.07202560504374433,8,0.06952929691380695,1,0.06195963791783217,5,17.0,5.0
1,2,0,False,0,0.39559143634143623,1,0.29177872127872123,2,0.11666849816849816,9,0.09703615828615822,4,0.0860085192585193,3,13.0,1.0
1,2,0,False,0,0.39559143634143623,1,0.29177872127872123,2,0.11666849816849816,9,0.09703615828615822,4,0.0860085192585193,3,13.0,1.0
1,1,0,False,0,0.5099486110294934,2,0.20063900641841811,8,0.1840376992288757,3,0.0751365880851175,5,0.0125,8,14.0,5.0
1,2,2,True,2,0.3940971132163618,0,0.25931808169534226,1,0.1067163502818228,3,0.07849392586626085,9,0.07783643900916265,1,15.0,4.0
1,2,2,True,2,0.3940971132163618,0,0.25931808169534226,1,0.1067163502818228,3,0.07849392586626085,9,0.07783643900916265,1,15.0,4.0
1,4,4,True,4,0.43686507936507946,0,0.2799307359307358,6,0.25484559884559876,1,0.011111111111111112,5,0.009166666666666667,1,11.0,6.0
1,2,0,False,0,0.4726046568811107,7,0.2022640343349186,9,0.1104507973484316,4,0.05551028354594109,5,0.05417064493216058,7,15.0,0.0
1,1,4,False,4,0.34005933918162995,1,0.31569736988158037,6,0.16077198369226228,5,0.0894661273968549,2,0.08400517984767211,2,8.0,0.0
1,0,0,True,0,0.9014983257364965,5,0.07140460466643332,6,0.010833333333333332,8,0.005,2,0.0038461538461538464,1,15.0,6.0
1,0,0,True,0,0.7291653467816122,5,0.14693065455103324,6,0.11213357329444036,1,0.005037546933667083,9,0.0031145510835913315,1,17.0,6.0
1,0,0,True,0,0.2989087301587301,3,0.21730919080919073,5,0.21234421134421125,8,0.1473898601398601,6,0.10928610278610272,1,12.0,5.0
1,0,5,False,5,0.4567097902097902,0,0.44910200910200904,2,0.0866882006882007,1,0.0075,3,0.0,2,18.0,2.0
1,0,0,True,0,0.5930412669219607,5,0.23720693888990543,1,0.0768087127689632,7,0.04178275977390616,6,0.041247278167003756,1,16.0,2.0
1,0,0,True,0,0.5389991005416401,1,0.2473265648006016,5,0.09352938083528255,3,0.06714591965488827,2,0.029999034167587375,1,17.0,1.0
1,2,0,False,0,0.30083286126402314,2,0.1669408888639884,5,0.13741936782738298,9,0.1361020812568534,1,0.12980714288945938,2,16.0,1.0
1,0,0,True,0,0.8501228771228768,9,0.125041958041958,6,0.011758241758241758,5,0.01,3,0.002307692307692308,1,19.0,0.0
1,0,0,True,0,0.5612624458874457,6,0.26252669552669544,1,0.1536691919191919,5,0.011916666666666666,3,0.010625,1,19.0,3.0
1,0,0,True,0,0.6564193082321215,5,0.15941693229183865,2,0.0940129602023975,6,0.04594008377380114,1,0.04152296846426793,1,16.0,0.0
1,0,0,True,0,0.5930412669219607,5,0.23720693888990543,1,0.0768087127689632,7,0.04178275977390616,6,0.041247278167003756,1,16.0,2.0
1,0,0,True,0,0.4726046568811107,7,0.2022640343349186,9,0.1104507973484316,4,0.05551028354594109,5,0.05417064493216058,1,15.0,0.0
1,2,2,True,2,0.7425634920634918,6,0.2079484126984126,1,0.017220238095238094,8,0.015,0,0.009285714285714286,1,10.0,4.0
1,0,0,True,0,0.6564193082321215,5,0.15941693229183865,2,0.0940129602023975,6,0.04594008377380114,1,0.04152296846426793,1,16.0,0.0
1,0,0,True,0,0.4796028481956174,1,0.15989930151522033,7,0.11021321994674942,2,0.07729023646051092,5,0.07490624142317763,1,15.0,1.0
1,0,0,True,0,0.497611111111111,2,0.39602777777777776,8,0.046,1,0.022694444444444444,6,0.0165,1,11.0,1.0
1,0,8,False,8,0.49085101010101,6,0.24289357864357858,1,0.23911255411255403,0,0.023571428571428573,9,0.0014285714285714286,4,13.0,0.0
1,3,5,False,5,0.4567097902097902,0,0.44910200910200904,2,0.0866882006882007,1,0.0075,3,0.0,5,18.0,2.0
1,0,0,True,0,0.5388595625221012,5,0.26183696076884927,1,0.09946586480255207,4,0.07559158016046559,6,0.015833333333333335,1,13.0,5.0
1,3,0,False,0,0.5477613670882792,2,0.14546394861752798,9,0.09269484630724734,1,0.06272905540202953,5,0.05814845905106983,7,16.0,4.0
1,0,2,False,2,0.3940971132163618,0,0.25931808169534226,1,0.1067163502818228,3,0.07849392586626085,9,0.07783643900916265,2,15.0,4.0
1,5,1,False,1,0.48240740740740734,2,0.255376984126984,4,0.241845238095238,0,0.015555555555555555,6,0.003333333333333333,7,7.0,1.0
1,5,0,False,0,0.6637219921461408,2,0.21958075498632773,5,0.09458469875497733,1,0.006952380952380952,6,0.0051190476190476186,3,14.0,4.0
1,5,0,False,0,0.6965810580823079,5,0.13738488274739008,3,0.1216577927187048,9,0.03893847843316413,1,0.005437788018433179,2,17.0,2.0
1,5,0,False,0,0.6564193082321215,5,0.15941693229183865,2,0.0940129602023975,6,0.04594008377380114,1,0.04152296846426793,2,16.0,0.0
1,5,0,False,0,0.6481984185562121,5,0.25606640780997014,6,0.08150768131936861,1,0.008679841897233203,2,0.002359903381642512,2,16.0,6.0
1,5,0,False,0,0.4796028481956174,1,0.15989930151522033,7,0.11021321994674942,2,0.07729023646051092,5,0.07490624142317763,5,15.0,1.0
1,5,0,False,0,0.9014983257364965,5,0.07140460466643332,6,0.010833333333333332,8,0.005,2,0.0038461538461538464,2,15.0,6.0
1,5,0,False,0,0.43508099210730783,2,0.28855627293243374,5,0.1145306292005208,6,0.09342361504164907,1,0.05896404627364378,3,14.0,2.0
1,5,1,False,1,0.5867621894789078,0,0.20359687169555585,5,0.1287268893387314,3,0.05791404948680489,6,0.013000000000000001,3,18.0,1.0
1,4,1,False,1,0.4269516594516595,9,0.16701190476190472,4,0.14595707070707065,6,0.13090079365079363,0,0.1291785714285714,3,8.0,5.0
1,4,4,True,4,0.7540952380952379,6,0.09016666666666667,2,0.04678571428571428,0,0.0335,1,0.032023809523809524,1,7.0,6.0
1,4,1,False,1,0.4269516594516595,9,0.16701190476190472,4,0.14595707070707065,6,0.13090079365079363,0,0.1291785714285714,3,8.0,5.0
1,5,0,False,0,0.49052579006648417,2,0.16318570970025267,1,0.12843716659670557,9,0.08164587009978247,4,0.05315761375405991,7,17.0,3.0
1,5,0,False,0,0.5967750582750582,6,0.35609651459651454,2,0.022357142857142853,5,0.014155844155844154,4,0.007115440115440116,4,13.0,4.0
1,6,0,False,0,0.7310121480773656,6,0.105,2,0.0851304621304621,9,0.03556623851189068,4,0.016438963210702342,2,21.0,3.0
1,6,0,False,0,0.7866968864468861,6,0.17605952380952375,1,0.023253205128205126,5,0.011682692307692309,4,0.002307692307692308,2,18.0,5.0
1,6,0,False,0,0.7310121480773656,6,0.105,2,0.0851304621304621,9,0.03556623851189068,4,0.016438963210702342,2,21.0,3.0
1,7,0,False,0,0.40213440045860877,7,0.20029853527820382,9,0.17689027226793538,4,0.06486489238058807,1,0.05281525193596531,2,15.0,3.0
1,7,0,False,0,0.4726046568811107,7,0.2022640343349186,9,0.1104507973484316,4,0.05551028354594109,5,0.05417064493216058,2,15.0,0.0
1,6,0,False,0,0.9603675213675215,1,0.023253205128205126,5,0.011849358974358975,4,0.002307692307692308,3,0.0011111111111111111,7,18.0,6.0
1,8,8,True,8,0.5295678847296494,0,0.2844988059326294,2,0.08693260824143173,6,0.08291736776295595,1,0.01125,1,12.0,1.0
1,9,0,False,0,0.5477613670882792,2,0.14546394861752798,9,0.09269484630724734,1,0.06272905540202953,5,0.05814845905106983,3,16.0,4.0
1,8,0,False,0,0.39559143634143623,1,0.29177872127872123,2,0.11666849816849816,9,0.09703615828615822,4,0.0860085192585193,10,13.0,1.0
1,6,0,False,0,0.45427164502164497,6,0.40302380952380956,2,0.05306493506493506,1,0.04228571428571429,8,0.017754329004329,2,10.0,5.0
1,8,2,False,2,0.587424454630337,0,0.20974615906968844,8,0.16768559545030132,6,0.025143790849673203,1,0.01,3,12.0,2.0
1,9,9,True,9,0.8562463092463091,2,0.1137536907536907,6,0.015,4,0.015,3,0.0,1,6.0,4.0
1,9,9,True,9,0.8562463092463091,2,0.1137536907536907,6,0.015,4,0.015,3,0.0,1,6.0,4.0
1,9,9,True,9,0.8562463092463091,2,0.1137536907536907,6,0.015,4,0.015,3,0.0,1,6.0,4.0
1,6,5,False,5,0.22999005161505148,0,0.22733817571317563,2,0.2108336524586524,6,0.20964013764013756,4,0.11253131590631588,4,13.0,3.0
1,9,0,False,0,0.5930412669219607,5,0.23720693888990543,1,0.0768087127689632,7,0.04178275977390616,6,0.041247278167003756,8,16.0,2.0
2,0,0,True,0,0.3529931596181597,3,0.2311171328671328,5,0.20987461149961142,6,0.09891557054057049,8,0.09643285880785879,1,12.0,5.0
2,0,0,True,0,0.7028504047327913,5,0.15624089772942226,6,0.13090869753778617,2,0.01,3,0.0,1,17.0,6.0
2,0,0,True,0,0.5924580582815878,5,0.20230142161759793,2,0.1831571867674808,3,0.010416666666666668,1,0.00875,1,14.0,4.0
2,0,0,True,0,0.3012354951980568,2,0.2654165805860812,7,0.16822791786806193,9,0.07962485524191117,1,0.06110705571091987,1,15.0,2.0
2,2,2,True,2,0.6985757575757576,6,0.23376190476190467,0,0.025097402597402597,1,0.0175,3,0.01,1,10.0,4.0
2,1,2,False,2,0.5723790230237598,0,0.19997512063959427,8,0.11877434918882279,6,0.08753817381448957,1,0.016166666666666666,5,13.0,2.0
2,0,0,True,0,0.8515115717615714,9,0.13848842823842816,2,0.01,1,0.0,4,0.0,1,19.0,0.0
2,0,0,True,0,0.7139953282012101,5,0.2718870247399658,2,0.010588235294117647,1,0.002549019607843137,3,0.000784313725490196,1,18.0,0.0
2,3,0,False,0,0.5231358118575611,5,0.19556690956961845,8,0.10234320920737323,6,0.09421821741210282,2,0.07723585195334419,8,15.0,5.0
2,0,0,True,0,0.4782645041150477,5,0.24230434782608698,1,0.1424302337155598,6,0.0904910943525074,2,0.019495039682539683,1,20.0,3.0
2,1,5,False,5,0.3745476190476191,1,0.30478571428571416,2,0.26316666666666655,6,0.030833333333333334,4,0.026666666666666665,2,7.0,1.0
2,1,9,False,9,0.6546666666666667,1,0.3053333333333333,7,0.04,2,0.0,3,0.0,2,6.0,1.0
2,0,1,False,1,0.6311309523809522,0,0.32461904761904753,2,0.01675,4,0.014499999999999999,6,0.006999999999999999,2,9.0,6.0
2,0,0,True,0,0.3833131687856918,1,0.30225224408374546,5,0.21068155594835145,2,0.09338266081184035,3,0.01037037037037037,1,18.0,4.0
2,0,0,True,0,0.43395239809210395,5,0.2804207810163692,2,0.18488675948234762,3,0.0902988849385908,1,0.007598039215686274,1,18.0,2.0
2,0,0,True,0,0.5175427917339985,7,0.21406030755818498,2,0.09569684755895821,9,0.07956287290915069,1,0.04948597461706519,1,15.0,0.0
2,4,0,False,0,0.41994910644910655,8,0.2955118215118214,1,0.1440659618159618,2,0.13780644355644353,5,0.002,7,11.0,2.0
2,0,1,False,1,0.26979780282945226,0,0.24216199053858894,2,0.2391568034480437,9,0.08690856238106877,8,0.0825916372629927,2,13.0,1.0
2,1,0,False,0,0.3251063696835599,2,0.1768714804531996,5,0.14796845587608717,9,0.14210621629916514,1,0.1287311012595206,5,16.0,1.0
2,0,0,True,0,0.7139953282012101,5,0.2718870247399658,2,0.010588235294117647,1,0.002549019607843137,3,0.000784313725490196,1,18.0,0.0
2,0,0,True,0,0.8002294819903173,5,0.1908419465811106,1,0.0075,6,0.0014285714285714286,3,0.0,1,15.0,6.0
2,0,0,True,0,0.3847373418877138,9,0.16967251534505473,2,0.16324793644075908,3,0.11813892547953837,6,0.05772147721510968,1,16.0,4.0
2,0,0,True,0,0.8423511602776307,6,0.14264883972236908,2,0.01,5,0.005,3,0.0,1,18.0,6.0
2,0,0,True,0,0.3847373418877138,9,0.16967251534505473,2,0.16324793644075908,3,0.11813892547953837,6,0.05772147721510968,1,16.0,4.0
2,0,0,True,0,0.7139953282012101,5,0.2718870247399658,2,0.010588235294117647,1,0.002549019607843137,3,0.000784313725490196,1,18.0,0.0
2,0,0,True,0,0.7028504047327913,5,0.15624089772942226,6,0.13090869753778617,2,0.01,3,0.0,1,17.0,6.0
2,0,0,True,0,0.3251063696835599,2,0.1768714804531996,5,0.14796845587608717,9,0.14210621629916514,1,0.1287311012595206,1,16.0,1.0
2,4,0,False,0,0.5175427917339985,7,0.21406030755818498,2,0.09569684755895821,9,0.07956287290915069,1,0.04948597461706519,9,15.0,0.0
2,1,1,True,1,0.6142323232323231,8,0.35516666666666674,6,0.012222222222222223,0,0.01092929292929293,2,0.005227272727272727,1,9.0,5.0
2,1,1,True,1,0.48306661121666505,4,0.4125502984101045,8,0.10047004689496948,6,0.0017391304347826085,2,0.0017391304347826085,1,8.0,2.0
2,0,0,True,0,0.5066700301689482,1,0.2634136286213906,3,0.11263840469826704,5,0.07129020309523305,2,0.04467547287976258,1,17.0,1.0
2,1,1,True,1,0.5168691158514687,2,0.2702878492680349,0,0.211731923769385,4,0.0011111111111111111,3,0.0,1,9.0,4.0
2,1,1,True,1,0.5134869346555682,5,0.20989758009798762,0,0.20888835251814553,3,0.05556350865798057,2,0.010933062880324544,1,18.0,1.0
2,2,2,True,2,0.412764390670909,0,0.24247209911897843,1,0.1065387513641544,3,0.09713639951210096,9,0.06599537502854083,1,15.0,4.0
2,0,0,True,0,0.6020013078417205,5,0.24078027178247347,6,0.06770537629797896,2,0.046536705639481146,9,0.041124486586494216,1,17.0,0.0
2,2,0,False,0,0.3012354951980568,2,0.2654165805860812,7,0.16822791786806193,9,0.07962485524191117,1,0.06110705571091987,2,15.0,2.0
2,0,0,True,0,0.9448333333333333,1,0.025,8,0.015,4,0.012666666666666666,6,0.0025,1,11.0,0.0
2,0,5,False,5,0.5586025641025641,0,0.3259514050764051,1,0.05350534188034188,6,0.02019318181818182,2,0.01973611111111111,2,20.0,4.0
2,2,0,False,0,0.3589773608744197,8,0.33984205337146506,2,0.29850678896267124,6,0.0026737967914438505,3,0.0,3,12.0,2.0
2,0,0,True,0,0.704622253615295,5,0.16991147305979992,6,0.048529729608630084,1,0.03837248076170485,2,0.03750211605191515,1,16.0,0.0
2,0,0,True,0,0.2909484126984126,1,0.25556746031746025,2,0.214313492063492,6,0.21417063492063496,4,0.015,1,12.0,6.0
2,1,0,False,0,0.5066700301689482,1,0.2634136286213906,3,0.11263840469826704,5,0.07129020309523305,2,0.04467547287976258,2,17.0,1.0
2,0,5,False,5,0.46677777777777785,0,0.43762698412698414,6,0.050793650793650794,2,0.014761904761904763,3,0.011111111111111112,2,12.0,4.0
2,2,0,False,0,0.5340655205392765,1,0.15938509217241703,2,0.09750466919421558,3,0.0699752755177131,9,0.05592675363526871,3,16.0,3.0
2,1,0,False,0,0.4065077663934821,6,0.26268810987773833,3,0.15942829636201308,1,0.08756447350556985,5,0.07243204351636881,4,19.0,1.0
2,2,0,False,0,0.3707360188830777,5,0.3122630702630701,6,0.28347149908914604,8,0.012941176470588235,2,0.010588235294117647,5,12.0,3.0
2,2,0,False,0,0.704622253615295,5,0.16991147305979992,6,0.048529729608630084,1,0.03837248076170485,2,0.03750211605191515,5,16.0,0.0
2,4,2,False,2,0.6227484842878065,1,0.19467898338892073,4,0.18257253232327256,0,0.0,3,0.0,3,8.0,4.0
2,1,1,True,1,0.6311309523809522,0,0.32461904761904753,2,0.01675,4,0.014499999999999999,6,0.006999999999999999,1,9.0,6.0
2,0,0,True,0,0.5924580582815878,5,0.20230142161759793,2,0.1831571867674808,3,0.010416666666666668,1,0.00875,1,14.0,4.0
2,0,0,True,0,0.5066700301689482,1,0.2634136286213906,3,0.11263840469826704,5,0.07129020309523305,2,0.04467547287976258,1,17.0,1.0
2,2,1,False,1,0.5168691158514687,2,0.2702878492680349,0,0.211731923769385,4,0.0011111111111111111,3,0.0,2,9.0,4.0
2,0,0,True,0,0.4440318920369657,2,0.1730205432244505,1,0.13583739182241955,9,0.0952737464336083,5,0.07308005951365432,1,17.0,3.0
2,2,0,False,0,0.3251063696835599,2,0.1768714804531996,5,0.14796845587608717,9,0.14210621629916514,1,0.1287311012595206,2,16.0,1.0
2,0,0,True,0,0.341293812805776,2,0.2845759333620417,5,0.21265377130833446,1,0.08115673194194864,6,0.06497661332699695,1,14.0,2.0
2,0,0,True,0,0.5066700301689482,1,0.2634136286213906,3,0.11263840469826704,5,0.07129020309523305,2,0.04467547287976258,1,17.0,1.0
2,0,0,True,0,0.6808816097772592,5,0.14149037839871573,3,0.10597828999861397,9,0.04087412269687081,2,0.023737472766884534,1,17.0,2.0
2,0,0,True,0,0.341293812805776,2,0.2845759333620417,5,0.21265377130833446,1,0.08115673194194864,6,0.06497661332699695,1,14.0,2.0
2,2,0,False,0,0.5811283716971752,1,0.17840617353699456,5,0.11344131122103956,2,0.06336833166113139,4,0.05250112778779825,4,18.0,3.0
2,0,0,True,0,0.5340655205392765,1,0.15938509217241703,2,0.09750466919421558,3,0.0699752755177131,9,0.05592675363526871,1,16.0,3.0
2,0,0,True,0,0.6273690476190478,6,0.31379761904761905,2,0.024666666666666667,3,0.01,8,0.01,1,11.0,4.0
2,0,0,True,0,0.6090287252406409,5,0.19822855356190316,1,0.06630551879807292,6,0.04131091560670366,9,0.03894089857397752,1,16.0,2.0
2,0,0,True,0,0.5066700301689482,1,0.2634136286213906,3,0.11263840469826704,5,0.07129020309523305,2,0.04467547287976258,1,17.0,1.0
2,0,0,True,0,0.704622253615295,5,0.16991147305979992,6,0.048529729608630084,1,0.03837248076170485,2,0.03750211605191515,1,16.0,0.0
2,2,0,False,0,0.8653012836836363,6,0.11119871631636333,1,0.01,4,0.0075,5,0.006,6,13.0,6.0
2,2,0,False,0,0.8653012836836363,6,0.11119871631636333,1,0.01,4,0.0075,5,0.006,6,13.0,6.0
2,0,0,True,0,0.341293812805776,2,0.2845759333620417,5,0.21265377130833446,1,0.08115673194194864,6,0.06497661332699695,1,14.0,2.0
2,0,0,True,0,0.3847373418877138,9,0.16967251534505473,2,0.16324793644075908,3,0.11813892547953837,6,0.05772147721510968,1,16.0,4.0
2,0,0,True,0,0.6090287252406409,5,0.19822855356190316,1,0.06630551879807292,6,0.04131091560670366,9,0.03894089857397752,1,16.0,2.0
2,0,4,False,4,0.48891275391275385,6,0.42752664002664004,1,0.03877185314685314,5,0.02917832167832168,2,0.015610431235431235,6,7.0,0.0
2,0,0,True,0,0.598175770308123,6,0.19249603174603172,5,0.177906629318394,3,0.01,8,0.01,1,13.0,4.0
2,3,0,False,0,0.3251063696835599,2,0.1768714804531996,5,0.14796845587608717,9,0.14210621629916514,1,0.1287311012595206,6,16.0,1.0
2,3,0,False,0,0.5340655205392765,1,0.15938509217241703,2,0.09750466919421558,3,0.0699752755177131,9,0.05592675363526871,4,16.0,3.0
2,0,0,True,0,0.3833131687856918,1,0.30225224408374546,5,0.21068155594835145,2,0.09338266081184035,3,0.01037037037037037,1,18.0,4.0
2,0,0,True,0,0.6788555496790792,8,0.14975613275613275,6,0.06932665373841845,2,0.0525026770615006,1,0.0408919968919969,1,10.0,2.0
2,5,0,False,0,0.7858733554027671,2,0.19584233087174258,6,0.007294117647058824,3,0.0035882352941176473,1,0.0032156862745098035,6,19.0,2.0
2,5,0,False,0,0.5078309535435787,1,0.18177200781548716,5,0.07723267685619437,2,0.07344084155481495,7,0.07209837839638439,3,15.0,1.0
2,5,0,False,0,0.5066700301689482,1,0.2634136286213906,3,0.11263840469826704,5,0.07129020309523305,2,0.04467547287976258,4,17.0,1.0
2,5,0,False,0,0.49512956011137127,5,0.2186042437009155,1,0.14698982891893098,6,0.07128828258085224,8,0.05798808468792987,2,17.0,5.0
2,5,0,False,0,0.3707360188830777,5,0.3122630702630701,6,0.28347149908914604,8,0.012941176470588235,2,0.010588235294117647,2,12.0,3.0
2,5,1,False,1,0.48256713554987213,0,0.3624482800616498,2,0.09907212885154064,5,0.02946276861569215,6,0.022638945233265716,4,20.0,2.0
2,5,0,False,0,0.5811283716971752,1,0.17840617353699456,5,0.11344131122103956,2,0.06336833166113139,4,0.05250112778779825,3,18.0,3.0
2,5,0,False,0,0.43395239809210395,5,0.2804207810163692,2,0.18488675948234762,3,0.0902988849385908,1,0.007598039215686274,2,18.0,2.0
2,4,5,False,5,0.3745476190476191,1,0.30478571428571416,2,0.26316666666666655,6,0.030833333333333334,4,0.026666666666666665,5,7.0,1.0
2,5,0,False,0,0.6340283017635957,5,0.17277024446142086,1,0.09735766031354261,4,0.09139934901699602,6,0.0022222222222222222,2,13.0,5.0
2,5,0,False,0,0.6808816097772592,5,0.14149037839871573,3,0.10597828999861397,9,0.04087412269687081,2,0.023737472766884534,2,17.0,2.0
2,5,0,False,0,0.6090287252406409,5,0.19822855356190316,1,0.06630551879807292,6,0.04131091560670366,9,0.03894089857397752,2,16.0,2.0
2,1,0,False,0,0.49519693704987816,9,0.1857331328801917,2,0.1160071105365223,6,0.09436098541980892,1,0.09190085731262203,5,14.0,1.0
2,6,2,False,2,0.23295218670218662,6,0.22033361083361075,0,0.2182087912087912,5,0.20046113608613608,4,0.09104427516927513,2,13.0,3.0
2,6,0,False,0,0.905848739495798,6,0.05678995840760545,5,0.012887276122570242,2,0.01,1,0.0070324675324675325,2,19.0,6.0
2,6,0,False,0,0.41994910644910655,8,0.2955118215118214,1,0.1440659618159618,2,0.13780644355644353,5,0.002,9,11.0,2.0
2,6,0,False,0,0.5154694472194472,6,0.32042360417360416,2,0.08854845154845155,8,0.026100871350871347,1,0.019858585858585857,2,22.0,5.0
2,9,0,False,0,0.7139953282012101,5,0.2718870247399658,2,0.010588235294117647,1,0.002549019607843137,3,0.000784313725490196,10,18.0,0.0
2,8,0,False,0,0.6788555496790792,8,0.14975613275613275,6,0.06932665373841845,2,0.0525026770615006,1,0.0408919968919969,2,10.0,2.0
2,7,0,False,0,0.3012354951980568,2,0.2654165805860812,7,0.16822791786806193,9,0.07962485524191117,1,0.06110705571091987,3,15.0,2.0
2,6,4,False,4,0.7029087301587298,0,0.2570912698412698,6,0.01625,1,0.0125,5,0.01,3,11.0,6.0
2,6,0,False,0,0.598175770308123,6,0.19249603174603172,5,0.177906629318394,3,0.01,8,0.01,2,13.0,4.0
2,8,0,False,0,0.6202348484848484,2,0.17263131313131314,1,0.13140734265734266,8,0.04453968253968253,4,0.031186813186813187,4,9.0,2.0
2,7,0,False,0,0.5078309535435787,1,0.18177200781548716,5,0.07723267685619437,2,0.07344084155481495,7,0.07209837839638439,5,15.0,1.0
2,8,6,False,6,0.25326190476190485,8,0.25069780219780213,0,0.2459267399267399,1,0.24203663003662992,2,0.004538461538461538,2,13.0,0.0
2,9,0,False,0,0.5340655205392765,1,0.15938509217241703,2,0.09750466919421558,3,0.0699752755177131,9,0.05592675363526871,5,16.0,3.0
2,9,2,False,2,0.6087319624819625,4,0.20464393939393932,9,0.18662409812409814,1,0.0,3,0.0,3,7.0,4.0
2,9,9,True,9,0.90060868809553,2,0.09939131190446977,1,0.0,0,0.0,4,0.0,1,6.0,4.0
2,9,9,True,9,0.90060868809553,2,0.09939131190446977,1,0.0,0,0.0,4,0.0,1,6.0,4.0
3,0,0,True,0,0.3792027666684282,5,0.3127586647240973,1,0.1293071755046078,8,0.09339877076192525,6,0.0782517109249913,1,17.0,5.0
3,0,0,True,0,0.8095729564553088,6,0.16316513878278577,9,0.011428571428571429,5,0.009583333333333334,2,0.00375,1,18.0,6.0
3,0,0,True,0,0.508171717171717,5,0.2506491702741703,2,0.20009523809523805,3,0.015032467532467533,6,0.013459415584415584,1,19.0,2.0
3,2,2,True,2,0.47903282828282834,1,0.2840205627705626,8,0.23694660894660885,0,0.0,4,0.0,1,9.0,1.0
3,0,0,True,0,0.5394554115475167,5,0.24883706416562454,4,0.08792915662768602,1,0.0754541918349968,2,0.03931318681318681,1,13.0,5.0
3,0,0,True,0,0.45661411242758754,2,0.16987098855803173,9,0.1484987397519499,3,0.10270745569250202,6,0.05428688955175542,1,16.0,4.0
3,1,1,True,1,0.451801919485743,5,0.23576353466794628,0,0.2102835905924141,3,0.08840095525389641,2,0.01375,1,18.0,1.0
3,1,1,True,1,0.451801919485743,5,0.23576353466794628,0,0.2102835905924141,3,0.08840095525389641,2,0.01375,1,18.0,1.0
3,0,0,True,0,0.7452230298940825,2,0.23834839867734595,5,0.005,1,0.004642857142857143,6,0.0025,1,13.0,6.0
3,0,0,True,0,0.5258010149892245,1,0.13272330340864755,2,0.09069783925728218,5,0.08422379225317904,3,0.06995189761919145,1,16.0,3.0
3,0,0,True,0,0.581241956600305,5,0.22113310513683582,1,0.08312662788449027,9,0.039268734295175356,6,0.03752310501949172,1,16.0,2.0
3,0,0,True,0,0.6836897823042319,5,0.19899833680576595,3,0.09676642634454759,2,0.015116883116883115,1,0.0054285714285714284,1,17.0,2.0
3,0,0,True,0,0.811607568122923,5,0.17334599981451568,2,0.0043768328445747805,7,0.004357282502443793,1,0.002864125122189638,1,15.0,6.0
3,0,0,True,0,0.8390155400155398,9,0.1459844599844599,2,0.01,5,0.005,3,0.0,1,19.0,0.0
3,0,0,True,0,0.6085862460277646,5,0.2489759458836723,2,0.05331602165407847,6,0.04551363320992982,9,0.042431682636319766,1,17.0,0.0
3,3,0,False,0,0.3371612983061885,2,0.22337148339823576,9,0.13209074831233023,1,0.1318913857128761,5,0.09982667958617969,6,16.0,1.0
3,0,0,True,0,0.6085862460277646,5,0.2489759458836723,2,0.05331602165407847,6,0.04551363320992982,9,0.042431682636319766,1,17.0,0.0
3,0,0,True,0,0.5258010149892245,1,0.13272330340864755,2,0.09069783925728218,5,0.08422379225317904,3,0.06995189761919145,1,16.0,3.0
3,0,0,True,0,0.46487003419977285,7,0.2216955391182949,9,0.08950501573576282,2,0.08804320350492402,1,0.048884807587344356,1,15.0,0.0
3,0,5,False,5,0.28843947718947704,0,0.26556021756021747,1,0.2554891497391496,6,0.16951115551115542,2,0.01,2,14.0,3.0
3,0,0,True,0,0.3792027666684282,5,0.3127586647240973,1,0.1293071755046078,8,0.09339877076192525,6,0.0782517109249913,1,17.0,5.0
3,4,2,False,2,0.5864523809523807,1,0.24060317460317457,8,0.17044444444444448,4,0.0025,3,0.0,4,8.0,1.0
3,0,0,True,0,0.500999532804324,5,0.38676956711325794,6,0.10020856757621459,2,0.00392059553349876,1,0.0035359801488833746,1,16.0,6.0
3,2,1,False,1,0.5681475240128323,2,0.28053277615393984,0,0.13299075246480674,8,0.00575,5,0.0051111111111111105,2,9.0,4.0
3,1,0,False,0,0.4962102421679569,1,0.14469919318839133,5,0.12018689273481493,7,0.10127478017236337,2,0.06530433653791246,2,15.0,1.0
3,1,1,True,1,0.5160216450216452,0,0.4694783549783548,5,0.005,8,0.005,6,0.0045000000000000005,1,9.0,6.0
3,1,0,False,0,0.5258010149892245,1,0.13272330340864755,2,0.09069783925728218,5,0.08422379225317904,3,0.06995189761919145,2,16.0,3.0
3,0,0,True,0,0.4509580568428175,2,0.17586159156349446,1,0.1391438178580145,5,0.1104850005851618,4,0.04113830495107308,1,17.0,3.0
3,1,1,True,1,0.451801919485743,5,0.23576353466794628,0,0.2102835905924141,3,0.08840095525389641,2,0.01375,1,18.0,1.0
3,2,2,True,2,0.376347654764209,0,0.34015620040252054,3,0.08364437900314764,1,0.08287073986452942,7,0.059403568996540826,1,15.0,4.0
3,0,0,True,0,0.6836897823042319,5,0.19899833680576595,3,0.09676642634454759,2,0.015116883116883115,1,0.0054285714285714284,1,17.0,2.0
3,0,0,True,0,0.6277857142857142,6,0.34671428571428575,5,0.013000000000000001,9,0.005,1,0.0030000000000000005,1,19.0,5.0
3,1,2,False,2,0.376347654764209,0,0.34015620040252054,3,0.08364437900314764,1,0.08287073986452942,7,0.059403568996540826,4,15.0,4.0
3,0,0,True,0,0.5258010149892245,1,0.13272330340864755,2,0.09069783925728218,5,0.08422379225317904,3,0.06995189761919145,1,16.0,3.0
3,0,0,True,0,0.46487003419977285,7,0.2216955391182949,9,0.08950501573576282,2,0.08804320350492402,1,0.048884807587344356,1,15.0,0.0
3,0,0,True,0,0.508171717171717,5,0.2506491702741703,2,0.20009523809523805,3,0.015032467532467533,6,0.013459415584415584,1,19.0,2.0
3,1,0,False,0,0.3371612983061885,2,0.22337148339823576,9,0.13209074831233023,1,0.1318913857128761,5,0.09982667958617969,4,16.0,1.0
3,0,0,True,0,0.4218647287262791,7,0.21781717507988904,9,0.18357976701453527,1,0.07152185342439075,5,0.05289373577271436,1,15.0,3.0
3,2,6,False,6,0.7612235441735442,0,0.11442458577458577,1,0.049002855477855475,2,0.022221952371952375,3,0.015868794756294755,4,21.0,2.0
3,2,2,True,2,0.4326615606615604,0,0.20071575646575635,6,0.12212121212121202,8,0.12031746031746024,1,0.11151734376734374,1,13.0,2.0
3,2,2,True,2,0.4326615606615604,0,0.20071575646575635,6,0.12212121212121202,8,0.12031746031746024,1,0.11151734376734374,1,13.0,2.0
3,0,0,True,0,0.4509580568428175,2,0.17586159156349446,1,0.1391438178580145,5,0.1104850005851618,4,0.04113830495107308,1,17.0,3.0
3,2,0,False,0,0.5258010149892245,1,0.13272330340864755,2,0.09069783925728218,5,0.08422379225317904,3,0.06995189761919145,3,16.0,3.0
3,0,1,False,1,0.5681475240128323,2,0.28053277615393984,0,0.13299075246480674,8,0.00575,5,0.0051111111111111105,3,9.0,4.0
3,1,0,False,0,0.5391645370995897,1,0.24176168157132572,3,0.09038790943036937,5,0.07987157303959395,2,0.04881429885912091,2,17.0,1.0
3,0,0,True,0,0.4964618853368854,5,0.4696744782994782,2,0.0225,9,0.006136363636363637,7,0.0025,1,14.0,6.0
3,2,2,True,2,0.376347654764209,0,0.34015620040252054,3,0.08364437900314764,1,0.08287073986452942,7,0.059403568996540826,1,15.0,4.0
3,2,2,True,2,0.376347654764209,0,0.34015620040252054,3,0.08364437900314764,1,0.08287073986452942,7,0.059403568996540826,1,15.0,4.0
3,2,2,True,2,0.47903282828282834,1,0.2840205627705626,8,0.23694660894660885,0,0.0,4,0.0,1,9.0,1.0
3,2,2,True,2,0.5164407121508785,4,0.2796483190576639,1,0.174107938488427,6,0.014727272727272726,9,0.0075,1,8.0,4.0
3,0,0,True,0,0.29260743941153844,2,0.2858887373411423,7,0.17700124446506385,9,0.08565760812161528,1,0.05426057412769267,1,15.0,2.0
3,4,4,True,4,0.5671071428571427,5,0.22082142857142845,1,0.20357142857142854,6,0.0045000000000000005,2,0.004,1,8.0,6.0
3,0,0,True,0,0.5258010149892245,1,0.13272330340864755,2,0.09069783925728218,5,0.08422379225317904,3,0.06995189761919145,1,16.0,3.0
3,0,0,True,0,0.500999532804324,5,0.38676956711325794,6,0.10020856757621459,2,0.00392059553349876,1,0.0035359801488833746,1,16.0,6.0
3,0,0,True,0,0.912047619047619,5,0.02626190476190476,2,0.020023809523809524,6,0.019666666666666666,4,0.013666666666666667,1,11.0,3.0
3,0,0,True,0,0.6852092656053955,5,0.1492873616665412,8,0.14883519090988123,2,0.0108,1,0.002596969696969697,1,16.0,5.0
3,0,0,True,0,0.523409357130558,1,0.22674374581548826,2,0.14288807670283973,5,0.081294478135944,6,0.016721756081023813,1,17.0,4.0
3,0,0,True,0,0.4326024848044972,2,0.21097870120935128,8,0.17240157103818096,1,0.08776755902336397,3,0.07877590770083027,1,14.0,5.0
3,1,1,True,1,0.515283146763797,4,0.3871556489606025,8,0.0900612042756005,2,0.0075,3,0.0,1,8.0,2.0
3,0,6,False,6,0.3196308413808413,5,0.21431615606615598,2,0.20261102786102786,0,0.1317207514707514,4,0.09883233433233432,4,13.0,3.0
3,3,0,False,0,0.4719868889280655,8,0.127835856953504,3,0.12676099717276187,5,0.12580161341926044,6,0.11851940543117014,3,12.0,5.0
3,0,8,False,8,0.45252136752136757,5,0.3534935897435897,0,0.09500152625152625,4,0.044816849816849816,6,0.0425,3,11.0,5.0
3,0,0,True,0,0.5391645370995897,1,0.24176168157132572,3,0.09038790943036937,5,0.07987157303959395,2,0.04881429885912091,1,17.0,1.0
3,0,0,True,0,0.6836897823042319,5,0.19899833680576595,3,0.09676642634454759,2,0.015116883116883115,1,0.0054285714285714284,1,17.0,2.0
3,2,2,True,2,0.6769149958228904,6,0.24340079365079365,0,0.047,1,0.027105263157894733,5,0.004,1,10.0,4.0
3,0,0,True,0,0.6852092656053955,5,0.1492873616665412,8,0.14883519090988123,2,0.0108,1,0.002596969696969697,1,16.0,5.0
3,1,8,False,8,0.6319761904761904,0,0.3451904761904761,6,0.007833333333333333,5,0.0075,7,0.005,6,13.0,0.0
3,0,0,True,0,0.811607568122923,5,0.17334599981451568,2,0.0043768328445747805,7,0.004357282502443793,1,0.002864125122189638,1,15.0,6.0
3,3,0,False,0,0.6836897823042319,5,0.19899833680576595,3,0.09676642634454759,2,0.015116883116883115,1,0.0054285714285714284,3,17.0,2.0
3,0,0,True,0,0.4248750440698381,2,0.29046192628395795,5,0.20263285362578667,1,0.06669684268708362,7,0.01,1,14.0,2.0
3,0,0,True,0,0.6985212187268318,5,0.16380559932917912,6,0.13215847606163586,2,0.0025,9,0.0018382352941176473,1,17.0,6.0
3,0,0,True,0,0.6765762222139,5,0.16609501803425,2,0.08241218092101993,6,0.03746306451311506,1,0.03699896886316938,1,16.0,0.0
3,0,0,True,0,0.4679523809523809,1,0.44856722689075634,6,0.053421568627450976,2,0.01976470588235294,5,0.0061764705882352946,1,10.0,0.0
3,0,0,True,0,0.45661411242758754,2,0.16987098855803173,9,0.1484987397519499,3,0.10270745569250202,6,0.05428688955175542,1,16.0,4.0
3,5,0,False,0,0.581241956600305,5,0.22113310513683582,1,0.08312662788449027,9,0.039268734295175356,6,0.03752310501949172,2,16.0,2.0
3,5,0,False,0,0.3371612983061885,2,0.22337148339823576,9,0.13209074831233023,1,0.1318913857128761,5,0.09982667958617969,5,16.0,1.0
3,5,0,False,0,0.6085862460277646,5,0.2489759458836723,2,0.05331602165407847,6,0.04551363320992982,9,0.042431682636319766,2,17.0,0.0
3,5,0,False,0,0.3968275890775891,5,0.31106027306027295,2,0.14259546009546006,6,0.12735001110001104,1,0.01,2,12.0,3.0
3,5,0,False,0,0.4780453037601858,2,0.13146577921723254,1,0.12888140606732995,5,0.08828199489100809,3,0.05493869772186589,4,,
3,5,2,False,2,0.376347654764209,0,0.34015620040252054,3,0.08364437900314764,1,0.08287073986452942,7,0.059403568996540826,7,15.0,4.0
3,5,0,False,0,0.45661411242758754,2,0.16987098855803173,9,0.1484987397519499,3,0.10270745569250202,6,0.05428688955175542,7,16.0,4.0
3,5,0,False,0,0.4964618853368854,5,0.4696744782994782,2,0.0225,9,0.006136363636363637,7,0.0025,2,14.0,6.0
3,5,0,False,0,0.4719868889280655,8,0.127835856953504,3,0.12676099717276187,5,0.12580161341926044,6,0.11851940543117014,4,12.0,5.0
3,5,0,False,0,0.4861192721966715,1,0.27142789189654515,5,0.1377813599369327,2,0.08067346009683472,6,0.017222222222222222,3,18.0,4.0
3,4,0,False,0,0.4218647287262791,7,0.21781717507988904,9,0.18357976701453527,1,0.07152185342439075,5,0.05289373577271436,8,15.0,3.0
3,1,0,False,0,0.5085354318883734,9,0.20073806422335827,2,0.10026981351981354,6,0.09710409035409037,1,0.0913526000143647,5,14.0,1.0
3,5,0,False,0,0.523409357130558,1,0.22674374581548826,2,0.14288807670283973,5,0.081294478135944,6,0.016721756081023813,4,17.0,4.0
3,4,4,True,4,0.5671071428571427,5,0.22082142857142845,1,0.20357142857142854,6,0.0045000000000000005,2,0.004,1,8.0,6.0
3,6,0,False,0,0.4248750440698381,2,0.29046192628395795,5,0.20263285362578667,1,0.06669684268708362,7,0.01,7,14.0,2.0
3,8,0,False,0,0.4856515151515151,6,0.4371666666666667,1,0.03406060606060606,2,0.02872727272727273,8,0.008666666666666666,5,10.0,1.0
3,8,8,True,8,0.48741531670943444,0,0.2670763354292765,2,0.16578312047429689,6,0.07772522738699206,3,0.002,1,12.0,1.0
3,6,8,False,8,0.6319761904761904,0,0.3451904761904761,6,0.007833333333333333,5,0.0075,7,0.005,3,13.0,0.0
3,7,0,False,0,0.4218647287262791,7,0.21781717507988904,9,0.18357976701453527,1,0.07152185342439075,5,0.05289373577271436,2,15.0,3.0
3,6,0,False,0,0.6085862460277646,5,0.2489759458836723,2,0.05331602165407847,6,0.04551363320992982,9,0.042431682636319766,4,17.0,0.0
3,8,8,True,8,0.48741531670943444,0,0.2670763354292765,2,0.16578312047429689,6,0.07772522738699206,3,0.002,1,12.0,1.0
3,6,0,False,0,0.7452230298940825,2,0.23834839867734595,5,0.005,1,0.004642857142857143,6,0.0025,5,13.0,6.0
3,6,0,False,0,0.6693354423354421,6,0.1500486041736041,1,0.1342766677766677,5,0.030625,2,0.0125,2,19.0,3.0
3,6,0,False,0,0.3968275890775891,5,0.31106027306027295,2,0.14259546009546006,6,0.12735001110001104,1,0.01,4,12.0,3.0
3,9,0,False,0,0.5258010149892245,1,0.13272330340864755,2,0.09069783925728218,5,0.08422379225317904,3,0.06995189761919145,6,16.0,3.0
3,7,0,False,0,0.29260743941153844,2,0.2858887373411423,7,0.17700124446506385,9,0.08565760812161528,1,0.05426057412769267,3,15.0,2.0
3,9,9,True,9,0.8529982852115202,2,0.08200171478847945,6,0.02,7,0.02,1,0.017727272727272727,1,6.0,4.0
3,9,0,False,0,0.4509580568428175,2,0.17586159156349446,1,0.1391438178580145,5,0.1104850005851618,4,0.04113830495107308,7,17.0,3.0
3,9,0,False,0,0.6836897823042319,5,0.19899833680576595,3,0.09676642634454759,2,0.015116883116883115,1,0.0054285714285714284,10,17.0,2.0
3,9,2,False,2,0.376347654764209,0,0.34015620040252054,3,0.08364437900314764,1,0.08287073986452942,7,0.059403568996540826,6,15.0,4.0
4,0,0,True,0,0.5311853441483038,5,0.17680233590689118,1,0.12022479632551805,2,0.10272323770291811,4,0.054237021677340014,1,18.0,3.0
4,0,0,True,0,0.9525238095238093,6,0.017222222222222222,1,0.015373015873015873,8,0.01,5,0.003214285714285714,1,19.0,0.0
4,0,0,True,0,0.5620425685425687,6,0.4147510822510823,5,0.00973015873015873,1,0.006285714285714286,2,0.0032539682539682534,1,18.0,5.0
4,1,0,False,0,0.530169600667136,7,0.18358881343477523,2,0.09457438418919688,9,0.08146527385682142,4,0.05189598694624011,8,15.0,0.0
4,0,0,True,0,0.6085257797757798,6,0.2512279942279942,1,0.1342722000222,5,0.002727272727272727,3,0.0018181818181818182,1,19.0,3.0
4,0,0,True,0,0.971875,5,0.020625,6,0.005625,1,0.00125,3,0.000625,1,20.0,1.0
4,2,0,False,0,0.6381509862248429,5,0.22356061163031352,6,0.0766273444427548,9,0.03929894014975419,8,0.01,8,17.0,0.0
4,3,2,False,2,0.42997113039681173,0,0.214078264889175,1,0.12308888488674542,9,0.09378702864901824,3,0.049645176690151206,5,15.0,4.0
4,0,0,True,0,0.4202364011152015,5,0.2952216724951655,1,0.14293381298698754,6,0.07310335473394616,8,0.06381428247822293,1,17.0,5.0
4,0,0,True,0,0.9525238095238093,6,0.017222222222222222,1,0.015373015873015873,8,0.01,5,0.003214285714285714,1,19.0,0.0
4,0,0,True,0,0.3345969014122297,2,0.21070452648056556,1,0.15229528007513676,5,0.12756734896150937,3,0.1064796607031319,1,16.0,1.0
4,0,0,True,0,0.40299074233122023,1,0.20089054132140632,7,0.12961116036959536,5,0.12082388843843386,2,0.05249226283841337,1,15.0,1.0
4,0,0,True,0,0.6902046968406151,5,0.15206118034809638,1,0.049591914305439015,2,0.049185070911337905,6,0.044565603202977006,1,16.0,0.0
4,0,2,False,2,0.3299349755364204,0,0.230073145969209,7,0.19496162604985115,9,0.09954656802791126,3,0.06514803945223238,2,15.0,2.0
4,0,0,True,0,0.39684449210919776,8,0.24430061849914783,1,0.12707042957042955,2,0.11665731490731486,3,0.10457567432567431,1,14.0,5.0
4,0,0,True,0,0.496801975891324,1,0.2837794067635632,5,0.10715761466366719,3,0.08123691667186296,2,0.031024086009582473,1,17.0,1.0
4,0,0,True,0,0.6381509862248429,5,0.22356061163031352,6,0.0766273444427548,9,0.03929894014975419,8,0.01,1,17.0,0.0
4,0,2,False,2,0.3299349755364204,0,0.230073145969209,7,0.19496162604985115,9,0.09954656802791126,3,0.06514803945223238,2,15.0,2.0
4,0,0,True,0,0.6470105656914846,5,0.19136142138901507,3,0.11363750693848836,9,0.03652851767691833,1,0.011198830409356725,1,17.0,2.0
4,0,0,True,0,0.496801975891324,1,0.2837794067635632,5,0.10715761466366719,3,0.08123691667186296,2,0.031024086009582473,1,17.0,1.0
4,0,0,True,0,0.4641601299264345,1,0.21175873582938795,2,0.11182644127209343,9,0.10069061494061492,6,0.09022430347430346,1,14.0,1.0
4,1,4,False,4,0.4346110898905016,1,0.16019537815126042,9,0.15834776334776327,6,0.12119083694083695,0,0.11847005772005774,2,8.0,5.0
4,1,4,False,4,0.4346110898905016,1,0.16019537815126042,9,0.15834776334776327,6,0.12119083694083695,0,0.11847005772005774,2,8.0,5.0
4,1,0,False,0,0.5255171063861266,2,0.12281549995008982,9,0.11460188001869563,3,0.10488052481165633,1,0.09701349413562559,5,16.0,3.0
4,1,0,False,0,0.5358316871467028,1,0.22000844855179205,5,0.1517790915225126,2,0.07389664579486556,9,0.01,2,18.0,4.0
4,1,1,True,1,0.5565416527916526,4,0.3300333555333554,8,0.11342499167499161,2,0.0,3,0.0,1,8.0,2.0
4,1,0,False,0,0.8491666666666667,6,0.09997564935064934,1,0.02466720779220779,2,0.010625,8,0.008333333333333333,3,10.0,0.0
4,0,0,True,0,0.39684449210919776,8,0.24430061849914783,1,0.12707042957042955,2,0.11665731490731486,3,0.10457567432567431,1,14.0,5.0
4,1,1,True,1,0.47763214558918904,2,0.3195401668764671,0,0.19107214895527583,4,0.005210084033613445,5,0.002727272727272727,1,9.0,4.0
4,0,0,True,0,0.5255171063861266,2,0.12281549995008982,9,0.11460188001869563,3,0.10488052481165633,1,0.09701349413562559,1,16.0,3.0
4,0,0,True,0,0.6387169823640412,5,0.22444554791613602,9,0.11419041089629317,1,0.018865546218487395,3,0.0020168067226890756,1,18.0,0.0
4,2,2,True,2,0.42997113039681173,0,0.214078264889175,1,0.12308888488674542,9,0.09378702864901824,3,0.049645176690151206,1,15.0,4.0
4,1,0,False,0,0.511018296789219,9,0.15002272190364185,2,0.13761328631302416,3,0.09458678693940227,5,0.058837987827549655,7,16.0,4.0
4,0,2,False,2,0.42997113039681173,0,0.214078264889175,1,0.12308888488674542,9,0.09378702864901824,3,0.049645176690151206,2,15.0,4.0
4,0,0,True,0,0.5220764790764791,6,0.28358538683538675,5,0.15871908646908642,2,0.02338095238095238,3,0.0054761904761904765,1,13.0,4.0
4,0,0,True,0,0.6902046968406151,5,0.15206118034809638,1,0.049591914305439015,2,0.049185070911337905,6,0.044565603202977006,1,16.0,0.0
4,2,8,False,8,0.2655278194028194,0,0.26400822788322775,4,0.15890004440004435,1,0.14297893772893772,6,0.13779131979131978,6,11.0,2.0
4,0,0,True,0,0.6130138832901992,5,0.25565534913429633,6,0.1077161712556449,2,0.009170261122892702,1,0.0071475376475376474,1,16.0,6.0
4,0,0,True,0,0.4836799649438967,1,0.24026646856755193,5,0.17103939318335593,2,0.09113917330519493,9,0.01,1,17.0,4.0
4,2,2,True,2,0.48945490182332274,0,0.19794384124647277,6,0.10434162547978333,1,0.09842662381478169,8,0.086629100431732,1,13.0,2.0
4,0,1,False,1,0.6089572399135091,5,0.20766664123630058,0,0.12401316403754477,3,0.05936295481264517,2,0.0,3,18.0,1.0
4,0,0,True,0,0.6698354978354977,2,0.19172560772560768,6,0.09510556110556108,5,0.01583333333333333,1,0.0085,1,13.0,6.0
4,0,8,False,8,0.2655278194028194,0,0.26400822788322775,4,0.15890004440004435,1,0.14297893772893772,6,0.13779131979131978,2,11.0,2.0
4,2,0,False,0,0.5616983200098515,1,0.116790676643229,2,0.116458223392797,5,0.09792694981003233,4,0.04796070129299221,3,17.0,3.0
4,0,0,True,0,0.39684449210919776,8,0.24430061849914783,1,0.12707042957042955,2,0.11665731490731486,3,0.10457567432567431,1,14.0,5.0
4,2,2,True,2,0.42997113039681173,0,0.214078264889175,1,0.12308888488674542,9,0.09378702864901824,3,0.049645176690151206,1,15.0,4.0
4,2,0,False,0,0.698177618219414,5,0.17960513501806066,2,0.07687092641620503,1,0.012337662337662337,6,0.011818181818181818,3,14.0,4.0
4,2,0,False,0,0.40299074233122023,1,0.20089054132140632,7,0.12961116036959536,5,0.12082388843843386,2,0.05249226283841337,5,15.0,1.0
4,4,1,False,1,0.5565416527916526,4,0.3300333555333554,8,0.11342499167499161,2,0.0,3,0.0,2,8.0,2.0
4,4,4,True,4,0.4873095238095236,0,0.2858769841269841,6,0.20169444444444437,5,0.01583333333333333,3,0.005,1,11.0,6.0
4,2,2,True,2,0.5481095725721014,4,0.2749117051402553,1,0.17555015085907194,5,0.0014285714285714286,3,0.0,1,8.0,4.0
4,0,5,False,5,0.34768408878702994,6,0.24980014430014422,0,0.2400970418470418,2,0.13423735251676427,8,0.021416666666666667,3,12.0,3.0
4,2,0,False,0,0.6902046968406151,5,0.15206118034809638,1,0.049591914305439015,2,0.049185070911337905,6,0.044565603202977006,4,16.0,0.0
4,0,0,True,0,0.35312251330391375,6,0.31692793540607833,1,0.16631514513440065,5,0.0865304653767435,3,0.07710394077886334,1,19.0,1.0
4,0,0,True,0,0.6387169823640412,5,0.22444554791613602,9,0.11419041089629317,1,0.018865546218487395,3,0.0020168067226890756,1,18.0,0.0
4,0,0,True,0,0.8269819886029972,5,0.14179785791712363,4,0.008442982456140351,7,0.006425785313085084,3,0.005869565217391304,1,15.0,6.0
4,3,0,False,0,0.35312251330391375,6,0.31692793540607833,1,0.16631514513440065,5,0.0865304653767435,3,0.07710394077886334,5,19.0,1.0
4,1,6,False,6,0.7414761904761906,0,0.1422083333333333,4,0.06923809523809524,1,0.020178571428571428,5,0.01856547619047619,4,10.0,6.0
4,0,0,True,0,0.7475032467532468,5,0.0951204906204906,6,0.08354148629148629,2,0.040730519480519485,8,0.013756313131313131,1,12.0,4.0
4,1,0,False,0,0.5311853441483038,5,0.17680233590689118,1,0.12022479632551805,2,0.10272323770291811,4,0.054237021677340014,3,18.0,3.0
4,0,0,True,0,0.4836799649438967,1,0.24026646856755193,5,0.17103939318335593,2,0.09113917330519493,9,0.01,1,17.0,4.0
4,3,0,False,0,0.43453950542921127,5,0.22951868393044858,8,0.12494862327215263,3,0.10919906482406479,6,0.09779412254412252,4,12.0,5.0
4,0,2,False,2,0.3299349755364204,0,0.230073145969209,7,0.19496162604985115,9,0.09954656802791126,3,0.06514803945223238,2,15.0,2.0
4,0,0,True,0,0.3625157918277114,2,0.3060178315406643,5,0.1727267888630117,6,0.07210623135894031,1,0.07036351513983091,1,14.0,2.0
4,0,0,True,0,0.40299074233122023,1,0.20089054132140632,7,0.12961116036959536,5,0.12082388843843386,2,0.05249226283841337,1,15.0,1.0
4,0,0,True,0,0.40299074233122023,1,0.20089054132140632,7,0.12961116036959536,5,0.12082388843843386,2,0.05249226283841337,1,15.0,1.0
4,2,0,False,0,0.4836799649438967,1,0.24026646856755193,5,0.17103939318335593,2,0.09113917330519493,9,0.01,4,17.0,4.0
4,1,0,False,0,0.5255171063861266,2,0.12281549995008982,9,0.11460188001869563,3,0.10488052481165633,1,0.09701349413562559,5,16.0,3.0
4,2,0,False,0,0.39684449210919776,8,0.24430061849914783,1,0.12707042957042955,2,0.11665731490731486,3,0.10457567432567431,4,14.0,5.0
4,0,2,False,2,0.42997113039681173,0,0.214078264889175,1,0.12308888488674542,9,0.09378702864901824,3,0.049645176690151206,2,15.0,4.0
4,0,0,True,0,0.5311853441483038,5,0.17680233590689118,1,0.12022479632551805,2,0.10272323770291811,4,0.054237021677340014,1,18.0,3.0
4,0,8,False,8,0.5510726495726496,0,0.23655657144787567,2,0.1895881702838224,5,0.014739130434782609,1,0.005405797101449276,2,12.0,1.0
4,0,0,True,0,0.3850102319150713,9,0.22886175283584925,7,0.1912777551329121,2,0.051363701841599246,1,0.05081110095840149,1,15.0,3.0
4,0,0,True,0,0.5255171063861266,2,0.12281549995008982,9,0.11460188001869563,3,0.10488052481165633,1,0.09701349413562559,1,16.0,3.0
4,0,0,True,0,0.40299074233122023,1,0.20089054132140632,7,0.12961116036959536,5,0.12082388843843386,2,0.05249226283841337,1,15.0,1.0
4,5,0,False,0,0.5204752230348411,2,0.10271969778587423,6,0.09647810316618365,5,0.09220775622315194,8,0.09150969756078114,4,15.0,5.0
4,5,0,False,0,0.5255171063861266,2,0.12281549995008982,9,0.11460188001869563,3,0.10488052481165633,1,0.09701349413562559,6,16.0,3.0
4,5,0,False,0,0.5358316871467028,1,0.22000844855179205,5,0.1517790915225126,2,0.07389664579486556,9,0.01,3,18.0,4.0
4,5,6,False,6,0.29615097402597385,0,0.2713865023865024,2,0.219985271264683,5,0.09999416759710877,4,0.09456686369186366,4,13.0,3.0
4,5,0,False,0,0.6381509862248429,5,0.22356061163031352,6,0.0766273444427548,9,0.03929894014975419,8,0.01,2,17.0,0.0
4,5,0,False,0,0.6224803231551448,5,0.21439332479548004,1,0.06901424043860302,9,0.04887287108729053,7,0.045239240523481626,2,16.0,2.0
4,5,0,False,0,0.7475032467532468,5,0.0951204906204906,6,0.08354148629148629,2,0.040730519480519485,8,0.013756313131313131,2,12.0,4.0
4,5,0,False,0,0.6902046968406151,5,0.15206118034809638,1,0.049591914305439015,2,0.049185070911337905,6,0.044565603202977006,2,16.0,0.0
4,4,2,False,2,0.559800505050505,9,0.4001994949494947,4,0.03333333333333333,0,0.006666666666666666,3,0.0,3,7.0,4.0
4,4,0,False,0,0.33299511647697794,2,0.2459365775525083,1,0.23563453602678247,8,0.0852240233107106,9,0.08283293503881736,8,13.0,1.0
4,5,0,False,0,0.6130138832901992,5,0.25565534913429633,6,0.1077161712556449,2,0.009170261122892702,1,0.0071475376475376474,2,16.0,6.0
4,5,0,False,0,0.5108134115626376,5,0.24964181608724936,2,0.15847925681130007,3,0.061359633185871586,9,0.01,2,18.0,2.0
4,6,8,False,8,0.5510726495726496,0,0.23655657144787567,2,0.1895881702838224,5,0.014739130434782609,1,0.005405797101449276,7,12.0,1.0
4,6,2,False,2,0.9253011204481792,0,0.025378787878787876,6,0.02515151515151515,1,0.012897886427298192,4,0.005210084033613445,3,10.0,4.0
4,9,0,False,0,0.9525238095238093,6,0.017222222222222222,1,0.015373015873015873,8,0.01,5,0.003214285714285714,10,19.0,0.0
4,6,2,False,2,0.6740436327390202,6,0.12578841375127506,0,0.07471712792837357,5,0.07095238095238095,1,0.02760537416483369,2,21.0,2.0
4,9,0,False,0,0.3345969014122297,2,0.21070452648056556,1,0.15229528007513676,5,0.12756734896150937,3,0.1064796607031319,6,16.0,1.0
4,6,0,False,0,0.6224803231551448,5,0.21439332479548004,1,0.06901424043860302,9,0.04887287108729053,7,0.045239240523481626,9,16.0,2.0
4,8,8,True,8,0.5510726495726496,0,0.23655657144787567,2,0.1895881702838224,5,0.014739130434782609,1,0.005405797101449276,1,12.0,1.0
4,8,8,True,8,0.5510726495726496,0,0.23655657144787567,2,0.1895881702838224,5,0.014739130434782609,1,0.005405797101449276,1,12.0,1.0
4,6,0,False,0,0.5255171063861266,2,0.12281549995008982,9,0.11460188001869563,3,0.10488052481165633,1,0.09701349413562559,9,16.0,3.0
4,7,0,False,0,0.530169600667136,7,0.18358881343477523,2,0.09457438418919688,9,0.08146527385682142,4,0.05189598694624011,2,15.0,0.0
4,9,0,False,0,0.4641601299264345,1,0.21175873582938795,2,0.11182644127209343,9,0.10069061494061492,6,0.09022430347430346,4,14.0,1.0
4,6,0,False,0,0.5616983200098515,1,0.116790676643229,2,0.116458223392797,5,0.09792694981003233,4,0.04796070129299221,7,17.0,3.0
4,7,0,False,0,0.3850102319150713,9,0.22886175283584925,7,0.1912777551329121,2,0.051363701841599246,1,0.05081110095840149,3,15.0,3.0
4,8,0,False,0,0.3043888888888888,6,0.2519603174603174,1,0.22931746031746017,8,0.19299999999999995,2,0.011333333333333332,4,13.0,0.0
4,9,0,False,0,0.5616983200098515,1,0.116790676643229,2,0.116458223392797,5,0.09792694981003233,4,0.04796070129299221,6,17.0,3.0
4,9,0,False,0,0.3345969014122297,2,0.21070452648056556,1,0.15229528007513676,5,0.12756734896150937,3,0.1064796607031319,6,16.0,1.0
4,6,2,False,2,0.3299349755364204,0,0.230073145969209,7,0.19496162604985115,9,0.09954656802791126,3,0.06514803945223238,7,15.0,2.0
5,0,0,True,0,0.6840594599020504,5,0.19589229063084623,3,0.06459233485485971,9,0.04229801987540166,7,0.01,1,17.0,2.0
5,0,0,True,0,0.5124184307085884,1,0.11988176583295009,2,0.10978537744258263,3,0.08635021755807248,9,0.08521770149256586,1,16.0,3.0
5,1,1,True,1,0.7401785714285714,6,0.24382142857142847,8,0.01,0,0.006,3,0.0,1,9.0,0.0
5,2,1,False,1,0.5665484754529208,2,0.28339749940984943,0,0.14338735847056275,8,0.006666666666666666,4,0.0,2,9.0,4.0
5,0,2,False,2,0.573459622077269,0,0.1379928649781591,8,0.09754714729714725,6,0.09319844044844042,1,0.09309604284604282,2,13.0,2.0
5,2,9,False,9,0.4741309523809524,2,0.26106746031746025,4,0.24742063492063487,5,0.01,6,0.005714285714285714,2,7.0,4.0
5,2,9,False,9,0.97,4,0.012619047619047618,5,0.01,6,0.005714285714285714,0,0.0016666666666666666,8,6.0,4.0
5,2,0,False,0,0.901240897990898,8,0.057492340992341,4,0.016444444444444442,2,0.011919774669774669,1,0.004949494949494949,4,11.0,1.0
5,1,0,False,0,0.3892039594392535,8,0.2639718337218337,2,0.12251084862849564,6,0.11333524808524802,4,0.10627222777222776,10,11.0,2.0
5,2,0,False,0,0.5596845931845933,1,0.2035069652569652,9,0.11607475857475856,6,0.10486829836829838,4,0.01,7,14.0,1.0
5,0,0,True,0,0.48567103592391314,1,0.2260342484076499,5,0.17760180085851435,2,0.0875499426452112,8,0.015,1,17.0,4.0
5,0,0,True,0,0.6734685591461889,5,0.12670993004181855,2,0.10019592363621627,6,0.04874339244828563,1,0.04716790901320464,1,16.0,0.0
5,0,2,False,2,0.46030698806820225,0,0.2301764701866635,3,0.08084308473162538,9,0.07279938876749463,1,0.06898948221943789,2,15.0,4.0
5,0,1,False,1,0.5665484754529208,2,0.28339749940984943,0,0.14338735847056275,8,0.006666666666666666,4,0.0,3,9.0,4.0
5,2,0,False,0,0.48567103592391314,1,0.2260342484076499,5,0.17760180085851435,2,0.0875499426452112,8,0.015,4,17.0,4.0
5,1,0,False,0,0.49157377830288035,1,0.21984081329746943,5,0.21504960304573306,2,0.06882115888927035,4,0.0027146464646464648,2,18.0,4.0
5,0,6,False,6,0.897,2,0.04567379679144385,0,0.020770308123249297,5,0.01987394957983193,1,0.005588235294117647,3,21.0,3.0
5,0,0,True,0,0.5823958316537263,2,0.20403409456041025,5,0.1942718281718282,6,0.013333333333333332,1,0.005438596491228069,1,19.0,2.0
5,0,0,True,0,0.9483928571428573,1,0.018714285714285715,6,0.015357142857142856,4,0.01,3,0.004285714285714285,1,20.0,1.0
5,0,0,True,0,0.4871968777721839,2,0.15635793825340524,9,0.10252779756891511,3,0.09781819856704597,5,0.055430762385305365,1,16.0,4.0
5,0,0,True,0,0.6514931179931179,2,0.21776264013764007,6,0.12264900377400371,8,0.006666666666666666,5,0.0014285714285714286,1,13.0,6.0
5,0,0,True,0,0.6034378509793169,5,0.24123526859088984,7,0.049063926019985556,6,0.039846751455444196,9,0.0363940340884486,1,16.0,2.0
5,0,0,True,0,0.3872770562770562,5,0.23985575535575537,2,0.15001842601842597,3,0.12000954600954604,8,0.1014106449106449,1,15.0,5.0
5,0,5,False,5,0.3731294122544121,6,0.25580476467976465,0,0.24699746087246083,2,0.11806836219336216,9,0.004,3,12.0,3.0
5,1,1,True,1,0.6503758186258185,4,0.34962418137418133,2,0.0,0,0.0,3,0.0,1,8.0,2.0
5,1,4,False,4,0.4461734376734377,1,0.2982835497835497,0,0.13270829170829168,6,0.11658472083472081,2,0.00625,2,8.0,5.0
5,0,0,True,0,0.3661582052708214,6,0.22771010718727439,1,0.16436222265866232,3,0.15159470341320186,5,0.07912212989109274,1,19.0,1.0
5,1,0,False,0,0.5124184307085884,1,0.11988176583295009,2,0.10978537744258263,3,0.08635021755807248,9,0.08521770149256586,2,16.0,3.0
5,0,0,True,0,0.4976557377580658,1,0.27069712224959497,5,0.10372205230564713,3,0.0915265912238974,2,0.026398496462794574,1,17.0,1.0
5,1,1,True,1,0.5665484754529208,2,0.28339749940984943,0,0.14338735847056275,8,0.006666666666666666,4,0.0,1,9.0,4.0
5,0,0,True,0,0.9381666666666666,1,0.030166666666666665,8,0.019,6,0.008666666666666666,4,0.004,1,11.0,0.0
5,0,0,True,0,0.7820174131424129,5,0.10801905039405035,9,0.09572111222111224,1,0.013575757575757574,2,0.0006666666666666666,1,18.0,0.0
5,0,0,True,0,0.48142245994355265,1,0.13196571608423657,2,0.12466154194690096,5,0.09003756801120505,9,0.08235142155479731,1,17.0,3.0
5,0,0,True,0,0.28712168870809196,2,0.2008293636804075,1,0.17279473631100348,5,0.13037420219470813,3,0.1046564698577268,1,16.0,1.0
5,1,2,False,2,0.46030698806820225,0,0.2301764701866635,3,0.08084308473162538,9,0.07279938876749463,1,0.06898948221943789,5,15.0,4.0
5,2,2,True,2,0.573459622077269,0,0.1379928649781591,8,0.09754714729714725,6,0.09319844044844042,1,0.09309604284604282,1,13.0,2.0
5,0,0,True,0,0.9780234487734489,9,0.01142099567099567,2,0.0034444444444444444,5,0.0027500000000000003,6,0.002722222222222222,1,20.0,0.0
5,0,0,True,0,0.6514931179931179,2,0.21776264013764007,6,0.12264900377400371,8,0.006666666666666666,5,0.0014285714285714286,1,13.0,6.0
5,1,0,False,0,0.5497097657244716,5,0.32459656275097437,4,0.10356912940001173,2,0.012307692307692308,6,0.009816849816849816,6,13.0,5.0
5,0,0,True,0,0.5497097657244716,5,0.32459656275097437,4,0.10356912940001173,2,0.012307692307692308,6,0.009816849816849816,1,13.0,5.0
5,0,0,True,0,0.5333384908864783,5,0.3608440146454853,6,0.08850671752568033,2,0.007631578947368421,1,0.0038596491228070173,1,16.0,6.0
5,2,6,False,6,0.36688977688977675,0,0.26733286158286157,5,0.15260791985791985,4,0.11301665001664998,2,0.09415279165279167,5,13.0,3.0
5,1,1,True,1,0.5304044579431576,0,0.23081493815781734,5,0.22442387875282602,4,0.01,3,0.0021929824561403508,1,18.0,1.0
5,2,9,False,9,0.4741309523809524,2,0.26106746031746025,4,0.24742063492063487,5,0.01,6,0.005714285714285714,2,7.0,4.0
5,4,1,False,1,0.6503758186258185,4,0.34962418137418133,2,0.0,0,0.0,3,0.0,2,8.0,2.0
5,4,4,True,4,0.4678690476190476,0,0.29982142857142857,6,0.22564285714285706,8,0.006666666666666666,3,0.0,1,11.0,6.0
5,0,0,True,0,0.4976557377580658,1,0.27069712224959497,5,0.10372205230564713,3,0.0915265912238974,2,0.026398496462794574,1,17.0,1.0
5,4,2,False,2,0.36423513285819786,4,0.3220471285811001,1,0.24005912342382588,6,0.05866666666666667,0,0.008663446054750402,2,8.0,3.0
5,0,0,True,0,0.28712168870809196,2,0.2008293636804075,1,0.17279473631100348,5,0.13037420219470813,3,0.1046564698577268,1,16.0,1.0
5,4,2,False,2,0.5974137210055168,4,0.20627386474035073,1,0.19464574758746575,0,0.0016666666666666666,3,0.0,2,8.0,4.0
5,0,0,True,0,0.5497097657244716,5,0.32459656275097437,4,0.10356912940001173,2,0.012307692307692308,6,0.009816849816849816,1,13.0,5.0
5,0,0,True,0,0.8053361700256632,5,0.18329478235528845,2,0.004910714285714286,3,0.0019047619047619048,1,0.0017261904761904762,1,15.0,6.0
5,0,0,True,0,0.4376786876519151,1,0.19625071019307327,5,0.10832078187027996,7,0.09238041779042164,2,0.08048728394782395,1,15.0,1.0
5,0,0,True,0,0.6034378509793169,5,0.24123526859088984,7,0.049063926019985556,6,0.039846751455444196,9,0.0363940340884486,1,16.0,2.0
5,0,0,True,0,0.5905766219046624,5,0.24616786662638737,6,0.07847085015874963,9,0.03809706898898934,2,0.03778360313933178,1,17.0,0.0
5,0,0,True,0,0.6734685591461889,5,0.12670993004181855,2,0.10019592363621627,6,0.04874339244828563,1,0.04716790901320464,1,16.0,0.0
5,0,0,True,0,0.3872770562770562,5,0.23985575535575537,2,0.15001842601842597,3,0.12000954600954604,8,0.1014106449106449,1,15.0,5.0
5,0,0,True,0,0.5427343197167712,5,0.15272566073609378,1,0.14652355424787275,2,0.10280217992960897,4,0.055214285369653185,1,18.0,3.0
5,2,0,False,0,0.48142245994355265,1,0.13196571608423657,2,0.12466154194690096,5,0.09003756801120505,9,0.08235142155479731,3,17.0,3.0
5,0,0,True,0,0.4376786876519151,1,0.19625071019307327,5,0.10832078187027996,7,0.09238041779042164,2,0.08048728394782395,1,15.0,1.0
5,0,0,True,0,0.48567103592391314,1,0.2260342484076499,5,0.17760180085851435,2,0.0875499426452112,8,0.015,1,17.0,4.0
5,0,2,False,2,0.32954330868565274,0,0.26935266634343863,7,0.21041813718008257,9,0.09255681562222326,3,0.03843705599325139,2,15.0,2.0
5,0,0,True,0,0.5138417508417509,6,0.4337619047619048,8,0.021857142857142856,1,0.01128835978835979,5,0.01,1,14.0,0.0
5,0,0,True,0,0.369296384736152,7,0.23822862820359508,9,0.1852034631014555,2,0.06643935499554378,1,0.048008578831999056,1,15.0,3.0
5,0,0,True,0,0.3872770562770562,5,0.23985575535575537,2,0.15001842601842597,3,0.12000954600954604,8,0.1014106449106449,1,15.0,5.0
5,2,0,False,0,0.5637919327404624,8,0.16844854002206944,2,0.091592294959942,1,0.0907861982788453,3,0.06604770066534771,3,14.0,5.0
5,2,0,False,0,0.5081010101010098,1,0.27326226551226546,6,0.2059224386724386,5,0.003928571428571429,8,0.002857142857142857,6,12.0,6.0
5,1,2,False,2,0.32954330868565274,0,0.26935266634343863,7,0.21041813718008257,9,0.09255681562222326,3,0.03843705599325139,7,15.0,2.0
5,3,0,False,0,0.6840594599020504,5,0.19589229063084623,3,0.06459233485485971,9,0.04229801987540166,7,0.01,3,17.0,2.0
5,0,0,True,0,0.6840594599020504,5,0.19589229063084623,3,0.06459233485485971,9,0.04229801987540166,7,0.01,1,17.0,2.0
5,0,0,True,0,0.6840594599020504,5,0.19589229063084623,3,0.06459233485485971,9,0.04229801987540166,7,0.01,1,17.0,2.0
5,0,5,False,5,0.5027283626246476,0,0.48727163737535245,6,0.005,2,0.005,3,0.0,2,14.0,6.0
5,3,1,False,1,0.5304044579431576,0,0.23081493815781734,5,0.22442387875282602,4,0.01,3,0.0021929824561403508,5,18.0,1.0
5,3,2,False,2,0.32954330868565274,0,0.26935266634343863,7,0.21041813718008257,9,0.09255681562222326,3,0.03843705599325139,5,15.0,2.0
5,1,0,False,0,0.6034378509793169,5,0.24123526859088984,7,0.049063926019985556,6,0.039846751455444196,9,0.0363940340884486,6,16.0,2.0
5,0,2,False,2,0.32954330868565274,0,0.26935266634343863,7,0.21041813718008257,9,0.09255681562222326,3,0.03843705599325139,2,15.0,2.0
5,0,0,True,0,0.5840082972582974,6,0.2848232323232322,1,0.12783513708513705,5,0.003333333333333333,3,0.0,1,19.0,3.0
5,5,0,False,0,0.5085429155822714,2,0.2655576398986514,6,0.08147077079939845,5,0.07592359923171604,1,0.06379919213502129,4,14.0,2.0
5,5,0,False,0,0.5225832938866006,7,0.22507432036248262,2,0.09094949804702206,9,0.07697599408462497,1,0.04215993265451977,7,15.0,0.0
5,5,6,False,6,0.36688977688977675,0,0.26733286158286157,5,0.15260791985791985,4,0.11301665001664998,2,0.09415279165279167,3,13.0,3.0
5,5,0,False,0,0.5085429155822714,2,0.2655576398986514,6,0.08147077079939845,5,0.07592359923171604,1,0.06379919213502129,4,14.0,2.0
5,5,0,False,0,0.7632196744784404,8,0.1404566167238633,5,0.0662286795579298,2,0.017839912280701753,1,0.003998538011695907,3,16.0,5.0
5,5,0,False,0,0.6734685591461889,5,0.12670993004181855,2,0.10019592363621627,6,0.04874339244828563,1,0.04716790901320464,2,16.0,0.0
5,5,5,True,5,0.5027283626246476,0,0.48727163737535245,6,0.005,2,0.005,3,0.0,1,14.0,6.0
5,5,1,False,1,0.4208433951669246,4,0.32913837714572985,6,0.1779770956168014,2,0.07204113207054381,3,0.0,7,8.0,0.0
5,5,0,False,0,0.43538841713841714,1,0.2684572649572648,5,0.1629125319125319,6,0.12713067488067487,9,0.0051111111111111105,3,14.0,3.0
5,5,0,False,0,0.7820174131424129,5,0.10801905039405035,9,0.09572111222111224,1,0.013575757575757574,2,0.0006666666666666666,2,18.0,0.0
5,6,1,False,1,0.6713333333333334,0,0.14698989898989898,6,0.07928571428571426,4,0.042666666666666665,5,0.03401010101010102,3,10.0,6.0
5,6,9,False,9,0.64,4,0.13154456654456656,0,0.08579181929181928,6,0.0526971916971917,7,0.05,4,6.0,5.0
5,6,2,False,2,0.32954330868565274,0,0.26935266634343863,7,0.21041813718008257,9,0.09255681562222326,3,0.03843705599325139,6,15.0,2.0
5,6,0,False,0,0.3661582052708214,6,0.22771010718727439,1,0.16436222265866232,3,0.15159470341320186,5,0.07912212989109274,2,19.0,1.0
5,6,0,False,0,0.48111688311688305,8,0.4734285714285715,2,0.020499999999999997,1,0.010636363636363635,4,0.01,7,10.0,1.0
5,8,2,False,2,0.6033174603174603,1,0.22765079365079366,4,0.169031746031746,0,0.0,3,0.0,9,8.0,1.0
5,9,0,False,0,0.4871968777721839,2,0.15635793825340524,9,0.10252779756891511,3,0.09781819856704597,5,0.055430762385305365,3,16.0,4.0
5,9,0,False,0,0.28712168870809196,2,0.2008293636804075,1,0.17279473631100348,5,0.13037420219470813,3,0.1046564698577268,6,16.0,1.0
5,7,0,False,0,0.4376786876519151,1,0.19625071019307327,5,0.10832078187027996,7,0.09238041779042164,2,0.08048728394782395,4,15.0,1.0
5,8,8,True,8,0.5370374785603115,0,0.23877633451859445,2,0.14547246295156513,6,0.07486757012337507,7,0.003076923076923077,1,12.0,1.0
5,6,0,False,0,0.975,6,0.015,2,0.01,1,0.0,3,0.0,2,20.0,5.0
5,7,2,False,2,0.32954330868565274,0,0.26935266634343863,7,0.21041813718008257,9,0.09255681562222326,3,0.03843705599325139,3,15.0,2.0
5,9,4,False,4,0.4461734376734377,1,0.2982835497835497,0,0.13270829170829168,6,0.11658472083472081,2,0.00625,10,8.0,5.0
5,9,0,False,0,0.5596845931845933,1,0.2035069652569652,9,0.11607475857475856,6,0.10486829836829838,4,0.01,3,14.0,1.0
5,6,0,False,0,0.3872770562770562,5,0.23985575535575537,2,0.15001842601842597,3,0.12000954600954604,8,0.1014106449106449,9,15.0,5.0
5,8,1,False,1,0.6503758186258185,4,0.34962418137418133,2,0.0,0,0.0,3,0.0,9,8.0,2.0
5,9,9,True,9,0.97,4,0.012619047619047618,5,0.01,6,0.005714285714285714,0,0.0016666666666666666,1,6.0,4.0
6,0,0,True,0,0.6972393067673834,5,0.1378878948911152,3,0.11093870704690785,9,0.03233409129459347,2,0.02,1,17.0,2.0
6,0,0,True,0,0.3544577218241741,6,0.3079507775468873,1,0.17075749630075576,3,0.08590787118162944,5,0.08092613314655311,1,19.0,1.0
6,1,1,True,1,0.3968737177854824,4,0.3145044253132488,6,0.18451662226662224,5,0.10410523463464637,3,0.0,1,8.0,0.0
6,1,4,False,4,0.818611111111111,5,0.17138888888888887,2,0.009000000000000001,8,0.001,3,0.0,6,8.0,6.0
6,0,8,False,8,0.407095238095238,2,0.37489682539682556,0,0.21171825396825394,4,0.00375,6,0.0014285714285714286,3,12.0,2.0
6,0,0,True,0,0.7872351259851258,6,0.08373296148296148,5,0.06101978576978577,2,0.03794863469863471,8,0.01876190476190476,1,11.0,3.0
6,1,1,True,1,0.4705000000000002,9,0.43505555555555536,7,0.06,2,0.01611111111111111,6,0.01,1,6.0,1.0
6,0,0,True,0,0.5436036669423764,6,0.3099580151031762,1,0.13630071362329432,5,0.0041845251522670875,3,0.002727272727272727,1,19.0,3.0
6,0,0,True,0,0.442026228759201,1,0.2964716896021074,5,0.1684780395043552,2,0.08211495122524531,4,0.005909090909090909,1,18.0,4.0
6,0,0,True,0,0.6603333333333332,6,0.3081428571428571,2,0.017,5,0.007857142857142858,4,0.006666666666666666,1,11.0,4.0
6,0,0,True,0,0.5145772796486724,2,0.16121053632650503,1,0.09073041008474086,5,0.08334946063768287,9,0.06663978358646232,1,17.0,3.0
6,0,0,True,0,0.532058852542049,5,0.17548608543080185,1,0.14984139240899513,2,0.09430191699814433,4,0.04608953039778741,1,18.0,3.0
6,0,0,True,0,0.3191146634395441,2,0.2025685936699087,9,0.13725850948718082,1,0.13290549675760982,3,0.11014824272573018,1,16.0,1.0
6,0,0,True,0,0.7077499999999999,6,0.2622499999999999,5,0.018333333333333333,1,0.011666666666666665,3,0.0,1,20.0,5.0
6,1,0,False,0,0.6576373933149919,2,0.1466987073966126,5,0.10035994494261159,1,0.07895459302562566,6,0.011177653779151142,4,17.0,4.0
6,1,0,False,0,0.6576373933149919,2,0.1466987073966126,5,0.10035994494261159,1,0.07895459302562566,6,0.011177653779151142,4,17.0,4.0
6,0,0,True,0,0.7872351259851258,6,0.08373296148296148,5,0.06101978576978577,2,0.03794863469863471,8,0.01876190476190476,1,11.0,3.0
6,0,2,False,2,0.36964733878074346,0,0.27622346665481895,1,0.12193014666371735,3,0.0918499783216909,7,0.04896451715003433,2,15.0,4.0
6,0,0,True,0,0.6972393067673834,5,0.1378878948911152,3,0.11093870704690785,9,0.03233409129459347,2,0.02,1,17.0,2.0
6,0,0,True,0,0.47654793353361474,5,0.19418081174931007,2,0.17016747060129409,1,0.08143412766284282,6,0.07766965645293818,1,14.0,2.0
6,0,0,True,0,0.5533145540216057,1,0.2571252092345367,3,0.10613706799684572,5,0.0530769270114935,2,0.030346241735518507,1,17.0,1.0
6,2,1,False,1,0.533167825905866,2,0.2741934639305146,0,0.1926387101636191,3,0.0,4,0.0,2,9.0,4.0
6,1,0,False,0,0.3191146634395441,2,0.2025685936699087,9,0.13725850948718082,1,0.13290549675760982,3,0.11014824272573018,4,16.0,1.0
6,1,1,True,1,0.533167825905866,2,0.2741934639305146,0,0.1926387101636191,3,0.0,4,0.0,1,9.0,4.0
6,1,1,True,1,0.5775493078472952,5,0.203189095776944,0,0.1555360923476248,3,0.06372550402813562,2,0.0,1,18.0,1.0
6,1,2,False,2,0.5885502544792223,4,0.25920617793163886,1,0.14749356758913892,0,0.0025,9,0.00125,3,8.0,4.0
6,1,1,True,1,0.49550878043525093,4,0.4063985320235317,8,0.08934268754121691,9,0.00625,0,0.0025,1,8.0,2.0
6,2,0,False,0,0.5048944528141004,9,0.15808448746697631,2,0.10655878924363157,5,0.07265774507229468,6,0.05790304667312699,3,16.0,4.0
6,0,0,True,0,0.5072996069492433,1,0.1384436754922509,2,0.11345097482128699,9,0.08151337373146189,5,0.06203383898554718,1,16.0,3.0
6,2,0,False,0,0.47654793353361474,5,0.19418081174931007,2,0.17016747060129409,1,0.08143412766284282,6,0.07766965645293818,3,14.0,2.0
6,0,0,True,0,0.6847299331103678,6,0.28980434782608694,5,0.01546571906354515,4,0.01,3,0.0,1,20.0,6.0
6,0,6,False,6,0.6660238095238094,0,0.10942207792207792,1,0.06448484848484848,8,0.05374242424242424,2,0.0468939393939394,2,10.0,5.0
6,1,0,False,0,0.47238581899086335,7,0.21097859308727693,9,0.17114834959346492,2,0.06550137547388524,4,0.054450148568795084,8,15.0,3.0
6,2,0,False,0,0.47654793353361474,5,0.19418081174931007,2,0.17016747060129409,1,0.08143412766284282,6,0.07766965645293818,3,14.0,2.0
6,2,8,False,8,0.407095238095238,2,0.37489682539682556,0,0.21171825396825394,4,0.00375,6,0.0014285714285714286,2,12.0,2.0
6,0,0,True,0,0.5941564274321149,5,0.22420720125809684,6,0.07927650282615499,9,0.044629828880288505,2,0.04388849608938739,1,17.0,0.0
6,2,8,False,8,0.5648903678880459,0,0.2454977624284899,2,0.09487115206774646,6,0.09188357475857473,4,0.002857142857142857,3,12.0,1.0
6,2,0,False,0,0.31450491281534626,2,0.2888503969898624,7,0.12535723830649642,9,0.08462581574083584,1,0.06618874001824802,2,15.0,2.0
6,0,0,True,0,0.27843143896007677,2,0.254069523785468,1,0.20416833510486757,8,0.09342905439074163,9,0.08602530802530803,1,13.0,1.0
6,2,6,False,6,0.3944010850260849,0,0.24667778055278045,5,0.22713057775557766,2,0.11867637917637917,1,0.005879329004329003,4,13.0,3.0
6,0,0,True,0,0.39575999817176283,5,0.3640371572871573,2,0.15052588424647245,3,0.08301029362794068,1,0.006666666666666666,1,18.0,2.0
6,2,2,True,2,0.36964733878074346,0,0.27622346665481895,1,0.12193014666371735,3,0.0918499783216909,7,0.04896451715003433,1,15.0,4.0
6,2,2,True,2,0.36964733878074346,0,0.27622346665481895,1,0.12193014666371735,3,0.0918499783216909,7,0.04896451715003433,1,15.0,4.0
6,2,2,True,2,0.36964733878074346,0,0.27622346665481895,1,0.12193014666371735,3,0.0918499783216909,7,0.04896451715003433,1,15.0,4.0
6,2,1,False,1,0.3968737177854824,4,0.3145044253132488,6,0.18451662226662224,5,0.10410523463464637,3,0.0,6,8.0,0.0
6,0,0,True,0,0.8006634305237239,9,0.16705158730158723,6,0.017457442067736185,1,0.007551470588235294,5,0.004528743315508022,1,19.0,0.0
6,4,0,False,0,0.6036071428571428,4,0.14594937089054738,1,0.08551394520512169,2,0.054376984126984135,5,0.036050891918538976,2,7.0,0.0
6,0,0,True,0,0.4218660710858515,5,0.2836425700595002,1,0.1486008124703103,6,0.07187949762244755,8,0.07006987229130182,1,17.0,5.0
6,0,0,True,0,0.4837326562326561,5,0.27447609335109324,4,0.10930279442779442,1,0.09248845598845597,6,0.016666666666666666,1,13.0,5.0
6,0,2,False,2,0.25872100122100106,0,0.2564517704517703,6,0.21934462759462753,1,0.2008095238095238,8,0.03595879120879121,2,12.0,6.0
6,3,0,False,0,0.3544577218241741,6,0.3079507775468873,1,0.17075749630075576,3,0.08590787118162944,5,0.08092613314655311,4,19.0,1.0
6,0,0,True,0,0.6804795014926596,5,0.20123895767974706,9,0.0843620684870685,1,0.026999754631333577,3,0.0069197177091913946,1,18.0,0.0
6,0,0,True,0,0.6843018220422059,5,0.1545462632099881,8,0.1496065976507152,1,0.0030878759398496242,2,0.003003493788819876,1,16.0,5.0
6,0,0,True,0,0.8006634305237239,9,0.16705158730158723,6,0.017457442067736185,1,0.007551470588235294,5,0.004528743315508022,1,19.0,0.0
6,0,1,False,1,0.5247142857142857,0,0.3008904428904429,8,0.06278996003996004,6,0.04937637362637362,2,0.03570512820512821,2,12.0,0.0
6,0,8,False,8,0.703511904761905,2,0.17785119047619047,1,0.0967739898989899,4,0.012989898989898989,9,0.005,6,9.0,2.0
6,0,1,False,1,0.5775493078472952,5,0.203189095776944,0,0.1555360923476248,3,0.06372550402813562,2,0.0,3,18.0,1.0
6,0,0,True,0,0.43433758441890413,1,0.18470459458555008,7,0.12546854204868468,5,0.10680944123341755,2,0.0870333521213234,1,15.0,1.0
6,0,0,True,0,0.4955980685980685,6,0.3922083333333333,8,0.026285714285714287,1,0.022328504828504833,5,0.014067210567210567,1,14.0,0.0
6,0,0,True,0,0.40714257964257955,3,0.23119946719946716,5,0.23062731712731707,6,0.09569730269730264,8,0.016666666666666666,1,12.0,5.0
6,0,0,True,0,0.8666915584415584,1,0.03131060606060607,6,0.026532467532467532,4,0.02571428571428571,2,0.023666666666666666,1,11.0,0.0
6,0,0,True,0,0.5505380450855055,5,0.2211943412351471,1,0.07552127538771107,2,0.04,6,0.03876748755944073,1,16.0,2.0
6,1,0,False,0,0.5145772796486724,2,0.16121053632650503,1,0.09073041008474086,5,0.08334946063768287,9,0.06663978358646232,3,17.0,3.0
6,1,0,False,0,0.27843143896007677,2,0.254069523785468,1,0.20416833510486757,8,0.09342905439074163,9,0.08602530802530803,3,13.0,1.0
6,0,0,True,0,0.442026228759201,1,0.2964716896021074,5,0.1684780395043552,2,0.08211495122524531,4,0.005909090909090909,1,18.0,4.0
6,0,0,True,0,0.6414889772841516,5,0.16598630453777846,2,0.09379727349603444,6,0.0398513245596698,1,0.039728434937180424,1,16.0,0.0
6,0,0,True,0,0.6843018220422059,5,0.1545462632099881,8,0.1496065976507152,1,0.0030878759398496242,2,0.003003493788819876,1,16.0,5.0
6,0,0,True,0,0.4837326562326561,5,0.27447609335109324,4,0.10930279442779442,1,0.09248845598845597,6,0.016666666666666666,1,13.0,5.0
6,0,0,True,0,0.43433758441890413,1,0.18470459458555008,7,0.12546854204868468,5,0.10680944123341755,2,0.0870333521213234,1,15.0,1.0
6,0,5,False,5,0.5158947196594257,0,0.4337206649559589,2,0.015038461538461539,6,0.012875000000000001,4,0.01,2,14.0,6.0
6,3,0,False,0,0.5072996069492433,1,0.1384436754922509,2,0.11345097482128699,9,0.08151337373146189,5,0.06203383898554718,6,16.0,3.0
6,0,0,True,0,0.7077499999999999,6,0.2622499999999999,5,0.018333333333333333,1,0.011666666666666665,3,0.0,1,20.0,5.0
6,3,0,False,0,0.5048944528141004,9,0.15808448746697631,2,0.10655878924363157,5,0.07265774507229468,6,0.05790304667312699,7,16.0,4.0
6,0,0,True,0,0.8263717550222961,5,0.14846199066671192,7,0.008638101664417454,1,0.0059819688109161795,2,0.0039044459439196277,1,15.0,6.0
6,5,0,False,0,0.6878651193577664,2,0.16610516934046338,5,0.10883923511129394,6,0.025285714285714286,1,0.011904761904761904,3,14.0,4.0
6,5,0,False,0,0.6576373933149919,2,0.1466987073966126,5,0.10035994494261159,1,0.07895459302562566,6,0.011177653779151142,3,17.0,4.0
6,5,0,False,0,0.3191146634395441,2,0.2025685936699087,9,0.13725850948718082,1,0.13290549675760982,3,0.11014824272573018,6,16.0,1.0
6,5,0,False,0,0.5533145540216057,1,0.2571252092345367,3,0.10613706799684572,5,0.0530769270114935,2,0.030346241735518507,4,17.0,1.0
6,5,0,False,0,0.47238581899086335,7,0.21097859308727693,9,0.17114834959346492,2,0.06550137547388524,4,0.054450148568795084,7,15.0,3.0
6,5,0,False,0,0.442026228759201,1,0.2964716896021074,5,0.1684780395043552,2,0.08211495122524531,4,0.005909090909090909,3,18.0,4.0
6,5,0,False,0,0.4025295815295816,1,0.3017716450216449,6,0.16161940836940833,5,0.12157936507936508,2,0.010833333333333332,4,14.0,3.0
6,5,0,False,0,0.6563336370151585,5,0.3120551311007831,9,0.01324861111111111,2,0.008333917069243156,1,0.005101851851851852,2,16.0,6.0
6,4,4,True,4,0.818611111111111,5,0.17138888888888887,2,0.009000000000000001,8,0.001,3,0.0,1,8.0,6.0
6,5,0,False,0,0.6972393067673834,5,0.1378878948911152,3,0.11093870704690785,9,0.03233409129459347,2,0.02,2,17.0,2.0
6,4,6,False,6,0.3944010850260849,0,0.24667778055278045,5,0.22713057775557766,2,0.11867637917637917,1,0.005879329004329003,7,13.0,3.0
6,5,0,False,0,0.6972393067673834,5,0.1378878948911152,3,0.11093870704690785,9,0.03233409129459347,2,0.02,2,17.0,2.0
6,4,1,False,1,0.3968737177854824,4,0.3145044253132488,6,0.18451662226662224,5,0.10410523463464637,3,0.0,2,8.0,0.0
6,6,0,False,0,0.6036071428571428,4,0.14594937089054738,1,0.08551394520512169,2,0.054376984126984135,5,0.036050891918538976,6,7.0,0.0
6,6,0,False,0,0.7950775613275612,6,0.18321608946608944,5,0.014007936507936507,1,0.0025,4,0.0025,2,18.0,5.0
6,6,0,False,0,0.6563336370151585,5,0.3120551311007831,9,0.01324861111111111,2,0.008333917069243156,1,0.005101851851851852,7,16.0,6.0
6,7,0,False,0,0.31450491281534626,2,0.2888503969898624,7,0.12535723830649642,9,0.08462581574083584,1,0.06618874001824802,3,15.0,2.0
6,8,0,False,0,0.40714257964257955,3,0.23119946719946716,5,0.23062731712731707,6,0.09569730269730264,8,0.016666666666666666,5,12.0,5.0
6,8,0,False,0,0.4805569985569985,5,0.42164754689754697,4,0.04369949494949496,6,0.026507936507936508,2,0.01065079365079365,8,11.0,5.0
6,9,0,False,0,0.43433758441890413,1,0.18470459458555008,7,0.12546854204868468,5,0.10680944123341755,2,0.0870333521213234,7,15.0,1.0
6,9,0,False,0,0.47238581899086335,7,0.21097859308727693,9,0.17114834959346492,2,0.06550137547388524,4,0.054450148568795084,3,15.0,3.0
6,7,0,False,0,0.31450491281534626,2,0.2888503969898624,7,0.12535723830649642,9,0.08462581574083584,1,0.06618874001824802,3,15.0,2.0
6,6,6,True,6,0.6660238095238094,0,0.10942207792207792,1,0.06448484848484848,8,0.05374242424242424,2,0.0468939393939394,1,10.0,5.0
6,9,1,False,1,0.4705000000000002,9,0.43505555555555536,7,0.06,2,0.01611111111111111,6,0.01,2,6.0,1.0
6,6,0,False,0,0.9662499999999998,6,0.017916666666666664,5,0.011666666666666667,1,0.0025,2,0.0016666666666666666,2,19.0,5.0
6,6,4,False,4,0.4026169663669665,1,0.37043681318681315,9,0.11291955266955268,0,0.10402666777666777,2,0.009000000000000001,10,8.0,5.0
6,8,8,True,8,0.5648903678880459,0,0.2454977624284899,2,0.09487115206774646,6,0.09188357475857473,4,0.002857142857142857,1,12.0,1.0
6,7,0,False,0,0.47238581899086335,7,0.21097859308727693,9,0.17114834959346492,2,0.06550137547388524,4,0.054450148568795084,2,15.0,3.0
6,9,2,False,2,0.5192478354978354,4,0.24246176046176038,9,0.23120707070707064,6,0.003333333333333333,0,0.0025,3,7.0,4.0
6,9,2,False,2,0.36964733878074346,0,0.27622346665481895,1,0.12193014666371735,3,0.0918499783216909,7,0.04896451715003433,7,15.0,4.0
7,0,1,False,1,0.6229928569452563,0,0.1551035041669716,5,0.14803829555377543,3,0.07186534333399658,6,0.002,2,18.0,1.0
7,0,0,True,0,0.4931826190122219,1,0.15159560990160914,2,0.10469461385085749,3,0.08958081537340785,5,0.07093349685276515,1,16.0,3.0
7,0,0,True,0,0.6166960560984961,5,0.2115310701275063,6,0.08504909563783905,2,0.05620169836407892,1,0.017264633514633514,1,17.0,0.0
7,0,0,True,0,0.6281568986568985,6,0.3361150793650793,5,0.015127289377289377,1,0.011301587301587302,2,0.005743589743589743,1,18.0,5.0
7,0,6,False,6,0.6472887339268918,0,0.29942466378650595,1,0.01773903873903874,5,0.015958596958596957,3,0.01367987567987568,2,19.0,6.0
7,0,0,True,0,0.3892660672660672,5,0.38262049388519953,2,0.12216589662487486,3,0.09019566252460988,1,0.01575187969924812,1,18.0,2.0
7,0,0,True,0,0.9676470862470862,2,0.013020512820512819,9,0.012,5,0.005814452214452215,1,0.0011333333333333334,1,20.0,0.0
7,0,1,False,1,0.5406707658096974,2,0.3166949972355308,0,0.128193060484183,8,0.0075,4,0.006941176470588235,3,9.0,4.0
7,2,0,False,0,0.538085868245259,1,0.15780680760083213,5,0.12908214118918085,7,0.08003106435799953,2,0.044003695268557984,5,15.0,1.0
7,0,0,True,0,0.5142512486896311,5,0.34370238282861876,6,0.09457516722183902,1,0.01809615468163855,2,0.01736178075210333,1,16.0,6.0
7,2,2,True,2,0.37900396825396804,4,0.22816269841269837,1,0.19773015873015867,8,0.19510317460317458,3,0.0,1,8.0,1.0
7,0,0,True,0,0.3307338546253644,7,0.25241816196490185,9,0.18450351221529737,2,0.06794079254640045,4,0.062212644217663565,1,15.0,3.0
7,0,0,True,0,0.6519927068904839,5,0.20313404371037325,3,0.09886420709542172,9,0.02596575226043114,6,0.010952380952380953,1,17.0,2.0
7,0,0,True,0,0.4931826190122219,1,0.15159560990160914,2,0.10469461385085749,3,0.08958081537340785,5,0.07093349685276515,1,16.0,3.0
7,0,0,True,0,0.6235238095238095,6,0.3486904761904762,5,0.018535714285714284,2,0.004,3,0.0026666666666666666,1,19.0,5.0
7,3,0,False,0,0.5850427732110547,1,0.22551096029625942,5,0.1097569085485288,3,0.05137763084501615,2,0.02631172709914091,4,17.0,1.0
7,0,0,True,0,0.41936416521003606,5,0.281899597143856,1,0.13850744404573648,6,0.08033028878586151,8,0.06753150144750628,1,17.0,5.0
7,0,0,True,0,0.8167669036759593,5,0.15654628313722738,2,0.007333333333333333,4,0.006666666666666666,1,0.0062197802197802195,1,15.0,6.0
7,0,0,True,0,0.42682890045527644,2,0.15980477604217988,9,0.1507732501119879,3,0.10056999083423017,5,0.062017185079430076,1,16.0,4.0
7,0,0,True,0,0.5519928511337008,5,0.23455634811904738,1,0.07154892068437757,9,0.045489282972365215,6,0.03913900775270204,1,16.0,2.0
7,0,0,True,0,0.45670678286616656,1,0.13045903446862897,2,0.12689676758135687,5,0.10831624607456733,9,0.08496907435667544,1,17.0,3.0
7,1,0,False,0,0.538085868245259,1,0.15780680760083213,5,0.12908214118918085,7,0.08003106435799953,2,0.044003695268557984,2,15.0,1.0
7,1,1,True,1,0.6494047619047616,8,0.31542857142857134,0,0.02083333333333333,2,0.008333333333333333,4,0.005,1,9.0,5.0
7,0,0,True,0,0.3307338546253644,7,0.25241816196490185,9,0.18450351221529737,2,0.06794079254640045,4,0.062212644217663565,1,15.0,3.0
7,1,1,True,1,0.5406707658096974,2,0.3166949972355308,0,0.128193060484183,8,0.0075,4,0.006941176470588235,1,9.0,4.0
7,1,0,False,0,0.6813908822139518,2,0.12052442872782079,5,0.10665515129056072,1,0.07851287110099962,3,0.012291666666666668,4,18.0,3.0
7,1,0,False,0,0.6813908822139518,2,0.12052442872782079,5,0.10665515129056072,1,0.07851287110099962,3,0.012291666666666668,4,18.0,3.0
7,0,0,True,0,0.5850427732110547,1,0.22551096029625942,5,0.1097569085485288,3,0.05137763084501615,2,0.02631172709914091,1,17.0,1.0
7,1,1,True,1,0.9308214285714287,0,0.03017857142857143,2,0.01916666666666667,4,0.013999999999999999,8,0.005,1,9.0,0.0
7,1,2,False,2,0.5638049441928227,4,0.29294029093504104,1,0.1395047648721359,0,0.0025,6,0.00125,3,8.0,4.0
7,1,1,True,1,0.40977278277278245,4,0.38926399988899996,2,0.10292053779553777,5,0.09554267954267955,8,0.0025,1,8.0,0.0
7,0,0,True,0,0.746776900128269,5,0.13961617607094276,8,0.07269864204423027,1,0.013138284703801946,6,0.012600766283524904,1,16.0,5.0
7,2,0,False,0,0.3294593529131082,2,0.24090606582281063,7,0.1939676668153401,9,0.10180791605218148,6,0.05843452915979569,2,15.0,2.0
7,2,0,False,0,0.49086268161899477,2,0.1899275404227147,5,0.17721241261032275,6,0.07799006805862707,1,0.06234063062267394,2,14.0,2.0
7,0,0,True,0,0.9916666666666666,1,0.005,3,0.003333333333333333,2,0.0,4,0.0,1,20.0,1.0
7,4,0,False,0,0.6813908822139518,2,0.12052442872782079,5,0.10665515129056072,1,0.07851287110099962,3,0.012291666666666668,8,18.0,3.0
7,0,0,True,0,0.6654244274244276,5,0.20512680375180373,2,0.10040644078144076,6,0.014037037037037037,1,0.013523809523809525,1,14.0,4.0
7,1,0,False,0,0.5850427732110547,1,0.22551096029625942,5,0.1097569085485288,3,0.05137763084501615,2,0.02631172709914091,2,17.0,1.0
7,2,0,False,0,0.45670678286616656,1,0.13045903446862897,2,0.12689676758135687,5,0.10831624607456733,9,0.08496907435667544,3,17.0,3.0
7,2,0,False,0,0.4931826190122219,1,0.15159560990160914,2,0.10469461385085749,3,0.08958081537340785,5,0.07093349685276515,3,16.0,3.0
7,2,0,False,0,0.3294593529131082,2,0.24090606582281063,7,0.1939676668153401,9,0.10180791605218148,6,0.05843452915979569,2,15.0,2.0
7,2,0,False,0,0.3294593529131082,2,0.24090606582281063,7,0.1939676668153401,9,0.10180791605218148,6,0.05843452915979569,2,15.0,2.0
7,0,0,True,0,0.746776900128269,5,0.13961617607094276,8,0.07269864204423027,1,0.013138284703801946,6,0.012600766283524904,1,16.0,5.0
7,0,0,True,0,0.42682890045527644,2,0.15980477604217988,9,0.1507732501119879,3,0.10056999083423017,5,0.062017185079430076,1,16.0,4.0
7,2,0,False,0,0.6654244274244276,5,0.20512680375180373,2,0.10040644078144076,6,0.014037037037037037,1,0.013523809523809525,3,14.0,4.0
7,0,0,True,0,0.3294593529131082,2,0.24090606582281063,7,0.1939676668153401,9,0.10180791605218148,6,0.05843452915979569,1,15.0,2.0
7,0,0,True,0,0.538085868245259,1,0.15780680760083213,5,0.12908214118918085,7,0.08003106435799953,2,0.044003695268557984,1,15.0,1.0
7,0,0,True,0,0.28289251761310563,2,0.2637046776752658,1,0.18913027740233632,8,0.08867757487610425,9,0.08741037475596297,1,13.0,1.0
7,0,5,False,5,0.4011982461982462,6,0.23694067044067044,0,0.21254237429237427,2,0.12597255522255524,8,0.013346153846153846,3,12.0,3.0
7,2,2,True,2,0.5638049441928227,4,0.29294029093504104,1,0.1395047648721359,0,0.0025,6,0.00125,1,8.0,4.0
7,0,0,True,0,0.408509664269339,3,0.2082706461924727,1,0.1881805987699951,5,0.10539133901014706,6,0.08964775175804589,1,19.0,1.0
7,1,0,False,0,0.6528878898878898,6,0.3086218503718502,3,0.014318181818181818,2,0.014285714285714285,1,0.008977272727272728,5,19.0,3.0
7,0,0,True,0,0.7340525380507575,6,0.14652507202979329,5,0.09721266445972324,1,0.017264633514633514,3,0.0032574462574462572,1,17.0,6.0
7,0,0,True,0,0.5519928511337008,5,0.23455634811904738,1,0.07154892068437757,9,0.045489282972365215,6,0.03913900775270204,1,16.0,2.0
7,2,0,False,0,0.32425309416483644,1,0.18410786457644474,2,0.15391474196752403,9,0.13124906815647086,5,0.10548679618342559,3,16.0,1.0
7,2,0,False,0,0.32425309416483644,1,0.18410786457644474,2,0.15391474196752403,9,0.13124906815647086,5,0.10548679618342559,3,16.0,1.0
7,0,2,False,2,0.46250468975468984,0,0.44530032467532465,6,0.023496031746031747,8,0.020565836940836944,1,0.020136002886002882,2,11.0,1.0
7,1,0,False,0,0.5850427732110547,1,0.22551096029625942,5,0.1097569085485288,3,0.05137763084501615,2,0.02631172709914091,2,17.0,1.0
7,0,0,True,0,0.6590996430040547,2,0.19978233123086053,6,0.11027577977577974,1,0.020325311942959005,8,0.006497326203208555,1,13.0,6.0
7,0,0,True,0,0.6166960560984961,5,0.2115310701275063,6,0.08504909563783905,2,0.05620169836407892,1,0.017264633514633514,1,17.0,0.0
7,0,6,False,6,0.3214848974125289,2,0.22916453160841702,5,0.19782502612765765,0,0.13453625175064798,4,0.10235676982116607,4,13.0,3.0
7,0,0,True,0,0.6166960560984961,5,0.2115310701275063,6,0.08504909563783905,2,0.05620169836407892,1,0.017264633514633514,1,17.0,0.0
7,0,0,True,0,0.5519928511337008,5,0.23455634811904738,1,0.07154892068437757,9,0.045489282972365215,6,0.03913900775270204,1,16.0,2.0
7,1,0,False,0,0.28289251761310563,2,0.2637046776752658,1,0.18913027740233632,8,0.08867757487610425,9,0.08741037475596297,3,13.0,1.0
7,0,0,True,0,0.5101408274481533,1,0.17530247615600614,5,0.15063509495133867,2,0.144914082647509,4,0.007719298245614035,1,17.0,4.0
7,1,0,False,0,0.3294593529131082,2,0.24090606582281063,7,0.1939676668153401,9,0.10180791605218148,6,0.05843452915979569,7,15.0,2.0
7,0,0,True,0,0.8322886411833781,6,0.0949339826839827,1,0.024234625024098712,2,0.019738770001927898,9,0.015178571428571428,1,19.0,4.0
7,0,0,True,0,0.32425309416483644,1,0.18410786457644474,2,0.15391474196752403,9,0.13124906815647086,5,0.10548679618342559,1,16.0,1.0
7,3,0,False,0,0.538085868245259,1,0.15780680760083213,5,0.12908214118918085,7,0.08003106435799953,2,0.044003695268557984,8,15.0,1.0
7,0,0,True,0,0.47372458120804145,1,0.2501263585915289,5,0.2013451285967438,2,0.07326547006522438,6,0.0015384615384615385,1,18.0,4.0
7,0,0,True,0,0.6166960560984961,5,0.2115310701275063,6,0.08504909563783905,2,0.05620169836407892,1,0.017264633514633514,1,17.0,0.0
7,0,0,True,0,0.42682890045527644,2,0.15980477604217988,9,0.1507732501119879,3,0.10056999083423017,5,0.062017185079430076,1,16.0,4.0
7,0,2,False,2,0.4060156067765386,0,0.2679846351505201,1,0.0941193526498982,3,0.07512675724231038,9,0.07245649391374122,2,15.0,4.0
7,3,0,False,0,0.3294593529131082,2,0.24090606582281063,7,0.1939676668153401,9,0.10180791605218148,6,0.05843452915979569,6,15.0,2.0
7,5,0,False,0,0.5805087281999048,5,0.37184292015174364,6,0.027054945054945056,9,0.008274725274725274,1,0.007813186813186813,2,14.0,6.0
7,5,0,False,0,0.6813908822139518,2,0.12052442872782079,5,0.10665515129056072,1,0.07851287110099962,3,0.012291666666666668,3,18.0,3.0
7,5,0,False,0,0.9057115516062886,6,0.031123376623376626,2,0.025225449988607884,9,0.014175324675324674,5,0.012510025062656643,5,20.0,4.0
7,5,0,False,0,0.6166960560984961,5,0.2115310701275063,6,0.08504909563783905,2,0.05620169836407892,1,0.017264633514633514,2,17.0,0.0
7,5,0,False,0,0.32425309416483644,1,0.18410786457644474,2,0.15391474196752403,9,0.13124906815647086,5,0.10548679618342559,5,16.0,1.0
7,5,0,False,0,0.6634329265922437,5,0.1364583012173808,2,0.09071733723184071,1,0.05294302385250533,6,0.03443514527986003,2,16.0,0.0
7,5,0,False,0,0.6166960560984961,5,0.2115310701275063,6,0.08504909563783905,2,0.05620169836407892,1,0.017264633514633514,2,17.0,0.0
7,5,1,False,1,0.6229928569452563,0,0.1551035041669716,5,0.14803829555377543,3,0.07186534333399658,6,0.002,3,18.0,1.0
7,5,0,False,0,0.5805087281999048,5,0.37184292015174364,6,0.027054945054945056,9,0.008274725274725274,1,0.007813186813186813,2,14.0,6.0
7,5,0,False,0,0.7340525380507575,6,0.14652507202979329,5,0.09721266445972324,1,0.017264633514633514,3,0.0032574462574462572,3,17.0,6.0
7,4,4,True,4,0.6803827561327561,1,0.1650371572871573,5,0.14779437229437228,2,0.004285714285714285,8,0.0025,1,8.0,6.0
7,4,1,False,1,0.3868012265512266,4,0.2781219613719612,0,0.11327569652569652,9,0.11124644799644796,6,0.11055466755466753,2,8.0,5.0
7,4,4,True,4,0.47884523809523816,6,0.3746666666666667,9,0.056845238095238095,2,0.04172619047619047,1,0.026000000000000002,1,7.0,3.0
7,6,1,False,1,0.9308214285714287,0,0.03017857142857143,2,0.01916666666666667,4,0.013999999999999999,8,0.005,7,9.0,0.0
7,6,0,False,0,0.408509664269339,3,0.2082706461924727,1,0.1881805987699951,5,0.10539133901014706,6,0.08964775175804589,5,19.0,1.0
7,6,1,False,1,0.40977278277278245,4,0.38926399988899996,2,0.10292053779553777,5,0.09554267954267955,8,0.0025,7,8.0,0.0
7,6,0,False,0,0.408509664269339,3,0.2082706461924727,1,0.1881805987699951,5,0.10539133901014706,6,0.08964775175804589,5,19.0,1.0
7,9,0,False,0,0.6166960560984961,5,0.2115310701275063,6,0.08504909563783905,2,0.05620169836407892,1,0.017264633514633514,6,17.0,0.0
7,8,0,False,0,0.746776900128269,5,0.13961617607094276,8,0.07269864204423027,1,0.013138284703801946,6,0.012600766283524904,3,16.0,5.0
7,6,1,False,1,0.40977278277278245,4,0.38926399988899996,2,0.10292053779553777,5,0.09554267954267955,8,0.0025,7,8.0,0.0
7,9,1,False,1,0.6388571428571427,9,0.31713095238095224,7,0.03,6,0.01,2,0.004011904761904762,2,6.0,1.0
7,6,0,False,0,0.408509664269339,3,0.2082706461924727,1,0.1881805987699951,5,0.10539133901014706,6,0.08964775175804589,5,19.0,1.0
7,8,0,False,0,0.3593452935952935,6,0.13628701853701844,8,0.13246991896991894,2,0.13126634476634474,4,0.1213499278499278,3,11.0,2.0
7,7,0,False,0,0.3294593529131082,2,0.24090606582281063,7,0.1939676668153401,9,0.10180791605218148,6,0.05843452915979569,3,15.0,2.0
7,7,0,False,0,0.5167763616427282,7,0.15460993854118085,9,0.0864742817408469,2,0.08628124718101031,4,0.05724083341322373,2,15.0,0.0
7,8,2,False,2,0.49287637362637354,0,0.31577808302808286,8,0.17807631257631257,6,0.01326923076923077,3,0.0,3,12.0,2.0
7,7,0,False,0,0.538085868245259,1,0.15780680760083213,5,0.12908214118918085,7,0.08003106435799953,2,0.044003695268557984,4,15.0,1.0
7,9,0,False,0,0.4931826190122219,1,0.15159560990160914,2,0.10469461385085749,3,0.08958081537340785,5,0.07093349685276515,6,16.0,3.0
7,9,9,True,9,0.8551320536188958,2,0.08486794638110425,4,0.03,6,0.013333333333333332,7,0.01,1,6.0,4.0
8,0,0,True,0,0.6217707121399866,5,0.19735961279651576,3,0.14416362713527248,9,0.034058989104695625,1,0.0026470588235294116,1,17.0,2.0
8,0,0,True,0,0.4427429432344324,1,0.2110685711056117,5,0.20692463435332248,4,0.06777252985681105,2,0.06732465478315525,1,18.0,3.0
8,2,2,True,2,0.5107050205985961,4,0.289620123120325,1,0.1930081896144118,6,0.006666666666666666,3,0.0,1,8.0,4.0
8,3,0,False,0,0.5002685224132591,2,0.1892090351169298,8,0.17487643350801246,1,0.09674323118402063,6,0.013958333333333333,7,14.0,5.0
8,0,0,True,0,0.5002685224132591,2,0.1892090351169298,8,0.17487643350801246,1,0.09674323118402063,6,0.013958333333333333,1,14.0,5.0
8,0,1,False,1,0.7362207792207792,0,0.24137012987012987,2,0.0155,6,0.004,8,0.002,2,9.0,6.0
8,2,0,False,0,0.48732268950229524,7,0.22335939691099851,9,0.08852115129712569,1,0.05714010125634636,2,0.050303598099175575,5,15.0,0.0
8,0,0,True,0,0.48732268950229524,7,0.22335939691099851,9,0.08852115129712569,1,0.05714010125634636,2,0.050303598099175575,1,15.0,0.0
8,2,4,False,4,0.3368852813852812,1,0.3194523809523809,5,0.31857142857142856,2,0.019090909090909092,6,0.004,4,7.0,1.0
8,0,0,True,0,0.5760328585474018,5,0.24195027016807816,1,0.07524658930749381,6,0.04203521462640568,9,0.042032364647917805,1,16.0,2.0
8,1,2,False,2,0.5852297979797979,8,0.22639560439560433,4,0.1845284437784437,1,0.0038461538461538464,3,0.0,4,8.0,1.0
8,1,4,False,4,0.3368852813852812,1,0.3194523809523809,5,0.31857142857142856,2,0.019090909090909092,6,0.004,2,7.0,1.0
8,3,2,False,2,0.4283720397400112,0,0.25653096238791323,1,0.1019215459443678,9,0.07444585501380427,7,0.056337380400292236,6,15.0,4.0
8,0,0,True,0,0.5353171557199334,1,0.25882298493204947,3,0.08941199940299593,5,0.08062828462630797,2,0.025819575318713168,1,17.0,1.0
8,0,0,True,0,0.6001540327197127,5,0.18113570641305252,2,0.10807655052892182,6,0.049676572785797915,1,0.04687217322490355,1,16.0,0.0
8,0,0,True,0,0.4427429432344324,1,0.2110685711056117,5,0.20692463435332248,4,0.06777252985681105,2,0.06732465478315525,1,18.0,3.0
8,0,0,True,0,0.97,1,0.015,6,0.01,5,0.005,3,0.0,1,20.0,1.0
8,0,0,True,0,0.4768506585508608,1,0.15485014006986664,7,0.11976826169602116,5,0.096216483926021,2,0.07773456029743617,1,15.0,1.0
8,0,0,True,0,0.7800535436785435,6,0.15436877011877007,1,0.031950549450549454,5,0.014671398046398046,4,0.01,1,18.0,6.0
8,0,0,True,0,0.6217707121399866,5,0.19735961279651576,3,0.14416362713527248,9,0.034058989104695625,1,0.0026470588235294116,1,17.0,2.0
8,0,1,False,1,0.3076632950382949,0,0.28165678765678753,5,0.26343875568875563,6,0.13454671717171715,2,0.00575,2,14.0,3.0
8,0,0,True,0,0.5353171557199334,1,0.25882298493204947,3,0.08941199940299593,5,0.08062828462630797,2,0.025819575318713168,1,17.0,1.0
8,4,1,False,1,0.49124955681573323,6,0.16955073929338627,4,0.16217930925283855,2,0.09714206055382522,5,0.07987833408421642,3,8.0,0.0
8,2,2,True,2,0.5107050205985961,4,0.289620123120325,1,0.1930081896144118,6,0.006666666666666666,3,0.0,1,8.0,4.0
8,2,9,False,9,0.37624203574203563,2,0.37099900099900096,4,0.2387589632589632,6,0.013999999999999999,3,0.0,2,7.0,4.0
8,1,0,False,0,0.4768506585508608,1,0.15485014006986664,7,0.11976826169602116,5,0.096216483926021,2,0.07773456029743617,2,15.0,1.0
8,0,0,True,0,0.4753642813091315,1,0.1465732057713721,2,0.12072213844822045,9,0.09614076752517339,3,0.0946441905695096,1,16.0,3.0
8,1,1,True,1,0.5255387112887115,4,0.3540030386280385,8,0.12045825008325005,2,0.0,3,0.0,1,8.0,2.0
8,1,0,False,0,0.5040621163789324,1,0.20898750936474714,5,0.18763896908717878,2,0.06308918294691951,6,0.013333333333333332,2,18.0,4.0
8,1,0,False,0,0.5294628148339448,2,0.17650005339517721,5,0.13992423168506757,1,0.12250785806900351,6,0.012588235294117648,4,17.0,4.0
8,1,1,True,1,0.46486043223650897,2,0.3359979661086136,0,0.18247493498821066,6,0.006666666666666666,8,0.006666666666666666,1,9.0,4.0
8,1,1,True,1,0.46486043223650897,2,0.3359979661086136,0,0.18247493498821066,6,0.006666666666666666,8,0.006666666666666666,1,9.0,4.0
8,0,0,True,0,0.9266904761904762,6,0.017,2,0.016666666666666666,8,0.015357142857142856,5,0.014285714285714285,1,11.0,4.0
8,2,0,False,0,0.7651800144300143,5,0.19936544011544005,3,0.022727272727272724,6,0.012727272727272728,2,0.0,5,19.0,2.0
8,2,0,False,0,0.5722866300366298,5,0.21023688811188804,3,0.10770751470751466,2,0.09810230047730047,1,0.011666666666666665,4,18.0,2.0
8,0,0,True,0,0.4728592983813571,9,0.2077698355566002,1,0.19978851948704887,2,0.10910615609880311,5,0.00738095238095238,1,14.0,1.0
8,0,0,True,0,0.4826846209346211,5,0.2809148212898211,2,0.2111823038073037,3,0.01,1,0.005386904761904762,1,14.0,4.0
8,0,0,True,0,0.29274676140852596,8,0.2267030534824652,4,0.13996140787317254,2,0.11757025327613561,6,0.11324968332321271,1,11.0,2.0
8,0,4,False,4,0.650593795093795,6,0.26940620490620476,0,0.05845238095238096,1,0.013333333333333332,2,0.008214285714285714,3,11.0,6.0
8,1,0,False,0,0.5985542700763291,5,0.26418118074735714,1,0.0931418091712209,6,0.020588235294117643,8,0.01,3,17.0,5.0
8,0,0,True,0,0.6834267130862091,5,0.14786574472139477,8,0.12550465397175917,6,0.021114058355437667,1,0.011323239809548127,1,16.0,5.0
8,2,0,False,0,0.39275878494570443,1,0.17259235956681773,2,0.17161976847541857,9,0.09391822956025742,8,0.08542164513333242,3,13.0,1.0
8,1,0,False,0,0.42773087010741806,6,0.2670028438050882,3,0.14747545149209226,1,0.08582035950805297,5,0.07197047508734815,4,19.0,1.0
8,0,0,True,0,0.4914183316683317,6,0.31878088578088576,5,0.18018539793539787,2,0.008076923076923077,4,0.0015384615384615385,1,13.0,4.0
8,0,0,True,0,0.4826846209346211,5,0.2809148212898211,2,0.2111823038073037,3,0.01,1,0.005386904761904762,1,14.0,4.0
8,0,0,True,0,0.4753642813091315,1,0.1465732057713721,2,0.12072213844822045,9,0.09614076752517339,3,0.0946441905695096,1,16.0,3.0
8,4,1,False,1,0.5255387112887115,4,0.3540030386280385,8,0.12045825008325005,2,0.0,3,0.0,2,8.0,2.0
8,4,1,False,1,0.49124955681573323,6,0.16955073929338627,4,0.16217930925283855,2,0.09714206055382522,5,0.07987833408421642,3,8.0,0.0
8,4,0,False,0,0.6423276819686495,5,0.26028484458064477,1,0.07572080678403871,6,0.011666666666666667,2,0.00875,7,13.0,5.0
8,0,0,True,0,0.4427429432344324,1,0.2110685711056117,5,0.20692463435332248,4,0.06777252985681105,2,0.06732465478315525,1,18.0,3.0
8,0,0,True,0,0.5722866300366298,5,0.21023688811188804,3,0.10770751470751466,2,0.09810230047730047,1,0.011666666666666665,1,18.0,2.0
8,0,0,True,0,0.4457482658432637,2,0.19839499420385928,1,0.10527927106790301,9,0.09674188963673969,5,0.06101353226761364,1,17.0,3.0
8,0,0,True,0,0.5174881998332141,2,0.11039911940899447,3,0.0950192177518696,6,0.08868718232706164,8,0.0846947486637889,1,15.0,5.0
8,0,0,True,0,0.4826846209346211,5,0.2809148212898211,2,0.2111823038073037,3,0.01,1,0.005386904761904762,1,14.0,4.0
8,0,0,True,0,0.4753642813091315,1,0.1465732057713721,2,0.12072213844822045,9,0.09614076752517339,3,0.0946441905695096,1,16.0,3.0
8,2,0,False,0,0.35622189767386564,1,0.17719549770991122,9,0.14206600243747666,2,0.13298649098708004,3,0.09764128028833045,4,16.0,1.0
8,1,0,False,0,0.7884491341991345,8,0.09123665223665224,1,0.04684523809523809,2,0.030203102453102457,5,0.025,3,12.0,0.0
8,0,0,True,0,0.8669211605817639,5,0.1077066171960135,7,0.016633333333333333,1,0.003666666666666667,4,0.0025,1,15.0,6.0
8,0,0,True,0,0.6217707121399866,5,0.19735961279651576,3,0.14416362713527248,9,0.034058989104695625,1,0.0026470588235294116,1,17.0,2.0
8,0,0,True,0,0.7178430729057661,5,0.16834660652385103,6,0.08640555866562055,1,0.014787878787878787,9,0.005904761904761906,1,17.0,6.0
8,2,2,True,2,0.667583333333333,6,0.29574999999999985,0,0.018000000000000002,1,0.015333333333333332,5,0.003333333333333333,1,10.0,4.0
8,2,0,False,0,0.4427429432344324,1,0.2110685711056117,5,0.20692463435332248,4,0.06777252985681105,2,0.06732465478315525,5,18.0,3.0
8,0,0,True,0,0.4457482658432637,2,0.19839499420385928,1,0.10527927106790301,9,0.09674188963673969,5,0.06101353226761364,1,17.0,3.0
8,0,0,True,0,0.5984852514330068,5,0.26644425543496747,6,0.10484237838185204,1,0.00952695180636357,2,0.008616198616198617,1,16.0,6.0
8,1,0,False,0,0.4457482658432637,2,0.19839499420385928,1,0.10527927106790301,9,0.09674188963673969,5,0.06101353226761364,3,17.0,3.0
8,0,0,True,0,0.6001540327197127,5,0.18113570641305252,2,0.10807655052892182,6,0.049676572785797915,1,0.04687217322490355,1,16.0,0.0
8,0,0,True,0,0.4427429432344324,1,0.2110685711056117,5,0.20692463435332248,4,0.06777252985681105,2,0.06732465478315525,1,18.0,3.0
8,1,0,False,0,0.39275878494570443,1,0.17259235956681773,2,0.17161976847541857,9,0.09391822956025742,8,0.08542164513333242,2,13.0,1.0
8,2,0,False,0,0.35622189767386564,1,0.17719549770991122,9,0.14206600243747666,2,0.13298649098708004,3,0.09764128028833045,4,16.0,1.0
8,0,0,True,0,0.4457482658432637,2,0.19839499420385928,1,0.10527927106790301,9,0.09674188963673969,5,0.06101353226761364,1,17.0,3.0
8,0,0,True,0,0.48703383458646604,8,0.4336111111111112,6,0.04577485380116959,2,0.012795321637426901,4,0.010007936507936507,1,10.0,2.0
8,0,2,False,2,0.3185042930626116,0,0.27962522256162375,7,0.17088218244871087,3,0.06638155841604157,9,0.05533147219306232,2,15.0,2.0
8,0,0,True,0,0.7178430729057661,5,0.16834660652385103,6,0.08640555866562055,1,0.014787878787878787,9,0.005904761904761906,1,17.0,6.0
8,0,0,True,0,0.48732268950229524,7,0.22335939691099851,9,0.08852115129712569,1,0.05714010125634636,2,0.050303598099175575,1,15.0,0.0
8,0,0,True,0,0.6010342157842159,6,0.2669475246975246,1,0.11738189588189586,5,0.006909090909090909,2,0.005,1,19.0,3.0
8,0,0,True,0,0.4826846209346211,5,0.2809148212898211,2,0.2111823038073037,3,0.01,1,0.005386904761904762,1,14.0,4.0
8,5,0,False,0,0.5984852514330068,5,0.26644425543496747,6,0.10484237838185204,1,0.00952695180636357,2,0.008616198616198617,2,16.0,6.0
8,5,0,False,0,0.4753642813091315,1,0.1465732057713721,2,0.12072213844822045,9,0.09614076752517339,3,0.0946441905695096,6,16.0,3.0
8,5,0,False,0,0.5985542700763291,5,0.26418118074735714,1,0.0931418091712209,6,0.020588235294117643,8,0.01,2,17.0,5.0
8,5,0,False,0,0.35622189767386564,1,0.17719549770991122,9,0.14206600243747666,2,0.13298649098708004,3,0.09764128028833045,6,16.0,1.0
8,5,0,False,0,0.8669211605817639,5,0.1077066171960135,7,0.016633333333333333,1,0.003666666666666667,4,0.0025,2,15.0,6.0
8,5,0,False,0,0.4457482658432637,2,0.19839499420385928,1,0.10527927106790301,9,0.09674188963673969,5,0.06101353226761364,5,17.0,3.0
8,5,0,False,0,0.5722866300366298,5,0.21023688811188804,3,0.10770751470751466,2,0.09810230047730047,1,0.011666666666666665,2,18.0,2.0
8,5,1,False,1,0.5781161030568422,0,0.21490158247773666,5,0.13686112797628472,3,0.06012118648913642,9,0.01,3,18.0,1.0
8,5,0,False,0,0.5722866300366298,5,0.21023688811188804,3,0.10770751470751466,2,0.09810230047730047,1,0.011666666666666665,2,18.0,2.0
8,5,0,False,0,0.5174881998332141,2,0.11039911940899447,3,0.0950192177518696,6,0.08868718232706164,8,0.0846947486637889,6,15.0,5.0
8,5,0,False,0,0.4768506585508608,1,0.15485014006986664,7,0.11976826169602116,5,0.096216483926021,2,0.07773456029743617,4,15.0,1.0
8,6,0,False,0,0.7178430729057661,5,0.16834660652385103,6,0.08640555866562055,1,0.014787878787878787,9,0.005904761904761906,3,17.0,6.0
8,6,0,False,0,0.5985542700763291,5,0.26418118074735714,1,0.0931418091712209,6,0.020588235294117643,8,0.01,4,17.0,5.0
8,7,0,False,0,0.5760328585474018,5,0.24195027016807816,1,0.07524658930749381,6,0.04203521462640568,9,0.042032364647917805,9,16.0,2.0
8,8,0,False,0,0.5985542700763291,5,0.26418118074735714,1,0.0931418091712209,6,0.020588235294117643,8,0.01,5,17.0,5.0
8,8,1,False,1,0.9269636752136752,0,0.0251517094017094,6,0.017435897435897435,2,0.017371794871794872,4,0.011196581196581196,10,9.0,5.0
8,7,0,False,0,0.48732268950229524,7,0.22335939691099851,9,0.08852115129712569,1,0.05714010125634636,2,0.050303598099175575,2,15.0,0.0
8,6,0,False,0,0.9266904761904762,6,0.017,2,0.016666666666666666,8,0.015357142857142856,5,0.014285714285714285,2,11.0,4.0
8,6,0,False,0,0.5205873015873015,2,0.24080158730158732,1,0.2070198412698412,8,0.02773015873015873,6,0.002611111111111111,5,12.0,6.0
8,6,0,False,0,0.4728592983813571,9,0.2077698355566002,1,0.19978851948704887,2,0.10910615609880311,5,0.00738095238095238,6,14.0,1.0
8,7,2,False,2,0.3185042930626116,0,0.27962522256162375,7,0.17088218244871087,3,0.06638155841604157,9,0.05533147219306232,3,15.0,2.0
8,8,8,True,8,0.530854224550819,0,0.2521003603809332,2,0.13986790694685425,6,0.07717750812139354,3,0.0,1,12.0,1.0
8,6,0,False,0,0.6093296403596083,5,0.22954601729312316,2,0.05178258934660726,6,0.04549657143933054,9,0.03987301087487437,4,17.0,0.0
8,9,9,True,9,0.865753118226802,2,0.10424688177319753,4,0.016,6,0.013999999999999999,3,0.0,1,6.0,4.0
8,9,0,False,0,0.4329860433402327,7,0.2377689340193437,9,0.14103711642887296,2,0.05011774968114355,4,0.048596800134067364,3,15.0,3.0
8,9,2,False,2,0.3185042930626116,0,0.27962522256162375,7,0.17088218244871087,3,0.06638155841604157,9,0.05533147219306232,5,15.0,2.0
8,9,0,False,0,0.5040634155086902,2,0.14550053024258042,9,0.09966251207415779,3,0.08211705531499275,1,0.05577044409530251,3,16.0,4.0
9,0,0,True,0,0.5857957849359745,7,0.1877888635669819,2,0.08843634230319036,4,0.052119203660219375,5,0.043262722887974336,1,15.0,0.0
9,0,0,True,0,0.9783522727272727,3,0.011856060606060606,1,0.003087121212121212,2,0.002727272727272727,9,0.0018181818181818182,1,20.0,1.0
9,1,1,True,1,0.7746626984126983,6,0.21617063492063493,0,0.0075,2,0.0016666666666666666,3,0.0,1,9.0,0.0
9,1,0,False,0,0.47461827568716103,2,0.2572954115028417,5,0.18163693195349534,6,0.0664493808565016,1,0.01375,5,14.0,2.0
9,2,1,False,1,0.5462925210518833,2,0.2650902194372884,0,0.18445059284416188,4,0.0025,3,0.0016666666666666666,2,9.0,4.0
9,0,0,True,0,0.6852731643768785,5,0.17523426623621485,2,0.09272590366468117,6,0.04262873468774288,1,0.002758620689655172,1,16.0,0.0
9,0,0,True,0,0.5805828874168831,5,0.24559072581465458,9,0.0477938247690472,7,0.04429998569608095,6,0.041227525762789013,1,16.0,2.0
9,4,4,True,4,0.8199505494505491,1,0.1777417582417582,6,0.002307692307692308,0,0.0,3,0.0,1,8.0,6.0
9,0,4,False,4,0.3987921588215706,1,0.36920335710041585,6,0.11684809471574173,9,0.11515638936227168,3,0.0,8,8.0,5.0
9,1,0,False,0,0.6052026065065823,1,0.22670683353223273,3,0.09662481081611601,5,0.07146574914506908,2,0.0,2,17.0,1.0
9,1,2,False,2,0.772193722943723,8,0.21780627705627711,1,0.006,0,0.004,4,0.0,3,9.0,1.0
9,0,0,True,0,0.835547512386134,5,0.1600407229079829,1,0.0026470588235294116,7,0.001176470588235294,3,0.000588235294117647,1,15.0,6.0
9,4,0,False,0,0.4860039458818003,2,0.17098872420537187,1,0.10448236281437161,5,0.0981444387267097,9,0.09277220613989309,8,17.0,3.0
9,1,1,True,1,0.5770216740077052,5,0.19088542932217714,0,0.17435451185867112,3,0.05630981338287503,9,0.0014285714285714286,1,18.0,1.0
9,2,0,False,0,0.4871511849691418,1,0.2844685912384828,5,0.21786483275066856,6,0.0047619047619047615,2,0.004642375168690958,5,18.0,4.0
9,3,0,False,0,0.710069589478065,5,0.17297055390486854,3,0.07894328934529461,9,0.03564814621914006,1,0.0023684210526315787,3,17.0,2.0
9,0,0,True,0,0.710069589478065,5,0.17297055390486854,3,0.07894328934529461,9,0.03564814621914006,1,0.0023684210526315787,1,17.0,2.0
9,0,0,True,0,0.8233815889992357,6,0.14635569985569982,1,0.01566547831253714,5,0.00921441303794245,2,0.0016666666666666666,1,18.0,6.0
9,0,0,True,0,0.8101769126546937,6,0.09518514683668135,5,0.08306235677271481,2,0.004202898550724638,1,0.0038425925925925923,1,17.0,6.0
9,0,0,True,0,0.5805828874168831,5,0.24559072581465458,9,0.0477938247690472,7,0.04429998569608095,6,0.041227525762789013,1,16.0,2.0
9,3,0,False,0,0.309039067413261,2,0.2131857668655336,1,0.14136295992679393,9,0.1364730782727311,5,0.13586814257974322,6,16.0,1.0
9,0,0,True,0,0.5805828874168831,5,0.24559072581465458,9,0.0477938247690472,7,0.04429998569608095,6,0.041227525762789013,1,16.0,2.0
9,0,5,False,5,0.5074135111964059,0,0.4854436316607369,1,0.002857142857142857,6,0.0021428571428571425,2,0.0014285714285714286,2,14.0,6.0
9,0,0,True,0,0.4711157004759945,2,0.2122282978459449,3,0.1141172520290167,8,0.10436871869960102,1,0.09483669761610938,1,14.0,5.0
9,0,0,True,0,0.4917549960764557,1,0.14112769781140078,2,0.09534083355268859,3,0.09184223049707464,9,0.0904042897789838,1,16.0,3.0
9,0,0,True,0,0.6103799414430177,5,0.19772112699988365,6,0.0892034690482332,2,0.050083836803552,9,0.048537551631239406,1,17.0,0.0
9,0,0,True,0,0.4860039458818003,2,0.17098872420537187,1,0.10448236281437161,5,0.0981444387267097,9,0.09277220613989309,1,17.0,3.0
9,0,0,True,0,0.4637369376188583,5,0.13408733193661826,1,0.1151321176144411,2,0.10134037274131032,9,0.05505350892198856,1,,
9,2,2,True,2,0.6014174672148122,4,0.2641805027154533,1,0.13440203006973428,0,0.0,3,0.0,1,8.0,4.0
9,0,0,True,0,0.710069589478065,5,0.17297055390486854,3,0.07894328934529461,9,0.03564814621914006,1,0.0023684210526315787,1,17.0,2.0
9,1,2,False,2,0.6014174672148122,4,0.2641805027154533,1,0.13440203006973428,0,0.0,3,0.0,3,8.0,4.0
9,0,0,True,0,0.5123163597717185,1,0.16585406517678894,5,0.16287610604387048,2,0.10872124438559604,4,0.04758908736712363,1,18.0,3.0
9,2,0,False,0,0.29682494730844455,7,0.20939921450647442,2,0.20528958486376664,9,0.0896254214493104,1,0.07152434542954308,3,15.0,2.0
9,2,0,False,0,0.29682494730844455,7,0.20939921450647442,2,0.20528958486376664,9,0.0896254214493104,1,0.07152434542954308,3,15.0,2.0
9,0,0,True,0,0.4250232732953322,9,0.1934498826337061,1,0.16853142364171775,6,0.11112041798071204,2,0.0982386388121682,1,14.0,1.0
9,2,0,False,0,0.29682494730844455,7,0.20939921450647442,2,0.20528958486376664,9,0.0896254214493104,1,0.07152434542954308,3,15.0,2.0
9,2,0,False,0,0.29682494730844455,7,0.20939921450647442,2,0.20528958486376664,9,0.0896254214493104,1,0.07152434542954308,3,15.0,2.0
9,0,0,True,0,0.3904426129426129,3,0.30600405150405147,5,0.15817782217782214,8,0.14204218004218,6,0.0016666666666666666,1,12.0,5.0
9,0,2,False,2,0.4193368186275725,0,0.24204620859218612,1,0.10643171500576078,3,0.08487549347240195,9,0.07453978209466544,2,15.0,4.0
9,0,0,True,0,0.6089753170805801,6,0.35792965367965357,5,0.017881578947368422,1,0.007383040935672515,2,0.0040526315789473685,1,18.0,5.0
9,0,0,True,0,0.4860039458818003,2,0.17098872420537187,1,0.10448236281437161,5,0.0981444387267097,9,0.09277220613989309,1,17.0,3.0
9,0,0,True,0,0.29682494730844455,7,0.20939921450647442,2,0.20528958486376664,9,0.0896254214493104,1,0.07152434542954308,1,15.0,2.0
9,1,0,False,0,0.309039067413261,2,0.2131857668655336,1,0.14136295992679393,9,0.1364730782727311,5,0.13586814257974322,3,16.0,1.0
9,0,0,True,0,0.6103799414430177,5,0.19772112699988365,6,0.0892034690482332,2,0.050083836803552,9,0.048537551631239406,1,17.0,0.0
9,2,0,False,0,0.4917549960764557,1,0.14112769781140078,2,0.09534083355268859,3,0.09184223049707464,9,0.0904042897789838,3,16.0,3.0
9,0,0,True,0,0.297958152958153,4,0.15152886002885993,6,0.14919083694083693,1,0.13707215007215004,2,0.13438997113997111,1,11.0,2.0
9,0,0,True,0,0.4194831216085435,7,0.2054998792666367,9,0.15951422923805636,4,0.059937179736167946,1,0.05797992123120781,1,15.0,3.0
9,0,0,True,0,0.6852731643768785,5,0.17523426623621485,2,0.09272590366468117,6,0.04262873468774288,1,0.002758620689655172,1,16.0,0.0
9,1,0,False,0,0.6052026065065823,1,0.22670683353223273,3,0.09662481081611601,5,0.07146574914506908,2,0.0,2,17.0,1.0
9,0,0,True,0,0.975036654167089,5,0.015910973084886128,9,0.006122766122766122,2,0.002060041407867495,6,0.0008695652173913043,1,20.0,0.0
9,2,2,True,2,0.4193368186275725,0,0.24204620859218612,1,0.10643171500576078,3,0.08487549347240195,9,0.07453978209466544,1,15.0,4.0
9,2,2,True,2,0.4335714285714286,1,0.19825396825396824,4,0.19523412698412698,8,0.17294047619047614,3,0.0,1,8.0,1.0
9,2,2,True,2,0.772193722943723,8,0.21780627705627711,1,0.006,0,0.004,4,0.0,1,9.0,1.0
9,4,1,False,1,0.6069714133905311,4,0.2923818975142502,8,0.1006466890952185,2,0.0,3,0.0,2,8.0,2.0
9,0,0,True,0,0.4917549960764557,1,0.14112769781140078,2,0.09534083355268859,3,0.09184223049707464,9,0.0904042897789838,1,16.0,3.0
9,0,0,True,0,0.44935723706960445,1,0.17066181521072335,5,0.12642536250679842,7,0.10905201225151533,2,0.07464630858565162,1,15.0,1.0
9,0,0,True,0,0.5081783935019228,5,0.2906614064040534,1,0.09441458949547182,4,0.09098803484097596,2,0.00909090909090909,1,13.0,5.0
9,0,0,True,0,0.6103799414430177,5,0.19772112699988365,6,0.0892034690482332,2,0.050083836803552,9,0.048537551631239406,1,17.0,0.0
9,1,1,True,1,0.34423754625147807,4,0.3130288099843051,6,0.17706678675641518,5,0.08963771806109269,2,0.07602913894670861,1,8.0,0.0
9,0,0,True,0,0.45026846072253013,9,0.1430889615733839,2,0.13763764690198527,3,0.10264773003654079,5,0.0682512864629829,1,16.0,4.0
9,0,0,True,0,0.8101769126546937,6,0.09518514683668135,5,0.08306235677271481,2,0.004202898550724638,1,0.0038425925925925923,1,17.0,6.0
9,0,0,True,0,0.309039067413261,2,0.2131857668655336,1,0.14136295992679393,9,0.1364730782727311,5,0.13586814257974322,1,16.0,1.0
9,1,0,False,0,0.6852731643768785,5,0.17523426623621485,2,0.09272590366468117,6,0.04262873468774288,1,0.002758620689655172,5,16.0,0.0
9,0,0,True,0,0.8035032117640815,5,0.09844322344322343,1,0.05055252959600786,6,0.0265952380952381,9,0.011111111111111112,1,19.0,4.0
9,0,0,True,0,0.4871511849691418,1,0.2844685912384828,5,0.21786483275066856,6,0.0047619047619047615,2,0.004642375168690958,1,18.0,4.0
9,0,0,True,0,0.5604622833307046,5,0.33419944894286985,6,0.09988372227188017,1,0.0024242424242424242,9,0.0015151515151515152,1,16.0,6.0
9,0,0,True,0,0.6852731643768785,5,0.17523426623621485,2,0.09272590366468117,6,0.04262873468774288,1,0.002758620689655172,1,16.0,0.0
9,0,8,False,8,0.6288289770160144,0,0.17519550159200506,2,0.13062139471146397,6,0.06126321758960741,7,0.0022727272727272726,2,12.0,1.0
9,1,0,False,0,0.4860039458818003,2,0.17098872420537187,1,0.10448236281437161,5,0.0981444387267097,9,0.09277220613989309,3,17.0,3.0
9,2,0,False,0,0.5178184225904814,5,0.2119045439854262,8,0.09076732989232987,6,0.09040237915679093,3,0.0823073243749714,6,15.0,5.0
9,2,0,False,0,0.6052026065065823,1,0.22670683353223273,3,0.09662481081611601,5,0.07146574914506908,2,0.0,5,17.0,1.0
9,0,0,True,0,0.6904020424020427,2,0.19614953102453092,6,0.10111509324009323,8,0.005666666666666666,1,0.004,1,13.0,6.0
9,0,0,True,0,0.5178184225904814,5,0.2119045439854262,8,0.09076732989232987,6,0.09040237915679093,3,0.0823073243749714,1,15.0,5.0
9,0,0,True,0,0.443293255714039,5,0.26114858077502784,1,0.15114103079396185,6,0.07121844856210183,8,0.06667090637709162,1,17.0,5.0
9,1,0,False,0,0.5805828874168831,5,0.24559072581465458,9,0.0477938247690472,7,0.04429998569608095,6,0.041227525762789013,6,16.0,2.0
9,5,0,False,0,0.39372259195053316,5,0.24681608505873195,6,0.22716773749126684,2,0.11926328246916483,8,0.006363636363636364,2,12.0,3.0
9,5,0,False,0,0.5805828874168831,5,0.24559072581465458,9,0.0477938247690472,7,0.04429998569608095,6,0.041227525762789013,2,16.0,2.0
9,5,0,False,0,0.6103799414430177,5,0.19772112699988365,6,0.0892034690482332,2,0.050083836803552,9,0.048537551631239406,2,17.0,0.0
9,5,4,False,4,0.8199505494505491,1,0.1777417582417582,6,0.002307692307692308,0,0.0,3,0.0,7,8.0,6.0
9,5,0,False,0,0.710069589478065,5,0.17297055390486854,3,0.07894328934529461,9,0.03564814621914006,1,0.0023684210526315787,2,17.0,2.0
9,5,0,False,0,0.6052026065065823,1,0.22670683353223273,3,0.09662481081611601,5,0.07146574914506908,2,0.0,4,17.0,1.0
9,5,5,True,5,0.5074135111964059,0,0.4854436316607369,1,0.002857142857142857,6,0.0021428571428571425,2,0.0014285714285714286,1,14.0,6.0
9,5,6,False,6,0.3587942673343467,0,0.34651789586925524,3,0.15531243396714853,1,0.13937540282924915,2,0.0,7,19.0,1.0
9,5,0,False,0,0.6103799414430177,5,0.19772112699988365,6,0.0892034690482332,2,0.050083836803552,9,0.048537551631239406,2,17.0,0.0
9,5,0,False,0,0.3904426129426129,3,0.30600405150405147,5,0.15817782217782214,8,0.14204218004218,6,0.0016666666666666666,3,12.0,5.0
9,5,0,False,0,0.8101769126546937,6,0.09518514683668135,5,0.08306235677271481,2,0.004202898550724638,1,0.0038425925925925923,3,17.0,6.0
9,4,4,True,4,0.812,6,0.06916666666666667,1,0.06104761904761906,0,0.025333333333333333,2,0.021166666666666667,1,7.0,6.0
9,6,0,False,0,0.6899888444888442,1,0.15890606615606612,6,0.14577175602175602,3,0.005333333333333333,2,0.0,3,19.0,3.0
9,6,0,False,0,0.8101769126546937,6,0.09518514683668135,5,0.08306235677271481,2,0.004202898550724638,1,0.0038425925925925923,2,17.0,6.0
9,6,4,False,4,0.9023095238095238,2,0.04502380952380952,9,0.027380952380952377,1,0.016071428571428573,5,0.009214285714285713,7,7.0,3.0
9,7,0,False,0,0.4194831216085435,7,0.2054998792666367,9,0.15951422923805636,4,0.059937179736167946,1,0.05797992123120781,2,15.0,3.0
9,8,0,False,0,0.7791330719436858,5,0.1488663319760809,8,0.0659096869893242,6,0.0013636363636363635,3,0.0013636363636363635,3,16.0,5.0
9,6,2,False,2,0.6603180430680431,0,0.2237656510156509,1,0.10937784437784437,7,0.0034999999999999996,9,0.0017692307692307693,9,13.0,2.0
9,8,0,False,0,0.4711157004759945,2,0.2122282978459449,3,0.1141172520290167,8,0.10436871869960102,1,0.09483669761610938,4,14.0,5.0
9,8,0,False,0,0.297958152958153,4,0.15152886002885993,6,0.14919083694083693,1,0.13707215007215004,2,0.13438997113997111,6,11.0,2.0
9,9,0,False,0,0.4194831216085435,7,0.2054998792666367,9,0.15951422923805636,4,0.059937179736167946,1,0.05797992123120781,3,15.0,3.0
9,6,0,False,0,0.9340245726495726,8,0.017055555555555556,6,0.01625,7,0.011435897435897435,1,0.010416666666666668,3,14.0,0.0
9,6,0,False,0,0.3904426129426129,3,0.30600405150405147,5,0.15817782217782214,8,0.14204218004218,6,0.0016666666666666666,5,12.0,5.0
9,8,2,False,2,0.6603180430680431,0,0.2237656510156509,1,0.10937784437784437,7,0.0034999999999999996,9,0.0017692307692307693,6,13.0,2.0
9,9,0,False,0,0.5857957849359745,7,0.1877888635669819,2,0.08843634230319036,4,0.052119203660219375,5,0.043262722887974336,10,15.0,0.0
9,9,0,False,0,0.5857957849359745,7,0.1877888635669819,2,0.08843634230319036,4,0.052119203660219375,5,0.043262722887974336,10,15.0,0.0
9,7,0,False,0,0.5857957849359745,7,0.1877888635669819,2,0.08843634230319036,4,0.052119203660219375,5,0.043262722887974336,2,15.0,0.0
9,9,9,True,9,0.877238420076655,2,0.1027615799233446,7,0.01,4,0.01,3,0.0,1,6.0,4.0
10,0,0,True,0,0.8123571716810875,5,0.17680949498557855,9,0.005769230769230769,1,0.002307692307692308,7,0.001217948717948718,1,15.0,6.0
10,1,1,True,1,0.5792142857142858,0,0.4082857142857143,2,0.01,8,0.0025,4,0.0,1,9.0,6.0
10,0,0,True,0,0.7713928571428572,6,0.2236071428571428,5,0.005,1,0.0,3,0.0,1,20.0,5.0
10,0,0,True,0,0.5452608225108224,5,0.21966017316017308,2,0.19002849927849919,6,0.01717171717171717,3,0.01696969696969697,1,19.0,2.0
10,0,0,True,0,0.5354354531646998,1,0.18003869424987318,5,0.12026406549778486,2,0.1089146380523631,4,0.05134714903527895,1,18.0,3.0
10,1,0,False,0,0.47987103174603185,2,0.26919841269841266,6,0.2326111111111111,1,0.012,4,0.0044444444444444444,4,12.0,6.0
10,0,0,True,0,0.7552722641797714,8,0.15365841451290357,5,0.08468418617218924,2,0.0030574324324324324,1,0.002516891891891892,1,16.0,5.0
10,0,0,True,0,0.3177143944432947,6,0.306227849125867,1,0.15502835619907224,3,0.12857932565445343,5,0.07245007457731244,1,19.0,1.0
10,0,0,True,0,0.5158840836200845,1,0.2497746945347762,5,0.11192881002149409,3,0.06655862708222565,2,0.0408537847414195,1,17.0,1.0
10,0,0,True,0,0.41159345025722915,7,0.23611791734462975,2,0.10324256411553186,9,0.09373914054643297,5,0.0538024926723094,1,15.0,0.0
10,0,0,True,0,0.46272222222222226,1,0.4328333333333333,6,0.05916666666666667,8,0.0225,2,0.017222222222222222,1,10.0,0.0
10,0,2,False,2,0.540490231990232,0,0.12146234321234316,1,0.11499124486624482,8,0.11445571095571096,6,0.10860046897546896,2,13.0,2.0
10,0,0,True,0,0.27690555191607935,2,0.21897062148199095,1,0.16624013036635682,5,0.12600677783748554,3,0.10671075383822154,1,16.0,1.0
10,0,0,True,0,0.671754009741407,5,0.16267984357925802,6,0.155198511963874,1,0.006274131274131274,3,0.0029536679536679533,1,17.0,6.0
10,0,0,True,0,0.4440476402252718,1,0.238959363950463,2,0.1629094889029099,5,0.14720190812799172,9,0.003333333333333333,1,17.0,4.0
10,0,0,True,0,0.4440476402252718,1,0.238959363950463,2,0.1629094889029099,5,0.14720190812799172,9,0.003333333333333333,1,17.0,4.0
10,0,0,True,0,0.4989279727939543,5,0.16892923256690254,1,0.16417099417215508,6,0.08207361563893398,8,0.08094753852958185,1,17.0,5.0
10,0,0,True,0,0.6860287381635676,5,0.16294417905078531,2,0.10008189351950769,1,0.04094518926613966,6,0.01,1,16.0,0.0
10,0,8,False,8,0.5985306507703869,0,0.18011975936673064,2,0.14721398910948313,6,0.06413560075339926,1,0.01,2,12.0,1.0
10,0,0,True,0,0.5158840836200845,1,0.2497746945347762,5,0.11192881002149409,3,0.06655862708222565,2,0.0408537847414195,1,17.0,1.0
10,0,0,True,0,0.5158840836200845,1,0.2497746945347762,5,0.11192881002149409,3,0.06655862708222565,2,0.0408537847414195,1,17.0,1.0
10,0,0,True,0,0.41159345025722915,7,0.23611791734462975,2,0.10324256411553186,9,0.09373914054643297,5,0.0538024926723094,1,15.0,0.0
10,0,0,True,0,0.6860287381635676,5,0.16294417905078531,2,0.10008189351950769,1,0.04094518926613966,6,0.01,1,16.0,0.0
10,0,2,False,2,0.30201122952554815,0,0.2786376519077756,1,0.2548670758635928,8,0.08790574599978623,4,0.07657829670329669,2,13.0,1.0
10,0,0,True,0,0.6404213671575141,5,0.2046923334508065,3,0.11704357112437819,9,0.03257830519037818,1,0.005264423076923077,1,17.0,2.0
10,1,0,False,0,0.44545132313646135,1,0.14568640576250086,5,0.13237339139683346,7,0.10502946175942868,2,0.08771665659360126,2,15.0,1.0
10,3,0,False,0,0.5019852292573554,1,0.15412788171014877,2,0.12076741672907683,9,0.08470674848303406,5,0.05814002319958515,6,16.0,3.0
10,0,0,True,0,0.8123571716810875,5,0.17680949498557855,9,0.005769230769230769,1,0.002307692307692308,7,0.001217948717948718,1,15.0,6.0
10,4,1,False,1,0.37542217178246595,4,0.27198120017237654,6,0.17559049692137932,5,0.0960031300398947,2,0.0810030010838834,2,8.0,0.0
10,2,2,True,2,0.572671334599353,1,0.2527993798427233,4,0.1695292855579233,6,0.005,3,0.0,1,8.0,4.0
10,2,2,True,2,0.572671334599353,1,0.2527993798427233,4,0.1695292855579233,6,0.005,3,0.0,1,8.0,4.0
10,1,1,True,1,0.5029947510779554,2,0.30953485317571977,0,0.18234219061811932,7,0.0028205128205128203,9,0.0017948717948717949,1,9.0,4.0
10,1,1,True,1,0.49834512357267774,5,0.21926630945593784,0,0.20746628650846913,3,0.05492228046291513,2,0.01,1,18.0,1.0
10,2,0,False,0,0.5635602649834177,9,0.14650332420566975,3,0.08936172536078305,2,0.08388855801509924,5,0.05903101111234777,4,16.0,4.0
10,1,2,False,2,0.4696450715084362,0,0.2676879870887164,3,0.08438113675272542,9,0.07523726710624082,1,0.06365370387002614,5,15.0,4.0
10,0,0,True,0,0.5019852292573554,1,0.15412788171014877,2,0.12076741672907683,9,0.08470674848303406,5,0.05814002319958515,1,16.0,3.0
10,2,0,False,0,0.32342368389051124,2,0.2529962827917315,7,0.21465148768741496,3,0.06924131353432679,6,0.05937392144186032,2,15.0,2.0
10,1,0,False,0,0.5509797979797978,5,0.4341717171717172,6,0.0036363636363636364,7,0.003333333333333333,2,0.002727272727272727,6,14.0,3.0
10,1,0,False,0,0.5509797979797978,5,0.4341717171717172,6,0.0036363636363636364,7,0.003333333333333333,2,0.002727272727272727,6,14.0,3.0
10,2,0,False,0,0.3446468253968253,8,0.32788492063492053,2,0.32746825396825385,1,0.0,4,0.0,3,12.0,2.0
10,1,0,False,0,0.5158840836200845,1,0.2497746945347762,5,0.11192881002149409,3,0.06655862708222565,2,0.0408537847414195,2,17.0,1.0
10,2,2,True,2,0.540490231990232,0,0.12146234321234316,1,0.11499124486624482,8,0.11445571095571096,6,0.10860046897546896,1,13.0,2.0
10,0,0,True,0,0.5019852292573554,1,0.15412788171014877,2,0.12076741672907683,9,0.08470674848303406,5,0.05814002319958515,1,16.0,3.0
10,0,0,True,0,0.27690555191607935,2,0.21897062148199095,1,0.16624013036635682,5,0.12600677783748554,3,0.10671075383822154,1,16.0,1.0
10,0,0,True,0,0.33976325526325524,9,0.22239399951899938,1,0.2038818126318126,2,0.12179927942427944,6,0.11030980130980128,1,14.0,1.0
10,2,0,False,0,0.38866879247617553,7,0.27550511543727646,9,0.16316573173527335,4,0.06331125870086696,1,0.059428742330367684,7,15.0,3.0
10,2,0,False,0,0.32342368389051124,2,0.2529962827917315,7,0.21465148768741496,3,0.06924131353432679,6,0.05937392144186032,2,15.0,2.0
10,2,0,False,0,0.48285105569861264,2,0.2131055615892908,5,0.18070318906688193,6,0.06700083324417017,1,0.05633936040104432,2,14.0,2.0
10,0,0,True,0,0.38866879247617553,7,0.27550511543727646,9,0.16316573173527335,4,0.06331125870086696,1,0.059428742330367684,1,15.0,3.0
10,0,0,True,0,0.7552722641797714,8,0.15365841451290357,5,0.08468418617218924,2,0.0030574324324324324,1,0.002516891891891892,1,16.0,5.0
10,2,2,True,2,0.4092497224997226,1,0.20953305028305017,4,0.19188525363525358,8,0.18933197358197354,3,0.0,1,8.0,1.0
10,4,2,False,2,0.572671334599353,1,0.2527993798427233,4,0.1695292855579233,6,0.005,3,0.0,3,8.0,4.0
10,4,2,False,2,0.572671334599353,1,0.2527993798427233,4,0.1695292855579233,6,0.005,3,0.0,3,8.0,4.0
10,0,0,True,0,0.489423178644541,5,0.21834296880736498,2,0.11065153098821823,6,0.09129601319732897,3,0.08364813172437008,1,15.0,5.0
10,2,2,True,2,0.572671334599353,1,0.2527993798427233,4,0.1695292855579233,6,0.005,3,0.0,1,8.0,4.0
10,1,1,True,1,0.37542217178246595,4,0.27198120017237654,6,0.17559049692137932,5,0.0960031300398947,2,0.0810030010838834,1,8.0,0.0
10,1,1,True,1,0.49834512357267774,5,0.21926630945593784,0,0.20746628650846913,3,0.05492228046291513,2,0.01,1,18.0,1.0
10,1,0,False,0,0.5158840836200845,1,0.2497746945347762,5,0.11192881002149409,3,0.06655862708222565,2,0.0408537847414195,2,17.0,1.0
10,0,0,True,0,0.5757637218712374,5,0.2510002700914099,6,0.09469839375059758,2,0.03884145834129276,9,0.03581227206157819,1,17.0,0.0
10,0,0,True,0,0.6237239378268788,2,0.18912886786416183,5,0.18714719430895901,1,0.0,3,0.0,1,14.0,4.0
10,0,0,True,0,0.33976325526325524,9,0.22239399951899938,1,0.2038818126318126,2,0.12179927942427944,6,0.11030980130980128,1,14.0,1.0
10,2,0,False,0,0.49453582478982033,1,0.12873538693238393,2,0.11657529037013459,5,0.08561576253389147,9,0.0841721950885018,3,17.0,3.0
10,0,0,True,0,0.38866879247617553,7,0.27550511543727646,9,0.16316573173527335,4,0.06331125870086696,1,0.059428742330367684,1,15.0,3.0
10,0,0,True,0,0.6338963199266775,5,0.15499040090586846,1,0.08905941628713902,6,0.04095891822771244,9,0.03945340537978704,1,16.0,2.0
10,0,0,True,0,0.44545132313646135,1,0.14568640576250086,5,0.13237339139683346,7,0.10502946175942868,2,0.08771665659360126,1,15.0,1.0
10,2,0,False,0,0.5635602649834177,9,0.14650332420566975,3,0.08936172536078305,2,0.08388855801509924,5,0.05903101111234777,4,16.0,4.0
10,0,0,True,0,0.41159345025722915,7,0.23611791734462975,2,0.10324256411553186,9,0.09373914054643297,5,0.0538024926723094,1,15.0,0.0
10,0,0,True,0,0.671754009741407,5,0.16267984357925802,6,0.155198511963874,1,0.006274131274131274,3,0.0029536679536679533,1,17.0,6.0
10,0,0,True,0,0.5757637218712374,5,0.2510002700914099,6,0.09469839375059758,2,0.03884145834129276,9,0.03581227206157819,1,17.0,0.0
10,0,0,True,0,0.6404213671575141,5,0.2046923334508065,3,0.11704357112437819,9,0.03257830519037818,1,0.005264423076923077,1,17.0,2.0
10,0,0,True,0,0.546744227994228,6,0.23521933621933616,5,0.20203643578643568,2,0.013000000000000001,4,0.003,1,13.0,4.0
10,3,0,False,0,0.5158840836200845,1,0.2497746945347762,5,0.11192881002149409,3,0.06655862708222565,2,0.0408537847414195,4,17.0,1.0
10,0,0,True,0,0.5158840836200845,1,0.2497746945347762,5,0.11192881002149409,3,0.06655862708222565,2,0.0408537847414195,1,17.0,1.0
10,0,0,True,0,0.671754009741407,5,0.16267984357925802,6,0.155198511963874,1,0.006274131274131274,3,0.0029536679536679533,1,17.0,6.0
10,0,6,False,6,0.4236785714285714,8,0.4026666666666667,0,0.1130357142857143,2,0.031928571428571424,1,0.02619047619047619,3,10.0,1.0
10,5,0,False,0,0.6338963199266775,5,0.15499040090586846,1,0.08905941628713902,6,0.04095891822771244,9,0.03945340537978704,2,16.0,2.0
10,5,0,False,0,0.7041214210625975,5,0.10817166820107993,4,0.09419733860910329,1,0.09078229939994648,2,0.0018181818181818182,2,13.0,5.0
10,5,0,False,0,0.4989279727939543,5,0.16892923256690254,1,0.16417099417215508,6,0.08207361563893398,8,0.08094753852958185,2,17.0,5.0
10,5,0,False,0,0.531300181028122,5,0.4644141046861636,2,0.0014285714285714286,1,0.0014285714285714286,9,0.0014285714285714286,2,14.0,6.0
10,5,0,False,0,0.7041214210625975,5,0.10817166820107993,4,0.09419733860910329,1,0.09078229939994648,2,0.0018181818181818182,2,13.0,5.0
10,5,0,False,0,0.7552722641797714,8,0.15365841451290357,5,0.08468418617218924,2,0.0030574324324324324,1,0.002516891891891892,3,16.0,5.0
10,5,0,False,0,0.4989279727939543,5,0.16892923256690254,1,0.16417099417215508,6,0.08207361563893398,8,0.08094753852958185,2,17.0,5.0
10,5,0,False,0,0.45840476190476187,8,0.44456349206349216,4,0.04861904761904762,6,0.031215728715728717,5,0.010025252525252526,5,11.0,5.0
10,5,0,False,0,0.5354354531646998,1,0.18003869424987318,5,0.12026406549778486,2,0.1089146380523631,4,0.05134714903527895,3,18.0,3.0
10,4,4,True,4,0.4561825396825397,6,0.43826190476190474,2,0.04208333333333334,9,0.024722222222222222,1,0.021666666666666664,1,7.0,3.0
10,5,0,False,0,0.8127064974785562,5,0.0946439002174296,9,0.09190886156327334,2,0.00037037037037037035,1,0.00037037037037037035,2,18.0,0.0
10,5,0,False,0,0.6338963199266775,5,0.15499040090586846,1,0.08905941628713902,6,0.04095891822771244,9,0.03945340537978704,2,16.0,2.0
10,6,0,False,0,0.5635602649834177,9,0.14650332420566975,3,0.08936172536078305,2,0.08388855801509924,5,0.05903101111234777,7,16.0,4.0
10,6,0,False,0,0.6860287381635676,5,0.16294417905078531,2,0.10008189351950769,1,0.04094518926613966,6,0.01,5,16.0,0.0
10,6,0,False,0,0.3809251859251858,5,0.3631153013653014,6,0.12200249750249748,2,0.12168428793428791,8,0.012272727272727274,3,12.0,3.0
10,8,2,False,2,0.7561367521367518,1,0.2088632478632478,8,0.02,0,0.01,6,0.005,3,9.0,1.0
10,6,0,False,0,0.546744227994228,6,0.23521933621933616,5,0.20203643578643568,2,0.013000000000000001,4,0.003,2,13.0,4.0
10,9,0,False,0,0.32342368389051124,2,0.2529962827917315,7,0.21465148768741496,3,0.06924131353432679,6,0.05937392144186032,7,15.0,2.0
10,6,0,False,0,0.5509797979797978,5,0.4341717171717172,6,0.0036363636363636364,7,0.003333333333333333,2,0.002727272727272727,3,14.0,3.0
10,6,6,True,6,0.2433950632700633,0,0.22161779886779887,2,0.20803497890997885,5,0.2053584887334887,4,0.11826033688533684,1,13.0,3.0
10,9,2,False,2,0.30201122952554815,0,0.2786376519077756,1,0.2548670758635928,8,0.08790574599978623,4,0.07657829670329669,10,13.0,1.0
10,8,0,False,0,0.489423178644541,5,0.21834296880736498,2,0.11065153098821823,6,0.09129601319732897,3,0.08364813172437008,10,15.0,5.0
10,8,0,False,0,0.5375187960474339,2,0.18313589880192055,8,0.09669097259809332,3,0.082613294986747,1,0.07664276916753694,3,14.0,5.0
10,9,0,False,0,0.38866879247617553,7,0.27550511543727646,9,0.16316573173527335,4,0.06331125870086696,1,0.059428742330367684,3,15.0,3.0
10,7,2,False,2,0.4696450715084362,0,0.2676879870887164,3,0.08438113675272542,9,0.07523726710624082,1,0.06365370387002614,7,15.0,4.0
10,9,0,False,0,0.27690555191607935,2,0.21897062148199095,1,0.16624013036635682,5,0.12600677783748554,3,0.10671075383822154,6,16.0,1.0
10,7,9,False,9,0.5348893981835158,1,0.21795238095238098,6,0.09016666666666666,0,0.08386868686868686,4,0.04283333333333334,9,6.0,0.0
10,9,0,False,0,0.32342368389051124,2,0.2529962827917315,7,0.21465148768741496,3,0.06924131353432679,6,0.05937392144186032,7,15.0,2.0
