fold,true_cluster,predicted_cluster,correct,top1_cluster,top1_confidence,top2_cluster,top2_confidence,top3_cluster,top3_confidence,top4_cluster,top4_confidence,top5_cluster,top5_confidence,true_rank,hour,day_of_week
1,0,3,False,3,0.4566190059940059,2,0.45500685425685444,5,0.08837413974913971,1,0.0,0,0.0,5,14,6
1,3,0,False,0,0.9053120817091401,4,0.09468791829085944,2,0.0,1,0.0,3,0.0,5,20,1
1,3,3,True,3,0.808480796556813,5,0.09752708667088454,2,0.04570461779957628,1,0.02589353916760904,0,0.02239395980511689,1,13,2
1,0,0,True,0,0.4742595449483934,2,0.3353581571095476,5,0.1284274526338064,4,0.06195484530825273,3,0.0,1,14,5
1,5,1,False,1,0.4970067504985964,5,0.35430108304181046,2,0.08491915985305887,3,0.04197808168142637,0,0.021794924925107796,2,12,4
1,1,3,False,3,0.4075262216447826,1,0.37289615822874234,5,0.15960297647475685,0,0.04778612735539053,2,0.012188516296327574,2,13,1
1,5,1,False,1,0.5078742756478496,5,0.3060279439871057,3,0.15355836779929882,0,0.011082704109085543,4,0.011038678703447704,2,12,1
1,3,3,True,3,0.43831807644666215,5,0.33772864911148653,0,0.07975063642055771,2,0.07448377142277696,1,0.06971886659851653,1,12,0
1,5,1,False,1,0.5154131425420126,5,0.28893262293262284,2,0.19565423452536446,0,0.0,3,0.0,2,11,4
1,5,0,False,0,0.8548834776334773,5,0.1451165223665223,2,0.0,1,0.0,3,0.0,2,15,5
1,5,1,False,1,0.4970067504985964,5,0.35430108304181046,2,0.08491915985305887,3,0.04197808168142637,0,0.021794924925107796,2,12,4
1,5,1,False,1,0.5078742756478496,5,0.3060279439871057,3,0.15355836779929882,0,0.011082704109085543,4,0.011038678703447704,2,12,1
1,5,1,False,1,0.5078742756478496,5,0.3060279439871057,3,0.15355836779929882,0,0.011082704109085543,4,0.011038678703447704,2,12,1
1,2,2,True,2,0.7733904777156576,3,0.195270637128237,1,0.03133888515610513,0,0.0,4,0.0,1,12,3
1,3,5,False,5,0.5010826201615822,3,0.370377227738898,1,0.058736207264299276,2,0.05017346875140844,0,0.01963047608381197,2,12,2
1,0,1,False,1,0.5078742756478496,5,0.3060279439871057,3,0.15355836779929882,0,0.011082704109085543,4,0.011038678703447704,4,12,1
1,0,0,True,0,0.951792207792208,4,0.02153246753246753,2,0.018818181818181817,3,0.007857142857142858,1,0.0,1,20,6
1,0,0,True,0,1.0,1,0.0,2,0.0,3,0.0,4,0.0,1,9,0
1,0,0,True,0,1.0,1,0.0,2,0.0,3,0.0,4,0.0,1,21,2
1,0,0,True,0,0.9820984848484849,4,0.012333333333333333,1,0.0030681818181818184,3,0.0025,2,0.0,1,9,4
1,0,0,True,0,0.9726666666666667,4,0.011000000000000001,3,0.010583333333333333,5,0.00575,2,0.0,1,9,2
1,0,0,True,0,1.0,1,0.0,2,0.0,3,0.0,4,0.0,1,9,0
1,0,0,True,0,0.9866666666666666,1,0.008333333333333333,3,0.003333333333333333,5,0.0016666666666666666,2,0.0,1,9,1
1,0,0,True,0,0.5027193362193363,4,0.2587121212121211,2,0.2385685425685425,1,0.0,3,0.0,1,21,6
1,0,0,True,0,1.0,1,0.0,2,0.0,3,0.0,4,0.0,1,9,3
1,0,0,True,0,0.5027193362193363,4,0.2587121212121211,2,0.2385685425685425,1,0.0,3,0.0,1,21,6
1,0,0,True,0,0.9726666666666667,4,0.011000000000000001,3,0.010583333333333333,5,0.00575,2,0.0,1,9,2
1,0,0,True,0,0.6534147241647241,2,0.3465852758352758,1,0.0,3,0.0,4,0.0,1,22,1
1,1,3,False,3,0.4075262216447826,1,0.37289615822874234,5,0.15960297647475685,0,0.04778612735539053,2,0.012188516296327574,2,13,1
1,1,1,True,1,0.5078742756478496,5,0.3060279439871057,3,0.15355836779929882,0,0.011082704109085543,4,0.011038678703447704,1,12,1
1,1,1,True,1,0.4970067504985964,5,0.35430108304181046,2,0.08491915985305887,3,0.04197808168142637,0,0.021794924925107796,1,12,4
1,3,5,False,5,0.5010826201615822,3,0.370377227738898,1,0.058736207264299276,2,0.05017346875140844,0,0.01963047608381197,2,12,2
1,1,2,False,2,0.4800402514291933,3,0.35701332376452216,5,0.09243021983320128,0,0.07051620497308309,1,0.0,5,13,3
1,1,1,True,1,0.5078742756478496,5,0.3060279439871057,3,0.15355836779929882,0,0.011082704109085543,4,0.011038678703447704,1,12,1
1,3,5,False,5,0.39443886342415735,3,0.3834607108577696,0,0.22210042571807267,1,0.0,2,0.0,2,12,6
1,3,5,False,5,0.5010826201615822,3,0.370377227738898,1,0.058736207264299276,2,0.05017346875140844,0,0.01963047608381197,2,12,2
1,1,1,True,1,0.5078742756478496,5,0.3060279439871057,3,0.15355836779929882,0,0.011082704109085543,4,0.011038678703447704,1,12,1
1,0,3,False,3,0.4609890104429086,1,0.20448155193821393,2,0.13237413508041262,0,0.1040608145117457,5,0.09809448802671929,4,14,1
1,0,3,False,3,0.4075262216447826,1,0.37289615822874234,5,0.15960297647475685,0,0.04778612735539053,2,0.012188516296327574,4,13,1
1,3,3,True,3,0.7051442870567513,5,0.17402599127825671,2,0.05721432662370799,1,0.03855866091039484,0,0.025056734130889446,1,13,0
1,3,3,True,3,0.4609890104429086,1,0.20448155193821393,2,0.13237413508041262,0,0.1040608145117457,5,0.09809448802671929,1,14,1
1,3,0,False,0,0.48345940170940166,3,0.36101282051282063,2,0.15552777777777774,1,0.0,4,0.0,2,18,5
1,5,3,False,3,0.808480796556813,5,0.09752708667088454,2,0.04570461779957628,1,0.02589353916760904,0,0.02239395980511689,2,13,2
1,2,3,False,3,0.808480796556813,5,0.09752708667088454,2,0.04570461779957628,1,0.02589353916760904,0,0.02239395980511689,3,13,2
1,2,2,True,2,0.4800402514291933,3,0.35701332376452216,5,0.09243021983320128,0,0.07051620497308309,1,0.0,1,13,3
1,2,3,False,3,0.808480796556813,5,0.09752708667088454,2,0.04570461779957628,1,0.02589353916760904,0,0.02239395980511689,3,13,2
1,2,3,False,3,0.4609890104429086,1,0.20448155193821393,2,0.13237413508041262,0,0.1040608145117457,5,0.09809448802671929,3,14,1
1,2,2,True,2,0.7733904777156576,3,0.195270637128237,1,0.03133888515610513,0,0.0,4,0.0,1,12,3
1,5,1,False,1,0.5078742756478496,5,0.3060279439871057,3,0.15355836779929882,0,0.011082704109085543,4,0.011038678703447704,2,12,1
1,2,2,True,2,0.7733904777156576,3,0.195270637128237,1,0.03133888515610513,0,0.0,4,0.0,1,12,3
1,5,0,False,0,0.7365631590631588,5,0.26343684093684083,2,0.0,1,0.0,3,0.0,2,22,4
1,5,5,True,5,0.5010826201615822,3,0.370377227738898,1,0.058736207264299276,2,0.05017346875140844,0,0.01963047608381197,1,12,2
1,5,1,False,1,0.5078742756478496,5,0.3060279439871057,3,0.15355836779929882,0,0.011082704109085543,4,0.011038678703447704,2,12,1
1,0,0,True,0,0.6534147241647241,2,0.3465852758352758,1,0.0,3,0.0,4,0.0,1,22,1
1,0,0,True,0,0.49357287157287155,3,0.27747330447330437,2,0.22495382395382385,4,0.004,1,0.0,1,19,5
1,0,0,True,0,0.9024054269174235,4,0.09759457308257614,2,0.0,1,0.0,3,0.0,1,21,1
1,4,0,False,0,0.6027420634920633,2,0.21916269841269836,3,0.17476190476190467,5,0.003333333333333333,1,0.0,6,15,6
1,4,0,False,0,0.6534147241647241,2,0.3465852758352758,1,0.0,3,0.0,4,0.0,5,22,1
1,1,1,True,1,0.446415345587094,3,0.26330801401738946,5,0.14413727563654766,0,0.0906007181099186,2,0.05553864664904998,1,13,4
1,1,1,True,1,0.5078742756478496,5,0.3060279439871057,3,0.15355836779929882,0,0.011082704109085543,4,0.011038678703447704,1,12,1
1,1,3,False,3,0.4075262216447826,1,0.37289615822874234,5,0.15960297647475685,0,0.04778612735539053,2,0.012188516296327574,2,13,1
1,3,3,True,3,0.808480796556813,5,0.09752708667088454,2,0.04570461779957628,1,0.02589353916760904,0,0.02239395980511689,1,13,2
1,0,0,True,0,0.615764478985067,3,0.2606994476112122,2,0.12353607340372039,1,0.0,4,0.0,1,20,5
1,3,3,True,3,0.47369619068724,0,0.3306284831152347,2,0.1414818523984577,5,0.05419347379906763,1,0.0,1,13,6
1,2,2,True,2,0.7733904777156576,3,0.195270637128237,1,0.03133888515610513,0,0.0,4,0.0,1,12,3
1,1,1,True,1,0.5078742756478496,5,0.3060279439871057,3,0.15355836779929882,0,0.011082704109085543,4,0.011038678703447704,1,12,1
1,3,1,False,1,0.5078742756478496,5,0.3060279439871057,3,0.15355836779929882,0,0.011082704109085543,4,0.011038678703447704,3,12,1
1,0,0,True,0,0.5538573181839773,5,0.23232426213539065,2,0.21381841968063192,1,0.0,3,0.0,1,13,5
1,3,0,False,0,0.6697225633843281,1,0.1708730387259799,3,0.15940439788969193,2,0.0,4,0.0,3,15,4
1,3,1,False,1,0.35503334755972055,3,0.3294439126131158,0,0.19299454698326382,5,0.09282402072055036,2,0.029704172123348943,2,14,4
1,3,3,True,3,0.4075262216447826,1,0.37289615822874234,5,0.15960297647475685,0,0.04778612735539053,2,0.012188516296327574,1,13,1
1,3,3,True,3,0.7051442870567513,5,0.17402599127825671,2,0.05721432662370799,1,0.03855866091039484,0,0.025056734130889446,1,13,0
1,2,3,False,3,0.7051442870567513,5,0.17402599127825671,2,0.05721432662370799,1,0.03855866091039484,0,0.025056734130889446,3,13,0
1,3,2,False,2,0.4800402514291933,3,0.35701332376452216,5,0.09243021983320128,0,0.07051620497308309,1,0.0,2,13,3
1,0,3,False,3,0.4075262216447826,1,0.37289615822874234,5,0.15960297647475685,0,0.04778612735539053,2,0.012188516296327574,4,13,1
1,0,0,True,0,0.6837676767676766,3,0.31623232323232314,1,0.0,2,0.0,4,0.0,1,17,4
1,3,3,True,3,0.4609890104429086,1,0.20448155193821393,2,0.13237413508041262,0,0.1040608145117457,5,0.09809448802671929,1,14,1
1,3,3,True,3,0.4609890104429086,1,0.20448155193821393,2,0.13237413508041262,0,0.1040608145117457,5,0.09809448802671929,1,14,1
1,3,0,False,0,0.48345940170940166,3,0.36101282051282063,2,0.15552777777777774,1,0.0,4,0.0,2,18,5
1,3,3,True,3,0.808480796556813,5,0.09752708667088454,2,0.04570461779957628,1,0.02589353916760904,0,0.02239395980511689,1,13,2
1,2,3,False,3,0.4076740718431893,0,0.29670587827205464,2,0.19451522333875274,4,0.10110482654600299,1,0.0,3,14,0
1,0,0,True,0,0.9050784493284492,3,0.06813583638583638,2,0.023035714285714288,4,0.00375,1,0.0,1,18,4
1,3,3,True,3,0.7051442870567513,5,0.17402599127825671,2,0.05721432662370799,1,0.03855866091039484,0,0.025056734130889446,1,13,0
1,5,5,True,5,0.5010826201615822,3,0.370377227738898,1,0.058736207264299276,2,0.05017346875140844,0,0.01963047608381197,1,12,2
1,5,3,False,3,0.808480796556813,5,0.09752708667088454,2,0.04570461779957628,1,0.02589353916760904,0,0.02239395980511689,2,13,2
1,2,5,False,5,0.47258384366975364,1,0.36752277585052845,0,0.10023406392020599,3,0.059659316559511726,2,0.0,5,11,1
1,0,0,True,0,0.6027420634920633,2,0.21916269841269836,3,0.17476190476190467,5,0.003333333333333333,1,0.0,1,15,6
1,5,1,False,1,0.4970067504985964,5,0.35430108304181046,2,0.08491915985305887,3,0.04197808168142637,0,0.021794924925107796,2,12,4
1,0,0,True,0,0.856547619047619,3,0.07333333333333333,2,0.036111111111111115,4,0.031785714285714285,5,0.0022222222222222222,1,23,6
1,4,0,False,0,0.856547619047619,3,0.07333333333333333,2,0.036111111111111115,4,0.031785714285714285,5,0.0022222222222222222,4,23,6
1,0,0,True,0,1.0,1,0.0,2,0.0,3,0.0,4,0.0,1,19,2
1,0,0,True,0,0.6791666666666667,2,0.32083333333333314,1,0.0,3,0.0,4,0.0,1,22,0
1,0,0,True,0,0.5538573181839773,5,0.23232426213539065,2,0.21381841968063192,1,0.0,3,0.0,1,13,5
1,1,5,False,5,0.47258384366975364,1,0.36752277585052845,0,0.10023406392020599,3,0.059659316559511726,2,0.0,2,11,1
1,3,1,False,1,0.5078742756478496,5,0.3060279439871057,3,0.15355836779929882,0,0.011082704109085543,4,0.011038678703447704,3,12,1
1,1,3,False,3,0.4075262216447826,1,0.37289615822874234,5,0.15960297647475685,0,0.04778612735539053,2,0.012188516296327574,2,13,1
1,0,0,True,0,0.9566666666666666,3,0.021666666666666664,2,0.02,1,0.0016666666666666666,4,0.0,1,17,1
1,3,0,False,0,0.4692142857142857,4,0.4307857142857142,3,0.07,5,0.03,2,0.0,3,23,5
1,0,0,True,0,0.9199106154486989,5,0.08008938455130066,2,0.0,1,0.0,3,0.0,1,20,4
1,3,3,True,3,0.7051442870567513,5,0.17402599127825671,2,0.05721432662370799,1,0.03855866091039484,0,0.025056734130889446,1,13,0
1,2,3,False,3,0.4075262216447826,1,0.37289615822874234,5,0.15960297647475685,0,0.04778612735539053,2,0.012188516296327574,5,13,1
1,3,3,True,3,0.4075262216447826,1,0.37289615822874234,5,0.15960297647475685,0,0.04778612735539053,2,0.012188516296327574,1,13,1
1,3,3,True,3,0.4609890104429086,1,0.20448155193821393,2,0.13237413508041262,0,0.1040608145117457,5,0.09809448802671929,1,14,1
1,0,0,True,0,0.4742595449483934,2,0.3353581571095476,5,0.1284274526338064,4,0.06195484530825273,3,0.0,1,14,5
1,0,1,False,1,0.35503334755972055,3,0.3294439126131158,0,0.19299454698326382,5,0.09282402072055036,2,0.029704172123348943,3,14,4
1,0,0,True,0,0.7365631590631588,5,0.26343684093684083,2,0.0,1,0.0,3,0.0,1,22,4
1,3,3,True,3,0.4075262216447826,1,0.37289615822874234,5,0.15960297647475685,0,0.04778612735539053,2,0.012188516296327574,1,13,1
1,2,2,True,2,0.4800402514291933,3,0.35701332376452216,5,0.09243021983320128,0,0.07051620497308309,1,0.0,1,13,3
1,2,2,True,2,0.7733904777156576,3,0.195270637128237,1,0.03133888515610513,0,0.0,4,0.0,1,12,3
1,3,0,False,0,1.0,1,0.0,2,0.0,3,0.0,4,0.0,4,9,0
1,1,3,False,3,0.4075262216447826,1,0.37289615822874234,5,0.15960297647475685,0,0.04778612735539053,2,0.012188516296327574,2,13,1
1,2,0,False,0,0.5538573181839773,5,0.23232426213539065,2,0.21381841968063192,1,0.0,3,0.0,3,13,5
1,1,1,True,1,0.5078742756478496,5,0.3060279439871057,3,0.15355836779929882,0,0.011082704109085543,4,0.011038678703447704,1,12,1
1,1,1,True,1,0.4970067504985964,5,0.35430108304181046,2,0.08491915985305887,3,0.04197808168142637,0,0.021794924925107796,1,12,4
1,1,1,True,1,0.5078742756478496,5,0.3060279439871057,3,0.15355836779929882,0,0.011082704109085543,4,0.011038678703447704,1,12,1
1,1,3,False,3,0.4075262216447826,1,0.37289615822874234,5,0.15960297647475685,0,0.04778612735539053,2,0.012188516296327574,2,13,1
1,5,0,False,0,0.7365631590631588,5,0.26343684093684083,2,0.0,1,0.0,3,0.0,2,22,4
1,5,0,False,0,0.9192905140525106,5,0.08070948594748902,2,0.0,1,0.0,3,0.0,2,21,4
1,5,1,False,1,0.446415345587094,3,0.26330801401738946,5,0.14413727563654766,0,0.0906007181099186,2,0.05553864664904998,3,13,4
1,0,0,True,0,0.8132258410113637,4,0.12112605993800298,2,0.06564809905063301,1,0.0,3,0.0,1,20,0
1,0,0,True,0,0.9053120817091401,4,0.09468791829085944,2,0.0,1,0.0,3,0.0,1,20,1
1,0,0,True,0,0.9226609362859359,4,0.07733906371406368,2,0.0,1,0.0,3,0.0,1,20,2
1,0,0,True,0,0.9991666666666668,4,0.0008333333333333333,2,0.0,1,0.0,3,0.0,1,19,1
1,0,0,True,0,0.8132258410113637,4,0.12112605993800298,2,0.06564809905063301,1,0.0,3,0.0,1,20,0
2,0,0,True,0,0.5006601307189544,2,0.26331267262149605,3,0.23602719665954955,1,0.0,4,0.0,1,16,5
2,3,0,False,0,0.41624422799422794,3,0.39494552669552674,2,0.18881024531024526,1,0.0,4,0.0,2,18,5
2,3,0,False,0,0.5006601307189544,2,0.26331267262149605,3,0.23602719665954955,1,0.0,4,0.0,3,16,5
2,0,3,False,3,0.36135714285714277,0,0.35080952380952385,5,0.2718333333333333,4,0.01,2,0.006,2,15,2
2,2,3,False,3,0.35142622667429135,1,0.3247242161026238,0,0.22827979029221276,5,0.09556976693087176,2,0.0,5,14,4
2,3,1,False,1,0.40389893600778193,3,0.3809442906757981,5,0.13379303355788547,0,0.06996643458430249,2,0.011397305174231685,2,13,1
2,2,0,False,0,0.39196658986175115,3,0.32415922906245487,2,0.2813486779051294,1,0.0016473669699476152,5,0.0008781362007168459,3,11,3
2,0,0,True,0,0.9658333333333333,2,0.014722222222222223,4,0.01123015873015873,3,0.008214285714285714,1,0.0,1,20,6
2,1,1,True,1,0.4986091572359684,5,0.33551847020935405,3,0.13041365482351652,0,0.013031842534784075,2,0.01159308237009194,1,12,1
2,1,1,True,1,0.46225549303443936,5,0.40854966778595925,2,0.0842421787623252,0,0.025595653012105014,3,0.01935700740517124,1,12,4
2,3,5,False,5,0.4946390656166384,3,0.3848214811477751,1,0.05298532095659292,2,0.05007662086371457,0,0.01747751141527892,2,12,2
2,3,5,False,5,0.4946390656166384,3,0.3848214811477751,1,0.05298532095659292,2,0.05007662086371457,0,0.01747751141527892,2,12,2
2,1,1,True,1,0.46225549303443936,5,0.40854966778595925,2,0.0842421787623252,0,0.025595653012105014,3,0.01935700740517124,1,12,4
2,3,3,True,3,0.5089827057453489,5,0.283942657948372,0,0.07359809177164056,1,0.06830391017643289,2,0.06517263435820556,1,12,0
2,5,1,False,1,0.46225549303443936,5,0.40854966778595925,2,0.0842421787623252,0,0.025595653012105014,3,0.01935700740517124,2,12,4
2,5,2,False,2,0.5024398677574138,3,0.33554553451675617,0,0.06461207515440898,5,0.06444949982027863,1,0.0329530227511424,4,13,3
2,0,0,True,0,1.0,1,0.0,2,0.0,3,0.0,4,0.0,1,19,4
2,0,0,True,0,0.6324603174603173,4,0.33858730158730155,3,0.020952380952380955,2,0.008,1,0.0,1,23,6
2,0,0,True,0,0.9060520590520587,5,0.09394794094794091,2,0.0,1,0.0,3,0.0,1,20,4
2,0,0,True,0,0.9097282056608678,4,0.09027179433913175,2,0.0,1,0.0,3,0.0,1,20,2
2,4,0,False,0,0.8662886002885999,4,0.13371139971139967,2,0.0,1,0.0,3,0.0,2,20,3
2,0,0,True,0,0.9565,5,0.019,3,0.014500000000000002,4,0.01,2,0.0,1,9,2
2,0,0,True,0,0.9584999999999999,4,0.02,3,0.014555555555555558,1,0.006944444444444444,2,0.0,1,9,4
2,0,0,True,0,0.8269820942607887,4,0.11152257167833282,2,0.061495334060877885,1,0.0,3,0.0,1,20,0
2,0,0,True,0,1.0,1,0.0,2,0.0,3,0.0,4,0.0,1,9,1
2,0,0,True,0,0.8094224386724386,3,0.1905775613275612,1,0.0,2,0.0,4,0.0,1,9,0
2,0,0,True,0,0.935,4,0.065,2,0.0,1,0.0,3,0.0,1,8,2
2,0,0,True,0,0.6099130869130869,3,0.26856382506382515,2,0.121523088023088,1,0.0,4,0.0,1,20,5
2,1,1,True,1,0.4986091572359684,5,0.33551847020935405,3,0.13041365482351652,0,0.013031842534784075,2,0.01159308237009194,1,12,1
2,1,1,True,1,0.46225549303443936,5,0.40854966778595925,2,0.0842421787623252,0,0.025595653012105014,3,0.01935700740517124,1,12,4
2,1,1,True,1,0.4986091572359684,5,0.33551847020935405,3,0.13041365482351652,0,0.013031842534784075,2,0.01159308237009194,1,12,1
2,0,0,True,0,0.8394976162897989,5,0.160502383710201,2,0.0,1,0.0,3,0.0,1,21,4
2,1,3,False,3,0.35142622667429135,1,0.3247242161026238,0,0.22827979029221276,5,0.09556976693087176,2,0.0,2,14,4
2,1,1,True,1,0.44669538682404025,3,0.2234190683664654,5,0.17109488980738236,0,0.09575927293310503,2,0.06303138206900692,1,13,4
2,3,2,False,2,0.7208542443045076,5,0.08729826180307004,0,0.08316394759555573,3,0.08073581649501176,1,0.027947729801854858,4,11,2
2,3,3,True,3,0.526500013708039,0,0.31495046643824576,2,0.10987883910773669,5,0.04867068074597872,1,0.0,1,13,6
2,3,1,False,1,0.40389893600778193,3,0.3809442906757981,5,0.13379303355788547,0,0.06996643458430249,2,0.011397305174231685,2,13,1
2,3,1,False,1,0.4986091572359684,5,0.33551847020935405,3,0.13041365482351652,0,0.013031842534784075,2,0.01159308237009194,3,12,1
2,3,2,False,2,0.46725518599048,3,0.24952046727782015,1,0.10013379512644216,5,0.0950549042460807,0,0.08803564735917674,2,14,2
2,2,2,True,2,0.656493446096387,5,0.11831579368344074,3,0.11665888523241465,0,0.10853187498775735,1,0.0,1,14,3
2,3,0,False,0,0.5955327646209999,3,0.20330529029793726,1,0.2011619450810627,2,0.0,4,0.0,2,15,4
2,5,3,False,3,0.3518145881895881,1,0.2990168165168165,0,0.25856386668886666,5,0.09060472860472858,2,0.0,4,15,1
2,2,1,False,1,0.40389893600778193,3,0.3809442906757981,5,0.13379303355788547,0,0.06996643458430249,2,0.011397305174231685,5,13,1
2,2,3,False,3,0.39677745654758034,0,0.3201455294361639,2,0.18929500539020666,4,0.09378200862604887,1,0.0,3,14,0
2,3,3,True,3,0.7524183721383179,5,0.10723467199403963,2,0.09275404414960312,0,0.02470948073945575,1,0.02288343097858384,1,13,2
2,2,0,False,0,0.9090420819490588,4,0.07119047619047619,5,0.012093023255813953,3,0.0065116279069767444,1,0.0009302325581395348,6,0,0
2,2,2,True,2,0.8440511886659567,3,0.12654854277962685,1,0.02940026855441631,0,0.0,4,0.0,1,12,3
2,5,5,True,5,0.4946390656166384,3,0.3848214811477751,1,0.05298532095659292,2,0.05007662086371457,0,0.01747751141527892,1,12,2
2,1,1,True,1,0.4986091572359684,5,0.33551847020935405,3,0.13041365482351652,0,0.013031842534784075,2,0.01159308237009194,1,12,1
2,5,3,False,3,0.5089827057453489,5,0.283942657948372,0,0.07359809177164056,1,0.06830391017643289,2,0.06517263435820556,2,12,0
2,5,1,False,1,0.5374477664372838,5,0.31397078080457397,2,0.14858145275814202,0,0.0,3,0.0,2,11,4
2,5,3,False,3,0.5089827057453489,5,0.283942657948372,0,0.07359809177164056,1,0.06830391017643289,2,0.06517263435820556,2,12,0
2,5,0,False,0,0.7103585171708237,5,0.2896414828291761,2,0.0,1,0.0,3,0.0,2,22,4
2,2,1,False,1,0.5374477664372838,5,0.31397078080457397,2,0.14858145275814202,0,0.0,3,0.0,3,11,4
2,5,3,False,3,0.5089827057453489,5,0.283942657948372,0,0.07359809177164056,1,0.06830391017643289,2,0.06517263435820556,2,12,0
2,5,5,True,5,0.41232881444980984,1,0.3902336266376917,0,0.0973198519890941,2,0.055527093442320936,3,0.044590613481083265,1,11,1
2,2,0,False,0,0.5298903074050133,4,0.24320853982618687,3,0.12666666666666668,2,0.10023448610213316,1,0.0,4,22,6
2,0,0,True,0,1.0,1,0.0,2,0.0,3,0.0,4,0.0,1,21,2
2,4,3,False,3,0.5015674603174604,4,0.27240873015873013,0,0.22435714285714276,2,0.0016666666666666666,1,0.0,2,22,3
2,0,0,True,0,0.7265984848484848,4,0.2682499999999999,2,0.003333333333333333,5,0.0018181818181818182,3,0.0,1,15,6
2,0,0,True,0,0.6967619047619046,2,0.29990476190476184,4,0.003333333333333333,1,0.0,3,0.0,1,1,3
2,1,1,True,1,0.4986091572359684,5,0.33551847020935405,3,0.13041365482351652,0,0.013031842534784075,2,0.01159308237009194,1,12,1
2,3,1,False,1,0.4986091572359684,5,0.33551847020935405,3,0.13041365482351652,0,0.013031842534784075,2,0.01159308237009194,3,12,1
2,3,1,False,1,0.46225549303443936,5,0.40854966778595925,2,0.0842421787623252,0,0.025595653012105014,3,0.01935700740517124,5,12,4
2,3,2,False,2,0.8440511886659567,3,0.12654854277962685,1,0.02940026855441631,0,0.0,4,0.0,2,12,3
2,1,1,True,1,0.40389893600778193,3,0.3809442906757981,5,0.13379303355788547,0,0.06996643458430249,2,0.011397305174231685,1,13,1
2,1,1,True,1,0.4986091572359684,5,0.33551847020935405,3,0.13041365482351652,0,0.013031842534784075,2,0.01159308237009194,1,12,1
2,3,1,False,1,0.4986091572359684,5,0.33551847020935405,3,0.13041365482351652,0,0.013031842534784075,2,0.01159308237009194,3,12,1
2,3,2,False,2,0.5024398677574138,3,0.33554553451675617,0,0.06461207515440898,5,0.06444949982027863,1,0.0329530227511424,2,13,3
2,0,0,True,0,0.5955327646209999,3,0.20330529029793726,1,0.2011619450810627,2,0.0,4,0.0,1,15,4
2,1,1,True,1,0.40389893600778193,3,0.3809442906757981,5,0.13379303355788547,0,0.06996643458430249,2,0.011397305174231685,1,13,1
2,2,3,False,3,0.526500013708039,0,0.31495046643824576,2,0.10987883910773669,5,0.04867068074597872,1,0.0,3,13,6
2,3,3,True,3,0.526500013708039,0,0.31495046643824576,2,0.10987883910773669,5,0.04867068074597872,1,0.0,1,13,6
2,3,3,True,3,0.749871308776177,5,0.13993101805191674,2,0.08061248929510625,0,0.029585183876799506,1,0.0,1,13,0
2,3,0,False,0,0.41624422799422794,3,0.39494552669552674,2,0.18881024531024526,1,0.0,4,0.0,2,18,5
2,3,1,False,1,0.44669538682404025,3,0.2234190683664654,5,0.17109488980738236,0,0.09575927293310503,2,0.06303138206900692,2,13,4
2,3,0,False,0,0.7265984848484848,4,0.2682499999999999,2,0.003333333333333333,5,0.0018181818181818182,3,0.0,5,15,6
2,3,2,False,2,0.656493446096387,5,0.11831579368344074,3,0.11665888523241465,0,0.10853187498775735,1,0.0,3,14,3
2,5,3,False,3,0.7524183721383179,5,0.10723467199403963,2,0.09275404414960312,0,0.02470948073945575,1,0.02288343097858384,2,13,2
2,1,1,True,1,0.4986091572359684,5,0.33551847020935405,3,0.13041365482351652,0,0.013031842534784075,2,0.01159308237009194,1,12,1
2,5,3,False,3,0.749871308776177,5,0.13993101805191674,2,0.08061248929510625,0,0.029585183876799506,1,0.0,2,13,0
2,5,5,True,5,0.4946390656166384,3,0.3848214811477751,1,0.05298532095659292,2,0.05007662086371457,0,0.01747751141527892,1,12,2
2,2,2,True,2,0.7208542443045076,5,0.08729826180307004,0,0.08316394759555573,3,0.08073581649501176,1,0.027947729801854858,1,11,2
2,5,1,False,1,0.40389893600778193,3,0.3809442906757981,5,0.13379303355788547,0,0.06996643458430249,2,0.011397305174231685,3,13,1
2,5,3,False,3,0.5089827057453489,5,0.283942657948372,0,0.07359809177164056,1,0.06830391017643289,2,0.06517263435820556,2,12,0
2,0,0,True,0,1.0,1,0.0,2,0.0,3,0.0,4,0.0,1,21,2
2,0,0,True,0,0.8269820942607887,4,0.11152257167833282,2,0.061495334060877885,1,0.0,3,0.0,1,20,0
2,0,0,True,0,0.41624422799422794,3,0.39494552669552674,2,0.18881024531024526,1,0.0,4,0.0,1,18,5
2,0,0,True,0,1.0,1,0.0,2,0.0,3,0.0,4,0.0,1,19,4
2,4,4,True,4,0.41614667277167283,0,0.2997927627927627,3,0.2840605644355643,1,0.0,2,0.0,1,19,6
2,1,3,False,3,0.749871308776177,5,0.13993101805191674,2,0.08061248929510625,0,0.029585183876799506,1,0.0,5,13,0
2,0,0,True,0,0.48334565030025395,2,0.2923095817431695,5,0.22434476795657637,1,0.0,3,0.0,1,13,5
2,1,1,True,1,0.46225549303443936,5,0.40854966778595925,2,0.0842421787623252,0,0.025595653012105014,3,0.01935700740517124,1,12,4
2,1,3,False,3,0.5089827057453489,5,0.283942657948372,0,0.07359809177164056,1,0.06830391017643289,2,0.06517263435820556,4,12,0
2,1,1,True,1,0.5374477664372838,5,0.31397078080457397,2,0.14858145275814202,0,0.0,3,0.0,1,11,4
2,2,0,False,0,0.7265984848484848,4,0.2682499999999999,2,0.003333333333333333,5,0.0018181818181818182,3,0.0,3,15,6
2,3,1,False,1,0.4986091572359684,5,0.33551847020935405,3,0.13041365482351652,0,0.013031842534784075,2,0.01159308237009194,3,12,1
2,0,0,True,0,0.5955327646209999,3,0.20330529029793726,1,0.2011619450810627,2,0.0,4,0.0,1,15,4
2,0,0,True,0,0.9060520590520587,5,0.09394794094794091,2,0.0,1,0.0,3,0.0,1,20,4
2,0,0,True,0,0.9060520590520587,5,0.09394794094794091,2,0.0,1,0.0,3,0.0,1,20,4
2,2,3,False,3,0.4250301226551227,2,0.3436315073815074,0,0.11650574425574418,5,0.11483262570762562,1,0.0,2,14,6
2,3,3,True,3,0.35142622667429135,1,0.3247242161026238,0,0.22827979029221276,5,0.09556976693087176,2,0.0,1,14,4
2,0,0,True,0,0.48334565030025395,2,0.2923095817431695,5,0.22434476795657637,1,0.0,3,0.0,1,13,5
2,0,3,False,3,0.526500013708039,0,0.31495046643824576,2,0.10987883910773669,5,0.04867068074597872,1,0.0,2,13,6
2,3,3,True,3,0.7524183721383179,5,0.10723467199403963,2,0.09275404414960312,0,0.02470948073945575,1,0.02288343097858384,1,13,2
2,3,1,False,1,0.44669538682404025,3,0.2234190683664654,5,0.17109488980738236,0,0.09575927293310503,2,0.06303138206900692,2,13,4
2,3,1,False,1,0.40389893600778193,3,0.3809442906757981,5,0.13379303355788547,0,0.06996643458430249,2,0.011397305174231685,2,13,1
2,2,3,False,3,0.5089827057453489,5,0.283942657948372,0,0.07359809177164056,1,0.06830391017643289,2,0.06517263435820556,5,12,0
2,1,1,True,1,0.44669538682404025,3,0.2234190683664654,5,0.17109488980738236,0,0.09575927293310503,2,0.06303138206900692,1,13,4
2,5,1,False,1,0.40389893600778193,3,0.3809442906757981,5,0.13379303355788547,0,0.06996643458430249,2,0.011397305174231685,3,13,1
2,5,1,False,1,0.4986091572359684,5,0.33551847020935405,3,0.13041365482351652,0,0.013031842534784075,2,0.01159308237009194,2,12,1
2,2,2,True,2,0.5024398677574138,3,0.33554553451675617,0,0.06461207515440898,5,0.06444949982027863,1,0.0329530227511424,1,13,3
2,3,1,False,1,0.40389893600778193,3,0.3809442906757981,5,0.13379303355788547,0,0.06996643458430249,2,0.011397305174231685,2,13,1
2,0,3,False,3,0.526500013708039,0,0.31495046643824576,2,0.10987883910773669,5,0.04867068074597872,1,0.0,2,13,6
2,5,1,False,1,0.4986091572359684,5,0.33551847020935405,3,0.13041365482351652,0,0.013031842534784075,2,0.01159308237009194,2,12,1
2,0,3,False,3,0.5089827057453489,5,0.283942657948372,0,0.07359809177164056,1,0.06830391017643289,2,0.06517263435820556,3,12,0
2,0,1,False,1,0.4986091572359684,5,0.33551847020935405,3,0.13041365482351652,0,0.013031842534784075,2,0.01159308237009194,4,12,1
2,0,0,True,0,0.8269820942607887,4,0.11152257167833282,2,0.061495334060877885,1,0.0,3,0.0,1,20,0
2,0,0,True,0,1.0,1,0.0,2,0.0,3,0.0,4,0.0,1,21,2
2,0,0,True,0,0.99,2,0.01,1,0.0,3,0.0,4,0.0,1,0,3
2,0,0,True,0,0.4648333333333333,4,0.4617777777777777,2,0.04656060606060606,3,0.022282828282828283,1,0.0036363636363636364,1,22,2
2,0,5,False,5,0.57,0,0.16208333333333333,3,0.15749999999999997,4,0.11041666666666666,2,0.0,2,0,5
2,0,0,True,0,0.6967619047619046,2,0.29990476190476184,4,0.003333333333333333,1,0.0,3,0.0,1,1,3
2,0,0,True,0,0.833112433361272,4,0.09683792390100439,3,0.07004964273772321,1,0.0,2,0.0,1,20,1
3,1,1,True,1,0.40533489714526305,3,0.28354697399927714,5,0.1717404336499051,0,0.10076863548112412,2,0.03860905972443068,1,13,4
3,3,3,True,3,0.4539855671199774,0,0.3640235604925836,2,0.13231425317465015,5,0.049676619212788535,1,0.0,1,13,6
3,2,0,False,0,0.5830294877551068,3,0.3231246487860264,2,0.09384586345886659,1,0.0,4,0.0,3,16,5
3,0,2,False,2,0.5679466677113738,3,0.3188960647195941,1,0.11315726756903224,0,0.0,4,0.0,4,14,2
3,3,3,True,3,0.7157537807721375,5,0.14405053608898025,2,0.08142886326748472,1,0.029770765501489348,0,0.028996054369908274,1,13,0
3,2,0,False,0,0.6498707644806548,5,0.21542468567201023,2,0.1347045498473348,1,0.0,3,0.0,3,13,5
3,3,4,False,4,0.4894325396825396,3,0.26684126984126977,0,0.2437261904761904,1,0.0,2,0.0,2,22,3
3,5,1,False,1,0.4826101085560047,5,0.3130606943931676,3,0.1562699748488887,0,0.023915110384648493,2,0.012613842007659394,2,12,1
3,2,2,True,2,0.4726930616894722,3,0.38272772196034716,5,0.058066146112754964,0,0.05468385497254629,1,0.03182921526487918,1,13,3
3,3,3,True,3,0.43736559762909166,5,0.3006993167302507,0,0.0917588884463945,2,0.08888248090715535,1,0.08129371628710763,1,12,0
3,5,1,False,1,0.41357485088589185,3,0.36940014103659585,5,0.13465556890270539,0,0.05813169129127848,2,0.02423774788352817,3,13,1
3,3,5,False,5,0.5440273558034668,3,0.3573639347723933,2,0.05810493124501631,1,0.0405037781791236,0,0.0,2,12,2
3,5,1,False,1,0.510722245611648,5,0.35617201548265187,2,0.06686887862373425,3,0.041156220357318724,0,0.02508063992464713,2,12,4
3,5,1,False,1,0.40533489714526305,3,0.28354697399927714,5,0.1717404336499051,0,0.10076863548112412,2,0.03860905972443068,3,13,4
3,0,1,False,1,0.41357485088589185,3,0.36940014103659585,5,0.13465556890270539,0,0.05813169129127848,2,0.02423774788352817,4,13,1
3,0,0,True,0,0.45905194805194804,2,0.1837539682539682,4,0.18005050505050493,3,0.17714357864357858,1,0.0,1,15,6
3,0,0,True,0,0.79217768841066,5,0.20782231158933948,2,0.0,1,0.0,3,0.0,1,21,4
3,0,0,True,0,0.8089692429843722,4,0.12345802487410032,2,0.0675727321415267,1,0.0,3,0.0,1,20,0
3,0,0,True,0,0.7519999999999998,1,0.24799999999999994,2,0.0,3,0.0,4,0.0,1,10,1
3,0,0,True,0,1.0,1,0.0,2,0.0,3,0.0,4,0.0,1,21,0
3,0,0,True,0,1.0,1,0.0,2,0.0,3,0.0,4,0.0,1,21,0
3,0,0,True,0,0.597819850084556,2,0.3042940833676126,4,0.09788606654783125,1,0.0,3,0.0,1,22,1
3,0,0,True,0,0.79217768841066,5,0.20782231158933948,2,0.0,1,0.0,3,0.0,1,21,4
3,0,0,True,0,0.9099761904761905,3,0.039857142857142855,4,0.026000000000000002,1,0.024166666666666666,2,0.0,1,8,1
3,0,0,True,0,1.0,1,0.0,2,0.0,3,0.0,4,0.0,1,21,0
3,3,3,True,3,0.34719091523236656,5,0.2808766267406683,1,0.14657165516620227,0,0.11799034620859443,2,0.10737045665216817,1,11,0
3,1,1,True,1,0.40533489714526305,3,0.28354697399927714,5,0.1717404336499051,0,0.10076863548112412,2,0.03860905972443068,1,13,4
3,2,2,True,2,0.83468562203271,3,0.16531437796728976,1,0.0,0,0.0,4,0.0,1,12,3
3,1,1,True,1,0.4826101085560047,5,0.3130606943931676,3,0.1562699748488887,0,0.023915110384648493,2,0.012613842007659394,1,12,1
3,1,2,False,2,0.83468562203271,3,0.16531437796728976,1,0.0,0,0.0,4,0.0,3,12,3
3,1,1,True,1,0.4826101085560047,5,0.3130606943931676,3,0.1562699748488887,0,0.023915110384648493,2,0.012613842007659394,1,12,1
3,0,0,True,0,0.9389141414141414,4,0.028560606060606054,3,0.022525252525252525,2,0.01,1,0.0,1,20,6
3,0,5,False,5,0.5440273558034668,3,0.3573639347723933,2,0.05810493124501631,1,0.0405037781791236,0,0.0,5,12,2
3,3,3,True,3,0.32904617085423515,1,0.3189811355155475,0,0.21935962947303128,5,0.09762621956566836,2,0.034986844591517616,1,14,4
3,3,1,False,1,0.41357485088589185,3,0.36940014103659585,5,0.13465556890270539,0,0.05813169129127848,2,0.02423774788352817,2,13,1
3,3,3,True,3,0.7157537807721375,5,0.14405053608898025,2,0.08142886326748472,1,0.029770765501489348,0,0.028996054369908274,1,13,0
3,2,0,False,0,0.5830294877551068,3,0.3231246487860264,2,0.09384586345886659,1,0.0,4,0.0,3,16,5
3,2,2,True,2,0.4726930616894722,3,0.38272772196034716,5,0.058066146112754964,0,0.05468385497254629,1,0.03182921526487918,1,13,3
3,3,0,False,0,0.7921865079365078,3,0.19781349206349202,2,0.01,1,0.0,4,0.0,2,17,4
3,3,1,False,1,0.4826101085560047,5,0.3130606943931676,3,0.1562699748488887,0,0.023915110384648493,2,0.012613842007659394,3,12,1
3,1,1,True,1,0.4826101085560047,5,0.3130606943931676,3,0.1562699748488887,0,0.023915110384648493,2,0.012613842007659394,1,12,1
3,1,1,True,1,0.4826101085560047,5,0.3130606943931676,3,0.1562699748488887,0,0.023915110384648493,2,0.012613842007659394,1,12,1
3,5,5,True,5,0.5440273558034668,3,0.3573639347723933,2,0.05810493124501631,1,0.0405037781791236,0,0.0,1,12,2
3,5,1,False,1,0.4826101085560047,5,0.3130606943931676,3,0.1562699748488887,0,0.023915110384648493,2,0.012613842007659394,2,12,1
3,1,1,True,1,0.510722245611648,5,0.35617201548265187,2,0.06686887862373425,3,0.041156220357318724,0,0.02508063992464713,1,12,4
3,1,5,False,5,0.4241603559207233,1,0.35730734777528217,0,0.10980066813569764,2,0.06236284586426292,3,0.04636878230403358,2,11,1
3,5,5,True,5,0.4241603559207233,1,0.35730734777528217,0,0.10980066813569764,2,0.06236284586426292,3,0.04636878230403358,1,11,1
3,4,0,False,0,0.6525143190143189,5,0.30414285714285716,3,0.027580919080919083,2,0.01576190476190476,1,0.0,6,17,5
3,5,1,False,1,0.510722245611648,5,0.35617201548265187,2,0.06686887862373425,3,0.041156220357318724,0,0.02508063992464713,2,12,4
3,5,2,False,2,0.5679466677113738,3,0.3188960647195941,1,0.11315726756903224,0,0.0,4,0.0,6,14,2
3,0,0,True,0,0.7407935814185812,2,0.25920641858141846,1,0.0,3,0.0,4,0.0,1,12,5
3,0,0,True,0,0.901614284408402,4,0.09838571559159791,2,0.0,1,0.0,3,0.0,1,20,2
3,0,0,True,0,0.707646645021645,2,0.28194751082251074,4,0.007280844155844155,3,0.003125,1,0.0,1,22,0
3,0,0,True,0,0.9056494994084001,4,0.09435050059159962,2,0.0,1,0.0,3,0.0,1,21,1
3,0,0,True,0,0.8089692429843722,4,0.12345802487410032,2,0.0675727321415267,1,0.0,3,0.0,1,20,0
3,0,0,True,0,0.79217768841066,5,0.20782231158933948,2,0.0,1,0.0,3,0.0,1,21,4
3,0,4,False,4,0.5750948218448219,3,0.28016330891330876,0,0.14474186924186916,1,0.0,2,0.0,3,19,6
3,2,0,False,0,0.5936946183294278,2,0.22339954202891663,5,0.11887880750813175,4,0.06402703213352356,3,0.0,2,14,5
3,1,1,True,1,0.40533489714526305,3,0.28354697399927714,5,0.1717404336499051,0,0.10076863548112412,2,0.03860905972443068,1,13,4
3,2,0,False,0,0.7407935814185812,2,0.25920641858141846,1,0.0,3,0.0,4,0.0,2,12,5
3,3,5,False,5,0.5440273558034668,3,0.3573639347723933,2,0.05810493124501631,1,0.0405037781791236,0,0.0,2,12,2
3,3,3,True,3,0.43736559762909166,5,0.3006993167302507,0,0.0917588884463945,2,0.08888248090715535,1,0.08129371628710763,1,12,0
3,3,3,True,3,0.43736559762909166,5,0.3006993167302507,0,0.0917588884463945,2,0.08888248090715535,1,0.08129371628710763,1,12,0
3,2,0,False,0,1.0,1,0.0,2,0.0,3,0.0,4,0.0,3,1,3
3,2,3,False,3,0.5610682650682651,0,0.43893173493173476,1,0.0,2,0.0,4,0.0,4,18,5
3,3,2,False,2,0.4353152958152959,3,0.2970014430014427,0,0.14937445887445885,5,0.1183088023088023,1,0.0,2,14,6
3,3,3,True,3,0.7441189889455141,5,0.11347708535507502,2,0.09328924543305503,0,0.025918300861000058,1,0.02319637940535548,1,13,2
3,0,0,True,0,0.5929285714285714,5,0.40207142857142864,2,0.003333333333333333,3,0.0016666666666666666,1,0.0,1,15,5
3,1,3,False,3,0.32904617085423515,1,0.3189811355155475,0,0.21935962947303128,5,0.09762621956566836,2,0.034986844591517616,2,14,4
3,3,2,False,2,0.5679466677113738,3,0.3188960647195941,1,0.11315726756903224,0,0.0,4,0.0,2,14,2
3,0,0,True,0,0.515362554112554,1,0.2626125541125541,3,0.22202489177489165,2,0.0,4,0.0,1,16,1
3,0,0,True,0,0.6235535020535019,3,0.24710839160839157,2,0.1293381063381063,1,0.0,4,0.0,1,20,5
3,3,3,True,3,0.4539855671199774,0,0.3640235604925836,2,0.13231425317465015,5,0.049676619212788535,1,0.0,1,13,6
3,3,0,False,0,0.27952704094151437,1,0.2702398091674405,3,0.26760331773489654,5,0.1826298321561478,2,0.0,3,15,1
3,0,0,True,0,0.7921865079365078,3,0.19781349206349202,2,0.01,1,0.0,4,0.0,1,17,4
3,5,3,False,3,0.7157537807721375,5,0.14405053608898025,2,0.08142886326748472,1,0.029770765501489348,0,0.028996054369908274,2,13,0
3,5,3,False,3,0.43736559762909166,5,0.3006993167302507,0,0.0917588884463945,2,0.08888248090715535,1,0.08129371628710763,2,12,0
3,5,3,False,3,0.43736559762909166,5,0.3006993167302507,0,0.0917588884463945,2,0.08888248090715535,1,0.08129371628710763,2,12,0
3,5,3,False,3,0.43736559762909166,5,0.3006993167302507,0,0.0917588884463945,2,0.08888248090715535,1,0.08129371628710763,2,12,0
3,1,1,True,1,0.41357485088589185,3,0.36940014103659585,5,0.13465556890270539,0,0.05813169129127848,2,0.02423774788352817,1,13,1
3,5,3,False,3,0.7441189889455141,5,0.11347708535507502,2,0.09328924543305503,0,0.025918300861000058,1,0.02319637940535548,2,13,2
3,0,0,True,0,0.5929285714285714,5,0.40207142857142864,2,0.003333333333333333,3,0.0016666666666666666,1,0.0,1,15,5
3,0,0,True,0,0.9496666666666667,2,0.044333333333333336,5,0.006,1,0.0,3,0.0,1,0,3
3,0,0,True,0,0.8524390331890328,2,0.1475609668109668,1,0.0,3,0.0,4,0.0,1,19,3
3,0,2,False,2,0.6897229437229437,0,0.14410533910533907,3,0.13811111111111113,4,0.02806060606060606,1,0.0,2,16,6
3,1,5,False,5,0.5440273558034668,3,0.3573639347723933,2,0.05810493124501631,1,0.0405037781791236,0,0.0,4,12,2
3,3,5,False,5,0.5440273558034668,3,0.3573639347723933,2,0.05810493124501631,1,0.0405037781791236,0,0.0,2,12,2
3,0,2,False,2,0.46055555555555555,3,0.42380230880230874,0,0.10555375180375182,1,0.008977272727272728,4,0.0011111111111111111,3,15,0
3,2,0,False,0,0.6498707644806548,5,0.21542468567201023,2,0.1347045498473348,1,0.0,3,0.0,3,13,5
3,3,1,False,1,0.41357485088589185,3,0.36940014103659585,5,0.13465556890270539,0,0.05813169129127848,2,0.02423774788352817,2,13,1
3,0,0,True,0,0.79217768841066,5,0.20782231158933948,2,0.0,1,0.0,3,0.0,1,21,4
3,3,3,True,3,0.7441189889455141,5,0.11347708535507502,2,0.09328924543305503,0,0.025918300861000058,1,0.02319637940535548,1,13,2
3,3,2,False,2,0.4353152958152959,3,0.2970014430014427,0,0.14937445887445885,5,0.1183088023088023,1,0.0,2,14,6
3,2,3,False,3,0.4392642357642358,0,0.40093720168720176,2,0.15979856254856253,1,0.0,4,0.0,3,21,5
3,2,2,True,2,0.4353152958152959,3,0.2970014430014427,0,0.14937445887445885,5,0.1183088023088023,1,0.0,1,14,6
3,3,3,True,3,0.43736559762909166,5,0.3006993167302507,0,0.0917588884463945,2,0.08888248090715535,1,0.08129371628710763,1,12,0
3,3,3,True,3,0.5143940711514963,1,0.160030989854095,2,0.14206573778233783,0,0.09856786106621052,5,0.0849413401458599,1,14,1
3,3,1,False,1,0.41357485088589185,3,0.36940014103659585,5,0.13465556890270539,0,0.05813169129127848,2,0.02423774788352817,2,13,1
3,5,0,False,0,0.6208849206349207,3,0.32799007936507935,4,0.03,5,0.013000000000000001,1,0.008125,4,15,2
3,3,1,False,1,0.41357485088589185,3,0.36940014103659585,5,0.13465556890270539,0,0.05813169129127848,2,0.02423774788352817,2,13,1
3,3,5,False,5,0.5440273558034668,3,0.3573639347723933,2,0.05810493124501631,1,0.0405037781791236,0,0.0,2,12,2
3,3,2,False,2,0.3410576784326784,3,0.3154566405816403,0,0.2406040209790209,4,0.10288166000665998,1,0.0,2,14,0
3,3,3,True,3,0.43736559762909166,5,0.3006993167302507,0,0.0917588884463945,2,0.08888248090715535,1,0.08129371628710763,1,12,0
3,1,1,True,1,0.4826101085560047,5,0.3130606943931676,3,0.1562699748488887,0,0.023915110384648493,2,0.012613842007659394,1,12,1
3,1,1,True,1,0.40533489714526305,3,0.28354697399927714,5,0.1717404336499051,0,0.10076863548112412,2,0.03860905972443068,1,13,4
3,1,1,True,1,0.4541217404176417,5,0.3335484146019546,2,0.21232984498040353,0,0.0,3,0.0,1,11,4
3,5,1,False,1,0.4826101085560047,5,0.3130606943931676,3,0.1562699748488887,0,0.023915110384648493,2,0.012613842007659394,2,12,1
3,1,1,True,1,0.41357485088589185,3,0.36940014103659585,5,0.13465556890270539,0,0.05813169129127848,2,0.02423774788352817,1,13,1
3,2,1,False,1,0.510722245611648,5,0.35617201548265187,2,0.06686887862373425,3,0.041156220357318724,0,0.02508063992464713,3,12,4
3,1,1,True,1,0.41357485088589185,3,0.36940014103659585,5,0.13465556890270539,0,0.05813169129127848,2,0.02423774788352817,1,13,1
3,1,1,True,1,0.4826101085560047,5,0.3130606943931676,3,0.1562699748488887,0,0.023915110384648493,2,0.012613842007659394,1,12,1
3,2,1,False,1,0.40533489714526305,3,0.28354697399927714,5,0.1717404336499051,0,0.10076863548112412,2,0.03860905972443068,5,13,4
3,5,1,False,1,0.510722245611648,5,0.35617201548265187,2,0.06686887862373425,3,0.041156220357318724,0,0.02508063992464713,2,12,4
3,5,2,False,2,0.4726930616894722,3,0.38272772196034716,5,0.058066146112754964,0,0.05468385497254629,1,0.03182921526487918,3,13,3
3,4,0,False,0,1.0,1,0.0,2,0.0,3,0.0,4,0.0,5,1,0
3,4,4,True,4,0.5146666666666667,0,0.48533333333333323,2,0.0,1,0.0,3,0.0,1,3,2
3,0,0,True,0,0.9496666666666667,2,0.044333333333333336,5,0.006,1,0.0,3,0.0,1,0,3
3,0,0,True,0,0.9766046365914788,4,0.015359649122807018,5,0.008035714285714287,1,0.0,3,0.0,1,21,3
3,0,0,True,0,0.6557839105339106,4,0.3442160894660894,2,0.0,1,0.0,3,0.0,1,20,3
3,0,0,True,0,1.0,1,0.0,2,0.0,3,0.0,4,0.0,1,21,0
3,0,0,True,0,0.6557839105339106,4,0.3442160894660894,2,0.0,1,0.0,3,0.0,1,20,3
3,0,0,True,0,0.901614284408402,4,0.09838571559159791,2,0.0,1,0.0,3,0.0,1,20,2
3,0,2,False,2,0.3410576784326784,3,0.3154566405816403,0,0.2406040209790209,4,0.10288166000665998,1,0.0,3,14,0
3,0,0,True,0,0.8524390331890328,2,0.1475609668109668,1,0.0,3,0.0,4,0.0,1,19,3
4,1,1,True,1,0.42158371423842556,3,0.2776368225943198,5,0.15481675336138412,0,0.08611866957338926,2,0.059844040232481195,1,13,4
4,3,3,True,3,0.7532853909753493,5,0.14783722205167604,2,0.07441840090155978,1,0.024458986071414657,0,0.0,1,13,2
4,3,3,True,3,0.7532853909753493,5,0.14783722205167604,2,0.07441840090155978,1,0.024458986071414657,0,0.0,1,13,2
4,0,0,True,0,0.8513095238095238,2,0.07507142857142857,4,0.07361904761904763,1,0.0,3,0.0,1,23,0
4,3,3,True,3,0.39020470349010644,1,0.3779156065843381,5,0.1426270909881155,0,0.06565137191007384,2,0.02360122702736621,1,13,1
4,5,0,False,0,0.6287738095238096,4,0.3338928571428571,3,0.03127777777777777,2,0.006055555555555555,1,0.0,6,17,5
4,3,5,False,5,0.47291630591630585,3,0.30751656676656663,0,0.21956712731712721,1,0.0,2,0.0,2,12,6
4,1,3,False,3,0.39020470349010644,1,0.3779156065843381,5,0.1426270909881155,0,0.06565137191007384,2,0.02360122702736621,2,13,1
4,2,3,False,3,0.7532853909753493,5,0.14783722205167604,2,0.07441840090155978,1,0.024458986071414657,0,0.0,3,13,2
4,3,3,True,3,0.4493347747271986,5,0.34474766745238383,0,0.08937498472020801,2,0.059496421149897574,1,0.05704615195031184,1,12,0
4,5,3,False,3,0.39020470349010644,1,0.3779156065843381,5,0.1426270909881155,0,0.06565137191007384,2,0.02360122702736621,3,13,1
4,5,1,False,1,0.5011061561941554,5,0.2983956712354369,3,0.15404260602274855,0,0.021638271550234497,4,0.012481373724166944,2,12,1
4,2,0,False,0,0.966,2,0.016666666666666666,3,0.013333333333333332,1,0.004,4,0.0,2,10,3
4,5,5,True,5,0.4739014043835261,3,0.42592834705221627,1,0.042602313159034816,2,0.0402979945129781,0,0.01726994089224444,1,12,2
4,5,1,False,1,0.5011061561941554,5,0.2983956712354369,3,0.15404260602274855,0,0.021638271550234497,4,0.012481373724166944,2,12,1
4,2,2,True,2,0.49110134129544664,3,0.3509296710692159,5,0.0890350476967646,0,0.03541418538180718,1,0.03351975455676568,1,13,3
4,5,1,False,1,0.5043908895321273,5,0.3556846774316852,2,0.08101844531774136,3,0.03922898665495609,0,0.01967700106348975,2,12,4
4,0,5,False,5,0.4233489029419061,1,0.4094738445694793,3,0.05997452430992292,0,0.055167236412993335,2,0.05203549176569813,4,11,1
4,0,0,True,0,1.0,1,0.0,2,0.0,3,0.0,4,0.0,1,19,3
4,0,0,True,0,0.9826623376623377,2,0.015,3,0.0023376623376623377,1,0.0,4,0.0,1,9,3
4,0,0,True,0,0.6052886492592375,2,0.38582246185187374,5,0.006666666666666666,3,0.0022222222222222222,1,0.0,1,12,5
4,0,0,True,0,0.6325854978354978,1,0.34345118478013204,5,0.018683014354066985,3,0.0030378787878787878,2,0.0022424242424242424,1,10,1
4,0,0,True,0,0.9841666666666665,1,0.01,3,0.003333333333333333,5,0.0025,2,0.0,1,9,1
4,0,0,True,0,0.9841666666666665,1,0.01,3,0.003333333333333333,5,0.0025,2,0.0,1,9,1
4,0,0,True,0,0.6325854978354978,1,0.34345118478013204,5,0.018683014354066985,3,0.0030378787878787878,2,0.0022424242424242424,1,10,1
4,0,0,True,0,0.9148467774056005,4,0.08515322259439903,2,0.0,1,0.0,3,0.0,1,21,1
4,1,1,True,1,0.5011061561941554,5,0.2983956712354369,3,0.15404260602274855,0,0.021638271550234497,4,0.012481373724166944,1,12,1
4,1,1,True,1,0.5011061561941554,5,0.2983956712354369,3,0.15404260602274855,0,0.021638271550234497,4,0.012481373724166944,1,12,1
4,1,1,True,1,0.35472761958088284,3,0.3336761345888485,0,0.1696337627165326,5,0.10879015083690691,2,0.03317233227682917,1,14,4
4,1,1,True,1,0.42158371423842556,3,0.2776368225943198,5,0.15481675336138412,0,0.08611866957338926,2,0.059844040232481195,1,13,4
4,4,4,True,4,0.4811053946053946,0,0.32981410256410243,3,0.18908050283050287,1,0.0,2,0.0,1,19,6
4,1,0,False,0,0.6895587402793284,3,0.18627155034507972,1,0.12416970937559166,2,0.0,4,0.0,3,15,4
4,0,1,False,1,0.35472761958088284,3,0.3336761345888485,0,0.1696337627165326,5,0.10879015083690691,2,0.03317233227682917,3,14,4
4,0,2,False,2,0.49110134129544664,3,0.3509296710692159,5,0.0890350476967646,0,0.03541418538180718,1,0.03351975455676568,4,13,3
4,3,4,False,4,0.4811053946053946,0,0.32981410256410243,3,0.18908050283050287,1,0.0,2,0.0,3,19,6
4,3,3,True,3,0.5100659399137558,1,0.17107060914489977,2,0.13414419190585428,0,0.09749010017236877,5,0.08722915886312105,1,14,1
4,3,0,False,0,0.9601219336219334,4,0.02,3,0.015520202020202021,1,0.002929292929292929,5,0.0014285714285714286,3,16,4
4,3,3,True,3,0.531178884123086,0,0.30913211995412476,2,0.10275422385429783,5,0.05693477206849124,1,0.0,1,13,6
4,2,2,True,2,0.43886935286935286,3,0.20794049006549006,0,0.12982721445221443,1,0.12445275557775554,5,0.09891018703518702,1,14,2
4,2,0,False,0,0.98875,3,0.005,4,0.005,2,0.00125,1,0.0,4,19,5
4,2,0,False,0,1.0,1,0.0,2,0.0,3,0.0,4,0.0,3,19,3
4,3,3,True,3,0.6989421459087355,5,0.1487520961566515,2,0.08664964770097316,1,0.03615065833654936,0,0.02950545189709068,1,13,0
4,0,0,True,0,0.6817225829725829,5,0.3138329725829725,3,0.003333333333333333,2,0.0011111111111111111,1,0.0,1,15,5
4,3,0,False,0,0.6895587402793284,3,0.18627155034507972,1,0.12416970937559166,2,0.0,4,0.0,2,15,4
4,2,3,False,3,0.43848165723165716,2,0.33995461482961475,0,0.11115341602841596,5,0.11041031191031188,1,0.0,2,14,6
4,2,3,False,3,0.8459999999999998,2,0.06558333333333334,0,0.06125,4,0.02716666666666667,1,0.0,2,17,6
4,0,3,False,3,0.7532853909753493,5,0.14783722205167604,2,0.07441840090155978,1,0.024458986071414657,0,0.0,5,13,2
4,5,0,False,0,0.6408860555509165,2,0.23092891028819806,5,0.12818503416088553,1,0.0,3,0.0,3,13,5
4,1,5,False,5,0.4233489029419061,1,0.4094738445694793,3,0.05997452430992292,0,0.055167236412993335,2,0.05203549176569813,2,11,1
4,1,1,True,1,0.5011061561941554,5,0.2983956712354369,3,0.15404260602274855,0,0.021638271550234497,4,0.012481373724166944,1,12,1
4,5,5,True,5,0.4739014043835261,3,0.42592834705221627,1,0.042602313159034816,2,0.0402979945129781,0,0.01726994089224444,1,12,2
4,5,3,False,3,0.4493347747271986,5,0.34474766745238383,0,0.08937498472020801,2,0.059496421149897574,1,0.05704615195031184,2,12,0
4,0,0,True,0,0.6052886492592375,2,0.38582246185187374,5,0.006666666666666666,3,0.0022222222222222222,1,0.0,1,12,5
4,1,1,True,1,0.4605309062282745,5,0.40307662276663797,2,0.13639247100508703,0,0.0,3,0.0,1,11,4
4,5,5,True,5,0.4739014043835261,3,0.42592834705221627,1,0.042602313159034816,2,0.0402979945129781,0,0.01726994089224444,1,12,2
4,2,3,False,3,0.4493347747271986,5,0.34474766745238383,0,0.08937498472020801,2,0.059496421149897574,1,0.05704615195031184,4,12,0
4,1,1,True,1,0.4605309062282745,5,0.40307662276663797,2,0.13639247100508703,0,0.0,3,0.0,1,11,4
4,5,5,True,5,0.4233489029419061,1,0.4094738445694793,3,0.05997452430992292,0,0.055167236412993335,2,0.05203549176569813,1,11,1
4,2,0,False,0,0.8564722521630417,2,0.08120989704310137,5,0.03414987785692121,4,0.028167972936935785,3,0.0,2,10,5
4,5,1,False,1,0.42158371423842556,3,0.2776368225943198,5,0.15481675336138412,0,0.08611866957338926,2,0.059844040232481195,3,13,4
4,5,1,False,1,0.5043908895321273,5,0.3556846774316852,2,0.08101844531774136,3,0.03922898665495609,0,0.01967700106348975,2,12,4
4,0,0,True,0,1.0,1,0.0,2,0.0,3,0.0,4,0.0,1,21,0
4,4,3,False,3,0.4855850815850819,4,0.2821702464202464,0,0.23224467199467191,1,0.0,2,0.0,2,22,3
4,0,0,True,0,0.777940476190476,2,0.2220595238095238,1,0.0,3,0.0,4,0.0,1,1,3
4,0,3,False,3,0.48016666666666674,4,0.44783333333333325,0,0.0395,5,0.0325,2,0.0,3,23,5
4,0,0,True,0,1.0,1,0.0,2,0.0,3,0.0,4,0.0,1,21,2
4,3,5,False,5,0.47291630591630585,3,0.30751656676656663,0,0.21956712731712721,1,0.0,2,0.0,2,12,6
4,3,1,False,1,0.5011061561941554,5,0.2983956712354369,3,0.15404260602274855,0,0.021638271550234497,4,0.012481373724166944,3,12,1
4,2,5,False,5,0.4739014043835261,3,0.42592834705221627,1,0.042602313159034816,2,0.0402979945129781,0,0.01726994089224444,4,12,2
4,0,0,True,0,0.6511825396825395,3,0.3488174603174602,1,0.0,2,0.0,4,0.0,1,17,4
4,0,0,True,0,0.9601219336219334,4,0.02,3,0.015520202020202021,1,0.002929292929292929,5,0.0014285714285714286,1,16,4
4,0,0,True,0,0.4060422369855804,2,0.3765405641056569,5,0.13489972747410822,4,0.08251747143465407,3,0.0,1,14,5
4,3,1,False,1,0.35472761958088284,3,0.3336761345888485,0,0.1696337627165326,5,0.10879015083690691,2,0.03317233227682917,2,14,4
4,3,3,True,3,0.531178884123086,0,0.30913211995412476,2,0.10275422385429783,5,0.05693477206849124,1,0.0,1,13,6
4,3,0,False,0,0.409465367965368,2,0.3964898989898991,3,0.19404473304473296,1,0.0,4,0.0,3,21,5
4,0,0,True,0,0.4723564497078431,3,0.2926330229368154,2,0.2350105273553416,1,0.0,4,0.0,1,16,5
4,3,0,False,0,0.409465367965368,2,0.3964898989898991,3,0.19404473304473296,1,0.0,4,0.0,3,21,5
4,3,0,False,0,0.98875,3,0.005,4,0.005,2,0.00125,1,0.0,2,19,5
4,0,0,True,0,0.8871396032587979,4,0.11286039674120167,2,0.0,1,0.0,3,0.0,1,20,2
4,3,0,False,0,0.731216797091797,3,0.13864855977355975,2,0.13013464313464315,1,0.0,4,0.0,2,20,5
4,0,0,True,0,0.885,4,0.08,5,0.015,2,0.01,3,0.01,1,17,2
4,0,3,False,3,0.531178884123086,0,0.30913211995412476,2,0.10275422385429783,5,0.05693477206849124,1,0.0,2,13,6
4,3,3,True,3,0.39020470349010644,1,0.3779156065843381,5,0.1426270909881155,0,0.06565137191007384,2,0.02360122702736621,1,13,1
4,3,3,True,3,0.4493347747271986,5,0.34474766745238383,0,0.08937498472020801,2,0.059496421149897574,1,0.05704615195031184,1,12,0
4,1,1,True,1,0.42158371423842556,3,0.2776368225943198,5,0.15481675336138412,0,0.08611866957338926,2,0.059844040232481195,1,13,4
4,5,3,False,3,0.6989421459087355,5,0.1487520961566515,2,0.08664964770097316,1,0.03615065833654936,0,0.02950545189709068,2,13,0
4,2,1,False,1,0.4605309062282745,5,0.40307662276663797,2,0.13639247100508703,0,0.0,3,0.0,3,11,4
4,0,0,True,0,0.4060422369855804,2,0.3765405641056569,5,0.13489972747410822,4,0.08251747143465407,3,0.0,1,14,5
4,5,5,True,5,0.4739014043835261,3,0.42592834705221627,1,0.042602313159034816,2,0.0402979945129781,0,0.01726994089224444,1,12,2
4,5,5,True,5,0.4739014043835261,3,0.42592834705221627,1,0.042602313159034816,2,0.0402979945129781,0,0.01726994089224444,1,12,2
4,0,0,True,0,1.0,1,0.0,2,0.0,3,0.0,4,0.0,1,21,0
4,0,0,True,0,0.4060422369855804,2,0.3765405641056569,5,0.13489972747410822,4,0.08251747143465407,3,0.0,1,14,5
4,0,0,True,0,1.0,1,0.0,2,0.0,3,0.0,4,0.0,1,19,3
4,1,3,False,3,0.4493347747271986,5,0.34474766745238383,0,0.08937498472020801,2,0.059496421149897574,1,0.05704615195031184,5,12,0
4,1,5,False,5,0.4739014043835261,3,0.42592834705221627,1,0.042602313159034816,2,0.0402979945129781,0,0.01726994089224444,3,12,2
4,3,5,False,5,0.4739014043835261,3,0.42592834705221627,1,0.042602313159034816,2,0.0402979945129781,0,0.01726994089224444,2,12,2
4,2,3,False,3,0.531178884123086,0,0.30913211995412476,2,0.10275422385429783,5,0.05693477206849124,1,0.0,3,13,6
4,1,1,True,1,0.4605309062282745,5,0.40307662276663797,2,0.13639247100508703,0,0.0,3,0.0,1,11,4
4,3,3,True,3,0.4493347747271986,5,0.34474766745238383,0,0.08937498472020801,2,0.059496421149897574,1,0.05704615195031184,1,12,0
4,3,2,False,2,0.8452249686719828,3,0.1246119647954887,1,0.030163066532527823,0,0.0,4,0.0,2,12,3
4,1,3,False,3,0.39020470349010644,1,0.3779156065843381,5,0.1426270909881155,0,0.06565137191007384,2,0.02360122702736621,2,13,1
4,3,1,False,1,0.35472761958088284,3,0.3336761345888485,0,0.1696337627165326,5,0.10879015083690691,2,0.03317233227682917,2,14,4
4,3,3,True,3,0.7218452380952379,2,0.11245238095238096,4,0.09874999999999998,0,0.05632738095238096,5,0.010625,1,22,5
4,3,3,True,3,0.7532853909753493,5,0.14783722205167604,2,0.07441840090155978,1,0.024458986071414657,0,0.0,1,13,2
4,3,2,False,2,0.43886935286935286,3,0.20794049006549006,0,0.12982721445221443,1,0.12445275557775554,5,0.09891018703518702,2,14,2
4,3,2,False,2,0.43886935286935286,3,0.20794049006549006,0,0.12982721445221443,1,0.12445275557775554,5,0.09891018703518702,2,14,2
4,0,3,False,3,0.531178884123086,0,0.30913211995412476,2,0.10275422385429783,5,0.05693477206849124,1,0.0,2,13,6
4,0,0,True,0,0.6895587402793284,3,0.18627155034507972,1,0.12416970937559166,2,0.0,4,0.0,1,15,4
4,0,1,False,1,0.35472761958088284,3,0.3336761345888485,0,0.1696337627165326,5,0.10879015083690691,2,0.03317233227682917,3,14,4
4,3,3,True,3,0.6989421459087355,5,0.1487520961566515,2,0.08664964770097316,1,0.03615065833654936,0,0.02950545189709068,1,13,0
4,1,1,True,1,0.5043908895321273,5,0.3556846774316852,2,0.08101844531774136,3,0.03922898665495609,0,0.01967700106348975,1,12,4
4,5,1,False,1,0.5011061561941554,5,0.2983956712354369,3,0.15404260602274855,0,0.021638271550234497,4,0.012481373724166944,2,12,1
4,0,0,True,0,0.4060422369855804,2,0.3765405641056569,5,0.13489972747410822,4,0.08251747143465407,3,0.0,1,14,5
4,1,3,False,3,0.39020470349010644,1,0.3779156065843381,5,0.1426270909881155,0,0.06565137191007384,2,0.02360122702736621,2,13,1
4,1,3,False,3,0.39020470349010644,1,0.3779156065843381,5,0.1426270909881155,0,0.06565137191007384,2,0.02360122702736621,2,13,1
4,5,5,True,5,0.4739014043835261,3,0.42592834705221627,1,0.042602313159034816,2,0.0402979945129781,0,0.01726994089224444,1,12,2
4,2,0,False,0,0.6408860555509165,2,0.23092891028819806,5,0.12818503416088553,1,0.0,3,0.0,2,13,5
4,2,0,False,0,0.7381810966810967,4,0.24181890331890327,2,0.02,1,0.0,3,0.0,3,23,1
4,4,0,False,0,0.8835143362354725,2,0.06133730366435135,4,0.05514836010017561,1,0.0,3,0.0,3,20,0
4,0,0,True,0,0.8835143362354725,2,0.06133730366435135,4,0.05514836010017561,1,0.0,3,0.0,1,20,0
4,0,0,True,0,1.0,1,0.0,2,0.0,3,0.0,4,0.0,1,21,0
4,0,0,True,0,0.9214760136234591,5,0.07852398637654051,2,0.0,1,0.0,3,0.0,1,20,4
4,0,0,True,0,0.6768365800865801,4,0.32316341991341974,2,0.0,1,0.0,3,0.0,1,20,3
4,0,0,True,0,0.6768365800865801,4,0.32316341991341974,2,0.0,1,0.0,3,0.0,1,20,3
5,3,3,True,3,0.31906519813327716,1,0.31676075872886644,0,0.23180374959753958,5,0.09813178002356678,2,0.0342385135167498,1,14,4
5,3,3,True,3,0.46914344412446085,1,0.1738894342559887,2,0.15024059493662703,0,0.112014400588437,5,0.09471212609448643,1,14,1
5,2,3,False,3,0.4322430902430905,2,0.3443080253080253,0,0.11711718836718836,5,0.1063316960816961,1,0.0,2,14,6
5,2,3,False,3,0.48223976023976034,2,0.281137196137196,5,0.13207511932511926,0,0.10454792429792427,1,0.0,2,14,2
5,3,3,True,3,0.46914344412446085,1,0.1738894342559887,2,0.15024059493662703,0,0.112014400588437,5,0.09471212609448643,1,14,1
5,3,3,True,3,0.6724742535053864,5,0.18458419951736796,2,0.08480563515889353,0,0.031280291477277004,1,0.02685562034107491,1,13,0
5,3,2,False,2,0.4834999999999998,3,0.4427424242424242,0,0.04157575757575757,4,0.027181818181818182,5,0.005,2,17,6
5,3,3,True,3,0.392220820785026,1,0.3834609314499625,5,0.14196166038629734,0,0.058243755378583326,2,0.024112832000130823,1,13,1
5,3,3,True,3,0.6724742535053864,5,0.18458419951736796,2,0.08480563515889353,0,0.031280291477277004,1,0.02685562034107491,1,13,0
5,1,3,False,3,0.48223976023976034,2,0.281137196137196,5,0.13207511932511926,0,0.10454792429792427,1,0.0,5,14,2
5,3,3,True,3,0.392220820785026,1,0.3834609314499625,5,0.14196166038629734,0,0.058243755378583326,2,0.024112832000130823,1,13,1
5,3,3,True,3,0.7196268452599571,5,0.145385818642382,2,0.11100075558885136,0,0.023986580508809512,1,0.0,1,13,2
5,5,5,True,5,0.5077066613842021,3,0.36113273868214785,2,0.06065981590484127,1,0.05168189762176048,0,0.018818886407048346,1,12,2
5,5,3,False,3,0.47960385984632836,5,0.32587429498908627,2,0.08980774673433117,0,0.06342352346634678,1,0.041290574963907076,2,12,0
5,1,1,True,1,0.4921517615227681,5,0.31540921948513256,3,0.14671654104332707,0,0.02365009392922233,2,0.011248471647522972,1,12,1
5,5,1,False,1,0.4921517615227681,5,0.31540921948513256,3,0.14671654104332707,0,0.02365009392922233,2,0.011248471647522972,2,12,1
5,5,3,False,3,0.47960385984632836,5,0.32587429498908627,2,0.08980774673433117,0,0.06342352346634678,1,0.041290574963907076,2,12,0
5,5,1,False,1,0.44911464691151887,3,0.2826962798824156,5,0.1359594479739268,0,0.07678626025874243,2,0.05544336497339634,3,13,4
5,2,0,False,0,0.6484267676767677,2,0.1718888888888889,4,0.16018434343434343,5,0.01,3,0.0095,2,23,2
5,0,0,True,0,0.8504186940510471,2,0.13182733769498475,5,0.007753968253968254,1,0.005,3,0.005,1,11,5
5,0,0,True,0,0.99875,5,0.00125,2,0.0,1,0.0,3,0.0,1,19,4
5,0,0,True,0,0.5713142475056092,2,0.2866042678175535,5,0.14208148467683723,1,0.0,3,0.0,1,13,5
5,0,0,True,0,0.5187459762459761,4,0.17354048729048724,3,0.16306421356421358,2,0.14214932289932286,5,0.0025,1,15,6
5,0,0,True,0,0.99,2,0.006666666666666666,3,0.003333333333333333,1,0.0,4,0.0,1,21,3
5,4,2,False,2,0.39374999999999993,3,0.3440757575757576,0,0.2539924242424241,4,0.008181818181818182,1,0.0,4,18,6
5,0,0,True,0,0.7921161600267633,4,0.10425053030045285,3,0.10363330967278334,1,0.0,2,0.0,1,20,1
5,0,2,False,2,0.5096666666666667,0,0.4796969696969696,1,0.008636363636363636,5,0.002,3,0.0,2,10,3
5,0,0,True,0,0.9278323361794716,5,0.07216766382052758,2,0.0,1,0.0,3,0.0,1,20,4
5,2,0,False,0,0.7449621212121212,2,0.11726406926406925,3,0.10604761904761904,4,0.02839285714285715,1,0.003333333333333333,2,16,6
5,1,1,True,1,0.44911464691151887,3,0.2826962798824156,5,0.1359594479739268,0,0.07678626025874243,2,0.05544336497339634,1,13,4
5,3,3,True,3,0.6724742535053864,5,0.18458419951736796,2,0.08480563515889353,0,0.031280291477277004,1,0.02685562034107491,1,13,0
5,1,1,True,1,0.44911464691151887,3,0.2826962798824156,5,0.1359594479739268,0,0.07678626025874243,2,0.05544336497339634,1,13,4
5,3,5,False,5,0.5077066613842021,3,0.36113273868214785,2,0.06065981590484127,1,0.05168189762176048,0,0.018818886407048346,2,12,2
5,3,1,False,1,0.4921517615227681,5,0.31540921948513256,3,0.14671654104332707,0,0.02365009392922233,2,0.011248471647522972,3,12,1
5,3,3,True,3,0.47960385984632836,5,0.32587429498908627,2,0.08980774673433117,0,0.06342352346634678,1,0.041290574963907076,1,12,0
5,0,3,False,3,0.392220820785026,1,0.3834609314499625,5,0.14196166038629734,0,0.058243755378583326,2,0.024112832000130823,4,13,1
5,0,0,True,0,0.5371315416609534,3,0.2763080538742302,2,0.18656040446481623,1,0.0,4,0.0,1,16,5
5,3,2,False,2,0.5103354034572732,3,0.31639613243919806,5,0.07106549477542626,0,0.07099733163985449,1,0.031205637688248026,2,13,3
5,3,3,True,3,0.31760478410478393,5,0.23208172383172368,1,0.23039688089688087,0,0.2199166111666111,2,0.0,1,15,1
5,1,3,False,3,0.31760478410478393,5,0.23208172383172368,1,0.23039688089688087,0,0.2199166111666111,2,0.0,3,15,1
5,2,0,False,0,0.9785042735042735,5,0.011495726495726494,2,0.01,1,0.0,3,0.0,3,22,0
5,0,2,False,2,0.39374999999999993,3,0.3440757575757576,0,0.2539924242424241,4,0.008181818181818182,1,0.0,3,18,6
5,1,3,False,3,0.392220820785026,1,0.3834609314499625,5,0.14196166038629734,0,0.058243755378583326,2,0.024112832000130823,2,13,1
5,5,0,False,0,0.5713142475056092,2,0.2866042678175535,5,0.14208148467683723,1,0.0,3,0.0,3,13,5
5,5,1,False,1,0.4899631342678614,5,0.3822142043085235,2,0.06543737431148215,3,0.038674615125437205,0,0.023710671986695832,2,12,4
5,5,1,False,1,0.4899631342678614,5,0.3822142043085235,2,0.06543737431148215,3,0.038674615125437205,0,0.023710671986695832,2,12,4
5,5,1,False,1,0.44911464691151887,3,0.2826962798824156,5,0.1359594479739268,0,0.07678626025874243,2,0.05544336497339634,3,13,4
5,5,5,True,5,0.4229024233437707,1,0.3805495585931646,0,0.10307609273857775,3,0.047183326833135225,2,0.04628859849135143,1,11,1
5,1,5,False,5,0.4229024233437707,1,0.3805495585931646,0,0.10307609273857775,3,0.047183326833135225,2,0.04628859849135143,2,11,1
5,5,5,True,5,0.4229024233437707,1,0.3805495585931646,0,0.10307609273857775,3,0.047183326833135225,2,0.04628859849135143,1,11,1
5,1,1,True,1,0.48622497806406817,5,0.2928047596422512,2,0.22097026229368058,0,0.0,3,0.0,1,11,4
5,5,1,False,1,0.48622497806406817,5,0.2928047596422512,2,0.22097026229368058,0,0.0,3,0.0,2,11,4
5,5,2,False,2,0.5103354034572732,3,0.31639613243919806,5,0.07106549477542626,0,0.07099733163985449,1,0.031205637688248026,3,13,3
5,0,3,False,3,0.5577940115440115,2,0.43766053391053406,0,0.004545454545454545,1,0.0,4,0.0,3,21,5
5,0,3,False,3,0.49683333333333324,4,0.4948333333333334,0,0.005,2,0.003333333333333333,1,0.0,3,22,3
5,0,0,True,0,0.8504186940510471,2,0.13182733769498475,5,0.007753968253968254,1,0.005,3,0.005,1,11,5
5,0,0,True,0,1.0,1,0.0,2,0.0,3,0.0,4,0.0,1,21,0
5,0,0,True,0,0.8112521148545541,4,0.12659776269270473,2,0.06215012245274056,1,0.0,3,0.0,1,20,0
5,1,1,True,1,0.4899631342678614,5,0.3822142043085235,2,0.06543737431148215,3,0.038674615125437205,0,0.023710671986695832,1,12,4
5,3,5,False,5,0.4085493542405305,3,0.3897485439397203,0,0.2017021018197489,1,0.0,2,0.0,2,12,6
5,3,5,False,5,0.5077066613842021,3,0.36113273868214785,2,0.06065981590484127,1,0.05168189762176048,0,0.018818886407048346,2,12,2
5,1,3,False,3,0.392220820785026,1,0.3834609314499625,5,0.14196166038629734,0,0.058243755378583326,2,0.024112832000130823,2,13,1
5,3,2,False,2,0.6740039682539681,0,0.31294047619047616,1,0.005555555555555556,3,0.004166666666666667,5,0.0033333333333333335,4,11,3
5,2,2,True,2,0.5103354034572732,3,0.31639613243919806,5,0.07106549477542626,0,0.07099733163985449,1,0.031205637688248026,1,13,3
5,3,3,True,3,0.7196268452599571,5,0.145385818642382,2,0.11100075558885136,0,0.023986580508809512,1,0.0,1,13,2
5,2,2,True,2,0.39374999999999993,3,0.3440757575757576,0,0.2539924242424241,4,0.008181818181818182,1,0.0,1,18,6
5,3,3,True,3,0.7196268452599571,5,0.145385818642382,2,0.11100075558885136,0,0.023986580508809512,1,0.0,1,13,2
5,3,0,False,0,0.5371315416609534,3,0.2763080538742302,2,0.18656040446481623,1,0.0,4,0.0,2,16,5
5,1,3,False,3,0.31906519813327716,1,0.31676075872886644,0,0.23180374959753958,5,0.09813178002356678,2,0.0342385135167498,2,14,4
5,0,3,False,3,0.5577940115440115,2,0.43766053391053406,0,0.004545454545454545,1,0.0,4,0.0,3,21,5
5,0,0,True,0,0.5211630036630035,2,0.24901068376068367,3,0.2298263125763124,1,0.0,4,0.0,1,19,5
5,0,2,False,2,0.4719761904761905,3,0.4258406315906315,0,0.06660780885780886,5,0.02025,1,0.015325369075369076,3,15,3
5,0,0,True,0,0.5363224079841725,3,0.2839416245519186,1,0.17973596746390855,2,0.0,4,0.0,1,15,4
5,0,3,False,3,0.31760478410478393,5,0.23208172383172368,1,0.23039688089688087,0,0.2199166111666111,2,0.0,4,15,1
5,3,3,True,3,0.7196268452599571,5,0.145385818642382,2,0.11100075558885136,0,0.023986580508809512,1,0.0,1,13,2
5,3,3,True,3,0.46914344412446085,1,0.1738894342559887,2,0.15024059493662703,0,0.112014400588437,5,0.09471212609448643,1,14,1
5,3,3,True,3,0.6724742535053864,5,0.18458419951736796,2,0.08480563515889353,0,0.031280291477277004,1,0.02685562034107491,1,13,0
5,0,1,False,1,0.44911464691151887,3,0.2826962798824156,5,0.1359594479739268,0,0.07678626025874243,2,0.05544336497339634,4,13,4
5,2,0,False,0,0.5371315416609534,3,0.2763080538742302,2,0.18656040446481623,1,0.0,4,0.0,3,16,5
5,5,5,True,5,0.5077066613842021,3,0.36113273868214785,2,0.06065981590484127,1,0.05168189762176048,0,0.018818886407048346,1,12,2
5,1,1,True,1,0.4921517615227681,5,0.31540921948513256,3,0.14671654104332707,0,0.02365009392922233,2,0.011248471647522972,1,12,1
5,2,1,False,1,0.4899631342678614,5,0.3822142043085235,2,0.06543737431148215,3,0.038674615125437205,0,0.023710671986695832,3,12,4
5,5,5,True,5,0.5077066613842021,3,0.36113273868214785,2,0.06065981590484127,1,0.05168189762176048,0,0.018818886407048346,1,12,2
5,4,0,False,0,0.8493585858585859,4,0.1506414141414141,2,0.0,1,0.0,3,0.0,2,20,3
5,0,0,True,0,0.8525871905871901,2,0.14741280941280938,1,0.0,3,0.0,4,0.0,1,19,3
5,0,0,True,0,0.9209811732385262,2,0.038219017094017094,4,0.027053777921424983,3,0.013746031746031744,1,0.0,1,19,0
5,0,0,True,0,0.8525871905871901,2,0.14741280941280938,1,0.0,3,0.0,4,0.0,1,19,3
5,0,0,True,0,0.99875,5,0.00125,2,0.0,1,0.0,3,0.0,1,19,4
5,1,3,False,3,0.47960385984632836,5,0.32587429498908627,2,0.08980774673433117,0,0.06342352346634678,1,0.041290574963907076,5,12,0
5,1,1,True,1,0.4899631342678614,5,0.3822142043085235,2,0.06543737431148215,3,0.038674615125437205,0,0.023710671986695832,1,12,4
5,1,3,False,3,0.47960385984632836,5,0.32587429498908627,2,0.08980774673433117,0,0.06342352346634678,1,0.041290574963907076,5,12,0
5,3,2,False,2,0.8274223227908258,3,0.13796220396447326,1,0.034615473244701,0,0.0,4,0.0,2,12,3
5,2,2,True,2,0.8274223227908258,3,0.13796220396447326,1,0.034615473244701,0,0.0,4,0.0,1,12,3
5,0,0,True,0,0.5363224079841725,3,0.2839416245519186,1,0.17973596746390855,2,0.0,4,0.0,1,15,4
5,3,2,False,2,0.5103354034572732,3,0.31639613243919806,5,0.07106549477542626,0,0.07099733163985449,1,0.031205637688248026,2,13,3
5,0,0,True,0,0.6241812295891243,5,0.37581877041087575,2,0.0,1,0.0,3,0.0,1,22,4
5,2,2,True,2,0.5103354034572732,3,0.31639613243919806,5,0.07106549477542626,0,0.07099733163985449,1,0.031205637688248026,1,13,3
5,1,3,False,3,0.392220820785026,1,0.3834609314499625,5,0.14196166038629734,0,0.058243755378583326,2,0.024112832000130823,2,13,1
5,3,0,False,0,0.36373216162922056,2,0.3182607914960853,3,0.31800704687469383,1,0.0,4,0.0,3,14,0
5,3,3,True,3,0.7196268452599571,5,0.145385818642382,2,0.11100075558885136,0,0.023986580508809512,1,0.0,1,13,2
5,2,3,False,3,0.48223976023976034,2,0.281137196137196,5,0.13207511932511926,0,0.10454792429792427,1,0.0,2,14,2
5,0,0,True,0,0.7921161600267633,4,0.10425053030045285,3,0.10363330967278334,1,0.0,2,0.0,1,20,1
5,2,3,False,3,0.48223976023976034,2,0.281137196137196,5,0.13207511932511926,0,0.10454792429792427,1,0.0,2,14,2
5,1,3,False,3,0.7196268452599571,5,0.145385818642382,2,0.11100075558885136,0,0.023986580508809512,1,0.0,5,13,2
5,3,5,False,5,0.5077066613842021,3,0.36113273868214785,2,0.06065981590484127,1,0.05168189762176048,0,0.018818886407048346,2,12,2
5,2,2,True,2,0.6075,0,0.3705,3,0.018,4,0.004,1,0.0,1,17,0
5,2,2,True,2,0.8274223227908258,3,0.13796220396447326,1,0.034615473244701,0,0.0,4,0.0,1,12,3
5,5,5,True,5,0.5077066613842021,3,0.36113273868214785,2,0.06065981590484127,1,0.05168189762176048,0,0.018818886407048346,1,12,2
5,3,3,True,3,0.47960385984632836,5,0.32587429498908627,2,0.08980774673433117,0,0.06342352346634678,1,0.041290574963907076,1,12,0
5,1,3,False,3,0.392220820785026,1,0.3834609314499625,5,0.14196166038629734,0,0.058243755378583326,2,0.024112832000130823,2,13,1
5,5,0,False,0,0.915694937458482,5,0.08430506254151762,2,0.0,1,0.0,3,0.0,2,21,4
5,1,1,True,1,0.4921517615227681,5,0.31540921948513256,3,0.14671654104332707,0,0.02365009392922233,2,0.011248471647522972,1,12,1
5,4,0,False,0,0.36373216162922056,2,0.3182607914960853,3,0.31800704687469383,1,0.0,4,0.0,5,14,0
5,5,3,False,3,0.392220820785026,1,0.3834609314499625,5,0.14196166038629734,0,0.058243755378583326,2,0.024112832000130823,3,13,1
5,0,3,False,3,0.47960385984632836,5,0.32587429498908627,2,0.08980774673433117,0,0.06342352346634678,1,0.041290574963907076,4,12,0
5,0,4,False,4,0.3452142857142857,0,0.34055555555555544,5,0.2895079365079364,3,0.016888888888888887,2,0.007833333333333333,2,17,5
5,0,0,True,0,0.8112521148545541,4,0.12659776269270473,2,0.06215012245274056,1,0.0,3,0.0,1,20,0
5,0,4,False,4,0.5576666666666666,0,0.41028205128205125,2,0.02,5,0.0070512820512820505,3,0.005,2,2,0
5,0,0,True,0,0.5187380952380952,4,0.4598333333333333,2,0.02142857142857143,1,0.0,3,0.0,1,1,0
5,0,0,True,0,0.4968888888888889,4,0.2641269841269841,2,0.2389841269841269,1,0.0,3,0.0,1,23,1
5,0,4,False,4,0.88,0,0.12,2,0.0,1,0.0,3,0.0,2,3,2
5,0,2,False,2,0.47517604617604625,0,0.24778030303030307,3,0.23589538239538246,1,0.032830808080808085,5,0.008317460317460317,2,10,2
5,0,0,True,0,0.7921161600267633,4,0.10425053030045285,3,0.10363330967278334,1,0.0,2,0.0,1,20,1
5,0,0,True,0,1.0,1,0.0,2,0.0,3,0.0,4,0.0,1,21,2
6,3,3,True,3,0.7026501461502648,5,0.15344814184168143,2,0.09313746117033289,1,0.02620324124923824,0,0.02456100958848311,1,13,2
6,3,1,False,1,0.3917998859044476,3,0.35877558577646246,5,0.14806738749754922,0,0.076872255289267,2,0.02448488553227348,2,13,1
6,2,2,True,2,0.46972307685675063,3,0.3530837911500035,5,0.10835491237797287,1,0.03675812237049488,0,0.032080097244778075,1,13,3
6,3,1,False,1,0.3917998859044476,3,0.35877558577646246,5,0.14806738749754922,0,0.076872255289267,2,0.02448488553227348,2,13,1
6,3,3,True,3,0.4598953088276078,1,0.1981534606569473,2,0.13681092488201585,0,0.10431717360105389,5,0.10082313203237481,1,14,1
6,3,1,False,1,0.3831786289750863,3,0.25092300701710185,0,0.24086582495471182,5,0.09352492230286341,2,0.03150761675023661,2,14,4
6,2,1,False,1,0.495059635051094,5,0.31947885739901155,3,0.14608164982969357,0,0.024654202945703182,4,0.014725654774497342,6,12,1
6,2,2,True,2,0.5904056466409406,3,0.21046059006353113,5,0.10022757716140067,0,0.09890618613412729,1,0.0,1,14,3
6,1,1,True,1,0.3917998859044476,3,0.35877558577646246,5,0.14806738749754922,0,0.076872255289267,2,0.02448488553227348,1,13,1
6,0,0,True,0,0.49436695743197295,2,0.278559001146772,5,0.22707404142125498,1,0.0,3,0.0,1,13,5
6,1,1,True,1,0.3917998859044476,3,0.35877558577646246,5,0.14806738749754922,0,0.076872255289267,2,0.02448488553227348,1,13,1
6,5,1,False,1,0.495059635051094,5,0.31947885739901155,3,0.14608164982969357,0,0.024654202945703182,4,0.014725654774497342,2,12,1
6,0,3,False,3,0.46510528582867705,5,0.33167847638419645,1,0.08458458823157153,2,0.07963888007611179,0,0.038992769479443266,5,12,0
6,0,0,True,0,0.8392625201595788,5,0.16073747984042094,2,0.0,1,0.0,3,0.0,1,21,4
6,0,0,True,0,0.46977621015895005,3,0.3078370700506923,2,0.2223867197903575,1,0.0,4,0.0,1,16,5
6,0,5,False,5,0.5111468400880166,0,0.48885315991198347,2,0.0,1,0.0,3,0.0,2,22,4
6,0,0,True,0,0.9872857142857143,3,0.009857142857142858,2,0.002857142857142857,1,0.0,4,0.0,1,8,3
6,0,0,True,0,0.9872857142857143,3,0.009857142857142858,2,0.002857142857142857,1,0.0,4,0.0,1,8,3
6,3,5,False,5,0.45019283306186153,3,0.41738034938578555,1,0.056700289754099895,2,0.05595613355083432,0,0.01977039424741873,2,12,2
6,3,3,True,3,0.46510528582867705,5,0.33167847638419645,1,0.08458458823157153,2,0.07963888007611179,0,0.038992769479443266,1,12,0
6,2,0,False,0,0.8851074481074478,2,0.11489255189255188,1,0.0,3,0.0,4,0.0,2,12,5
6,3,1,False,1,0.3917998859044476,3,0.35877558577646246,5,0.14806738749754922,0,0.076872255289267,2,0.02448488553227348,2,13,1
6,2,0,False,0,0.8851074481074478,2,0.11489255189255188,1,0.0,3,0.0,4,0.0,2,12,5
6,3,3,True,3,0.46510528582867705,5,0.33167847638419645,1,0.08458458823157153,2,0.07963888007611179,0,0.038992769479443266,1,12,0
6,3,2,False,2,0.46972307685675063,3,0.3530837911500035,5,0.10835491237797287,1,0.03675812237049488,0,0.032080097244778075,2,13,3
6,2,0,False,0,0.7694950025464727,4,0.12146625596625593,2,0.10903874148727083,1,0.0,3,0.0,3,22,1
6,1,1,True,1,0.3917998859044476,3,0.35877558577646246,5,0.14806738749754922,0,0.076872255289267,2,0.02448488553227348,1,13,1
6,1,1,True,1,0.495059635051094,5,0.31947885739901155,3,0.14608164982969357,0,0.024654202945703182,4,0.014725654774497342,1,12,1
6,3,1,False,1,0.3831786289750863,3,0.25092300701710185,0,0.24086582495471182,5,0.09352492230286341,2,0.03150761675023661,2,14,4
6,3,5,False,5,0.4477278209878762,1,0.3987112026829772,0,0.1007447073630291,2,0.052816268966117345,3,0.0,5,11,1
6,0,0,True,0,0.89,4,0.05125,2,0.04333333333333333,5,0.010416666666666664,3,0.005,1,17,2
6,2,3,False,3,0.5008145743145742,0,0.2889498556998556,2,0.2102355699855699,1,0.0,4,0.0,3,21,5
6,5,0,False,0,1.0,1,0.0,2,0.0,3,0.0,4,0.0,6,20,4
6,3,1,False,1,0.42573922652757107,3,0.2542826308493449,5,0.16402422297681857,0,0.11088740630108772,2,0.04506651334517771,2,13,4
6,1,1,True,1,0.495059635051094,5,0.31947885739901155,3,0.14608164982969357,0,0.024654202945703182,4,0.014725654774497342,1,12,1
6,5,3,False,3,0.5227525170041541,0,0.31975724173350356,2,0.15749024126234207,1,0.0,4,0.0,6,13,6
6,5,5,True,5,0.45019283306186153,3,0.41738034938578555,1,0.056700289754099895,2,0.05595613355083432,0,0.01977039424741873,1,12,2
6,0,3,False,3,0.4003285154388096,2,0.2758091736694676,0,0.225149178435943,4,0.09871313245577949,1,0.0,3,14,0
6,5,5,True,5,0.45019283306186153,3,0.41738034938578555,1,0.056700289754099895,2,0.05595613355083432,0,0.01977039424741873,1,12,2
6,5,2,False,2,0.44593767343767354,3,0.4436863691863694,0,0.11037595737595728,1,0.0,4,0.0,6,14,6
6,2,0,False,0,0.5709344348010016,2,0.25793467341426013,5,0.10984043597292009,4,0.06129045581181801,3,0.0,2,14,5
6,5,5,True,5,0.45019283306186153,3,0.41738034938578555,1,0.056700289754099895,2,0.05595613355083432,0,0.01977039424741873,1,12,2
6,5,3,False,3,0.46510528582867705,5,0.33167847638419645,1,0.08458458823157153,2,0.07963888007611179,0,0.038992769479443266,2,12,0
6,5,1,False,1,0.49434002180826364,5,0.3717500054873345,2,0.06694777348643599,3,0.040988129458741335,0,0.025974069759224512,2,12,4
6,2,0,False,0,0.7694950025464727,4,0.12146625596625593,2,0.10903874148727083,1,0.0,3,0.0,3,22,1
6,0,3,False,3,0.46510528582867705,5,0.33167847638419645,1,0.08458458823157153,2,0.07963888007611179,0,0.038992769479443266,5,12,0
6,0,0,True,0,0.9941666666666668,4,0.005833333333333333,2,0.0,1,0.0,3,0.0,1,21,3
6,4,0,False,0,0.9325,2,0.05,4,0.009166666666666667,3,0.008333333333333333,1,0.0,3,22,2
6,0,0,True,0,1.0,1,0.0,2,0.0,3,0.0,4,0.0,1,21,2
6,0,0,True,0,0.6066255411255411,2,0.3063582251082251,4,0.08201623376623378,5,0.005,3,0.0,1,0,1
6,0,0,True,0,1.0,1,0.0,2,0.0,3,0.0,4,0.0,1,21,1
6,0,5,False,5,0.41018140193140196,0,0.3377828837828838,4,0.12216666666666669,3,0.07,2,0.052369047619047614,2,1,4
6,3,3,True,3,0.7543810951906214,5,0.13863058791342453,2,0.08531348356171295,1,0.021674833334241347,0,0.0,1,13,0
6,3,1,False,1,0.495059635051094,5,0.31947885739901155,3,0.14608164982969357,0,0.024654202945703182,4,0.014725654774497342,3,12,1
6,3,1,False,1,0.42573922652757107,3,0.2542826308493449,5,0.16402422297681857,0,0.11088740630108772,2,0.04506651334517771,2,13,4
6,1,1,True,1,0.495059635051094,5,0.31947885739901155,3,0.14608164982969357,0,0.024654202945703182,4,0.014725654774497342,1,12,1
6,1,1,True,1,0.42573922652757107,3,0.2542826308493449,5,0.16402422297681857,0,0.11088740630108772,2,0.04506651334517771,1,13,4
6,3,3,True,3,0.4598953088276078,1,0.1981534606569473,2,0.13681092488201585,0,0.10431717360105389,5,0.10082313203237481,1,14,1
6,1,1,True,1,0.3917998859044476,3,0.35877558577646246,5,0.14806738749754922,0,0.076872255289267,2,0.02448488553227348,1,13,1
6,0,0,True,0,0.5314761904761905,2,0.4395238095238095,3,0.028999999999999998,1,0.0,4,0.0,1,10,3
6,0,3,False,3,0.4598953088276078,1,0.1981534606569473,2,0.13681092488201585,0,0.10431717360105389,5,0.10082313203237481,4,14,1
6,3,3,True,3,0.4598953088276078,1,0.1981534606569473,2,0.13681092488201585,0,0.10431717360105389,5,0.10082313203237481,1,14,1
6,3,1,False,1,0.3917998859044476,3,0.35877558577646246,5,0.14806738749754922,0,0.076872255289267,2,0.02448488553227348,2,13,1
6,2,2,True,2,0.46972307685675063,3,0.3530837911500035,5,0.10835491237797287,1,0.03675812237049488,0,0.032080097244778075,1,13,3
6,3,3,True,3,0.7026501461502648,5,0.15344814184168143,2,0.09313746117033289,1,0.02620324124923824,0,0.02456100958848311,1,13,2
6,0,3,False,3,0.5358158785658788,5,0.3537847985347984,0,0.1103993228993229,1,0.0,2,0.0,3,12,6
6,1,0,False,0,0.680000508939767,3,0.2292396852933936,1,0.09075980576683898,2,0.0,4,0.0,3,15,4
6,0,0,True,0,0.4439999999999999,3,0.29440079365079347,1,0.2615992063492063,2,0.0,4,0.0,1,16,1
6,0,0,True,0,1.0,1,0.0,2,0.0,3,0.0,4,0.0,1,21,2
6,1,1,True,1,0.42573922652757107,3,0.2542826308493449,5,0.16402422297681857,0,0.11088740630108772,2,0.04506651334517771,1,13,4
6,3,3,True,3,0.5227525170041541,0,0.31975724173350356,2,0.15749024126234207,1,0.0,4,0.0,1,13,6
6,3,3,True,3,0.4598953088276078,1,0.1981534606569473,2,0.13681092488201585,0,0.10431717360105389,5,0.10082313203237481,1,14,1
6,0,5,False,5,0.5111468400880166,0,0.48885315991198347,2,0.0,1,0.0,3,0.0,2,22,4
6,0,5,False,5,0.5111468400880166,0,0.48885315991198347,2,0.0,1,0.0,3,0.0,2,22,4
6,0,0,True,0,0.6607398989898986,3,0.33926010101010107,1,0.0,2,0.0,4,0.0,1,17,4
6,3,3,True,3,0.7026501461502648,5,0.15344814184168143,2,0.09313746117033289,1,0.02620324124923824,0,0.02456100958848311,1,13,2
6,3,1,False,1,0.3917998859044476,3,0.35877558577646246,5,0.14806738749754922,0,0.076872255289267,2,0.02448488553227348,2,13,1
6,5,5,True,5,0.45019283306186153,3,0.41738034938578555,1,0.056700289754099895,2,0.05595613355083432,0,0.01977039424741873,1,12,2
6,1,1,True,1,0.3917998859044476,3,0.35877558577646246,5,0.14806738749754922,0,0.076872255289267,2,0.02448488553227348,1,13,1
6,1,1,True,1,0.42573922652757107,3,0.2542826308493449,5,0.16402422297681857,0,0.11088740630108772,2,0.04506651334517771,1,13,4
6,5,1,False,1,0.3917998859044476,3,0.35877558577646246,5,0.14806738749754922,0,0.076872255289267,2,0.02448488553227348,3,13,1
6,5,1,False,1,0.495059635051094,5,0.31947885739901155,3,0.14608164982969357,0,0.024654202945703182,4,0.014725654774497342,2,12,1
6,0,0,True,0,0.6893585858585857,5,0.3060959595959596,3,0.004545454545454545,1,0.0,2,0.0,1,15,5
6,5,5,True,5,0.45019283306186153,3,0.41738034938578555,1,0.056700289754099895,2,0.05595613355083432,0,0.01977039424741873,1,12,2
6,5,3,False,3,0.7543810951906214,5,0.13863058791342453,2,0.08531348356171295,1,0.021674833334241347,0,0.0,2,13,0
6,5,1,False,1,0.49434002180826364,5,0.3717500054873345,2,0.06694777348643599,3,0.040988129458741335,0,0.025974069759224512,2,12,4
6,2,1,False,1,0.49434002180826364,5,0.3717500054873345,2,0.06694777348643599,3,0.040988129458741335,0,0.025974069759224512,3,12,4
6,5,1,False,1,0.495059635051094,5,0.31947885739901155,3,0.14608164982969357,0,0.024654202945703182,4,0.014725654774497342,2,12,1
6,0,0,True,0,1.0,1,0.0,2,0.0,3,0.0,4,0.0,1,19,4
6,4,0,False,0,1.0,1,0.0,2,0.0,3,0.0,4,0.0,5,21,1
6,0,0,True,0,0.8037699986347988,4,0.12821521069902408,2,0.0680147906661771,1,0.0,3,0.0,1,20,0
6,1,1,True,1,0.495059635051094,5,0.31947885739901155,3,0.14608164982969357,0,0.024654202945703182,4,0.014725654774497342,1,12,1
6,3,1,False,1,0.495059635051094,5,0.31947885739901155,3,0.14608164982969357,0,0.024654202945703182,4,0.014725654774497342,3,12,1
6,0,0,True,0,1.0,1,0.0,2,0.0,3,0.0,4,0.0,1,21,2
6,0,0,True,0,0.5421428571428571,4,0.435,3,0.012857142857142855,2,0.01,1,0.0,1,1,0
6,0,0,True,0,0.5709344348010016,2,0.25793467341426013,5,0.10984043597292009,4,0.06129045581181801,3,0.0,1,14,5
6,0,0,True,0,0.8392625201595788,5,0.16073747984042094,2,0.0,1,0.0,3,0.0,1,21,4
6,0,0,True,0,1.0,1,0.0,2,0.0,3,0.0,4,0.0,1,19,4
6,2,0,False,0,0.7836901725725249,3,0.21630982742747445,1,0.0,2,0.0,4,0.0,4,20,5
6,3,1,False,1,0.3917998859044476,3,0.35877558577646246,5,0.14806738749754922,0,0.076872255289267,2,0.02448488553227348,2,13,1
6,2,2,True,2,0.46972307685675063,3,0.3530837911500035,5,0.10835491237797287,1,0.03675812237049488,0,0.032080097244778075,1,13,3
6,3,3,True,3,0.7026501461502648,5,0.15344814184168143,2,0.09313746117033289,1,0.02620324124923824,0,0.02456100958848311,1,13,2
6,0,2,False,2,0.46972307685675063,3,0.3530837911500035,5,0.10835491237797287,1,0.03675812237049488,0,0.032080097244778075,5,13,3
6,3,1,False,1,0.3831786289750863,3,0.25092300701710185,0,0.24086582495471182,5,0.09352492230286341,2,0.03150761675023661,2,14,4
6,2,3,False,3,0.4598953088276078,1,0.1981534606569473,2,0.13681092488201585,0,0.10431717360105389,5,0.10082313203237481,3,14,1
6,3,3,True,3,0.4598953088276078,1,0.1981534606569473,2,0.13681092488201585,0,0.10431717360105389,5,0.10082313203237481,1,14,1
6,1,1,True,1,0.42573922652757107,3,0.2542826308493449,5,0.16402422297681857,0,0.11088740630108772,2,0.04506651334517771,1,13,4
6,3,1,False,1,0.3917998859044476,3,0.35877558577646246,5,0.14806738749754922,0,0.076872255289267,2,0.02448488553227348,2,13,1
6,5,3,False,3,0.5358158785658788,5,0.3537847985347984,0,0.1103993228993229,1,0.0,2,0.0,2,12,6
6,2,1,False,1,0.42573922652757107,3,0.2542826308493449,5,0.16402422297681857,0,0.11088740630108772,2,0.04506651334517771,5,13,4
6,1,1,True,1,0.49434002180826364,5,0.3717500054873345,2,0.06694777348643599,3,0.040988129458741335,0,0.025974069759224512,1,12,4
6,1,1,True,1,0.495059635051094,5,0.31947885739901155,3,0.14608164982969357,0,0.024654202945703182,4,0.014725654774497342,1,12,1
6,1,1,True,1,0.42573922652757107,3,0.2542826308493449,5,0.16402422297681857,0,0.11088740630108772,2,0.04506651334517771,1,13,4
6,1,1,True,1,0.49434002180826364,5,0.3717500054873345,2,0.06694777348643599,3,0.040988129458741335,0,0.025974069759224512,1,12,4
6,1,1,True,1,0.495059635051094,5,0.31947885739901155,3,0.14608164982969357,0,0.024654202945703182,4,0.014725654774497342,1,12,1
6,5,1,False,1,0.42573922652757107,3,0.2542826308493449,5,0.16402422297681857,0,0.11088740630108772,2,0.04506651334517771,3,13,4
6,0,0,True,0,0.49436695743197295,2,0.278559001146772,5,0.22707404142125498,1,0.0,3,0.0,1,13,5
6,0,0,True,0,0.99,2,0.01,1,0.0,3,0.0,4,0.0,1,0,3
6,4,0,False,0,0.8175175935175935,4,0.1416184371184371,2,0.02453063603063603,3,0.01,1,0.006333333333333333,2,2,1
6,0,0,True,0,0.8980277777777778,3,0.07505555555555554,2,0.025666666666666664,4,0.00125,1,0.0,1,18,4
6,0,3,False,3,0.7543810951906214,5,0.13863058791342453,2,0.08531348356171295,1,0.021674833334241347,0,0.0,5,13,0
6,0,3,False,3,0.5227525170041541,0,0.31975724173350356,2,0.15749024126234207,1,0.0,4,0.0,2,13,6
6,0,0,True,0,0.8037699986347988,4,0.12821521069902408,2,0.0680147906661771,1,0.0,3,0.0,1,20,0
6,0,0,True,0,0.8037699986347988,4,0.12821521069902408,2,0.0680147906661771,1,0.0,3,0.0,1,20,0
7,2,3,False,3,0.5363648184890444,0,0.41823051866434235,1,0.02911158092853139,5,0.016293081918081917,2,0.0,5,15,3
7,0,3,False,3,0.4845401160756147,0,0.320841115307087,2,0.14777285307343407,5,0.0468459155438637,1,0.0,2,13,6
7,0,0,True,0,0.5095833333333335,2,0.25956746031746025,4,0.23084920634920628,1,0.0,3,0.0,1,23,1
7,5,3,False,3,0.5817872298669119,0,0.1333074828980764,1,0.13294097075150527,2,0.12759372551614823,5,0.024370590967358132,5,14,1
7,2,0,False,0,1.0,1,0.0,2,0.0,3,0.0,4,0.0,3,21,6
7,3,3,True,3,0.723709990291642,5,0.14535528467189607,2,0.0774256332206816,0,0.027614354993434665,1,0.025894736822345766,1,13,2
7,3,3,True,3,0.7072176714430366,5,0.14715317419787394,2,0.08511597527597167,1,0.030326428682915817,0,0.03018675040020189,1,13,0
7,2,3,False,3,0.723709990291642,5,0.14535528467189607,2,0.0774256332206816,0,0.027614354993434665,1,0.025894736822345766,3,13,2
7,3,1,False,1,0.4782078447330417,3,0.22388411679788078,5,0.15598660434862022,0,0.08172577853995674,2,0.060195655580500385,2,13,4
7,2,2,True,2,0.6399544344544342,3,0.2436444388944388,5,0.11640112665112663,1,0.0,0,0.0,1,14,3
7,5,1,False,1,0.4782078447330417,3,0.22388411679788078,5,0.15598660434862022,0,0.08172577853995674,2,0.060195655580500385,3,13,4
7,3,5,False,5,0.5424163813640994,3,0.34955195533682115,2,0.05683184713365899,1,0.032227919552577096,0,0.01897189661284331,2,12,2
7,1,3,False,3,0.5817872298669119,0,0.1333074828980764,1,0.13294097075150527,2,0.12759372551614823,5,0.024370590967358132,3,14,1
7,1,3,False,3,0.37810934586123657,1,0.36690771508017517,5,0.14994204201399147,0,0.0798512833377865,2,0.02518961370681007,2,13,1
7,3,3,True,3,0.4437055004281877,5,0.33041924841957504,1,0.08332502555472392,0,0.08235746203786766,2,0.06019276355964566,1,12,0
7,5,0,False,0,0.821963564213564,5,0.17803643578643577,2,0.0,1,0.0,3,0.0,2,15,5
7,5,3,False,3,0.5817872298669119,0,0.1333074828980764,1,0.13294097075150527,2,0.12759372551614823,5,0.024370590967358132,5,14,1
7,0,0,True,0,0.9454280303030305,2,0.04192045454545454,5,0.008901515151515152,1,0.002916666666666667,3,0.0008333333333333333,1,11,5
7,0,0,True,0,0.5897621267621268,2,0.2850437062937062,4,0.12519416694416693,1,0.0,3,0.0,1,22,1
7,0,0,True,0,0.5897621267621268,2,0.2850437062937062,4,0.12519416694416693,1,0.0,3,0.0,1,22,1
7,0,0,True,0,0.7642088744588739,1,0.23579112554112544,2,0.0,3,0.0,4,0.0,1,10,1
7,0,0,True,0,0.5632632032999682,3,0.27548948630488884,1,0.16124731039514317,2,0.0,4,0.0,1,15,4
7,0,0,True,0,0.9161298171213028,4,0.08387018287869681,2,0.0,1,0.0,3,0.0,1,21,1
7,0,0,True,0,0.9161298171213028,4,0.08387018287869681,2,0.0,1,0.0,3,0.0,1,21,1
7,0,0,True,0,0.9466666666666665,4,0.03333333333333333,2,0.02,1,0.0,3,0.0,1,8,2
7,0,0,True,0,0.5854661234877956,2,0.2198050218615233,5,0.12949250770729093,4,0.06523634694339028,3,0.0,1,14,5
7,3,3,True,3,0.4437055004281877,5,0.33041924841957504,1,0.08332502555472392,0,0.08235746203786766,2,0.06019276355964566,1,12,0
7,1,3,False,3,0.37810934586123657,1,0.36690771508017517,5,0.14994204201399147,0,0.0798512833377865,2,0.02518961370681007,2,13,1
7,0,1,False,1,0.39218014881012914,3,0.31613818581647857,0,0.21789776000894945,2,0.038805528188448304,5,0.03497837717599448,3,14,4
7,3,3,True,3,0.7500971250971251,0,0.1625922574157868,2,0.04482885415238356,5,0.033560194707253535,4,0.00892156862745098,1,22,5
7,3,3,True,3,0.723709990291642,5,0.14535528467189607,2,0.0774256332206816,0,0.027614354993434665,1,0.025894736822345766,1,13,2
7,3,3,True,3,0.723709990291642,5,0.14535528467189607,2,0.0774256332206816,0,0.027614354993434665,1,0.025894736822345766,1,13,2
7,2,2,True,2,0.6399544344544342,3,0.2436444388944388,5,0.11640112665112663,1,0.0,0,0.0,1,14,3
7,3,3,True,3,0.37810934586123657,1,0.36690771508017517,5,0.14994204201399147,0,0.0798512833377865,2,0.02518961370681007,1,13,1
7,3,3,True,3,0.7072176714430366,5,0.14715317419787394,2,0.08511597527597167,1,0.030326428682915817,0,0.03018675040020189,1,13,0
7,3,0,False,0,0.9981818181818182,3,0.0009090909090909091,4,0.0009090909090909091,1,0.0,2,0.0,2,16,1
7,0,2,False,2,0.6870119047619048,0,0.2271547619047619,4,0.049166666666666664,3,0.03666666666666667,1,0.0,2,23,3
7,1,0,False,0,0.9981818181818182,3,0.0009090909090909091,4,0.0009090909090909091,1,0.0,2,0.0,4,16,1
7,0,0,True,0,0.5854661234877956,2,0.2198050218615233,5,0.12949250770729093,4,0.06523634694339028,3,0.0,1,14,5
7,3,1,False,1,0.39218014881012914,3,0.31613818581647857,0,0.21789776000894945,2,0.038805528188448304,5,0.03497837717599448,2,14,4
7,5,3,False,3,0.7072176714430366,5,0.14715317419787394,2,0.08511597527597167,1,0.030326428682915817,0,0.03018675040020189,2,13,0
7,2,0,False,0,0.5854661234877956,2,0.2198050218615233,5,0.12949250770729093,4,0.06523634694339028,3,0.0,2,14,5
7,5,1,False,1,0.4323105734162009,5,0.41940723334455166,2,0.09746266324039805,3,0.050819529998849075,0,0.0,2,12,4
7,1,3,False,3,0.37810934586123657,1,0.36690771508017517,5,0.14994204201399147,0,0.0798512833377865,2,0.02518961370681007,2,13,1
7,2,0,False,0,0.5854661234877956,2,0.2198050218615233,5,0.12949250770729093,4,0.06523634694339028,3,0.0,2,14,5
7,5,3,False,3,0.37810934586123657,1,0.36690771508017517,5,0.14994204201399147,0,0.0798512833377865,2,0.02518961370681007,3,13,1
7,5,3,False,3,0.4366039581333699,5,0.3399714582802817,0,0.22342458358634829,1,0.0,2,0.0,2,12,6
7,2,2,True,2,0.8256479238677418,3,0.14049955277576534,1,0.03385252335649272,0,0.0,4,0.0,1,12,3
7,1,1,True,1,0.4323105734162009,5,0.41940723334455166,2,0.09746266324039805,3,0.050819529998849075,0,0.0,1,12,4
7,5,3,False,3,0.4437055004281877,5,0.33041924841957504,1,0.08332502555472392,0,0.08235746203786766,2,0.06019276355964566,2,12,0
7,5,1,False,1,0.5070381200626352,5,0.2915007379345585,3,0.16199103340963483,0,0.019299801789060496,4,0.010124345830214558,2,12,1
7,2,0,False,0,0.5897621267621268,2,0.2850437062937062,4,0.12519416694416693,1,0.0,3,0.0,2,22,1
7,4,4,True,4,0.4040955155955157,3,0.30284892884892883,0,0.2930555555555554,1,0.0,2,0.0,1,19,6
7,0,0,True,0,0.5897621267621268,2,0.2850437062937062,4,0.12519416694416693,1,0.0,3,0.0,1,22,1
7,4,0,False,0,0.8875604670335078,2,0.06491759327048102,4,0.047521939696010894,1,0.0,3,0.0,3,20,0
7,3,2,False,2,0.8256479238677418,3,0.14049955277576534,1,0.03385252335649272,0,0.0,4,0.0,2,12,3
7,2,3,False,3,0.4437055004281877,5,0.33041924841957504,1,0.08332502555472392,0,0.08235746203786766,2,0.06019276355964566,5,12,0
7,3,1,False,1,0.4782078447330417,3,0.22388411679788078,5,0.15598660434862022,0,0.08172577853995674,2,0.060195655580500385,2,13,4
7,3,3,True,3,0.5817872298669119,0,0.1333074828980764,1,0.13294097075150527,2,0.12759372551614823,5,0.024370590967358132,1,14,1
7,2,3,False,3,0.5817872298669119,0,0.1333074828980764,1,0.13294097075150527,2,0.12759372551614823,5,0.024370590967358132,4,14,1
7,3,3,True,3,0.34622862105215046,2,0.3282740380534498,0,0.1991564652667593,4,0.12634087562764032,1,0.0,1,14,0
7,3,3,True,3,0.37810934586123657,1,0.36690771508017517,5,0.14994204201399147,0,0.0798512833377865,2,0.02518961370681007,1,13,1
7,3,1,False,1,0.39218014881012914,3,0.31613818581647857,0,0.21789776000894945,2,0.038805528188448304,5,0.03497837717599448,2,14,4
7,0,3,False,3,0.40596357336334116,1,0.2474191545039068,0,0.17406079210607067,5,0.17255648002668125,2,0.0,3,15,1
7,0,3,False,3,0.34622862105215046,2,0.3282740380534498,0,0.1991564652667593,4,0.12634087562764032,1,0.0,3,14,0
7,3,3,True,3,0.37810934586123657,1,0.36690771508017517,5,0.14994204201399147,0,0.0798512833377865,2,0.02518961370681007,1,13,1
7,0,1,False,1,0.4782078447330417,3,0.22388411679788078,5,0.15598660434862022,0,0.08172577853995674,2,0.060195655580500385,4,13,4
7,3,3,True,3,0.4366039581333699,5,0.3399714582802817,0,0.22342458358634829,1,0.0,2,0.0,1,12,6
7,1,1,True,1,0.4323105734162009,5,0.41940723334455166,2,0.09746266324039805,3,0.050819529998849075,0,0.0,1,12,4
7,2,2,True,2,0.8256479238677418,3,0.14049955277576534,1,0.03385252335649272,0,0.0,4,0.0,1,12,3
7,5,1,False,1,0.5070381200626352,5,0.2915007379345585,3,0.16199103340963483,0,0.019299801789060496,4,0.010124345830214558,2,12,1
7,5,1,False,1,0.39218014881012914,3,0.31613818581647857,0,0.21789776000894945,2,0.038805528188448304,5,0.03497837717599448,5,14,4
7,5,1,False,1,0.4323105734162009,5,0.41940723334455166,2,0.09746266324039805,3,0.050819529998849075,0,0.0,2,12,4
7,2,2,True,2,0.8256479238677418,3,0.14049955277576534,1,0.03385252335649272,0,0.0,4,0.0,1,12,3
7,4,0,False,0,1.0,1,0.0,2,0.0,3,0.0,4,0.0,5,21,6
7,0,0,True,0,0.6849444444444444,4,0.3050555555555554,2,0.01,1,0.0,3,0.0,1,23,6
7,0,0,True,0,0.8302153079978156,4,0.09235257836418825,3,0.07743211363799597,1,0.0,2,0.0,1,20,1
7,0,0,True,0,0.99875,2,0.00125,1,0.0,3,0.0,4,0.0,1,19,1
7,1,5,False,5,0.5424163813640994,3,0.34955195533682115,2,0.05683184713365899,1,0.032227919552577096,0,0.01897189661284331,4,12,2
7,1,1,True,1,0.4782078447330417,3,0.22388411679788078,5,0.15598660434862022,0,0.08172577853995674,2,0.060195655580500385,1,13,4
7,2,2,True,2,0.46264594826347816,3,0.35515436463550254,5,0.0886605216555584,0,0.06318983531428574,1,0.030349330131175165,1,13,3
7,0,0,True,0,0.7006209484959487,2,0.2993790515040514,1,0.0,3,0.0,4,0.0,1,12,5
7,1,3,False,3,0.37810934586123657,1,0.36690771508017517,5,0.14994204201399147,0,0.0798512833377865,2,0.02518961370681007,2,13,1
7,1,1,True,1,0.5070381200626352,5,0.2915007379345585,3,0.16199103340963483,0,0.019299801789060496,4,0.010124345830214558,1,12,1
7,1,1,True,1,0.5070381200626352,5,0.2915007379345585,3,0.16199103340963483,0,0.019299801789060496,4,0.010124345830214558,1,12,1
7,1,3,False,3,0.37810934586123657,1,0.36690771508017517,5,0.14994204201399147,0,0.0798512833377865,2,0.02518961370681007,2,13,1
7,1,1,True,1,0.4323105734162009,5,0.41940723334455166,2,0.09746266324039805,3,0.050819529998849075,0,0.0,1,12,4
7,3,3,True,3,0.37810934586123657,1,0.36690771508017517,5,0.14994204201399147,0,0.0798512833377865,2,0.02518961370681007,1,13,1
7,3,5,False,5,0.5424163813640994,3,0.34955195533682115,2,0.05683184713365899,1,0.032227919552577096,0,0.01897189661284331,2,12,2
7,0,0,True,0,1.0,1,0.0,2,0.0,3,0.0,4,0.0,1,21,2
7,0,0,True,0,0.9666666666666666,2,0.03,3,0.003333333333333333,1,0.0,4,0.0,1,17,1
7,3,2,False,2,0.4789999999999999,3,0.43723809523809537,0,0.061940476190476185,4,0.021821428571428575,1,0.0,2,17,6
7,0,0,True,0,0.9164581093141458,5,0.08354189068585352,2,0.0,1,0.0,3,0.0,1,20,4
7,1,3,False,3,0.5817872298669119,0,0.1333074828980764,1,0.13294097075150527,2,0.12759372551614823,5,0.024370590967358132,3,14,1
7,3,3,True,3,0.723709990291642,5,0.14535528467189607,2,0.0774256332206816,0,0.027614354993434665,1,0.025894736822345766,1,13,2
7,3,1,False,1,0.4782078447330417,3,0.22388411679788078,5,0.15598660434862022,0,0.08172577853995674,2,0.060195655580500385,2,13,4
7,3,2,False,2,0.4166506973418738,3,0.3597640186610774,0,0.1165714742773566,5,0.1070138097196921,1,0.0,2,14,6
7,0,2,False,2,0.6716666666666667,0,0.32666666666666666,3,0.0016666666666666666,1,0.0,4,0.0,2,18,2
7,3,3,True,3,0.7072176714430366,5,0.14715317419787394,2,0.08511597527597167,1,0.030326428682915817,0,0.03018675040020189,1,13,0
7,1,1,True,1,0.4323105734162009,5,0.41940723334455166,2,0.09746266324039805,3,0.050819529998849075,0,0.0,1,12,4
7,5,1,False,1,0.5070381200626352,5,0.2915007379345585,3,0.16199103340963483,0,0.019299801789060496,4,0.010124345830214558,2,12,1
7,4,0,False,0,0.5147728937728937,3,0.4288809523809525,5,0.03480769230769231,4,0.019999999999999997,2,0.0015384615384615385,4,23,5
7,1,1,True,1,0.4323105734162009,5,0.41940723334455166,2,0.09746266324039805,3,0.050819529998849075,0,0.0,1,12,4
7,1,1,True,1,0.4323105734162009,5,0.41940723334455166,2,0.09746266324039805,3,0.050819529998849075,0,0.0,1,12,4
7,3,5,False,5,0.5424163813640994,3,0.34955195533682115,2,0.05683184713365899,1,0.032227919552577096,0,0.01897189661284331,2,12,2
7,1,3,False,3,0.37810934586123657,1,0.36690771508017517,5,0.14994204201399147,0,0.0798512833377865,2,0.02518961370681007,2,13,1
7,5,1,False,1,0.5070381200626352,5,0.2915007379345585,3,0.16199103340963483,0,0.019299801789060496,4,0.010124345830214558,2,12,1
7,3,3,True,3,0.4437055004281877,5,0.33041924841957504,1,0.08332502555472392,0,0.08235746203786766,2,0.06019276355964566,1,12,0
7,5,0,False,0,0.6339438551644434,2,0.16466666666666668,5,0.14422281150222327,4,0.0385,3,0.013111111111111112,3,23,4
7,5,5,True,5,0.5424163813640994,3,0.34955195533682115,2,0.05683184713365899,1,0.032227919552577096,0,0.01897189661284331,1,12,2
7,5,1,False,1,0.39218014881012914,3,0.31613818581647857,0,0.21789776000894945,2,0.038805528188448304,5,0.03497837717599448,5,14,4
7,0,1,False,1,0.4323105734162009,5,0.41940723334455166,2,0.09746266324039805,3,0.050819529998849075,0,0.0,5,12,4
7,0,0,True,0,1.0,1,0.0,2,0.0,3,0.0,4,0.0,1,21,2
7,0,0,True,0,0.8222142857142856,2,0.11745238095238097,4,0.047,5,0.01,3,0.003333333333333333,1,1,2
7,0,0,True,0,0.83412987012987,3,0.10728246753246752,2,0.058587662337662334,1,0.0,4,0.0,1,17,3
7,0,0,True,0,0.9164581093141458,5,0.08354189068585352,2,0.0,1,0.0,3,0.0,1,20,4
7,0,0,True,0,1.0,1,0.0,2,0.0,3,0.0,4,0.0,1,21,2
7,0,0,True,0,1.0,1,0.0,2,0.0,3,0.0,4,0.0,1,21,2
7,0,0,True,0,0.8302153079978156,4,0.09235257836418825,3,0.07743211363799597,1,0.0,2,0.0,1,20,1
7,0,2,False,2,0.6399544344544342,3,0.2436444388944388,5,0.11640112665112663,1,0.0,0,0.0,5,14,3
7,0,4,False,4,0.49690476190476196,0,0.44347619047619047,2,0.052000000000000005,3,0.007619047619047619,1,0.0,2,22,2
7,0,0,True,0,0.99875,2,0.00125,1,0.0,3,0.0,4,0.0,1,19,1
7,0,0,True,0,0.8629105236308087,5,0.13708947636919094,2,0.0,1,0.0,3,0.0,1,21,4
7,0,0,True,0,0.8724658674658673,2,0.12753413253413254,1,0.0,3,0.0,4,0.0,1,19,3
8,3,3,True,3,0.7302658276664871,5,0.11961373211518342,2,0.09657647827646276,1,0.027393926887300087,0,0.02615003505456661,1,13,2
8,3,2,False,2,0.44811399711399724,0,0.33934559884559884,4,0.19754040404040402,3,0.015,1,0.0,4,18,6
8,3,1,False,1,0.47529713920767636,3,0.20977841533638572,5,0.15478766306831446,0,0.10117183974806436,2,0.05896494263955927,2,13,4
8,0,0,True,0,0.9034592327607036,4,0.09654076723929662,2,0.0,1,0.0,3,0.0,1,21,1
8,1,1,True,1,0.49536014527187855,5,0.31297205752433277,3,0.14896059265676054,0,0.021634580543141033,4,0.011029278291387492,1,12,1
8,2,2,True,2,0.5733333333333334,0,0.39416666666666667,3,0.032499999999999994,1,0.0,4,0.0,1,17,0
8,2,2,True,2,0.7852509926502685,3,0.1770337805369963,1,0.03771522681273481,0,0.0,4,0.0,1,12,3
8,5,3,False,3,0.5698325324467469,2,0.13170831006046638,1,0.12441597245591968,0,0.11400498772789733,5,0.06003819730896975,5,14,1
8,5,0,False,0,0.6168578342384343,2,0.31182810722944515,5,0.07131405853212044,1,0.0,3,0.0,3,14,5
8,5,1,False,1,0.4056354956594794,3,0.39411468019302964,5,0.11816468227112364,0,0.05878820418580259,2,0.023296937690564724,3,13,1
8,4,0,False,0,0.6168578342384343,2,0.31182810722944515,5,0.07131405853212044,1,0.0,3,0.0,6,14,5
8,0,0,True,0,0.9147509445319038,5,0.0852490554680957,2,0.0,1,0.0,3,0.0,1,20,4
8,0,0,True,0,0.9147509445319038,5,0.0852490554680957,2,0.0,1,0.0,3,0.0,1,20,4
8,0,0,True,0,0.39869881907740046,2,0.21329088344968505,1,0.2010725121113498,5,0.10248653606234508,3,0.08445124929921967,1,10,4
8,0,0,True,0,1.0,1,0.0,2,0.0,3,0.0,4,0.0,1,9,1
8,0,0,True,0,0.9884920634920634,1,0.005873015873015872,3,0.005634920634920635,2,0.0,4,0.0,1,9,4
8,1,3,False,3,0.3866439821450664,0,0.24673788885441933,1,0.22043864991292295,5,0.11204754330306944,2,0.034131935784521644,3,14,4
8,3,5,False,5,0.4996253620414818,3,0.39291979288531215,1,0.04963344758658828,2,0.04035857031893027,0,0.01746282716768743,2,12,2
8,0,0,True,0,0.9672499999999999,4,0.019416666666666665,2,0.007916666666666666,3,0.005416666666666666,1,0.0,1,20,6
8,2,2,True,2,0.7852509926502685,3,0.1770337805369963,1,0.03771522681273481,0,0.0,4,0.0,1,12,3
8,0,0,True,0,0.46096925393260363,3,0.31694711048400287,2,0.22208363558339322,1,0.0,4,0.0,1,16,5
8,1,1,True,1,0.4056354956594794,3,0.39411468019302964,5,0.11816468227112364,0,0.05878820418580259,2,0.023296937690564724,1,13,1
8,1,3,False,3,0.3866439821450664,0,0.24673788885441933,1,0.22043864991292295,5,0.11204754330306944,2,0.034131935784521644,3,14,4
8,2,5,False,5,0.4996253620414818,3,0.39291979288531215,1,0.04963344758658828,2,0.04035857031893027,0,0.01746282716768743,4,12,2
8,0,0,True,0,0.5300751911487207,3,0.27802304150098256,1,0.19190176735029676,2,0.0,4,0.0,1,15,4
8,3,2,False,2,0.512614893844463,3,0.26737136217198054,5,0.11639280050901409,0,0.06826408763149694,1,0.035356855843045404,2,13,3
8,3,4,False,4,0.5246325341325341,0,0.29518967143967134,3,0.18017779442779439,1,0.0,2,0.0,3,19,6
8,3,3,True,3,0.61,0,0.32247619047619047,4,0.06752380952380953,1,0.0,2,0.0,1,1,6
8,3,3,True,3,0.7302658276664871,5,0.11961373211518342,2,0.09657647827646276,1,0.027393926887300087,0,0.02615003505456661,1,13,2
8,3,3,True,3,0.7014758308357856,5,0.17572732071113945,2,0.05877618353666201,0,0.032409874436721366,1,0.03161079047969186,1,13,0
8,3,3,True,3,0.3062196369162314,0,0.2897948076605197,1,0.2054481119156043,5,0.19853744350764468,2,0.0,1,15,1
8,3,2,False,2,0.512614893844463,3,0.26737136217198054,5,0.11639280050901409,0,0.06826408763149694,1,0.035356855843045404,2,13,3
8,3,1,False,1,0.4056354956594794,3,0.39411468019302964,5,0.11816468227112364,0,0.05878820418580259,2,0.023296937690564724,2,13,1
8,3,0,False,0,0.7859004329004325,3,0.21409956709956707,1,0.0,2,0.0,4,0.0,2,17,4
8,0,0,True,0,0.5893293650793648,2,0.2152896825396825,4,0.19538095238095232,1,0.0,3,0.0,1,21,6
8,2,3,False,3,0.5698325324467469,2,0.13170831006046638,1,0.12441597245591968,0,0.11400498772789733,5,0.06003819730896975,2,14,1
8,5,3,False,3,0.7302658276664871,5,0.11961373211518342,2,0.09657647827646276,1,0.027393926887300087,0,0.02615003505456661,2,13,2
8,2,3,False,3,0.7014758308357856,5,0.17572732071113945,2,0.05877618353666201,0,0.032409874436721366,1,0.03161079047969186,3,13,0
8,5,1,False,1,0.5383435836609212,5,0.29018471389291817,2,0.1714717024461606,0,0.0,3,0.0,2,11,4
8,2,2,True,2,0.7852509926502685,3,0.1770337805369963,1,0.03771522681273481,0,0.0,4,0.0,1,12,3
8,2,2,True,2,0.7852509926502685,3,0.1770337805369963,1,0.03771522681273481,0,0.0,4,0.0,1,12,3
8,5,1,False,1,0.4521263638849147,5,0.38847948426005025,3,0.0576115283572512,2,0.05506997846942993,0,0.04671264502835373,2,11,1
8,1,1,True,1,0.5383435836609212,5,0.29018471389291817,2,0.1714717024461606,0,0.0,3,0.0,1,11,4
8,5,0,False,0,0.7568333333333334,4,0.13050000000000003,3,0.09266666666666667,2,0.02,1,0.0,6,0,5
8,5,1,False,1,0.4521263638849147,5,0.38847948426005025,3,0.0576115283572512,2,0.05506997846942993,0,0.04671264502835373,2,11,1
8,0,0,True,0,0.6062884165198408,2,0.28901572747857585,4,0.10469585600158351,1,0.0,3,0.0,1,22,1
8,0,0,True,0,0.9034592327607036,4,0.09654076723929662,2,0.0,1,0.0,3,0.0,1,21,1
8,0,0,True,0,0.54875,2,0.23179365079365075,4,0.21945634920634915,1,0.0,3,0.0,1,23,1
8,0,3,False,3,0.6514436258186258,5,0.22936159673659662,0,0.11919477744477738,1,0.0,2,0.0,3,12,6
8,0,0,True,0,0.9034592327607036,4,0.09654076723929662,2,0.0,1,0.0,3,0.0,1,21,1
8,1,1,True,1,0.4056354956594794,3,0.39411468019302964,5,0.11816468227112364,0,0.05878820418580259,2,0.023296937690564724,1,13,1
8,3,3,True,3,0.4398418998274694,5,0.32539166332919495,2,0.07981419062051236,1,0.07929079468349794,0,0.07566145153932517,1,12,0
8,2,1,False,1,0.5383435836609212,5,0.29018471389291817,2,0.1714717024461606,0,0.0,3,0.0,3,11,4
8,3,1,False,1,0.4056354956594794,3,0.39411468019302964,5,0.11816468227112364,0,0.05878820418580259,2,0.023296937690564724,2,13,1
8,1,3,False,3,0.3866439821450664,0,0.24673788885441933,1,0.22043864991292295,5,0.11204754330306944,2,0.034131935784521644,3,14,4
8,1,3,False,3,0.3866439821450664,0,0.24673788885441933,1,0.22043864991292295,5,0.11204754330306944,2,0.034131935784521644,3,14,4
8,3,1,False,1,0.48678024490767113,5,0.3897953165830122,2,0.07874106529316789,0,0.02298733060649327,3,0.0216960426096559,5,12,4
8,0,0,True,0,0.5300751911487207,3,0.27802304150098256,1,0.19190176735029676,2,0.0,4,0.0,1,15,4
8,0,1,False,1,0.4056354956594794,3,0.39411468019302964,5,0.11816468227112364,0,0.05878820418580259,2,0.023296937690564724,4,13,1
8,3,1,False,1,0.47529713920767636,3,0.20977841533638572,5,0.15478766306831446,0,0.10117183974806436,2,0.05896494263955927,2,13,4
8,3,2,False,2,0.512614893844463,3,0.26737136217198054,5,0.11639280050901409,0,0.06826408763149694,1,0.035356855843045404,2,13,3
8,1,3,False,3,0.3062196369162314,0,0.2897948076605197,1,0.2054481119156043,5,0.19853744350764468,2,0.0,3,15,1
8,3,3,True,3,0.7302658276664871,5,0.11961373211518342,2,0.09657647827646276,1,0.027393926887300087,0,0.02615003505456661,1,13,2
8,3,2,False,2,0.512614893844463,3,0.26737136217198054,5,0.11639280050901409,0,0.06826408763149694,1,0.035356855843045404,2,13,3
8,3,3,True,3,0.7302658276664871,5,0.11961373211518342,2,0.09657647827646276,1,0.027393926887300087,0,0.02615003505456661,1,13,2
8,5,2,False,2,0.6434380203130203,3,0.2239253108003107,0,0.1326366688866689,1,0.0,4,0.0,6,14,3
8,3,3,True,3,0.7014758308357856,5,0.17572732071113945,2,0.05877618353666201,0,0.032409874436721366,1,0.03161079047969186,1,13,0
8,0,0,True,0,0.6902617185446133,3,0.15644909111356475,2,0.15328919034182187,1,0.0,4,0.0,1,20,5
8,0,0,True,0,0.9093153513153511,4,0.09068464868464866,2,0.0,1,0.0,3,0.0,1,20,2
8,1,3,False,3,0.3866439821450664,0,0.24673788885441933,1,0.22043864991292295,5,0.11204754330306944,2,0.034131935784521644,3,14,4
8,0,3,False,3,0.4924719826536334,0,0.32614990046319287,2,0.13939357217683537,5,0.041984544706338445,1,0.0,2,13,6
8,2,2,True,2,0.36436928675899255,3,0.34756545088898044,5,0.10282949403537633,1,0.0991447621006444,0,0.0860910062160062,1,14,2
8,1,3,False,3,0.5698325324467469,2,0.13170831006046638,1,0.12441597245591968,0,0.11400498772789733,5,0.06003819730896975,3,14,1
8,3,3,True,3,0.7014758308357856,5,0.17572732071113945,2,0.05877618353666201,0,0.032409874436721366,1,0.03161079047969186,1,13,0
8,1,3,False,3,0.5698325324467469,2,0.13170831006046638,1,0.12441597245591968,0,0.11400498772789733,5,0.06003819730896975,3,14,1
8,5,3,False,3,0.6514436258186258,5,0.22936159673659662,0,0.11919477744477738,1,0.0,2,0.0,2,12,6
8,5,1,False,1,0.4056354956594794,3,0.39411468019302964,5,0.11816468227112364,0,0.05878820418580259,2,0.023296937690564724,3,13,1
8,5,1,False,1,0.49536014527187855,5,0.31297205752433277,3,0.14896059265676054,0,0.021634580543141033,4,0.011029278291387492,2,12,1
8,0,3,False,3,0.6144440135887503,0,0.2561512172038487,2,0.12940476920740077,1,0.0,4,0.0,2,18,5
8,2,2,True,2,0.7852509926502685,3,0.1770337805369963,1,0.03771522681273481,0,0.0,4,0.0,1,12,3
8,5,1,False,1,0.4056354956594794,3,0.39411468019302964,5,0.11816468227112364,0,0.05878820418580259,2,0.023296937690564724,3,13,1
8,5,1,False,1,0.47529713920767636,3,0.20977841533638572,5,0.15478766306831446,0,0.10117183974806436,2,0.05896494263955927,3,13,4
8,2,2,True,2,0.6434380203130203,3,0.2239253108003107,0,0.1326366688866689,1,0.0,4,0.0,1,14,3
8,5,1,False,1,0.49536014527187855,5,0.31297205752433277,3,0.14896059265676054,0,0.021634580543141033,4,0.011029278291387492,2,12,1
8,0,0,True,0,0.6909338300588297,2,0.3090661699411697,1,0.0,3,0.0,4,0.0,1,12,5
8,0,0,True,0,0.9093153513153511,4,0.09068464868464866,2,0.0,1,0.0,3,0.0,1,20,2
8,4,0,False,0,0.9287311963062735,3,0.07126880369372629,1,0.0,2,0.0,4,0.0,5,20,1
8,0,0,True,0,1.0,1,0.0,2,0.0,3,0.0,4,0.0,1,19,2
8,0,0,True,0,1.0,1,0.0,2,0.0,3,0.0,4,0.0,1,19,4
8,0,0,True,0,1.0,1,0.0,2,0.0,3,0.0,4,0.0,1,19,2
8,1,0,False,0,0.9917647058823529,3,0.0061764705882352946,2,0.001176470588235294,1,0.0008823529411764706,4,0.0,4,10,1
8,2,0,False,0,0.8843910902647102,4,0.11560890973528945,2,0.0,1,0.0,3,0.0,3,20,0
8,3,1,False,1,0.47529713920767636,3,0.20977841533638572,5,0.15478766306831446,0,0.10117183974806436,2,0.05896494263955927,2,13,4
8,1,1,True,1,0.49536014527187855,5,0.31297205752433277,3,0.14896059265676054,0,0.021634580543141033,4,0.011029278291387492,1,12,1
8,1,1,True,1,0.49536014527187855,5,0.31297205752433277,3,0.14896059265676054,0,0.021634580543141033,4,0.011029278291387492,1,12,1
8,3,3,True,3,0.4398418998274694,5,0.32539166332919495,2,0.07981419062051236,1,0.07929079468349794,0,0.07566145153932517,1,12,0
8,0,0,True,0,0.7859004329004325,3,0.21409956709956707,1,0.0,2,0.0,4,0.0,1,17,4
8,0,0,True,0,0.6778354978354977,3,0.31673160173160164,1,0.005432900432900433,2,0.0,4,0.0,1,16,4
8,3,3,True,3,0.7014758308357856,5,0.17572732071113945,2,0.05877618353666201,0,0.032409874436721366,1,0.03161079047969186,1,13,0
8,3,0,False,0,0.6902617185446133,3,0.15644909111356475,2,0.15328919034182187,1,0.0,4,0.0,2,20,5
8,2,2,True,2,0.512614893844463,3,0.26737136217198054,5,0.11639280050901409,0,0.06826408763149694,1,0.035356855843045404,1,13,3
8,3,0,False,0,0.5650238095238097,2,0.39949999999999997,3,0.01697420634920635,1,0.013998015873015872,5,0.004503968253968253,3,15,0
8,3,1,False,1,0.49536014527187855,5,0.31297205752433277,3,0.14896059265676054,0,0.021634580543141033,4,0.011029278291387492,3,12,1
8,3,3,True,3,0.4924719826536334,0,0.32614990046319287,2,0.13939357217683537,5,0.041984544706338445,1,0.0,1,13,6
8,0,0,True,0,0.8843910902647102,4,0.11560890973528945,2,0.0,1,0.0,3,0.0,1,20,0
8,0,0,True,0,0.7514404761904762,2,0.23451190476190478,4,0.014047619047619048,1,0.0,3,0.0,1,18,1
8,0,0,True,0,0.5127799851096392,2,0.27816926406527953,5,0.2090507508250811,1,0.0,3,0.0,1,13,5
8,1,1,True,1,0.4056354956594794,3,0.39411468019302964,5,0.11816468227112364,0,0.05878820418580259,2,0.023296937690564724,1,13,1
8,1,1,True,1,0.49536014527187855,5,0.31297205752433277,3,0.14896059265676054,0,0.021634580543141033,4,0.011029278291387492,1,12,1
8,5,5,True,5,0.4996253620414818,3,0.39291979288531215,1,0.04963344758658828,2,0.04035857031893027,0,0.01746282716768743,1,12,2
8,1,1,True,1,0.49536014527187855,5,0.31297205752433277,3,0.14896059265676054,0,0.021634580543141033,4,0.011029278291387492,1,12,1
8,5,5,True,5,0.4996253620414818,3,0.39291979288531215,1,0.04963344758658828,2,0.04035857031893027,0,0.01746282716768743,1,12,2
8,5,3,False,3,0.6514436258186258,5,0.22936159673659662,0,0.11919477744477738,1,0.0,2,0.0,2,12,6
8,2,2,True,2,0.512614893844463,3,0.26737136217198054,5,0.11639280050901409,0,0.06826408763149694,1,0.035356855843045404,1,13,3
8,0,0,True,0,0.7261031746031748,4,0.2481944444444445,2,0.019952380952380954,3,0.00575,1,0.0,1,3,3
8,4,0,False,0,0.9424660633484162,4,0.04416666666666667,5,0.013367269984917045,1,0.0,3,0.0,2,3,4
8,0,0,True,0,1.0,1,0.0,2,0.0,3,0.0,4,0.0,1,0,3
8,0,0,True,0,0.8702976190476192,2,0.07566666666666666,4,0.03403571428571429,5,0.02,3,0.0,1,23,0
8,0,0,True,0,1.0,1,0.0,2,0.0,3,0.0,4,0.0,1,19,1
8,0,1,False,1,0.4521263638849147,5,0.38847948426005025,3,0.0576115283572512,2,0.05506997846942993,0,0.04671264502835373,5,11,1
8,0,0,True,0,0.8428196248196248,2,0.14759704184704187,3,0.007916666666666666,4,0.0016666666666666666,1,0.0,1,18,3
8,0,0,True,0,1.0,1,0.0,2,0.0,3,0.0,4,0.0,1,21,0
8,0,0,True,0,0.8381077190092026,5,0.1618922809907969,2,0.0,1,0.0,3,0.0,1,21,4
9,2,2,True,2,0.4457940645243292,3,0.37650469417671667,5,0.08602164692889369,0,0.06396599384754605,1,0.02771360052251448,1,13,3
9,2,2,True,2,0.6007246013790131,3,0.2009841416753181,0,0.10280765476353708,5,0.09548360218213156,1,0.0,1,14,3
9,3,1,False,1,0.40980005782007006,3,0.36012620528213224,5,0.12878688700133914,0,0.07893831734117523,2,0.02234853255528303,2,13,1
9,3,3,True,3,0.727811210574377,5,0.11887005817558631,2,0.09787789905273891,1,0.028479886683233667,0,0.026960945514064156,1,13,2
9,3,1,False,1,0.3239605011002069,3,0.29045723067781887,0,0.28003357426886827,5,0.10554869395310572,2,0.0,2,15,1
9,0,0,True,0,0.9144464178191798,4,0.08555358218082,2,0.0,1,0.0,3,0.0,1,21,1
9,1,1,True,1,0.44768585168058783,3,0.2198925216043893,5,0.1744026375105114,0,0.08945649225528093,2,0.06856249694923043,1,13,4
9,3,3,True,3,0.727811210574377,5,0.11887005817558631,2,0.09787789905273891,1,0.028479886683233667,0,0.026960945514064156,1,13,2
9,3,3,True,3,0.5164808916741124,1,0.14740221010501398,2,0.12940990997163848,0,0.10605086873379939,5,0.10065611951543564,1,14,1
9,3,3,True,3,0.6932756909321216,5,0.17242516525134718,2,0.08013349753957141,0,0.027735530672718885,1,0.02643011560424082,1,13,0
9,5,0,False,0,0.6056864035172385,2,0.26440302748357664,5,0.06964961780216859,4,0.060260951197015925,3,0.0,3,14,5
9,5,1,False,1,0.44768585168058783,3,0.2198925216043893,5,0.1744026375105114,0,0.08945649225528093,2,0.06856249694923043,3,13,4
9,1,1,True,1,0.46661905859942293,5,0.3714640807607369,2,0.08679085137896356,3,0.050679139009923796,0,0.024446870250952574,1,12,4
9,0,0,True,0,0.8325025838884197,5,0.1674974161115802,2,0.0,1,0.0,3,0.0,1,21,4
9,5,1,False,1,0.46661905859942293,5,0.3714640807607369,2,0.08679085137896356,3,0.050679139009923796,0,0.024446870250952574,2,12,4
9,0,0,True,0,0.9144464178191798,4,0.08555358218082,2,0.0,1,0.0,3,0.0,1,21,1
9,0,0,True,0,0.684722521630416,2,0.3152774783695834,1,0.0,3,0.0,4,0.0,1,12,5
9,0,0,True,0,0.4717851296020799,3,0.26819526543288147,2,0.26001960496503834,1,0.0,4,0.0,1,16,5
9,0,0,True,0,0.5218938230466533,2,0.26306140290177493,5,0.21504477405157169,1,0.0,3,0.0,1,13,5
9,0,0,True,0,0.8174145021645016,3,0.18258549783549788,1,0.0,2,0.0,4,0.0,1,9,0
9,0,0,True,0,1.0,1,0.0,2,0.0,3,0.0,4,0.0,1,20,2
9,0,2,False,2,0.5349086452762923,0,0.2863670985876868,3,0.14516866466866468,1,0.029164835164835163,4,0.004390756302521008,2,16,0
9,2,5,False,5,0.4808342663420478,3,0.4129179805584139,1,0.05493399483716254,2,0.03340435620014852,0,0.017909402062227343,4,12,2
9,1,5,False,5,0.5008755740717838,1,0.24119370976438861,0,0.14305695973560606,2,0.061791160261602265,3,0.05308259616661916,2,11,1
9,3,3,True,3,0.4440525330404338,5,0.2979576471637879,1,0.08840760663210294,0,0.08509570288279718,2,0.0844865102808782,1,12,0
9,2,0,False,0,0.8036071428571429,4,0.08216666666666667,5,0.047142857142857146,3,0.043083333333333335,2,0.024,5,23,3
9,2,2,True,2,0.788315172103028,3,0.1761260654215146,1,0.035558762475456786,0,0.0,4,0.0,1,12,3
9,1,1,True,1,0.4872183123490824,5,0.31134012693656915,3,0.16932929699619592,0,0.022123923114757717,2,0.00998834060339486,1,12,1
9,1,5,False,5,0.5008755740717838,1,0.24119370976438861,0,0.14305695973560606,2,0.061791160261602265,3,0.05308259616661916,2,11,1
9,2,0,False,0,0.6056864035172385,2,0.26440302748357664,5,0.06964961780216859,4,0.060260951197015925,3,0.0,2,14,5
9,0,0,True,0,0.5602846875346875,3,0.2971894771894771,2,0.14252583527583523,1,0.0,4,0.0,1,20,5
9,2,2,True,2,0.4457940645243292,3,0.37650469417671667,5,0.08602164692889369,0,0.06396599384754605,1,0.02771360052251448,1,13,3
9,2,3,False,3,0.46302491744630037,0,0.3830923539221894,2,0.10119485800887333,5,0.05268787062263676,1,0.0,3,13,6
9,3,3,True,3,0.5164808916741124,1,0.14740221010501398,2,0.12940990997163848,0,0.10605086873379939,5,0.10065611951543564,1,14,1
9,3,1,False,1,0.40980005782007006,3,0.36012620528213224,5,0.12878688700133914,0,0.07893831734117523,2,0.02234853255528303,2,13,1
9,3,3,True,3,0.6932756909321216,5,0.17242516525134718,2,0.08013349753957141,0,0.027735530672718885,1,0.02643011560424082,1,13,0
9,3,3,True,3,0.46302491744630037,0,0.3830923539221894,2,0.10119485800887333,5,0.05268787062263676,1,0.0,1,13,6
9,3,3,True,3,0.46302491744630037,0,0.3830923539221894,2,0.10119485800887333,5,0.05268787062263676,1,0.0,1,13,6
9,3,2,False,2,0.36898376623376605,0,0.3301619769119768,3,0.29960425685425673,4,0.00125,1,0.0,3,21,5
9,3,0,False,0,0.486785409035409,2,0.4785000000000001,3,0.01617216117216117,1,0.01378052503052503,5,0.0047619047619047615,3,15,3
9,2,3,False,3,0.5164808916741124,1,0.14740221010501398,2,0.12940990997163848,0,0.10605086873379939,5,0.10065611951543564,3,14,1
9,1,5,False,5,0.5008755740717838,1,0.24119370976438861,0,0.14305695973560606,2,0.061791160261602265,3,0.05308259616661916,2,11,1
9,3,3,True,3,0.4440525330404338,5,0.2979576471637879,1,0.08840760663210294,0,0.08509570288279718,2,0.0844865102808782,1,12,0
9,1,1,True,1,0.4872183123490824,5,0.31134012693656915,3,0.16932929699619592,0,0.022123923114757717,2,0.00998834060339486,1,12,1
9,0,0,True,0,0.5057164502164502,3,0.2670768398268398,2,0.22720670995670986,1,0.0,4,0.0,1,19,5
9,2,2,True,2,0.788315172103028,3,0.1761260654215146,1,0.035558762475456786,0,0.0,4,0.0,1,12,3
9,5,5,True,5,0.4808342663420478,3,0.4129179805584139,1,0.05493399483716254,2,0.03340435620014852,0,0.017909402062227343,1,12,2
9,2,2,True,2,0.33782937269110547,3,0.31849423452956055,0,0.2909285714285714,1,0.037762561512561514,5,0.014985259838201015,1,11,3
9,5,5,True,5,0.4808342663420478,3,0.4129179805584139,1,0.05493399483716254,2,0.03340435620014852,0,0.017909402062227343,1,12,2
9,5,1,False,1,0.4872183123490824,5,0.31134012693656915,3,0.16932929699619592,0,0.022123923114757717,2,0.00998834060339486,2,12,1
9,5,5,True,5,0.5008755740717838,1,0.24119370976438861,0,0.14305695973560606,2,0.061791160261602265,3,0.05308259616661916,1,11,1
9,5,1,False,1,0.40980005782007006,3,0.36012620528213224,5,0.12878688700133914,0,0.07893831734117523,2,0.02234853255528303,3,13,1
9,5,3,False,3,0.727811210574377,5,0.11887005817558631,2,0.09787789905273891,1,0.028479886683233667,0,0.026960945514064156,2,13,2
9,0,0,True,0,1.0,1,0.0,2,0.0,3,0.0,4,0.0,1,21,0
9,0,0,True,0,0.7899920634920636,2,0.20500793650793653,3,0.005,1,0.0,4,0.0,1,1,3
9,0,0,True,0,0.8524484126984126,4,0.07622222222222223,2,0.0358531746031746,3,0.021547619047619048,5,0.007738095238095238,1,1,1
9,4,0,False,0,1.0,1,0.0,2,0.0,3,0.0,4,0.0,5,20,2
9,1,1,True,1,0.44768585168058783,3,0.2198925216043893,5,0.1744026375105114,0,0.08945649225528093,2,0.06856249694923043,1,13,4
9,3,4,False,4,0.5185238095238095,0,0.3100851648351648,3,0.16194047619047616,5,0.009450549450549451,2,0.0,3,22,3
9,1,1,True,1,0.44768585168058783,3,0.2198925216043893,5,0.1744026375105114,0,0.08945649225528093,2,0.06856249694923043,1,13,4
9,1,1,True,1,0.46661905859942293,5,0.3714640807607369,2,0.08679085137896356,3,0.050679139009923796,0,0.024446870250952574,1,12,4
9,1,3,False,3,0.5164808916741124,1,0.14740221010501398,2,0.12940990997163848,0,0.10605086873379939,5,0.10065611951543564,2,14,1
9,3,1,False,1,0.44768585168058783,3,0.2198925216043893,5,0.1744026375105114,0,0.08945649225528093,2,0.06856249694923043,2,13,4
9,3,1,False,1,0.40980005782007006,3,0.36012620528213224,5,0.12878688700133914,0,0.07893831734117523,2,0.02234853255528303,2,13,1
9,0,0,True,0,0.9690000000000001,1,0.013500000000000002,2,0.01,3,0.0075,4,0.0,1,17,1
9,0,0,True,0,0.5602846875346875,3,0.2971894771894771,2,0.14252583527583523,1,0.0,4,0.0,1,20,5
9,0,0,True,0,0.6801383616383617,3,0.3096643356643356,1,0.010197302697302697,2,0.0,4,0.0,1,16,4
9,0,5,False,5,0.4868333333333334,0,0.4578333333333333,4,0.03,2,0.017,3,0.004166666666666667,2,15,2
9,0,1,False,1,0.44768585168058783,3,0.2198925216043893,5,0.1744026375105114,0,0.08945649225528093,2,0.06856249694923043,4,13,4
9,3,1,False,1,0.40980005782007006,3,0.36012620528213224,5,0.12878688700133914,0,0.07893831734117523,2,0.02234853255528303,2,13,1
9,1,1,True,1,0.44768585168058783,3,0.2198925216043893,5,0.1744026375105114,0,0.08945649225528093,2,0.06856249694923043,1,13,4
9,3,1,False,1,0.40980005782007006,3,0.36012620528213224,5,0.12878688700133914,0,0.07893831734117523,2,0.02234853255528303,2,13,1
9,1,3,False,3,0.5164808916741124,1,0.14740221010501398,2,0.12940990997163848,0,0.10605086873379939,5,0.10065611951543564,2,14,1
9,2,3,False,3,0.5013990639977223,2,0.43150056616266086,5,0.052033918220816835,1,0.011814150826130701,0,0.0032523007926693755,2,11,2
9,1,1,True,1,0.46661905859942293,5,0.3714640807607369,2,0.08679085137896356,3,0.050679139009923796,0,0.024446870250952574,1,12,4
9,1,1,True,1,0.40980005782007006,3,0.36012620528213224,5,0.12878688700133914,0,0.07893831734117523,2,0.02234853255528303,1,13,1
9,5,1,False,1,0.3766067717144399,3,0.34104259218344973,0,0.18307253130772203,5,0.06674796910975159,2,0.03253013568463663,4,14,4
9,5,1,False,1,0.46661905859942293,5,0.3714640807607369,2,0.08679085137896356,3,0.050679139009923796,0,0.024446870250952574,2,12,4
9,5,3,False,3,0.4440525330404338,5,0.2979576471637879,1,0.08840760663210294,0,0.08509570288279718,2,0.0844865102808782,2,12,0
9,5,3,False,3,0.4440525330404338,5,0.2979576471637879,1,0.08840760663210294,0,0.08509570288279718,2,0.0844865102808782,2,12,0
9,5,1,False,1,0.3239605011002069,3,0.29045723067781887,0,0.28003357426886827,5,0.10554869395310572,2,0.0,4,15,1
9,5,5,True,5,0.4808342663420478,3,0.4129179805584139,1,0.05493399483716254,2,0.03340435620014852,0,0.017909402062227343,1,12,2
9,3,5,False,5,0.4868333333333334,0,0.4578333333333333,4,0.03,2,0.017,3,0.004166666666666667,5,15,2
9,0,0,True,0,1.0,1,0.0,2,0.0,3,0.0,4,0.0,1,19,2
9,0,0,True,0,0.8121017657093502,4,0.10015881134689181,3,0.08773942294375729,1,0.0,2,0.0,1,20,1
9,0,0,True,0,1.0,1,0.0,2,0.0,3,0.0,4,0.0,1,19,4
9,0,0,True,0,0.816803297876201,4,0.10858709314346678,2,0.07460960898033182,1,0.0,3,0.0,1,20,0
9,1,5,False,5,0.5008755740717838,1,0.24119370976438861,0,0.14305695973560606,2,0.061791160261602265,3,0.05308259616661916,2,11,1
9,1,1,True,1,0.4872183123490824,5,0.31134012693656915,3,0.16932929699619592,0,0.022123923114757717,2,0.00998834060339486,1,12,1
9,0,1,False,1,0.3766067717144399,3,0.34104259218344973,0,0.18307253130772203,5,0.06674796910975159,2,0.03253013568463663,3,14,4
9,0,0,True,0,1.0,1,0.0,2,0.0,3,0.0,4,0.0,1,20,2
9,0,0,True,0,0.4819278499278499,1,0.2833329725829725,3,0.23473917748917741,2,0.0,4,0.0,1,16,1
9,0,0,True,0,0.6056864035172385,2,0.26440302748357664,5,0.06964961780216859,4,0.060260951197015925,3,0.0,1,14,5
9,0,0,True,0,0.4717851296020799,3,0.26819526543288147,2,0.26001960496503834,1,0.0,4,0.0,1,16,5
9,3,1,False,1,0.44768585168058783,3,0.2198925216043893,5,0.1744026375105114,0,0.08945649225528093,2,0.06856249694923043,2,13,4
9,3,3,True,3,0.6932756909321216,5,0.17242516525134718,2,0.08013349753957141,0,0.027735530672718885,1,0.02643011560424082,1,13,0
9,3,0,False,0,0.4717851296020799,3,0.26819526543288147,2,0.26001960496503834,1,0.0,4,0.0,2,16,5
9,3,1,False,1,0.44768585168058783,3,0.2198925216043893,5,0.1744026375105114,0,0.08945649225528093,2,0.06856249694923043,2,13,4
9,3,3,True,3,0.727811210574377,5,0.11887005817558631,2,0.09787789905273891,1,0.028479886683233667,0,0.026960945514064156,1,13,2
9,3,1,False,1,0.44768585168058783,3,0.2198925216043893,5,0.1744026375105114,0,0.08945649225528093,2,0.06856249694923043,2,13,4
9,0,0,True,0,0.8353376623376623,2,0.15149350649350649,4,0.009012987012987013,3,0.004155844155844156,1,0.0,1,18,0
9,3,3,True,3,0.5164808916741124,1,0.14740221010501398,2,0.12940990997163848,0,0.10605086873379939,5,0.10065611951543564,1,14,1
9,3,3,True,3,0.727811210574377,5,0.11887005817558631,2,0.09787789905273891,1,0.028479886683233667,0,0.026960945514064156,1,13,2
9,1,1,True,1,0.4872183123490824,5,0.31134012693656915,3,0.16932929699619592,0,0.022123923114757717,2,0.00998834060339486,1,12,1
9,3,3,True,3,0.4440525330404338,5,0.2979576471637879,1,0.08840760663210294,0,0.08509570288279718,2,0.0844865102808782,1,12,0
9,5,1,False,1,0.4872183123490824,5,0.31134012693656915,3,0.16932929699619592,0,0.022123923114757717,2,0.00998834060339486,2,12,1
9,2,2,True,2,0.788315172103028,3,0.1761260654215146,1,0.035558762475456786,0,0.0,4,0.0,1,12,3
9,2,2,True,2,0.788315172103028,3,0.1761260654215146,1,0.035558762475456786,0,0.0,4,0.0,1,12,3
9,5,1,False,1,0.40980005782007006,3,0.36012620528213224,5,0.12878688700133914,0,0.07893831734117523,2,0.02234853255528303,3,13,1
9,5,3,False,3,0.4440525330404338,5,0.2979576471637879,1,0.08840760663210294,0,0.08509570288279718,2,0.0844865102808782,2,12,0
9,2,0,False,0,0.98,4,0.02,2,0.0,1,0.0,3,0.0,3,18,2
9,4,1,False,1,0.4872183123490824,5,0.31134012693656915,3,0.16932929699619592,0,0.022123923114757717,2,0.00998834060339486,6,12,1
9,0,0,True,0,0.6730205905205904,2,0.3134829059829059,4,0.008269230769230768,5,0.002727272727272727,3,0.0025,1,22,0
9,4,0,False,0,0.5546666666666665,4,0.4353333333333334,2,0.01,1,0.0,3,0.0,2,3,2
9,0,0,True,0,0.9475898139957737,2,0.034337823725981625,4,0.013572362278244631,3,0.0045000000000000005,1,0.0,1,19,0
9,0,0,True,0,1.0,1,0.0,2,0.0,3,0.0,4,0.0,1,20,2
9,0,0,True,0,1.0,1,0.0,2,0.0,3,0.0,4,0.0,1,19,2
9,0,4,False,4,0.636,0,0.315082042957043,5,0.04891795704295704,1,0.0,3,0.0,2,3,4
9,0,0,True,0,0.7932045454545453,2,0.10873484848484848,4,0.05366666666666667,3,0.029696969696969697,5,0.014242424242424244,1,1,2
9,0,3,False,3,0.5164808916741124,1,0.14740221010501398,2,0.12940990997163848,0,0.10605086873379939,5,0.10065611951543564,4,14,1
9,0,0,True,0,1.0,1,0.0,2,0.0,3,0.0,4,0.0,1,21,0
9,0,0,True,0,0.8121017657093502,4,0.10015881134689181,3,0.08773942294375729,1,0.0,2,0.0,1,20,1
9,0,0,True,0,0.881977910977911,2,0.11802208902208897,1,0.0,3,0.0,4,0.0,1,19,3
10,3,3,True,3,0.7296130956230504,5,0.14909387393030094,2,0.061447301765026205,0,0.03236863444335198,1,0.027477094238270366,1,13,0
10,2,3,False,3,0.33520640543666863,0,0.32765402871981814,2,0.22986190928954084,4,0.10727765655397235,1,0.0,3,14,0
10,3,2,False,2,0.6687893511717037,3,0.11481713547890016,5,0.10903234673822906,0,0.10736116661116663,1,0.0,2,14,3
10,3,3,True,3,0.4866385151800435,0,0.3233015773213716,2,0.13882200498385877,5,0.051237902514726014,1,0.0,1,13,6
10,3,1,False,1,0.3985978353870354,3,0.37805059894337945,5,0.1426285423286669,0,0.05715337428214934,2,0.023569649058769144,2,13,1
10,2,3,False,3,0.7296130956230504,5,0.14909387393030094,2,0.061447301765026205,0,0.03236863444335198,1,0.027477094238270366,3,13,0
10,4,0,False,0,0.7307392519760938,3,0.10796031746031744,1,0.08412301587301585,5,0.05932142857142858,2,0.011047619047619046,6,16,2
10,0,4,False,4,0.34927380952380943,5,0.32930952380952383,0,0.301,3,0.015416666666666665,2,0.005,3,17,5
10,0,0,True,0,0.6413265623265622,5,0.3586734376734377,2,0.0,1,0.0,3,0.0,1,22,4
10,1,3,False,3,0.37360459329113643,1,0.3204057724621343,0,0.1685478151521644,5,0.10240879236882358,2,0.035033026725741184,2,14,4
10,1,1,True,1,0.4272825080568017,3,0.2834577338156027,5,0.18839749972881986,0,0.06139367355833003,2,0.039468584840445214,1,13,4
10,3,3,True,3,0.7296130956230504,5,0.14909387393030094,2,0.061447301765026205,0,0.03236863444335198,1,0.027477094238270366,1,13,0
10,1,1,True,1,0.5143746129414263,5,0.29876491588068566,3,0.13778906457634943,0,0.025287813089383267,4,0.011974597139298276,1,12,1
10,5,1,False,1,0.4761267080169307,5,0.38447439632804903,2,0.06919096227236046,3,0.04671526910099295,0,0.023492664281666895,2,12,4
10,1,1,True,1,0.5143746129414263,5,0.29876491588068566,3,0.13778906457634943,0,0.025287813089383267,4,0.011974597139298276,1,12,1
10,5,1,False,1,0.5143746129414263,5,0.29876491588068566,3,0.13778906457634943,0,0.025287813089383267,4,0.011974597139298276,2,12,1
10,5,1,False,1,0.5143746129414263,5,0.29876491588068566,3,0.13778906457634943,0,0.025287813089383267,4,0.011974597139298276,2,12,1
10,1,1,True,1,0.4272825080568017,3,0.2834577338156027,5,0.18839749972881986,0,0.06139367355833003,2,0.039468584840445214,1,13,4
10,1,1,True,1,0.4761267080169307,5,0.38447439632804903,2,0.06919096227236046,3,0.04671526910099295,0,0.023492664281666895,1,12,4
10,3,5,False,5,0.5224430183931404,3,0.3406245236434968,1,0.06012612741442056,2,0.057076627375057296,0,0.019729703173884533,2,12,2
10,3,3,True,3,0.4532605911949728,5,0.31146166194627223,1,0.08744163348963156,0,0.08525167907769808,2,0.0625844342914253,1,12,0
10,5,0,False,0,0.6000126710541367,2,0.2635585248694112,5,0.13642880407645175,1,0.0,3,0.0,3,13,5
10,0,0,True,0,0.9105851183130593,5,0.08941488168694049,2,0.0,1,0.0,3,0.0,1,20,4
10,0,0,True,0,1.0,1,0.0,2,0.0,3,0.0,4,0.0,1,21,0
10,0,0,True,0,0.8186794964278292,4,0.1272856048007517,2,0.05403489877141867,1,0.0,3,0.0,1,20,0
10,0,0,True,0,0.9105851183130593,5,0.08941488168694049,2,0.0,1,0.0,3,0.0,1,20,4
10,0,0,True,0,0.99,4,0.01,2,0.0,1,0.0,3,0.0,1,9,3
10,0,0,True,0,1.0,1,0.0,2,0.0,3,0.0,4,0.0,1,19,2
10,0,0,True,0,0.7972301587301583,3,0.20276984126984135,1,0.0,2,0.0,4,0.0,1,9,0
10,0,0,True,0,0.6413265623265622,5,0.3586734376734377,2,0.0,1,0.0,3,0.0,1,22,4
10,0,0,True,0,0.9117061529371895,4,0.08829384706280986,2,0.0,1,0.0,3,0.0,1,21,1
10,0,0,True,0,0.2749999999999999,2,0.2735198412698412,4,0.2387896825396824,3,0.21269047619047615,1,0.0,1,18,6
10,0,0,True,0,0.7972301587301583,3,0.20276984126984135,1,0.0,2,0.0,4,0.0,1,9,0
10,0,0,True,0,0.663234126984127,5,0.336765873015873,2,0.0,1,0.0,3,0.0,1,15,5
10,2,2,True,2,0.8094583694544251,3,0.15192330840543958,1,0.038618322140135504,0,0.0,4,0.0,1,12,3
10,1,1,True,1,0.5143746129414263,5,0.29876491588068566,3,0.13778906457634943,0,0.025287813089383267,4,0.011974597139298276,1,12,1
10,0,0,True,0,0.6703897213897213,2,0.32961027861027836,1,0.0,3,0.0,4,0.0,1,12,5
10,1,1,True,1,0.46155468111777836,5,0.3113564772860437,2,0.22708884159617754,0,0.0,3,0.0,1,11,4
10,2,3,False,3,0.4532605911949728,5,0.31146166194627223,1,0.08744163348963156,0,0.08525167907769808,2,0.0625844342914253,5,12,0
10,1,1,True,1,0.4272825080568017,3,0.2834577338156027,5,0.18839749972881986,0,0.06139367355833003,2,0.039468584840445214,1,13,4
10,3,3,True,3,0.4532605911949728,5,0.31146166194627223,1,0.08744163348963156,0,0.08525167907769808,2,0.0625844342914253,1,12,0
10,1,3,False,3,0.37360459329113643,1,0.3204057724621343,0,0.1685478151521644,5,0.10240879236882358,2,0.035033026725741184,2,14,4
10,2,2,True,2,0.8094583694544251,3,0.15192330840543958,1,0.038618322140135504,0,0.0,4,0.0,1,12,3
10,2,1,False,1,0.4761267080169307,5,0.38447439632804903,2,0.06919096227236046,3,0.04671526910099295,0,0.023492664281666895,3,12,4
10,3,0,False,0,0.5252356852298029,3,0.24694873525167624,2,0.22781557951852066,1,0.0,4,0.0,2,16,5
10,1,3,False,3,0.4099223196394249,0,0.2095962619252093,1,0.19744892972524541,5,0.1830324887101202,2,0.0,3,15,1
10,3,1,False,1,0.3985978353870354,3,0.37805059894337945,5,0.1426285423286669,0,0.05715337428214934,2,0.023569649058769144,2,13,1
10,0,1,False,1,0.4272825080568017,3,0.2834577338156027,5,0.18839749972881986,0,0.06139367355833003,2,0.039468584840445214,4,13,4
10,0,4,False,4,0.5059440836940837,3,0.3340436507936507,0,0.16001226551226552,1,0.0,2,0.0,3,19,6
10,5,5,True,5,0.39854452399573675,1,0.3929044709252,0,0.10565476584609593,2,0.057027100821996336,3,0.045869138410970504,1,11,1
10,2,2,True,2,0.5327727718054124,3,0.2867928562280489,5,0.09829751333638313,0,0.05192230914821968,1,0.03021454948193604,1,13,3
10,5,3,False,3,0.4532605911949728,5,0.31146166194627223,1,0.08744163348963156,0,0.08525167907769808,2,0.0625844342914253,2,12,0
10,5,1,False,1,0.46155468111777836,5,0.3113564772860437,2,0.22708884159617754,0,0.0,3,0.0,2,11,4
10,2,2,True,2,0.8094583694544251,3,0.15192330840543958,1,0.038618322140135504,0,0.0,4,0.0,1,12,3
10,4,4,True,4,0.5059440836940837,3,0.3340436507936507,0,0.16001226551226552,1,0.0,2,0.0,1,19,6
10,0,0,True,0,0.8390324331241508,5,0.16096756687584854,2,0.0,1,0.0,3,0.0,1,21,4
10,4,0,False,0,0.7365119047619045,2,0.2614880952380952,4,0.002,1,0.0,3,0.0,3,23,1
10,0,0,True,0,0.6712886002886003,4,0.3287113997113996,2,0.0,1,0.0,3,0.0,1,20,3
10,3,3,True,3,0.7191774705698323,5,0.13789643919330477,2,0.09963854355797228,1,0.02221002349584543,0,0.02107752318304492,1,13,2
10,3,1,False,1,0.5143746129414263,5,0.29876491588068566,3,0.13778906457634943,0,0.025287813089383267,4,0.011974597139298276,3,12,1
10,1,1,True,1,0.3985978353870354,3,0.37805059894337945,5,0.1426285423286669,0,0.05715337428214934,2,0.023569649058769144,1,13,1
10,3,1,False,1,0.5143746129414263,5,0.29876491588068566,3,0.13778906457634943,0,0.025287813089383267,4,0.011974597139298276,3,12,1
10,3,1,False,1,0.5143746129414263,5,0.29876491588068566,3,0.13778906457634943,0,0.025287813089383267,4,0.011974597139298276,3,12,1
10,3,5,False,5,0.5224430183931404,3,0.3406245236434968,1,0.06012612741442056,2,0.057076627375057296,0,0.019729703173884533,2,12,2
10,0,1,False,1,0.3985978353870354,3,0.37805059894337945,5,0.1426285423286669,0,0.05715337428214934,2,0.023569649058769144,4,13,1
10,3,3,True,3,0.7296130956230504,5,0.14909387393030094,2,0.061447301765026205,0,0.03236863444335198,1,0.027477094238270366,1,13,0
10,3,3,True,3,0.7191774705698323,5,0.13789643919330477,2,0.09963854355797228,1,0.02221002349584543,0,0.02107752318304492,1,13,2
10,3,2,False,2,0.5327727718054124,3,0.2867928562280489,5,0.09829751333638313,0,0.05192230914821968,1,0.03021454948193604,2,13,3
10,0,0,True,0,0.8170000000000001,2,0.1625,3,0.011000000000000001,4,0.0095,1,0.0,1,18,0
10,0,0,True,0,1.0,1,0.0,2,0.0,3,0.0,4,0.0,1,21,2
10,0,3,False,3,0.37360459329113643,1,0.3204057724621343,0,0.1685478151521644,5,0.10240879236882358,2,0.035033026725741184,3,14,4
10,0,1,False,1,0.4272825080568017,3,0.2834577338156027,5,0.18839749972881986,0,0.06139367355833003,2,0.039468584840445214,4,13,4
10,3,3,True,3,0.7296130956230504,5,0.14909387393030094,2,0.061447301765026205,0,0.03236863444335198,1,0.027477094238270366,1,13,0
10,0,3,False,3,0.37360459329113643,1,0.3204057724621343,0,0.1685478151521644,5,0.10240879236882358,2,0.035033026725741184,3,14,4
10,0,0,True,0,0.8390324331241508,5,0.16096756687584854,2,0.0,1,0.0,3,0.0,1,21,4
10,1,1,True,1,0.3985978353870354,3,0.37805059894337945,5,0.1426285423286669,0,0.05715337428214934,2,0.023569649058769144,1,13,1
10,1,1,True,1,0.3985978353870354,3,0.37805059894337945,5,0.1426285423286669,0,0.05715337428214934,2,0.023569649058769144,1,13,1
10,5,1,False,1,0.5143746129414263,5,0.29876491588068566,3,0.13778906457634943,0,0.025287813089383267,4,0.011974597139298276,2,12,1
10,1,1,True,1,0.4761267080169307,5,0.38447439632804903,2,0.06919096227236046,3,0.04671526910099295,0,0.023492664281666895,1,12,4
10,1,1,True,1,0.4761267080169307,5,0.38447439632804903,2,0.06919096227236046,3,0.04671526910099295,0,0.023492664281666895,1,12,4
10,2,1,False,1,0.4272825080568017,3,0.2834577338156027,5,0.18839749972881986,0,0.06139367355833003,2,0.039468584840445214,5,13,4
10,5,1,False,1,0.5143746129414263,5,0.29876491588068566,3,0.13778906457634943,0,0.025287813089383267,4,0.011974597139298276,2,12,1
10,2,2,True,2,0.8094583694544251,3,0.15192330840543958,1,0.038618322140135504,0,0.0,4,0.0,1,12,3
10,5,3,False,3,0.4532605911949728,5,0.31146166194627223,1,0.08744163348963156,0,0.08525167907769808,2,0.0625844342914253,2,12,0
10,0,0,True,0,0.9831691919191919,3,0.0075,5,0.006830808080808081,4,0.0025,2,0.0,1,21,3
10,0,0,True,0,0.923847789078826,4,0.07615221092117373,2,0.0,1,0.0,3,0.0,1,20,2
10,0,3,False,3,0.4866385151800435,0,0.3233015773213716,2,0.13882200498385877,5,0.051237902514726014,1,0.0,2,13,6
10,3,2,False,2,0.8094583694544251,3,0.15192330840543958,1,0.038618322140135504,0,0.0,4,0.0,2,12,3
10,2,2,True,2,0.8094583694544251,3,0.15192330840543958,1,0.038618322140135504,0,0.0,4,0.0,1,12,3
10,3,1,False,1,0.3985978353870354,3,0.37805059894337945,5,0.1426285423286669,0,0.05715337428214934,2,0.023569649058769144,2,13,1
10,3,5,False,5,0.5224430183931404,3,0.3406245236434968,1,0.06012612741442056,2,0.057076627375057296,0,0.019729703173884533,2,12,2
10,3,5,False,5,0.5224430183931404,3,0.3406245236434968,1,0.06012612741442056,2,0.057076627375057296,0,0.019729703173884533,2,12,2
10,3,3,True,3,0.7191774705698323,5,0.13789643919330477,2,0.09963854355797228,1,0.02221002349584543,0,0.02107752318304492,1,13,2
10,3,3,True,3,0.6058333333333333,0,0.2780714285714286,4,0.08526190476190475,5,0.03083333333333333,2,0.0,1,1,6
10,3,3,True,3,0.5182282754626297,1,0.17161767244757553,2,0.15162168251184627,5,0.0824109057565953,0,0.0761214638213531,1,14,1
10,3,2,False,2,0.5327727718054124,3,0.2867928562280489,5,0.09829751333638313,0,0.05192230914821968,1,0.03021454948193604,2,13,3
10,3,3,True,3,0.33520640543666863,0,0.32765402871981814,2,0.22986190928954084,4,0.10727765655397235,1,0.0,1,14,0
10,3,2,False,2,0.4152132976672449,3,0.3316411738845948,5,0.1387960548223706,0,0.11434947362578933,1,0.0,2,14,6
10,3,2,False,2,0.5327727718054124,3,0.2867928562280489,5,0.09829751333638313,0,0.05192230914821968,1,0.03021454948193604,2,13,3
10,2,0,False,0,0.535388888888889,3,0.4405793650793651,1,0.013468253968253968,5,0.006277777777777778,2,0.002857142857142857,5,15,0
10,2,0,False,0,0.2749999999999999,2,0.2735198412698412,4,0.2387896825396824,3,0.21269047619047615,1,0.0,2,18,6
10,5,5,True,5,0.5224430183931404,3,0.3406245236434968,1,0.06012612741442056,2,0.057076627375057296,0,0.019729703173884533,1,12,2
10,5,1,False,1,0.3985978353870354,3,0.37805059894337945,5,0.1426285423286669,0,0.05715337428214934,2,0.023569649058769144,3,13,1
10,2,2,True,2,0.6687893511717037,3,0.11481713547890016,5,0.10903234673822906,0,0.10736116661116663,1,0.0,1,14,3
10,5,5,True,5,0.5224430183931404,3,0.3406245236434968,1,0.06012612741442056,2,0.057076627375057296,0,0.019729703173884533,1,12,2
10,5,0,False,0,0.6413265623265622,5,0.3586734376734377,2,0.0,1,0.0,3,0.0,2,22,4
10,1,1,True,1,0.5143746129414263,5,0.29876491588068566,3,0.13778906457634943,0,0.025287813089383267,4,0.011974597139298276,1,12,1
10,1,1,True,1,0.5143746129414263,5,0.29876491588068566,3,0.13778906457634943,0,0.025287813089383267,4,0.011974597139298276,1,12,1
10,0,3,False,3,0.5473676046176044,0,0.31967406204906196,2,0.1254583333333333,4,0.005,5,0.0025,2,18,5
10,5,1,False,1,0.5143746129414263,5,0.29876491588068566,3,0.13778906457634943,0,0.025287813089383267,4,0.011974597139298276,2,12,1
10,5,3,False,3,0.7296130956230504,5,0.14909387393030094,2,0.061447301765026205,0,0.03236863444335198,1,0.027477094238270366,2,13,0
10,5,1,False,1,0.4761267080169307,5,0.38447439632804903,2,0.06919096227236046,3,0.04671526910099295,0,0.023492664281666895,2,12,4
10,2,2,True,2,0.8094583694544251,3,0.15192330840543958,1,0.038618322140135504,0,0.0,4,0.0,1,12,3
10,5,5,True,5,0.5224430183931404,3,0.3406245236434968,1,0.06012612741442056,2,0.057076627375057296,0,0.019729703173884533,1,12,2
10,0,0,True,0,0.9045000000000001,4,0.07183333333333333,2,0.013666666666666667,3,0.01,1,0.0,1,1,1
10,0,3,False,3,0.4099223196394249,0,0.2095962619252093,1,0.19744892972524541,5,0.1830324887101202,2,0.0,2,15,1
10,0,3,False,3,0.5182282754626297,1,0.17161767244757553,2,0.15162168251184627,5,0.0824109057565953,0,0.0761214638213531,5,14,1
10,0,0,True,0,0.6141587301587301,4,0.19809126984126976,2,0.18774999999999994,1,0.0,3,0.0,1,21,6
10,0,2,False,2,0.6716846764346763,3,0.2796507936507936,1,0.022032051282051282,5,0.01927136752136752,0,0.007361111111111111,5,11,3
10,0,0,True,0,0.6712886002886003,4,0.3287113997113996,2,0.0,1,0.0,3,0.0,1,20,3
10,0,0,True,0,0.9105851183130593,5,0.08941488168694049,2,0.0,1,0.0,3,0.0,1,20,4
10,0,0,True,0,0.8109550292758495,4,0.10250582321015754,3,0.08653914751399268,1,0.0,2,0.0,1,20,1
10,0,0,True,0,0.8109550292758495,4,0.10250582321015754,3,0.08653914751399268,1,0.0,2,0.0,1,20,1
