fold,true_cluster,predicted_cluster,correct,top1_cluster,top1_confidence,top2_cluster,top2_confidence,top3_cluster,top3_confidence,top4_cluster,top4_confidence,top5_cluster,top5_confidence,true_rank,hour,day_of_week
1,2,3,False,3,0.6608121518217002,2,0.1481117086341005,6,0.09791673447162295,7,0.04858989325241004,5,0.03612506737572196,2,13.0,2.0
1,2,9,False,9,0.3443044733044732,7,0.3370382395382394,0,0.15007575757575753,2,0.14858152958152948,3,0.02,4,15.0,5.0
1,1,2,False,2,0.4392224303474304,12,0.23357090132090128,3,0.22414434176934175,1,0.10195121545121545,6,0.0011111111111111111,4,13.0,1.0
1,1,2,False,2,0.7601994849424516,6,0.15322638738783229,3,0.08657412766971588,1,0.0,0,0.0,4,11.0,1.0
1,2,0,False,0,0.23682584445997748,12,0.22965017975660382,2,0.21733493372812251,3,0.1608370853776426,7,0.1553519566776532,3,9.0,2.0
1,0,6,False,6,0.6070875374625372,7,0.13225199800199797,0,0.12572365134865132,2,0.12493681318681313,3,0.01,3,10.0,6.0
1,0,3,False,3,0.2011943512852604,6,0.17368358948553375,2,0.16931336333603056,11,0.16569760189305346,7,0.16025853379754104,10,15.0,2.0
1,0,2,False,2,0.42396153846153856,0,0.42232235252707384,1,0.14371610901138757,3,0.01,4,0.0,2,9.0,3.0
1,0,0,True,0,0.23682584445997748,12,0.22965017975660382,2,0.21733493372812251,3,0.1608370853776426,7,0.1553519566776532,1,9.0,2.0
1,4,3,False,3,0.3523890441098715,2,0.2491945492796058,4,0.16874265695401341,6,0.10300259775517598,5,0.10222855952016792,3,8.0,0.0
1,0,6,False,6,0.5763580031080032,7,0.29091364191364183,0,0.13272835497835495,1,0.0,3,0.0,3,9.0,6.0
1,4,3,False,3,0.3523890441098715,2,0.2491945492796058,4,0.16874265695401341,6,0.10300259775517598,5,0.10222855952016792,3,8.0,0.0
1,4,3,False,3,0.3523890441098715,2,0.2491945492796058,4,0.16874265695401341,6,0.10300259775517598,5,0.10222855952016792,3,8.0,0.0
1,2,2,True,2,0.4190220197198591,3,0.2902707329575345,12,0.12242262431448386,9,0.11804953088781665,0,0.05023509212030547,1,9.0,5.0
1,3,3,True,3,0.6192386828908065,6,0.1536465334887011,2,0.1534446563290986,9,0.04010597928524036,7,0.03356414800615346,1,15.0,4.0
1,2,3,False,3,0.35881528486665665,6,0.2557240824994047,2,0.22086656843548916,13,0.08996416768586714,10,0.05785956810636284,3,6.0,2.0
1,2,2,True,2,1.0,0,0.0,1,0.0,3,0.0,4,0.0,1,11.0,2.0
1,2,3,False,3,0.4674984459984461,2,0.2813908175158174,6,0.2511107364857364,1,0.0,0,0.0,2,13.0,0.0
1,2,2,True,2,0.26685681926666627,3,0.24893813566287215,1,0.23569596552487757,6,0.09929620996149258,8,0.08562996391166713,1,7.0,4.0
1,6,6,True,6,0.6070875374625372,7,0.13225199800199797,0,0.12572365134865132,2,0.12493681318681313,3,0.01,1,10.0,6.0
1,6,3,False,3,0.507843378239371,2,0.25351843020063525,6,0.1744432332467149,10,0.04897933267392764,7,0.01521562563935121,3,15.0,1.0
1,6,3,False,3,0.5738142014863242,2,0.18646144188185407,6,0.14018826312745694,11,0.04265321192069906,10,0.03902430646741516,3,15.0,3.0
1,6,3,False,3,0.507843378239371,2,0.25351843020063525,6,0.1744432332467149,10,0.04897933267392764,7,0.01521562563935121,3,15.0,1.0
1,6,3,False,3,0.5738142014863242,2,0.18646144188185407,6,0.14018826312745694,11,0.04265321192069906,10,0.03902430646741516,3,15.0,3.0
1,2,2,True,2,0.99,3,0.01,1,0.0,0,0.0,4,0.0,1,16.0,6.0
1,6,6,True,6,0.3759808808916448,3,0.3079726854297677,2,0.21938570376549488,11,0.07893079910420477,13,0.017729930808887805,1,6.0,0.0
1,6,2,False,2,0.3722206513749687,6,0.23448186567309665,3,0.225392495850365,13,0.14652027282704763,7,0.02138471427452174,2,6.0,3.0
1,8,2,False,2,0.5029874534903653,3,0.17706801154114682,8,0.16324084425045304,6,0.061487753865081846,13,0.033023708971687646,3,6.0,4.0
1,6,3,False,3,0.7582813168061878,2,0.18602259444663197,7,0.028185048008850574,6,0.027076258129634056,1,0.00043478260869565214,4,14.0,2.0
1,6,3,False,3,0.35881528486665665,6,0.2557240824994047,2,0.22086656843548916,13,0.08996416768586714,10,0.05785956810636284,2,6.0,2.0
1,2,2,True,2,0.6514793817293817,6,0.33852061827061825,3,0.01,1,0.0,0,0.0,1,10.0,0.0
1,2,3,False,3,0.4088781719264118,2,0.36025649802254994,0,0.230865330051038,1,0.0,4,0.0,2,9.0,0.0
1,6,6,True,6,0.6070875374625372,7,0.13225199800199797,0,0.12572365134865132,2,0.12493681318681313,3,0.01,1,10.0,6.0
1,6,3,False,3,0.6192386828908065,6,0.1536465334887011,2,0.1534446563290986,9,0.04010597928524036,7,0.03356414800615346,2,15.0,4.0
1,6,2,False,2,0.8779559900883427,12,0.1120440099116569,1,0.01,0,0.0,4,0.0,7,11.0,3.0
1,7,2,False,2,0.3761939153886996,3,0.27504278499234314,0,0.24274184035705348,11,0.05454865527880174,7,0.0514728039831019,5,10.0,5.0
1,6,3,False,3,0.507843378239371,2,0.25351843020063525,6,0.1744432332467149,10,0.04897933267392764,7,0.01521562563935121,3,15.0,1.0
1,6,2,False,2,0.641359464409,0,0.17586274647265351,3,0.10048754590782451,6,0.08229024321052185,1,0.0,4,11.0,6.0
1,6,2,False,2,0.6514793817293817,6,0.33852061827061825,3,0.01,1,0.0,0,0.0,2,10.0,0.0
1,2,2,True,2,0.5055500610500612,7,0.1707971195471195,9,0.1571684704184704,0,0.14648434898434898,3,0.02,1,16.0,5.0
1,2,2,True,2,0.6514793817293817,6,0.33852061827061825,3,0.01,1,0.0,0,0.0,1,10.0,0.0
1,2,3,False,3,0.5143567304062155,2,0.4856432695937844,1,0.0,0,0.0,4,0.0,2,14.0,0.0
1,6,3,False,3,0.3965726521821201,2,0.2790130386461485,6,0.16862868843763018,5,0.13839113169357392,11,0.017394489040527275,3,7.0,0.0
1,7,3,False,3,0.5138747303785377,2,0.33205546280833614,6,0.11672964469236283,1,0.037340162120763284,0,0.0,8,14.0,1.0
1,8,2,False,2,0.32366479542988813,8,0.30954908662029385,6,0.21895043552938284,13,0.14783568242043466,3,0.0,2,5.0,1.0
1,8,3,False,3,0.36990371139348727,2,0.3091550322188211,8,0.22536380239520035,6,0.07229787104763209,4,0.023279582944859,3,7.0,1.0
1,6,2,False,2,0.3722206513749687,6,0.23448186567309665,3,0.225392495850365,13,0.14652027282704763,7,0.02138471427452174,2,6.0,3.0
1,7,2,False,2,0.8106121933621933,7,0.18938780663780655,1,0.0,0,0.0,3,0.0,2,17.0,2.0
1,6,2,False,2,0.32366479542988813,8,0.30954908662029385,6,0.21895043552938284,13,0.14783568242043466,3,0.0,3,5.0,1.0
1,7,9,False,9,0.3443044733044732,7,0.3370382395382394,0,0.15007575757575753,2,0.14858152958152948,3,0.02,2,15.0,5.0
1,6,3,False,3,0.36990371139348727,2,0.3091550322188211,8,0.22536380239520035,6,0.07229787104763209,4,0.023279582944859,4,7.0,1.0
1,6,3,False,3,0.3965726521821201,2,0.2790130386461485,6,0.16862868843763018,5,0.13839113169357392,11,0.017394489040527275,3,7.0,0.0
1,6,6,True,6,0.3759808808916448,3,0.3079726854297677,2,0.21938570376549488,11,0.07893079910420477,13,0.017729930808887805,1,6.0,0.0
1,7,2,False,2,0.4190220197198591,3,0.2902707329575345,12,0.12242262431448386,9,0.11804953088781665,0,0.05023509212030547,9,9.0,5.0
1,8,3,False,3,0.36990371139348727,2,0.3091550322188211,8,0.22536380239520035,6,0.07229787104763209,4,0.023279582944859,3,7.0,1.0
1,2,2,True,2,0.8795340076590076,7,0.12046599234099233,1,0.0,0,0.0,3,0.0,1,6.0,6.0
1,2,6,False,6,0.3759808808916448,3,0.3079726854297677,2,0.21938570376549488,11,0.07893079910420477,13,0.017729930808887805,3,6.0,0.0
1,2,2,True,2,1.0,0,0.0,1,0.0,3,0.0,4,0.0,1,11.0,2.0
1,2,2,True,2,0.5029874534903653,3,0.17706801154114682,8,0.16324084425045304,6,0.061487753865081846,13,0.033023708971687646,1,6.0,4.0
1,2,2,True,2,0.8795340076590076,7,0.12046599234099233,1,0.0,0,0.0,3,0.0,1,6.0,6.0
1,2,2,True,2,0.617958753363939,3,0.13314779922519854,13,0.07989213564213564,8,0.057069264069264075,1,0.05013638185000414,1,5.0,5.0
1,3,3,True,3,0.7582813168061878,2,0.18602259444663197,7,0.028185048008850574,6,0.027076258129634056,1,0.00043478260869565214,1,14.0,2.0
1,3,3,True,3,0.507843378239371,2,0.25351843020063525,6,0.1744432332467149,10,0.04897933267392764,7,0.01521562563935121,1,15.0,1.0
1,2,3,False,3,0.3523890441098715,2,0.2491945492796058,4,0.16874265695401341,6,0.10300259775517598,5,0.10222855952016792,2,8.0,0.0
1,3,3,True,3,0.7582813168061878,2,0.18602259444663197,7,0.028185048008850574,6,0.027076258129634056,1,0.00043478260869565214,1,14.0,2.0
1,3,3,True,3,0.507843378239371,2,0.25351843020063525,6,0.1744432332467149,10,0.04897933267392764,7,0.01521562563935121,1,15.0,1.0
1,2,2,True,2,0.5029874534903653,3,0.17706801154114682,8,0.16324084425045304,6,0.061487753865081846,13,0.033023708971687646,1,6.0,4.0
1,2,2,True,2,0.99,3,0.01,1,0.0,0,0.0,4,0.0,1,14.0,6.0
1,9,2,False,2,0.9965909090909091,3,0.0034090909090909094,1,0.0,0,0.0,4,0.0,10,17.0,0.0
1,1,2,False,2,0.4190220197198591,3,0.2902707329575345,12,0.12242262431448386,9,0.11804953088781665,0,0.05023509212030547,8,9.0,5.0
1,3,3,True,3,0.5414668811580577,2,0.3405396817235051,6,0.10799343711843709,4,0.01,0,0.0,1,14.0,4.0
1,3,3,True,3,0.507843378239371,2,0.25351843020063525,6,0.1744432332467149,10,0.04897933267392764,7,0.01521562563935121,1,15.0,1.0
1,3,4,False,4,0.40133472022909367,2,0.24371224532523147,3,0.20815610890719582,10,0.10011219144943728,7,0.04668473408904154,3,8.0,2.0
1,2,2,True,2,0.8646952491952491,0,0.1253047508047508,3,0.01,1,0.0,4,0.0,1,17.0,3.0
1,3,3,True,3,0.6608121518217002,2,0.1481117086341005,6,0.09791673447162295,7,0.04858989325241004,5,0.03612506737572196,1,13.0,2.0
1,3,2,False,2,0.4392224303474304,12,0.23357090132090128,3,0.22414434176934175,1,0.10195121545121545,6,0.0011111111111111111,3,13.0,1.0
1,2,2,True,2,0.4392224303474304,12,0.23357090132090128,3,0.22414434176934175,1,0.10195121545121545,6,0.0011111111111111111,1,13.0,1.0
1,3,3,True,3,0.38976075206743865,2,0.31282427148687736,6,0.22949578210784286,9,0.06791919433784083,0,0.0,1,16.0,4.0
1,3,3,True,3,0.36990371139348727,2,0.3091550322188211,8,0.22536380239520035,6,0.07229787104763209,4,0.023279582944859,1,7.0,1.0
1,3,3,True,3,0.5738142014863242,2,0.18646144188185407,6,0.14018826312745694,11,0.04265321192069906,10,0.03902430646741516,1,15.0,3.0
1,3,3,True,3,0.7582813168061878,2,0.18602259444663197,7,0.028185048008850574,6,0.027076258129634056,1,0.00043478260869565214,1,14.0,2.0
1,3,3,True,3,0.3965726521821201,2,0.2790130386461485,6,0.16862868843763018,5,0.13839113169357392,11,0.017394489040527275,1,7.0,0.0
1,3,3,True,3,0.3062117721026327,2,0.27625719437254964,8,0.2243637797563616,6,0.1409280283372815,13,0.05223922543117438,1,6.0,1.0
1,3,3,True,3,0.507843378239371,2,0.25351843020063525,6,0.1744432332467149,10,0.04897933267392764,7,0.01521562563935121,1,15.0,1.0
1,3,3,True,3,0.36990371139348727,2,0.3091550322188211,8,0.22536380239520035,6,0.07229787104763209,4,0.023279582944859,1,7.0,1.0
1,3,3,True,3,0.3965726521821201,2,0.2790130386461485,6,0.16862868843763018,5,0.13839113169357392,11,0.017394489040527275,1,7.0,0.0
1,2,2,True,2,1.0,0,0.0,1,0.0,3,0.0,4,0.0,1,19.0,6.0
1,3,3,True,3,0.3062117721026327,2,0.27625719437254964,8,0.2243637797563616,6,0.1409280283372815,13,0.05223922543117438,1,6.0,1.0
1,2,6,False,6,0.6070875374625372,7,0.13225199800199797,0,0.12572365134865132,2,0.12493681318681313,3,0.01,4,10.0,6.0
1,2,2,True,2,0.42396153846153856,0,0.42232235252707384,1,0.14371610901138757,3,0.01,4,0.0,1,9.0,3.0
1,2,2,True,2,1.0,0,0.0,1,0.0,3,0.0,4,0.0,1,19.0,6.0
1,2,2,True,2,0.8646952491952491,0,0.1253047508047508,3,0.01,1,0.0,4,0.0,1,17.0,3.0
1,2,2,True,2,0.9965909090909091,3,0.0034090909090909094,1,0.0,0,0.0,4,0.0,1,17.0,0.0
1,2,2,True,2,0.4946125302860296,3,0.21360320459940194,11,0.14977999512676785,5,0.05210441393843936,6,0.04690597559798998,1,16.0,0.0
1,3,3,True,3,0.4932872483172604,6,0.2574106814366442,2,0.1362166841378305,5,0.03558645395065577,11,0.02978802500090614,1,15.0,0.0
1,3,2,False,2,0.3761939153886996,3,0.27504278499234314,0,0.24274184035705348,11,0.05454865527880174,7,0.0514728039831019,2,10.0,5.0
1,3,3,True,3,0.38976075206743865,2,0.31282427148687736,6,0.22949578210784286,9,0.06791919433784083,0,0.0,1,16.0,4.0
1,3,3,True,3,0.5138747303785377,2,0.33205546280833614,6,0.11672964469236283,1,0.037340162120763284,0,0.0,1,14.0,1.0
1,2,3,False,3,0.5738142014863242,2,0.18646144188185407,6,0.14018826312745694,11,0.04265321192069906,10,0.03902430646741516,2,15.0,3.0
1,3,2,False,2,0.26685681926666627,3,0.24893813566287215,1,0.23569596552487757,6,0.09929620996149258,8,0.08562996391166713,2,7.0,4.0
1,3,3,True,3,0.3062117721026327,2,0.27625719437254964,8,0.2243637797563616,6,0.1409280283372815,13,0.05223922543117438,1,6.0,1.0
1,3,3,True,3,0.3965726521821201,2,0.2790130386461485,6,0.16862868843763018,5,0.13839113169357392,11,0.017394489040527275,1,7.0,0.0
1,3,3,True,3,0.5414668811580577,2,0.3405396817235051,6,0.10799343711843709,4,0.01,0,0.0,1,14.0,4.0
1,2,2,True,2,0.44587563416975196,3,0.22806257957728535,0,0.212306866336278,7,0.1137549199166846,1,0.0,1,12.0,6.0
1,2,2,True,2,0.5029874534903653,3,0.17706801154114682,8,0.16324084425045304,6,0.061487753865081846,13,0.033023708971687646,1,6.0,4.0
1,3,2,False,2,0.26685681926666627,3,0.24893813566287215,1,0.23569596552487757,6,0.09929620996149258,8,0.08562996391166713,2,7.0,4.0
1,3,3,True,3,0.3965726521821201,2,0.2790130386461485,6,0.16862868843763018,5,0.13839113169357392,11,0.017394489040527275,1,7.0,0.0
1,3,3,True,3,0.7582813168061878,2,0.18602259444663197,7,0.028185048008850574,6,0.027076258129634056,1,0.00043478260869565214,1,14.0,2.0
1,3,3,True,3,0.35881528486665665,6,0.2557240824994047,2,0.22086656843548916,13,0.08996416768586714,10,0.05785956810636284,1,6.0,2.0
1,3,6,False,6,0.3759808808916448,3,0.3079726854297677,2,0.21938570376549488,11,0.07893079910420477,13,0.017729930808887805,2,6.0,0.0
1,3,3,True,3,0.5738142014863242,2,0.18646144188185407,6,0.14018826312745694,11,0.04265321192069906,10,0.03902430646741516,1,15.0,3.0
1,3,2,False,2,0.5414487179487179,3,0.42316666666666664,5,0.02,8,0.014615384615384617,6,0.0007692307692307692,2,19.0,4.0
1,3,2,False,2,0.5414487179487179,3,0.42316666666666664,5,0.02,8,0.014615384615384617,6,0.0007692307692307692,2,19.0,4.0
1,10,3,False,3,0.35881528486665665,6,0.2557240824994047,2,0.22086656843548916,13,0.08996416768586714,10,0.05785956810636284,5,6.0,2.0
1,3,2,False,2,0.3722206513749687,6,0.23448186567309665,3,0.225392495850365,13,0.14652027282704763,7,0.02138471427452174,3,6.0,3.0
1,3,2,False,2,0.3722206513749687,6,0.23448186567309665,3,0.225392495850365,13,0.14652027282704763,7,0.02138471427452174,3,6.0,3.0
1,1,4,False,4,0.40133472022909367,2,0.24371224532523147,3,0.20815610890719582,10,0.10011219144943728,7,0.04668473408904154,8,8.0,2.0
1,2,3,False,3,0.3062117721026327,2,0.27625719437254964,8,0.2243637797563616,6,0.1409280283372815,13,0.05223922543117438,2,6.0,1.0
1,9,2,False,2,0.3761939153886996,3,0.27504278499234314,0,0.24274184035705348,11,0.05454865527880174,7,0.0514728039831019,11,10.0,5.0
1,3,2,False,2,0.42396153846153856,0,0.42232235252707384,1,0.14371610901138757,3,0.01,4,0.0,4,9.0,3.0
1,3,3,True,3,0.3835622139009777,6,0.3043905423869418,2,0.28286564968441413,13,0.02918159402766621,0,0.0,1,7.0,3.0
1,2,3,False,3,0.7582813168061878,2,0.18602259444663197,7,0.028185048008850574,6,0.027076258129634056,1,0.00043478260869565214,2,14.0,2.0
1,3,3,True,3,0.4596388888888889,2,0.353579365079365,7,0.1861150793650794,9,0.0006666666666666666,0,0.0,1,12.0,5.0
1,3,4,False,4,0.40133472022909367,2,0.24371224532523147,3,0.20815610890719582,10,0.10011219144943728,7,0.04668473408904154,3,8.0,2.0
1,3,4,False,4,0.40133472022909367,2,0.24371224532523147,3,0.20815610890719582,10,0.10011219144943728,7,0.04668473408904154,3,8.0,2.0
1,2,2,True,2,0.7601994849424516,6,0.15322638738783229,3,0.08657412766971588,1,0.0,0,0.0,1,11.0,1.0
1,3,3,True,3,0.3523890441098715,2,0.2491945492796058,4,0.16874265695401341,6,0.10300259775517598,5,0.10222855952016792,1,8.0,0.0
1,3,2,False,2,0.42396153846153856,0,0.42232235252707384,1,0.14371610901138757,3,0.01,4,0.0,4,9.0,3.0
1,3,4,False,4,0.40133472022909367,2,0.24371224532523147,3,0.20815610890719582,10,0.10011219144943728,7,0.04668473408904154,3,8.0,2.0
1,2,2,True,2,0.7243180985680986,0,0.07647244422244422,9,0.06607720057720058,7,0.06367013542013542,3,0.03133333333333333,1,20.0,5.0
1,12,2,False,2,0.2452473677542899,12,0.2316321082250783,1,0.22318385829557577,3,0.1571639580484276,7,0.13443937434329473,2,8.0,5.0
1,3,2,False,2,0.4392224303474304,12,0.23357090132090128,3,0.22414434176934175,1,0.10195121545121545,6,0.0011111111111111111,3,13.0,1.0
1,3,2,False,2,0.4946125302860296,3,0.21360320459940194,11,0.14977999512676785,5,0.05210441393843936,6,0.04690597559798998,2,16.0,0.0
1,3,2,False,2,0.4190220197198591,3,0.2902707329575345,12,0.12242262431448386,9,0.11804953088781665,0,0.05023509212030547,2,9.0,5.0
1,3,3,True,3,0.5138747303785377,2,0.33205546280833614,6,0.11672964469236283,1,0.037340162120763284,0,0.0,1,14.0,1.0
1,3,3,True,3,0.6192386828908065,6,0.1536465334887011,2,0.1534446563290986,9,0.04010597928524036,7,0.03356414800615346,1,15.0,4.0
1,2,2,True,2,0.5029874534903653,3,0.17706801154114682,8,0.16324084425045304,6,0.061487753865081846,13,0.033023708971687646,1,6.0,4.0
1,2,2,True,2,0.99,3,0.01,1,0.0,0,0.0,4,0.0,1,14.0,6.0
1,5,2,False,2,0.4946125302860296,3,0.21360320459940194,11,0.14977999512676785,5,0.05210441393843936,6,0.04690597559798998,4,16.0,0.0
1,10,3,False,3,0.5048054347086486,2,0.37466501490052095,10,0.062027474430641084,5,0.05700207596018941,11,0.001,3,16.0,3.0
1,2,2,True,2,0.99,3,0.01,1,0.0,0,0.0,4,0.0,1,13.0,6.0
1,2,3,False,3,0.6608121518217002,2,0.1481117086341005,6,0.09791673447162295,7,0.04858989325241004,5,0.03612506737572196,2,13.0,2.0
1,2,3,False,3,0.4932872483172604,6,0.2574106814366442,2,0.1362166841378305,5,0.03558645395065577,11,0.02978802500090614,3,15.0,0.0
1,11,3,False,3,0.4932872483172604,6,0.2574106814366442,2,0.1362166841378305,5,0.03558645395065577,11,0.02978802500090614,5,15.0,0.0
1,2,2,True,2,0.99,3,0.01,1,0.0,0,0.0,4,0.0,1,14.0,6.0
1,12,3,False,3,0.5138747303785377,2,0.33205546280833614,6,0.11672964469236283,1,0.037340162120763284,0,0.0,13,14.0,1.0
1,2,2,True,2,0.99,3,0.01,1,0.0,0,0.0,4,0.0,1,13.0,6.0
1,2,2,True,2,0.2452473677542899,12,0.2316321082250783,1,0.22318385829557577,3,0.1571639580484276,7,0.13443937434329473,1,8.0,5.0
1,2,2,True,2,0.4316041491779981,3,0.3325406586192357,9,0.11154820084941904,0,0.0631696320529104,1,0.061137359300436414,1,11.0,5.0
1,2,3,False,3,0.2011943512852604,6,0.17368358948553375,2,0.16931336333603056,11,0.16569760189305346,7,0.16025853379754104,3,15.0,2.0
1,2,4,False,4,0.40133472022909367,2,0.24371224532523147,3,0.20815610890719582,10,0.10011219144943728,7,0.04668473408904154,2,8.0,2.0
1,2,3,False,3,0.4596388888888889,2,0.353579365079365,7,0.1861150793650794,9,0.0006666666666666666,0,0.0,2,12.0,5.0
1,2,3,False,3,0.3965726521821201,2,0.2790130386461485,6,0.16862868843763018,5,0.13839113169357392,11,0.017394489040527275,2,7.0,0.0
1,11,6,False,6,0.3759808808916448,3,0.3079726854297677,2,0.21938570376549488,11,0.07893079910420477,13,0.017729930808887805,4,6.0,0.0
1,10,2,False,2,0.3594629723296165,3,0.3555240565752009,6,0.11249563015845769,10,0.09282136396757307,1,0.0796959769691516,4,7.0,2.0
1,2,2,True,2,0.40520238442938344,1,0.22656774067155666,3,0.18801151483585174,5,0.17521836006320793,7,0.0035714285714285713,1,7.0,5.0
1,2,2,True,2,0.6887023809523809,3,0.30963095238095234,7,0.0016666666666666666,1,0.0,0,0.0,1,6.0,5.0
1,13,2,False,2,0.48796409146409153,13,0.38713009213009203,6,0.1249058164058164,1,0.0,3,0.0,2,5.0,2.0
1,2,2,True,2,0.5628997610576557,12,0.263297047036211,7,0.09923797117914761,0,0.07456522072698539,3,0.0,1,10.0,3.0
1,1,2,False,2,0.3594629723296165,3,0.3555240565752009,6,0.11249563015845769,10,0.09282136396757307,1,0.0796959769691516,5,7.0,2.0
1,2,4,False,4,0.40133472022909367,2,0.24371224532523147,3,0.20815610890719582,10,0.10011219144943728,7,0.04668473408904154,2,8.0,2.0
1,5,3,False,3,0.3965726521821201,2,0.2790130386461485,6,0.16862868843763018,5,0.13839113169357392,11,0.017394489040527275,4,7.0,0.0
1,2,4,False,4,0.40133472022909367,2,0.24371224532523147,3,0.20815610890719582,10,0.10011219144943728,7,0.04668473408904154,2,8.0,2.0
1,2,3,False,3,0.36990371139348727,2,0.3091550322188211,8,0.22536380239520035,6,0.07229787104763209,4,0.023279582944859,2,7.0,1.0
1,13,2,False,2,0.48796409146409153,13,0.38713009213009203,6,0.1249058164058164,1,0.0,3,0.0,2,5.0,2.0
1,13,2,False,2,0.48796409146409153,13,0.38713009213009203,6,0.1249058164058164,1,0.0,3,0.0,2,5.0,2.0
1,2,3,False,3,0.3523890441098715,2,0.2491945492796058,4,0.16874265695401341,6,0.10300259775517598,5,0.10222855952016792,2,8.0,0.0
1,2,3,False,3,0.5143919413919414,2,0.2834537962037962,1,0.2021542624042624,0,0.0,4,0.0,2,9.0,1.0
1,2,3,False,3,0.3523890441098715,2,0.2491945492796058,4,0.16874265695401341,6,0.10300259775517598,5,0.10222855952016792,2,8.0,0.0
1,2,2,True,2,0.26685681926666627,3,0.24893813566287215,1,0.23569596552487757,6,0.09929620996149258,8,0.08562996391166713,1,7.0,4.0
1,2,4,False,4,0.40133472022909367,2,0.24371224532523147,3,0.20815610890719582,10,0.10011219144943728,7,0.04668473408904154,2,8.0,2.0
1,13,2,False,2,0.32366479542988813,8,0.30954908662029385,6,0.21895043552938284,13,0.14783568242043466,3,0.0,4,5.0,1.0
1,2,3,False,3,0.2638373780072694,2,0.2444263953710547,1,0.1625809573982948,11,0.09057121675194427,9,0.08677637167613948,2,8.0,4.0
2,2,2,True,2,0.4269605451652653,3,0.21677056797786448,11,0.1502552505666044,5,0.09950701374847411,6,0.05456377259720565,1,16.0,0.0
2,2,2,True,2,0.4866938644001337,3,0.21088154243417392,9,0.15172250638078802,0,0.07976670216608295,1,0.07093538461882115,1,11.0,5.0
2,0,2,False,2,0.5877473632318833,12,0.320606993238959,7,0.09164564352915744,1,0.0,3,0.0,8,10.0,3.0
2,4,3,False,3,0.2940922884722176,2,0.2790740840160978,4,0.188808900998767,5,0.10614884164085155,6,0.10284476242849441,3,8.0,0.0
2,0,2,False,2,0.5269166666666666,7,0.2471309523809523,9,0.22595238095238085,1,0.0,3,0.0,8,16.0,5.0
2,0,2,False,2,0.2999616755793225,0,0.19416361661214598,9,0.1915287139331257,3,0.11460556110556111,1,0.10861009088950264,2,9.0,4.0
2,4,3,False,3,0.2940922884722176,2,0.2790740840160978,4,0.188808900998767,5,0.10614884164085155,6,0.10284476242849441,3,8.0,0.0
2,0,2,False,2,0.37488202647026175,0,0.19406920938538585,12,0.17116798969004848,7,0.15863899825664532,3,0.10124177619765852,2,9.0,2.0
2,4,6,False,6,0.6307122802378222,7,0.27666799471598214,4,0.08261972504619561,2,0.01,3,0.0,3,8.0,6.0
2,0,2,False,2,0.37488202647026175,0,0.19406920938538585,12,0.17116798969004848,7,0.15863899825664532,3,0.10124177619765852,2,9.0,2.0
2,2,3,False,3,0.4236413209238219,6,0.30921520811163516,2,0.24081065594492826,13,0.026332815019614497,0,0.0,3,7.0,3.0
2,2,3,False,3,0.2940922884722176,2,0.2790740840160978,4,0.188808900998767,5,0.10614884164085155,6,0.10284476242849441,2,8.0,0.0
2,2,2,True,2,0.3523790508383275,3,0.3280331033078848,10,0.1256412515222856,6,0.11288235333278161,1,0.08106424099872016,1,7.0,2.0
2,2,2,True,2,0.893044845677198,0,0.10019044844044842,3,0.004705882352941176,6,0.0008823529411764706,10,0.000588235294117647,1,17.0,3.0
2,2,2,True,2,0.8479734668925846,9,0.13202653310741544,6,0.01,5,0.01,3,0.0,1,17.0,0.0
2,2,2,True,2,0.8816239454989454,7,0.11837605450105448,1,0.0,0,0.0,3,0.0,1,6.0,6.0
2,2,3,False,3,0.3237493353200566,2,0.2544081674596179,8,0.24275478189958646,6,0.1118663068011671,13,0.06722140851957148,2,6.0,1.0
2,2,3,False,3,0.5560909682740347,2,0.44390903172596524,1,0.0,0,0.0,4,0.0,2,14.0,0.0
2,2,3,False,3,0.40337806637806656,2,0.38387518037518026,7,0.2027467532467532,9,0.01,0,0.0,2,12.0,5.0
2,2,2,True,2,0.9883333333333333,3,0.01,6,0.0016666666666666666,1,0.0,0,0.0,1,11.0,2.0
2,2,2,True,2,0.5130529879477248,3,0.4869470120522751,1,0.0,0,0.0,4,0.0,1,12.0,2.0
2,2,2,True,2,0.9883333333333333,3,0.01,6,0.0016666666666666666,1,0.0,0,0.0,1,11.0,2.0
2,6,3,False,3,0.5428757475384018,2,0.2223003463657269,6,0.14737695874232704,10,0.04430667706421369,11,0.021577996558979518,3,15.0,3.0
2,7,6,False,6,0.6307122802378222,7,0.27666799471598214,4,0.08261972504619561,2,0.01,3,0.0,2,8.0,6.0
2,6,3,False,3,0.49731121240520065,6,0.2653411975387619,2,0.11052298249196056,11,0.04599505178217779,7,0.026350201256965057,2,15.0,0.0
2,6,3,False,3,0.35156818410200713,2,0.24954159796883585,6,0.2096441108373293,13,0.09246805505660972,10,0.0750113173450383,3,6.0,2.0
2,8,2,False,2,0.4522436171985237,8,0.24225064487904366,6,0.1599115904286855,13,0.1455941474937469,3,0.0,2,5.0,4.0
2,7,3,False,3,0.6904234856143806,2,0.16361759151673433,6,0.08947524149574539,5,0.056483681373139485,0,0.0,8,13.0,2.0
2,6,6,True,6,0.3461885313189261,3,0.3145319843543311,2,0.23042423441886897,11,0.10885524990787393,0,0.0,1,6.0,0.0
2,6,3,False,3,0.3237493353200566,2,0.2544081674596179,8,0.24275478189958646,6,0.1118663068011671,13,0.06722140851957148,4,6.0,1.0
2,2,2,True,2,0.5877473632318833,12,0.320606993238959,7,0.09164564352915744,1,0.0,3,0.0,1,10.0,3.0
2,2,3,False,3,0.3237493353200566,2,0.2544081674596179,8,0.24275478189958646,6,0.1118663068011671,13,0.06722140851957148,2,6.0,1.0
2,2,3,False,3,0.2940922884722176,2,0.2790740840160978,4,0.188808900998767,5,0.10614884164085155,6,0.10284476242849441,2,8.0,0.0
2,6,3,False,3,0.5428757475384018,2,0.2223003463657269,6,0.14737695874232704,10,0.04430667706421369,11,0.021577996558979518,3,15.0,3.0
2,3,3,True,3,0.4915106934243722,6,0.22303678938092186,2,0.22026213557486166,10,0.04998071529723435,7,0.01520966632260975,1,15.0,1.0
2,2,2,True,2,0.7857539682539683,6,0.2102460317460317,3,0.004,1,0.0,0,0.0,1,11.0,0.0
2,3,3,True,3,0.405761228279804,6,0.27818793793638985,2,0.25969197655343146,9,0.05594219056370758,7,0.00041666666666666664,1,16.0,4.0
2,2,2,True,2,0.5269166666666666,7,0.2471309523809523,9,0.22595238095238085,1,0.0,3,0.0,1,16.0,5.0
2,7,2,False,2,0.6579339664167249,12,0.2285347765261557,11,0.09732436050539495,3,0.012413793103448277,6,0.0020689655172413794,7,16.0,2.0
2,7,2,False,2,0.5858297258297257,0,0.28187157287157283,3,0.13229870129870125,1,0.0,4,0.0,8,12.0,6.0
2,6,3,False,3,0.4236413209238219,6,0.30921520811163516,2,0.24081065594492826,13,0.026332815019614497,0,0.0,2,7.0,3.0
2,7,2,False,2,0.3583487289661773,3,0.27937850096165473,0,0.24657319880766843,9,0.06017002271258897,7,0.055529548551910224,5,10.0,5.0
2,6,3,False,3,0.43368043516418864,2,0.25028726341340685,6,0.16821657167998855,5,0.14781572974241577,0,0.0,3,7.0,0.0
2,6,6,True,6,0.6307122802378222,7,0.27666799471598214,4,0.08261972504619561,2,0.01,3,0.0,1,8.0,6.0
2,6,2,False,2,0.5706779410714372,8,0.1936607398419229,3,0.15292989729356515,6,0.028385624261793124,11,0.027646338547738795,4,6.0,4.0
2,8,3,False,3,0.3237493353200566,2,0.2544081674596179,8,0.24275478189958646,6,0.1118663068011671,13,0.06722140851957148,3,6.0,1.0
2,6,8,False,8,0.3976870320003951,13,0.22636896791756123,2,0.21944312917119826,6,0.15650087091084525,3,0.0,4,5.0,1.0
2,6,6,True,6,0.3461885313189261,3,0.3145319843543311,2,0.23042423441886897,11,0.10885524990787393,0,0.0,1,6.0,0.0
2,6,3,False,3,0.43368043516418864,2,0.25028726341340685,6,0.16821657167998855,5,0.14781572974241577,0,0.0,3,7.0,0.0
2,6,6,True,6,0.3461885313189261,3,0.3145319843543311,2,0.23042423441886897,11,0.10885524990787393,0,0.0,1,6.0,0.0
2,6,2,False,2,0.3559102538005066,3,0.24435371492070293,6,0.23979297586458062,13,0.13857716739852458,7,0.021365888015685047,3,6.0,3.0
2,6,2,False,2,0.3559102538005066,3,0.24435371492070293,6,0.23979297586458062,13,0.13857716739852458,7,0.021365888015685047,3,6.0,3.0
2,6,3,False,3,0.35156818410200713,2,0.24954159796883585,6,0.2096441108373293,13,0.09246805505660972,10,0.0750113173450383,3,6.0,2.0
2,6,3,False,3,0.378171680323538,2,0.30899540947056353,8,0.22785747704202364,6,0.063404141852853,4,0.02157129131102152,4,7.0,1.0
2,6,3,False,3,0.3237493353200566,2,0.2544081674596179,8,0.24275478189958646,6,0.1118663068011671,13,0.06722140851957148,4,6.0,1.0
2,6,8,False,8,0.3976870320003951,13,0.22636896791756123,2,0.21944312917119826,6,0.15650087091084525,3,0.0,4,5.0,1.0
2,6,3,False,3,0.35156818410200713,2,0.24954159796883585,6,0.2096441108373293,13,0.09246805505660972,10,0.0750113173450383,3,6.0,2.0
2,8,2,False,2,0.40603342964225314,3,0.2548588615374992,4,0.17969592370134158,1,0.15941178511890575,0,0.0,9,8.0,1.0
2,8,3,False,3,0.378171680323538,2,0.30899540947056353,8,0.22785747704202364,6,0.063404141852853,4,0.02157129131102152,3,7.0,1.0
2,2,2,True,2,0.5255904652734981,6,0.2851790191737189,0,0.1171047526866277,3,0.07212576286615521,1,0.0,1,10.0,1.0
2,2,2,True,2,0.36679336610994395,3,0.29145585573687993,12,0.10582679063557127,7,0.06182077407269893,1,0.060848343882913894,1,9.0,5.0
2,2,8,False,8,0.3976870320003951,13,0.22636896791756123,2,0.21944312917119826,6,0.15650087091084525,3,0.0,3,5.0,1.0
2,2,2,True,2,0.6914163356852986,6,0.15360517763110637,3,0.08781103756065053,1,0.06591744912294442,0,0.00125,1,11.0,1.0
2,2,2,True,2,0.7857539682539683,6,0.2102460317460317,3,0.004,1,0.0,0,0.0,1,11.0,0.0
2,9,7,False,7,0.40724897324897325,2,0.30742637917637905,9,0.1440929348429348,0,0.14123171273171273,3,0.0,3,15.0,5.0
2,9,2,False,2,0.36679336610994395,3,0.29145585573687993,12,0.10582679063557127,7,0.06182077407269893,1,0.060848343882913894,7,9.0,5.0
2,3,2,False,2,0.5130529879477248,3,0.4869470120522751,1,0.0,0,0.0,4,0.0,2,12.0,2.0
2,3,3,True,3,0.4915106934243722,6,0.22303678938092186,2,0.22026213557486166,10,0.04998071529723435,7,0.01520966632260975,1,15.0,1.0
2,3,3,True,3,0.4255538921642416,2,0.296949407710456,6,0.1609956482121453,10,0.1065010519131569,5,0.01,1,16.0,1.0
2,3,3,True,3,0.49731121240520065,6,0.2653411975387619,2,0.11052298249196056,11,0.04599505178217779,7,0.026350201256965057,1,15.0,0.0
2,2,2,True,2,0.5858297258297257,0,0.28187157287157283,3,0.13229870129870125,1,0.0,4,0.0,1,12.0,6.0
2,3,3,True,3,0.49731121240520065,6,0.2653411975387619,2,0.11052298249196056,11,0.04599505178217779,7,0.026350201256965057,1,15.0,0.0
2,3,3,True,3,0.6904234856143806,2,0.16361759151673433,6,0.08947524149574539,5,0.056483681373139485,0,0.0,1,13.0,2.0
2,3,3,True,3,0.6012250638713447,6,0.1831586406443259,2,0.13921492554615342,7,0.04183253158392253,9,0.03456883835425336,1,15.0,4.0
2,3,3,True,3,0.5428757475384018,2,0.2223003463657269,6,0.14737695874232704,10,0.04430667706421369,11,0.021577996558979518,1,15.0,3.0
2,3,3,True,3,0.7408385533088562,2,0.17143338104430314,6,0.06019995335232089,7,0.027528112294519912,0,0.0,1,14.0,2.0
2,3,2,False,2,0.37488202647026175,0,0.19406920938538585,12,0.17116798969004848,7,0.15863899825664532,3,0.10124177619765852,5,9.0,2.0
2,3,3,True,3,0.2940922884722176,2,0.2790740840160978,4,0.188808900998767,5,0.10614884164085155,6,0.10284476242849441,1,8.0,0.0
2,3,3,True,3,0.4255538921642416,2,0.296949407710456,6,0.1609956482121453,10,0.1065010519131569,5,0.01,1,16.0,1.0
2,3,2,False,2,0.5858297258297257,0,0.28187157287157283,3,0.13229870129870125,1,0.0,4,0.0,3,12.0,6.0
2,2,4,False,4,0.29297400757827025,2,0.2871777289797149,3,0.2759455972113621,10,0.07155668288393183,7,0.03622268771148542,2,8.0,2.0
2,2,3,False,3,0.3550821207516254,2,0.2972992163924826,12,0.1751448183739205,1,0.16622384448197136,6,0.005,2,13.0,1.0
2,2,2,True,2,0.6596698253290545,7,0.32136465742956594,3,0.012413793103448277,11,0.002758620689655172,6,0.0020689655172413794,1,17.0,2.0
2,2,3,False,3,0.5560909682740347,2,0.44390903172596524,1,0.0,0,0.0,4,0.0,2,14.0,0.0
2,3,3,True,3,0.4236413209238219,6,0.30921520811163516,2,0.24081065594492826,13,0.026332815019614497,0,0.0,1,7.0,3.0
2,3,2,False,2,0.4866938644001337,3,0.21088154243417392,9,0.15172250638078802,0,0.07976670216608295,1,0.07093538461882115,2,11.0,5.0
2,3,2,False,2,0.3154248173341534,3,0.2657143427215175,1,0.16587544108123545,6,0.09913538442537823,8,0.08984211427695044,2,7.0,4.0
2,3,2,False,2,0.3559102538005066,3,0.24435371492070293,6,0.23979297586458062,13,0.13857716739852458,7,0.021365888015685047,2,6.0,3.0
2,10,3,False,3,0.4255538921642416,2,0.296949407710456,6,0.1609956482121453,10,0.1065010519131569,5,0.01,4,16.0,1.0
2,3,3,True,3,0.4915106934243722,6,0.22303678938092186,2,0.22026213557486166,10,0.04998071529723435,7,0.01520966632260975,1,15.0,1.0
2,3,3,True,3,0.378171680323538,2,0.30899540947056353,8,0.22785747704202364,6,0.063404141852853,4,0.02157129131102152,1,7.0,1.0
2,3,3,True,3,0.3237493353200566,2,0.2544081674596179,8,0.24275478189958646,6,0.1118663068011671,13,0.06722140851957148,1,6.0,1.0
2,3,2,False,2,0.3523790508383275,3,0.3280331033078848,10,0.1256412515222856,6,0.11288235333278161,1,0.08106424099872016,2,7.0,2.0
2,3,3,True,3,0.43368043516418864,2,0.25028726341340685,6,0.16821657167998855,5,0.14781572974241577,0,0.0,1,7.0,0.0
2,2,2,True,2,0.6781410801739949,3,0.18520919121335727,0,0.13664972861264751,1,0.0,4,0.0,1,8.0,3.0
2,10,2,False,2,0.3523790508383275,3,0.3280331033078848,10,0.1256412515222856,6,0.11288235333278161,1,0.08106424099872016,3,7.0,2.0
2,1,2,False,2,0.3154248173341534,3,0.2657143427215175,1,0.16587544108123545,6,0.09913538442537823,8,0.08984211427695044,3,7.0,4.0
2,2,2,True,2,0.8073777056277055,7,0.18862229437229439,3,0.002,1,0.002,0,0.0,1,12.0,3.0
2,1,2,False,2,0.3154248173341534,3,0.2657143427215175,1,0.16587544108123545,6,0.09913538442537823,8,0.08984211427695044,3,7.0,4.0
2,2,3,False,3,0.4236413209238219,6,0.30921520811163516,2,0.24081065594492826,13,0.026332815019614497,0,0.0,3,7.0,3.0
2,2,2,True,2,0.5269166666666666,7,0.2471309523809523,9,0.22595238095238085,1,0.0,3,0.0,1,16.0,5.0
2,3,3,True,3,0.5428757475384018,2,0.2223003463657269,6,0.14737695874232704,10,0.04430667706421369,11,0.021577996558979518,1,15.0,3.0
2,3,3,True,3,0.4255538921642416,2,0.296949407710456,6,0.1609956482121453,10,0.1065010519131569,5,0.01,1,16.0,1.0
2,3,3,True,3,0.5428757475384018,2,0.2223003463657269,6,0.14737695874232704,10,0.04430667706421369,11,0.021577996558979518,1,15.0,3.0
2,2,3,False,3,0.6433214285714286,2,0.33542857142857146,9,0.01125,5,0.01,0,0.0,2,17.0,1.0
2,3,3,True,3,0.6904234856143806,2,0.16361759151673433,6,0.08947524149574539,5,0.056483681373139485,0,0.0,1,13.0,2.0
2,2,3,False,3,0.6433214285714286,2,0.33542857142857146,9,0.01125,5,0.01,0,0.0,2,17.0,1.0
2,2,2,True,2,0.9370677655677655,3,0.05004761904761905,7,0.005,8,0.0038461538461538464,9,0.0025,1,19.0,5.0
2,3,3,True,3,0.6904234856143806,2,0.16361759151673433,6,0.08947524149574539,5,0.056483681373139485,0,0.0,1,13.0,2.0
2,2,2,True,2,0.4269605451652653,3,0.21677056797786448,11,0.1502552505666044,5,0.09950701374847411,6,0.05456377259720565,1,16.0,0.0
2,2,3,False,3,0.49731121240520065,6,0.2653411975387619,2,0.11052298249196056,11,0.04599505178217779,7,0.026350201256965057,3,15.0,0.0
2,3,3,True,3,0.2940922884722176,2,0.2790740840160978,4,0.188808900998767,5,0.10614884164085155,6,0.10284476242849441,1,8.0,0.0
2,2,2,True,2,0.5503901376401376,6,0.44960986235986233,1,0.0,0,0.0,3,0.0,1,10.0,0.0
2,3,2,False,2,0.19535215143363122,3,0.17379081877517144,7,0.16510420037009188,11,0.1613214889487839,6,0.14316002978470016,2,15.0,2.0
2,5,2,False,2,0.2683769841269841,1,0.26117460317460306,7,0.24477380952380948,3,0.21234126984126983,6,0.013333333333333332,7,12.0,0.0
2,11,2,False,2,0.3583487289661773,3,0.27937850096165473,0,0.24657319880766843,9,0.06017002271258897,7,0.055529548551910224,12,10.0,5.0
2,2,2,True,2,0.3583487289661773,3,0.27937850096165473,0,0.24657319880766843,9,0.06017002271258897,7,0.055529548551910224,1,10.0,5.0
2,2,13,False,13,0.8275150682650678,2,0.1724849317349317,1,0.0,0,0.0,4,0.0,2,5.0,3.0
2,3,3,True,3,0.5130480357316005,2,0.29319722342451776,6,0.07938091537095908,1,0.04459809689558226,7,0.03596480537566949,1,14.0,1.0
2,2,2,True,2,1.0,0,0.0,1,0.0,3,0.0,4,0.0,1,17.0,6.0
2,2,0,False,0,0.4334816182452776,2,0.3269176516880613,3,0.12258703734794388,1,0.11701369271871695,4,0.0,2,9.0,3.0
2,3,2,False,2,0.3154248173341534,3,0.2657143427215175,1,0.16587544108123545,6,0.09913538442537823,8,0.08984211427695044,2,7.0,4.0
2,3,2,False,2,0.3523790508383275,3,0.3280331033078848,10,0.1256412515222856,6,0.11288235333278161,1,0.08106424099872016,2,7.0,2.0
2,2,3,False,3,0.3237493353200566,2,0.2544081674596179,8,0.24275478189958646,6,0.1118663068011671,13,0.06722140851957148,2,6.0,1.0
2,3,3,True,3,0.35156818410200713,2,0.24954159796883585,6,0.2096441108373293,13,0.09246805505660972,10,0.0750113173450383,1,6.0,2.0
2,3,3,True,3,0.35156818410200713,2,0.24954159796883585,6,0.2096441108373293,13,0.09246805505660972,10,0.0750113173450383,1,6.0,2.0
2,3,3,True,3,0.4915106934243722,6,0.22303678938092186,2,0.22026213557486166,10,0.04998071529723435,7,0.01520966632260975,1,15.0,1.0
2,2,3,False,3,0.3237493353200566,2,0.2544081674596179,8,0.24275478189958646,6,0.1118663068011671,13,0.06722140851957148,2,6.0,1.0
2,2,2,True,2,0.6135350205350204,9,0.24545251970251958,0,0.14101245976245974,1,0.0,4,0.0,1,13.0,5.0
2,3,3,True,3,0.3237493353200566,2,0.2544081674596179,8,0.24275478189958646,6,0.1118663068011671,13,0.06722140851957148,1,6.0,1.0
2,3,2,False,2,0.3583487289661773,3,0.27937850096165473,0,0.24657319880766843,9,0.06017002271258897,7,0.055529548551910224,2,10.0,5.0
2,3,2,False,2,0.33591546190307775,1,0.1763689641112241,3,0.16177916321724356,11,0.08880930932672414,6,0.08630339083860752,3,8.0,4.0
2,3,4,False,4,0.29297400757827025,2,0.2871777289797149,3,0.2759455972113621,10,0.07155668288393183,7,0.03622268771148542,3,8.0,2.0
2,3,3,True,3,0.2940922884722176,2,0.2790740840160978,4,0.188808900998767,5,0.10614884164085155,6,0.10284476242849441,1,8.0,0.0
2,3,3,True,3,0.7408385533088562,2,0.17143338104430314,6,0.06019995335232089,7,0.027528112294519912,0,0.0,1,14.0,2.0
2,3,3,True,3,0.49731121240520065,6,0.2653411975387619,2,0.11052298249196056,11,0.04599505178217779,7,0.026350201256965057,1,15.0,0.0
2,3,3,True,3,0.40337806637806656,2,0.38387518037518026,7,0.2027467532467532,9,0.01,0,0.0,1,12.0,5.0
2,3,3,True,3,0.6012250638713447,6,0.1831586406443259,2,0.13921492554615342,7,0.04183253158392253,9,0.03456883835425336,1,15.0,4.0
2,3,3,True,3,0.4915106934243722,6,0.22303678938092186,2,0.22026213557486166,10,0.04998071529723435,7,0.01520966632260975,1,15.0,1.0
2,2,2,True,2,0.9940000000000001,3,0.006,1,0.0,0,0.0,4,0.0,1,14.0,6.0
2,2,3,False,3,0.6904234856143806,2,0.16361759151673433,6,0.08947524149574539,5,0.056483681373139485,0,0.0,2,13.0,2.0
2,12,2,False,2,0.8891616933118479,6,0.11083830668815187,1,0.0,0,0.0,3,0.0,13,11.0,3.0
2,1,2,False,2,0.8079598457098451,3,0.1870401542901542,0,0.0025,6,0.0025,1,0.0,5,11.0,4.0
2,1,2,False,2,0.8079598457098451,3,0.1870401542901542,0,0.0025,6,0.0025,1,0.0,5,11.0,4.0
2,12,2,False,2,0.37488202647026175,0,0.19406920938538585,12,0.17116798969004848,7,0.15863899825664532,3,0.10124177619765852,3,9.0,2.0
2,3,2,False,2,0.4866938644001337,3,0.21088154243417392,9,0.15172250638078802,0,0.07976670216608295,1,0.07093538461882115,2,11.0,5.0
2,2,2,True,2,0.5706779410714372,8,0.1936607398419229,3,0.15292989729356515,6,0.028385624261793124,11,0.027646338547738795,1,6.0,4.0
2,11,3,False,3,0.5428757475384018,2,0.2223003463657269,6,0.14737695874232704,10,0.04430667706421369,11,0.021577996558979518,5,15.0,3.0
2,5,2,False,2,0.6579339664167249,12,0.2285347765261557,11,0.09732436050539495,3,0.012413793103448277,6,0.0020689655172413794,6,16.0,2.0
2,3,3,True,3,0.4915106934243722,6,0.22303678938092186,2,0.22026213557486166,10,0.04998071529723435,7,0.01520966632260975,1,15.0,1.0
2,3,3,True,3,0.5428757475384018,2,0.2223003463657269,6,0.14737695874232704,10,0.04430667706421369,11,0.021577996558979518,1,15.0,3.0
2,2,2,True,2,0.5130529879477248,3,0.4869470120522751,1,0.0,0,0.0,4,0.0,1,12.0,2.0
2,2,3,False,3,0.49731121240520065,6,0.2653411975387619,2,0.11052298249196056,11,0.04599505178217779,7,0.026350201256965057,3,15.0,0.0
2,2,3,False,3,0.405761228279804,6,0.27818793793638985,2,0.25969197655343146,9,0.05594219056370758,7,0.00041666666666666664,3,16.0,4.0
2,13,13,True,13,0.8275150682650678,2,0.1724849317349317,1,0.0,0,0.0,4,0.0,1,5.0,3.0
2,2,3,False,3,0.4255538921642416,2,0.296949407710456,6,0.1609956482121453,10,0.1065010519131569,5,0.01,2,16.0,1.0
2,2,2,True,2,0.6781410801739949,3,0.18520919121335727,0,0.13664972861264751,1,0.0,4,0.0,1,8.0,3.0
2,2,2,True,2,0.4073107004651122,1,0.241307278675518,3,0.17704576855979795,5,0.17433625229957173,0,0.0,1,7.0,5.0
2,2,2,True,2,0.5130529879477248,3,0.4869470120522751,1,0.0,0,0.0,4,0.0,1,12.0,2.0
2,2,2,True,2,0.44167723942723947,0,0.35230205905205897,12,0.09994466644466644,6,0.09607603507603507,3,0.01,1,10.0,2.0
2,3,3,True,3,0.3237493353200566,2,0.2544081674596179,8,0.24275478189958646,6,0.1118663068011671,13,0.06722140851957148,1,6.0,1.0
2,11,3,False,3,0.43368043516418864,2,0.25028726341340685,6,0.16821657167998855,5,0.14781572974241577,0,0.0,12,7.0,0.0
2,13,13,True,13,0.8275150682650678,2,0.1724849317349317,1,0.0,0,0.0,4,0.0,1,5.0,3.0
2,2,2,True,2,0.8479734668925846,9,0.13202653310741544,6,0.01,5,0.01,3,0.0,1,17.0,0.0
2,2,3,False,3,0.4915106934243722,6,0.22303678938092186,2,0.22026213557486166,10,0.04998071529723435,7,0.01520966632260975,3,15.0,1.0
2,2,2,True,2,0.40603342964225314,3,0.2548588615374992,4,0.17969592370134158,1,0.15941178511890575,0,0.0,1,8.0,1.0
2,2,3,False,3,0.4915106934243722,6,0.22303678938092186,2,0.22026213557486166,10,0.04998071529723435,7,0.01520966632260975,3,15.0,1.0
2,1,2,False,2,0.3523790508383275,3,0.3280331033078848,10,0.1256412515222856,6,0.11288235333278161,1,0.08106424099872016,5,7.0,2.0
2,2,2,True,2,0.6914163356852986,6,0.15360517763110637,3,0.08781103756065053,1,0.06591744912294442,0,0.00125,1,11.0,1.0
2,2,3,False,3,0.43368043516418864,2,0.25028726341340685,6,0.16821657167998855,5,0.14781572974241577,0,0.0,2,7.0,0.0
2,13,6,False,6,0.3461885313189261,3,0.3145319843543311,2,0.23042423441886897,11,0.10885524990787393,0,0.0,14,6.0,0.0
2,13,2,False,2,0.5706779410714372,8,0.1936607398419229,3,0.15292989729356515,6,0.028385624261793124,11,0.027646338547738795,14,6.0,4.0
2,2,2,True,2,0.3154248173341534,3,0.2657143427215175,1,0.16587544108123545,6,0.09913538442537823,8,0.08984211427695044,1,7.0,4.0
3,0,2,False,2,0.5115784215784215,3,0.2397080142080142,0,0.12688403263403264,7,0.10690096015096012,6,0.0075,3,12.0,6.0
3,4,2,False,2,0.34309062409629176,3,0.28816137944776604,4,0.21660333003604737,10,0.07096441877895222,7,0.04112781943116191,3,8.0,2.0
3,2,2,True,2,0.5927929292929293,1,0.2650661976911976,3,0.1330120851370851,0,0.003977272727272727,6,0.003484848484848485,1,11.0,4.0
3,0,2,False,2,0.35498004071573175,3,0.2881301217601355,0,0.18464331960825867,7,0.0900455184303765,9,0.04257637116384702,3,10.0,5.0
3,4,2,False,2,0.4389362923797908,3,0.2024747536605121,1,0.14135561896823495,4,0.14030664141500046,8,0.07692669357646134,4,8.0,1.0
3,0,2,False,2,0.7268119083530847,9,0.24537800761330172,3,0.01782857142857143,4,0.005,7,0.0031529411764705884,10,13.0,5.0
3,0,2,False,2,0.40805264579761485,0,0.38930018429283125,3,0.14053567360571997,1,0.06211149630383374,4,0.0,2,9.0,3.0
3,4,2,False,2,0.34309062409629176,3,0.28816137944776604,4,0.21660333003604737,10,0.07096441877895222,7,0.04112781943116191,3,8.0,2.0
3,0,2,False,2,0.6676279868437374,6,0.1470499410719999,0,0.09249618127830196,3,0.0891800574726271,1,0.003333333333333333,3,10.0,1.0
3,1,3,False,3,0.5756460761460761,2,0.2671119158619158,1,0.15724200799200796,0,0.0,4,0.0,3,9.0,1.0
3,2,3,False,3,0.42112521938920167,2,0.36223318188631454,0,0.20564159872448332,6,0.006,1,0.005,2,9.0,0.0
3,2,3,False,3,0.36213768956061954,6,0.24656385627276517,2,0.19776020163862357,13,0.09747710584800905,10,0.07842203855258167,3,6.0,2.0
3,2,2,True,2,0.40556940004469616,1,0.23024445386573722,3,0.19146581127272783,5,0.16698169845320204,6,0.002755681818181818,1,7.0,5.0
3,2,2,True,2,0.7635823832600144,12,0.10849052336552335,6,0.10043905509694982,1,0.02090909090909091,3,0.005789473684210527,1,11.0,3.0
3,6,3,False,3,0.5696666813964076,6,0.1668961624938558,2,0.15921345884771224,11,0.04477867624217198,10,0.03950272113092839,2,15.0,3.0
3,6,3,False,3,0.5468415445437838,6,0.204336284388429,2,0.2023217817247323,10,0.029990790647622678,7,0.016509598695432278,2,15.0,1.0
3,6,3,False,3,0.5145359618755065,2,0.3229830449305339,1,0.0512658447252067,7,0.044057239116369884,6,0.03558064420050868,5,14.0,1.0
3,6,3,False,3,0.480634048681374,6,0.2555789709082647,2,0.12630039539403617,11,0.04556840552867353,5,0.03231073442072151,2,15.0,0.0
3,6,3,False,3,0.36213768956061954,6,0.24656385627276517,2,0.19776020163862357,13,0.09747710584800905,10,0.07842203855258167,2,6.0,2.0
3,6,6,True,6,0.35478614048708756,3,0.3142361382147934,2,0.2073607651120699,11,0.09460647961372032,13,0.023006911509940022,1,6.0,0.0
3,6,3,False,3,0.30392232128734514,2,0.29722665112548474,1,0.209274769956025,8,0.08894994521560347,6,0.06774660752855004,5,7.0,4.0
3,2,2,True,2,0.7092208763458764,7,0.18219667832167832,6,0.09565630896880893,3,0.007755681818181819,8,0.002755681818181818,1,7.0,6.0
3,2,2,True,2,0.970297619047619,3,0.009833333333333333,7,0.00845238095238095,0,0.00375,6,0.0025,1,17.0,5.0
3,6,3,False,3,0.36455857650136425,2,0.35122834753673615,10,0.1419371307298314,6,0.1384297913859144,4,0.003076923076923077,4,16.0,1.0
3,7,2,False,2,0.6471662290790441,12,0.26357187583658165,0,0.0796886112253759,3,0.004897959183673469,6,0.0020408163265306124,9,10.0,3.0
3,6,2,False,2,0.21246768035524574,7,0.16626534270674437,11,0.16208501102427694,3,0.14825425295984204,6,0.13627362229104517,5,15.0,2.0
3,6,3,False,3,0.47304945639156154,2,0.3609713006291952,6,0.14000702075702073,1,0.024472222222222225,11,0.00075,3,13.0,0.0
3,6,2,False,2,0.6676279868437374,6,0.1470499410719999,0,0.09249618127830196,3,0.0891800574726271,1,0.003333333333333333,2,10.0,1.0
3,6,2,False,2,0.6676279868437374,6,0.1470499410719999,0,0.09249618127830196,3,0.0891800574726271,1,0.003333333333333333,2,10.0,1.0
3,3,3,True,3,0.3914238131887565,2,0.28882537662646124,6,0.24345236740547363,9,0.06710387264356169,1,0.0029411764705882353,1,16.0,4.0
3,3,3,True,3,0.36455857650136425,2,0.35122834753673615,10,0.1419371307298314,6,0.1384297913859144,4,0.003076923076923077,1,16.0,1.0
3,3,3,True,3,0.5468415445437838,6,0.204336284388429,2,0.2023217817247323,10,0.029990790647622678,7,0.016509598695432278,1,15.0,1.0
3,3,2,False,2,0.4457577639751553,3,0.37025862663906134,6,0.1645750517598344,5,0.01,0,0.0041428571428571434,2,17.0,4.0
3,2,3,False,3,0.734739868106421,2,0.15668814103238285,6,0.0775853899704553,7,0.03039836559662326,12,0.000588235294117647,2,14.0,2.0
3,6,3,False,3,0.480634048681374,6,0.2555789709082647,2,0.12630039539403617,11,0.04556840552867353,5,0.03231073442072151,2,15.0,0.0
3,7,3,False,3,0.6180832671201528,6,0.18052959023078144,2,0.1547569976023509,9,0.04429248270905232,10,0.0012708719851576994,9,15.0,4.0
3,7,6,False,6,0.6465389380141703,0,0.1729860576300204,2,0.16797500435580923,3,0.00857142857142857,7,0.0025,5,10.0,6.0
3,8,3,False,3,0.393846733121787,8,0.20449838023279113,2,0.19044721796879535,6,0.1540371575506173,13,0.05717051112600904,2,6.0,1.0
3,6,3,False,3,0.408366346580666,2,0.2577400702825431,6,0.182276277227029,5,0.12054606351436715,11,0.026828818152970522,3,7.0,0.0
3,6,2,False,2,0.5359433811095268,8,0.20097974328028825,3,0.12735540138534415,6,0.03772719404890748,0,0.03373128026196563,4,6.0,4.0
3,7,2,False,2,0.3501115453159646,6,0.27298771152857293,3,0.26178353945681926,13,0.11511720369864302,0,0.0,9,6.0,3.0
3,8,3,False,3,0.3619267940961091,2,0.26933986554665434,8,0.24925437056913313,6,0.09792533334446916,4,0.021553636443634155,3,7.0,1.0
3,6,2,False,2,0.4513140846082023,8,0.3165772155690884,13,0.1512979529929993,6,0.08081074682970966,3,0.0,4,5.0,4.0
3,6,3,False,3,0.4031973679319642,6,0.30798279059262496,2,0.28521984147541074,10,0.002,1,0.0016,2,7.0,3.0
3,8,3,False,3,0.393846733121787,8,0.20449838023279113,2,0.19044721796879535,6,0.1540371575506173,13,0.05717051112600904,2,6.0,1.0
3,6,6,True,6,0.35478614048708756,3,0.3142361382147934,2,0.2073607651120699,11,0.09460647961372032,13,0.023006911509940022,1,6.0,0.0
3,6,6,True,6,0.35478614048708756,3,0.3142361382147934,2,0.2073607651120699,11,0.09460647961372032,13,0.023006911509940022,1,6.0,0.0
3,7,3,False,3,0.30392232128734514,2,0.29722665112548474,1,0.209274769956025,8,0.08894994521560347,6,0.06774660752855004,9,7.0,4.0
3,6,2,False,2,0.3501115453159646,6,0.27298771152857293,3,0.26178353945681926,13,0.11511720369864302,0,0.0,2,6.0,3.0
3,8,8,True,8,0.2680321967670533,6,0.26661200439940846,2,0.25626603315844804,13,0.2090897656750899,3,0.0,1,5.0,1.0
3,6,2,False,2,0.7092208763458764,7,0.18219667832167832,6,0.09565630896880893,3,0.007755681818181819,8,0.002755681818181818,3,7.0,6.0
3,2,6,False,6,0.35478614048708756,3,0.3142361382147934,2,0.2073607651120699,11,0.09460647961372032,13,0.023006911509940022,3,6.0,0.0
3,2,2,True,2,0.9690000000000001,0,0.01575,1,0.01,12,0.0032500000000000003,7,0.001,1,11.0,2.0
3,2,2,True,2,0.4383087517058106,0,0.3486823062558358,6,0.1075349176966824,12,0.10014069100833806,3,0.004333333333333333,1,10.0,2.0
3,2,2,True,2,0.9951851851851852,8,0.0014814814814814814,3,0.0011111111111111111,0,0.0007407407407407407,13,0.0007407407407407407,1,6.0,5.0
3,2,2,True,2,0.9814017094017093,13,0.006538461538461538,7,0.005333333333333333,8,0.004615384615384616,6,0.002111111111111111,1,5.0,6.0
3,2,2,True,2,0.5359433811095268,8,0.20097974328028825,3,0.12735540138534415,6,0.03772719404890748,0,0.03373128026196563,1,6.0,4.0
3,5,2,False,2,0.44359956709956705,1,0.30729148629148617,9,0.21648989898989895,11,0.014523809523809524,0,0.01,7,18.0,0.0
3,1,2,False,2,0.44359956709956705,1,0.30729148629148617,9,0.21648989898989895,11,0.014523809523809524,0,0.01,2,18.0,0.0
3,3,2,False,2,0.21246768035524574,7,0.16626534270674437,11,0.16208501102427694,3,0.14825425295984204,6,0.13627362229104517,4,15.0,2.0
3,2,2,True,2,0.5238418803418806,0,0.38476923076923064,1,0.036880952380952375,3,0.02961111111111111,9,0.012119047619047618,1,18.0,1.0
3,2,13,False,13,0.6359595257683494,2,0.24006385118149823,6,0.12397662305015242,1,0.0,3,0.0,2,5.0,2.0
3,2,2,True,2,0.9774444444444444,3,0.01679365079365079,1,0.0022222222222222222,11,0.0014285714285714286,12,0.0011111111111111111,1,13.0,6.0
3,3,3,True,3,0.480634048681374,6,0.2555789709082647,2,0.12630039539403617,11,0.04556840552867353,5,0.03231073442072151,1,15.0,0.0
3,2,2,True,2,0.9821428571428572,6,0.0095,3,0.005357142857142857,4,0.003,0,0.0,1,17.0,6.0
3,2,2,True,2,0.40805264579761485,0,0.38930018429283125,3,0.14053567360571997,1,0.06211149630383374,4,0.0,1,9.0,3.0
3,3,3,True,3,0.5145359618755065,2,0.3229830449305339,1,0.0512658447252067,7,0.044057239116369884,6,0.03558064420050868,1,14.0,1.0
3,3,2,False,2,0.21246768035524574,7,0.16626534270674437,11,0.16208501102427694,3,0.14825425295984204,6,0.13627362229104517,4,15.0,2.0
3,2,2,True,2,0.9774444444444444,3,0.01679365079365079,1,0.0022222222222222222,11,0.0014285714285714286,12,0.0011111111111111111,1,13.0,6.0
3,3,2,False,2,0.37350105387883764,3,0.26178095859861,10,0.13483666015857323,6,0.11589862964305389,1,0.11398269772092512,2,7.0,2.0
3,3,3,True,3,0.408366346580666,2,0.2577400702825431,6,0.182276277227029,5,0.12054606351436715,11,0.026828818152970522,1,7.0,0.0
3,3,3,True,3,0.6180832671201528,6,0.18052959023078144,2,0.1547569976023509,9,0.04429248270905232,10,0.0012708719851576994,1,15.0,4.0
3,3,3,True,3,0.734739868106421,2,0.15668814103238285,6,0.0775853899704553,7,0.03039836559662326,12,0.000588235294117647,1,14.0,2.0
3,1,12,False,12,0.2962194756033663,2,0.2884511876825107,3,0.14674135438901892,1,0.13166961814676845,7,0.12857221033218133,4,8.0,5.0
3,3,3,True,3,0.6180832671201528,6,0.18052959023078144,2,0.1547569976023509,9,0.04429248270905232,10,0.0012708719851576994,1,15.0,4.0
3,10,3,False,3,0.5468415445437838,6,0.204336284388429,2,0.2023217817247323,10,0.029990790647622678,7,0.016509598695432278,4,15.0,1.0
3,3,2,False,2,0.37350105387883764,3,0.26178095859861,10,0.13483666015857323,6,0.11589862964305389,1,0.11398269772092512,2,7.0,2.0
3,3,3,True,3,0.4863712215862541,2,0.3799727387529984,5,0.07408653307065949,10,0.057069506590088095,0,0.00125,1,16.0,3.0
3,3,3,True,3,0.393846733121787,8,0.20449838023279113,2,0.19044721796879535,6,0.1540371575506173,13,0.05717051112600904,1,6.0,1.0
3,3,2,False,2,0.37350105387883764,3,0.26178095859861,10,0.13483666015857323,6,0.11589862964305389,1,0.11398269772092512,2,7.0,2.0
3,11,3,False,3,0.30338261397239863,2,0.2943020182899821,4,0.2079525508761685,5,0.08950190314036216,6,0.08910999797017252,6,8.0,0.0
3,3,3,True,3,0.480634048681374,6,0.2555789709082647,2,0.12630039539403617,11,0.04556840552867353,5,0.03231073442072151,1,15.0,0.0
3,3,2,False,2,0.37350105387883764,3,0.26178095859861,10,0.13483666015857323,6,0.11589862964305389,1,0.11398269772092512,2,7.0,2.0
3,3,3,True,3,0.5468415445437838,6,0.204336284388429,2,0.2023217817247323,10,0.029990790647622678,7,0.016509598695432278,1,15.0,1.0
3,3,3,True,3,0.480634048681374,6,0.2555789709082647,2,0.12630039539403617,11,0.04556840552867353,5,0.03231073442072151,1,15.0,0.0
3,3,3,True,3,0.6180832671201528,6,0.18052959023078144,2,0.1547569976023509,9,0.04429248270905232,10,0.0012708719851576994,1,15.0,4.0
3,3,3,True,3,0.5468415445437838,6,0.204336284388429,2,0.2023217817247323,10,0.029990790647622678,7,0.016509598695432278,1,15.0,1.0
3,3,3,True,3,0.480634048681374,6,0.2555789709082647,2,0.12630039539403617,11,0.04556840552867353,5,0.03231073442072151,1,15.0,0.0
3,2,3,False,3,0.5696666813964076,6,0.1668961624938558,2,0.15921345884771224,11,0.04477867624217198,10,0.03950272113092839,3,15.0,3.0
3,3,3,True,3,0.3619267940961091,2,0.26933986554665434,8,0.24925437056913313,6,0.09792533334446916,4,0.021553636443634155,1,7.0,1.0
3,1,3,False,3,0.30392232128734514,2,0.29722665112548474,1,0.209274769956025,8,0.08894994521560347,6,0.06774660752855004,3,7.0,4.0
3,2,3,False,3,0.4894166666666668,2,0.47932070707070695,0,0.01,10,0.01,7,0.005353535353535353,2,17.0,1.0
3,2,2,True,2,0.7635823832600144,12,0.10849052336552335,6,0.10043905509694982,1,0.02090909090909091,3,0.005789473684210527,1,11.0,3.0
3,2,3,False,3,0.393846733121787,8,0.20449838023279113,2,0.19044721796879535,6,0.1540371575506173,13,0.05717051112600904,3,6.0,1.0
3,9,0,False,0,0.38444481172422335,2,0.35378410968116847,9,0.13408147408147408,1,0.12408666333666331,3,0.0036029411764705883,3,9.0,4.0
3,2,2,True,2,0.9731424148606811,3,0.025429013710747458,11,0.0014285714285714286,1,0.0,4,0.0,1,14.0,6.0
3,2,2,True,2,0.5471061214770893,11,0.12283724608724605,5,0.11493623043623044,12,0.10738378288378288,7,0.09751667776667773,1,16.0,2.0
3,3,3,True,3,0.6046372530527703,2,0.20728583223865862,6,0.07732450630849844,5,0.04384281224416726,7,0.04257136086178801,1,13.0,2.0
3,2,2,True,2,0.9842307692307692,6,0.0095,4,0.003,3,0.0025,0,0.0007692307692307692,1,18.0,6.0
3,3,2,False,2,0.9951851851851852,8,0.0014814814814814814,3,0.0011111111111111111,0,0.0007407407407407407,13,0.0007407407407407407,3,6.0,5.0
3,3,3,True,3,0.6046372530527703,2,0.20728583223865862,6,0.07732450630849844,5,0.04384281224416726,7,0.04257136086178801,1,13.0,2.0
3,3,3,True,3,0.480634048681374,6,0.2555789709082647,2,0.12630039539403617,11,0.04556840552867353,5,0.03231073442072151,1,15.0,0.0
3,2,2,True,2,0.3501115453159646,6,0.27298771152857293,3,0.26178353945681926,13,0.11511720369864302,0,0.0,1,6.0,3.0
3,3,3,True,3,0.734739868106421,2,0.15668814103238285,6,0.0775853899704553,7,0.03039836559662326,12,0.000588235294117647,1,14.0,2.0
3,3,3,True,3,0.408366346580666,2,0.2577400702825431,6,0.182276277227029,5,0.12054606351436715,11,0.026828818152970522,1,7.0,0.0
3,3,3,True,3,0.4031973679319642,6,0.30798279059262496,2,0.28521984147541074,10,0.002,1,0.0016,1,7.0,3.0
3,3,3,True,3,0.3619267940961091,2,0.26933986554665434,8,0.24925437056913313,6,0.09792533334446916,4,0.021553636443634155,1,7.0,1.0
3,3,3,True,3,0.5585852236735697,2,0.22181206599926181,4,0.07691296693502574,0,0.06934867888389559,7,0.06837865849320958,1,14.0,3.0
3,3,3,True,3,0.6046372530527703,2,0.20728583223865862,6,0.07732450630849844,5,0.04384281224416726,7,0.04257136086178801,1,13.0,2.0
3,3,3,True,3,0.36213768956061954,6,0.24656385627276517,2,0.19776020163862357,13,0.09747710584800905,10,0.07842203855258167,1,6.0,2.0
3,2,3,False,3,0.393846733121787,8,0.20449838023279113,2,0.19044721796879535,6,0.1540371575506173,13,0.05717051112600904,3,6.0,1.0
3,3,3,True,3,0.6180832671201528,6,0.18052959023078144,2,0.1547569976023509,9,0.04429248270905232,10,0.0012708719851576994,1,15.0,4.0
3,2,3,False,3,0.30392232128734514,2,0.29722665112548474,1,0.209274769956025,8,0.08894994521560347,6,0.06774660752855004,2,7.0,4.0
3,2,13,False,13,0.6359595257683494,2,0.24006385118149823,6,0.12397662305015242,1,0.0,3,0.0,2,5.0,2.0
3,3,6,False,6,0.35478614048708756,3,0.3142361382147934,2,0.2073607651120699,11,0.09460647961372032,13,0.023006911509940022,2,6.0,0.0
3,2,2,True,2,0.40810070965438444,3,0.3356345740994917,9,0.1196904141591346,0,0.07278078285663421,1,0.05936494780178313,1,11.0,5.0
3,2,2,True,2,0.3501115453159646,6,0.27298771152857293,3,0.26178353945681926,13,0.11511720369864302,0,0.0,1,6.0,3.0
3,5,3,False,3,0.408366346580666,2,0.2577400702825431,6,0.182276277227029,5,0.12054606351436715,11,0.026828818152970522,4,7.0,0.0
3,2,3,False,3,0.408366346580666,2,0.2577400702825431,6,0.182276277227029,5,0.12054606351436715,11,0.026828818152970522,2,7.0,0.0
3,9,9,True,9,0.44747385620915026,4,0.3983571428571428,2,0.07677584096701745,3,0.041154011154011155,7,0.023072053145582555,1,14.0,5.0
3,3,0,False,0,0.38444481172422335,2,0.35378410968116847,9,0.13408147408147408,1,0.12408666333666331,3,0.0036029411764705883,5,9.0,4.0
3,3,2,False,2,0.4389362923797908,3,0.2024747536605121,1,0.14135561896823495,4,0.14030664141500046,8,0.07692669357646134,2,8.0,1.0
3,3,3,True,3,0.408366346580666,2,0.2577400702825431,6,0.182276277227029,5,0.12054606351436715,11,0.026828818152970522,1,7.0,0.0
3,2,3,False,3,0.3371350915166703,2,0.3111503576402956,1,0.18749327603081462,12,0.15912323559653277,7,0.005098039215686274,2,13.0,1.0
3,3,3,True,3,0.30338261397239863,2,0.2943020182899821,4,0.2079525508761685,5,0.08950190314036216,6,0.08910999797017252,1,8.0,0.0
3,1,2,False,2,0.40805264579761485,0,0.38930018429283125,3,0.14053567360571997,1,0.06211149630383374,4,0.0,4,9.0,3.0
3,3,3,True,3,0.5696666813964076,6,0.1668961624938558,2,0.15921345884771224,11,0.04477867624217198,10,0.03950272113092839,1,15.0,3.0
3,3,3,True,3,0.734739868106421,2,0.15668814103238285,6,0.0775853899704553,7,0.03039836559662326,12,0.000588235294117647,1,14.0,2.0
3,2,3,False,3,0.5468415445437838,6,0.204336284388429,2,0.2023217817247323,10,0.029990790647622678,7,0.016509598695432278,3,15.0,1.0
3,3,2,False,2,0.42945881349211773,3,0.35627967359065904,6,0.0952866217908846,13,0.020161125149541177,8,0.018876623274361418,2,,
3,3,3,True,3,0.734739868106421,2,0.15668814103238285,6,0.0775853899704553,7,0.03039836559662326,12,0.000588235294117647,1,14.0,2.0
3,3,3,True,3,0.36455857650136425,2,0.35122834753673615,10,0.1419371307298314,6,0.1384297913859144,4,0.003076923076923077,1,16.0,1.0
3,3,3,True,3,0.480634048681374,6,0.2555789709082647,2,0.12630039539403617,11,0.04556840552867353,5,0.03231073442072151,1,15.0,0.0
3,2,3,False,3,0.393846733121787,8,0.20449838023279113,2,0.19044721796879535,6,0.1540371575506173,13,0.05717051112600904,3,6.0,1.0
3,2,3,False,3,0.480634048681374,6,0.2555789709082647,2,0.12630039539403617,11,0.04556840552867353,5,0.03231073442072151,3,15.0,0.0
3,2,2,True,2,0.5115784215784215,3,0.2397080142080142,0,0.12688403263403264,7,0.10690096015096012,6,0.0075,1,12.0,6.0
3,2,2,True,2,0.5359433811095268,8,0.20097974328028825,3,0.12735540138534415,6,0.03772719404890748,0,0.03373128026196563,1,6.0,4.0
3,12,2,False,2,0.5471061214770893,11,0.12283724608724605,5,0.11493623043623044,12,0.10738378288378288,7,0.09751667776667773,4,16.0,2.0
3,10,3,False,3,0.4863712215862541,2,0.3799727387529984,5,0.07408653307065949,10,0.057069506590088095,0,0.00125,4,16.0,3.0
3,3,3,True,3,0.36455857650136425,2,0.35122834753673615,10,0.1419371307298314,6,0.1384297913859144,4,0.003076923076923077,1,16.0,1.0
3,2,3,False,3,0.5468415445437838,6,0.204336284388429,2,0.2023217817247323,10,0.029990790647622678,7,0.016509598695432278,3,15.0,1.0
3,11,0,False,0,0.38444481172422335,2,0.35378410968116847,9,0.13408147408147408,1,0.12408666333666331,3,0.0036029411764705883,12,9.0,4.0
3,2,3,False,3,0.7013890185546194,2,0.21021522697961306,6,0.08226101963538024,0,0.002197802197802198,7,0.002197802197802198,2,14.0,4.0
3,2,3,False,3,0.5756460761460761,2,0.2671119158619158,1,0.15724200799200796,0,0.0,4,0.0,2,9.0,1.0
3,2,2,True,2,0.5354105036690175,0,0.21617836820042693,3,0.12412426226164613,6,0.1024973921846987,1,0.02,1,13.0,3.0
3,2,3,False,3,0.5468415445437838,6,0.204336284388429,2,0.2023217817247323,10,0.029990790647622678,7,0.016509598695432278,3,15.0,1.0
3,2,2,True,2,0.5354105036690175,0,0.21617836820042693,3,0.12412426226164613,6,0.1024973921846987,1,0.02,1,13.0,3.0
3,3,3,True,3,0.36455857650136425,2,0.35122834753673615,10,0.1419371307298314,6,0.1384297913859144,4,0.003076923076923077,1,16.0,1.0
3,12,12,True,12,0.2962194756033663,2,0.2884511876825107,3,0.14674135438901892,1,0.13166961814676845,7,0.12857221033218133,1,8.0,5.0
3,2,12,False,12,0.2962194756033663,2,0.2884511876825107,3,0.14674135438901892,1,0.13166961814676845,7,0.12857221033218133,2,8.0,5.0
3,13,2,False,2,0.3501115453159646,6,0.27298771152857293,3,0.26178353945681926,13,0.11511720369864302,0,0.0,4,6.0,3.0
3,2,2,True,2,0.3091902045437649,3,0.29276334042148755,12,0.11765550972212699,9,0.10987770284299088,0,0.05899755219304956,1,9.0,5.0
3,2,2,True,2,0.3091902045437649,3,0.29276334042148755,12,0.11765550972212699,9,0.10987770284299088,0,0.05899755219304956,1,9.0,5.0
3,2,2,True,2,0.6676279868437374,6,0.1470499410719999,0,0.09249618127830196,3,0.0891800574726271,1,0.003333333333333333,1,10.0,1.0
3,3,2,False,2,0.5359433811095268,8,0.20097974328028825,3,0.12735540138534415,6,0.03772719404890748,0,0.03373128026196563,3,6.0,4.0
3,11,6,False,6,0.35478614048708756,3,0.3142361382147934,2,0.2073607651120699,11,0.09460647961372032,13,0.023006911509940022,4,6.0,0.0
3,2,3,False,3,0.4031973679319642,6,0.30798279059262496,2,0.28521984147541074,10,0.002,1,0.0016,3,7.0,3.0
3,2,3,False,3,0.5696666813964076,6,0.1668961624938558,2,0.15921345884771224,11,0.04477867624217198,10,0.03950272113092839,3,15.0,3.0
3,2,3,False,3,0.393846733121787,8,0.20449838023279113,2,0.19044721796879535,6,0.1540371575506173,13,0.05717051112600904,3,6.0,1.0
3,2,2,True,2,0.4543568677878245,3,0.22548199931920096,11,0.14443973013889833,5,0.09026345424032821,1,0.04659815102137176,1,16.0,0.0
3,2,3,False,3,0.393846733121787,8,0.20449838023279113,2,0.19044721796879535,6,0.1540371575506173,13,0.05717051112600904,3,6.0,1.0
3,2,2,True,2,0.5359433811095268,8,0.20097974328028825,3,0.12735540138534415,6,0.03772719404890748,0,0.03373128026196563,1,6.0,4.0
3,2,3,False,3,0.3619267940961091,2,0.26933986554665434,8,0.24925437056913313,6,0.09792533334446916,4,0.021553636443634155,2,7.0,1.0
3,2,3,False,3,0.393846733121787,8,0.20449838023279113,2,0.19044721796879535,6,0.1540371575506173,13,0.05717051112600904,3,6.0,1.0
3,2,2,True,2,0.4389362923797908,3,0.2024747536605121,1,0.14135561896823495,4,0.14030664141500046,8,0.07692669357646134,1,8.0,1.0
3,2,2,True,2,0.40810070965438444,3,0.3356345740994917,9,0.1196904141591346,0,0.07278078285663421,1,0.05936494780178313,1,11.0,5.0
3,2,3,False,3,0.36213768956061954,6,0.24656385627276517,2,0.19776020163862357,13,0.09747710584800905,10,0.07842203855258167,3,6.0,2.0
3,13,2,False,2,0.6329261294261294,13,0.32274175824175816,6,0.01901892551892552,8,0.015313186813186812,11,0.01,2,5.0,0.0
3,13,2,False,2,0.3501115453159646,6,0.27298771152857293,3,0.26178353945681926,13,0.11511720369864302,0,0.0,4,6.0,3.0
3,2,2,True,2,0.2708628781349367,3,0.23787604797163608,1,0.17090414895561948,4,0.09248544755897693,11,0.0738653176888471,1,8.0,4.0
3,13,3,False,3,0.4031973679319642,6,0.30798279059262496,2,0.28521984147541074,10,0.002,1,0.0016,14,7.0,3.0
3,2,3,False,3,0.408366346580666,2,0.2577400702825431,6,0.182276277227029,5,0.12054606351436715,11,0.026828818152970522,2,7.0,0.0
3,2,2,True,2,0.5644557942057942,0,0.18660256410256412,7,0.12784946997446997,3,0.0763219696969697,1,0.018666666666666665,1,18.0,2.0
4,4,2,False,2,0.3671533827156824,3,0.29395963680730797,1,0.1358076754133827,4,0.1315432650368879,8,0.07113604002673861,4,8.0,1.0
4,0,2,False,2,0.6070309070014954,6,0.18303766494942958,3,0.12493595701683936,0,0.08499547103223572,1,0.0,4,11.0,6.0
4,0,3,False,3,0.4562800811365389,2,0.3696407879560052,0,0.16254066936899408,6,0.01,12,0.0015384615384615385,3,9.0,0.0
4,0,2,False,2,0.29281230559272325,3,0.2892634853168706,0,0.20260590161780764,7,0.1092514834501979,9,0.056370653956452826,3,10.0,5.0
4,0,2,False,2,0.3926491198174802,0,0.3707140941373676,1,0.12296504897638966,3,0.11213327553030071,12,0.0015384615384615385,2,9.0,3.0
4,4,3,False,3,0.32934469812113504,2,0.3175080873870321,4,0.2731874047490892,10,0.042934573612766626,1,0.037025236129976775,3,8.0,2.0
4,0,2,False,2,0.45971256967956364,3,0.23340004421999969,9,0.12195773707305538,1,0.06576309460619595,12,0.06309918881938667,7,9.0,5.0
4,2,2,True,2,0.7425032467532465,3,0.24794119769119757,12,0.0074444444444444445,7,0.002111111111111111,0,0.0,1,10.0,4.0
4,2,2,True,2,0.7425032467532465,3,0.24794119769119757,12,0.0074444444444444445,7,0.002111111111111111,0,0.0,1,10.0,4.0
4,2,3,False,3,0.3720941680955917,6,0.2567115308845124,2,0.20363072003325888,13,0.09349108009482361,10,0.0545001700960829,3,6.0,2.0
4,2,2,True,2,0.29281230559272325,3,0.2892634853168706,0,0.20260590161780764,7,0.1092514834501979,9,0.056370653956452826,1,10.0,5.0
4,2,2,True,2,0.36356266235484497,8,0.3185983099288051,13,0.16717160428151132,6,0.1506674234348383,3,0.0,1,5.0,4.0
4,2,3,False,3,0.32934469812113504,2,0.3175080873870321,4,0.2731874047490892,10,0.042934573612766626,1,0.037025236129976775,2,8.0,2.0
4,2,3,False,3,0.5410158796087926,2,0.2521491068831557,10,0.14128441332526667,5,0.06305060018278484,12,0.0025,2,16.0,3.0
4,6,3,False,3,0.49260282151631224,2,0.24588708221563202,6,0.1944336807401067,10,0.04934314671794518,7,0.014161840238575252,3,15.0,1.0
4,6,6,True,6,0.4874285714285713,0,0.3465793650793651,7,0.1559920634920635,2,0.01,3,0.0,1,9.0,6.0
4,2,2,True,2,0.7906792264752791,12,0.11217261758709124,6,0.09714815593762957,1,0.0,3,0.0,1,11.0,3.0
4,7,3,False,3,0.4914745786320724,6,0.2434875054605619,2,0.16505488112955058,11,0.04415701259830437,5,0.02719970887959374,7,15.0,0.0
4,6,2,False,2,0.7309455266955266,6,0.2660544733044732,0,0.003,1,0.0,3,0.0,2,10.0,0.0
4,6,6,True,6,0.5116704088824832,2,0.20857937826707168,0,0.17841968523392665,7,0.10133052761651833,3,0.0,1,10.0,6.0
4,6,2,False,2,0.600766858141858,0,0.38923314185814184,3,0.01,1,0.0,4,0.0,7,10.0,2.0
4,6,3,False,3,0.43556561873613375,2,0.24845182719319261,6,0.16811081329033467,5,0.12582173067642063,11,0.02005001010391814,3,7.0,0.0
4,6,6,True,6,0.5430404878059678,7,0.28576247926480114,4,0.16119703292923104,2,0.01,3,0.0,1,8.0,6.0
4,6,13,False,13,0.5324633035093563,2,0.4675366964906438,1,0.0,0,0.0,4,0.0,7,5.0,2.0
4,8,3,False,3,0.33963410482197637,2,0.24612277323072104,8,0.22025875131648232,6,0.15510439079333685,13,0.037970888928392135,3,6.0,1.0
4,7,3,False,3,0.32934469812113504,2,0.3175080873870321,4,0.2731874047490892,10,0.042934573612766626,1,0.037025236129976775,9,8.0,2.0
4,6,8,False,8,0.2959324865338964,2,0.2822995283234883,6,0.22051818708579377,13,0.20124979805682108,3,0.0,3,5.0,1.0
4,2,2,True,2,0.9556944444444444,5,0.01,6,0.01,9,0.01,3,0.005416666666666666,1,18.0,5.0
4,2,2,True,2,0.547874308892077,12,0.27018071218315187,0,0.09197584079371668,7,0.0899691381310543,3,0.0,1,10.0,3.0
4,2,2,True,2,0.99,3,0.01,1,0.0,0,0.0,4,0.0,1,16.0,6.0
4,6,3,False,3,0.6570247616400845,6,0.1572359029060652,2,0.07829127231315365,9,0.053003096854016093,7,0.042737649213509615,2,15.0,4.0
4,6,3,False,3,0.4509528695527334,2,0.289701861717603,10,0.13983731921578346,6,0.10450794951388015,0,0.01,4,16.0,1.0
4,6,3,False,3,0.49260282151631224,2,0.24588708221563202,6,0.1944336807401067,10,0.04934314671794518,7,0.014161840238575252,3,15.0,1.0
4,6,3,False,3,0.4914745786320724,6,0.2434875054605619,2,0.16505488112955058,11,0.04415701259830437,5,0.02719970887959374,2,15.0,0.0
4,3,3,True,3,0.6570247616400845,6,0.1572359029060652,2,0.07829127231315365,9,0.053003096854016093,7,0.042737649213509615,1,15.0,4.0
4,2,2,True,2,0.5929472545428427,0,0.19598688076629248,3,0.11788983238983235,6,0.09317603230103229,1,0.0,1,13.0,3.0
4,3,2,False,2,0.6473487068487068,9,0.2349749417249417,3,0.11767635142635141,1,0.0,4,0.0,3,13.0,4.0
4,2,2,True,2,0.47389001276501275,12,0.20557818570318573,5,0.12497372072372069,11,0.10064907314907312,7,0.08490900765900765,1,16.0,2.0
4,3,3,True,3,0.6570247616400845,6,0.1572359029060652,2,0.07829127231315365,9,0.053003096854016093,7,0.042737649213509615,1,15.0,4.0
4,2,3,False,3,0.5395760642827464,2,0.2649497322570482,6,0.06191530293065961,1,0.045455464534434,12,0.03968500048560027,2,14.0,1.0
4,3,3,True,3,0.4509528695527334,2,0.289701861717603,10,0.13983731921578346,6,0.10450794951388015,0,0.01,1,16.0,1.0
4,2,2,True,2,0.6319810728487198,6,0.19257819794584496,7,0.17544072920543502,0,0.0,3,0.0,1,7.0,6.0
4,6,3,False,3,0.6570247616400845,6,0.1572359029060652,2,0.07829127231315365,9,0.053003096854016093,7,0.042737649213509615,2,15.0,4.0
4,6,3,False,3,0.5045789144381759,2,0.21207025518695768,6,0.1801580251613232,10,0.041421346454447484,11,0.04126000570845349,3,15.0,3.0
4,7,2,False,2,0.3048168409248129,0,0.2999970511514627,12,0.2337023383393352,7,0.08586412598409499,3,0.07561964360029375,4,9.0,2.0
4,6,2,False,2,0.37258722731516847,3,0.26677864782276545,11,0.0946979417641182,1,0.09457622442916558,4,0.08982139347580519,10,8.0,4.0
4,7,3,False,3,0.7302695208688514,2,0.1838932056760399,6,0.06583727345510816,7,0.01,10,0.01,4,14.0,2.0
4,6,6,True,6,0.389622752379299,3,0.29762903873636515,2,0.19287612480586905,11,0.10016785415168984,13,0.018795139017686015,1,6.0,0.0
4,8,3,False,3,0.3717717538219596,2,0.31039565062445623,8,0.22199417530481416,6,0.07167752766779203,4,0.022160892580977757,3,7.0,1.0
4,8,8,True,8,0.2959324865338964,2,0.2822995283234883,6,0.22051818708579377,13,0.20124979805682108,3,0.0,1,5.0,1.0
4,8,2,False,2,0.5521609149930019,3,0.15132393994274793,8,0.14873753572342915,6,0.06437875718146038,13,0.029251172389142436,3,6.0,4.0
4,6,3,False,3,0.3717717538219596,2,0.31039565062445623,8,0.22199417530481416,6,0.07167752766779203,4,0.022160892580977757,4,7.0,1.0
4,6,3,False,3,0.4791201121928878,2,0.3164640368997448,6,0.19441585090736718,5,0.01,0,0.0,3,16.0,4.0
4,6,3,False,3,0.3731958041898207,6,0.30434570364641733,2,0.27826989088376985,13,0.042188601279992105,10,0.0015555555555555557,2,7.0,3.0
4,6,3,False,3,0.3731958041898207,6,0.30434570364641733,2,0.27826989088376985,13,0.042188601279992105,10,0.0015555555555555557,2,7.0,3.0
4,7,6,False,6,0.4874285714285713,0,0.3465793650793651,7,0.1559920634920635,2,0.01,3,0.0,3,9.0,6.0
4,2,3,False,3,0.4809735542235542,1,0.2571540959040957,2,0.2498210678210678,0,0.007735042735042735,12,0.0037606837606837607,3,9.0,1.0
4,2,0,False,0,0.3095383962442786,9,0.22287857648887055,2,0.1835645131012778,11,0.09594774669774667,1,0.09578675736028679,3,9.0,4.0
4,2,3,False,3,0.43556561873613375,2,0.24845182719319261,6,0.16811081329033467,5,0.12582173067642063,11,0.02005001010391814,2,7.0,0.0
4,2,2,True,2,0.693438351851954,3,0.18842778568766247,0,0.11493386246038348,4,0.002,1,0.0008,1,8.0,3.0
4,5,3,False,3,0.6712056119666364,2,0.19098631093522797,6,0.09146503829031284,7,0.046343038807822624,0,0.0,7,13.0,2.0
4,2,2,True,2,0.8635935273876447,9,0.1164064726123549,6,0.01,3,0.01,0,0.0,1,17.0,0.0
4,9,3,False,3,0.4791201121928878,2,0.3164640368997448,6,0.19441585090736718,5,0.01,0,0.0,10,16.0,4.0
4,2,3,False,3,0.5045789144381759,2,0.21207025518695768,6,0.1801580251613232,10,0.041421346454447484,11,0.04126000570845349,2,15.0,3.0
4,3,3,True,3,0.5045789144381759,2,0.21207025518695768,6,0.1801580251613232,10,0.041421346454447484,11,0.04126000570845349,1,15.0,3.0
4,3,3,True,3,0.5468045826722298,2,0.22186891621450436,4,0.07917698641228053,7,0.07806163199545552,0,0.07408788270552974,1,14.0,3.0
4,2,3,False,3,0.5410158796087926,2,0.2521491068831557,10,0.14128441332526667,5,0.06305060018278484,12,0.0025,2,16.0,3.0
4,3,3,True,3,0.49260282151631224,2,0.24588708221563202,6,0.1944336807401067,10,0.04934314671794518,7,0.014161840238575252,1,15.0,1.0
4,3,3,True,3,0.4914745786320724,6,0.2434875054605619,2,0.16505488112955058,11,0.04415701259830437,5,0.02719970887959374,1,15.0,0.0
4,2,2,True,2,0.9606825396825397,7,0.012873015873015875,6,0.01,9,0.01,0,0.006444444444444444,1,17.0,5.0
4,2,2,True,2,0.638351370851371,0,0.19992063492063483,7,0.1517279942279942,9,0.01,3,0.0,1,16.0,5.0
4,2,3,False,3,0.43556561873613375,2,0.24845182719319261,6,0.16811081329033467,5,0.12582173067642063,11,0.02005001010391814,2,7.0,0.0
4,1,12,False,12,0.36609030926933395,2,0.20535618196732744,7,0.14464327823878897,1,0.14270714771124982,3,0.13120308281329948,4,8.0,5.0
4,2,2,True,2,0.99,3,0.01,1,0.0,0,0.0,4,0.0,1,16.0,6.0
4,2,3,False,3,0.6570247616400845,6,0.1572359029060652,2,0.07829127231315365,9,0.053003096854016093,7,0.042737649213509615,3,15.0,4.0
4,3,6,False,6,0.3097827245409544,2,0.30895439004007447,3,0.22210599729624236,13,0.1365094770146394,7,0.02204135050202877,3,6.0,3.0
4,2,3,False,3,0.4509528695527334,2,0.289701861717603,10,0.13983731921578346,6,0.10450794951388015,0,0.01,2,16.0,1.0
4,3,3,True,3,0.6712056119666364,2,0.19098631093522797,6,0.09146503829031284,7,0.046343038807822624,0,0.0,1,13.0,2.0
4,2,2,True,2,0.5793009719039133,1,0.27094586622527794,3,0.14975316187080887,0,0.0,4,0.0,1,11.0,4.0
4,2,2,True,2,0.8772151737151733,0,0.11278482628482626,6,0.01,1,0.0,3,0.0,1,17.0,3.0
4,2,6,False,6,0.3097827245409544,2,0.30895439004007447,3,0.22210599729624236,13,0.1365094770146394,7,0.02204135050202877,2,6.0,3.0
4,3,2,False,2,0.37908080808080813,6,0.3123243145743146,3,0.3085948773448773,1,0.0,0,0.0,3,13.0,0.0
4,3,3,True,3,0.49260282151631224,2,0.24588708221563202,6,0.1944336807401067,10,0.04934314671794518,7,0.014161840238575252,1,15.0,1.0
4,1,2,False,2,0.46373461570249475,1,0.19769946530937235,3,0.19585050170847385,5,0.12938208394632536,9,0.01,2,7.0,5.0
4,3,3,True,3,0.5045789144381759,2,0.21207025518695768,6,0.1801580251613232,10,0.041421346454447484,11,0.04126000570845349,1,15.0,3.0
4,3,6,False,6,0.3097827245409544,2,0.30895439004007447,3,0.22210599729624236,13,0.1365094770146394,7,0.02204135050202877,3,6.0,3.0
4,3,3,True,3,0.3731958041898207,6,0.30434570364641733,2,0.27826989088376985,13,0.042188601279992105,10,0.0015555555555555557,1,7.0,3.0
4,3,3,True,3,0.43556561873613375,2,0.24845182719319261,6,0.16811081329033467,5,0.12582173067642063,11,0.02005001010391814,1,7.0,0.0
4,3,3,True,3,0.5045789144381759,2,0.21207025518695768,6,0.1801580251613232,10,0.041421346454447484,11,0.04126000570845349,1,15.0,3.0
4,3,3,True,3,0.3717717538219596,2,0.31039565062445623,8,0.22199417530481416,6,0.07167752766779203,4,0.022160892580977757,1,7.0,1.0
4,3,3,True,3,0.33963410482197637,2,0.24612277323072104,8,0.22025875131648232,6,0.15510439079333685,13,0.037970888928392135,1,6.0,1.0
4,3,3,True,3,0.4914745786320724,6,0.2434875054605619,2,0.16505488112955058,11,0.04415701259830437,5,0.02719970887959374,1,15.0,0.0
4,3,3,True,3,0.3731958041898207,6,0.30434570364641733,2,0.27826989088376985,13,0.042188601279992105,10,0.0015555555555555557,1,7.0,3.0
4,3,3,True,3,0.3720941680955917,6,0.2567115308845124,2,0.20363072003325888,13,0.09349108009482361,10,0.0545001700960829,1,6.0,2.0
4,3,3,True,3,0.43556561873613375,2,0.24845182719319261,6,0.16811081329033467,5,0.12582173067642063,11,0.02005001010391814,1,7.0,0.0
4,5,2,False,2,0.46373461570249475,1,0.19769946530937235,3,0.19585050170847385,5,0.12938208394632536,9,0.01,4,7.0,5.0
4,3,3,True,3,0.5045789144381759,2,0.21207025518695768,6,0.1801580251613232,10,0.041421346454447484,11,0.04126000570845349,1,15.0,3.0
4,3,3,True,3,0.3731958041898207,6,0.30434570364641733,2,0.27826989088376985,13,0.042188601279992105,10,0.0015555555555555557,1,7.0,3.0
4,3,6,False,6,0.3097827245409544,2,0.30895439004007447,3,0.22210599729624236,13,0.1365094770146394,7,0.02204135050202877,3,6.0,3.0
4,3,3,True,3,0.3717717538219596,2,0.31039565062445623,8,0.22199417530481416,6,0.07167752766779203,4,0.022160892580977757,1,7.0,1.0
4,3,3,True,3,0.4914745786320724,6,0.2434875054605619,2,0.16505488112955058,11,0.04415701259830437,5,0.02719970887959374,1,15.0,0.0
4,3,2,False,2,0.37908080808080813,6,0.3123243145743146,3,0.3085948773448773,1,0.0,0,0.0,3,13.0,0.0
4,3,6,False,6,0.389622752379299,3,0.29762903873636515,2,0.19287612480586905,11,0.10016785415168984,13,0.018795139017686015,2,6.0,0.0
4,1,2,False,2,0.37258722731516847,3,0.26677864782276545,11,0.0946979417641182,1,0.09457622442916558,4,0.08982139347580519,4,8.0,4.0
4,5,3,False,3,0.43556561873613375,2,0.24845182719319261,6,0.16811081329033467,5,0.12582173067642063,11,0.02005001010391814,4,7.0,0.0
4,10,3,False,3,0.32934469812113504,2,0.3175080873870321,4,0.2731874047490892,10,0.042934573612766626,1,0.037025236129976775,4,8.0,2.0
4,2,2,True,2,0.46560047790496817,3,0.23492686267696353,5,0.1082728527592017,11,0.09283398036065517,6,0.049361506812869306,1,16.0,0.0
4,2,2,True,2,0.29281230559272325,3,0.2892634853168706,0,0.20260590161780764,7,0.1092514834501979,9,0.056370653956452826,1,10.0,5.0
4,2,3,False,3,0.29208142365582956,2,0.2771696483593942,4,0.22742026317237585,6,0.09448332672884692,5,0.08465617888845728,2,8.0,0.0
4,3,2,False,2,0.6793135362229787,3,0.32068646377702104,1,0.0,0,0.0,4,0.0,2,12.0,2.0
4,3,3,True,3,0.4914745786320724,6,0.2434875054605619,2,0.16505488112955058,11,0.04415701259830437,5,0.02719970887959374,1,15.0,0.0
4,2,2,True,2,0.99,6,0.01,1,0.0,0,0.0,3,0.0,1,18.0,6.0
4,3,3,True,3,0.5468045826722298,2,0.22186891621450436,4,0.07917698641228053,7,0.07806163199545552,0,0.07408788270552974,1,14.0,3.0
4,3,3,True,3,0.5395760642827464,2,0.2649497322570482,6,0.06191530293065961,1,0.045455464534434,12,0.03968500048560027,1,14.0,1.0
4,3,2,False,2,0.6793135362229787,3,0.32068646377702104,1,0.0,0,0.0,4,0.0,2,12.0,2.0
4,3,2,False,2,0.5648118395248729,3,0.4351881604751271,1,0.0,0,0.0,4,0.0,2,14.0,0.0
4,3,3,True,3,0.29208142365582956,2,0.2771696483593942,4,0.22742026317237585,6,0.09448332672884692,5,0.08465617888845728,1,8.0,0.0
4,2,2,True,2,0.4647073943801969,3,0.2872016351108993,9,0.12206639062280794,0,0.06672937123300564,1,0.059295208653089945,1,11.0,5.0
4,2,7,False,7,0.31593043884220345,2,0.24771381886087748,1,0.23061904761904756,6,0.2016190476190476,3,0.0035294117647058825,2,12.0,4.0
4,2,3,False,3,0.33963410482197637,2,0.24612277323072104,8,0.22025875131648232,6,0.15510439079333685,13,0.037970888928392135,2,6.0,1.0
4,3,3,True,3,0.5045789144381759,2,0.21207025518695768,6,0.1801580251613232,10,0.041421346454447484,11,0.04126000570845349,1,15.0,3.0
4,3,6,False,6,0.389622752379299,3,0.29762903873636515,2,0.19287612480586905,11,0.10016785415168984,13,0.018795139017686015,2,6.0,0.0
4,3,3,True,3,0.49260282151631224,2,0.24588708221563202,6,0.1944336807401067,10,0.04934314671794518,7,0.014161840238575252,1,15.0,1.0
4,2,2,True,2,0.5521609149930019,3,0.15132393994274793,8,0.14873753572342915,6,0.06437875718146038,13,0.029251172389142436,1,6.0,4.0
4,3,3,True,3,0.5045789144381759,2,0.21207025518695768,6,0.1801580251613232,10,0.041421346454447484,11,0.04126000570845349,1,15.0,3.0
4,1,3,False,3,0.3588646941313792,2,0.32016482726013945,10,0.12252712593473067,6,0.11545827267875258,1,0.08298507999499766,5,7.0,2.0
4,9,2,False,2,0.638351370851371,0,0.19992063492063483,7,0.1517279942279942,9,0.01,3,0.0,4,16.0,5.0
4,3,2,False,2,0.3048168409248129,0,0.2999970511514627,12,0.2337023383393352,7,0.08586412598409499,3,0.07561964360029375,5,9.0,2.0
4,2,2,True,2,0.5521609149930019,3,0.15132393994274793,8,0.14873753572342915,6,0.06437875718146038,13,0.029251172389142436,1,6.0,4.0
4,3,3,True,3,0.7302695208688514,2,0.1838932056760399,6,0.06583727345510816,7,0.01,10,0.01,1,14.0,2.0
4,3,3,True,3,0.7302695208688514,2,0.1838932056760399,6,0.06583727345510816,7,0.01,10,0.01,1,14.0,2.0
4,3,3,True,3,0.29208142365582956,2,0.2771696483593942,4,0.22742026317237585,6,0.09448332672884692,5,0.08465617888845728,1,8.0,0.0
4,3,2,False,2,0.5648118395248729,3,0.4351881604751271,1,0.0,0,0.0,4,0.0,2,14.0,0.0
4,3,2,False,2,0.46723809523809534,3,0.36481349206349206,7,0.16794841269841265,1,0.0,0,0.0,2,12.0,5.0
4,3,2,False,2,0.20191213400194136,3,0.16855832733631082,7,0.16654195094445812,6,0.16653582525066463,11,0.13153991339609225,2,15.0,2.0
4,2,3,False,3,0.5684862914862913,2,0.21823845598845593,6,0.19977525252525244,5,0.01,0,0.0034999999999999996,2,17.0,4.0
4,3,2,False,2,0.5648118395248729,3,0.4351881604751271,1,0.0,0,0.0,4,0.0,2,14.0,0.0
4,2,2,True,2,0.9323333333333333,3,0.031,1,0.010214285714285714,6,0.01,5,0.006523809523809524,1,19.0,0.0
4,12,2,False,2,0.600766858141858,0,0.38923314185814184,3,0.01,1,0.0,4,0.0,13,10.0,2.0
4,1,3,False,3,0.4914745786320724,6,0.2434875054605619,2,0.16505488112955058,11,0.04415701259830437,5,0.02719970887959374,8,15.0,0.0
4,3,3,True,3,0.49260282151631224,2,0.24588708221563202,6,0.1944336807401067,10,0.04934314671794518,7,0.014161840238575252,1,15.0,1.0
4,11,2,False,2,0.46560047790496817,3,0.23492686267696353,5,0.1082728527592017,11,0.09283398036065517,6,0.049361506812869306,4,16.0,0.0
4,2,2,True,2,1.0,0,0.0,1,0.0,3,0.0,4,0.0,1,15.0,6.0
4,2,12,False,12,0.36609030926933395,2,0.20535618196732744,7,0.14464327823878897,1,0.14270714771124982,3,0.13120308281329948,2,8.0,5.0
4,2,3,False,3,0.4562800811365389,2,0.3696407879560052,0,0.16254066936899408,6,0.01,12,0.0015384615384615385,2,9.0,0.0
4,2,2,True,2,0.3926491198174802,0,0.3707140941373676,1,0.12296504897638966,3,0.11213327553030071,12,0.0015384615384615385,1,9.0,3.0
4,2,6,False,6,0.389622752379299,3,0.29762903873636515,2,0.19287612480586905,11,0.10016785415168984,13,0.018795139017686015,3,6.0,0.0
4,12,2,False,2,0.45971256967956364,3,0.23340004421999969,9,0.12195773707305538,1,0.06576309460619595,12,0.06309918881938667,5,9.0,5.0
4,2,3,False,3,0.49260282151631224,2,0.24588708221563202,6,0.1944336807401067,10,0.04934314671794518,7,0.014161840238575252,2,15.0,1.0
4,2,12,False,12,0.36609030926933395,2,0.20535618196732744,7,0.14464327823878897,1,0.14270714771124982,3,0.13120308281329948,2,8.0,5.0
4,10,3,False,3,0.3720941680955917,6,0.2567115308845124,2,0.20363072003325888,13,0.09349108009482361,10,0.0545001700960829,5,6.0,2.0
4,3,3,True,3,0.6570247616400845,6,0.1572359029060652,2,0.07829127231315365,9,0.053003096854016093,7,0.042737649213509615,1,15.0,4.0
4,11,2,False,2,0.20191213400194136,3,0.16855832733631082,7,0.16654195094445812,6,0.16653582525066463,11,0.13153991339609225,5,15.0,2.0
4,2,6,False,6,0.3097827245409544,2,0.30895439004007447,3,0.22210599729624236,13,0.1365094770146394,7,0.02204135050202877,2,6.0,3.0
4,13,13,True,13,0.5324633035093563,2,0.4675366964906438,1,0.0,0,0.0,4,0.0,1,5.0,2.0
4,13,3,False,3,0.33963410482197637,2,0.24612277323072104,8,0.22025875131648232,6,0.15510439079333685,13,0.037970888928392135,5,6.0,1.0
4,2,6,False,6,0.3097827245409544,2,0.30895439004007447,3,0.22210599729624236,13,0.1365094770146394,7,0.02204135050202877,2,6.0,3.0
4,2,3,False,3,0.33963410482197637,2,0.24612277323072104,8,0.22025875131648232,6,0.15510439079333685,13,0.037970888928392135,2,6.0,1.0
4,2,2,True,2,0.46373461570249475,1,0.19769946530937235,3,0.19585050170847385,5,0.12938208394632536,9,0.01,1,7.0,5.0
4,2,6,False,6,0.3097827245409544,2,0.30895439004007447,3,0.22210599729624236,13,0.1365094770146394,7,0.02204135050202877,2,6.0,3.0
4,2,2,True,2,0.3671533827156824,3,0.29395963680730797,1,0.1358076754133827,4,0.1315432650368879,8,0.07113604002673861,1,8.0,1.0
4,11,2,False,2,0.3002574482658977,3,0.2873551145516515,1,0.21934025885791197,6,0.08557704146580508,8,0.08067783776050184,12,7.0,4.0
4,2,3,False,3,0.3731958041898207,6,0.30434570364641733,2,0.27826989088376985,13,0.042188601279992105,10,0.0015555555555555557,3,7.0,3.0
4,2,2,True,2,0.3671533827156824,3,0.29395963680730797,1,0.1358076754133827,4,0.1315432650368879,8,0.07113604002673861,1,8.0,1.0
4,2,2,True,2,0.5648118395248729,3,0.4351881604751271,1,0.0,0,0.0,4,0.0,1,14.0,0.0
4,2,3,False,3,0.6570247616400845,6,0.1572359029060652,2,0.07829127231315365,9,0.053003096854016093,7,0.042737649213509615,3,15.0,4.0
4,2,2,True,2,0.693438351851954,3,0.18842778568766247,0,0.11493386246038348,4,0.002,1,0.0008,1,8.0,3.0
4,2,3,False,3,0.3717717538219596,2,0.31039565062445623,8,0.22199417530481416,6,0.07167752766779203,4,0.022160892580977757,2,7.0,1.0
4,13,13,True,13,0.7954771631876892,2,0.20452283681231045,1,0.0,0,0.0,4,0.0,1,5.0,3.0
4,2,6,False,6,0.389622752379299,3,0.29762903873636515,2,0.19287612480586905,11,0.10016785415168984,13,0.018795139017686015,3,6.0,0.0
4,13,6,False,6,0.3097827245409544,2,0.30895439004007447,3,0.22210599729624236,13,0.1365094770146394,7,0.02204135050202877,4,6.0,3.0
4,2,3,False,3,0.3588646941313792,2,0.32016482726013945,10,0.12252712593473067,6,0.11545827267875258,1,0.08298507999499766,2,7.0,2.0
4,3,2,False,2,0.45971256967956364,3,0.23340004421999969,9,0.12195773707305538,1,0.06576309460619595,12,0.06309918881938667,2,9.0,5.0
5,3,2,False,2,0.7562738095238095,3,0.2337261904761904,6,0.01,1,0.0,0,0.0,2,17.0,1.0
5,2,3,False,3,0.6206085858585859,2,0.2480003607503607,6,0.13014105339105336,0,0.00125,1,0.0,2,13.0,0.0
5,4,3,False,3,0.3394913816806118,2,0.31155769020748,4,0.24867531124992456,10,0.036313497565394565,7,0.0345053261449199,3,8.0,2.0
5,1,5,False,5,0.2722738095238095,3,0.2616071428571428,2,0.24720238095238092,7,0.21341666666666664,0,0.0055000000000000005,6,12.0,0.0
5,0,2,False,2,0.49584153806290027,0,0.24238940978182466,12,0.13827836559725099,6,0.11349068655802398,3,0.01,2,10.0,2.0
5,4,2,False,2,0.5011350393242807,3,0.27976628239321727,4,0.13395814303515535,8,0.07514053524734635,6,0.01,3,8.0,1.0
5,0,2,False,2,0.38073352031562757,0,0.34923220037055996,3,0.14072278935412263,1,0.12179012243832203,12,0.00641025641025641,2,9.0,3.0
5,0,2,False,2,0.38073352031562757,0,0.34923220037055996,3,0.14072278935412263,1,0.12179012243832203,12,0.00641025641025641,2,9.0,3.0
5,0,2,False,2,0.3765574857797578,3,0.2348004582725137,0,0.19552263317464075,7,0.09881443711933258,9,0.05063908466433397,3,10.0,5.0
5,0,2,False,2,0.6618654237918943,6,0.11006413031413027,3,0.10906909593674292,0,0.10844579440167673,1,0.01,4,13.0,3.0
5,1,3,False,3,0.47176222633575576,2,0.3891355996944232,1,0.12910217396982102,6,0.01,0,0.0,3,9.0,1.0
5,2,2,True,2,0.8338683261183261,9,0.1468459595959596,1,0.01,3,0.005892857142857143,6,0.0019642857142857144,1,17.0,0.0
5,2,6,False,6,0.3937066121376898,3,0.2774925073127191,2,0.2180504209224597,11,0.08869988077131973,13,0.020145816951049375,3,6.0,0.0
5,2,2,True,2,0.9759107142857144,3,0.010375,6,0.010214285714285714,0,0.0025,12,0.001,1,11.0,0.0
5,6,6,True,6,0.36253096903096904,0,0.32300491175491175,7,0.314464119214119,1,0.0,3,0.0,1,9.0,6.0
5,6,6,True,6,0.36253096903096904,0,0.32300491175491175,7,0.314464119214119,1,0.0,3,0.0,1,9.0,6.0
5,6,3,False,3,0.5256736508356462,2,0.19414596021870797,6,0.17530374257309725,11,0.04480193931995562,10,0.04067922173992732,3,15.0,3.0
5,6,6,True,6,0.5449857030224677,2,0.18260594797359495,0,0.1729380725483666,7,0.09947027645557052,3,0.0,1,10.0,6.0
5,2,3,False,3,0.23053953956938644,6,0.2115933618337934,2,0.17640055247731415,11,0.13736949340476162,5,0.0818981421837683,3,15.0,2.0
5,6,2,False,2,0.7904719691157467,3,0.0792474768011785,6,0.06860749711058298,1,0.06167305697249158,0,0.0,3,11.0,1.0
5,7,6,False,6,0.6189744732597235,7,0.2319021337242497,4,0.14912339301602656,0,0.0,3,0.0,2,8.0,6.0
5,6,3,False,3,0.3804969014574639,6,0.23620869156045793,2,0.22712837697877053,13,0.08190656960983705,10,0.07425946039347055,2,6.0,2.0
5,6,3,False,3,0.3804969014574639,6,0.23620869156045793,2,0.22712837697877053,13,0.08190656960983705,10,0.07425946039347055,2,6.0,2.0
5,6,3,False,3,0.3830094427743182,2,0.3022219820457138,6,0.2829801169976652,13,0.030768050019037138,10,0.0010204081632653062,3,7.0,3.0
5,6,6,True,6,0.3937066121376898,3,0.2774925073127191,2,0.2180504209224597,11,0.08869988077131973,13,0.020145816951049375,1,6.0,0.0
5,1,2,False,2,0.5011350393242807,3,0.27976628239321727,4,0.13395814303515535,8,0.07514053524734635,6,0.01,8,8.0,1.0
5,6,3,False,3,0.538153491886491,6,0.2177024205051165,2,0.17867826733082842,10,0.053118257964609714,7,0.012347562312954377,2,15.0,1.0
5,7,3,False,3,0.23053953956938644,6,0.2115933618337934,2,0.17640055247731415,11,0.13736949340476162,5,0.0818981421837683,6,15.0,2.0
5,6,2,False,2,0.5859479433964728,0,0.18816090527119925,6,0.10854624378889084,3,0.10734490754343697,7,0.01,3,11.0,6.0
5,6,3,False,3,0.6206085858585859,2,0.2480003607503607,6,0.13014105339105336,0,0.00125,1,0.0,3,13.0,0.0
5,6,2,False,2,0.5763932327039406,6,0.21711906146231072,0,0.1297284327150392,3,0.0767592731187091,1,0.0,2,10.0,1.0
5,6,2,False,2,0.9759107142857144,3,0.010375,6,0.010214285714285714,0,0.0025,12,0.001,3,11.0,0.0
5,2,3,False,3,0.3394913816806118,2,0.31155769020748,4,0.24867531124992456,10,0.036313497565394565,7,0.0345053261449199,2,8.0,2.0
5,2,2,True,2,0.98,3,0.01,9,0.006,4,0.004,0,0.0,1,14.0,6.0
5,2,3,False,3,0.4743547450464943,6,0.26518361781570415,2,0.1140981020610976,11,0.04622339215807908,5,0.031375111661598294,3,15.0,0.0
5,2,7,False,7,0.4479439735891348,9,0.2659867077367077,2,0.15444358508874637,0,0.12291605616605614,3,0.008064516129032258,3,15.0,5.0
5,2,3,False,3,0.45155336832929693,2,0.30004837422639263,10,0.1692108321674885,5,0.07668742527682153,12,0.0016666666666666666,2,16.0,3.0
5,2,2,True,2,0.9759107142857144,3,0.010375,6,0.010214285714285714,0,0.0025,12,0.001,1,11.0,0.0
5,7,2,False,2,0.551066378066378,1,0.23720238095238094,6,0.1919206349206349,3,0.013472222222222224,7,0.006338383838383838,5,12.0,4.0
5,7,3,False,3,0.23053953956938644,6,0.2115933618337934,2,0.17640055247731415,11,0.13736949340476162,5,0.0818981421837683,6,15.0,2.0
5,8,3,False,3,0.36022839645761473,2,0.29461779381615916,8,0.2215952972810005,6,0.1033077073433806,4,0.020250805101844654,3,7.0,1.0
5,7,3,False,3,0.3804969014574639,6,0.23620869156045793,2,0.22712837697877053,13,0.08190656960983705,10,0.07425946039347055,9,6.0,2.0
5,6,2,False,2,0.3333054733752278,6,0.2749029937438564,3,0.23857345078978642,13,0.13019897047753382,7,0.02199870345033012,2,6.0,3.0
5,6,2,False,2,0.7137102129896249,7,0.17033816673522556,6,0.11595162027514962,0,0.0,3,0.0,3,7.0,6.0
5,8,2,False,2,0.5254263360086834,8,0.1623584324828505,3,0.15159480546166956,6,0.06894946911755324,13,0.03265036620602875,2,6.0,4.0
5,6,2,False,2,0.32952501778320886,3,0.31706306052542044,4,0.23852982555821292,5,0.06305490675114084,11,0.026442093348788408,6,8.0,0.0
5,6,2,False,2,0.3333054733752278,6,0.2749029937438564,3,0.23857345078978642,13,0.13019897047753382,7,0.02199870345033012,2,6.0,3.0
5,6,3,False,3,0.3225786066057628,2,0.27135804359614357,8,0.21123849982506818,6,0.1402630478936312,13,0.054561802079393894,4,6.0,1.0
5,8,3,False,3,0.36022839645761473,2,0.29461779381615916,8,0.2215952972810005,6,0.1033077073433806,4,0.020250805101844654,3,7.0,1.0
5,8,3,False,3,0.3225786066057628,2,0.27135804359614357,8,0.21123849982506818,6,0.1402630478936312,13,0.054561802079393894,3,6.0,1.0
5,6,2,False,2,0.32952501778320886,3,0.31706306052542044,4,0.23852982555821292,5,0.06305490675114084,11,0.026442093348788408,6,8.0,0.0
5,6,2,False,2,0.32952501778320886,3,0.31706306052542044,4,0.23852982555821292,5,0.06305490675114084,11,0.026442093348788408,6,8.0,0.0
5,1,2,False,2,0.5011350393242807,3,0.27976628239321727,4,0.13395814303515535,8,0.07514053524734635,6,0.01,8,8.0,1.0
5,2,3,False,3,0.42487236161231445,2,0.24074361296534405,6,0.19246988074510288,5,0.1172024148687653,11,0.02251660785725347,2,7.0,0.0
5,2,2,True,2,0.8729320263070263,7,0.12706797369297368,1,0.0,0,0.0,3,0.0,1,6.0,6.0
5,2,2,True,2,0.3333054733752278,6,0.2749029937438564,3,0.23857345078978642,13,0.13019897047753382,7,0.02199870345033012,1,6.0,3.0
5,2,2,True,2,0.5254263360086834,8,0.1623584324828505,3,0.15159480546166956,6,0.06894946911755324,13,0.03265036620602875,1,6.0,4.0
5,5,2,False,2,0.42880175380175395,3,0.3701652630994736,6,0.10838254143517306,1,0.0451961926961927,5,0.025236985236985237,5,18.0,4.0
5,2,2,True,2,0.8338683261183261,9,0.1468459595959596,1,0.01,3,0.005892857142857143,6,0.0019642857142857144,1,17.0,0.0
5,9,2,False,2,0.49917918605937517,3,0.3026857849229633,0,0.0693549568123804,1,0.06575146055840629,9,0.06302861164687455,5,11.0,5.0
5,2,2,True,2,0.8634266844266844,0,0.1365733155733156,1,0.0,3,0.0,4,0.0,1,17.0,3.0
5,3,2,False,2,0.42840348856281424,3,0.20857781443645393,11,0.1495644969833403,5,0.1038796891056593,6,0.053082538500189264,2,16.0,0.0
5,3,2,False,2,0.32952501778320886,3,0.31706306052542044,4,0.23852982555821292,5,0.06305490675114084,11,0.026442093348788408,2,8.0,0.0
5,3,3,True,3,0.5256736508356462,2,0.19414596021870797,6,0.17530374257309725,11,0.04480193931995562,10,0.04067922173992732,1,15.0,3.0
5,2,2,True,2,0.8338683261183261,9,0.1468459595959596,1,0.01,3,0.005892857142857143,6,0.0019642857142857144,1,17.0,0.0
5,2,3,False,3,0.4802542809776273,2,0.23865166038244076,6,0.14894339269729784,10,0.1321506659426339,0,0.0,2,16.0,1.0
5,3,3,True,3,0.4743547450464943,6,0.26518361781570415,2,0.1140981020610976,11,0.04622339215807908,5,0.031375111661598294,1,15.0,0.0
5,3,2,False,2,0.4661767665169368,3,0.30510460540491474,0,0.22586148522100527,1,0.002857142857142857,4,0.0,2,9.0,0.0
5,2,2,True,2,0.9906451612903225,3,0.008064516129032258,6,0.0006451612903225806,7,0.0006451612903225806,0,0.0,1,15.0,6.0
5,3,3,True,3,0.4821346216037884,2,0.32462092157224537,6,0.08323652825029329,7,0.04188544867684649,1,0.03487771654750745,1,14.0,1.0
5,3,3,True,3,0.4743547450464943,6,0.26518361781570415,2,0.1140981020610976,11,0.04622339215807908,5,0.031375111661598294,1,15.0,0.0
5,2,2,True,2,0.688050059839803,3,0.19144415804839487,0,0.11819808980411008,4,0.0015384615384615385,10,0.0007692307692307692,1,8.0,3.0
5,3,3,True,3,0.36022839645761473,2,0.29461779381615916,8,0.2215952972810005,6,0.1033077073433806,4,0.020250805101844654,1,7.0,1.0
5,3,3,True,3,0.7058412358379268,2,0.19114917320078567,6,0.07361148626228246,7,0.02939810469900495,0,0.0,1,14.0,2.0
5,3,3,True,3,0.45155336832929693,2,0.30004837422639263,10,0.1692108321674885,5,0.07668742527682153,12,0.0016666666666666666,1,16.0,3.0
5,3,2,False,2,0.3333054733752278,6,0.2749029937438564,3,0.23857345078978642,13,0.13019897047753382,7,0.02199870345033012,3,6.0,3.0
5,3,3,True,3,0.3830094427743182,2,0.3022219820457138,6,0.2829801169976652,13,0.030768050019037138,10,0.0010204081632653062,1,7.0,3.0
5,3,3,True,3,0.36022839645761473,2,0.29461779381615916,8,0.2215952972810005,6,0.1033077073433806,4,0.020250805101844654,1,7.0,1.0
5,3,3,True,3,0.3830094427743182,2,0.3022219820457138,6,0.2829801169976652,13,0.030768050019037138,10,0.0010204081632653062,1,7.0,3.0
5,3,2,False,2,0.3333054733752278,6,0.2749029937438564,3,0.23857345078978642,13,0.13019897047753382,7,0.02199870345033012,3,6.0,3.0
5,3,3,True,3,0.3225786066057628,2,0.27135804359614357,8,0.21123849982506818,6,0.1402630478936312,13,0.054561802079393894,1,6.0,1.0
5,3,3,True,3,0.7058412358379268,2,0.19114917320078567,6,0.07361148626228246,7,0.02939810469900495,0,0.0,1,14.0,2.0
5,3,2,False,2,0.34258789692596053,3,0.323668557891519,1,0.11429742685502939,6,0.11052889134479893,10,0.10810090045207961,2,7.0,2.0
5,3,3,True,3,0.3225786066057628,2,0.27135804359614357,8,0.21123849982506818,6,0.1402630478936312,13,0.054561802079393894,1,6.0,1.0
5,3,6,False,6,0.3937066121376898,3,0.2774925073127191,2,0.2180504209224597,11,0.08869988077131973,13,0.020145816951049375,2,6.0,0.0
5,3,3,True,3,0.7058412358379268,2,0.19114917320078567,6,0.07361148626228246,7,0.02939810469900495,0,0.0,1,14.0,2.0
5,3,6,False,6,0.3937066121376898,3,0.2774925073127191,2,0.2180504209224597,11,0.08869988077131973,13,0.020145816951049375,2,6.0,0.0
5,10,2,False,2,0.34258789692596053,3,0.323668557891519,1,0.11429742685502939,6,0.11052889134479893,10,0.10810090045207961,5,7.0,2.0
5,1,2,False,2,0.30941505095004684,3,0.28980081212613257,1,0.17747298241334847,6,0.09250254768235404,8,0.07753428687735288,3,7.0,4.0
5,10,3,False,3,0.3394913816806118,2,0.31155769020748,4,0.24867531124992456,10,0.036313497565394565,7,0.0345053261449199,4,8.0,2.0
5,2,2,True,2,0.5411666666666666,0,0.37604761904761896,3,0.04511904761904762,9,0.014916666666666667,6,0.01,1,18.0,1.0
5,2,2,True,2,0.5962528860028862,1,0.26394372294372276,3,0.13380339105339104,6,0.003,9,0.0015,1,11.0,4.0
5,2,3,False,3,0.538153491886491,6,0.2177024205051165,2,0.17867826733082842,10,0.053118257964609714,7,0.012347562312954377,3,15.0,1.0
5,2,3,False,3,0.6589661187687501,2,0.1466181085969769,6,0.10193097034372643,7,0.042507926263206805,5,0.03997687602734013,2,13.0,2.0
5,9,3,False,3,0.683927479902727,6,0.1927482265104035,2,0.08530317724311828,7,0.03601346253156387,10,0.001077421254047689,11,15.0,4.0
5,2,2,True,2,0.98,3,0.01,9,0.006,4,0.004,0,0.0,1,14.0,6.0
5,2,3,False,3,0.538153491886491,6,0.2177024205051165,2,0.17867826733082842,10,0.053118257964609714,7,0.012347562312954377,3,15.0,1.0
5,2,2,True,2,0.9933333333333334,3,0.003333333333333333,6,0.003333333333333333,1,0.0,0,0.0,1,18.0,6.0
5,3,2,False,2,0.3765574857797578,3,0.2348004582725137,0,0.19552263317464075,7,0.09881443711933258,9,0.05063908466433397,2,10.0,5.0
5,2,2,True,2,0.5494257409257408,9,0.3072245809745809,0,0.13334967809967804,3,0.01,4,0.0,1,13.0,5.0
5,2,2,True,2,0.9905882352941177,3,0.006470588235294118,6,0.002352941176470588,9,0.000588235294117647,0,0.0,1,16.0,6.0
5,2,2,True,2,0.9816666666666666,3,0.018333333333333333,1,0.0,0,0.0,4,0.0,1,13.0,6.0
5,3,3,True,3,0.4743547450464943,6,0.26518361781570415,2,0.1140981020610976,11,0.04622339215807908,5,0.031375111661598294,1,15.0,0.0
5,3,3,True,3,0.42487236161231445,2,0.24074361296534405,6,0.19246988074510288,5,0.1172024148687653,11,0.02251660785725347,1,7.0,0.0
5,3,2,False,2,0.5009779357956772,1,0.2519337584007054,5,0.1831750068338506,3,0.06391329896976682,0,0.0,4,7.0,5.0
5,2,2,True,2,0.48361255411255416,9,0.25396302308802304,3,0.23706727994227986,1,0.01,0,0.00994047619047619,1,13.0,4.0
5,2,2,True,2,0.6648272283272284,7,0.32739499389499377,6,0.002777777777777778,5,0.0022222222222222222,0,0.0011111111111111111,1,17.0,2.0
5,2,2,True,2,0.5494257409257408,9,0.3072245809745809,0,0.13334967809967804,3,0.01,4,0.0,1,13.0,5.0
5,2,2,True,2,0.3062938026026261,3,0.2683426850926851,1,0.16078213616448905,4,0.09251439083792022,9,0.08783304032568737,1,8.0,4.0
5,3,3,True,3,0.5256736508356462,2,0.19414596021870797,6,0.17530374257309725,11,0.04480193931995562,10,0.04067922173992732,1,15.0,3.0
5,3,1,False,1,0.39852092352092355,2,0.38703860028860027,3,0.20777380952380947,5,0.003333333333333333,7,0.003333333333333333,3,12.0,1.0
5,2,3,False,3,0.3225786066057628,2,0.27135804359614357,8,0.21123849982506818,6,0.1402630478936312,13,0.054561802079393894,2,6.0,1.0
5,3,3,True,3,0.4743547450464943,6,0.26518361781570415,2,0.1140981020610976,11,0.04622339215807908,5,0.031375111661598294,1,15.0,0.0
5,2,2,True,2,0.5254263360086834,8,0.1623584324828505,3,0.15159480546166956,6,0.06894946911755324,13,0.03265036620602875,1,6.0,4.0
5,3,3,True,3,0.6589661187687501,2,0.1466181085969769,6,0.10193097034372643,7,0.042507926263206805,5,0.03997687602734013,1,13.0,2.0
5,3,6,False,6,0.3937066121376898,3,0.2774925073127191,2,0.2180504209224597,11,0.08869988077131973,13,0.020145816951049375,2,6.0,0.0
5,2,2,True,2,0.5859479433964728,0,0.18816090527119925,6,0.10854624378889084,3,0.10734490754343697,7,0.01,1,11.0,6.0
5,3,3,True,3,0.5256736508356462,2,0.19414596021870797,6,0.17530374257309725,11,0.04480193931995562,10,0.04067922173992732,1,15.0,3.0
5,3,2,False,2,0.34258789692596053,3,0.323668557891519,1,0.11429742685502939,6,0.11052889134479893,10,0.10810090045207961,2,7.0,2.0
5,5,3,False,3,0.42487236161231445,2,0.24074361296534405,6,0.19246988074510288,5,0.1172024148687653,11,0.02251660785725347,4,7.0,0.0
5,5,2,False,2,0.32952501778320886,3,0.31706306052542044,4,0.23852982555821292,5,0.06305490675114084,11,0.026442093348788408,4,8.0,0.0
5,2,2,True,2,0.9759107142857144,3,0.010375,6,0.010214285714285714,0,0.0025,12,0.001,1,11.0,0.0
5,3,2,False,2,0.4021700585559833,3,0.3792175323280448,6,0.09752331007047717,13,0.02259923644388858,8,0.020806168439146514,2,,
5,2,3,False,3,0.45155336832929693,2,0.30004837422639263,10,0.1692108321674885,5,0.07668742527682153,12,0.0016666666666666666,2,16.0,3.0
5,2,2,True,2,0.42840348856281424,3,0.20857781443645393,11,0.1495644969833403,5,0.1038796891056593,6,0.053082538500189264,1,16.0,0.0
5,3,2,False,2,0.4661767665169368,3,0.30510460540491474,0,0.22586148522100527,1,0.002857142857142857,4,0.0,2,9.0,0.0
5,3,2,False,2,0.32952501778320886,3,0.31706306052542044,4,0.23852982555821292,5,0.06305490675114084,11,0.026442093348788408,2,8.0,0.0
5,3,2,False,2,0.5009779357956772,1,0.2519337584007054,5,0.1831750068338506,3,0.06391329896976682,0,0.0,4,7.0,5.0
5,3,3,True,3,0.3804969014574639,6,0.23620869156045793,2,0.22712837697877053,13,0.08190656960983705,10,0.07425946039347055,1,6.0,2.0
5,2,2,True,2,0.9816666666666666,3,0.018333333333333333,1,0.0,0,0.0,4,0.0,1,13.0,6.0
5,2,2,True,2,0.3333054733752278,6,0.2749029937438564,3,0.23857345078978642,13,0.13019897047753382,7,0.02199870345033012,1,6.0,3.0
5,3,3,True,3,0.7058412358379268,2,0.19114917320078567,6,0.07361148626228246,7,0.02939810469900495,0,0.0,1,14.0,2.0
5,3,3,True,3,0.4743547450464943,6,0.26518361781570415,2,0.1140981020610976,11,0.04622339215807908,5,0.031375111661598294,1,15.0,0.0
5,3,3,True,3,0.683927479902727,6,0.1927482265104035,2,0.08530317724311828,7,0.03601346253156387,10,0.001077421254047689,1,15.0,4.0
5,2,2,True,2,0.3333054733752278,6,0.2749029937438564,3,0.23857345078978642,13,0.13019897047753382,7,0.02199870345033012,1,6.0,3.0
5,2,2,True,2,0.9906451612903225,3,0.008064516129032258,6,0.0006451612903225806,7,0.0006451612903225806,0,0.0,1,15.0,6.0
5,3,3,True,3,0.5373025091448835,2,0.2313006779605581,0,0.07802395085135024,7,0.07710625635973935,4,0.07496225785738168,1,14.0,3.0
5,2,2,True,2,0.7988949106449106,3,0.1971050893550893,12,0.0026666666666666666,0,0.0013333333333333333,4,0.0,1,10.0,4.0
5,2,2,True,2,0.49584153806290027,0,0.24238940978182466,12,0.13827836559725099,6,0.11349068655802398,3,0.01,1,10.0,2.0
5,3,3,True,3,0.538153491886491,6,0.2177024205051165,2,0.17867826733082842,10,0.053118257964609714,7,0.012347562312954377,1,15.0,1.0
5,3,3,True,3,0.538153491886491,6,0.2177024205051165,2,0.17867826733082842,10,0.053118257964609714,7,0.012347562312954377,1,15.0,1.0
5,3,1,False,1,0.39852092352092355,2,0.38703860028860027,3,0.20777380952380947,5,0.003333333333333333,7,0.003333333333333333,3,12.0,1.0
5,3,3,True,3,0.5256736508356462,2,0.19414596021870797,6,0.17530374257309725,11,0.04480193931995562,10,0.04067922173992732,1,15.0,3.0
5,12,2,False,2,0.45137343212343223,3,0.3702459484959483,1,0.1783806193806193,0,0.0,4,0.0,13,13.0,1.0
5,12,2,False,2,0.45137343212343223,3,0.3702459484959483,1,0.1783806193806193,0,0.0,4,0.0,13,13.0,1.0
5,3,3,True,3,0.4821346216037884,2,0.32462092157224537,6,0.08323652825029329,7,0.04188544867684649,1,0.03487771654750745,1,14.0,1.0
5,2,3,False,3,0.5256736508356462,2,0.19414596021870797,6,0.17530374257309725,11,0.04480193931995562,10,0.04067922173992732,2,15.0,3.0
5,11,3,False,3,0.23053953956938644,6,0.2115933618337934,2,0.17640055247731415,11,0.13736949340476162,5,0.0818981421837683,4,15.0,2.0
5,2,3,False,3,0.538153491886491,6,0.2177024205051165,2,0.17867826733082842,10,0.053118257964609714,7,0.012347562312954377,3,15.0,1.0
5,2,2,True,2,0.5763932327039406,6,0.21711906146231072,0,0.1297284327150392,3,0.0767592731187091,1,0.0,1,10.0,1.0
5,2,3,False,3,0.683927479902727,6,0.1927482265104035,2,0.08530317724311828,7,0.03601346253156387,10,0.001077421254047689,3,15.0,4.0
5,2,3,False,3,0.538153491886491,6,0.2177024205051165,2,0.17867826733082842,10,0.053118257964609714,7,0.012347562312954377,3,15.0,1.0
5,2,0,False,0,0.30532868385148293,2,0.21338018382023294,12,0.20780662260930466,7,0.15198468418481206,3,0.12149982553416726,2,9.0,2.0
5,3,3,True,3,0.45155336832929693,2,0.30004837422639263,10,0.1692108321674885,5,0.07668742527682153,12,0.0016666666666666666,1,16.0,3.0
5,3,3,True,3,0.5256736508356462,2,0.19414596021870797,6,0.17530374257309725,11,0.04480193931995562,10,0.04067922173992732,1,15.0,3.0
5,11,6,False,6,0.3937066121376898,3,0.2774925073127191,2,0.2180504209224597,11,0.08869988077131973,13,0.020145816951049375,4,6.0,0.0
5,3,3,True,3,0.3225786066057628,2,0.27135804359614357,8,0.21123849982506818,6,0.1402630478936312,13,0.054561802079393894,1,6.0,1.0
5,2,3,False,3,0.4743547450464943,6,0.26518361781570415,2,0.1140981020610976,11,0.04622339215807908,5,0.031375111661598294,3,15.0,0.0
5,2,3,False,3,0.538153491886491,6,0.2177024205051165,2,0.17867826733082842,10,0.053118257964609714,7,0.012347562312954377,3,15.0,1.0
5,2,2,True,2,0.42840348856281424,3,0.20857781443645393,11,0.1495644969833403,5,0.1038796891056593,6,0.053082538500189264,1,16.0,0.0
5,2,2,True,2,0.34258789692596053,3,0.323668557891519,1,0.11429742685502939,6,0.11052889134479893,10,0.10810090045207961,1,7.0,2.0
5,2,3,False,3,0.3804969014574639,6,0.23620869156045793,2,0.22712837697877053,13,0.08190656960983705,10,0.07425946039347055,3,6.0,2.0
5,2,3,False,3,0.683927479902727,6,0.1927482265104035,2,0.08530317724311828,7,0.03601346253156387,10,0.001077421254047689,3,15.0,4.0
5,11,2,False,2,0.3062938026026261,3,0.2683426850926851,1,0.16078213616448905,4,0.09251439083792022,9,0.08783304032568737,12,8.0,4.0
5,2,3,False,3,0.4802542809776273,2,0.23865166038244076,6,0.14894339269729784,10,0.1321506659426339,0,0.0,2,16.0,1.0
5,2,2,True,2,0.38073352031562757,0,0.34923220037055996,3,0.14072278935412263,1,0.12179012243832203,12,0.00641025641025641,1,9.0,3.0
5,2,2,True,2,0.688050059839803,3,0.19144415804839487,0,0.11819808980411008,4,0.0015384615384615385,10,0.0007692307692307692,1,8.0,3.0
5,13,3,False,3,0.3804969014574639,6,0.23620869156045793,2,0.22712837697877053,13,0.08190656960983705,10,0.07425946039347055,4,6.0,2.0
5,13,2,False,2,0.4760812069337611,8,0.30372829307775107,6,0.14045404058445846,13,0.079736459404029,3,0.0,4,5.0,4.0
5,3,2,False,2,0.41630745660801843,3,0.20228560289936642,12,0.10974393472174464,9,0.10303113463053894,0,0.05677120060806962,2,9.0,5.0
5,13,13,True,13,0.7728050144300141,2,0.2271949855699855,1,0.0,0,0.0,4,0.0,1,5.0,3.0
5,2,3,False,3,0.42487236161231445,2,0.24074361296534405,6,0.19246988074510288,5,0.1172024148687653,11,0.02251660785725347,2,7.0,0.0
5,13,2,False,2,0.3333054733752278,6,0.2749029937438564,3,0.23857345078978642,13,0.13019897047753382,7,0.02199870345033012,4,6.0,3.0
6,2,2,True,2,0.7973536796536795,3,0.1947190476190476,1,0.0032,12,0.0018181818181818182,7,0.0013090909090909093,1,10.0,4.0
6,2,2,True,2,0.6209169719169719,9,0.2677409534909534,0,0.11134207459207458,1,0.0,4,0.0,1,13.0,5.0
6,1,3,False,3,0.4717390958950579,2,0.3447540209882268,6,0.09712690429523752,12,0.0448943781645505,7,0.04148560065692752,8,14.0,1.0
6,0,2,False,2,0.2754865189420142,0,0.21241957221485072,12,0.21153037352224657,7,0.15407119437150388,3,0.14122918305464738,2,9.0,2.0
6,0,2,False,2,0.367373105094895,3,0.23830041003468183,0,0.1772128312816672,7,0.10971966014963278,11,0.055020634816008815,3,10.0,5.0
6,0,2,False,2,0.4793548902078314,3,0.24623686281039212,7,0.13748496764673232,0,0.13192327933504394,6,0.005,4,12.0,6.0
6,4,3,False,3,0.2975556523895577,2,0.26605790845494703,4,0.20547104520416373,6,0.11152168444889293,5,0.0944370587425995,3,8.0,0.0
6,0,0,True,0,0.3699860720018379,2,0.36610314718908865,3,0.13737345042678162,1,0.1229889432855175,6,0.0035483870967741938,1,9.0,3.0
6,4,2,False,2,0.34893134907489987,3,0.252776103642143,4,0.24772301578832187,10,0.07286451276750089,1,0.03989211720936439,3,8.0,2.0
6,0,2,False,2,0.4225103114549711,3,0.4114788077419657,0,0.1528736259011026,6,0.01215686274509804,5,0.000784313725490196,3,9.0,0.0
6,2,3,False,3,0.2975556523895577,2,0.26605790845494703,4,0.20547104520416373,6,0.11152168444889293,5,0.0944370587425995,2,8.0,0.0
6,2,2,True,2,0.36193152173650533,3,0.254948728701861,6,0.2305936901434315,13,0.1312105150477624,7,0.02131554437043978,1,6.0,3.0
6,5,2,False,2,0.4697014253451793,1,0.2264959080166758,3,0.18937641909756395,5,0.11442624754058066,0,0.0,4,7.0,5.0
6,2,2,True,2,0.6588990453990452,7,0.33610095460095446,3,0.005,1,0.0,0,0.0,1,17.0,2.0
6,2,2,True,2,0.5685610207645813,6,0.22057908285385058,7,0.2108598963815682,0,0.0,3,0.0,1,7.0,6.0
6,2,6,False,6,0.3548993565644505,3,0.29741517228212017,2,0.21927725489159236,11,0.10413596794883391,13,0.02427224831300268,3,6.0,0.0
6,2,2,True,2,0.5685610207645813,6,0.22057908285385058,7,0.2108598963815682,0,0.0,3,0.0,1,7.0,6.0
6,2,2,True,2,1.0,0,0.0,1,0.0,3,0.0,4,0.0,1,6.0,6.0
6,2,2,True,2,0.8158823219264394,6,0.17901963885787417,3,0.004117647058823529,5,0.000784313725490196,11,0.000196078431372549,1,11.0,0.0
6,6,3,False,3,0.5003900284281336,6,0.1960680144154118,2,0.17876013340927543,11,0.041732066764250356,5,0.031471470317697633,2,15.0,0.0
6,6,2,False,2,0.23576439681187658,3,0.20505058675240878,7,0.18619656762726766,11,0.12518019367209662,6,0.11858371122444143,5,15.0,2.0
6,7,6,False,6,0.566416305916306,0,0.2757658730158729,7,0.14781782106782101,2,0.01,3,0.0,3,9.0,6.0
6,2,2,True,2,0.8857158119658115,0,0.11428418803418801,1,0.0,3,0.0,4,0.0,1,17.0,3.0
6,2,2,True,2,0.5223147018751856,12,0.2691681341534281,7,0.11298236567354208,0,0.08747028216881157,3,0.004516129032258064,1,10.0,3.0
6,2,2,True,2,0.5365353240119634,3,0.2488343408931865,5,0.10307295116437341,6,0.0593303963610604,11,0.052226987569416315,1,16.0,0.0
6,7,2,False,2,0.2850517358458534,1,0.26779834054834045,3,0.2277388591800356,5,0.19661367880485517,6,0.017490196078431372,6,12.0,0.0
6,6,6,True,6,0.3548993565644505,3,0.29741517228212017,2,0.21927725489159236,11,0.10413596794883391,13,0.02427224831300268,1,6.0,0.0
6,6,6,True,6,0.3548993565644505,3,0.29741517228212017,2,0.21927725489159236,11,0.10413596794883391,13,0.02427224831300268,1,6.0,0.0
6,8,8,True,8,0.30127872522700216,6,0.28243962677404244,2,0.26206544892417816,13,0.15421619907477685,3,0.0,1,5.0,1.0
6,6,2,False,2,0.36193152173650533,3,0.254948728701861,6,0.2305936901434315,13,0.1312105150477624,7,0.02131554437043978,3,6.0,3.0
6,7,2,False,2,1.0,0,0.0,1,0.0,3,0.0,4,0.0,8,6.0,6.0
6,2,2,True,2,0.5685610207645813,6,0.22057908285385058,7,0.2108598963815682,0,0.0,3,0.0,1,7.0,6.0
6,2,2,True,2,0.5584373215793496,0,0.24841564863584978,3,0.1006175690924143,6,0.09252946069238639,1,0.0,1,13.0,3.0
6,2,3,False,3,0.3322604337402727,6,0.2592353846485764,2,0.20234355358640524,13,0.10422933397782302,10,0.07992718368953476,3,6.0,2.0
6,6,3,False,3,0.5003900284281336,6,0.1960680144154118,2,0.17876013340927543,11,0.041732066764250356,5,0.031471470317697633,2,15.0,0.0
6,6,3,False,3,0.5003900284281336,6,0.1960680144154118,2,0.17876013340927543,11,0.041732066764250356,5,0.031471470317697633,2,15.0,0.0
6,6,3,False,3,0.5003900284281336,6,0.1960680144154118,2,0.17876013340927543,11,0.041732066764250356,5,0.031471470317697633,2,15.0,0.0
6,2,2,True,2,0.5223147018751856,12,0.2691681341534281,7,0.11298236567354208,0,0.08747028216881157,3,0.004516129032258064,1,10.0,3.0
6,2,3,False,3,0.47952840378007333,2,0.249035594682322,6,0.21987155495619973,10,0.03715179833299512,7,0.012961035345183874,2,15.0,1.0
6,2,2,True,2,0.3521690138020397,3,0.33357134158037705,1,0.1590527553913608,12,0.15520688922622225,4,0.0,1,13.0,1.0
6,2,2,True,2,0.8857158119658115,0,0.11428418803418801,1,0.0,3,0.0,4,0.0,1,17.0,3.0
6,6,3,False,3,0.5003900284281336,6,0.1960680144154118,2,0.17876013340927543,11,0.041732066764250356,5,0.031471470317697633,2,15.0,0.0
6,6,3,False,3,0.47952840378007333,2,0.249035594682322,6,0.21987155495619973,10,0.03715179833299512,7,0.012961035345183874,3,15.0,1.0
6,7,3,False,3,0.5003900284281336,6,0.1960680144154118,2,0.17876013340927543,11,0.041732066764250356,5,0.031471470317697633,7,15.0,0.0
6,8,3,False,3,0.3396153437642336,2,0.27119181021273686,8,0.18730318205087312,6,0.14201569400246883,13,0.059873969969687295,3,6.0,1.0
6,6,2,False,2,0.32505904520961953,1,0.24470120666911044,3,0.23527743991035635,6,0.06587713833937255,8,0.06068390916928185,4,7.0,4.0
6,8,3,False,3,0.3396153437642336,2,0.27119181021273686,8,0.18730318205087312,6,0.14201569400246883,13,0.059873969969687295,3,6.0,1.0
6,6,3,False,3,0.42127156024126455,2,0.2663508827870219,6,0.1756167194992816,5,0.11366056676052283,11,0.02310027071190889,3,7.0,0.0
6,6,3,False,3,0.44158087635918186,6,0.2958366256930646,2,0.22396094402442515,13,0.03862155392332875,0,0.0,2,7.0,3.0
6,6,3,False,3,0.44158087635918186,6,0.2958366256930646,2,0.22396094402442515,13,0.03862155392332875,0,0.0,2,7.0,3.0
6,6,2,False,2,0.36193152173650533,3,0.254948728701861,6,0.2305936901434315,13,0.1312105150477624,7,0.02131554437043978,3,6.0,3.0
6,6,3,False,3,0.3396153437642336,2,0.27119181021273686,8,0.18730318205087312,6,0.14201569400246883,13,0.059873969969687295,4,6.0,1.0
6,8,2,False,2,0.6027768408646097,8,0.15430353120185486,3,0.09583647409440182,6,0.06299147954113439,13,0.03129694287044132,2,6.0,4.0
6,6,2,False,2,0.36193152173650533,3,0.254948728701861,6,0.2305936901434315,13,0.1312105150477624,7,0.02131554437043978,3,6.0,3.0
6,6,6,True,6,0.3548993565644505,3,0.29741517228212017,2,0.21927725489159236,11,0.10413596794883391,13,0.02427224831300268,1,6.0,0.0
6,6,6,True,6,0.5321699462388317,7,0.30245751603917226,4,0.1553725377219959,2,0.01,3,0.0,1,8.0,6.0
6,6,2,False,2,0.36193152173650533,3,0.254948728701861,6,0.2305936901434315,13,0.1312105150477624,7,0.02131554437043978,3,6.0,3.0
6,8,2,False,2,0.32505904520961953,1,0.24470120666911044,3,0.23527743991035635,6,0.06587713833937255,8,0.06068390916928185,5,7.0,4.0
6,6,3,False,3,0.3322604337402727,6,0.2592353846485764,2,0.20234355358640524,13,0.10422933397782302,10,0.07992718368953476,2,6.0,2.0
6,2,3,False,3,0.44158087635918186,6,0.2958366256930646,2,0.22396094402442515,13,0.03862155392332875,0,0.0,3,7.0,3.0
6,2,2,True,2,1.0,0,0.0,1,0.0,3,0.0,4,0.0,1,6.0,6.0
6,2,2,True,2,1.0,0,0.0,1,0.0,3,0.0,4,0.0,1,6.0,6.0
6,2,2,True,2,0.7619315156169992,7,0.21733730158730147,1,0.01,3,0.004516129032258064,6,0.00421505376344086,1,12.0,3.0
6,3,2,False,2,0.6044003496503495,0,0.20048613886113878,6,0.19511351148851144,1,0.0,3,0.0,5,11.0,6.0
6,9,0,False,0,0.3125661013822778,2,0.2764737605531722,1,0.1151804027671674,11,0.10972832853421086,9,0.09223644411144408,5,9.0,4.0
6,3,3,True,3,0.4717390958950579,2,0.3447540209882268,6,0.09712690429523752,12,0.0448943781645505,7,0.04148560065692752,1,14.0,1.0
6,3,3,True,3,0.5003900284281336,6,0.1960680144154118,2,0.17876013340927543,11,0.041732066764250356,5,0.031471470317697633,1,15.0,0.0
6,2,2,True,2,1.0,0,0.0,1,0.0,3,0.0,4,0.0,1,19.0,6.0
6,3,3,True,3,0.47952840378007333,2,0.249035594682322,6,0.21987155495619973,10,0.03715179833299512,7,0.012961035345183874,1,15.0,1.0
6,3,3,True,3,0.5205906658326327,2,0.2247264351389816,6,0.1689469859172587,11,0.040900259526647983,10,0.02339275041461346,1,15.0,3.0
6,3,3,True,3,0.7188929880735266,2,0.19865299187824992,6,0.048331661584380535,7,0.03158267592416016,12,0.0014285714285714286,1,14.0,2.0
6,2,2,True,2,0.99,3,0.01,1,0.0,0,0.0,4,0.0,1,13.0,6.0
6,1,2,False,2,0.3780643596263296,12,0.2523583729614486,1,0.16021212198160634,7,0.1408629698605637,3,0.06850217557005145,3,8.0,5.0
6,3,3,True,3,0.4016111111111112,2,0.4003730158730158,6,0.198015873015873,1,0.0,0,0.0,1,17.0,4.0
6,3,2,False,2,0.3918429274973392,3,0.3421326696179638,6,0.26602440288469686,1,0.0,0,0.0,2,13.0,0.0
6,3,2,False,2,0.3780643596263296,12,0.2523583729614486,1,0.16021212198160634,7,0.1408629698605637,3,0.06850217557005145,5,8.0,5.0
6,2,2,True,2,0.99,3,0.01,1,0.0,0,0.0,4,0.0,1,13.0,6.0
6,3,3,True,3,0.5205906658326327,2,0.2247264351389816,6,0.1689469859172587,11,0.040900259526647983,10,0.02339275041461346,1,15.0,3.0
6,2,2,True,2,1.0,0,0.0,1,0.0,3,0.0,4,0.0,1,15.0,6.0
6,3,3,True,3,0.47952840378007333,2,0.249035594682322,6,0.21987155495619973,10,0.03715179833299512,7,0.012961035345183874,1,15.0,1.0
6,3,3,True,3,0.7188929880735266,2,0.19865299187824992,6,0.048331661584380535,7,0.03158267592416016,12,0.0014285714285714286,1,14.0,2.0
6,3,3,True,3,0.47952840378007333,2,0.249035594682322,6,0.21987155495619973,10,0.03715179833299512,7,0.012961035345183874,1,15.0,1.0
6,3,3,True,3,0.37281804199296326,2,0.27643664210254587,8,0.23132766545370623,6,0.0892630283413245,4,0.020154622109460067,1,7.0,1.0
6,3,3,True,3,0.5003900284281336,6,0.1960680144154118,2,0.17876013340927543,11,0.041732066764250356,5,0.031471470317697633,1,15.0,0.0
6,3,3,True,3,0.5205906658326327,2,0.2247264351389816,6,0.1689469859172587,11,0.040900259526647983,10,0.02339275041461346,1,15.0,3.0
6,3,3,True,3,0.44158087635918186,6,0.2958366256930646,2,0.22396094402442515,13,0.03862155392332875,0,0.0,1,7.0,3.0
6,3,3,True,3,0.36089375342273444,2,0.31253177090168016,6,0.12305850887930406,10,0.11725387810098668,1,0.0848585799233644,1,7.0,2.0
6,3,3,True,3,0.3322604337402727,6,0.2592353846485764,2,0.20234355358640524,13,0.10422933397782302,10,0.07992718368953476,1,6.0,2.0
6,3,3,True,3,0.2975556523895577,2,0.26605790845494703,4,0.20547104520416373,6,0.11152168444889293,5,0.0944370587425995,1,8.0,0.0
6,3,2,False,2,0.36193152173650533,3,0.254948728701861,6,0.2305936901434315,13,0.1312105150477624,7,0.02131554437043978,2,6.0,3.0
6,3,2,False,2,0.32505904520961953,1,0.24470120666911044,3,0.23527743991035635,6,0.06587713833937255,8,0.06068390916928185,3,7.0,4.0
6,3,3,True,3,0.42127156024126455,2,0.2663508827870219,6,0.1756167194992816,5,0.11366056676052283,11,0.02310027071190889,1,7.0,0.0
6,3,2,False,2,0.32505904520961953,1,0.24470120666911044,3,0.23527743991035635,6,0.06587713833937255,8,0.06068390916928185,3,7.0,4.0
6,3,6,False,6,0.3548993565644505,3,0.29741517228212017,2,0.21927725489159236,11,0.10413596794883391,13,0.02427224831300268,2,6.0,0.0
6,3,3,True,3,0.3322604337402727,6,0.2592353846485764,2,0.20234355358640524,13,0.10422933397782302,10,0.07992718368953476,1,6.0,2.0
6,5,3,False,3,0.42127156024126455,2,0.2663508827870219,6,0.1756167194992816,5,0.11366056676052283,11,0.02310027071190889,4,7.0,0.0
6,10,3,False,3,0.36089375342273444,2,0.31253177090168016,6,0.12305850887930406,10,0.11725387810098668,1,0.0848585799233644,4,7.0,2.0
6,2,2,True,2,0.2853984126984126,1,0.24977142857142848,7,0.23968968253968242,6,0.21994047619047613,3,0.0036,1,12.0,4.0
6,2,2,True,2,0.7619315156169992,7,0.21733730158730147,1,0.01,3,0.004516129032258064,6,0.00421505376344086,1,12.0,3.0
6,2,3,False,3,0.5026133263021807,2,0.4819480772065912,1,0.01,6,0.0024561403508771926,10,0.0015789473684210526,2,12.0,2.0
6,2,2,True,2,0.4018128260628261,3,0.32612637362637353,9,0.26491794316794304,6,0.004285714285714285,0,0.002857142857142857,1,13.0,4.0
6,9,7,False,7,0.4269487734487734,2,0.2703297258297257,9,0.17359199134199124,0,0.1291295093795093,3,0.0,3,15.0,5.0
6,3,3,True,3,0.47952840378007333,2,0.249035594682322,6,0.21987155495619973,10,0.03715179833299512,7,0.012961035345183874,1,15.0,1.0
6,3,3,True,3,0.47952840378007333,2,0.249035594682322,6,0.21987155495619973,10,0.03715179833299512,7,0.012961035345183874,1,15.0,1.0
6,2,2,True,2,0.9663809523809523,0,0.017968253968253967,9,0.010611111111111111,7,0.005039682539682539,3,0.0,1,17.0,5.0
6,3,3,True,3,0.581658943946752,2,0.17534366616206357,7,0.09074058117029914,4,0.07560807450203734,0,0.07284438639276097,1,14.0,3.0
6,2,3,False,3,0.4691469833499083,2,0.266814294489433,6,0.14079756625976528,10,0.12324115590089331,0,0.0,2,16.0,1.0
6,3,3,True,3,0.5865559056956116,2,0.3189703792939086,6,0.0814737150104797,7,0.01,9,0.003,1,14.0,4.0
6,3,2,False,2,0.5774809368702224,3,0.4125190631297777,6,0.01,1,0.0,0,0.0,2,14.0,0.0
6,3,3,True,3,0.4717390958950579,2,0.3447540209882268,6,0.09712690429523752,12,0.0448943781645505,7,0.04148560065692752,1,14.0,1.0
6,3,3,True,3,0.6419749341168134,2,0.200726997864927,6,0.08562341846502038,5,0.038493080889196146,7,0.03318156866404311,1,13.0,2.0
6,2,3,False,3,0.5026133263021807,2,0.4819480772065912,1,0.01,6,0.0024561403508771926,10,0.0015789473684210526,2,12.0,2.0
6,2,3,False,3,0.36089375342273444,2,0.31253177090168016,6,0.12305850887930406,10,0.11725387810098668,1,0.0848585799233644,2,7.0,2.0
6,2,2,True,2,0.99,3,0.01,1,0.0,0,0.0,4,0.0,1,13.0,6.0
6,2,2,True,2,0.4793548902078314,3,0.24623686281039212,7,0.13748496764673232,0,0.13192327933504394,6,0.005,1,12.0,6.0
6,3,3,True,3,0.43016348808570193,2,0.2721730701359184,6,0.243525001443345,9,0.052638440335034745,11,0.001,1,16.0,4.0
6,3,3,True,3,0.3322604337402727,6,0.2592353846485764,2,0.20234355358640524,13,0.10422933397782302,10,0.07992718368953476,1,6.0,2.0
6,3,3,True,3,0.3322604337402727,6,0.2592353846485764,2,0.20234355358640524,13,0.10422933397782302,10,0.07992718368953476,1,6.0,2.0
6,3,3,True,3,0.47952840378007333,2,0.249035594682322,6,0.21987155495619973,10,0.03715179833299512,7,0.012961035345183874,1,15.0,1.0
6,2,2,True,2,0.4741027724369525,6,0.29807366524271545,0,0.13723080413215352,3,0.08059275818817815,13,0.01,1,10.0,1.0
6,2,2,True,2,0.6044003496503495,0,0.20048613886113878,6,0.19511351148851144,1,0.0,3,0.0,1,11.0,6.0
6,2,3,False,3,0.36089375342273444,2,0.31253177090168016,6,0.12305850887930406,10,0.11725387810098668,1,0.0848585799233644,2,7.0,2.0
6,3,2,False,2,0.32505904520961953,1,0.24470120666911044,3,0.23527743991035635,6,0.06587713833937255,8,0.06068390916928185,3,7.0,4.0
6,3,2,False,2,0.5209534425193766,3,0.22896708162439744,9,0.11083198558781068,0,0.07664453417439016,1,0.06183372532479407,2,11.0,5.0
6,3,2,False,2,0.40389670428439395,3,0.23383074943547208,9,0.10402568255445621,12,0.09411529010641699,1,0.05776667668391991,2,9.0,5.0
6,2,3,False,3,0.4691469833499083,2,0.266814294489433,6,0.14079756625976528,10,0.12324115590089331,0,0.0,2,16.0,1.0
6,3,2,False,2,0.34893134907489987,3,0.252776103642143,4,0.24772301578832187,10,0.07286451276750089,1,0.03989211720936439,2,8.0,2.0
6,3,3,True,3,0.2975556523895577,2,0.26605790845494703,4,0.20547104520416373,6,0.11152168444889293,5,0.0944370587425995,1,8.0,0.0
6,12,2,False,2,0.3780643596263296,12,0.2523583729614486,1,0.16021212198160634,7,0.1408629698605637,3,0.06850217557005145,2,8.0,5.0
6,3,2,False,2,0.367373105094895,3,0.23830041003468183,0,0.1772128312816672,7,0.10971966014963278,11,0.055020634816008815,2,10.0,5.0
6,3,3,True,3,0.5205906658326327,2,0.2247264351389816,6,0.1689469859172587,11,0.040900259526647983,10,0.02339275041461346,1,15.0,3.0
6,3,3,True,3,0.7188929880735266,2,0.19865299187824992,6,0.048331661584380535,7,0.03158267592416016,12,0.0014285714285714286,1,14.0,2.0
6,2,2,True,2,0.5584373215793496,0,0.24841564863584978,3,0.1006175690924143,6,0.09252946069238639,1,0.0,1,13.0,3.0
6,2,2,True,2,0.5774809368702224,3,0.4125190631297777,6,0.01,1,0.0,0,0.0,1,14.0,0.0
6,2,3,False,3,0.43016348808570193,2,0.2721730701359184,6,0.243525001443345,9,0.052638440335034745,11,0.001,2,16.0,4.0
6,3,2,False,2,0.6921624264624263,1,0.3022375735375733,3,0.0036,8,0.0012,11,0.0004,3,11.0,4.0
6,3,3,True,3,0.37674793262293266,2,0.3527558552558551,1,0.260496212121212,13,0.01,4,0.0,1,9.0,1.0
6,5,3,False,3,0.4847648434326925,2,0.3884942481289667,10,0.1267409084383407,1,0.0,4,0.0,6,16.0,3.0
6,1,2,False,2,0.5365353240119634,3,0.2488343408931865,5,0.10307295116437341,6,0.0593303963610604,11,0.052226987569416315,8,16.0,0.0
6,3,3,True,3,0.4691469833499083,2,0.266814294489433,6,0.14079756625976528,10,0.12324115590089331,0,0.0,1,16.0,1.0
6,12,2,False,2,0.23576439681187658,3,0.20505058675240878,7,0.18619656762726766,11,0.12518019367209662,6,0.11858371122444143,13,15.0,2.0
6,2,2,True,2,1.0,0,0.0,1,0.0,3,0.0,4,0.0,1,17.0,6.0
6,10,3,False,3,0.5205906658326327,2,0.2247264351389816,6,0.1689469859172587,11,0.040900259526647983,10,0.02339275041461346,5,15.0,3.0
6,11,2,False,2,0.5365353240119634,3,0.2488343408931865,5,0.10307295116437341,6,0.0593303963610604,11,0.052226987569416315,5,16.0,0.0
6,2,2,True,2,0.4018128260628261,3,0.32612637362637353,9,0.26491794316794304,6,0.004285714285714285,0,0.002857142857142857,1,13.0,4.0
6,11,2,False,2,0.5365353240119634,3,0.2488343408931865,5,0.10307295116437341,6,0.0593303963610604,11,0.052226987569416315,5,16.0,0.0
6,3,3,True,3,0.4717390958950579,2,0.3447540209882268,6,0.09712690429523752,12,0.0448943781645505,7,0.04148560065692752,1,14.0,1.0
6,2,3,False,3,0.581658943946752,2,0.17534366616206357,7,0.09074058117029914,4,0.07560807450203734,0,0.07284438639276097,2,14.0,3.0
6,11,2,False,2,0.23576439681187658,3,0.20505058675240878,7,0.18619656762726766,11,0.12518019367209662,6,0.11858371122444143,4,15.0,2.0
6,2,2,True,2,0.4741027724369525,6,0.29807366524271545,0,0.13723080413215352,3,0.08059275818817815,13,0.01,1,10.0,1.0
6,2,0,False,0,0.3699860720018379,2,0.36610314718908865,3,0.13737345042678162,1,0.1229889432855175,6,0.0035483870967741938,2,9.0,3.0
6,2,2,True,2,0.7056567806978025,6,0.13389965396660433,3,0.09902113650023861,1,0.051422428835354514,13,0.01,1,11.0,1.0
6,2,3,False,3,0.44158087635918186,6,0.2958366256930646,2,0.22396094402442515,13,0.03862155392332875,0,0.0,3,7.0,3.0
6,13,13,True,13,0.497973843966491,2,0.38090482638276746,6,0.12112132965074139,1,0.0,3,0.0,1,5.0,2.0
6,3,3,True,3,0.5003900284281336,6,0.1960680144154118,2,0.17876013340927543,11,0.041732066764250356,5,0.031471470317697633,1,15.0,0.0
6,3,2,False,2,0.6027768408646097,8,0.15430353120185486,3,0.09583647409440182,6,0.06299147954113439,13,0.03129694287044132,3,6.0,4.0
6,3,2,False,2,0.6027768408646097,8,0.15430353120185486,3,0.09583647409440182,6,0.06299147954113439,13,0.03129694287044132,3,6.0,4.0
6,13,13,True,13,0.7771102402499461,2,0.2228897597500538,1,0.0,0,0.0,4,0.0,1,5.0,3.0
6,13,8,False,8,0.30127872522700216,6,0.28243962677404244,2,0.26206544892417816,13,0.15421619907477685,3,0.0,4,5.0,1.0
6,2,3,False,3,0.3322604337402727,6,0.2592353846485764,2,0.20234355358640524,13,0.10422933397782302,10,0.07992718368953476,3,6.0,2.0
6,2,2,True,2,0.4095588742612734,8,0.28613296318404663,6,0.1630506684577891,13,0.1412574940968903,3,0.0,1,5.0,4.0
6,2,3,False,3,0.3322604337402727,6,0.2592353846485764,2,0.20234355358640524,13,0.10422933397782302,10,0.07992718368953476,3,6.0,2.0
6,2,3,False,3,0.3396153437642336,2,0.27119181021273686,8,0.18730318205087312,6,0.14201569400246883,13,0.059873969969687295,2,6.0,1.0
6,1,3,False,3,0.36089375342273444,2,0.31253177090168016,6,0.12305850887930406,10,0.11725387810098668,1,0.0848585799233644,5,7.0,2.0
6,2,2,True,2,0.6944176360893854,3,0.17532600050380065,0,0.1267079763100395,6,0.0035483870967741938,1,0.0,1,8.0,3.0
6,2,2,True,2,0.8033712856422954,12,0.09620199610331187,6,0.09591058922213415,3,0.004516129032258064,0,0.0,1,11.0,3.0
6,2,3,False,3,0.44158087635918186,6,0.2958366256930646,2,0.22396094402442515,13,0.03862155392332875,0,0.0,3,7.0,3.0
6,2,2,True,2,0.9928333333333333,13,0.0025,1,0.002,9,0.0016666666666666668,5,0.001,1,19.0,0.0
6,2,3,False,3,0.909047619047619,2,0.08119047619047619,6,0.009761904761904762,1,0.0,0,0.0,2,19.0,4.0
6,2,2,True,2,0.32505904520961953,1,0.24470120666911044,3,0.23527743991035635,6,0.06587713833937255,8,0.06068390916928185,1,7.0,4.0
6,2,3,False,3,0.2975556523895577,2,0.26605790845494703,4,0.20547104520416373,6,0.11152168444889293,5,0.0944370587425995,2,8.0,0.0
6,13,2,False,2,0.36193152173650533,3,0.254948728701861,6,0.2305936901434315,13,0.1312105150477624,7,0.02131554437043978,4,6.0,3.0
6,2,2,True,2,0.5130682095682095,12,0.18501190476190468,7,0.10730003330003328,11,0.10109271284271287,5,0.09352713952713945,1,16.0,2.0
7,0,2,False,2,0.99,3,0.01,1,0.0,0,0.0,4,0.0,4,17.0,3.0
7,4,9,False,9,0.8798650793650793,2,0.08484126984126984,7,0.02241269841269842,0,0.008714285714285714,3,0.004166666666666667,8,14.0,5.0
7,4,2,False,2,0.3455525562328966,3,0.253155446033155,1,0.15005695585803944,9,0.09578357220694679,6,0.07855887778372299,9,8.0,4.0
7,1,2,False,2,0.4150335497835499,3,0.40086183261183256,1,0.15981890331890328,5,0.01,6,0.01,3,12.0,1.0
7,2,3,False,3,0.3884066377808639,2,0.35526154560094164,0,0.2519200519123119,5,0.0026470588235294116,6,0.0017647058823529412,2,9.0,0.0
7,0,2,False,2,0.5681377682774741,0,0.22832986131515542,12,0.09942937617937617,6,0.0952141053391053,3,0.006666666666666666,2,10.0,2.0
7,0,6,False,6,0.5702445062247692,2,0.2151086194507246,0,0.1073203587348324,7,0.10132651558967344,1,0.004,3,10.0,6.0
7,0,2,False,2,0.24300072803013972,9,0.21814095055271526,0,0.20410382917735856,11,0.11417772913361146,3,0.10950999817176289,3,9.0,4.0
7,0,2,False,2,0.8376582105376861,3,0.0838117387372502,0,0.07418222463810699,6,0.004347826086956522,1,0.0,3,8.0,3.0
7,4,2,False,2,0.3353378245058765,3,0.26279278433829256,4,0.25554274676851113,10,0.06719619102724997,7,0.04210303991261291,3,8.0,2.0
7,2,2,True,2,0.6503023956719608,9,0.2135345994585123,0,0.12051083095648309,1,0.01,3,0.004347826086956522,1,13.0,5.0
7,2,2,True,2,0.6924786824372738,6,0.2127847494782479,7,0.0887365680844783,1,0.004,5,0.002,1,7.0,6.0
7,2,2,True,2,0.99,3,0.01,1,0.0,0,0.0,4,0.0,1,17.0,3.0
7,2,2,True,2,0.30689661705386817,3,0.2687760306732408,6,0.2510198850842835,13,0.15323840874376726,7,0.0200690584448398,1,6.0,3.0
7,2,2,True,2,0.8037522023302072,7,0.18336507936507931,3,0.005677749360613811,6,0.004347826086956522,0,0.0014285714285714286,1,12.0,3.0
7,6,3,False,3,0.6329206414500532,2,0.3656507871213753,6,0.0014285714285714286,1,0.0,0,0.0,3,14.0,4.0
7,6,2,False,2,0.5100844155844155,7,0.24923593073593073,1,0.24067965367965363,0,0.0,3,0.0,8,12.0,4.0
7,7,2,False,2,0.6924786824372738,6,0.2127847494782479,7,0.0887365680844783,1,0.004,5,0.002,3,7.0,6.0
7,7,3,False,3,0.23738238245570045,11,0.1967325117235976,2,0.1442706479366478,6,0.1407205125573155,7,0.13909811000610686,5,15.0,2.0
7,2,2,True,2,0.7249664031620552,6,0.1322901060292364,12,0.13224314574314575,1,0.0044444444444444444,3,0.00391304347826087,1,11.0,3.0
7,6,3,False,3,0.53162614212454,2,0.25567452245408023,6,0.16856144624262492,10,0.022568783925321106,7,0.02156910525343392,3,15.0,1.0
7,6,3,False,3,0.3807520438961719,2,0.29518460917487865,6,0.2863778890342764,13,0.037685457894672994,0,0.0,3,7.0,3.0
7,6,2,False,2,0.31718940798417017,3,0.3055111303323116,8,0.2025797921659712,6,0.13488107668041527,13,0.039838592837131426,4,6.0,1.0
7,6,2,False,2,0.30689661705386817,3,0.2687760306732408,6,0.2510198850842835,13,0.15323840874376726,7,0.0200690584448398,3,6.0,3.0
7,8,2,False,2,0.542907019880704,13,0.23495881457723555,6,0.11447737058263367,8,0.10765679495942654,3,0.0,4,5.0,4.0
7,2,3,False,3,0.3884066377808639,2,0.35526154560094164,0,0.2519200519123119,5,0.0026470588235294116,6,0.0017647058823529412,2,9.0,0.0
7,2,2,True,2,0.46445125707625706,0,0.2061048534798535,3,0.1976712315462315,7,0.11177265789765788,1,0.01,1,12.0,6.0
7,3,2,False,2,0.41274563265214775,4,0.21703568564293424,3,0.15411687406049024,1,0.12998547924421186,8,0.08611632840021582,3,8.0,1.0
7,6,3,False,3,0.495519894685563,2,0.308039974919787,6,0.13767497590427996,9,0.058765154490369856,0,0.0,3,16.0,4.0
7,7,2,False,2,0.6562420634920634,9,0.19134126984126984,0,0.15241666666666664,1,0.0,4,0.0,9,16.0,5.0
7,6,3,False,3,0.53162614212454,2,0.25567452245408023,6,0.16856144624262492,10,0.022568783925321106,7,0.02156910525343392,3,15.0,1.0
7,6,6,True,6,0.5702445062247692,2,0.2151086194507246,0,0.1073203587348324,7,0.10132651558967344,1,0.004,1,10.0,6.0
7,6,3,False,3,0.7496029953293951,2,0.19680476014505843,6,0.031022446628309493,7,0.02009505042248957,12,0.0015656565656565658,3,14.0,2.0
7,3,3,True,3,0.44738403289706336,2,0.28123559709633084,6,0.16607330106287224,10,0.1053070689437337,0,0.0,1,16.0,1.0
7,2,3,False,3,0.5044997045438223,6,0.2664593445769916,2,0.2263938920556566,5,0.0026470588235294116,0,0.0,3,13.0,0.0
7,6,3,False,3,0.53162614212454,2,0.25567452245408023,6,0.16856144624262492,10,0.022568783925321106,7,0.02156910525343392,3,15.0,1.0
7,6,3,False,3,0.5114388619764004,6,0.25613981577036193,2,0.12225524772857271,11,0.04111761542347901,5,0.02222970646658654,2,15.0,0.0
7,6,3,False,3,0.6647823633273628,6,0.13707343428101687,2,0.1323588724955223,9,0.03629692074916278,7,0.029488409146935353,2,15.0,4.0
7,6,3,False,3,0.23738238245570045,11,0.1967325117235976,2,0.1442706479366478,6,0.1407205125573155,7,0.13909811000610686,4,15.0,2.0
7,6,3,False,3,0.3696793355853684,2,0.31663643089841953,10,0.14618822621235977,1,0.11079364310292028,6,0.05670236420093175,5,7.0,2.0
7,8,2,False,2,0.31718940798417017,3,0.3055111303323116,8,0.2025797921659712,6,0.13488107668041527,13,0.039838592837131426,3,6.0,1.0
7,6,3,False,3,0.3696793355853684,2,0.31663643089841953,10,0.14618822621235977,1,0.11079364310292028,6,0.05670236420093175,5,7.0,2.0
7,6,3,False,3,0.3807520438961719,2,0.29518460917487865,6,0.2863778890342764,13,0.037685457894672994,0,0.0,3,7.0,3.0
7,6,2,False,2,0.30689661705386817,3,0.2687760306732408,6,0.2510198850842835,13,0.15323840874376726,7,0.0200690584448398,3,6.0,3.0
7,8,2,False,2,0.542907019880704,13,0.23495881457723555,6,0.11447737058263367,8,0.10765679495942654,3,0.0,4,5.0,4.0
7,6,3,False,3,0.3421343646748067,6,0.2587602650641398,2,0.22165861149905236,13,0.07663730161084031,10,0.07519045524457901,2,6.0,2.0
7,7,2,False,2,0.5332633791329444,3,0.4532583599974903,1,0.01,0,0.0017391304347826085,7,0.0008695652173913043,5,12.0,5.0
7,8,2,False,2,0.542907019880704,13,0.23495881457723555,6,0.11447737058263367,8,0.10765679495942654,3,0.0,4,5.0,4.0
7,6,3,False,3,0.495519894685563,2,0.308039974919787,6,0.13767497590427996,9,0.058765154490369856,0,0.0,3,16.0,4.0
7,6,2,False,2,0.542907019880704,13,0.23495881457723555,6,0.11447737058263367,8,0.10765679495942654,3,0.0,3,5.0,4.0
7,8,2,False,2,0.31718940798417017,3,0.3055111303323116,8,0.2025797921659712,6,0.13488107668041527,13,0.039838592837131426,3,6.0,1.0
7,2,2,True,2,0.7281309523809522,3,0.2650912698412697,5,0.0022222222222222222,1,0.0016666666666666666,8,0.0013333333333333333,1,6.0,5.0
7,2,1,False,1,0.3378055555555555,5,0.30531372549019603,7,0.27168589743589733,2,0.05062363453539925,3,0.01682046711458476,4,12.0,0.0
7,2,2,True,2,0.9667539682539683,6,0.015984126984126983,7,0.009261904761904763,8,0.005,13,0.003,1,5.0,6.0
7,2,2,True,2,0.37652296128812457,3,0.2758430950131515,9,0.10396567795659864,7,0.06329829685129186,12,0.062349283972335516,1,9.0,5.0
7,2,2,True,2,0.8376582105376861,3,0.0838117387372502,0,0.07418222463810699,6,0.004347826086956522,1,0.0,1,8.0,3.0
7,9,2,False,2,0.5873938283938285,3,0.25731113331113314,9,0.1452950382950383,1,0.01,4,0.0,3,13.0,4.0
7,3,3,True,3,0.5114388619764004,6,0.25613981577036193,2,0.12225524772857271,11,0.04111761542347901,5,0.02222970646658654,1,15.0,0.0
7,2,2,True,2,0.9915942028985506,3,0.0055072463768115944,6,0.002028985507246377,1,0.0002898550724637681,7,0.0002898550724637681,1,15.0,6.0
7,2,2,True,2,0.9811111111111112,6,0.01,3,0.006666666666666666,10,0.0022222222222222222,0,0.0,1,11.0,2.0
7,9,1,False,1,0.5112539682539682,2,0.25322619047619044,5,0.2355198412698412,0,0.0,3,0.0,10,18.0,0.0
7,2,2,True,2,0.7671269841269843,3,0.22401587301587295,7,0.003285714285714286,1,0.003142857142857143,0,0.001,1,10.0,4.0
7,2,2,True,2,0.542907019880704,13,0.23495881457723555,6,0.11447737058263367,8,0.10765679495942654,3,0.0,1,5.0,4.0
7,3,3,True,3,0.5134114602324817,2,0.20115258306379882,6,0.1846481046257443,11,0.041762888806960954,10,0.039735109002316096,1,15.0,3.0
7,3,3,True,3,0.5114388619764004,6,0.25613981577036193,2,0.12225524772857271,11,0.04111761542347901,5,0.02222970646658654,1,15.0,0.0
7,3,2,False,2,0.6279206516307909,3,0.3598571261469868,6,0.01,10,0.0022222222222222222,0,0.0,2,12.0,2.0
7,2,2,True,2,1.0,0,0.0,1,0.0,3,0.0,4,0.0,1,17.0,6.0
7,2,2,True,2,0.5600706178925992,6,0.18867823426143857,0,0.16532413922506797,3,0.07592700862089406,1,0.01,1,11.0,6.0
7,2,2,True,2,0.24300072803013972,9,0.21814095055271526,0,0.20410382917735856,11,0.11417772913361146,3,0.10950999817176289,1,9.0,4.0
7,2,2,True,2,0.9811111111111112,6,0.01,3,0.006666666666666666,10,0.0022222222222222222,0,0.0,1,11.0,2.0
7,3,2,False,2,0.5896026848968027,3,0.4103973151031973,1,0.0,0,0.0,4,0.0,2,14.0,0.0
7,3,3,True,3,0.3696793355853684,2,0.31663643089841953,10,0.14618822621235977,1,0.11079364310292028,6,0.05670236420093175,1,7.0,2.0
7,10,3,False,3,0.53162614212454,2,0.25567452245408023,6,0.16856144624262492,10,0.022568783925321106,7,0.02156910525343392,4,15.0,1.0
7,3,3,True,3,0.38991283505409735,2,0.27222104543054443,6,0.19722520656942386,5,0.12265285834964772,11,0.01798805459628646,1,7.0,0.0
7,3,3,True,3,0.3807520438961719,2,0.29518460917487865,6,0.2863778890342764,13,0.037685457894672994,0,0.0,1,7.0,3.0
7,3,3,True,3,0.3807520438961719,2,0.29518460917487865,6,0.2863778890342764,13,0.037685457894672994,0,0.0,1,7.0,3.0
7,10,3,False,3,0.44738403289706336,2,0.28123559709633084,6,0.16607330106287224,10,0.1053070689437337,0,0.0,4,16.0,1.0
7,3,2,False,2,0.31718940798417017,3,0.3055111303323116,8,0.2025797921659712,6,0.13488107668041527,13,0.039838592837131426,2,6.0,1.0
7,3,3,True,3,0.38991283505409735,2,0.27222104543054443,6,0.19722520656942386,5,0.12265285834964772,11,0.01798805459628646,1,7.0,0.0
7,3,2,False,2,0.31718940798417017,3,0.3055111303323116,8,0.2025797921659712,6,0.13488107668041527,13,0.039838592837131426,2,6.0,1.0
7,3,2,False,2,0.31718940798417017,3,0.3055111303323116,8,0.2025797921659712,6,0.13488107668041527,13,0.039838592837131426,2,6.0,1.0
7,3,6,False,6,0.38628953663229043,3,0.29706275497303514,2,0.21643983910999162,11,0.08318096711295209,13,0.01702690217173057,2,6.0,0.0
7,2,2,True,2,1.0,0,0.0,1,0.0,3,0.0,4,0.0,1,18.0,6.0
7,3,3,True,3,0.3807520438961719,2,0.29518460917487865,6,0.2863778890342764,13,0.037685457894672994,0,0.0,1,7.0,3.0
7,1,2,False,2,0.5067155903510796,3,0.1950111360289849,5,0.17113700379577346,1,0.12713626982416185,0,0.0,4,7.0,5.0
7,1,2,False,2,0.5067155903510796,3,0.1950111360289849,5,0.17113700379577346,1,0.12713626982416185,0,0.0,4,7.0,5.0
7,3,2,False,2,0.8575555555555556,5,0.07858333333333334,0,0.027000000000000003,1,0.01908333333333333,3,0.01,5,18.0,3.0
7,2,2,True,2,1.0,0,0.0,1,0.0,3,0.0,4,0.0,1,18.0,6.0
7,3,3,True,3,0.6329206414500532,2,0.3656507871213753,6,0.0014285714285714286,1,0.0,0,0.0,1,14.0,4.0
7,3,3,True,3,0.591122589467142,2,0.23342412543659002,6,0.08268095718020964,7,0.0461190732820367,5,0.04085960384037061,1,13.0,2.0
7,3,3,True,3,0.3610114052603299,2,0.26757107077029935,8,0.26138879845268315,6,0.08941449508583502,4,0.020614230430852358,1,7.0,1.0
7,3,3,True,3,0.38991283505409735,2,0.27222104543054443,6,0.19722520656942386,5,0.12265285834964772,11,0.01798805459628646,1,7.0,0.0
7,5,3,False,3,0.38991283505409735,2,0.27222104543054443,6,0.19722520656942386,5,0.12265285834964772,11,0.01798805459628646,4,7.0,0.0
7,1,3,False,3,0.2840077233066299,2,0.2808276652198134,1,0.1995906736708234,6,0.09233619423981067,8,0.08566804758465818,3,7.0,4.0
7,2,2,True,2,0.7249664031620552,6,0.1322901060292364,12,0.13224314574314575,1,0.0044444444444444444,3,0.00391304347826087,1,11.0,3.0
7,2,3,False,3,0.23738238245570045,11,0.1967325117235976,2,0.1442706479366478,6,0.1407205125573155,7,0.13909811000610686,3,15.0,2.0
7,2,3,False,3,0.44738403289706336,2,0.28123559709633084,6,0.16607330106287224,10,0.1053070689437337,0,0.0,2,16.0,1.0
7,2,2,True,2,0.8575555555555556,5,0.07858333333333334,0,0.027000000000000003,1,0.01908333333333333,3,0.01,1,18.0,3.0
7,2,3,False,3,0.23738238245570045,11,0.1967325117235976,2,0.1442706479366478,6,0.1407205125573155,7,0.13909811000610686,3,15.0,2.0
7,3,3,True,3,0.5114388619764004,6,0.25613981577036193,2,0.12225524772857271,11,0.04111761542347901,5,0.02222970646658654,1,15.0,0.0
7,3,3,True,3,0.591122589467142,2,0.23342412543659002,6,0.08268095718020964,7,0.0461190732820367,5,0.04085960384037061,1,13.0,2.0
7,3,2,False,2,0.5896026848968027,3,0.4103973151031973,1,0.0,0,0.0,4,0.0,2,14.0,0.0
7,3,3,True,3,0.5493212376924016,2,0.23655232221600497,7,0.07390023219179229,0,0.06712838809386124,4,0.06650885321697339,1,14.0,3.0
7,2,3,False,3,0.44738403289706336,2,0.28123559709633084,6,0.16607330106287224,10,0.1053070689437337,0,0.0,2,16.0,1.0
7,3,3,True,3,0.5114388619764004,6,0.25613981577036193,2,0.12225524772857271,11,0.04111761542347901,5,0.02222970646658654,1,15.0,0.0
7,3,3,True,3,0.591122589467142,2,0.23342412543659002,6,0.08268095718020964,7,0.0461190732820367,5,0.04085960384037061,1,13.0,2.0
7,3,1,False,1,0.3378055555555555,5,0.30531372549019603,7,0.27168589743589733,2,0.05062363453539925,3,0.01682046711458476,5,12.0,0.0
7,2,2,True,2,0.4492592943467894,3,0.2742170165949274,9,0.13071199120647228,1,0.07806646835762461,0,0.0664408816680993,1,11.0,5.0
7,3,3,True,3,0.3421343646748067,6,0.2587602650641398,2,0.22165861149905236,13,0.07663730161084031,10,0.07519045524457901,1,6.0,2.0
7,3,2,False,2,0.3640640589749352,3,0.23890682795815418,0,0.22499380511336128,7,0.07437775759304616,11,0.04988964990712312,2,10.0,5.0
7,2,2,True,2,0.30689661705386817,3,0.2687760306732408,6,0.2510198850842835,13,0.15323840874376726,7,0.0200690584448398,1,6.0,3.0
7,3,3,True,3,0.3421343646748067,6,0.2587602650641398,2,0.22165861149905236,13,0.07663730161084031,10,0.07519045524457901,1,6.0,2.0
7,2,2,True,2,0.30689661705386817,3,0.2687760306732408,6,0.2510198850842835,13,0.15323840874376726,7,0.0200690584448398,1,6.0,3.0
7,3,3,True,3,0.3421343646748067,6,0.2587602650641398,2,0.22165861149905236,13,0.07663730161084031,10,0.07519045524457901,1,6.0,2.0
7,2,8,False,8,0.32082586456035095,6,0.2784567227167172,2,0.20249851922094142,13,0.19821889350199007,3,0.0,3,5.0,1.0
7,3,3,True,3,0.5134114602324817,2,0.20115258306379882,6,0.1846481046257443,11,0.041762888806960954,10,0.039735109002316096,1,15.0,3.0
7,2,2,True,2,1.0,0,0.0,1,0.0,3,0.0,4,0.0,1,14.0,6.0
7,3,3,True,3,0.3421343646748067,6,0.2587602650641398,2,0.22165861149905236,13,0.07663730161084031,10,0.07519045524457901,1,6.0,2.0
7,2,2,True,2,0.6615303141560881,6,0.17523258638506306,3,0.08533349145694345,1,0.07361789371619092,8,0.004285714285714285,1,11.0,1.0
7,2,2,True,2,0.8376582105376861,3,0.0838117387372502,0,0.07418222463810699,6,0.004347826086956522,1,0.0,1,8.0,3.0
7,3,2,False,2,0.8376582105376861,3,0.0838117387372502,0,0.07418222463810699,6,0.004347826086956522,1,0.0,2,8.0,3.0
7,3,2,False,2,0.46612157287157296,1,0.37146933621933603,3,0.15812337662337655,8,0.004285714285714285,4,0.0,3,9.0,1.0
7,3,2,False,2,0.41274563265214775,4,0.21703568564293424,3,0.15411687406049024,1,0.12998547924421186,8,0.08611632840021582,3,8.0,1.0
7,3,2,False,2,0.3353378245058765,3,0.26279278433829256,4,0.25554274676851113,10,0.06719619102724997,7,0.04210303991261291,2,8.0,2.0
7,3,3,True,3,0.30892745456081605,2,0.2807439037429812,4,0.21154896895624806,6,0.09167966012227141,5,0.08308811933893452,1,8.0,0.0
7,3,2,False,2,0.8376582105376861,3,0.0838117387372502,0,0.07418222463810699,6,0.004347826086956522,1,0.0,2,8.0,3.0
7,3,3,True,3,0.3884066377808639,2,0.35526154560094164,0,0.2519200519123119,5,0.0026470588235294116,6,0.0017647058823529412,1,9.0,0.0
7,12,2,False,2,0.37652296128812457,3,0.2758430950131515,9,0.10396567795659864,7,0.06329829685129186,12,0.062349283972335516,5,9.0,5.0
7,3,3,True,3,0.44738403289706336,2,0.28123559709633084,6,0.16607330106287224,10,0.1053070689437337,0,0.0,1,16.0,1.0
7,3,2,False,2,0.5896026848968027,3,0.4103973151031973,1,0.0,0,0.0,4,0.0,2,14.0,0.0
7,3,3,True,3,0.6329206414500532,2,0.3656507871213753,6,0.0014285714285714286,1,0.0,0,0.0,1,14.0,4.0
7,3,3,True,3,0.5134114602324817,2,0.20115258306379882,6,0.1846481046257443,11,0.041762888806960954,10,0.039735109002316096,1,15.0,3.0
7,2,2,True,2,0.6615303141560881,6,0.17523258638506306,3,0.08533349145694345,1,0.07361789371619092,8,0.004285714285714285,1,11.0,1.0
7,12,2,False,2,0.6170832446538967,12,0.20836721611721606,0,0.08624721112221109,7,0.08004145854145854,6,0.004347826086956522,2,10.0,3.0
7,3,2,False,2,0.46612157287157296,1,0.37146933621933603,3,0.15812337662337655,8,0.004285714285714285,4,0.0,3,9.0,1.0
7,3,2,False,2,0.46612157287157296,1,0.37146933621933603,3,0.15812337662337655,8,0.004285714285714285,4,0.0,3,9.0,1.0
7,2,2,True,2,1.0,0,0.0,1,0.0,3,0.0,4,0.0,1,18.0,6.0
7,3,2,False,2,0.4492592943467894,3,0.2742170165949274,9,0.13071199120647228,1,0.07806646835762461,0,0.0664408816680993,2,11.0,5.0
7,12,2,False,2,0.6005253357753357,12,0.11813414363414358,11,0.10221109446109447,7,0.09319903707403705,5,0.08593038905538904,2,16.0,2.0
7,5,3,False,3,0.5114388619764004,6,0.25613981577036193,2,0.12225524772857271,11,0.04111761542347901,5,0.02222970646658654,5,15.0,0.0
7,5,3,False,3,0.23738238245570045,11,0.1967325117235976,2,0.1442706479366478,6,0.1407205125573155,7,0.13909811000610686,6,15.0,2.0
7,3,2,False,2,0.4150335497835499,3,0.40086183261183256,1,0.15981890331890328,5,0.01,6,0.01,2,12.0,1.0
7,2,2,True,2,0.7249664031620552,6,0.1322901060292364,12,0.13224314574314575,1,0.0044444444444444444,3,0.00391304347826087,1,11.0,3.0
7,2,2,True,2,0.5873938283938285,3,0.25731113331113314,9,0.1452950382950383,1,0.01,4,0.0,1,13.0,4.0
7,2,3,False,3,0.5114388619764004,6,0.25613981577036193,2,0.12225524772857271,11,0.04111761542347901,5,0.02222970646658654,3,15.0,0.0
7,3,3,True,3,0.53162614212454,2,0.25567452245408023,6,0.16856144624262492,10,0.022568783925321106,7,0.02156910525343392,1,15.0,1.0
7,2,2,True,2,0.5378179993467147,6,0.26851367820495553,0,0.12266049456257083,3,0.0667221136000447,8,0.004285714285714285,1,10.0,1.0
7,2,6,False,6,0.38628953663229043,3,0.29706275497303514,2,0.21643983910999162,11,0.08318096711295209,13,0.01702690217173057,3,6.0,0.0
7,13,13,True,13,0.7812287573537573,2,0.21877124264624254,1,0.0,0,0.0,4,0.0,1,5.0,3.0
7,2,3,False,3,0.3696793355853684,2,0.31663643089841953,10,0.14618822621235977,1,0.11079364310292028,6,0.05670236420093175,2,7.0,2.0
7,2,3,False,3,0.3421343646748067,6,0.2587602650641398,2,0.22165861149905236,13,0.07663730161084031,10,0.07519045524457901,3,6.0,2.0
7,2,3,False,3,0.5114388619764004,6,0.25613981577036193,2,0.12225524772857271,11,0.04111761542347901,5,0.02222970646658654,3,15.0,0.0
7,2,2,True,2,0.6170832446538967,12,0.20836721611721606,0,0.08624721112221109,7,0.08004145854145854,6,0.004347826086956522,1,10.0,3.0
7,11,6,False,6,0.38628953663229043,3,0.29706275497303514,2,0.21643983910999162,11,0.08318096711295209,13,0.01702690217173057,4,6.0,0.0
7,13,3,False,3,0.3421343646748067,6,0.2587602650641398,2,0.22165861149905236,13,0.07663730161084031,10,0.07519045524457901,4,6.0,2.0
7,11,2,False,2,0.5510894156190825,8,0.19260952774021164,3,0.14118995480916455,6,0.05558105357743642,0,0.031281777615641444,13,6.0,4.0
7,2,2,True,2,0.5510894156190825,8,0.19260952774021164,3,0.14118995480916455,6,0.05558105357743642,0,0.031281777615641444,1,6.0,4.0
7,2,3,False,3,0.3421343646748067,6,0.2587602650641398,2,0.22165861149905236,13,0.07663730161084031,10,0.07519045524457901,3,6.0,2.0
7,2,2,True,2,0.5534769478887127,6,0.4394642285818755,3,0.004411764705882353,5,0.0026470588235294116,0,0.0,1,10.0,0.0
7,2,2,True,2,0.7249664031620552,6,0.1322901060292364,12,0.13224314574314575,1,0.0044444444444444444,3,0.00391304347826087,1,11.0,3.0
7,2,2,True,2,0.8846482698587956,9,0.11535173014120378,1,0.0,0,0.0,4,0.0,1,17.0,0.0
7,2,1,False,1,0.5112539682539682,2,0.25322619047619044,5,0.2355198412698412,0,0.0,3,0.0,2,18.0,0.0
7,2,3,False,3,0.38991283505409735,2,0.27222104543054443,6,0.19722520656942386,5,0.12265285834964772,11,0.01798805459628646,2,7.0,0.0
7,2,2,True,2,0.8376582105376861,3,0.0838117387372502,0,0.07418222463810699,6,0.004347826086956522,1,0.0,1,8.0,3.0
7,2,3,False,3,0.3610114052603299,2,0.26757107077029935,8,0.26138879845268315,6,0.08941449508583502,4,0.020614230430852358,2,7.0,1.0
7,2,3,False,3,0.5244710150420037,2,0.2774065074163611,6,0.06937377253975993,7,0.05635782147240263,12,0.04023568937166294,2,14.0,1.0
7,2,3,False,3,0.3807520438961719,2,0.29518460917487865,6,0.2863778890342764,13,0.037685457894672994,0,0.0,2,7.0,3.0
7,2,2,True,2,0.41274563265214775,4,0.21703568564293424,3,0.15411687406049024,1,0.12998547924421186,8,0.08611632840021582,1,8.0,1.0
7,2,2,True,2,0.6615303141560881,6,0.17523258638506306,3,0.08533349145694345,1,0.07361789371619092,8,0.004285714285714285,1,11.0,1.0
7,13,2,False,2,0.31718940798417017,3,0.3055111303323116,8,0.2025797921659712,6,0.13488107668041527,13,0.039838592837131426,5,6.0,1.0
7,2,3,False,3,0.2840077233066299,2,0.2808276652198134,1,0.1995906736708234,6,0.09233619423981067,8,0.08566804758465818,2,7.0,4.0
7,2,3,False,3,0.3696793355853684,2,0.31663643089841953,10,0.14618822621235977,1,0.11079364310292028,6,0.05670236420093175,2,7.0,2.0
8,2,2,True,2,0.33775816527389585,6,0.28153561228533514,3,0.23878895184682303,13,0.12025977563764025,7,0.017916754215564993,1,6.0,3.0
8,2,2,True,2,0.9684848484848484,6,0.012727272727272728,1,0.01,3,0.008787878787878787,0,0.0,1,13.0,6.0
8,0,2,False,2,0.5466873728266916,3,0.30480065224593067,9,0.11851197492737742,0,0.011111111111111112,1,0.01,4,11.0,5.0
8,4,3,False,3,0.343897376793911,2,0.31869796817400947,8,0.2688995777811031,6,0.06850507725097599,0,0.0,6,7.0,1.0
8,0,2,False,2,0.32769992589110225,0,0.23012697678138838,9,0.2079199713685007,11,0.10877729215229218,3,0.10047583380671612,2,9.0,4.0
8,4,3,False,3,0.3571409385010916,2,0.2575624184582652,4,0.19458631648525812,6,0.10118741297351193,5,0.06469264842558851,3,8.0,0.0
8,0,2,False,2,0.414125369960277,0,0.37294428322795187,3,0.13407819561759188,1,0.06385215119417903,7,0.01,2,9.0,3.0
8,0,2,False,2,0.3086579994092304,3,0.2927533701775497,0,0.18442931701707024,7,0.10098588266739221,11,0.05662379637269132,3,10.0,5.0
8,4,3,False,3,0.3093093987310193,2,0.27478315789156915,4,0.2548971236546011,10,0.07178842632701486,7,0.0388824808445654,3,8.0,2.0
8,0,6,False,6,0.560941919191919,7,0.24962085137085135,0,0.15518722943722943,2,0.023361111111111114,3,0.005555555555555556,3,9.0,6.0
8,2,0,False,0,0.30598803655924384,2,0.23121338508412811,3,0.16079976181369365,7,0.14537388402790874,12,0.14294072198870952,2,9.0,2.0
8,2,3,False,3,0.3093093987310193,2,0.27478315789156915,4,0.2548971236546011,10,0.07178842632701486,7,0.0388824808445654,2,8.0,2.0
8,2,2,True,2,0.5354939764827535,6,0.19490814268291046,0,0.1869883869999969,3,0.07189520812005329,1,0.010714285714285714,1,11.0,6.0
8,2,2,True,2,0.4110372779095689,3,0.37126667153795617,0,0.20626747912390317,6,0.010714285714285714,5,0.0007142857142857143,1,9.0,0.0
8,2,2,True,2,0.6061355240906326,6,0.19903094531887103,7,0.16420571396267988,3,0.012730380730380731,4,0.01,1,7.0,6.0
8,1,2,False,2,0.5466873728266916,3,0.30480065224593067,9,0.11851197492737742,0,0.011111111111111112,1,0.01,5,11.0,5.0
8,2,2,True,2,0.48400213838449124,12,0.21354529539088352,5,0.10775320757673695,7,0.09577204168380637,11,0.0930939836307483,1,16.0,2.0
8,6,3,False,3,0.5440066377152307,6,0.21671285248577196,2,0.15299081044957405,7,0.0289553507744975,11,0.027768270163098283,2,15.0,0.0
8,6,3,False,3,0.5440066377152307,6,0.21671285248577196,2,0.15299081044957405,7,0.0289553507744975,11,0.027768270163098283,2,15.0,0.0
8,6,3,False,3,0.5578939151462929,2,0.17617930421770098,6,0.15447872433760357,10,0.04148556008170171,11,0.02153105084143834,3,15.0,3.0
8,7,2,False,2,0.2016576177744705,3,0.1755308426220361,11,0.1591977215875363,7,0.1565314727316165,6,0.14216090836776415,4,15.0,2.0
8,6,6,True,6,0.6260217025798865,0,0.18675250914189534,2,0.09943801715476906,7,0.0860196551814199,3,0.0017681159420289854,1,10.0,6.0
8,6,3,False,3,0.5042628859500117,2,0.25889729719258286,6,0.17233736536239122,10,0.039968471500199276,7,0.024533979994814728,3,15.0,1.0
8,6,3,False,3,0.5440066377152307,6,0.21671285248577196,2,0.15299081044957405,7,0.0289553507744975,11,0.027768270163098283,2,15.0,0.0
8,5,3,False,3,0.3571409385010916,2,0.2575624184582652,4,0.19458631648525812,6,0.10118741297351193,5,0.06469264842558851,5,8.0,0.0
8,6,3,False,3,0.5440066377152307,6,0.21671285248577196,2,0.15299081044957405,7,0.0289553507744975,11,0.027768270163098283,2,15.0,0.0
8,7,2,False,2,0.2930984848484849,9,0.2761836219336218,7,0.27538997113997105,0,0.12353787878787871,3,0.02439393939393939,3,15.0,5.0
8,6,3,False,3,0.32075744592191446,2,0.29818136920302535,8,0.21993416637664598,6,0.10174490233831505,13,0.05804878282676557,4,6.0,1.0
8,8,8,True,8,0.29899285857761093,6,0.2799208465682923,2,0.21087814473108588,13,0.21020815012301067,3,0.0,1,5.0,1.0
8,6,3,False,3,0.32722146043406775,2,0.2528512579342922,6,0.2226116549564855,13,0.09277510138374229,10,0.0770138269646559,3,6.0,2.0
8,2,2,True,2,0.650330808080808,9,0.16991810966810966,3,0.15252886002885996,1,0.01,6,0.01,1,13.0,4.0
8,6,3,False,3,0.5608333333333334,2,0.42966666666666664,6,0.003333333333333333,7,0.0025,0,0.002,3,17.0,4.0
8,6,3,False,3,0.5042628859500117,2,0.25889729719258286,6,0.17233736536239122,10,0.039968471500199276,7,0.024533979994814728,3,15.0,1.0
8,6,3,False,3,0.5042628859500117,2,0.25889729719258286,6,0.17233736536239122,10,0.039968471500199276,7,0.024533979994814728,3,15.0,1.0
8,6,3,False,3,0.6499153178415413,2,0.2198179722060175,6,0.04863802437324173,5,0.041762769546941705,7,0.036813284453310134,3,13.0,2.0
8,2,3,False,3,0.5556885778261286,2,0.2458923258773055,6,0.08617237556768023,1,0.040571638332281355,7,0.036436544427760925,2,14.0,1.0
8,3,3,True,3,0.45591005550817465,2,0.29217716180710446,6,0.1422714776719968,10,0.102224638346057,7,0.002972222222222222,1,16.0,1.0
8,3,3,True,3,0.45591005550817465,2,0.29217716180710446,6,0.1422714776719968,10,0.102224638346057,7,0.002972222222222222,1,16.0,1.0
8,2,3,False,3,0.5350705434772771,6,0.2497551808549755,2,0.1473956246817499,9,0.0567944880900696,10,0.004562594268476622,3,16.0,4.0
8,6,3,False,3,0.45591005550817465,2,0.29217716180710446,6,0.1422714776719968,10,0.102224638346057,7,0.002972222222222222,3,16.0,1.0
8,7,2,False,2,0.8199236596736595,7,0.1725763403263402,6,0.003333333333333333,3,0.0025,12,0.0008333333333333333,2,17.0,2.0
8,7,6,False,6,0.5976774172250179,7,0.2185208063350477,4,0.1499327288208866,2,0.015595238095238098,3,0.013214285714285713,2,8.0,6.0
8,6,3,False,3,0.4194612183643972,6,0.29519346272351077,2,0.25459850035940534,13,0.028524596330464388,8,0.0022222222222222222,2,7.0,3.0
8,6,3,False,3,0.3409265786917761,2,0.3269828873590781,10,0.12228291599862928,1,0.1180972032546625,6,0.08171041469585388,5,7.0,2.0
8,8,3,False,3,0.343897376793911,2,0.31869796817400947,8,0.2688995777811031,6,0.06850507725097599,0,0.0,3,7.0,1.0
8,8,3,False,3,0.32075744592191446,2,0.29818136920302535,8,0.21993416637664598,6,0.10174490233831505,13,0.05804878282676557,3,6.0,1.0
8,8,3,False,3,0.2860707299105612,2,0.25668549026702886,1,0.2157777230989707,6,0.12018771703737188,8,0.05970834350586077,5,7.0,4.0
8,6,3,False,3,0.32075744592191446,2,0.29818136920302535,8,0.21993416637664598,6,0.10174490233831505,13,0.05804878282676557,4,6.0,1.0
8,6,3,False,3,0.32075744592191446,2,0.29818136920302535,8,0.21993416637664598,6,0.10174490233831505,13,0.05804878282676557,4,6.0,1.0
8,6,6,True,6,0.39890565531140326,3,0.26252201169062483,2,0.21940269529579,11,0.09905447350533841,13,0.02011516419684334,1,6.0,0.0
8,6,3,False,3,0.343897376793911,2,0.31869796817400947,8,0.2688995777811031,6,0.06850507725097599,0,0.0,4,7.0,1.0
8,6,3,False,3,0.32722146043406775,2,0.2528512579342922,6,0.2226116549564855,13,0.09277510138374229,10,0.0770138269646559,3,6.0,2.0
8,2,3,False,3,0.3409265786917761,2,0.3269828873590781,10,0.12228291599862928,1,0.1180972032546625,6,0.08171041469585388,2,7.0,2.0
8,2,3,False,3,0.2860707299105612,2,0.25668549026702886,1,0.2157777230989707,6,0.12018771703737188,8,0.05970834350586077,2,7.0,4.0
8,2,2,True,2,0.39493357382211847,8,0.3422125604873282,6,0.1685808232445228,13,0.09427304244603006,3,0.0,1,5.0,4.0
8,2,3,False,3,0.2860707299105612,2,0.25668549026702886,1,0.2157777230989707,6,0.12018771703737188,8,0.05970834350586077,2,7.0,4.0
8,2,2,True,2,0.8120177110471226,6,0.09836103847133257,12,0.07518987793252499,3,0.009666666666666667,0,0.003,1,11.0,3.0
8,3,3,True,3,0.41490591644725755,2,0.3824122274928153,10,0.11597122459833178,5,0.06727514759062743,11,0.005277777777777777,1,16.0,3.0
8,2,3,False,3,0.45591005550817465,2,0.29217716180710446,6,0.1422714776719968,10,0.102224638346057,7,0.002972222222222222,2,16.0,1.0
8,3,3,True,3,0.6753885989921348,2,0.1955344753910823,6,0.0570735272275814,7,0.04867006505586834,0,0.01,1,14.0,2.0
8,2,2,True,2,0.6945559588405193,3,0.17942020702970013,0,0.11251421874516503,6,0.005,4,0.002548076923076923,1,8.0,3.0
8,2,2,True,2,0.9791176470588234,3,0.011876750700280112,6,0.004628851540616246,9,0.0033053221288515404,10,0.0010714285714285713,1,16.0,6.0
8,3,3,True,3,0.6499153178415413,2,0.2198179722060175,6,0.04863802437324173,5,0.041762769546941705,7,0.036813284453310134,1,13.0,2.0
8,3,3,True,3,0.5042628859500117,2,0.25889729719258286,6,0.17233736536239122,10,0.039968471500199276,7,0.024533979994814728,1,15.0,1.0
8,2,3,False,3,0.45591005550817465,2,0.29217716180710446,6,0.1422714776719968,10,0.102224638346057,7,0.002972222222222222,2,16.0,1.0
8,3,3,True,3,0.5042628859500117,2,0.25889729719258286,6,0.17233736536239122,10,0.039968471500199276,7,0.024533979994814728,1,15.0,1.0
8,2,2,True,2,0.414125369960277,0,0.37294428322795187,3,0.13407819561759188,1,0.06385215119417903,7,0.01,1,9.0,3.0
8,10,3,False,3,0.45591005550817465,2,0.29217716180710446,6,0.1422714776719968,10,0.102224638346057,7,0.002972222222222222,4,16.0,1.0
8,1,2,False,2,0.41898877414942814,1,0.19941449501688083,3,0.19706124446377163,5,0.16635030118473376,4,0.01,2,7.0,5.0
8,3,3,True,3,0.5440066377152307,6,0.21671285248577196,2,0.15299081044957405,7,0.0289553507744975,11,0.027768270163098283,1,15.0,0.0
8,3,3,True,3,0.32722146043406775,2,0.2528512579342922,6,0.2226116549564855,13,0.09277510138374229,10,0.0770138269646559,1,6.0,2.0
8,3,3,True,3,0.343897376793911,2,0.31869796817400947,8,0.2688995777811031,6,0.06850507725097599,0,0.0,1,7.0,1.0
8,3,3,True,3,0.5440066377152307,6,0.21671285248577196,2,0.15299081044957405,7,0.0289553507744975,11,0.027768270163098283,1,15.0,0.0
8,3,2,False,2,0.532145933649983,8,0.18754465715095978,3,0.12329136548404343,6,0.068471042789921,13,0.032251856946631165,3,6.0,4.0
8,3,3,True,3,0.41490591644725755,2,0.3824122274928153,10,0.11597122459833178,5,0.06727514759062743,11,0.005277777777777777,1,16.0,3.0
8,3,3,True,3,0.3872600770123057,2,0.25020132494459085,6,0.19935163999251787,5,0.14260381170774006,11,0.020583146342845308,1,7.0,0.0
8,3,3,True,3,0.6753885989921348,2,0.1955344753910823,6,0.0570735272275814,7,0.04867006505586834,0,0.01,1,14.0,2.0
8,3,3,True,3,0.3872600770123057,2,0.25020132494459085,6,0.19935163999251787,5,0.14260381170774006,11,0.020583146342845308,1,7.0,0.0
8,3,3,True,3,0.32722146043406775,2,0.2528512579342922,6,0.2226116549564855,13,0.09277510138374229,10,0.0770138269646559,1,6.0,2.0
8,3,3,True,3,0.32075744592191446,2,0.29818136920302535,8,0.21993416637664598,6,0.10174490233831505,13,0.05804878282676557,1,6.0,1.0
8,3,3,True,3,0.32075744592191446,2,0.29818136920302535,8,0.21993416637664598,6,0.10174490233831505,13,0.05804878282676557,1,6.0,1.0
8,3,2,False,2,0.33775816527389585,6,0.28153561228533514,3,0.23878895184682303,13,0.12025977563764025,7,0.017916754215564993,3,6.0,3.0
8,3,3,True,3,0.32075744592191446,2,0.29818136920302535,8,0.21993416637664598,6,0.10174490233831505,13,0.05804878282676557,1,6.0,1.0
8,3,3,True,3,0.32722146043406775,2,0.2528512579342922,6,0.2226116549564855,13,0.09277510138374229,10,0.0770138269646559,1,6.0,2.0
8,1,2,False,2,0.32769992589110225,0,0.23012697678138838,9,0.2079199713685007,11,0.10877729215229218,3,0.10047583380671612,11,9.0,4.0
8,2,3,False,3,0.343897376793911,2,0.31869796817400947,8,0.2688995777811031,6,0.06850507725097599,0,0.0,2,7.0,1.0
8,2,3,False,3,0.32075744592191446,2,0.29818136920302535,8,0.21993416637664598,6,0.10174490233831505,13,0.05804878282676557,2,6.0,1.0
8,2,2,True,2,0.6485317460317459,3,0.19894841269841274,0,0.05785714285714286,8,0.03383730158730159,6,0.033174603174603176,1,19.0,1.0
8,2,2,True,2,0.3086579994092304,3,0.2927533701775497,0,0.18442931701707024,7,0.10098588266739221,11,0.05662379637269132,1,10.0,5.0
8,2,3,False,3,0.3872600770123057,2,0.25020132494459085,6,0.19935163999251787,5,0.14260381170774006,11,0.020583146342845308,2,7.0,0.0
8,9,2,False,2,0.8308535631035632,0,0.14096461871461868,3,0.015454545454545453,1,0.01,6,0.002727272727272727,10,13.0,5.0
8,9,2,False,2,0.650330808080808,9,0.16991810966810966,3,0.15252886002885996,1,0.01,6,0.01,2,13.0,4.0
8,3,3,True,3,0.6753885989921348,2,0.1955344753910823,6,0.0570735272275814,7,0.04867006505586834,0,0.01,1,14.0,2.0
8,3,2,False,2,0.6281868805858741,3,0.3661289088878098,6,0.002631578947368421,0,0.002,1,0.0005263157894736842,2,12.0,2.0
8,3,3,True,3,0.5556885778261286,2,0.2458923258773055,6,0.08617237556768023,1,0.040571638332281355,7,0.036436544427760925,1,14.0,1.0
8,10,3,False,3,0.5440066377152307,6,0.21671285248577196,2,0.15299081044957405,7,0.0289553507744975,11,0.027768270163098283,12,15.0,0.0
8,3,2,False,2,0.5172534426913279,3,0.4643709916978123,6,0.014807692307692308,7,0.0018823529411764706,1,0.0016855203619909503,2,14.0,0.0
8,3,3,True,3,0.6499153178415413,2,0.2198179722060175,6,0.04863802437324173,5,0.041762769546941705,7,0.036813284453310134,1,13.0,2.0
8,3,2,False,2,0.6281868805858741,3,0.3661289088878098,6,0.002631578947368421,0,0.002,1,0.0005263157894736842,2,12.0,2.0
8,2,2,True,2,0.532145933649983,8,0.18754465715095978,3,0.12329136548404343,6,0.068471042789921,13,0.032251856946631165,1,6.0,4.0
8,3,3,True,3,0.5556885778261286,2,0.2458923258773055,6,0.08617237556768023,1,0.040571638332281355,7,0.036436544427760925,1,14.0,1.0
8,2,13,False,13,0.8636441475191472,2,0.13181039793539795,8,0.002727272727272727,6,0.0018181818181818182,3,0.0,2,5.0,3.0
8,3,3,True,3,0.343897376793911,2,0.31869796817400947,8,0.2688995777811031,6,0.06850507725097599,0,0.0,1,7.0,1.0
8,3,2,False,2,0.392257319769515,3,0.2223758289137613,9,0.11632052854403435,12,0.0986623484306483,0,0.05950486611970659,2,9.0,5.0
8,3,6,False,6,0.39890565531140326,3,0.26252201169062483,2,0.21940269529579,11,0.09905447350533841,13,0.02011516419684334,2,6.0,0.0
8,3,3,True,3,0.5578939151462929,2,0.17617930421770098,6,0.15447872433760357,10,0.04148556008170171,11,0.02153105084143834,1,15.0,3.0
8,3,3,True,3,0.3409265786917761,2,0.3269828873590781,10,0.12228291599862928,1,0.1180972032546625,6,0.08171041469585388,1,7.0,2.0
8,3,6,False,6,0.39890565531140326,3,0.26252201169062483,2,0.21940269529579,11,0.09905447350533841,13,0.02011516419684334,2,6.0,0.0
8,3,3,True,3,0.3872600770123057,2,0.25020132494459085,6,0.19935163999251787,5,0.14260381170774006,11,0.020583146342845308,1,7.0,0.0
8,3,3,True,3,0.5042628859500117,2,0.25889729719258286,6,0.17233736536239122,10,0.039968471500199276,7,0.024533979994814728,1,15.0,1.0
8,3,2,False,2,0.650330808080808,9,0.16991810966810966,3,0.15252886002885996,1,0.01,6,0.01,3,13.0,4.0
8,3,3,True,3,0.32722146043406775,2,0.2528512579342922,6,0.2226116549564855,13,0.09277510138374229,10,0.0770138269646559,1,6.0,2.0
8,3,3,True,3,0.343897376793911,2,0.31869796817400947,8,0.2688995777811031,6,0.06850507725097599,0,0.0,1,7.0,1.0
8,2,8,False,8,0.29899285857761093,6,0.2799208465682923,2,0.21087814473108588,13,0.21020815012301067,3,0.0,3,5.0,1.0
8,2,13,False,13,0.8466796272355094,2,0.060849535186129414,3,0.03191913686381948,6,0.030576305229966995,8,0.01976750700280112,2,5.0,0.0
8,9,2,False,2,0.8308535631035632,0,0.14096461871461868,3,0.015454545454545453,1,0.01,6,0.002727272727272727,10,13.0,5.0
8,3,3,True,3,0.3872600770123057,2,0.25020132494459085,6,0.19935163999251787,5,0.14260381170774006,11,0.020583146342845308,1,7.0,0.0
8,3,2,False,2,0.4110372779095689,3,0.37126667153795617,0,0.20626747912390317,6,0.010714285714285714,5,0.0007142857142857143,2,9.0,0.0
8,1,2,False,2,0.414125369960277,0,0.37294428322795187,3,0.13407819561759188,1,0.06385215119417903,7,0.01,4,9.0,3.0
8,3,2,False,2,0.4972675045973504,3,0.2119622486042596,11,0.14500502506273133,6,0.056041445857528085,1,0.046095342008240774,2,16.0,0.0
8,3,3,True,3,0.5440066377152307,6,0.21671285248577196,2,0.15299081044957405,7,0.0289553507744975,11,0.027768270163098283,1,15.0,0.0
8,2,6,False,6,0.6260217025798865,0,0.18675250914189534,2,0.09943801715476906,7,0.0860196551814199,3,0.0017681159420289854,3,10.0,6.0
8,3,3,True,3,0.6753885989921348,2,0.1955344753910823,6,0.0570735272275814,7,0.04867006505586834,0,0.01,1,14.0,2.0
8,3,3,True,3,0.6753885989921348,2,0.1955344753910823,6,0.0570735272275814,7,0.04867006505586834,0,0.01,1,14.0,2.0
8,2,3,False,3,0.5350705434772771,6,0.2497551808549755,2,0.1473956246817499,9,0.0567944880900696,10,0.004562594268476622,3,16.0,4.0
8,2,3,False,3,0.5578939151462929,2,0.17617930421770098,6,0.15447872433760357,10,0.04148556008170171,11,0.02153105084143834,2,15.0,3.0
8,2,2,True,2,0.9684848484848484,6,0.012727272727272728,1,0.01,3,0.008787878787878787,0,0.0,1,13.0,6.0
8,2,3,False,3,0.3093093987310193,2,0.27478315789156915,4,0.2548971236546011,10,0.07178842632701486,7,0.0388824808445654,2,8.0,2.0
8,2,2,True,2,0.42623228744939246,0,0.32427257464757453,12,0.12175049950049945,6,0.11006042787621732,11,0.01,1,10.0,2.0
8,12,0,False,0,0.30598803655924384,2,0.23121338508412811,3,0.16079976181369365,7,0.14537388402790874,12,0.14294072198870952,5,9.0,2.0
8,11,3,False,3,0.5578939151462929,2,0.17617930421770098,6,0.15447872433760357,10,0.04148556008170171,11,0.02153105084143834,5,15.0,3.0
8,2,2,True,2,0.3086579994092304,3,0.2927533701775497,0,0.18442931701707024,7,0.10098588266739221,11,0.05662379637269132,1,10.0,5.0
8,2,3,False,3,0.5042628859500117,2,0.25889729719258286,6,0.17233736536239122,10,0.039968471500199276,7,0.024533979994814728,2,15.0,1.0
8,2,3,False,3,0.5556885778261286,2,0.2458923258773055,6,0.08617237556768023,1,0.040571638332281355,7,0.036436544427760925,2,14.0,1.0
8,2,3,False,3,0.6298091630591628,2,0.2420964868464868,6,0.1089276834276834,0,0.013444444444444446,7,0.004388888888888888,2,14.0,4.0
8,11,3,False,3,0.5440066377152307,6,0.21671285248577196,2,0.15299081044957405,7,0.0289553507744975,11,0.027768270163098283,5,15.0,0.0
8,2,2,True,2,0.6281868805858741,3,0.3661289088878098,6,0.002631578947368421,0,0.002,1,0.0005263157894736842,1,12.0,2.0
8,3,2,False,2,0.40739332786236815,3,0.2644458280582505,12,0.16970818633550835,1,0.1556401577438728,8,0.001875,2,13.0,1.0
8,2,3,False,3,0.5578939151462929,2,0.17617930421770098,6,0.15447872433760357,10,0.04148556008170171,11,0.02153105084143834,2,15.0,3.0
8,3,3,True,3,0.5042628859500117,2,0.25889729719258286,6,0.17233736536239122,10,0.039968471500199276,7,0.024533979994814728,1,15.0,1.0
8,5,2,False,2,0.4972675045973504,3,0.2119622486042596,11,0.14500502506273133,6,0.056041445857528085,1,0.046095342008240774,6,16.0,0.0
8,5,3,False,3,0.5440066377152307,6,0.21671285248577196,2,0.15299081044957405,7,0.0289553507744975,11,0.027768270163098283,6,15.0,0.0
8,2,2,True,2,0.5172534426913279,3,0.4643709916978123,6,0.014807692307692308,7,0.0018823529411764706,1,0.0016855203619909503,1,14.0,0.0
8,2,3,False,3,0.5556885778261286,2,0.2458923258773055,6,0.08617237556768023,1,0.040571638332281355,7,0.036436544427760925,2,14.0,1.0
8,2,2,True,2,0.5172534426913279,3,0.4643709916978123,6,0.014807692307692308,7,0.0018823529411764706,1,0.0016855203619909503,1,14.0,0.0
8,2,3,False,3,0.5350705434772771,6,0.2497551808549755,2,0.1473956246817499,9,0.0567944880900696,10,0.004562594268476622,3,16.0,4.0
8,2,3,False,3,0.6753885989921348,2,0.1955344753910823,6,0.0570735272275814,7,0.04867006505586834,0,0.01,2,14.0,2.0
8,2,2,True,2,0.4972675045973504,3,0.2119622486042596,11,0.14500502506273133,6,0.056041445857528085,1,0.046095342008240774,1,16.0,0.0
8,3,3,True,3,0.5042628859500117,2,0.25889729719258286,6,0.17233736536239122,10,0.039968471500199276,7,0.024533979994814728,1,15.0,1.0
8,12,2,False,2,0.2949440285645763,12,0.2526668843923857,1,0.18661030230245465,3,0.126244375161763,7,0.11677177221618255,2,8.0,5.0
8,3,3,True,3,0.343897376793911,2,0.31869796817400947,8,0.2688995777811031,6,0.06850507725097599,0,0.0,1,7.0,1.0
8,3,3,True,3,0.2860707299105612,2,0.25668549026702886,1,0.2157777230989707,6,0.12018771703737188,8,0.05970834350586077,1,7.0,4.0
8,13,2,False,2,0.33775816527389585,6,0.28153561228533514,3,0.23878895184682303,13,0.12025977563764025,7,0.017916754215564993,4,6.0,3.0
8,2,2,True,2,0.7127962893715517,6,0.13331105106679705,3,0.08343084957081622,1,0.06858680999083475,8,0.001875,1,11.0,1.0
8,2,2,True,2,0.532145933649983,8,0.18754465715095978,3,0.12329136548404343,6,0.068471042789921,13,0.032251856946631165,1,6.0,4.0
8,2,3,False,3,0.5042628859500117,2,0.25889729719258286,6,0.17233736536239122,10,0.039968471500199276,7,0.024533979994814728,2,15.0,1.0
8,2,13,False,13,0.5438024753024753,2,0.3273489288489288,6,0.12884859584859584,1,0.0,3,0.0,2,5.0,2.0
8,2,2,True,2,0.41898877414942814,1,0.19941449501688083,3,0.19706124446377163,5,0.16635030118473376,4,0.01,1,7.0,5.0
8,2,3,False,3,0.4194612183643972,6,0.29519346272351077,2,0.25459850035940534,13,0.028524596330464388,8,0.0022222222222222222,3,7.0,3.0
8,2,3,False,3,0.5526325774497698,2,0.21041118651257737,6,0.13492042446504243,7,0.04038210031777736,10,0.016237038853639075,2,,
8,2,2,True,2,0.9125075757575756,3,0.030083333333333333,13,0.03,9,0.00915909090909091,1,0.007916666666666666,1,19.0,0.0
8,2,13,False,13,0.8466796272355094,2,0.060849535186129414,3,0.03191913686381948,6,0.030576305229966995,8,0.01976750700280112,2,5.0,0.0
8,2,3,False,3,0.3571409385010916,2,0.2575624184582652,4,0.19458631648525812,6,0.10118741297351193,5,0.06469264842558851,2,8.0,0.0
8,13,13,True,13,0.5438024753024753,2,0.3273489288489288,6,0.12884859584859584,1,0.0,3,0.0,1,5.0,2.0
8,2,2,True,2,0.3581824205867718,3,0.24685149705298606,4,0.17878729292735548,1,0.15090508124909788,8,0.06125928510686552,1,8.0,1.0
8,13,2,False,2,0.39493357382211847,8,0.3422125604873282,6,0.1685808232445228,13,0.09427304244603006,3,0.0,4,5.0,4.0
8,2,3,False,3,0.3872600770123057,2,0.25020132494459085,6,0.19935163999251787,5,0.14260381170774006,11,0.020583146342845308,2,7.0,0.0
8,13,13,True,13,0.8636441475191472,2,0.13181039793539795,8,0.002727272727272727,6,0.0018181818181818182,3,0.0,1,5.0,3.0
8,2,2,True,2,0.5188764632029204,6,0.2701888424541286,0,0.11999442249220142,3,0.08906527185074932,8,0.001875,1,10.0,1.0
8,2,3,False,3,0.3409265786917761,2,0.3269828873590781,10,0.12228291599862928,1,0.1180972032546625,6,0.08171041469585388,2,7.0,2.0
8,2,3,False,3,0.3571409385010916,2,0.2575624184582652,4,0.19458631648525812,6,0.10118741297351193,5,0.06469264842558851,2,8.0,0.0
8,2,3,False,3,0.2860707299105612,2,0.25668549026702886,1,0.2157777230989707,6,0.12018771703737188,8,0.05970834350586077,2,7.0,4.0
9,1,2,False,2,0.47292460317460316,6,0.28514285714285703,7,0.24193253968253964,0,0.0,3,0.0,6,12.0,4.0
9,2,3,False,3,0.5697626844336345,2,0.21873058206299079,6,0.08182519767389448,7,0.04992176328386044,12,0.04438234468616518,2,14.0,1.0
9,2,2,True,2,0.6082483349983351,3,0.13827999777999772,0,0.12772408147408146,6,0.12449758574758567,1,0.00125,1,13.0,3.0
9,2,3,False,3,0.23417792468751877,2,0.1863717355526218,7,0.16661126458118816,11,0.14400598929710876,6,0.1418157299014036,2,15.0,2.0
9,1,2,False,2,0.44681725983854453,3,0.2822376390379485,12,0.1848864982197025,1,0.08605860290380413,4,0.0,4,13.0,1.0
9,0,2,False,2,0.6082483349983351,3,0.13827999777999772,0,0.12772408147408146,6,0.12449758574758567,1,0.00125,3,13.0,3.0
9,0,2,False,2,0.547639168579958,6,0.30861129977693424,0,0.07367795005991598,3,0.07007158158319149,1,0.0,3,10.0,1.0
9,4,3,False,3,0.3294806284260382,2,0.2777902213189309,4,0.2072416176105984,6,0.09432681740138643,5,0.06732902478914031,3,8.0,0.0
9,0,2,False,2,0.743285162398088,3,0.19647118849789116,0,0.06024364910402061,1,0.0,4,0.0,3,8.0,3.0
9,0,7,False,7,0.46333080808080807,9,0.3001771284271284,2,0.23649206349206345,1,0.0,3,0.0,8,15.0,5.0
9,4,3,False,3,0.6362441403196047,2,0.17076771160555992,7,0.10955410275998508,0,0.0810530929338979,6,0.0014285714285714286,9,14.0,3.0
9,4,3,False,3,0.3294806284260382,2,0.2777902213189309,4,0.2072416176105984,6,0.09432681740138643,5,0.06732902478914031,3,8.0,0.0
9,0,2,False,2,0.9390692640692642,3,0.017424242424242425,1,0.014047619047619047,7,0.01,9,0.00857142857142857,10,18.0,1.0
9,2,2,True,2,0.743285162398088,3,0.19647118849789116,0,0.06024364910402061,1,0.0,4,0.0,1,8.0,3.0
9,3,2,False,2,0.8457890690750592,6,0.08250163149543953,1,0.07170929942950063,0,0.0,3,0.0,5,11.0,1.0
9,2,2,True,2,0.710853535353535,7,0.28914646464646454,1,0.0,0,0.0,3,0.0,1,17.0,2.0
9,2,5,False,5,0.27210317460317457,2,0.25696608946608945,9,0.23234126984126988,1,0.21980158730158716,3,0.01575757575757576,2,18.0,0.0
9,2,2,True,2,0.30242069840979435,6,0.2874625717610481,3,0.25491927827340444,13,0.13245075306480705,7,0.0227466984909457,1,6.0,3.0
9,2,3,False,3,0.5020057106206486,2,0.4729942893793512,6,0.015,7,0.01,0,0.0,2,12.0,2.0
9,2,2,True,2,0.45880786316889766,3,0.32152484613433235,0,0.07574702484702146,9,0.07168053081249673,1,0.07108588888340536,1,11.0,5.0
9,2,2,True,2,0.4780468975468976,1,0.3550393217893218,3,0.1669137806637806,0,0.0,4,0.0,1,11.0,4.0
9,2,2,True,2,0.547639168579958,6,0.30861129977693424,0,0.07367795005991598,3,0.07007158158319149,1,0.0,1,10.0,1.0
9,2,2,True,2,0.8457890690750592,6,0.08250163149543953,1,0.07170929942950063,0,0.0,3,0.0,1,11.0,1.0
9,6,3,False,3,0.6136870206713203,2,0.15425601550116647,6,0.14707976185742694,7,0.04289043372096394,9,0.042086768249122254,3,15.0,4.0
9,6,2,False,2,0.5498708580450944,3,0.16994714165110575,11,0.1367863950744628,5,0.09103912420080006,1,0.052356481028536905,7,16.0,0.0
9,7,6,False,6,0.41299483849483837,7,0.35507794982794977,4,0.23192721167721153,0,0.0,3,0.0,2,8.0,6.0
9,6,6,True,6,0.41299483849483837,7,0.35507794982794977,4,0.23192721167721153,0,0.0,3,0.0,1,8.0,6.0
9,6,6,True,6,0.3808785306471556,3,0.2712460923712319,2,0.21713962717437968,11,0.10736977024674095,13,0.022153858348370387,1,6.0,0.0
9,6,6,True,6,0.41299483849483837,7,0.35507794982794977,4,0.23192721167721153,0,0.0,3,0.0,1,8.0,6.0
9,6,6,True,6,0.41299483849483837,7,0.35507794982794977,4,0.23192721167721153,0,0.0,3,0.0,1,8.0,6.0
9,2,3,False,3,0.6438510556466419,2,0.14830000253995637,6,0.11029890006025318,7,0.05961279488101045,5,0.03668724687213804,2,13.0,2.0
9,2,2,True,2,0.547639168579958,6,0.30861129977693424,0,0.07367795005991598,3,0.07007158158319149,1,0.0,1,10.0,1.0
9,6,3,False,3,0.4226094495440635,2,0.3411901779149586,6,0.13377212622205722,10,0.09242824631892065,7,0.01,3,16.0,1.0
9,6,3,False,3,0.5005721068653127,2,0.2433335631404091,6,0.19939710829756788,10,0.04144524641328153,7,0.015251975283428762,3,15.0,1.0
9,6,6,True,6,0.44795261682761683,7,0.2772837301587301,0,0.26476365301365307,4,0.01,3,0.0,1,9.0,6.0
9,6,3,False,3,0.5232838963137868,6,0.23661766598408623,2,0.12806749493477831,5,0.02922952689453646,7,0.028796531404973978,2,15.0,0.0
9,6,3,False,3,0.23417792468751877,2,0.1863717355526218,7,0.16661126458118816,11,0.14400598929710876,6,0.1418157299014036,5,15.0,2.0
9,6,2,False,2,0.8457890690750592,6,0.08250163149543953,1,0.07170929942950063,0,0.0,3,0.0,2,11.0,1.0
9,3,3,True,3,0.40997366522366496,2,0.374517316017316,6,0.21550901875901868,1,0.0,0,0.0,1,17.0,4.0
9,3,3,True,3,0.6112542950255798,2,0.29217846463821695,6,0.0865672403362032,9,0.01,0,0.0,1,14.0,4.0
9,2,3,False,3,0.7526720185391487,2,0.13777323553552814,6,0.06640137677634711,7,0.04220098819659511,12,0.0009523809523809524,2,14.0,2.0
9,2,2,True,2,0.5075128915202445,6,0.1879751147545264,0,0.18480987966282078,3,0.10970211406240812,4,0.01,1,11.0,6.0
9,3,3,True,3,0.5005721068653127,2,0.2433335631404091,6,0.19939710829756788,10,0.04144524641328153,7,0.015251975283428762,1,15.0,1.0
9,6,3,False,3,0.4197128530203896,2,0.32931607835752547,6,0.19410874046711435,9,0.05686232815497034,0,0.0,3,16.0,4.0
9,6,3,False,3,0.5005721068653127,2,0.2433335631404091,6,0.19939710829756788,10,0.04144524641328153,7,0.015251975283428762,3,15.0,1.0
9,7,2,False,2,0.995,6,0.005,1,0.0,0,0.0,3,0.0,8,12.0,3.0
9,7,2,False,2,0.3785515675415057,12,0.26745494349132104,1,0.2184678294701513,3,0.13552565949702167,4,0.0,9,8.0,5.0
9,6,6,True,6,0.5544491631089927,2,0.1848513650951731,0,0.1681181354764946,7,0.08258133631933937,4,0.01,1,10.0,6.0
9,6,6,True,6,0.3808785306471556,3,0.2712460923712319,2,0.21713962717437968,11,0.10736977024674095,13,0.022153858348370387,1,6.0,0.0
9,8,3,False,3,0.3316255379328553,2,0.290272297843764,8,0.17839224412201002,6,0.14477078983592123,13,0.0549391302654491,3,6.0,1.0
9,6,6,True,6,0.41299483849483837,7,0.35507794982794977,4,0.23192721167721153,0,0.0,3,0.0,1,8.0,6.0
9,6,3,False,3,0.37971172524234426,6,0.32781971005556376,2,0.261624153498728,13,0.030844411203363956,0,0.0,2,7.0,3.0
9,8,3,False,3,0.3929795919974397,2,0.24426180155101246,8,0.24374853707243038,6,0.09935417345097874,4,0.019655895928138427,3,7.0,1.0
9,8,3,False,3,0.3316255379328553,2,0.290272297843764,8,0.17839224412201002,6,0.14477078983592123,13,0.0549391302654491,3,6.0,1.0
9,6,3,False,3,0.40912427503410875,6,0.2228547641633202,2,0.20685022652344429,10,0.08160070864770966,13,0.0583242309019064,2,6.0,2.0
9,6,3,False,3,0.40912427503410875,6,0.2228547641633202,2,0.20685022652344429,10,0.08160070864770966,13,0.0583242309019064,2,6.0,2.0
9,8,2,False,2,0.5211226845622736,8,0.1703464846782844,3,0.12724631882426574,6,0.08600683556156215,0,0.03712635855999679,2,6.0,4.0
9,6,3,False,3,0.453334485668812,2,0.2327651924232105,6,0.170923912466335,5,0.11696485308292495,11,0.020717438711658605,3,7.0,0.0
9,7,2,False,2,0.3785515675415057,12,0.26745494349132104,1,0.2184678294701513,3,0.13552565949702167,4,0.0,9,8.0,5.0
9,2,2,True,2,0.7276861471861471,3,0.2723138528138527,1,0.0,0,0.0,4,0.0,1,6.0,5.0
9,2,2,True,2,0.5211226845622736,8,0.1703464846782844,3,0.12724631882426574,6,0.08600683556156215,0,0.03712635855999679,1,6.0,4.0
9,2,0,False,0,0.2855382558860649,12,0.21279516021922454,2,0.207624188142663,3,0.1510226508658329,7,0.14301974488621405,3,9.0,2.0
9,2,2,True,2,0.5211226845622736,8,0.1703464846782844,3,0.12724631882426574,6,0.08600683556156215,0,0.03712635855999679,1,6.0,4.0
9,9,2,False,2,0.3129963573578123,3,0.20521041351149708,1,0.20006155256851854,11,0.0984557001306227,4,0.09640447297800238,11,8.0,4.0
9,3,3,True,3,0.5111563981039601,2,0.2823182446423546,10,0.12792011860258762,5,0.07433440531776443,6,0.004270833333333333,1,16.0,3.0
9,3,3,True,3,0.4226094495440635,2,0.3411901779149586,6,0.13377212622205722,10,0.09242824631892065,7,0.01,1,16.0,1.0
9,2,2,True,2,0.8473164098972924,9,0.13327182539682536,3,0.011764705882352941,8,0.005294117647058823,6,0.002352941176470588,1,17.0,0.0
9,2,2,True,2,0.99,4,0.01,1,0.0,0,0.0,3,0.0,1,15.0,6.0
9,3,3,True,3,0.5780681938800971,6,0.18043148065108017,2,0.15616826040621873,11,0.03511977696962141,5,0.027780825131323808,1,15.0,3.0
9,2,2,True,2,0.4425291114114642,0,0.3271573500029383,6,0.11733287382552085,12,0.10298066476007647,3,0.01,1,10.0,2.0
9,2,2,True,2,0.99,4,0.01,1,0.0,0,0.0,3,0.0,1,15.0,6.0
9,2,2,True,2,0.6120859883580471,12,0.19907097314450248,7,0.09467336258512725,0,0.09416967591232293,3,0.0,1,10.0,3.0
9,3,3,True,3,0.6362441403196047,2,0.17076771160555992,7,0.10955410275998508,0,0.0810530929338979,6,0.0014285714285714286,1,14.0,3.0
9,2,8,False,8,0.3328555218356669,6,0.28331103528095725,2,0.19212585541468294,13,0.19170758746869251,3,0.0,3,5.0,1.0
9,1,5,False,5,0.27210317460317457,2,0.25696608946608945,9,0.23234126984126988,1,0.21980158730158716,3,0.01575757575757576,4,18.0,0.0
9,3,2,False,2,0.5498708580450944,3,0.16994714165110575,11,0.1367863950744628,5,0.09103912420080006,1,0.052356481028536905,2,16.0,0.0
9,3,2,False,2,0.32739742906994024,3,0.26727159451456545,4,0.26489553464033955,10,0.07508417532915679,7,0.03625411459844047,2,8.0,2.0
9,2,3,False,3,0.5697626844336345,2,0.21873058206299079,6,0.08182519767389448,7,0.04992176328386044,12,0.04438234468616518,2,14.0,1.0
9,3,3,True,3,0.6136870206713203,2,0.15425601550116647,6,0.14707976185742694,7,0.04289043372096394,9,0.042086768249122254,1,15.0,4.0
9,3,2,False,2,0.5499746225996227,0,0.22604138916638913,7,0.11349553224553223,3,0.10048845598845597,4,0.01,4,12.0,6.0
9,3,3,True,3,0.5005721068653127,2,0.2433335631404091,6,0.19939710829756788,10,0.04144524641328153,7,0.015251975283428762,1,15.0,1.0
9,2,2,True,2,0.45880786316889766,3,0.32152484613433235,0,0.07574702484702146,9,0.07168053081249673,1,0.07108588888340536,1,11.0,5.0
9,3,3,True,3,0.4197128530203896,2,0.32931607835752547,6,0.19410874046711435,9,0.05686232815497034,0,0.0,1,16.0,4.0
9,10,3,False,3,0.4226094495440635,2,0.3411901779149586,6,0.13377212622205722,10,0.09242824631892065,7,0.01,4,16.0,1.0
9,3,3,True,3,0.5780681938800971,6,0.18043148065108017,2,0.15616826040621873,11,0.03511977696962141,5,0.027780825131323808,1,15.0,3.0
9,3,3,True,3,0.4226094495440635,2,0.3411901779149586,6,0.13377212622205722,10,0.09242824631892065,7,0.01,1,16.0,1.0
9,3,3,True,3,0.5005721068653127,2,0.2433335631404091,6,0.19939710829756788,10,0.04144524641328153,7,0.015251975283428762,1,15.0,1.0
9,3,3,True,3,0.5232838963137868,6,0.23661766598408623,2,0.12806749493477831,5,0.02922952689453646,7,0.028796531404973978,1,15.0,0.0
9,3,3,True,3,0.5005721068653127,2,0.2433335631404091,6,0.19939710829756788,10,0.04144524641328153,7,0.015251975283428762,1,15.0,1.0
9,2,6,False,6,0.3808785306471556,3,0.2712460923712319,2,0.21713962717437968,11,0.10736977024674095,13,0.022153858348370387,3,6.0,0.0
9,3,3,True,3,0.3530229545331612,2,0.3230625020914975,6,0.11619703996376154,1,0.10881511855665817,10,0.09890238485492159,1,7.0,2.0
9,3,3,True,3,0.5232838963137868,6,0.23661766598408623,2,0.12806749493477831,5,0.02922952689453646,7,0.028796531404973978,1,15.0,0.0
9,3,3,True,3,0.5232838963137868,6,0.23661766598408623,2,0.12806749493477831,5,0.02922952689453646,7,0.028796531404973978,1,15.0,0.0
9,3,3,True,3,0.6438510556466419,2,0.14830000253995637,6,0.11029890006025318,7,0.05961279488101045,5,0.03668724687213804,1,13.0,2.0
9,3,3,True,3,0.5780681938800971,6,0.18043148065108017,2,0.15616826040621873,11,0.03511977696962141,5,0.027780825131323808,1,15.0,3.0
9,3,3,True,3,0.5005721068653127,2,0.2433335631404091,6,0.19939710829756788,10,0.04144524641328153,7,0.015251975283428762,1,15.0,1.0
9,3,2,False,2,0.5211226845622736,8,0.1703464846782844,3,0.12724631882426574,6,0.08600683556156215,0,0.03712635855999679,3,6.0,4.0
9,3,3,True,3,0.7526720185391487,2,0.13777323553552814,6,0.06640137677634711,7,0.04220098819659511,12,0.0009523809523809524,1,14.0,2.0
9,3,3,True,3,0.3316255379328553,2,0.290272297843764,8,0.17839224412201002,6,0.14477078983592123,13,0.0549391302654491,1,6.0,1.0
9,3,6,False,6,0.3808785306471556,3,0.2712460923712319,2,0.21713962717437968,11,0.10736977024674095,13,0.022153858348370387,2,6.0,0.0
9,3,6,False,6,0.3808785306471556,3,0.2712460923712319,2,0.21713962717437968,11,0.10736977024674095,13,0.022153858348370387,2,6.0,0.0
9,1,3,False,3,0.2940053494977745,2,0.2608580197231872,1,0.21082600404799007,6,0.0852528102014402,8,0.07964305788853618,3,7.0,4.0
9,2,2,True,2,0.5075128915202445,6,0.1879751147545264,0,0.18480987966282078,3,0.10970211406240812,4,0.01,1,11.0,6.0
9,10,3,False,3,0.3530229545331612,2,0.3230625020914975,6,0.11619703996376154,1,0.10881511855665817,10,0.09890238485492159,5,7.0,2.0
9,2,2,True,2,0.4780468975468976,1,0.3550393217893218,3,0.1669137806637806,0,0.0,4,0.0,1,11.0,4.0
9,2,2,True,2,0.6082483349983351,3,0.13827999777999772,0,0.12772408147408146,6,0.12449758574758567,1,0.00125,1,13.0,3.0
9,9,2,False,2,0.45880786316889766,3,0.32152484613433235,0,0.07574702484702146,9,0.07168053081249673,1,0.07108588888340536,4,11.0,5.0
9,3,3,True,3,0.6438510556466419,2,0.14830000253995637,6,0.11029890006025318,7,0.05961279488101045,5,0.03668724687213804,1,13.0,2.0
9,3,3,True,3,0.5697626844336345,2,0.21873058206299079,6,0.08182519767389448,7,0.04992176328386044,12,0.04438234468616518,1,14.0,1.0
9,3,3,True,3,0.5232838963137868,6,0.23661766598408623,2,0.12806749493477831,5,0.02922952689453646,7,0.028796531404973978,1,15.0,0.0
9,2,2,True,2,0.41226557743642805,1,0.23797382120965024,3,0.19043813263669562,5,0.15932246871722566,0,0.0,1,7.0,5.0
9,2,2,True,2,0.30242069840979435,6,0.2874625717610481,3,0.25491927827340444,13,0.13245075306480705,7,0.0227466984909457,1,6.0,3.0
9,3,2,False,2,0.7516676003734827,3,0.22897105508870205,7,0.01,8,0.005294117647058823,6,0.002352941176470588,2,17.0,1.0
9,3,3,True,3,0.37971172524234426,6,0.32781971005556376,2,0.261624153498728,13,0.030844411203363956,0,0.0,1,7.0,3.0
9,2,3,False,3,0.3294806284260382,2,0.2777902213189309,4,0.2072416176105984,6,0.09432681740138643,5,0.06732902478914031,2,8.0,0.0
9,3,3,True,3,0.5232838963137868,6,0.23661766598408623,2,0.12806749493477831,5,0.02922952689453646,7,0.028796531404973978,1,15.0,0.0
9,2,2,True,2,0.30242069840979435,6,0.2874625717610481,3,0.25491927827340444,13,0.13245075306480705,7,0.0227466984909457,1,6.0,3.0
9,3,3,True,3,0.6152023809523809,2,0.374696608946609,8,0.00696969696969697,6,0.0016666666666666666,13,0.0014646464646464645,1,19.0,4.0
9,3,3,True,3,0.37971172524234426,6,0.32781971005556376,2,0.261624153498728,13,0.030844411203363956,0,0.0,1,7.0,3.0
9,5,3,False,3,0.3294806284260382,2,0.2777902213189309,4,0.2072416176105984,6,0.09432681740138643,5,0.06732902478914031,5,8.0,0.0
9,3,2,False,2,0.3129963573578123,3,0.20521041351149708,1,0.20006155256851854,11,0.0984557001306227,4,0.09640447297800238,2,8.0,4.0
9,3,2,False,2,0.45880786316889766,3,0.32152484613433235,0,0.07574702484702146,9,0.07168053081249673,1,0.07108588888340536,2,11.0,5.0
9,3,2,False,2,0.30242069840979435,6,0.2874625717610481,3,0.25491927827340444,13,0.13245075306480705,7,0.0227466984909457,3,6.0,3.0
9,3,2,False,2,0.4156619373918135,3,0.36015423276413977,0,0.2241838298440465,1,0.0,4,0.0,2,9.0,0.0
9,2,3,False,3,0.5034761904761905,2,0.47527380952380943,9,0.01,1,0.005,5,0.005,2,18.0,3.0
9,2,3,False,3,0.29215523082238126,2,0.2804708915218934,0,0.24230381437675536,7,0.09181846367574682,11,0.04735571419793984,2,10.0,5.0
9,3,2,False,2,0.44681725983854453,3,0.2822376390379485,12,0.1848864982197025,1,0.08605860290380413,4,0.0,2,13.0,1.0
9,3,3,True,3,0.3294806284260382,2,0.2777902213189309,4,0.2072416176105984,6,0.09432681740138643,5,0.06732902478914031,1,8.0,0.0
9,3,3,True,3,0.7526720185391487,2,0.13777323553552814,6,0.06640137677634711,7,0.04220098819659511,12,0.0009523809523809524,1,14.0,2.0
9,3,3,True,3,0.5005721068653127,2,0.2433335631404091,6,0.19939710829756788,10,0.04144524641328153,7,0.015251975283428762,1,15.0,1.0
9,2,3,False,3,0.6362441403196047,2,0.17076771160555992,7,0.10955410275998508,0,0.0810530929338979,6,0.0014285714285714286,2,14.0,3.0
9,3,2,False,2,0.99,0,0.01,1,0.0,3,0.0,4,0.0,4,10.0,4.0
9,12,2,False,2,0.6120859883580471,12,0.19907097314450248,7,0.09467336258512725,0,0.09416967591232293,3,0.0,2,10.0,3.0
9,3,3,True,3,0.6136870206713203,2,0.15425601550116647,6,0.14707976185742694,7,0.04289043372096394,9,0.042086768249122254,1,15.0,4.0
9,2,2,True,2,0.995,6,0.005,1,0.0,0,0.0,3,0.0,1,12.0,3.0
9,10,3,False,3,0.5780681938800971,6,0.18043148065108017,2,0.15616826040621873,11,0.03511977696962141,5,0.027780825131323808,6,15.0,3.0
9,5,3,False,3,0.23417792468751877,2,0.1863717355526218,7,0.16661126458118816,11,0.14400598929710876,6,0.1418157299014036,6,15.0,2.0
9,3,3,True,3,0.5005721068653127,2,0.2433335631404091,6,0.19939710829756788,10,0.04144524641328153,7,0.015251975283428762,1,15.0,1.0
9,2,3,False,3,0.5020057106206486,2,0.4729942893793512,6,0.015,7,0.01,0,0.0,2,12.0,2.0
9,11,3,False,3,0.5232838963137868,6,0.23661766598408623,2,0.12806749493477831,5,0.02922952689453646,7,0.028796531404973978,6,15.0,0.0
9,2,3,False,3,0.5078597236097234,2,0.34435298035298023,7,0.1458642191142191,0,0.0015384615384615385,11,0.0003846153846153846,2,12.0,5.0
9,12,2,False,2,0.3785515675415057,12,0.26745494349132104,1,0.2184678294701513,3,0.13552565949702167,4,0.0,2,8.0,5.0
9,2,3,False,3,0.2940053494977745,2,0.2608580197231872,1,0.21082600404799007,6,0.0852528102014402,8,0.07964305788853618,2,7.0,4.0
9,13,3,False,3,0.40912427503410875,6,0.2228547641633202,2,0.20685022652344429,10,0.08160070864770966,13,0.0583242309019064,5,6.0,2.0
9,2,2,True,2,0.34797982403359634,3,0.28571254537628193,12,0.10086702526172166,9,0.0987554669007724,1,0.05754607338452064,1,9.0,5.0
9,2,3,False,3,0.7526720185391487,2,0.13777323553552814,6,0.06640137677634711,7,0.04220098819659511,12,0.0009523809523809524,2,14.0,2.0
9,2,3,False,3,0.5005721068653127,2,0.2433335631404091,6,0.19939710829756788,10,0.04144524641328153,7,0.015251975283428762,2,15.0,1.0
9,2,3,False,3,0.40912427503410875,6,0.2228547641633202,2,0.20685022652344429,10,0.08160070864770966,13,0.0583242309019064,3,6.0,2.0
9,3,2,False,2,0.5498708580450944,3,0.16994714165110575,11,0.1367863950744628,5,0.09103912420080006,1,0.052356481028536905,2,16.0,0.0
9,2,3,False,3,0.5780681938800971,6,0.18043148065108017,2,0.15616826040621873,11,0.03511977696962141,5,0.027780825131323808,3,15.0,3.0
9,3,3,True,3,0.6136870206713203,2,0.15425601550116647,6,0.14707976185742694,7,0.04289043372096394,9,0.042086768249122254,1,15.0,4.0
9,13,13,True,13,0.7811122693096371,2,0.21888773069036227,1,0.0,0,0.0,4,0.0,1,5.0,3.0
9,11,3,False,3,0.23417792468751877,2,0.1863717355526218,7,0.16661126458118816,11,0.14400598929710876,6,0.1418157299014036,4,15.0,2.0
9,2,3,False,3,0.453334485668812,2,0.2327651924232105,6,0.170923912466335,5,0.11696485308292495,11,0.020717438711658605,2,7.0,0.0
9,2,3,False,3,0.5780681938800971,6,0.18043148065108017,2,0.15616826040621873,11,0.03511977696962141,5,0.027780825131323808,3,15.0,3.0
9,2,3,False,3,0.40912427503410875,6,0.2228547641633202,2,0.20685022652344429,10,0.08160070864770966,13,0.0583242309019064,3,6.0,2.0
9,2,2,True,2,0.5211226845622736,8,0.1703464846782844,3,0.12724631882426574,6,0.08600683556156215,0,0.03712635855999679,1,6.0,4.0
9,2,3,False,3,0.5111563981039601,2,0.2823182446423546,10,0.12792011860258762,5,0.07433440531776443,6,0.004270833333333333,2,16.0,3.0
9,2,2,True,2,0.5211226845622736,8,0.1703464846782844,3,0.12724631882426574,6,0.08600683556156215,0,0.03712635855999679,1,6.0,4.0
9,2,3,False,3,0.2940053494977745,2,0.2608580197231872,1,0.21082600404799007,6,0.0852528102014402,8,0.07964305788853618,2,7.0,4.0
9,2,3,False,3,0.3929795919974397,2,0.24426180155101246,8,0.24374853707243038,6,0.09935417345097874,4,0.019655895928138427,2,7.0,1.0
9,5,3,False,3,0.453334485668812,2,0.2327651924232105,6,0.170923912466335,5,0.11696485308292495,11,0.020717438711658605,4,7.0,0.0
9,2,3,False,3,0.37971172524234426,6,0.32781971005556376,2,0.261624153498728,13,0.030844411203363956,0,0.0,3,7.0,3.0
9,2,2,True,2,0.3695243924792576,3,0.2379139339005671,4,0.19877179677310855,1,0.1376708727054151,8,0.05611900414165128,1,8.0,1.0
9,2,3,False,3,0.5111563981039601,2,0.2823182446423546,10,0.12792011860258762,5,0.07433440531776443,6,0.004270833333333333,2,16.0,3.0
9,2,3,False,3,0.3530229545331612,2,0.3230625020914975,6,0.11619703996376154,1,0.10881511855665817,10,0.09890238485492159,2,7.0,2.0
9,2,3,False,3,0.29215523082238126,2,0.2804708915218934,0,0.24230381437675536,7,0.09181846367574682,11,0.04735571419793984,2,10.0,5.0
9,13,3,False,3,0.40912427503410875,6,0.2228547641633202,2,0.20685022652344429,10,0.08160070864770966,13,0.0583242309019064,5,6.0,2.0
9,2,3,False,3,0.3929795919974397,2,0.24426180155101246,8,0.24374853707243038,6,0.09935417345097874,4,0.019655895928138427,2,7.0,1.0
9,2,2,True,2,0.3129963573578123,3,0.20521041351149708,1,0.20006155256851854,11,0.0984557001306227,4,0.09640447297800238,1,8.0,4.0
9,2,3,False,3,0.3530229545331612,2,0.3230625020914975,6,0.11619703996376154,1,0.10881511855665817,10,0.09890238485492159,2,7.0,2.0
9,13,2,False,2,0.30242069840979435,6,0.2874625717610481,3,0.25491927827340444,13,0.13245075306480705,7,0.0227466984909457,4,6.0,3.0
10,0,3,False,3,0.725664250781898,2,0.1855523136993725,4,0.08878343551872961,1,0.0,0,0.0,5,14.0,3.0
10,0,2,False,2,0.5947224229159214,6,0.20616273836242865,0,0.11627539531332093,3,0.08033944340832885,7,0.0025,3,11.0,6.0
10,2,3,False,3,0.7512033311236145,2,0.13755835673846684,6,0.06626263034449864,7,0.03497568179341992,12,0.01,2,14.0,2.0
10,1,3,False,3,0.7258849206349204,1,0.23082936507936502,2,0.027857142857142855,8,0.01,0,0.003,2,12.0,1.0
10,0,2,False,2,0.55955395992896,0,0.2292528166278166,12,0.10804485791985786,6,0.09314836552336551,3,0.01,2,10.0,2.0
10,0,2,False,2,0.46377792511925636,3,0.3791854971224168,0,0.15703657775832697,1,0.0,4,0.0,3,9.0,0.0
10,4,6,False,6,0.5660349412799104,7,0.348713343373173,4,0.07525171534691656,0,0.01,3,0.0,3,8.0,6.0
10,4,3,False,3,0.3235225155257653,2,0.2657823328236725,4,0.2204576079256916,6,0.08525960525807774,5,0.07759751532446969,3,8.0,0.0
10,4,2,False,2,0.31884624343641205,3,0.29815550856048106,4,0.23929274591115174,10,0.0647604416934274,7,0.041304438482092885,3,8.0,2.0
10,0,2,False,2,0.57845224196512,8,0.15745831515832415,3,0.14210379778894175,6,0.06182373880999825,13,0.03080834265631203,7,6.0,4.0
10,2,2,True,2,0.6000286217050923,9,0.2793052862170508,0,0.11066609207785674,12,0.01,4,0.0,1,13.0,5.0
10,1,2,False,2,0.38950626964045654,3,0.17297057193976356,11,0.09188869389348926,6,0.09080343906217175,4,0.08789878450620137,6,8.0,4.0
10,2,2,True,2,0.6557272727272726,6,0.33427272727272717,3,0.01,1,0.0,0,0.0,1,10.0,0.0
10,2,2,True,2,0.8999497716335947,0,0.10005022836640481,1,0.0,3,0.0,4,0.0,1,17.0,3.0
10,2,2,True,2,0.34896094965385316,6,0.25884155139912635,3,0.22136706477763402,13,0.14905701728151619,7,0.021773416887870222,1,6.0,3.0
10,2,2,True,2,0.6394745254745253,7,0.3505254745254745,12,0.01,1,0.0,3,0.0,1,17.0,2.0
10,2,2,True,2,0.57845224196512,8,0.15745831515832415,3,0.14210379778894175,6,0.06182373880999825,13,0.03080834265631203,1,6.0,4.0
10,2,6,False,6,0.3817060665814446,3,0.3071790495945358,2,0.1845007396806057,11,0.10101026757088043,13,0.02560387657253311,3,6.0,0.0
10,2,2,True,2,0.8784162226662225,7,0.11158377733377729,0,0.01,1,0.0,3,0.0,1,6.0,6.0
10,2,2,True,2,0.99,3,0.01,1,0.0,0,0.0,4,0.0,1,11.0,2.0
10,6,3,False,3,0.5178040150740038,6,0.23032022124370385,2,0.12106836127384975,11,0.045099625846700964,7,0.028949412816217084,2,15.0,0.0
10,6,3,False,3,0.5776930095599561,2,0.17729000791087374,6,0.16920875506663424,10,0.041773328188323404,11,0.03403489927421286,3,15.0,3.0
10,6,3,False,3,0.568465701953558,2,0.2615106410691844,12,0.04483587302845599,6,0.042684353928976355,7,0.03710062648113324,4,14.0,1.0
10,2,2,True,2,0.34117446451589495,3,0.23085628398565855,0,0.2194734566269637,7,0.09518118706587331,9,0.053645638856962705,1,10.0,5.0
10,6,2,False,2,0.6285513058063367,6,0.24035687407707518,0,0.12109182011658781,8,0.01,3,0.0,2,10.0,1.0
10,6,6,True,6,0.5660349412799104,7,0.348713343373173,4,0.07525171534691656,0,0.01,3,0.0,1,8.0,6.0
10,6,2,False,2,0.34896094965385316,6,0.25884155139912635,3,0.22136706477763402,13,0.14905701728151619,7,0.021773416887870222,2,6.0,3.0
10,6,6,True,6,0.3817060665814446,3,0.3071790495945358,2,0.1845007396806057,11,0.10101026757088043,13,0.02560387657253311,1,6.0,0.0
10,6,3,False,3,0.4137784711635696,2,0.24459292229867483,6,0.1773394496945371,5,0.140094755364988,11,0.02419440147823023,3,7.0,0.0
10,7,7,True,7,0.30566464581170444,9,0.3005269158945628,2,0.25241879199232126,0,0.14138964630141093,3,0.0,1,15.0,5.0
10,2,2,True,2,0.6825554146146253,6,0.16661262632276552,1,0.07669743775316529,3,0.06413452130944391,8,0.01,1,11.0,1.0
10,6,2,False,2,0.7686670967920969,0,0.22133290320790316,3,0.01,1,0.0,4,0.0,7,13.0,3.0
10,6,3,False,3,0.4425749651034787,2,0.29697969062736895,10,0.12771968358797087,6,0.12272566068118096,8,0.01,4,16.0,1.0
10,6,3,False,3,0.5178040150740038,6,0.23032022124370385,2,0.12106836127384975,11,0.045099625846700964,7,0.028949412816217084,2,15.0,0.0
10,6,3,False,3,0.6678446216579631,2,0.19018771658931027,6,0.0506832008515132,5,0.042675722235843996,7,0.038608738665369714,3,13.0,2.0
10,6,2,False,2,0.6557272727272726,6,0.33427272727272717,3,0.01,1,0.0,0,0.0,2,10.0,0.0
10,3,3,True,3,0.4425749651034787,2,0.29697969062736895,10,0.12771968358797087,6,0.12272566068118096,8,0.01,1,16.0,1.0
10,2,3,False,3,0.5676384127799329,2,0.4289744904458735,6,0.002096774193548387,5,0.0004838709677419355,10,0.0004838709677419355,2,14.0,0.0
10,3,3,True,3,0.6881769553975436,2,0.2158276527394173,6,0.09599539186303892,1,0.0,0,0.0,1,14.0,4.0
10,6,3,False,3,0.5178040150740038,6,0.23032022124370385,2,0.12106836127384975,11,0.045099625846700964,7,0.028949412816217084,2,15.0,0.0
10,7,3,False,3,0.725664250781898,2,0.1855523136993725,4,0.08878343551872961,1,0.0,0,0.0,8,14.0,3.0
10,7,3,False,3,0.5554543180037559,6,0.20728296037369998,2,0.19864045010882797,10,0.0280959557242426,8,0.01,6,15.0,1.0
10,8,3,False,3,0.40487379598453715,8,0.25972242303522014,2,0.19887852113449433,6,0.11165752111082894,4,0.024867738734919237,2,7.0,1.0
10,7,2,False,2,0.7068790722091803,6,0.19190678026823538,7,0.09121414752258404,0,0.01,3,0.0,3,7.0,6.0
10,6,3,False,3,0.35915478557442754,2,0.316500713606668,10,0.13408120272261395,1,0.10905969132475088,6,0.0812036067715396,5,7.0,2.0
10,6,2,False,2,0.3550499514446627,3,0.2615776684349078,1,0.1869400550782294,6,0.06574531812419226,8,0.06352493373262698,4,7.0,4.0
10,7,0,False,0,0.3232474450714926,2,0.2888681061591075,12,0.16621434372786834,3,0.15080106213688793,7,0.07086904290464323,5,9.0,2.0
10,6,6,True,6,0.3817060665814446,3,0.3071790495945358,2,0.1845007396806057,11,0.10101026757088043,13,0.02560387657253311,1,6.0,0.0
10,8,2,False,2,0.57845224196512,8,0.15745831515832415,3,0.14210379778894175,6,0.06182373880999825,13,0.03080834265631203,2,6.0,4.0
10,6,6,True,6,0.3817060665814446,3,0.3071790495945358,2,0.1845007396806057,11,0.10101026757088043,13,0.02560387657253311,1,6.0,0.0
10,8,2,False,2,0.3550499514446627,3,0.2615776684349078,1,0.1869400550782294,6,0.06574531812419226,8,0.06352493373262698,5,7.0,4.0
10,6,3,False,3,0.3235225155257653,2,0.2657823328236725,4,0.2204576079256916,6,0.08525960525807774,5,0.07759751532446969,4,8.0,0.0
10,6,3,False,3,0.36336217739450843,6,0.25413266356252384,2,0.2450022684927723,13,0.08145776590720122,10,0.03696066555228283,2,6.0,2.0
10,8,3,False,3,0.40487379598453715,8,0.25972242303522014,2,0.19887852113449433,6,0.11165752111082894,4,0.024867738734919237,2,7.0,1.0
10,2,6,False,6,0.3817060665814446,3,0.3071790495945358,2,0.1845007396806057,11,0.10101026757088043,13,0.02560387657253311,3,6.0,0.0
10,2,2,True,2,0.9568956482114376,6,0.012856345408976988,0,0.01,8,0.00963157894736842,7,0.005484848484848486,1,5.0,6.0
10,2,3,False,3,0.725664250781898,2,0.1855523136993725,4,0.08878343551872961,1,0.0,0,0.0,2,14.0,3.0
10,9,9,True,9,0.47603679653679654,4,0.42150000000000004,2,0.05624891774891776,7,0.024023809523809524,0,0.01219047619047619,1,14.0,5.0
10,2,3,False,3,0.40487379598453715,8,0.25972242303522014,2,0.19887852113449433,6,0.11165752111082894,4,0.024867738734919237,3,7.0,1.0
10,3,3,True,3,0.5776930095599561,2,0.17729000791087374,6,0.16920875506663424,10,0.041773328188323404,11,0.03403489927421286,1,15.0,3.0
10,3,3,True,3,0.7512033311236145,2,0.13755835673846684,6,0.06626263034449864,7,0.03497568179341992,12,0.01,1,14.0,2.0
10,3,3,True,3,0.5178040150740038,6,0.23032022124370385,2,0.12106836127384975,11,0.045099625846700964,7,0.028949412816217084,1,15.0,0.0
10,3,3,True,3,0.7512033311236145,2,0.13755835673846684,6,0.06626263034449864,7,0.03497568179341992,12,0.01,1,14.0,2.0
10,3,3,True,3,0.5178040150740038,6,0.23032022124370385,2,0.12106836127384975,11,0.045099625846700964,7,0.028949412816217084,1,15.0,0.0
10,3,3,True,3,0.7512033311236145,2,0.13755835673846684,6,0.06626263034449864,7,0.03497568179341992,12,0.01,1,14.0,2.0
10,3,3,True,3,0.5554543180037559,6,0.20728296037369998,2,0.19864045010882797,10,0.0280959557242426,8,0.01,1,15.0,1.0
10,2,3,False,3,0.3235225155257653,2,0.2657823328236725,4,0.2204576079256916,6,0.08525960525807774,5,0.07759751532446969,2,8.0,0.0
10,3,3,True,3,0.39301633921247925,2,0.2907550699849797,6,0.24894436452381657,9,0.06728422627872414,0,0.0,1,16.0,4.0
10,3,2,False,2,0.4360756462394637,4,0.17682526697028308,3,0.17267104981511358,1,0.1471054048515012,8,0.06732263212363829,3,8.0,1.0
10,3,3,True,3,0.3235225155257653,2,0.2657823328236725,4,0.2204576079256916,6,0.08525960525807774,5,0.07759751532446969,1,8.0,0.0
10,3,3,True,3,0.725664250781898,2,0.1855523136993725,4,0.08878343551872961,1,0.0,0,0.0,1,14.0,3.0
10,3,3,True,3,0.35915478557442754,2,0.316500713606668,10,0.13408120272261395,1,0.10905969132475088,6,0.0812036067715396,1,7.0,2.0
10,3,3,True,3,0.4137784711635696,2,0.24459292229867483,6,0.1773394496945371,5,0.140094755364988,11,0.02419440147823023,1,7.0,0.0
10,2,0,False,0,0.2815773129519258,2,0.20961407989155656,9,0.20322041516275263,3,0.10659793491682037,1,0.10471026909107398,2,9.0,4.0
10,3,3,True,3,0.5554543180037559,6,0.20728296037369998,2,0.19864045010882797,10,0.0280959557242426,8,0.01,1,15.0,1.0
10,3,3,True,3,0.40487379598453715,8,0.25972242303522014,2,0.19887852113449433,6,0.11165752111082894,4,0.024867738734919237,1,7.0,1.0
10,3,3,True,3,0.3766614954616119,6,0.32419328674376297,2,0.2665054493478797,13,0.03263976844674522,0,0.0,1,7.0,3.0
10,10,3,False,3,0.5554543180037559,6,0.20728296037369998,2,0.19864045010882797,10,0.0280959557242426,8,0.01,4,15.0,1.0
10,3,3,True,3,0.3235225155257653,2,0.2657823328236725,4,0.2204576079256916,6,0.08525960525807774,5,0.07759751532446969,1,8.0,0.0
10,5,2,False,2,0.4178289140769788,1,0.29099197650474723,5,0.16022362046278452,3,0.1309554889554889,0,0.0,3,7.0,5.0
10,3,6,False,6,0.3817060665814446,3,0.3071790495945358,2,0.1845007396806057,11,0.10101026757088043,13,0.02560387657253311,2,6.0,0.0
10,3,3,True,3,0.33008000898481493,2,0.27959326262946144,8,0.21573992774426692,6,0.13988128682950693,13,0.034705513811949605,1,6.0,1.0
10,3,2,False,2,0.34896094965385316,6,0.25884155139912635,3,0.22136706477763402,13,0.14905701728151619,7,0.021773416887870222,3,6.0,3.0
10,3,2,False,2,0.34896094965385316,6,0.25884155139912635,3,0.22136706477763402,13,0.14905701728151619,7,0.021773416887870222,3,6.0,3.0
10,3,3,True,3,0.39301633921247925,2,0.2907550699849797,6,0.24894436452381657,9,0.06728422627872414,0,0.0,1,16.0,4.0
10,3,3,True,3,0.5659035319281377,6,0.1868640680855335,2,0.14908985658089624,7,0.05360562049103445,9,0.04453692291439804,1,15.0,4.0
10,3,3,True,3,0.5659035319281377,6,0.1868640680855335,2,0.14908985658089624,7,0.05360562049103445,9,0.04453692291439804,1,15.0,4.0
10,1,2,False,2,0.3550499514446627,3,0.2615776684349078,1,0.1869400550782294,6,0.06574531812419226,8,0.06352493373262698,3,7.0,4.0
10,2,2,True,2,0.99,0,0.01,1,0.0,3,0.0,4,0.0,1,19.0,6.0
10,1,2,False,2,0.3550499514446627,3,0.2615776684349078,1,0.1869400550782294,6,0.06574531812419226,8,0.06352493373262698,3,7.0,4.0
10,2,3,False,3,0.5554543180037559,6,0.20728296037369998,2,0.19864045010882797,10,0.0280959557242426,8,0.01,3,15.0,1.0
10,2,3,False,3,0.5554543180037559,6,0.20728296037369998,2,0.19864045010882797,10,0.0280959557242426,8,0.01,3,15.0,1.0
10,3,3,True,3,0.3861327283827282,2,0.35319078144078125,6,0.2606764901764901,1,0.0,0,0.0,1,13.0,0.0
10,9,2,False,2,0.34938591305669653,3,0.3068841819683284,12,0.11598293953022036,1,0.06120746637587395,9,0.0588344388793978,5,9.0,5.0
10,2,2,True,2,0.98,0,0.02,1,0.0,3,0.0,4,0.0,1,13.0,6.0
10,3,2,False,2,0.4178289140769788,1,0.29099197650474723,5,0.16022362046278452,3,0.1309554889554889,0,0.0,4,7.0,5.0
10,2,2,True,2,0.4128694382758409,3,0.261188701827901,11,0.1271470332614633,5,0.11241371551661473,6,0.044501277252595534,1,16.0,0.0
10,2,3,False,3,0.5776930095599561,2,0.17729000791087374,6,0.16920875506663424,10,0.041773328188323404,11,0.03403489927421286,2,15.0,3.0
10,2,3,False,3,0.3243441067446484,2,0.3161317078174662,12,0.1782543801657578,1,0.17126980527212715,8,0.01,2,13.0,1.0
10,2,3,False,3,0.5676384127799329,2,0.4289744904458735,6,0.002096774193548387,5,0.0004838709677419355,10,0.0004838709677419355,2,14.0,0.0
10,3,3,True,3,0.4137784711635696,2,0.24459292229867483,6,0.1773394496945371,5,0.140094755364988,11,0.02419440147823023,1,7.0,0.0
10,3,3,True,3,0.40487379598453715,8,0.25972242303522014,2,0.19887852113449433,6,0.11165752111082894,4,0.024867738734919237,1,7.0,1.0
10,3,2,False,2,0.3550499514446627,3,0.2615776684349078,1,0.1869400550782294,6,0.06574531812419226,8,0.06352493373262698,2,7.0,4.0
10,3,2,False,2,0.3550499514446627,3,0.2615776684349078,1,0.1869400550782294,6,0.06574531812419226,8,0.06352493373262698,2,7.0,4.0
10,2,8,False,8,0.3576458221954082,2,0.3321854775715152,13,0.15929061265120958,6,0.1508780875818667,3,0.0,2,5.0,4.0
10,3,3,True,3,0.568465701953558,2,0.2615106410691844,12,0.04483587302845599,6,0.042684353928976355,7,0.03710062648113324,1,14.0,1.0
10,3,3,True,3,0.36336217739450843,6,0.25413266356252384,2,0.2450022684927723,13,0.08145776590720122,10,0.03696066555228283,1,6.0,2.0
10,2,2,True,2,0.4128694382758409,3,0.261188701827901,11,0.1271470332614633,5,0.11241371551661473,6,0.044501277252595534,1,16.0,0.0
10,3,12,False,12,0.3328789967772165,2,0.250028858869029,1,0.21358102874937235,7,0.13035063272640662,3,0.07316048287797511,5,8.0,5.0
10,3,3,True,3,0.36336217739450843,6,0.25413266356252384,2,0.2450022684927723,13,0.08145776590720122,10,0.03696066555228283,1,6.0,2.0
10,3,2,False,2,0.401061434119716,3,0.3952258132132746,10,0.13602164957505514,5,0.06769110309195449,0,0.0,2,16.0,3.0
10,2,2,True,2,0.988,0,0.012,1,0.0,3,0.0,4,0.0,1,16.0,6.0
10,3,3,True,3,0.5554543180037559,6,0.20728296037369998,2,0.19864045010882797,10,0.0280959557242426,8,0.01,1,15.0,1.0
10,3,3,True,3,0.5659035319281377,6,0.1868640680855335,2,0.14908985658089624,7,0.05360562049103445,9,0.04453692291439804,1,15.0,4.0
10,3,3,True,3,0.36336217739450843,6,0.25413266356252384,2,0.2450022684927723,13,0.08145776590720122,10,0.03696066555228283,1,6.0,2.0
10,10,3,False,3,0.36336217739450843,6,0.25413266356252384,2,0.2450022684927723,13,0.08145776590720122,10,0.03696066555228283,5,6.0,2.0
10,3,6,False,6,0.3817060665814446,3,0.3071790495945358,2,0.1845007396806057,11,0.10101026757088043,13,0.02560387657253311,2,6.0,0.0
10,2,2,True,2,0.99,0,0.01,1,0.0,3,0.0,4,0.0,1,18.0,6.0
10,2,8,False,8,0.3576458221954082,2,0.3321854775715152,13,0.15929061265120958,6,0.1508780875818667,3,0.0,2,5.0,4.0
10,3,3,True,3,0.5659035319281377,6,0.1868640680855335,2,0.14908985658089624,7,0.05360562049103445,9,0.04453692291439804,1,15.0,4.0
10,3,2,False,2,0.401061434119716,3,0.3952258132132746,10,0.13602164957505514,5,0.06769110309195449,0,0.0,2,16.0,3.0
10,5,3,False,3,0.3235225155257653,2,0.2657823328236725,4,0.2204576079256916,6,0.08525960525807774,5,0.07759751532446969,5,8.0,0.0
10,2,2,True,2,0.5947224229159214,6,0.20616273836242865,0,0.11627539531332093,3,0.08033944340832885,7,0.0025,1,11.0,6.0
10,3,2,False,2,0.7642386432550115,0,0.11976113763519197,3,0.11600021910979638,1,0.0,4,0.0,3,8.0,3.0
10,3,2,False,2,0.46377792511925636,3,0.3791854971224168,0,0.15703657775832697,1,0.0,4,0.0,2,9.0,0.0
10,3,2,False,2,0.18802818736665408,3,0.1688025143079789,11,0.16572836875239383,6,0.15126782868750882,7,0.14832586552367052,2,15.0,2.0
10,3,2,False,2,0.7686670967920969,0,0.22133290320790316,3,0.01,1,0.0,4,0.0,3,13.0,3.0
10,3,3,True,3,0.5676384127799329,2,0.4289744904458735,6,0.002096774193548387,5,0.0004838709677419355,10,0.0004838709677419355,1,14.0,0.0
10,12,2,False,2,0.6487977863639628,12,0.18872548366666014,0,0.08741492657669127,7,0.07352334185422418,6,0.0015384615384615385,2,10.0,3.0
10,3,2,False,2,0.6285513058063367,6,0.24035687407707518,0,0.12109182011658781,8,0.01,3,0.0,5,10.0,1.0
10,5,3,False,3,0.5776930095599561,2,0.17729000791087374,6,0.16920875506663424,10,0.041773328188323404,11,0.03403489927421286,10,15.0,3.0
10,12,0,False,0,0.3232474450714926,2,0.2888681061591075,12,0.16621434372786834,3,0.15080106213688793,7,0.07086904290464323,3,9.0,2.0
10,3,2,False,2,0.34117446451589495,3,0.23085628398565855,0,0.2194734566269637,7,0.09518118706587331,9,0.053645638856962705,2,10.0,5.0
10,2,2,True,2,0.99,0,0.01,1,0.0,3,0.0,4,0.0,1,15.0,6.0
10,2,3,False,3,0.5686711017740427,2,0.2417656395891689,6,0.1895632586367879,1,0.0,0,0.0,2,17.0,4.0
10,2,2,True,2,0.5071012598512599,12,0.2655141802641801,7,0.11824644799644794,5,0.09913811188811193,3,0.01,1,16.0,2.0
10,2,2,True,2,0.7642386432550115,0,0.11976113763519197,3,0.11600021910979638,1,0.0,4,0.0,1,8.0,3.0
10,2,3,False,3,0.7512033311236145,2,0.13755835673846684,6,0.06626263034449864,7,0.03497568179341992,12,0.01,2,14.0,2.0
10,2,3,False,3,0.5676384127799329,2,0.4289744904458735,6,0.002096774193548387,5,0.0004838709677419355,10,0.0004838709677419355,2,14.0,0.0
10,2,2,True,2,0.7068790722091803,6,0.19190678026823538,7,0.09121414752258404,0,0.01,3,0.0,1,7.0,6.0
10,13,3,False,3,0.36336217739450843,6,0.25413266356252384,2,0.2450022684927723,13,0.08145776590720122,10,0.03696066555228283,4,6.0,2.0
10,2,12,False,12,0.3328789967772165,2,0.250028858869029,1,0.21358102874937235,7,0.13035063272640662,3,0.07316048287797511,2,8.0,5.0
10,2,3,False,3,0.4137784711635696,2,0.24459292229867483,6,0.1773394496945371,5,0.140094755364988,11,0.02419440147823023,2,7.0,0.0
10,2,2,True,2,0.6825554146146253,6,0.16661262632276552,1,0.07669743775316529,3,0.06413452130944391,8,0.01,1,11.0,1.0
10,11,6,False,6,0.3817060665814446,3,0.3071790495945358,2,0.1845007396806057,11,0.10101026757088043,13,0.02560387657253311,4,6.0,0.0
10,3,2,False,2,0.38950626964045654,3,0.17297057193976356,11,0.09188869389348926,6,0.09080343906217175,4,0.08789878450620137,2,8.0,4.0
10,10,3,False,3,0.36336217739450843,6,0.25413266356252384,2,0.2450022684927723,13,0.08145776590720122,10,0.03696066555228283,5,6.0,2.0
10,2,3,False,3,0.568465701953558,2,0.2615106410691844,12,0.04483587302845599,6,0.042684353928976355,7,0.03710062648113324,2,14.0,1.0
10,2,3,False,3,0.5554543180037559,6,0.20728296037369998,2,0.19864045010882797,10,0.0280959557242426,8,0.01,3,15.0,1.0
10,2,3,False,3,0.5178040150740038,6,0.23032022124370385,2,0.12106836127384975,11,0.045099625846700964,7,0.028949412816217084,3,15.0,0.0
10,11,2,False,2,0.5071012598512599,12,0.2655141802641801,7,0.11824644799644794,5,0.09913811188811193,3,0.01,13,16.0,2.0
10,2,3,False,3,0.7258849206349204,1,0.23082936507936502,2,0.027857142857142855,8,0.01,0,0.003,3,12.0,1.0
10,2,3,False,3,0.3235225155257653,2,0.2657823328236725,4,0.2204576079256916,6,0.08525960525807774,5,0.07759751532446969,2,8.0,0.0
10,13,8,False,8,0.32132402824736894,6,0.2738506308605918,2,0.2600279023204551,13,0.1447974385715838,3,0.0,4,5.0,1.0
10,2,3,False,3,0.35915478557442754,2,0.316500713606668,10,0.13408120272261395,1,0.10905969132475088,6,0.0812036067715396,2,7.0,2.0
10,2,6,False,6,0.3817060665814446,3,0.3071790495945358,2,0.1845007396806057,11,0.10101026757088043,13,0.02560387657253311,3,6.0,0.0
10,2,2,True,2,0.4178289140769788,1,0.29099197650474723,5,0.16022362046278452,3,0.1309554889554889,0,0.0,1,7.0,5.0
10,2,3,False,3,0.35915478557442754,2,0.316500713606668,10,0.13408120272261395,1,0.10905969132475088,6,0.0812036067715396,2,7.0,2.0
10,2,3,False,3,0.40487379598453715,8,0.25972242303522014,2,0.19887852113449433,6,0.11165752111082894,4,0.024867738734919237,3,7.0,1.0
10,2,2,True,2,0.5071012598512599,12,0.2655141802641801,7,0.11824644799644794,5,0.09913811188811193,3,0.01,1,16.0,2.0
10,2,3,False,3,0.40487379598453715,8,0.25972242303522014,2,0.19887852113449433,6,0.11165752111082894,4,0.024867738734919237,3,7.0,1.0
10,2,13,False,13,0.6106219940190527,2,0.28753290826820216,6,0.10184509771274478,1,0.0,3,0.0,2,5.0,2.0
10,2,3,False,3,0.7258849206349204,1,0.23082936507936502,2,0.027857142857142855,8,0.01,0,0.003,3,12.0,1.0
10,2,2,True,2,0.4178289140769788,1,0.29099197650474723,5,0.16022362046278452,3,0.1309554889554889,0,0.0,1,7.0,5.0
10,2,3,False,3,0.40487379598453715,8,0.25972242303522014,2,0.19887852113449433,6,0.11165752111082894,4,0.024867738734919237,3,7.0,1.0
10,2,3,False,3,0.40487379598453715,8,0.25972242303522014,2,0.19887852113449433,6,0.11165752111082894,4,0.024867738734919237,3,7.0,1.0
10,2,3,False,3,0.6881769553975436,2,0.2158276527394173,6,0.09599539186303892,1,0.0,0,0.0,2,14.0,4.0
10,13,2,False,2,0.7084772727272728,13,0.2780126262626262,6,0.0064646464646464655,8,0.004545454545454545,3,0.0025,2,5.0,0.0
10,2,3,False,3,0.40487379598453715,8,0.25972242303522014,2,0.19887852113449433,6,0.11165752111082894,4,0.024867738734919237,3,7.0,1.0
10,2,2,True,2,0.34938591305669653,3,0.3068841819683284,12,0.11598293953022036,1,0.06120746637587395,9,0.0588344388793978,1,9.0,5.0
10,13,3,False,3,0.33008000898481493,2,0.27959326262946144,8,0.21573992774426692,6,0.13988128682950693,13,0.034705513811949605,5,6.0,1.0
10,2,3,False,3,0.36336217739450843,6,0.25413266356252384,2,0.2450022684927723,13,0.08145776590720122,10,0.03696066555228283,3,6.0,2.0
