fold,true_cluster,predicted_cluster,correct,top1_cluster,top1_confidence,top2_cluster,top2_confidence,top3_cluster,top3_confidence,top4_cluster,top4_confidence,top5_cluster,top5_confidence,true_rank,elevation_gain
1,1,1,True,1,0.89,2,0.1,0,0.01,3,0.0,4,0.0,1,201.0
1,4,0,False,0,0.4443333333333333,4,0.43799999999999994,2,0.1,6,0.017666666666666667,3,0.0,2,43.0
1,3,6,False,6,0.23842338217338205,7,0.21223434898434895,5,0.21171101121101107,0,0.11818600843600839,1,0.11608294483294483,6,10.0
1,5,7,False,7,0.5763005776902834,5,0.2192919784463902,0,0.2044074438633263,1,0.0,3,0.0,2,7.0
1,5,5,True,5,0.5675396825396823,7,0.22085317460317458,6,0.2116071428571428,0,0.0,3,0.0,1,1.0
1,7,6,False,6,0.62,1,0.34,2,0.04,0,0.0,3,0.0,8,75.0
1,6,6,True,6,0.3714585137085137,7,0.32806457431457425,1,0.28714357864357853,2,0.013333333333333332,3,0.0,1,86.0
1,4,1,False,1,0.67,0,0.2,2,0.13,3,0.0,4,0.0,5,99.0
1,7,0,False,0,0.4691161616161617,6,0.3640537518037517,7,0.15683008658008657,1,0.01,3,0.0,3,58.0
1,5,2,False,2,0.3191995463686639,5,0.23409886926798684,7,0.19274901242548304,0,0.15534584859584846,3,0.09860672334201742,2,5.0
1,7,7,True,7,0.63,1,0.24,2,0.12,0,0.01,3,0.0,1,109.0
1,6,4,False,4,0.5280555555555554,7,0.23928174603174596,6,0.22266269841269837,2,0.01,3,0.0,3,79.0
1,6,1,False,1,0.48416666666666663,4,0.41483333333333333,0,0.08099999999999997,2,0.02,3,0.0,7,104.0
1,7,7,True,7,0.4164141414141413,6,0.20932178932178927,0,0.18770779220779218,3,0.17155627705627702,2,0.015,1,68.0
1,7,6,False,6,0.3834690032190029,1,0.30438875013874994,2,0.19283298645798638,7,0.11930926018426018,3,0.0,4,28.0
1,1,5,False,5,0.5668562687312684,7,0.22681686369186366,1,0.11212161449661444,6,0.09420525308025306,3,0.0,3,17.0
1,0,5,False,5,0.3525955237572884,6,0.22983044243338352,0,0.21761456843809776,7,0.10032070707070703,1,0.09963875830052299,3,11.0
1,0,1,False,1,0.91,7,0.06,2,0.03,0,0.0,3,0.0,4,134.0
1,1,5,False,5,0.3181667379833787,6,0.26124107372675476,1,0.1433126454041314,7,0.07634642907831762,2,0.07486315975046626,3,19.0
1,0,0,True,0,0.24101681651681647,7,0.23800223387723368,1,0.14235396547896548,2,0.13261156898656895,5,0.12496828171828168,1,15.0
1,0,4,False,4,0.6484999999999999,2,0.3164999999999999,6,0.02,0,0.015,3,0.0,4,46.0
1,0,6,False,6,0.3522460317460317,7,0.33181349206349203,1,0.2659404761904761,2,0.03,0,0.02,5,83.0
1,1,1,True,1,0.49665770585623514,6,0.28944168005197407,0,0.11424254911754908,4,0.09965806497424143,3,0.0,1,52.0
1,0,1,False,1,0.4941666666666668,6,0.4058333333333332,7,0.1,0,0.0,3,0.0,4,59.0
1,1,7,False,7,0.2927945526695526,0,0.2607124819624819,2,0.15423322510822507,8,0.15213401875901875,5,0.14012572150072142,8,3.0
1,0,7,False,7,0.31023937173937155,0,0.28493117993117983,4,0.26957586857586846,1,0.1352535797535797,3,0.0,2,77.0
1,4,7,False,7,0.64,1,0.33,2,0.03,0,0.0,3,0.0,6,94.0
1,4,6,False,6,0.3183679653679653,0,0.24807575757575756,2,0.15481493506493502,4,0.15103571428571425,1,0.12770562770562768,4,34.0
1,5,5,True,5,0.5671437927397681,6,0.26276738255724313,0,0.08986583428611289,7,0.08022299041687585,3,0.0,1,20.0
1,6,1,False,1,0.333521645021645,2,0.27435714285714274,6,0.2446883116883117,7,0.14743290043290044,3,0.0,3,39.0
1,0,6,False,6,0.3643906926406926,2,0.23628823953823946,4,0.21676731601731591,0,0.18255375180375175,3,0.0,4,61.0
1,6,7,False,7,0.5763005776902834,5,0.2192919784463902,0,0.2044074438633263,1,0.0,3,0.0,8,7.0
1,6,1,False,1,0.6708643578643577,0,0.18438744588744582,4,0.14474819624819626,2,0.0,3,0.0,7,95.0
1,6,5,False,5,0.5668562687312684,7,0.22681686369186366,1,0.11212161449661444,6,0.09420525308025306,3,0.0,4,17.0
1,6,0,False,0,0.4691161616161617,6,0.3640537518037517,7,0.15683008658008657,1,0.01,3,0.0,2,58.0
1,0,1,False,1,0.715,2,0.18,4,0.1,0,0.005,3,0.0,4,121.0
1,3,7,False,7,0.4819659946606541,5,0.37048493727634574,6,0.08108167030767648,0,0.06646739775532341,3,0.0,5,8.0
1,4,7,False,7,0.31023937173937155,0,0.28493117993117983,4,0.26957586857586846,1,0.1352535797535797,3,0.0,3,77.0
1,1,0,False,0,0.3397561327561327,6,0.30346897546897533,5,0.19014285714285706,1,0.16663203463203463,3,0.0,4,48.0
1,7,7,True,7,0.5322158625688038,1,0.17212106357694587,5,0.15212639974404676,2,0.1435366741102035,3,0.0,1,65.0
1,5,6,False,6,0.23842338217338205,7,0.21223434898434895,5,0.21171101121101107,0,0.11818600843600839,1,0.11608294483294483,3,10.0
1,7,4,False,4,0.42620363133598455,0,0.20815893501922905,7,0.13052131283748925,8,0.12892478191742895,6,0.10619133888986829,3,53.0
1,7,0,False,0,0.3397561327561327,6,0.30346897546897533,5,0.19014285714285706,1,0.16663203463203463,3,0.0,8,48.0
1,7,6,False,6,0.62,1,0.34,2,0.04,0,0.0,3,0.0,8,75.0
1,7,5,False,5,0.5671437927397681,6,0.26276738255724313,0,0.08986583428611289,7,0.08022299041687585,3,0.0,4,20.0
1,7,6,False,6,0.4492255216403824,7,0.2352522899357264,4,0.19681493210092274,2,0.11870725632296834,3,0.0,2,16.0
1,1,6,False,6,0.45978571428571435,0,0.42021428571428565,1,0.11,2,0.01,3,0.0,3,87.0
1,1,0,False,0,0.95,1,0.04,2,0.01,3,0.0,4,0.0,2,163.0
1,7,7,True,7,0.2927945526695526,0,0.2607124819624819,2,0.15423322510822507,8,0.15213401875901875,5,0.14012572150072142,1,3.0
1,1,6,False,6,0.3643906926406926,2,0.23628823953823946,4,0.21676731601731591,0,0.18255375180375175,3,0.0,6,61.0
1,0,6,False,6,0.25792905022394186,5,0.2205340516896243,1,0.21560248398831983,7,0.08758526397922684,4,0.08145175898233173,6,23.0
1,0,4,False,4,0.5280555555555554,7,0.23928174603174596,6,0.22266269841269837,2,0.01,3,0.0,7,79.0
1,1,4,False,4,0.3969116161616163,6,0.3956933621933622,7,0.19739502164502162,1,0.01,3,0.0,4,80.0
1,1,6,False,6,0.4536071428571429,1,0.29007575757575743,7,0.24013528138528134,4,0.0076363636363636364,0,0.0066363636363636356,2,53.1
1,1,1,True,1,0.83,2,0.16,7,0.01,0,0.0,3,0.0,1,137.1
1,0,0,True,0,0.38604671717171707,1,0.2557394966144966,4,0.240861999111999,6,0.11735178710178706,3,0.0,1,65.9
1,0,4,False,4,0.88,1,0.09116666666666667,0,0.028833333333333336,2,0.0,3,0.0,3,54.7
1,0,2,False,2,0.6022142857142857,5,0.3017142857142857,0,0.07,7,0.014107142857142856,6,0.009107142857142857,3,15.9
1,1,6,False,6,0.391,2,0.38352380952380954,1,0.17785714285714285,4,0.028333333333333332,0,0.014285714285714285,3,48.2
1,0,0,True,0,0.4846666666666667,2,0.3913333333333333,6,0.050166666666666665,7,0.03783333333333334,1,0.036000000000000004,1,50.1
1,0,6,False,6,0.36086904761904764,7,0.3259642857142856,1,0.2821666666666666,2,0.02,0,0.011000000000000001,5,50.0
1,0,6,False,6,0.6533333333333333,2,0.28,5,0.04666666666666666,0,0.02,3,0.0,4,9.7
1,6,0,False,0,0.555452380952381,3,0.44454761904761897,1,0.0,2,0.0,4,0.0,7,6.3
1,5,0,False,0,0.8061666666666666,5,0.1938333333333333,2,0.0,1,0.0,3,0.0,2,7.9
1,5,2,False,2,0.6118230444853612,5,0.14308937581732734,7,0.12984811261948845,1,0.08074304167080928,3,0.017069877386139815,2,0.0
1,4,5,False,5,0.3576666666666666,0,0.3151666666666667,6,0.288,2,0.019166666666666665,3,0.01,7,18.3
1,1,3,False,3,0.417,6,0.413,7,0.09416666666666666,2,0.07583333333333334,0,0.0,6,19.4
1,4,4,True,4,0.6483333333333333,1,0.3516666666666666,2,0.0,0,0.0,3,0.0,1,56.5
1,4,0,False,0,0.3666666666666667,2,0.3025833333333333,7,0.30174999999999996,1,0.028999999999999998,3,0.0,6,56.8
1,4,0,False,0,0.3969799504760803,4,0.2867277202931227,6,0.11057337266276893,5,0.10577780608624261,1,0.09994115048178515,2,62.1
1,6,6,True,6,0.7870468975468974,1,0.21295310245310237,2,0.0,0,0.0,3,0.0,1,10.6
1,6,2,False,2,0.7067857142857144,4,0.18,1,0.10292857142857142,0,0.010285714285714285,3,0.0,7,36.6
1,6,2,False,2,0.3063813709080736,0,0.24352625878593367,6,0.19349663850940932,1,0.16841271752842948,8,0.08818301426815359,3,40.0
1,6,5,False,5,0.6461483516483516,2,0.32359523809523816,6,0.013846153846153847,7,0.010769230769230769,0,0.003333333333333333,3,18.2
1,4,2,False,2,0.65,1,0.14797619047619046,6,0.10052380952380952,4,0.09149999999999998,0,0.01,4,42.5
1,0,0,True,0,0.57,6,0.27,7,0.09627777777777778,1,0.026027777777777778,5,0.022666666666666665,1,64.9
1,1,1,True,1,0.62,7,0.10114285714285716,2,0.09935714285714287,5,0.0983095238095238,6,0.0811904761904762,1,14.9
1,6,0,False,0,0.6544880952380951,7,0.30717857142857136,5,0.02,1,0.01,2,0.008333333333333333,8,17.7
1,6,1,False,1,0.71,0,0.14485714285714285,4,0.09114285714285714,2,0.052000000000000005,6,0.002,5,35.6
1,4,2,False,2,0.44249999999999984,3,0.4358333333333334,0,0.12166666666666667,1,0.0,4,0.0,5,23.6
1,6,8,False,8,0.33615476190476185,6,0.3225079365079365,0,0.29467063492063494,7,0.028333333333333335,1,0.013888888888888888,2,11.1
1,5,5,True,5,0.3181667379833787,6,0.26124107372675476,1,0.1433126454041314,7,0.07634642907831762,2,0.07486315975046626,1,19.0
1,7,6,False,6,0.3403809523809524,2,0.33892857142857147,1,0.31926190476190475,0,0.0014285714285714286,3,0.0,8,51.3
1,5,2,False,2,0.6876587301587301,0,0.3073412698412698,6,0.005,1,0.0,3,0.0,7,13.7
1,4,5,False,5,0.5671437927397681,6,0.26276738255724313,0,0.08986583428611289,7,0.08022299041687585,3,0.0,8,20.0
1,7,2,False,2,0.6118230444853612,5,0.14308937581732734,7,0.12984811261948845,1,0.08074304167080928,3,0.017069877386139815,3,0.0
1,7,2,False,2,0.6012420634920635,0,0.36875793650793637,6,0.02,1,0.01,3,0.0,8,41.5
1,6,6,True,6,0.59,0,0.4025,7,0.0075,1,0.0,3,0.0,1,7.4
1,6,2,False,2,0.44278571428571434,1,0.4072142857142857,6,0.1,8,0.05,3,0.0,3,6.6
1,7,5,False,5,0.3835238095238095,0,0.28645238095238085,1,0.28529761904761886,2,0.018726190476190473,6,0.014357142857142855,8,16.4
1,7,2,False,2,0.6118230444853612,5,0.14308937581732734,7,0.12984811261948845,1,0.08074304167080928,3,0.017069877386139815,3,0.0
1,1,7,False,7,0.6832857142857143,2,0.2892142857142856,1,0.02,0,0.0075,3,0.0,3,58.4
1,6,0,False,0,0.5877658730158728,1,0.41223412698412687,2,0.0,3,0.0,4,0.0,7,15.3
1,2,2,True,2,0.6812380952380953,6,0.3104285714285715,0,0.008333333333333333,1,0.0,3,0.0,1,30.7
1,6,5,False,5,0.25811904761904747,2,0.2419642857142857,6,0.24107142857142855,7,0.23884523809523805,1,0.02,3,14.8
1,0,7,False,7,0.89,1,0.08,2,0.03,0,0.0,3,0.0,4,69.4
1,1,1,True,1,0.684,2,0.14885714285714285,6,0.13880952380952383,4,0.028333333333333332,3,0.0,1,48.3
1,1,6,False,6,0.77,2,0.23,1,0.0,0,0.0,3,0.0,3,81.9
1,0,7,False,7,0.651764705882353,0,0.1258721458280282,5,0.08403446226975639,2,0.08365945165945167,1,0.052316293183940245,2,17.9
1,1,2,False,2,0.6782460317460317,4,0.17382539682539686,7,0.0778373015873016,6,0.07009126984126986,3,0.0,6,53.9
1,0,7,False,7,0.5938492063492065,8,0.3526507936507936,6,0.036833333333333336,0,0.013333333333333332,1,0.003333333333333333,4,11.7
1,1,1,True,1,0.19702367077367075,2,0.16940762015762012,4,0.162280636030636,6,0.16128460428460425,0,0.15976923076923075,1,44.0
1,2,0,False,0,0.38604671717171707,1,0.2557394966144966,4,0.240861999111999,6,0.11735178710178706,3,0.0,6,65.9
1,5,5,True,5,0.8181984126984129,6,0.18180158730158727,0,0.0,1,0.0,3,0.0,1,17.1
1,5,2,False,2,0.7554999999999998,1,0.2345,4,0.01,0,0.0,3,0.0,6,78.8
1,5,2,False,2,0.6118230444853612,5,0.14308937581732734,7,0.12984811261948845,1,0.08074304167080928,3,0.017069877386139815,2,0.0
1,5,0,False,0,0.3790952380952382,4,0.3133650793650793,6,0.30753968253968245,1,0.0,3,0.0,7,63.9
1,6,0,False,0,0.3354761904761904,4,0.3306190476190476,2,0.29723809523809513,6,0.024166666666666666,1,0.012499999999999997,4,55.6
1,6,6,True,6,0.5172619047619047,1,0.48273809523809524,2,0.0,0,0.0,3,0.0,1,10.3
1,6,6,True,6,0.62,2,0.1625,1,0.13150000000000003,0,0.086,3,0.0,1,10.2
1,6,1,False,1,0.5564639249639248,6,0.16800721500721497,7,0.15493434343434342,4,0.12059451659451659,3,0.0,2,32.0
1,6,2,False,2,0.66,1,0.15198989898989898,6,0.11682882395382396,4,0.07118127705627705,3,0.0,3,48.9
1,6,6,True,6,0.6533333333333333,2,0.28,5,0.04666666666666666,0,0.02,3,0.0,1,9.7
1,0,7,False,7,0.4824047619047618,6,0.43342857142857144,2,0.08416666666666668,0,0.0,3,0.0,4,33.4
1,0,2,False,2,0.3191995463686639,5,0.23409886926798684,7,0.19274901242548304,0,0.15534584859584846,3,0.09860672334201742,4,5.0
1,8,8,True,8,0.68,1,0.243008658008658,7,0.04867099567099567,6,0.018887445887445887,5,0.008523809523809524,1,14.2
1,6,1,False,1,0.3412142857142857,7,0.33721428571428574,2,0.32157142857142845,0,0.0,3,0.0,8,39.5
1,6,6,True,6,0.23842338217338205,7,0.21223434898434895,5,0.21171101121101107,0,0.11818600843600839,1,0.11608294483294483,1,10.0
1,6,7,False,7,0.68,2,0.09419671668201078,0,0.0749478821831763,1,0.06817310304075011,6,0.05603034873623109,5,40.1
1,6,2,False,2,0.9163333333333332,1,0.043833333333333335,7,0.03983333333333333,0,0.0,3,0.0,8,31.7
1,0,6,False,6,0.48733333333333334,2,0.41566666666666663,1,0.059333333333333335,0,0.03766666666666667,3,0.0,4,30.5
1,5,2,False,2,0.536357142857143,1,0.37014285714285705,5,0.04533333333333333,8,0.03816666666666666,6,0.01,3,17.5
1,5,2,False,2,0.6,1,0.1780939893439893,0,0.11317912642912643,3,0.056425435675435676,6,0.052301448551448554,7,12.1
1,6,5,False,5,0.3835238095238095,0,0.28645238095238085,1,0.28529761904761886,2,0.018726190476190473,6,0.014357142857142855,5,16.4
1,5,2,False,2,0.41614393939393923,1,0.21604689754689752,7,0.19670707070707072,5,0.17110209235209228,3,0.0,4,8.6
1,5,6,False,6,0.7426230158730154,2,0.25404365079365065,1,0.003333333333333333,0,0.0,3,0.0,7,10.7
1,8,7,False,7,0.441,6,0.41233333333333333,2,0.12,0,0.026666666666666665,3,0.0,9,25.2
1,7,1,False,1,0.71,0,0.14485714285714285,4,0.09114285714285714,2,0.052000000000000005,6,0.002,8,35.6
1,7,2,False,2,0.384,6,0.30805555555555547,1,0.30127777777777764,0,0.003333333333333333,4,0.003333333333333333,8,55.7
1,7,6,False,6,0.4181825396825397,1,0.38416666666666666,7,0.19765079365079363,0,0.0,3,0.0,3,14.6
1,1,1,True,1,0.6588730158730158,6,0.33112698412698405,2,0.01,0,0.0,3,0.0,1,98.0
1,1,0,False,0,0.5108333333333333,2,0.4891666666666667,1,0.0,3,0.0,4,0.0,3,24.8
1,1,8,False,8,0.3683809523809522,1,0.3538690476190476,2,0.2639166666666666,6,0.008166666666666666,4,0.005666666666666666,2,35.9
1,0,0,True,0,0.8061666666666666,5,0.1938333333333333,2,0.0,1,0.0,3,0.0,1,7.9
1,0,7,False,7,0.5633095238095239,0,0.43669047619047613,2,0.0,1,0.0,3,0.0,2,3.9
1,0,0,True,0,0.9466746031746031,5,0.0273968253968254,2,0.025928571428571433,1,0.0,3,0.0,1,5.2
1,1,5,False,5,0.32647765444050264,7,0.23092196339951762,1,0.22604935398279033,0,0.21655102817718905,3,0.0,3,24.0
1,2,2,True,2,0.7378005050505049,0,0.25469949494949495,6,0.0075,1,0.0,3,0.0,1,29.9
1,2,0,False,0,0.5108333333333333,2,0.4891666666666667,1,0.0,3,0.0,4,0.0,2,24.8
1,2,1,False,1,0.9633333333333333,5,0.03,6,0.003333333333333333,2,0.003333333333333333,3,0.0,4,33.8
1,2,6,False,6,0.6324999999999998,2,0.335,0,0.0325,1,0.0,3,0.0,2,30.9
1,2,7,False,7,0.4824047619047618,6,0.43342857142857144,2,0.06416666666666666,5,0.02,3,0.0,3,33.5
1,1,0,False,0,0.42114285714285715,4,0.4188571428571429,2,0.11649999999999999,7,0.0435,3,0.0,6,84.2
1,2,2,True,2,0.3780436507936508,4,0.2886904761904761,1,0.25326587301587294,6,0.08,3,0.0,1,47.0
1,0,0,True,0,0.8061666666666666,5,0.1938333333333333,2,0.0,1,0.0,3,0.0,1,7.9
1,2,1,False,1,0.6808333333333334,2,0.18702380952380954,8,0.12214285714285714,6,0.01,3,0.0,2,43.4
1,1,1,True,1,0.6,7,0.27,2,0.12,0,0.01,3,0.0,1,108.8
1,2,5,False,5,0.5668562687312684,7,0.22681686369186366,1,0.11212161449661444,6,0.09420525308025306,3,0.0,6,17.0
1,1,2,False,2,0.94,4,0.05333333333333334,0,0.006666666666666666,1,0.0,3,0.0,4,35.3
1,2,2,True,2,0.8836190476190476,0,0.11638095238095238,1,0.0,3,0.0,4,0.0,1,61.2
1,2,7,False,7,0.4824047619047618,6,0.43342857142857144,2,0.08416666666666668,0,0.0,3,0.0,3,33.4
1,2,2,True,2,0.6659166666666667,4,0.16139285714285712,7,0.10825,6,0.0644404761904762,3,0.0,1,54.1
1,0,4,False,4,0.61,2,0.21150793650793653,1,0.0987222222222222,0,0.07976984126984127,3,0.0,4,36.5
1,2,1,False,1,0.5060454545454545,0,0.42583333333333334,7,0.02986147186147186,2,0.024857142857142862,6,0.013402597402597402,4,39.1
1,2,1,False,1,0.89,7,0.06,2,0.05,0,0.0,3,0.0,3,134.5
1,2,2,True,2,0.5953333333333336,6,0.36466666666666664,0,0.017857142857142856,8,0.017285714285714286,5,0.004857142857142857,1,7.7
1,2,0,False,0,0.84,2,0.12499999999999999,3,0.023333333333333334,1,0.011666666666666665,4,0.0,2,23.4
1,2,1,False,1,0.6556666666666666,6,0.18783333333333335,2,0.14666666666666664,7,0.009833333333333335,3,0.0,3,12.6
1,1,1,True,1,0.66,2,0.29600000000000004,6,0.025333333333333336,0,0.018666666666666668,3,0.0,1,45.6
1,2,1,False,1,0.3412142857142857,7,0.33721428571428574,2,0.32157142857142845,0,0.0,3,0.0,3,39.5
1,2,7,False,7,0.4647619047619048,0,0.4452380952380952,1,0.07,2,0.02,3,0.0,4,102.2
1,2,4,False,4,0.66,1,0.1868333333333333,2,0.14316666666666666,0,0.01,3,0.0,3,22.7
1,2,0,False,0,0.3354761904761904,4,0.3306190476190476,2,0.29723809523809513,6,0.024166666666666666,1,0.012499999999999997,3,55.6
1,0,2,False,2,0.3569332611832611,6,0.32073665223665215,5,0.17524891774891774,0,0.14708116883116878,3,0.0,4,11.4
1,1,2,False,2,0.6118230444853612,5,0.14308937581732734,7,0.12984811261948845,1,0.08074304167080928,3,0.017069877386139815,4,0.0
1,2,6,False,6,0.79,2,0.21,1,0.0,0,0.0,3,0.0,2,82.1
1,0,0,True,0,0.36683333333333334,1,0.33583333333333315,5,0.25733333333333325,2,0.04,3,0.0,1,4.5
1,1,1,True,1,0.7604246031746033,7,0.1588134920634921,0,0.08076190476190477,2,0.0,3,0.0,1,90.8
1,2,6,False,6,0.6139606227106227,0,0.21786599511599505,1,0.1681733821733821,2,0.0,3,0.0,4,13.3
1,2,2,True,2,0.6118230444853612,5,0.14308937581732734,7,0.12984811261948845,1,0.08074304167080928,3,0.017069877386139815,1,0.0
1,2,2,True,2,0.5115000000000001,0,0.45016666666666666,5,0.03166666666666666,6,0.005,7,0.0016666666666666666,1,27.3
1,2,5,False,5,0.25811904761904747,2,0.2419642857142857,6,0.24107142857142855,7,0.23884523809523805,1,0.02,2,14.8
1,2,2,True,2,0.6118230444853612,5,0.14308937581732734,7,0.12984811261948845,1,0.08074304167080928,3,0.017069877386139815,1,0.0
1,0,0,True,0,0.34498917748917746,7,0.16774603174603175,6,0.16486940836940833,3,0.1644617604617603,1,0.15793362193362193,1,13.0
1,2,6,False,6,0.4591558441558442,8,0.4255,2,0.060326839826839826,4,0.0293538961038961,5,0.025663419913419912,3,28.9
1,2,6,False,6,0.3376428571428571,1,0.3327380952380951,2,0.3296190476190475,0,0.0,3,0.0,3,67.3
1,2,2,True,2,0.94,4,0.05333333333333334,0,0.006666666666666666,1,0.0,3,0.0,1,35.3
1,0,2,False,2,0.36840476190476196,1,0.32597619047619036,7,0.30561904761904757,0,0.0,3,0.0,4,31.8
1,2,1,False,1,0.92,2,0.05333333333333333,3,0.026666666666666665,0,0.0,4,0.0,2,68.2
1,0,1,False,1,0.5564639249639248,6,0.16800721500721497,7,0.15493434343434342,4,0.12059451659451659,3,0.0,7,32.0
1,2,0,False,0,0.6758928571428571,2,0.32410714285714287,1,0.0,3,0.0,4,0.0,2,7.2
1,1,6,False,6,0.3643906926406926,2,0.23628823953823946,4,0.21676731601731591,0,0.18255375180375175,3,0.0,6,61.1
1,1,3,False,3,0.417,6,0.415,2,0.129,7,0.035,0,0.004,6,19.5
1,1,7,False,7,0.6544475524475524,2,0.16737179487179485,6,0.1561899766899767,5,0.01439160839160839,1,0.0036783216783216784,5,18.9
1,2,1,False,1,0.740095238095238,2,0.2499047619047619,6,0.01,0,0.0,3,0.0,2,57.4
1,2,2,True,2,0.61,4,0.16835209235209236,6,0.13939574314574313,7,0.0822521645021645,3,0.0,1,80.3
1,2,1,False,1,0.84,7,0.13,2,0.03,0,0.0,3,0.0,3,93.8
1,1,4,False,4,0.7444999999999999,6,0.1655,2,0.09,0,0.0,3,0.0,6,100.5
1,1,2,False,2,0.86,5,0.057829365079365085,1,0.037632395382395385,4,0.03175865800865801,0,0.01277958152958153,3,21.8
1,2,2,True,2,0.6118230444853612,5,0.14308937581732734,7,0.12984811261948845,1,0.08074304167080928,3,0.017069877386139815,1,0.0
1,2,2,True,2,0.6462261904761902,0,0.3246071428571428,6,0.029166666666666664,1,0.0,3,0.0,1,30.8
1,1,0,False,0,0.6645,1,0.32825000000000004,6,0.0072499999999999995,2,0.0,3,0.0,2,123.9
1,1,7,False,7,0.65,2,0.35,1,0.0,0,0.0,3,0.0,3,29.3
1,1,1,True,1,0.541,6,0.369,5,0.08,2,0.01,3,0.0,1,8.4
1,2,2,True,2,0.704595238095238,0,0.09654761904761905,7,0.09483333333333333,4,0.09402380952380952,6,0.01,1,74.3
1,0,6,False,6,0.7426230158730154,2,0.25404365079365065,1,0.003333333333333333,0,0.0,3,0.0,4,10.7
1,1,2,False,2,0.67,0,0.22,4,0.11,1,0.0,3,0.0,4,72.3
1,2,2,True,2,0.6118230444853612,5,0.14308937581732734,7,0.12984811261948845,1,0.08074304167080928,3,0.017069877386139815,1,0.0
1,1,4,False,4,0.66,2,0.20942550505050497,6,0.05919552669552669,1,0.04901875901875902,7,0.022360209235209233,4,27.9
1,2,0,False,0,0.62,5,0.20133333333333336,2,0.16866666666666666,4,0.01,3,0.0,3,27.6
1,2,7,False,7,0.71,2,0.1356904761904762,1,0.0836904761904762,0,0.06383333333333333,6,0.006785714285714286,2,51.5
1,2,7,False,7,0.4891904761904761,1,0.39650000000000013,4,0.0675952380952381,2,0.04671428571428571,3,0.0,4,40.8
1,2,7,False,7,0.516154761904762,2,0.2424761904761904,1,0.23136904761904747,6,0.01,3,0.0,2,25.0
1,2,2,True,2,0.6118230444853612,5,0.14308937581732734,7,0.12984811261948845,1,0.08074304167080928,3,0.017069877386139815,1,0.0
1,2,2,True,2,0.5586666666666665,1,0.4313333333333334,0,0.005,4,0.005,3,0.0,1,46.4
1,2,7,False,7,0.5763005776902834,5,0.2192919784463902,0,0.2044074438633263,1,0.0,3,0.0,6,7.0
1,2,2,True,2,0.6286904761904761,0,0.18433333333333335,6,0.18411904761904763,1,0.002857142857142857,3,0.0,1,31.5
1,2,0,False,0,0.36535714285714277,2,0.3208333333333333,3,0.31380952380952376,1,0.0,4,0.0,2,37.4
1,0,6,False,6,0.7,0,0.29,2,0.01,1,0.0,3,0.0,2,6.5
1,7,2,False,2,0.6118230444853612,5,0.14308937581732734,7,0.12984811261948845,1,0.08074304167080928,3,0.017069877386139815,3,0.0
1,2,1,False,1,0.6597418831168832,0,0.2357843757120073,7,0.03704878673957621,5,0.027838687628161312,3,0.016639012303485988,6,11.9
1,2,2,True,2,0.5163571428571427,6,0.48364285714285715,1,0.0,0,0.0,3,0.0,1,41.3
1,2,2,True,2,0.5131904761904762,0,0.46299999999999997,1,0.017380952380952382,6,0.006428571428571428,3,0.0,1,36.2
1,2,2,True,2,0.6118230444853612,5,0.14308937581732734,7,0.12984811261948845,1,0.08074304167080928,3,0.017069877386139815,1,0.0
1,2,1,False,1,0.6,7,0.17078354978354982,0,0.144719696969697,6,0.08449675324675322,3,0.0,6,54.9
1,2,5,False,5,0.5300595238095238,2,0.2402857142857142,4,0.2296547619047619,0,0.0,3,0.0,2,5.4
1,2,0,False,0,0.6713847720906544,7,0.23682231983702567,5,0.09179290807231982,1,0.0,3,0.0,6,7.1
1,2,0,False,0,0.5293333333333335,7,0.39399999999999985,4,0.06666666666666667,2,0.01,3,0.0,4,52.7
1,2,1,False,1,0.935,2,0.06499999999999999,0,0.0,3,0.0,4,0.0,2,39.2
1,2,4,False,4,0.3884166666666667,2,0.3227619047619047,7,0.25590476190476186,1,0.023476190476190473,5,0.0047619047619047615,2,40.9
1,1,1,True,1,0.6965443722943725,6,0.23833658008658012,0,0.06511904761904762,2,0.0,3,0.0,1,56.9
1,2,2,True,2,0.5382063492063494,0,0.44223015873015875,7,0.019563492063492064,1,0.0,3,0.0,1,2.5
1,2,2,True,2,0.96,1,0.04,0,0.0,3,0.0,4,0.0,1,126.4
1,3,2,False,2,0.4861666666666667,1,0.4638333333333334,4,0.048,7,0.002,3,0.0,5,78.9
1,2,2,True,2,0.6118230444853612,5,0.14308937581732734,7,0.12984811261948845,1,0.08074304167080928,3,0.017069877386139815,1,0.0
1,2,2,True,2,0.5752153679653681,1,0.21442965367965358,6,0.21035497835497824,0,0.0,3,0.0,1,31.3
1,1,1,True,1,0.5671666666666667,2,0.41216666666666685,6,0.020666666666666663,0,0.0,3,0.0,1,48.4
1,2,2,True,2,0.9120833333333335,4,0.04166666666666666,0,0.04,1,0.00625,3,0.0,1,44.7
2,0,2,False,2,0.2924529686000272,6,0.249946191063838,0,0.18992090997238045,1,0.17268205079234483,8,0.09499787957140898,3,40.0
2,6,1,False,1,0.5428690476190478,6,0.44379761904761905,2,0.013333333333333332,0,0.0,3,0.0,2,49.0
2,6,0,False,0,0.30264971139971125,4,0.19660894660894657,1,0.18147655122655124,6,0.16181060606060604,2,0.15745418470418465,4,61.0
2,6,0,False,0,0.6634722222222221,7,0.29652777777777767,1,0.04,2,0.0,3,0.0,8,27.0
2,5,0,False,0,0.275892857142857,1,0.25899206349206344,4,0.24744047619047613,7,0.18167460317460316,2,0.036000000000000004,7,30.0
2,0,2,False,2,0.68,1,0.28,0,0.04,3,0.0,4,0.0,3,151.0
2,4,6,False,6,0.3512936507936508,1,0.2468849206349206,7,0.22090476190476177,0,0.18091666666666653,3,0.0,8,76.0
2,7,6,False,6,0.4658260767010768,0,0.31886235986235983,2,0.11950226162726159,1,0.09580930180930179,3,0.0,8,51.0
2,7,2,False,2,0.4084047619047619,4,0.3032380952380952,0,0.2783571428571428,6,0.01,3,0.0,8,74.0
2,7,7,True,7,0.5183416305916306,5,0.1698661616161616,2,0.1516240981240981,1,0.15016810966810967,6,0.01,1,65.0
2,6,1,False,1,0.25477106317315285,7,0.22859389483925077,5,0.15874529890474157,0,0.12511092059814963,3,0.07821797844398463,7,6.0
2,4,0,False,0,0.4929166666666667,7,0.4116666666666666,1,0.07875,4,0.011666666666666667,6,0.005,4,96.0
2,7,7,True,7,0.4224874851240951,5,0.2551981243300902,0,0.1791023746635201,6,0.07333691510587798,2,0.06987510077641655,1,7.0
2,4,2,False,2,0.61,1,0.37,0,0.02,3,0.0,4,0.0,5,120.0
2,7,0,False,0,0.3334575702075702,5,0.25711441336441326,2,0.19032492507492502,3,0.11375643800643796,7,0.1053466533466533,5,2.0
2,0,4,False,4,0.46150000000000013,0,0.4484999999999999,2,0.07,8,0.02,3,0.0,2,56.0
2,1,5,False,5,0.25585562313503485,1,0.1959303262097378,0,0.17541120807297278,7,0.09877539535627766,4,0.09650246975246976,2,23.0
2,0,1,False,1,0.39820526695526687,6,0.2398971861471861,2,0.1858517316017315,3,0.1720458152958153,0,0.004,5,44.0
2,1,7,False,7,0.3670941558441557,6,0.32388708513708503,1,0.3090187590187589,0,0.0,3,0.0,3,70.0
2,1,0,False,0,0.4950768398268399,4,0.3514733044733044,6,0.15344985569985567,1,0.0,3,0.0,4,66.0
2,0,7,False,7,0.5015714285714287,6,0.23809523809523817,4,0.2303333333333333,1,0.03,3,0.0,7,71.0
2,1,6,False,6,0.3981652163196279,5,0.20028792857469316,1,0.18745732698673875,7,0.11001787346640284,4,0.10407165465253698,3,14.0
2,3,0,False,0,0.5250966810966811,1,0.1759090909090909,6,0.15060786435786433,7,0.14838636363636362,3,0.0,5,13.0
2,0,4,False,4,0.64,1,0.2,2,0.1446666666666667,7,0.015333333333333332,3,0.0,6,84.0
2,0,7,False,7,0.5071111111111112,0,0.24704761904761896,6,0.23584126984126982,4,0.01,3,0.0,2,55.0
2,1,1,True,1,0.6605555555555556,6,0.33944444444444444,2,0.0,0,0.0,3,0.0,1,98.0
2,0,1,False,1,0.4060475912975913,0,0.2955502275502275,7,0.15863872238872234,4,0.13976345876345875,3,0.0,2,67.0
2,1,5,False,5,0.39044088000772936,6,0.24321473985437836,1,0.1295813499907758,0,0.06687185081449114,4,0.06160375390041224,3,19.0
2,4,1,False,1,0.39820526695526687,6,0.2398971861471861,2,0.1858517316017315,3,0.1720458152958153,0,0.004,6,44.0
2,4,1,False,1,0.5428690476190478,6,0.44379761904761905,2,0.013333333333333332,0,0.0,3,0.0,6,49.0
2,5,2,False,2,0.6128596876350435,7,0.13799421646949273,5,0.12717176406067193,1,0.08439939889552696,3,0.01828729610415345,3,0.0
2,5,7,False,7,0.4403336456285373,5,0.32676271385133604,6,0.08319111212145264,3,0.07853277235320577,0,0.07117975604546808,2,8.0
2,6,5,False,5,0.25585562313503485,1,0.1959303262097378,0,0.17541120807297278,7,0.09877539535627766,4,0.09650246975246976,6,23.0
2,0,6,False,6,0.42634002109002106,0,0.303695498945499,7,0.2699644799644798,1,0.0,3,0.0,2,58.0
2,6,1,False,1,0.41545238095238096,7,0.28942857142857137,6,0.28511904761904755,2,0.01,3,0.0,3,86.0
2,6,5,False,5,0.25585562313503485,1,0.1959303262097378,0,0.17541120807297278,7,0.09877539535627766,4,0.09650246975246976,6,23.0
2,4,1,False,1,0.5428690476190478,6,0.44379761904761905,2,0.013333333333333332,0,0.0,3,0.0,6,49.0
2,6,6,True,6,0.34279870129870127,2,0.3371125541125539,4,0.16058658008658008,0,0.15950216450216448,3,0.0,1,45.0
2,7,6,False,6,0.4658260767010768,0,0.31886235986235983,2,0.11950226162726159,1,0.09580930180930179,3,0.0,8,51.0
2,4,0,False,0,0.502785409035409,5,0.14740209790209788,1,0.12351996614496612,4,0.11396506271506268,6,0.11232746420246417,4,62.0
2,6,5,False,5,0.3172005434392262,1,0.23962284955451252,6,0.18073755090250568,0,0.08231127772657584,4,0.06471902508309156,3,18.0
2,7,2,False,2,0.26992460317460304,1,0.25091269841269837,6,0.24213095238095228,0,0.22703174603174595,4,0.01,8,105.0
2,5,6,False,6,0.3981652163196279,5,0.20028792857469316,1,0.18745732698673875,7,0.11001787346640284,4,0.10407165465253698,2,14.0
2,5,4,False,4,0.30728965478965464,5,0.27198853923853916,2,0.14947052947052947,7,0.14097255522255522,0,0.13027872127872128,2,21.0
2,7,6,False,6,0.34279870129870127,2,0.3371125541125539,4,0.16058658008658008,0,0.15950216450216448,3,0.0,8,45.0
2,5,2,False,2,0.3239113191067019,0,0.22309840537112036,5,0.21514452680812546,7,0.1632644389008636,3,0.07458130981318827,3,5.0
2,7,0,False,0,0.3737461704961705,4,0.36913145188145186,7,0.13321786546786543,1,0.12390451215451215,3,0.0,3,77.0
2,4,0,False,0,0.502785409035409,5,0.14740209790209788,1,0.12351996614496612,4,0.11396506271506268,6,0.11232746420246417,4,62.0
2,4,4,True,4,0.3814880952380954,1,0.21961904761904752,7,0.2139166666666667,6,0.18497619047619046,3,0.0,1,26.0
2,7,6,False,6,0.440559501772737,7,0.2533971812501223,4,0.1889033140062551,2,0.1171400029708853,3,0.0,2,16.0
2,7,5,False,5,0.7910898268398263,7,0.1989101731601731,0,0.0075,1,0.0025,3,0.0,2,9.0
2,4,6,False,6,0.46552380952380945,0,0.3919761904761905,5,0.14,2,0.0025,3,0.0,7,64.0
2,0,6,False,6,0.3512936507936508,1,0.2468849206349206,7,0.22090476190476177,0,0.18091666666666653,3,0.0,4,76.0
2,1,1,True,1,0.5428690476190478,6,0.44379761904761905,2,0.013333333333333332,0,0.0,3,0.0,1,49.0
2,1,0,False,0,0.4950768398268399,4,0.3514733044733044,6,0.15344985569985567,1,0.0,3,0.0,4,66.0
2,0,2,False,2,0.3595476190476191,0,0.3481428571428571,6,0.2806428571428571,1,0.011666666666666665,3,0.0,2,52.3
2,5,2,False,2,0.6128596876350435,7,0.13799421646949273,5,0.12717176406067193,1,0.08439939889552696,3,0.01828729610415345,3,0.0
2,6,2,False,2,1.0,0,0.0,1,0.0,3,0.0,4,0.0,7,30.7
2,5,0,False,0,0.8015349927849926,5,0.19846500721500718,2,0.0,1,0.0,3,0.0,2,7.9
2,6,6,True,6,0.5147785547785545,2,0.17310267510267505,8,0.15621017871017864,1,0.15340859140859137,3,0.0025,1,5.6
2,6,2,False,2,0.5828809523809524,1,0.3996190476190476,6,0.0175,0,0.0,3,0.0,3,81.5
2,6,0,False,0,0.8867272727272727,1,0.07,6,0.027212121212121212,2,0.01606060606060606,3,0.0,3,49.4
2,6,2,False,2,0.4498095238095239,1,0.4358214285714286,4,0.05230952380952381,7,0.03110714285714286,6,0.030952380952380953,5,26.1
2,5,2,False,2,0.6128596876350435,7,0.13799421646949273,5,0.12717176406067193,1,0.08439939889552696,3,0.01828729610415345,3,0.0
2,0,2,False,2,0.88125,1,0.1075,4,0.008333333333333333,6,0.0029166666666666664,3,0.0,6,36.2
2,3,2,False,2,0.6432380952380952,0,0.3567619047619048,1,0.0,3,0.0,4,0.0,4,37.4
2,6,1,False,1,0.7196666666666666,7,0.23,0,0.03766666666666667,6,0.012666666666666666,3,0.0,4,59.4
2,4,2,False,2,0.98,1,0.02,0,0.0,3,0.0,4,0.0,5,51.8
2,6,0,False,0,0.64,2,0.26816666666666666,1,0.09183333333333334,3,0.0,4,0.0,7,62.7
2,6,5,False,5,0.2973690476190475,7,0.24093650793650792,2,0.23666666666666658,1,0.22502777777777772,3,0.0,8,30.2
2,6,1,False,1,0.8016666666666664,2,0.15833333333333333,6,0.03,0,0.005,3,0.005,3,12.5
2,5,2,False,2,0.6128596876350435,7,0.13799421646949273,5,0.12717176406067193,1,0.08439939889552696,3,0.01828729610415345,3,0.0
2,0,0,True,0,0.42301190476190476,6,0.3560476190476189,7,0.2209404761904761,1,0.0,3,0.0,1,43.7
2,1,2,False,2,0.6471428571428569,0,0.29428571428571426,6,0.05142857142857142,5,0.002857142857142857,3,0.0014285714285714286,6,10.1
2,0,6,False,6,0.5384761904761904,0,0.3765238095238096,1,0.07833333333333332,2,0.006666666666666666,3,0.0,2,32.4
2,1,1,True,1,0.6346547619047618,2,0.33534523809523803,5,0.03,0,0.0,3,0.0,1,33.8
2,0,0,True,0,0.35971428571428565,7,0.32297619047619036,6,0.2798809523809523,1,0.020428571428571428,2,0.017,1,17.7
2,1,1,True,1,0.4742857142857143,0,0.44721428571428573,2,0.0785,3,0.0,4,0.0,1,54.6
2,6,1,False,1,0.25477106317315285,7,0.22859389483925077,5,0.15874529890474157,0,0.12511092059814963,3,0.07821797844398463,7,6.0
2,6,7,False,7,0.3670941558441557,6,0.32388708513708503,1,0.3090187590187589,0,0.0,3,0.0,2,70.1
2,1,0,False,0,0.4816666666666667,7,0.4783333333333333,2,0.04,1,0.0,3,0.0,4,65.5
2,5,0,False,0,0.4986017316017315,1,0.2541868686868686,2,0.23721139971139965,6,0.006666666666666666,7,0.003333333333333333,7,17.8
2,7,2,False,2,0.6128596876350435,7,0.13799421646949273,5,0.12717176406067193,1,0.08439939889552696,3,0.01828729610415345,2,0.0
2,4,0,False,0,0.6894999999999999,4,0.22,1,0.0805,2,0.01,3,0.0,2,54.7
2,7,2,False,2,0.8112857142857144,1,0.1428809523809524,6,0.03333333333333333,8,0.0125,3,0.0,9,28.3
2,7,1,False,1,0.8016666666666664,2,0.15833333333333333,6,0.03,0,0.005,3,0.005,8,12.5
2,7,5,False,5,0.3172005434392262,1,0.23962284955451252,6,0.18073755090250568,0,0.08231127772657584,4,0.06471902508309156,6,18.1
2,1,0,False,0,0.59,1,0.40333333333333327,2,0.006666666666666666,3,0.0,4,0.0,2,112.8
2,2,1,False,1,0.4675238095238095,0,0.42247619047619045,2,0.11,3,0.0,4,0.0,3,103.3
2,3,2,False,2,0.667142857142857,1,0.31285714285714283,0,0.02,3,0.0,4,0.0,4,62.8
2,7,5,False,5,0.5082341269841268,2,0.47214285714285714,6,0.019623015873015872,0,0.0,3,0.0,8,17.2
2,6,2,False,2,0.47627503052503045,8,0.2680152625152625,0,0.2557097069597069,1,0.0,4,0.0,7,19.7
2,0,2,False,2,0.5180000000000002,4,0.40266666666666656,1,0.06866666666666667,6,0.006666666666666666,7,0.004,6,55.5
2,1,1,True,1,0.61,7,0.23998809523809522,2,0.1333452380952381,6,0.010416666666666668,0,0.00625,1,58.3
2,1,2,False,2,0.653845238095238,1,0.33615476190476185,7,0.00625,4,0.00375,3,0.0,2,71.4
2,1,2,False,2,0.8888333333333333,4,0.10116666666666665,6,0.01,0,0.0,3,0.0,6,26.5
2,0,2,False,2,0.511,1,0.4056666666666668,7,0.07833333333333332,6,0.005,3,0.0,6,51.4
2,0,0,True,0,0.6634722222222221,7,0.29652777777777767,1,0.04,2,0.0,3,0.0,1,27.0
2,5,2,False,2,0.7806666666666666,7,0.07276190476190476,0,0.07166666666666668,1,0.0704761904761905,6,0.004428571428571428,7,31.9
2,5,5,True,5,1.0,0,0.0,2,0.0,1,0.0,3,0.0,1,16.9
2,5,2,False,2,0.7505000000000002,1,0.2345,3,0.015,0,0.0,4,0.0,6,68.3
2,6,0,False,0,0.47628860028860037,2,0.4074999999999999,1,0.07076443001443,4,0.02381096681096681,7,0.021636002886002887,8,66.9
2,1,0,False,0,0.63,2,0.12975,8,0.12175000000000001,6,0.10850000000000001,7,0.01,8,50.4
2,5,5,True,5,0.985,0,0.015,2,0.0,1,0.0,3,0.0,1,16.8
2,8,2,False,2,0.7958333333333332,1,0.1741666666666667,6,0.03,0,0.0,3,0.0,9,43.5
2,6,6,True,6,0.4087990620490621,0,0.23595310245310241,2,0.19555303030303026,1,0.1596948051948052,3,0.0,1,13.3
2,2,6,False,6,0.57,4,0.205,0,0.2016666666666667,2,0.02333333333333333,3,0.0,4,36.6
2,6,0,False,0,0.7417619047619048,2,0.1341190476190476,1,0.12411904761904763,3,0.0,4,0.0,7,30.5
2,6,0,False,0,0.49933028083028086,1,0.39919047619047615,6,0.0422039072039072,2,0.040648962148962145,5,0.018626373626373628,3,11.5
2,6,6,True,6,0.47366666666666674,0,0.46299999999999997,2,0.05,5,0.013333333333333332,3,0.0,1,9.7
2,6,0,False,0,0.542,2,0.42066666666666663,6,0.03333333333333333,1,0.002,7,0.002,3,31.6
2,6,2,False,2,0.5578571428571427,1,0.39214285714285707,5,0.026330532212885154,6,0.007667366946778711,7,0.006086834733893558,4,19.9
2,6,2,False,2,0.503654761904762,1,0.24552380952380942,4,0.22082142857142856,6,0.03,3,0.0,4,47.1
2,0,2,False,2,0.5750952380952382,1,0.37575000000000003,4,0.02019047619047619,0,0.018452380952380953,6,0.01051190476190476,4,60.7
2,1,2,False,2,0.7917539682539682,7,0.12342857142857143,4,0.08481746031746033,0,0.0,3,0.0,6,40.8
2,8,6,False,6,0.6276212121212121,0,0.33237878787878783,7,0.03,1,0.01,3,0.0,9,11.1
2,6,6,True,6,0.8539761904761903,1,0.1460238095238095,2,0.0,0,0.0,3,0.0,1,10.4
2,7,6,False,6,0.34279870129870127,2,0.3371125541125539,4,0.16058658008658008,0,0.15950216450216448,3,0.0,8,45.0
2,7,2,False,2,0.7917539682539682,7,0.12342857142857143,4,0.08481746031746033,0,0.0,3,0.0,2,40.8
2,1,6,False,6,0.2663095238095237,5,0.24655952380952376,0,0.2363928571428571,7,0.23440476190476184,3,0.012333333333333333,7,16.4
2,7,1,False,1,0.3895443722943724,7,0.2117954545454545,0,0.19569155844155842,6,0.1796352813852814,2,0.023333333333333334,2,40.3
2,5,5,True,5,0.5082341269841268,2,0.47214285714285714,6,0.019623015873015872,0,0.0,3,0.0,1,17.2
2,2,2,True,2,0.5601269841269839,6,0.22149206349206346,1,0.2158809523809523,5,0.0025,3,0.0,1,31.4
2,2,2,True,2,0.6128596876350435,7,0.13799421646949273,5,0.12717176406067193,1,0.08439939889552696,3,0.01828729610415345,1,0.0
2,7,0,False,0,0.3409523809523808,8,0.32327380952380946,7,0.2757738095238095,6,0.06,3,0.0,3,11.7
2,5,0,False,0,0.7677261904761905,2,0.22205158730158728,5,0.006,7,0.0035555555555555553,3,0.0006666666666666666,3,5.1
2,7,2,False,2,0.6128596876350435,7,0.13799421646949273,5,0.12717176406067193,1,0.08439939889552696,3,0.01828729610415345,2,0.0
2,7,2,False,2,0.99,0,0.01,1,0.0,3,0.0,4,0.0,8,3.5
2,0,2,False,2,1.0,0,0.0,1,0.0,3,0.0,4,0.0,2,30.8
2,1,1,True,1,0.25477106317315285,7,0.22859389483925077,5,0.15874529890474157,0,0.12511092059814963,3,0.07821797844398463,1,6.0
2,1,2,False,2,0.7131031746031744,0,0.27689682539682525,4,0.01,1,0.0,3,0.0,4,36.4
2,1,6,False,6,1.0,0,0.0,2,0.0,1,0.0,3,0.0,4,10.6
2,0,0,True,0,0.59,6,0.23,7,0.08424603174603176,5,0.03957142857142857,2,0.030642857142857142,1,64.9
2,1,0,False,0,0.6353333333333334,2,0.20983333333333332,4,0.12666666666666665,6,0.016833333333333332,1,0.011333333333333332,5,42.2
2,2,2,True,2,0.5941666666666666,6,0.36550000000000005,7,0.04033333333333333,0,0.0,3,0.0,1,20.9
2,2,1,False,1,0.6646666666666667,2,0.31,5,0.01,0,0.007666666666666666,7,0.007666666666666666,2,23.9
2,1,1,True,1,0.5165555555555555,6,0.4084444444444445,5,0.055,2,0.02,3,0.0,1,8.4
2,2,2,True,2,0.7395952380952382,0,0.2604047619047619,1,0.0,3,0.0,4,0.0,1,20.3
2,2,2,True,2,0.5601269841269839,6,0.22149206349206346,1,0.2158809523809523,5,0.0025,3,0.0,1,31.3
2,2,2,True,2,0.6128596876350435,7,0.13799421646949273,5,0.12717176406067193,1,0.08439939889552696,3,0.01828729610415345,1,0.0
2,2,1,False,1,0.8434087856587857,4,0.05857117882117882,0,0.05851018426018425,6,0.039509851259851264,3,0.0,6,95.1
2,2,2,True,2,0.45616666666666666,4,0.35383333333333333,6,0.11816666666666667,7,0.06183333333333334,0,0.01,1,44.4
2,2,2,True,2,0.9112698412698412,1,0.049761904761904764,0,0.038968253968253964,3,0.0,4,0.0,1,24.7
2,0,4,False,4,0.3752142857142858,1,0.3404047619047618,7,0.2843809523809523,0,0.0,3,0.0,4,92.1
2,0,0,True,0,0.7232738095238095,7,0.27672619047619046,2,0.0,1,0.0,3,0.0,1,96.6
2,0,0,True,0,0.8015349927849926,5,0.19846500721500718,2,0.0,1,0.0,3,0.0,1,7.9
2,1,1,True,1,0.3536190476190476,0,0.3194126984126983,4,0.26696825396825397,2,0.06,3,0.0,1,34.4
2,1,2,False,2,0.6752380952380953,6,0.31142857142857144,1,0.01,5,0.003333333333333333,3,0.0,3,8.2
2,2,0,False,0,0.476318181818182,2,0.38549999999999995,3,0.08793290043290042,6,0.036742424242424236,1,0.005064935064935066,2,6.2
2,2,1,False,1,0.5191998556998558,2,0.25206818181818175,0,0.22873196248196237,3,0.0,4,0.0,2,47.9
2,2,2,True,2,0.7395952380952382,0,0.2604047619047619,1,0.0,3,0.0,4,0.0,1,20.3
2,2,1,False,1,0.93,2,0.07,0,0.0,3,0.0,4,0.0,2,57.5
2,2,2,True,2,0.88125,1,0.1075,4,0.008333333333333333,6,0.0029166666666666664,3,0.0,1,36.2
2,2,1,False,1,0.8434087856587857,4,0.05857117882117882,0,0.05851018426018425,6,0.039509851259851264,3,0.0,6,95.3
2,2,1,False,1,0.6557857142857142,2,0.2927748917748918,4,0.025873737373737375,6,0.019045454545454546,0,0.006520202020202021,2,44.9
2,2,0,False,0,0.63,2,0.12975,8,0.12175000000000001,6,0.10850000000000001,7,0.01,2,50.4
2,0,2,False,2,0.6252380952380953,0,0.3747619047619048,1,0.0,3,0.0,4,0.0,2,7.2
2,2,2,True,2,0.5714960317460316,3,0.2213809523809523,1,0.18628968253968245,0,0.010416666666666664,5,0.006805555555555556,1,2.1
2,2,1,False,1,0.64,7,0.2881666666666667,0,0.07183333333333333,2,0.0,3,0.0,4,97.5
2,1,6,False,6,0.49550000000000005,2,0.3795,0,0.125,1,0.0,3,0.0,4,63.6
2,1,0,False,0,0.44165939615939614,7,0.27287259962259947,4,0.14752175602175602,1,0.13794624819624815,3,0.0,4,72.0
2,0,0,True,0,0.9808095238095238,2,0.01919047619047619,1,0.0,3,0.0,4,0.0,1,5.2
2,2,2,True,2,0.5941666666666666,6,0.36550000000000005,7,0.04033333333333333,0,0.0,3,0.0,1,20.9
2,2,2,True,2,0.6894365079365079,7,0.2905634920634919,6,0.013333333333333332,1,0.006666666666666666,3,0.0,1,34.7
2,0,0,True,0,0.8566666666666667,6,0.07416666666666667,3,0.06916666666666667,1,0.0,2,0.0,1,6.4
2,2,0,False,0,0.7417619047619048,2,0.1341190476190476,1,0.12411904761904763,3,0.0,4,0.0,2,30.5
2,2,2,True,2,0.6128596876350435,7,0.13799421646949273,5,0.12717176406067193,1,0.08439939889552696,3,0.01828729610415345,1,0.0
2,2,6,False,6,0.48650000000000015,1,0.4376666666666667,0,0.07583333333333334,2,0.0,3,0.0,4,6.6
2,2,0,False,0,0.49908333333333327,2,0.44850000000000007,6,0.033666666666666664,4,0.01125,1,0.0075,2,52.2
2,2,0,False,0,0.48135225885225874,2,0.3623266733266734,5,0.1563210678210678,1,0.0,3,0.0,2,2.9
2,0,0,True,0,0.49933028083028086,1,0.39919047619047615,6,0.0422039072039072,2,0.040648962148962145,5,0.018626373626373628,1,11.5
2,2,2,True,2,0.6128596876350435,7,0.13799421646949273,5,0.12717176406067193,1,0.08439939889552696,3,0.01828729610415345,1,0.0
2,2,2,True,2,0.8888333333333333,4,0.10116666666666665,6,0.01,0,0.0,3,0.0,1,26.5
2,2,6,False,6,0.22043131868131863,7,0.20809401709401704,1,0.19550671550671553,0,0.1949572649572649,4,0.18101068376068377,6,63.0
2,0,0,True,0,0.7448333333333333,2,0.23261904761904761,7,0.02254761904761905,1,0.0,3,0.0,1,2.7
2,0,2,False,2,0.7407777777777776,0,0.24455555555555558,7,0.014666666666666668,1,0.0,3,0.0,2,2.5
2,2,0,False,0,0.675,2,0.32,6,0.005,1,0.0,3,0.0,2,9.5
2,1,7,False,7,0.6,1,0.19566666666666666,0,0.18433333333333335,2,0.02,3,0.0,2,133.4
2,2,2,True,2,0.6046666666666666,6,0.39533333333333337,1,0.0,0,0.0,3,0.0,1,41.3
2,2,0,False,0,0.7091904761904764,1,0.2015,7,0.06339285714285714,6,0.025916666666666664,3,0.0,6,88.6
2,0,3,False,3,0.46883333333333327,6,0.3611666666666667,0,0.165,2,0.005,1,0.0,3,6.3
2,2,4,False,4,0.6004999999999999,0,0.35033333333333344,6,0.04916666666666667,1,0.0,3,0.0,6,42.9
2,2,0,False,0,0.8435714285714286,7,0.12642857142857145,2,0.02,1,0.01,3,0.0,3,27.1
2,2,2,True,2,0.78125,7,0.08483333333333334,6,0.07077777777777779,1,0.0631388888888889,3,0.0,1,55.8
2,2,2,True,2,0.7801619769119769,0,0.21983802308802303,1,0.0,3,0.0,4,0.0,1,29.9
2,1,1,True,1,0.7404999999999999,2,0.14433333333333334,6,0.11516666666666668,0,0.0,3,0.0,1,48.3
2,1,0,False,0,0.3417016594516593,1,0.3335909090909089,3,0.17541341991341988,6,0.14929401154401153,2,0.0,2,12.2
2,1,0,False,0,0.7179285714285716,4,0.14421428571428574,7,0.12385714285714287,1,0.013999999999999999,3,0.0,4,56.7
2,2,7,False,7,0.66,1,0.11666666666666665,6,0.10257142857142858,3,0.10076190476190476,2,0.02,5,19.3
2,0,2,False,2,0.7367976190476191,6,0.2632023809523809,1,0.0,0,0.0,3,0.0,4,35.8
2,2,4,False,4,0.3814880952380954,1,0.21961904761904752,7,0.2139166666666667,6,0.18497619047619046,3,0.0,6,26.0
2,0,2,False,2,0.8666666666666667,0,0.1,4,0.018333333333333333,1,0.01,3,0.005,2,23.8
2,2,0,False,0,0.48135225885225874,2,0.3623266733266734,5,0.1563210678210678,1,0.0,3,0.0,2,2.9
2,2,1,False,1,0.7674029304029305,2,0.1705,5,0.021872627372627376,0,0.011672119547119546,8,0.010338536463536463,2,22.9
2,2,2,True,2,0.6128596876350435,7,0.13799421646949273,5,0.12717176406067193,1,0.08439939889552696,3,0.01828729610415345,1,0.0
2,0,2,False,2,1.0,0,0.0,1,0.0,3,0.0,4,0.0,2,94.6
2,0,1,False,1,0.6400952380952382,4,0.3299047619047619,2,0.03,0,0.0,3,0.0,4,98.9
2,1,1,True,1,0.64,2,0.36,0,0.0,3,0.0,4,0.0,1,127.8
2,1,4,False,4,0.3752142857142858,1,0.3404047619047618,7,0.2843809523809523,0,0.0,3,0.0,2,92.0
2,1,7,False,7,0.6216071428571428,2,0.3583928571428572,6,0.02,0,0.0,3,0.0,6,58.6
2,2,2,True,2,0.9675,1,0.025,0,0.0075,3,0.0,4,0.0,1,37.2
2,2,2,True,2,0.7508333333333332,0,0.12016666666666666,4,0.099,7,0.011666666666666665,1,0.01,1,74.4
2,1,0,False,0,0.6353333333333334,2,0.20983333333333332,4,0.12666666666666665,6,0.016833333333333332,1,0.011333333333333332,5,42.2
2,2,2,True,2,0.5764523809523808,6,0.383547619047619,5,0.018611111111111113,8,0.014166666666666666,0,0.007222222222222222,1,7.7
2,1,7,False,7,0.41000274725274716,6,0.38997588522588505,0,0.20002136752136754,1,0.0,3,0.0,4,88.1
2,1,2,False,2,0.63,6,0.13614682539682538,1,0.0917936507936508,0,0.07872619047619049,7,0.06047619047619047,3,76.2
2,1,5,False,5,0.53,6,0.23,4,0.11566666666666667,0,0.10433333333333333,2,0.02,6,36.7
2,2,2,True,2,0.6128596876350435,7,0.13799421646949273,5,0.12717176406067193,1,0.08439939889552696,3,0.01828729610415345,1,0.0
2,2,2,True,2,0.5335,4,0.45649999999999996,6,0.006666666666666666,7,0.003333333333333333,3,0.0,1,54.2
2,2,2,True,2,0.780892857142857,7,0.2191071428571429,1,0.0,0,0.0,3,0.0,1,2.2
2,2,6,False,6,0.5120595238095238,1,0.41008333333333336,0,0.07119047619047619,2,0.006666666666666666,3,0.0,4,32.5
2,2,6,False,6,0.6783333333333335,2,0.19416666666666668,1,0.12749999999999997,0,0.0,3,0.0,2,12.7
2,2,1,False,1,0.49016666666666664,7,0.4391666666666667,2,0.06066666666666667,8,0.01,3,0.0,3,14.4
2,1,0,False,0,0.4136666666666667,1,0.2996666666666666,7,0.28166666666666657,4,0.005,3,0.0,2,73.0
2,2,1,False,1,0.8268333333333334,6,0.08750000000000002,2,0.08566666666666667,0,0.0,3,0.0,3,48.8
2,1,2,False,2,0.89,0,0.08208333333333334,1,0.009583333333333333,6,0.009583333333333333,7,0.00875,3,83.5
2,2,2,True,2,0.37664285714285717,6,0.29499999999999993,8,0.2913571428571428,1,0.024666666666666667,0,0.012333333333333333,1,28.5
2,2,2,True,2,0.6128596876350435,7,0.13799421646949273,5,0.12717176406067193,1,0.08439939889552696,3,0.01828729610415345,1,0.0
2,1,5,False,5,0.3936666666666666,0,0.3863333333333334,2,0.17329365079365078,6,0.04670634920634922,3,0.0,6,8.9
2,2,2,True,2,0.780892857142857,7,0.2191071428571429,1,0.0,0,0.0,3,0.0,1,2.2
2,0,6,False,6,0.4522142857142856,0,0.2908214285714285,2,0.2569642857142857,1,0.0,3,0.0,2,4.7
2,2,0,False,0,0.352845238095238,7,0.3175238095238095,4,0.3096309523809523,1,0.02,3,0.0,6,56.8
2,2,1,False,1,0.81,2,0.19,0,0.0,3,0.0,4,0.0,2,149.0
2,2,6,False,6,0.7281190476190477,1,0.14878571428571427,7,0.1030952380952381,2,0.02,3,0.0,4,85.9
2,2,2,True,2,0.7888333333333334,1,0.16116666666666668,4,0.02333333333333333,0,0.013333333333333332,6,0.013333333333333332,1,43.2
2,2,2,True,2,0.6128596876350435,7,0.13799421646949273,5,0.12717176406067193,1,0.08439939889552696,3,0.01828729610415345,1,0.0
2,2,2,True,2,0.8242857142857143,6,0.1657142857142857,1,0.01,0,0.0,3,0.0,1,45.2
2,2,1,False,1,0.4671042568542569,0,0.379,6,0.07053463203463203,7,0.03309235209235209,5,0.0299935064935065,8,13.9
3,3,5,False,5,0.32643408767015564,2,0.2554646404936652,0,0.249594472091376,7,0.16850679974480273,3,0.0,5,5.0
3,6,1,False,1,0.5341666666666667,0,0.3858333333333334,6,0.08,2,0.0,3,0.0,3,59.0
3,6,1,False,1,0.8009072871572869,0,0.1990927128427128,2,0.0,3,0.0,4,0.0,7,52.0
3,6,1,False,1,0.4336067266067267,6,0.2916545399045398,4,0.27473873348873334,0,0.0,3,0.0,2,49.0
3,7,4,False,4,0.28900793650793644,1,0.2612380952380951,0,0.2549761904761904,5,0.18811111111111106,2,0.006666666666666666,8,30.0
3,7,1,False,1,0.5326378066378066,6,0.30325396825396816,7,0.16410822510822506,0,0.0,3,0.0,3,70.0
3,4,0,False,0,0.3879893301143301,4,0.24350235875235868,5,0.137659965034965,1,0.11875815850815849,6,0.11209018759018755,2,62.0
3,4,1,False,1,0.8009072871572869,0,0.1990927128427128,2,0.0,3,0.0,4,0.0,5,52.0
3,6,0,False,0,0.43883333333333335,4,0.33116666666666666,5,0.18,6,0.04,1,0.006666666666666666,4,64.0
3,5,0,False,0,0.3956911976911976,6,0.22875757575757563,5,0.1516976911976911,7,0.11284559884559885,1,0.11100793650793647,3,11.0
3,1,5,False,5,0.5082182539682539,1,0.1768318903318903,0,0.15856601731601733,4,0.15638383838383835,3,0.0,2,22.0
3,5,7,False,7,0.5108461359967112,5,0.24460627027397444,3,0.0850582994277973,0,0.0799338837827194,6,0.07955541051879723,2,8.0
3,5,0,False,0,0.3956911976911976,6,0.22875757575757563,5,0.1516976911976911,7,0.11284559884559885,1,0.11100793650793647,3,11.0
3,5,7,False,7,0.5108461359967112,5,0.24460627027397444,3,0.0850582994277973,0,0.0799338837827194,6,0.07955541051879723,2,8.0
3,7,7,True,7,0.5094185675435674,5,0.18907553557553547,6,0.10894044844044838,0,0.0996734515484515,2,0.09289199689199686,1,7.0
3,7,1,False,1,0.977,2,0.023,0,0.0,3,0.0,4,0.0,8,91.0
3,7,1,False,1,0.977,2,0.023,0,0.0,3,0.0,4,0.0,8,91.0
3,0,1,False,1,0.8033246753246752,6,0.17667532467532465,2,0.02,0,0.0,3,0.0,4,95.0
3,0,0,True,0,0.3376406371406372,7,0.33641292041292026,6,0.3259464424464423,1,0.0,3,0.0,1,58.0
3,2,2,True,2,0.85,1,0.11,0,0.04,3,0.0,4,0.0,1,126.0
3,0,5,False,5,0.2503902731255671,1,0.248162754728931,6,0.15810402587608471,7,0.10421387762564224,8,0.08903859702389112,7,23.0
3,1,5,False,5,0.3722502921914687,6,0.2475137721755369,7,0.14268867080631786,1,0.11996497783262487,2,0.11758228699405171,4,17.0
3,0,4,False,4,0.34576415251415243,6,0.3257728105228104,2,0.17644394494394494,0,0.152019092019092,3,0.0,4,34.0
3,0,0,True,0,0.24352605727605725,5,0.23137765012765013,2,0.2165579975579975,7,0.21008233433233428,3,0.0984559607059607,1,2.0
3,0,7,False,7,0.2677604617604617,3,0.17343614718614717,0,0.14936796536796537,1,0.14362481962481957,5,0.13483585858585861,3,15.0
3,1,2,False,2,0.6677857142857142,4,0.3122142857142857,6,0.02,0,0.0,3,0.0,6,47.0
3,0,2,False,2,0.3018948641228051,6,0.26199350078026534,1,0.18459369225545683,0,0.17039065836124656,8,0.08112728448022562,4,40.0
3,0,1,False,1,0.977,2,0.023,0,0.0,3,0.0,4,0.0,3,91.0
3,0,7,False,7,0.2677604617604617,3,0.17343614718614717,0,0.14936796536796537,1,0.14362481962481957,5,0.13483585858585861,3,15.0
3,0,0,True,0,0.3547590187590186,1,0.308382756132756,7,0.17115115440115428,4,0.1657070707070707,3,0.0,1,72.0
3,5,1,False,1,0.6624246031746034,8,0.1867222222222222,4,0.1508531746031746,2,0.0,3,0.0,6,41.0
3,5,5,True,5,0.4701616352684595,6,0.24120136622626742,7,0.1523158813565827,4,0.07133091030293974,0,0.06499020684575024,1,20.0
3,4,1,False,1,0.8033246753246752,6,0.17667532467532465,2,0.02,0,0.0,3,0.0,6,95.0
3,5,2,False,2,0.5052976190476192,6,0.25012698412698414,4,0.23657539682539683,8,0.008,3,0.0,7,29.0
3,4,0,False,0,0.29738492063492056,4,0.28153373015873007,6,0.15759722222222217,7,0.1431130952380952,8,0.12037103174603173,2,53.0
3,6,4,False,4,0.49222619047619043,2,0.26317857142857143,7,0.24459523809523798,0,0.0,3,0.0,8,54.0
3,6,1,False,1,0.6056666666666665,0,0.3943333333333333,2,0.0,3,0.0,4,0.0,7,122.0
3,1,1,True,1,0.45926190476190454,4,0.3897380952380953,0,0.11,2,0.021,7,0.02,1,92.0
3,5,7,False,7,0.5094185675435674,5,0.18907553557553547,6,0.10894044844044838,0,0.0996734515484515,2,0.09289199689199686,2,7.0
3,6,7,False,7,0.2845677655677655,6,0.23314199689199688,2,0.21998673548673542,0,0.13855747030747026,4,0.12374603174603173,2,45.0
3,0,7,False,7,0.67,2,0.25,1,0.04,6,0.020666666666666663,4,0.019333333333333334,6,102.0
3,4,0,False,0,0.33234487734487717,5,0.19808549783549778,6,0.17558044733044734,4,0.15879184704184707,1,0.13519733044733043,4,33.0
3,6,6,True,6,0.5694047619047619,1,0.23726587301587293,0,0.19332936507936505,2,0.0,3,0.0,1,57.0
3,6,1,False,1,0.8009072871572869,0,0.1990927128427128,2,0.0,3,0.0,4,0.0,7,52.0
3,6,5,False,5,0.2503902731255671,1,0.248162754728931,6,0.15810402587608471,7,0.10421387762564224,8,0.08903859702389112,3,23.0
3,6,1,False,1,0.5912738095238095,4,0.3687261904761905,7,0.04,0,0.0,3,0.0,8,78.0
3,6,0,False,0,0.5094007936507935,7,0.4705992063492065,2,0.011666666666666665,1,0.008333333333333333,3,0.0,8,55.0
3,4,7,False,7,0.5036666666666666,0,0.3863333333333333,6,0.08,2,0.03,3,0.0,8,74.0
3,6,1,False,1,0.7405746753246751,4,0.2535919913419913,8,0.005833333333333333,2,0.0,3,0.0,7,36.0
3,0,5,False,5,0.36697592728198786,6,0.253464069088507,1,0.17842678411162724,4,0.07091605838486303,7,0.06537498929967296,8,19.0
3,7,0,False,0,0.29738492063492056,4,0.28153373015873007,6,0.15759722222222217,7,0.1431130952380952,8,0.12037103174603173,4,53.0
3,4,1,False,1,0.5488333333333333,6,0.43616666666666665,2,0.015,0,0.0,3,0.0,6,93.0
3,7,5,False,5,0.3722502921914687,6,0.2475137721755369,7,0.14268867080631786,1,0.11996497783262487,2,0.11758228699405171,3,17.0
3,7,1,False,1,0.45926190476190454,4,0.3897380952380953,0,0.11,2,0.021,7,0.02,5,92.0
3,4,5,False,5,0.45390378575672685,7,0.15382465410406584,0,0.1381652024446142,2,0.13175920974450386,4,0.1223471479500891,5,21.0
3,4,0,False,0,0.4327564935064935,7,0.29091378066378054,4,0.27632972582972576,1,0.0,3,0.0,3,77.0
3,5,5,True,5,0.3722502921914687,6,0.2475137721755369,7,0.14268867080631786,1,0.11996497783262487,2,0.11758228699405171,1,17.0
3,7,7,True,7,0.6141666666666667,0,0.34583333333333327,1,0.04,2,0.0,3,0.0,1,97.0
3,7,0,False,0,0.3547590187590186,1,0.308382756132756,7,0.17115115440115428,4,0.1657070707070707,3,0.0,3,72.0
3,4,0,False,0,0.29738492063492056,4,0.28153373015873007,6,0.15759722222222217,7,0.1431130952380952,8,0.12037103174603173,2,53.0
3,7,7,True,7,0.5427968975468976,1,0.1580833333333333,2,0.1578412698412698,5,0.14127849927849925,3,0.0,1,65.0
3,1,1,True,1,0.8009072871572869,0,0.1990927128427128,2,0.0,3,0.0,4,0.0,1,52.0
3,1,1,True,1,0.29964646464646455,6,0.26509812409812405,7,0.16044949494949495,4,0.13930519480519477,0,0.1355007215007215,1,32.0
3,1,0,False,0,0.3459751082251082,6,0.31233441558441544,7,0.1744502164502164,4,0.15724025974025968,1,0.01,5,76.0
3,1,6,False,6,0.3413183205683204,2,0.26294280719280705,7,0.2501647241647241,1,0.14557414807414804,3,0.0,4,28.0
3,1,2,False,2,0.48434126984126974,0,0.2619999999999999,1,0.25365873015873014,3,0.0,4,0.0,3,9.1
3,1,6,False,6,0.6951007326007322,3,0.30028388278388274,0,0.0038461538461538464,7,0.0007692307692307692,2,0.0,6,13.1
3,0,0,True,0,0.3879893301143301,4,0.24350235875235868,5,0.137659965034965,1,0.11875815850815849,6,0.11209018759018755,1,62.0
3,0,2,False,2,0.98,0,0.01,1,0.01,3,0.0,4,0.0,2,61.3
3,0,2,False,2,0.6149718614718613,0,0.3390281385281385,4,0.0235,3,0.0125,1,0.01,2,23.7
3,1,2,False,2,0.5992115217927376,5,0.14896253622217262,7,0.14304912131757372,1,0.07489875184243025,3,0.01991824587842578,4,0.0
3,4,2,False,2,0.471626096126096,7,0.4236666666666667,1,0.030389360639360638,6,0.02949834887334887,0,0.027483738483738484,9,39.9
3,5,2,False,2,0.5992115217927376,5,0.14896253622217262,7,0.14304912131757372,1,0.07489875184243025,3,0.01991824587842578,2,0.0
3,6,0,False,0,0.2982970362970362,1,0.2735382672882672,6,0.15542318792318788,5,0.14680286380286373,7,0.12193864468864465,3,48.0
3,0,2,False,2,0.842857142857143,0,0.15047619047619049,4,0.006666666666666666,1,0.0,3,0.0,2,22.6
3,6,1,False,1,0.733460317460317,0,0.2590396825396824,5,0.00375,6,0.0025,4,0.00125,4,32.9
3,6,1,False,1,0.9,7,0.09,8,0.01,2,0.0,3,0.0,9,38.7
3,0,2,False,2,0.5919404761904761,1,0.3329007936507935,0,0.02588095238095238,6,0.020214285714285712,7,0.01756349206349207,3,47.9
3,0,0,True,0,0.4551428571428573,1,0.44485714285714273,2,0.09,4,0.01,3,0.0,1,88.9
3,1,2,False,2,0.5632857142857142,0,0.37654761904761896,4,0.046,1,0.011666666666666665,6,0.0025,4,42.6
3,6,2,False,2,0.6891428571428571,0,0.29085714285714287,1,0.0125,7,0.0075,3,0.0,8,35.8
3,5,6,False,6,0.6900658091908092,5,0.106347804972805,7,0.06996563159063157,3,0.06946292596292596,0,0.033346320346320346,2,9.9
3,6,6,True,6,0.9254047619047618,1,0.04459523809523809,3,0.03,0,0.0,2,0.0,1,10.4
3,0,0,True,0,0.3916904761904762,2,0.32047619047619036,1,0.2844999999999999,6,0.003333333333333333,3,0.0,1,4.8
3,6,2,False,2,0.99,1,0.006666666666666666,6,0.003333333333333333,0,0.0,3,0.0,3,41.3
3,6,2,False,2,0.5052976190476192,6,0.25012698412698414,4,0.23657539682539683,8,0.008,3,0.0,2,29.0
3,6,5,False,5,0.2691620136399548,6,0.19768893035069504,7,0.18405585509261976,3,0.17114294855471324,1,0.09307361102949332,2,10.0
3,7,2,False,2,0.5992115217927376,5,0.14896253622217262,7,0.14304912131757372,1,0.07489875184243025,3,0.01991824587842578,3,0.0
3,7,2,False,2,0.6320833333333334,4,0.30634523809523806,1,0.04471428571428571,8,0.016857142857142855,3,0.0,9,40.9
3,7,2,False,2,0.5992115217927376,5,0.14896253622217262,7,0.14304912131757372,1,0.07489875184243025,3,0.01991824587842578,3,0.0
3,7,2,False,2,0.8953888888888889,6,0.06027777777777778,0,0.044333333333333336,1,0.0,3,0.0,8,49.2
3,7,0,False,0,0.8724404761904764,2,0.07244047619047618,1,0.05136904761904761,6,0.0025,7,0.00125,5,50.7
3,5,7,False,7,0.3523333333333334,6,0.3449761904761905,1,0.2934047619047619,5,0.0035714285714285713,2,0.0021428571428571425,4,21.1
3,2,6,False,6,0.5155238095238096,1,0.38966666666666666,2,0.09480952380952382,0,0.0,3,0.0,3,31.0
3,1,2,False,2,0.546047619047619,6,0.44395238095238104,1,0.002857142857142857,0,0.002857142857142857,3,0.002857142857142857,3,12.9
3,0,2,False,2,0.5608855866355864,0,0.32846522921522914,5,0.11064918414918413,1,0.0,3,0.0,2,2.9
3,0,0,True,0,0.7261190476190476,2,0.24771428571428566,7,0.011083333333333334,8,0.007833333333333333,5,0.00475,1,3.1
3,5,6,False,6,0.8673939393939392,0,0.12624242424242424,7,0.002727272727272727,3,0.0018181818181818182,5,0.0018181818181818182,5,9.8
3,5,2,False,2,0.47708333333333336,6,0.26177380952380935,1,0.26114285714285707,0,0.0,3,0.0,7,31.1
3,6,2,False,2,0.49433333333333335,1,0.43566666666666665,0,0.07,3,0.0,4,0.0,7,63.6
3,6,2,False,2,0.4218611111111112,7,0.37921284271284267,1,0.18892604617604608,8,0.01,3,0.0,9,25.1
3,0,4,False,4,0.6569491341991341,1,0.2673311688311688,0,0.03952489177489177,7,0.036194805194805196,3,0.0,3,72.2
3,8,6,False,6,0.6016666666666667,7,0.25983333333333336,0,0.1385,1,0.0,3,0.0,9,11.6
3,6,2,False,2,0.5391666666666669,1,0.44388095238095215,0,0.007857142857142858,7,0.006,4,0.0030952380952380953,8,67.2
3,4,1,False,1,0.5419166666666668,2,0.4480833333333333,7,0.01,0,0.0,3,0.0,6,91.3
3,6,0,False,0,0.78,7,0.1111111111111111,2,0.03942460317460318,1,0.036460317460317464,5,0.03300396825396825,8,64.8
3,6,1,False,1,0.5138333333333334,7,0.4661666666666667,2,0.01,0,0.01,3,0.0,8,20.6
3,1,0,False,0,0.35597619047619034,6,0.31970238095238085,1,0.30265476190476187,2,0.021666666666666664,3,0.0,3,87.1
3,6,4,False,4,0.5099761904761904,2,0.4338333333333334,0,0.056190476190476187,1,0.0,3,0.0,7,43.1
3,2,2,True,2,0.5573809523809523,5,0.4217857142857143,1,0.02083333333333333,0,0.0,3,0.0,1,35.1
3,5,5,True,5,0.7835624098124098,6,0.2121518759018759,7,0.002857142857142857,1,0.0014285714285714286,3,0.0,1,17.1
3,6,1,False,1,0.48127777777777775,3,0.3787222222222223,7,0.095,2,0.045,0,0.0,8,19.4
3,7,1,False,1,0.47416666666666674,0,0.3858333333333334,6,0.12,2,0.015,7,0.005,5,58.9
3,5,5,True,5,1.0,0,0.0,2,0.0,1,0.0,3,0.0,1,16.9
3,7,2,False,2,0.5252142857142857,7,0.3947857142857142,1,0.08,0,0.0,3,0.0,2,58.5
3,8,7,False,7,0.6535714285714284,0,0.3247619047619047,6,0.02166666666666667,1,0.0,3,0.0,9,11.7
3,5,5,True,5,0.3722502921914687,6,0.2475137721755369,7,0.14268867080631786,1,0.11996497783262487,2,0.11758228699405171,1,17.0
3,6,0,False,0,0.3376406371406372,7,0.33641292041292026,6,0.3259464424464423,1,0.0,3,0.0,3,58.0
3,7,2,False,2,0.7604087301587299,7,0.22213888888888889,0,0.017452380952380952,1,0.0,3,0.0,2,2.4
3,7,1,False,1,0.5353571428571428,6,0.44964285714285723,4,0.009000000000000001,0,0.006,3,0.0,8,53.1
3,7,2,False,2,0.8947222222222223,5,0.08,6,0.01375,7,0.006944444444444444,0,0.004583333333333333,4,33.6
3,7,0,False,0,0.3611666666666666,2,0.3183333333333333,4,0.2955,1,0.025,3,0.0,8,56.8
3,2,1,False,1,0.55,2,0.29,4,0.16,0,0.0,3,0.0,2,72.3
3,1,2,False,2,0.5555555555555556,0,0.22844444444444445,4,0.19933333333333333,6,0.016666666666666666,3,0.0,6,52.4
3,0,1,False,1,0.6437380952380951,2,0.3290119047619048,3,0.011583333333333333,0,0.00825,6,0.0045000000000000005,4,44.1
3,0,2,False,2,0.5241666666666667,1,0.4608333333333334,0,0.01,6,0.005,3,0.0,3,30.4
3,0,1,False,1,0.4790793650793652,6,0.2698174603174602,0,0.23110317460317448,2,0.013333333333333332,5,0.006666666666666666,3,12.2
3,1,1,True,1,0.4790793650793652,6,0.2698174603174602,0,0.23110317460317448,2,0.013333333333333332,5,0.006666666666666666,1,12.2
3,2,2,True,2,0.5992115217927376,5,0.14896253622217262,7,0.14304912131757372,1,0.07489875184243025,3,0.01991824587842578,1,0.0
3,0,2,False,2,0.5925,0,0.2966666666666667,7,0.09333333333333332,1,0.0175,3,0.0,2,4.2
3,2,2,True,2,0.5992115217927376,5,0.14896253622217262,7,0.14304912131757372,1,0.07489875184243025,3,0.01991824587842578,1,0.0
3,2,1,False,1,0.7405746753246751,4,0.2535919913419913,8,0.005833333333333333,2,0.0,3,0.0,4,36.0
3,1,7,False,7,0.41440476190476183,6,0.40513888888888894,0,0.18045634920634915,1,0.0,3,0.0,4,87.6
3,0,2,False,2,0.4218611111111112,7,0.37921284271284267,1,0.18892604617604608,8,0.01,3,0.0,8,25.1
3,2,7,False,7,0.7,8,0.16,1,0.13333333333333333,6,0.006666666666666666,3,0.0,6,38.5
3,2,2,True,2,0.6671071428571428,7,0.31289285714285714,6,0.0125,1,0.0075,3,0.0,1,34.7
3,2,2,True,2,0.8522619047619048,6,0.1251190476190476,1,0.02261904761904762,0,0.0,3,0.0,1,37.8
3,1,5,False,5,0.32025688266945823,6,0.25080523821091055,1,0.17724180333412037,4,0.06727699164029757,7,0.06359530683742068,3,18.0
3,2,2,True,2,0.5992115217927376,5,0.14896253622217262,7,0.14304912131757372,1,0.07489875184243025,3,0.01991824587842578,1,0.0
3,2,2,True,2,1.0,0,0.0,1,0.0,3,0.0,4,0.0,1,68.6
3,2,2,True,2,0.77,1,0.18,6,0.01650793650793651,7,0.01369047619047619,4,0.012123015873015872,1,76.5
3,2,2,True,2,0.5992115217927376,5,0.14896253622217262,7,0.14304912131757372,1,0.07489875184243025,3,0.01991824587842578,1,0.0
3,2,1,False,1,0.7041428571428573,8,0.29085714285714287,4,0.005,2,0.0,3,0.0,4,35.9
3,2,2,True,2,0.62,4,0.1953333333333333,1,0.14466666666666667,0,0.04,3,0.0,1,99.4
3,2,2,True,2,0.5992115217927376,5,0.14896253622217262,7,0.14304912131757372,1,0.07489875184243025,3,0.01991824587842578,1,0.0
3,2,1,False,1,0.3533095238095237,0,0.3458571428571428,2,0.30083333333333323,3,0.0,4,0.0,3,15.5
3,6,0,False,0,0.6923968253968255,6,0.3076031746031746,2,0.0,1,0.0,3,0.0,2,4.7
3,1,2,False,2,0.5919404761904761,1,0.3329007936507935,0,0.02588095238095238,6,0.020214285714285712,7,0.01756349206349207,2,47.9
3,2,2,True,2,0.5992115217927376,5,0.14896253622217262,7,0.14304912131757372,1,0.07489875184243025,3,0.01991824587842578,1,0.0
3,2,1,False,1,0.49,6,0.44416666666666665,2,0.06583333333333333,0,0.0,3,0.0,3,48.7
3,2,2,True,2,0.5561309523809526,0,0.44053571428571414,7,0.003333333333333333,1,0.0,3,0.0,1,2.5
3,2,1,False,1,0.91,0,0.09,2,0.0,3,0.0,4,0.0,3,172.4
3,2,2,True,2,0.47708333333333336,6,0.26177380952380935,1,0.26114285714285707,0,0.0,3,0.0,1,31.1
3,3,1,False,1,0.4790793650793652,6,0.2698174603174602,0,0.23110317460317448,2,0.013333333333333332,5,0.006666666666666666,6,12.2
3,2,2,True,2,0.5992115217927376,5,0.14896253622217262,7,0.14304912131757372,1,0.07489875184243025,3,0.01991824587842578,1,0.0
3,0,2,False,2,0.5632857142857142,0,0.37654761904761896,4,0.046,1,0.011666666666666665,6,0.0025,2,42.6
3,2,2,True,2,0.86,4,0.10333333333333332,1,0.026666666666666665,0,0.01,3,0.0,1,99.5
3,2,2,True,2,0.5992115217927376,5,0.14896253622217262,7,0.14304912131757372,1,0.07489875184243025,3,0.01991824587842578,1,0.0
3,2,2,True,2,0.5992115217927376,5,0.14896253622217262,7,0.14304912131757372,1,0.07489875184243025,3,0.01991824587842578,1,0.0
3,2,2,True,2,0.5992115217927376,5,0.14896253622217262,7,0.14304912131757372,1,0.07489875184243025,3,0.01991824587842578,1,0.0
3,2,2,True,2,0.5992115217927376,5,0.14896253622217262,7,0.14304912131757372,1,0.07489875184243025,3,0.01991824587842578,1,0.0
3,2,1,False,1,0.6,2,0.14415476190476192,6,0.09890476190476191,8,0.08802380952380952,0,0.06891666666666667,2,19.6
3,2,2,True,2,0.5992115217927376,5,0.14896253622217262,7,0.14304912131757372,1,0.07489875184243025,3,0.01991824587842578,1,0.0
3,2,2,True,2,0.5585,6,0.3733333333333333,7,0.027000000000000003,1,0.024333333333333332,0,0.016833333333333332,1,31.7
3,0,0,True,0,0.4670277777777778,2,0.2751190476190475,7,0.25785317460317453,1,0.0,3,0.0,1,2.6
3,2,0,False,0,0.5205595238095237,1,0.23138492063492055,5,0.22930555555555554,7,0.01375,6,0.005,6,17.8
3,1,4,False,4,0.58,0,0.22699999999999998,2,0.16966666666666666,1,0.018333333333333333,7,0.005,4,73.3
3,2,0,False,0,0.6923968253968255,6,0.3076031746031746,2,0.0,1,0.0,3,0.0,3,4.7
3,2,7,False,7,0.5036666666666666,0,0.3863333333333333,6,0.08,2,0.03,3,0.0,4,74.0
3,1,1,True,1,0.6795,2,0.28449999999999986,5,0.02,6,0.016,3,0.0,1,33.8
3,0,2,False,2,0.6454870129870129,7,0.29451298701298695,6,0.043166666666666666,1,0.016833333333333332,3,0.0,6,41.5
3,1,1,True,1,0.9966666666666667,4,0.003333333333333333,2,0.0,0,0.0,3,0.0,1,90.7
3,1,1,True,1,0.9311666666666666,6,0.06883333333333334,2,0.0,0,0.0,3,0.0,1,98.1
3,1,0,False,0,0.4327564935064935,7,0.29091378066378054,4,0.27632972582972576,1,0.0,3,0.0,4,77.0
3,2,5,False,5,0.32643408767015564,2,0.2554646404936652,0,0.249594472091376,7,0.16850679974480273,3,0.0,2,5.0
3,2,2,True,2,0.4625674603174604,6,0.323218253968254,1,0.21421428571428575,0,0.0,3,0.0,1,31.3
3,0,6,False,6,0.65,2,0.35,1,0.0,0,0.0,3,0.0,4,31.6
3,2,2,True,2,0.7280476190476189,0,0.14733333333333337,6,0.11461904761904762,1,0.01,3,0.0,1,45.5
3,2,1,False,1,0.6616244588744586,6,0.29201190476190475,5,0.024,2,0.016045454545454543,7,0.006318181818181818,4,8.5
3,1,2,False,2,0.5992115217927376,5,0.14896253622217262,7,0.14304912131757372,1,0.07489875184243025,3,0.01991824587842578,4,0.0
3,2,5,False,5,0.7785833333333333,2,0.10013095238095238,8,0.09128571428571428,7,0.014166666666666668,0,0.010833333333333332,2,17.5
3,2,6,False,6,0.6482380952380952,0,0.3444285714285714,2,0.007333333333333334,1,0.0,3,0.0,3,9.6
3,2,1,False,1,0.7123289333215805,5,0.09301860476125183,6,0.058006131123778185,7,0.04018454176542412,4,0.03542062920739392,9,23.1
3,2,2,True,2,0.7213434343434344,5,0.19266847041847046,4,0.08598809523809527,0,0.0,3,0.0,1,5.3
3,2,0,False,0,0.63,2,0.32,1,0.03,7,0.02,3,0.0,2,108.2
3,2,1,False,1,0.8009072871572869,0,0.1990927128427128,2,0.0,3,0.0,4,0.0,3,51.9
3,2,2,True,2,0.7419920634920633,6,0.2263412698412698,5,0.016666666666666666,1,0.01,0,0.005,1,8.8
3,2,2,True,2,0.85,1,0.13,0,0.02,3,0.0,4,0.0,1,126.7
3,2,2,True,2,0.5992115217927376,5,0.14896253622217262,7,0.14304912131757372,1,0.07489875184243025,3,0.01991824587842578,1,0.0
3,2,0,False,0,0.3429999999999999,2,0.32933333333333337,5,0.296,6,0.03166666666666666,3,0.0,2,13.7
3,1,6,False,6,0.3413183205683204,2,0.26294280719280705,7,0.2501647241647241,1,0.14557414807414804,3,0.0,4,28.0
3,1,7,False,7,0.63,1,0.21825,2,0.13174999999999998,4,0.02,3,0.0,2,91.7
3,1,2,False,2,0.4851190476190476,3,0.47154761904761905,5,0.03333333333333333,6,0.005,0,0.0025,8,78.9
3,1,2,False,2,0.9701428571428572,1,0.02585714285714286,4,0.004,0,0.0,3,0.0,2,46.7
3,1,1,True,1,0.58,2,0.3325,0,0.06083333333333332,6,0.026666666666666665,3,0.0,1,45.6
3,1,2,False,2,0.59,1,0.33930952380952384,6,0.0706904761904762,0,0.0,3,0.0,2,95.1
3,1,7,False,7,0.60125,1,0.26,5,0.09333333333333332,2,0.03666666666666667,6,0.005,2,78.6
3,1,2,False,2,0.9391666666666666,4,0.04083333333333333,1,0.011714285714285712,0,0.008285714285714285,3,0.0,3,54.4
3,0,2,False,2,0.5992115217927376,5,0.14896253622217262,7,0.14304912131757372,1,0.07489875184243025,3,0.01991824587842578,7,0.0
3,1,5,False,5,0.7785833333333333,2,0.10013095238095238,8,0.09128571428571428,7,0.014166666666666668,0,0.010833333333333332,8,17.5
3,1,4,False,4,0.5819999999999997,1,0.41800000000000026,2,0.0,0,0.0,3,0.0,2,56.6
3,0,0,True,0,0.6601150793650795,7,0.3198849206349206,6,0.02,1,0.0,3,0.0,1,7.5
3,1,6,False,6,0.3437023809523808,0,0.3429761904761904,1,0.30265476190476187,7,0.010666666666666666,3,0.0,3,87.4
3,1,1,True,1,0.55,7,0.41,2,0.03,0,0.01,3,0.0,1,108.9
3,1,2,False,2,0.7,1,0.2806666666666667,6,0.01933333333333333,0,0.0,3,0.0,2,98.4
3,1,2,False,2,0.5243333333333333,1,0.4656666666666666,0,0.01,3,0.0,4,0.0,2,57.5
3,1,6,False,6,0.6816666666666665,1,0.16166666666666668,2,0.15666666666666665,0,0.0,3,0.0,2,48.6
3,1,1,True,1,0.97,0,0.03,2,0.0,3,0.0,4,0.0,1,129.4
3,2,2,True,2,0.8875,0,0.11,4,0.0025,1,0.0,3,0.0,1,44.7
3,2,2,True,2,0.87,0,0.07242857142857143,4,0.03438095238095238,6,0.023190476190476192,3,0.0,1,69.2
3,2,2,True,2,0.5992115217927376,5,0.14896253622217262,7,0.14304912131757372,1,0.07489875184243025,3,0.01991824587842578,1,0.0
3,2,2,True,2,0.5992115217927376,5,0.14896253622217262,7,0.14304912131757372,1,0.07489875184243025,3,0.01991824587842578,1,0.0
3,2,0,False,0,0.49547619047619046,2,0.4145238095238095,1,0.06,6,0.03,3,0.0,2,38.2
3,2,1,False,1,0.7123289333215805,5,0.09301860476125183,6,0.058006131123778185,7,0.04018454176542412,4,0.03542062920739392,9,23.1
3,2,1,False,1,0.592047619047619,0,0.37550000000000006,6,0.03245238095238095,2,0.0,3,0.0,4,47.5
3,2,2,True,2,0.6986111111111113,0,0.17190476190476187,6,0.06762301587301588,1,0.06186111111111111,3,0.0,1,36.9
3,2,6,False,6,0.714323953823954,0,0.2120162337662338,7,0.07365981240981241,1,0.0,3,0.0,6,43.8
3,2,1,False,1,0.74,0,0.23,7,0.03,2,0.0,3,0.0,4,110.8
3,1,4,False,4,0.34576415251415243,6,0.3257728105228104,2,0.17644394494394494,0,0.152019092019092,3,0.0,6,34.0
3,2,1,False,1,0.6483571428571429,6,0.33164285714285713,0,0.0175,2,0.0025,3,0.0,4,38.3
3,2,1,False,1,0.9,7,0.09,8,0.01,2,0.0,3,0.0,4,38.7
3,2,2,True,2,0.5992115217927376,5,0.14896253622217262,7,0.14304912131757372,1,0.07489875184243025,3,0.01991824587842578,1,0.0
3,2,2,True,2,0.8972619047619047,0,0.10273809523809524,1,0.0,3,0.0,4,0.0,1,20.3
3,0,7,False,7,0.5094185675435674,5,0.18907553557553547,6,0.10894044844044838,0,0.0996734515484515,2,0.09289199689199686,4,7.0
3,3,0,False,0,0.34745238095238096,2,0.3031904761904761,6,0.2993571428571429,1,0.035,5,0.015,6,16.3
3,1,6,False,6,0.5259047619047618,7,0.2521865079365079,1,0.22190873015873008,0,0.0,3,0.0,3,14.7
3,2,2,True,2,0.8391869446343128,7,0.16081305536568688,1,0.0,0,0.0,3,0.0,1,2.2
3,0,2,False,2,0.89,0,0.0452991452991453,1,0.041111111111111105,5,0.012905982905982905,8,0.0037606837606837607,2,23.3
4,0,5,False,5,0.3555842768342769,1,0.26024271561771556,7,0.2306806665556665,0,0.1534923409923409,3,0.0,4,24.0
4,7,7,True,7,0.42291391370067827,5,0.24966221360338994,0,0.17465874240138946,6,0.07741990199343139,2,0.07534522830111062,1,7.0
4,7,5,False,5,0.4120082466553053,7,0.3618745404921875,0,0.08290808048160986,3,0.0747175928646517,6,0.06849153950624538,2,8.0
4,0,7,False,7,0.97,1,0.03,2,0.0,0,0.0,3,0.0,4,97.0
4,0,0,True,0,0.511670634920635,7,0.2544484126984126,6,0.2288809523809524,2,0.005,3,0.0,1,27.0
4,6,7,False,7,0.4860992063492064,6,0.27062698412698405,0,0.22327380952380946,1,0.02,3,0.0,2,88.0
4,7,2,False,2,0.4854523809523809,1,0.27349206349206334,7,0.22105555555555553,0,0.01,6,0.01,3,25.0
4,1,6,False,6,0.3469779942279942,7,0.3333387445887447,1,0.31968326118326124,0,0.0,3,0.0,3,70.0
4,4,6,False,6,0.21430952380952376,7,0.20161904761904761,1,0.2011388888888888,0,0.1916666666666666,2,0.19126587301587292,8,63.0
4,1,0,False,0,0.51,7,0.43999999999999995,1,0.03,2,0.02,3,0.0,3,83.0
4,0,6,False,6,0.3205606060606059,1,0.17810389610389601,7,0.17312337662337668,4,0.1699303751803751,0,0.15828174603174594,5,76.0
4,1,2,False,2,0.6,0,0.25,1,0.15,3,0.0,4,0.0,3,149.0
4,0,7,False,7,0.23069873401452334,3,0.22716690838401363,5,0.21664334641966213,6,0.2066804328712223,1,0.11881057831057826,6,10.0
4,1,1,True,1,0.2784321789321788,2,0.2545679043179042,7,0.23105930180930173,6,0.22594061494061488,4,0.01,1,28.0
4,0,6,False,6,0.46033333333333326,4,0.3996666666666668,2,0.09,1,0.0325,7,0.0175,6,81.0
4,0,1,False,1,0.3407448107448107,0,0.33436202686202676,6,0.176045177045177,4,0.14384798534798537,2,0.005,2,66.0
4,0,2,False,2,0.65,1,0.23491666666666666,0,0.11508333333333334,3,0.0,4,0.0,3,38.0
4,0,5,False,5,0.3476179434704174,1,0.29529321028454947,6,0.28131234329470156,4,0.07577650295033127,3,0.0,7,18.0
4,5,7,False,7,0.23069873401452334,3,0.22716690838401363,5,0.21664334641966213,6,0.2066804328712223,1,0.11881057831057826,3,10.0
4,5,0,False,0,0.43745676545676565,5,0.29675921300921293,6,0.13535617160617158,1,0.13042784992784992,3,0.0,2,11.0
4,4,1,False,1,0.6003484848484849,6,0.22064285714285709,2,0.17900865800865798,0,0.0,3,0.0,6,36.0
4,5,2,False,2,0.65,1,0.23491666666666666,0,0.11508333333333334,3,0.0,4,0.0,6,38.0
4,6,0,False,0,0.51,7,0.43999999999999995,1,0.03,2,0.02,3,0.0,8,83.0
4,6,4,False,4,0.4342510496039908,0,0.22316742816007518,7,0.20987887357740295,8,0.132702648658531,3,0.0,9,53.0
4,5,5,True,5,0.31490981240981236,4,0.2800652958152957,2,0.1593037518037517,0,0.1313737373737373,7,0.11434740259740256,1,21.0
4,5,1,False,1,0.3535743145743144,5,0.3249022366522365,4,0.16546248196248192,0,0.15606096681096673,3,0.0,2,22.0
4,1,1,True,1,0.4199823232323234,8,0.20885173160173154,5,0.19570454545454546,4,0.17546139971139968,3,0.0,1,41.0
4,0,0,True,0,0.4732896825396827,6,0.2830674603174603,4,0.24364285714285713,1,0.0,3,0.0,1,69.0
4,6,7,False,7,0.23069873401452334,3,0.22716690838401363,5,0.21664334641966213,6,0.2066804328712223,1,0.11881057831057826,4,10.0
4,6,0,False,0,0.43745676545676565,5,0.29675921300921293,6,0.13535617160617158,1,0.13042784992784992,3,0.0,3,11.0
4,1,1,True,1,0.88,2,0.11,0,0.01,3,0.0,4,0.0,1,198.0
4,3,7,False,7,0.29632337107337103,0,0.28666341991341987,2,0.15301437451437452,4,0.1389077311577312,5,0.12509110334110335,7,12.0
4,0,6,False,6,0.33738095238095234,1,0.3287380952380952,2,0.30221428571428566,4,0.03166666666666666,3,0.0,6,42.0
4,1,7,False,7,0.29632337107337103,0,0.28666341991341987,2,0.15301437451437452,4,0.1389077311577312,5,0.12509110334110335,6,12.0
4,4,6,False,6,0.3541807408277996,2,0.28516106769047933,7,0.2178122694299163,0,0.14284592205180432,3,0.0,8,45.0
4,5,7,False,7,0.29632337107337103,0,0.28666341991341987,2,0.15301437451437452,4,0.1389077311577312,5,0.12509110334110335,5,12.0
4,7,0,False,0,0.43745676545676565,5,0.29675921300921293,6,0.13535617160617158,1,0.13042784992784992,3,0.0,8,11.0
4,4,6,False,6,0.4315000000000001,1,0.42349999999999993,0,0.1,2,0.04166666666666667,7,0.003333333333333333,8,104.0
4,7,4,False,4,0.2800396825396825,1,0.2794047619047619,2,0.23730555555555552,7,0.20324999999999996,3,0.0,4,85.0
4,5,6,False,6,0.25700196660065067,1,0.2392059941176814,0,0.1857148691178102,5,0.1513435243720847,4,0.08346235792071705,4,23.0
4,4,1,False,1,0.3407448107448107,0,0.33436202686202676,6,0.176045177045177,4,0.14384798534798537,2,0.005,4,66.0
4,7,4,False,4,0.4171825396825397,6,0.37998412698412687,1,0.19783333333333328,0,0.005,3,0.0,8,80.0
4,7,7,True,7,0.4839343434343435,0,0.19075432900432893,6,0.1720963203463203,3,0.15321500721500717,2,0.0,1,68.0
4,7,4,False,4,0.73,1,0.22166666666666665,2,0.03833333333333333,0,0.01,3,0.0,8,94.0
4,7,0,False,0,0.3713203373423962,5,0.1389300544227014,1,0.12528798407474875,2,0.12423019464195932,3,0.12275267787767787,6,15.0
4,5,5,True,5,0.6367408391649687,7,0.18641631233944542,6,0.16274638290961696,2,0.011860217911241032,1,0.0013659314376827001,1,1.0
4,7,5,False,5,0.3476179434704174,1,0.29529321028454947,6,0.28131234329470156,4,0.07577650295033127,3,0.0,8,18.0
4,7,6,False,6,0.4617548791078203,7,0.22129123082799546,4,0.21447199858964552,2,0.10248189147453848,3,0.0,2,16.0
4,7,2,False,2,0.7062142857142857,7,0.27628571428571425,0,0.017499999999999998,1,0.0,3,0.0,2,2.4
4,1,0,False,0,0.3352936507936506,4,0.3236746031746031,6,0.19130158730158725,5,0.14973015873015869,3,0.0,7,33.0
4,2,1,False,1,0.71,0,0.26,2,0.03,3,0.0,4,0.0,3,152.0
4,1,5,False,5,0.3555842768342769,1,0.26024271561771556,7,0.2306806665556665,0,0.1534923409923409,3,0.0,2,24.0
4,0,1,False,1,0.6085714285714287,4,0.11902380952380953,7,0.10371428571428573,0,0.08547619047619047,2,0.08321428571428573,4,56.7
4,1,1,True,1,0.5179999999999999,2,0.43200000000000005,0,0.05,3,0.0,4,0.0,1,111.8
4,0,0,True,0,0.5203333333333333,2,0.4636666666666667,7,0.01,4,0.003,5,0.002,1,61.7
4,2,2,True,2,0.93,6,0.03869047619047619,0,0.021785714285714287,4,0.009523809523809523,3,0.0,1,68.7
4,0,2,False,2,0.5709166666666665,8,0.2575119047619047,6,0.17157142857142849,1,0.0,3,0.0,8,19.7
4,0,1,False,1,0.8089999999999999,2,0.09933333333333332,0,0.09166666666666667,3,0.0,4,0.0,3,47.6
4,5,1,False,1,0.3757142857142856,7,0.3594285714285714,6,0.2648571428571428,0,0.0,3,0.0,7,30.2
4,6,6,True,6,0.33864443971061603,0,0.32856424947601404,7,0.23257965727083366,1,0.10021165354253586,3,0.0,1,51.0
4,6,1,False,1,0.62,2,0.21666666666666665,0,0.08566666666666668,7,0.07516666666666666,6,0.0025,5,41.4
4,5,2,False,2,0.6185959241527974,7,0.13580516292263348,5,0.12644798199710128,1,0.08435704360919262,3,0.017552152202149018,3,0.0
4,4,1,False,1,0.2614007936507935,5,0.25764682539682526,0,0.25756746031746025,7,0.19338492063492058,2,0.03,7,30.0
4,5,2,False,2,0.6185959241527974,7,0.13580516292263348,5,0.12644798199710128,1,0.08435704360919262,3,0.017552152202149018,3,0.0
4,6,2,False,2,0.4801190476190476,5,0.25709920634920624,1,0.25444841269841256,6,0.008333333333333333,3,0.0,4,31.1
4,6,2,False,2,0.88,1,0.08083333333333333,0,0.03916666666666666,3,0.0,4,0.0,7,37.9
4,4,2,False,2,0.49097619047619045,0,0.436,1,0.06302380952380952,6,0.01,3,0.0,6,55.5
4,5,2,False,2,0.6185959241527974,7,0.13580516292263348,5,0.12644798199710128,1,0.08435704360919262,3,0.017552152202149018,3,0.0
4,6,6,True,6,0.4579365079365079,1,0.30615873015873,3,0.2359047619047618,0,0.0,2,0.0,1,13.1
4,6,6,True,6,0.7433333333333334,2,0.24095238095238095,1,0.01119047619047619,4,0.004523809523809524,3,0.0,1,47.2
4,6,6,True,6,0.8509285714285714,0,0.14907142857142858,2,0.0,1,0.0,3,0.0,1,13.5
4,6,2,False,2,0.9914285714285714,7,0.004285714285714285,5,0.002857142857142857,4,0.0014285714285714286,3,0.0,8,20.9
4,6,2,False,2,0.95,8,0.035666666666666666,5,0.011000000000000001,0,0.003333333333333333,3,0.0,7,7.7
4,5,6,False,6,0.3527698412698412,5,0.3349722222222222,2,0.29697222222222214,4,0.009357142857142857,0,0.005928571428571429,2,18.2
4,0,2,False,2,0.96,0,0.027999999999999997,6,0.012,1,0.0,3,0.0,2,29.9
4,0,5,False,5,0.30877777777777776,0,0.24886507936507932,1,0.23791269841269835,2,0.20444444444444435,3,0.0,2,17.8
4,4,6,False,6,0.68,2,0.1725,1,0.12000000000000002,4,0.0275,3,0.0,4,26.7
4,4,2,False,2,0.5448618326118325,5,0.4551381673881674,1,0.0,0,0.0,3,0.0,6,5.4
4,4,2,False,2,0.6393888888888889,7,0.3006111111111111,1,0.02704761904761905,4,0.01308333333333333,8,0.010333333333333332,4,40.9
4,7,0,False,0,0.65,1,0.21,2,0.14,3,0.0,4,0.0,8,69.5
4,6,2,False,2,0.3396399711399712,0,0.3135725108225108,5,0.21362770562770553,6,0.13315981240981242,3,0.0,4,11.4
4,4,1,False,1,0.25697491800997985,6,0.209327952986699,7,0.1898650898264674,0,0.14371267406770494,5,0.12470619035820268,8,6.0
4,7,2,False,2,0.6185959241527974,7,0.13580516292263348,5,0.12644798199710128,1,0.08435704360919262,3,0.017552152202149018,2,0.0
4,6,1,False,1,0.49442857142857116,7,0.2612857142857142,6,0.2376190476190475,2,0.003333333333333333,5,0.003333333333333333,3,14.7
4,7,8,False,8,0.65,2,0.22528571428571428,0,0.05816666666666667,6,0.051833333333333335,1,0.00938095238095238,6,25.2
4,7,2,False,2,0.3934761904761904,0,0.3170714285714285,6,0.2894523809523809,1,0.0,3,0.0,8,33.4
4,7,0,False,0,0.65,1,0.21,2,0.14,3,0.0,4,0.0,8,69.5
4,4,2,False,2,0.89,0,0.0678095238095238,1,0.042190476190476195,3,0.0,4,0.0,5,89.4
4,0,0,True,0,0.9063333333333332,4,0.059666666666666666,2,0.034,1,0.0,3,0.0,1,53.5
4,0,2,False,2,0.622154761904762,6,0.30867857142857147,0,0.0475,7,0.021666666666666664,3,0.0,3,49.9
4,0,7,False,7,0.65,4,0.16333333333333333,0,0.13666666666666666,2,0.05,3,0.0,3,52.6
4,0,2,False,2,0.727238095238095,1,0.2627619047619047,0,0.01,3,0.0,4,0.0,3,36.4
4,0,2,False,2,0.5100181623931624,0,0.3757533300033301,5,0.11422850760350758,1,0.0,3,0.0,2,2.9
4,0,2,False,2,0.9046071428571429,1,0.0642857142857143,6,0.031107142857142854,0,0.0,3,0.0,4,38.2
4,0,0,True,0,0.7203333333333332,2,0.2796666666666666,1,0.0,3,0.0,4,0.0,1,3.1
4,0,0,True,0,0.5689047619047618,2,0.43109523809523814,1,0.0,3,0.0,4,0.0,1,3.2
4,6,0,False,0,0.7225,2,0.23,1,0.0375,4,0.01,3,0.0,7,42.8
4,2,1,False,1,0.4446666666666666,3,0.38533333333333336,5,0.077,2,0.063,4,0.011964285714285714,4,78.9
4,5,1,False,1,0.47383333333333333,6,0.3881666666666667,0,0.09833333333333334,2,0.03966666666666667,3,0.0,7,15.7
4,6,2,False,2,0.7015158730158731,5,0.153734126984127,1,0.0754722222222222,6,0.06927777777777777,3,0.0,4,18.8
4,6,2,False,2,0.38591666666666663,0,0.3489166666666668,6,0.2576666666666666,7,0.0075,3,0.0,3,49.3
4,8,0,False,0,0.6199999999999999,4,0.31999999999999995,1,0.06,2,0.0,3,0.0,9,56.2
4,5,2,False,2,0.6517463924963925,5,0.1796042568542569,1,0.0846796536796537,7,0.08271969696969697,6,0.00125,2,8.7
4,5,0,False,0,0.64,5,0.35,2,0.005,1,0.005,3,0.0,2,16.7
4,6,2,False,2,0.4546666666666666,8,0.4353333333333334,0,0.0655,6,0.03128571428571428,7,0.013214285714285713,4,43.6
4,6,1,False,1,0.7756666666666666,2,0.20933333333333334,6,0.015,0,0.0,3,0.0,3,48.6
4,1,1,True,1,0.7219808802308801,6,0.21968109668109664,0,0.058338023088023085,2,0.0,3,0.0,1,57.2
4,6,7,False,7,0.7,2,0.3,1,0.0,0,0.0,3,0.0,8,44.3
4,6,6,True,6,0.49075,5,0.4129166666666667,2,0.05166666666666666,1,0.04466666666666667,3,0.0,1,8.1
4,4,1,False,1,0.9,7,0.05,6,0.05,0,0.0,3,0.0,8,77.8
4,6,6,True,6,0.471904761904762,0,0.26871428571428563,5,0.24704761904761896,1,0.012333333333333333,3,0.0,1,10.7
4,6,1,False,1,0.4825000000000001,0,0.4075,6,0.04083333333333333,7,0.03777777777777778,2,0.03138888888888889,3,51.2
4,6,1,False,1,0.415928262913557,6,0.3115502520355461,4,0.27252148505089674,0,0.0,3,0.0,2,49.0
4,1,0,False,0,0.39357142857142846,5,0.3137261904761903,1,0.2860357142857142,2,0.006666666666666666,3,0.0,3,4.4
4,6,2,False,2,0.7604880952380951,0,0.23951190476190462,1,0.0,3,0.0,4,0.0,7,20.4
4,1,3,False,3,0.59,0,0.1428214285714286,1,0.1373690476190476,2,0.11814285714285713,6,0.011666666666666665,3,32.8
4,6,1,False,1,0.43800000000000006,2,0.43200000000000005,0,0.08983333333333335,6,0.04016666666666666,3,0.0,4,32.5
4,7,7,True,7,0.2769213564213564,5,0.25518326118326107,1,0.23973484848484852,6,0.22616053391053384,4,0.002,1,21.3
4,8,8,True,8,0.56,1,0.36079248366013067,7,0.046282679738562094,6,0.016270424836601308,5,0.011417483660130718,1,14.2
4,8,6,False,6,0.25700196660065067,1,0.2392059941176814,0,0.1857148691178102,5,0.1513435243720847,4,0.08346235792071705,9,23.0
4,7,1,False,1,0.35838095238095236,7,0.31580952380952376,6,0.2924761904761904,2,0.03333333333333333,3,0.0,2,40.3
4,5,2,False,2,0.6185959241527974,7,0.13580516292263348,5,0.12644798199710128,1,0.08435704360919262,3,0.017552152202149018,3,0.0
4,7,2,False,2,0.91,0,0.09,1,0.0,3,0.0,4,0.0,8,20.8
4,1,2,False,2,0.6026666666666667,1,0.3826666666666666,6,0.012666666666666666,0,0.002,3,0.0,2,57.5
4,7,2,False,2,0.6185959241527974,7,0.13580516292263348,5,0.12644798199710128,1,0.08435704360919262,3,0.017552152202149018,2,0.0
4,0,0,True,0,0.48595238095238114,2,0.4316666666666665,7,0.05152380952380952,6,0.030857142857142857,3,0.0,1,50.1
4,1,2,False,2,0.5326309523809524,1,0.4351666666666666,3,0.032202380952380955,0,0.0,4,0.0,2,68.2
4,1,2,False,2,0.85,1,0.036803120211401946,6,0.035468719704787814,0,0.029732409231635244,5,0.024419825186853053,2,23.1
4,1,2,False,2,0.73,7,0.11144444444444447,0,0.08944444444444445,6,0.06911111111111111,3,0.0,6,54.9
4,1,4,False,4,0.7430000000000001,2,0.13849999999999998,0,0.09849999999999999,7,0.008,6,0.006000000000000001,6,53.3
4,1,1,True,1,0.71,2,0.21290873015873013,4,0.07709126984126985,0,0.0,3,0.0,1,51.7
4,1,6,False,6,0.86,2,0.11,4,0.03,0,0.0,3,0.0,6,62.2
4,0,1,False,1,0.7096071428571428,4,0.29039285714285706,2,0.0,0,0.0,3,0.0,4,34.4
4,1,1,True,1,0.8959999999999999,2,0.10400000000000001,0,0.0,3,0.0,4,0.0,1,39.3
4,1,2,False,2,0.6084761904761903,0,0.3494166666666667,1,0.02517857142857143,6,0.01692857142857143,3,0.0,3,37.1
4,0,1,False,1,0.48886363636363633,6,0.1893549783549783,0,0.17694227994227985,3,0.1448391053391053,2,0.0,3,12.2
4,0,0,True,0,0.39523809523809517,5,0.3137261904761903,1,0.2860357142857142,6,0.005,3,0.0,1,4.5
4,1,1,True,1,0.47383333333333333,6,0.3881666666666667,0,0.09833333333333334,2,0.03966666666666667,3,0.0,1,15.7
4,2,0,False,0,0.7863333333333334,2,0.1897380952380952,6,0.023928571428571428,1,0.0,3,0.0,2,22.5
4,2,2,True,2,0.6185959241527974,7,0.13580516292263348,5,0.12644798199710128,1,0.08435704360919262,3,0.017552152202149018,1,0.0
4,2,6,False,6,0.4142490009990011,5,0.21261158286158277,2,0.2018704351204351,4,0.17126898101898103,3,0.0,3,29.0
4,2,2,True,2,0.4801190476190476,5,0.25709920634920624,1,0.25444841269841256,6,0.008333333333333333,3,0.0,1,31.1
4,2,2,True,2,0.6484761904761903,7,0.32152380952380955,1,0.02,6,0.01,3,0.0,1,34.7
4,2,0,False,0,0.7114790764790766,6,0.2755209235209235,2,0.013000000000000001,1,0.0,3,0.0,3,52.3
4,2,2,True,2,0.7062142857142857,7,0.27628571428571425,0,0.017499999999999998,1,0.0,3,0.0,1,2.4
4,2,0,False,0,0.6703030303030303,1,0.30507575757575756,6,0.008636363636363636,4,0.008484848484848484,2,0.0075,5,60.7
4,2,0,False,0,0.39357142857142846,5,0.3137261904761903,1,0.2860357142857142,2,0.006666666666666666,3,0.0,4,4.4
4,2,6,False,6,0.34634523809523804,1,0.32811904761904764,2,0.31553571428571425,5,0.01,3,0.0,3,8.2
4,6,1,False,1,0.2784321789321788,2,0.2545679043179042,7,0.23105930180930173,6,0.22594061494061488,4,0.01,4,28.0
4,2,2,True,2,0.7901666666666665,1,0.13499999999999998,6,0.055,4,0.010333333333333332,7,0.0095,1,85.5
4,2,2,True,2,0.8816666666666667,0,0.07766666666666666,1,0.04066666666666666,3,0.0,4,0.0,1,24.7
4,2,2,True,2,0.5015,0,0.47350000000000003,1,0.019999999999999997,3,0.005,4,0.0,1,23.8
4,2,1,False,1,0.67,7,0.26,8,0.03,6,0.026000000000000002,2,0.014000000000000002,5,28.4
4,2,2,True,2,0.9826666666666667,0,0.017333333333333333,1,0.0,3,0.0,4,0.0,1,37.2
4,1,1,True,1,0.61,2,0.22400000000000003,7,0.136,6,0.03,3,0.0,1,38.6
4,2,1,False,1,0.3757142857142856,7,0.3594285714285714,6,0.2648571428571428,0,0.0,3,0.0,6,30.2
4,2,1,False,1,0.8959999999999999,2,0.10400000000000001,0,0.0,3,0.0,4,0.0,2,39.3
4,2,2,True,2,0.8891071428571429,7,0.07,1,0.026535714285714284,0,0.014357142857142855,3,0.0,1,44.2
4,2,7,False,7,0.6727301587301585,1,0.17365079365079364,5,0.1536190476190476,0,0.0,3,0.0,6,65.0
4,2,5,False,5,0.3476179434704174,1,0.29529321028454947,6,0.28131234329470156,4,0.07577650295033127,3,0.0,6,18.0
4,1,1,True,1,0.6766666666666665,4,0.3233333333333333,2,0.0,0,0.0,3,0.0,1,56.4
4,2,2,True,2,0.6406785714285713,6,0.3528214285714285,0,0.006500000000000001,1,0.0,3,0.0,1,30.7
4,2,0,False,0,0.3664650349650347,5,0.25503890553890546,7,0.2452358474858473,3,0.12526021201021195,2,0.006,5,2.0
4,0,2,False,2,0.3882658730158732,6,0.31194047619047616,0,0.2648730158730157,8,0.02,7,0.008412698412698413,3,6.8
4,1,6,False,6,0.668690476190476,2,0.33130952380952366,1,0.0,0,0.0,3,0.0,3,41.8
4,2,0,False,0,0.3664650349650347,5,0.25503890553890546,7,0.2452358474858473,3,0.12526021201021195,2,0.006,5,2.0
4,0,0,True,0,0.3248993506493506,3,0.1894058441558441,6,0.1789707792207792,7,0.15943831168831166,1,0.1472857142857143,1,13.0
4,0,2,False,2,0.9608333333333333,6,0.021666666666666664,1,0.0175,0,0.0,3,0.0,4,26.2
4,2,1,False,1,0.6222460317460317,0,0.28,7,0.05670238095238096,6,0.041051587301587304,3,0.0,6,69.7
4,2,2,True,2,0.6185959241527974,7,0.13580516292263348,5,0.12644798199710128,1,0.08435704360919262,3,0.017552152202149018,1,0.0
4,1,2,False,2,0.47432539682539676,6,0.4206746031746031,1,0.105,0,0.0,3,0.0,3,48.7
4,2,2,True,2,0.6185959241527974,7,0.13580516292263348,5,0.12644798199710128,1,0.08435704360919262,3,0.017552152202149018,1,0.0
4,6,8,False,8,0.65,2,0.22528571428571428,0,0.05816666666666667,6,0.051833333333333335,1,0.00938095238095238,4,25.2
4,2,2,True,2,0.35396031746031736,6,0.3413611111111111,8,0.30467857142857135,1,0.0,3,0.0,1,28.7
4,2,2,True,2,0.6185959241527974,7,0.13580516292263348,5,0.12644798199710128,1,0.08435704360919262,3,0.017552152202149018,1,0.0
4,2,0,False,0,0.9088643578643578,2,0.06825757575757574,5,0.022878066378066372,1,0.0,3,0.0,2,2.8
4,2,2,True,2,0.6185959241527974,7,0.13580516292263348,5,0.12644798199710128,1,0.08435704360919262,3,0.017552152202149018,1,0.0
4,2,0,False,0,0.6037142857142856,1,0.33128571428571424,2,0.03833333333333333,4,0.026666666666666665,3,0.0,3,42.6
4,1,1,True,1,0.451654761904762,0,0.2798412698412697,6,0.2629484126984126,4,0.0044444444444444444,5,0.0011111111111111111,1,32.9
4,2,2,True,2,0.6185959241527974,7,0.13580516292263348,5,0.12644798199710128,1,0.08435704360919262,3,0.017552152202149018,1,0.0
4,2,2,True,2,0.5100181623931624,0,0.3757533300033301,5,0.11422850760350758,1,0.0,3,0.0,1,2.9
4,2,2,True,2,0.55,1,0.21260317460317457,8,0.10181349206349204,5,0.06979365079365081,4,0.06578968253968255,1,41.1
4,2,2,True,2,0.6185959241527974,7,0.13580516292263348,5,0.12644798199710128,1,0.08435704360919262,3,0.017552152202149018,1,0.0
4,2,5,False,5,0.64,2,0.35416666666666663,1,0.005833333333333333,0,0.0,3,0.0,2,68.4
4,2,2,True,2,0.3575952380952381,6,0.34850000000000003,0,0.29390476190476184,1,0.0,3,0.0,1,35.8
4,2,2,True,2,0.5405476190476192,4,0.3976666666666666,1,0.06178571428571429,0,0.0,3,0.0,1,26.6
4,2,2,True,2,0.6937193362193363,0,0.19747907647907642,1,0.061418831168831164,6,0.047382756132756124,3,0.0,1,36.9
4,2,0,False,0,0.34631746031746036,2,0.32433333333333325,1,0.25299999999999984,6,0.05365079365079366,7,0.010634920634920634,2,10.1
4,0,0,True,0,0.9707142857142856,5,0.017857142857142856,2,0.011428571428571429,1,0.0,3,0.0,1,5.2
4,1,6,False,6,0.5920822510822509,0,0.4079177489177489,2,0.0,1,0.0,3,0.0,4,13.4
4,1,0,False,0,0.6495000000000001,2,0.31316666666666665,5,0.037333333333333336,1,0.0,3,0.0,4,13.8
4,3,1,False,1,0.66,6,0.23092063492063492,2,0.08935714285714286,5,0.010416666666666664,0,0.004861111111111111,7,18.5
4,2,0,False,0,0.64,2,0.25161904761904763,6,0.0457063492063492,4,0.034142857142857135,7,0.028531746031746033,2,107.7
4,2,2,True,2,0.5623333333333334,0,0.43766666666666665,1,0.0,3,0.0,4,0.0,1,61.3
4,1,0,False,0,0.48183333333333345,6,0.4493333333333333,7,0.024000000000000004,1,0.022583333333333334,2,0.022250000000000002,4,63.2
4,2,2,True,2,0.74,0,0.13533333333333336,7,0.12466666666666665,1,0.0,3,0.0,1,82.6
4,1,2,False,2,0.6154087301587302,1,0.3313690476190475,6,0.027222222222222217,0,0.013611111111111112,7,0.012388888888888887,2,44.9
4,2,2,True,2,0.6185959241527974,7,0.13580516292263348,5,0.12644798199710128,1,0.08435704360919262,3,0.017552152202149018,1,0.0
4,2,1,False,1,0.4629523809523809,2,0.2868690476190475,0,0.1901785714285714,5,0.06,3,0.0,2,9.1
4,1,2,False,2,0.86,0,0.13,7,0.01,1,0.0,3,0.0,4,102.9
4,0,1,False,1,0.35838095238095236,7,0.31580952380952376,6,0.2924761904761904,2,0.03333333333333333,3,0.0,6,40.3
4,1,6,False,6,0.3887521645021645,0,0.3315010822510822,2,0.27974675324675324,1,0.0,3,0.0,4,30.6
4,1,0,False,0,0.66,2,0.28,1,0.03,6,0.03,3,0.0,3,103.4
4,1,1,True,1,0.35838095238095236,7,0.31580952380952376,6,0.2924761904761904,2,0.03333333333333333,3,0.0,1,40.3
4,1,4,False,4,0.33422619047619045,1,0.30802777777777773,6,0.30774603174603166,0,0.05,3,0.0,2,92.8
4,2,2,True,2,0.690642857142857,6,0.11642063492063492,7,0.1119404761904762,1,0.08099603174603175,3,0.0,1,55.8
4,1,0,False,0,0.62,1,0.28,7,0.1,2,0.0,3,0.0,2,131.3
4,0,2,False,2,0.35396031746031736,6,0.3413611111111111,8,0.30467857142857135,1,0.0,3,0.0,8,28.7
4,1,1,True,1,0.6666666666666665,2,0.32,7,0.01,0,0.003333333333333333,3,0.0,1,137.5
4,2,2,True,2,0.6185959241527974,7,0.13580516292263348,5,0.12644798199710128,1,0.08435704360919262,3,0.017552152202149018,1,0.0
4,2,2,True,2,0.8638809523809524,6,0.1261190476190476,1,0.005714285714285714,4,0.0014285714285714286,5,0.0014285714285714286,1,41.2
4,2,6,False,6,0.33864443971061603,0,0.32856424947601404,7,0.23257965727083366,1,0.10021165354253586,3,0.0,6,51.0
4,1,7,False,7,0.397920634920635,6,0.2914880952380952,2,0.2805912698412698,0,0.0175,1,0.0125,5,51.3
4,2,2,True,2,0.53,1,0.31683333333333336,4,0.15316666666666667,0,0.0,3,0.0,1,34.5
4,2,2,True,2,0.4163571428571428,0,0.3274761904761904,1,0.25616666666666665,3,0.0,4,0.0,1,24.8
4,2,4,False,4,0.6571746031746031,0,0.3178253968253968,6,0.01583333333333333,2,0.009166666666666667,3,0.0,4,46.0
4,2,1,False,1,0.9141666666666666,0,0.04783333333333333,2,0.038000000000000006,3,0.0,4,0.0,3,47.7
4,1,2,False,2,0.47738888888888886,1,0.3676111111111111,0,0.06559523809523808,7,0.047214285714285716,6,0.042190476190476195,2,26.9
4,2,5,False,5,0.65,2,0.31,8,0.035,1,0.005,3,0.0,2,25.5
4,2,2,True,2,0.93,6,0.03869047619047619,0,0.021785714285714287,4,0.009523809523809523,3,0.0,1,68.7
4,2,1,False,1,0.45866666666666667,6,0.43633333333333335,0,0.095,5,0.01,3,0.0,6,63.6
4,1,7,False,7,0.5227499999999998,1,0.3972500000000001,4,0.036000000000000004,6,0.034,2,0.01,2,80.8
4,2,5,False,5,0.4111994949494949,7,0.2220847763347763,1,0.19105663780663779,2,0.17440909090909087,6,0.00125,4,8.6
4,2,1,False,1,0.6016666666666667,2,0.3195,4,0.0705,0,0.008333333333333333,3,0.0,2,54.4
4,1,0,False,0,0.35690476190476195,6,0.3141190476190475,7,0.2839761904761905,2,0.045,3,0.0,6,50.0
4,2,6,False,6,0.471904761904762,0,0.26871428571428563,5,0.24704761904761896,1,0.012333333333333333,3,0.0,6,10.7
4,2,0,False,0,0.5151666666666667,7,0.44233333333333336,1,0.04,5,0.0025,3,0.0,6,65.3
4,2,2,True,2,0.8424999999999998,0,0.08666666666666666,4,0.026666666666666665,1,0.023333333333333334,5,0.02083333333333333,1,27.7
5,0,7,False,7,0.7073253968253969,6,0.27267460317460307,3,0.01,1,0.006666666666666666,2,0.003333333333333333,6,68.0
5,3,7,False,7,0.7073253968253969,6,0.27267460317460307,3,0.01,1,0.006666666666666666,2,0.003333333333333333,3,68.0
5,5,5,True,5,0.31838939228537405,6,0.25499603034713725,1,0.17529210978245163,7,0.07428516092996504,0,0.06383452026864661,1,19.0
5,5,1,False,1,0.415755466755467,5,0.37472458097458095,0,0.19451995226995222,2,0.015,3,0.0,2,22.0
5,7,1,False,1,0.23541212154344798,6,0.23221777413818734,0,0.1588909014532079,5,0.14473047470282963,4,0.07745278533180674,6,6.0
5,7,0,False,0,0.98,7,0.02,2,0.0,1,0.0,3,0.0,2,4.0
5,7,5,False,5,0.34099933889639755,0,0.2586349165540342,2,0.24074234099234101,7,0.08176748496601435,3,0.07785591859121269,4,5.0
5,7,2,False,2,0.6710714285714287,7,0.30892857142857144,6,0.011666666666666665,0,0.008333333333333333,3,0.0,2,25.0
5,1,7,False,7,0.3528650793650793,4,0.286047619047619,5,0.26108730158730153,2,0.0704047619047619,0,0.02959523809523809,6,30.0
5,1,1,True,1,0.9708333333333333,6,0.01583333333333333,0,0.013333333333333332,2,0.0,3,0.0,1,123.0
5,1,2,False,2,0.6710714285714287,7,0.30892857142857144,6,0.011666666666666665,0,0.008333333333333333,3,0.0,6,25.0
5,0,0,True,0,0.3691291486291487,3,0.24337301587301582,6,0.1900450937950937,7,0.18745274170274168,2,0.01,1,13.0
5,1,6,False,6,0.3772738095238094,7,0.33778571428571424,2,0.26494047619047606,1,0.02,3,0.0,4,39.0
5,0,4,False,4,0.3511017871017871,7,0.2706382090132088,0,0.23689768564768549,1,0.14136231823731812,3,0.0,3,77.0
5,0,1,False,1,0.9708333333333333,6,0.01583333333333333,0,0.013333333333333332,2,0.0,3,0.0,3,124.0
5,0,1,False,1,0.955,2,0.035,0,0.01,3,0.0,4,0.0,3,158.0
5,1,1,True,1,0.3944722222222221,4,0.22038095238095243,2,0.19439285714285715,6,0.19075396825396818,3,0.0,1,36.0
5,0,1,False,1,0.72,2,0.28,0,0.0,3,0.0,4,0.0,3,168.0
5,0,0,True,0,0.408924603174603,1,0.21638492063492065,6,0.1929047619047619,2,0.18178571428571424,3,0.0,1,37.0
5,0,7,False,7,0.5507896825396826,0,0.2181388888888889,6,0.21107142857142866,1,0.01,4,0.01,2,55.0
5,1,2,False,2,0.8207619047619049,6,0.17923809523809528,1,0.0,0,0.0,3,0.0,3,31.0
5,6,0,False,0,0.96,2,0.04,1,0.0,3,0.0,4,0.0,7,69.0
5,6,6,True,6,0.3772738095238094,7,0.33778571428571424,2,0.26494047619047606,1,0.02,3,0.0,1,39.0
5,5,6,False,6,0.24051897119123516,1,0.23294512256450264,0,0.14580033171835555,5,0.14482401082189067,7,0.08945197412068792,4,23.0
5,5,1,False,1,0.37242465540994935,7,0.24631131613484544,5,0.23491545219486398,0,0.14634857626034098,3,0.0,3,24.0
5,5,6,False,6,0.2674195979459137,5,0.1884213637239953,7,0.18105030787925522,3,0.1690148170542907,0,0.10894326871958446,2,10.0
5,6,7,False,7,0.38589999379705264,4,0.2480359803595097,6,0.23649812115988575,2,0.1295659046835517,3,0.0,3,16.0
5,6,6,True,6,0.2999218340139392,0,0.2972217424388476,7,0.2105181105444264,2,0.09965546441862226,1,0.09268284858416438,1,51.0
5,6,1,False,1,0.98,0,0.01,2,0.01,3,0.0,4,0.0,7,98.0
5,1,6,False,6,0.8521453823953824,0,0.1378546176046176,1,0.01,2,0.0,3,0.0,3,57.0
5,6,4,False,4,0.3464999999999999,7,0.3296666666666666,0,0.2838333333333334,1,0.04,3,0.0,8,71.0
5,4,4,True,4,0.3637384004884004,1,0.22650419025419016,2,0.22154062604062597,7,0.18821678321678317,3,0.0,1,26.0
5,6,4,False,4,0.3637384004884004,1,0.22650419025419016,2,0.22154062604062597,7,0.18821678321678317,3,0.0,8,26.0
5,1,6,False,6,0.300395743145743,0,0.29339357864357857,5,0.15230772005772,1,0.13032178932178928,7,0.1235811688311688,4,48.0
5,1,6,False,6,0.30510802478059157,5,0.2780586341127799,1,0.1457736926236892,0,0.08076403339522534,4,0.06650891569095571,3,18.0
5,1,5,False,5,0.3627326978576979,6,0.3275341186591186,1,0.20489542402042396,4,0.10483775946275944,3,0.0,3,14.0
5,7,1,False,1,0.23541212154344798,6,0.23221777413818734,0,0.1588909014532079,5,0.14473047470282963,4,0.07745278533180674,6,6.0
5,4,0,False,0,0.43698665223665223,1,0.3052173659673658,7,0.25779598179598157,2,0.0,3,0.0,6,72.0
5,6,7,False,7,0.38589999379705264,4,0.2480359803595097,6,0.23649812115988575,2,0.1295659046835517,3,0.0,3,16.0
5,6,2,False,2,0.8207619047619049,6,0.17923809523809528,1,0.0,0,0.0,3,0.0,2,31.0
5,7,6,False,6,0.512095238095238,7,0.23621428571428574,0,0.22169047619047613,1,0.03,3,0.0,2,88.0
5,4,0,False,0,0.44161621711621707,1,0.26816211566211545,4,0.15510686535686527,6,0.13511480186480182,3,0.0,3,66.0
5,4,1,False,1,0.415755466755467,5,0.37472458097458095,0,0.19451995226995222,2,0.015,3,0.0,6,22.0
5,5,7,False,7,0.466722878456776,5,0.3030886482723539,6,0.08146959667701018,3,0.07898532366998849,0,0.06973355292387125,2,8.0
5,7,5,False,5,0.3627326978576979,6,0.3275341186591186,1,0.20489542402042396,4,0.10483775946275944,3,0.0,8,14.0
5,1,2,False,2,0.69,1,0.31,0,0.0,3,0.0,4,0.0,2,173.0
5,7,1,False,1,0.84,0,0.12,2,0.04,3,0.0,4,0.0,8,133.0
5,7,7,True,7,0.4044365594845471,5,0.26187225553943816,0,0.17443479331985515,6,0.08770766570031276,2,0.07154872595584667,1,7.0
5,7,4,False,4,0.3464999999999999,7,0.3296666666666666,0,0.2838333333333334,1,0.04,3,0.0,2,71.0
5,7,0,False,0,0.6947261904761902,6,0.30527380952380945,2,0.0,1,0.0,3,0.0,8,27.0
5,7,0,False,0,0.5515000000000001,4,0.37849999999999995,2,0.07,1,0.0,3,0.0,8,96.0
5,1,0,False,0,0.51,2,0.33,1,0.16,3,0.0,4,0.0,3,134.0
5,1,6,False,6,0.30510802478059157,5,0.2780586341127799,1,0.1457736926236892,0,0.08076403339522534,4,0.06650891569095571,3,18.0
5,0,6,False,6,0.4940497835497835,7,0.25648051948051936,0,0.24946969696969692,1,0.0,3,0.0,3,43.7
5,4,6,False,6,0.53,4,0.29,2,0.06433333333333333,0,0.06283333333333334,1,0.05283333333333333,2,42.4
5,0,0,True,0,0.49150000000000005,6,0.4668333333333334,2,0.03166666666666666,7,0.01,3,0.0,1,29.8
5,0,2,False,2,0.5323888888888888,1,0.45761111111111114,5,0.0075,7,0.0025,3,0.0,6,9.1
5,0,5,False,5,0.98,2,0.013999999999999999,1,0.006,0,0.0,3,0.0,4,16.7
5,0,6,False,6,0.4940497835497835,7,0.25648051948051936,0,0.24946969696969692,1,0.0,3,0.0,3,43.7
5,0,1,False,1,0.83,2,0.09116666666666667,4,0.06883333333333333,0,0.005,6,0.005,4,42.2
5,6,2,False,2,0.485,0,0.48,4,0.035,1,0.0,3,0.0,7,45.9
5,6,6,True,6,0.742174603174603,8,0.2538253968253968,2,0.004,1,0.0,3,0.0,1,5.6
5,5,2,False,2,0.46730555555555564,1,0.2726468253968253,5,0.26004761904761897,0,0.0,3,0.0,3,8.6
5,6,2,False,2,0.3176309523809523,3,0.3169404761904761,6,0.2902619047619047,5,0.045500000000000006,4,0.029666666666666668,3,5.5
5,5,2,False,2,0.9653333333333333,8,0.026000000000000002,1,0.008666666666666666,0,0.0,4,0.0,6,25.6
5,6,2,False,2,0.5366666666666667,8,0.37199999999999994,1,0.07133333333333333,0,0.02,4,0.0,7,50.3
5,4,2,False,2,0.3761190476190475,4,0.31476190476190463,0,0.3091190476190476,1,0.0,3,0.0,2,46.0
5,4,2,False,2,0.935,1,0.045,6,0.01,4,0.01,3,0.0,4,26.6
5,6,1,False,1,0.4110093795093794,7,0.3806085858585858,0,0.20171536796536788,2,0.006666666666666666,3,0.0,8,40.3
5,6,6,True,6,0.8097647907647907,1,0.19023520923520926,2,0.0,0,0.0,3,0.0,1,10.6
5,6,5,False,5,1.0,0,0.0,2,0.0,1,0.0,3,0.0,7,17.1
5,6,1,False,1,0.3524166666666666,7,0.3433214285714284,2,0.28092857142857136,6,0.016666666666666666,0,0.006666666666666666,4,51.3
5,4,6,False,6,0.49354761904761896,2,0.40645238095238106,4,0.06564285714285714,0,0.03435714285714286,3,0.0,3,43.1
5,0,2,False,2,0.5221666666666667,7,0.38866666666666666,1,0.055,6,0.034166666666666665,3,0.0,6,20.7
5,5,2,False,2,0.6091060939250534,7,0.14201402692069842,5,0.14012743573556052,1,0.08143488453179208,0,0.01126014294483998,3,0.0
5,5,2,False,2,0.5875476190476191,0,0.3784047619047619,7,0.015930735930735927,6,0.010346320346320347,4,0.00777056277056277,8,15.9
5,0,6,False,6,0.4317919302919303,0,0.29504283216783206,7,0.2731652375402375,1,0.0,3,0.0,2,58.0
5,1,0,False,0,0.6798333333333333,5,0.31016666666666654,2,0.0075,1,0.0025,3,0.0,4,4.5
5,6,6,True,6,0.64,0,0.36,2,0.0,1,0.0,3,0.0,1,7.4
5,6,2,False,2,0.7175595238095238,1,0.2791071428571427,5,0.003333333333333333,0,0.0,3,0.0,7,31.3
5,4,2,False,2,0.26982539682539664,0,0.2576706349206348,6,0.25582936507936505,5,0.20917460317460315,4,0.0075,5,16.1
5,0,5,False,5,0.3971111111111111,6,0.3094444444444444,4,0.28511111111111104,2,0.008333333333333333,3,0.0,7,18.3
5,1,1,True,1,0.6746428571428568,2,0.3253571428571428,0,0.0,3,0.0,4,0.0,1,39.3
5,4,0,False,0,0.654,1,0.3025,7,0.0305,2,0.013000000000000001,3,0.0,6,40.6
5,5,6,False,6,0.30510802478059157,5,0.2780586341127799,1,0.1457736926236892,0,0.08076403339522534,4,0.06650891569095571,2,18.0
5,4,0,False,0,0.96,2,0.04,1,0.0,3,0.0,4,0.0,5,69.0
5,7,0,False,0,0.99,6,0.01,2,0.0,1,0.0,3,0.0,8,7.5
5,4,1,False,1,0.5615,0,0.21916666666666668,2,0.2053333333333333,7,0.013999999999999999,3,0.0,6,73.3
5,7,1,False,1,0.8616309523809523,4,0.13170238095238096,7,0.003333333333333333,0,0.003333333333333333,3,0.0,3,77.5
5,5,5,True,5,1.0,0,0.0,2,0.0,1,0.0,3,0.0,1,16.9
5,4,1,False,1,0.5599384537031596,6,0.2072866920661038,0,0.12411282181870417,4,0.10866203241203239,3,0.0,4,52.1
5,7,0,False,0,0.67,6,0.2,4,0.1,1,0.03,3,0.0,8,59.7
5,7,2,False,2,0.89,1,0.09,0,0.016,4,0.004,3,0.0,8,84.4
5,7,2,False,2,0.6091060939250534,7,0.14201402692069842,5,0.14012743573556052,1,0.08143488453179208,0,0.01126014294483998,2,0.0
5,7,0,False,0,0.7858333333333333,4,0.18416666666666665,2,0.02,1,0.01,3,0.0,8,52.6
5,7,2,False,2,0.46730555555555564,1,0.2726468253968253,5,0.26004761904761897,0,0.0,3,0.0,8,8.6
5,0,2,False,2,0.4025238095238095,6,0.2859285714285714,1,0.2715476190476191,5,0.04,3,0.0,6,63.7
5,0,2,False,2,0.48633333333333334,1,0.44949999999999996,8,0.04416666666666666,0,0.01,7,0.01,4,50.4
5,0,7,False,7,0.3528650793650793,4,0.286047619047619,5,0.26108730158730153,2,0.0704047619047619,0,0.02959523809523809,5,30.0
5,0,1,False,1,0.63,0,0.23052380952380946,6,0.13947619047619045,2,0.0,3,0.0,2,49.6
5,1,0,False,0,0.67,4,0.22,2,0.09,6,0.02,3,0.0,6,59.9
5,1,1,True,1,0.442,6,0.40800000000000003,0,0.0775,2,0.0725,3,0.0,1,47.4
5,1,2,False,2,0.5005,1,0.431,0,0.058499999999999996,8,0.01,4,0.0,2,38.3
5,1,0,False,0,0.75,7,0.17,1,0.07,2,0.01,3,0.0,3,114.7
5,1,4,False,4,0.5810952380952381,1,0.4122380952380953,0,0.006666666666666666,2,0.0,3,0.0,2,56.6
5,8,7,False,7,0.3638874042624042,0,0.2662686757686757,5,0.12880938505938502,2,0.12668611943611943,1,0.11434841547341543,9,3.0
5,6,5,False,5,0.3627326978576979,6,0.3275341186591186,1,0.20489542402042396,4,0.10483775946275944,3,0.0,2,14.0
5,5,5,True,5,0.3621817060648329,7,0.18626174088209677,1,0.17883724136200918,6,0.17693218481724668,2,0.09578712687381415,1,17.0
5,6,2,False,2,0.6065,7,0.3885,6,0.005,0,0.0,3,0.0,3,55.7
5,6,8,False,8,0.4552619047619048,6,0.41473809523809524,7,0.0665,1,0.0635,3,0.0,2,11.1
5,5,6,False,6,0.3538373015873013,0,0.32195995670995664,2,0.3192027417027417,1,0.005,3,0.0,7,11.4
5,5,5,True,5,1.0,0,0.0,2,0.0,1,0.0,3,0.0,1,16.8
5,6,2,False,2,0.5005,1,0.431,0,0.058499999999999996,8,0.01,4,0.0,7,38.3
5,8,1,False,1,0.5611421356421356,5,0.2322377344877345,4,0.19662012987012986,2,0.00625,7,0.00375,9,41.0
5,6,6,True,6,0.4746666666666667,5,0.41449999999999987,1,0.06533333333333334,2,0.0455,3,0.0,1,8.1
5,6,2,False,2,0.86,6,0.1,7,0.031,1,0.009000000000000001,3,0.0,2,12.7
5,1,1,True,1,0.6314285714285713,6,0.20714285714285716,2,0.09633333333333334,0,0.06366666666666668,4,0.0014285714285714286,1,60.5
5,6,0,False,0,0.37542857142857144,5,0.33635714285714285,2,0.2882142857142857,1,0.0,3,0.0,7,13.6
5,0,0,True,0,0.3407142857142857,2,0.3071904761904761,1,0.30209523809523803,6,0.03,4,0.02,1,42.6
5,1,6,False,6,0.53,4,0.29,2,0.06433333333333333,0,0.06283333333333334,1,0.05283333333333333,5,42.4
5,6,1,False,1,0.9193333333333333,5,0.07066666666666667,6,0.006666666666666666,2,0.003333333333333333,3,0.0,3,8.4
5,0,2,False,2,0.7018095238095238,0,0.2981904761904761,1,0.0,3,0.0,4,0.0,2,7.2
5,0,2,False,2,0.5815952380952382,0,0.3784047619047619,1,0.021666666666666664,6,0.018333333333333333,3,0.0,2,15.8
5,8,1,False,1,0.6955714285714284,2,0.2667142857142856,4,0.019285714285714285,6,0.018428571428571426,3,0.0,9,35.9
5,6,2,False,2,0.4036262626262627,5,0.21916486291486292,7,0.19333441558441564,6,0.18387445887445888,3,0.0,4,14.8
5,0,0,True,0,0.29728571428571426,1,0.24975793650793637,7,0.2366349206349206,6,0.20632142857142857,2,0.01,1,83.1
5,2,0,False,0,0.66,2,0.19583333333333333,7,0.12816666666666665,1,0.016,3,0.0,2,51.4
5,5,6,False,6,0.3596984126984127,5,0.3217777777777778,2,0.3101904761904761,4,0.008333333333333333,3,0.0,2,18.2
5,6,0,False,0,0.62,6,0.12783333333333333,2,0.11428571428571431,4,0.07170634920634922,5,0.06617460317460318,2,29.1
5,5,1,False,1,0.3197301587301586,7,0.23976984126984124,0,0.23614682539682538,6,0.1993531746031746,3,0.005,7,16.4
5,6,7,False,7,0.26464208014208007,6,0.2643326395826395,2,0.24498439060939053,0,0.11554369241869238,4,0.11049719724719724,2,45.0
5,7,6,False,6,0.7729144715755969,0,0.081054695659555,2,0.0801061639412023,1,0.04508731805279121,8,0.020837350770854607,9,40.1
5,7,6,False,6,0.61,2,0.39,1,0.0,0,0.0,3,0.0,8,44.3
5,1,7,False,7,0.4200912698412699,4,0.29324206349206344,1,0.27666666666666667,2,0.01,3,0.0,3,85.1
5,1,1,True,1,0.23541212154344798,6,0.23221777413818734,0,0.1588909014532079,5,0.14473047470282963,4,0.07745278533180674,1,6.0
5,1,2,False,2,0.6608333333333334,1,0.17,3,0.16916666666666663,0,0.0,4,0.0,2,32.7
5,1,1,True,1,0.6580595238095236,2,0.31594047619047616,5,0.02,6,0.006,3,0.0,1,33.8
5,2,2,True,2,0.8866666666666666,1,0.11333333333333334,0,0.0,3,0.0,4,0.0,1,46.5
5,2,6,False,6,0.3482597402597402,2,0.24140873015873,5,0.21406132756132742,4,0.19627020202020196,3,0.0,2,29.0
5,0,0,True,0,0.6812557720057718,5,0.3187442279942279,2,0.0,1,0.0,3,0.0,1,7.9
5,2,2,True,2,0.8706666666666668,1,0.061,4,0.051,0,0.013333333333333332,7,0.004,1,27.8
5,1,0,False,0,0.7470952380952383,1,0.25290476190476185,2,0.0,3,0.0,4,0.0,2,15.4
5,2,2,True,2,0.6316666666666666,0,0.3,6,0.04404761904761905,1,0.024285714285714285,3,0.0,1,26.3
5,2,7,False,7,0.4200912698412699,4,0.29324206349206344,1,0.27666666666666667,2,0.01,3,0.0,4,85.0
5,2,2,True,2,0.8331318403818402,7,0.1668681596181596,1,0.0,0,0.0,3,0.0,1,2.2
5,2,0,False,0,0.71,2,0.22166666666666668,6,0.04404761904761905,1,0.024285714285714285,3,0.0,2,26.2
5,1,7,False,7,0.6151190476190476,6,0.33488095238095233,1,0.03,2,0.02,3,0.0,3,75.1
5,1,6,False,6,0.4858333333333333,2,0.4124999999999999,0,0.09666666666666666,1,0.005,3,0.0,4,32.5
5,2,5,False,5,0.34099933889639755,0,0.2586349165540342,2,0.24074234099234101,7,0.08176748496601435,3,0.07785591859121269,3,5.0
5,2,2,True,2,0.8976666666666666,6,0.10233333333333333,1,0.0,0,0.0,3,0.0,1,41.2
5,2,2,True,2,0.40265079365079365,3,0.3044285714285714,0,0.29292063492063486,1,0.0,4,0.0,1,37.4
5,2,6,False,6,0.6685747863247863,5,0.13701343101343105,1,0.1013434065934066,2,0.09306837606837606,3,0.0,4,18.8
5,2,2,True,2,0.6091060939250534,7,0.14201402692069842,5,0.14012743573556052,1,0.08143488453179208,0,0.01126014294483998,1,0.0
5,2,6,False,6,0.5001666666666666,1,0.38233333333333336,2,0.11,0,0.005,4,0.0025,3,67.2
5,0,6,False,6,0.8066666666666665,0,0.1516666666666667,2,0.03166666666666666,4,0.01,3,0.0,2,29.7
5,2,2,True,2,0.65,0,0.15533333333333335,6,0.14466666666666667,1,0.05,3,0.0,1,45.5
5,1,0,False,0,0.3691291486291487,3,0.24337301587301582,6,0.1900450937950937,7,0.18745274170274168,2,0.01,6,13.0
5,2,0,False,0,0.5743968253968254,2,0.40653968253968253,6,0.019063492063492064,1,0.0,3,0.0,2,52.2
5,2,1,False,1,0.67,4,0.16216666666666668,6,0.14783333333333332,2,0.02,3,0.0,4,26.8
5,1,2,False,2,0.67,1,0.24580708180708175,6,0.07902808302808303,7,0.005164835164835164,3,0.0,2,70.4
5,0,5,False,5,0.485857142857143,1,0.394142857142857,2,0.09273809523809526,6,0.02726190476190476,3,0.0,6,8.9
5,2,2,True,2,0.8338809523809523,0,0.15375541125541126,6,0.0047272727272727275,1,0.0038181818181818182,4,0.0038181818181818182,1,61.2
5,2,6,False,6,0.7685714285714286,2,0.12628571428571425,1,0.10514285714285715,0,0.0,3,0.0,2,12.8
5,2,2,True,2,0.6092023809523809,4,0.3524642857142857,1,0.035,6,0.003333333333333333,3,0.0,1,51.8
5,1,2,False,2,0.7327777777777779,1,0.15433333333333332,6,0.1128888888888889,0,0.0,3,0.0,2,48.8
5,2,2,True,2,0.6091060939250534,7,0.14201402692069842,5,0.14012743573556052,1,0.08143488453179208,0,0.01126014294483998,1,0.0
5,0,8,False,8,0.4552619047619048,6,0.41473809523809524,7,0.0665,1,0.0635,3,0.0,8,11.1
5,2,0,False,0,0.4706666666666666,2,0.4643333333333333,5,0.06,1,0.005,3,0.0,2,9.4
5,2,6,False,6,0.5998690476190476,1,0.2901309523809524,2,0.11,0,0.0,3,0.0,3,41.8
5,2,2,True,2,0.4568214285714285,0,0.2820039682539682,1,0.22450793650793646,4,0.03666666666666667,3,0.0,1,36.4
5,2,2,True,2,0.6091060939250534,7,0.14201402692069842,5,0.14012743573556052,1,0.08143488453179208,0,0.01126014294483998,1,0.0
5,2,2,True,2,0.4891095113177157,0,0.40228797277713674,5,0.10860251590514744,1,0.0,3,0.0,1,2.9
5,2,7,False,7,0.4961482683982683,1,0.4000887445887446,2,0.08,5,0.013087662337662337,0,0.010675324675324676,3,24.2
5,2,2,True,2,0.37971428571428556,0,0.3259761904761904,6,0.29430952380952385,1,0.0,3,0.0,1,20.4
5,2,4,False,4,0.61,2,0.27,0,0.07,6,0.05,3,0.0,2,44.5
5,2,2,True,2,0.3497380952380951,6,0.3043095238095237,1,0.3034523809523809,5,0.0425,3,0.0,1,8.2
5,2,6,False,6,0.5351666666666666,1,0.4248333333333334,2,0.04,0,0.0,3,0.0,3,81.8
5,2,2,True,2,0.6091060939250534,7,0.14201402692069842,5,0.14012743573556052,1,0.08143488453179208,0,0.01126014294483998,1,0.0
5,2,0,False,0,0.37542857142857144,5,0.33635714285714285,2,0.2882142857142857,1,0.0,3,0.0,3,13.6
5,2,6,False,6,0.742174603174603,8,0.2538253968253968,2,0.004,1,0.0,3,0.0,3,5.6
5,0,3,False,3,0.35385714285714287,6,0.31902380952380943,2,0.2904523809523809,1,0.016666666666666666,5,0.01,6,16.3
5,2,1,False,1,0.3374285714285714,0,0.3287857142857142,2,0.2937857142857142,6,0.04,3,0.0,3,10.1
5,2,2,True,2,0.287813492063492,1,0.2817301587301587,7,0.22590079365079363,6,0.2045555555555555,3,0.0,1,39.5
5,1,0,False,0,0.66,2,0.19583333333333333,7,0.12816666666666665,1,0.016,3,0.0,4,51.4
5,1,0,False,0,0.44161621711621707,1,0.26816211566211545,4,0.15510686535686527,6,0.13511480186480182,3,0.0,2,66.2
5,0,1,False,1,0.37242465540994935,7,0.24631131613484544,5,0.23491545219486398,0,0.14634857626034098,3,0.0,4,24.0
5,2,4,False,4,0.6,6,0.22,2,0.06433333333333333,0,0.06283333333333334,1,0.05283333333333333,3,42.5
5,2,1,False,1,0.6395079365079365,0,0.34842857142857137,4,0.005079365079365079,2,0.0047619047619047615,3,0.0011111111111111111,4,44.1
5,2,0,False,0,0.4471666666666667,4,0.4028333333333333,2,0.06916666666666665,1,0.05749999999999999,6,0.013333333333333332,3,55.5
5,0,2,False,2,0.6608333333333334,1,0.17,3,0.16916666666666663,0,0.0,4,0.0,4,32.7
5,2,6,False,6,0.5409999999999999,0,0.32899999999999996,2,0.11,1,0.02,3,0.0,3,45.4
5,2,2,True,2,0.64,1,0.32,0,0.03,7,0.01,3,0.0,1,108.5
5,2,5,False,5,0.75,1,0.08900000000000001,2,0.07933333333333334,3,0.07166666666666666,6,0.006363636363636364,3,78.8
5,2,5,False,5,0.5179166666666666,2,0.24796428571428564,4,0.23411904761904753,0,0.0,3,0.0,2,5.4
5,2,2,True,2,0.6091060939250534,7,0.14201402692069842,5,0.14012743573556052,1,0.08143488453179208,0,0.01126014294483998,1,0.0
5,1,1,True,1,0.5972936507936507,0,0.32371825396825393,6,0.030773809523809523,4,0.030535714285714284,7,0.01767857142857143,1,79.7
5,1,2,False,2,0.34520238095238087,0,0.3113095238095238,6,0.3034880952380952,4,0.04,3,0.0,6,42.0
5,1,7,False,7,0.7187380952380952,0,0.27126190476190465,2,0.01,1,0.0,3,0.0,4,97.1
5,1,0,False,0,0.4531666666666666,2,0.4168333333333334,1,0.09166666666666667,6,0.03833333333333334,3,0.0,3,47.5
5,0,1,False,1,0.6084094516594517,6,0.3126414141414141,5,0.024061688311688312,0,0.02286940836940837,3,0.015361832611832611,4,5.9
5,0,1,False,1,0.895,2,0.085,0,0.02,3,0.0,4,0.0,3,155.7
5,0,6,False,6,0.8433333333333333,2,0.09478571428571428,7,0.045214285714285714,0,0.016666666666666666,3,0.0,4,49.3
5,2,2,True,2,0.5288333333333334,1,0.4611666666666666,4,0.01,0,0.0,3,0.0,1,26.5
5,2,4,False,4,0.6253333333333334,1,0.17714285714285716,0,0.16752380952380952,2,0.03,3,0.0,4,89.3
5,2,0,False,0,0.37542857142857144,5,0.33635714285714285,2,0.2882142857142857,1,0.0,3,0.0,3,13.7
5,1,6,False,6,0.742174603174603,8,0.2538253968253968,2,0.004,1,0.0,3,0.0,4,5.6
5,3,2,False,2,0.6091060939250534,7,0.14201402692069842,5,0.14012743573556052,1,0.08143488453179208,0,0.01126014294483998,6,0.0
5,2,2,True,2,0.35291666666666655,0,0.3423333333333333,1,0.3005833333333333,6,0.004166666666666667,3,0.0,1,37.1
5,2,2,True,2,0.5979166666666665,7,0.35783333333333334,6,0.044250000000000005,0,0.0,3,0.0,1,20.8
5,2,1,False,1,0.63,4,0.19157142857142861,7,0.06519047619047619,2,0.06516666666666668,6,0.048071428571428564,4,53.9
5,2,2,True,2,0.7376731601731602,0,0.24566017316017313,7,0.01,6,0.006666666666666666,3,0.0,1,29.9
5,2,0,False,0,0.98,2,0.015,1,0.005,3,0.0,4,0.0,2,4.2
5,1,7,False,7,0.6151190476190476,6,0.33488095238095233,2,0.05,0,0.0,3,0.0,6,74.9
5,2,0,False,0,0.7625833333333333,5,0.23741666666666655,2,0.0,1,0.0,3,0.0,3,5.1
5,1,2,False,2,0.86,7,0.06199999999999999,6,0.04775,1,0.03025,3,0.0,4,12.6
5,2,2,True,2,0.5456428571428572,6,0.4193571428571428,0,0.035,1,0.0,3,0.0,1,22.3
5,2,7,False,7,0.63,0,0.29,1,0.08,2,0.0,3,0.0,4,115.4
5,2,5,False,5,0.63,0,0.19399999999999998,2,0.08916666666666667,6,0.0676190476190476,1,0.012035714285714285,3,32.2
5,2,0,False,0,0.31589051226551224,6,0.27905495892995874,4,0.27239495226995214,1,0.13265957653457647,3,0.0,6,34.0
5,1,1,True,1,0.47108333333333313,6,0.2722182539682539,0,0.24723412698412695,4,0.005357142857142857,5,0.004107142857142857,1,32.9
5,2,2,True,2,0.6091060939250534,7,0.14201402692069842,5,0.14012743573556052,1,0.08143488453179208,0,0.01126014294483998,1,0.0
5,2,2,True,2,0.6091060939250534,7,0.14201402692069842,5,0.14012743573556052,1,0.08143488453179208,0,0.01126014294483998,1,0.0
5,2,1,False,1,0.88,2,0.08,0,0.04,3,0.0,4,0.0,2,136.1
5,2,2,True,2,0.6091060939250534,7,0.14201402692069842,5,0.14012743573556052,1,0.08143488453179208,0,0.01126014294483998,1,0.0
5,2,6,False,6,0.8433333333333333,2,0.09478571428571428,7,0.045214285714285714,0,0.016666666666666666,3,0.0,2,49.3
5,3,6,False,6,0.9439761904761904,1,0.05602380952380952,2,0.0,0,0.0,3,0.0,5,10.5
5,1,2,False,2,0.6065,7,0.3885,6,0.005,0,0.0,3,0.0,6,55.7
5,2,1,False,1,0.8111428571428572,7,0.131,4,0.05785714285714286,0,0.0,3,0.0,6,91.6
6,6,7,False,7,0.3632670368846839,4,0.25611934715611173,6,0.2424319895790484,2,0.13818162638015577,3,0.0,3,16.0
6,6,1,False,1,0.35032034632034637,2,0.1870963203463203,3,0.16196897546897546,4,0.15452489177489176,0,0.14608946608946607,7,44.0
6,7,5,False,5,0.41953138528138517,4,0.2944296536796536,2,0.14458513708513698,0,0.1389538239538239,6,0.0025,8,21.0
6,4,5,False,5,0.273184149184149,0,0.16552233877233877,7,0.15965445665445663,1,0.13767760017760014,2,0.13372460872460867,7,12.0
6,5,0,False,0,0.33826279276279275,4,0.3268024198024198,1,0.16859990009990014,6,0.16633488733488735,3,0.0,7,33.0
6,5,7,False,7,0.497227828544005,5,0.3152240937167407,6,0.09933071340424279,3,0.08821736433501133,2,0.0,2,8.0
6,6,0,False,0,0.35362079587079587,7,0.17421495171495163,1,0.17145102120102115,6,0.16091519591519587,4,0.1397980352980353,4,76.0
6,6,2,False,2,0.34099999999999997,7,0.32583333333333336,4,0.30316666666666664,1,0.03,3,0.0,8,107.0
6,5,2,False,2,0.35381398829928207,5,0.28200424004100455,7,0.17853371709989357,0,0.09535272080860312,3,0.09029533375121607,2,5.0
6,5,5,True,5,0.34759158717361366,6,0.21367842436724518,1,0.1477396269021655,7,0.0815251661094473,0,0.081245146750245,1,19.0
6,7,6,False,6,0.6451774891774892,7,0.3048225108225108,1,0.05,0,0.0,3,0.0,2,88.0
6,0,0,True,0,0.47043650793650793,4,0.2682103174603174,6,0.2513531746031746,2,0.01,3,0.0,1,69.0
6,0,5,False,5,0.36831915306915297,0,0.27183146020646004,6,0.12507158119658113,7,0.12307473082473079,1,0.11170307470307467,2,11.0
6,0,5,False,5,0.273184149184149,0,0.16552233877233877,7,0.15965445665445663,1,0.13767760017760014,2,0.13372460872460867,2,12.0
6,0,1,False,1,0.27441560487442823,7,0.1966518579832047,6,0.19499194632050665,5,0.12550065393556098,4,0.07057721157984312,6,6.0
6,2,2,True,2,0.34099999999999997,7,0.32583333333333336,4,0.30316666666666664,1,0.03,3,0.0,1,107.0
6,0,6,False,6,0.42541353172970814,7,0.1957812432665373,0,0.16711625302801772,2,0.10906138714226948,1,0.10262758483346715,3,51.0
6,0,5,False,5,0.4897433399933402,1,0.3271537629037627,4,0.1764362304362304,2,0.006666666666666666,3,0.0,6,22.0
6,5,2,False,2,0.9,6,0.05733333333333333,1,0.042666666666666665,0,0.0,3,0.0,7,35.0
6,0,7,False,7,0.497227828544005,5,0.3152240937167407,6,0.09933071340424279,3,0.08821736433501133,2,0.0,7,8.0
6,5,6,False,6,0.4426904548839534,5,0.19626593908327655,1,0.1612996935554985,7,0.10743485006565498,4,0.09230906241161656,2,14.0
6,5,5,True,5,0.565888888888889,7,0.4241111111111109,0,0.006666666666666666,1,0.003333333333333333,3,0.0,1,9.0
6,5,5,True,5,0.44009881068364043,6,0.24734823818252616,7,0.15855959332205452,4,0.0783903703709431,0,0.07560298744083571,1,20.0
6,5,6,False,6,0.25256276566570673,1,0.19467776504541198,5,0.1886198768551709,0,0.17601853701853692,8,0.09646740432769839,3,23.0
6,6,4,False,4,0.285873654123654,0,0.27780308580308577,2,0.15787792762792763,6,0.1408026418026418,1,0.1376426906426906,4,34.0
6,5,7,False,7,0.566578627255098,5,0.17984353146853138,0,0.08965245293921767,6,0.08540963203463203,2,0.07851575630252099,2,7.0
6,1,6,False,6,0.4545667388167388,4,0.28183658008658,1,0.263596681096681,0,0.0,3,0.0,3,49.0
6,6,5,False,5,0.34759158717361366,6,0.21367842436724518,1,0.1477396269021655,7,0.0815251661094473,0,0.081245146750245,2,19.0
6,4,6,False,6,0.6,1,0.3,4,0.05,2,0.03,7,0.016666666666666666,3,101.0
6,4,0,False,0,0.61,2,0.36,8,0.02,1,0.005,6,0.0025,9,56.0
6,1,0,False,0,0.3826856199356201,4,0.36826756576756553,5,0.1341244311244311,6,0.11492238317238312,3,0.0,7,62.0
6,1,0,False,0,0.28321428571428564,4,0.23877380952380942,2,0.2270714285714285,6,0.21594047619047618,1,0.035,5,63.0
6,6,0,False,0,0.5352669552669552,1,0.1707247474747474,3,0.1561414141414141,7,0.1378668831168831,2,0.0,8,13.0
6,6,0,False,0,0.40461435786435784,1,0.30719300144300127,4,0.2881926406926405,2,0.0,3,0.0,7,66.0
6,6,0,False,0,0.3145980963480962,6,0.2047481407481407,1,0.18073806748806745,4,0.15831071706071703,2,0.14160497835497837,2,61.0
6,7,1,False,1,0.3781096403596404,6,0.3600163170163169,2,0.1457277999777999,7,0.11614624264624261,3,0.0,4,28.0
6,7,5,False,5,0.273184149184149,0,0.16552233877233877,7,0.15965445665445663,1,0.13767760017760014,2,0.13372460872460867,3,12.0
6,7,7,True,7,0.53,1,0.42,2,0.05,0,0.0,3,0.0,1,109.0
6,4,6,False,6,0.3869047619047617,0,0.22394841269841265,4,0.19294047619047616,7,0.18620634920634915,2,0.01,3,79.0
6,7,6,False,6,0.29795989339178186,5,0.27308721236623695,3,0.16768734735336893,7,0.09416651339716353,0,0.0915680034619663,4,10.0
6,7,0,False,0,0.5015000000000001,7,0.3985,1,0.09,2,0.01,3,0.0,2,97.0
6,7,0,False,0,0.28321428571428564,4,0.23877380952380942,2,0.2270714285714285,6,0.21594047619047618,1,0.035,8,63.0
6,7,2,False,2,0.3875952380952381,6,0.32016666666666665,4,0.2839047619047619,1,0.008333333333333333,3,0.0,8,54.0
6,7,0,False,0,0.5015000000000001,7,0.3985,1,0.09,2,0.01,3,0.0,2,97.0
6,0,6,False,6,0.6451774891774892,7,0.3048225108225108,1,0.05,0,0.0,3,0.0,4,88.0
6,0,0,True,0,0.3826856199356201,4,0.36826756576756553,5,0.1341244311244311,6,0.11492238317238312,3,0.0,1,62.0
6,1,5,False,5,0.34759158717361366,6,0.21367842436724518,1,0.1477396269021655,7,0.0815251661094473,0,0.081245146750245,3,19.0
6,1,6,False,6,0.25256276566570673,1,0.19467776504541198,5,0.1886198768551709,0,0.17601853701853692,8,0.09646740432769839,2,23.0
6,0,0,True,0,0.61,2,0.36,8,0.02,1,0.005,6,0.0025,1,56.0
6,0,1,False,1,0.88,0,0.11,7,0.01,2,0.0,3,0.0,2,113.3
6,0,6,False,6,0.5037380952380953,0,0.48792857142857143,2,0.008333333333333333,1,0.0,3,0.0,2,29.8
6,0,1,False,1,0.88,0,0.06716666666666667,5,0.0395,2,0.013333333333333334,3,0.0,2,38.1
6,0,2,False,2,0.35381398829928207,5,0.28200424004100455,7,0.17853371709989357,0,0.09535272080860312,3,0.09029533375121607,4,5.0
6,0,2,False,2,0.35381398829928207,5,0.28200424004100455,7,0.17853371709989357,0,0.09535272080860312,3,0.09029533375121607,4,5.0
6,6,6,True,6,0.8244437229437228,1,0.17222294372294375,5,0.0016666666666666666,0,0.0016666666666666666,3,0.0,1,10.6
6,5,6,False,6,0.9130995670995672,2,0.05371428571428572,1,0.024095238095238093,5,0.004545454545454545,7,0.0036363636363636364,4,8.1
6,6,6,True,6,0.3282460317460317,2,0.3200198412698412,3,0.3110595238095237,5,0.022984126984126982,4,0.01769047619047619,1,5.5
6,4,1,False,1,0.93,4,0.07,2,0.0,0,0.0,3,0.0,2,56.6
6,5,0,False,0,0.9031587301587299,7,0.09684126984126981,2,0.0,1,0.0,3,0.0,7,7.6
6,6,6,True,6,0.6158333333333332,1,0.3766666666666667,0,0.00375,3,0.0025,7,0.00125,1,13.1
6,6,1,False,1,0.55,2,0.35,6,0.1,0,0.0,3,0.0,3,81.9
6,4,2,False,2,0.3875952380952381,6,0.32016666666666665,4,0.2839047619047619,1,0.008333333333333333,3,0.0,3,54.0
6,6,6,True,6,0.5595000000000001,1,0.4404999999999999,2,0.0,0,0.0,3,0.0,1,10.3
6,6,2,False,2,0.5091666666666667,0,0.48083333333333333,6,0.01,1,0.0,3,0.0,3,45.4
6,1,2,False,2,0.5863095238095238,1,0.4136904761904762,0,0.0,3,0.0,4,0.0,2,68.2
6,1,0,False,0,0.6914303751803752,6,0.29659992784992784,2,0.00894949494949495,5,0.0030202020202020202,3,0.0,6,11.5
6,6,2,False,2,0.94,5,0.028333333333333332,1,0.024166666666666666,0,0.0075,3,0.0,7,8.8
6,4,1,False,1,0.622142857142857,0,0.3178571428571428,2,0.056666666666666664,7,0.003333333333333333,3,0.0,6,34.4
6,0,2,False,2,0.6655079365079365,3,0.1849682539682539,4,0.13952380952380952,0,0.01,1,0.0,4,23.5
6,4,0,False,0,0.7520311355311357,2,0.19128815628815624,1,0.056680708180708195,3,0.0,4,0.0,5,36.5
6,4,0,False,0,0.63,2,0.195,6,0.08883333333333333,1,0.044333333333333336,7,0.041833333333333333,8,35.5
6,6,6,True,6,0.4366641414141415,1,0.28754184704184704,0,0.2757940115440114,2,0.0,3,0.0,1,57.0
6,5,2,False,2,0.6085725937246186,5,0.1444485547422202,7,0.1434939803981425,1,0.07955583933931241,3,0.012284522117580347,2,0.0
6,7,2,False,2,0.7534523809523809,1,0.16011904761904763,0,0.08642857142857144,3,0.0,4,0.0,8,51.5
6,7,2,False,2,0.54,7,0.09746825396825397,1,0.09227489177489176,5,0.0916082251082251,6,0.09056818181818181,2,16.5
6,4,2,False,2,0.8,0,0.12,7,0.044333333333333336,6,0.035666666666666666,3,0.0,8,44.5
6,7,0,False,0,0.67,2,0.23,1,0.09,7,0.01,3,0.0,4,65.4
6,5,0,False,0,0.5802261904761903,1,0.38977380952380947,2,0.022000000000000002,6,0.008,3,0.0,7,4.5
6,7,0,False,0,0.5812499999999999,6,0.41375,2,0.005,1,0.0,3,0.0,8,43.7
6,4,0,False,0,0.685,1,0.14933333333333332,2,0.149,7,0.01,6,0.006666666666666666,8,52.5
6,7,1,False,1,0.92,2,0.03583333333333333,5,0.034166666666666665,6,0.005,7,0.0025,5,78.6
6,7,6,False,6,0.25256276566570673,1,0.19467776504541198,5,0.1886198768551709,0,0.17601853701853692,8,0.09646740432769839,9,23.0
6,4,0,False,0,0.3653664162634749,1,0.26036942469295404,7,0.2398533672210143,4,0.13441079182255647,3,0.0,4,72.1
6,1,6,False,6,0.4545667388167388,4,0.28183658008658,1,0.263596681096681,0,0.0,3,0.0,3,49.1
6,1,2,False,2,0.65,1,0.18125,7,0.10558333333333332,6,0.056916666666666664,4,0.005,2,75.4
6,1,6,False,6,0.47008333333333335,0,0.4038333333333333,1,0.052750000000000005,2,0.04133333333333334,7,0.032,3,51.2
6,1,0,False,0,0.6812142857142858,1,0.1699285714285714,6,0.14885714285714285,2,0.0,3,0.0,2,121.5
6,0,2,False,2,0.5911904761904763,0,0.4088095238095238,1,0.0,3,0.0,4,0.0,2,20.2
6,1,1,True,1,0.6884523809523809,6,0.1726349206349206,0,0.12391269841269842,4,0.01,2,0.005,1,56.9
6,0,2,False,2,0.6571309523809523,5,0.32786904761904756,6,0.015,0,0.0,3,0.0,4,13.7
6,0,2,False,2,0.7627857142857141,0,0.23554761904761898,7,0.0016666666666666666,1,0.0,3,0.0,2,2.5
6,1,2,False,2,0.7140833333333333,1,0.28258333333333335,0,0.003333333333333333,3,0.0,4,0.0,2,39.2
6,0,0,True,0,0.5053333333333333,6,0.47050000000000003,2,0.024166666666666666,1,0.0,3,0.0,1,49.4
6,1,2,False,2,0.7933333333333334,4,0.17,1,0.026666666666666665,0,0.01,3,0.0,3,22.8
6,0,0,True,0,0.6880007215007212,5,0.31199927849927844,2,0.0,1,0.0,3,0.0,1,7.9
6,6,6,True,6,0.7242857142857143,2,0.26,4,0.01,1,0.005714285714285714,3,0.0,1,47.2
6,8,0,False,0,0.9031587301587299,7,0.09684126984126981,2,0.0,1,0.0,3,0.0,9,7.6
6,5,5,True,5,0.9833333333333334,0,0.016666666666666666,2,0.0,1,0.0,3,0.0,1,16.8
6,6,6,True,6,0.4366641414141415,1,0.28754184704184704,0,0.2757940115440114,2,0.0,3,0.0,1,57.0
6,6,2,False,2,0.6505396825396825,6,0.3344603174603174,0,0.015,1,0.0,3,0.0,2,30.9
6,6,2,False,2,0.8413098845598848,4,0.05893795093795094,0,0.05076370851370851,6,0.027150793650793648,1,0.021837662337662333,4,34.2
6,6,6,True,6,0.2549404761904761,1,0.25229365079365074,0,0.2511309523809523,2,0.24163492063492056,3,0.0,1,13.3
6,0,2,False,2,0.54,0,0.2901202963702964,6,0.08982922632922634,7,0.08005047730047732,3,0.0,2,27.1
6,6,0,False,0,0.7037857142857142,1,0.17,2,0.043190476190476196,4,0.041904761904761896,6,0.041119047619047625,5,63.3
6,6,6,True,6,0.2549404761904761,1,0.25229365079365074,0,0.2511309523809523,2,0.24163492063492056,3,0.0,1,13.3
6,8,6,False,6,0.6372072510822508,1,0.20386580086580078,2,0.15892694805194799,0,0.0,3,0.0,9,5.6
6,6,6,True,6,0.9433333333333332,1,0.04666666666666666,2,0.005,0,0.005,3,0.0,1,13.2
6,8,0,False,0,0.9031587301587299,7,0.09684126984126981,2,0.0,1,0.0,3,0.0,9,7.6
6,6,5,False,5,0.36831915306915297,0,0.27183146020646004,6,0.12507158119658113,7,0.12307473082473079,1,0.11170307470307467,3,11.0
6,1,5,False,5,0.2884325396825396,4,0.25878571428571423,6,0.22935714285714276,0,0.2134246031746031,3,0.01,6,18.4
6,5,2,False,2,0.8151666666666665,0,0.18483333333333335,1,0.0,3,0.0,4,0.0,6,27.5
6,6,2,False,2,0.63,1,0.15221231219760634,6,0.08633713182242594,4,0.047257278669043376,0,0.0422810881928529,3,32.1
6,5,2,False,2,0.7858333333333334,1,0.18416666666666665,6,0.03,0,0.0,3,0.0,7,64.4
6,5,5,True,5,0.8108928571428571,6,0.1891071428571428,0,0.0,1,0.0,3,0.0,1,17.1
6,7,6,False,6,0.283783189033189,5,0.2734354256854255,1,0.24442243867243854,2,0.1983589466089465,3,0.0,8,30.2
6,6,7,False,7,0.3632670368846839,4,0.25611934715611173,6,0.2424319895790484,2,0.13818162638015577,3,0.0,3,16.0
6,7,4,False,4,0.67,0,0.09591589619530795,6,0.09532225943990648,2,0.06671266641854877,1,0.050618017603311714,9,39.9
6,7,2,False,2,0.6225,8,0.23,1,0.14166666666666666,6,0.005833333333333333,3,0.0,9,38.5
6,7,2,False,2,0.6085725937246186,5,0.1444485547422202,7,0.1434939803981425,1,0.07955583933931241,3,0.012284522117580347,3,0.0
6,6,2,False,2,0.36478571428571427,7,0.3489999999999999,0,0.28621428571428564,1,0.0,3,0.0,8,33.4
6,1,0,False,0,0.34171475746475727,1,0.3333175158175157,2,0.2919523809523809,6,0.013349067599067599,5,0.011746503496503498,2,47.9
6,1,2,False,2,0.7335833333333333,0,0.14583333333333334,4,0.10391666666666667,6,0.016666666666666666,3,0.0,6,55.4
6,1,0,False,0,0.3368809523809524,6,0.3230873015873016,1,0.300031746031746,7,0.04,3,0.0,3,59.2
6,1,2,False,2,0.6288809523809524,0,0.3504523809523809,1,0.020666666666666663,3,0.0,4,0.0,3,15.5
6,0,6,False,6,0.5938333333333333,3,0.28,2,0.09583333333333334,1,0.030333333333333334,0,0.0,5,62.6
6,1,2,False,2,0.47814321789321795,6,0.3973214285714285,4,0.06315331890331889,7,0.031286075036075035,1,0.030095959595959596,5,26.1
6,0,0,True,0,0.89,6,0.11,2,0.0,1,0.0,3,0.0,1,7.3
6,1,1,True,1,0.5034761904761905,6,0.4129523809523809,2,0.06464285714285714,0,0.018928571428571427,3,0.0,1,47.4
6,1,2,False,2,0.737952380952381,1,0.13102380952380954,0,0.13102380952380951,3,0.0,4,0.0,2,47.8
6,0,0,True,0,0.7876904761904759,2,0.21230952380952384,1,0.0,3,0.0,4,0.0,1,61.5
6,2,2,True,2,0.99,4,0.006666666666666666,0,0.003333333333333333,1,0.0,3,0.0,1,68.7
6,0,2,False,2,0.6085725937246186,5,0.1444485547422202,7,0.1434939803981425,1,0.07955583933931241,3,0.012284522117580347,7,0.0
6,2,2,True,2,0.6085725937246186,5,0.1444485547422202,7,0.1434939803981425,1,0.07955583933931241,3,0.012284522117580347,1,0.0
6,2,2,True,2,0.3337579365079366,1,0.3183055555555554,8,0.30326984126984124,5,0.03,4,0.008333333333333333,1,25.7
6,1,6,False,6,0.4426904548839534,5,0.19626593908327655,1,0.1612996935554985,7,0.10743485006565498,4,0.09230906241161656,3,14.0
6,2,2,True,2,0.9,6,0.05733333333333333,1,0.042666666666666665,0,0.0,3,0.0,1,35.0
6,2,2,True,2,0.697142857142857,1,0.28892857142857137,7,0.013928571428571427,0,0.0,3,0.0,1,24.9
6,2,2,True,2,0.7123333333333332,0,0.18,1,0.09266666666666666,7,0.0125,6,0.0025,1,35.4
6,2,7,False,7,0.730909090909091,6,0.19363636363636363,1,0.04954545454545454,2,0.02590909090909091,3,0.0,4,28.2
6,2,0,False,0,0.69,2,0.255,4,0.05500000000000001,1,0.0,3,0.0,2,22.6
6,2,1,False,1,0.48449999999999993,0,0.4396666666666667,3,0.0725,2,0.003333333333333333,4,0.0,4,32.7
6,2,2,True,2,0.6796666666666665,6,0.32033333333333325,1,0.0,0,0.0,3,0.0,1,20.9
6,2,2,True,2,0.54,6,0.2798333333333333,1,0.15316666666666667,4,0.023,0,0.004,1,62.3
6,2,2,True,2,0.86,0,0.073,1,0.044000000000000004,7,0.015,4,0.006999999999999999,1,94.5
6,2,0,False,0,0.3491428571428571,2,0.34461904761904755,6,0.2979047619047619,7,0.006666666666666666,1,0.0016666666666666666,2,49.9
6,2,2,True,2,0.8654112554112555,4,0.0706439393939394,1,0.06394480519480521,0,0.0,3,0.0,1,33.2
6,0,5,False,5,0.5041666666666667,2,0.43833333333333335,0,0.0475,1,0.005,6,0.005,3,32.3
6,2,1,False,1,0.3781096403596404,6,0.3600163170163169,2,0.1457277999777999,7,0.11614624264624261,3,0.0,3,28.0
6,2,1,False,1,0.5293809523809524,0,0.44061904761904747,2,0.025,6,0.005,3,0.0,3,30.4
6,2,2,True,2,0.8654112554112555,4,0.0706439393939394,1,0.06394480519480521,0,0.0,3,0.0,1,33.2
6,2,0,False,0,0.49386779886779875,6,0.42583333333333345,1,0.04928049728049728,4,0.016571178821178822,7,0.014447191697191697,6,66.9
6,1,2,False,2,0.40007936507936503,0,0.3129841269841269,7,0.284079365079365,6,0.002857142857142857,3,0.0,6,31.8
6,2,2,True,2,0.6544999999999999,1,0.29,6,0.04416666666666667,3,0.006,0,0.005333333333333333,1,37.7
6,2,1,False,1,0.4638333333333334,2,0.39616666666666667,4,0.06952380952380953,0,0.04611904761904762,6,0.02435714285714286,2,81.2
6,2,1,False,1,0.66,2,0.13049999999999998,4,0.1215,7,0.08800000000000001,3,0.0,2,106.5
6,2,4,False,4,0.57,1,0.4,0,0.02,2,0.01,3,0.0,4,120.2
6,2,5,False,5,0.7770634920634921,2,0.14959126984126983,7,0.0733452380952381,0,0.0,3,0.0,2,8.7
6,2,2,True,2,0.6312857142857143,4,0.32871428571428574,1,0.04,0,0.0,3,0.0,1,51.8
6,1,8,False,8,0.59,6,0.17624010793128442,7,0.07371894445423856,0,0.07009816000992469,2,0.04570689441277676,6,51.1
6,2,2,True,2,0.9958333333333335,7,0.004166666666666667,1,0.0,0,0.0,3,0.0,1,2.3
6,6,0,False,0,0.47011446886446895,1,0.4065705128205128,5,0.06505494505494505,7,0.045503663003663014,6,0.007957875457875458,5,5.8
6,0,0,True,0,0.5902261904761903,1,0.37977380952380946,2,0.0195,6,0.0105,3,0.0,1,4.6
6,2,2,True,2,0.9808571428571429,3,0.010285714285714285,0,0.008857142857142857,1,0.0,4,0.0,1,37.3
6,0,2,False,2,0.6811666666666666,0,0.27,6,0.04883333333333334,1,0.0,3,0.0,2,22.5
6,2,7,False,7,0.3421547619047618,1,0.333047619047619,6,0.2847976190476189,2,0.04,3,0.0,4,55.7
6,1,0,False,0,0.6349404761904762,2,0.3485515873015872,6,0.016507936507936506,1,0.0,3,0.0,4,4.8
6,0,0,True,0,0.515154761904762,2,0.24827380952380954,5,0.23457142857142851,7,0.002,3,0.0,1,5.1
6,1,2,False,2,0.5061666666666668,6,0.45383333333333326,0,0.017797619047619048,1,0.014345238095238093,7,0.005357142857142857,4,67.2
6,2,5,False,5,0.49367857142857136,6,0.27077380952380947,1,0.21888095238095231,2,0.016666666666666666,3,0.0,4,18.7
6,2,4,False,4,0.67,0,0.09591589619530795,6,0.09532225943990648,2,0.06671266641854877,1,0.050618017603311714,4,39.9
6,2,1,False,1,0.5601666666666667,6,0.39983333333333343,4,0.04,0,0.0,3,0.0,6,48.2
6,1,5,False,5,0.72,1,0.19376190476190472,6,0.07452380952380953,2,0.011714285714285712,3,0.0,2,8.3
6,2,2,True,2,0.9311666666666666,7,0.029500000000000002,0,0.029333333333333336,1,0.006666666666666666,6,0.003333333333333333,1,41.6
6,0,6,False,6,0.3881856476856478,2,0.26633993783993776,7,0.2363300033300032,4,0.10914441114441109,3,0.0,7,45.0
6,2,2,True,2,0.6495476190476189,0,0.34045238095238095,6,0.01,1,0.0,3,0.0,1,30.8
6,2,1,False,1,0.62,6,0.13964499389499388,2,0.10215651015651014,7,0.0924517427017427,4,0.04574675324675325,3,45.1
6,1,4,False,4,0.69,0,0.07566322566322567,6,0.07428002553002552,1,0.06741910866910866,5,0.05194683094683097,4,48.1
6,1,2,False,2,0.6085725937246186,5,0.1444485547422202,7,0.1434939803981425,1,0.07955583933931241,3,0.012284522117580347,4,0.0
6,2,2,True,2,0.6085725937246186,5,0.1444485547422202,7,0.1434939803981425,1,0.07955583933931241,3,0.012284522117580347,1,0.0
6,2,2,True,2,0.6085725937246186,5,0.1444485547422202,7,0.1434939803981425,1,0.07955583933931241,3,0.012284522117580347,1,0.0
6,2,0,False,0,0.2696074693280574,6,0.26862967506349844,2,0.1959844730432965,1,0.17689173081820134,8,0.08888665174694582,3,40.0
6,3,6,False,6,0.6158333333333332,1,0.3766666666666667,0,0.00375,3,0.0025,7,0.00125,4,13.1
6,0,2,False,2,0.7164285714285712,1,0.28357142857142853,0,0.0,3,0.0,4,0.0,3,24.8
6,2,2,True,2,0.94,5,0.028333333333333332,1,0.024166666666666666,0,0.0075,3,0.0,1,8.8
6,0,1,False,1,0.93,7,0.07,2,0.0,0,0.0,3,0.0,4,131.7
6,2,2,True,2,0.815,1,0.10316666666666668,7,0.06683333333333333,6,0.015,3,0.0,1,29.2
6,2,2,True,2,0.7316388888888891,5,0.17039285714285712,4,0.09796825396825398,0,0.0,3,0.0,1,5.3
6,1,1,True,1,0.5144761904761903,0,0.39552380952380956,6,0.07666666666666667,4,0.01,7,0.003333333333333333,1,79.4
6,1,1,True,1,0.7351608946608945,4,0.2548391053391053,0,0.01,2,0.0,3,0.0,1,90.3
6,2,0,False,0,0.9787380952380951,2,0.021261904761904763,1,0.0,3,0.0,4,0.0,2,3.2
6,1,1,True,1,0.6667619047619047,4,0.1215,2,0.11554761904761905,7,0.09142857142857143,6,0.003333333333333333,1,106.2
6,1,2,False,2,0.68,1,0.28,4,0.04,0,0.0,3,0.0,2,118.8
6,1,2,False,2,0.65,1,0.33,0,0.008333333333333333,7,0.008333333333333333,6,0.003333333333333333,2,71.5
6,1,2,False,2,0.48990331890331895,0,0.2798376623376623,6,0.22442568542568536,1,0.003333333333333333,7,0.0025,4,20.5
6,1,5,False,5,0.2361727716727716,1,0.22520848595848586,0,0.20453510378510373,4,0.1765418192918192,7,0.1575418192918192,2,30.1
6,2,1,False,1,0.61,2,0.22504761904761905,0,0.08545238095238095,3,0.0795,4,0.0,2,37.6
6,1,0,False,0,0.5701666666666666,6,0.4245000000000001,2,0.005333333333333333,1,0.0,3,0.0,4,49.5
6,1,1,True,1,0.2380797258297257,2,0.22118686868686846,0,0.19686688311688305,6,0.17966378066378055,7,0.16220274170274165,1,105.5
6,3,2,False,2,0.83,7,0.08258730158730158,6,0.03696825396825397,0,0.02623015873015873,3,0.024214285714285712,5,68.1
6,2,2,True,2,0.6085725937246186,5,0.1444485547422202,7,0.1434939803981425,1,0.07955583933931241,3,0.012284522117580347,1,0.0
6,1,7,False,7,0.40176587301587297,0,0.23574603174603173,6,0.18911111111111104,1,0.17337698412698407,3,0.0,4,40.3
6,0,7,False,7,0.566578627255098,5,0.17984353146853138,0,0.08965245293921767,6,0.08540963203463203,2,0.07851575630252099,3,7.0
6,1,1,True,1,0.622,0,0.18633333333333332,2,0.14966666666666667,6,0.042,3,0.0,1,60.6
6,1,0,False,0,0.4582142857142857,2,0.2906388888888888,5,0.2511468253968253,1,0.0,3,0.0,4,17.8
6,2,4,False,4,0.6,2,0.38,6,0.01,1,0.01,3,0.0,2,99.9
6,2,4,False,4,0.40870745186186347,7,0.20622088450764903,0,0.19537745261274664,8,0.10135544847309552,6,0.08833876254464489,8,52.9
6,2,4,False,4,0.7274841269841269,1,0.262515873015873,0,0.01,2,0.0,3,0.0,4,89.7
6,2,2,True,2,0.5503333333333333,4,0.38416666666666677,1,0.0655,0,0.0,3,0.0,1,26.6
6,2,4,False,4,0.33333333333333326,2,0.31971428571428573,1,0.30266666666666653,6,0.04428571428571429,3,0.0,2,47.0
6,2,5,False,5,0.6068333333333334,6,0.34133333333333327,4,0.027333333333333334,0,0.0245,3,0.0,6,18.2
6,2,2,True,2,0.6085725937246186,5,0.1444485547422202,7,0.1434939803981425,1,0.07955583933931241,3,0.012284522117580347,1,0.0
6,2,2,True,2,0.6085725937246186,5,0.1444485547422202,7,0.1434939803981425,1,0.07955583933931241,3,0.012284522117580347,1,0.0
6,2,2,True,2,0.6085725937246186,5,0.1444485547422202,7,0.1434939803981425,1,0.07955583933931241,3,0.012284522117580347,1,0.0
6,2,4,False,4,0.40870745186186347,7,0.20622088450764903,0,0.19537745261274664,8,0.10135544847309552,6,0.08833876254464489,8,52.9
6,2,2,True,2,0.65,1,0.33,0,0.008333333333333333,7,0.008333333333333333,6,0.003333333333333333,1,71.5
6,2,0,False,0,0.34171475746475727,1,0.3333175158175157,2,0.2919523809523809,6,0.013349067599067599,5,0.011746503496503498,3,47.9
6,2,2,True,2,0.94,7,0.04,0,0.02,1,0.0,3,0.0,1,3.4
6,0,6,False,6,0.5110833333333332,2,0.2577182539682539,0,0.23119841269841268,1,0.0,3,0.0,3,4.7
6,1,5,False,5,0.448004329004329,2,0.3568279220779219,7,0.19516774891774882,0,0.0,3,0.0,6,8.6
6,2,2,True,2,0.6466666666666666,1,0.24685714285714286,0,0.10314285714285713,7,0.003333333333333333,3,0.0,1,34.5
6,7,2,False,2,0.9966666666666667,1,0.0022222222222222222,3,0.0011111111111111111,0,0.0,4,0.0,8,2.2
6,2,2,True,2,0.6085725937246186,5,0.1444485547422202,7,0.1434939803981425,1,0.07955583933931241,3,0.012284522117580347,1,0.0
6,3,2,False,2,0.6085725937246186,5,0.1444485547422202,7,0.1434939803981425,1,0.07955583933931241,3,0.012284522117580347,5,0.0
6,2,1,False,1,0.64,2,0.35200000000000004,4,0.006,6,0.002,3,0.0,2,43.3
6,2,2,True,2,0.6085725937246186,5,0.1444485547422202,7,0.1434939803981425,1,0.07955583933931241,3,0.012284522117580347,1,0.0
6,2,2,True,2,0.8398333333333337,1,0.16016666666666668,0,0.0,3,0.0,4,0.0,1,46.5
6,2,2,True,2,0.5229285714285715,1,0.39716666666666667,4,0.030619047619047615,0,0.029666666666666664,6,0.01961904761904762,1,62.9
6,2,6,False,6,0.3342857142857143,3,0.3106190476190475,0,0.2975952380952382,5,0.0425,1,0.015,6,16.3
7,0,5,False,5,0.4219411764705881,4,0.2844665138782785,7,0.15657913165266102,2,0.137013177998472,3,0.0,7,21.0
7,6,0,False,0,0.4529057192807195,4,0.31457393994893984,5,0.11671724109224108,1,0.11580309967809967,3,0.0,7,62.0
7,6,2,False,2,0.608676941086827,5,0.14347134279340143,7,0.14178712873584434,1,0.07255335894821316,3,0.020162791979373568,8,0.0
7,5,1,False,1,0.34861427461427463,0,0.23728685203685201,5,0.21764319014319006,7,0.19645568320568313,3,0.0,3,24.0
7,7,7,True,7,0.2630396825396824,2,0.2605079365079364,1,0.25049999999999994,4,0.2259523809523809,3,0.0,1,85.0
7,6,0,False,0,0.3335010822510822,2,0.3257316017316017,7,0.310767316017316,1,0.02,4,0.01,8,105.0
7,7,1,False,1,0.6266904761904761,0,0.35997619047619045,4,0.013333333333333332,2,0.0,3,0.0,8,73.0
7,4,6,False,6,0.3903700327450326,1,0.2744177072927072,5,0.26897295759795753,7,0.06623930236430234,3,0.0,8,14.0
7,4,6,False,6,0.5009642857142858,7,0.2827499999999999,1,0.20628571428571432,2,0.01,3,0.0,8,80.0
7,6,1,False,1,0.31596002608502605,6,0.24777519702519687,7,0.22980864968364956,2,0.20645612720612713,3,0.0,2,28.0
7,7,0,False,0,0.48800613275613286,7,0.24471139971139966,6,0.22728246753246745,2,0.0375,1,0.0025,2,55.0
7,7,4,False,4,0.40656204906204896,6,0.22772294372294372,1,0.218520202020202,2,0.1471948051948052,3,0.0,8,26.0
7,0,2,False,2,0.4303333333333334,1,0.42966666666666664,7,0.14,0,0.0,3,0.0,4,110.0
7,1,6,False,6,0.28811471535000943,1,0.27547096204449134,0,0.1570935437111907,4,0.14002659268835735,7,0.13929418620595088,2,32.0
7,0,1,False,1,0.29502150627150614,0,0.27637123987123974,7,0.27590997890997876,4,0.15269727494727492,3,0.0,2,72.0
7,0,0,True,0,0.6285833333333332,6,0.3214166666666666,2,0.045,1,0.005,3,0.0,1,37.0
7,1,4,False,4,0.66,0,0.19,2,0.15,1,0.0,3,0.0,4,99.0
7,1,1,True,1,0.49261904761904757,4,0.37738095238095243,2,0.13,0,0.0,3,0.0,1,90.0
7,1,1,True,1,0.2885371572871571,0,0.26041341991341976,6,0.2536439393939395,4,0.1974054834054834,3,0.0,1,95.0
7,1,5,False,5,0.284038703599462,6,0.2607817447860017,7,0.18539246490523575,3,0.17461317002570861,0,0.09517391668359154,6,10.0
7,1,1,True,1,0.3952619047619047,4,0.22708080808080805,6,0.212556277056277,2,0.16176767676767675,8,0.003333333333333333,1,36.0
7,0,4,False,4,0.3890656565656564,1,0.22884632034632038,5,0.19915512265512259,6,0.18293290043290042,3,0.0,7,33.0
7,0,4,False,4,0.899,2,0.0725,6,0.0285,0,0.0,3,0.0,4,43.0
7,1,1,True,1,0.2885371572871571,0,0.26041341991341976,6,0.2536439393939395,4,0.1974054834054834,3,0.0,1,95.0
7,0,0,True,0,0.4529166666666664,6,0.318845238095238,7,0.22823809523809516,1,0.0,3,0.0,1,27.0
7,3,1,False,1,0.36851984126984144,6,0.22773412698412693,4,0.2047499999999999,0,0.18899603174603163,2,0.01,6,44.0
7,4,0,False,0,0.4896461316461314,1,0.3584229381729383,7,0.15193093018093018,2,0.0,3,0.0,6,67.0
7,5,5,True,5,0.7631330580247777,6,0.21971428571428564,2,0.012077413032827047,7,0.002693707566319031,1,0.0017883390494855464,1,1.0
7,5,1,False,1,0.2636718515384049,6,0.20531086676107865,7,0.1913902425796185,0,0.13260445435235108,3,0.07422736352279358,6,6.0
7,6,4,False,4,0.43700000000000006,0,0.423,1,0.07333333333333333,2,0.056666666666666664,7,0.01,8,81.0
7,5,5,True,5,0.46631825694197815,6,0.23309027697934342,7,0.15078717694638408,4,0.08217826231029553,0,0.06762602682199867,1,20.0
7,4,4,True,4,0.32787962037962026,0,0.23907145632145618,7,0.223859113109113,8,0.10587226662226659,6,0.10331754356754352,1,53.0
7,1,1,True,1,0.2885371572871571,0,0.26041341991341976,6,0.2536439393939395,4,0.1974054834054834,3,0.0,1,95.0
7,6,1,False,1,0.3966731601731601,7,0.38339357864357865,6,0.2199332611832611,0,0.0,3,0.0,3,70.0
7,6,5,False,5,0.3108403082182021,1,0.24039152349049353,6,0.19080690042335274,4,0.07278507329892106,2,0.07014087538969754,3,18.0
7,1,0,False,0,0.4896461316461314,1,0.3584229381729383,7,0.15193093018093018,2,0.0,3,0.0,2,67.0
7,4,4,True,4,0.40656204906204896,6,0.22772294372294372,1,0.218520202020202,2,0.1471948051948052,3,0.0,1,26.0
7,6,5,False,5,0.4474594890403712,7,0.19307323477176422,1,0.18890486147839083,2,0.08749717602658774,6,0.08306523868288572,5,17.0
7,4,6,False,6,0.5009642857142858,7,0.2827499999999999,1,0.20628571428571432,2,0.01,3,0.0,8,80.0
7,5,0,False,0,0.37894445831945844,7,0.2115751332001331,2,0.16601913364413362,3,0.1242162837162837,1,0.11924499111999115,7,15.0
7,7,6,False,6,0.33105852480852477,0,0.3287229159729158,1,0.17721328671328662,4,0.16300527250527247,3,0.0,8,76.0
7,4,0,False,0,0.3560464812964812,6,0.3407657342657342,1,0.15375924075924066,2,0.1494285436785437,3,0.0,6,61.0
7,7,6,False,6,0.642095238095238,1,0.3079047619047618,2,0.05,0,0.0,3,0.0,8,86.0
7,7,0,False,0,0.35502791652791643,5,0.25098956598956595,2,0.20414277389277388,7,0.10438367188367183,3,0.0854560717060717,4,2.0
7,7,5,False,5,0.7631330580247777,6,0.21971428571428564,2,0.012077413032827047,7,0.002693707566319031,1,0.0017883390494855464,4,1.0
7,4,5,False,5,0.3767639717643149,6,0.23161064321516256,1,0.20515989911473478,2,0.07216920790767539,0,0.06464208808720183,8,19.0
7,7,5,False,5,0.8141017316017313,7,0.1692316017316017,1,0.016666666666666666,0,0.0,3,0.0,2,9.0
7,4,6,False,6,0.4516225718725718,7,0.33484980297480293,2,0.11481447718947711,4,0.09871314796314794,3,0.0,4,16.0
7,7,0,False,0,0.2828328592631997,5,0.2745236409187645,2,0.25520316993807696,3,0.10980719667329569,7,0.07763313320666261,5,5.0
7,6,6,True,6,0.5567896825396825,1,0.23232539682539674,0,0.2108849206349206,2,0.0,3,0.0,1,57.0
7,1,1,True,1,0.4338333333333331,4,0.19390476190476197,8,0.18451190476190477,5,0.17816666666666658,7,0.007083333333333333,1,41.0
7,1,1,True,1,0.49261904761904757,4,0.37738095238095243,2,0.13,0,0.0,3,0.0,1,90.0
7,7,4,False,4,0.42226190476190484,6,0.2889523809523809,2,0.28878571428571415,0,0.0,3,0.0,8,107.0
7,1,0,False,0,0.444047619047619,6,0.395952380952381,1,0.16,2,0.0,3,0.0,3,122.0
7,0,6,False,6,0.23025541125541124,7,0.21772474747474735,4,0.19736255411255402,1,0.18784307359307362,2,0.16681421356421353,6,63.0
7,0,6,False,6,0.668595238095238,1,0.2624285714285714,4,0.032214285714285716,7,0.02151190476190476,2,0.015250000000000001,6,63.3
7,0,4,False,4,0.7,2,0.2,1,0.05050000000000001,7,0.03083333333333333,6,0.018666666666666668,6,35.5
7,0,6,False,6,0.3014991952491951,1,0.28539110889110875,5,0.15308355533355533,7,0.13719008769008764,0,0.12283605283605287,5,48.0
7,0,6,False,6,0.57,2,0.2576904761904762,0,0.10402380952380952,1,0.06828571428571428,3,0.0,3,42.8
7,6,2,False,2,0.985,5,0.015,1,0.0,0,0.0,3,0.0,7,34.8
7,6,6,True,6,0.34485178710178715,4,0.328131646131646,7,0.17359570984570982,0,0.15342085692085689,3,0.0,1,79.2
7,0,0,True,0,0.9125000000000001,2,0.0495,4,0.038000000000000006,1,0.0,3,0.0,1,53.5
7,4,4,True,4,0.6714285714285714,1,0.3285714285714286,2,0.0,0,0.0,3,0.0,1,56.5
7,6,6,True,6,0.3967985347985347,0,0.21441086691086697,5,0.1947930402930403,2,0.193997557997558,3,0.0,1,10.7
7,6,1,False,1,0.8303333333333335,5,0.14416666666666667,2,0.014499999999999999,0,0.011000000000000001,3,0.0,7,15.6
7,6,6,True,6,0.79735101010101,3,0.10349711399711399,1,0.08915187590187591,2,0.006000000000000001,0,0.004,1,13.2
7,6,1,False,1,0.5295714285714286,6,0.2423809523809523,7,0.2216839826839826,0,0.0036363636363636364,4,0.002727272727272727,2,53.1
7,6,6,True,6,0.4956071428571429,2,0.4496785714285714,3,0.04,1,0.009357142857142857,5,0.005357142857142857,1,18.6
7,6,4,False,4,0.34110714285714283,0,0.30511904761904757,6,0.29377380952380944,5,0.05,1,0.01,3,64.2
7,0,0,True,0,0.28767568542568533,5,0.27003643578643577,1,0.23304040404040396,2,0.2072474747474747,6,0.002,1,17.8
7,5,1,False,1,0.41794336219336226,2,0.36488816738816743,0,0.21716847041847026,3,0.0,4,0.0,6,9.2
7,1,0,False,0,0.34614682539682534,2,0.29129761904761897,4,0.2743809523809523,6,0.07,1,0.007261904761904762,5,15.2
7,1,6,False,6,1.0,0,0.0,2,0.0,1,0.0,3,0.0,4,10.3
7,4,1,False,1,0.4644999999999999,7,0.4455000000000002,6,0.03166666666666666,2,0.03,0,0.028333333333333335,8,29.5
7,6,2,False,2,0.8003333333333333,0,0.15616666666666668,5,0.019333333333333334,4,0.014499999999999999,1,0.009666666666666665,7,22.3
7,5,0,False,0,0.2807463924963924,6,0.24010461760461752,2,0.23924350649350642,3,0.22990548340548334,5,0.005,5,16.2
7,5,2,False,2,0.608676941086827,5,0.14347134279340143,7,0.14178712873584434,1,0.07255335894821316,3,0.020162791979373568,2,0.0
7,5,5,True,5,0.9866666666666667,0,0.013333333333333332,2,0.0,1,0.0,3,0.0,1,16.8
7,5,2,False,2,0.39422458097458074,6,0.3862595737595738,7,0.20951584526584519,1,0.01,3,0.0,7,14.8
7,5,4,False,4,0.3300476190476191,6,0.31785714285714284,0,0.31626190476190463,5,0.020833333333333336,2,0.015,4,18.3
7,7,1,False,1,0.5571666666666666,6,0.4028333333333333,0,0.04,2,0.0,3,0.0,8,20.6
7,7,0,False,0,0.7364285714285715,5,0.10070798319327733,1,0.08754831932773109,2,0.07237394957983194,6,0.002352941176470588,6,17.9
7,7,1,False,1,0.6946327838827839,2,0.19,0,0.04372344322344323,5,0.042415750915750915,7,0.02922802197802198,5,24.3
7,4,1,False,1,0.7113116605616604,6,0.13322832722832723,5,0.06505494505494507,7,0.05059401709401709,0,0.03981105006105006,8,48.1
7,7,0,False,0,0.6613333333333332,6,0.33199999999999996,5,0.003333333333333333,1,0.003333333333333333,3,0.0,8,17.7
7,7,2,False,2,0.6654285714285715,1,0.2509090909090909,6,0.04295238095238095,0,0.03616450216450216,4,0.004545454545454545,8,66.5
7,0,2,False,2,0.6654285714285715,1,0.2509090909090909,6,0.04295238095238095,0,0.03616450216450216,4,0.004545454545454545,4,66.5
7,7,7,True,7,0.6773759851259848,2,0.16875174825174824,5,0.15387226662226658,0,0.0,3,0.0,1,65.1
7,0,2,False,2,0.7375681818181818,7,0.22143145743145742,5,0.041000360750360745,0,0.0,3,0.0,4,65.2
7,7,2,False,2,0.608676941086827,5,0.14347134279340143,7,0.14178712873584434,1,0.07255335894821316,3,0.020162791979373568,3,0.0
7,0,2,False,2,0.5654999999999999,6,0.4345000000000001,1,0.0,0,0.0,3,0.0,4,45.4
7,1,2,False,2,0.9329761904761905,0,0.035345238095238096,3,0.031678571428571424,1,0.0,4,0.0,4,37.6
7,1,2,False,2,0.4727380952380951,7,0.4162619047619049,1,0.10400000000000001,0,0.006999999999999999,3,0.0,3,51.6
7,0,4,False,4,0.8178809523809524,2,0.1596904761904762,0,0.02242857142857143,1,0.0,3,0.0,3,46.2
7,1,1,True,1,0.62,2,0.17933333333333334,7,0.14883333333333335,6,0.041833333333333333,8,0.01,1,38.6
7,0,2,False,2,0.43875,1,0.40125,5,0.07088214236743648,6,0.04017102015631427,7,0.03232557964910906,7,20.1
7,0,0,True,0,0.9639015151515151,7,0.015088383838383838,1,0.008484848484848484,2,0.005555555555555556,8,0.004242424242424242,1,3.1
7,5,5,True,5,1.0,0,0.0,2,0.0,1,0.0,3,0.0,1,16.9
7,8,2,False,2,0.45216666666666677,6,0.4371666666666666,0,0.07233333333333333,1,0.03833333333333333,3,0.0,9,50.3
7,5,2,False,2,0.37080555555555555,5,0.3085833333333332,1,0.29561111111111105,7,0.025,3,0.0,2,17.4
7,5,2,False,2,0.5973333333333333,0,0.25875,6,0.11516666666666665,1,0.017083333333333332,4,0.006666666666666666,8,32.2
7,2,2,True,2,0.509301587301587,0,0.245515873015873,1,0.2401825396825396,4,0.005,3,0.0,1,36.4
7,6,0,False,0,0.9449999999999998,6,0.049,2,0.006,1,0.0,3,0.0,2,29.8
7,6,2,False,2,0.35913888888888884,1,0.29561111111111105,5,0.2852499999999999,0,0.0375,6,0.0225,5,17.6
7,6,6,True,6,0.4956071428571429,2,0.4496785714285714,3,0.04,1,0.009357142857142857,5,0.005357142857142857,1,18.6
7,6,2,False,2,0.62,6,0.27471428571428574,1,0.1052857142857143,0,0.0,3,0.0,2,85.9
7,6,2,False,2,0.7864999999999999,1,0.19850000000000004,6,0.00625,0,0.005,3,0.0025,3,12.8
7,6,2,False,2,0.3291427053338818,0,0.28009875908405313,6,0.20548387968240905,8,0.11132088744588746,1,0.07395376845376847,3,40.0
7,6,6,True,6,0.79735101010101,3,0.10349711399711399,1,0.08915187590187591,2,0.006000000000000001,0,0.004,1,13.2
7,6,1,False,1,0.31596002608502605,6,0.24777519702519687,7,0.22980864968364956,2,0.20645612720612713,3,0.0,2,28.1
7,1,7,False,7,0.38340259740259747,4,0.22441341991341987,0,0.2051879509379509,6,0.1869960317460317,3,0.0,7,71.2
7,5,0,False,0,0.2828328592631997,5,0.2745236409187645,2,0.25520316993807696,3,0.10980719667329569,7,0.07763313320666261,2,5.0
7,6,0,False,0,0.96,6,0.018500000000000003,1,0.014499999999999999,2,0.006999999999999999,3,0.0,2,6.5
7,6,2,False,2,0.5274999999999999,1,0.4524999999999999,0,0.01,6,0.00425,3,0.0034999999999999996,4,12.9
7,6,2,False,2,0.6063928571428572,1,0.3336071428571428,6,0.03583333333333333,5,0.02416666666666667,3,0.0,3,8.2
7,5,1,False,1,0.8645,6,0.12749999999999997,2,0.008,0,0.0,3,0.0,7,8.3
7,5,2,False,2,0.6189963369963368,0,0.38100366300366306,1,0.0,3,0.0,4,0.0,6,2.9
7,8,6,False,6,0.348,1,0.3200714285714285,2,0.30192857142857144,0,0.03,3,0.0,9,6.7
7,5,2,False,2,0.608676941086827,5,0.14347134279340143,7,0.14178712873584434,1,0.07255335894821316,3,0.020162791979373568,2,0.0
7,8,2,False,2,0.37080555555555555,5,0.3085833333333332,1,0.29561111111111105,7,0.025,3,0.0,9,17.4
7,7,2,False,2,0.99,1,0.01,0,0.0,3,0.0,4,0.0,8,34.7
7,7,0,False,0,1.0,1,0.0,2,0.0,3,0.0,4,0.0,8,3.8
7,0,2,False,2,0.5915,6,0.39516666666666667,1,0.01,0,0.003333333333333333,3,0.0,4,20.4
7,7,2,False,2,0.608676941086827,5,0.14347134279340143,7,0.14178712873584434,1,0.07255335894821316,3,0.020162791979373568,3,0.0
7,6,6,True,6,0.57,2,0.325,0,0.1,1,0.005,3,0.0,1,53.7
7,0,2,False,2,0.3575000000000001,6,0.31916666666666665,0,0.31333333333333324,4,0.01,3,0.0,3,52.3
7,1,7,False,7,0.5078888888888888,1,0.26094047619047617,0,0.2311706349206348,2,0.0,3,0.0,2,91.0
7,1,0,False,0,0.69,1,0.29,7,0.02,2,0.0,3,0.0,2,113.4
7,1,0,False,0,0.6025,1,0.3175,7,0.08,2,0.0,3,0.0,2,132.0
7,1,2,False,2,0.985,5,0.015,1,0.0,0,0.0,3,0.0,3,34.8
7,0,0,True,0,0.5671190476190477,2,0.4328809523809523,1,0.0,3,0.0,4,0.0,1,3.2
7,2,2,True,2,0.608676941086827,5,0.14347134279340143,7,0.14178712873584434,1,0.07255335894821316,3,0.020162791979373568,1,0.0
7,2,2,True,2,0.6787005772005774,0,0.09620454545454546,6,0.09456457431457432,4,0.08780266955266955,1,0.042727633477633475,1,34.1
7,0,1,False,1,0.4578333333333333,2,0.4421666666666667,7,0.05122619047619049,0,0.03594047619047619,8,0.012833333333333332,4,11.8
7,2,0,False,0,0.9639015151515151,7,0.015088383838383838,1,0.008484848484848484,2,0.005555555555555556,8,0.004242424242424242,4,3.1
7,0,2,False,2,0.6189963369963368,0,0.38100366300366306,1,0.0,3,0.0,4,0.0,2,2.9
7,1,7,False,7,0.6773759851259848,2,0.16875174825174824,5,0.15387226662226658,0,0.0,3,0.0,6,65.0
7,2,1,False,1,0.62,2,0.38,0,0.0,3,0.0,4,0.0,2,24.4
7,2,2,True,2,0.6323095238095237,4,0.3290714285714285,1,0.019619047619047616,6,0.016142857142857143,5,0.002857142857142857,1,33.1
7,2,2,True,2,0.995,0,0.005,1,0.0,3,0.0,4,0.0,1,24.6
7,2,2,True,2,0.641376984126984,6,0.3286230158730158,8,0.011111111111111112,5,0.010555555555555556,0,0.008333333333333333,1,7.7
7,0,6,False,6,0.3566666666666667,4,0.3221666666666667,5,0.3115833333333332,7,0.006666666666666666,2,0.0029166666666666664,7,16.1
7,2,7,False,7,0.3678690476190476,1,0.3289880952380952,6,0.278142857142857,0,0.015,2,0.01,5,51.3
7,1,0,False,0,0.4775555555555555,1,0.46399999999999997,7,0.022444444444444444,4,0.018000000000000002,6,0.018,2,79.4
7,2,5,False,5,0.54,0,0.12666666666666665,2,0.12063492063492065,1,0.11894444444444446,7,0.09375396825396827,3,31.9
7,2,2,True,2,0.608676941086827,5,0.14347134279340143,7,0.14178712873584434,1,0.07255335894821316,3,0.020162791979373568,1,0.0
7,0,2,False,2,0.6045000000000001,1,0.3555,6,0.04,0,0.0,3,0.0,4,10.1
7,2,2,True,2,0.608676941086827,5,0.14347134279340143,7,0.14178712873584434,1,0.07255335894821316,3,0.020162791979373568,1,0.0
7,2,3,False,3,0.6782896825396826,7,0.185531746031746,0,0.068765873015873,6,0.06741269841269842,2,0.0,5,68.1
7,2,2,True,2,0.68,1,0.1385833333333333,5,0.06563095238095239,4,0.06183333333333334,8,0.05395238095238095,1,41.1
7,1,6,False,6,0.5219126984126984,7,0.2488849206349206,1,0.21670238095238095,2,0.0125,3,0.0,3,14.7
7,1,2,False,2,0.608676941086827,5,0.14347134279340143,7,0.14178712873584434,1,0.07255335894821316,3,0.020162791979373568,4,0.0
7,2,3,False,3,0.6782896825396826,7,0.185531746031746,0,0.068765873015873,6,0.06741269841269842,2,0.0,5,68.1
7,0,0,True,0,0.9538333333333333,6,0.04616666666666667,2,0.0,1,0.0,3,0.0,1,6.4
7,0,2,False,2,0.64,0,0.22485546251993618,6,0.11120015948963319,7,0.009691985645933014,1,0.008382177033492822,2,6.2
7,0,0,True,0,0.4718333333333333,7,0.44983333333333325,2,0.06833333333333333,1,0.01,3,0.0,1,4.1
7,2,2,True,2,0.608676941086827,5,0.14347134279340143,7,0.14178712873584434,1,0.07255335894821316,3,0.020162791979373568,1,0.0
7,0,0,True,0,0.9206684704184702,5,0.0793315295815296,2,0.0,1,0.0,3,0.0,1,7.8
7,2,2,True,2,0.8003333333333333,0,0.15616666666666668,5,0.019333333333333334,4,0.014499999999999999,1,0.009666666666666665,1,22.3
7,2,2,True,2,0.608676941086827,5,0.14347134279340143,7,0.14178712873584434,1,0.07255335894821316,3,0.020162791979373568,1,0.0
7,2,1,False,1,0.67,4,0.15316666666666667,0,0.14049999999999999,2,0.022333333333333334,6,0.013999999999999999,4,52.4
7,2,0,False,0,0.5678333333333334,2,0.42550000000000004,1,0.006666666666666666,3,0.0,4,0.0,2,23.8
7,2,0,False,0,0.6285833333333332,6,0.3214166666666666,2,0.045,1,0.005,3,0.0,3,37.0
7,2,4,False,4,0.42226190476190484,6,0.2889523809523809,2,0.28878571428571415,0,0.0,3,0.0,3,107.0
7,2,2,True,2,0.608676941086827,5,0.14347134279340143,7,0.14178712873584434,1,0.07255335894821316,3,0.020162791979373568,1,0.0
7,1,2,False,2,0.4539920634920635,0,0.42633333333333323,6,0.055650793650793645,7,0.047289682539682534,1,0.016734126984126983,5,39.1
7,0,6,False,6,0.7183242457576823,5,0.12279142769854841,0,0.09830065350885786,7,0.03600688973908788,1,0.024576783295823548,3,10.9
7,2,2,True,2,0.4542435064935064,5,0.19493398268398263,1,0.18416702741702742,6,0.16665548340548336,3,0.0,1,31.1
7,2,2,True,2,0.608676941086827,5,0.14347134279340143,7,0.14178712873584434,1,0.07255335894821316,3,0.020162791979373568,1,0.0
7,2,2,True,2,0.64,0,0.22485546251993618,6,0.11120015948963319,7,0.009691985645933014,1,0.008382177033492822,1,6.2
7,2,6,False,6,0.3566666666666667,4,0.3221666666666667,5,0.3115833333333332,7,0.006666666666666666,2,0.0029166666666666664,5,16.1
7,2,2,True,2,0.5915,6,0.39516666666666667,1,0.01,0,0.003333333333333333,3,0.0,1,20.4
7,2,2,True,2,0.6185,4,0.31,1,0.0665,6,0.003333333333333333,7,0.0016666666666666666,1,35.4
7,2,1,False,1,0.59,2,0.28,7,0.13,0,0.0,3,0.0,2,14.5
7,2,2,True,2,0.608676941086827,5,0.14347134279340143,7,0.14178712873584434,1,0.07255335894821316,3,0.020162791979373568,1,0.0
7,0,4,False,4,0.3890656565656564,1,0.22884632034632038,5,0.19915512265512259,6,0.18293290043290042,3,0.0,7,33.0
7,2,6,False,6,0.7858223443223444,0,0.0741886446886447,5,0.07065018315018315,2,0.06933882783882782,3,0.0,4,10.8
7,2,1,False,1,0.75,2,0.19,0,0.04333333333333333,6,0.016666666666666666,3,0.0,2,103.1
7,1,2,False,2,0.6323095238095237,4,0.3290714285714285,1,0.019619047619047616,6,0.016142857142857143,5,0.002857142857142857,3,33.1
7,2,1,False,1,0.597,2,0.3428333333333333,6,0.06016666666666666,0,0.0,3,0.0,2,67.6
7,2,2,True,2,0.37080555555555555,5,0.3085833333333332,1,0.29561111111111105,7,0.025,3,0.0,1,17.4
7,2,2,True,2,0.84,6,0.10333333333333332,1,0.05,4,0.003333333333333333,7,0.003333333333333333,1,85.6
7,2,0,False,0,0.7333333333333334,1,0.23333333333333336,6,0.03333333333333333,2,0.0,3,0.0,4,86.6
7,2,6,False,6,0.387979007104007,7,0.23961016761016748,2,0.1347645548895548,0,0.12062386224886223,4,0.1170224081474081,3,45.0
7,2,2,True,2,0.5498333333333334,0,0.41850000000000004,1,0.03166666666666666,3,0.0,4,0.0,1,61.3
7,2,1,False,1,0.5414047619047619,2,0.39859523809523817,6,0.01726190476190476,4,0.014523809523809524,0,0.014484126984126983,2,71.5
7,2,2,True,2,0.85,0,0.11,4,0.033,7,0.006999999999999999,3,0.0,1,94.5
7,1,1,True,1,0.65,6,0.14947619047619046,2,0.14344444444444446,7,0.057079365079365084,3,0.0,1,14.9
7,1,4,False,4,0.46216666666666667,7,0.44783333333333325,2,0.08,0,0.01,3,0.0,6,94.2
7,2,8,False,8,0.29001984126984115,2,0.2842698412698412,0,0.22022619047619038,6,0.20548412698412688,3,0.0,2,19.7
7,2,1,False,1,0.6401904761904763,2,0.26,0,0.0731904761904762,7,0.015428571428571429,6,0.01119047619047619,2,83.4
7,1,2,False,2,0.3291427053338818,0,0.28009875908405313,6,0.20548387968240905,8,0.11132088744588746,1,0.07395376845376847,5,40.0
7,0,4,False,4,0.72,1,0.17600000000000002,2,0.07216666666666667,7,0.03183333333333334,3,0.0,6,40.6
7,1,1,True,1,0.65,0,0.27,2,0.08,3,0.0,4,0.0,1,154.1
7,1,2,False,2,0.4831190476190476,1,0.4268809523809523,4,0.04666666666666667,7,0.03333333333333333,0,0.01,2,93.9
7,1,0,False,0,0.3335010822510822,2,0.3257316017316017,7,0.310767316017316,1,0.02,4,0.01,4,105.0
7,2,5,False,5,0.64,1,0.21200000000000002,2,0.138,0,0.006666666666666666,4,0.003333333333333333,3,64.4
7,1,1,True,1,0.3966731601731601,7,0.38339357864357865,6,0.2199332611832611,0,0.0,3,0.0,1,70.0
7,1,2,False,2,0.726,0,0.262,6,0.01,4,0.002,3,0.0,6,53.6
7,1,7,False,7,0.465,1,0.42749999999999994,2,0.06416666666666666,5,0.03833333333333334,3,0.005,2,78.7
7,2,2,True,2,0.608676941086827,5,0.14347134279340143,7,0.14178712873584434,1,0.07255335894821316,3,0.020162791979373568,1,0.0
7,1,2,False,2,0.608676941086827,5,0.14347134279340143,7,0.14178712873584434,1,0.07255335894821316,3,0.020162791979373568,4,0.0
7,2,2,True,2,0.935,0,0.065,1,0.0,3,0.0,4,0.0,1,27.7
7,2,1,False,1,0.9565595238095237,6,0.04344047619047619,2,0.0,0,0.0,3,0.0,3,98.2
7,1,0,False,0,0.6285833333333332,6,0.3214166666666666,2,0.045,1,0.005,3,0.0,4,37.0
7,2,2,True,2,0.43875,1,0.40125,5,0.07088214236743648,6,0.04017102015631427,7,0.03232557964910906,1,20.1
7,2,7,False,7,0.3757023809523811,4,0.3019761904761904,2,0.2910119047619047,1,0.012857142857142859,8,0.009523809523809523,3,40.9
7,1,2,False,2,0.98,1,0.01,4,0.01,0,0.0,3,0.0,2,46.4
7,0,2,False,2,0.6678690476190476,1,0.29213095238095227,0,0.029166666666666664,6,0.010833333333333332,3,0.0,3,37.1
7,2,0,False,0,0.2828328592631997,5,0.2745236409187645,2,0.25520316993807696,3,0.10980719667329569,7,0.07763313320666261,3,5.0
7,1,1,True,1,0.58,2,0.2953571428571429,4,0.08888095238095238,6,0.035761904761904766,3,0.0,1,106.3
7,2,5,False,5,0.6,2,0.19016666666666665,1,0.16983333333333334,7,0.04,3,0.0,2,21.6
7,2,2,True,2,0.35149999999999987,0,0.3038333333333333,6,0.29466666666666663,1,0.05,3,0.0,1,45.8
7,2,2,True,2,0.66,6,0.22427380952380951,1,0.10572619047619047,4,0.01,3,0.0,1,62.3
7,2,2,True,2,0.97,4,0.02,0,0.01,1,0.0,3,0.0,1,99.5
7,2,2,True,2,0.608676941086827,5,0.14347134279340143,7,0.14178712873584434,1,0.07255335894821316,3,0.020162791979373568,1,0.0
7,2,7,False,7,0.87,1,0.13,2,0.0,0,0.0,3,0.0,3,58.5
7,2,1,False,1,0.36851984126984144,6,0.22773412698412693,4,0.2047499999999999,0,0.18899603174603163,2,0.01,5,44.0
7,2,1,False,1,0.8716666666666666,6,0.11166666666666668,7,0.016666666666666666,0,0.0,3,0.0,6,70.4
7,2,6,False,6,0.65,0,0.17116666666666666,5,0.13883333333333334,2,0.04,3,0.0,4,37.9
7,2,0,False,0,0.55,2,0.24916666666666668,1,0.20083333333333336,3,0.0,4,0.0,2,23.2
7,1,0,False,0,0.2807463924963924,6,0.24010461760461752,2,0.23924350649350642,3,0.22990548340548334,5,0.005,7,16.2
7,2,1,False,1,0.48419047619047617,2,0.4619999999999998,6,0.026690476190476188,7,0.016095238095238093,4,0.011023809523809524,2,62.9
7,3,1,False,1,0.7221666666666668,0,0.15383333333333332,2,0.124,3,0.0,4,0.0,4,32.8
7,1,2,False,2,0.5524999999999999,6,0.4086153846153846,5,0.025064102564102565,7,0.00641025641025641,0,0.0049743589743589745,8,19.9
7,2,2,True,2,0.7118650793650793,0,0.2841349206349206,1,0.004,3,0.0,4,0.0,1,36.3
7,3,0,False,0,0.6409999999999999,6,0.359,2,0.0,1,0.0,3,0.0,5,6.3
7,2,1,False,1,0.96,4,0.02,2,0.01,0,0.01,3,0.0,3,118.8
8,3,1,False,1,0.2619991767778145,7,0.2516810761477944,6,0.1745181803061059,0,0.16362866966195136,5,0.07601982533290581,7,6.0
8,5,5,True,5,0.603505772005772,7,0.39649422799422795,0,0.0,1,0.0,3,0.0,1,9.0
8,5,5,True,5,0.3489563492063491,1,0.3477857142857143,0,0.1853055555555555,4,0.11795238095238098,3,0.0,1,22.0
8,4,7,False,7,0.43936904761904755,6,0.2897777777777777,0,0.2408531746031745,1,0.03,3,0.0,8,71.0
8,4,0,False,0,0.5258333333333334,4,0.395,2,0.056333333333333326,6,0.02283333333333333,3,0.0,2,43.0
8,7,5,False,5,0.44286112584525894,7,0.2862324833748981,6,0.09870585602048448,0,0.08648178047442748,3,0.08571875428493074,2,8.0
8,6,4,False,4,0.36661111111111105,1,0.2208333333333333,7,0.20969047619047618,6,0.20286507936507928,3,0.0,4,80.0
8,6,1,False,1,0.2958555839155684,5,0.2757340329089553,6,0.22220510371980953,0,0.07152472420080774,2,0.0706381430746756,3,18.0
8,7,4,False,4,0.3918278665778665,0,0.37311052836052844,7,0.13119391719391715,1,0.10386768786768784,3,0.0,3,77.0
8,7,6,False,6,0.44429431679431675,0,0.43701401376401383,7,0.11869166944166942,1,0.0,3,0.0,3,58.0
8,7,2,False,2,0.6170231438089658,5,0.13555328240520206,7,0.13226580065383317,1,0.07694742784494857,3,0.01735265687279116,3,0.0
8,0,6,False,6,0.4314073149073149,7,0.286111555111555,0,0.15157847707847705,2,0.1309026529026529,3,0.0,3,51.0
8,1,0,False,0,0.87,2,0.11,4,0.02,1,0.0,3,0.0,4,89.0
8,1,6,False,6,0.4314073149073149,7,0.286111555111555,0,0.15157847707847705,2,0.1309026529026529,3,0.0,6,51.0
8,0,4,False,4,0.40845643245643215,7,0.3104916472416472,0,0.14501075313575312,6,0.12604116716616712,2,0.01,3,53.0
8,1,1,True,1,0.47657872682872693,6,0.3643442113442114,4,0.15907706182706177,0,0.0,3,0.0,1,52.0
8,0,1,False,1,0.5528333333333333,6,0.4271666666666667,0,0.02,2,0.0,3,0.0,3,122.0
8,0,1,False,1,0.42261505161505164,0,0.24003785103785094,7,0.18448734598734592,4,0.15285975135975133,3,0.0,2,67.0
8,5,1,False,1,0.2958555839155684,5,0.2757340329089553,6,0.22220510371980953,0,0.07152472420080774,2,0.0706381430746756,2,18.0
8,6,1,False,1,0.5001666666666665,6,0.37983333333333325,2,0.12,0,0.0,3,0.0,2,82.0
8,4,2,False,2,0.47168253968253965,7,0.30665873015873013,6,0.22165873015873008,0,0.0,3,0.0,8,107.0
8,5,6,False,6,0.3167803169053168,0,0.26974850149850144,1,0.2668927045177045,7,0.14657847707847707,3,0.0,7,48.0
8,5,0,False,0,0.40594083694083694,4,0.36535328560328556,6,0.12236679986679984,1,0.10633907758907758,3,0.0,7,62.0
8,4,2,False,2,0.27448809523809503,4,0.2602142857142857,7,0.24424206349206343,6,0.21105555555555547,1,0.01,2,54.0
8,5,5,True,5,0.6107133627367392,7,0.20675938691212636,6,0.16800091229316957,2,0.01260249629786334,1,0.001463930611381426,1,1.0
8,6,5,False,5,0.4098456854649814,1,0.16648094502639182,6,0.135875664865115,2,0.07569852920818732,0,0.07393912865002514,3,19.0
8,6,5,False,5,0.4098456854649814,1,0.16648094502639182,6,0.135875664865115,2,0.07569852920818732,0,0.07393912865002514,3,19.0
8,5,1,False,1,0.2619991767778145,7,0.2516810761477944,6,0.1745181803061059,0,0.16362866966195136,5,0.07601982533290581,5,6.0
8,6,7,False,7,0.21031060606060606,4,0.20621861471861472,0,0.20033369408369406,1,0.192992784992785,2,0.19014430014430014,8,63.0
8,6,1,False,1,0.42287712287712265,0,0.15292271617271613,7,0.1429853757353757,4,0.14163306138306136,6,0.1395817238317238,5,32.0
8,6,6,True,6,0.4314073149073149,7,0.286111555111555,0,0.15157847707847705,2,0.1309026529026529,3,0.0,1,51.0
8,6,1,False,1,0.5197857142857143,4,0.423547619047619,2,0.03666666666666667,0,0.02,3,0.0,7,93.0
8,5,5,True,5,0.4665436362656949,6,0.22013032017002598,7,0.15966331936037814,0,0.07813701967966674,4,0.07552570452423395,1,20.0
8,0,4,False,4,0.4281666666666667,7,0.4218333333333333,0,0.13,2,0.02,3,0.0,3,96.0
8,7,4,False,4,0.4252924020424021,6,0.36626859251859245,0,0.20843900543900543,1,0.0,3,0.0,8,79.0
8,4,1,False,1,0.63,7,0.29,6,0.07,2,0.006666666666666666,0,0.003333333333333333,8,60.0
8,4,1,False,1,0.2958555839155684,5,0.2757340329089553,6,0.22220510371980953,0,0.07152472420080774,2,0.0706381430746756,8,18.0
8,7,5,False,5,0.44286112584525894,7,0.2862324833748981,6,0.09870585602048448,0,0.08648178047442748,3,0.08571875428493074,2,8.0
8,4,4,True,4,0.40845643245643215,7,0.3104916472416472,0,0.14501075313575312,6,0.12604116716616712,2,0.01,1,53.0
8,7,1,False,1,0.71,2,0.27,0,0.02,3,0.0,4,0.0,8,115.0
8,4,1,False,1,0.95,2,0.05,0,0.0,3,0.0,4,0.0,5,90.0
8,7,1,False,1,0.34236904761904763,0,0.3273571428571428,6,0.31234523809523806,2,0.017928571428571426,3,0.0,8,50.0
8,7,7,True,7,0.4012802751943619,5,0.2414646138605116,0,0.17202911377408278,6,0.09836321577459342,2,0.0868627813964501,1,7.0
8,7,5,False,5,0.44286112584525894,7,0.2862324833748981,6,0.09870585602048448,0,0.08648178047442748,3,0.08571875428493074,2,8.0
8,7,1,False,1,0.49183585858585865,6,0.34908008658008655,7,0.14908405483405482,2,0.01,3,0.0,3,70.0
8,1,0,False,0,0.19498412698412693,3,0.185265873015873,6,0.17770238095238095,4,0.1640595238095238,1,0.1500396825396825,5,44.0
8,0,4,False,4,0.3137349317349316,1,0.2856527361527361,0,0.26260994560994544,6,0.13800238650238644,3,0.0,3,66.0
8,1,5,False,5,0.250171423611237,6,0.21025577556557493,0,0.15839817355921462,1,0.14883147828936288,7,0.07939069660391504,4,23.0
8,0,6,False,6,0.4314073149073149,7,0.286111555111555,0,0.15157847707847705,2,0.1309026529026529,3,0.0,3,51.0
8,1,2,False,2,0.58,1,0.3,0,0.12,3,0.0,4,0.0,2,172.0
8,0,0,True,0,0.40594083694083694,4,0.36535328560328556,6,0.12236679986679984,1,0.10633907758907758,3,0.0,1,62.0
8,4,7,False,7,0.47592063492063486,2,0.28157539682539673,1,0.24250396825396828,0,0.0,3,0.0,6,85.0
8,1,0,False,0,0.3787294796706562,7,0.22936829102270273,5,0.1322802418170065,3,0.13081012043512047,2,0.1288118670545141,6,15.0
8,0,1,False,1,0.63,7,0.29,6,0.08,0,0.0,3,0.0,4,59.9
8,0,7,False,7,0.6960119047619048,0,0.23948015873015877,6,0.052980158730158725,2,0.011527777777777777,3,0.0,2,50.8
8,0,0,True,0,0.8661666666666668,2,0.13383333333333336,1,0.0,3,0.0,4,0.0,1,61.6
8,0,1,False,1,0.48409523809523813,6,0.4724880952380953,7,0.02958333333333333,2,0.013833333333333333,3,0.0,6,51.2
8,0,2,False,2,0.6236547619047619,1,0.3557619047619048,0,0.020583333333333335,3,0.0,4,0.0,3,15.5
8,6,0,False,0,0.7231785714285714,4,0.10529761904761906,2,0.08245238095238096,7,0.07407142857142857,1,0.015,8,73.7
8,5,2,False,2,0.6170231438089658,5,0.13555328240520206,7,0.13226580065383317,1,0.07694742784494857,3,0.01735265687279116,2,0.0
8,4,1,False,1,0.34576190476190477,2,0.3166547619047618,0,0.3050833333333333,6,0.02,7,0.0075,8,15.2
8,6,1,False,1,0.62125,2,0.33,4,0.03833333333333334,0,0.0075,6,0.0029166666666666664,5,62.2
8,6,2,False,2,0.54,0,0.25130555555555556,6,0.14109920634920636,7,0.0675952380952381,3,0.0,3,43.8
8,5,2,False,2,0.6170231438089658,5,0.13555328240520206,7,0.13226580065383317,1,0.07694742784494857,3,0.01735265687279116,2,0.0
8,5,1,False,1,0.61,2,0.3816666666666667,6,0.008333333333333333,0,0.0,3,0.0,7,36.8
8,4,2,False,2,0.9381666666666665,1,0.05433333333333334,7,0.005,6,0.0025,3,0.0,8,54.3
8,6,6,True,6,0.4340079365079365,0,0.21509920634920632,5,0.18946825396825384,2,0.15999603174603175,1,0.0014285714285714286,1,10.7
8,6,6,True,6,0.5259906204906205,8,0.1746273448773449,1,0.15259992784992782,2,0.14678210678210676,3,0.0,1,5.6
8,6,4,False,4,0.3171727994227992,0,0.31674278499278474,1,0.19840367965367953,5,0.16768073593073585,3,0.0,7,33.0
8,6,6,True,6,0.690047619047619,1,0.28585714285714275,0,0.015809523809523808,2,0.008285714285714285,3,0.0,1,13.4
8,6,1,False,1,0.4209260461760461,0,0.40592171717171716,3,0.17315223665223659,2,0.0,4,0.0,7,12.2
8,6,1,False,1,0.62125,2,0.33,4,0.03833333333333334,0,0.0075,6,0.0029166666666666664,5,62.2
8,6,2,False,2,0.37883549783549775,1,0.32971428571428574,6,0.29145021645021635,0,0.0,3,0.0,3,41.8
8,6,1,False,1,0.6543333333333333,2,0.27,6,0.04983333333333334,7,0.02583333333333333,3,0.0,3,86.3
8,6,1,False,1,0.9215000000000001,0,0.04633333333333333,2,0.03216666666666667,3,0.0,4,0.0,7,47.4
8,1,7,False,7,0.65,6,0.16121825396825396,0,0.10799603174603176,8,0.0807857142857143,3,0.0,8,11.2
8,0,0,True,0,0.5179761904761905,6,0.43002380952380953,1,0.05,2,0.002,3,0.0,1,49.4
8,5,6,False,6,0.2778391053391053,2,0.25387337662337656,0,0.2444126984126983,4,0.21648845598845592,7,0.007386363636363636,8,16.1
8,0,6,False,6,0.6,4,0.18058333333333335,2,0.11996428571428573,0,0.09945238095238096,3,0.0,4,45.9
8,0,1,False,1,0.47657872682872693,6,0.3643442113442114,4,0.15907706182706177,0,0.0,3,0.0,4,52.0
8,6,0,False,0,0.6972405927405929,2,0.24,5,0.024225441225441225,6,0.021011266511266512,1,0.008875513375513377,4,10.9
8,5,7,False,7,0.37483333333333335,5,0.35283333333333317,2,0.27066666666666656,6,0.0016666666666666666,3,0.0,2,17.2
8,6,2,False,2,0.4916666666666665,6,0.45000000000000007,0,0.05833333333333334,1,0.0,3,0.0,2,30.9
8,7,1,False,1,0.7911666666666669,2,0.16799999999999998,7,0.021833333333333337,4,0.019,3,0.0,3,91.7
8,5,2,False,2,0.6170231438089658,5,0.13555328240520206,7,0.13226580065383317,1,0.07694742784494857,3,0.01735265687279116,2,0.0
8,4,1,False,1,0.5576666666666666,0,0.16891666666666666,4,0.15533333333333332,2,0.10575,6,0.00775,3,53.3
8,7,6,False,6,0.5109047619047618,1,0.46409523809523817,7,0.01,2,0.01,5,0.005,3,14.7
8,1,2,False,2,0.32895238095238083,1,0.32716666666666655,6,0.3072142857142858,0,0.03666666666666667,3,0.0,2,38.3
8,7,2,False,2,0.6170231438089658,5,0.13555328240520206,7,0.13226580065383317,1,0.07694742784494857,3,0.01735265687279116,3,0.0
8,7,6,False,6,0.6672380952380951,1,0.3327619047619047,2,0.0,0,0.0,3,0.0,8,39.0
8,7,2,False,2,0.6170231438089658,5,0.13555328240520206,7,0.13226580065383317,1,0.07694742784494857,3,0.01735265687279116,3,0.0
8,0,7,False,7,0.4358333333333333,4,0.4281666666666667,0,0.136,1,0.0,3,0.0,3,96.2
8,0,2,False,2,0.66,1,0.2781666666666667,6,0.031166666666666665,0,0.027333333333333334,7,0.003333333333333333,4,86.6
8,0,0,True,0,0.632,2,0.368,1,0.0,3,0.0,4,0.0,1,20.2
8,0,4,False,4,0.3816190476190475,7,0.3240952380952381,2,0.2442857142857142,1,0.03333333333333333,0,0.016666666666666666,5,56.8
8,1,2,False,2,0.6,0,0.3276468253968254,7,0.023686507936507936,5,0.02165079365079365,1,0.013507936507936509,5,11.9
8,0,0,True,0,0.9370111832611832,5,0.06298881673881676,2,0.0,1,0.0,3,0.0,1,7.8
8,1,2,False,2,0.59,6,0.292,4,0.06366666666666668,0,0.044333333333333336,1,0.01,5,81.3
8,1,2,False,2,0.8246428571428572,8,0.16535714285714284,6,0.006,0,0.004,3,0.0,8,43.4
8,5,2,False,2,0.7218333333333333,7,0.23,1,0.04816666666666666,0,0.0,3,0.0,7,21.5
8,5,5,True,5,0.3195285833447597,7,0.21826643781055532,6,0.19078953317923908,1,0.17909385141002784,2,0.0923215942554178,1,17.0
8,6,5,False,5,0.49439538239538244,1,0.26462301587301584,2,0.2409816017316017,0,0.0,3,0.0,7,18.7
8,0,1,False,1,0.92,6,0.07111111111111111,4,0.006666666666666666,0,0.0022222222222222222,3,0.0,4,79.4
8,6,2,False,2,0.8970238095238094,0,0.07595238095238095,6,0.023690476190476192,1,0.003333333333333333,3,0.0,3,45.3
8,2,2,True,2,0.6170231438089658,5,0.13555328240520206,7,0.13226580065383317,1,0.07694742784494857,3,0.01735265687279116,1,0.0
8,6,0,False,0,0.513344017094017,2,0.4180225885225885,7,0.033156288156288155,5,0.021945970695970696,6,0.013531135531135531,5,6.9
8,6,5,False,5,0.86,6,0.08033333333333333,0,0.05966666666666666,1,0.0,3,0.0,2,9.8
8,1,4,False,4,0.61,6,0.25,7,0.12666666666666668,1,0.013333333333333332,3,0.0,4,77.8
8,8,0,False,0,0.2822205151229918,2,0.2778685882401052,6,0.25512149675230167,1,0.18478939988460116,3,0.0,9,40.0
8,8,4,False,4,0.40845643245643215,7,0.3104916472416472,0,0.14501075313575312,6,0.12604116716616712,2,0.01,9,53.0
8,6,5,False,5,0.28491187669399737,6,0.26467538232321514,1,0.2645642266660067,7,0.09321220459107452,4,0.09263630972570594,2,14.0
8,6,4,False,4,0.5576666666666665,1,0.393,2,0.04933333333333333,0,0.0,3,0.0,7,42.4
8,2,6,False,6,0.6,4,0.18058333333333335,2,0.11996428571428573,0,0.09945238095238096,3,0.0,3,45.9
8,2,1,False,1,0.9003333333333333,6,0.09966666666666665,2,0.0,0,0.0,3,0.0,3,48.5
8,6,5,False,5,0.46822582972582977,7,0.46751803751803755,4,0.03487626262626262,2,0.017395743145743145,0,0.011984126984126984,8,21.1
8,7,2,False,2,0.46228571428571436,7,0.39771428571428563,1,0.13,6,0.01,3,0.0,2,58.5
8,1,0,False,0,0.5563333333333333,1,0.4128333333333334,5,0.030833333333333334,2,0.0,3,0.0,2,38.1
8,5,2,False,2,0.6170231438089658,5,0.13555328240520206,7,0.13226580065383317,1,0.07694742784494857,3,0.01735265687279116,2,0.0
8,8,2,False,2,0.6842619047619047,6,0.2907380952380952,1,0.025,0,0.0,3,0.0,9,28.5
8,7,0,False,0,0.38166666666666665,7,0.3450833333333334,8,0.2599166666666666,6,0.013333333333333332,3,0.0,2,11.7
8,1,1,True,1,0.2619991767778145,7,0.2516810761477944,6,0.1745181803061059,0,0.16362866966195136,5,0.07601982533290581,1,6.0
8,1,2,False,2,0.8554166666666667,6,0.08625,1,0.05833333333333333,0,0.0,3,0.0,3,67.5
8,1,5,False,5,0.46822582972582977,7,0.46751803751803755,4,0.03487626262626262,2,0.017395743145743145,0,0.011984126984126984,6,21.1
8,1,6,False,6,0.3845519480519481,1,0.32212626262626265,4,0.29332178932178915,0,0.0,3,0.0,2,49.0
8,1,2,False,2,0.995,4,0.005,1,0.0,0,0.0,3,0.0,3,43.3
8,2,0,False,0,0.632,2,0.368,1,0.0,3,0.0,4,0.0,2,20.2
8,1,0,False,0,0.39919047619047626,1,0.32508333333333317,2,0.25272619047619044,3,0.009250000000000001,6,0.0085,2,44.1
8,0,6,False,6,0.7399069264069267,2,0.12638419913419913,4,0.0721439393939394,5,0.06156493506493507,3,0.0,7,29.1
8,2,6,False,6,0.6672380952380951,1,0.3327619047619047,2,0.0,0,0.0,3,0.0,3,39.0
8,2,6,False,6,0.6933056665556667,1,0.15001334776334774,4,0.055637418137418126,7,0.05210914085914086,0,0.04893442668442668,6,32.1
8,2,2,True,2,0.6170231438089658,5,0.13555328240520206,7,0.13226580065383317,1,0.07694742784494857,3,0.01735265687279116,1,0.0
8,2,2,True,2,0.9216666666666665,1,0.07833333333333334,0,0.0,3,0.0,4,0.0,1,45.2
8,2,2,True,2,0.4916666666666665,6,0.45000000000000007,0,0.05833333333333334,1,0.0,3,0.0,1,30.9
8,2,5,False,5,0.22459151469445582,0,0.22298555366202413,7,0.21313917536711643,1,0.11987273510802916,4,0.11092087732528899,7,12.0
8,2,2,True,2,0.8591111111111109,6,0.07794444444444443,0,0.06294444444444444,1,0.0,3,0.0,1,35.7
8,2,7,False,7,0.5666666666666667,2,0.31933333333333336,5,0.1,0,0.006999999999999999,6,0.006999999999999999,2,33.6
8,2,2,True,2,0.6170231438089658,5,0.13555328240520206,7,0.13226580065383317,1,0.07694742784494857,3,0.01735265687279116,1,0.0
8,1,1,True,1,0.47657872682872693,6,0.3643442113442114,4,0.15907706182706177,0,0.0,3,0.0,1,52.0
8,2,2,True,2,0.7963333333333332,0,0.10450000000000001,7,0.08916666666666666,1,0.01,3,0.0,1,41.6
8,2,2,True,2,0.4701190476190476,4,0.261079365079365,1,0.2596349206349206,5,0.004722222222222222,0,0.0044444444444444444,1,33.1
8,1,7,False,7,0.2949404761904761,2,0.26242857142857134,6,0.2390357142857143,5,0.19692857142857137,0,0.003333333333333333,6,30.2
8,1,1,True,1,0.4209260461760461,0,0.40592171717171716,3,0.17315223665223659,2,0.0,4,0.0,1,12.2
8,2,1,False,1,0.6638690476190476,2,0.2978896103896103,6,0.015508658008658006,7,0.011103896103896102,0,0.006401515151515151,2,44.9
8,2,0,False,0,0.5994325396825394,6,0.20511904761904756,4,0.19544841269841268,1,0.0,3,0.0,6,69.1
8,2,2,True,2,0.688809523809524,0,0.2970238095238095,6,0.014166666666666666,1,0.0,3,0.0,1,30.8
8,1,7,False,7,0.61,5,0.203,0,0.18700000000000003,1,0.0,3,0.0,4,16.6
8,2,2,True,2,0.6170231438089658,5,0.13555328240520206,7,0.13226580065383317,1,0.07694742784494857,3,0.01735265687279116,1,0.0
8,1,2,False,2,0.6170231438089658,5,0.13555328240520206,7,0.13226580065383317,1,0.07694742784494857,3,0.01735265687279116,4,0.0
8,1,7,False,7,0.48733333333333334,6,0.4109999999999999,1,0.05,2,0.03166666666666666,0,0.02,3,20.6
8,0,6,False,6,0.44370229770229774,5,0.21167904317904315,2,0.17734235209235202,0,0.16727630702630703,3,0.0,4,11.4
8,2,6,False,6,0.4715,8,0.36849999999999994,2,0.06125,0,0.05883333333333333,1,0.03991666666666667,3,50.3
8,2,6,False,6,0.39516666666666667,8,0.3084166666666666,7,0.2824166666666666,0,0.013999999999999999,3,0.0,6,25.3
8,2,1,False,1,0.5606666666666666,2,0.4393333333333335,0,0.0,3,0.0,4,0.0,2,117.5
8,1,1,True,1,0.6164761904761904,4,0.3835238095238095,2,0.0,0,0.0,3,0.0,1,56.4
8,2,2,True,2,0.59,6,0.292,4,0.06366666666666668,0,0.044333333333333336,1,0.01,1,81.3
8,2,0,False,0,0.5021666666666667,2,0.4186666666666667,1,0.044833333333333336,6,0.034333333333333334,3,0.0,2,38.2
8,1,2,False,2,0.6170231438089658,5,0.13555328240520206,7,0.13226580065383317,1,0.07694742784494857,3,0.01735265687279116,4,0.0
8,0,2,False,2,0.97,6,0.0175,0,0.0125,1,0.0,3,0.0,3,9.5
8,0,0,True,0,0.6673888888888888,7,0.2826111111111109,6,0.05,1,0.0,3,0.0,1,7.5
8,2,2,True,2,0.4456044143764732,0,0.4125506127859067,5,0.1418449728376198,1,0.0,3,0.0,1,2.9
8,0,6,False,6,0.690047619047619,1,0.28585714285714275,0,0.015809523809523808,2,0.008285714285714285,3,0.0,3,13.4
8,2,5,False,5,0.40232828282828287,2,0.2208109668109667,7,0.20443470418470408,1,0.17099747474747473,6,0.0014285714285714286,2,8.6
8,2,2,True,2,0.6170231438089658,5,0.13555328240520206,7,0.13226580065383317,1,0.07694742784494857,3,0.01735265687279116,1,0.0
8,2,2,True,2,0.6170231438089658,5,0.13555328240520206,7,0.13226580065383317,1,0.07694742784494857,3,0.01735265687279116,1,0.0
8,2,2,True,2,0.95,7,0.03,0,0.02,1,0.0,3,0.0,1,3.4
8,2,2,True,2,0.6931507936507938,0,0.09963203463203466,6,0.0749642857142857,4,0.0743181818181818,1,0.05793470418470416,1,34.1
8,0,0,True,0,0.5378333333333333,1,0.4327380952380953,6,0.02492857142857143,2,0.0045000000000000005,3,0.0,1,4.8
8,2,4,False,4,0.43599999999999994,3,0.43400000000000005,0,0.11,2,0.02,1,0.0,4,23.6
8,2,2,True,2,0.6170231438089658,5,0.13555328240520206,7,0.13226580065383317,1,0.07694742784494857,3,0.01735265687279116,1,0.0
8,2,5,False,5,0.69,0,0.14419444444444443,1,0.10755555555555554,3,0.05825,2,0.0,5,12.1
8,2,0,False,0,0.3629920634920634,5,0.36159126984126994,2,0.23774999999999996,6,0.018666666666666668,4,0.011166666666666665,3,15.9
8,2,2,True,2,0.7396911976911977,1,0.24337698412698408,7,0.006136363636363637,5,0.006136363636363637,0,0.0025,1,2.1
8,2,6,False,6,0.67,1,0.32,2,0.006666666666666666,0,0.003333333333333333,3,0.0,3,60.2
8,2,2,True,2,0.36758630258630254,6,0.22746700521700508,7,0.2105068265068265,1,0.19443986568986568,3,0.0,1,39.4
8,2,0,False,0,0.5378333333333333,1,0.4327380952380953,6,0.02492857142857143,2,0.0045000000000000005,3,0.0,4,4.8
8,0,1,False,1,0.4925,2,0.392,6,0.11549999999999999,0,0.0,3,0.0,4,39.1
8,2,0,False,0,0.35525,6,0.3180833333333332,1,0.29666666666666663,2,0.02,4,0.01,4,42.0
8,2,1,False,1,0.565,2,0.42500000000000004,4,0.0075,0,0.0025,3,0.0,2,54.5
8,0,1,False,1,0.91,0,0.05183333333333333,4,0.03816666666666666,2,0.0,3,0.0,2,54.6
8,2,2,True,2,0.6170231438089658,5,0.13555328240520206,7,0.13226580065383317,1,0.07694742784494857,3,0.01735265687279116,1,0.0
8,0,0,True,0,0.8650000000000001,6,0.13,2,0.005,1,0.0,3,0.0,1,7.3
8,2,7,False,7,0.61,5,0.203,0,0.18700000000000003,1,0.0,3,0.0,6,16.6
8,1,0,False,0,0.7603333333333334,2,0.13116666666666668,1,0.10850000000000001,3,0.0,4,0.0,3,47.6
8,2,2,True,2,0.8034433621933621,7,0.19655663780663774,1,0.0,0,0.0,3,0.0,1,2.2
8,2,2,True,2,1.0,0,0.0,1,0.0,3,0.0,4,0.0,1,68.6
8,2,2,True,2,0.9360952380952381,1,0.03571428571428572,4,0.02819047619047619,0,0.0,3,0.0,1,33.2
8,2,7,False,7,0.6780714285714285,1,0.08797619047619047,6,0.08321428571428573,5,0.08116666666666666,0,0.06957142857142858,6,16.5
8,2,2,True,2,0.9489761904761904,0,0.03735714285714285,1,0.013666666666666666,3,0.0,4,0.0,1,24.7
8,3,1,False,1,0.48976190476190484,6,0.41023809523809524,2,0.1,0,0.0,3,0.0,5,19.4
8,1,4,False,4,0.3918278665778665,0,0.37311052836052844,7,0.13119391719391715,1,0.10386768786768784,3,0.0,4,77.2
8,2,1,False,1,0.9733333333333334,2,0.026666666666666665,0,0.0,3,0.0,4,0.0,2,143.0
8,2,2,True,2,0.9,7,0.07999999999999999,1,0.02,0,0.0,3,0.0,1,29.2
8,1,1,True,1,0.49228571428571427,2,0.4645476190476191,6,0.04316666666666667,0,0.0,3,0.0,1,32.6
8,1,0,False,0,0.6696451963069612,6,0.22172362196626896,7,0.040203089394265853,1,0.039372986490633546,5,0.017559860890743243,4,5.9
8,0,1,False,1,0.71,2,0.27,0,0.02,3,0.0,4,0.0,3,114.6
8,2,0,False,0,0.5994325396825394,6,0.20511904761904756,4,0.19544841269841268,1,0.0,3,0.0,6,69.1
8,0,6,False,6,0.690047619047619,1,0.28585714285714275,0,0.015809523809523808,2,0.008285714285714285,3,0.0,3,13.4
8,0,2,False,2,0.23278083028083021,5,0.22468802031302024,7,0.21642637917637908,0,0.21418636918636907,3,0.11191840104340102,4,2.0
8,1,2,False,2,0.5120695970695972,8,0.42266666666666663,5,0.03,4,0.014505494505494505,1,0.009062271062271062,5,25.8
8,1,0,False,0,0.4369999999999999,6,0.4330000000000001,7,0.10666666666666666,1,0.02,2,0.003333333333333333,4,59.0
8,2,0,False,0,0.629,4,0.184,1,0.179,7,0.006000000000000001,2,0.002,5,73.6
8,1,6,False,6,0.6159034576534576,1,0.19965620490620484,0,0.18444033744033742,2,0.0,3,0.0,2,57.1
8,1,2,False,2,0.5293333333333333,1,0.40500000000000014,5,0.04566666666666666,0,0.01,6,0.01,2,64.6
8,2,2,True,2,0.7963333333333332,0,0.10450000000000001,7,0.08916666666666666,1,0.01,3,0.0,1,41.6
8,2,2,True,2,0.6170231438089658,5,0.13555328240520206,7,0.13226580065383317,1,0.07694742784494857,3,0.01735265687279116,1,0.0
8,1,2,False,2,0.635,1,0.245,0,0.12,3,0.0,4,0.0,2,152.8
8,2,5,False,5,0.71,2,0.15495238095238095,0,0.13504761904761906,1,0.0,3,0.0,2,27.5
8,1,7,False,7,0.65,1,0.19,2,0.12,0,0.01583333333333333,4,0.01583333333333333,2,80.7
8,2,2,True,2,0.7524047619047619,4,0.09669047619047617,6,0.07603174603174603,7,0.06487301587301589,1,0.01,1,54.1
8,2,2,True,2,0.6170231438089658,5,0.13555328240520206,7,0.13226580065383317,1,0.07694742784494857,3,0.01735265687279116,1,0.0
8,1,2,False,2,0.9353030303030302,1,0.02217532467532467,4,0.019659090909090907,7,0.016596320346320345,0,0.006266233766233766,2,62.9
8,2,1,False,1,0.7033333333333335,2,0.15,0,0.07833333333333332,4,0.05583333333333333,7,0.0075,2,83.6
8,2,2,True,2,0.5340119047619049,7,0.46598809523809515,1,0.0,0,0.0,3,0.0,1,2.4
8,2,2,True,2,0.6170231438089658,5,0.13555328240520206,7,0.13226580065383317,1,0.07694742784494857,3,0.01735265687279116,1,0.0
8,6,1,False,1,0.2619991767778145,7,0.2516810761477944,6,0.1745181803061059,0,0.16362866966195136,5,0.07601982533290581,3,6.0
8,7,0,False,0,0.6987886002886001,2,0.3012113997113996,1,0.0,3,0.0,4,0.0,8,2.6
8,2,1,False,1,0.505877344877345,6,0.42956060606060603,4,0.0283538961038961,0,0.02266774891774892,2,0.01354040404040404,5,33.9
8,2,2,True,2,0.6170231438089658,5,0.13555328240520206,7,0.13226580065383317,1,0.07694742784494857,3,0.01735265687279116,1,0.0
8,2,6,False,6,0.44370229770229774,5,0.21167904317904315,2,0.17734235209235202,0,0.16727630702630703,3,0.0,3,11.4
8,1,2,False,2,0.6667142857142855,0,0.27977172827172814,5,0.024775058275058274,7,0.014305361305361306,4,0.007254079254079254,8,20.1
8,7,2,False,2,0.6170231438089658,5,0.13555328240520206,7,0.13226580065383317,1,0.07694742784494857,3,0.01735265687279116,3,0.0
8,7,2,False,2,0.73,1,0.17149999999999999,6,0.09849999999999999,0,0.0,3,0.0,8,19.3
8,2,2,True,2,0.6170231438089658,5,0.13555328240520206,7,0.13226580065383317,1,0.07694742784494857,3,0.01735265687279116,1,0.0
8,3,2,False,2,0.7396911976911977,1,0.24337698412698408,7,0.006136363636363637,5,0.006136363636363637,0,0.0025,6,2.1
8,0,7,False,7,0.59,0,0.41,2,0.0,1,0.0,3,0.0,2,4.0
8,1,7,False,7,0.6390833333333333,2,0.32,1,0.017053030303030303,5,0.015823232323232322,0,0.00804040404040404,3,24.3
8,2,2,True,2,0.83,7,0.06166666666666667,6,0.05833333333333333,1,0.034166666666666665,0,0.01583333333333333,1,44.2
8,1,4,False,4,0.61,6,0.25,7,0.12666666666666668,1,0.013333333333333332,3,0.0,4,77.8
9,2,7,False,7,0.2905883838383837,0,0.2443697691197691,6,0.23917568542568537,1,0.22586616161616152,3,0.0,6,105.0
9,7,7,True,7,0.5076309523809525,1,0.2465753968253968,8,0.21579365079365073,2,0.024444444444444442,0,0.004888888888888889,1,3.0
9,5,7,False,7,0.5183769841269842,5,0.4756230158730158,0,0.004,1,0.002,3,0.0,2,9.0
9,5,5,True,5,0.15947150072150074,3,0.1591139971139971,7,0.151544733044733,0,0.1363167388167388,1,0.13441919191919188,1,12.0
9,3,6,False,6,0.3100782967032968,5,0.2957329614829614,3,0.10501051726051726,7,0.09732109557109558,1,0.09719970307470305,3,10.0
9,5,7,False,7,0.5076309523809525,1,0.2465753968253968,8,0.21579365079365073,2,0.024444444444444442,0,0.004888888888888889,6,3.0
9,6,7,False,7,0.5454285714285715,0,0.2517896825396825,3,0.19278174603174603,2,0.01,1,0.0,8,68.0
9,4,1,False,1,0.6445952380952381,7,0.35540476190476183,2,0.0,0,0.0,3,0.0,6,92.0
9,7,7,True,7,0.42497426159152163,5,0.41623396404936647,0,0.08265421034074283,3,0.07613756401836896,2,0.0,1,8.0
9,6,7,False,7,0.42497426159152163,5,0.41623396404936647,0,0.08265421034074283,3,0.07613756401836896,2,0.0,8,8.0
9,7,6,False,6,0.3100782967032968,5,0.2957329614829614,3,0.10501051726051726,7,0.09732109557109558,1,0.09719970307470305,4,10.0
9,7,1,False,1,0.3429642857142857,6,0.33059523809523805,0,0.32644047619047617,2,0.0,3,0.0,8,83.0
9,6,7,False,7,0.83,1,0.15,2,0.02,0,0.0,3,0.0,8,75.0
9,4,6,False,6,0.46666666666666656,0,0.4333333333333333,1,0.06,2,0.04,3,0.0,6,81.0
9,1,1,True,1,0.36367857142857113,6,0.23033333333333336,4,0.21560714285714272,2,0.19038095238095235,3,0.0,1,36.0
9,1,6,False,6,0.4848333333333333,4,0.42516666666666675,1,0.05,2,0.04,3,0.0,3,104.0
9,1,2,False,2,0.6269737717037632,5,0.1486174316157937,7,0.12564465913293357,1,0.06818760693909769,0,0.01351673231031788,4,0.0
9,1,4,False,4,0.48249134199134197,6,0.1836688311688311,2,0.17745779220779215,7,0.1563820346320346,3,0.0,6,26.0
9,0,5,False,5,0.3403364356232001,0,0.22608141286817754,6,0.21308420011361176,7,0.11445736289853935,1,0.1060405884964708,2,11.0
9,1,6,False,6,0.3572109002109002,1,0.31643634143634125,0,0.17556876456876455,4,0.14478399378399376,2,0.006,2,32.0
9,0,6,False,6,0.7810782828282828,1,0.21892171717171713,2,0.0,0,0.0,3,0.0,4,57.0
9,1,6,False,6,0.3055672764198305,0,0.28029548427149026,2,0.19783926363454227,8,0.11506207371919447,1,0.10123590195494218,5,40.0
9,0,6,False,6,0.31778182928182913,2,0.18904470529470527,4,0.1847220834720834,1,0.15864837939837936,0,0.14980300255300258,5,34.0
9,0,2,False,2,0.3815,4,0.31016666666666665,7,0.2783333333333333,6,0.02,0,0.01,5,74.0
9,0,0,True,0,0.4509642857142857,6,0.29,4,0.22903571428571426,2,0.03,3,0.0,1,69.0
9,5,5,True,5,0.3576132772456301,7,0.18773632168485108,6,0.18497881938323119,1,0.17850783856666208,2,0.09116374311962544,1,17.0
9,6,0,False,0,0.5336904761904762,1,0.44214285714285706,2,0.024166666666666666,3,0.0,4,0.0,7,87.0
9,5,4,False,4,0.3116537955508544,5,0.2978217028069969,2,0.13639567785156015,0,0.127999823705706,7,0.12612900008488243,2,21.0
9,4,6,False,6,0.46115927055400746,7,0.3303713581739897,4,0.1115657763289342,2,0.0969035949430686,3,0.0,3,16.0
9,4,0,False,0,0.35144222117751517,4,0.2513350979086273,7,0.2507090850326143,1,0.14651359588124285,3,0.0,2,77.0
9,5,5,True,5,0.3686899351309264,1,0.2241870700641395,6,0.20518799128612028,0,0.07289249868227521,4,0.06976237926098268,1,19.0
9,6,5,False,5,0.7703802308802307,7,0.22961976911976908,0,0.0,1,0.0,3,0.0,8,1.0
9,6,5,False,5,0.559773460715411,7,0.1814566409682508,6,0.09005909059121128,4,0.08820436769972372,0,0.08050644002540286,3,20.0
9,6,1,False,1,0.2794170796523737,6,0.2709065387227151,5,0.26745041396511965,4,0.10089390837920247,7,0.08133205928058868,2,14.0
9,4,2,False,2,0.622892857142857,1,0.3371071428571428,6,0.04,0,0.0,3,0.0,6,47.0
9,6,5,False,5,0.3686899351309264,1,0.2241870700641395,6,0.20518799128612028,0,0.07289249868227521,4,0.06976237926098268,3,19.0
9,0,4,False,4,0.42445182921653524,7,0.22633423276070327,6,0.12273559447088855,8,0.11959457617545846,0,0.10688376737641442,5,53.0
9,0,6,False,6,0.39230735930735944,0,0.20960858585858574,4,0.20291305916305913,1,0.1851709956709956,2,0.01,2,61.0
9,0,5,False,5,0.15947150072150074,3,0.1591139971139971,7,0.151544733044733,0,0.1363167388167388,1,0.13441919191919188,4,12.0
9,5,1,False,1,0.27460442217280273,6,0.23531355972651893,5,0.23477938236053372,0,0.06811844547818433,4,0.066948253842671,3,18.0
9,7,6,False,6,0.3572109002109002,1,0.31643634143634125,0,0.17556876456876455,4,0.14478399378399376,2,0.006,8,32.0
9,4,2,False,2,0.99,4,0.01,1,0.0,0,0.0,3,0.0,2,100.0
9,5,7,False,7,0.5183769841269842,5,0.4756230158730158,0,0.004,1,0.002,3,0.0,2,9.0
9,5,2,False,2,0.6269737717037632,5,0.1486174316157937,7,0.12564465913293357,1,0.06818760693909769,0,0.01351673231031788,2,0.0
9,0,2,False,2,0.98,1,0.02,0,0.0,3,0.0,4,0.0,3,108.0
9,5,0,False,0,0.32854684204684204,5,0.2800201187701187,1,0.2540789488289487,7,0.13735409035409035,3,0.0,2,24.0
9,5,7,False,7,0.6839736652236651,1,0.16848917748917747,2,0.14753715728715724,0,0.0,3,0.0,7,65.0
9,4,6,False,6,0.31778182928182913,2,0.18904470529470527,4,0.1847220834720834,1,0.15864837939837936,0,0.14980300255300258,3,34.0
9,7,0,False,0,0.4555901875901876,3,0.20855050505050496,6,0.16844985569985568,1,0.16740945165945156,2,0.0,8,13.0
9,7,0,False,0,0.26643795093795086,4,0.2515598845598845,6,0.24538961038961027,7,0.20661255411255408,1,0.03,4,71.0
9,7,7,True,7,0.5454285714285715,0,0.2517896825396825,3,0.19278174603174603,2,0.01,1,0.0,1,68.0
9,1,5,False,5,0.4931594516594516,0,0.1810919913419913,4,0.17010461760461756,1,0.15564393939393933,3,0.0,4,22.0
9,1,0,False,0,0.32854684204684204,5,0.2800201187701187,1,0.2540789488289487,7,0.13735409035409035,3,0.0,3,24.0
9,1,1,True,1,0.653,6,0.3370000000000001,2,0.01,0,0.0,3,0.0,1,98.0
9,0,0,True,0,0.30210281385281385,1,0.29209487734487716,4,0.2751334776334775,6,0.13066883116883116,3,0.0,1,66.0
9,0,6,False,6,0.44766666666666666,4,0.4123333333333333,5,0.13,0,0.01,3,0.0,4,64.0
9,1,2,False,2,0.57,1,0.25,7,0.11833333333333335,4,0.06166666666666667,3,0.0,2,93.8
9,0,0,True,0,0.5938787878787878,2,0.4006666666666668,4,0.0036363636363636364,1,0.0009090909090909091,5,0.0009090909090909091,1,61.7
9,0,1,False,1,0.38784379509379513,0,0.2908069985569985,4,0.16092279942279938,7,0.1604264069264068,3,0.0,2,67.0
9,2,5,False,5,0.3686899351309264,1,0.2241870700641395,6,0.20518799128612028,0,0.07289249868227521,4,0.06976237926098268,8,19.0
9,0,2,False,2,0.6914642857142858,3,0.2975357142857142,1,0.011000000000000001,0,0.0,4,0.0,4,37.4
9,1,2,False,2,0.6269737717037632,5,0.1486174316157937,7,0.12564465913293357,1,0.06818760693909769,0,0.01351673231031788,4,0.0
9,1,1,True,1,0.6487777777777777,2,0.34622222222222215,0,0.005,3,0.0,4,0.0,1,39.3
9,4,6,False,6,0.2510222060361378,1,0.22647337883135088,5,0.21300029313651606,0,0.14456947722040597,7,0.0895192686999962,9,23.0
9,6,2,False,2,0.65,1,0.27,4,0.07,0,0.01,3,0.0,7,60.3
9,6,5,False,5,0.559773460715411,7,0.1814566409682508,6,0.09005909059121128,4,0.08820436769972372,0,0.08050644002540286,3,20.0
9,6,4,False,4,0.38750793650793647,7,0.22901587301587292,6,0.20535714285714282,0,0.17811904761904768,3,0.0,3,79.0
9,6,2,False,2,0.5928095238095239,0,0.37719047619047613,1,0.013333333333333332,7,0.010833333333333332,6,0.005833333333333333,5,49.9
9,6,2,False,2,0.5058333333333334,1,0.4891666666666666,6,0.005,0,0.0,3,0.0,3,48.7
9,4,0,False,0,0.6941190476190476,4,0.21395238095238095,2,0.08192857142857143,1,0.01,3,0.0,2,46.2
9,6,0,False,0,0.3219688089688089,2,0.3202021312021311,6,0.1807457542457542,5,0.1770833055833055,3,0.0,3,11.4
9,4,2,False,2,0.4483333333333333,1,0.4284166666666666,0,0.10975000000000001,7,0.013500000000000002,3,0.0,6,72.6
9,6,8,False,8,0.7629682539682541,7,0.17384126984126982,0,0.06319047619047619,2,0.0,3,0.0,9,11.6
9,5,1,False,1,0.28202380952380945,2,0.26429761904761895,6,0.2297857142857143,5,0.22389285714285706,3,0.0,4,18.7
9,6,1,False,1,0.4481547619047618,7,0.26752941176470585,6,0.26436484593837534,4,0.012663398692810458,0,0.004199346405228758,3,53.1
9,1,6,False,6,0.4685714285714285,7,0.43142857142857144,0,0.05416666666666667,4,0.035833333333333335,2,0.01,6,35.6
9,6,0,False,0,0.3219688089688089,2,0.3202021312021311,6,0.1807457542457542,5,0.1770833055833055,3,0.0,3,11.3
9,6,0,False,0,0.7244484126984128,7,0.2555515873015873,6,0.015,2,0.005,3,0.0,3,43.7
9,7,5,False,5,0.73,6,0.1449249084249084,2,0.04752136752136752,1,0.04066208791208791,8,0.036891636141636146,9,5.7
9,6,2,False,2,0.7974531024531025,6,0.09807683982683982,4,0.06295021645021645,5,0.04151984126984127,3,0.0,2,28.9
9,4,0,False,0,0.5013809523809523,2,0.49861904761904774,1,0.0,3,0.0,4,0.0,5,53.4
9,6,2,False,2,0.3381904761904761,6,0.33371428571428574,0,0.3120952380952381,7,0.016,3,0.0,2,49.3
9,7,2,False,2,0.6269737717037632,5,0.1486174316157937,7,0.12564465913293357,1,0.06818760693909769,0,0.01351673231031788,3,0.0
9,5,2,False,2,0.6269737717037632,5,0.1486174316157937,7,0.12564465913293357,1,0.06818760693909769,0,0.01351673231031788,2,0.0
9,5,2,False,2,0.6269737717037632,5,0.1486174316157937,7,0.12564465913293357,1,0.06818760693909769,0,0.01351673231031788,2,0.0
9,7,2,False,2,0.6269737717037632,5,0.1486174316157937,7,0.12564465913293357,1,0.06818760693909769,0,0.01351673231031788,3,0.0
9,7,1,False,1,0.6,2,0.27,8,0.13,0,0.0,4,0.0,9,14.3
9,7,0,False,0,0.32854684204684204,5,0.2800201187701187,1,0.2540789488289487,7,0.13735409035409035,3,0.0,4,24.0
9,7,2,False,2,0.6269737717037632,5,0.1486174316157937,7,0.12564465913293357,1,0.06818760693909769,0,0.01351673231031788,3,0.0
9,7,1,False,1,0.91,0,0.03966666666666666,6,0.030333333333333327,2,0.02,3,0.0,8,80.7
9,7,2,False,2,0.6269737717037632,5,0.1486174316157937,7,0.12564465913293357,1,0.06818760693909769,0,0.01351673231031788,3,0.0
9,0,0,True,0,0.9291666666666667,2,0.07083333333333333,1,0.0,3,0.0,4,0.0,1,53.5
9,7,2,False,2,0.6445714285714286,6,0.31792857142857134,1,0.0375,0,0.0,3,0.0,8,39.5
9,7,0,False,0,0.39092987787066735,4,0.31286526622672123,6,0.10067346744243025,5,0.10033152240776078,1,0.09519986605242022,8,61.9
9,4,0,False,0,0.44249999999999995,4,0.4315000000000001,1,0.07516666666666666,2,0.05083333333333333,3,0.0,2,54.8
9,2,2,True,2,0.6269737717037632,5,0.1486174316157937,7,0.12564465913293357,1,0.06818760693909769,0,0.01351673231031788,1,0.0
9,0,1,False,1,0.5223160173160175,0,0.24086147186147178,7,0.22182251082251078,4,0.01,2,0.005,2,72.9
9,0,2,False,2,0.45847619047619054,6,0.41152380952380946,1,0.04108730158730158,0,0.038980158730158726,4,0.030313492063492063,4,66.9
9,0,4,False,4,0.65,1,0.15016666666666667,2,0.11316666666666665,0,0.045,7,0.04166666666666666,4,52.5
9,0,1,False,1,0.5371190476190475,2,0.4010476190476191,6,0.06183333333333334,0,0.0,3,0.0,4,47.5
9,0,1,False,1,0.4574047619047619,4,0.4168809523809523,6,0.06,0,0.023444444444444445,7,0.019873015873015872,4,15.2
9,1,2,False,2,0.5781349206349206,1,0.403531746031746,6,0.007333333333333334,7,0.005333333333333333,0,0.004833333333333334,2,44.9
9,0,7,False,7,0.5076309523809525,1,0.2465753968253968,8,0.21579365079365073,2,0.024444444444444442,0,0.004888888888888889,5,3.0
9,0,2,False,2,0.578865046717988,0,0.32556075542104934,5,0.09557419786096252,1,0.0,3,0.0,2,2.9
9,0,0,True,0,0.7546547619047616,2,0.22534523809523804,7,0.015,1,0.0025,8,0.0025,1,3.1
9,0,7,False,7,0.5076309523809525,1,0.2465753968253968,8,0.21579365079365073,2,0.024444444444444442,0,0.004888888888888889,5,3.0
9,2,2,True,2,0.6269737717037632,5,0.1486174316157937,7,0.12564465913293357,1,0.06818760693909769,0,0.01351673231031788,1,0.0
9,2,1,False,1,0.5263333333333334,2,0.4636666666666666,0,0.01,3,0.0,4,0.0,2,46.4
9,5,5,True,5,0.7709761904761904,6,0.22135714285714275,7,0.0034999999999999996,1,0.0026666666666666666,2,0.0015,1,17.1
9,6,0,False,0,0.6473968253968255,2,0.3526031746031746,1,0.0,3,0.0,4,0.0,7,52.3
9,1,0,False,0,0.45217213342213336,7,0.2648840603840602,4,0.14199686424686417,1,0.14094694194694188,3,0.0,4,72.0
9,5,1,False,1,0.7577619047619045,2,0.24223809523809525,0,0.0,3,0.0,4,0.0,6,33.7
9,5,5,True,5,0.7709761904761904,6,0.22135714285714275,7,0.0034999999999999996,1,0.0026666666666666666,2,0.0015,1,17.1
9,8,2,False,2,0.5170681818181817,6,0.2439274891774892,0,0.23650432900432897,1,0.0025,3,0.0,9,19.7
9,6,1,False,1,0.65,7,0.2375,2,0.1125,0,0.0,3,0.0,8,58.7
9,6,6,True,6,0.757595238095238,0,0.16586904761904767,1,0.07653571428571429,2,0.0,3,0.0,1,13.5
9,6,6,True,6,0.6233333333333333,2,0.3281666666666666,3,0.04,5,0.0045000000000000005,1,0.004,1,18.6
9,6,1,False,1,0.3014130314130314,0,0.2683810356310356,7,0.16838947163947166,5,0.14379376179376177,6,0.1180226995226995,5,48.0
9,8,2,False,2,0.7974531024531025,6,0.09807683982683982,4,0.06295021645021645,5,0.04151984126984127,3,0.0,9,28.9
9,6,0,False,0,0.40735714285714275,6,0.3891666666666667,1,0.20347619047619048,2,0.0,3,0.0,2,13.4
9,6,0,False,0,0.7244484126984128,7,0.2555515873015873,6,0.015,2,0.005,3,0.0,3,43.7
9,6,0,False,0,0.4953055555555556,6,0.2680357142857142,2,0.23665873015873007,1,0.0,3,0.0,2,4.7
9,1,2,False,2,0.58,7,0.14228571428571432,1,0.12573809523809523,6,0.08055158730158732,0,0.07142460317460317,3,40.2
9,6,0,False,0,0.82,2,0.06766666666666667,1,0.06666666666666667,6,0.04566666666666666,3,0.0,4,32.4
9,6,5,False,5,0.3619880952380953,0,0.3148214285714286,4,0.29169047619047617,2,0.0175,6,0.013999999999999999,5,18.3
9,1,1,True,1,0.37432792207792204,4,0.21349783549783546,5,0.212771645021645,8,0.1944025974025973,7,0.0025,1,41.0
9,6,1,False,1,0.43807142857142867,2,0.4251071428571428,6,0.07122619047619047,4,0.034333333333333334,0,0.03126190476190476,3,33.9
9,7,5,False,5,0.15947150072150074,3,0.1591139971139971,7,0.151544733044733,0,0.1363167388167388,1,0.13441919191919188,3,12.0
9,8,1,False,1,0.65,2,0.23253968253968252,5,0.09,4,0.013650793650793651,7,0.009841269841269842,9,25.8
9,7,2,False,2,0.6269737717037632,5,0.1486174316157937,7,0.12564465913293357,1,0.06818760693909769,0,0.01351673231031788,3,0.0
9,7,2,False,2,0.6269737717037632,5,0.1486174316157937,7,0.12564465913293357,1,0.06818760693909769,0,0.01351673231031788,3,0.0
9,1,1,True,1,0.21818158531355125,7,0.20869461906342704,6,0.20679149075898298,5,0.1529367468187127,3,0.08259392606877122,1,6.0
9,1,2,False,2,0.7473600288600286,6,0.2446399711399711,5,0.006000000000000001,1,0.002,3,0.0,4,31.3
9,1,2,False,2,0.8108333333333333,7,0.13,8,0.03083333333333333,6,0.028333333333333332,3,0.0,6,28.4
9,0,7,False,7,0.61,2,0.28,1,0.09,0,0.02,3,0.0,4,65.4
9,1,2,False,2,0.4818333333333333,1,0.4081666666666668,0,0.03434126984126984,4,0.03195238095238095,7,0.024706349206349208,2,70.6
9,1,2,False,2,0.6554734154734156,6,0.16231440781440779,7,0.09219788544788544,4,0.04839441114441115,0,0.041619880119880125,6,45.1
9,2,0,False,0,0.3434454887218046,2,0.31091666666666656,1,0.29027380952380943,5,0.032736842105263154,7,0.012219298245614036,2,20.1
9,1,1,True,1,0.3493174603174603,4,0.2935992063492064,0,0.2870833333333333,2,0.06,6,0.01,1,34.4
9,0,6,False,6,0.2766706349206348,7,0.25100396825396815,1,0.23024206349206341,5,0.22208333333333333,2,0.0125,6,16.4
9,0,1,False,1,0.21818158531355125,7,0.20869461906342704,6,0.20679149075898298,5,0.1529367468187127,3,0.08259392606877122,7,6.0
9,2,5,False,5,0.30595408311159067,0,0.2181161935759458,2,0.21575625879108848,7,0.16578060699190722,3,0.0943928575294674,3,5.0
9,0,2,False,2,0.3766071428571429,0,0.34114285714285714,7,0.28225,1,0.0,3,0.0,2,2.6
9,2,2,True,2,0.8941666666666666,0,0.09,4,0.01583333333333333,1,0.0,3,0.0,1,44.7
9,2,6,False,6,0.3804047619047619,2,0.35854761904761895,0,0.253047619047619,1,0.004,8,0.004,2,35.8
9,2,0,False,0,0.6125,1,0.2115,2,0.161,4,0.015,3,0.0,3,46.3
9,2,1,False,1,0.4574047619047619,4,0.4168809523809523,6,0.06,0,0.023444444444444445,7,0.019873015873015872,6,15.2
9,1,0,False,0,0.5134047619047618,2,0.41373809523809535,1,0.06,6,0.012857142857142855,3,0.0,3,30.4
9,2,2,True,2,0.6269737717037632,5,0.1486174316157937,7,0.12564465913293357,1,0.06818760693909769,0,0.01351673231031788,1,0.0
9,2,2,True,2,0.73,1,0.262,7,0.004,4,0.004,3,0.0,1,80.5
9,2,0,False,0,0.9386666666666668,6,0.023666666666666666,7,0.0165,1,0.016166666666666666,2,0.005,5,50.1
9,2,2,True,2,0.45116666666666666,5,0.43883333333333335,6,0.05833333333333333,1,0.05166666666666666,3,0.0,1,34.9
9,1,2,False,2,0.8714999999999999,0,0.12183333333333334,1,0.003333333333333333,7,0.003333333333333333,3,0.0,3,23.9
9,2,6,False,6,0.4983333333333333,2,0.453452380952381,1,0.027678571428571427,7,0.01375,0,0.006785714285714286,2,31.7
9,2,1,False,1,0.62,2,0.1535,4,0.11516666666666665,0,0.11133333333333334,3,0.0,2,55.4
9,2,6,False,6,0.7046064262534852,0,0.21417327117327115,7,0.0565691759221171,5,0.019022487316604962,2,0.005628639334521687,5,6.9
9,2,2,True,2,0.6269737717037632,5,0.1486174316157937,7,0.12564465913293357,1,0.06818760693909769,0,0.01351673231031788,1,0.0
9,2,2,True,2,0.62,1,0.2660912698412698,0,0.03915873015873016,6,0.033384920634920635,4,0.029063492063492066,1,76.4
9,0,6,False,6,0.7046064262534852,0,0.21417327117327115,7,0.0565691759221171,5,0.019022487316604962,2,0.005628639334521687,2,6.9
9,3,6,False,6,0.9,5,0.04088095238095238,2,0.030214285714285707,4,0.028904761904761905,3,0.0,5,5.5
9,2,7,False,7,0.69875,1,0.18958333333333335,4,0.07333333333333333,0,0.035,2,0.003333333333333333,5,84.4
9,2,1,False,1,0.6845833333333333,2,0.21,5,0.06277380952380952,0,0.024428571428571424,4,0.018214285714285714,2,21.8
9,0,8,False,8,0.5690952380952381,5,0.38090476190476175,0,0.04233333333333334,7,0.007666666666666667,3,0.0,3,7.6
9,2,6,False,6,0.9,5,0.04088095238095238,2,0.030214285714285707,4,0.028904761904761905,3,0.0,3,5.5
9,2,0,False,0,0.6452142857142857,2,0.35478571428571426,1,0.0,3,0.0,4,0.0,2,7.2
9,1,2,False,2,0.6269737717037632,5,0.1486174316157937,7,0.12564465913293357,1,0.06818760693909769,0,0.01351673231031788,4,0.0
9,0,2,False,2,0.3766071428571429,0,0.34114285714285714,7,0.28225,1,0.0,3,0.0,2,2.6
9,1,1,True,1,0.7169920634920638,6,0.14896031746031746,2,0.0805515873015873,7,0.05349603174603176,3,0.0,1,38.9
9,2,2,True,2,0.6269737717037632,5,0.1486174316157937,7,0.12564465913293357,1,0.06818760693909769,0,0.01351673231031788,1,0.0
9,2,2,True,2,0.6269737717037632,5,0.1486174316157937,7,0.12564465913293357,1,0.06818760693909769,0,0.01351673231031788,1,0.0
9,2,2,True,2,0.5,0,0.49300000000000005,7,0.006999999999999999,1,0.0,3,0.0,1,2.5
9,2,2,True,2,0.6269737717037632,5,0.1486174316157937,7,0.12564465913293357,1,0.06818760693909769,0,0.01351673231031788,1,0.0
9,2,2,True,2,0.9966666666666667,0,0.0016666666666666666,1,0.0016666666666666666,3,0.0,4,0.0,1,24.6
9,2,2,True,2,0.6015357142857142,4,0.32846428571428554,1,0.07,0,0.0,3,0.0,1,51.8
9,2,1,False,1,0.3239880952380952,0,0.30003571428571424,2,0.2959761904761904,5,0.0625,7,0.0175,3,9.1
9,2,2,True,2,0.5406666666666665,7,0.33333333333333326,0,0.11,6,0.016,3,0.0,1,20.8
9,2,2,True,2,0.98,7,0.02,1,0.0,0,0.0,3,0.0,1,3.4
9,2,2,True,2,0.6269737717037632,5,0.1486174316157937,7,0.12564465913293357,1,0.06818760693909769,0,0.01351673231031788,1,0.0
9,0,0,True,0,0.35041758241758225,6,0.3339340659340658,1,0.31057142857142844,2,0.0027692307692307695,5,0.002307692307692308,1,11.5
9,2,2,True,2,0.6269737717037632,5,0.1486174316157937,7,0.12564465913293357,1,0.06818760693909769,0,0.01351673231031788,1,0.0
9,2,1,False,1,0.67,0,0.29,6,0.04,2,0.0,3,0.0,4,53.6
9,2,6,False,6,0.3055672764198305,0,0.28029548427149026,2,0.19783926363454227,8,0.11506207371919447,1,0.10123590195494218,3,40.0
9,2,1,False,1,0.3268840048840048,6,0.32359787434787424,7,0.2461866605616606,2,0.10333146020646017,3,0.0,4,28.0
9,2,0,False,0,0.37459523809523815,1,0.36723809523809514,2,0.2581666666666666,3,0.0,4,0.0,3,15.5
9,3,2,False,2,0.6269737717037632,5,0.1486174316157937,7,0.12564465913293357,1,0.06818760693909769,0,0.01351673231031788,6,0.0
9,2,6,False,6,0.36828571428571427,2,0.352095238095238,8,0.26461904761904764,7,0.01,0,0.005,2,28.5
9,2,2,True,2,0.6269737717037632,5,0.1486174316157937,7,0.12564465913293357,1,0.06818760693909769,0,0.01351673231031788,1,0.0
9,2,6,False,6,0.4862435064935065,1,0.3905476190476192,4,0.069989898989899,7,0.028198412698412695,2,0.025020562770562766,5,26.1
9,2,6,False,6,0.5033809523809524,1,0.45578571428571424,2,0.04083333333333333,0,0.0,3,0.0,3,12.9
9,2,4,False,4,0.4786944444444443,6,0.24849999999999994,7,0.24280555555555552,1,0.015,2,0.015,5,54.0
9,2,5,False,5,0.3686899351309264,1,0.2241870700641395,6,0.20518799128612028,0,0.07289249868227521,4,0.06976237926098268,8,19.1
9,2,2,True,2,0.6269737717037632,5,0.1486174316157937,7,0.12564465913293357,1,0.06818760693909769,0,0.01351673231031788,1,0.0
9,2,4,False,4,0.64,2,0.301,1,0.059000000000000004,0,0.0,3,0.0,2,54.3
9,1,1,True,1,0.8516666666666666,0,0.14333333333333334,6,0.005,2,0.0,3,0.0,1,123.5
9,1,6,False,6,0.6185714285714284,2,0.1943333333333333,0,0.1656666666666667,1,0.01476190476190476,7,0.006666666666666666,4,86.4
9,1,1,True,1,0.6291666666666668,4,0.22,2,0.15083333333333332,0,0.0,3,0.0,1,119.6
9,1,2,False,2,0.6269737717037632,5,0.1486174316157937,7,0.12564465913293357,1,0.06818760693909769,0,0.01351673231031788,4,0.0
9,1,1,True,1,0.3239880952380952,0,0.30003571428571424,2,0.2959761904761904,5,0.0625,7,0.0175,1,9.1
9,0,0,True,0,0.705595238095238,2,0.24423809523809528,7,0.050166666666666665,1,0.0,3,0.0,1,2.7
9,0,0,True,0,0.73,7,0.23,2,0.04,1,0.0,3,0.0,1,3.6
9,0,1,False,1,0.63,2,0.34,6,0.0275,4,0.0025,3,0.0,6,103.4
9,2,1,False,1,0.65,2,0.23253968253968252,5,0.09,4,0.013650793650793651,7,0.009841269841269842,2,25.8
9,1,6,False,6,0.5733333333333334,2,0.15,7,0.14145238095238097,0,0.1352142857142857,3,0.0,6,41.4
9,2,5,False,5,0.6657142857142857,7,0.32245238095238093,6,0.009833333333333335,2,0.002,3,0.0,4,17.2
9,1,2,False,2,0.4608333333333334,6,0.4283333333333333,0,0.07083333333333333,8,0.04,3,0.0,8,6.6
9,1,1,True,1,0.89,2,0.11,0,0.0,3,0.0,4,0.0,1,128.7
9,1,0,False,0,0.7439523809523808,1,0.24604761904761902,6,0.01,2,0.0,3,0.0,2,15.4
9,1,0,False,0,0.4885,1,0.4308333333333333,5,0.06733333333333333,2,0.013333333333333332,3,0.0,2,38.1
9,1,1,True,1,0.3709523809523809,0,0.35251190476190464,6,0.2765357142857142,2,0.0,3,0.0,1,122.3
9,1,6,False,6,0.616589826839827,0,0.19471103896103892,2,0.18869913419913417,1,0.0,3,0.0,4,13.3
9,2,2,True,2,0.3416190476190476,7,0.3308333333333332,0,0.317547619047619,6,0.01,3,0.0,1,41.5
9,2,2,True,2,0.6269737717037632,5,0.1486174316157937,7,0.12564465913293357,1,0.06818760693909769,0,0.01351673231031788,1,0.0
9,2,2,True,2,0.4483333333333333,1,0.41666666666666674,0,0.105,4,0.02375,7,0.00625,1,72.5
9,2,7,False,7,0.5076309523809525,1,0.2465753968253968,8,0.21579365079365073,2,0.024444444444444442,0,0.004888888888888889,4,3.0
9,2,6,False,6,0.3908340563804959,7,0.2460765396454249,2,0.13506410050218096,4,0.11761959033398657,0,0.1104057131379113,3,45.0
9,2,6,False,6,0.2956652236652235,0,0.28408549783549775,1,0.1537049062049062,7,0.1445108225108225,4,0.12203354978354979,6,76.1
9,2,6,False,6,0.4035451770451771,2,0.20422954822954817,5,0.19332967032967022,7,0.18889560439560427,1,0.01,2,14.8
9,2,2,True,2,0.6269737717037632,5,0.1486174316157937,7,0.12564465913293357,1,0.06818760693909769,0,0.01351673231031788,1,0.0
9,1,2,False,2,0.9,7,0.0625,1,0.032916666666666664,6,0.004583333333333333,3,0.0,3,14.5
9,2,2,True,2,0.6269737717037632,5,0.1486174316157937,7,0.12564465913293357,1,0.06818760693909769,0,0.01351673231031788,1,0.0
9,1,2,False,2,0.6445714285714286,6,0.31792857142857134,1,0.0375,0,0.0,3,0.0,3,39.5
9,2,2,True,2,0.7505833333333333,6,0.23941666666666658,1,0.0075,0,0.0025,3,0.0,1,8.8
9,1,2,False,2,0.62,6,0.192,4,0.158,1,0.03,3,0.0,4,26.8
9,2,2,True,2,0.3682539682539682,0,0.33875396825396814,5,0.26299206349206344,6,0.01225,7,0.0115,1,15.9
9,2,7,False,7,0.4631666666666667,2,0.4286666666666667,6,0.0576904761904762,0,0.05047619047619047,3,0.0,2,49.2
9,2,7,False,7,0.69875,1,0.18958333333333335,4,0.07333333333333333,0,0.035,2,0.003333333333333333,5,84.4
9,2,6,False,6,0.39230735930735944,0,0.20960858585858574,4,0.20291305916305913,1,0.1851709956709956,2,0.01,5,61.0
9,2,2,True,2,0.6269737717037632,5,0.1486174316157937,7,0.12564465913293357,1,0.06818760693909769,0,0.01351673231031788,1,0.0
10,1,0,False,0,0.3432149966047024,5,0.3307998839395897,6,0.21995720456014567,7,0.1060279148955619,3,0.0,7,11.0
10,1,1,True,1,0.49928571428571433,7,0.3923809523809525,0,0.09,4,0.018333333333333333,3,0.0,1,73.0
10,3,0,False,0,0.47023881673881673,1,0.1949383116883116,5,0.17324675324675323,7,0.16157611832611832,3,0.0,5,15.0
10,4,0,False,0,0.30783305583305576,1,0.18394069819069814,4,0.17905674880674877,6,0.17814679764679764,5,0.15102269952269948,3,33.0
10,5,5,True,5,0.5510762570762571,6,0.21320812520812515,7,0.12121339771339766,4,0.11450222000221996,3,0.0,1,20.0
10,7,5,False,5,0.4403704453441295,6,0.19530894324973272,1,0.19395172444514544,7,0.09488126493389645,2,0.07548762202709568,4,17.0
10,7,0,False,0,0.24132457819957817,7,0.2366959429459429,5,0.14124282661782658,2,0.13686123598623595,1,0.13684618159618156,2,3.0
10,6,4,False,4,0.4146349206349205,6,0.19816666666666655,7,0.19768650793650788,1,0.18951190476190477,3,0.0,2,80.0
10,6,0,False,0,0.49039682539682544,2,0.2761666666666665,1,0.2334365079365079,3,0.0,4,0.0,7,37.0
10,5,1,False,1,0.23864595101321107,6,0.23536019652002618,5,0.22406694058435533,2,0.0817154134565125,4,0.07900133586743492,3,18.0
10,7,5,False,5,0.39880524331077893,7,0.3690521289799623,3,0.08107584357506957,6,0.07987319839416349,0,0.07119358574002535,2,8.0
10,4,5,False,5,0.5002828282828282,4,0.17968542568542567,7,0.16958189033189036,0,0.15044985569985564,3,0.0,2,21.0
10,4,0,False,0,0.64,1,0.22,2,0.135,7,0.005,3,0.0,6,84.0
10,7,1,False,1,0.2701643135086398,6,0.19540945583683492,7,0.12804007957226762,0,0.12533383071214543,5,0.1225122708961718,3,6.0
10,6,4,False,4,0.68,1,0.3,2,0.01,0,0.01,3,0.0,7,101.0
10,6,7,False,7,0.4727500000000001,6,0.26074206349206347,0,0.23650793650793647,1,0.03,3,0.0,2,88.0
10,6,5,False,5,0.5510762570762571,6,0.21320812520812515,7,0.12121339771339766,4,0.11450222000221996,3,0.0,2,20.0
10,7,7,True,7,0.4001659339972033,5,0.2630026524902685,0,0.163873234136005,2,0.09567844363239096,6,0.077279735744132,1,7.0
10,1,1,True,1,0.23864595101321107,6,0.23536019652002618,5,0.22406694058435533,2,0.0817154134565125,4,0.07900133586743492,1,18.0
10,0,0,True,0,0.34506746031746033,1,0.33829906204906196,7,0.16923484848484846,4,0.14739862914862914,3,0.0,1,72.0
10,1,1,True,1,0.49773845598845606,6,0.18226731601731597,0,0.16504906204906203,4,0.15494516594516594,3,0.0,1,95.0
10,1,1,True,1,0.54626604900947,6,0.21515457860852588,0,0.12386203562519345,4,0.11471733675681042,3,0.0,1,52.0
10,0,1,False,1,0.57,0,0.23,2,0.18,4,0.02,3,0.0,2,89.0
10,0,1,False,1,0.2762467809967809,6,0.250042735042735,5,0.18199239649239649,0,0.14968179043179045,7,0.14203629703629703,4,48.0
10,0,4,False,4,0.3670853868353868,7,0.25520043845043827,0,0.25169641469641457,1,0.12601776001776,3,0.0,3,77.0
10,0,5,False,5,0.5510762570762571,6,0.21320812520812515,7,0.12121339771339766,4,0.11450222000221996,3,0.0,8,20.0
10,0,1,False,1,0.2920198412698412,2,0.2513253968253968,6,0.22994047619047614,7,0.2267142857142857,3,0.0,6,105.0
10,0,2,False,2,0.23943378843378832,1,0.2232486263736263,0,0.21085409035409025,6,0.20872949272949262,8,0.1177340021090021,3,40.0
10,5,6,False,6,0.3093797387253268,1,0.29557183421154,5,0.22317713903743303,7,0.08790351560204501,4,0.08396777242365476,3,14.0
10,5,5,True,5,0.2988564998028248,6,0.27623651687075423,1,0.20863121528529038,4,0.0779038152380964,2,0.07135913500022059,1,19.0
10,6,0,False,0,0.3160071040071039,7,0.20410564435564435,6,0.1709957542457542,1,0.1685065212565213,4,0.1403849761349761,3,76.0
10,0,1,False,1,0.47199999999999986,6,0.44800000000000006,2,0.05733333333333333,0,0.022666666666666665,3,0.0,4,87.0
10,6,1,False,1,0.5123066378066379,7,0.32290728715728706,6,0.16478607503607498,0,0.0,3,0.0,3,70.0
10,4,2,False,2,0.3686904761904763,0,0.3223690476190476,4,0.2944166666666666,6,0.01452380952380952,3,0.0,3,46.0
10,6,2,False,2,0.23943378843378832,1,0.2232486263736263,0,0.21085409035409025,6,0.20872949272949262,8,0.1177340021090021,4,40.0
10,5,5,True,5,0.5510762570762571,6,0.21320812520812515,7,0.12121339771339766,4,0.11450222000221996,3,0.0,1,20.0
10,6,2,False,2,0.35671825396825385,1,0.3220079365079364,0,0.3137738095238095,6,0.0075,3,0.0,4,42.0
10,6,4,False,4,0.27902247752247744,0,0.267755106005106,2,0.1590730658230658,1,0.15491877566877565,6,0.1392305749805749,5,34.0
10,6,6,True,6,0.3357789726613255,0,0.28229289746201497,7,0.22017593844064426,1,0.08115440768381943,2,0.08059778375219549,1,51.0
10,6,7,False,7,0.33698809523809525,0,0.29888095238095225,1,0.2916309523809523,6,0.04166666666666667,2,0.030833333333333334,4,50.0
10,6,1,False,1,0.23864595101321107,6,0.23536019652002618,5,0.22406694058435533,2,0.0817154134565125,4,0.07900133586743492,2,18.0
10,3,0,False,0,0.3807875180375179,7,0.32290620490620475,2,0.288806277056277,3,0.0075,1,0.0,4,2.0
10,4,2,False,2,0.498142857142857,5,0.2690238095238095,6,0.23283333333333328,0,0.0,3,0.0,7,29.0
10,6,0,False,0,0.4084367021867022,6,0.3032629315129314,7,0.2783003663003662,1,0.0075,2,0.0025,2,58.0
10,6,6,True,6,0.3093797387253268,1,0.29557183421154,5,0.22317713903743303,7,0.08790351560204501,4,0.08396777242365476,1,14.0
10,0,0,True,0,0.49039682539682544,2,0.2761666666666665,1,0.2334365079365079,3,0.0,4,0.0,1,37.0
10,7,0,False,0,0.47023881673881673,1,0.1949383116883116,5,0.17324675324675323,7,0.16157611832611832,3,0.0,4,15.0
10,4,1,False,1,0.6233008658008657,8,0.19205411255411253,5,0.18464502164502158,2,0.0,3,0.0,6,41.0
10,4,6,False,6,0.38582323232323223,0,0.21212373737373735,4,0.20137734487734488,7,0.2006756854256854,3,0.0,3,79.0
10,4,1,False,1,0.418824614927556,6,0.27688173591114745,0,0.17124751065927535,7,0.13304613850202082,3,0.0,8,32.0
10,7,7,True,7,0.42399891774891757,5,0.20706818181818176,1,0.19852777777777764,2,0.1704051226551226,3,0.0,1,65.0
10,5,5,True,5,0.2988564998028248,6,0.27623651687075423,1,0.20863121528529038,4,0.0779038152380964,2,0.07135913500022059,1,19.0
10,7,0,False,0,0.34506746031746033,1,0.33829906204906196,7,0.16923484848484846,4,0.14739862914862914,3,0.0,3,72.0
10,5,0,False,0,0.3807875180375179,7,0.32290620490620475,2,0.288806277056277,3,0.0075,1,0.0,7,2.0
10,7,1,False,1,0.3430117382617381,5,0.32755812243312227,0,0.21286725774225773,7,0.11656288156288153,3,0.0,4,24.0
10,7,0,False,0,0.65,2,0.24,1,0.08,4,0.03,3,0.0,8,102.0
10,7,5,False,5,0.5510762570762571,6,0.21320812520812515,7,0.12121339771339766,4,0.11450222000221996,3,0.0,3,20.0
10,0,1,False,1,0.49928571428571433,7,0.3923809523809525,0,0.09,4,0.018333333333333333,3,0.0,3,73.0
10,1,6,False,6,0.5141666666666667,4,0.36583333333333334,1,0.05833333333333334,2,0.051666666666666666,0,0.01,3,93.0
10,1,0,False,0,0.5874505772005773,1,0.20927128427128422,4,0.20327813852813853,2,0.0,3,0.0,2,67.0
10,0,4,False,4,0.342880772005772,0,0.33640577478077477,5,0.12462684537684537,1,0.1054546842046842,6,0.09063192363192363,2,62.0
10,0,6,False,6,0.5907976190476192,1,0.22051190476190471,2,0.1836904761904762,0,0.005,3,0.0,4,13.3
10,0,2,False,2,0.5001666666666665,4,0.4998333333333334,1,0.0,0,0.0,3,0.0,4,44.6
10,6,6,True,6,0.5054895937395938,8,0.18198889998889997,2,0.16478438228438225,1,0.14773712398712396,3,0.0,1,5.6
10,5,1,False,1,0.49047619047619057,0,0.44952380952380944,2,0.04121428571428572,6,0.008785714285714286,7,0.008,6,8.9
10,4,2,False,2,0.775,1,0.17,0,0.05499999999999999,3,0.0,4,0.0,5,22.7
10,6,1,False,1,0.48170634920634925,6,0.28747619047619033,7,0.23081746031746023,0,0.0,3,0.0,2,14.7
10,6,3,False,3,0.3258333333333333,2,0.3115238095238095,0,0.27430952380952384,1,0.054523809523809516,5,0.02452380952380952,6,16.3
10,0,6,False,6,0.3357789726613255,0,0.28229289746201497,7,0.22017593844064426,1,0.08115440768381943,2,0.08059778375219549,2,50.9
10,6,6,True,6,0.7468906926406924,1,0.2351547619047618,2,0.007727272727272727,5,0.006818181818181819,0,0.0034090909090909094,1,10.6
10,6,1,False,1,0.5736666666666668,2,0.418,4,0.008333333333333333,0,0.0,3,0.0,7,48.2
10,6,4,False,4,0.6883333333333335,2,0.21416666666666664,1,0.0975,0,0.0,3,0.0,7,26.7
10,0,0,True,0,0.3476569264069264,6,0.33021428571428574,7,0.3008690476190476,1,0.010603896103896105,5,0.006337662337662339,1,17.7
10,1,7,False,7,0.68,2,0.225,8,0.08,1,0.015,3,0.0,4,14.3
10,4,1,False,1,0.6686723325693914,2,0.2674075948561242,6,0.03491579662167897,7,0.029004275952805365,3,0.0,8,27.9
10,5,2,False,2,0.7102619047619045,4,0.2797380952380952,6,0.005,1,0.0025,8,0.0025,7,5.4
10,6,1,False,1,0.3208943850267378,6,0.25025543002748885,7,0.21776332082949726,2,0.21108686411627572,3,0.0,2,28.0
10,6,2,False,2,0.498142857142857,5,0.2690238095238095,6,0.23283333333333328,0,0.0,3,0.0,3,29.0
10,6,6,True,6,0.62,1,0.22083333333333335,2,0.14916666666666667,0,0.01,3,0.0,1,53.7
10,4,2,False,2,0.6498214285714283,1,0.31827380952380946,6,0.011904761904761902,5,0.01,0,0.007142857142857142,6,33.1
10,6,6,True,6,0.7468906926406924,1,0.2351547619047618,2,0.007727272727272727,5,0.006818181818181819,0,0.0034090909090909094,1,10.6
10,6,6,True,6,0.65,2,0.1951904761904762,1,0.08019047619047619,0,0.07461904761904763,3,0.0,1,10.2
10,5,2,False,2,0.6039696731317038,7,0.15041151263923264,5,0.1347271118559774,1,0.0737103608745707,3,0.01789867589482341,3,0.0
10,5,0,False,0,0.3807875180375179,7,0.32290620490620475,2,0.288806277056277,3,0.0075,1,0.0,7,2.0
10,7,0,False,0,0.4677496947496948,7,0.2786092796092795,6,0.2536410256410256,1,0.0,3,0.0,2,55.0
10,7,5,False,5,0.3727063492063492,1,0.31866666666666665,6,0.2795,7,0.01107936507936508,4,0.01065079365079365,4,21.1
10,4,1,False,1,0.3453412698412698,2,0.33588492063492054,0,0.3187738095238095,3,0.0,4,0.0,5,42.1
10,7,0,False,0,0.5874505772005773,1,0.20927128427128422,4,0.20327813852813853,2,0.0,3,0.0,8,67.0
10,1,1,True,1,0.7151904761904762,6,0.12692460317460316,7,0.08168253968253968,2,0.07286904761904762,0,0.003333333333333333,1,38.9
10,7,1,False,1,0.62,2,0.31,0,0.055,6,0.014999999999999998,3,0.0,8,29.3
10,5,2,False,2,0.6039696731317038,7,0.15041151263923264,5,0.1347271118559774,1,0.0737103608745707,3,0.01789867589482341,3,0.0
10,7,1,False,1,0.61,6,0.2197597402597402,0,0.09545815295815295,8,0.0747821067821068,3,0.0,9,11.2
10,7,2,False,2,0.6039696731317038,7,0.15041151263923264,5,0.1347271118559774,1,0.0737103608745707,3,0.01789867589482341,2,0.0
10,1,1,True,1,0.61,4,0.22,2,0.16,0,0.01,3,0.0,1,119.7
10,6,0,False,0,0.8625,6,0.1125,2,0.025,1,0.0,3,0.0,2,29.7
10,0,1,False,1,0.839857142857143,6,0.11,2,0.02928571428571429,0,0.02085714285714286,3,0.0,4,15.4
10,0,2,False,2,0.8786666666666667,0,0.06983333333333333,6,0.04435714285714285,1,0.007142857142857143,3,0.0,2,52.2
10,0,1,False,1,0.6778888888888887,6,0.28096825396825387,0,0.02241269841269841,4,0.011301587301587302,5,0.0074285714285714285,3,32.9
10,1,0,False,0,0.45391666666666663,1,0.4390833333333333,2,0.062,4,0.045,3,0.0,2,54.6
10,1,7,False,7,0.32075421800421794,1,0.31658918858918844,0,0.18898623598623598,6,0.17367035742035739,3,0.0,2,40.4
10,1,7,False,7,0.479,6,0.41100000000000003,2,0.065,1,0.045,3,0.0,4,12.5
10,1,6,False,6,0.6089523809523809,7,0.37204761904761907,2,0.019,0,0.0,3,0.0,6,86.0
10,0,2,False,2,0.65,6,0.22,1,0.06833333333333333,4,0.05166666666666666,7,0.01,6,73.6
10,0,4,False,4,0.6783333333333335,0,0.29,1,0.03166666666666666,2,0.0,3,0.0,2,53.4
10,6,2,False,2,0.617309523809524,8,0.3593571428571427,1,0.02333333333333333,0,0.0,4,0.0,7,28.5
10,5,2,False,2,0.3548492063492064,6,0.335793650793651,5,0.3093571428571427,0,0.0,3,0.0,3,18.7
10,6,6,True,6,0.37102380952380953,2,0.3411428571428571,1,0.2878333333333332,0,0.0,3,0.0,1,41.8
10,8,7,False,7,0.4466666666666667,2,0.42249999999999993,1,0.08366666666666665,6,0.042166666666666665,0,0.005,9,38.4
10,6,0,False,0,0.40059487734487725,6,0.39938780663780654,1,0.1985887445887445,2,0.0014285714285714286,3,0.0,2,13.4
10,7,0,False,0,0.4311666666666667,1,0.42883333333333323,2,0.09966666666666667,6,0.04033333333333333,3,0.0,8,31.8
10,2,2,True,2,0.6039696731317038,7,0.15041151263923264,5,0.1347271118559774,1,0.0737103608745707,3,0.01789867589482341,1,0.0
10,2,1,False,1,0.7330013042513044,7,0.1376218781218781,0,0.06613056388056388,6,0.06324625374625376,3,0.0,6,40.2
10,1,7,False,7,0.872,2,0.09,0,0.03,1,0.006,6,0.002,4,69.6
10,6,4,False,4,0.2816403318903318,0,0.2522222222222222,5,0.2432103174603175,2,0.20767460317460312,6,0.01212121212121212,5,16.1
10,1,1,True,1,0.369799062049062,8,0.3213333333333333,2,0.290353896103896,6,0.010862193362193361,4,0.007651515151515151,1,35.9
10,8,1,False,1,0.5515125650493299,6,0.1590600477953419,0,0.13858786883051588,7,0.11310944855797793,2,0.03773006976683447,9,51.1
10,5,1,False,1,0.23864595101321107,6,0.23536019652002618,5,0.22406694058435533,2,0.0817154134565125,4,0.07900133586743492,3,18.0
10,5,2,False,2,0.6039696731317038,7,0.15041151263923264,5,0.1347271118559774,1,0.0737103608745707,3,0.01789867589482341,3,0.0
10,5,7,False,7,0.61,6,0.17328144078144078,1,0.08075732600732602,2,0.07353113553113555,8,0.06243009768009768,7,5.7
10,7,1,False,1,0.6355000000000001,2,0.17850000000000002,6,0.16949999999999998,5,0.016,4,0.0005,8,18.9
10,7,6,False,6,0.41512878787878776,2,0.3900494227994228,5,0.1948217893217893,0,0.0,3,0.0,8,14.8
10,5,2,False,2,0.7102619047619045,4,0.2797380952380952,6,0.005,1,0.0025,8,0.0025,7,5.4
10,7,5,False,5,0.2988564998028248,6,0.27623651687075423,1,0.20863121528529038,4,0.0779038152380964,2,0.07135913500022059,8,19.0
10,1,1,True,1,0.6778888888888887,6,0.28096825396825387,0,0.02241269841269841,4,0.011301587301587302,5,0.0074285714285714285,1,32.9
10,2,0,False,0,0.7415266955266957,7,0.2518066378066377,2,0.006666666666666666,1,0.0,3,0.0,3,2.6
10,1,2,False,2,0.62,0,0.26,1,0.07,7,0.05,3,0.0,3,110.8
10,1,2,False,2,0.63,1,0.2786971288515406,5,0.026841970121381887,6,0.02530847338935574,0,0.015888772175536883,2,22.9
10,1,1,True,1,0.65,2,0.2711428571428572,4,0.07885714285714285,0,0.0,3,0.0,1,51.7
10,1,1,True,1,0.7143333333333334,2,0.14383333333333334,6,0.12583333333333335,0,0.016,3,0.0,1,32.6
10,1,6,False,6,0.4749771062271062,2,0.44398168498168494,4,0.037920329670329676,0,0.027024725274725273,1,0.016096153846153847,5,33.9
10,0,0,True,0,0.3793616946778711,2,0.3499299719887955,5,0.25855497198879546,7,0.008797268907563027,3,0.0033560924369747894,1,5.1
10,0,0,True,0,0.5699960317460315,7,0.3600039682539682,6,0.07,1,0.0,3,0.0,1,7.5
10,1,2,False,2,0.6039696731317038,7,0.15041151263923264,5,0.1347271118559774,1,0.0737103608745707,3,0.01789867589482341,4,0.0
10,0,0,True,0,0.46339268461007577,2,0.2830717736369909,1,0.24382539682539675,5,0.005314009661835748,7,0.003526570048309179,1,4.9
10,2,6,False,6,0.44709715284715273,1,0.3915476190476192,5,0.1067874347874348,7,0.02929351204351205,4,0.025274281274281277,8,19.9
10,2,5,False,5,0.5002828282828282,4,0.17968542568542567,7,0.16958189033189036,0,0.15044985569985564,3,0.0,6,21.0
10,1,2,False,2,0.56,1,0.32333333333333336,6,0.11666666666666668,0,0.0,3,0.0,2,48.5
10,1,2,False,2,0.6110858585858585,5,0.20565223665223656,6,0.18326190476190476,0,0.0,3,0.0,6,31.1
10,2,2,True,2,0.8076706349206347,6,0.11782936507936505,0,0.067,1,0.005,7,0.0025,1,35.7
10,2,1,False,1,0.7143333333333334,2,0.14383333333333334,6,0.12583333333333335,0,0.016,3,0.0,2,32.6
10,2,2,True,2,0.829182817182817,7,0.17081718281718278,1,0.0,0,0.0,3,0.0,1,2.2
10,2,7,False,7,0.5165000000000001,1,0.2453730158730158,2,0.23812698412698402,0,0.0,3,0.0,3,25.0
10,2,2,True,2,0.6418253968253967,3,0.3292857142857142,0,0.020555555555555553,7,0.008333333333333333,1,0.0,1,2.1
10,2,7,False,7,0.3520952380952381,0,0.3444047619047618,2,0.28349999999999986,1,0.01,6,0.01,3,41.5
10,2,2,True,2,0.4628333333333333,7,0.4411666666666666,6,0.065,0,0.031,3,0.0,1,49.2
10,2,0,False,0,0.5874505772005773,1,0.20927128427128422,4,0.20327813852813853,2,0.0,3,0.0,4,67.1
10,1,7,False,7,0.23262914862914855,1,0.2033589466089465,5,0.20040620490620484,6,0.19664069264069262,2,0.1619650072150072,2,30.3
10,2,2,True,2,0.7331507936507934,0,0.2585158730158729,6,0.008333333333333333,1,0.0,3,0.0,1,29.9
10,1,8,False,8,0.9,6,0.0275952380952381,1,0.026841269841269843,5,0.02299603174603175,4,0.01386111111111111,3,14.1
10,2,5,False,5,0.43102380952380953,2,0.3889761904761905,1,0.11,6,0.07,3,0.0,2,64.5
10,2,2,True,2,0.6498214285714283,1,0.31827380952380946,6,0.011904761904761902,5,0.01,0,0.007142857142857142,1,33.1
10,2,1,False,1,0.40251984126984114,0,0.31237301587301575,2,0.2851071428571428,3,0.0,4,0.0,3,37.1
10,0,6,False,6,0.48849999999999993,0,0.45299999999999996,2,0.031,1,0.0275,3,0.0,2,32.4
10,0,0,True,0,0.3793616946778711,2,0.3499299719887955,5,0.25855497198879546,7,0.008797268907563027,3,0.0033560924369747894,1,5.1
10,2,0,False,0,0.99,7,0.01,2,0.0,1,0.0,3,0.0,3,61.7
10,1,5,False,5,0.43102380952380953,2,0.3889761904761905,1,0.11,6,0.07,3,0.0,3,64.5
10,2,2,True,2,0.855,6,0.07,7,0.06,0,0.011666666666666665,1,0.003333333333333333,1,44.2
10,2,2,True,2,0.7808333333333333,1,0.14916666666666667,4,0.03166666666666666,6,0.03,0,0.008333333333333333,1,43.2
10,2,2,True,2,0.6418253968253967,3,0.3292857142857142,0,0.020555555555555553,7,0.008333333333333333,1,0.0,1,2.1
10,2,2,True,2,0.6039696731317038,7,0.15041151263923264,5,0.1347271118559774,1,0.0737103608745707,3,0.01789867589482341,1,0.0
10,0,2,False,2,0.7958333333333333,5,0.2041666666666667,1,0.0,0,0.0,3,0.0,4,27.6
10,1,2,False,2,0.6039696731317038,7,0.15041151263923264,5,0.1347271118559774,1,0.0737103608745707,3,0.01789867589482341,4,0.0
10,2,1,False,1,0.3453412698412698,2,0.33588492063492054,0,0.3187738095238095,3,0.0,4,0.0,2,42.1
10,2,2,True,2,0.6039696731317038,7,0.15041151263923264,5,0.1347271118559774,1,0.0737103608745707,3,0.01789867589482341,1,0.0
10,1,1,True,1,0.5388625541125541,4,0.16349025974025977,2,0.1503740981240981,6,0.147273088023088,3,0.0,1,36.1
10,0,0,True,0,0.64,7,0.28,2,0.08,1,0.0,3,0.0,1,3.6
10,0,0,True,0,0.82,6,0.18,2,0.0,1,0.0,3,0.0,1,7.3
10,0,0,True,0,0.9222142857142857,3,0.041761904761904764,6,0.03602380952380953,1,0.0,2,0.0,1,6.4
10,2,2,True,2,0.6039696731317038,7,0.15041151263923264,5,0.1347271118559774,1,0.0737103608745707,3,0.01789867589482341,1,0.0
10,2,2,True,2,0.6039696731317038,7,0.15041151263923264,5,0.1347271118559774,1,0.0737103608745707,3,0.01789867589482341,1,0.0
10,2,2,True,2,0.6039696731317038,7,0.15041151263923264,5,0.1347271118559774,1,0.0737103608745707,3,0.01789867589482341,1,0.0
10,2,2,True,2,0.6039696731317038,7,0.15041151263923264,5,0.1347271118559774,1,0.0737103608745707,3,0.01789867589482341,1,0.0
10,2,6,False,6,0.2849404761904761,8,0.2507023809523809,0,0.24177380952380953,2,0.22258333333333322,3,0.0,4,19.8
10,2,2,True,2,0.6039696731317038,7,0.15041151263923264,5,0.1347271118559774,1,0.0737103608745707,3,0.01789867589482341,1,0.0
10,2,2,True,2,0.6039696731317038,7,0.15041151263923264,5,0.1347271118559774,1,0.0737103608745707,3,0.01789867589482341,1,0.0
10,2,2,True,2,0.6039696731317038,7,0.15041151263923264,5,0.1347271118559774,1,0.0737103608745707,3,0.01789867589482341,1,0.0
10,1,1,True,1,0.9112499999999999,6,0.08875000000000002,2,0.0,0,0.0,3,0.0,1,98.1
10,2,2,True,2,0.6039696731317038,7,0.15041151263923264,5,0.1347271118559774,1,0.0737103608745707,3,0.01789867589482341,1,0.0
10,2,1,False,1,0.64,2,0.325,0,0.035,3,0.0,4,0.0,2,22.8
10,2,8,False,8,0.61,2,0.18033333333333332,1,0.15966666666666668,6,0.0475,7,0.0025,2,43.5
10,1,6,False,6,0.5319484126984129,1,0.2659920634920634,7,0.19491666666666663,4,0.004285714285714285,0,0.002857142857142857,2,53.1
10,1,7,False,7,0.4542867965367965,4,0.2904339826839826,2,0.2352792207792208,1,0.02,3,0.0,4,85.0
10,2,2,True,2,0.23943378843378832,1,0.2232486263736263,0,0.21085409035409025,6,0.20872949272949262,8,0.1177340021090021,1,40.0
10,2,0,False,0,0.4311666666666667,1,0.42883333333333323,2,0.09966666666666667,6,0.04033333333333333,3,0.0,3,31.8
10,2,2,True,2,0.6363293650793649,6,0.35505952380952366,0,0.008611111111111111,1,0.0,3,0.0,1,30.7
10,0,2,False,2,0.6933961316461317,7,0.1265419857919858,5,0.08757553557553559,0,0.06699070374070373,6,0.025495643245643244,4,7.1
10,2,2,True,2,0.6039696731317038,7,0.15041151263923264,5,0.1347271118559774,1,0.0737103608745707,3,0.01789867589482341,1,0.0
10,2,2,True,2,0.7983809523809523,0,0.16133333333333333,6,0.026857142857142854,1,0.013428571428571427,3,0.0,1,26.3
10,0,7,False,7,0.8,0,0.19,2,0.01,1,0.0,3,0.0,2,3.7
10,2,2,True,2,0.7230198412698411,6,0.26031349206349197,0,0.01,5,0.006666666666666666,3,0.0,1,8.8
10,2,2,True,2,0.503968253968254,0,0.2518968253968253,1,0.24413492063492048,3,0.0,4,0.0,1,36.4
10,2,2,True,2,0.9,0,0.055,1,0.03,6,0.014999999999999998,3,0.0,1,29.2
10,1,6,False,6,0.6,5,0.17300000000000001,1,0.16033333333333333,2,0.03933333333333333,0,0.027333333333333334,3,15.6
10,2,2,True,2,0.74,6,0.22016666666666665,1,0.03983333333333333,0,0.0,3,0.0,1,82.2
10,2,6,False,6,0.40703155178155176,7,0.36831071706071705,4,0.2246577311577311,0,0.0,3,0.0,6,16.0
10,0,0,True,0,0.3807875180375179,7,0.32290620490620475,2,0.288806277056277,3,0.0075,1,0.0,1,2.0
10,2,6,False,6,0.3671666666666667,0,0.298595238095238,2,0.2965,7,0.024047619047619047,1,0.01369047619047619,3,49.9
10,2,2,True,2,0.93,1,0.06,0,0.01,3,0.0,4,0.0,1,126.0
10,1,2,False,2,0.8356666666666667,1,0.16433333333333333,0,0.0,3,0.0,4,0.0,2,144.2
10,2,2,True,2,0.6039696731317038,7,0.15041151263923264,5,0.1347271118559774,1,0.0737103608745707,3,0.01789867589482341,1,0.0
10,1,0,False,0,0.5874505772005773,1,0.20927128427128422,4,0.20327813852813853,2,0.0,3,0.0,2,67.0
10,2,0,False,0,0.459952380952381,7,0.4232619047619048,1,0.08,2,0.02726190476190476,6,0.005357142857142857,4,66.5
10,1,2,False,2,0.3548492063492064,6,0.335793650793651,5,0.3093571428571427,0,0.0,3,0.0,6,18.7
10,1,1,True,1,0.35630952380952374,2,0.324015873015873,0,0.3096746031746031,3,0.0055000000000000005,4,0.0022500000000000003,1,44.1
10,0,1,False,1,0.839857142857143,6,0.11,2,0.02928571428571429,0,0.02085714285714286,3,0.0,4,15.4
10,2,6,False,6,0.2849404761904761,8,0.2507023809523809,0,0.24177380952380953,2,0.22258333333333322,3,0.0,4,19.7
10,1,2,False,2,0.62,7,0.18983333333333335,1,0.17016666666666666,4,0.02,3,0.0,3,91.6
10,2,6,False,6,0.35459260184260166,0,0.3205573038073038,5,0.18282392607392603,2,0.14202616827616826,3,0.0,4,11.4
10,2,2,True,2,0.992,0,0.006,3,0.002,1,0.0,4,0.0,1,37.3
10,2,6,False,6,0.97,5,0.015,3,0.01,2,0.005,0,0.0,4,18.6
10,2,0,False,0,0.47023881673881673,1,0.1949383116883116,5,0.17324675324675323,7,0.16157611832611832,3,0.0,6,15.0
10,1,1,True,1,0.6139285714285715,4,0.33607142857142863,2,0.05,0,0.0,3,0.0,1,90.0
10,0,1,False,1,0.72,2,0.23110317460317462,0,0.027190476190476192,5,0.021706349206349205,3,0.0,3,13.8
10,2,2,True,2,0.93,7,0.06,0,0.01,1,0.0,3,0.0,1,3.4
10,2,2,True,2,0.6039696731317038,7,0.15041151263923264,5,0.1347271118559774,1,0.0737103608745707,3,0.01789867589482341,1,0.0
10,2,2,True,2,0.8525,6,0.0925,1,0.05,7,0.0025,0,0.0016666666666666666,1,45.2
10,2,2,True,2,0.5339588744588744,7,0.44729112554112566,0,0.01875,1,0.0,3,0.0,1,2.4
10,2,4,False,4,0.5141666666666665,6,0.4060000000000001,0,0.07983333333333334,1,0.0,3,0.0,6,43.1
10,2,6,False,6,0.7746099733599734,1,0.12903771228771233,4,0.09635231435231435,0,0.0,3,0.0,6,48.9
10,2,4,False,4,0.6783333333333335,0,0.29,1,0.03166666666666666,2,0.0,3,0.0,4,53.4
10,2,2,True,2,0.85,0,0.07,1,0.07,7,0.01,3,0.0,1,94.4
10,1,2,False,2,0.6418253968253967,3,0.3292857142857142,0,0.020555555555555553,7,0.008333333333333333,1,0.0,5,2.1
10,3,4,False,4,0.44233333333333336,2,0.4376666666666666,0,0.12,1,0.0,3,0.0,5,23.6
10,0,1,False,1,0.839857142857143,6,0.11,2,0.02928571428571429,0,0.02085714285714286,3,0.0,4,15.4
10,2,1,False,1,0.84,7,0.12273809523809524,6,0.03726190476190476,0,0.0,3,0.0,6,75.3
10,2,6,False,6,0.9133333333333333,1,0.07666666666666666,2,0.01,0,0.0,3,0.0,3,47.3
10,1,7,False,7,0.5113906926406927,0,0.2762474747474746,1,0.2123618326118326,2,0.0,3,0.0,3,91.0
