fold,true_cluster,predicted_cluster,correct,top1_cluster,top1_confidence,top2_cluster,top2_confidence,top3_cluster,top3_confidence,top4_cluster,top4_confidence,top5_cluster,top5_confidence,true_rank,elevation_gain
1,0,1,False,1,0.6644860208161295,8,0.1498657857020859,0,0.09385448843382277,6,0.091793705047962,3,0.0,3,5.0
1,4,1,False,1,0.7451461038961037,7,0.1303437950937951,6,0.124510101010101,0,0.0,3,0.0,8,6.7
1,5,1,False,1,0.28164285714285714,0,0.25690476190476197,6,0.25277380952380946,2,0.20534523809523805,4,0.003333333333333333,7,37.4
1,4,1,False,1,0.49712587412587406,3,0.16774755799755794,6,0.16168648018648019,7,0.15344008769008766,2,0.02,8,23.2
1,4,4,True,4,0.473547619047619,5,0.45645238095238094,1,0.0403888888888889,2,0.02961111111111111,3,0.0,1,23.5
1,2,8,False,8,0.5122619047619047,4,0.43040476190476196,6,0.033,1,0.024333333333333335,3,0.0,6,24.2
1,1,1,True,1,0.5736666666666665,2,0.4113333333333333,4,0.015,0,0.0,3,0.0,1,25.2
1,0,1,False,1,0.5475263347763348,2,0.22053932178932173,3,0.2138138528138528,8,0.012413419913419911,4,0.005707070707070707,6,26.3
1,4,1,False,1,0.6056150793650794,4,0.2965515873015873,5,0.034650793650793654,7,0.03392460317460318,8,0.02925793650793651,2,24.6
1,4,5,False,5,0.9466666666666668,4,0.04,1,0.01,0,0.003333333333333333,3,0.0,2,44.6
1,5,5,True,5,0.35855952380952383,1,0.3140992063492063,7,0.30400793650793656,4,0.02,2,0.003333333333333333,1,30.3
1,5,1,False,1,0.6384029581529582,5,0.19621536796536795,8,0.16538167388167385,2,0.0,3,0.0,2,23.8
1,3,1,False,1,0.4712579365079366,0,0.27325793650793645,2,0.2538174603174602,5,0.0016666666666666666,3,0.0,5,17.6
1,3,1,False,1,1.0,0,0.0,2,0.0,3,0.0,4,0.0,4,16.8
1,5,2,False,2,0.6340238095238094,1,0.3659761904761904,0,0.0,3,0.0,4,0.0,6,30.6
1,7,1,False,1,0.4912617105117106,5,0.20539517263781967,0,0.10644428855458266,7,0.10416188631629802,4,0.092736941979589,4,5.3
1,7,1,False,1,0.8469157868511857,8,0.05833124576853407,3,0.044051076205237544,7,0.017649805981257195,9,0.014202474327437138,4,0.0
1,7,4,False,4,0.67,0,0.16,2,0.14,5,0.0175,1,0.0125,8,51.4
1,4,5,False,5,0.4751666666666667,1,0.4081666666666667,8,0.05916666666666666,6,0.04083333333333333,2,0.016666666666666666,7,31.1
1,1,1,True,1,0.6559639249639246,5,0.3440360750360748,2,0.0,0,0.0,3,0.0,1,7.7
1,1,6,False,6,0.71,1,0.17,7,0.06,5,0.05,0,0.01,2,63.4
1,1,1,True,1,0.946335165464071,4,0.05366483453592846,2,0.0,0,0.0,3,0.0,1,3.3
1,1,8,False,8,0.4087962059620596,1,0.322789295392954,7,0.26233333333333325,6,0.0031266937669376695,4,0.0029544715447154474,2,12.7
1,1,1,True,1,0.37492460317460313,6,0.24121428571428566,7,0.1943055555555555,0,0.17641269841269838,2,0.008857142857142857,1,11.3
1,2,7,False,7,0.84,5,0.06533333333333333,4,0.057,1,0.03766666666666666,3,0.0,6,32.8
1,1,7,False,7,0.84,5,0.06533333333333333,4,0.057,1,0.03766666666666666,3,0.0,4,32.8
1,0,1,False,1,1.0,0,0.0,2,0.0,3,0.0,4,0.0,2,14.1
1,5,5,True,5,0.3572261904761904,1,0.3234325396825397,7,0.30400793650793656,2,0.015333333333333332,3,0.0,1,30.2
1,3,1,False,1,0.5756601731601729,3,0.21787012987012985,2,0.20646969696969703,0,0.0,4,0.0,2,8.6
1,5,1,False,1,0.5833333333333335,7,0.41666666666666663,2,0.0,0,0.0,3,0.0,7,40.5
1,3,1,False,1,0.8469157868511857,8,0.05833124576853407,3,0.044051076205237544,7,0.017649805981257195,9,0.014202474327437138,3,0.0
1,5,1,False,1,0.8469157868511857,8,0.05833124576853407,3,0.044051076205237544,7,0.017649805981257195,9,0.014202474327437138,10,0.0
1,5,1,False,1,0.9772222222222223,6,0.019166666666666665,2,0.003611111111111111,0,0.0,3,0.0,7,22.3
1,5,1,False,1,0.8941666666666666,4,0.10583333333333333,2,0.0,0,0.0,3,0.0,6,33.6
1,5,0,False,0,0.43500000000000005,5,0.43499999999999994,1,0.08,6,0.04,4,0.01,2,48.6
1,1,1,True,1,1.0,0,0.0,2,0.0,3,0.0,4,0.0,1,6.9
1,1,1,True,1,0.45049999999999996,4,0.38949999999999996,3,0.16,0,0.0,2,0.0,1,17.8
1,5,1,False,1,0.3723826696179636,3,0.22965767239296647,4,0.13599163336663328,5,0.13575948479624944,2,0.12620853982618685,4,17.1
1,7,1,False,1,0.91,0,0.09,2,0.0,3,0.0,4,0.0,8,45.2
1,2,5,False,5,0.516452380952381,4,0.473547619047619,1,0.008888888888888889,8,0.0011111111111111111,3,0.0,6,23.6
1,3,6,False,6,0.36657142857142844,3,0.3150119047619048,1,0.29727380952380944,8,0.021142857142857144,2,0.0,2,17.3
1,7,2,False,2,0.7773333333333333,5,0.1125952380952381,6,0.10007142857142858,7,0.008,1,0.002,4,32.4
1,3,5,False,5,0.9325000000000001,1,0.05749999999999999,2,0.01,0,0.0,3,0.0,5,25.9
1,7,1,False,1,0.6958571428571428,2,0.16800000000000004,7,0.102,5,0.018607142857142857,0,0.015535714285714286,3,14.7
1,7,1,False,1,0.3620833333333333,2,0.3259166666666667,7,0.292,4,0.015,5,0.005,3,29.6
1,3,2,False,2,0.5865206843380217,1,0.24799553748624947,8,0.08687624479923241,6,0.0786075333764962,3,0.0,5,11.1
1,4,1,False,1,0.9663030303030302,4,0.01809307359307359,2,0.015603896103896104,0,0.0,3,0.0,2,29.2
1,7,5,False,5,0.5029642857142855,1,0.49536904761904776,2,0.0016666666666666666,0,0.0,3,0.0,8,41.4
1,3,1,False,1,0.8469157868511857,8,0.05833124576853407,3,0.044051076205237544,7,0.017649805981257195,9,0.014202474327437138,3,0.0
1,7,1,False,1,0.8873333333333335,2,0.11266666666666669,0,0.0,3,0.0,4,0.0,8,9.7
1,7,5,False,5,0.63,0,0.24,6,0.06733333333333333,1,0.06266666666666666,3,0.0,8,38.3
1,6,1,False,1,0.3723826696179636,3,0.22965767239296647,4,0.13599163336663328,5,0.13575948479624944,2,0.12620853982618685,7,17.1
1,8,1,False,1,0.6644860208161295,8,0.1498657857020859,0,0.09385448843382277,6,0.091793705047962,3,0.0,2,5.0
1,1,1,True,1,0.5874999999999999,6,0.36266666666666664,2,0.0415,5,0.008333333333333333,3,0.0,1,39.1
1,1,6,False,6,0.3012341269841268,2,0.19363095238095238,5,0.18642063492063496,1,0.1734285714285714,8,0.14528571428571424,4,28.2
1,6,1,False,1,0.5524379509379509,3,0.4398347763347764,5,0.00465909090909091,2,0.0030681818181818184,0,0.0,7,17.0
1,1,1,True,1,0.6563037518037517,5,0.18356493506493507,6,0.1601313131313131,0,0.0,3,0.0,1,15.1
1,1,1,True,1,0.5136944444444447,2,0.30516269841269833,5,0.18114285714285708,0,0.0,3,0.0,1,17.5
1,1,1,True,1,0.6285580808080807,6,0.1922261904761904,7,0.17921572871572863,0,0.0,3,0.0,1,20.5
1,1,5,False,5,0.5054007936507936,1,0.24599603174603163,6,0.24210317460317454,0,0.0045000000000000005,2,0.002,2,12.2
1,1,1,True,1,0.8469157868511857,8,0.05833124576853407,3,0.044051076205237544,7,0.017649805981257195,9,0.014202474327437138,1,0.0
1,1,1,True,1,0.8469157868511857,8,0.05833124576853407,3,0.044051076205237544,7,0.017649805981257195,9,0.014202474327437138,1,0.0
1,1,1,True,1,0.6277218614718614,6,0.20003823953823952,8,0.1722398989898989,2,0.0,3,0.0,1,5.2
1,1,1,True,1,0.6619880952380952,2,0.3320119047619047,6,0.006,0,0.0,3,0.0,1,18.6
1,1,1,True,1,0.8469157868511857,8,0.05833124576853407,3,0.044051076205237544,7,0.017649805981257195,9,0.014202474327437138,1,0.0
1,1,1,True,1,0.8469157868511857,8,0.05833124576853407,3,0.044051076205237544,7,0.017649805981257195,9,0.014202474327437138,1,0.0
1,1,2,False,2,0.5605437617937615,1,0.31364256576756566,0,0.12581367243867242,3,0.0,4,0.0,2,13.6
1,1,1,True,1,1.0,0,0.0,2,0.0,3,0.0,4,0.0,1,3.7
1,1,1,True,1,0.6186093821039642,0,0.24674069476275362,8,0.13464992313328225,2,0.0,4,0.0,1,2.8
1,1,1,True,1,0.8058629564879561,2,0.09780427905427903,6,0.09633276445776445,0,0.0,3,0.0,1,20.3
1,8,4,False,4,0.34607936507936515,2,0.33825396825396814,0,0.2656666666666666,8,0.022666666666666665,1,0.016999999999999998,4,8.5
1,1,1,True,1,0.8101146296943513,8,0.11150923869731921,6,0.07837613160832974,2,0.0,3,0.0,1,2.9
1,1,1,True,1,0.8469157868511857,8,0.05833124576853407,3,0.044051076205237544,7,0.017649805981257195,9,0.014202474327437138,1,0.0
1,1,1,True,1,1.0,0,0.0,2,0.0,3,0.0,4,0.0,1,4.4
1,1,8,False,8,0.4087962059620596,1,0.322789295392954,7,0.26233333333333325,6,0.0031266937669376695,4,0.0029544715447154474,2,12.7
1,1,1,True,1,0.37492460317460313,6,0.24121428571428566,7,0.1943055555555555,0,0.17641269841269838,2,0.008857142857142857,1,11.3
1,6,1,False,1,0.8469157868511857,8,0.05833124576853407,3,0.044051076205237544,7,0.017649805981257195,9,0.014202474327437138,6,0.0
1,1,5,False,5,0.42133333333333334,4,0.39866666666666667,1,0.06835714285714287,7,0.049940476190476195,2,0.03469047619047619,3,29.5
1,2,1,False,1,0.5886767676767678,0,0.23592171717171717,5,0.16873484848484854,2,0.006666666666666666,3,0.0,4,14.8
1,1,1,True,1,0.9923333333333333,8,0.006,0,0.0016666666666666666,2,0.0,4,0.0,1,2.6
1,1,1,True,1,0.6186093821039642,0,0.24674069476275362,8,0.13464992313328225,2,0.0,4,0.0,1,2.8
1,1,1,True,1,0.5620101910902995,7,0.25606465649074,6,0.0990344387724418,9,0.0828907136465186,3,0.0,1,4.7
1,1,1,True,1,0.8469157868511857,8,0.05833124576853407,3,0.044051076205237544,7,0.017649805981257195,9,0.014202474327437138,1,0.0
1,9,1,False,1,0.5906843434343436,0,0.25007678432678426,7,0.1592388722388722,2,0.0,3,0.0,10,11.0
1,1,1,True,1,0.8469157868511857,8,0.05833124576853407,3,0.044051076205237544,7,0.017649805981257195,9,0.014202474327437138,1,0.0
1,1,1,True,1,0.8469157868511857,8,0.05833124576853407,3,0.044051076205237544,7,0.017649805981257195,9,0.014202474327437138,1,0.0
1,1,1,True,1,0.5904191919191916,3,0.21511544011544018,2,0.19446536796536795,0,0.0,4,0.0,1,17.4
1,1,1,True,1,1.0,0,0.0,2,0.0,3,0.0,4,0.0,1,6.9
1,1,1,True,1,0.6644860208161295,8,0.1498657857020859,0,0.09385448843382277,6,0.091793705047962,3,0.0,1,5.0
1,2,1,False,1,0.8653224108790806,6,0.06791147818283029,9,0.066766110938089,2,0.0,3,0.0,4,4.8
1,2,1,False,1,0.6559639249639246,5,0.3440360750360748,2,0.0,0,0.0,3,0.0,3,7.7
1,1,1,True,1,0.8469157868511857,8,0.05833124576853407,3,0.044051076205237544,7,0.017649805981257195,9,0.014202474327437138,1,0.0
1,1,1,True,1,0.5376945526299578,5,0.1979276014065352,2,0.16878920322509633,8,0.09558864273841054,3,0.0,1,13.0
1,1,7,False,7,0.502515873015873,1,0.4958174603174604,0,0.0016666666666666666,2,0.0,3,0.0,2,16.0
1,2,0,False,0,0.40395238095238084,6,0.3970793650793649,1,0.1989682539682539,2,0.0,3,0.0,4,14.3
1,1,1,True,1,1.0,0,0.0,2,0.0,3,0.0,4,0.0,1,3.7
1,1,1,True,1,0.8469157868511857,8,0.05833124576853407,3,0.044051076205237544,7,0.017649805981257195,9,0.014202474327437138,1,0.0
1,1,5,False,5,0.5621666666666666,1,0.3478333333333334,2,0.09,0,0.0,3,0.0,2,25.8
1,1,1,True,1,0.38536219336219324,5,0.21079581529581526,2,0.2036471861471862,4,0.20019480519480515,3,0.0,1,27.8
1,1,1,True,1,0.9821428571428572,2,0.011428571428571429,0,0.005,4,0.0014285714285714286,3,0.0,1,19.3
1,1,1,True,1,0.7722611832611831,2,0.22440548340548336,6,0.003333333333333333,0,0.0,3,0.0,1,16.2
1,2,2,True,2,0.6716666666666667,4,0.24,8,0.04166666666666667,6,0.028333333333333335,1,0.013333333333333332,1,31.4
1,1,1,True,1,0.7344523809523811,5,0.26388095238095244,2,0.0016666666666666666,0,0.0,3,0.0,1,41.5
1,1,1,True,1,0.7275889943389942,7,0.1464542957042957,8,0.1259567099567099,2,0.0,3,0.0,1,5.4
1,1,1,True,1,0.8469157868511857,8,0.05833124576853407,3,0.044051076205237544,7,0.017649805981257195,9,0.014202474327437138,1,0.0
1,1,0,False,0,0.40395238095238084,6,0.3970793650793649,1,0.1989682539682539,2,0.0,3,0.0,3,14.3
1,6,1,False,1,0.4912617105117106,5,0.20539517263781967,0,0.10644428855458266,7,0.10416188631629802,4,0.092736941979589,8,5.3
1,1,1,True,1,0.8469157868511857,8,0.05833124576853407,3,0.044051076205237544,7,0.017649805981257195,9,0.014202474327437138,1,0.0
1,1,1,True,1,0.8517380952380954,7,0.08322619047619045,3,0.0650357142857143,0,0.0,2,0.0,1,6.3
1,6,1,False,1,0.6559639249639246,5,0.3440360750360748,2,0.0,0,0.0,3,0.0,7,7.7
1,1,1,True,1,1.0,0,0.0,2,0.0,3,0.0,4,0.0,1,6.9
1,1,1,True,1,0.790225108225108,8,0.2003333333333333,6,0.008727272727272728,4,0.0007142857142857143,3,0.0,1,12.5
1,1,1,True,1,0.8469157868511857,8,0.05833124576853407,3,0.044051076205237544,7,0.017649805981257195,9,0.014202474327437138,1,0.0
1,1,1,True,1,0.7785602730602732,6,0.22143972693972683,2,0.0,0,0.0,3,0.0,1,22.7
1,1,1,True,1,0.7080952380952378,6,0.2919047619047619,2,0.0,0,0.0,3,0.0,1,3.5
1,1,2,False,2,0.32623426573426556,1,0.23620421245421244,3,0.2294791597291596,5,0.10594832944832941,0,0.10213403263403263,2,16.9
1,1,1,True,1,0.91,0,0.09,2,0.0,3,0.0,4,0.0,1,45.1
1,1,1,True,1,0.6417403984903981,2,0.18629448329448325,3,0.17196511821511817,0,0.0,4,0.0,1,16.1
1,1,7,False,7,0.3472063492063491,2,0.31763095238095235,3,0.27516269841269836,1,0.06,0,0.0,4,26.6
1,1,1,True,1,0.3355386002886002,8,0.17734559884559883,5,0.17156240981240978,7,0.1605891053391054,4,0.1549642857142857,1,24.7
1,0,1,False,1,0.6186093821039642,0,0.24674069476275362,8,0.13464992313328225,2,0.0,4,0.0,2,2.8
1,1,1,True,1,0.4806071151071153,0,0.1825839993339993,3,0.17954254079254078,5,0.1572663447663448,2,0.0,1,5.9
1,1,5,False,5,0.48771825396825397,2,0.2509444444444444,7,0.24800396825396817,1,0.013333333333333332,3,0.0,4,41.6
1,1,1,True,1,1.0,0,0.0,2,0.0,3,0.0,4,0.0,1,3.4
1,1,1,True,1,0.7451461038961037,7,0.1303437950937951,6,0.124510101010101,0,0.0,3,0.0,1,6.7
1,9,1,False,1,0.8469157868511857,8,0.05833124576853407,3,0.044051076205237544,7,0.017649805981257195,9,0.014202474327437138,5,0.0
1,1,8,False,8,0.4265,6,0.4235,2,0.11989850747657992,1,0.030101492523420106,3,0.0,4,7.8
1,1,1,True,1,0.8469157868511857,8,0.05833124576853407,3,0.044051076205237544,7,0.017649805981257195,9,0.014202474327437138,1,0.0
1,1,1,True,1,0.6866944444444444,3,0.3133055555555555,0,0.0,2,0.0,4,0.0,1,19.0
1,1,1,True,1,0.8469157868511857,8,0.05833124576853407,3,0.044051076205237544,7,0.017649805981257195,9,0.014202474327437138,1,0.0
1,1,3,False,3,0.4531190476190477,6,0.38688095238095227,1,0.14466666666666667,2,0.015333333333333332,0,0.0,3,20.9
1,0,2,False,2,0.569694646645109,0,0.15583658451287102,1,0.1139185710341068,7,0.0798069904326913,6,0.04531358310095543,2,13.5
1,1,1,True,1,0.8469157868511857,8,0.05833124576853407,3,0.044051076205237544,7,0.017649805981257195,9,0.014202474327437138,1,0.0
1,1,4,False,4,0.45624999999999993,1,0.4284166666666668,5,0.066,7,0.049333333333333326,3,0.0,2,41.3
1,1,1,True,1,0.8469157868511857,8,0.05833124576853407,3,0.044051076205237544,7,0.017649805981257195,9,0.014202474327437138,1,0.0
1,1,1,True,1,1.0,0,0.0,2,0.0,3,0.0,4,0.0,1,7.1
1,1,1,True,1,0.8469157868511857,8,0.05833124576853407,3,0.044051076205237544,7,0.017649805981257195,9,0.014202474327437138,1,0.0
1,1,1,True,1,0.8877976190476191,0,0.11220238095238093,2,0.0,3,0.0,4,0.0,1,43.7
1,1,1,True,1,0.6147201537623499,6,0.19536357334319587,2,0.13039278450159728,8,0.059523488392856885,3,0.0,1,10.3
1,0,2,False,2,0.569694646645109,0,0.15583658451287102,1,0.1139185710341068,7,0.0798069904326913,6,0.04531358310095543,2,13.5
1,1,1,True,1,0.4919920634920635,6,0.2550753968253967,2,0.23959920634920626,7,0.013333333333333332,3,0.0,1,27.2
1,6,1,False,1,0.6406666666666666,2,0.16116666666666668,6,0.09924999999999999,5,0.09158333333333334,4,0.007333333333333334,3,32.6
1,1,1,True,1,0.6664696969696968,6,0.3236515151515151,5,0.0063030303030303025,2,0.0035757575757575755,3,0.0,1,9.2
1,1,1,True,1,0.645608768123861,8,0.28420365418894816,6,0.07018757768719067,2,0.0,3,0.0,1,3.0
1,1,1,True,1,0.45049999999999996,4,0.38949999999999996,3,0.16,0,0.0,2,0.0,1,17.8
1,8,1,False,1,0.8469157868511857,8,0.05833124576853407,3,0.044051076205237544,7,0.017649805981257195,9,0.014202474327437138,2,0.0
1,1,1,True,1,0.6664696969696968,6,0.3236515151515151,5,0.0063030303030303025,2,0.0035757575757575755,3,0.0,1,9.2
1,1,1,True,1,1.0,0,0.0,2,0.0,3,0.0,4,0.0,1,3.2
1,1,1,True,1,0.6502568542568542,3,0.3185238095238095,2,0.031219336219336216,0,0.0,4,0.0,1,20.1
1,1,1,True,1,1.0,0,0.0,2,0.0,3,0.0,4,0.0,1,4.4
1,1,1,True,1,0.6277218614718614,6,0.20003823953823952,8,0.1722398989898989,2,0.0,3,0.0,1,5.2
1,1,1,True,1,0.57,6,0.42,0,0.01,2,0.0,3,0.0,1,59.7
1,1,1,True,1,0.8469157868511857,8,0.05833124576853407,3,0.044051076205237544,7,0.017649805981257195,9,0.014202474327437138,1,0.0
1,1,1,True,1,0.8469157868511857,8,0.05833124576853407,3,0.044051076205237544,7,0.017649805981257195,9,0.014202474327437138,1,0.0
1,1,6,False,6,0.58,0,0.2213333333333333,5,0.16866666666666666,4,0.03,3,0.0,7,48.8
1,0,0,True,0,0.6142531953340776,1,0.18891030538089365,8,0.09943788890847709,5,0.09739861037655151,3,0.0,1,13.4
1,1,1,True,1,0.8469157868511857,8,0.05833124576853407,3,0.044051076205237544,7,0.017649805981257195,9,0.014202474327437138,1,0.0
1,1,2,False,2,0.36854761904761896,3,0.3324047619047619,1,0.294047619047619,5,0.005,0,0.0,3,22.5
1,1,1,True,1,0.6644860208161295,8,0.1498657857020859,0,0.09385448843382277,6,0.091793705047962,3,0.0,1,5.0
1,1,1,True,1,0.8469157868511857,8,0.05833124576853407,3,0.044051076205237544,7,0.017649805981257195,9,0.014202474327437138,1,0.0
1,1,1,True,1,0.525031746031746,8,0.25091269841269837,0,0.2240555555555555,2,0.0,4,0.0,1,7.2
1,1,1,True,1,0.8469157868511857,8,0.05833124576853407,3,0.044051076205237544,7,0.017649805981257195,9,0.014202474327437138,1,0.0
1,1,1,True,1,1.0,0,0.0,2,0.0,3,0.0,4,0.0,1,6.9
1,1,2,False,2,0.7390000000000001,1,0.17858333333333334,3,0.08041666666666668,0,0.002,4,0.0,2,19.1
1,1,1,True,1,0.8469157868511857,8,0.05833124576853407,3,0.044051076205237544,7,0.017649805981257195,9,0.014202474327437138,1,0.0
1,6,6,True,6,0.3273492063492062,0,0.22938492063492055,4,0.21304365079365073,1,0.21147222222222217,2,0.009166666666666667,1,30.0
1,0,0,True,0,0.71,6,0.29,2,0.0,1,0.0,3,0.0,1,73.3
1,6,1,False,1,0.6277218614718614,6,0.20003823953823952,8,0.1722398989898989,2,0.0,3,0.0,2,5.2
1,0,1,False,1,0.5940180375180375,4,0.2057972582972583,2,0.2001847041847042,0,0.0,3,0.0,4,29.3
1,1,1,True,1,0.7080952380952378,6,0.2919047619047619,2,0.0,0,0.0,3,0.0,1,3.5
1,6,8,False,8,0.4806666666666667,6,0.3993333333333334,2,0.06333333333333332,1,0.028666666666666667,5,0.027999999999999997,2,31.2
1,6,1,False,1,0.4766727994227994,8,0.1949347041847041,2,0.164512987012987,6,0.16387950937950937,3,0.0,4,15.8
1,1,2,False,2,0.7773333333333333,5,0.1125952380952381,6,0.10007142857142858,7,0.008,1,0.002,5,32.4
1,1,1,True,1,0.5524379509379509,3,0.4398347763347764,5,0.00465909090909091,2,0.0030681818181818184,0,0.0,1,17.0
1,1,1,True,1,0.7084628582202107,7,0.10084935897435894,0,0.10060907964584437,2,0.09007870315958545,3,0.0,1,6.6
1,1,1,True,1,0.99,2,0.01,0,0.0,3,0.0,4,0.0,1,21.9
1,1,6,False,6,0.597,1,0.23135714285714282,5,0.16097619047619044,7,0.010666666666666666,3,0.0,2,33.2
1,2,2,True,2,0.5865206843380217,1,0.24799553748624947,8,0.08687624479923241,6,0.0786075333764962,3,0.0,1,11.1
1,2,2,True,2,0.7390000000000001,1,0.17858333333333334,3,0.08041666666666668,0,0.002,4,0.0,1,19.1
1,1,1,True,1,0.5906843434343436,0,0.25007678432678426,7,0.1592388722388722,2,0.0,3,0.0,1,11.0
1,1,1,True,1,0.6147201537623499,6,0.19536357334319587,2,0.13039278450159728,8,0.059523488392856885,3,0.0,1,10.3
1,1,1,True,1,0.4216715506715506,2,0.19776007326007325,5,0.19362912087912088,4,0.1869392551892551,3,0.0,1,21.1
1,2,1,False,1,0.9501190476190476,4,0.029285714285714283,6,0.020595238095238094,0,0.0,3,0.0,6,28.6
1,1,1,True,1,0.3803055555555555,6,0.35580555555555565,5,0.2638888888888888,0,0.0,3,0.0,1,20.7
1,1,1,True,1,0.4216715506715506,2,0.19776007326007325,5,0.19362912087912088,4,0.1869392551892551,3,0.0,1,21.1
1,1,8,False,8,0.3734999999999999,6,0.35283333333333333,1,0.25366666666666665,4,0.02,3,0.0,3,24.3
1,1,1,True,1,0.84606302031302,6,0.1539369796869797,2,0.0,0,0.0,3,0.0,1,8.0
1,1,1,True,1,0.8469157868511857,8,0.05833124576853407,3,0.044051076205237544,7,0.017649805981257195,9,0.014202474327437138,1,0.0
1,2,2,True,2,0.6340238095238094,1,0.3659761904761904,0,0.0,3,0.0,4,0.0,1,30.6
1,1,1,True,1,0.8469157868511857,8,0.05833124576853407,3,0.044051076205237544,7,0.017649805981257195,9,0.014202474327437138,1,0.0
1,1,1,True,1,0.6671416124642701,8,0.24841356778270435,4,0.043344327807091486,6,0.041100491945934146,3,0.0,1,12.6
1,1,1,True,1,0.8469157868511857,8,0.05833124576853407,3,0.044051076205237544,7,0.017649805981257195,9,0.014202474327437138,1,0.0
1,1,1,True,1,0.8469157868511857,8,0.05833124576853407,3,0.044051076205237544,7,0.017649805981257195,9,0.014202474327437138,1,0.0
1,1,1,True,1,0.8469157868511857,8,0.05833124576853407,3,0.044051076205237544,7,0.017649805981257195,9,0.014202474327437138,1,0.0
1,1,1,True,1,0.8469157868511857,8,0.05833124576853407,3,0.044051076205237544,7,0.017649805981257195,9,0.014202474327437138,1,0.0
1,2,5,False,5,0.62,7,0.24,6,0.13,2,0.01,3,0.0,4,50.7
1,1,1,True,1,0.8469157868511857,8,0.05833124576853407,3,0.044051076205237544,7,0.017649805981257195,9,0.014202474327437138,1,0.0
1,1,1,True,1,0.5063931346431346,2,0.3486582306582305,5,0.14494863469863467,0,0.0,3,0.0,1,31.7
1,1,1,True,1,0.8469157868511857,8,0.05833124576853407,3,0.044051076205237544,7,0.017649805981257195,9,0.014202474327437138,1,0.0
1,1,1,True,1,0.8469157868511857,8,0.05833124576853407,3,0.044051076205237544,7,0.017649805981257195,9,0.014202474327437138,1,0.0
1,1,6,False,6,0.89,1,0.048190476190476186,5,0.02471428571428571,3,0.023071428571428573,0,0.014023809523809523,2,6.0
1,1,1,True,1,0.8469157868511857,8,0.05833124576853407,3,0.044051076205237544,7,0.017649805981257195,9,0.014202474327437138,1,0.0
1,1,1,True,1,0.8469157868511857,8,0.05833124576853407,3,0.044051076205237544,7,0.017649805981257195,9,0.014202474327437138,1,0.0
1,1,1,True,1,0.8469157868511857,8,0.05833124576853407,3,0.044051076205237544,7,0.017649805981257195,9,0.014202474327437138,1,0.0
1,1,1,True,1,0.8469157868511857,8,0.05833124576853407,3,0.044051076205237544,7,0.017649805981257195,9,0.014202474327437138,1,0.0
1,2,5,False,5,0.35855952380952383,1,0.3140992063492063,7,0.30400793650793656,4,0.02,2,0.003333333333333333,5,30.3
1,1,1,True,1,0.8469157868511857,8,0.05833124576853407,3,0.044051076205237544,7,0.017649805981257195,9,0.014202474327437138,1,0.0
1,1,1,True,1,0.8469157868511857,8,0.05833124576853407,3,0.044051076205237544,7,0.017649805981257195,9,0.014202474327437138,1,0.0
1,1,1,True,1,0.8469157868511857,8,0.05833124576853407,3,0.044051076205237544,7,0.017649805981257195,9,0.014202474327437138,1,0.0
1,1,1,True,1,0.8469157868511857,8,0.05833124576853407,3,0.044051076205237544,7,0.017649805981257195,9,0.014202474327437138,1,0.0
1,1,1,True,1,0.93,6,0.03749206349206349,8,0.02334126984126984,2,0.009166666666666665,3,0.0,1,9.5
1,1,1,True,1,0.8469157868511857,8,0.05833124576853407,3,0.044051076205237544,7,0.017649805981257195,9,0.014202474327437138,1,0.0
1,1,1,True,1,0.38565633065764643,8,0.3799111601934356,6,0.08695550845783043,0,0.08132975603687675,9,0.06614724465421057,1,5.6
1,8,1,False,1,0.8469157868511857,8,0.05833124576853407,3,0.044051076205237544,7,0.017649805981257195,9,0.014202474327437138,2,0.0
1,8,1,False,1,0.5292044332591177,8,0.2708601731609201,0,0.08113460752167169,3,0.06544913353984222,9,0.05335165251844818,2,2.3
1,8,1,False,1,0.8469157868511857,8,0.05833124576853407,3,0.044051076205237544,7,0.017649805981257195,9,0.014202474327437138,2,0.0
1,8,1,False,1,0.8469157868511857,8,0.05833124576853407,3,0.044051076205237544,7,0.017649805981257195,9,0.014202474327437138,2,0.0
1,2,2,True,2,0.63,1,0.3381428571428572,5,0.02519047619047619,4,0.006666666666666666,3,0.0,1,33.4
1,1,1,True,1,0.8469157868511857,8,0.05833124576853407,3,0.044051076205237544,7,0.017649805981257195,9,0.014202474327437138,1,0.0
1,0,1,False,1,0.5940180375180375,4,0.2057972582972583,2,0.2001847041847042,0,0.0,3,0.0,4,29.3
1,2,2,True,2,0.6340238095238094,1,0.3659761904761904,0,0.0,3,0.0,4,0.0,1,30.6
1,0,5,False,5,0.5054007936507936,1,0.24599603174603163,6,0.24210317460317454,0,0.0045000000000000005,2,0.002,4,12.2
1,1,1,True,1,0.8469157868511857,8,0.05833124576853407,3,0.044051076205237544,7,0.017649805981257195,9,0.014202474327437138,1,0.0
1,1,1,True,1,0.6140872281313456,6,0.2427504897063719,3,0.1431622821622821,0,0.0,2,0.0,1,4.3
1,1,1,True,1,0.7451461038961037,7,0.1303437950937951,6,0.124510101010101,0,0.0,3,0.0,1,6.7
1,2,1,False,1,0.9875,6,0.0125,2,0.0,0,0.0,3,0.0,3,43.1
1,1,1,True,1,0.8469157868511857,8,0.05833124576853407,3,0.044051076205237544,7,0.017649805981257195,9,0.014202474327437138,1,0.0
1,6,6,True,6,0.61,8,0.25,0,0.11,7,0.03,3,0.0,1,58.1
1,1,1,True,1,0.8813279296499963,6,0.11867207035000328,2,0.0,0,0.0,3,0.0,1,3.8
1,1,1,True,1,0.8469157868511857,8,0.05833124576853407,3,0.044051076205237544,7,0.017649805981257195,9,0.014202474327437138,1,0.0
1,1,0,False,0,0.2604772727272727,1,0.25527092352092345,2,0.24963924963924955,6,0.23461255411255408,3,0.0,2,26.7
1,1,1,True,1,0.8469157868511857,8,0.05833124576853407,3,0.044051076205237544,7,0.017649805981257195,9,0.014202474327437138,1,0.0
1,6,1,False,1,0.5310595238095239,5,0.24379761904761899,0,0.21847619047619038,6,0.006666666666666666,3,0.0,4,12.8
1,1,1,True,1,0.5873333333333333,4,0.41266666666666657,2,0.0,0,0.0,3,0.0,1,35.1
1,1,1,True,1,0.6600476190476188,6,0.32245238095238077,2,0.0175,0,0.0,3,0.0,1,16.3
1,2,2,True,2,0.569694646645109,0,0.15583658451287102,1,0.1139185710341068,7,0.0798069904326913,6,0.04531358310095543,1,13.5
1,8,1,False,1,0.8101146296943513,8,0.11150923869731921,6,0.07837613160832974,2,0.0,3,0.0,2,2.9
1,2,2,True,2,0.6242236652236652,8,0.24710461760461758,1,0.11976262626262626,5,0.0054805194805194815,4,0.0034285714285714284,1,26.9
1,6,1,False,1,0.6140872281313456,6,0.2427504897063719,3,0.1431622821622821,0,0.0,2,0.0,2,4.3
1,6,1,False,1,0.6140872281313456,6,0.2427504897063719,3,0.1431622821622821,0,0.0,2,0.0,2,4.3
1,6,1,False,1,0.6249761904761902,6,0.3625238095238096,7,0.0075,8,0.005,3,0.0,2,5.5
1,2,2,True,2,0.8175702207410089,1,0.18242977925899118,0,0.0,3,0.0,4,0.0,1,7.9
1,8,7,False,7,0.36635714285714277,1,0.31527380952380946,6,0.3133690476190476,0,0.005,3,0.0,9,45.9
1,8,6,False,6,0.3273492063492062,0,0.22938492063492055,4,0.21304365079365073,1,0.21147222222222217,2,0.009166666666666667,9,30.0
1,8,1,False,1,0.8469157868511857,8,0.05833124576853407,3,0.044051076205237544,7,0.017649805981257195,9,0.014202474327437138,2,0.0
1,2,2,True,2,0.8175702207410089,1,0.18242977925899118,0,0.0,3,0.0,4,0.0,1,7.9
1,1,1,True,1,0.9364285714285714,8,0.04642857142857142,6,0.01714285714285714,2,0.0,3,0.0,1,8.2
1,8,1,False,1,0.6671416124642701,8,0.24841356778270435,4,0.043344327807091486,6,0.041100491945934146,3,0.0,2,12.6
1,2,2,True,2,0.8175702207410089,1,0.18242977925899118,0,0.0,3,0.0,4,0.0,1,7.9
1,8,1,False,1,0.6671416124642701,8,0.24841356778270435,4,0.043344327807091486,6,0.041100491945934146,3,0.0,2,12.6
1,8,1,False,1,0.6671416124642701,8,0.24841356778270435,4,0.043344327807091486,6,0.041100491945934146,3,0.0,2,12.6
1,1,1,True,1,0.6502568542568542,3,0.3185238095238095,2,0.031219336219336216,0,0.0,4,0.0,1,20.1
1,2,2,True,2,0.5605437617937615,1,0.31364256576756566,0,0.12581367243867242,3,0.0,4,0.0,1,13.6
1,8,8,True,8,0.4857613775113775,1,0.33861946386946384,6,0.1756191586191586,2,0.0,3,0.0,1,17.2
1,1,1,True,1,0.95,4,0.05,2,0.0,0,0.0,3,0.0,1,21.2
1,1,1,True,1,0.7959599567099567,7,0.20204004329004324,6,0.002,0,0.0,3,0.0,1,3.9
1,6,6,True,6,0.5275119047619047,5,0.2334841269841269,1,0.22400396825396826,4,0.01,2,0.005,1,36.3
2,1,1,True,1,0.5215000000000001,2,0.4362777777777777,3,0.042222222222222223,0,0.0,4,0.0,1,18.7
2,1,2,False,2,0.349202380952381,0,0.3292738095238095,9,0.2815238095238095,8,0.021,6,0.019,8,9.3
2,2,1,False,1,0.4682582695082696,3,0.1937820512820512,6,0.18959759684759675,4,0.14836208236208231,2,0.0,5,23.3
2,1,2,False,2,0.4697034632034633,5,0.21554184704184692,4,0.17136616161616153,8,0.1433885281385281,3,0.0,6,27.0
2,5,1,False,1,0.7392683982683985,2,0.2507316017316017,4,0.01,0,0.0,3,0.0,6,31.0
2,4,2,False,2,0.5066666666666666,1,0.4028214285714286,6,0.06564285714285714,5,0.02486904761904762,3,0.0,7,36.2
2,4,1,False,1,0.43250000000000005,6,0.36749999999999994,0,0.15416666666666667,5,0.04583333333333333,3,0.0,7,48.9
2,5,2,False,2,0.445,0,0.429813492063492,5,0.05732142857142858,1,0.03721825396825396,6,0.030646825396825398,3,12.1
2,2,1,False,1,0.6718445165945165,6,0.30294444444444435,5,0.013035714285714286,2,0.00625,4,0.005925324675324675,4,28.0
2,4,1,False,1,0.26550595238095226,5,0.2500972222222223,3,0.24542803030303023,6,0.12181493506493507,2,0.11715386002886,7,17.1
2,5,1,False,1,0.4061666666666668,7,0.2976428571428571,5,0.27619047619047615,2,0.02,3,0.0,3,41.6
2,3,3,True,3,0.98,4,0.016666666666666666,1,0.003333333333333333,0,0.0,2,0.0,1,17.7
2,4,1,False,1,0.33941666666666664,6,0.32971428571428574,3,0.3146190476190476,4,0.007916666666666666,7,0.006666666666666666,4,35.5
2,5,1,False,1,0.46167726472873527,7,0.1678443052045992,5,0.10031227351080295,0,0.09829692774545712,6,0.08935046571075982,3,5.3
2,4,5,False,5,0.7297849927849928,4,0.270215007215007,0,0.0,1,0.0,3,0.0,2,44.5
2,7,1,False,1,0.8439316242105909,8,0.058740117711840255,3,0.04583239499873904,7,0.01579495317681599,9,0.013881016393655788,4,0.0
2,5,1,False,1,0.8093809523809524,4,0.10645238095238095,7,0.08416666666666668,0,0.0,3,0.0,7,37.2
2,7,1,False,1,0.9933333333333333,5,0.003333333333333333,7,0.003333333333333333,0,0.0,3,0.0,3,40.8
2,7,1,False,1,0.7324947552447552,6,0.26750524475524473,2,0.0,0,0.0,3,0.0,8,5.1
2,5,1,False,1,0.5183650793650794,7,0.2512182539682539,5,0.2304166666666666,0,0.0,3,0.0,3,41.4
2,7,1,False,1,0.6323192640692639,7,0.3532738095238095,3,0.007627705627705627,0,0.004246753246753246,6,0.002532467532467533,2,16.0
2,1,1,True,1,0.3868333333333333,3,0.3114999999999999,7,0.3016666666666666,0,0.0,2,0.0,1,6.4
2,1,1,True,1,1.0,0,0.0,2,0.0,3,0.0,4,0.0,1,37.1
2,1,1,True,1,0.5221338383838385,9,0.26157251082251076,2,0.21629365079365073,0,0.0,4,0.0,1,6.2
2,2,1,False,1,0.7824166666666668,5,0.1796666666666667,6,0.029166666666666664,7,0.00875,3,0.0,6,34.7
2,2,1,False,1,0.4061666666666668,7,0.2976428571428571,5,0.27619047619047615,2,0.02,3,0.0,4,41.6
2,0,1,False,1,0.7569589299589297,2,0.12327799977799975,8,0.11976307026307023,0,0.0,4,0.0,4,5.7
2,1,1,True,1,0.9380958212044159,4,0.061904178795584075,2,0.0,0,0.0,3,0.0,1,3.3
2,3,1,False,1,0.8439316242105909,8,0.058740117711840255,3,0.04583239499873904,7,0.01579495317681599,9,0.013881016393655788,3,0.0
2,3,3,True,3,0.5176428571428573,2,0.24799999999999997,5,0.23435714285714274,1,0.0,0,0.0,1,26.4
2,3,7,False,7,0.3612499999999999,1,0.32227380952380946,2,0.31647619047619047,0,0.0,3,0.0,5,26.6
2,3,2,False,2,0.4697034632034633,5,0.21554184704184692,4,0.17136616161616153,8,0.1433885281385281,3,0.0,5,27.1
2,4,4,True,4,0.44008333333333327,5,0.4211666666666667,1,0.08839285714285715,2,0.04785714285714285,6,0.00125,1,23.5
2,5,1,False,1,0.8131507936507935,6,0.1868492063492063,2,0.0,0,0.0,3,0.0,7,9.1
2,5,1,False,1,0.5505068119015486,6,0.12083086212033577,0,0.11752543655175235,3,0.11585335862967443,7,0.09528353079668869,7,15.9
2,5,0,False,0,0.61,7,0.29,1,0.07,6,0.03,3,0.0,7,65.4
2,0,1,False,1,0.7995355811386231,7,0.14584264791646329,8,0.05462177094491333,2,0.0,3,0.0,8,2.7
2,5,2,False,2,0.445,0,0.429813492063492,5,0.05732142857142858,1,0.03721825396825396,6,0.030646825396825398,3,12.1
2,2,2,True,2,0.62,1,0.18516666666666665,6,0.15158333333333335,4,0.043250000000000004,3,0.0,1,32.1
2,7,1,False,1,0.4930833055833056,8,0.1794624542124542,4,0.16892227217227218,5,0.158531968031968,3,0.0,9,24.7
2,4,1,False,1,0.6641666666666666,7,0.18166666666666667,5,0.15416666666666667,0,0.0,3,0.0,7,41.3
2,3,1,False,1,0.8439316242105909,8,0.058740117711840255,3,0.04583239499873904,7,0.01579495317681599,9,0.013881016393655788,3,0.0
2,7,1,False,1,0.4682582695082696,3,0.1937820512820512,6,0.18959759684759675,4,0.14836208236208231,2,0.0,8,23.2
2,7,0,False,0,0.65,7,0.29,6,0.06,1,0.0,3,0.0,2,67.1
2,3,2,False,2,0.3426246678158443,1,0.3239545903442962,0,0.11450329327535207,3,0.11286251493604435,5,0.10605493362846302,4,16.9
2,7,7,True,7,0.34369047619047605,2,0.32778571428571424,1,0.3065238095238095,5,0.014666666666666668,4,0.007333333333333334,1,29.6
2,3,1,False,1,0.6220122655122654,6,0.20099025974025975,3,0.17699747474747476,0,0.0,2,0.0,3,17.0
2,7,4,False,4,0.6410000000000001,1,0.33341666666666664,5,0.015583333333333333,2,0.005,7,0.005,5,39.7
2,7,1,False,1,0.8439316242105909,8,0.058740117711840255,3,0.04583239499873904,7,0.01579495317681599,9,0.013881016393655788,4,0.0
2,5,2,False,2,0.48950793650793656,6,0.38299999999999995,7,0.06574603174603175,1,0.06174603174603175,3,0.0,7,32.5
2,2,1,False,1,0.4933398268398267,2,0.3525901875901875,7,0.15406998556998552,0,0.0,3,0.0,2,22.9
2,1,1,True,1,1.0,0,0.0,2,0.0,3,0.0,4,0.0,1,7.1
2,2,1,False,1,0.46880952380952384,3,0.2873333333333332,0,0.2438571428571428,2,0.0,4,0.0,4,26.3
2,1,1,True,1,0.8439316242105909,8,0.058740117711840255,3,0.04583239499873904,7,0.01579495317681599,9,0.013881016393655788,1,0.0
2,1,1,True,1,0.6335844988344986,8,0.24544178044178033,9,0.12097372072372072,0,0.0,4,0.0,1,4.9
2,1,1,True,1,0.5955119047619047,5,0.3444880952380952,6,0.043833333333333335,2,0.016166666666666666,3,0.0,1,22.3
2,1,5,False,5,0.47100000000000003,2,0.439,6,0.05153571428571428,1,0.038464285714285715,3,0.0,4,12.3
2,9,1,False,1,0.8439316242105909,8,0.058740117711840255,3,0.04583239499873904,7,0.01579495317681599,9,0.013881016393655788,5,0.0
2,1,1,True,1,0.3868333333333333,3,0.3114999999999999,7,0.3016666666666666,0,0.0,2,0.0,1,6.4
2,1,1,True,1,0.8439316242105909,8,0.058740117711840255,3,0.04583239499873904,7,0.01579495317681599,9,0.013881016393655788,1,0.0
2,1,1,True,1,1.0,0,0.0,2,0.0,3,0.0,4,0.0,1,22.8
2,1,7,False,7,0.96,4,0.01875,6,0.012916666666666665,1,0.008333333333333333,3,0.0,4,32.3
2,1,1,True,1,0.8439316242105909,8,0.058740117711840255,3,0.04583239499873904,7,0.01579495317681599,9,0.013881016393655788,1,0.0
2,1,1,True,1,0.8670887445887446,2,0.10338744588744589,5,0.02952380952380952,0,0.0,3,0.0,1,18.0
2,1,1,True,1,0.4938560606060606,8,0.24522397047397035,7,0.13893684093684092,6,0.12198312798312796,3,0.0,1,2.4
2,1,2,False,2,0.5059404761904762,4,0.25998809523809513,1,0.23407142857142849,0,0.0,3,0.0,3,18.3
2,1,1,True,1,0.8439316242105909,8,0.058740117711840255,3,0.04583239499873904,7,0.01579495317681599,9,0.013881016393655788,1,0.0
2,1,1,True,1,0.8439316242105909,8,0.058740117711840255,3,0.04583239499873904,7,0.01579495317681599,9,0.013881016393655788,1,0.0
2,1,5,False,5,0.5135000000000001,1,0.43583333333333324,3,0.04066666666666666,4,0.01,2,0.0,2,25.8
2,1,1,True,1,1.0,0,0.0,2,0.0,3,0.0,4,0.0,1,7.1
2,1,1,True,1,0.7819963796952962,9,0.08087179087682182,2,0.06944042588818128,6,0.06769140353970075,3,0.0,1,4.8
2,1,1,True,1,0.8439316242105909,8,0.058740117711840255,3,0.04583239499873904,7,0.01579495317681599,9,0.013881016393655788,1,0.0
2,1,1,True,1,0.7631785714285714,5,0.23682142857142854,2,0.0,0,0.0,3,0.0,1,15.1
2,1,1,True,1,0.8439316242105909,8,0.058740117711840255,3,0.04583239499873904,7,0.01579495317681599,9,0.013881016393655788,1,0.0
2,1,1,True,1,1.0,0,0.0,2,0.0,3,0.0,4,0.0,1,6.9
2,1,1,True,1,0.49645238095238087,7,0.4150000000000001,8,0.03928571428571428,2,0.03926190476190476,6,0.005,1,15.5
2,2,1,False,1,0.8060357142857142,6,0.19396428571428564,2,0.0,0,0.0,3,0.0,3,4.1
2,1,1,True,1,0.6175879844157873,0,0.16621286137846236,8,0.14487943586191993,6,0.07131971834382993,3,0.0,1,5.0
2,1,5,False,5,0.64,6,0.18100000000000002,1,0.149,2,0.03,3,0.0,3,33.3
2,1,1,True,1,0.7177505211936328,8,0.1748994840728587,6,0.10734999473350867,2,0.0,3,0.0,1,2.9
2,1,2,False,2,0.39550649350649353,8,0.21256782106782104,1,0.19631024531024527,5,0.1956154401154401,3,0.0,3,11.7
2,1,1,True,1,0.4899778530069113,8,0.32195497712268123,0,0.06908597050113405,3,0.06115163223653599,9,0.05782956713273712,1,2.3
2,1,1,True,1,0.5916666666666667,5,0.40833333333333327,2,0.0,0,0.0,3,0.0,1,34.9
2,1,1,True,1,0.5880515873015871,7,0.20937301587301582,6,0.2025753968253968,0,0.0,3,0.0,1,4.0
2,1,1,True,1,0.8439316242105909,8,0.058740117711840255,3,0.04583239499873904,7,0.01579495317681599,9,0.013881016393655788,1,0.0
2,8,1,False,1,0.6085013597513598,7,0.22709004884004877,2,0.16190859140859143,4,0.0025,3,0.0,9,18.2
2,1,1,True,1,0.6323192640692639,7,0.3532738095238095,3,0.007627705627705627,0,0.004246753246753246,6,0.002532467532467533,1,16.0
2,1,1,True,1,0.9636428571428571,2,0.017833333333333333,0,0.011261904761904761,4,0.007261904761904762,3,0.0,1,19.3
2,1,1,True,1,0.8439316242105909,8,0.058740117711840255,3,0.04583239499873904,7,0.01579495317681599,9,0.013881016393655788,1,0.0
2,1,1,True,1,0.8439316242105909,8,0.058740117711840255,3,0.04583239499873904,7,0.01579495317681599,9,0.013881016393655788,1,0.0
2,1,2,False,2,0.5989282106782103,1,0.2516645021645021,5,0.1494072871572871,0,0.0,3,0.0,2,17.9
2,1,1,True,1,0.8439316242105909,8,0.058740117711840255,3,0.04583239499873904,7,0.01579495317681599,9,0.013881016393655788,1,0.0
2,0,0,True,0,0.6498496348422818,1,0.17515045738575147,8,0.0876074048500519,5,0.0873925029219147,3,0.0,1,13.4
2,1,1,True,1,0.8439316242105909,8,0.058740117711840255,3,0.04583239499873904,7,0.01579495317681599,9,0.013881016393655788,1,0.0
2,1,1,True,1,0.8439316242105909,8,0.058740117711840255,3,0.04583239499873904,7,0.01579495317681599,9,0.013881016393655788,1,0.0
2,1,1,True,1,0.8229932844932842,6,0.17700671550671543,2,0.0,0,0.0,3,0.0,1,2.1
2,1,1,True,1,0.8439316242105909,8,0.058740117711840255,3,0.04583239499873904,7,0.01579495317681599,9,0.013881016393655788,1,0.0
2,1,0,False,0,0.5270436507936509,4,0.24278968253968256,1,0.22683333333333328,2,0.003333333333333333,3,0.0,3,11.5
2,1,1,True,1,1.0,0,0.0,2,0.0,3,0.0,4,0.0,1,3.7
2,1,2,False,2,0.5059404761904762,4,0.25998809523809513,1,0.23407142857142849,0,0.0,3,0.0,3,18.3
2,1,1,True,1,1.0,0,0.0,2,0.0,3,0.0,4,0.0,1,3.6
2,6,5,False,5,0.7716666666666667,7,0.17,0,0.05833333333333333,1,0.0,3,0.0,8,47.6
2,1,1,True,1,0.8439316242105909,8,0.058740117711840255,3,0.04583239499873904,7,0.01579495317681599,9,0.013881016393655788,1,0.0
2,1,1,True,1,0.8779575391386701,6,0.12204246086132944,2,0.0,0,0.0,3,0.0,1,3.8
2,1,1,True,1,1.0,0,0.0,2,0.0,3,0.0,4,0.0,1,3.4
2,1,1,True,1,0.7558708513708513,0,0.23662914862914852,2,0.00625,5,0.00125,3,0.0,1,14.1
2,1,1,True,1,0.9118272663439073,8,0.0881727336560928,2,0.0,0,0.0,4,0.0,1,3.1
2,1,1,True,1,0.740594115679642,7,0.14515980729796515,6,0.1142460770223928,0,0.0,3,0.0,1,6.1
2,1,1,True,1,0.8439316242105909,8,0.058740117711840255,3,0.04583239499873904,7,0.01579495317681599,9,0.013881016393655788,1,0.0
2,1,1,True,1,0.7663235930735931,6,0.23367640692640684,2,0.0,0,0.0,3,0.0,1,6.8
2,0,1,False,1,0.6457085137085136,5,0.1819130591630592,3,0.16837842712842707,0,0.002,8,0.002,4,5.9
2,1,6,False,6,0.6043279220779221,2,0.2956720779220779,1,0.08266666666666665,5,0.017333333333333333,3,0.0,3,22.2
2,1,1,True,1,0.5033974440592087,6,0.395322332079685,3,0.1012802238611062,0,0.0,2,0.0,1,4.3
2,1,1,True,1,0.6738333333333334,4,0.2761666666666665,3,0.05,0,0.0,2,0.0,1,17.8
2,1,1,True,1,0.5880515873015871,7,0.20937301587301582,6,0.2025753968253968,0,0.0,3,0.0,1,4.0
2,1,1,True,1,0.8439316242105909,8,0.058740117711840255,3,0.04583239499873904,7,0.01579495317681599,9,0.013881016393655788,1,0.0
2,6,1,False,1,0.7615281735808048,8,0.23847182641919482,2,0.0,0,0.0,4,0.0,7,3.0
2,1,1,True,1,1.0,0,0.0,2,0.0,3,0.0,4,0.0,1,3.7
2,1,1,True,1,1.0,0,0.0,2,0.0,3,0.0,4,0.0,1,6.9
2,1,1,True,1,1.0,0,0.0,2,0.0,3,0.0,4,0.0,1,3.6
2,1,1,True,1,0.8727792762792759,8,0.1272207237207237,2,0.0,0,0.0,4,0.0,1,7.0
2,6,1,False,1,0.42456565656565654,8,0.37272619047619043,7,0.2027081529581529,2,0.0,3,0.0,9,2.2
2,6,1,False,1,1.0,0,0.0,2,0.0,3,0.0,4,0.0,7,3.5
2,1,1,True,1,0.8439316242105909,8,0.058740117711840255,3,0.04583239499873904,7,0.01579495317681599,9,0.013881016393655788,1,0.0
2,1,1,True,1,1.0,0,0.0,2,0.0,3,0.0,4,0.0,1,3.6
2,1,1,True,1,0.8439316242105909,8,0.058740117711840255,3,0.04583239499873904,7,0.01579495317681599,9,0.013881016393655788,1,0.0
2,1,1,True,1,0.7598611111111109,7,0.2368055555555555,3,0.003333333333333333,0,0.0,2,0.0,1,6.5
2,1,1,True,1,0.8439316242105909,8,0.058740117711840255,3,0.04583239499873904,7,0.01579495317681599,9,0.013881016393655788,1,0.0
2,1,1,True,1,0.7215252435473025,0,0.10183085215438155,7,0.08900751862516562,2,0.08763638567315034,3,0.0,1,6.6
2,1,8,False,8,0.3510674603174603,1,0.339202380952381,6,0.26973015873015865,4,0.025666666666666667,2,0.014333333333333332,2,24.3
2,8,1,False,1,0.6175879844157873,0,0.16621286137846236,8,0.14487943586191993,6,0.07131971834382993,3,0.0,3,5.0
2,8,1,False,1,0.8625957375957376,8,0.13740426240426237,2,0.0,0,0.0,4,0.0,2,2.5
2,1,1,True,1,0.5338333333333333,0,0.43616666666666676,5,0.03,2,0.0,3,0.0,1,43.8
2,1,1,True,1,0.98,2,0.01,3,0.01,0,0.0,4,0.0,1,18.9
2,6,1,False,1,0.8439316242105909,8,0.058740117711840255,3,0.04583239499873904,7,0.01579495317681599,9,0.013881016393655788,6,0.0
2,6,5,False,5,0.6,1,0.32191002053502055,2,0.03938762626262627,6,0.038702353202353205,3,0.0,4,20.2
2,1,1,True,1,0.8439316242105909,8,0.058740117711840255,3,0.04583239499873904,7,0.01579495317681599,9,0.013881016393655788,1,0.0
2,1,1,True,1,0.6377277831298089,6,0.17867421518558613,2,0.11240832556041189,8,0.07118967612419284,3,0.0,1,10.3
2,1,6,False,6,0.72,1,0.28,2,0.0,0,0.0,3,0.0,2,62.3
2,1,1,True,1,0.7733333333333329,2,0.22666666666666654,0,0.0,3,0.0,4,0.0,1,20.0
2,1,1,True,1,0.6668095238095236,6,0.29319047619047617,4,0.04,0,0.0,3,0.0,1,46.7
2,1,1,True,1,0.7683214285714283,8,0.223345238095238,6,0.008333333333333333,2,0.0,3,0.0,1,12.5
2,1,1,True,1,1.0,0,0.0,2,0.0,3,0.0,4,0.0,1,3.5
2,1,1,True,1,0.8439316242105909,8,0.058740117711840255,3,0.04583239499873904,7,0.01579495317681599,9,0.013881016393655788,1,0.0
2,1,2,False,2,0.6091849564264423,1,0.15950047488631072,3,0.08526223935163563,8,0.08242538627523147,6,0.06362694306037954,2,11.1
2,1,5,False,5,0.6,1,0.32191002053502055,2,0.03938762626262627,6,0.038702353202353205,3,0.0,2,20.2
2,9,1,False,1,0.4671388888888888,2,0.4342669552669554,0,0.05977741702741703,6,0.03881673881673882,3,0.0,10,14.4
2,1,1,True,1,0.8439316242105909,8,0.058740117711840255,3,0.04583239499873904,7,0.01579495317681599,9,0.013881016393655788,1,0.0
2,1,1,True,1,1.0,0,0.0,2,0.0,3,0.0,4,0.0,1,3.2
2,6,1,False,1,0.5137777777777778,0,0.2441388888888888,2,0.23458333333333328,8,0.0075,4,0.0,7,26.7
2,1,1,True,1,0.8439316242105909,8,0.058740117711840255,3,0.04583239499873904,7,0.01579495317681599,9,0.013881016393655788,1,0.0
2,0,5,False,5,0.31417207792207785,1,0.23850432900432897,6,0.2370162337662337,2,0.19330735930735926,7,0.010833333333333332,8,37.4
2,1,1,True,1,0.7175238095238095,3,0.2716428571428571,2,0.010833333333333332,0,0.0,4,0.0,1,16.8
2,1,1,True,1,0.8439316242105909,8,0.058740117711840255,3,0.04583239499873904,7,0.01579495317681599,9,0.013881016393655788,1,0.0
2,1,1,True,1,0.8439316242105909,8,0.058740117711840255,3,0.04583239499873904,7,0.01579495317681599,9,0.013881016393655788,1,0.0
2,1,1,True,1,0.9380958212044159,4,0.061904178795584075,2,0.0,0,0.0,3,0.0,1,3.3
2,0,1,False,1,0.48431746031746037,2,0.25821825396825376,3,0.25746428571428565,0,0.0,4,0.0,4,17.6
2,1,1,True,1,0.9380958212044159,4,0.061904178795584075,2,0.0,0,0.0,3,0.0,1,3.3
2,1,1,True,1,0.9646428571428571,8,0.02892857142857143,6,0.006428571428571428,2,0.0,3,0.0,1,19.4
2,0,1,False,1,0.57,5,0.29,6,0.12,4,0.02,3,0.0,7,53.6
2,1,1,True,1,0.7236698995448998,7,0.15522255522255518,8,0.12110754523254523,2,0.0,3,0.0,1,5.4
2,1,2,False,2,0.8938333333333334,1,0.10616666666666667,0,0.0,3,0.0,4,0.0,2,29.8
2,1,4,False,4,0.53725,1,0.4244166666666666,0,0.029083333333333336,2,0.009249999999999998,3,0.0,2,29.2
2,2,1,False,1,0.5991190476190474,2,0.3571309523809523,4,0.027916666666666666,5,0.013333333333333332,6,0.00125,2,23.4
2,1,1,True,1,0.8439316242105909,8,0.058740117711840255,3,0.04583239499873904,7,0.01579495317681599,9,0.013881016393655788,1,0.0
2,0,5,False,5,0.6593293650793649,0,0.3306706349206349,1,0.01,2,0.0,3,0.0,2,44.0
2,1,1,True,1,1.0,0,0.0,2,0.0,3,0.0,4,0.0,1,7.1
2,1,1,True,1,1.0,0,0.0,2,0.0,3,0.0,4,0.0,1,3.2
2,1,1,True,1,0.8131507936507935,6,0.1868492063492063,2,0.0,0,0.0,3,0.0,1,9.1
2,1,1,True,1,0.863642857142857,2,0.12635714285714286,3,0.01,0,0.0,4,0.0,1,25.3
2,2,2,True,2,0.6,1,0.29666666666666663,5,0.09833333333333333,6,0.005,3,0.0,1,33.4
2,1,7,False,7,0.48449999999999993,5,0.42859523809523814,1,0.06166666666666667,4,0.025238095238095237,3,0.0,3,41.2
2,6,0,False,0,0.4833333333333332,8,0.4166666666666668,1,0.09733333333333334,3,0.0026666666666666666,4,0.0,7,21.5
2,1,2,False,2,0.7230079365079363,1,0.2769920634920634,0,0.0,3,0.0,4,0.0,2,29.7
2,1,1,True,1,0.88,3,0.06904761904761905,5,0.029523809523809525,2,0.02142857142857143,0,0.0,1,26.5
2,1,1,True,1,1.0,0,0.0,2,0.0,3,0.0,4,0.0,1,3.7
2,1,1,True,1,0.6728304473304475,4,0.0702857142857143,6,0.05502777777777778,8,0.05355627705627706,7,0.053532467532467536,1,10.0
2,1,1,True,1,0.6408412698412698,6,0.35315873015873017,7,0.006,0,0.0,3,0.0,1,18.1
2,1,5,False,5,0.64,6,0.18100000000000002,1,0.149,2,0.03,3,0.0,3,33.3
2,2,6,False,6,0.6685476190476188,8,0.3014523809523809,9,0.01583333333333333,0,0.0075,2,0.006666666666666666,5,9.4
2,6,0,False,0,0.65,7,0.29,6,0.06,1,0.0,3,0.0,3,67.6
2,2,2,True,2,0.3861363636363636,1,0.22392568542568544,0,0.2177077922077921,5,0.1722301587301587,3,0.0,1,11.4
2,2,1,False,1,0.8131507936507935,6,0.1868492063492063,2,0.0,0,0.0,3,0.0,3,9.1
2,1,1,True,1,0.8439316242105909,8,0.058740117711840255,3,0.04583239499873904,7,0.01579495317681599,9,0.013881016393655788,1,0.0
2,8,1,False,1,0.4894166666666668,2,0.26432936507936494,7,0.23996825396825397,0,0.006285714285714286,3,0.0,9,29.4
2,8,4,False,4,0.6532182539682542,1,0.20465476190476195,5,0.07563888888888891,2,0.06648809523809525,3,0.0,9,27.6
2,2,1,False,1,0.7733333333333329,2,0.22666666666666654,0,0.0,3,0.0,4,0.0,2,20.0
2,1,1,True,1,0.26550595238095226,5,0.2500972222222223,3,0.24542803030303023,6,0.12181493506493507,2,0.11715386002886,1,17.1
2,1,1,True,1,0.8439316242105909,8,0.058740117711840255,3,0.04583239499873904,7,0.01579495317681599,9,0.013881016393655788,1,0.0
2,1,1,True,1,0.48415476190476203,5,0.2567420634920634,2,0.2503412698412697,4,0.008761904761904762,3,0.0,1,39.3
2,8,1,False,1,0.8439316242105909,8,0.058740117711840255,3,0.04583239499873904,7,0.01579495317681599,9,0.013881016393655788,2,0.0
2,1,1,True,1,0.8439316242105909,8,0.058740117711840255,3,0.04583239499873904,7,0.01579495317681599,9,0.013881016393655788,1,0.0
2,1,1,True,1,0.8439316242105909,8,0.058740117711840255,3,0.04583239499873904,7,0.01579495317681599,9,0.013881016393655788,1,0.0
2,1,1,True,1,0.8439316242105909,8,0.058740117711840255,3,0.04583239499873904,7,0.01579495317681599,9,0.013881016393655788,1,0.0
2,1,1,True,1,0.8439316242105909,8,0.058740117711840255,3,0.04583239499873904,7,0.01579495317681599,9,0.013881016393655788,1,0.0
2,1,1,True,1,0.6175879844157873,0,0.16621286137846236,8,0.14487943586191993,6,0.07131971834382993,3,0.0,1,5.0
2,1,1,True,1,0.8439316242105909,8,0.058740117711840255,3,0.04583239499873904,7,0.01579495317681599,9,0.013881016393655788,1,0.0
2,1,1,True,1,0.6103492063492064,2,0.3821507936507935,5,0.0075,0,0.0,3,0.0,1,31.9
2,1,5,False,5,0.39485461760461754,1,0.3860970418470418,8,0.21904834054834046,2,0.0,3,0.0,2,23.8
2,2,2,True,2,0.6114682539682538,1,0.2057579365079364,5,0.18277380952380948,0,0.0,3,0.0,1,30.6
2,1,1,True,1,0.8439316242105909,8,0.058740117711840255,3,0.04583239499873904,7,0.01579495317681599,9,0.013881016393655788,1,0.0
2,1,1,True,1,0.7487023809523812,6,0.25129761904761894,2,0.0,0,0.0,3,0.0,1,9.2
2,1,1,True,1,0.8439316242105909,8,0.058740117711840255,3,0.04583239499873904,7,0.01579495317681599,9,0.013881016393655788,1,0.0
2,1,6,False,6,0.65,1,0.2641190476190476,4,0.08588095238095236,0,0.0,3,0.0,2,36.5
2,1,2,False,2,0.595047619047619,8,0.38828571428571435,1,0.016666666666666666,0,0.0,4,0.0,3,30.8
2,1,1,True,1,0.8439316242105909,8,0.058740117711840255,3,0.04583239499873904,7,0.01579495317681599,9,0.013881016393655788,1,0.0
2,8,1,False,1,0.8439316242105909,8,0.058740117711840255,3,0.04583239499873904,7,0.01579495317681599,9,0.013881016393655788,2,0.0
2,1,1,True,1,0.6536344766344765,9,0.18492735042735034,5,0.1614381729381729,2,0.0,3,0.0,1,7.6
2,1,1,True,1,0.7049007936507937,2,0.2950992063492063,0,0.0,3,0.0,4,0.0,1,18.6
2,1,1,True,1,0.8439316242105909,8,0.058740117711840255,3,0.04583239499873904,7,0.01579495317681599,9,0.013881016393655788,1,0.0
2,1,1,True,1,0.8439316242105909,8,0.058740117711840255,3,0.04583239499873904,7,0.01579495317681599,9,0.013881016393655788,1,0.0
2,1,1,True,1,0.7688095238095235,8,0.2278571428571427,6,0.003333333333333333,2,0.0,3,0.0,1,19.6
2,1,4,False,4,0.6532182539682542,1,0.20465476190476195,5,0.07563888888888891,2,0.06648809523809525,3,0.0,2,27.6
2,1,1,True,1,0.8439316242105909,8,0.058740117711840255,3,0.04583239499873904,7,0.01579495317681599,9,0.013881016393655788,1,0.0
2,1,1,True,1,0.8439316242105909,8,0.058740117711840255,3,0.04583239499873904,7,0.01579495317681599,9,0.013881016393655788,1,0.0
2,8,1,False,1,0.47978635678906556,8,0.2864203205635093,6,0.08746886180554908,9,0.0770413120161572,0,0.06928314882571848,2,5.6
2,8,1,False,1,0.8439316242105909,8,0.058740117711840255,3,0.04583239499873904,7,0.01579495317681599,9,0.013881016393655788,2,0.0
2,8,1,False,1,0.42456565656565654,8,0.37272619047619043,7,0.2027081529581529,2,0.0,3,0.0,2,2.2
2,8,1,False,1,0.8439316242105909,8,0.058740117711840255,3,0.04583239499873904,7,0.01579495317681599,9,0.013881016393655788,2,0.0
2,1,1,True,1,0.8439316242105909,8,0.058740117711840255,3,0.04583239499873904,7,0.01579495317681599,9,0.013881016393655788,1,0.0
2,0,4,False,4,0.63,1,0.32,5,0.02,7,0.02,6,0.01,7,54.1
2,2,1,False,1,0.7377110389610386,6,0.25501623376623367,2,0.006363636363636364,0,0.0009090909090909091,3,0.0,3,13.7
2,0,1,False,1,0.8625957375957376,8,0.13740426240426237,2,0.0,0,0.0,4,0.0,4,2.5
2,2,1,False,1,0.49583333333333324,5,0.4241666666666667,4,0.07999999999999999,0,0.0,3,0.0,6,25.7
2,0,1,False,1,0.6853764442916382,0,0.1777973835548845,8,0.1368261721534772,2,0.0,4,0.0,2,2.8
2,6,8,False,8,0.57,2,0.29,1,0.14,0,0.0,4,0.0,7,34.3
2,1,1,True,1,0.6664761904761904,6,0.32185714285714284,0,0.011666666666666665,2,0.0,3,0.0,1,16.6
2,1,1,True,1,0.7125305805305806,2,0.16099059274059271,4,0.12647882672882668,0,0.0,3,0.0,1,28.5
2,1,1,True,1,0.8779575391386701,6,0.12204246086132944,2,0.0,0,0.0,3,0.0,1,3.8
2,6,1,False,1,0.5215000000000001,2,0.4362777777777777,3,0.042222222222222223,0,0.0,4,0.0,7,18.7
2,1,1,True,1,0.8439316242105909,8,0.058740117711840255,3,0.04583239499873904,7,0.01579495317681599,9,0.013881016393655788,1,0.0
2,1,1,True,1,0.6641666666666666,7,0.18166666666666667,5,0.15416666666666667,0,0.0,3,0.0,1,41.3
2,1,1,True,1,0.8439316242105909,8,0.058740117711840255,3,0.04583239499873904,7,0.01579495317681599,9,0.013881016393655788,1,0.0
2,1,1,True,1,0.8439316242105909,8,0.058740117711840255,3,0.04583239499873904,7,0.01579495317681599,9,0.013881016393655788,1,0.0
2,1,1,True,1,0.8439316242105909,8,0.058740117711840255,3,0.04583239499873904,7,0.01579495317681599,9,0.013881016393655788,1,0.0
2,1,1,True,1,0.8439316242105909,8,0.058740117711840255,3,0.04583239499873904,7,0.01579495317681599,9,0.013881016393655788,1,0.0
2,8,1,False,1,0.8439316242105909,8,0.058740117711840255,3,0.04583239499873904,7,0.01579495317681599,9,0.013881016393655788,2,0.0
2,8,1,False,1,0.7615281735808048,8,0.23847182641919482,2,0.0,0,0.0,4,0.0,2,3.0
2,6,8,False,8,0.20509740259740258,6,0.2043113275613275,5,0.20320093795093797,2,0.19432936507936505,1,0.1930609668109668,2,28.3
2,1,1,True,1,0.976,4,0.016666666666666666,2,0.005333333333333333,5,0.002,3,0.0,1,21.2
2,6,1,False,1,0.7565349234099235,8,0.12215365190365196,6,0.12131142468642468,2,0.0,3,0.0,3,5.2
2,6,1,False,1,0.7631785714285714,5,0.23682142857142854,2,0.0,0,0.0,3,0.0,7,15.1
2,1,4,False,4,0.3928943001443001,1,0.3602680375180376,6,0.24683766233766238,0,0.0,3,0.0,2,25.5
2,6,1,False,1,0.5577283549783548,6,0.40195238095238106,5,0.02676623376623376,3,0.013553030303030305,2,0.0,2,6.0
2,6,1,False,1,0.5577283549783548,6,0.40195238095238106,5,0.02676623376623376,3,0.013553030303030305,2,0.0,2,6.0
2,2,2,True,2,0.8171654581193178,1,0.1828345418806817,0,0.0,3,0.0,4,0.0,1,7.9
2,2,2,True,2,0.8171654581193178,1,0.1828345418806817,0,0.0,3,0.0,4,0.0,1,7.9
2,8,1,False,1,0.7688095238095235,8,0.2278571428571427,6,0.003333333333333333,2,0.0,3,0.0,2,19.6
2,2,2,True,2,0.5214626824086424,0,0.22181528442366066,1,0.11109773351018207,7,0.07604384829737919,5,0.036288667195269055,1,13.5
2,1,1,True,1,0.6153877106309924,8,0.3117062752602331,4,0.04022828945958457,6,0.032677724649189825,3,0.0,1,12.6
2,2,2,True,2,0.8171654581193178,1,0.1828345418806817,0,0.0,3,0.0,4,0.0,1,7.9
2,8,1,False,1,0.6153877106309924,8,0.3117062752602331,4,0.04022828945958457,6,0.032677724649189825,3,0.0,2,12.6
2,2,2,True,2,0.8171654581193178,1,0.1828345418806817,0,0.0,3,0.0,4,0.0,1,7.9
2,2,2,True,2,0.5214626824086424,0,0.22181528442366066,1,0.11109773351018207,7,0.07604384829737919,5,0.036288667195269055,1,13.5
2,1,1,True,1,0.7559006206212087,0,0.24409937937879111,2,0.0,3,0.0,4,0.0,1,16.5
2,1,1,True,1,0.8439316242105909,8,0.058740117711840255,3,0.04583239499873904,7,0.01579495317681599,9,0.013881016393655788,1,0.0
2,1,1,True,1,0.32343573093573086,0,0.31947879897879894,4,0.18040620490620488,2,0.17667926517926522,3,0.0,1,29.3
3,1,1,True,1,0.5075,6,0.445,2,0.0475,0,0.0,3,0.0,1,39.1
3,5,1,False,1,0.6408809523809522,2,0.35911904761904756,0,0.0,3,0.0,4,0.0,6,31.8
3,4,1,False,1,0.8481666666666666,5,0.11183333333333334,6,0.02,2,0.02,3,0.0,7,33.7
3,5,6,False,6,0.6,1,0.30257142857142866,2,0.09742857142857142,0,0.0,3,0.0,7,33.9
3,2,1,False,1,0.9430833333333334,4,0.03389285714285714,6,0.023023809523809523,0,0.0,3,0.0,6,25.4
3,5,1,False,1,0.5859159532418043,2,0.19388477733137177,8,0.12061041632945656,5,0.099588853097367,3,0.0,4,13.0
3,5,5,True,5,0.5121017316017314,0,0.46075541125541136,1,0.027142857142857146,2,0.0,3,0.0,1,43.9
3,4,1,False,1,0.99,2,0.008,5,0.002,0,0.0,3,0.0,6,39.4
3,4,1,False,1,0.6214775468662258,8,0.34063746884954665,6,0.03788498428422765,2,0.0,3,0.0,6,12.6
3,4,0,False,0,0.8271666666666667,5,0.15283333333333338,7,0.02,1,0.0,3,0.0,7,55.5
3,3,3,True,3,1.0,0,0.0,1,0.0,2,0.0,4,0.0,1,17.7
3,3,8,False,8,0.66775,2,0.23,6,0.08850000000000001,1,0.01375,3,0.0,5,10.5
3,7,5,False,5,0.4655992063492064,1,0.2916706349206348,2,0.24273015873015866,0,0.0,3,0.0,8,41.6
3,7,1,False,1,0.9433333333333335,8,0.04666666666666666,0,0.01,2,0.0,4,0.0,9,15.5
3,7,1,False,1,0.5243095238095237,7,0.35354761904761905,4,0.08038095238095239,6,0.041761904761904764,3,0.0,2,32.3
3,2,1,False,1,0.99,3,0.01,0,0.0,2,0.0,4,0.0,4,25.2
3,1,2,False,2,0.47585714285714287,4,0.40414285714285714,0,0.06,5,0.029333333333333336,1,0.026666666666666665,5,38.6
3,1,8,False,8,0.7540555555555554,6,0.23594444444444435,1,0.01,2,0.0,3,0.0,3,8.1
3,0,1,False,1,0.39232936507936494,2,0.22069444444444442,0,0.19099999999999998,6,0.19097619047619044,9,0.005,3,14.3
3,1,1,True,1,0.945,7,0.05,8,0.005,2,0.0,3,0.0,1,45.5
3,1,1,True,1,0.6408809523809522,2,0.35911904761904756,0,0.0,3,0.0,4,0.0,1,31.8
3,3,1,False,1,0.7233333333333334,6,0.24,5,0.03266666666666666,2,0.004,3,0.0,5,33.8
3,3,1,False,1,1.0,0,0.0,2,0.0,3,0.0,4,0.0,4,21.4
3,4,8,False,8,0.35631746031746026,2,0.30733333333333324,0,0.3040634920634919,1,0.020499999999999997,9,0.011785714285714283,7,8.5
3,3,1,False,1,0.8498047405545006,8,0.055054413900604296,3,0.0459742222116572,7,0.01540870150310215,9,0.01465419376191794,3,0.0
3,1,1,True,1,0.8498047405545006,8,0.055054413900604296,3,0.0459742222116572,7,0.01540870150310215,9,0.01465419376191794,1,0.0
3,1,7,False,7,0.43175,1,0.42824999999999996,0,0.12,5,0.02,3,0.0,2,42.5
3,1,1,True,1,0.624814935064935,6,0.18849783549783541,8,0.18668722943722935,2,0.0,3,0.0,1,19.7
3,5,1,False,1,0.47429761904761897,0,0.26233333333333325,2,0.2600357142857142,6,0.003333333333333333,3,0.0,7,14.8
3,4,8,False,8,0.2204598595848596,7,0.2080338827838828,9,0.2037606837606837,6,0.1855364774114774,1,0.18220909645909644,9,9.9
3,5,1,False,1,0.5776883116883119,4,0.2146760461760462,2,0.20763564213564206,0,0.0,3,0.0,6,27.8
3,5,1,False,1,0.88,2,0.08,5,0.021666666666666664,3,0.018333333333333333,0,0.0,3,25.8
3,5,4,False,4,0.63,5,0.20016666666666666,2,0.13983333333333334,1,0.03,3,0.0,2,30.4
3,5,1,False,1,0.47737301587301595,2,0.4061666666666666,8,0.0458015873015873,6,0.044634920634920645,4,0.026023809523809525,7,30.1
3,5,2,False,2,0.3800142635142635,1,0.22539499389499387,4,0.1998240370740371,8,0.19476670551670547,3,0.0,6,27.0
3,1,1,True,1,0.8305476190476189,8,0.15983333333333336,6,0.009619047619047619,2,0.0,3,0.0,1,15.3
3,1,1,True,1,0.6516731601731602,2,0.18915115440115432,4,0.15917568542568541,0,0.0,3,0.0,1,28.4
3,1,1,True,1,0.5605945165945166,6,0.2816133033633033,8,0.15779218004217999,2,0.0,3,0.0,1,5.2
3,2,1,False,1,0.4096998556998557,0,0.40589898989899015,4,0.18440115440115437,2,0.0,3,0.0,4,29.3
3,3,1,False,1,0.8498047405545006,8,0.055054413900604296,3,0.0459742222116572,7,0.01540870150310215,9,0.01465419376191794,3,0.0
3,5,1,False,1,0.99,2,0.008,5,0.002,0,0.0,3,0.0,3,39.4
3,7,1,False,1,0.6514285714285714,4,0.33807142857142863,8,0.005333333333333333,5,0.005166666666666666,3,0.0,9,23.9
3,7,1,False,1,0.5243095238095237,7,0.35354761904761905,4,0.08038095238095239,6,0.041761904761904764,3,0.0,2,32.3
3,7,1,False,1,0.9876666666666667,8,0.006999999999999999,6,0.003333333333333333,7,0.002,3,0.0,4,4.6
3,3,4,False,4,0.3424404761904762,6,0.3421190476190476,1,0.30410714285714274,2,0.009333333333333334,7,0.002,7,35.5
3,7,1,False,1,0.5531666666666666,5,0.396,4,0.05083333333333333,0,0.0,3,0.0,8,41.2
3,4,0,False,0,0.7957142857142856,5,0.19428571428571428,4,0.01,1,0.0,3,0.0,3,44.2
3,3,1,False,1,0.6051175025954438,6,0.39488249740455617,2,0.0,0,0.0,3,0.0,5,4.3
3,7,1,False,1,0.8498047405545006,8,0.055054413900604296,3,0.0459742222116572,7,0.01540870150310215,9,0.01465419376191794,4,0.0
3,7,1,False,1,0.8498047405545006,8,0.055054413900604296,3,0.0459742222116572,7,0.01540870150310215,9,0.01465419376191794,4,0.0
3,7,1,False,1,0.647003705573752,7,0.17081458608470992,9,0.09530854598617756,6,0.08687316235536047,3,0.0,2,4.7
3,2,1,False,1,0.6883311688311686,4,0.16418542568542566,5,0.14748340548340544,0,0.0,3,0.0,6,21.1
3,2,1,False,1,0.5096666666666667,2,0.4693333333333333,7,0.021,0,0.0,3,0.0,2,29.7
3,1,1,True,1,0.8498047405545006,8,0.055054413900604296,3,0.0459742222116572,7,0.01540870150310215,9,0.01465419376191794,1,0.0
3,1,2,False,2,0.3688295870795871,1,0.3257703685203685,8,0.16355372405372404,4,0.14184632034632036,3,0.0,2,26.2
3,1,1,True,1,0.701190476190476,7,0.27880952380952373,5,0.02,0,0.0,3,0.0,1,40.8
3,1,1,True,1,0.7836186868686863,7,0.216381313131313,2,0.0,0,0.0,3,0.0,1,4.0
3,1,1,True,1,0.8305476190476189,8,0.15983333333333336,6,0.009619047619047619,2,0.0,3,0.0,1,15.3
3,1,2,False,2,0.4550604395604395,1,0.3540631868131868,7,0.19087637362637352,0,0.0,3,0.0,2,22.9
3,2,8,False,8,0.2204598595848596,7,0.2080338827838828,9,0.2037606837606837,6,0.1855364774114774,1,0.18220909645909644,6,9.9
3,2,3,False,3,0.64,1,0.15233333333333332,6,0.10383333333333335,2,0.1038333333333333,0,0.0,4,18.8
3,1,1,True,1,0.8498047405545006,8,0.055054413900604296,3,0.0459742222116572,7,0.01540870150310215,9,0.01465419376191794,1,0.0
3,1,1,True,1,0.8498047405545006,8,0.055054413900604296,3,0.0459742222116572,7,0.01540870150310215,9,0.01465419376191794,1,0.0
3,1,1,True,1,0.8498047405545006,8,0.055054413900604296,3,0.0459742222116572,7,0.01540870150310215,9,0.01465419376191794,1,0.0
3,1,1,True,1,0.8498047405545006,8,0.055054413900604296,3,0.0459742222116572,7,0.01540870150310215,9,0.01465419376191794,1,0.0
3,1,1,True,1,1.0,0,0.0,2,0.0,3,0.0,4,0.0,1,3.4
3,1,1,True,1,0.8498047405545006,8,0.055054413900604296,3,0.0459742222116572,7,0.01540870150310215,9,0.01465419376191794,1,0.0
3,1,1,True,1,0.8498047405545006,8,0.055054413900604296,3,0.0459742222116572,7,0.01540870150310215,9,0.01465419376191794,1,0.0
3,1,1,True,1,0.8498047405545006,8,0.055054413900604296,3,0.0459742222116572,7,0.01540870150310215,9,0.01465419376191794,1,0.0
3,1,3,False,3,0.23899472667855004,5,0.21659503894798005,1,0.20944895872101743,2,0.1336643715761362,4,0.10386667907256142,3,17.1
3,1,1,True,1,0.6733731671665106,0,0.16492926715527326,8,0.16169756567821575,2,0.0,4,0.0,1,5.0
3,1,1,True,1,0.3428809523809524,2,0.31611904761904763,6,0.31099999999999994,3,0.03,0,0.0,1,18.7
3,1,1,True,1,0.8498047405545006,8,0.055054413900604296,3,0.0459742222116572,7,0.01540870150310215,9,0.01465419376191794,1,0.0
3,1,1,True,1,0.5046233041983819,8,0.2678259666030563,3,0.08114408158061409,9,0.07542237436625983,0,0.07098427325168809,1,2.3
3,1,1,True,1,0.8498047405545006,8,0.055054413900604296,3,0.0459742222116572,7,0.01540870150310215,9,0.01465419376191794,1,0.0
3,1,5,False,5,0.4166547619047619,1,0.3071547619047618,7,0.27619047619047615,0,0.0,3,0.0,2,41.4
3,1,1,True,1,0.8498047405545006,8,0.055054413900604296,3,0.0459742222116572,7,0.01540870150310215,9,0.01465419376191794,1,0.0
3,1,2,False,2,0.5879275154549746,0,0.18809616382753963,7,0.08032937777675592,1,0.06682135467391616,5,0.039812546094825006,4,13.5
3,1,1,True,1,0.8498047405545006,8,0.055054413900604296,3,0.0459742222116572,7,0.01540870150310215,9,0.01465419376191794,1,0.0
3,6,1,False,1,0.4623520323845402,8,0.370894189015319,0,0.09442529073953222,9,0.0723284878606086,4,0.0,10,5.6
3,1,1,True,1,0.4157857142857144,2,0.4012023809523809,6,0.18301190476190474,0,0.0,3,0.0,1,12.9
3,1,6,False,6,0.5150000000000001,7,0.4212499999999999,5,0.05,1,0.0125,2,0.00125,4,33.0
3,2,1,False,1,0.38756493506493483,5,0.21107215007215,2,0.21015151515151506,8,0.1812113997113996,7,0.01,3,11.7
3,1,1,True,1,0.928117918884334,4,0.07188208111566567,2,0.0,0,0.0,3,0.0,1,3.3
3,1,1,True,1,0.5096666666666667,2,0.4693333333333333,7,0.021,0,0.0,3,0.0,1,29.7
3,1,1,True,1,0.5808095238095238,8,0.41633333333333333,6,0.002857142857142857,2,0.0,3,0.0,1,15.4
3,1,1,True,1,0.8498047405545006,8,0.055054413900604296,3,0.0459742222116572,7,0.01540870150310215,9,0.01465419376191794,1,0.0
3,1,6,False,6,0.5630952380952382,1,0.42761904761904757,0,0.005357142857142857,5,0.002261904761904762,2,0.0016666666666666666,2,37.8
3,1,1,True,1,0.7783612525992726,2,0.07555659767013917,6,0.07523586796125158,9,0.07084628176933666,3,0.0,1,4.8
3,1,1,True,1,0.6848921821642411,8,0.20979510440539847,6,0.10531271343036044,2,0.0,3,0.0,1,2.9
3,1,1,True,1,0.8498047405545006,8,0.055054413900604296,3,0.0459742222116572,7,0.01540870150310215,9,0.01465419376191794,1,0.0
3,1,1,True,1,0.633905810481527,0,0.29370360664708806,8,0.07239058287138447,2,0.0,4,0.0,1,2.8
3,9,1,False,1,0.7714257964257962,8,0.22857420357420355,2,0.0,0,0.0,4,0.0,10,4.9
3,1,1,True,1,0.8498047405545006,8,0.055054413900604296,3,0.0459742222116572,7,0.01540870150310215,9,0.01465419376191794,1,0.0
3,1,1,True,1,0.7470004748340153,7,0.12186534188467485,0,0.06636164650846973,8,0.06477253677283962,3,0.0,1,2.7
3,1,1,True,1,0.8498047405545006,8,0.055054413900604296,3,0.0459742222116572,7,0.01540870150310215,9,0.01465419376191794,1,0.0
3,1,1,True,1,0.8498047405545006,8,0.055054413900604296,3,0.0459742222116572,7,0.01540870150310215,9,0.01465419376191794,1,0.0
3,0,1,False,1,0.945,7,0.05,8,0.005,2,0.0,3,0.0,8,45.4
3,2,7,False,7,0.56,1,0.44,2,0.0,0,0.0,3,0.0,3,40.0
3,1,1,True,1,0.4491505161505163,8,0.27406662781662766,6,0.140752109002109,7,0.136030747030747,3,0.0,1,2.4
3,1,1,True,1,1.0,0,0.0,2,0.0,3,0.0,4,0.0,1,3.7
3,0,2,False,2,0.5879275154549746,0,0.18809616382753963,7,0.08032937777675592,1,0.06682135467391616,5,0.039812546094825006,2,13.5
3,0,4,False,4,0.62,5,0.23,7,0.1,1,0.03,6,0.02,7,47.1
3,1,1,True,1,0.8498047405545006,8,0.055054413900604296,3,0.0459742222116572,7,0.01540870150310215,9,0.01465419376191794,1,0.0
3,1,1,True,1,0.6848921821642411,8,0.20979510440539847,6,0.10531271343036044,2,0.0,3,0.0,1,2.9
3,1,4,False,4,0.4631666666666666,7,0.43683333333333346,1,0.03528571428571428,5,0.03228571428571428,8,0.016428571428571428,3,11.6
3,1,1,True,1,1.0,0,0.0,2,0.0,3,0.0,4,0.0,1,3.7
3,1,1,True,1,0.8498047405545006,8,0.055054413900604296,3,0.0459742222116572,7,0.01540870150310215,9,0.01465419376191794,1,0.0
3,1,1,True,1,0.8498047405545006,8,0.055054413900604296,3,0.0459742222116572,7,0.01540870150310215,9,0.01465419376191794,1,0.0
3,1,1,True,1,0.5046984126984128,6,0.24957142857142856,2,0.2446190476190476,0,0.0011111111111111111,3,0.0,1,13.7
3,1,1,True,1,1.0,0,0.0,2,0.0,3,0.0,4,0.0,1,7.4
3,1,1,True,1,0.88,3,0.08199999999999999,2,0.020666666666666663,5,0.017333333333333333,0,0.0,1,26.5
3,1,1,True,1,0.7783612525992726,2,0.07555659767013917,6,0.07523586796125158,9,0.07084628176933666,3,0.0,1,4.8
3,1,1,True,1,0.8498047405545006,8,0.055054413900604296,3,0.0459742222116572,7,0.01540870150310215,9,0.01465419376191794,1,0.0
3,1,1,True,1,0.5318412698412698,0,0.23722222222222214,8,0.23093650793650786,2,0.0,4,0.0,1,7.2
3,1,1,True,1,0.6798233988233987,2,0.1655816128316128,3,0.14426165501165497,7,0.010333333333333332,0,0.0,1,16.1
3,1,1,True,1,0.5819105339105337,9,0.21284559884559875,5,0.20524386724386712,2,0.0,3,0.0,1,7.5
3,1,1,True,1,0.995,6,0.005,2,0.0,0,0.0,3,0.0,1,22.8
3,1,1,True,1,0.7522738095238094,8,0.24772619047619046,2,0.0,0,0.0,4,0.0,1,13.1
3,1,1,True,1,1.0,0,0.0,2,0.0,3,0.0,4,0.0,1,3.2
3,6,1,False,1,0.8498047405545006,8,0.055054413900604296,3,0.0459742222116572,7,0.01540870150310215,9,0.01465419376191794,6,0.0
3,6,1,False,1,0.9921428571428571,6,0.00369047619047619,5,0.0025,2,0.0016666666666666666,3,0.0,2,9.2
3,1,1,True,1,1.0,0,0.0,2,0.0,3,0.0,4,0.0,1,3.7
3,1,1,True,1,0.8498047405545006,8,0.055054413900604296,3,0.0459742222116572,7,0.01540870150310215,9,0.01465419376191794,1,0.0
3,1,1,True,1,0.7117904530110413,6,0.10090038556215024,7,0.09752573651838352,4,0.08978342490842488,3,0.0,1,6.7
3,1,1,True,1,1.0,0,0.0,2,0.0,3,0.0,4,0.0,1,3.7
3,1,1,True,1,0.8498047405545006,8,0.055054413900604296,3,0.0459742222116572,7,0.01540870150310215,9,0.01465419376191794,1,0.0
3,1,1,True,1,0.8498047405545006,8,0.055054413900604296,3,0.0459742222116572,7,0.01540870150310215,9,0.01465419376191794,1,0.0
3,1,1,True,1,0.7078418180117098,0,0.11364278935718562,7,0.09188009840177021,2,0.08663529422933446,3,0.0,1,6.6
3,1,1,True,1,0.5478333333333332,2,0.37383333333333324,6,0.07833333333333332,0,0.0,3,0.0,1,39.0
3,1,1,True,1,0.45157728382728396,5,0.11683022533022529,7,0.11655094905094901,3,0.1134164724164724,0,0.10502645965145964,1,15.9
3,1,1,True,1,0.8498047405545006,8,0.055054413900604296,3,0.0459742222116572,7,0.01540870150310215,9,0.01465419376191794,1,0.0
3,1,1,True,1,0.8498047405545006,8,0.055054413900604296,3,0.0459742222116572,7,0.01540870150310215,9,0.01465419376191794,1,0.0
3,1,1,True,1,0.99,2,0.008,5,0.002,0,0.0,3,0.0,1,39.4
3,2,1,False,1,0.7233333333333334,6,0.24,5,0.03266666666666666,2,0.004,3,0.0,4,33.8
3,6,4,False,4,0.4631666666666666,7,0.43683333333333346,1,0.03528571428571428,5,0.03228571428571428,8,0.016428571428571428,9,11.6
3,1,1,True,1,0.8498047405545006,8,0.055054413900604296,3,0.0459742222116572,7,0.01540870150310215,9,0.01465419376191794,1,0.0
3,1,1,True,1,1.0,0,0.0,2,0.0,3,0.0,4,0.0,1,6.9
3,1,6,False,6,0.8118333333333334,1,0.1881666666666667,2,0.0,0,0.0,3,0.0,2,36.6
3,1,1,True,1,0.5947142857142856,7,0.3927857142857143,6,0.0125,0,0.0,3,0.0,1,43.4
3,1,1,True,1,0.8512642357642354,8,0.14873576423576415,2,0.0,0,0.0,4,0.0,1,7.0
3,1,1,True,1,0.8448809523809525,0,0.1351190476190476,7,0.02,2,0.0,3,0.0,1,43.7
3,1,1,True,1,0.4758593073593073,7,0.274358225108225,3,0.2497824675324674,0,0.0,2,0.0,1,6.4
3,1,1,True,1,0.8498047405545006,8,0.055054413900604296,3,0.0459742222116572,7,0.01540870150310215,9,0.01465419376191794,1,0.0
3,1,2,False,2,0.47345238095238096,8,0.4698809523809524,0,0.04833333333333333,1,0.006666666666666666,6,0.0016666666666666666,4,15.7
3,1,1,True,1,0.8775000000000002,6,0.07400000000000001,4,0.048499999999999995,0,0.0,3,0.0,1,28.8
3,1,1,True,1,0.3938088023088022,5,0.38770382395382397,8,0.21348737373737364,2,0.003333333333333333,7,0.0016666666666666666,1,23.0
3,1,1,True,1,0.8498047405545006,8,0.055054413900604296,3,0.0459742222116572,7,0.01540870150310215,9,0.01465419376191794,1,0.0
3,6,1,False,1,0.88,8,0.12,2,0.0,0,0.0,4,0.0,7,35.9
3,9,1,False,1,0.8498047405545006,8,0.055054413900604296,3,0.0459742222116572,7,0.01540870150310215,9,0.01465419376191794,5,0.0
3,1,2,False,2,0.6073910533910533,1,0.3926089466089466,0,0.0,3,0.0,4,0.0,2,22.6
3,1,1,True,1,0.7648571428571427,8,0.22914285714285706,6,0.006,2,0.0,3,0.0,1,12.5
3,1,1,True,1,0.8498047405545006,8,0.055054413900604296,3,0.0459742222116572,7,0.01540870150310215,9,0.01465419376191794,1,0.0
3,1,8,False,8,0.48907822732822726,1,0.17143179043179033,7,0.16988406038406037,6,0.16960592185592177,3,0.0,2,2.2
3,0,0,True,0,0.6124788716185775,1,0.1956525484319602,5,0.09828028915528916,8,0.09358829079417312,3,0.0,1,13.4
3,1,1,True,1,0.4651666666666667,6,0.4628333333333333,2,0.056999999999999995,5,0.015,3,0.0,1,38.9
3,1,1,True,1,0.7842976190476189,2,0.21445238095238087,6,0.00125,0,0.0,3,0.0,1,16.2
3,1,1,True,1,0.9754999999999999,4,0.0125,0,0.007833333333333333,2,0.004166666666666667,3,0.0,1,19.3
3,0,4,False,4,0.6501190476190476,1,0.32988095238095233,8,0.011666666666666665,6,0.008333333333333333,3,0.0,8,24.4
3,0,0,True,0,0.6124788716185775,1,0.1956525484319602,5,0.09828028915528916,8,0.09358829079417312,3,0.0,1,13.4
3,1,1,True,1,0.7507054612054616,7,0.13439030414030412,8,0.1126820124320124,5,0.0016666666666666666,4,0.0005555555555555556,1,5.4
3,2,1,False,1,0.7248174603174601,6,0.27518253968253964,2,0.0,0,0.0,3,0.0,3,15.2
3,1,1,True,1,0.6207171439671442,6,0.25931573981573974,7,0.11996711621711618,0,0.0,3,0.0,1,5.1
3,1,1,True,1,0.37569047619047624,2,0.3234047619047618,4,0.3009047619047619,0,0.0,3,0.0,1,24.9
3,2,1,False,1,0.43122546897546904,4,0.2141525974025974,0,0.18918362193362184,2,0.1654383116883117,3,0.0,4,19.2
3,0,1,False,1,0.8498047405545006,8,0.055054413900604296,3,0.0459742222116572,7,0.01540870150310215,9,0.01465419376191794,7,0.0
3,2,1,False,1,0.6408809523809522,2,0.35911904761904756,0,0.0,3,0.0,4,0.0,2,31.8
3,1,1,True,1,1.0,0,0.0,2,0.0,3,0.0,4,0.0,1,3.6
3,1,1,True,1,0.8498047405545006,8,0.055054413900604296,3,0.0459742222116572,7,0.01540870150310215,9,0.01465419376191794,1,0.0
3,1,1,True,1,0.8314891774891774,2,0.16851082251082247,0,0.0,3,0.0,4,0.0,1,22.0
3,1,1,True,1,0.7522738095238094,8,0.24772619047619046,2,0.0,0,0.0,4,0.0,1,13.1
3,1,1,True,1,0.8498047405545006,8,0.055054413900604296,3,0.0459742222116572,7,0.01540870150310215,9,0.01465419376191794,1,0.0
3,1,1,True,1,0.8498047405545006,8,0.055054413900604296,3,0.0459742222116572,7,0.01540870150310215,9,0.01465419376191794,1,0.0
3,1,1,True,1,1.0,0,0.0,2,0.0,3,0.0,4,0.0,1,7.1
3,2,1,False,1,0.5764480519480518,4,0.23876695526695513,2,0.18387590187590186,7,0.0009090909090909091,3,0.0,3,18.3
3,6,1,False,1,0.39232936507936494,2,0.22069444444444442,0,0.19099999999999998,6,0.19097619047619044,9,0.005,4,14.3
3,1,5,False,5,0.5933333333333334,2,0.2076666666666667,4,0.1873333333333333,0,0.01,7,0.0016666666666666666,6,42.1
3,1,1,True,1,0.8498047405545006,8,0.055054413900604296,3,0.0459742222116572,7,0.01540870150310215,9,0.01465419376191794,1,0.0
3,1,1,True,1,0.7407512275306389,7,0.13664672908790554,6,0.1226020433814551,0,0.0,3,0.0,1,6.1
3,1,4,False,4,0.3713690476190476,1,0.30736904761904765,2,0.3034841269841269,5,0.014444444444444444,0,0.003333333333333333,2,12.0
3,1,1,True,1,0.8498047405545006,8,0.055054413900604296,3,0.0459742222116572,7,0.01540870150310215,9,0.01465419376191794,1,0.0
3,6,1,False,1,1.0,0,0.0,2,0.0,3,0.0,4,0.0,7,6.8
3,1,2,False,2,0.589690476190476,1,0.41030952380952385,0,0.0,3,0.0,4,0.0,2,10.9
3,1,1,True,1,0.8498047405545006,8,0.055054413900604296,3,0.0459742222116572,7,0.01540870150310215,9,0.01465419376191794,1,0.0
3,2,2,True,2,0.5256302881415111,1,0.2321798733602138,3,0.08533354369228985,8,0.07899394147304362,6,0.07786235333294156,1,11.1
3,1,1,True,1,0.6313261885323066,6,0.17464192162438896,2,0.12376293889588068,8,0.07026895094742379,3,0.0,1,10.3
3,1,1,True,1,0.3985238095238095,5,0.3352857142857142,2,0.2628571428571428,6,0.003333333333333333,3,0.0,1,39.2
3,1,3,False,3,0.4745833333333332,1,0.27478174603174593,2,0.25063492063492065,0,0.0,4,0.0,2,8.6
3,2,2,True,2,0.3940447330447331,0,0.3033391053391052,1,0.16846212121212123,8,0.13415404040404033,4,0.0,1,13.2
3,6,1,False,1,0.8048603896103894,2,0.19513961038961036,0,0.0,3,0.0,4,0.0,7,4.1
3,6,6,True,6,0.61,8,0.23,7,0.11,0,0.05,3,0.0,1,57.9
3,6,1,False,1,0.6577344877344875,0,0.174265873015873,7,0.16799963924963926,2,0.0,3,0.0,8,11.3
3,8,4,False,4,0.4631666666666666,7,0.43683333333333346,1,0.03528571428571428,5,0.03228571428571428,8,0.016428571428571428,5,11.6
3,1,2,False,2,0.6407281336056744,1,0.25135611890764,6,0.07052565240356329,8,0.03739009508312242,3,0.0,2,10.4
3,8,1,False,1,0.8498047405545006,8,0.055054413900604296,3,0.0459742222116572,7,0.01540870150310215,9,0.01465419376191794,2,0.0
3,2,1,False,1,0.47531889434095315,2,0.43484721732515846,0,0.08983388833388833,3,0.0,4,0.0,2,13.6
3,1,1,True,1,0.8498047405545006,8,0.055054413900604296,3,0.0459742222116572,7,0.01540870150310215,9,0.01465419376191794,1,0.0
3,1,1,True,1,0.8498047405545006,8,0.055054413900604296,3,0.0459742222116572,7,0.01540870150310215,9,0.01465419376191794,1,0.0
3,1,1,True,1,0.8498047405545006,8,0.055054413900604296,3,0.0459742222116572,7,0.01540870150310215,9,0.01465419376191794,1,0.0
3,1,1,True,1,0.8498047405545006,8,0.055054413900604296,3,0.0459742222116572,7,0.01540870150310215,9,0.01465419376191794,1,0.0
3,8,1,False,1,0.8498047405545006,8,0.055054413900604296,3,0.0459742222116572,7,0.01540870150310215,9,0.01465419376191794,2,0.0
3,1,1,True,1,0.8498047405545006,8,0.055054413900604296,3,0.0459742222116572,7,0.01540870150310215,9,0.01465419376191794,1,0.0
3,1,1,True,1,0.8498047405545006,8,0.055054413900604296,3,0.0459742222116572,7,0.01540870150310215,9,0.01465419376191794,1,0.0
3,1,1,True,1,0.8498047405545006,8,0.055054413900604296,3,0.0459742222116572,7,0.01540870150310215,9,0.01465419376191794,1,0.0
3,1,0,False,0,0.7982142857142855,5,0.18428571428571427,1,0.0175,2,0.0,3,0.0,3,44.1
3,1,7,False,7,0.54,1,0.45,4,0.006666666666666666,5,0.003333333333333333,3,0.0,2,45.2
3,8,8,True,8,0.5073571428571428,9,0.2658690476190476,1,0.1929642857142857,4,0.02,2,0.007619047619047619,1,8.4
3,1,1,True,1,0.8498047405545006,8,0.055054413900604296,3,0.0459742222116572,7,0.01540870150310215,9,0.01465419376191794,1,0.0
3,1,1,True,1,0.47429761904761897,0,0.26233333333333325,2,0.2600357142857142,6,0.003333333333333333,3,0.0,1,14.8
3,1,1,True,1,0.4651666666666667,6,0.4628333333333333,2,0.056999999999999995,5,0.015,3,0.0,1,38.9
3,1,1,True,1,0.8614285714285714,7,0.09085714285714283,0,0.042,8,0.004285714285714285,6,0.0014285714285714286,1,46.4
3,2,1,False,1,0.5808095238095238,8,0.41633333333333333,6,0.002857142857142857,2,0.0,3,0.0,4,15.4
3,1,1,True,1,0.8498047405545006,8,0.055054413900604296,3,0.0459742222116572,7,0.01540870150310215,9,0.01465419376191794,1,0.0
3,1,1,True,1,0.8498047405545006,8,0.055054413900604296,3,0.0459742222116572,7,0.01540870150310215,9,0.01465419376191794,1,0.0
3,2,1,False,1,0.47282359307359306,5,0.2686749639249638,7,0.25850144300144295,0,0.0,3,0.0,6,29.9
3,1,1,True,1,0.5084603174603174,2,0.4815396825396825,6,0.01,0,0.0,3,0.0,1,18.5
3,1,1,True,1,0.8498047405545006,8,0.055054413900604296,3,0.0459742222116572,7,0.01540870150310215,9,0.01465419376191794,1,0.0
3,1,1,True,1,0.8498047405545006,8,0.055054413900604296,3,0.0459742222116572,7,0.01540870150310215,9,0.01465419376191794,1,0.0
3,0,0,True,0,0.5566666666666668,5,0.4433333333333332,2,0.0,1,0.0,3,0.0,1,55.8
3,8,1,False,1,0.8498047405545006,8,0.055054413900604296,3,0.0459742222116572,7,0.01540870150310215,9,0.01465419376191794,2,0.0
3,8,1,False,1,0.5046233041983819,8,0.2678259666030563,3,0.08114408158061409,9,0.07542237436625983,0,0.07098427325168809,2,2.3
3,2,6,False,6,0.4802857142857143,7,0.42554761904761906,1,0.06513888888888889,2,0.029027777777777777,3,0.0,4,27.3
3,1,1,True,1,0.8498047405545006,8,0.055054413900604296,3,0.0459742222116572,7,0.01540870150310215,9,0.01465419376191794,1,0.0
3,1,1,True,1,0.986,5,0.013999999999999999,2,0.0,0,0.0,3,0.0,1,37.1
3,8,1,False,1,0.8498047405545006,8,0.055054413900604296,3,0.0459742222116572,7,0.01540870150310215,9,0.01465419376191794,2,0.0
3,0,0,True,0,0.67,7,0.27,6,0.06,1,0.0,3,0.0,1,57.4
3,0,6,False,6,0.34560317460317463,8,0.23002777777777772,1,0.20999206349206342,4,0.20937698412698413,7,0.0025,7,30.0
3,2,2,True,2,0.3800142635142635,1,0.22539499389499387,4,0.1998240370740371,8,0.19476670551670547,3,0.0,1,27.0
3,1,1,True,1,0.6712950333979744,8,0.24614363087892493,6,0.0825613357231004,2,0.0,3,0.0,1,3.0
3,1,1,True,1,0.7470004748340153,7,0.12186534188467485,0,0.06636164650846973,8,0.06477253677283962,3,0.0,1,2.7
3,1,1,True,1,0.8498047405545006,8,0.055054413900604296,3,0.0459742222116572,7,0.01540870150310215,9,0.01465419376191794,1,0.0
3,1,1,True,1,0.8498047405545006,8,0.055054413900604296,3,0.0459742222116572,7,0.01540870150310215,9,0.01465419376191794,1,0.0
3,1,1,True,1,0.8498047405545006,8,0.055054413900604296,3,0.0459742222116572,7,0.01540870150310215,9,0.01465419376191794,1,0.0
3,1,1,True,1,0.8498047405545006,8,0.055054413900604296,3,0.0459742222116572,7,0.01540870150310215,9,0.01465419376191794,1,0.0
3,8,1,False,1,0.8498047405545006,8,0.055054413900604296,3,0.0459742222116572,7,0.01540870150310215,9,0.01465419376191794,2,0.0
3,8,1,False,1,0.8498047405545006,8,0.055054413900604296,3,0.0459742222116572,7,0.01540870150310215,9,0.01465419376191794,2,0.0
3,8,1,False,1,0.633905810481527,0,0.29370360664708806,8,0.07239058287138447,2,0.0,4,0.0,3,2.8
3,1,1,True,1,0.5859159532418043,2,0.19388477733137177,8,0.12061041632945656,5,0.099588853097367,3,0.0,1,13.0
3,6,1,False,1,0.92,7,0.043,0,0.027000000000000003,4,0.01,3,0.0,8,46.5
3,6,1,False,1,0.7836186868686863,7,0.216381313131313,2,0.0,0,0.0,3,0.0,8,4.0
3,6,1,False,1,0.6733731671665106,0,0.16492926715527326,8,0.16169756567821575,2,0.0,4,0.0,7,5.0
3,1,3,False,3,0.4745833333333332,1,0.27478174603174593,2,0.25063492063492065,0,0.0,4,0.0,2,8.6
3,1,1,True,1,0.7933769220975102,6,0.11693190388043323,2,0.08969117402205633,0,0.0,3,0.0,1,20.3
3,6,0,False,0,0.4793333333333333,2,0.4516666666666667,8,0.059000000000000004,1,0.01,4,0.0,7,15.6
3,2,2,True,2,0.5879275154549746,0,0.18809616382753963,7,0.08032937777675592,1,0.06682135467391616,5,0.039812546094825006,1,13.5
3,8,1,False,1,0.8498047405545006,8,0.055054413900604296,3,0.0459742222116572,7,0.01540870150310215,9,0.01465419376191794,2,0.0
3,8,1,False,1,0.6733731671665106,0,0.16492926715527326,8,0.16169756567821575,2,0.0,4,0.0,3,5.0
3,8,1,False,1,0.6712950333979744,8,0.24614363087892493,6,0.0825613357231004,2,0.0,3,0.0,2,3.0
3,8,8,True,8,0.529281746031746,1,0.31718253968253957,6,0.15353571428571425,2,0.0,3,0.0,1,17.2
3,1,6,False,6,0.63,1,0.34,5,0.015,4,0.006,7,0.005,2,38.1
3,1,1,True,1,0.6214775468662258,8,0.34063746884954665,6,0.03788498428422765,2,0.0,3,0.0,1,12.6
3,2,1,False,1,0.47531889434095315,2,0.43484721732515846,0,0.08983388833388833,3,0.0,4,0.0,2,13.6
3,8,4,False,4,0.45578571428571435,2,0.4542142857142856,1,0.036833333333333336,6,0.02783333333333333,8,0.025333333333333336,5,24.2
3,6,0,False,0,0.56,6,0.34,8,0.06,1,0.04,3,0.0,2,58.7
3,1,1,True,1,0.7636378066378066,3,0.2335050505050504,2,0.002857142857142857,0,0.0,4,0.0,1,20.1
3,1,1,True,1,0.4096998556998557,0,0.40589898989899015,4,0.18440115440115437,2,0.0,3,0.0,1,29.3
3,6,6,True,6,0.56,0,0.44,2,0.0,1,0.0,3,0.0,1,75.9
4,5,2,False,2,0.7510714285714282,1,0.2489285714285713,0,0.0,3,0.0,4,0.0,6,14.2
4,5,6,False,6,0.68,5,0.22,1,0.1,0,0.0,3,0.0,2,47.7
4,4,1,False,1,0.42998124098124096,2,0.38205375180375173,0,0.1879650072150072,3,0.0,4,0.0,5,19.2
4,3,1,False,1,0.8429842194401762,8,0.0610675990925674,3,0.040675794129642166,7,0.02029321367184035,9,0.014486915555826811,3,0.0
4,5,0,False,0,0.67,6,0.225,4,0.06,1,0.045,3,0.0,7,47.3
4,3,1,False,1,0.4972726209548965,8,0.32319767852546477,0,0.08998101545856961,9,0.08954868506106893,4,0.0,8,2.3
4,4,1,False,1,0.5378968253968255,2,0.34210317460317463,4,0.08,0,0.021666666666666664,5,0.018333333333333333,3,12.0
4,5,1,False,1,0.5128333333333333,5,0.36550000000000005,4,0.07821428571428572,2,0.04178571428571429,6,0.0016666666666666666,2,38.8
4,7,1,False,1,1.0,0,0.0,2,0.0,3,0.0,4,0.0,8,6.5
4,3,1,False,1,0.8429842194401762,8,0.0610675990925674,3,0.040675794129642166,7,0.02029321367184035,9,0.014486915555826811,3,0.0
4,5,2,False,2,0.741234126984127,0,0.24076587301587307,1,0.013500000000000002,6,0.0045000000000000005,3,0.0,7,11.4
4,7,5,False,5,0.68,1,0.2650436507936509,7,0.0549563492063492,0,0.0,3,0.0,3,40.9
4,4,1,False,1,0.925,4,0.0625,2,0.0125,0,0.0,3,0.0,2,25.0
4,7,6,False,6,0.68,0,0.21,4,0.06,1,0.03,5,0.02,8,47.4
4,7,1,False,1,0.9925,7,0.0075,2,0.0,0,0.0,3,0.0,2,43.6
4,7,1,False,1,0.821496031746031,6,0.1765039682539682,7,0.002,0,0.0,3,0.0,3,4.0
4,1,1,True,1,0.5927791509697286,8,0.19684796833526466,0,0.1354625081683097,6,0.07491037252669706,3,0.0,1,5.0
4,2,1,False,1,0.6414285714285713,5,0.3425714285714286,4,0.01,2,0.006,3,0.0,4,31.6
4,1,5,False,5,0.6405064102564101,7,0.34949358974358974,2,0.01,0,0.0,3,0.0,6,30.2
4,1,1,True,1,0.6,6,0.37,8,0.03,2,0.0,3,0.0,1,59.7
4,2,1,False,1,0.6299047619047617,3,0.36176190476190473,5,0.008333333333333333,0,0.0,2,0.0,5,22.5
4,3,3,True,3,0.5054087301587302,5,0.252095238095238,2,0.22582936507936502,1,0.016666666666666666,0,0.0,1,26.4
4,3,1,False,1,0.8429842194401762,8,0.0610675990925674,3,0.040675794129642166,7,0.02029321367184035,9,0.014486915555826811,3,0.0
4,5,5,True,5,0.4751190476190477,3,0.42654761904761906,1,0.09833333333333333,0,0.0,2,0.0,1,25.9
4,5,1,False,1,0.9669236596736597,6,0.023746503496503493,8,0.009329836829836829,2,0.0,3,0.0,7,19.8
4,5,1,False,1,0.6492738095238095,2,0.3457261904761905,6,0.005,0,0.0,3,0.0,7,39.2
4,3,1,False,1,0.8417857142857144,2,0.15821428571428572,0,0.0,3,0.0,4,0.0,4,25.1
4,5,2,False,2,0.7435039682539685,7,0.11232539682539683,4,0.09405952380952383,5,0.05011111111111112,3,0.0,4,41.8
4,1,1,True,1,0.420930735930736,3,0.35210064935064944,6,0.22363528138528127,0,0.0022222222222222222,2,0.0011111111111111111,1,17.0
4,1,1,True,1,1.0,0,0.0,2,0.0,3,0.0,4,0.0,1,7.3
4,5,6,False,6,0.495579365079365,1,0.2934206349206348,2,0.21099999999999997,0,0.0,3,0.0,7,28.3
4,5,2,False,2,0.3430243139213728,1,0.33375179395767646,3,0.2258919936272877,0,0.0973318984936632,4,0.0,6,16.9
4,4,1,False,1,0.48684523809523816,5,0.4041666666666666,2,0.051654761904761905,8,0.03245238095238095,7,0.024880952380952386,7,29.5
4,1,1,True,1,0.5903333333333332,2,0.3864999999999999,6,0.023166666666666665,0,0.0,3,0.0,1,39.0
4,1,1,True,1,0.8429842194401762,8,0.0610675990925674,3,0.040675794129642166,7,0.02029321367184035,9,0.014486915555826811,1,0.0
4,3,1,False,1,0.8429842194401762,8,0.0610675990925674,3,0.040675794129642166,7,0.02029321367184035,9,0.014486915555826811,3,0.0
4,4,1,False,1,0.43733333333333335,8,0.4076666666666667,7,0.06416666666666666,6,0.04875,2,0.042083333333333334,9,27.5
4,4,1,False,1,0.6489220779220776,2,0.18036219336219333,5,0.17071572871572865,0,0.0,3,0.0,6,21.1
4,7,8,False,8,0.5027175047175048,1,0.3496994116994116,6,0.14758308358308356,2,0.0,3,0.0,9,2.2
4,7,1,False,1,0.6920000000000001,0,0.22,5,0.078,2,0.01,3,0.0,8,42.4
4,7,1,False,1,0.6263333333333331,2,0.21524206349206337,8,0.15392460317460316,4,0.0045000000000000005,3,0.0,9,18.2
4,3,1,False,1,0.8429842194401762,8,0.0610675990925674,3,0.040675794129642166,7,0.02029321367184035,9,0.014486915555826811,3,0.0
4,4,1,False,1,0.28575396825396826,7,0.2425515873015872,6,0.24034126984126974,2,0.22635317460317458,3,0.005,8,35.6
4,7,1,False,1,0.3810476190476191,5,0.31438095238095237,7,0.3045714285714285,0,0.0,3,0.0,3,40.6
4,7,1,False,1,0.5168373015873017,2,0.26263888888888887,5,0.2205238095238095,0,0.0,3,0.0,8,29.9
4,1,1,True,1,0.6859040637724846,7,0.15640231259968093,8,0.07998586720297246,0,0.07770775642486166,3,0.0,1,2.7
4,1,1,True,1,0.48637493062493076,3,0.18488045288045288,5,0.18336119436119436,0,0.14538342213342215,2,0.0,1,5.9
4,6,5,False,5,0.4611666666666666,1,0.4555,6,0.08333333333333331,0,0.0,3,0.0,3,36.7
4,2,7,False,7,0.8183333333333331,1,0.15166666666666667,6,0.015,0,0.015,3,0.0,6,14.6
4,2,0,False,0,0.5215873015873015,6,0.37841269841269837,2,0.0425,1,0.03983333333333333,8,0.011666666666666665,3,15.6
4,1,1,True,1,0.6652023809523808,7,0.322297619047619,8,0.01,6,0.0025,3,0.0,1,4.6
4,1,1,True,1,0.8429842194401762,8,0.0610675990925674,3,0.040675794129642166,7,0.02029321367184035,9,0.014486915555826811,1,0.0
4,1,5,False,5,0.66,1,0.20416666666666664,2,0.12583333333333332,6,0.005,7,0.005,2,34.8
4,9,1,False,1,0.8429842194401762,8,0.0610675990925674,3,0.040675794129642166,7,0.02029321367184035,9,0.014486915555826811,5,0.0
4,1,1,True,1,0.8429842194401762,8,0.0610675990925674,3,0.040675794129642166,7,0.02029321367184035,9,0.014486915555826811,1,0.0
4,1,1,True,1,0.8429842194401762,8,0.0610675990925674,3,0.040675794129642166,7,0.02029321367184035,9,0.014486915555826811,1,0.0
4,1,8,False,8,0.5799444444444443,6,0.2316150793650793,1,0.1859404761904761,3,0.0025,2,0.0,3,17.2
4,1,1,True,1,0.8429842194401762,8,0.0610675990925674,3,0.040675794129642166,7,0.02029321367184035,9,0.014486915555826811,1,0.0
4,1,1,True,1,0.7227307553557552,0,0.2772692446442444,2,0.0,3,0.0,4,0.0,1,16.5
4,1,1,True,1,0.75,6,0.24,2,0.01,0,0.0,3,0.0,1,36.0
4,1,2,False,2,0.45783333333333326,5,0.45216666666666666,1,0.020857142857142855,6,0.020134920634920634,8,0.019269841269841267,3,30.1
4,1,1,True,1,0.7940530303030303,6,0.2059469696969697,2,0.0,0,0.0,3,0.0,1,22.7
4,1,1,True,1,0.5101679292929293,6,0.17780699855699847,0,0.1622169913419913,7,0.1498080808080808,3,0.0,1,11.3
4,1,0,False,0,0.6822249487698403,8,0.1091866621510584,5,0.10791284957732325,1,0.10067553950177785,3,0.0,4,13.4
4,1,1,True,1,0.6307460317460318,2,0.1980079365079364,5,0.16874603174603175,6,0.0025,3,0.0,1,9.1
4,0,1,False,1,0.8976403514785862,7,0.10235964852141319,2,0.0,0,0.0,3,0.0,4,6.6
4,1,1,True,1,0.821496031746031,6,0.1765039682539682,7,0.002,0,0.0,3,0.0,1,4.0
4,1,1,True,1,0.9620000000000001,2,0.038,0,0.0,3,0.0,4,0.0,1,15.3
4,2,1,False,1,0.5067723665223665,3,0.4798943001443003,2,0.013333333333333332,0,0.0,4,0.0,3,8.6
4,8,1,False,1,0.6693888888888889,0,0.330611111111111,2,0.0,3,0.0,4,0.0,9,7.2
4,1,1,True,1,0.8429842194401762,8,0.0610675990925674,3,0.040675794129642166,7,0.02029321367184035,9,0.014486915555826811,1,0.0
4,1,1,True,1,0.8429842194401762,8,0.0610675990925674,3,0.040675794129642166,7,0.02029321367184035,9,0.014486915555826811,1,0.0
4,1,1,True,1,1.0,0,0.0,2,0.0,3,0.0,4,0.0,1,3.6
4,1,1,True,1,0.3389909812409811,5,0.20156601731601725,7,0.1636850649350649,4,0.15676443001442997,8,0.13899350649350647,1,24.7
4,6,1,False,1,0.8385264180264174,7,0.16147358197358203,2,0.0,0,0.0,3,0.0,8,6.1
4,6,1,False,1,0.8429842194401762,8,0.0610675990925674,3,0.040675794129642166,7,0.02029321367184035,9,0.014486915555826811,6,0.0
4,1,1,True,1,0.8760241800682975,8,0.10511022719110956,6,0.018865592740592737,2,0.0,3,0.0,1,3.1
4,1,1,True,1,0.468888888888889,6,0.2986190476190475,7,0.22582539682539682,5,0.006666666666666666,3,0.0,1,20.6
4,1,1,True,1,0.6111367243867243,6,0.3888632756132755,2,0.0,0,0.0,3,0.0,1,9.0
4,1,1,True,1,0.5456679986679988,2,0.16654415029415032,8,0.1472244977244977,0,0.14056335331335323,4,0.0,1,5.7
4,1,6,False,6,0.34780952380952385,4,0.32372619047619045,3,0.30946428571428575,7,0.0115,1,0.005,5,35.5
4,1,1,True,1,0.4617380952380952,6,0.42528571428571427,2,0.06011904761904762,5,0.052857142857142846,3,0.0,1,12.4
4,1,1,True,1,0.4870757575757576,2,0.4860815295815297,6,0.009287878787878788,3,0.009232323232323232,8,0.008322510822510823,1,11.2
4,1,1,True,1,0.4103818302870161,8,0.33136450267139095,6,0.0960284180473809,0,0.08251799426064131,9,0.07970725473357052,1,5.6
4,1,1,True,1,0.7327833811355484,8,0.16936461410106918,6,0.09785200476338242,2,0.0,3,0.0,1,2.9
4,6,1,False,1,0.9116190476190473,0,0.08838095238095235,2,0.0,3,0.0,4,0.0,7,14.0
4,1,1,True,1,0.8429842194401762,8,0.0610675990925674,3,0.040675794129642166,7,0.02029321367184035,9,0.014486915555826811,1,0.0
4,1,1,True,1,0.8429842194401762,8,0.0610675990925674,3,0.040675794129642166,7,0.02029321367184035,9,0.014486915555826811,1,0.0
4,1,8,False,8,0.7596785714285714,9,0.2303214285714285,4,0.01,0,0.0,3,0.0,8,8.4
4,1,1,True,1,1.0,0,0.0,2,0.0,3,0.0,4,0.0,1,4.4
4,1,1,True,1,0.5067723665223665,3,0.4798943001443003,2,0.013333333333333332,0,0.0,4,0.0,1,8.6
4,1,1,True,1,0.6859040637724846,7,0.15640231259968093,8,0.07998586720297246,0,0.07770775642486166,3,0.0,1,2.7
4,1,1,True,1,0.8429842194401762,8,0.0610675990925674,3,0.040675794129642166,7,0.02029321367184035,9,0.014486915555826811,1,0.0
4,1,1,True,1,0.7524771920116344,9,0.09457977007512605,6,0.0784939037570616,2,0.07444913415617747,3,0.0,1,4.8
4,1,1,True,1,0.8429842194401762,8,0.0610675990925674,3,0.040675794129642166,7,0.02029321367184035,9,0.014486915555826811,1,0.0
4,1,1,True,1,0.8429842194401762,8,0.0610675990925674,3,0.040675794129642166,7,0.02029321367184035,9,0.014486915555826811,1,0.0
4,1,1,True,1,0.8429842194401762,8,0.0610675990925674,3,0.040675794129642166,7,0.02029321367184035,9,0.014486915555826811,1,0.0
4,0,1,False,1,0.48446428571428557,2,0.26829761904761906,6,0.23723809523809514,8,0.01,3,0.0,8,26.7
4,1,1,True,1,0.8429842194401762,8,0.0610675990925674,3,0.040675794129642166,7,0.02029321367184035,9,0.014486915555826811,1,0.0
4,1,1,True,1,0.6859040637724846,7,0.15640231259968093,8,0.07998586720297246,0,0.07770775642486166,3,0.0,1,2.7
4,1,1,True,1,0.8429842194401762,8,0.0610675990925674,3,0.040675794129642166,7,0.02029321367184035,9,0.014486915555826811,1,0.0
4,1,1,True,1,0.4972726209548965,8,0.32319767852546477,0,0.08998101545856961,9,0.08954868506106893,4,0.0,1,2.3
4,1,1,True,1,0.8429842194401762,8,0.0610675990925674,3,0.040675794129642166,7,0.02029321367184035,9,0.014486915555826811,1,0.0
4,1,1,True,1,1.0,0,0.0,2,0.0,3,0.0,4,0.0,1,3.7
4,1,1,True,1,0.7524771920116344,9,0.09457977007512605,6,0.0784939037570616,2,0.07444913415617747,3,0.0,1,4.8
4,1,1,True,1,0.6376702602952602,6,0.24601555389055374,7,0.1163141858141858,0,0.0,3,0.0,1,5.1
4,8,1,False,1,0.7059798534798535,0,0.28522893772893765,5,0.005824175824175823,3,0.0029670329670329672,2,0.0,9,5.8
4,1,1,True,1,1.0,0,0.0,2,0.0,3,0.0,4,0.0,1,3.7
4,1,1,True,1,0.608750731446131,8,0.31963969192889624,6,0.07160957662497235,2,0.0,3,0.0,1,3.0
4,1,1,True,1,0.8429842194401762,8,0.0610675990925674,3,0.040675794129642166,7,0.02029321367184035,9,0.014486915555826811,1,0.0
4,1,1,True,1,0.8429842194401762,8,0.0610675990925674,3,0.040675794129642166,7,0.02029321367184035,9,0.014486915555826811,1,0.0
4,1,2,False,2,0.741234126984127,0,0.24076587301587307,1,0.013500000000000002,6,0.0045000000000000005,3,0.0,3,11.4
4,1,1,True,1,1.0,0,0.0,2,0.0,3,0.0,4,0.0,1,3.7
4,1,1,True,1,0.9135000000000001,4,0.0765,5,0.01,0,0.0,3,0.0,1,28.8
4,2,1,False,1,0.49898409923409914,9,0.41900000000000004,6,0.03573143523143523,0,0.03116591741591742,2,0.015118548118548118,5,14.4
4,1,1,True,1,1.0,0,0.0,2,0.0,3,0.0,4,0.0,1,3.7
4,1,1,True,1,0.7227307553557552,0,0.2772692446442444,2,0.0,3,0.0,4,0.0,1,16.5
4,1,1,True,1,0.5467589999869411,8,0.3082911834897128,0,0.1449498165233459,2,0.0,4,0.0,1,2.5
4,2,1,False,1,0.8866512392835918,6,0.11334876071640775,2,0.0,0,0.0,3,0.0,3,20.3
4,1,1,True,1,0.8429842194401762,8,0.0610675990925674,3,0.040675794129642166,7,0.02029321367184035,9,0.014486915555826811,1,0.0
4,1,1,True,1,1.0,0,0.0,2,0.0,3,0.0,4,0.0,1,3.6
4,6,1,False,1,0.5098333333333334,2,0.42628571428571427,4,0.059595238095238104,0,0.004285714285714285,3,0.0,7,29.1
4,6,1,False,1,0.6281070678666454,8,0.33507010629785633,4,0.03682282583549837,2,0.0,3,0.0,7,12.6
4,1,1,True,1,0.6693888888888889,0,0.330611111111111,2,0.0,3,0.0,4,0.0,1,7.2
4,1,1,True,1,0.8429842194401762,8,0.0610675990925674,3,0.040675794129642166,7,0.02029321367184035,9,0.014486915555826811,1,0.0
4,1,1,True,1,0.8429842194401762,8,0.0610675990925674,3,0.040675794129642166,7,0.02029321367184035,9,0.014486915555826811,1,0.0
4,1,1,True,1,0.8429842194401762,8,0.0610675990925674,3,0.040675794129642166,7,0.02029321367184035,9,0.014486915555826811,1,0.0
4,1,1,True,1,1.0,0,0.0,2,0.0,3,0.0,4,0.0,1,6.5
4,1,1,True,1,0.7524771920116344,9,0.09457977007512605,6,0.0784939037570616,2,0.07444913415617747,3,0.0,1,4.8
4,1,1,True,1,0.6613888888888888,8,0.334611111111111,6,0.004,2,0.0,3,0.0,1,19.6
4,2,3,False,3,0.64,1,0.2991666666666667,2,0.060833333333333336,0,0.0,4,0.0,3,8.8
4,1,1,True,1,0.5924713064713062,3,0.2016251526251526,2,0.20090354090354082,6,0.005,0,0.0,1,17.4
4,6,1,False,1,0.2017777777777777,0,0.20093650793650789,4,0.19953968253968246,8,0.1989087301587301,6,0.19883730158730148,5,30.0
4,6,1,False,1,0.4617380952380952,6,0.42528571428571427,2,0.06011904761904762,5,0.052857142857142846,3,0.0,2,12.4
4,1,1,True,1,0.6859040637724846,7,0.15640231259968093,8,0.07998586720297246,0,0.07770775642486166,3,0.0,1,2.7
4,1,1,True,1,0.8429842194401762,8,0.0610675990925674,3,0.040675794129642166,7,0.02029321367184035,9,0.014486915555826811,1,0.0
4,1,1,True,1,0.8429842194401762,8,0.0610675990925674,3,0.040675794129642166,7,0.02029321367184035,9,0.014486915555826811,1,0.0
4,1,1,True,1,0.8429842194401762,8,0.0610675990925674,3,0.040675794129642166,7,0.02029321367184035,9,0.014486915555826811,1,0.0
4,1,1,True,1,0.7227307553557552,0,0.2772692446442444,2,0.0,3,0.0,4,0.0,1,16.5
4,1,2,False,2,0.36194047619047626,1,0.3266575091575091,0,0.30909432234432244,5,0.002307692307692308,3,0.0,2,13.3
4,1,1,True,1,0.9866666666666666,2,0.01,3,0.003333333333333333,0,0.0,4,0.0,1,18.9
4,1,1,True,1,1.0,0,0.0,2,0.0,3,0.0,4,0.0,1,3.2
4,1,1,True,1,0.8429842194401762,8,0.0610675990925674,3,0.040675794129642166,7,0.02029321367184035,9,0.014486915555826811,1,0.0
4,1,2,False,2,0.49133333333333334,1,0.4793333333333333,3,0.029333333333333336,0,0.0,4,0.0,2,8.7
4,1,1,True,1,0.6307460317460318,2,0.1980079365079364,5,0.16874603174603175,6,0.0025,3,0.0,1,9.1
4,1,1,True,1,0.7971540404040403,6,0.20284595959595955,2,0.0,0,0.0,3,0.0,1,6.8
4,1,1,True,1,0.8429842194401762,8,0.0610675990925674,3,0.040675794129642166,7,0.02029321367184035,9,0.014486915555826811,1,0.0
4,1,1,True,1,1.0,0,0.0,2,0.0,3,0.0,4,0.0,1,6.9
4,0,1,False,1,0.3984700294545496,5,0.20428139241219723,7,0.19715957344169419,4,0.11010277016585061,6,0.08998623452570817,7,5.3
4,6,1,False,1,0.5411428571428571,4,0.44885714285714295,5,0.01,0,0.0,3,0.0,7,28.7
4,9,1,False,1,0.6111367243867243,6,0.3888632756132755,2,0.0,0,0.0,3,0.0,10,9.0
4,0,5,False,5,0.62,1,0.37,6,0.01,0,0.0,3,0.0,4,48.1
4,1,1,True,1,0.8429842194401762,8,0.0610675990925674,3,0.040675794129642166,7,0.02029321367184035,9,0.014486915555826811,1,0.0
4,1,3,False,3,0.64,1,0.2991666666666667,2,0.060833333333333336,0,0.0,4,0.0,2,8.8
4,2,5,False,5,0.56,1,0.2565,2,0.1727857142857143,4,0.006428571428571428,0,0.004285714285714285,3,29.0
4,0,0,True,0,0.63,1,0.15199999999999997,5,0.14800000000000002,2,0.0575,4,0.0125,1,42.2
4,0,8,False,8,0.37483333333333335,4,0.3124761904761904,2,0.3005,9,0.01219047619047619,3,0.0,8,8.5
4,1,1,True,1,0.8429842194401762,8,0.0610675990925674,3,0.040675794129642166,7,0.02029321367184035,9,0.014486915555826811,1,0.0
4,1,1,True,1,0.8429842194401762,8,0.0610675990925674,3,0.040675794129642166,7,0.02029321367184035,9,0.014486915555826811,1,0.0
4,0,1,False,1,0.96,5,0.04,2,0.0,0,0.0,3,0.0,4,43.8
4,1,1,True,1,0.8385264180264174,7,0.16147358197358203,2,0.0,0,0.0,3,0.0,1,6.1
4,1,1,True,1,0.4735555555555557,6,0.3006190476190475,7,0.22582539682539682,0,0.0,3,0.0,1,20.5
4,0,8,False,8,0.53,6,0.47,2,0.0,0,0.0,3,0.0,4,58.4
4,1,1,True,1,0.97,2,0.02,6,0.01,0,0.0,3,0.0,1,42.9
4,6,6,True,6,0.6683333333333334,1,0.16333333333333333,5,0.16133333333333333,0,0.006999999999999999,3,0.0,1,36.8
4,1,1,True,1,0.3984700294545496,5,0.20428139241219723,7,0.19715957344169419,4,0.11010277016585061,6,0.08998623452570817,1,5.3
4,1,1,True,1,0.6506746031746031,2,0.3332142857142857,3,0.01611111111111111,0,0.0,4,0.0,1,16.7
4,1,1,True,1,1.0,0,0.0,2,0.0,3,0.0,4,0.0,1,3.2
4,1,1,True,1,0.4972726209548965,8,0.32319767852546477,0,0.08998101545856961,9,0.08954868506106893,4,0.0,1,2.3
4,2,1,False,1,0.8976403514785862,7,0.10235964852141319,2,0.0,0,0.0,3,0.0,3,6.6
4,1,1,True,1,0.88,3,0.05622222222222223,5,0.041833333333333333,2,0.021944444444444444,0,0.0,1,26.5
4,0,0,True,0,0.6822249487698403,8,0.1091866621510584,5,0.10791284957732325,1,0.10067553950177785,3,0.0,1,13.4
4,1,1,True,1,0.8429842194401762,8,0.0610675990925674,3,0.040675794129642166,7,0.02029321367184035,9,0.014486915555826811,1,0.0
4,1,1,True,1,0.5866666666666666,6,0.4133333333333333,2,0.0,0,0.0,3,0.0,1,46.5
4,1,1,True,1,0.8429842194401762,8,0.0610675990925674,3,0.040675794129642166,7,0.02029321367184035,9,0.014486915555826811,1,0.0
4,2,1,False,1,0.5327633477633478,4,0.38257972582972577,5,0.03303715728715729,8,0.03296067821067821,7,0.018659090909090906,8,24.8
4,1,1,True,1,0.4320976800976802,2,0.3690497557997559,6,0.19885256410256402,0,0.0,3,0.0,1,12.9
4,1,1,True,1,0.4870757575757576,2,0.4860815295815297,6,0.009287878787878788,3,0.009232323232323232,8,0.008322510822510823,1,11.2
4,2,2,True,2,0.4494195951107717,1,0.2860073406985172,6,0.09105384076707605,8,0.09017884811267163,3,0.08334037531096353,1,11.1
4,2,2,True,2,0.4494195951107717,1,0.2860073406985172,6,0.09105384076707605,8,0.09017884811267163,3,0.08334037531096353,1,11.1
4,2,2,True,2,0.4494195951107717,1,0.2860073406985172,6,0.09105384076707605,8,0.09017884811267163,3,0.08334037531096353,1,11.1
4,1,1,True,1,0.43826754291460174,0,0.2629469305204598,9,0.16738145024909726,7,0.131404076315841,3,0.0,1,11.0
4,1,1,True,1,0.4735555555555557,6,0.3006190476190475,7,0.22582539682539682,0,0.0,3,0.0,1,20.5
4,2,2,True,2,0.49133333333333334,1,0.4793333333333333,3,0.029333333333333336,0,0.0,4,0.0,1,8.7
4,8,1,False,1,0.6323050127976598,2,0.18951693649487758,5,0.17817805070746234,0,0.0,3,0.0,9,13.0
4,2,1,False,1,0.47549025974025994,2,0.3486356421356422,7,0.1758740981240981,0,0.0,3,0.0,2,22.9
4,2,1,False,1,0.5283174603174604,2,0.4456190476190474,3,0.022730158730158732,0,0.003333333333333333,4,0.0,2,19.1
4,1,1,True,1,0.8429842194401762,8,0.0610675990925674,3,0.040675794129642166,7,0.02029321367184035,9,0.014486915555826811,1,0.0
4,1,1,True,1,0.8429842194401762,8,0.0610675990925674,3,0.040675794129642166,7,0.02029321367184035,9,0.014486915555826811,1,0.0
4,1,1,True,1,0.8429842194401762,8,0.0610675990925674,3,0.040675794129642166,7,0.02029321367184035,9,0.014486915555826811,1,0.0
4,1,1,True,1,0.8429842194401762,8,0.0610675990925674,3,0.040675794129642166,7,0.02029321367184035,9,0.014486915555826811,1,0.0
4,1,1,True,1,0.5467589999869411,8,0.3082911834897128,0,0.1449498165233459,2,0.0,4,0.0,1,2.5
4,1,1,True,1,0.8429842194401762,8,0.0610675990925674,3,0.040675794129642166,7,0.02029321367184035,9,0.014486915555826811,1,0.0
4,8,1,False,1,0.8429842194401762,8,0.0610675990925674,3,0.040675794129642166,7,0.02029321367184035,9,0.014486915555826811,2,0.0
4,8,1,False,1,0.6761785714285715,2,0.3238214285714286,0,0.0,3,0.0,4,0.0,9,15.4
4,1,1,True,1,0.8429842194401762,8,0.0610675990925674,3,0.040675794129642166,7,0.02029321367184035,9,0.014486915555826811,1,0.0
4,1,1,True,1,0.8429842194401762,8,0.0610675990925674,3,0.040675794129642166,7,0.02029321367184035,9,0.014486915555826811,1,0.0
4,1,1,True,1,0.8429842194401762,8,0.0610675990925674,3,0.040675794129642166,7,0.02029321367184035,9,0.014486915555826811,1,0.0
4,1,1,True,1,0.8429842194401762,8,0.0610675990925674,3,0.040675794129642166,7,0.02029321367184035,9,0.014486915555826811,1,0.0
4,1,1,True,1,0.9575,4,0.04,2,0.0025,0,0.0,3,0.0,1,21.2
4,1,1,True,1,0.8429842194401762,8,0.0610675990925674,3,0.040675794129642166,7,0.02029321367184035,9,0.014486915555826811,1,0.0
4,1,1,True,1,0.43826754291460174,0,0.2629469305204598,9,0.16738145024909726,7,0.131404076315841,3,0.0,1,11.0
4,1,1,True,1,0.8429842194401762,8,0.0610675990925674,3,0.040675794129642166,7,0.02029321367184035,9,0.014486915555826811,1,0.0
4,1,1,True,1,0.8429842194401762,8,0.0610675990925674,3,0.040675794129642166,7,0.02029321367184035,9,0.014486915555826811,1,0.0
4,0,0,True,0,0.9193333333333333,7,0.06,5,0.013999999999999999,4,0.006666666666666666,3,0.0,1,56.2
4,1,1,True,1,0.8429842194401762,8,0.0610675990925674,3,0.040675794129642166,7,0.02029321367184035,9,0.014486915555826811,1,0.0
4,1,1,True,1,0.86,0,0.14,2,0.0,3,0.0,4,0.0,1,45.6
4,1,1,True,1,0.5265470269754327,7,0.279305276036313,6,0.10234622296348302,9,0.09180147402477123,3,0.0,1,4.7
4,1,1,True,1,0.8429842194401762,8,0.0610675990925674,3,0.040675794129642166,7,0.02029321367184035,9,0.014486915555826811,1,0.0
4,1,1,True,1,0.8429842194401762,8,0.0610675990925674,3,0.040675794129642166,7,0.02029321367184035,9,0.014486915555826811,1,0.0
4,1,1,True,1,0.8429842194401762,8,0.0610675990925674,3,0.040675794129642166,7,0.02029321367184035,9,0.014486915555826811,1,0.0
4,1,1,True,1,0.8429842194401762,8,0.0610675990925674,3,0.040675794129642166,7,0.02029321367184035,9,0.014486915555826811,1,0.0
4,8,1,False,1,0.4103818302870161,8,0.33136450267139095,6,0.0960284180473809,0,0.08251799426064131,9,0.07970725473357052,2,5.6
4,8,1,False,1,0.8429842194401762,8,0.0610675990925674,3,0.040675794129642166,7,0.02029321367184035,9,0.014486915555826811,2,0.0
4,1,1,True,1,0.8429842194401762,8,0.0610675990925674,3,0.040675794129642166,7,0.02029321367184035,9,0.014486915555826811,1,0.0
4,1,1,True,1,0.8429842194401762,8,0.0610675990925674,3,0.040675794129642166,7,0.02029321367184035,9,0.014486915555826811,1,0.0
4,1,1,True,1,0.8429842194401762,8,0.0610675990925674,3,0.040675794129642166,7,0.02029321367184035,9,0.014486915555826811,1,0.0
4,1,1,True,1,1.0,0,0.0,2,0.0,3,0.0,4,0.0,1,3.4
4,1,1,True,1,0.8429842194401762,8,0.0610675990925674,3,0.040675794129642166,7,0.02029321367184035,9,0.014486915555826811,1,0.0
4,1,1,True,1,0.8429842194401762,8,0.0610675990925674,3,0.040675794129642166,7,0.02029321367184035,9,0.014486915555826811,1,0.0
4,2,1,False,1,0.6181770451770451,2,0.3708229548229547,3,0.011000000000000001,0,0.0,4,0.0,2,22.6
4,8,1,False,1,0.8429842194401762,8,0.0610675990925674,3,0.040675794129642166,7,0.02029321367184035,9,0.014486915555826811,2,0.0
4,8,1,False,1,0.8429842194401762,8,0.0610675990925674,3,0.040675794129642166,7,0.02029321367184035,9,0.014486915555826811,2,0.0
4,1,1,True,1,0.6920000000000001,0,0.22,5,0.078,2,0.01,3,0.0,1,42.4
4,8,1,False,1,0.4972726209548965,8,0.32319767852546477,0,0.08998101545856961,9,0.08954868506106893,4,0.0,2,2.3
4,0,1,False,1,0.8244732212232209,6,0.17552677877677872,2,0.0,0,0.0,3,0.0,4,16.4
4,1,1,True,1,0.8429842194401762,8,0.0610675990925674,3,0.040675794129642166,7,0.02029321367184035,9,0.014486915555826811,1,0.0
4,1,1,True,1,0.8429842194401762,8,0.0610675990925674,3,0.040675794129642166,7,0.02029321367184035,9,0.014486915555826811,1,0.0
4,6,1,False,1,0.6307460317460318,2,0.1980079365079364,5,0.16874603174603175,6,0.0025,3,0.0,4,9.1
4,1,1,True,1,0.6162472943722944,6,0.36488095238095236,0,0.018871753246753248,2,0.0,3,0.0,1,16.6
4,6,1,False,1,0.803989349702585,4,0.10038910109498347,7,0.09562154920243153,0,0.0,3,0.0,8,6.7
4,1,1,True,1,0.8429842194401762,8,0.0610675990925674,3,0.040675794129642166,7,0.02029321367184035,9,0.014486915555826811,1,0.0
4,1,1,True,1,0.8429842194401762,8,0.0610675990925674,3,0.040675794129642166,7,0.02029321367184035,9,0.014486915555826811,1,0.0
4,1,1,True,1,0.8429842194401762,8,0.0610675990925674,3,0.040675794129642166,7,0.02029321367184035,9,0.014486915555826811,1,0.0
4,1,1,True,1,0.5703600288600288,5,0.23047222222222216,9,0.1991677489177489,2,0.0,3,0.0,1,7.5
4,6,1,False,1,0.694045281601783,6,0.12282025791545909,2,0.11157904054150179,8,0.07155541994125582,3,0.0,2,10.3
4,6,1,False,1,0.8244732212232209,6,0.17552677877677872,2,0.0,0,0.0,3,0.0,2,16.4
4,8,3,False,3,0.64,1,0.2991666666666667,2,0.060833333333333336,0,0.0,4,0.0,9,8.8
4,6,2,False,2,0.6318636363636363,1,0.3598030303030303,5,0.007222222222222222,0,0.0011111111111111111,3,0.0,7,14.9
4,1,1,True,1,0.7038096903096901,3,0.15698532023532022,2,0.1392049894549895,0,0.0,4,0.0,1,16.1
4,2,2,True,2,0.5028602604961229,0,0.22689112406174458,1,0.11733145713090039,7,0.07939781012642552,5,0.03797764919618067,1,13.5
4,1,2,False,2,0.5607810245310244,1,0.2955183982683982,5,0.1437005772005772,0,0.0,3,0.0,2,17.9
4,1,1,True,1,0.8866512392835918,6,0.11334876071640775,2,0.0,0,0.0,3,0.0,1,20.3
4,2,2,True,2,0.5028602604961229,0,0.22689112406174458,1,0.11733145713090039,7,0.07939781012642552,5,0.03797764919618067,1,13.5
4,1,1,True,1,0.9602526737967915,6,0.039747326203208554,2,0.0,0,0.0,3,0.0,1,20.4
4,8,8,True,8,0.5799444444444443,6,0.2316150793650793,1,0.1859404761904761,3,0.0025,2,0.0,1,17.2
4,2,2,True,2,0.8319549417115462,1,0.16804505828845365,0,0.0,3,0.0,4,0.0,1,7.9
4,8,6,False,6,0.495579365079365,1,0.2934206349206348,2,0.21099999999999997,0,0.0,3,0.0,9,28.3
4,2,2,True,2,0.8319549417115462,1,0.16804505828845365,0,0.0,3,0.0,4,0.0,1,7.9
4,1,6,False,6,0.7398333333333333,5,0.12466666666666666,2,0.1155,1,0.0175,4,0.0025,4,32.6
4,8,3,False,3,0.64,1,0.2991666666666667,2,0.060833333333333336,0,0.0,4,0.0,9,8.8
4,1,1,True,1,0.6281070678666454,8,0.33507010629785633,4,0.03682282583549837,2,0.0,3,0.0,1,12.6
4,8,1,False,1,0.6281070678666454,8,0.33507010629785633,4,0.03682282583549837,2,0.0,3,0.0,2,12.6
4,2,2,True,2,0.5028602604961229,0,0.22689112406174458,1,0.11733145713090039,7,0.07939781012642552,5,0.03797764919618067,1,13.5
4,1,1,True,1,0.6281070678666454,8,0.33507010629785633,4,0.03682282583549837,2,0.0,3,0.0,1,12.6
4,1,1,True,1,0.8429842194401762,8,0.0610675990925674,3,0.040675794129642166,7,0.02029321367184035,9,0.014486915555826811,1,0.0
4,6,0,False,0,0.78,6,0.17,7,0.04,1,0.01,3,0.0,2,70.1
5,4,1,False,1,0.5185000000000001,5,0.4815,2,0.0,0,0.0,3,0.0,6,38.7
5,5,1,False,1,0.5185000000000001,5,0.4815,2,0.0,0,0.0,3,0.0,2,38.8
5,5,5,True,5,0.4668333333333331,3,0.43916666666666676,1,0.094,0,0.0,2,0.0,1,25.9
5,7,1,False,1,0.6892802197802196,5,0.15941267066267065,0,0.15130710955710952,2,0.0,3,0.0,8,15.9
5,3,1,False,1,0.8513906935419078,8,0.05771989171450501,3,0.04299099798699149,7,0.017499191372638456,6,0.01188129551108564,3,0.0
5,3,1,False,1,0.82,8,0.0885,6,0.049666666666666665,0,0.041833333333333333,3,0.0,5,21.6
5,2,1,False,1,0.3819640914640913,2,0.21268911643911628,4,0.20943992118992116,0,0.19590687090687087,3,0.0,2,19.2
5,7,1,False,1,0.8118530091358366,7,0.06499697806717596,0,0.06284233490967236,8,0.06030767788731513,3,0.0,2,2.7
5,7,6,False,6,0.62,5,0.22,2,0.14,0,0.02,3,0.0,8,50.5
5,7,1,False,1,0.7011543317793315,4,0.16124710012210008,6,0.1375985680985681,0,0.0,3,0.0,8,6.7
5,5,1,False,1,0.5577109557109555,6,0.4349324009324009,2,0.007356643356643355,0,0.0,3,0.0,7,20.2
5,5,5,True,5,0.6198015873015874,4,0.36019841269841263,1,0.015,0,0.005,3,0.0,1,44.6
5,7,1,False,1,0.61,4,0.19944444444444445,0,0.19055555555555556,2,0.0,3,0.0,8,55.0
5,5,6,False,6,0.5736190476190477,1,0.4263809523809524,2,0.0,0,0.0,3,0.0,7,36.7
5,2,1,False,1,0.5092857142857142,7,0.41071428571428575,5,0.04499999999999999,2,0.019999999999999997,6,0.014999999999999998,4,32.4
5,2,1,False,1,0.6658333333333332,5,0.33416666666666656,2,0.0,0,0.0,3,0.0,3,39.2
5,2,1,False,1,0.5581468253968254,4,0.24421031746031732,2,0.19764285714285706,0,0.0,3,0.0,3,18.3
5,2,7,False,7,0.5959047619047619,1,0.35909523809523797,5,0.025,4,0.02,3,0.0,6,29.6
5,1,1,True,1,0.7063902070152069,7,0.14686180486180478,6,0.1467479881229881,0,0.0,3,0.0,1,6.1
5,0,1,False,1,0.8513906935419078,8,0.05771989171450501,3,0.04299099798699149,7,0.017499191372638456,6,0.01188129551108564,7,0.0
5,2,1,False,1,0.7927619047619043,5,0.20723809523809517,2,0.0,0,0.0,3,0.0,3,17.5
5,2,1,False,1,0.7007727272727274,6,0.24672727272727268,2,0.034166666666666665,3,0.018333333333333333,0,0.0,3,18.7
5,6,8,False,8,0.6106874236874235,1,0.264095682095682,6,0.1252168942168942,2,0.0,3,0.0,3,19.5
5,2,1,False,1,0.7927619047619043,5,0.20723809523809517,2,0.0,0,0.0,3,0.0,3,17.5
5,0,1,False,1,0.8943466508981213,0,0.10565334910187847,2,0.0,3,0.0,4,0.0,2,16.5
5,4,1,False,1,0.7734523809523809,6,0.21788095238095237,5,0.008666666666666666,0,0.0,3,0.0,7,36.4
5,3,1,False,1,0.6892802197802196,5,0.15941267066267065,0,0.15130710955710952,2,0.0,3,0.0,5,15.9
5,3,1,False,1,0.6110461760461761,9,0.20085353535353537,8,0.18810028860028857,0,0.0,4,0.0,8,2.0
5,1,1,True,1,0.5230901875901875,2,0.26855194805194793,6,0.2033578643578643,7,0.005,3,0.0,1,27.2
5,1,6,False,6,0.58,2,0.3925,1,0.025,5,0.0025,3,0.0,3,32.0
5,5,1,False,1,0.40004617604617615,0,0.2039725829725829,5,0.2033896103896103,6,0.1903694083694084,2,0.0022222222222222222,3,12.2
5,5,1,False,1,0.4425,2,0.38049999999999995,4,0.17,5,0.006999999999999999,3,0.0,4,31.6
5,5,1,False,1,0.5962976190476189,4,0.21781746031746024,7,0.1833849206349206,2,0.0025,3,0.0,7,24.7
5,5,1,False,1,0.9057499999999998,5,0.09425,2,0.0,0,0.0,3,0.0,2,22.4
5,5,1,False,1,0.6317027833277833,5,0.13063734876234875,2,0.12895264457764455,6,0.10870722333222328,3,0.0,2,7.7
5,6,2,False,2,0.5540281385281386,7,0.3355,1,0.08805844155844156,6,0.02241341991341991,3,0.0,4,27.3
5,2,1,False,1,0.5945660173160172,2,0.2068661616161616,5,0.19856782106782103,0,0.0,3,0.0,2,31.8
5,4,4,True,4,0.6125,1,0.36,3,0.014166666666666666,6,0.013333333333333332,2,0.0,1,35.2
5,3,1,False,1,0.797031746031746,2,0.17996825396825394,3,0.017,6,0.006000000000000001,0,0.0,3,17.4
5,4,4,True,4,0.3476309523809523,1,0.3006309523809524,6,0.2917380952380952,2,0.06,3,0.0,1,25.5
5,3,1,False,1,0.8513906935419078,8,0.05771989171450501,3,0.04299099798699149,7,0.017499191372638456,6,0.01188129551108564,3,0.0
5,3,1,False,1,0.8513906935419078,8,0.05771989171450501,3,0.04299099798699149,7,0.017499191372638456,6,0.01188129551108564,3,0.0
5,4,1,False,1,0.8171785714285713,2,0.18282142857142852,0,0.0,3,0.0,4,0.0,5,28.4
5,4,1,False,1,0.5147604617604618,7,0.38866666666666666,5,0.058834054834054836,8,0.03773881673881674,3,0.0,7,23.9
5,3,1,False,1,0.5574246031746031,3,0.23509523809523805,6,0.20748015873015863,0,0.0,2,0.0,2,17.0
5,4,1,False,1,0.4512731110049224,5,0.18703644841570535,7,0.1853957794011974,6,0.09663818349692957,0,0.07965647768124545,8,5.3
5,7,0,False,0,0.93,6,0.07,2,0.0,1,0.0,3,0.0,8,57.5
5,7,8,False,8,0.3362833832833833,0,0.3239186646686645,1,0.17832226107226107,9,0.16147569097569092,4,0.0,9,10.2
5,7,7,True,7,0.37104761904761907,1,0.32835714285714274,2,0.290595238095238,5,0.01,3,0.0,1,32.8
5,7,1,False,1,0.8513906935419078,8,0.05771989171450501,3,0.04299099798699149,7,0.017499191372638456,6,0.01188129551108564,4,0.0
5,1,1,True,1,0.5818952513344926,8,0.2038811128242242,0,0.15014889264502257,6,0.06407474319626022,3,0.0,1,5.0
5,1,4,False,4,0.6461428571428572,5,0.32219047619047614,7,0.026666666666666665,1,0.005,3,0.0,4,41.1
5,1,1,True,1,1.0,0,0.0,2,0.0,3,0.0,4,0.0,1,3.2
5,9,1,False,1,0.8513906935419078,8,0.05771989171450501,3,0.04299099798699149,7,0.017499191372638456,6,0.01188129551108564,6,0.0
5,1,1,True,1,0.8513906935419078,8,0.05771989171450501,3,0.04299099798699149,7,0.017499191372638456,6,0.01188129551108564,1,0.0
5,1,1,True,1,0.8513906935419078,8,0.05771989171450501,3,0.04299099798699149,7,0.017499191372638456,6,0.01188129551108564,1,0.0
5,1,1,True,1,0.4707712287712289,7,0.30171085858585855,9,0.1242217643467643,6,0.10329614829614828,3,0.0,1,4.7
5,1,1,True,1,0.8513906935419078,8,0.05771989171450501,3,0.04299099798699149,7,0.017499191372638456,6,0.01188129551108564,1,0.0
5,1,1,True,1,0.8513906935419078,8,0.05771989171450501,3,0.04299099798699149,7,0.017499191372638456,6,0.01188129551108564,1,0.0
5,1,1,True,1,0.4132698412698413,7,0.20957539682539672,8,0.20284126984126977,2,0.17098015873015868,4,0.003333333333333333,1,18.2
5,1,1,True,1,0.7277222222222219,0,0.2722777777777777,2,0.0,3,0.0,4,0.0,1,14.1
5,1,1,True,1,0.8513906935419078,8,0.05771989171450501,3,0.04299099798699149,7,0.017499191372638456,6,0.01188129551108564,1,0.0
5,1,1,True,1,0.6267439782439783,8,0.26333490120990116,9,0.10992112054612052,0,0.0,4,0.0,1,4.9
5,1,1,True,1,0.7114109779109775,8,0.14578110778110773,7,0.14280791430791426,2,0.0,3,0.0,1,5.4
5,1,1,True,1,0.2890483405483406,8,0.2546958874458874,2,0.22244588744588736,6,0.21845274170274165,5,0.011428571428571429,1,15.8
5,1,1,True,1,0.2792023809523809,2,0.2571666666666666,0,0.25176190476190474,3,0.2118690476190476,4,0.0,1,26.3
5,1,1,True,1,0.8262902012418262,2,0.09006543190211921,6,0.08364436685605411,0,0.0,3,0.0,1,4.8
5,1,6,False,6,0.8905912698412698,1,0.08529761904761905,2,0.024111111111111114,0,0.0,3,0.0,2,13.9
5,8,6,False,6,0.5910555555555557,2,0.38713492063492067,1,0.012952380952380953,0,0.0074285714285714285,9,0.0014285714285714286,10,9.4
5,1,1,True,1,0.8513906935419078,8,0.05771989171450501,3,0.04299099798699149,7,0.017499191372638456,6,0.01188129551108564,1,0.0
5,1,1,True,1,0.8513906935419078,8,0.05771989171450501,3,0.04299099798699149,7,0.017499191372638456,6,0.01188129551108564,1,0.0
5,1,1,True,1,0.566130301443406,8,0.36596342621650907,4,0.03454198750511019,6,0.033364284834974646,3,0.0,1,12.6
5,1,2,False,2,0.6384047619047617,1,0.34409523809523807,3,0.0175,0,0.0,4,0.0,2,8.7
5,1,1,True,1,0.48396428571428574,0,0.1741547619047618,3,0.17283730158730154,5,0.16904365079365077,2,0.0,1,5.9
5,1,1,True,1,0.8513906935419078,8,0.05771989171450501,3,0.04299099798699149,7,0.017499191372638456,6,0.01188129551108564,1,0.0
5,1,1,True,1,0.3979025162573924,8,0.3878369401066768,0,0.0776699996769656,6,0.07015746933664889,9,0.06643307462231608,1,5.6
5,1,1,True,1,0.5570006937506937,2,0.17222821622821619,0,0.1396692751692751,8,0.13110181485181482,4,0.0,1,5.7
5,1,0,False,0,0.45483333333333337,6,0.3451666666666667,1,0.2,2,0.0,3,0.0,3,37.0
5,1,1,True,1,0.5182153957153958,6,0.3079433621933621,9,0.17384124209124202,2,0.0,3,0.0,1,9.0
5,1,1,True,1,0.7734523809523809,6,0.21788095238095237,5,0.008666666666666666,0,0.0,3,0.0,1,36.4
5,1,2,False,2,0.5919126698464935,1,0.40808733015350657,0,0.0,3,0.0,4,0.0,2,13.6
5,1,1,True,1,0.99875,0,0.00125,2,0.0,3,0.0,4,0.0,1,2.6
5,1,1,True,1,0.44096999664422276,8,0.3269923518861599,0,0.08113740476070194,3,0.07719064671998106,9,0.07370959998893434,1,2.3
5,1,1,True,1,0.46649718337218354,7,0.19051191863691863,0,0.17430769230769222,6,0.16868320568320566,3,0.0,1,11.3
5,9,1,False,1,0.8513906935419078,8,0.05771989171450501,3,0.04299099798699149,7,0.017499191372638456,6,0.01188129551108564,6,0.0
5,1,1,True,1,0.8513906935419078,8,0.05771989171450501,3,0.04299099798699149,7,0.017499191372638456,6,0.01188129551108564,1,0.0
5,1,1,True,1,0.7550565161962218,8,0.15509918512859686,6,0.08984429867518103,2,0.0,3,0.0,1,2.9
5,1,1,True,1,0.642883673531964,0,0.23101211865339608,8,0.12610420781463985,2,0.0,4,0.0,1,2.8
5,1,1,True,1,0.2890483405483406,8,0.2546958874458874,2,0.22244588744588736,6,0.21845274170274165,5,0.011428571428571429,1,15.8
5,1,1,True,1,1.0,0,0.0,2,0.0,3,0.0,4,0.0,1,18.9
5,1,6,False,6,0.3310497835497834,0,0.3177463924963925,2,0.18826515151515152,1,0.1629386724386725,3,0.0,4,14.3
5,1,2,False,2,0.583,3,0.40199999999999997,1,0.01125,4,0.00375,0,0.0,3,26.1
5,1,1,True,1,0.4707712287712289,7,0.30171085858585855,9,0.1242217643467643,6,0.10329614829614828,3,0.0,1,4.7
5,1,1,True,1,0.8513906935419078,8,0.05771989171450501,3,0.04299099798699149,7,0.017499191372638456,6,0.01188129551108564,1,0.0
5,1,6,False,6,0.6024166666666665,1,0.3292499999999999,2,0.04333333333333334,5,0.023333333333333334,8,0.0016666666666666666,2,12.4
5,1,1,True,1,1.0,0,0.0,2,0.0,3,0.0,4,0.0,1,3.7
5,1,2,False,2,0.3220220931029754,1,0.2335054039098156,3,0.21868996363114007,0,0.12132969236645699,5,0.10445284698961163,2,16.9
5,1,1,True,1,0.7474252136752135,7,0.24882478632478627,6,0.00375,0,0.0,3,0.0,1,3.9
5,1,1,True,1,0.9057499999999998,5,0.09425,2,0.0,0,0.0,3,0.0,1,22.4
5,2,2,True,2,0.6719642857142857,5,0.28803571428571423,1,0.027285714285714288,0,0.012714285714285713,3,0.0,1,14.2
5,1,1,True,1,0.8513906935419078,8,0.05771989171450501,3,0.04299099798699149,7,0.017499191372638456,6,0.01188129551108564,1,0.0
5,1,1,True,1,0.7781103896103895,3,0.21188961038961035,4,0.01,0,0.0,2,0.0,1,21.4
5,6,1,False,1,0.8513906935419078,8,0.05771989171450501,3,0.04299099798699149,7,0.017499191372638456,6,0.01188129551108564,5,0.0
5,1,1,True,1,0.8513906935419078,8,0.05771989171450501,3,0.04299099798699149,7,0.017499191372638456,6,0.01188129551108564,1,0.0
5,1,1,True,1,0.8513906935419078,8,0.05771989171450501,3,0.04299099798699149,7,0.017499191372638456,6,0.01188129551108564,1,0.0
5,1,1,True,1,0.74,2,0.14583333333333334,7,0.11416666666666667,0,0.0,3,0.0,1,40.1
5,1,1,True,1,1.0,0,0.0,2,0.0,3,0.0,4,0.0,1,6.9
5,1,4,False,4,0.3476309523809523,1,0.3006309523809524,6,0.2917380952380952,2,0.06,3,0.0,2,25.5
5,1,1,True,1,0.8513906935419078,8,0.05771989171450501,3,0.04299099798699149,7,0.017499191372638456,6,0.01188129551108564,1,0.0
5,1,1,True,1,0.7011543317793315,4,0.16124710012210008,6,0.1375985680985681,0,0.0,3,0.0,1,6.7
5,1,1,True,1,1.0,0,0.0,2,0.0,3,0.0,4,0.0,1,3.6
5,6,1,False,1,0.8658391053391051,7,0.13249422799422794,6,0.0008333333333333333,0,0.0008333333333333333,3,0.0,3,5.1
5,6,1,False,1,0.6892802197802196,5,0.15941267066267065,0,0.15130710955710952,2,0.0,3,0.0,7,15.9
5,1,1,True,1,0.8513906935419078,8,0.05771989171450501,3,0.04299099798699149,7,0.017499191372638456,6,0.01188129551108564,1,0.0
5,1,1,True,1,0.9361418599198913,4,0.06385814008010805,2,0.0,0,0.0,3,0.0,1,3.3
5,1,1,True,1,0.8513906935419078,8,0.05771989171450501,3,0.04299099798699149,7,0.017499191372638456,6,0.01188129551108564,1,0.0
5,1,1,True,1,1.0,0,0.0,2,0.0,3,0.0,4,0.0,1,7.1
5,1,1,True,1,0.9960714285714286,6,0.003928571428571429,2,0.0,0,0.0,3,0.0,1,22.8
5,1,1,True,1,0.5769642857142857,2,0.22747222222222227,6,0.19556349206349202,0,0.0,3,0.0,1,22.1
5,1,1,True,1,0.8513906935419078,8,0.05771989171450501,3,0.04299099798699149,7,0.017499191372638456,6,0.01188129551108564,1,0.0
5,1,1,True,1,0.7011543317793315,4,0.16124710012210008,6,0.1375985680985681,0,0.0,3,0.0,1,6.7
5,1,1,True,1,0.6392733932733933,6,0.2539035686535686,8,0.10682303807303808,2,0.0,3,0.0,1,5.2
5,1,1,True,1,0.8513906935419078,8,0.05771989171450501,3,0.04299099798699149,7,0.017499191372638456,6,0.01188129551108564,1,0.0
5,1,1,True,1,1.0,0,0.0,2,0.0,3,0.0,4,0.0,1,3.4
5,0,7,False,7,0.7095,1,0.23683333333333334,8,0.03233333333333333,6,0.021333333333333333,3,0.0,8,46.2
5,1,5,False,5,0.42812698412698424,1,0.35831746031746015,8,0.20641269841269844,2,0.004285714285714285,7,0.002857142857142857,2,23.0
5,1,1,True,1,0.35317857142857145,8,0.34336904761904763,6,0.30095238095238086,5,0.0025,3,0.0,1,19.7
5,1,7,False,7,0.7083333333333335,2,0.20763528138528142,1,0.05738744588744589,5,0.02664393939393939,3,0.0,3,14.7
5,1,7,False,7,0.4674285714285714,1,0.4525714285714285,2,0.04475,8,0.03525,3,0.0,2,15.5
5,1,1,True,1,0.8513906935419078,8,0.05771989171450501,3,0.04299099798699149,7,0.017499191372638456,6,0.01188129551108564,1,0.0
5,1,1,True,1,0.513579365079365,2,0.24744444444444436,9,0.23897619047619043,0,0.0,4,0.0,1,6.2
5,1,1,True,1,0.4975476190476189,5,0.24815476190476185,6,0.24429761904761896,3,0.01,2,0.0,1,20.8
5,1,1,True,1,0.8513906935419078,8,0.05771989171450501,3,0.04299099798699149,7,0.017499191372638456,6,0.01188129551108564,1,0.0
5,1,1,True,1,0.8513906935419078,8,0.05771989171450501,3,0.04299099798699149,7,0.017499191372638456,6,0.01188129551108564,1,0.0
5,0,5,False,5,0.62,7,0.32,6,0.05,1,0.01,3,0.0,7,65.7
5,1,1,True,1,0.8683297258297258,6,0.1316702741702742,2,0.0,0,0.0,3,0.0,1,8.0
5,1,4,False,4,0.3476309523809523,1,0.3006309523809524,6,0.2917380952380952,2,0.06,3,0.0,2,25.5
5,1,5,False,5,0.47683333333333344,4,0.4131666666666666,1,0.043,7,0.03833333333333334,2,0.028666666666666667,3,32.7
5,6,4,False,4,0.3592857142857142,1,0.34330952380952373,7,0.2819047619047618,3,0.009000000000000001,6,0.006500000000000001,5,35.6
5,0,2,False,2,0.5570179762439742,0,0.18618874403933156,1,0.11271185930271951,7,0.07565707374377112,6,0.03479047293788966,2,13.5
5,1,1,True,1,1.0,0,0.0,2,0.0,3,0.0,4,0.0,1,7.4
5,1,2,False,2,0.5857188453960901,1,0.16128393510514255,8,0.08945597492462815,3,0.08445445803766237,6,0.07908678653647692,2,11.1
5,1,1,True,1,0.44096999664422276,8,0.3269923518861599,0,0.08113740476070194,3,0.07719064671998106,9,0.07370959998893434,1,2.3
5,1,1,True,1,0.515047619047619,2,0.40445238095238095,3,0.07216666666666667,4,0.006666666666666666,5,0.0016666666666666666,1,21.0
5,1,6,False,6,0.48333333333333334,4,0.3566666666666667,1,0.139,2,0.021,3,0.0,3,28.7
5,1,6,False,6,0.5351666666666667,0,0.45483333333333337,1,0.01,2,0.0,3,0.0,3,36.9
5,1,1,True,1,0.7894951714951715,7,0.04379711954711954,9,0.03712118437118437,6,0.035555666555666554,8,0.035313242313242316,1,10.0
5,6,1,False,1,0.99,7,0.01,2,0.0,0,0.0,3,0.0,8,38.1
5,1,4,False,4,0.6125,1,0.36,3,0.014166666666666666,6,0.013333333333333332,2,0.0,2,35.2
5,1,1,True,1,0.8513906935419078,8,0.05771989171450501,3,0.04299099798699149,7,0.017499191372638456,6,0.01188129551108564,1,0.0
5,2,1,False,1,0.5692380903410313,5,0.19031137163490106,8,0.12233406299582766,2,0.1181164750282397,3,0.0,4,13.0
5,2,1,False,1,0.7481230158730154,2,0.2485436507936507,0,0.0022222222222222222,7,0.0011111111111111111,3,0.0,2,10.9
5,2,1,False,1,0.5185000000000001,5,0.4815,2,0.0,0,0.0,3,0.0,3,38.7
5,1,2,False,2,0.7758452380952382,1,0.2151547619047619,8,0.009000000000000001,0,0.0,4,0.0,2,30.9
5,2,1,False,1,0.7481230158730154,2,0.2485436507936507,0,0.0022222222222222222,7,0.0011111111111111111,3,0.0,2,10.9
5,8,1,False,1,1.0,0,0.0,2,0.0,3,0.0,4,0.0,9,7.0
5,1,2,False,2,0.691702380952381,6,0.29404761904761895,1,0.0105,5,0.00375,3,0.0,3,14.9
5,2,2,True,2,0.6184999999999998,0,0.19648412698412698,1,0.185015873015873,3,0.0,4,0.0,1,13.2
5,6,1,False,1,0.2890483405483406,8,0.2546958874458874,2,0.22244588744588736,6,0.21845274170274165,5,0.011428571428571429,4,15.8
5,1,2,False,2,0.46949999999999986,4,0.3405,6,0.12098809523809523,5,0.04247619047619047,1,0.026535714285714284,5,36.2
5,2,2,True,2,0.5857188453960901,1,0.16128393510514255,8,0.08945597492462815,3,0.08445445803766237,6,0.07908678653647692,1,11.1
5,1,6,False,6,0.3980245032745032,2,0.1988687701187701,8,0.1939411699411699,5,0.1891655566655567,1,0.02,5,28.3
5,1,1,True,1,0.8118530091358366,7,0.06499697806717596,0,0.06284233490967236,8,0.06030767788731513,3,0.0,1,2.7
5,0,4,False,4,0.65,0,0.24,6,0.065,1,0.04499999999999999,3,0.0,2,49.1
5,1,1,True,1,0.797031746031746,2,0.17996825396825394,3,0.017,6,0.006000000000000001,0,0.0,1,17.4
5,0,0,True,0,0.7010478271728274,1,0.11601975801975799,5,0.09204538517038512,8,0.09088702963702965,3,0.0,1,13.4
5,1,5,False,5,0.565,1,0.365,4,0.06,2,0.01,3,0.0,2,33.6
5,2,2,True,2,0.4466076978576978,1,0.435266289266289,5,0.11812601287601282,0,0.0,3,0.0,1,17.9
5,8,1,False,1,0.82,8,0.0885,6,0.049666666666666665,0,0.041833333333333333,3,0.0,2,21.6
5,8,1,False,1,0.5962976190476189,4,0.21781746031746024,7,0.1833849206349206,2,0.0025,3,0.0,9,24.7
5,2,1,False,1,0.6912936507936509,2,0.3053730158730159,7,0.003333333333333333,0,0.0,3,0.0,2,29.7
5,2,1,False,1,0.5705476190476191,4,0.39945238095238084,5,0.02,0,0.005,2,0.005,5,12.0
5,1,1,True,1,0.8109599567099565,8,0.18904004329004326,2,0.0,0,0.0,4,0.0,1,13.1
5,1,1,True,1,0.8118530091358366,7,0.06499697806717596,0,0.06284233490967236,8,0.06030767788731513,3,0.0,1,2.7
5,1,1,True,1,0.9216666666666665,5,0.0375,4,0.0325,2,0.008333333333333333,3,0.0,1,30.5
5,1,1,True,1,0.8448747273575644,6,0.15512527264243509,2,0.0,0,0.0,3,0.0,1,3.8
5,8,1,False,1,0.44096999664422276,8,0.3269923518861599,0,0.08113740476070194,3,0.07719064671998106,9,0.07370959998893434,2,2.3
5,1,1,True,1,0.8262902012418262,2,0.09006543190211921,6,0.08364436685605411,0,0.0,3,0.0,1,4.8
5,1,0,False,0,0.7010478271728274,1,0.11601975801975799,5,0.09204538517038512,8,0.09088702963702965,3,0.0,2,13.4
5,1,1,True,1,0.8513906935419078,8,0.05771989171450501,3,0.04299099798699149,7,0.017499191372638456,6,0.01188129551108564,1,0.0
5,1,1,True,1,0.5147604617604618,7,0.38866666666666666,5,0.058834054834054836,8,0.03773881673881674,3,0.0,1,23.9
5,1,1,True,1,0.4707712287712289,7,0.30171085858585855,9,0.1242217643467643,6,0.10329614829614828,3,0.0,1,4.7
5,8,1,False,1,0.8513906935419078,8,0.05771989171450501,3,0.04299099798699149,7,0.017499191372638456,6,0.01188129551108564,2,0.0
5,1,1,True,1,0.8513906935419078,8,0.05771989171450501,3,0.04299099798699149,7,0.017499191372638456,6,0.01188129551108564,1,0.0
5,1,1,True,1,0.8448747273575644,6,0.15512527264243509,2,0.0,0,0.0,3,0.0,1,3.8
5,1,1,True,1,0.8513906935419078,8,0.05771989171450501,3,0.04299099798699149,7,0.017499191372638456,6,0.01188129551108564,1,0.0
5,1,1,True,1,0.8513906935419078,8,0.05771989171450501,3,0.04299099798699149,7,0.017499191372638456,6,0.01188129551108564,1,0.0
5,1,1,True,1,0.5660782828282829,2,0.222126984126984,6,0.2075523088023088,5,0.004242424242424242,3,0.0,1,15.2
5,9,1,False,1,0.8262902012418262,2,0.09006543190211921,6,0.08364436685605411,0,0.0,3,0.0,10,4.8
5,1,1,True,1,0.8513906935419078,8,0.05771989171450501,3,0.04299099798699149,7,0.017499191372638456,6,0.01188129551108564,1,0.0
5,1,1,True,1,0.8448747273575644,6,0.15512527264243509,2,0.0,0,0.0,3,0.0,1,3.8
5,1,1,True,1,0.8513906935419078,8,0.05771989171450501,3,0.04299099798699149,7,0.017499191372638456,6,0.01188129551108564,1,0.0
5,0,2,False,2,0.5919126698464935,1,0.40808733015350657,0,0.0,3,0.0,4,0.0,3,13.6
5,1,1,True,1,0.8513906935419078,8,0.05771989171450501,3,0.04299099798699149,7,0.017499191372638456,6,0.01188129551108564,1,0.0
5,1,1,True,1,0.8513906935419078,8,0.05771989171450501,3,0.04299099798699149,7,0.017499191372638456,6,0.01188129551108564,1,0.0
5,1,1,True,1,0.8513906935419078,8,0.05771989171450501,3,0.04299099798699149,7,0.017499191372638456,6,0.01188129551108564,1,0.0
5,1,1,True,1,0.8513906935419078,8,0.05771989171450501,3,0.04299099798699149,7,0.017499191372638456,6,0.01188129551108564,1,0.0
5,1,2,False,2,0.5898214285714287,1,0.40642857142857136,3,0.00375,0,0.0,4,0.0,2,22.6
5,1,1,True,1,0.5692380903410313,5,0.19031137163490106,8,0.12233406299582766,2,0.1181164750282397,3,0.0,1,13.0
5,1,4,False,4,0.65,1,0.29333333333333333,5,0.028333333333333332,7,0.021666666666666664,2,0.006666666666666666,2,40.3
5,0,5,False,5,0.49800000000000005,0,0.4403333333333333,4,0.06166666666666667,1,0.0,3,0.0,2,55.8
5,1,1,True,1,0.8513906935419078,8,0.05771989171450501,3,0.04299099798699149,7,0.017499191372638456,6,0.01188129551108564,1,0.0
5,1,1,True,1,0.35317857142857145,8,0.34336904761904763,6,0.30095238095238086,5,0.0025,3,0.0,1,19.7
5,1,1,True,1,0.8513906935419078,8,0.05771989171450501,3,0.04299099798699149,7,0.017499191372638456,6,0.01188129551108564,1,0.0
5,1,1,True,1,0.7063902070152069,7,0.14686180486180478,6,0.1467479881229881,0,0.0,3,0.0,1,6.1
5,1,1,True,1,0.8513906935419078,8,0.05771989171450501,3,0.04299099798699149,7,0.017499191372638456,6,0.01188129551108564,1,0.0
5,1,1,True,1,0.8513906935419078,8,0.05771989171450501,3,0.04299099798699149,7,0.017499191372638456,6,0.01188129551108564,1,0.0
5,2,4,False,4,0.3592857142857142,1,0.34330952380952373,7,0.2819047619047618,3,0.009000000000000001,6,0.006500000000000001,7,35.6
5,8,1,False,1,0.8513906935419078,8,0.05771989171450501,3,0.04299099798699149,7,0.017499191372638456,6,0.01188129551108564,2,0.0
5,8,1,False,1,0.8513906935419078,8,0.05771989171450501,3,0.04299099798699149,7,0.017499191372638456,6,0.01188129551108564,2,0.0
5,1,1,True,1,0.5237032795635737,6,0.38787238007090935,3,0.08842434036551683,0,0.0,2,0.0,1,4.3
5,1,1,True,1,0.8513906935419078,8,0.05771989171450501,3,0.04299099798699149,7,0.017499191372638456,6,0.01188129551108564,1,0.0
5,1,2,False,2,0.30166450216450214,1,0.2553344155844155,7,0.22239502164502167,5,0.21435606060606055,6,0.0025,2,29.9
5,8,1,False,1,0.8513906935419078,8,0.05771989171450501,3,0.04299099798699149,7,0.017499191372638456,6,0.01188129551108564,2,0.0
5,1,1,True,1,0.8513906935419078,8,0.05771989171450501,3,0.04299099798699149,7,0.017499191372638456,6,0.01188129551108564,1,0.0
5,8,1,False,1,0.8513906935419078,8,0.05771989171450501,3,0.04299099798699149,7,0.017499191372638456,6,0.01188129551108564,2,0.0
5,1,2,False,2,0.8715482810367017,1,0.12845171896329816,0,0.0,3,0.0,4,0.0,2,7.9
5,0,1,False,1,0.6170342712842714,5,0.20732503607503602,2,0.1756406926406926,0,0.0,3,0.0,4,14.8
5,6,1,False,1,0.589515873015873,2,0.4104841269841269,0,0.0,3,0.0,4,0.0,7,12.9
5,1,1,True,1,0.98,2,0.02,0,0.0,3,0.0,4,0.0,1,21.9
5,6,1,False,1,0.9957142857142857,2,0.004285714285714285,0,0.0,3,0.0,4,0.0,7,38.9
5,1,1,True,1,0.5818952513344926,8,0.2038811128242242,0,0.15014889264502257,6,0.06407474319626022,3,0.0,1,5.0
5,1,1,True,1,0.8513906935419078,8,0.05771989171450501,3,0.04299099798699149,7,0.017499191372638456,6,0.01188129551108564,1,0.0
5,1,1,True,1,0.8513906935419078,8,0.05771989171450501,3,0.04299099798699149,7,0.017499191372638456,6,0.01188129551108564,1,0.0
5,1,2,False,2,0.6719642857142857,5,0.28803571428571423,1,0.027285714285714288,0,0.012714285714285713,3,0.0,3,14.2
5,1,1,True,1,0.6145936784233997,8,0.312979823667904,6,0.07242649790869604,2,0.0,3,0.0,1,3.0
5,6,1,False,1,0.84,0,0.13,4,0.03,2,0.0,3,0.0,7,49.6
5,8,1,False,1,0.7231290931290932,8,0.1589646187146187,0,0.11517901542901543,7,0.0018181818181818182,6,0.0009090909090909091,2,2.5
5,6,1,False,1,0.46659523809523806,3,0.43740476190476196,2,0.08199999999999999,5,0.01,6,0.004,5,20.9
5,6,1,False,1,0.9988888888888888,2,0.0011111111111111111,0,0.0,3,0.0,4,0.0,7,16.3
5,1,1,True,1,0.7474252136752135,7,0.24882478632478627,6,0.00375,0,0.0,3,0.0,1,3.9
5,6,1,False,1,0.8658391053391051,7,0.13249422799422794,6,0.0008333333333333333,0,0.0008333333333333333,3,0.0,3,5.1
5,1,6,False,6,0.82,5,0.13,1,0.05,0,0.0,3,0.0,3,52.8
5,6,8,False,8,0.6445104617604618,1,0.3554895382395382,2,0.0,0,0.0,4,0.0,7,17.2
5,1,1,True,1,0.35317857142857145,8,0.34336904761904763,6,0.30095238095238086,5,0.0025,3,0.0,1,19.7
5,1,2,False,2,0.27598809523809525,5,0.2690357142857142,0,0.2431428571428571,6,0.20183333333333325,7,0.01,6,37.4
5,6,6,True,6,0.68,0,0.21,8,0.07,1,0.04,3,0.0,1,59.0
5,0,2,False,2,0.6184999999999998,0,0.19648412698412698,1,0.185015873015873,3,0.0,4,0.0,2,13.2
5,1,1,True,1,0.9616666666666667,8,0.03333333333333333,6,0.005,2,0.0,3,0.0,1,8.2
5,2,2,True,2,0.5919126698464935,1,0.40808733015350657,0,0.0,3,0.0,4,0.0,1,13.6
5,1,1,True,1,0.7231290931290932,8,0.1589646187146187,0,0.11517901542901543,7,0.0018181818181818182,6,0.0009090909090909091,1,2.5
5,1,1,True,1,0.879,6,0.065,4,0.035,2,0.011000000000000001,5,0.01,1,28.8
5,6,1,False,1,0.8560396825396827,7,0.14396031746031748,2,0.0,0,0.0,3,0.0,8,43.3
5,1,1,True,1,0.8513906935419078,8,0.05771989171450501,3,0.04299099798699149,7,0.017499191372638456,6,0.01188129551108564,1,0.0
5,1,1,True,1,0.5581468253968254,4,0.24421031746031732,2,0.19764285714285706,0,0.0,3,0.0,1,18.3
5,8,8,True,8,0.6106874236874235,1,0.264095682095682,6,0.1252168942168942,2,0.0,3,0.0,1,19.5
5,1,1,True,1,0.566130301443406,8,0.36596342621650907,4,0.03454198750511019,6,0.033364284834974646,3,0.0,1,12.6
5,2,2,True,2,0.5570179762439742,0,0.18618874403933156,1,0.11271185930271951,7,0.07565707374377112,6,0.03479047293788966,1,13.5
5,1,1,True,1,0.7466529581529582,3,0.25334704184704177,0,0.0,2,0.0,4,0.0,1,20.1
5,8,2,False,2,0.6184999999999998,0,0.19648412698412698,1,0.185015873015873,3,0.0,4,0.0,9,13.2
5,8,6,False,6,0.9,4,0.07,2,0.03,0,0.0,3,0.0,9,31.2
5,8,1,False,1,0.5146298701298702,2,0.2879635642135641,4,0.1974065656565656,0,0.0,3,0.0,9,26.2
5,1,1,True,1,0.7293333333333333,5,0.14283333333333334,7,0.11783333333333333,4,0.01,3,0.0,1,40.4
5,2,2,True,2,0.8715482810367017,1,0.12845171896329816,0,0.0,3,0.0,4,0.0,1,7.9
5,1,1,True,1,0.566130301443406,8,0.36596342621650907,4,0.03454198750511019,6,0.033364284834974646,3,0.0,1,12.6
5,1,1,True,1,0.566130301443406,8,0.36596342621650907,4,0.03454198750511019,6,0.033364284834974646,3,0.0,1,12.6
5,1,1,True,1,0.4425,2,0.38049999999999995,4,0.17,5,0.006999999999999999,3,0.0,1,31.6
6,5,1,False,1,0.96,2,0.04,0,0.0,3,0.0,4,0.0,6,28.9
6,4,4,True,4,0.3229761904761904,1,0.31244047619047616,6,0.3031666666666666,7,0.061416666666666654,3,0.0,1,32.2
6,5,2,False,2,0.448734126984127,1,0.30084523809523794,8,0.24375396825396817,6,0.003333333333333333,7,0.003333333333333333,7,11.7
6,5,1,False,1,0.9433333333333335,6,0.056666666666666664,2,0.0,0,0.0,3,0.0,7,33.3
6,2,1,False,1,0.38709920634920636,0,0.3132460317460318,6,0.28965476190476186,8,0.01,3,0.0,8,26.7
6,4,0,False,0,0.57,1,0.38666666666666666,5,0.04,6,0.003333333333333333,3,0.0,7,46.9
6,2,2,True,2,0.32896428571428565,6,0.3275119047619047,1,0.3225714285714286,5,0.016428571428571428,0,0.004523809523809524,1,14.9
6,5,1,False,1,0.3730763958263958,2,0.14836310911310915,4,0.13084903984903984,6,0.12888061938061934,5,0.11676906426906428,5,17.1
6,3,1,False,1,0.4722590187590187,4,0.18125252525252525,7,0.1735725108225108,6,0.1729159451659451,3,0.0,5,23.2
6,5,5,True,5,0.5996666666666668,4,0.39366666666666666,0,0.006666666666666666,1,0.0,3,0.0,1,44.6
6,7,8,False,8,0.4765,1,0.4635,7,0.046,0,0.013999999999999999,3,0.0,3,45.9
6,7,1,False,1,0.7797441724941724,7,0.20952655677655677,5,0.0042657342657342655,3,0.004015984015984016,0,0.0016783216783216783,2,16.0
6,4,1,False,1,0.6220833333333333,2,0.18683730158730158,5,0.18441269841269836,8,0.006666666666666666,3,0.0,6,27.8
6,5,0,False,0,0.64,1,0.31,5,0.05,2,0.0,3,0.0,3,48.1
6,5,1,False,1,1.0,0,0.0,2,0.0,3,0.0,4,0.0,6,7.5
6,7,2,False,2,0.5776119864381892,0,0.2584505522148365,1,0.08563413260624939,7,0.03922210699152008,5,0.039081221749205024,4,13.5
6,1,1,True,1,0.5283410406243223,2,0.19047033049509832,5,0.1841879273976796,8,0.0970007014828996,3,0.0,1,13.0
6,3,1,False,1,0.8295144300144297,2,0.17048556998556996,0,0.0,3,0.0,4,0.0,4,16.1
6,5,1,False,1,0.9,0,0.06,4,0.0225,7,0.0175,3,0.0,7,52.0
6,5,7,False,7,0.7518174603174603,1,0.24818253968253973,2,0.0,0,0.0,3,0.0,7,40.9
6,2,2,True,2,0.46736084830202473,1,0.3905424599909895,5,0.14209669170698574,0,0.0,3,0.0,1,17.9
6,4,1,False,1,0.9307857142857143,4,0.034511904761904764,2,0.029702380952380952,8,0.005,3,0.0,2,11.9
6,5,3,False,3,0.7329404761904762,2,0.2453928571428571,1,0.016666666666666666,0,0.005,4,0.0,6,26.4
6,1,1,True,1,0.861347458097458,2,0.13865254190254186,0,0.0,3,0.0,4,0.0,1,22.0
6,1,1,True,1,0.5630833333333334,5,0.40916666666666673,6,0.0165,8,0.01125,3,0.0,1,19.8
6,1,1,True,1,0.6656273448773447,7,0.17449278499278498,6,0.15987987012987007,0,0.0,3,0.0,1,4.0
6,4,1,False,1,0.5259180541680541,2,0.3070575535575535,8,0.16702439227439225,0,0.0,4,0.0,5,26.2
6,7,2,False,2,0.701,1,0.158,7,0.10599999999999998,0,0.018000000000000002,6,0.013999999999999999,3,14.6
6,1,1,True,1,0.6042380952380951,5,0.3547619047619047,6,0.022000000000000002,2,0.019,3,0.0,1,22.3
6,3,1,False,1,0.8344737330844242,8,0.0651968998061691,3,0.04481853777142301,7,0.018095930870319448,9,0.016172910794344283,3,0.0
6,3,1,False,1,0.5910974025974026,2,0.21306926406926405,3,0.19583333333333328,0,0.0,4,0.0,3,8.6
6,3,1,False,1,0.8344737330844242,8,0.0651968998061691,3,0.04481853777142301,7,0.018095930870319448,9,0.016172910794344283,3,0.0
6,4,4,True,4,0.3395119047619047,0,0.32945238095238083,1,0.31794047619047616,6,0.008095238095238095,2,0.005,1,24.4
6,4,7,False,7,0.7,1,0.16223015873015875,5,0.06938095238095238,4,0.06838888888888889,3,0.0,4,39.7
6,7,6,False,6,0.6338095238095235,1,0.3661904761904762,2,0.0,0,0.0,3,0.0,8,34.6
6,3,1,False,1,0.8344737330844242,8,0.0651968998061691,3,0.04481853777142301,7,0.018095930870319448,9,0.016172910794344283,3,0.0
6,3,1,False,1,0.3730763958263958,2,0.14836310911310915,4,0.13084903984903984,6,0.12888061938061934,5,0.11676906426906428,6,17.1
6,7,6,False,6,0.379017316017316,4,0.3173181818181818,2,0.2632857142857143,3,0.02196969696969697,1,0.01840909090909091,8,35.6
6,7,4,False,4,0.3966341991341992,2,0.21664502164502156,7,0.20338275613275608,5,0.18333802308802305,3,0.0,3,41.9
6,4,1,False,1,0.49199999999999994,5,0.44166666666666665,7,0.0415,2,0.02483333333333333,3,0.0,7,32.7
6,7,1,False,1,0.8344737330844242,8,0.0651968998061691,3,0.04481853777142301,7,0.018095930870319448,9,0.016172910794344283,4,0.0
6,7,1,False,1,0.45898114059143474,5,0.18334895496660197,0,0.0969650292517939,6,0.09015533894210362,4,0.08794371314959548,6,5.3
6,1,1,True,1,0.5283410406243223,2,0.19047033049509832,5,0.1841879273976796,8,0.0970007014828996,3,0.0,1,13.0
6,1,1,True,1,0.6088015873015872,6,0.22149999999999992,7,0.16969841269841265,0,0.0,3,0.0,1,20.5
6,1,1,True,1,0.6495791985791983,8,0.21824669774669764,0,0.13050743700743694,7,0.0016666666666666666,3,0.0,1,2.5
6,1,1,True,1,0.6200281385281385,2,0.3717092352092353,8,0.00452020202020202,3,0.003742424242424243,4,0.0,1,11.2
6,0,6,False,6,0.4548333333333332,8,0.4351666666666668,1,0.09466991341991342,3,0.01533008658008658,2,0.0,8,21.5
6,1,2,False,2,0.88,5,0.06033333333333333,1,0.05966666666666667,0,0.0,3,0.0,3,33.5
6,9,1,False,1,0.7122579365079362,2,0.2816071428571427,7,0.00419047619047619,6,0.0019444444444444442,3,0.0,10,6.2
6,1,1,True,1,0.8344737330844242,8,0.0651968998061691,3,0.04481853777142301,7,0.018095930870319448,9,0.016172910794344283,1,0.0
6,1,1,True,1,0.8344737330844242,8,0.0651968998061691,3,0.04481853777142301,7,0.018095930870319448,9,0.016172910794344283,1,0.0
6,1,1,True,1,0.5025470673117731,7,0.3023427136588901,9,0.09842505043975633,6,0.09668516858958034,3,0.0,1,4.7
6,1,1,True,1,0.8344737330844242,8,0.0651968998061691,3,0.04481853777142301,7,0.018095930870319448,9,0.016172910794344283,1,0.0
6,1,1,True,1,0.8344737330844242,8,0.0651968998061691,3,0.04481853777142301,7,0.018095930870319448,9,0.016172910794344283,1,0.0
6,1,8,False,8,0.5251614496614496,1,0.46756077256077255,6,0.007277777777777779,2,0.0,3,0.0,2,19.6
6,1,1,True,1,0.8344737330844242,8,0.0651968998061691,3,0.04481853777142301,7,0.018095930870319448,9,0.016172910794344283,1,0.0
6,1,1,True,1,0.5505186480186479,6,0.2987525530025529,8,0.15072879897879893,2,0.0,3,0.0,1,5.2
6,1,1,True,1,0.8344737330844242,8,0.0651968998061691,3,0.04481853777142301,7,0.018095930870319448,9,0.016172910794344283,1,0.0
6,1,2,False,2,0.5776119864381892,0,0.2584505522148365,1,0.08563413260624939,7,0.03922210699152008,5,0.039081221749205024,3,13.5
6,1,1,True,1,0.5505186480186479,6,0.2987525530025529,8,0.15072879897879893,2,0.0,3,0.0,1,5.2
6,0,1,False,1,0.4811591978059031,8,0.37337536255080656,3,0.08023418879881726,9,0.06523125084447265,4,0.0,7,2.3
6,1,2,False,2,0.5733333333333334,1,0.23616666666666672,7,0.18383333333333332,6,0.006666666666666666,3,0.0,2,9.6
6,1,1,True,1,0.8559136445937656,6,0.14408635540623357,2,0.0,0,0.0,3,0.0,1,3.8
6,1,1,True,1,0.92,6,0.039999999999999994,2,0.026666666666666665,8,0.013333333333333332,3,0.0,1,9.5
6,2,1,False,1,0.7233490427700953,6,0.21208249677738833,2,0.06456846045251616,0,0.0,3,0.0,3,10.3
6,6,1,False,1,0.9942445054945055,0,0.005755494505494505,2,0.0,3,0.0,4,0.0,7,16.6
6,1,1,True,1,0.6112267621788772,8,0.3148410834555896,6,0.03953878649690522,4,0.03439336786862813,3,0.0,1,12.6
6,1,2,False,2,0.47916666666666663,7,0.45083333333333336,1,0.07,0,0.0,3,0.0,3,39.9
6,1,1,True,1,0.9369166666666666,6,0.03458333333333334,2,0.0285,0,0.0,3,0.0,1,4.2
6,1,1,True,1,0.567463453213453,5,0.1558907065157065,2,0.14077335164835156,6,0.1358724886224886,3,0.0,1,9.1
6,1,1,True,1,0.5025470673117731,7,0.3023427136588901,9,0.09842505043975633,6,0.09668516858958034,3,0.0,1,4.7
6,2,9,False,9,0.4463333333333333,1,0.4236666666666666,6,0.07858333333333334,2,0.04641666666666667,8,0.005,4,9.3
6,1,1,True,1,0.8344737330844242,8,0.0651968998061691,3,0.04481853777142301,7,0.018095930870319448,9,0.016172910794344283,1,0.0
6,1,1,True,1,0.65,8,0.26,2,0.09,0,0.0,4,0.0,1,10.7
6,8,1,False,1,0.7162605006105005,7,0.2762420634920634,8,0.006728205128205128,4,0.0007692307692307692,3,0.0,3,12.7
6,2,8,False,8,0.3844761904761906,4,0.3473412698412698,0,0.2468492063492063,9,0.012333333333333333,1,0.009000000000000001,8,8.5
6,1,1,True,1,0.7605021645021643,6,0.23949783549783552,2,0.0,0,0.0,3,0.0,1,9.2
6,2,1,False,1,0.6456540404040402,0,0.1875018037518037,8,0.16684415584415582,2,0.0,4,0.0,4,5.7
6,1,1,True,1,0.8641230158730159,8,0.10596428571428572,6,0.02991269841269841,2,0.0,3,0.0,1,8.2
6,1,1,True,1,0.8344737330844242,8,0.0651968998061691,3,0.04481853777142301,7,0.018095930870319448,9,0.016172910794344283,1,0.0
6,1,1,True,1,0.8344737330844242,8,0.0651968998061691,3,0.04481853777142301,7,0.018095930870319448,9,0.016172910794344283,1,0.0
6,9,1,False,1,1.0,0,0.0,2,0.0,3,0.0,4,0.0,10,7.5
6,1,1,True,1,0.646685730935731,8,0.2371780996780995,9,0.11613616938616936,0,0.0,4,0.0,1,4.9
6,1,1,True,1,0.6847460317460317,5,0.18019264069264052,6,0.1350613275613275,0,0.0,3,0.0,1,15.1
6,1,1,True,1,0.8344737330844242,8,0.0651968998061691,3,0.04481853777142301,7,0.018095930870319448,9,0.016172910794344283,1,0.0
6,1,1,True,1,0.8344737330844242,8,0.0651968998061691,3,0.04481853777142301,7,0.018095930870319448,9,0.016172910794344283,1,0.0
6,1,2,False,2,0.448734126984127,1,0.30084523809523794,8,0.24375396825396817,6,0.003333333333333333,7,0.003333333333333333,2,11.7
6,1,1,True,1,0.7562393790849669,6,0.12230659863012802,7,0.12145402228490462,0,0.0,3,0.0,1,6.1
6,6,7,False,7,0.61,5,0.25,2,0.08,0,0.04,6,0.02,5,50.4
6,1,1,True,1,1.0,0,0.0,2,0.0,3,0.0,4,0.0,1,3.4
6,1,1,True,1,0.646685730935731,8,0.2371780996780995,9,0.11613616938616936,0,0.0,4,0.0,1,4.9
6,1,1,True,1,0.8344737330844242,8,0.0651968998061691,3,0.04481853777142301,7,0.018095930870319448,9,0.016172910794344283,1,0.0
6,1,0,False,0,0.25632539682539673,2,0.24910317460317452,1,0.2490396825396825,3,0.24267460317460313,8,0.002857142857142857,3,26.3
6,1,1,True,1,0.9369166666666666,6,0.03458333333333334,2,0.0285,0,0.0,3,0.0,1,4.2
6,1,1,True,1,0.9033333333333334,2,0.09,6,0.006666666666666666,0,0.0,3,0.0,1,43.0
6,1,1,True,1,1.0,0,0.0,2,0.0,3,0.0,4,0.0,1,4.4
6,1,1,True,1,0.7537650963587496,8,0.1623550370338296,6,0.08387986660742076,2,0.0,3,0.0,1,2.9
6,0,2,False,2,0.6117034077034078,1,0.14407659007659002,8,0.12577006327006324,0,0.11844993894993897,4,0.0,4,13.2
6,1,1,True,1,0.8641230158730159,8,0.10596428571428572,6,0.02991269841269841,2,0.0,3,0.0,1,8.2
6,1,1,True,1,0.5275000000000002,2,0.4524999999999998,3,0.02,0,0.0,4,0.0,1,25.2
6,1,1,True,1,0.4115131283405277,8,0.3715974721013419,9,0.07437745974355883,0,0.07213458535788259,6,0.07037735445668879,1,5.6
6,1,1,True,1,0.8344737330844242,8,0.0651968998061691,3,0.04481853777142301,7,0.018095930870319448,9,0.016172910794344283,1,0.0
6,1,0,False,0,0.4519761904761904,6,0.3580238095238095,2,0.07294444444444445,1,0.06025,9,0.056805555555555554,4,14.5
6,6,1,False,1,0.7027738095238094,6,0.2855595238095237,2,0.008333333333333333,5,0.003333333333333333,3,0.0,2,12.4
6,6,1,False,1,0.6821080308580307,0,0.1647736707736707,6,0.15311829836829838,2,0.0,3,0.0,3,16.4
6,1,1,True,1,0.8344737330844242,8,0.0651968998061691,3,0.04481853777142301,7,0.018095930870319448,9,0.016172910794344283,1,0.0
6,1,1,True,1,0.74,0,0.21,5,0.05,2,0.0,3,0.0,1,48.2
6,1,1,True,1,0.8344737330844242,8,0.0651968998061691,3,0.04481853777142301,7,0.018095930870319448,9,0.016172910794344283,1,0.0
6,1,1,True,1,0.8068286435786436,8,0.19317135642135638,2,0.0,0,0.0,4,0.0,1,7.0
6,1,1,True,1,1.0,0,0.0,2,0.0,3,0.0,4,0.0,1,6.9
6,1,2,False,2,0.5506847041847042,1,0.2885869408369407,7,0.160728354978355,0,0.0,3,0.0,2,22.9
6,1,1,True,1,0.8344737330844242,8,0.0651968998061691,3,0.04481853777142301,7,0.018095930870319448,9,0.016172910794344283,1,0.0
6,6,8,False,8,0.5508621510068878,1,0.2863834747124219,6,0.16275437428069003,2,0.0,3,0.0,3,19.5
6,6,1,False,1,1.0,0,0.0,2,0.0,3,0.0,4,0.0,7,8.0
6,1,1,True,1,0.7699087301587301,0,0.22342460317460308,2,0.006666666666666666,3,0.0,4,0.0,1,14.1
6,8,7,False,7,0.45649999999999996,6,0.4035,1,0.14,0,0.0,3,0.0,9,4.5
6,1,1,True,1,0.87,7,0.13,2,0.0,0,0.0,3,0.0,1,43.5
6,1,1,True,1,0.8344737330844242,8,0.0651968998061691,3,0.04481853777142301,7,0.018095930870319448,9,0.016172910794344283,1,0.0
6,1,7,False,7,0.45649999999999996,6,0.4035,1,0.14,0,0.0,3,0.0,3,4.5
6,2,2,True,2,0.65,1,0.35,0,0.0,3,0.0,4,0.0,1,21.8
6,1,1,True,1,0.6456540404040402,0,0.1875018037518037,8,0.16684415584415582,2,0.0,4,0.0,1,5.7
6,1,1,True,1,0.4811591978059031,8,0.37337536255080656,3,0.08023418879881726,9,0.06523125084447265,4,0.0,1,2.3
6,1,1,True,1,0.5506666666666666,3,0.44533333333333336,2,0.004,0,0.0,4,0.0,1,19.0
6,1,1,True,1,1.0,0,0.0,2,0.0,3,0.0,4,0.0,1,3.2
6,1,1,True,1,0.9263804582814044,4,0.07361954171859553,2,0.0,0,0.0,3,0.0,1,3.3
6,9,4,False,4,0.19465909090909095,2,0.16773593073593074,1,0.1654451659451659,7,0.1644531024531025,8,0.15406132756132754,10,9.9
6,2,1,False,1,0.740111111111111,2,0.25488888888888894,7,0.0025,5,0.0025,3,0.0,2,29.8
6,1,1,True,1,0.8344737330844242,8,0.0651968998061691,3,0.04481853777142301,7,0.018095930870319448,9,0.016172910794344283,1,0.0
6,1,1,True,1,0.9263804582814044,4,0.07361954171859553,2,0.0,0,0.0,3,0.0,1,3.3
6,1,1,True,1,0.8068286435786436,8,0.19317135642135638,2,0.0,0,0.0,4,0.0,1,7.0
6,1,1,True,1,0.8344737330844242,8,0.0651968998061691,3,0.04481853777142301,7,0.018095930870319448,9,0.016172910794344283,1,0.0
6,1,1,True,1,1.0,0,0.0,2,0.0,3,0.0,4,0.0,1,6.9
6,1,1,True,1,0.8344737330844242,8,0.0651968998061691,3,0.04481853777142301,7,0.018095930870319448,9,0.016172910794344283,1,0.0
6,6,1,False,1,0.7682857142857142,2,0.23171428571428568,0,0.0,3,0.0,4,0.0,7,27.2
6,1,1,True,1,0.8344737330844242,8,0.0651968998061691,3,0.04481853777142301,7,0.018095930870319448,9,0.016172910794344283,1,0.0
6,0,5,False,5,0.6251482683982684,2,0.3361071428571428,1,0.016640692640692643,0,0.013675324675324676,6,0.008428571428571428,4,12.1
6,0,5,False,5,0.7121428571428572,0,0.28285714285714275,1,0.005,2,0.0,3,0.0,2,44.0
6,1,8,False,8,0.5251614496614496,1,0.46756077256077255,6,0.007277777777777779,2,0.0,3,0.0,2,19.6
6,1,1,True,1,1.0,0,0.0,2,0.0,3,0.0,4,0.0,1,4.4
6,1,1,True,1,0.8344737330844242,8,0.0651968998061691,3,0.04481853777142301,7,0.018095930870319448,9,0.016172910794344283,1,0.0
6,1,1,True,1,0.8344737330844242,8,0.0651968998061691,3,0.04481853777142301,7,0.018095930870319448,9,0.016172910794344283,1,0.0
6,1,1,True,1,0.8366666666666666,6,0.16333333333333333,2,0.0,0,0.0,3,0.0,1,38.0
6,1,1,True,1,0.8183333333333332,2,0.17166666666666663,3,0.01,0,0.0,4,0.0,1,25.3
6,1,1,True,1,0.6058371152497315,8,0.195220108744025,0,0.1345140813606757,6,0.0644286946455677,3,0.0,1,5.0
6,1,2,False,2,0.33749999999999986,1,0.33683333333333315,6,0.31749999999999995,5,0.008166666666666666,3,0.0,2,28.0
6,1,1,True,1,0.8344737330844242,8,0.0651968998061691,3,0.04481853777142301,7,0.018095930870319448,9,0.016172910794344283,1,0.0
6,1,1,True,1,0.725900219878161,7,0.09929716933393401,4,0.08909931979784914,6,0.08570329099005564,3,0.0,1,6.7
6,1,1,True,1,0.38709920634920636,0,0.3132460317460318,6,0.28965476190476186,8,0.01,3,0.0,1,26.7
6,1,4,False,4,0.7966439393939393,1,0.14709415584415583,6,0.05626190476190478,0,0.0,3,0.0,2,25.6
6,1,1,True,1,0.800765452727527,6,0.10990883338367852,2,0.08932571388879439,0,0.0,3,0.0,1,20.3
6,1,1,True,1,0.8344737330844242,8,0.0651968998061691,3,0.04481853777142301,7,0.018095930870319448,9,0.016172910794344283,1,0.0
6,6,8,False,8,0.68,1,0.23,2,0.05,3,0.04,4,0.0,7,10.6
6,6,1,False,1,0.35816666666666686,6,0.335047619047619,2,0.2951190476190476,5,0.011666666666666665,3,0.0,2,22.2
6,1,1,True,1,0.5186810411810412,0,0.2246640026640026,9,0.14337629037629035,7,0.11327866577866573,3,0.0,1,11.0
6,1,1,True,1,0.8344737330844242,8,0.0651968998061691,3,0.04481853777142301,7,0.018095930870319448,9,0.016172910794344283,1,0.0
6,1,6,False,6,0.4777976190476189,0,0.43711904761904763,1,0.04650000000000001,2,0.03858333333333333,3,0.0,3,15.0
6,6,1,False,1,0.8013286435786433,9,0.19867135642135636,2,0.0,0,0.0,4,0.0,7,9.0
6,1,2,False,2,0.47916666666666663,7,0.45083333333333336,1,0.07,0,0.0,3,0.0,3,39.9
6,1,1,True,1,0.8344737330844242,8,0.0651968998061691,3,0.04481853777142301,7,0.018095930870319448,9,0.016172910794344283,1,0.0
6,6,1,False,1,0.8013286435786433,9,0.19867135642135636,2,0.0,0,0.0,4,0.0,7,9.0
6,1,3,False,3,0.2535558314234784,1,0.2490546185840302,2,0.24230571062923997,0,0.14916533303298,5,0.10591850633027099,2,16.9
6,2,2,True,2,0.38488492063492075,5,0.23028571428571418,1,0.19624206349206338,0,0.18858730158730153,3,0.0,1,11.4
6,1,1,True,1,0.7911666666666665,8,0.20383333333333326,6,0.005,2,0.0,3,0.0,1,12.5
6,1,1,True,1,0.8340272847805486,2,0.09277144582956266,9,0.07320126938988829,0,0.0,4,0.0,1,4.8
6,2,2,True,2,0.5752837309749076,1,0.2430583052568346,3,0.09210222375663552,8,0.08955574001162235,4,0.0,1,11.1
6,1,1,True,1,0.7158174603174601,2,0.27481746031746024,5,0.009365079365079364,0,0.0,3,0.0,1,31.9
6,2,1,False,1,0.657297619047619,2,0.33936904761904757,3,0.003333333333333333,0,0.0,4,0.0,2,8.7
6,1,1,True,1,0.5844898989898987,5,0.21605735930735923,4,0.1994527417027417,0,0.0,3,0.0,1,39.4
6,1,1,True,1,0.7233490427700953,6,0.21208249677738833,2,0.06456846045251616,0,0.0,3,0.0,1,10.3
6,1,7,False,7,0.3576785714285713,1,0.3253690476190475,4,0.2852857142857143,5,0.015666666666666666,6,0.01,2,37.3
6,2,1,False,1,0.4733888888888888,0,0.2603650793650793,3,0.2570674603174601,2,0.00575,5,0.0034285714285714284,4,17.6
6,2,4,False,4,0.7307976190476191,2,0.10001190476190476,7,0.09426190476190476,5,0.07492857142857143,3,0.0,2,42.0
6,1,1,True,1,0.8340272847805486,2,0.09277144582956266,9,0.07320126938988829,0,0.0,4,0.0,1,4.8
6,1,1,True,1,0.8344737330844242,8,0.0651968998061691,3,0.04481853777142301,7,0.018095930870319448,9,0.016172910794344283,1,0.0
6,1,1,True,1,0.8344737330844242,8,0.0651968998061691,3,0.04481853777142301,7,0.018095930870319448,9,0.016172910794344283,1,0.0
6,1,1,True,1,0.8344737330844242,8,0.0651968998061691,3,0.04481853777142301,7,0.018095930870319448,9,0.016172910794344283,1,0.0
6,1,1,True,1,0.8344737330844242,8,0.0651968998061691,3,0.04481853777142301,7,0.018095930870319448,9,0.016172910794344283,1,0.0
6,1,1,True,1,0.8344737330844242,8,0.0651968998061691,3,0.04481853777142301,7,0.018095930870319448,9,0.016172910794344283,1,0.0
6,1,1,True,1,0.8344737330844242,8,0.0651968998061691,3,0.04481853777142301,7,0.018095930870319448,9,0.016172910794344283,1,0.0
6,8,1,False,1,0.8344737330844242,8,0.0651968998061691,3,0.04481853777142301,7,0.018095930870319448,9,0.016172910794344283,2,0.0
6,1,1,True,1,0.8344737330844242,8,0.0651968998061691,3,0.04481853777142301,7,0.018095930870319448,9,0.016172910794344283,1,0.0
6,1,1,True,1,0.8344737330844242,8,0.0651968998061691,3,0.04481853777142301,7,0.018095930870319448,9,0.016172910794344283,1,0.0
6,1,1,True,1,0.8344737330844242,8,0.0651968998061691,3,0.04481853777142301,7,0.018095930870319448,9,0.016172910794344283,1,0.0
6,1,1,True,1,0.8344737330844242,8,0.0651968998061691,3,0.04481853777142301,7,0.018095930870319448,9,0.016172910794344283,1,0.0
6,1,1,True,1,0.8344737330844242,8,0.0651968998061691,3,0.04481853777142301,7,0.018095930870319448,9,0.016172910794344283,1,0.0
6,1,1,True,1,0.8344737330844242,8,0.0651968998061691,3,0.04481853777142301,7,0.018095930870319448,9,0.016172910794344283,1,0.0
6,2,3,False,3,0.2535558314234784,1,0.2490546185840302,2,0.24230571062923997,0,0.14916533303298,5,0.10591850633027099,3,16.9
6,1,1,True,1,0.8344737330844242,8,0.0651968998061691,3,0.04481853777142301,7,0.018095930870319448,9,0.016172910794344283,1,0.0
6,1,1,True,1,0.8344737330844242,8,0.0651968998061691,3,0.04481853777142301,7,0.018095930870319448,9,0.016172910794344283,1,0.0
6,1,1,True,1,0.8344737330844242,8,0.0651968998061691,3,0.04481853777142301,7,0.018095930870319448,9,0.016172910794344283,1,0.0
6,1,1,True,1,0.8344737330844242,8,0.0651968998061691,3,0.04481853777142301,7,0.018095930870319448,9,0.016172910794344283,1,0.0
6,1,1,True,1,0.8344737330844242,8,0.0651968998061691,3,0.04481853777142301,7,0.018095930870319448,9,0.016172910794344283,1,0.0
6,1,1,True,1,1.0,0,0.0,2,0.0,3,0.0,4,0.0,1,21.9
6,0,1,False,1,0.8344737330844242,8,0.0651968998061691,3,0.04481853777142301,7,0.018095930870319448,9,0.016172910794344283,7,0.0
6,1,1,True,1,0.8344737330844242,8,0.0651968998061691,3,0.04481853777142301,7,0.018095930870319448,9,0.016172910794344283,1,0.0
6,1,1,True,1,0.8344737330844242,8,0.0651968998061691,3,0.04481853777142301,7,0.018095930870319448,9,0.016172910794344283,1,0.0
6,1,1,True,1,0.8344737330844242,8,0.0651968998061691,3,0.04481853777142301,7,0.018095930870319448,9,0.016172910794344283,1,0.0
6,1,1,True,1,0.8344737330844242,8,0.0651968998061691,3,0.04481853777142301,7,0.018095930870319448,9,0.016172910794344283,1,0.0
6,0,9,False,9,0.4463333333333333,1,0.4236666666666666,6,0.07858333333333334,2,0.04641666666666667,8,0.005,8,9.3
6,1,1,True,1,1.0,0,0.0,2,0.0,3,0.0,4,0.0,1,7.4
6,1,1,True,1,0.8344737330844242,8,0.0651968998061691,3,0.04481853777142301,7,0.018095930870319448,9,0.016172910794344283,1,0.0
6,0,0,True,0,0.8385714285714286,7,0.16,5,0.0014285714285714286,1,0.0,3,0.0,1,56.3
6,1,1,True,1,0.8344737330844242,8,0.0651968998061691,3,0.04481853777142301,7,0.018095930870319448,9,0.016172910794344283,1,0.0
6,1,1,True,1,0.8344737330844242,8,0.0651968998061691,3,0.04481853777142301,7,0.018095930870319448,9,0.016172910794344283,1,0.0
6,1,1,True,1,0.8344737330844242,8,0.0651968998061691,3,0.04481853777142301,7,0.018095930870319448,9,0.016172910794344283,1,0.0
6,1,1,True,1,0.8559136445937656,6,0.14408635540623357,2,0.0,0,0.0,3,0.0,1,3.8
6,1,1,True,1,0.8344737330844242,8,0.0651968998061691,3,0.04481853777142301,7,0.018095930870319448,9,0.016172910794344283,1,0.0
6,0,1,False,1,0.72,0,0.23,6,0.03,4,0.02,3,0.0,2,49.3
6,1,1,True,1,1.0,0,0.0,2,0.0,3,0.0,4,0.0,1,3.7
6,1,1,True,1,0.8344737330844242,8,0.0651968998061691,3,0.04481853777142301,7,0.018095930870319448,9,0.016172910794344283,1,0.0
6,8,1,False,1,0.8344737330844242,8,0.0651968998061691,3,0.04481853777142301,7,0.018095930870319448,9,0.016172910794344283,2,0.0
6,8,3,False,3,0.66,1,0.17383333333333337,2,0.14366666666666672,8,0.02,6,0.0025,4,10.5
6,0,1,False,1,0.8344737330844242,8,0.0651968998061691,3,0.04481853777142301,7,0.018095930870319448,9,0.016172910794344283,7,0.0
6,1,1,True,1,0.8344737330844242,8,0.0651968998061691,3,0.04481853777142301,7,0.018095930870319448,9,0.016172910794344283,1,0.0
6,1,1,True,1,0.8344737330844242,8,0.0651968998061691,3,0.04481853777142301,7,0.018095930870319448,9,0.016172910794344283,1,0.0
6,1,1,True,1,0.8344737330844242,8,0.0651968998061691,3,0.04481853777142301,7,0.018095930870319448,9,0.016172910794344283,1,0.0
6,1,1,True,1,0.8344737330844242,8,0.0651968998061691,3,0.04481853777142301,7,0.018095930870319448,9,0.016172910794344283,1,0.0
6,0,6,False,6,0.88,0,0.1,7,0.02,1,0.0,3,0.0,2,70.4
6,2,6,False,6,0.43638492063492074,5,0.20304076479076474,1,0.18393001443001433,8,0.1766443001443002,3,0.0,6,28.3
6,6,2,False,2,0.5752837309749076,1,0.2430583052568346,3,0.09210222375663552,8,0.08955574001162235,4,0.0,7,11.1
6,2,1,False,1,0.9665,6,0.0335,2,0.0,0,0.0,3,0.0,3,39.0
6,1,1,True,1,0.8025952380952378,6,0.19740476190476192,2,0.0,0,0.0,3,0.0,1,22.7
6,1,1,True,1,0.8344737330844242,8,0.0651968998061691,3,0.04481853777142301,7,0.018095930870319448,9,0.016172910794344283,1,0.0
6,1,1,True,1,0.5506666666666666,3,0.44533333333333336,2,0.004,0,0.0,4,0.0,1,19.0
6,1,1,True,1,0.8344737330844242,8,0.0651968998061691,3,0.04481853777142301,7,0.018095930870319448,9,0.016172910794344283,1,0.0
6,1,1,True,1,0.8344737330844242,8,0.0651968998061691,3,0.04481853777142301,7,0.018095930870319448,9,0.016172910794344283,1,0.0
6,1,1,True,1,0.8344737330844242,8,0.0651968998061691,3,0.04481853777142301,7,0.018095930870319448,9,0.016172910794344283,1,0.0
6,8,0,False,0,0.34489726939726933,7,0.17825407925407916,8,0.17725430125430125,1,0.16259845709845705,9,0.13699589299589296,3,10.2
6,8,1,False,1,0.7057280511026641,8,0.2235005031088622,6,0.07077144578847362,2,0.0,3,0.0,2,3.0
6,6,2,False,2,0.5776119864381892,0,0.2584505522148365,1,0.08563413260624939,7,0.03922210699152008,5,0.039081221749205024,8,13.5
6,1,1,True,1,0.7752125235875233,0,0.2247874764124763,2,0.0,3,0.0,4,0.0,1,16.5
6,6,1,False,1,0.8340272847805486,2,0.09277144582956266,9,0.07320126938988829,0,0.0,4,0.0,7,4.8
6,6,8,False,8,0.4765,1,0.4635,7,0.046,0,0.013999999999999999,3,0.0,9,45.9
6,6,1,False,1,0.9907539682539682,2,0.009246031746031745,0,0.0,3,0.0,4,0.0,7,22.1
6,1,1,True,1,0.8344737330844242,8,0.0651968998061691,3,0.04481853777142301,7,0.018095930870319448,9,0.016172910794344283,1,0.0
6,8,0,False,0,0.7611424498703905,1,0.15824853985883397,5,0.08060901027077495,2,0.0,3,0.0,9,13.4
6,2,2,True,2,0.5776119864381892,0,0.2584505522148365,1,0.08563413260624939,7,0.03922210699152008,5,0.039081221749205024,1,13.5
6,8,1,False,1,0.81,6,0.15,0,0.04,2,0.0,3,0.0,9,120.1
6,8,1,False,1,0.6,6,0.33266666666666667,2,0.03383333333333333,4,0.0335,3,0.0,9,35.8
6,8,8,True,8,0.5508621510068878,1,0.2863834747124219,6,0.16275437428069003,2,0.0,3,0.0,1,19.5
6,2,2,True,2,0.8126600287552372,1,0.18733997124476212,0,0.0,3,0.0,4,0.0,1,7.9
6,8,8,True,8,0.5508621510068878,1,0.2863834747124219,6,0.16275437428069003,2,0.0,3,0.0,1,19.5
6,2,2,True,2,0.8126600287552372,1,0.18733997124476212,0,0.0,3,0.0,4,0.0,1,7.9
6,8,1,False,1,0.6255238095238094,6,0.3244761904761904,4,0.022333333333333334,2,0.017333333333333333,8,0.010333333333333332,5,24.3
6,2,2,True,2,0.5776119864381892,0,0.2584505522148365,1,0.08563413260624939,7,0.03922210699152008,5,0.039081221749205024,1,13.5
6,1,8,False,8,0.5251614496614496,1,0.46756077256077255,6,0.007277777777777779,2,0.0,3,0.0,2,19.6
6,8,1,False,1,0.6112267621788772,8,0.3148410834555896,6,0.03953878649690522,4,0.03439336786862813,3,0.0,2,12.6
6,1,1,True,1,0.6112267621788772,8,0.3148410834555896,6,0.03953878649690522,4,0.03439336786862813,3,0.0,1,12.6
6,1,1,True,1,0.6112267621788772,8,0.3148410834555896,6,0.03953878649690522,4,0.03439336786862813,3,0.0,1,12.6
6,1,1,True,1,0.81,6,0.15,0,0.04,2,0.0,3,0.0,1,86.9
6,2,2,True,2,0.5776119864381892,0,0.2584505522148365,1,0.08563413260624939,7,0.03922210699152008,5,0.039081221749205024,1,13.5
6,2,2,True,2,0.8126600287552372,1,0.18733997124476212,0,0.0,3,0.0,4,0.0,1,7.9
6,1,6,False,6,0.379017316017316,4,0.3173181818181818,2,0.2632857142857143,3,0.02196969696969697,1,0.01840909090909091,5,35.6
6,8,1,False,1,0.7233490427700953,6,0.21208249677738833,2,0.06456846045251616,0,0.0,3,0.0,9,10.3
6,2,1,False,1,0.9907539682539682,2,0.009246031746031745,0,0.0,3,0.0,4,0.0,2,22.1
6,1,1,True,1,0.4786437173937174,2,0.1958905677655677,4,0.16660736485736488,5,0.15885834998335,3,0.0,1,21.1
6,6,1,False,1,0.81,6,0.15,0,0.04,2,0.0,3,0.0,2,88.0
7,0,6,False,6,0.56,1,0.42,0,0.02,2,0.0,3,0.0,3,49.8
7,1,8,False,8,0.5091666666666668,1,0.45159523809523805,0,0.02580952380952381,5,0.011428571428571429,2,0.002,2,5.8
7,3,1,False,1,0.48956998556998566,5,0.4708809523809523,2,0.03954906204906205,0,0.0,3,0.0,5,19.9
7,4,7,False,7,0.6363333333333332,2,0.3411666666666667,4,0.0225,0,0.0,3,0.0,3,41.9
7,5,7,False,7,0.3588650793650794,1,0.35550793650793644,5,0.2856269841269841,0,0.0,3,0.0,3,41.4
7,4,1,False,1,0.7573015873015874,4,0.1857857142857143,6,0.05691269841269841,0,0.0,3,0.0,2,25.6
7,7,1,False,1,0.9906666666666668,7,0.008222222222222221,6,0.0011111111111111111,0,0.0,3,0.0,2,3.9
7,5,4,False,4,0.6398452380952382,1,0.3356785714285715,7,0.01876190476190476,5,0.005714285714285714,3,0.0,4,41.1
7,3,1,False,1,0.8365577258990103,8,0.061034171707933085,3,0.04435478546148896,7,0.019623814881249067,6,0.014697281784047046,3,0.0
7,7,1,False,1,0.6138181263181264,0,0.20199117549117546,6,0.1841906981906981,2,0.0,3,0.0,8,11.3
7,7,6,False,6,0.281845238095238,8,0.2733452380952379,4,0.23573809523809516,1,0.20907142857142852,3,0.0,9,11.6
7,4,1,False,1,0.5126731601731604,8,0.17109163059163052,7,0.16403643578643576,5,0.15219877344877342,3,0.0,7,24.7
7,5,1,False,1,0.33859523809523806,7,0.33824999999999994,6,0.3181547619047619,5,0.005,3,0.0,4,33.1
7,3,3,True,3,0.98,1,0.013333333333333332,0,0.003333333333333333,2,0.003333333333333333,4,0.0,1,17.7
7,7,2,False,2,0.2133479853479853,9,0.19615170940170937,8,0.19591117216117215,4,0.1945558608058607,6,0.19003327228327227,9,9.9
7,0,1,False,1,0.5818809523809523,6,0.4181190476190477,2,0.0,0,0.0,3,0.0,4,36.9
7,0,1,False,1,0.740785714285714,8,0.2592142857142856,2,0.0,0,0.0,4,0.0,4,7.2
7,1,1,True,1,0.6033252528603149,6,0.20407006851078055,2,0.14104796272698739,8,0.05155671590191714,3,0.0,1,10.3
7,1,2,False,2,0.2133479853479853,9,0.19615170940170937,8,0.19591117216117215,4,0.1945558608058607,6,0.19003327228327227,6,9.9
7,2,1,False,1,0.7800738705738703,6,0.09976190476190476,3,0.09756349206349206,2,0.012197802197802197,4,0.010402930402930402,4,21.0
7,3,1,False,1,0.48028571428571437,0,0.26304365079365083,2,0.23933730158730154,8,0.01011111111111111,4,0.007222222222222222,6,26.3
7,3,1,False,1,0.8365577258990103,8,0.061034171707933085,3,0.04435478546148896,7,0.019623814881249067,6,0.014697281784047046,3,0.0
7,3,1,False,1,0.8365577258990103,8,0.061034171707933085,3,0.04435478546148896,7,0.019623814881249067,6,0.014697281784047046,3,0.0
7,1,1,True,1,0.6078933883883575,5,0.2023253290397253,2,0.09548448421203835,8,0.09429679835987884,3,0.0,1,13.0
7,2,1,False,1,0.6169704184704186,2,0.37969624819624803,3,0.003333333333333333,0,0.0,4,0.0,2,22.6
7,5,1,False,1,0.4145966810966811,5,0.21274783549783544,6,0.19735714285714287,0,0.1666316738816739,2,0.008666666666666666,2,12.2
7,4,1,False,1,0.9311111111111111,3,0.06,2,0.006666666666666666,5,0.0022222222222222222,0,0.0,6,17.8
7,5,7,False,7,0.6363333333333332,2,0.3411666666666667,4,0.0225,0,0.0,3,0.0,7,41.9
7,4,0,False,0,0.67,1,0.17882142857142858,4,0.07531746031746031,7,0.06871825396825398,5,0.007142857142857142,3,24.0
7,5,1,False,1,0.659510545010545,4,0.1823348318348317,2,0.15815462315462306,0,0.0,3,0.0,6,21.1
7,5,1,False,1,0.6158549538696598,2,0.13766032007208473,5,0.12818435159611635,6,0.11830037446213913,3,0.0,3,7.7
7,4,7,False,7,0.6363333333333332,2,0.3411666666666667,4,0.0225,0,0.0,3,0.0,3,41.9
7,2,5,False,5,0.7588614163614166,2,0.08526923076923078,1,0.07909737484737485,7,0.07677197802197804,3,0.0,2,41.7
7,5,1,False,1,0.4097936507936506,0,0.3122103174603174,6,0.2646626984126984,2,0.013333333333333332,3,0.0,7,12.8
7,5,1,False,1,0.8250238095238093,6,0.1706904761904762,5,0.004285714285714285,0,0.0,3,0.0,3,12.3
7,5,4,False,4,0.89,2,0.06869047619047619,1,0.04130952380952382,0,0.0,3,0.0,6,23.5
7,3,1,False,1,0.5901904761904762,0,0.21226190476190473,5,0.19040476190476185,6,0.007142857142857143,3,0.0,5,5.9
7,4,1,False,1,0.5783333333333333,6,0.41833333333333333,2,0.003333333333333333,0,0.0,3,0.0,6,28.7
7,4,2,False,2,0.9000952380952382,1,0.06921428571428571,5,0.030690476190476188,0,0.0,3,0.0,6,31.5
7,7,1,False,1,0.6310103223723914,8,0.36499100388755557,4,0.002011494252873563,6,0.0019871794871794872,3,0.0,9,12.7
7,7,1,False,1,0.8029465811965809,0,0.11072516372516365,2,0.08632825507825503,3,0.0,4,0.0,8,6.6
7,7,1,False,1,1.0,0,0.0,2,0.0,3,0.0,4,0.0,8,43.4
7,7,6,False,6,0.5114404761904763,2,0.40217857142857133,1,0.08638095238095238,0,0.0,3,0.0,8,27.3
7,7,1,False,1,1.0,0,0.0,2,0.0,3,0.0,4,0.0,8,20.5
7,6,0,False,0,0.33799206349206323,1,0.2965018037518037,2,0.20783802308802304,6,0.15766810966810962,3,0.0,4,14.3
7,6,6,True,6,0.5981666666666667,5,0.3618333333333333,4,0.02333333333333333,1,0.010833333333333332,2,0.005833333333333333,1,36.3
7,1,1,True,1,0.5656426051159026,0,0.28048716883391783,8,0.15387022605017953,2,0.0,4,0.0,1,2.8
7,1,1,True,1,1.0,0,0.0,2,0.0,3,0.0,4,0.0,1,7.4
7,1,1,True,1,0.6579055111555111,2,0.34209448884448884,0,0.0,3,0.0,4,0.0,1,20.0
7,6,5,False,5,0.21472655122655113,2,0.20796103896103893,6,0.20228282828282823,8,0.18844083694083696,1,0.18658874458874453,3,28.3
7,1,8,False,8,0.67,1,0.08178968253968252,2,0.07023412698412698,7,0.06520634920634923,6,0.06181349206349207,2,35.7
7,1,2,False,2,0.2795595238095237,1,0.25713888888888886,3,0.2373888888888888,0,0.21799603174603177,5,0.007916666666666666,2,17.6
7,2,1,False,1,0.8250238095238093,6,0.1706904761904762,5,0.004285714285714285,0,0.0,3,0.0,6,12.3
7,2,1,False,1,0.9966666666666667,2,0.003333333333333333,0,0.0,3,0.0,4,0.0,2,18.5
7,9,1,False,1,0.5711522632424334,8,0.29235321115932555,0,0.06861075053257715,3,0.06788377506566358,4,0.0,10,2.3
7,9,1,False,1,0.8365577258990103,8,0.061034171707933085,3,0.04435478546148896,7,0.019623814881249067,6,0.014697281784047046,6,0.0
7,1,2,False,2,0.8502635338514466,1,0.14973646614855324,0,0.0,3,0.0,4,0.0,2,7.9
7,1,1,True,1,0.4226237838958427,5,0.12385057834322534,7,0.12253510786599021,0,0.11580111963200196,3,0.1102295784281078,1,15.9
7,1,1,True,1,0.790077561327561,6,0.20992243867243857,2,0.0,0,0.0,3,0.0,1,2.1
7,1,1,True,1,0.8365577258990103,8,0.061034171707933085,3,0.04435478546148896,7,0.019623814881249067,6,0.014697281784047046,1,0.0
7,1,1,True,1,0.8616244033744028,9,0.13837559662559656,2,0.0,0,0.0,4,0.0,1,4.9
7,2,7,False,7,0.7326626984126985,8,0.12258333333333332,0,0.09778174603174604,9,0.046972222222222235,3,0.0,7,10.1
7,1,1,True,1,0.8365577258990103,8,0.061034171707933085,3,0.04435478546148896,7,0.019623814881249067,6,0.014697281784047046,1,0.0
7,1,1,True,1,0.8365577258990103,8,0.061034171707933085,3,0.04435478546148896,7,0.019623814881249067,6,0.014697281784047046,1,0.0
7,1,1,True,1,0.8365577258990103,8,0.061034171707933085,3,0.04435478546148896,7,0.019623814881249067,6,0.014697281784047046,1,0.0
7,1,1,True,1,0.8365577258990103,8,0.061034171707933085,3,0.04435478546148896,7,0.019623814881249067,6,0.014697281784047046,1,0.0
7,1,1,True,1,0.8365577258990103,8,0.061034171707933085,3,0.04435478546148896,7,0.019623814881249067,6,0.014697281784047046,1,0.0
7,1,1,True,1,0.8365577258990103,8,0.061034171707933085,3,0.04435478546148896,7,0.019623814881249067,6,0.014697281784047046,1,0.0
7,1,1,True,1,0.8365577258990103,8,0.061034171707933085,3,0.04435478546148896,7,0.019623814881249067,6,0.014697281784047046,1,0.0
7,1,1,True,1,0.8365577258990103,8,0.061034171707933085,3,0.04435478546148896,7,0.019623814881249067,6,0.014697281784047046,1,0.0
7,1,1,True,1,0.5901904761904762,0,0.21226190476190473,5,0.19040476190476185,6,0.007142857142857143,3,0.0,1,5.9
7,1,1,True,1,0.8365577258990103,8,0.061034171707933085,3,0.04435478546148896,7,0.019623814881249067,6,0.014697281784047046,1,0.0
7,8,1,False,1,0.8616244033744028,9,0.13837559662559656,2,0.0,0,0.0,4,0.0,10,4.9
7,6,1,False,1,0.9142392444157145,8,0.08576075558428499,2,0.0,0,0.0,4,0.0,7,2.9
7,1,1,True,1,0.8365577258990103,8,0.061034171707933085,3,0.04435478546148896,7,0.019623814881249067,6,0.014697281784047046,1,0.0
7,1,1,True,1,0.8365577258990103,8,0.061034171707933085,3,0.04435478546148896,7,0.019623814881249067,6,0.014697281784047046,1,0.0
7,1,1,True,1,0.6310103223723914,8,0.36499100388755557,4,0.002011494252873563,6,0.0019871794871794872,3,0.0,1,12.7
7,1,1,True,1,1.0,0,0.0,2,0.0,3,0.0,4,0.0,1,21.9
7,1,1,True,1,0.93,8,0.03333333333333333,2,0.020833333333333336,6,0.01583333333333333,3,0.0,1,9.5
7,6,1,False,1,1.0,0,0.0,2,0.0,3,0.0,4,0.0,7,20.5
7,6,6,True,6,0.350857142857143,7,0.3262261904761904,1,0.3195833333333333,2,0.003333333333333333,3,0.0,1,34.6
7,1,8,False,8,0.5091666666666668,1,0.45159523809523805,0,0.02580952380952381,5,0.011428571428571429,2,0.002,2,5.8
7,1,1,True,1,0.5656426051159026,0,0.28048716883391783,8,0.15387022605017953,2,0.0,4,0.0,1,2.8
7,1,1,True,1,0.8365577258990103,8,0.061034171707933085,3,0.04435478546148896,7,0.019623814881249067,6,0.014697281784047046,1,0.0
7,1,1,True,1,0.4097936507936506,0,0.3122103174603174,6,0.2646626984126984,2,0.013333333333333332,3,0.0,1,12.8
7,1,1,True,1,0.8365577258990103,8,0.061034171707933085,3,0.04435478546148896,7,0.019623814881249067,6,0.014697281784047046,1,0.0
7,1,1,True,1,0.9851073232323232,8,0.00842171717171717,0,0.006470959595959596,2,0.0,4,0.0,1,2.6
7,1,1,True,1,0.9851073232323232,8,0.00842171717171717,0,0.006470959595959596,2,0.0,4,0.0,1,2.6
7,1,1,True,1,0.8365577258990103,8,0.061034171707933085,3,0.04435478546148896,7,0.019623814881249067,6,0.014697281784047046,1,0.0
7,1,1,True,1,0.8365577258990103,8,0.061034171707933085,3,0.04435478546148896,7,0.019623814881249067,6,0.014697281784047046,1,0.0
7,9,1,False,1,0.48079365079365066,8,0.25964285714285706,3,0.2595634920634921,0,0.0,4,0.0,10,2.0
7,1,1,True,1,0.3604285714285714,6,0.22690873015873014,2,0.2071984126984126,0,0.20546428571428563,3,0.0,1,26.8
7,1,1,True,1,1.0,0,0.0,2,0.0,3,0.0,4,0.0,1,3.2
7,1,1,True,1,0.7113928571428574,6,0.28285714285714275,2,0.00575,0,0.0,3,0.0,1,16.3
7,0,1,False,1,0.6180357142857141,4,0.3437380952380952,2,0.023035714285714288,0,0.008273809523809524,5,0.0069166666666666664,4,11.5
7,1,1,True,1,0.8365577258990103,8,0.061034171707933085,3,0.04435478546148896,7,0.019623814881249067,6,0.014697281784047046,1,0.0
7,1,1,True,1,0.8365577258990103,8,0.061034171707933085,3,0.04435478546148896,7,0.019623814881249067,6,0.014697281784047046,1,0.0
7,1,1,True,1,0.8306150793650793,4,0.15938492063492063,5,0.003333333333333333,6,0.003333333333333333,8,0.003333333333333333,1,28.4
7,1,1,True,1,1.0,0,0.0,2,0.0,3,0.0,4,0.0,1,3.7
7,1,1,True,1,0.5686964412436548,6,0.3413202981658863,3,0.08998326059045873,0,0.0,2,0.0,1,4.3
7,2,1,False,1,0.6716785714285715,0,0.3276071428571429,8,0.0007142857142857143,2,0.0,4,0.0,4,13.3
7,1,1,True,1,1.0,0,0.0,2,0.0,3,0.0,4,0.0,1,22.7
7,1,1,True,1,0.8365577258990103,8,0.061034171707933085,3,0.04435478546148896,7,0.019623814881249067,6,0.014697281784047046,1,0.0
7,1,1,True,1,1.0,0,0.0,2,0.0,3,0.0,4,0.0,1,3.7
7,1,1,True,1,0.8365577258990103,8,0.061034171707933085,3,0.04435478546148896,7,0.019623814881249067,6,0.014697281784047046,1,0.0
7,1,1,True,1,0.9278540466814456,4,0.07214595331855392,2,0.0,0,0.0,3,0.0,1,3.3
7,1,2,False,2,0.4080656565656566,1,0.24113564213564218,0,0.17774675324675315,4,0.17305194805194804,3,0.0,2,19.2
7,1,1,True,1,0.8365577258990103,8,0.061034171707933085,3,0.04435478546148896,7,0.019623814881249067,6,0.014697281784047046,1,0.0
7,6,1,False,1,0.8875833333333334,5,0.07941666666666666,7,0.021916666666666664,6,0.011083333333333334,3,0.0,4,33.2
7,1,1,True,1,0.6516309523809524,5,0.3112261904761905,6,0.021785714285714287,2,0.015357142857142856,3,0.0,1,22.3
7,1,1,True,1,0.817902597402597,8,0.18209740259740262,2,0.0,0,0.0,4,0.0,1,7.0
7,6,7,False,7,0.3653928571428572,6,0.3181547619047619,1,0.3088333333333333,2,0.007619047619047619,3,0.0,2,32.9
7,1,1,True,1,0.8365577258990103,8,0.061034171707933085,3,0.04435478546148896,7,0.019623814881249067,6,0.014697281784047046,1,0.0
7,1,6,False,6,0.5938571428571429,5,0.396142857142857,1,0.01,0,0.0,3,0.0,3,36.7
7,1,1,True,1,0.5120829725829723,5,0.28585894660894645,8,0.19705808080808074,4,0.0025,7,0.0025,1,23.1
7,1,2,False,2,0.753982683982684,1,0.23851731601731602,8,0.0075,0,0.0,4,0.0,2,30.9
7,1,1,True,1,0.7904007936507936,6,0.2095992063492063,2,0.0,0,0.0,3,0.0,1,3.5
7,1,1,True,1,1.0,0,0.0,2,0.0,3,0.0,4,0.0,1,3.4
7,1,1,True,1,0.5656426051159026,0,0.28048716883391783,8,0.15387022605017953,2,0.0,4,0.0,1,2.8
7,1,1,True,1,0.4162420634920634,7,0.21445238095238092,4,0.20731746031746023,3,0.16198809523809515,2,0.0,1,23.2
7,1,1,True,1,0.7800738705738703,6,0.09976190476190476,3,0.09756349206349206,2,0.012197802197802197,4,0.010402930402930402,1,21.0
7,1,4,False,4,0.701,1,0.23399999999999999,3,0.05,2,0.015,0,0.0,2,25.0
7,1,1,True,1,0.7429070198807034,6,0.13697739249055038,7,0.12011558762874547,0,0.0,3,0.0,1,6.1
7,1,1,True,1,0.8365577258990103,8,0.061034171707933085,3,0.04435478546148896,7,0.019623814881249067,6,0.014697281784047046,1,0.0
7,1,1,True,1,0.8365577258990103,8,0.061034171707933085,3,0.04435478546148896,7,0.019623814881249067,6,0.014697281784047046,1,0.0
7,1,1,True,1,0.47882936507936513,5,0.4708809523809523,8,0.030416666666666668,6,0.019873015873015872,3,0.0,1,19.8
7,1,1,True,1,0.500780303030303,6,0.3449996392496392,9,0.1542200577200577,2,0.0,3,0.0,1,9.0
7,1,1,True,1,0.8365577258990103,8,0.061034171707933085,3,0.04435478546148896,7,0.019623814881249067,6,0.014697281784047046,1,0.0
7,0,1,False,1,0.6615567726620359,8,0.19445763326800466,0,0.07978074362284886,6,0.06420485044711048,3,0.0,3,5.0
7,1,1,True,1,0.8808333333333332,2,0.1,6,0.019166666666666665,0,0.0,3,0.0,1,43.0
7,1,1,True,1,0.8304549062049059,6,0.16954509379509375,2,0.0,0,0.0,3,0.0,1,6.8
7,1,1,True,1,0.5741746031746032,4,0.22251587301587297,5,0.2033095238095238,0,0.0,3,0.0,1,39.4
7,1,1,True,1,0.817902597402597,8,0.18209740259740262,2,0.0,0,0.0,4,0.0,1,7.0
7,6,1,False,1,0.7274523809523807,5,0.27254761904761904,2,0.0,0,0.0,3,0.0,7,20.7
7,1,2,False,2,0.42363275613275614,1,0.36578318903318896,5,0.21058405483405476,0,0.0,3,0.0,2,31.8
7,1,1,True,1,0.6039503634480416,8,0.31931753901413334,6,0.07673209753782505,2,0.0,3,0.0,1,3.0
7,1,1,True,1,1.0,0,0.0,2,0.0,3,0.0,4,0.0,1,19.3
7,1,1,True,1,0.7842816905316903,6,0.21033369408369407,2,0.005384615384615384,0,0.0,3,0.0,1,8.0
7,2,1,False,1,0.4790960428460429,6,0.33446314796314797,8,0.18044080919080915,5,0.002,7,0.002,8,15.8
7,1,2,False,2,0.4242619047619046,1,0.39020634920634933,5,0.183031746031746,3,0.0025,0,0.0,2,17.5
7,1,1,True,1,0.6712301587301588,3,0.3237698412698412,2,0.005,0,0.0,4,0.0,1,16.8
7,2,1,False,1,0.6078933883883575,5,0.2023253290397253,2,0.09548448421203835,8,0.09429679835987884,3,0.0,3,13.0
7,1,1,True,1,0.4810000000000001,7,0.42899999999999994,0,0.09,2,0.0,3,0.0,1,45.3
7,1,1,True,1,0.7842816905316903,6,0.21033369408369407,2,0.005384615384615384,0,0.0,3,0.0,1,8.0
7,2,3,False,3,0.43433333333333335,1,0.34900000000000003,2,0.21,4,0.003333333333333333,8,0.003333333333333333,3,26.1
7,2,1,False,1,0.8000974025974027,3,0.19990259740259733,0,0.0,2,0.0,4,0.0,4,17.4
7,1,1,True,1,0.8365577258990103,8,0.061034171707933085,3,0.04435478546148896,7,0.019623814881249067,6,0.014697281784047046,1,0.0
7,6,1,False,1,0.6125692640692642,8,0.24823792873792866,7,0.1391928071928072,2,0.0,3,0.0,9,2.4
7,1,1,True,1,0.8365577258990103,8,0.061034171707933085,3,0.04435478546148896,7,0.019623814881249067,6,0.014697281784047046,1,0.0
7,1,2,False,2,0.4242619047619046,1,0.39020634920634933,5,0.183031746031746,3,0.0025,0,0.0,2,17.5
7,6,1,False,1,0.4162420634920634,7,0.21445238095238092,4,0.20731746031746023,3,0.16198809523809515,2,0.0,8,23.2
7,6,6,True,6,0.35633333333333334,8,0.32366666666666666,2,0.2824999999999999,1,0.013999999999999999,9,0.013999999999999999,1,9.4
7,1,1,True,1,0.8365577258990103,8,0.061034171707933085,3,0.04435478546148896,7,0.019623814881249067,6,0.014697281784047046,1,0.0
7,6,1,False,1,0.6254761904761905,2,0.3745238095238095,0,0.0,3,0.0,4,0.0,7,32.0
7,0,1,False,1,0.6180357142857141,4,0.3437380952380952,2,0.023035714285714288,0,0.008273809523809524,5,0.0069166666666666664,4,11.5
7,1,1,True,1,1.0,0,0.0,2,0.0,3,0.0,4,0.0,1,3.2
7,1,1,True,1,0.6712301587301588,3,0.3237698412698412,2,0.005,0,0.0,4,0.0,1,16.8
7,1,1,True,1,0.8365577258990103,8,0.061034171707933085,3,0.04435478546148896,7,0.019623814881249067,6,0.014697281784047046,1,0.0
7,1,1,True,1,0.8365577258990103,8,0.061034171707933085,3,0.04435478546148896,7,0.019623814881249067,6,0.014697281784047046,1,0.0
7,6,1,False,1,0.8896309523809522,4,0.11036904761904762,2,0.0,0,0.0,3,0.0,7,36.5
7,1,1,True,1,0.7785887445887447,3,0.21141125541125536,0,0.006666666666666666,6,0.003333333333333333,2,0.0,1,21.4
7,1,1,True,1,0.6716677489177489,6,0.17675144300144296,5,0.1515808080808081,0,0.0,3,0.0,1,15.1
7,1,1,True,1,0.66,5,0.21583333333333332,0,0.12416666666666666,2,0.0,3,0.0,1,48.2
7,1,1,True,1,0.93,8,0.03333333333333333,2,0.020833333333333336,6,0.01583333333333333,3,0.0,1,9.5
7,1,1,True,1,0.9906666666666668,7,0.008222222222222221,6,0.0011111111111111111,0,0.0,3,0.0,1,3.9
7,1,2,False,2,0.5882380952380951,1,0.4117619047619046,0,0.0,3,0.0,4,0.0,2,10.9
7,2,1,False,1,0.5250934065934065,5,0.42033333333333334,6,0.02136446886446887,8,0.018934065934065932,4,0.010505494505494506,8,30.1
7,1,1,True,1,0.6033252528603149,6,0.20407006851078055,2,0.14104796272698739,8,0.05155671590191714,3,0.0,1,10.3
7,0,0,True,0,0.71,1,0.14333333333333334,7,0.13333333333333333,5,0.013333333333333332,3,0.0,1,42.3
7,2,2,True,2,0.5255114814890018,1,0.22980729830324312,6,0.08841564844908162,3,0.08548382459697912,8,0.07078174716169397,1,11.1
7,1,1,True,1,0.551,5,0.449,2,0.0,0,0.0,3,0.0,1,22.4
7,2,1,False,1,0.8306150793650793,4,0.15938492063492063,5,0.003333333333333333,6,0.003333333333333333,8,0.003333333333333333,8,28.4
7,2,2,True,2,0.3739444444444444,8,0.30952380952380953,1,0.2998650793650792,5,0.016666666666666666,3,0.0,1,30.7
7,1,1,True,1,0.8365577258990103,8,0.061034171707933085,3,0.04435478546148896,7,0.019623814881249067,6,0.014697281784047046,1,0.0
7,1,1,True,1,0.8365577258990103,8,0.061034171707933085,3,0.04435478546148896,7,0.019623814881249067,6,0.014697281784047046,1,0.0
7,1,1,True,1,0.8365577258990103,8,0.061034171707933085,3,0.04435478546148896,7,0.019623814881249067,6,0.014697281784047046,1,0.0
7,1,1,True,1,0.8365577258990103,8,0.061034171707933085,3,0.04435478546148896,7,0.019623814881249067,6,0.014697281784047046,1,0.0
7,1,1,True,1,0.8365577258990103,8,0.061034171707933085,3,0.04435478546148896,7,0.019623814881249067,6,0.014697281784047046,1,0.0
7,8,1,False,1,0.8616244033744028,9,0.13837559662559656,2,0.0,0,0.0,4,0.0,10,4.9
7,8,1,False,1,0.8365577258990103,8,0.061034171707933085,3,0.04435478546148896,7,0.019623814881249067,6,0.014697281784047046,2,0.0
7,8,1,False,1,0.5711522632424334,8,0.29235321115932555,0,0.06861075053257715,3,0.06788377506566358,4,0.0,2,2.3
7,1,1,True,1,0.9608333333333334,4,0.0275,2,0.011666666666666665,0,0.0,3,0.0,1,36.1
7,1,1,True,1,0.8365577258990103,8,0.061034171707933085,3,0.04435478546148896,7,0.019623814881249067,6,0.014697281784047046,1,0.0
7,1,1,True,1,0.8365577258990103,8,0.061034171707933085,3,0.04435478546148896,7,0.019623814881249067,6,0.014697281784047046,1,0.0
7,1,1,True,1,0.8365577258990103,8,0.061034171707933085,3,0.04435478546148896,7,0.019623814881249067,6,0.014697281784047046,1,0.0
7,8,8,True,8,0.4736666666666666,1,0.2809047619047619,9,0.21542857142857133,4,0.02333333333333333,2,0.003333333333333333,1,8.4
7,1,1,True,1,0.8365577258990103,8,0.061034171707933085,3,0.04435478546148896,7,0.019623814881249067,6,0.014697281784047046,1,0.0
7,1,1,True,1,0.8365577258990103,8,0.061034171707933085,3,0.04435478546148896,7,0.019623814881249067,6,0.014697281784047046,1,0.0
7,1,1,True,1,0.7301301269138122,7,0.13180037580687054,0,0.07337247304228053,8,0.06469702423703633,3,0.0,1,2.7
7,2,1,False,1,0.2652503607503608,6,0.2573030303030302,5,0.2296868686868687,0,0.22609307359307354,4,0.011666666666666667,8,37.4
7,1,1,True,1,0.7301301269138122,7,0.13180037580687054,0,0.07337247304228053,8,0.06469702423703633,3,0.0,1,2.7
7,1,1,True,1,0.8365577258990103,8,0.061034171707933085,3,0.04435478546148896,7,0.019623814881249067,6,0.014697281784047046,1,0.0
7,2,1,False,1,0.4831005661005663,4,0.18218445443445444,8,0.1806555944055944,2,0.15405938505938505,3,0.0,4,26.2
7,1,1,True,1,0.5049047619047619,7,0.27264285714285696,8,0.2181666666666666,2,0.002857142857142857,4,0.0014285714285714286,1,18.2
7,0,5,False,5,0.42221428571428565,7,0.41778571428571437,1,0.09,4,0.04083333333333334,2,0.029166666666666664,6,38.4
7,1,1,True,1,0.30673754023754013,5,0.2206320068820068,7,0.18655934343434344,4,0.10622112609612609,6,0.09626843989343989,1,5.3
7,1,1,True,1,0.8365577258990103,8,0.061034171707933085,3,0.04435478546148896,7,0.019623814881249067,6,0.014697281784047046,1,0.0
7,1,1,True,1,0.8365577258990103,8,0.061034171707933085,3,0.04435478546148896,7,0.019623814881249067,6,0.014697281784047046,1,0.0
7,1,1,True,1,0.8365577258990103,8,0.061034171707933085,3,0.04435478546148896,7,0.019623814881249067,6,0.014697281784047046,1,0.0
7,1,1,True,1,0.7301301269138122,7,0.13180037580687054,0,0.07337247304228053,8,0.06469702423703633,3,0.0,1,2.7
7,1,1,True,1,0.8365577258990103,8,0.061034171707933085,3,0.04435478546148896,7,0.019623814881249067,6,0.014697281784047046,1,0.0
7,1,1,True,1,0.8365577258990103,8,0.061034171707933085,3,0.04435478546148896,7,0.019623814881249067,6,0.014697281784047046,1,0.0
7,1,1,True,1,0.941373543123543,2,0.0411427738927739,5,0.017483682983682983,0,0.0,3,0.0,1,18.0
7,1,1,True,1,0.30673754023754013,5,0.2206320068820068,7,0.18655934343434344,4,0.10622112609612609,6,0.09626843989343989,1,5.3
7,1,1,True,1,0.97,2,0.03,0,0.0,3,0.0,4,0.0,1,42.8
7,0,8,False,8,0.5091666666666668,1,0.45159523809523805,0,0.02580952380952381,5,0.011428571428571429,2,0.002,3,5.8
7,1,1,True,1,0.8365577258990103,8,0.061034171707933085,3,0.04435478546148896,7,0.019623814881249067,6,0.014697281784047046,1,0.0
7,1,6,False,6,0.6178333333333331,1,0.3696666666666666,8,0.007916666666666666,7,0.004583333333333333,3,0.0,2,5.5
7,1,2,False,2,0.44599999999999995,1,0.44400000000000006,5,0.0565,6,0.0535,3,0.0,2,34.0
7,8,1,False,1,0.8365577258990103,8,0.061034171707933085,3,0.04435478546148896,7,0.019623814881249067,6,0.014697281784047046,2,0.0
7,2,8,False,8,0.44783333333333336,1,0.43433333333333335,6,0.06271428571428571,2,0.055119047619047616,3,0.0,4,15.7
7,1,2,False,2,0.6706904761904763,1,0.30930952380952376,4,0.02,0,0.0,3,0.0,2,23.4
7,1,1,True,1,0.8365577258990103,8,0.061034171707933085,3,0.04435478546148896,7,0.019623814881249067,6,0.014697281784047046,1,0.0
7,1,1,True,1,0.8365577258990103,8,0.061034171707933085,3,0.04435478546148896,7,0.019623814881249067,6,0.014697281784047046,1,0.0
7,1,1,True,1,0.8365577258990103,8,0.061034171707933085,3,0.04435478546148896,7,0.019623814881249067,6,0.014697281784047046,1,0.0
7,1,1,True,1,0.8365577258990103,8,0.061034171707933085,3,0.04435478546148896,7,0.019623814881249067,6,0.014697281784047046,1,0.0
7,1,1,True,1,0.7842816905316903,6,0.21033369408369407,2,0.005384615384615384,0,0.0,3,0.0,1,8.0
7,8,1,False,1,0.8365577258990103,8,0.061034171707933085,3,0.04435478546148896,7,0.019623814881249067,6,0.014697281784047046,2,0.0
7,1,1,True,1,0.8365577258990103,8,0.061034171707933085,3,0.04435478546148896,7,0.019623814881249067,6,0.014697281784047046,1,0.0
7,0,5,False,5,0.73,6,0.15833333333333333,1,0.10166666666666666,4,0.01,3,0.0,7,48.7
7,0,2,False,2,0.43395238095238087,6,0.41604761904761905,1,0.0765,8,0.0655,7,0.008,8,15.6
7,2,4,False,4,0.4536666666666666,7,0.4063333333333333,0,0.1,5,0.02,1,0.01,6,51.3
7,2,1,False,1,0.5049047619047619,7,0.27264285714285696,8,0.2181666666666666,2,0.002857142857142857,4,0.0014285714285714286,4,18.2
7,1,1,True,1,0.8365577258990103,8,0.061034171707933085,3,0.04435478546148896,7,0.019623814881249067,6,0.014697281784047046,1,0.0
7,1,1,True,1,0.8365577258990103,8,0.061034171707933085,3,0.04435478546148896,7,0.019623814881249067,6,0.014697281784047046,1,0.0
7,1,1,True,1,0.8365577258990103,8,0.061034171707933085,3,0.04435478546148896,7,0.019623814881249067,6,0.014697281784047046,1,0.0
7,1,1,True,1,0.8365577258990103,8,0.061034171707933085,3,0.04435478546148896,7,0.019623814881249067,6,0.014697281784047046,1,0.0
7,1,1,True,1,0.8365577258990103,8,0.061034171707933085,3,0.04435478546148896,7,0.019623814881249067,6,0.014697281784047046,1,0.0
7,1,1,True,1,0.7387738095238094,7,0.23622619047619037,5,0.025,0,0.0,3,0.0,1,40.8
7,8,1,False,1,0.46766846632040143,8,0.2973415660620768,0,0.09018693105140473,6,0.07427839769449672,9,0.07052463887162025,2,5.6
7,8,1,False,1,0.9142392444157145,8,0.08576075558428499,2,0.0,0,0.0,4,0.0,2,2.9
7,6,1,False,1,0.7924285714285714,2,0.2025714285714285,5,0.003333333333333333,6,0.0016666666666666666,3,0.0,4,15.2
7,1,4,False,4,0.9,1,0.046357142857142854,7,0.021325396825396824,5,0.016765873015873015,8,0.015551587301587299,2,24.6
7,2,2,True,2,0.5404487824739166,0,0.21969281551991823,1,0.10359200699691612,7,0.07010058272060858,6,0.03514064377064512,1,13.5
7,6,1,False,1,1.0,0,0.0,2,0.0,3,0.0,4,0.0,7,22.7
7,1,7,False,7,0.3588650793650794,1,0.35550793650793644,5,0.2856269841269841,0,0.0,3,0.0,2,41.4
7,1,1,True,1,0.8365577258990103,8,0.061034171707933085,3,0.04435478546148896,7,0.019623814881249067,6,0.014697281784047046,1,0.0
7,1,0,False,0,0.35208621933621925,8,0.33477561327561306,9,0.1671922799422798,7,0.14594588744588738,3,0.0,8,10.2
7,8,1,False,1,0.6408742822291957,8,0.2879231042879577,6,0.035652857938295764,4,0.03554975554455078,3,0.0,2,12.6
7,2,2,True,2,0.8502635338514466,1,0.14973646614855324,0,0.0,3,0.0,4,0.0,1,7.9
7,8,1,False,1,0.568861111111111,5,0.431138888888889,2,0.0,0,0.0,3,0.0,9,23.8
7,1,1,True,1,0.9278540466814456,4,0.07214595331855392,2,0.0,0,0.0,3,0.0,1,3.3
7,2,2,True,2,0.8502635338514466,1,0.14973646614855324,0,0.0,3,0.0,4,0.0,1,7.9
7,1,6,False,6,0.74,1,0.23,0,0.02,8,0.01,3,0.0,2,95.4
7,8,1,False,1,0.3604285714285714,6,0.22690873015873014,2,0.2071984126984126,0,0.20546428571428563,3,0.0,9,26.8
7,2,2,True,2,0.8502635338514466,1,0.14973646614855324,0,0.0,3,0.0,4,0.0,1,7.9
7,1,6,False,6,0.74,1,0.23,0,0.02,7,0.01,3,0.0,2,88.2
7,8,0,False,0,0.68,6,0.31,7,0.01,1,0.0,3,0.0,9,58.3
7,1,6,False,6,0.5981666666666667,5,0.3618333333333333,4,0.02333333333333333,1,0.010833333333333332,2,0.005833333333333333,4,36.3
7,8,1,False,1,0.9966666666666667,6,0.003333333333333333,2,0.0,0,0.0,3,0.0,9,12.5
7,8,2,False,2,0.5195223110223108,4,0.16903507603507598,1,0.1613306693306693,5,0.15011194361194355,3,0.0,9,27.0
7,1,1,True,1,0.48079365079365066,8,0.25964285714285706,3,0.2595634920634921,0,0.0,4,0.0,1,2.0
7,6,1,False,1,0.3973214285714285,4,0.32629761904761906,3,0.254047619047619,6,0.012555555555555556,7,0.005888888888888889,4,35.5
7,1,2,False,2,0.7915436507936506,5,0.20845634920634915,1,0.0,0,0.0,3,0.0,3,30.6
7,1,1,True,1,0.8178559169588577,0,0.18214408304114177,2,0.0,3,0.0,4,0.0,1,16.5
7,1,1,True,1,0.8423434343434338,2,0.15765656565656558,0,0.0,3,0.0,4,0.0,1,22.0
7,1,4,False,4,0.61,2,0.17583333333333329,3,0.16416666666666668,1,0.03833333333333333,5,0.011666666666666665,4,33.7
8,1,2,False,2,0.65,1,0.27095238095238094,4,0.047857142857142855,6,0.031190476190476192,3,0.0,2,28.6
8,4,1,False,1,0.615,4,0.35100000000000003,6,0.020666666666666663,3,0.013333333333333332,2,0.0,2,35.3
8,1,1,True,1,0.49657142857142866,2,0.2684603174603174,6,0.234968253968254,0,0.0,3,0.0,1,27.2
8,1,8,False,8,0.4839999999999998,2,0.4395000000000001,1,0.04230555555555556,0,0.02152777777777778,4,0.012666666666666666,3,29.4
8,4,2,False,2,0.4177622655122656,5,0.20162950937950933,1,0.19265800865800858,8,0.18795021645021637,3,0.0,6,27.0
8,7,1,False,1,0.773845238095238,6,0.2236547619047619,8,0.0025,2,0.0,3,0.0,9,2.4
8,3,1,False,1,0.5243809523809523,2,0.4164999999999999,5,0.05911904761904762,0,0.0,3,0.0,5,22.5
8,5,1,False,1,0.3789658307378896,7,0.20815588986177214,4,0.11504153607830078,6,0.1052554985863809,5,0.10251446592623059,5,5.3
8,4,2,False,2,0.5025000000000001,8,0.4069404761904762,1,0.048023809523809524,6,0.032535714285714286,4,0.01,5,24.2
8,7,1,False,1,0.8413862676384065,8,0.06437118988141274,3,0.04190896998193286,9,0.015722677298271398,7,0.01496319924463218,5,0.0
8,5,7,False,7,0.6966666666666665,2,0.25,6,0.05,4,0.003333333333333333,3,0.0,8,50.6
8,7,8,False,8,0.4839999999999998,2,0.4395000000000001,1,0.04230555555555556,0,0.02152777777777778,4,0.012666666666666666,9,29.4
8,1,1,True,1,0.460082746201167,5,0.2738865009259745,6,0.13496834598150384,2,0.13106240689135418,3,0.0,1,7.7
8,6,1,False,1,0.5453333333333333,0,0.39466666666666667,6,0.06,2,0.0,3,0.0,3,36.9
8,2,1,False,1,0.6243095238095236,2,0.3556904761904761,5,0.01,4,0.01,3,0.0,2,23.4
8,1,7,False,7,0.49559523809523826,1,0.493611111111111,0,0.003928571428571429,6,0.003611111111111111,3,0.0018253968253968253,2,16.0
8,2,1,False,1,0.7975135281385279,2,0.2024864718614718,0,0.0,3,0.0,4,0.0,2,20.0
8,1,1,True,1,1.0,0,0.0,2,0.0,3,0.0,4,0.0,1,7.1
8,1,8,False,8,0.4839999999999998,2,0.4395000000000001,1,0.04230555555555556,0,0.02152777777777778,4,0.012666666666666666,3,29.4
8,0,2,False,2,0.49107142857142855,1,0.30123809523809514,4,0.20769047619047615,0,0.0,3,0.0,4,19.2
8,2,6,False,6,0.6446666666666665,1,0.34633333333333327,5,0.009000000000000001,0,0.0,3,0.0,6,22.2
8,3,1,False,1,0.8413862676384065,8,0.06437118988141274,3,0.04190896998193286,9,0.015722677298271398,7,0.01496319924463218,3,0.0
8,3,3,True,3,0.5111349206349205,5,0.2615992063492063,2,0.22726587301587295,1,0.0,0,0.0,1,26.4
8,4,8,False,8,0.6288888888888888,1,0.3711111111111112,2,0.0,0,0.0,4,0.0,5,8.3
8,3,1,False,1,0.8413862676384065,8,0.06437118988141274,3,0.04190896998193286,9,0.015722677298271398,7,0.01496319924463218,3,0.0
8,4,6,False,6,0.28908333333333325,7,0.2472460317460317,8,0.23401190476190464,1,0.216515873015873,2,0.009714285714285713,9,11.6
8,3,1,False,1,0.8413862676384065,8,0.06437118988141274,3,0.04190896998193286,9,0.015722677298271398,7,0.01496319924463218,3,0.0
8,5,1,False,1,0.6259115320953557,2,0.19590290591761175,5,0.0961066441728206,8,0.08207891781421192,3,0.0,3,13.0
8,5,1,False,1,0.4700952380952384,8,0.2943809523809524,5,0.2355238095238095,2,0.0,3,0.0,3,23.8
8,7,5,False,5,0.6501904761904762,1,0.31714285714285717,2,0.03266666666666666,0,0.0,3,0.0,8,30.2
8,3,1,False,1,1.0,0,0.0,2,0.0,3,0.0,4,0.0,4,19.0
8,1,1,True,1,0.7211190476190477,6,0.27888095238095234,2,0.0,0,0.0,3,0.0,1,6.8
8,5,6,False,6,0.7564285714285713,1,0.23357142857142846,4,0.0075,2,0.0025,3,0.0,7,36.3
8,5,0,False,0,0.6369761904761905,5,0.34802380952380935,1,0.015,2,0.0,3,0.0,2,44.0
8,4,0,False,0,0.68,1,0.25,7,0.06,5,0.01,3,0.0,7,54.3
8,5,1,False,1,0.6262619047619045,5,0.3595714285714285,2,0.0075,7,0.006666666666666666,3,0.0,2,23.0
8,5,2,False,2,0.5752822177822177,1,0.4247177822177822,0,0.0,3,0.0,4,0.0,6,17.9
8,0,8,False,8,0.409033189033189,7,0.2113697691197691,9,0.2078069985569985,1,0.16893290043290046,2,0.0021428571428571425,8,10.2
8,5,4,False,4,0.43816666666666665,1,0.43754761904761913,7,0.09314285714285715,2,0.03114285714285715,3,0.0,7,32.7
8,5,2,False,2,0.5259915976835656,0,0.23740320087698938,1,0.11439075590700452,7,0.07588613643812284,6,0.0463283090943175,7,13.5
8,4,1,False,1,0.34335714285714275,0,0.3206428571428572,4,0.3104999999999999,6,0.0165,8,0.009000000000000001,3,24.4
8,3,1,False,1,0.8413862676384065,8,0.06437118988141274,3,0.04190896998193286,9,0.015722677298271398,7,0.01496319924463218,3,0.0
8,4,5,False,5,0.818452380952381,2,0.16154761904761905,1,0.02,0,0.0,3,0.0,6,30.4
8,7,1,False,1,0.8413862676384065,8,0.06437118988141274,3,0.04190896998193286,9,0.015722677298271398,7,0.01496319924463218,5,0.0
8,7,1,False,1,0.8746533564474739,6,0.12534664355252587,2,0.0,0,0.0,3,0.0,8,6.1
8,7,1,False,1,0.61,6,0.31,5,0.08,0,0.0,3,0.0,8,33.0
8,7,2,False,2,0.68,1,0.32,0,0.0,3,0.0,4,0.0,8,40.0
8,7,0,False,0,0.99,5,0.01,2,0.0,1,0.0,3,0.0,8,56.6
8,8,1,False,1,0.8290767288267289,7,0.17092327117327108,2,0.0,0,0.0,3,0.0,9,5.4
8,1,1,True,1,1.0,0,0.0,2,0.0,3,0.0,4,0.0,1,7.3
8,1,6,False,6,0.4315483405483406,1,0.36467243867243865,7,0.20377922077922084,0,0.0,3,0.0,2,5.1
8,1,1,True,1,1.0,0,0.0,2,0.0,3,0.0,4,0.0,1,6.9
8,1,1,True,1,0.6336378066378066,2,0.1917539682539682,4,0.1746082251082251,0,0.0,3,0.0,1,28.4
8,1,1,True,1,0.7211190476190477,6,0.27888095238095234,2,0.0,0,0.0,3,0.0,1,6.8
8,1,1,True,1,0.45542834942834953,2,0.3741473248973248,5,0.17042432567432558,0,0.0,3,0.0,1,17.5
8,1,1,True,1,1.0,0,0.0,2,0.0,3,0.0,4,0.0,1,3.4
8,1,1,True,1,0.8434863469863463,2,0.156513653013653,0,0.0,3,0.0,4,0.0,1,22.0
8,9,8,False,8,0.6542222222222225,1,0.30111111111111105,2,0.02371428571428571,0,0.013523809523809525,4,0.0074285714285714285,10,8.4
8,1,1,True,1,0.7675476190476189,0,0.22578571428571423,2,0.003333333333333333,5,0.003333333333333333,3,0.0,1,14.1
8,1,1,True,1,0.6125615985321867,7,0.13951626967803432,2,0.12893666464254697,0,0.11898546714723182,3,0.0,1,6.6
8,1,1,True,1,0.3789658307378896,7,0.20815588986177214,4,0.11504153607830078,6,0.1052554985863809,5,0.10251446592623059,1,5.3
8,1,1,True,1,0.6106652236652237,4,0.20144913419913413,5,0.18788564213564207,0,0.0,3,0.0,1,39.4
8,6,4,False,4,0.5902142857142855,1,0.35111904761904755,7,0.05866666666666667,0,0.0,3,0.0,8,32.2
8,1,8,False,8,0.6685541125541126,1,0.1717467532467532,6,0.1596991341991342,2,0.0,3,0.0,2,17.2
8,1,1,True,1,0.5542690136660726,6,0.24263808250572946,2,0.20309290382819792,0,0.0,3,0.0,1,4.1
8,1,6,False,6,0.4315483405483406,1,0.36467243867243865,7,0.20377922077922084,0,0.0,3,0.0,2,5.1
8,1,6,False,6,0.4315483405483406,1,0.36467243867243865,7,0.20377922077922084,0,0.0,3,0.0,2,5.1
8,1,1,True,1,0.6955119047619048,2,0.30020238095238094,0,0.004285714285714285,3,0.0,4,0.0,1,13.7
8,1,1,True,1,0.9,8,0.08,5,0.02,2,0.0,3,0.0,1,34.1
8,1,1,True,1,1.0,0,0.0,2,0.0,3,0.0,4,0.0,1,7.3
8,0,1,False,1,0.48145444759918427,8,0.3318352780260674,9,0.09405534231850021,6,0.09265493205624784,3,0.0,8,5.6
8,1,1,True,1,1.0,0,0.0,2,0.0,3,0.0,4,0.0,1,4.4
8,1,1,True,1,1.0,0,0.0,2,0.0,3,0.0,4,0.0,1,7.3
8,8,8,True,8,0.6542222222222225,1,0.30111111111111105,2,0.02371428571428571,0,0.013523809523809525,4,0.0074285714285714285,1,8.4
8,1,1,True,1,0.7431642980264228,7,0.1280668292047313,8,0.06725757100917956,0,0.061511301759666265,3,0.0,1,2.7
8,1,9,False,9,0.4353333333333334,2,0.42156421356421353,0,0.05498593073593074,6,0.048100288600288595,1,0.04001623376623376,5,14.4
8,1,1,True,1,1.0,0,0.0,2,0.0,3,0.0,4,0.0,1,4.4
8,1,1,True,1,0.59,2,0.22,6,0.115,7,0.075,3,0.0,1,34.5
8,6,4,False,4,0.18410461760461758,8,0.17980735930735925,9,0.16783477633477634,1,0.1603827561327561,7,0.15493686868686868,9,9.9
8,1,8,False,8,0.3645883838383837,1,0.23683874458874457,2,0.19504256854256843,3,0.195030303030303,6,0.00525,2,8.9
8,1,1,True,1,0.8413862676384065,8,0.06437118988141274,3,0.04190896998193286,9,0.015722677298271398,7,0.01496319924463218,1,0.0
8,1,1,True,1,0.9971428571428572,6,0.002857142857142857,2,0.0,0,0.0,3,0.0,1,22.8
8,1,1,True,1,0.8413862676384065,8,0.06437118988141274,3,0.04190896998193286,9,0.015722677298271398,7,0.01496319924463218,1,0.0
8,1,1,True,1,0.8413862676384065,8,0.06437118988141274,3,0.04190896998193286,9,0.015722677298271398,7,0.01496319924463218,1,0.0
8,1,1,True,1,0.5383789078568489,8,0.35153919528184213,6,0.11008189686130856,2,0.0,3,0.0,1,3.0
8,1,2,False,2,0.49107142857142855,1,0.30123809523809514,4,0.20769047619047615,0,0.0,3,0.0,2,19.2
8,1,1,True,1,0.6343470418470417,9,0.19246139971139967,5,0.1731915584415584,2,0.0,3,0.0,1,7.5
8,1,1,True,1,0.8413862676384065,8,0.06437118988141274,3,0.04190896998193286,9,0.015722677298271398,7,0.01496319924463218,1,0.0
8,1,2,False,2,0.6176286768786768,1,0.25832861582861577,0,0.12404270729270728,3,0.0,4,0.0,2,13.6
8,9,1,False,1,0.6281058279955338,7,0.27866010623363546,6,0.09323406577083046,0,0.0,3,0.0,10,4.7
8,2,1,False,1,0.36892771117771117,3,0.2413857253857254,2,0.13672863247863243,0,0.13453024753024745,5,0.1184276834276834,3,16.9
8,1,1,True,1,0.8413862676384065,8,0.06437118988141274,3,0.04190896998193286,9,0.015722677298271398,7,0.01496319924463218,1,0.0
8,1,1,True,1,0.8413862676384065,8,0.06437118988141274,3,0.04190896998193286,9,0.015722677298271398,7,0.01496319924463218,1,0.0
8,1,1,True,1,0.8413862676384065,8,0.06437118988141274,3,0.04190896998193286,9,0.015722677298271398,7,0.01496319924463218,1,0.0
8,1,2,False,2,0.6176286768786768,1,0.25832861582861577,0,0.12404270729270728,3,0.0,4,0.0,2,13.6
8,1,1,True,1,0.8413862676384065,8,0.06437118988141274,3,0.04190896998193286,9,0.015722677298271398,7,0.01496319924463218,1,0.0
8,1,1,True,1,0.8413862676384065,8,0.06437118988141274,3,0.04190896998193286,9,0.015722677298271398,7,0.01496319924463218,1,0.0
8,1,1,True,1,0.8413862676384065,8,0.06437118988141274,3,0.04190896998193286,9,0.015722677298271398,7,0.01496319924463218,1,0.0
8,1,1,True,1,0.8413862676384065,8,0.06437118988141274,3,0.04190896998193286,9,0.015722677298271398,7,0.01496319924463218,1,0.0
8,1,1,True,1,0.460082746201167,5,0.2738865009259745,6,0.13496834598150384,2,0.13106240689135418,3,0.0,1,7.7
8,1,1,True,1,0.9971428571428572,6,0.002857142857142857,2,0.0,0,0.0,3,0.0,1,22.8
8,1,1,True,1,0.8665242405513303,6,0.13347575944866957,2,0.0,0,0.0,3,0.0,1,3.8
8,1,1,True,1,0.8413862676384065,8,0.06437118988141274,3,0.04190896998193286,9,0.015722677298271398,7,0.01496319924463218,1,0.0
8,1,1,True,1,1.0,0,0.0,2,0.0,3,0.0,4,0.0,1,18.9
8,1,1,True,1,0.627973016362722,8,0.2414422905525846,0,0.13058469308469306,2,0.0,4,0.0,1,2.5
8,1,1,True,1,0.8413862676384065,8,0.06437118988141274,3,0.04190896998193286,9,0.015722677298271398,7,0.01496319924463218,1,0.0
8,1,8,False,8,0.6366709956709956,6,0.24391774891774878,1,0.11941125541125533,2,0.0,3,0.0,3,19.5
8,1,1,True,1,0.8413862676384065,8,0.06437118988141274,3,0.04190896998193286,9,0.015722677298271398,7,0.01496319924463218,1,0.0
8,1,1,True,1,0.8413862676384065,8,0.06437118988141274,3,0.04190896998193286,9,0.015722677298271398,7,0.01496319924463218,1,0.0
8,1,1,True,1,0.8413862676384065,8,0.06437118988141274,3,0.04190896998193286,9,0.015722677298271398,7,0.01496319924463218,1,0.0
8,1,1,True,1,1.0,0,0.0,2,0.0,3,0.0,4,0.0,1,3.7
8,6,1,False,1,0.7321225456278961,6,0.12372279768323978,2,0.07306331847547014,8,0.07109133821339364,3,0.0,2,10.3
8,1,1,True,1,1.0,0,0.0,2,0.0,3,0.0,4,0.0,1,3.7
8,6,1,False,1,0.8413862676384065,8,0.06437118988141274,3,0.04190896998193286,9,0.015722677298271398,7,0.01496319924463218,6,0.0
8,1,1,True,1,0.5126626984126985,5,0.23548412698412696,4,0.23185317460317453,8,0.02,3,0.0,1,27.8
8,1,1,True,1,0.6125615985321867,7,0.13951626967803432,2,0.12893666464254697,0,0.11898546714723182,3,0.0,1,6.6
8,1,1,True,1,0.9326701113793251,4,0.06732988862067468,2,0.0,0,0.0,3,0.0,1,3.3
8,1,1,True,1,0.8413862676384065,8,0.06437118988141274,3,0.04190896998193286,9,0.015722677298271398,7,0.01496319924463218,1,0.0
8,1,1,True,1,0.8413862676384065,8,0.06437118988141274,3,0.04190896998193286,9,0.015722677298271398,7,0.01496319924463218,1,0.0
8,1,1,True,1,0.8413862676384065,8,0.06437118988141274,3,0.04190896998193286,9,0.015722677298271398,7,0.01496319924463218,1,0.0
8,1,1,True,1,0.8413862676384065,8,0.06437118988141274,3,0.04190896998193286,9,0.015722677298271398,7,0.01496319924463218,1,0.0
8,1,1,True,1,0.670784991324465,0,0.19013028977386565,8,0.1390847189016693,2,0.0,4,0.0,1,2.8
8,1,1,True,1,0.8413862676384065,8,0.06437118988141274,3,0.04190896998193286,9,0.015722677298271398,7,0.01496319924463218,1,0.0
8,1,1,True,1,0.5371666666666665,0,0.4328333333333333,5,0.02,7,0.01,3,0.0,1,43.8
8,2,1,False,1,0.4934859307359307,2,0.49320238095238095,0,0.008766233766233766,9,0.002727272727272727,7,0.0018181818181818182,2,10.9
8,1,2,False,2,0.5151110556110559,0,0.30601570651570636,8,0.15998434898434888,1,0.01888888888888889,4,0.0,4,13.2
8,1,1,True,1,0.773845238095238,6,0.2236547619047619,8,0.0025,2,0.0,3,0.0,1,2.4
8,1,1,True,1,0.8413862676384065,8,0.06437118988141274,3,0.04190896998193286,9,0.015722677298271398,7,0.01496319924463218,1,0.0
8,1,1,True,1,0.5383789078568489,8,0.35153919528184213,6,0.11008189686130856,2,0.0,3,0.0,1,3.0
8,1,1,True,1,0.450193154068154,3,0.11832693695193695,6,0.11741665279165275,5,0.11119258519258518,0,0.10501365301365295,1,15.9
8,1,1,True,1,0.8413862676384065,8,0.06437118988141274,3,0.04190896998193286,9,0.015722677298271398,7,0.01496319924463218,1,0.0
8,1,1,True,1,0.8170238095238094,7,0.10775793650793652,3,0.07521825396825398,0,0.0,2,0.0,1,6.3
8,1,1,True,1,0.5383789078568489,8,0.35153919528184213,6,0.11008189686130856,2,0.0,3,0.0,1,3.0
8,6,5,False,5,0.64,1,0.28,6,0.06,0,0.02,3,0.0,3,53.1
8,1,0,False,0,0.76,6,0.23,1,0.01,2,0.0,3,0.0,3,49.4
8,0,1,False,1,0.4964166666666667,6,0.2490595238095237,5,0.24685714285714278,2,0.007666666666666666,3,0.0,6,12.8
8,1,1,True,1,0.5243809523809523,2,0.4164999999999999,5,0.05911904761904762,0,0.0,3,0.0,1,22.5
8,1,6,False,6,0.4315483405483406,1,0.36467243867243865,7,0.20377922077922084,0,0.0,3,0.0,2,5.1
8,0,0,True,0,0.5875416944166946,1,0.20781715506715503,8,0.10458430458430454,5,0.10005684593184588,3,0.0,1,13.4
8,1,1,True,1,0.48145444759918427,8,0.3318352780260674,9,0.09405534231850021,6,0.09265493205624784,3,0.0,1,5.6
8,1,1,True,1,0.8413862676384065,8,0.06437118988141274,3,0.04190896998193286,9,0.015722677298271398,7,0.01496319924463218,1,0.0
8,1,1,True,1,0.3712619047619047,2,0.31955952380952374,6,0.3091785714285713,0,0.0,3,0.0,1,22.1
8,1,1,True,1,0.670784991324465,0,0.19013028977386565,8,0.1390847189016693,2,0.0,4,0.0,1,2.8
8,8,1,False,1,0.48145444759918427,8,0.3318352780260674,9,0.09405534231850021,6,0.09265493205624784,3,0.0,2,5.6
8,1,1,True,1,0.5142025474525476,4,0.43472893772893767,0,0.03836205461205461,2,0.012706460206460206,3,0.0,1,29.2
8,1,1,True,1,0.6125615985321867,7,0.13951626967803432,2,0.12893666464254697,0,0.11898546714723182,3,0.0,1,6.6
8,1,1,True,1,0.8260817238317236,6,0.1739182761682761,2,0.0,0,0.0,3,0.0,1,8.0
8,1,1,True,1,0.9326701113793251,4,0.06732988862067468,2,0.0,0,0.0,3,0.0,1,3.3
8,1,1,True,1,0.8413862676384065,8,0.06437118988141274,3,0.04190896998193286,9,0.015722677298271398,7,0.01496319924463218,1,0.0
8,1,1,True,1,0.4700952380952384,8,0.2943809523809524,5,0.2355238095238095,2,0.0,3,0.0,1,23.8
8,1,1,True,1,0.6262619047619045,5,0.3595714285714285,2,0.0075,7,0.006666666666666666,3,0.0,1,23.0
8,1,1,True,1,0.3712619047619047,2,0.31955952380952374,6,0.3091785714285713,0,0.0,3,0.0,1,22.1
8,1,1,True,1,1.0,0,0.0,2,0.0,3,0.0,4,0.0,1,6.9
8,1,1,True,1,1.0,0,0.0,2,0.0,3,0.0,4,0.0,1,7.4
8,6,6,True,6,0.4158333333333333,7,0.4041666666666666,1,0.12,2,0.06,3,0.0,1,34.6
8,1,1,True,1,0.8413862676384065,8,0.06437118988141274,3,0.04190896998193286,9,0.015722677298271398,7,0.01496319924463218,1,0.0
8,0,0,True,0,0.5875416944166946,1,0.20781715506715503,8,0.10458430458430454,5,0.10005684593184588,3,0.0,1,13.4
8,1,1,True,1,0.6649999999999998,9,0.33014285714285696,6,0.004857142857142857,2,0.0,3,0.0,1,6.2
8,1,1,True,1,0.8413862676384065,8,0.06437118988141274,3,0.04190896998193286,9,0.015722677298271398,7,0.01496319924463218,1,0.0
8,1,1,True,1,0.6835158730158726,2,0.31648412698412687,0,0.0,3,0.0,4,0.0,1,18.6
8,1,2,False,2,0.64,5,0.17916666666666664,1,0.16083333333333336,6,0.01,7,0.01,3,34.7
8,6,1,False,1,0.6955119047619048,2,0.30020238095238094,0,0.004285714285714285,3,0.0,4,0.0,7,13.7
8,1,1,True,1,0.4934859307359307,2,0.49320238095238095,0,0.008766233766233766,9,0.002727272727272727,7,0.0018181818181818182,1,10.9
8,0,1,False,1,0.5139761904761905,6,0.4068571428571427,2,0.07916666666666666,0,0.0,3,0.0,4,15.0
8,2,1,False,1,0.6649999999999998,9,0.33014285714285696,6,0.004857142857142857,2,0.0,3,0.0,4,6.2
8,2,2,True,2,0.5151110556110559,0,0.30601570651570636,8,0.15998434898434888,1,0.01888888888888889,4,0.0,1,13.2
8,1,1,True,1,0.49500258075258097,0,0.23075871350871346,7,0.1434779109779109,9,0.13076079476079475,3,0.0,1,11.0
8,2,1,False,1,0.5126626984126985,5,0.23548412698412696,4,0.23185317460317453,8,0.02,3,0.0,6,27.8
8,2,1,False,1,0.36892771117771117,3,0.2413857253857254,2,0.13672863247863243,0,0.13453024753024745,5,0.1184276834276834,3,16.9
8,1,1,True,1,0.8413862676384065,8,0.06437118988141274,3,0.04190896998193286,9,0.015722677298271398,7,0.01496319924463218,1,0.0
8,1,1,True,1,0.8413862676384065,8,0.06437118988141274,3,0.04190896998193286,9,0.015722677298271398,7,0.01496319924463218,1,0.0
8,1,2,False,2,0.8676430772171122,1,0.1323569227828871,0,0.0,3,0.0,4,0.0,2,7.9
8,1,1,True,1,0.8413862676384065,8,0.06437118988141274,3,0.04190896998193286,9,0.015722677298271398,7,0.01496319924463218,1,0.0
8,1,1,True,1,0.8413862676384065,8,0.06437118988141274,3,0.04190896998193286,9,0.015722677298271398,7,0.01496319924463218,1,0.0
8,1,1,True,1,0.8413862676384065,8,0.06437118988141274,3,0.04190896998193286,9,0.015722677298271398,7,0.01496319924463218,1,0.0
8,1,1,True,1,0.6635374837580719,8,0.212100796262561,9,0.124361719979367,0,0.0,4,0.0,1,4.9
8,1,1,True,1,0.8413862676384065,8,0.06437118988141274,3,0.04190896998193286,9,0.015722677298271398,7,0.01496319924463218,1,0.0
8,1,1,True,1,0.8413862676384065,8,0.06437118988141274,3,0.04190896998193286,9,0.015722677298271398,7,0.01496319924463218,1,0.0
8,9,2,False,2,0.34777056277056273,1,0.31564285714285706,0,0.29340476190476183,6,0.03196969696969697,8,0.011212121212121211,10,9.3
8,2,2,True,2,0.66,5,0.23373809523809527,3,0.10626190476190477,1,0.0,0,0.0,1,26.0
8,8,1,False,1,0.4597857142857143,2,0.45088095238095244,6,0.057999999999999996,0,0.03133333333333334,3,0.0,9,15.7
8,1,1,True,1,0.32613780663780667,5,0.17986760461760454,8,0.17080339105339098,7,0.16971284271284268,4,0.1534783549783549,1,24.7
8,2,1,False,1,0.491455266955267,2,0.31977056277056265,7,0.18877417027417023,0,0.0,3,0.0,2,22.9
8,1,1,True,1,0.8413862676384065,8,0.06437118988141274,3,0.04190896998193286,9,0.015722677298271398,7,0.01496319924463218,1,0.0
8,1,1,True,1,0.8413862676384065,8,0.06437118988141274,3,0.04190896998193286,9,0.015722677298271398,7,0.01496319924463218,1,0.0
8,2,2,True,2,0.66,5,0.23373809523809527,3,0.10626190476190477,1,0.0,0,0.0,1,26.0
8,1,1,True,1,0.8413862676384065,8,0.06437118988141274,3,0.04190896998193286,9,0.015722677298271398,7,0.01496319924463218,1,0.0
8,1,1,True,1,0.8413862676384065,8,0.06437118988141274,3,0.04190896998193286,9,0.015722677298271398,7,0.01496319924463218,1,0.0
8,1,1,True,1,0.8413862676384065,8,0.06437118988141274,3,0.04190896998193286,9,0.015722677298271398,7,0.01496319924463218,1,0.0
8,1,1,True,1,0.8413862676384065,8,0.06437118988141274,3,0.04190896998193286,9,0.015722677298271398,7,0.01496319924463218,1,0.0
8,2,1,False,1,0.506797619047619,2,0.49320238095238095,0,0.0,3,0.0,4,0.0,2,10.8
8,1,7,False,7,0.59125,1,0.2635,2,0.13775,4,0.00375,9,0.0025,2,9.7
8,2,1,False,1,0.9223620806438145,6,0.0331379882157746,2,0.02588205211541125,8,0.018617879024999767,3,0.0,3,10.4
8,2,1,False,1,0.9,5,0.09,3,0.01,0,0.0,2,0.0,5,34.0
8,0,8,False,8,0.409033189033189,7,0.2113697691197691,9,0.2078069985569985,1,0.16893290043290046,2,0.0021428571428571425,8,10.2
8,1,1,True,1,0.8413862676384065,8,0.06437118988141274,3,0.04190896998193286,9,0.015722677298271398,7,0.01496319924463218,1,0.0
8,1,1,True,1,0.8413862676384065,8,0.06437118988141274,3,0.04190896998193286,9,0.015722677298271398,7,0.01496319924463218,1,0.0
8,1,6,False,6,0.4158333333333333,7,0.4041666666666666,1,0.12,2,0.06,3,0.0,3,34.6
8,1,1,True,1,0.8413862676384065,8,0.06437118988141274,3,0.04190896998193286,9,0.015722677298271398,7,0.01496319924463218,1,0.0
8,1,1,True,1,0.8413862676384065,8,0.06437118988141274,3,0.04190896998193286,9,0.015722677298271398,7,0.01496319924463218,1,0.0
8,1,1,True,1,0.6783333333333331,2,0.31466666666666654,3,0.006999999999999999,0,0.0,4,0.0,1,16.7
8,1,1,True,1,0.8413862676384065,8,0.06437118988141274,3,0.04190896998193286,9,0.015722677298271398,7,0.01496319924463218,1,0.0
8,1,1,True,1,0.8413862676384065,8,0.06437118988141274,3,0.04190896998193286,9,0.015722677298271398,7,0.01496319924463218,1,0.0
8,1,1,True,1,0.398414502164502,8,0.23057720057720046,7,0.19029004329004326,2,0.1807182539682539,3,0.0,1,18.2
8,1,6,False,6,0.64,0,0.35,1,0.01,2,0.0,3,0.0,3,49.5
8,8,8,True,8,0.3781428571428571,6,0.22381746031746025,7,0.2035595238095237,1,0.19448015873015873,3,0.0,1,2.2
8,8,1,False,1,0.773845238095238,6,0.2236547619047619,8,0.0025,2,0.0,3,0.0,3,2.4
8,1,5,False,5,0.33258730158730143,1,0.3120714285714285,2,0.30534126984126975,4,0.05,3,0.0,2,31.6
8,1,1,True,1,0.48514466089466085,8,0.2903300865800866,0,0.22008080808080796,3,0.003333333333333333,5,0.0011111111111111111,1,5.8
8,1,1,True,1,0.8413862676384065,8,0.06437118988141274,3,0.04190896998193286,9,0.015722677298271398,7,0.01496319924463218,1,0.0
8,8,1,False,1,0.8413862676384065,8,0.06437118988141274,3,0.04190896998193286,9,0.015722677298271398,7,0.01496319924463218,2,0.0
8,8,1,False,1,0.8413862676384065,8,0.06437118988141274,3,0.04190896998193286,9,0.015722677298271398,7,0.01496319924463218,2,0.0
8,8,1,False,1,0.773845238095238,6,0.2236547619047619,8,0.0025,2,0.0,3,0.0,3,2.4
8,8,1,False,1,0.8413862676384065,8,0.06437118988141274,3,0.04190896998193286,9,0.015722677298271398,7,0.01496319924463218,2,0.0
8,1,1,True,1,0.8500952380952381,7,0.14990476190476193,2,0.0,0,0.0,3,0.0,1,43.5
8,2,1,False,1,0.7321225456278961,6,0.12372279768323978,2,0.07306331847547014,8,0.07109133821339364,3,0.0,3,10.3
8,1,8,False,8,0.3781428571428571,6,0.22381746031746025,7,0.2035595238095237,1,0.19448015873015873,3,0.0,4,2.2
8,1,1,True,1,0.8413862676384065,8,0.06437118988141274,3,0.04190896998193286,9,0.015722677298271398,7,0.01496319924463218,1,0.0
8,1,1,True,1,0.8413862676384065,8,0.06437118988141274,3,0.04190896998193286,9,0.015722677298271398,7,0.01496319924463218,1,0.0
8,1,1,True,1,0.8413862676384065,8,0.06437118988141274,3,0.04190896998193286,9,0.015722677298271398,7,0.01496319924463218,1,0.0
8,0,1,False,1,0.670784991324465,0,0.19013028977386565,8,0.1390847189016693,2,0.0,4,0.0,2,2.8
8,0,0,True,0,0.99,5,0.01,2,0.0,1,0.0,3,0.0,1,56.5
8,2,1,False,1,0.5014725274725275,2,0.49686080586080583,5,0.0016666666666666666,0,0.0,3,0.0,2,30.9
8,6,5,False,5,0.65,1,0.34,3,0.01,0,0.0,2,0.0,7,33.9
8,1,1,True,1,0.6395865800865801,6,0.3512619047619047,0,0.009151515151515152,2,0.0,3,0.0,1,16.6
8,2,1,False,1,0.5136082251082251,6,0.39911904761904765,2,0.07181818181818182,4,0.01,0,0.005454545454545454,3,29.1
8,1,1,True,1,0.7864451855334208,0,0.2135548144665791,2,0.0,3,0.0,4,0.0,1,16.5
8,1,1,True,1,0.8665242405513303,6,0.13347575944866957,2,0.0,0,0.0,3,0.0,1,3.8
8,1,1,True,1,0.8413862676384065,8,0.06437118988141274,3,0.04190896998193286,9,0.015722677298271398,7,0.01496319924463218,1,0.0
8,1,1,True,1,0.8413862676384065,8,0.06437118988141274,3,0.04190896998193286,9,0.015722677298271398,7,0.01496319924463218,1,0.0
8,1,1,True,1,0.8413862676384065,8,0.06437118988141274,3,0.04190896998193286,9,0.015722677298271398,7,0.01496319924463218,1,0.0
8,1,1,True,1,0.6336378066378066,2,0.1917539682539682,4,0.1746082251082251,0,0.0,3,0.0,1,28.4
8,1,1,True,1,0.8290767288267289,7,0.17092327117327108,2,0.0,0,0.0,3,0.0,1,5.4
8,1,1,True,1,0.6046193146837806,8,0.32681347500702834,6,0.034663989231724694,4,0.033903221077466225,3,0.0,1,12.6
8,1,1,True,1,0.7661416916416914,6,0.12119474969474961,2,0.11266355866355865,0,0.0,3,0.0,1,20.3
8,2,2,True,2,0.5259915976835656,0,0.23740320087698938,1,0.11439075590700452,7,0.07588613643812284,6,0.0463283090943175,1,13.5
8,2,2,True,2,0.5259915976835656,0,0.23740320087698938,1,0.11439075590700452,7,0.07588613643812284,6,0.0463283090943175,1,13.5
8,6,6,True,6,0.626297619047619,1,0.3593690476190476,3,0.006166666666666667,0,0.0045000000000000005,5,0.003666666666666667,1,6.0
8,6,1,False,1,0.6852946269416854,6,0.21344446484887653,3,0.10126090820943758,0,0.0,2,0.0,2,4.3
8,6,1,False,1,0.6852946269416854,6,0.21344446484887653,3,0.10126090820943758,0,0.0,2,0.0,2,4.3
8,1,1,True,1,0.9189881229881229,6,0.04392049617049617,2,0.03709138084138084,0,0.0,3,0.0,1,20.4
8,1,1,True,1,1.0,0,0.0,2,0.0,3,0.0,4,0.0,1,7.1
8,1,1,True,1,0.9,8,0.08,5,0.02,2,0.0,3,0.0,1,34.1
8,8,2,False,2,0.541357142857143,1,0.4569761904761906,5,0.0016666666666666666,0,0.0,3,0.0,9,30.8
8,2,2,True,2,0.8676430772171122,1,0.1323569227828871,0,0.0,3,0.0,4,0.0,1,7.9
8,6,1,False,1,0.9883333333333334,5,0.006666666666666666,6,0.005,0,0.0,3,0.0,3,37.8
8,8,1,False,1,0.7824444444444443,6,0.2175555555555555,2,0.0,0,0.0,3,0.0,9,19.7
8,8,1,False,1,0.6262619047619045,5,0.3595714285714285,2,0.0075,7,0.006666666666666666,3,0.0,9,23.0
8,6,6,True,6,0.7608333333333333,5,0.12899999999999998,1,0.10016666666666668,0,0.01,3,0.0,1,36.8
8,2,2,True,2,0.5259915976835656,0,0.23740320087698938,1,0.11439075590700452,7,0.07588613643812284,6,0.0463283090943175,1,13.5
8,8,8,True,8,0.6366709956709956,6,0.24391774891774878,1,0.11941125541125533,2,0.0,3,0.0,1,19.5
8,2,2,True,2,0.6176286768786768,1,0.25832861582861577,0,0.12404270729270728,3,0.0,4,0.0,1,13.6
8,8,1,False,1,0.3998665223665225,2,0.3636991341991342,5,0.2364343434343433,0,0.0,3,0.0,9,11.7
8,2,7,False,7,0.4259881784881784,4,0.4060889388389387,5,0.1629228826728827,1,0.005,3,0.0,6,41.9
8,6,1,False,1,0.92,7,0.04,5,0.03,0,0.01,3,0.0,8,62.6
8,6,1,False,1,0.61,6,0.31,5,0.08,0,0.0,3,0.0,2,33.0
8,6,0,False,0,0.84,6,0.14,7,0.02,1,0.0,3,0.0,2,74.1
9,5,1,False,1,0.5341666666666668,7,0.4341666666666666,4,0.03166666666666666,0,0.0,3,0.0,7,41.2
9,4,1,False,1,0.4917460317460317,2,0.42211904761904767,7,0.026654761904761903,5,0.026456349206349206,8,0.018511904761904764,6,24.8
9,5,7,False,7,0.64,0,0.2,1,0.08933333333333335,6,0.07066666666666667,3,0.0,7,38.3
9,2,1,False,1,1.0,0,0.0,2,0.0,3,0.0,4,0.0,3,22.0
9,1,1,True,1,0.8378045688038618,8,0.06329112355079465,3,0.04679780039626314,7,0.0189521391900363,6,0.013322780566461627,1,0.0
9,1,1,True,1,0.6146162042292072,2,0.15287945546885168,6,0.14631088326018654,8,0.08619345704175423,3,0.0,1,10.3
9,2,2,True,2,0.5275133477633479,1,0.46248665223665214,5,0.005,8,0.005,3,0.0,1,30.9
9,2,8,False,8,0.21234632034632037,2,0.2063502886002885,4,0.2031677489177489,5,0.19871500721500715,1,0.1794206349206349,2,27.0
9,4,1,False,1,1.0,0,0.0,2,0.0,3,0.0,4,0.0,5,3.3
9,5,1,False,1,0.3357460317460316,5,0.31791269841269826,7,0.3071746031746031,2,0.03916666666666666,3,0.0,2,30.2
9,2,1,False,1,0.37814682539682537,5,0.24633549783549774,8,0.1920479797979798,2,0.1834696969696969,3,0.0,4,11.7
9,6,6,True,6,0.3328095238095238,1,0.3284285714285713,2,0.3254285714285713,5,0.013333333333333332,3,0.0,1,22.2
9,4,1,False,1,0.48511904761904767,5,0.44238095238095226,7,0.0725,0,0.0,3,0.0,7,41.1
9,4,1,False,1,1.0,0,0.0,2,0.0,3,0.0,4,0.0,5,40.3
9,7,1,False,1,0.5109999999999999,5,0.4590000000000001,7,0.03,0,0.0,3,0.0,3,40.5
9,7,0,False,0,0.63,1,0.27516666666666667,6,0.046,8,0.02816666666666667,7,0.020666666666666663,5,46.2
9,4,4,True,4,0.6674999999999998,0,0.32249999999999995,6,0.006,1,0.002,8,0.002,1,24.5
9,7,1,False,1,0.821934812611148,7,0.0614651525147352,8,0.059332980157546025,0,0.05726705471657012,3,0.0,2,2.7
9,5,0,False,0,0.6131785714285715,5,0.3668214285714285,1,0.02,2,0.0,3,0.0,2,44.0
9,7,1,False,1,0.7735555555555554,3,0.2264444444444444,0,0.0,2,0.0,4,0.0,8,6.4
9,5,1,False,1,0.8226666666666668,2,0.16833333333333333,6,0.006500000000000001,7,0.0025,3,0.0,7,34.8
9,1,1,True,1,0.5060277777777779,6,0.2541587301587301,2,0.23981349206349203,0,0.0,3,0.0,1,4.1
9,0,1,False,1,0.6337070152070152,6,0.18446053946053936,7,0.17183244533244538,2,0.005,5,0.0025,6,11.3
9,1,1,True,1,0.41733838383838384,2,0.21115656565656554,4,0.18980988455988448,5,0.18169516594516588,3,0.0,1,27.8
9,1,1,True,1,1.0,0,0.0,2,0.0,3,0.0,4,0.0,1,3.3
9,1,1,True,1,0.5138006854256852,6,0.306174062049062,9,0.18002525252525242,2,0.0,3,0.0,1,9.0
9,5,1,False,1,0.6872023809523811,6,0.31279761904761894,2,0.0,0,0.0,3,0.0,7,20.7
9,3,2,False,2,0.7388333333333332,1,0.17983333333333332,6,0.08133333333333333,0,0.0,3,0.0,5,18.8
9,3,1,False,1,0.5558333333333335,6,0.42499999999999993,2,0.019166666666666665,0,0.0,3,0.0,5,20.9
9,5,1,False,1,0.5657766955266955,5,0.22050865800865796,8,0.21038131313131306,2,0.003333333333333333,3,0.0,2,23.0
9,3,1,False,1,0.8378045688038618,8,0.06329112355079465,3,0.04679780039626314,7,0.0189521391900363,6,0.013322780566461627,3,0.0
9,3,3,True,3,0.66,8,0.18682509157509156,1,0.10599023199023197,6,0.04718467643467642,2,0.0,1,17.3
9,4,1,False,1,0.6359960317460318,2,0.3615039682539682,7,0.00125,8,0.00125,3,0.0,6,18.3
9,3,2,False,2,0.5041666666666667,1,0.49583333333333335,0,0.0,3,0.0,4,0.0,4,26.1
9,1,0,False,0,0.5417142857142857,1,0.26512301587301584,4,0.18482936507936504,2,0.006666666666666666,5,0.0016666666666666666,2,11.5
9,4,1,False,1,0.48511904761904767,5,0.44238095238095226,7,0.0725,0,0.0,3,0.0,7,41.1
9,5,5,True,5,0.41847222222222213,1,0.35942857142857143,8,0.2220992063492062,2,0.0,3,0.0,1,23.7
9,5,1,False,1,0.6711143578643575,3,0.17000072150072146,0,0.15888492063492057,2,0.0,4,0.0,6,5.9
9,5,1,False,1,0.6513391053391053,2,0.3486608946608946,0,0.0,3,0.0,4,0.0,6,17.5
9,1,1,True,1,0.9890000000000001,6,0.011000000000000001,2,0.0,0,0.0,3,0.0,1,16.2
9,4,7,False,7,0.69,0,0.17,2,0.08,5,0.0325,1,0.0275,7,51.4
9,3,8,False,8,0.5198095238095238,2,0.2508928571428571,1,0.2292976190476189,0,0.0,4,0.0,8,8.8
9,3,1,False,1,0.3284754134754134,5,0.2737185869685868,4,0.13830104617604616,6,0.1372463647463647,3,0.12225858863358859,5,17.1
9,7,2,False,2,0.62,0,0.10533405483405485,8,0.0908102453102453,1,0.06784704184704184,9,0.06301623376623376,6,10.1
9,7,1,False,1,0.5074109501609501,2,0.49258904983905,0,0.0,3,0.0,4,0.0,8,22.9
9,7,1,False,1,0.4373571428571429,2,0.3029523809523809,3,0.25969047619047614,0,0.0,4,0.0,8,26.6
9,7,2,False,2,0.35702380952380947,7,0.313952380952381,1,0.2893571428571428,5,0.023666666666666666,4,0.016,2,32.8
9,7,1,False,1,0.7052301587301588,9,0.16096176046176047,0,0.13380808080808074,2,0.0,4,0.0,9,11.0
9,7,1,False,1,0.8460921994671992,8,0.15390780053280045,2,0.0,0,0.0,4,0.0,9,5.4
9,1,2,False,2,0.5057063492063494,1,0.32451587301587287,5,0.1697777777777778,0,0.0,3,0.0,2,17.9
9,2,1,False,1,0.9821666666666666,3,0.017833333333333333,0,0.0,2,0.0,4,0.0,4,16.7
9,1,1,True,1,0.9720714285714286,2,0.01426190476190476,6,0.013666666666666667,0,0.0,3,0.0,1,4.2
9,8,6,False,6,0.64,1,0.358,2,0.002,0,0.0,3,0.0,9,34.2
9,1,1,True,1,0.8378045688038618,8,0.06329112355079465,3,0.04679780039626314,7,0.0189521391900363,6,0.013322780566461627,1,0.0
9,1,1,True,1,0.6785672085912021,2,0.11297314570534381,0,0.10903756168152451,7,0.09942208402192917,3,0.0,1,6.6
9,1,1,True,1,1.0,0,0.0,2,0.0,3,0.0,4,0.0,1,18.1
9,1,1,True,1,0.8378045688038618,8,0.06329112355079465,3,0.04679780039626314,7,0.0189521391900363,6,0.013322780566461627,1,0.0
9,1,1,True,1,0.6956904761904761,2,0.30038095238095236,5,0.003928571428571429,0,0.0,3,0.0,1,31.9
9,1,1,True,1,0.4883243733465499,8,0.3209536070486398,3,0.06555858917073412,9,0.06499832441417783,0,0.06016510601989803,1,2.3
9,1,1,True,1,0.8378045688038618,8,0.06329112355079465,3,0.04679780039626314,7,0.0189521391900363,6,0.013322780566461627,1,0.0
9,1,1,True,1,1.0,0,0.0,2,0.0,3,0.0,4,0.0,1,3.8
9,1,1,True,1,0.8378045688038618,8,0.06329112355079465,3,0.04679780039626314,7,0.0189521391900363,6,0.013322780566461627,1,0.0
9,1,1,True,1,0.8378045688038618,8,0.06329112355079465,3,0.04679780039626314,7,0.0189521391900363,6,0.013322780566461627,1,0.0
9,1,1,True,1,0.8378045688038618,8,0.06329112355079465,3,0.04679780039626314,7,0.0189521391900363,6,0.013322780566461627,1,0.0
9,1,1,True,1,0.7902738095238095,7,0.20972619047619045,2,0.0,0,0.0,3,0.0,1,6.5
9,1,1,True,1,0.8378045688038618,8,0.06329112355079465,3,0.04679780039626314,7,0.0189521391900363,6,0.013322780566461627,1,0.0
9,1,1,True,1,1.0,0,0.0,2,0.0,3,0.0,4,0.0,1,7.3
9,1,1,True,1,0.8378045688038618,8,0.06329112355079465,3,0.04679780039626314,7,0.0189521391900363,6,0.013322780566461627,1,0.0
9,1,1,True,1,0.8919234948058476,0,0.10807650519415224,2,0.0,3,0.0,4,0.0,1,16.5
9,1,1,True,1,0.8378045688038618,8,0.06329112355079465,3,0.04679780039626314,7,0.0189521391900363,6,0.013322780566461627,1,0.0
9,1,1,True,1,0.8460921994671992,8,0.15390780053280045,2,0.0,0,0.0,4,0.0,1,5.4
9,1,1,True,1,0.8378045688038618,8,0.06329112355079465,3,0.04679780039626314,7,0.0189521391900363,6,0.013322780566461627,1,0.0
9,1,1,True,1,0.7993373015873013,3,0.1906626984126984,4,0.01,0,0.0,2,0.0,1,21.4
9,1,1,True,1,1.0,0,0.0,2,0.0,3,0.0,4,0.0,1,3.3
9,2,8,False,8,0.21234632034632037,2,0.2063502886002885,4,0.2031677489177489,5,0.19871500721500715,1,0.1794206349206349,2,27.0
9,1,1,True,1,0.6862164502164503,2,0.16221500721500717,3,0.1515685425685426,0,0.0,4,0.0,1,16.1
9,8,1,False,1,0.49345634920634907,9,0.28168253968253965,3,0.22036111111111104,6,0.0045000000000000005,2,0.0,10,2.0
9,8,6,False,6,0.64,1,0.27,3,0.056666666666666664,8,0.03333333333333333,2,0.0,4,10.6
9,1,1,True,1,0.7034404761904761,4,0.22,5,0.03467857142857143,8,0.021357142857142856,2,0.02052380952380952,1,11.8
9,6,1,False,1,0.6034285714285714,4,0.3965714285714285,2,0.0,0,0.0,3,0.0,7,25.5
9,6,2,False,2,0.3998333333333335,6,0.2932738095238095,8,0.2802261904761904,1,0.016666666666666666,0,0.008333333333333333,2,9.4
9,1,1,True,1,0.7161837864577801,8,0.17651705174770185,6,0.10729916179451776,2,0.0,3,0.0,1,2.9
9,1,6,False,6,0.4732896825396824,1,0.2852063492063491,0,0.24150396825396814,2,0.0,3,0.0,2,16.4
9,1,1,True,1,0.8378045688038618,8,0.06329112355079465,3,0.04679780039626314,7,0.0189521391900363,6,0.013322780566461627,1,0.0
9,1,1,True,1,0.7762215275227454,2,0.08140700890806894,6,0.07634369157935585,9,0.06602777198982944,3,0.0,1,4.8
9,1,1,True,1,0.8378045688038618,8,0.06329112355079465,3,0.04679780039626314,7,0.0189521391900363,6,0.013322780566461627,1,0.0
9,1,1,True,1,0.5097493894993896,5,0.2501252220002218,6,0.1309284743034743,2,0.10919691419691419,3,0.0,1,7.7
9,9,1,False,1,0.8378045688038618,8,0.06329112355079465,3,0.04679780039626314,7,0.0189521391900363,6,0.013322780566461627,6,0.0
9,1,2,False,2,0.4083452380952381,1,0.30199999999999994,6,0.27315476190476184,4,0.009,5,0.0075,2,28.0
9,1,1,True,1,0.5675826118326117,2,0.23553643578643574,0,0.19688095238095238,3,0.0,4,0.0,1,5.7
9,1,1,True,1,0.8378045688038618,8,0.06329112355079465,3,0.04679780039626314,7,0.0189521391900363,6,0.013322780566461627,1,0.0
9,1,1,True,1,0.8378045688038618,8,0.06329112355079465,3,0.04679780039626314,7,0.0189521391900363,6,0.013322780566461627,1,0.0
9,1,2,False,2,0.27399206349206345,0,0.24957539682539676,3,0.24863095238095237,1,0.2278015873015872,4,0.0,4,17.6
9,1,1,True,1,0.9925,8,0.00625,0,0.00125,2,0.0,4,0.0,1,2.6
9,1,1,True,1,0.8378045688038618,8,0.06329112355079465,3,0.04679780039626314,7,0.0189521391900363,6,0.013322780566461627,1,0.0
9,1,1,True,1,0.8378045688038618,8,0.06329112355079465,3,0.04679780039626314,7,0.0189521391900363,6,0.013322780566461627,1,0.0
9,1,1,True,1,0.45045346320346324,8,0.28994486069486053,7,0.14063414363414356,6,0.11896753246753244,3,0.0,1,2.4
9,1,1,True,1,0.8378045688038618,8,0.06329112355079465,3,0.04679780039626314,7,0.0189521391900363,6,0.013322780566461627,1,0.0
9,1,1,True,1,0.7587440476190475,6,0.23792261904761902,3,0.003333333333333333,0,0.0,2,0.0,1,2.1
9,1,1,True,1,0.8378045688038618,8,0.06329112355079465,3,0.04679780039626314,7,0.0189521391900363,6,0.013322780566461627,1,0.0
9,1,1,True,1,0.6699562232143499,8,0.25139134081432835,6,0.07865243597132139,2,0.0,3,0.0,1,3.0
9,1,1,True,1,1.0,0,0.0,2,0.0,3,0.0,4,0.0,1,7.3
9,1,1,True,1,0.7762215275227454,2,0.08140700890806894,6,0.07634369157935585,9,0.06602777198982944,3,0.0,1,4.8
9,1,1,True,1,0.6134642857142857,7,0.36953571428571425,8,0.013666666666666667,6,0.003333333333333333,3,0.0,1,4.6
9,1,1,True,1,0.7161837864577801,8,0.17651705174770185,6,0.10729916179451776,2,0.0,3,0.0,1,2.9
9,1,1,True,1,0.8378045688038618,8,0.06329112355079465,3,0.04679780039626314,7,0.0189521391900363,6,0.013322780566461627,1,0.0
9,1,4,False,4,0.5906309523809522,6,0.32936904761904756,7,0.05516666666666667,1,0.024833333333333332,3,0.0,4,32.2
9,1,2,False,2,0.5440985923464882,0,0.2245861836655684,1,0.08407774174346481,7,0.07167718663953267,6,0.04453347202185685,3,13.5
9,1,1,True,1,0.8378045688038618,8,0.06329112355079465,3,0.04679780039626314,7,0.0189521391900363,6,0.013322780566461627,1,0.0
9,1,4,False,4,0.7033333333333335,0,0.20666666666666664,7,0.09,1,0.0,3,0.0,4,54.5
9,1,1,True,1,0.6927738095238092,6,0.30722619047619043,2,0.0,0,0.0,3,0.0,1,16.3
9,2,5,False,5,0.63,2,0.14907142857142858,7,0.13164285714285714,1,0.08928571428571429,3,0.0,2,32.5
9,2,5,False,5,0.6701904761904762,0,0.2947619047619047,6,0.017714285714285714,1,0.017333333333333333,3,0.0,6,12.1
9,0,2,False,2,0.33907177544677536,1,0.29998748473748466,3,0.22858497058497043,5,0.1323557692307692,0,0.0,5,16.9
9,1,1,True,1,0.4054538239538239,2,0.20675974025974025,0,0.20358802308802304,5,0.18419841269841267,3,0.0,1,14.8
9,1,1,True,1,0.5135714285714286,2,0.2463690476190475,6,0.23095238095238088,5,0.005,0,0.004107142857142857,1,12.9
9,1,1,True,1,0.8378045688038618,8,0.06329112355079465,3,0.04679780039626314,7,0.0189521391900363,6,0.013322780566461627,1,0.0
9,1,1,True,1,0.8378045688038618,8,0.06329112355079465,3,0.04679780039626314,7,0.0189521391900363,6,0.013322780566461627,1,0.0
9,1,1,True,1,0.6839343434343433,2,0.30439898989898984,3,0.011666666666666667,0,0.0,4,0.0,1,20.0
9,6,1,False,1,0.6146162042292072,2,0.15287945546885168,6,0.14631088326018654,8,0.08619345704175423,3,0.0,3,10.3
9,6,3,False,3,0.66,8,0.18682509157509156,1,0.10599023199023197,6,0.04718467643467642,2,0.0,4,17.3
9,1,1,True,1,1.0,0,0.0,2,0.0,3,0.0,4,0.0,1,3.2
9,1,1,True,1,0.8378045688038618,8,0.06329112355079465,3,0.04679780039626314,7,0.0189521391900363,6,0.013322780566461627,1,0.0
9,1,1,True,1,0.7760753968253968,5,0.14772619047619048,7,0.07619841269841271,0,0.0,3,0.0,1,41.5
9,1,1,True,1,0.5964139488322511,8,0.3166323404312912,4,0.04510239015813456,6,0.04185132057832326,3,0.0,1,12.6
9,1,1,True,1,0.5858333333333333,6,0.4141666666666666,2,0.0,0,0.0,3,0.0,1,46.5
9,1,5,False,5,0.6541666666666666,1,0.31,0,0.02583333333333333,4,0.01,3,0.0,2,48.4
9,1,1,True,1,0.9657222222222223,2,0.01622222222222222,0,0.012472222222222223,8,0.005583333333333333,4,0.0,1,13.1
9,0,1,False,1,0.7052301587301588,9,0.16096176046176047,0,0.13380808080808074,2,0.0,4,0.0,3,11.0
9,0,1,False,1,0.6965881565071733,0,0.18962397507556678,8,0.11378786841725999,2,0.0,4,0.0,2,2.8
9,1,6,False,6,0.4732896825396824,1,0.2852063492063491,0,0.24150396825396814,2,0.0,3,0.0,2,16.4
9,1,1,True,1,0.8711666666666668,0,0.1,6,0.013500000000000002,7,0.007833333333333333,8,0.0075,1,45.6
9,1,1,True,1,0.5079285714285714,5,0.44207142857142856,6,0.05,0,0.0,3,0.0,1,52.3
9,1,1,True,1,0.6292005772005771,8,0.23863437950937944,0,0.13216504329004325,2,0.0,4,0.0,1,2.5
9,1,1,True,1,0.8378045688038618,8,0.06329112355079465,3,0.04679780039626314,7,0.0189521391900363,6,0.013322780566461627,1,0.0
9,1,1,True,1,0.7587440476190475,6,0.23792261904761902,3,0.003333333333333333,0,0.0,2,0.0,1,2.1
9,1,8,False,8,0.6528286574536574,6,0.21946736596736593,1,0.12770397657897653,2,0.0,3,0.0,3,19.5
9,1,1,True,1,0.396804757334169,7,0.1287929554106024,5,0.12709759684759678,6,0.12627311250840656,0,0.11071118587295051,1,15.9
9,1,1,True,1,0.6785672085912021,2,0.11297314570534381,0,0.10903756168152451,7,0.09942208402192917,3,0.0,1,6.6
9,1,1,True,1,0.8378045688038618,8,0.06329112355079465,3,0.04679780039626314,7,0.0189521391900363,6,0.013322780566461627,1,0.0
9,1,1,True,1,0.8378045688038618,8,0.06329112355079465,3,0.04679780039626314,7,0.0189521391900363,6,0.013322780566461627,1,0.0
9,1,1,True,1,0.6372460317460318,2,0.36275396825396816,0,0.0,3,0.0,4,0.0,1,18.4
9,1,1,True,1,0.42718235028645246,8,0.35450757674557976,6,0.07665900293377072,0,0.07366953467069563,9,0.0679815353635013,1,5.6
9,0,1,False,1,0.71,0,0.18433333333333335,5,0.10566666666666666,2,0.0,3,0.0,2,44.1
9,1,1,True,1,0.4120638528138529,8,0.2082132034632035,4,0.20202200577200574,2,0.17395093795093797,3,0.0025,1,26.2
9,1,1,True,1,0.505357142857143,2,0.4896428571428571,3,0.005,0,0.0,4,0.0,1,22.6
9,2,1,False,1,0.9656666666666667,2,0.034333333333333334,0,0.0,3,0.0,4,0.0,2,18.6
9,1,1,True,1,1.0,0,0.0,2,0.0,3,0.0,4,0.0,1,21.9
9,2,1,False,1,0.5135714285714286,2,0.2463690476190475,6,0.23095238095238088,5,0.005,0,0.004107142857142857,2,12.9
9,1,1,True,1,0.8378045688038618,8,0.06329112355079465,3,0.04679780039626314,7,0.0189521391900363,6,0.013322780566461627,1,0.0
9,1,1,True,1,0.8378045688038618,8,0.06329112355079465,3,0.04679780039626314,7,0.0189521391900363,6,0.013322780566461627,1,0.0
9,1,1,True,1,0.9890000000000001,6,0.011000000000000001,2,0.0,0,0.0,3,0.0,1,16.2
9,1,1,True,1,0.7902738095238095,7,0.20972619047619045,2,0.0,0,0.0,3,0.0,1,6.5
9,1,1,True,1,0.8378045688038618,8,0.06329112355079465,3,0.04679780039626314,7,0.0189521391900363,6,0.013322780566461627,1,0.0
9,6,1,False,1,0.9616666666666666,2,0.03833333333333333,0,0.0,3,0.0,4,0.0,7,39.1
9,6,1,False,1,0.48852380952380964,0,0.4389761904761904,9,0.04166666666666666,2,0.03083333333333333,4,0.0,7,14.5
9,1,6,False,6,0.4732896825396824,1,0.2852063492063491,0,0.24150396825396814,2,0.0,3,0.0,2,16.4
9,1,1,True,1,0.6212857142857141,7,0.3545476190476189,5,0.024166666666666666,0,0.0,3,0.0,1,40.8
9,1,1,True,1,0.8378045688038618,8,0.06329112355079465,3,0.04679780039626314,7,0.0189521391900363,6,0.013322780566461627,1,0.0
9,1,1,True,1,0.9382142857142857,2,0.04992857142857144,5,0.011857142857142858,0,0.0,3,0.0,1,18.0
9,1,1,True,1,1.0,0,0.0,2,0.0,3,0.0,4,0.0,1,7.1
9,1,4,False,4,0.3584761904761905,1,0.3385714285714285,7,0.2858095238095238,5,0.01,0,0.004285714285714285,2,37.3
9,1,1,True,1,0.98375,4,0.01375,5,0.0025,0,0.0,3,0.0,1,21.2
9,6,1,False,1,0.8032092907092908,8,0.19679070929070921,2,0.0,0,0.0,4,0.0,7,19.7
9,1,1,True,1,0.9821666666666666,3,0.017833333333333333,0,0.0,2,0.0,4,0.0,1,16.7
9,1,6,False,6,0.27497330447330437,8,0.26337770562770557,1,0.24032178932178927,7,0.21132720057720047,0,0.01,3,45.8
9,2,6,False,6,0.3474166666666666,2,0.3413333333333334,1,0.2912499999999999,0,0.010833333333333332,5,0.009166666666666667,2,14.9
9,0,0,True,0,0.67,6,0.33,2,0.0,1,0.0,3,0.0,1,73.4
9,1,1,True,1,0.6212857142857141,7,0.3545476190476189,5,0.024166666666666666,0,0.0,3,0.0,1,40.8
9,1,1,True,1,0.3372380952380952,5,0.33327380952380947,2,0.32948809523809514,0,0.0,3,0.0,1,39.2
9,1,1,True,1,0.5060277777777779,6,0.2541587301587301,2,0.23981349206349203,0,0.0,3,0.0,1,4.1
9,1,1,True,1,0.8378045688038618,8,0.06329112355079465,3,0.04679780039626314,7,0.0189521391900363,6,0.013322780566461627,1,0.0
9,1,1,True,1,0.6003615576997895,8,0.20694244164324918,0,0.12539697187095217,6,0.06729902878600882,3,0.0,1,5.0
9,6,6,True,6,0.5169999999999999,8,0.343,4,0.09,2,0.04,5,0.01,1,31.2
9,8,1,False,1,0.8378045688038618,8,0.06329112355079465,3,0.04679780039626314,7,0.0189521391900363,6,0.013322780566461627,2,0.0
9,6,1,False,1,0.8713701298701294,2,0.12862987012987007,0,0.0,3,0.0,4,0.0,7,20.3
9,1,1,True,1,0.8378045688038618,8,0.06329112355079465,3,0.04679780039626314,7,0.0189521391900363,6,0.013322780566461627,1,0.0
9,1,1,True,1,0.6146162042292072,2,0.15287945546885168,6,0.14631088326018654,8,0.08619345704175423,3,0.0,1,10.3
9,1,1,True,1,0.6146162042292072,2,0.15287945546885168,6,0.14631088326018654,8,0.08619345704175423,3,0.0,1,10.3
9,1,5,False,5,0.86,2,0.086,4,0.054000000000000006,0,0.0,3,0.0,6,38.8
9,2,2,True,2,0.3948351370851372,1,0.21800505050505045,0,0.20574206349206342,5,0.1814177489177489,3,0.0,1,11.4
9,1,1,True,1,0.9657222222222223,2,0.01622222222222222,0,0.012472222222222223,8,0.005583333333333333,4,0.0,1,13.1
9,2,1,False,1,0.9645979020979021,2,0.027301864801864802,3,0.004819347319347319,6,0.0032808857808857813,0,0.0,2,11.2
9,1,0,False,0,0.68,5,0.23,6,0.08,1,0.01,3,0.0,4,53.4
9,8,0,False,0,0.4733333333333332,6,0.3966666666666667,1,0.10523809523809524,3,0.02476190476190476,2,0.0,9,21.5
9,8,1,False,1,0.5675826118326117,2,0.23553643578643574,0,0.19688095238095238,3,0.0,4,0.0,9,5.7
9,2,2,True,2,0.5057063492063494,1,0.32451587301587287,5,0.1697777777777778,0,0.0,3,0.0,1,17.9
9,2,1,False,1,0.505357142857143,2,0.4896428571428571,3,0.005,0,0.0,4,0.0,2,22.6
9,1,1,True,1,0.49345634920634907,9,0.28168253968253965,3,0.22036111111111104,6,0.0045000000000000005,2,0.0,1,2.0
9,1,1,True,1,0.48303931525990346,6,0.399306100761983,3,0.11765458397811333,0,0.0,2,0.0,1,4.3
9,2,2,True,2,0.4791230158730159,1,0.26622619047619045,5,0.2479841269841269,0,0.006666666666666666,3,0.0,1,14.2
9,1,1,True,1,0.8378045688038618,8,0.06329112355079465,3,0.04679780039626314,7,0.0189521391900363,6,0.013322780566461627,1,0.0
9,1,1,True,1,0.4668170995670995,2,0.2850793650793648,6,0.242770202020202,5,0.005333333333333333,3,0.0,1,15.2
9,2,1,False,1,0.3284754134754134,5,0.2737185869685868,4,0.13830104617604616,6,0.1372463647463647,3,0.12225858863358859,7,17.1
9,1,1,True,1,0.8378045688038618,8,0.06329112355079465,3,0.04679780039626314,7,0.0189521391900363,6,0.013322780566461627,1,0.0
9,9,1,False,1,0.8378045688038618,8,0.06329112355079465,3,0.04679780039626314,7,0.0189521391900363,6,0.013322780566461627,6,0.0
9,1,1,True,1,0.37840476190476197,2,0.33771428571428563,8,0.28388095238095234,0,0.0,4,0.0,1,15.4
9,1,1,True,1,0.8378045688038618,8,0.06329112355079465,3,0.04679780039626314,7,0.0189521391900363,6,0.013322780566461627,1,0.0
9,1,1,True,1,0.8378045688038618,8,0.06329112355079465,3,0.04679780039626314,7,0.0189521391900363,6,0.013322780566461627,1,0.0
9,1,1,True,1,0.8378045688038618,8,0.06329112355079465,3,0.04679780039626314,7,0.0189521391900363,6,0.013322780566461627,1,0.0
9,1,1,True,1,0.8378045688038618,8,0.06329112355079465,3,0.04679780039626314,7,0.0189521391900363,6,0.013322780566461627,1,0.0
9,1,1,True,1,1.0,0,0.0,2,0.0,3,0.0,4,0.0,1,3.8
9,1,1,True,1,1.0,0,0.0,2,0.0,3,0.0,4,0.0,1,3.8
9,1,1,True,1,0.8378045688038618,8,0.06329112355079465,3,0.04679780039626314,7,0.0189521391900363,6,0.013322780566461627,1,0.0
9,1,1,True,1,0.8378045688038618,8,0.06329112355079465,3,0.04679780039626314,7,0.0189521391900363,6,0.013322780566461627,1,0.0
9,1,0,False,0,0.3242398989898988,1,0.3050364357864357,4,0.187258658008658,2,0.18346500721500714,3,0.0,2,29.3
9,1,1,True,1,0.8378045688038618,8,0.06329112355079465,3,0.04679780039626314,7,0.0189521391900363,6,0.013322780566461627,1,0.0
9,1,1,True,1,0.8378045688038618,8,0.06329112355079465,3,0.04679780039626314,7,0.0189521391900363,6,0.013322780566461627,1,0.0
9,8,1,False,1,0.8378045688038618,8,0.06329112355079465,3,0.04679780039626314,7,0.0189521391900363,6,0.013322780566461627,2,0.0
9,2,8,False,8,0.43838095238095237,1,0.4194523809523809,2,0.14216666666666666,0,0.0,4,0.0,3,30.8
9,0,0,True,0,0.73,7,0.14,6,0.13,1,0.0,3,0.0,1,57.4
9,8,1,False,1,0.7361877289377287,6,0.26381227106227095,2,0.0,0,0.0,3,0.0,9,5.2
9,1,4,False,4,0.6674999999999998,0,0.32249999999999995,6,0.006,1,0.002,8,0.002,4,24.4
9,1,1,True,1,0.7273850721431991,7,0.10257411315035149,4,0.0927636819235116,6,0.07727713278293774,3,0.0,1,6.7
9,0,1,False,1,0.33894336219336224,6,0.3378798701298702,0,0.1677712842712843,2,0.15540548340548335,3,0.0,3,14.3
9,0,4,False,4,0.6751349206349206,1,0.19135714285714286,7,0.12350793650793651,5,0.01,3,0.0,7,24.0
9,1,1,True,1,0.8378045688038618,8,0.06329112355079465,3,0.04679780039626314,7,0.0189521391900363,6,0.013322780566461627,1,0.0
9,2,1,False,1,0.4120638528138529,8,0.2082132034632035,4,0.20202200577200574,2,0.17395093795093797,3,0.0025,4,26.2
9,0,1,False,1,0.8919234948058476,0,0.10807650519415224,2,0.0,3,0.0,4,0.0,2,16.5
9,1,1,True,1,0.5690681818181819,4,0.20247619047619048,5,0.18350108225108225,2,0.04495454545454546,3,0.0,1,30.5
9,1,1,True,1,0.8378045688038618,8,0.06329112355079465,3,0.04679780039626314,7,0.0189521391900363,6,0.013322780566461627,1,0.0
9,1,1,True,1,0.8378045688038618,8,0.06329112355079465,3,0.04679780039626314,7,0.0189521391900363,6,0.013322780566461627,1,0.0
9,1,1,True,1,0.8378045688038618,8,0.06329112355079465,3,0.04679780039626314,7,0.0189521391900363,6,0.013322780566461627,1,0.0
9,1,1,True,1,0.8378045688038618,8,0.06329112355079465,3,0.04679780039626314,7,0.0189521391900363,6,0.013322780566461627,1,0.0
9,6,5,False,5,0.63,2,0.14907142857142858,7,0.13164285714285714,1,0.08928571428571429,3,0.0,8,32.5
9,6,1,False,1,1.0,0,0.0,2,0.0,3,0.0,4,0.0,7,18.1
9,6,1,False,1,1.0,0,0.0,2,0.0,3,0.0,4,0.0,7,3.8
9,6,1,False,1,1.0,0,0.0,2,0.0,3,0.0,4,0.0,7,3.8
9,1,1,True,1,0.5675826118326117,2,0.23553643578643574,0,0.19688095238095238,3,0.0,4,0.0,1,5.7
9,1,6,False,6,0.37804759129759125,1,0.3085299145299144,8,0.16928651903651906,2,0.14413597513597512,3,0.0,2,15.8
9,1,3,False,3,0.66,8,0.18682509157509156,1,0.10599023199023197,6,0.04718467643467642,2,0.0,3,17.3
9,8,1,False,1,0.42718235028645246,8,0.35450757674557976,6,0.07665900293377072,0,0.07366953467069563,9,0.0679815353635013,2,5.6
9,8,1,False,1,0.6699562232143499,8,0.25139134081432835,6,0.07865243597132139,2,0.0,3,0.0,2,3.0
9,2,2,True,2,0.5440985923464882,0,0.2245861836655684,1,0.08407774174346481,7,0.07167718663953267,6,0.04453347202185685,1,13.5
9,1,5,False,5,0.41847222222222213,1,0.35942857142857143,8,0.2220992063492062,2,0.0,3,0.0,2,23.8
9,1,1,True,1,0.8378045688038618,8,0.06329112355079465,3,0.04679780039626314,7,0.0189521391900363,6,0.013322780566461627,1,0.0
9,1,1,True,1,0.797015512265512,7,0.20155591630591624,6,0.0014285714285714286,0,0.0,3,0.0,1,3.9
9,1,1,True,1,0.3284754134754134,5,0.2737185869685868,4,0.13830104617604616,6,0.1372463647463647,3,0.12225858863358859,1,17.1
9,1,1,True,1,0.5690681818181819,4,0.20247619047619048,5,0.18350108225108225,2,0.04495454545454546,3,0.0,1,30.5
9,1,1,True,1,0.504734126984127,2,0.26945238095238094,6,0.22295634920634913,0,0.002857142857142857,3,0.0,1,13.7
9,1,1,True,1,0.8713701298701294,2,0.12862987012987007,0,0.0,3,0.0,4,0.0,1,20.3
9,1,1,True,1,0.396804757334169,7,0.1287929554106024,5,0.12709759684759678,6,0.12627311250840656,0,0.11071118587295051,1,15.9
9,6,1,False,1,0.6464087301587301,6,0.34470238095238104,8,0.008888888888888889,2,0.0,3,0.0,2,5.5
9,1,1,True,1,0.8378045688038618,8,0.06329112355079465,3,0.04679780039626314,7,0.0189521391900363,6,0.013322780566461627,1,0.0
9,2,2,True,2,0.5440985923464882,0,0.2245861836655684,1,0.08407774174346481,7,0.07167718663953267,6,0.04453347202185685,1,13.5
9,8,8,True,8,0.6528286574536574,6,0.21946736596736593,1,0.12770397657897653,2,0.0,3,0.0,1,19.5
9,8,6,False,6,0.204556388056388,9,0.1794286824286824,2,0.17263958263958254,7,0.1603256188256188,1,0.14485939060939057,10,9.9
9,6,1,False,1,0.8115000000000001,6,0.16983333333333334,5,0.018666666666666665,0,0.0,3,0.0,2,36.6
9,8,1,False,1,0.5964139488322511,8,0.3166323404312912,4,0.04510239015813456,6,0.04185132057832326,3,0.0,2,12.6
9,1,1,True,1,0.6246428571428572,6,0.35702380952380947,2,0.018333333333333333,0,0.0,3,0.0,1,38.9
9,2,2,True,2,0.47705424387274226,1,0.4152153282733779,0,0.10773042785387986,3,0.0,4,0.0,1,13.6
9,8,2,False,2,0.6238901830453687,1,0.23976646306909458,3,0.08140455764565671,6,0.05493879623987982,0,0.0,9,11.1
9,2,1,False,1,0.9890000000000001,6,0.011000000000000001,2,0.0,0,0.0,3,0.0,3,16.2
9,8,1,False,1,0.9657222222222223,2,0.01622222222222222,0,0.012472222222222223,8,0.005583333333333333,4,0.0,4,13.1
9,1,1,True,1,0.5964139488322511,8,0.3166323404312912,4,0.04510239015813456,6,0.04185132057832326,3,0.0,1,12.6
9,2,2,True,2,0.837551831630972,1,0.16244816836902767,0,0.0,3,0.0,4,0.0,1,7.9
10,5,0,False,0,0.7410663400926558,1,0.15940789916138207,8,0.09952576074596196,2,0.0,4,0.0,6,13.4
10,1,1,True,1,0.75,6,0.24,4,0.01,0,0.0,3,0.0,1,36.0
10,2,1,False,1,0.738988095238095,6,0.24244047619047612,2,0.009714285714285713,7,0.008857142857142857,3,0.0,3,27.2
10,5,7,False,7,0.3584523809523811,1,0.32192460317460325,2,0.3096230158730158,0,0.004,8,0.004,7,29.9
10,4,1,False,1,0.8475,5,0.12,0,0.025,2,0.0075,3,0.0,6,37.3
10,5,1,False,1,0.68,2,0.23335714285714285,0,0.05,7,0.020857142857142855,5,0.013357142857142859,5,42.1
10,7,1,False,1,0.8475,5,0.12,0,0.025,2,0.0075,3,0.0,8,37.3
10,7,7,True,7,0.6718333333333333,1,0.30216666666666664,6,0.01566666666666667,4,0.010333333333333332,3,0.0,1,32.3
10,7,4,False,4,0.3452737262737264,5,0.2359498556998556,2,0.21403352203352197,7,0.2047428959928959,3,0.0,4,41.9
10,4,2,False,2,0.7431309523809526,4,0.10799206349206349,7,0.07515079365079363,5,0.07372619047619047,3,0.0,2,42.0
10,4,1,False,1,0.5071712176712176,0,0.3227334332334331,2,0.1600953490953491,4,0.01,3,0.0,4,29.3
10,3,3,True,3,0.97,1,0.019714285714285715,4,0.010285714285714285,0,0.0,2,0.0,1,17.7
10,5,0,False,0,0.75,1,0.17,5,0.06,4,0.02,3,0.0,3,48.7
10,3,2,False,2,0.3556884993231742,1,0.3368085314668132,3,0.10509262344982158,5,0.10416155494831965,0,0.09824879081187125,3,16.9
10,3,1,False,1,0.8402309909394904,8,0.06424941049045718,3,0.044939887370480235,9,0.01604355232248306,7,0.0158041324513599,3,0.0
10,7,5,False,5,0.7,0,0.16,1,0.09,6,0.03,7,0.02,5,65.1
10,7,2,False,2,0.6230630207018799,0,0.16102271148718006,1,0.10974255910653782,5,0.03874062750473218,6,0.035623526843667895,6,13.5
10,0,2,False,2,0.5675162337662338,5,0.21399819624819616,1,0.2118189033189032,0,0.005,6,0.0016666666666666666,4,11.4
10,1,1,True,1,0.5594380680808702,5,0.1854102671064745,2,0.17926024358338583,8,0.0758914212292695,3,0.0,1,13.0
10,1,1,True,1,0.7902929292929288,2,0.20970707070707068,0,0.0,3,0.0,4,0.0,1,22.0
10,2,3,False,3,0.7129047619047618,5,0.28709523809523796,1,0.0,0,0.0,2,0.0,5,26.4
10,2,4,False,4,0.4625,1,0.4336666666666666,6,0.06808333333333333,5,0.035750000000000004,3,0.0,6,36.2
10,3,3,True,3,0.97,1,0.019714285714285715,4,0.010285714285714285,0,0.0,2,0.0,1,17.7
10,3,1,False,1,0.7346349206349204,7,0.2653650793650793,2,0.0,0,0.0,3,0.0,5,6.4
10,5,1,False,1,0.3012499999999999,2,0.24509523809523795,5,0.23186904761904756,7,0.2217857142857142,3,0.0,3,41.6
10,3,1,False,1,0.8402309909394904,8,0.06424941049045718,3,0.044939887370480235,9,0.01604355232248306,7,0.0158041324513599,3,0.0
10,4,6,False,6,0.514575396825397,0,0.25439682539682534,8,0.23102777777777772,2,0.0,3,0.0,6,30.0
10,3,1,False,1,0.8402309909394904,8,0.06424941049045718,3,0.044939887370480235,9,0.01604355232248306,7,0.0158041324513599,3,0.0
10,3,1,False,1,0.996,2,0.004,0,0.0,3,0.0,4,0.0,4,20.1
10,5,0,False,0,0.91,4,0.09,2,0.0,1,0.0,3,0.0,6,55.8
10,1,1,True,1,0.8402309909394904,8,0.06424941049045718,3,0.044939887370480235,9,0.01604355232248306,7,0.0158041324513599,1,0.0
10,5,1,False,1,0.8194414751914753,6,0.18055852480852475,2,0.0,0,0.0,3,0.0,7,15.1
10,5,1,False,1,0.5425,4,0.39166666666666666,8,0.04466666666666667,7,0.021166666666666667,3,0.0,7,29.5
10,5,5,True,5,0.6440952380952379,4,0.3459047619047617,0,0.01,1,0.0,3,0.0,1,44.6
10,1,5,False,5,0.64,1,0.24,7,0.06233333333333333,4,0.057666666666666665,3,0.0,2,52.0
10,0,1,False,1,0.5748100796262561,7,0.11725668204344672,3,0.11092821312674252,6,0.10382821182085883,5,0.0931768133826957,6,15.9
10,4,1,False,1,0.5359126984126985,0,0.46408730158730144,2,0.0,3,0.0,4,0.0,5,11.5
10,5,6,False,6,0.6,1,0.3,0,0.1,2,0.0,3,0.0,7,53.2
10,4,1,False,1,0.6161871184371184,6,0.18926190476190477,4,0.18455097680097676,2,0.01,3,0.0,3,25.5
10,4,1,False,1,1.0,0,0.0,2,0.0,3,0.0,4,0.0,5,21.3
10,1,1,True,1,0.8206666666666667,6,0.16933333333333334,5,0.01,0,0.0,3,0.0,1,37.9
10,7,1,False,1,0.8402309909394904,8,0.06424941049045718,3,0.044939887370480235,9,0.01604355232248306,7,0.0158041324513599,5,0.0
10,7,1,False,1,0.5305,8,0.4695,2,0.0,0,0.0,4,0.0,9,4.5
10,7,1,False,1,0.7836319130216186,7,0.11008884171384167,9,0.10627924526453934,2,0.0,3,0.0,2,4.7
10,7,1,False,1,0.7836319130216186,7,0.11008884171384167,9,0.10627924526453934,2,0.0,3,0.0,2,4.7
10,4,6,False,6,0.39832142857142855,4,0.31441666666666657,1,0.26976190476190476,7,0.0175,3,0.0,2,32.2
10,7,1,False,1,0.8402309909394904,8,0.06424941049045718,3,0.044939887370480235,9,0.01604355232248306,7,0.0158041324513599,5,0.0
10,6,1,False,1,0.9853333333333333,3,0.010666666666666666,8,0.004,0,0.0,4,0.0,7,2.1
10,6,1,False,1,0.6925039038505669,2,0.3074960961494332,0,0.0,3,0.0,4,0.0,7,7.8
10,1,2,False,2,0.6215476190476189,1,0.368452380952381,4,0.006666666666666666,5,0.003333333333333333,3,0.0,2,23.4
10,1,1,True,1,0.7902929292929288,2,0.20970707070707068,0,0.0,3,0.0,4,0.0,1,22.0
10,1,1,True,1,0.21844047619047616,4,0.20741269841269838,3,0.2025039682539682,6,0.1807698412698413,7,0.16087301587301586,1,23.2
10,1,1,True,1,0.6800182595182593,2,0.15838850038850033,4,0.15341142191142187,6,0.006363636363636364,8,0.0018181818181818182,1,28.4
10,1,1,True,1,0.815313492063492,6,0.18468650793650787,2,0.0,0,0.0,3,0.0,1,22.7
10,9,0,False,0,0.40786507936507943,1,0.20597222222222217,7,0.20242063492063486,8,0.1837420634920635,3,0.0,10,10.2
10,1,1,True,1,0.8402309909394904,8,0.06424941049045718,3,0.044939887370480235,9,0.01604355232248306,7,0.0158041324513599,1,0.0
10,1,1,True,1,0.8402309909394904,8,0.06424941049045718,3,0.044939887370480235,9,0.01604355232248306,7,0.0158041324513599,1,0.0
10,1,1,True,1,0.6016428571428573,7,0.3793571428571429,8,0.015,9,0.004,3,0.0,1,4.6
10,1,1,True,1,0.8402309909394904,8,0.06424941049045718,3,0.044939887370480235,9,0.01604355232248306,7,0.0158041324513599,1,0.0
10,1,1,True,1,0.21844047619047616,4,0.20741269841269838,3,0.2025039682539682,6,0.1807698412698413,7,0.16087301587301586,1,23.2
10,1,1,True,1,1.0,0,0.0,2,0.0,3,0.0,4,0.0,1,4.4
10,1,1,True,1,0.5755963203463204,6,0.2390140692640693,2,0.18038961038961035,7,0.005,3,0.0,1,4.1
10,1,1,True,1,0.8402309909394904,8,0.06424941049045718,3,0.044939887370480235,9,0.01604355232248306,7,0.0158041324513599,1,0.0
10,8,1,False,1,0.9925,6,0.0075,2,0.0,0,0.0,3,0.0,9,8.1
10,1,1,True,1,0.873698835151029,6,0.12630116484897072,2,0.0,0,0.0,3,0.0,1,3.8
10,1,1,True,1,0.8402309909394904,8,0.06424941049045718,3,0.044939887370480235,9,0.01604355232248306,7,0.0158041324513599,1,0.0
10,1,1,True,1,0.7161587301587301,6,0.2838412698412697,2,0.0,0,0.0,3,0.0,1,18.1
10,2,2,True,2,0.93,5,0.0525,3,0.0175,1,0.0,0,0.0,1,26.0
10,1,1,True,1,0.65,2,0.1971666666666666,7,0.15283333333333332,0,0.0,3,0.0,1,40.1
10,1,1,True,1,0.8077777777777776,3,0.19222222222222216,0,0.0,2,0.0,4,0.0,1,16.1
10,1,1,True,1,1.0,0,0.0,2,0.0,3,0.0,4,0.0,1,4.4
10,8,1,False,1,0.9925,6,0.0075,2,0.0,0,0.0,3,0.0,9,8.1
10,1,1,True,1,0.6158015873015872,2,0.19129545454545455,3,0.19123629148629145,6,0.0016666666666666666,0,0.0,1,17.4
10,1,1,True,1,0.8402309909394904,8,0.06424941049045718,3,0.044939887370480235,9,0.01604355232248306,7,0.0158041324513599,1,0.0
10,1,1,True,1,0.3585784272487058,7,0.19484994821140322,5,0.1769426317146905,4,0.1068298547427804,6,0.08513258082646624,1,5.3
10,6,1,False,1,0.6881547619047619,2,0.298095238095238,4,0.009166666666666667,5,0.004583333333333333,3,0.0,7,28.0
10,1,1,True,1,0.6757341269841269,4,0.22,2,0.058428571428571434,5,0.031206349206349206,8,0.014630952380952378,1,11.8
10,1,1,True,1,0.8402309909394904,8,0.06424941049045718,3,0.044939887370480235,9,0.01604355232248306,7,0.0158041324513599,1,0.0
10,1,2,False,2,0.5338333333333335,6,0.43616666666666654,1,0.025,4,0.005,3,0.0,3,29.1
10,1,1,True,1,0.6351550854882393,0,0.2944266497116946,8,0.07041826480006583,2,0.0,4,0.0,1,2.8
10,1,1,True,1,0.6351550854882393,0,0.2944266497116946,8,0.07041826480006583,2,0.0,4,0.0,1,2.8
10,1,1,True,1,0.40993001443001426,3,0.20560822510822505,8,0.205036075036075,9,0.17942568542568538,4,0.0,1,2.0
10,1,5,False,5,0.48306890331890345,0,0.26131024531024516,1,0.24876370851370852,2,0.006857142857142857,3,0.0,3,12.2
10,1,2,False,2,0.6080572154883299,1,0.15886589556814013,3,0.07957998936048469,6,0.07772061235118508,8,0.07577628723185997,2,11.1
10,1,7,False,7,0.6953333333333334,2,0.25466666666666654,1,0.025666666666666664,4,0.024333333333333335,3,0.0,3,29.6
10,1,1,True,1,0.8402309909394904,8,0.06424941049045718,3,0.044939887370480235,9,0.01604355232248306,7,0.0158041324513599,1,0.0
10,1,1,True,1,0.8402309909394904,8,0.06424941049045718,3,0.044939887370480235,9,0.01604355232248306,7,0.0158041324513599,1,0.0
10,1,1,True,1,0.8402309909394904,8,0.06424941049045718,3,0.044939887370480235,9,0.01604355232248306,7,0.0158041324513599,1,0.0
10,1,1,True,1,0.38279942279942275,0,0.22371500721500723,2,0.2224606782106782,5,0.17102489177489172,3,0.0,1,14.8
10,1,1,True,1,0.560952380952381,2,0.4390476190476191,0,0.0,3,0.0,4,0.0,1,18.5
10,1,1,True,1,0.8402309909394904,8,0.06424941049045718,3,0.044939887370480235,9,0.01604355232248306,7,0.0158041324513599,1,0.0
10,1,1,True,1,0.8402309909394904,8,0.06424941049045718,3,0.044939887370480235,9,0.01604355232248306,7,0.0158041324513599,1,0.0
10,1,1,True,1,0.9853333333333333,3,0.010666666666666666,8,0.004,0,0.0,4,0.0,1,2.1
10,1,1,True,1,0.8402309909394904,8,0.06424941049045718,3,0.044939887370480235,9,0.01604355232248306,7,0.0158041324513599,1,0.0
10,1,1,True,1,0.7713109668109668,2,0.22118903318903313,6,0.0075,0,0.0,3,0.0,1,16.2
10,2,2,True,2,0.62,1,0.38,0,0.0,3,0.0,4,0.0,1,21.8
10,1,1,True,1,0.5353333333333332,2,0.24910714285714278,6,0.21555952380952376,0,0.0,3,0.0,1,15.2
10,1,1,True,1,0.8402309909394904,8,0.06424941049045718,3,0.044939887370480235,9,0.01604355232248306,7,0.0158041324513599,1,0.0
10,1,1,True,1,0.73,6,0.13849999999999998,8,0.10149999999999998,2,0.03,3,0.0,1,10.7
10,6,1,False,1,0.5801666666666666,8,0.35849999999999993,2,0.03666666666666667,4,0.022666666666666665,0,0.002,7,24.3
10,2,2,True,2,0.61,4,0.23,6,0.12157142857142855,8,0.03842857142857143,3,0.0,1,31.4
10,1,1,True,1,0.4944603174603174,6,0.3367777777777778,0,0.16876190476190472,2,0.0,3,0.0,1,16.4
10,1,1,True,1,0.8402309909394904,8,0.06424941049045718,3,0.044939887370480235,9,0.01604355232248306,7,0.0158041324513599,1,0.0
10,1,7,False,7,0.3584523809523811,1,0.32192460317460325,2,0.3096230158730158,0,0.004,8,0.004,2,29.9
10,2,1,False,1,0.5365793650793651,7,0.2448373015873015,8,0.20608333333333329,0,0.0105,2,0.002,5,29.4
10,2,1,False,1,0.8340000000000001,7,0.166,2,0.0,0,0.0,3,0.0,3,9.6
10,1,1,True,1,0.8402309909394904,8,0.06424941049045718,3,0.044939887370480235,9,0.01604355232248306,7,0.0158041324513599,1,0.0
10,1,1,True,1,0.831880008880009,8,0.16811999111999107,2,0.0,0,0.0,4,0.0,1,7.0
10,1,1,True,1,0.9532380952380953,6,0.02814285714285714,2,0.01861904761904762,0,0.0,3,0.0,1,4.2
10,1,1,True,1,0.8402309909394904,8,0.06424941049045718,3,0.044939887370480235,9,0.01604355232248306,7,0.0158041324513599,1,0.0
10,1,1,True,1,0.9341568630028378,4,0.06584313699716175,2,0.0,0,0.0,3,0.0,1,3.3
10,1,1,True,1,0.8402309909394904,8,0.06424941049045718,3,0.044939887370480235,9,0.01604355232248306,7,0.0158041324513599,1,0.0
10,1,1,True,1,0.824317488067488,6,0.17568251193251197,2,0.0,0,0.0,3,0.0,1,8.0
10,1,6,False,6,0.514575396825397,0,0.25439682539682534,8,0.23102777777777772,2,0.0,3,0.0,8,30.0
10,1,1,True,1,1.0,0,0.0,2,0.0,3,0.0,4,0.0,1,3.6
10,6,1,False,1,0.8649365079365077,2,0.06880555555555556,6,0.0651468253968254,0,0.0011111111111111111,3,0.0,3,13.8
10,1,1,True,1,0.8194414751914753,6,0.18055852480852475,2,0.0,0,0.0,3,0.0,1,15.1
10,1,1,True,1,0.5736666666666667,7,0.4063333333333333,6,0.02,0,0.0,3,0.0,1,43.4
10,2,1,False,1,0.9463095238095239,2,0.038869047619047616,5,0.014821428571428572,0,0.0,3,0.0,2,31.9
10,1,2,False,2,0.4059999999999999,4,0.401636446886447,1,0.10452533577533579,7,0.03303907203907205,8,0.030748168498168506,3,24.8
10,2,2,True,2,0.5071017316017314,1,0.26311796536796533,5,0.22263744588744583,0,0.007142857142857142,3,0.0,1,14.2
10,1,1,True,1,0.7971953407826669,7,0.13395264864172174,0,0.06885201057561065,2,0.0,3,0.0,1,2.7
10,1,1,True,1,0.4977086108336107,5,0.26523792873792856,6,0.12082076257076249,2,0.11623269785769778,3,0.0,1,7.7
10,1,1,True,1,0.4018868908868907,3,0.39096941946941954,6,0.20714368964368954,0,0.0,2,0.0,1,17.0
10,1,2,False,2,0.8564872295431997,1,0.1435127704568,0,0.0,3,0.0,4,0.0,2,7.9
10,1,1,True,1,0.805337551337551,7,0.19466244866244856,2,0.0,0,0.0,3,0.0,1,6.5
10,1,1,True,1,0.5626190476190479,4,0.3819999999999999,6,0.05138095238095239,5,0.004,3,0.0,1,36.4
10,1,1,True,1,0.7317889610389612,3,0.25821103896103886,0,0.003333333333333333,6,0.003333333333333333,8,0.003333333333333333,1,21.4
10,1,1,True,1,0.8402309909394904,8,0.06424941049045718,3,0.044939887370480235,9,0.01604355232248306,7,0.0158041324513599,1,0.0
10,1,1,True,1,0.8402309909394904,8,0.06424941049045718,3,0.044939887370480235,9,0.01604355232248306,7,0.0158041324513599,1,0.0
10,1,1,True,1,0.8402309909394904,8,0.06424941049045718,3,0.044939887370480235,9,0.01604355232248306,7,0.0158041324513599,1,0.0
10,2,1,False,1,0.607057387057387,6,0.20591208791208782,2,0.16988766788766785,0,0.011428571428571429,5,0.005714285714285714,3,12.9
10,0,7,False,7,0.63,0,0.37,2,0.0,1,0.0,3,0.0,2,56.7
10,1,1,True,1,0.5445,2,0.36550000000000005,5,0.05333333333333333,6,0.03666666666666667,3,0.0,1,34.0
10,1,1,True,1,0.9341568630028378,4,0.06584313699716175,2,0.0,0,0.0,3,0.0,1,3.3
10,1,1,True,1,0.8402309909394904,8,0.06424941049045718,3,0.044939887370480235,9,0.01604355232248306,7,0.0158041324513599,1,0.0
10,1,1,True,1,0.8402309909394904,8,0.06424941049045718,3,0.044939887370480235,9,0.01604355232248306,7,0.0158041324513599,1,0.0
10,1,1,True,1,0.8402309909394904,8,0.06424941049045718,3,0.044939887370480235,9,0.01604355232248306,7,0.0158041324513599,1,0.0
10,1,1,True,1,0.5709285714285715,2,0.4290714285714285,0,0.0,3,0.0,4,0.0,1,20.0
10,1,1,True,1,0.6108286435786434,5,0.20814069264069268,9,0.18103066378066376,2,0.0,3,0.0,1,7.5
10,1,1,True,1,0.5027754051504051,6,0.385704143079143,3,0.11152045177045171,0,0.0,2,0.0,1,4.3
10,6,1,False,1,0.92,6,0.04,5,0.03,0,0.01,3,0.0,2,52.6
10,0,1,False,1,0.5122995223730519,2,0.37366666666666654,0,0.09898680241327298,8,0.015047008547008545,4,0.0,3,13.3
10,0,1,False,1,0.6471284858931918,7,0.13199138769727,9,0.11868023479788185,0,0.1021998916116563,3,0.0,4,11.0
10,1,8,False,8,0.5009642857142856,3,0.38832142857142854,6,0.052380952380952375,0,0.04833333333333334,2,0.01,6,21.6
10,1,1,True,1,0.5122995223730519,2,0.37366666666666654,0,0.09898680241327298,8,0.015047008547008545,4,0.0,1,13.3
10,1,4,False,4,0.36438492063492056,1,0.3390833333333333,7,0.2664126984126984,8,0.015357142857142856,5,0.01476190476190476,2,23.9
10,1,1,True,1,0.7641708846708845,6,0.11841946941946939,2,0.1174096459096459,0,0.0,3,0.0,1,20.3
10,1,1,True,1,1.0,0,0.0,2,0.0,3,0.0,4,0.0,1,3.6
10,1,1,True,1,0.8402309909394904,8,0.06424941049045718,3,0.044939887370480235,9,0.01604355232248306,7,0.0158041324513599,1,0.0
10,1,1,True,1,0.8402309909394904,8,0.06424941049045718,3,0.044939887370480235,9,0.01604355232248306,7,0.0158041324513599,1,0.0
10,6,6,True,6,0.4181706349206348,5,0.3169563492063491,1,0.26487301587301576,0,0.0,3,0.0,1,36.3
10,6,1,False,1,0.8402309909394904,8,0.06424941049045718,3,0.044939887370480235,9,0.01604355232248306,7,0.0158041324513599,6,0.0
10,6,0,False,0,0.46149999999999997,1,0.4273888888888888,2,0.06555555555555555,6,0.04555555555555555,3,0.0,4,15.0
10,1,1,True,1,0.97,5,0.02,6,0.005,0,0.005,3,0.0,1,37.1
10,1,1,True,1,0.8402309909394904,8,0.06424941049045718,3,0.044939887370480235,9,0.01604355232248306,7,0.0158041324513599,1,0.0
10,6,1,False,1,0.62,0,0.3,4,0.08,2,0.0,3,0.0,7,48.8
10,2,2,True,2,0.5298968253968257,1,0.46343650793650787,8,0.006666666666666666,0,0.0,4,0.0,1,30.9
10,1,1,True,1,0.8402309909394904,8,0.06424941049045718,3,0.044939887370480235,9,0.01604355232248306,7,0.0158041324513599,1,0.0
10,6,1,False,1,0.8402309909394904,8,0.06424941049045718,3,0.044939887370480235,9,0.01604355232248306,7,0.0158041324513599,6,0.0
10,1,6,False,6,0.6431349206349205,1,0.33671248196248194,8,0.012886363636363635,7,0.007266233766233766,3,0.0,2,5.5
10,1,1,True,1,0.7317889610389612,3,0.25821103896103886,0,0.003333333333333333,6,0.003333333333333333,8,0.003333333333333333,1,21.4
10,1,1,True,1,0.6233756840234294,6,0.17393031123353836,2,0.1350512172669764,8,0.06764278747605572,3,0.0,1,10.3
10,2,2,True,2,0.607079365079365,1,0.20174999999999998,5,0.1911706349206349,0,0.0,3,0.0,1,30.6
10,1,1,True,1,0.8402309909394904,8,0.06424941049045718,3,0.044939887370480235,9,0.01604355232248306,7,0.0158041324513599,1,0.0
10,1,1,True,1,0.6505190259087316,8,0.22070488090341026,9,0.12877609318785785,0,0.0,4,0.0,1,4.9
10,2,2,True,2,0.44547039072039074,1,0.4227917915417914,5,0.13173781773781773,0,0.0,3,0.0,1,17.9
10,2,2,True,2,0.7143333333333334,8,0.13583333333333333,1,0.132,4,0.009833333333333331,5,0.008,1,26.9
10,2,1,False,1,0.35092857142857137,7,0.33647619047619054,3,0.31259523809523804,0,0.0,2,0.0,5,26.6
10,2,1,False,1,0.8077777777777776,3,0.19222222222222216,0,0.0,2,0.0,4,0.0,4,16.1
10,1,1,True,1,0.8402309909394904,8,0.06424941049045718,3,0.044939887370480235,9,0.01604355232248306,7,0.0158041324513599,1,0.0
10,1,1,True,1,0.8402309909394904,8,0.06424941049045718,3,0.044939887370480235,9,0.01604355232248306,7,0.0158041324513599,1,0.0
10,1,5,False,5,0.35850000000000015,1,0.325345238095238,6,0.3161547619047618,0,0.0,3,0.0,2,20.7
10,1,1,True,1,0.8402309909394904,8,0.06424941049045718,3,0.044939887370480235,9,0.01604355232248306,7,0.0158041324513599,1,0.0
10,1,1,True,1,0.8402309909394904,8,0.06424941049045718,3,0.044939887370480235,9,0.01604355232248306,7,0.0158041324513599,1,0.0
10,1,1,True,1,0.7562420634920638,6,0.17809920634920637,7,0.06565873015873015,0,0.0,3,0.0,1,34.5
10,9,1,False,1,0.44105127535003696,8,0.37144923587764145,0,0.09482430228869855,6,0.092675186483623,3,0.0,10,5.6
10,1,1,True,1,0.7491150793650792,3,0.2508849206349206,0,0.0,2,0.0,4,0.0,1,16.8
10,1,1,True,1,0.8402309909394904,8,0.06424941049045718,3,0.044939887370480235,9,0.01604355232248306,7,0.0158041324513599,1,0.0
10,2,2,True,2,0.42417139804639803,0,0.30979545454545454,8,0.14693586968586966,1,0.11909727772227771,4,0.0,1,13.2
10,1,1,True,1,0.8402309909394904,8,0.06424941049045718,3,0.044939887370480235,9,0.01604355232248306,7,0.0158041324513599,1,0.0
10,1,1,True,1,0.8402309909394904,8,0.06424941049045718,3,0.044939887370480235,9,0.01604355232248306,7,0.0158041324513599,1,0.0
10,1,1,True,1,0.5227819402819402,4,0.18755394605394599,5,0.14906371406371405,2,0.1406003996003996,3,0.0,1,21.1
10,1,1,True,1,0.8402309909394904,8,0.06424941049045718,3,0.044939887370480235,9,0.01604355232248306,7,0.0158041324513599,1,0.0
10,1,1,True,1,0.8402309909394904,8,0.06424941049045718,3,0.044939887370480235,9,0.01604355232248306,7,0.0158041324513599,1,0.0
10,0,4,False,4,0.64,0,0.35,7,0.01,1,0.0,3,0.0,2,55.5
10,1,1,True,1,0.8402309909394904,8,0.06424941049045718,3,0.044939887370480235,9,0.01604355232248306,7,0.0158041324513599,1,0.0
10,1,1,True,1,0.8402309909394904,8,0.06424941049045718,3,0.044939887370480235,9,0.01604355232248306,7,0.0158041324513599,1,0.0
10,1,1,True,1,0.8402309909394904,8,0.06424941049045718,3,0.044939887370480235,9,0.01604355232248306,7,0.0158041324513599,1,0.0
10,2,2,True,2,0.6,1,0.22933333333333333,6,0.16233333333333333,4,0.008333333333333333,3,0.0,1,32.1
10,1,1,True,1,1.0,0,0.0,2,0.0,3,0.0,4,0.0,1,21.9
10,1,1,True,1,0.8402309909394904,8,0.06424941049045718,3,0.044939887370480235,9,0.01604355232248306,7,0.0158041324513599,1,0.0
10,0,2,False,2,0.6230630207018799,0,0.16102271148718006,1,0.10974255910653782,5,0.03874062750473218,6,0.035623526843667895,2,13.5
10,1,1,True,1,0.8402309909394904,8,0.06424941049045718,3,0.044939887370480235,9,0.01604355232248306,7,0.0158041324513599,1,0.0
10,0,2,False,2,0.6230630207018799,0,0.16102271148718006,1,0.10974255910653782,5,0.03874062750473218,6,0.035623526843667895,2,13.5
10,8,1,False,1,0.8402309909394904,8,0.06424941049045718,3,0.044939887370480235,9,0.01604355232248306,7,0.0158041324513599,2,0.0
10,1,1,True,1,0.8402309909394904,8,0.06424941049045718,3,0.044939887370480235,9,0.01604355232248306,7,0.0158041324513599,1,0.0
10,1,1,True,1,0.8402309909394904,8,0.06424941049045718,3,0.044939887370480235,9,0.01604355232248306,7,0.0158041324513599,1,0.0
10,1,1,True,1,0.8402309909394904,8,0.06424941049045718,3,0.044939887370480235,9,0.01604355232248306,7,0.0158041324513599,1,0.0
10,1,1,True,1,0.8402309909394904,8,0.06424941049045718,3,0.044939887370480235,9,0.01604355232248306,7,0.0158041324513599,1,0.0
10,8,1,False,1,0.8402309909394904,8,0.06424941049045718,3,0.044939887370480235,9,0.01604355232248306,7,0.0158041324513599,2,0.0
10,1,1,True,1,1.0,0,0.0,2,0.0,3,0.0,4,0.0,1,3.2
10,1,2,False,2,0.3208073038073037,1,0.2850250860250859,8,0.2083097458097457,4,0.18585786435786428,3,0.0,2,26.2
10,8,1,False,1,0.3796327838827837,8,0.3299178876678875,7,0.1606205738705739,6,0.1298287545787546,3,0.0,2,2.2
10,1,1,True,1,0.99,2,0.006666666666666666,3,0.003333333333333333,0,0.0,4,0.0,1,18.9
10,1,1,True,1,0.8402309909394904,8,0.06424941049045718,3,0.044939887370480235,9,0.01604355232248306,7,0.0158041324513599,1,0.0
10,1,1,True,1,0.8402309909394904,8,0.06424941049045718,3,0.044939887370480235,9,0.01604355232248306,7,0.0158041324513599,1,0.0
10,1,1,True,1,0.7116043334460516,6,0.10080536843617338,7,0.09696537161668738,4,0.09062492650108749,3,0.0,1,6.7
10,1,1,True,1,0.8402309909394904,8,0.06424941049045718,3,0.044939887370480235,9,0.01604355232248306,7,0.0158041324513599,1,0.0
10,1,1,True,1,0.8402309909394904,8,0.06424941049045718,3,0.044939887370480235,9,0.01604355232248306,7,0.0158041324513599,1,0.0
10,0,1,False,1,0.4945952380952381,6,0.3714285714285714,9,0.07195238095238095,2,0.05202380952380953,7,0.01,8,14.5
10,2,1,False,1,0.7015396825396826,6,0.2659087301587302,7,0.032551587301587304,0,0.0,3,0.0,6,34.4
10,6,1,False,1,0.9925,6,0.0075,2,0.0,0,0.0,3,0.0,2,8.1
10,1,1,True,1,0.873698835151029,6,0.12630116484897072,2,0.0,0,0.0,3,0.0,1,3.8
10,1,1,True,1,0.8402309909394904,8,0.06424941049045718,3,0.044939887370480235,9,0.01604355232248306,7,0.0158041324513599,1,0.0
10,1,1,True,1,0.8402309909394904,8,0.06424941049045718,3,0.044939887370480235,9,0.01604355232248306,7,0.0158041324513599,1,0.0
10,1,1,True,1,0.34365873015873016,4,0.34274603174603163,2,0.30759523809523803,0,0.006,3,0.0,1,12.0
10,1,8,False,8,0.5009642857142856,3,0.38832142857142854,6,0.052380952380952375,0,0.04833333333333334,2,0.01,6,21.6
10,1,1,True,1,0.8402309909394904,8,0.06424941049045718,3,0.044939887370480235,9,0.01604355232248306,7,0.0158041324513599,1,0.0
10,8,1,False,1,0.7971953407826669,7,0.13395264864172174,0,0.06885201057561065,2,0.0,3,0.0,9,2.7
10,1,1,True,1,0.93,4,0.05,6,0.0175,5,0.0025,3,0.0,1,36.1
10,1,1,True,1,0.27881746031746024,0,0.24481746031746027,5,0.2364801587301587,6,0.23121825396825396,2,0.008666666666666666,1,12.8
10,6,1,False,1,0.7836319130216186,7,0.11008884171384167,9,0.10627924526453934,2,0.0,3,0.0,9,4.7
10,6,1,False,1,0.5305,8,0.4695,2,0.0,0,0.0,4,0.0,7,4.5
10,1,5,False,5,0.58,1,0.42,2,0.0,0,0.0,3,0.0,2,37.2
10,1,2,False,2,0.41259035409035405,1,0.3909029304029304,5,0.1965067155067154,0,0.0,3,0.0,2,31.8
10,1,1,True,1,0.6062376845522587,8,0.3127173063577893,6,0.046486174740468206,4,0.034558834349483626,3,0.0,1,12.6
10,1,1,True,1,0.6062376845522587,8,0.3127173063577893,6,0.046486174740468206,4,0.034558834349483626,3,0.0,1,12.6
10,1,6,False,6,0.7,7,0.16666666666666663,1,0.13333333333333333,0,0.0,3,0.0,3,43.3
10,1,5,False,5,0.6,1,0.2024047619047619,2,0.19426190476190477,8,0.003333333333333333,3,0.0,2,31.0
10,8,1,False,1,0.6925039038505669,2,0.3074960961494332,0,0.0,3,0.0,4,0.0,9,7.8
10,8,1,False,1,0.6351550854882393,0,0.2944266497116946,8,0.07041826480006583,2,0.0,4,0.0,3,2.8
10,1,1,True,1,0.5980753413253412,2,0.14157453657453656,6,0.13534254634254633,5,0.12500757575757576,3,0.0,1,9.1
10,1,1,True,1,0.5709285714285715,2,0.4290714285714285,0,0.0,3,0.0,4,0.0,1,20.0
10,0,7,False,7,0.43199999999999994,4,0.40800000000000003,2,0.11,5,0.05,3,0.0,7,51.5
10,1,8,False,8,0.33705555555555544,7,0.3209166666666667,6,0.29702777777777767,1,0.04,0,0.005,4,45.9
10,1,1,True,1,0.7641708846708845,6,0.11841946941946939,2,0.1174096459096459,0,0.0,3,0.0,1,20.3
10,1,1,True,1,0.8402309909394904,8,0.06424941049045718,3,0.044939887370480235,9,0.01604355232248306,7,0.0158041324513599,1,0.0
10,6,5,False,5,0.48306890331890345,0,0.26131024531024516,1,0.24876370851370852,2,0.006857142857142857,3,0.0,7,12.2
10,6,1,False,1,0.337313492063492,0,0.25113095238095234,5,0.21509126984126972,2,0.19646428571428567,3,0.0,7,37.4
10,2,2,True,2,0.8564872295431997,1,0.1435127704568,0,0.0,3,0.0,4,0.0,1,7.9
10,1,5,False,5,0.45849999999999996,7,0.43150000000000005,1,0.095,4,0.015,3,0.0,3,40.5
10,1,1,True,1,0.6062376845522587,8,0.3127173063577893,6,0.046486174740468206,4,0.034558834349483626,3,0.0,1,12.6
10,1,1,True,1,0.8402309909394904,8,0.06424941049045718,3,0.044939887370480235,9,0.01604355232248306,7,0.0158041324513599,1,0.0
10,8,1,False,1,0.8299516594516595,8,0.16879834054834053,6,0.00125,2,0.0,3,0.0,2,19.6
10,2,2,True,2,0.8564872295431997,1,0.1435127704568,0,0.0,3,0.0,4,0.0,1,7.9
10,8,1,False,1,0.6062376845522587,8,0.3127173063577893,6,0.046486174740468206,4,0.034558834349483626,3,0.0,2,12.6
10,2,2,True,2,0.8564872295431997,1,0.1435127704568,0,0.0,3,0.0,4,0.0,1,7.9
10,8,8,True,8,0.48420504495504496,1,0.3469962537462537,6,0.16879870129870123,2,0.0,3,0.0,1,17.2
10,8,1,False,1,0.9925,6,0.0075,2,0.0,0,0.0,3,0.0,9,8.1
10,1,1,True,1,0.6793333333333332,5,0.17666666666666667,7,0.11333333333333333,4,0.030666666666666665,3,0.0,1,40.4
10,8,8,True,8,0.5207182934025039,6,0.24862268433321055,1,0.23065902226428536,2,0.0,3,0.0,1,19.5
10,1,1,True,1,0.97,5,0.02,6,0.005,0,0.005,3,0.0,1,37.1
10,8,1,False,1,0.46721536796536806,6,0.3696204906204906,2,0.16316414141414132,0,0.0,3,0.0,9,15.8
10,8,0,False,0,0.40786507936507943,1,0.20597222222222217,7,0.20242063492063486,8,0.1837420634920635,3,0.0,4,10.2
10,1,2,False,2,0.4694751914751915,1,0.3318437395937395,7,0.19868106893106888,0,0.0,3,0.0,2,22.9
