fold,true_cluster,predicted_cluster,correct,top1_cluster,top1_confidence,top2_cluster,top2_confidence,top3_cluster,top3_confidence,top4_cluster,top4_confidence,top5_cluster,top5_confidence,true_rank,elevation_gain
1,0,0,True,0,0.3215748416801019,2,0.27058280946369156,3,0.1921624818709505,6,0.17789602506294208,1,0.03778384192231392,1,47.0
1,4,1,False,1,0.7963352601928425,4,0.1011828016072201,6,0.06924842091727329,3,0.016749960135600393,0,0.016483557147063666,2,0.0
1,3,2,False,2,0.3416386815077654,0,0.2879475659019641,3,0.15534238400955322,6,0.1355310092429219,5,0.07954035933779505,3,57.0
1,4,1,False,1,0.5504709087848911,2,0.1582301605899869,6,0.14813998405377457,4,0.051288070554226815,3,0.048009999807038434,4,18.0
1,0,3,False,3,0.3476376368729309,0,0.2633533019268313,2,0.2581053497156438,6,0.13090371148459382,1,0.0,2,70.0
1,0,2,False,2,0.3415532375466922,3,0.1865567144357862,6,0.18158145421493432,0,0.17349313479852582,1,0.11681545900406104,4,51.0
1,6,2,False,2,0.4680036075036075,1,0.4080465367965365,3,0.12394985569985567,0,0.0,4,0.0,7,12.0
1,0,2,False,2,0.3416386815077654,0,0.2879475659019641,3,0.15534238400955322,6,0.1355310092429219,5,0.07954035933779505,2,57.0
1,1,1,True,1,0.7963352601928425,4,0.1011828016072201,6,0.06924842091727329,3,0.016749960135600393,0,0.016483557147063666,1,0.0
1,2,0,False,0,0.5512892213995155,6,0.4487107786004845,2,0.0,1,0.0,3,0.0,3,61.0
1,2,3,False,3,0.7879555722055716,2,0.21204442779442775,1,0.0,0,0.0,4,0.0,2,91.0
1,6,3,False,3,0.3408742784992784,2,0.32608423520923524,0,0.184783189033189,6,0.14825829725829723,1,0.0,4,73.0
1,6,1,False,1,0.46979673323752236,2,0.3333627198824567,6,0.19684054688002062,0,0.0,3,0.0,3,8.0
1,2,3,False,3,0.537205266955267,0,0.23122691197691198,6,0.22899206349206339,2,0.002575757575757576,1,0.0,4,77.0
1,6,6,True,6,0.6501857170607169,1,0.349814282939283,2,0.0,0,0.0,3,0.0,1,3.0
1,3,3,True,3,1.0,0,0.0,1,0.0,2,0.0,4,0.0,1,152.0
1,3,3,True,3,0.5713641636141636,6,0.15965112665112663,2,0.14121692196692195,0,0.12776778776778774,1,0.0,1,84.0
1,3,3,True,3,1.0,0,0.0,1,0.0,2,0.0,4,0.0,1,147.0
1,3,2,False,2,0.5512970072545721,3,0.30241066223215557,6,0.146292330513272,1,0.0,0,0.0,2,39.0
1,3,0,False,0,0.31426978087272195,2,0.3044572976043563,6,0.29339876136934945,3,0.0878741601535719,1,0.0,4,46.0
1,3,3,True,3,0.3327800683148981,6,0.25992513575176096,0,0.24412294241705998,2,0.16317185351628066,1,0.0,1,68.0
1,1,2,False,2,0.5476622589948006,1,0.2774381747587898,0,0.11459988676501996,4,0.06029967948138966,3,0.0,2,16.0
1,2,2,True,2,0.5512970072545721,3,0.30241066223215557,6,0.146292330513272,1,0.0,0,0.0,1,39.0
1,1,1,True,1,0.5475498669922382,6,0.3011168931500739,2,0.15133323985768796,0,0.0,3,0.0,1,9.0
1,1,2,False,2,0.4586122190185489,0,0.2740643784675113,3,0.10023400952556956,6,0.08909719223657837,5,0.07799220075179154,6,31.0
1,1,1,True,1,0.7963352601928425,4,0.1011828016072201,6,0.06924842091727329,3,0.016749960135600393,0,0.016483557147063666,1,0.0
1,1,2,False,2,0.35938242721380753,0,0.34931395305735724,6,0.09879456634584508,3,0.09678511073686734,1,0.09572394264612258,5,36.0
1,1,1,True,1,0.5504709087848911,2,0.1582301605899869,6,0.14813998405377457,4,0.051288070554226815,3,0.048009999807038434,1,18.0
1,1,2,False,2,0.4680036075036075,1,0.4080465367965365,3,0.12394985569985567,0,0.0,4,0.0,2,12.0
1,3,3,True,3,1.0,0,0.0,1,0.0,2,0.0,4,0.0,1,85.0
1,0,2,False,2,0.49576190476190485,3,0.26956349206349195,6,0.23467460317460315,1,0.0,0,0.0,5,89.0
1,2,3,False,3,0.3446201298701297,0,0.3160454545454544,2,0.18341738816738815,6,0.15591702741702743,1,0.0,3,96.0
1,2,2,True,2,0.3451437416212957,1,0.29353723924853947,0,0.18186660291033352,3,0.09122984510329708,6,0.08822257111653395,1,26.0
1,2,3,False,3,0.7391337845161372,2,0.25586621548386246,0,0.003,6,0.002,1,0.0,2,81.0
1,2,2,True,2,0.3451437416212957,1,0.29353723924853947,0,0.18186660291033352,3,0.09122984510329708,6,0.08822257111653395,1,26.0
1,0,3,False,3,0.5290138195138194,2,0.23582523032523026,0,0.14155029692529691,6,0.09361065323565322,1,0.0,3,48.0
1,2,2,True,2,0.49576190476190485,3,0.26956349206349195,6,0.23467460317460315,1,0.0,0,0.0,1,89.0
1,2,1,False,1,0.4344534526048626,2,0.25976421897899876,6,0.2043632694185459,4,0.10141905899759245,3,0.0,2,20.0
1,2,3,False,3,0.35604566106136404,0,0.339738362819149,6,0.17235538931665847,2,0.13186058680282786,1,0.0,4,40.0
1,3,3,True,3,0.7568668831168829,6,0.2431331168831167,1,0.0,0,0.0,2,0.0,1,87.0
1,1,1,True,1,0.7963352601928425,4,0.1011828016072201,6,0.06924842091727329,3,0.016749960135600393,0,0.016483557147063666,1,0.0
1,0,1,False,1,0.5504709087848911,2,0.1582301605899869,6,0.14813998405377457,4,0.051288070554226815,3,0.048009999807038434,6,18.0
1,3,3,True,3,1.0,0,0.0,1,0.0,2,0.0,4,0.0,1,147.0
1,6,0,False,0,0.4184858466696702,3,0.2706585310114721,5,0.15759741728859364,2,0.07892592293327585,6,0.07433228209698793,5,75.0
1,6,6,True,6,0.38647176151162205,1,0.3074485569470088,4,0.16109724945676945,2,0.1449824320845992,3,0.0,1,11.0
1,0,0,True,0,0.4107005485559294,3,0.21968718475852664,2,0.1596940494277114,6,0.14292692499727422,1,0.06699129226055799,1,58.0
1,0,2,False,2,0.5476622589948006,1,0.2774381747587898,0,0.11459988676501996,4,0.06029967948138966,3,0.0,3,16.0
1,6,6,True,6,0.6501857170607169,1,0.349814282939283,2,0.0,0,0.0,3,0.0,1,3.0
1,1,1,True,1,0.7963352601928425,4,0.1011828016072201,6,0.06924842091727329,3,0.016749960135600393,0,0.016483557147063666,1,0.0
1,6,2,False,2,0.5476622589948006,1,0.2774381747587898,0,0.11459988676501996,4,0.06029967948138966,3,0.0,7,16.0
1,6,3,False,3,0.39289087268902845,2,0.3558338474783319,0,0.1865381722848576,1,0.06473710754778192,4,0.0,7,52.0
1,2,2,True,2,0.3416386815077654,0,0.2879475659019641,3,0.15534238400955322,6,0.1355310092429219,5,0.07954035933779505,1,57.0
1,3,3,True,3,1.0,0,0.0,1,0.0,2,0.0,4,0.0,1,137.0
1,3,2,False,2,0.38312737262737256,3,0.38015698190698194,6,0.12424755799755799,5,0.1124680874680874,0,0.0,2,67.0
1,3,2,False,2,0.3049071042476614,3,0.2997390905448178,0,0.297512269120628,6,0.09784153608689213,1,0.0,2,41.0
1,3,3,True,3,0.9866666666666666,2,0.013333333333333332,1,0.0,0,0.0,4,0.0,1,117.0
1,3,3,True,3,0.40623820129818566,2,0.30932181784503754,6,0.10133315351659002,4,0.09269743427367262,0,0.09040939306651376,1,74.0
1,3,3,True,3,0.5713641636141636,6,0.15965112665112663,2,0.14121692196692195,0,0.12776778776778774,1,0.0,1,84.0
1,3,3,True,3,1.0,0,0.0,1,0.0,2,0.0,4,0.0,1,85.0
1,3,0,False,0,0.4107005485559294,3,0.21968718475852664,2,0.1596940494277114,6,0.14292692499727422,1,0.06699129226055799,2,58.0
1,3,1,False,1,0.5081014878224629,6,0.24791348980396957,0,0.08637972987624687,2,0.07917829040584458,5,0.07842700209147577,6,10.0
1,2,2,True,2,0.48179982402507987,0,0.1931018395698466,6,0.1418426801470615,3,0.11899221781269834,1,0.0642634384453135,1,35.0
1,0,0,True,0,0.4870798763070435,3,0.19353057090827985,2,0.16378326532428691,6,0.15560628746038957,1,0.0,1,50.0
1,1,1,True,1,0.7963352601928425,4,0.1011828016072201,6,0.06924842091727329,3,0.016749960135600393,0,0.016483557147063666,1,0.0
1,3,3,True,3,1.0,0,0.0,1,0.0,2,0.0,4,0.0,1,167.0
1,0,3,False,3,0.4372552978067683,2,0.31287227005880247,0,0.24987243213442897,1,0.0,4,0.0,3,64.0
1,1,1,True,1,0.45695604477222146,6,0.31627929097046736,2,0.12571137196137194,0,0.1010532922959393,3,0.0,1,4.0
1,1,1,True,1,0.7963352601928425,4,0.1011828016072201,6,0.06924842091727329,3,0.016749960135600393,0,0.016483557147063666,1,0.0
1,1,1,True,1,0.3723004100732426,6,0.25807044907277094,4,0.16149483918214558,2,0.1313405518200409,0,0.07679374985179938,1,5.0
1,0,2,False,2,0.45678869380533454,0,0.23944157064126093,6,0.1492820460842906,3,0.07781390479145894,5,0.07667378467765462,2,53.0
1,6,1,False,1,0.4754812813680088,6,0.2880146423736743,2,0.09026869254980367,0,0.07490343511426426,5,0.07133194859424834,2,7.0
1,2,1,False,1,0.4344534526048626,2,0.25976421897899876,6,0.2043632694185459,4,0.10141905899759245,3,0.0,2,20.0
1,2,2,True,2,0.6902444083694081,1,0.20990598290598278,4,0.09984960872460868,0,0.0,3,0.0,1,14.0
1,2,2,True,2,0.46968014635135946,6,0.2182086080354819,0,0.1875807978334145,1,0.0682281001962832,4,0.056302347583460845,1,23.0
1,2,2,True,2,0.5476622589948006,1,0.2774381747587898,0,0.11459988676501996,4,0.06029967948138966,3,0.0,1,16.0
1,0,3,False,3,0.39289087268902845,2,0.3558338474783319,0,0.1865381722848576,1,0.06473710754778192,4,0.0,3,52.0
1,2,0,False,0,0.5512892213995155,6,0.4487107786004845,2,0.0,1,0.0,3,0.0,3,61.0
1,2,0,False,0,0.3215748416801019,2,0.27058280946369156,3,0.1921624818709505,6,0.17789602506294208,1,0.03778384192231392,2,47.0
1,2,2,True,2,0.3049071042476614,3,0.2997390905448178,0,0.297512269120628,6,0.09784153608689213,1,0.0,1,41.0
1,3,3,True,3,0.9833333333333333,6,0.016666666666666666,1,0.0,0,0.0,2,0.0,1,110.0
1,3,3,True,3,0.532,5,0.4679999999999999,1,0.0,0,0.0,2,0.0,1,105.0
1,5,3,False,3,0.599547385620915,2,0.20352533251062646,5,0.09848528105881042,0,0.09844200080964784,1,0.0,3,78.0
1,2,2,True,2,0.4426749680544575,1,0.2757756854097907,6,0.22447416617152854,5,0.0570751803642233,3,0.0,1,17.0
1,2,3,False,3,0.6595560828060827,0,0.21427874902874894,2,0.1261651681651681,1,0.0,4,0.0,3,76.0
1,2,0,False,0,0.5512892213995155,6,0.4487107786004845,2,0.0,1,0.0,3,0.0,3,61.0
1,2,0,False,0,0.4090765847705039,6,0.35669214605558663,2,0.23423126917390938,1,0.0,3,0.0,3,55.0
1,1,1,True,1,0.7963352601928425,4,0.1011828016072201,6,0.06924842091727329,3,0.016749960135600393,0,0.016483557147063666,1,0.0
1,6,3,False,3,0.7391337845161372,2,0.25586621548386246,0,0.003,6,0.002,1,0.0,4,81.0
1,6,2,False,2,0.3416386815077654,0,0.2879475659019641,3,0.15534238400955322,6,0.1355310092429219,5,0.07954035933779505,4,57.0
1,6,2,False,2,0.45678869380533454,0,0.23944157064126093,6,0.1492820460842906,3,0.07781390479145894,5,0.07667378467765462,3,53.0
1,6,1,False,1,0.5475498669922382,6,0.3011168931500739,2,0.15133323985768796,0,0.0,3,0.0,2,9.0
1,6,1,False,1,0.4754812813680088,6,0.2880146423736743,2,0.09026869254980367,0,0.07490343511426426,5,0.07133194859424834,2,7.0
1,0,2,False,2,0.4511317929912628,3,0.38959514411531837,6,0.09090721898500533,0,0.06836584390841355,1,0.0,4,43.0
1,6,0,False,0,0.31426978087272195,2,0.3044572976043563,6,0.29339876136934945,3,0.0878741601535719,1,0.0,3,46.0
1,6,1,False,1,0.45695604477222146,6,0.31627929097046736,2,0.12571137196137194,0,0.1010532922959393,3,0.0,2,4.0
1,3,3,True,3,0.599547385620915,2,0.20352533251062646,5,0.09848528105881042,0,0.09844200080964784,1,0.0,1,78.0
1,3,3,True,3,0.570031746031746,2,0.2561944444444444,0,0.16877380952380952,6,0.005,1,0.0,1,99.0
1,4,2,False,2,0.5476622589948006,1,0.2774381747587898,0,0.11459988676501996,4,0.06029967948138966,3,0.0,4,16.0
1,3,3,True,3,0.35604566106136404,0,0.339738362819149,6,0.17235538931665847,2,0.13186058680282786,1,0.0,1,40.0
1,3,3,True,3,1.0,0,0.0,1,0.0,2,0.0,4,0.0,1,118.0
1,3,3,True,3,0.4260906315906317,6,0.20731421356421353,0,0.1976835664335664,2,0.16891158841158838,1,0.0,1,80.0
1,1,1,True,1,0.3723004100732426,6,0.25807044907277094,4,0.16149483918214558,2,0.1313405518200409,0,0.07679374985179938,1,5.0
1,0,6,False,6,0.5521957813428403,0,0.2271027289703759,2,0.2107014896867838,5,0.01,3,0.0,2,29.0
1,2,2,True,2,0.333376436664396,6,0.27861797543963046,3,0.1940526014524803,0,0.19395298644349313,1,0.0,1,62.0
1,3,3,True,3,1.0,0,0.0,1,0.0,2,0.0,4,0.0,1,111.0
1,1,1,True,1,0.31304869648755085,5,0.20301110306102566,2,0.18026991369483622,6,0.17478746193606873,4,0.12888282482051827,1,25.0
1,0,3,False,3,0.35604566106136404,0,0.339738362819149,6,0.17235538931665847,2,0.13186058680282786,1,0.0,2,40.0
1,3,3,True,3,0.6595560828060827,0,0.21427874902874894,2,0.1261651681651681,1,0.0,4,0.0,1,76.0
1,3,0,False,0,0.87,3,0.10297802197802199,2,0.02702197802197802,1,0.0,4,0.0,2,92.0
1,1,2,False,2,0.34297917341549455,1,0.26704154514273526,0,0.150294741428554,6,0.14059327542969566,4,0.09909126458352008,2,19.0
1,0,3,False,3,0.4652587412587412,0,0.42819318181818183,2,0.10654807692307687,1,0.0,4,0.0,2,42.0
1,2,0,False,0,0.5491599207391374,6,0.22774295939324876,2,0.08372133009749108,3,0.0731633198373843,1,0.06621246993273845,3,45.0
1,0,0,True,0,0.4821622202187216,2,0.35669932531348925,3,0.08857918715271654,1,0.07255926731507226,4,0.0,1,44.0
1,1,2,False,2,0.5476622589948006,1,0.2774381747587898,0,0.11459988676501996,4,0.06029967948138966,3,0.0,2,16.0
1,2,0,False,0,0.7350890498390497,3,0.26491095016095,1,0.0,2,0.0,4,0.0,4,37.0
1,2,1,False,1,0.30154342879342866,2,0.29005500055500044,0,0.14723770673770675,3,0.1313432955932956,6,0.1298205683205683,2,30.0
1,2,2,True,2,0.4426749680544575,1,0.2757756854097907,6,0.22447416617152854,5,0.0570751803642233,3,0.0,1,17.0
1,2,2,True,2,0.4680036075036075,1,0.4080465367965365,3,0.12394985569985567,0,0.0,4,0.0,1,12.0
1,2,2,True,2,0.3415532375466922,3,0.1865567144357862,6,0.18158145421493432,0,0.17349313479852582,1,0.11681545900406104,1,51.0
1,3,3,True,3,0.4260906315906317,6,0.20731421356421353,0,0.1976835664335664,2,0.16891158841158838,1,0.0,1,80.0
1,5,1,False,1,0.4344534526048626,2,0.25976421897899876,6,0.2043632694185459,4,0.10141905899759245,3,0.0,7,20.0
1,5,3,False,3,0.7566563550828255,2,0.24334364491717428,1,0.0,0,0.0,4,0.0,6,86.0
1,0,0,True,0,0.3188166534188205,3,0.3145125289657023,2,0.1778942929275746,1,0.09705122182598963,6,0.09172530286191277,1,33.0
1,0,2,False,2,0.4958520825243468,6,0.16170829657360483,0,0.14504196614396492,3,0.1255829592346451,4,0.07181469552343826,3,54.0
1,1,1,True,1,0.7963352601928425,4,0.1011828016072201,6,0.06924842091727329,3,0.016749960135600393,0,0.016483557147063666,1,0.0
1,6,1,False,1,0.30154342879342866,2,0.29005500055500044,0,0.14723770673770675,3,0.1313432955932956,6,0.1298205683205683,5,30.0
1,6,3,False,3,0.5290138195138194,2,0.23582523032523026,0,0.14155029692529691,6,0.09361065323565322,1,0.0,4,48.0
1,1,2,False,2,0.5512970072545721,3,0.30241066223215557,6,0.146292330513272,1,0.0,0,0.0,4,39.0
1,0,3,False,3,0.4373680298459711,6,0.3596417871344341,0,0.10780365304630006,2,0.09518652997329465,1,0.0,3,38.0
1,3,3,True,3,0.4652587412587412,0,0.42819318181818183,2,0.10654807692307687,1,0.0,4,0.0,1,42.0
1,6,2,False,2,0.3808326182431208,1,0.27387721328229797,6,0.18042123211587457,0,0.10456548744450879,5,0.060303448914197325,3,21.0
1,0,3,False,3,0.4373680298459711,6,0.3596417871344341,0,0.10780365304630006,2,0.09518652997329465,1,0.0,3,38.0
1,3,3,True,3,0.5041597678207587,6,0.2383616367722405,2,0.17505574744313127,0,0.08242284796386962,1,0.0,1,63.0
1,4,1,False,1,0.7963352601928425,4,0.1011828016072201,6,0.06924842091727329,3,0.016749960135600393,0,0.016483557147063666,2,0.0
1,3,0,False,0,0.4090765847705039,6,0.35669214605558663,2,0.23423126917390938,1,0.0,3,0.0,5,55.0
2,2,2,True,2,0.4613706930280999,6,0.24511630124348835,0,0.17999362957378828,1,0.06016071653004618,4,0.05335865962457695,1,23.0
2,2,3,False,3,0.4595490091264085,2,0.3252980474977377,6,0.11237195784951197,0,0.10278098552634156,1,0.0,2,41.0
2,0,2,False,2,0.4449205823416349,0,0.1814048118634031,3,0.10783625524801989,1,0.09239458314303514,5,0.0902169203345674,2,31.0
2,2,0,False,0,0.5615440115440115,2,0.22533982683982678,6,0.20978282828282818,1,0.0016666666666666666,3,0.0016666666666666666,2,27.0
2,3,3,True,3,0.7860032467532466,6,0.21233008658008645,2,0.0016666666666666666,1,0.0,0,0.0,1,87.0
2,5,3,False,3,0.6745726903815138,2,0.11219841106605812,0,0.10711122211122209,5,0.10611767644120577,1,0.0,4,78.0
2,5,2,False,2,0.48071825396825396,1,0.47848809523809527,0,0.027936507936507936,6,0.012857142857142855,3,0.0,7,28.0
2,1,2,False,2,0.4296524788791475,1,0.24911872241482946,0,0.1615919457968213,4,0.10134877727218158,6,0.0582880756370199,2,16.0
2,2,3,False,3,0.7261681096681094,2,0.2738318903318902,1,0.0,0,0.0,4,0.0,2,91.0
2,3,0,False,0,0.43383333333333335,5,0.3961666666666666,3,0.12616666666666668,2,0.04383333333333333,1,0.0,3,123.0
2,0,6,False,6,0.36559851882723376,2,0.2837807869804773,0,0.27729681103210496,3,0.07332388316018347,1,0.0,3,55.0
2,1,1,True,1,0.8180481562098473,4,0.07897059488846725,6,0.06931001487934628,3,0.01706531291669824,0,0.01660592110564065,1,0.0
2,1,1,True,1,0.39668093018093004,2,0.2519173604173603,6,0.24037265512265507,4,0.10977905427905425,3,0.00125,1,13.0
2,6,1,False,1,0.44671552956847066,6,0.1839821330630154,0,0.10697581421846128,2,0.09266507512095747,3,0.08687549378725844,2,10.0
2,3,3,True,3,1.0,0,0.0,1,0.0,2,0.0,4,0.0,1,85.0
2,3,3,True,3,0.4657876118175955,0,0.1629499883632169,2,0.15379469449763222,6,0.14581986344222167,5,0.07164784187933332,1,65.0
2,3,2,False,2,0.3614021571281799,0,0.3460088992067889,3,0.2925889436650305,1,0.0,4,0.0,3,56.0
2,3,2,False,2,0.4461457266074138,6,0.26746583636521704,0,0.2138373494410646,3,0.07255108758630428,1,0.0,4,62.0
2,3,3,True,3,0.556116883116883,2,0.27878066378066363,5,0.16510245310245306,1,0.0,0,0.0,1,86.0
2,3,3,True,3,0.556116883116883,2,0.27878066378066363,5,0.16510245310245306,1,0.0,0,0.0,1,86.0
2,2,3,False,3,0.45687151818769467,2,0.22386707573472267,4,0.1245443388311035,6,0.10207406890495119,0,0.09264299834152773,2,74.0
2,1,2,False,2,0.2441305340256579,4,0.23284498697037395,1,0.2206754365775263,6,0.16147350336282218,3,0.14087553906361946,3,24.0
2,1,2,False,2,0.3414236025762801,1,0.30980878965927156,6,0.1898093455719898,4,0.1048072203791767,5,0.054151041813281335,2,20.0
2,2,3,False,3,0.6745726903815138,2,0.11219841106605812,0,0.10711122211122209,5,0.10611767644120577,1,0.0,2,78.0
2,3,3,True,3,1.0,0,0.0,1,0.0,2,0.0,4,0.0,1,85.0
2,1,2,False,2,0.3414236025762801,1,0.30980878965927156,6,0.1898093455719898,4,0.1048072203791767,5,0.054151041813281335,2,20.0
2,0,0,True,0,0.49819680319680304,3,0.3272950382950382,2,0.1745081585081584,1,0.0,4,0.0,1,37.0
2,0,2,False,2,0.36177692739839684,0,0.2833660818314237,3,0.15924572720597388,6,0.1431931903178893,1,0.052418073246315776,2,47.0
2,2,1,False,1,0.42348271717476527,2,0.3788240974965567,0,0.1327548264391715,4,0.06493835888950641,3,0.0,2,22.0
2,0,3,False,3,0.4595490091264085,2,0.3252980474977377,6,0.11237195784951197,0,0.10278098552634156,1,0.0,4,41.0
2,2,2,True,2,0.36283134422897495,1,0.2122635325238467,6,0.2116794144481921,0,0.15308837573077372,5,0.06013733306821205,1,21.0
2,2,3,False,3,0.5210925185925186,2,0.24900582750582742,5,0.1359553224553224,6,0.09394633144633141,0,0.0,2,67.0
2,2,2,True,2,0.3112568920966012,6,0.1980865482140788,0,0.18534443352223673,3,0.18273979574826582,1,0.1225723304188171,1,51.0
2,2,1,False,1,0.34067722174626175,5,0.20907158212444588,6,0.19220312108771853,4,0.13590915700226844,2,0.12213891803930493,5,25.0
2,3,3,True,3,0.709596348096348,0,0.1508745698745698,2,0.139529082029082,1,0.0,4,0.0,1,97.0
2,3,3,True,3,0.9846666666666667,6,0.015333333333333332,1,0.0,0,0.0,2,0.0,1,88.0
2,2,1,False,1,0.32373853094681143,2,0.29957748610626095,0,0.14526619578554714,4,0.11663906223011317,6,0.11477872493126678,2,19.0
2,0,3,False,3,0.6510536269286269,0,0.22318192918192917,2,0.12576444388944386,1,0.0,4,0.0,2,42.0
2,0,2,False,2,0.4026622599070368,0,0.24825275920754225,6,0.21854690190703263,3,0.07163155821235641,5,0.05890652076603163,2,57.0
2,0,0,True,0,0.37869702764555696,6,0.3565454937219642,2,0.26475747863247845,1,0.0,3,0.0,1,61.0
2,1,2,False,2,0.36283134422897495,1,0.2122635325238467,6,0.2116794144481921,0,0.15308837573077372,5,0.06013733306821205,2,21.0
2,0,3,False,3,0.6510536269286269,0,0.22318192918192917,2,0.12576444388944386,1,0.0,4,0.0,2,42.0
2,6,3,False,3,0.7626304667554666,2,0.12136818736818736,0,0.11600134587634586,1,0.0,4,0.0,7,84.0
2,6,0,False,0,0.5339125630131821,2,0.1969122829355026,3,0.18295098279773195,6,0.086224171253583,1,0.0,4,50.0
2,0,3,False,3,0.4595490091264085,2,0.3252980474977377,6,0.11237195784951197,0,0.10278098552634156,1,0.0,4,41.0
2,1,6,False,6,0.7558611666111666,0,0.12876090576090574,1,0.11537792762792762,2,0.0,3,0.0,3,1.0
2,6,1,False,1,0.5339363059356286,2,0.16588437199714576,0,0.1048074491391645,4,0.09122713866645336,3,0.05639235505008936,6,18.0
2,6,1,False,1,0.32373853094681143,2,0.29957748610626095,0,0.14526619578554714,4,0.11663906223011317,6,0.11477872493126678,5,19.0
2,0,6,False,6,0.7558611666111666,0,0.12876090576090574,1,0.11537792762792762,2,0.0,3,0.0,2,1.0
2,6,2,False,2,0.36177692739839684,0,0.2833660818314237,3,0.15924572720597388,6,0.1431931903178893,1,0.052418073246315776,4,47.0
2,6,2,False,2,0.3614021571281799,0,0.3460088992067889,3,0.2925889436650305,1,0.0,4,0.0,7,56.0
2,6,0,False,0,0.3714560914231966,3,0.3484394187683661,2,0.2794378231417705,6,0.0006666666666666666,1,0.0,4,70.0
2,6,3,False,3,0.7281547619047619,2,0.27184523809523803,1,0.0,0,0.0,4,0.0,7,83.0
2,1,1,True,1,0.5339363059356286,2,0.16588437199714576,0,0.1048074491391645,4,0.09122713866645336,3,0.05639235505008936,1,18.0
2,6,2,False,2,0.34791827741402037,6,0.3325535350872036,4,0.17335088737372017,5,0.08537432330311585,1,0.06080297682193967,2,15.0
2,6,3,False,3,0.4098189889465464,0,0.2525630561893349,2,0.17417234122796774,6,0.1634456136361506,1,0.0,4,68.0
2,6,0,False,0,0.3802567422687392,3,0.30256682627657844,2,0.1686861715425956,1,0.0770833824757973,6,0.07140687743628918,5,58.0
2,6,0,False,0,0.3723449530706899,3,0.3718128824663418,2,0.15680368859390253,6,0.09903847586906539,1,0.0,4,40.0
2,6,3,False,3,0.6111666666666666,0,0.3888333333333334,1,0.0,2,0.0,4,0.0,7,108.0
2,3,3,True,3,1.0,0,0.0,1,0.0,2,0.0,4,0.0,1,128.0
2,4,0,False,0,0.5615440115440115,2,0.22533982683982678,6,0.20978282828282818,1,0.0016666666666666666,3,0.0016666666666666666,6,27.0
2,4,1,False,1,0.8180481562098473,4,0.07897059488846725,6,0.06931001487934628,3,0.01706531291669824,0,0.01660592110564065,2,0.0
2,0,2,False,2,0.36177692739839684,0,0.2833660818314237,3,0.15924572720597388,6,0.1431931903178893,1,0.052418073246315776,2,47.0
2,3,3,True,3,0.7258697691197691,2,0.26479581529581525,0,0.009334415584415584,1,0.0,4,0.0,1,95.0
2,3,2,False,2,0.4466924427924967,3,0.3483471203444952,6,0.14501149984271863,1,0.05994893702028913,0,0.0,2,39.0
2,3,3,True,3,0.45687151818769467,2,0.22386707573472267,4,0.1245443388311035,6,0.10207406890495119,0,0.09264299834152773,1,74.0
2,3,0,False,0,0.35104817292270857,3,0.3294540937476694,2,0.3194977333296216,1,0.0,4,0.0,2,64.0
2,3,3,True,3,0.5513772746860982,2,0.33840836614366027,6,0.11021435917024147,1,0.0,0,0.0,1,81.0
2,3,3,True,3,0.5158328893328893,6,0.18905960705960698,2,0.15067163392163382,0,0.14443586968586963,1,0.0,1,90.0
2,3,3,True,3,0.9458809523809524,5,0.05411904761904762,1,0.0,0,0.0,2,0.0,1,103.0
2,3,3,True,3,0.6745726903815138,2,0.11219841106605812,0,0.10711122211122209,5,0.10611767644120577,1,0.0,1,78.0
2,3,2,False,2,0.4461457266074138,6,0.26746583636521704,0,0.2138373494410646,3,0.07255108758630428,1,0.0,4,62.0
2,0,2,False,2,0.2441305340256579,4,0.23284498697037395,1,0.2206754365775263,6,0.16147350336282218,3,0.14087553906361946,6,24.0
2,3,2,False,2,0.4026622599070368,0,0.24825275920754225,6,0.21854690190703263,3,0.07163155821235641,5,0.05890652076603163,4,57.0
2,1,2,False,2,0.4296524788791475,1,0.24911872241482946,0,0.1615919457968213,4,0.10134877727218158,6,0.0582880756370199,2,16.0
2,2,3,False,3,0.7281547619047619,2,0.27184523809523803,1,0.0,0,0.0,4,0.0,2,83.0
2,0,0,True,0,0.44071127238774294,6,0.20162805168687511,2,0.19352835563129667,3,0.08877950562509385,1,0.07535281466899114,1,45.0
2,2,3,False,3,0.38863796709041687,2,0.25391189709469414,0,0.2296936771350722,1,0.06850934110422259,6,0.0592471175755938,2,52.0
2,1,1,True,1,0.8180481562098473,4,0.07897059488846725,6,0.06931001487934628,3,0.01706531291669824,0,0.01660592110564065,1,0.0
2,2,2,True,2,0.4466924427924967,3,0.3483471203444952,6,0.14501149984271863,1,0.05994893702028913,0,0.0,1,39.0
2,0,0,True,0,0.3802567422687392,3,0.30256682627657844,2,0.1686861715425956,1,0.0770833824757973,6,0.07140687743628918,1,58.0
2,2,2,True,2,0.3112568920966012,6,0.1980865482140788,0,0.18534443352223673,3,0.18273979574826582,1,0.1225723304188171,1,51.0
2,1,1,True,1,0.44671552956847066,6,0.1839821330630154,0,0.10697581421846128,2,0.09266507512095747,3,0.08687549378725844,1,10.0
2,3,3,True,3,0.7258697691197691,2,0.26479581529581525,0,0.009334415584415584,1,0.0,4,0.0,1,95.0
2,0,0,True,0,0.3802567422687392,3,0.30256682627657844,2,0.1686861715425956,1,0.0770833824757973,6,0.07140687743628918,1,58.0
2,2,1,False,1,0.42832123350505713,2,0.3196143399084574,3,0.14038420566361742,6,0.11168022092286796,0,0.0,2,12.0
2,2,2,True,2,0.4466924427924967,3,0.3483471203444952,6,0.14501149984271863,1,0.05994893702028913,0,0.0,1,39.0
2,2,1,False,1,0.42348271717476527,2,0.3788240974965567,0,0.1327548264391715,4,0.06493835888950641,3,0.0,2,22.0
2,2,2,True,2,0.2441305340256579,4,0.23284498697037395,1,0.2206754365775263,6,0.16147350336282218,3,0.14087553906361946,1,24.0
2,3,3,True,3,0.7281547619047619,2,0.27184523809523803,1,0.0,0,0.0,4,0.0,1,83.0
2,1,1,True,1,0.38793280053242685,6,0.264052894868028,4,0.1381510209571017,2,0.13389073967641063,0,0.07597254396603231,1,5.0
2,1,1,True,1,0.34067722174626175,5,0.20907158212444588,6,0.19220312108771853,4,0.13590915700226844,2,0.12213891803930493,1,25.0
2,2,0,False,0,0.5429610903802078,2,0.2730577878004348,3,0.09301212186506301,1,0.09096899995429403,4,0.0,2,44.0
2,2,2,True,2,0.4296524788791475,1,0.24911872241482946,0,0.1615919457968213,4,0.10134877727218158,6,0.0582880756370199,1,16.0
2,1,6,False,6,0.629499417249417,4,0.1820135975135975,1,0.10194846819846816,2,0.086538517038517,3,0.0,3,2.0
2,0,0,True,0,0.49819680319680304,3,0.3272950382950382,2,0.1745081585081584,1,0.0,4,0.0,1,37.0
2,2,2,True,2,0.47317843644256,0,0.19785054021112367,3,0.13650560906690257,6,0.12819030573194312,1,0.06427510854747022,1,35.0
2,1,1,True,1,0.42348271717476527,2,0.3788240974965567,0,0.1327548264391715,4,0.06493835888950641,3,0.0,1,22.0
2,0,2,False,2,0.3112568920966012,6,0.1980865482140788,0,0.18534443352223673,3,0.18273979574826582,1,0.1225723304188171,3,51.0
2,1,1,True,1,0.42348271717476527,2,0.3788240974965567,0,0.1327548264391715,4,0.06493835888950641,3,0.0,1,22.0
2,0,2,False,2,0.2811475562714456,0,0.22477208117408676,6,0.2162326766202792,1,0.21075227598413748,3,0.06709540995005053,2,32.0
2,6,1,False,1,0.5339363059356286,2,0.16588437199714576,0,0.1048074491391645,4,0.09122713866645336,3,0.05639235505008936,6,18.0
2,6,2,False,2,0.3549868326118325,1,0.2471795010545009,0,0.14206235431235434,3,0.13789586802086798,6,0.11787544400044395,5,30.0
2,0,0,True,0,0.44071127238774294,6,0.20162805168687511,2,0.19352835563129667,3,0.08877950562509385,1,0.07535281466899114,1,45.0
2,6,3,False,3,0.4939955780373736,2,0.21123068903061148,0,0.20053877245905105,6,0.0942349604729636,1,0.0,4,48.0
2,6,3,False,3,0.501186507936508,0,0.2631825396825396,2,0.23563095238095244,1,0.0,4,0.0,7,77.0
2,3,3,True,3,0.9912337662337662,2,0.008766233766233766,1,0.0,0,0.0,4,0.0,1,102.0
2,3,3,True,3,0.7037142857142856,2,0.2962857142857142,1,0.0,0,0.0,4,0.0,1,122.0
2,3,0,False,0,0.5155509980215862,6,0.26473369861992146,1,0.08850962393299851,2,0.07139243715520802,3,0.059813242270285595,5,60.0
2,1,1,True,1,0.8180481562098473,4,0.07897059488846725,6,0.06931001487934628,3,0.01706531291669824,0,0.01660592110564065,1,0.0
2,0,3,False,3,0.6510536269286269,0,0.22318192918192917,2,0.12576444388944386,1,0.0,4,0.0,2,42.0
2,3,3,True,3,0.9775,5,0.0225,1,0.0,0,0.0,2,0.0,1,106.0
2,1,1,True,1,0.8180481562098473,4,0.07897059488846725,6,0.06931001487934628,3,0.01706531291669824,0,0.01660592110564065,1,0.0
2,2,1,False,1,0.42348271717476527,2,0.3788240974965567,0,0.1327548264391715,4,0.06493835888950641,3,0.0,2,22.0
2,2,2,True,2,0.4448279224573835,1,0.2809961810187198,6,0.22125835363667867,5,0.05291754288721761,3,0.0,1,17.0
2,2,0,False,0,0.5155509980215862,6,0.26473369861992146,1,0.08850962393299851,2,0.07139243715520802,3,0.059813242270285595,4,60.0
2,2,2,True,2,0.4296524788791475,1,0.24911872241482946,0,0.1615919457968213,4,0.10134877727218158,6,0.0582880756370199,1,16.0
2,2,2,True,2,0.34791827741402037,6,0.3325535350872036,4,0.17335088737372017,5,0.08537432330311585,1,0.06080297682193967,1,15.0
2,2,2,True,2,0.4448279224573835,1,0.2809961810187198,6,0.22125835363667867,5,0.05291754288721761,3,0.0,1,17.0
2,3,3,True,3,0.9912337662337662,2,0.008766233766233766,1,0.0,0,0.0,4,0.0,1,102.0
2,1,6,False,6,0.7558611666111666,0,0.12876090576090574,1,0.11537792762792762,2,0.0,3,0.0,3,1.0
2,2,2,True,2,0.34791827741402037,6,0.3325535350872036,4,0.17335088737372017,5,0.08537432330311585,1,0.06080297682193967,1,15.0
2,2,2,True,2,0.4466924427924967,3,0.3483471203444952,6,0.14501149984271863,1,0.05994893702028913,0,0.0,1,39.0
2,0,0,True,0,0.5339125630131821,2,0.1969122829355026,3,0.18295098279773195,6,0.086224171253583,1,0.0,1,50.0
2,1,6,False,6,0.3464701687201688,1,0.33916133866133863,2,0.3143684926184924,0,0.0,3,0.0,2,8.0
2,6,1,False,1,0.42348271717476527,2,0.3788240974965567,0,0.1327548264391715,4,0.06493835888950641,3,0.0,7,22.0
2,6,2,False,2,0.36283134422897495,1,0.2122635325238467,6,0.2116794144481921,0,0.15308837573077372,5,0.06013733306821205,3,21.0
2,6,1,False,1,0.5177756055004505,6,0.2849688106870769,0,0.10400812809481541,2,0.09324745571765694,3,0.0,2,4.0
2,3,3,True,3,0.6228632756132756,0,0.19129870129870127,6,0.18583802308802305,1,0.0,2,0.0,1,98.0
2,3,3,True,3,0.5051890117965968,6,0.22775839859315078,2,0.17442102659981912,0,0.09263156301043293,1,0.0,1,63.0
2,4,1,False,1,0.8180481562098473,4,0.07897059488846725,6,0.06931001487934628,3,0.01706531291669824,0,0.01660592110564065,2,0.0
2,4,1,False,1,0.8180481562098473,4,0.07897059488846725,6,0.06931001487934628,3,0.01706531291669824,0,0.01660592110564065,2,0.0
2,3,3,True,3,0.6238762626262624,2,0.19171825396825387,6,0.1844054834054834,1,0.0,0,0.0,1,72.0
2,3,2,False,2,0.36177692739839684,0,0.2833660818314237,3,0.15924572720597388,6,0.1431931903178893,1,0.052418073246315776,3,47.0
2,3,2,False,2,0.4026622599070368,0,0.24825275920754225,6,0.21854690190703263,3,0.07163155821235641,5,0.05890652076603163,4,57.0
3,2,2,True,2,0.2884114357005223,3,0.2432856984346921,0,0.237788400883602,6,0.23051446498118316,1,0.0,1,62.0
3,2,2,True,2,0.6680192585192587,1,0.21612784437784424,4,0.11585289710289702,0,0.0,3,0.0,1,14.0
3,2,1,False,1,0.42848067799684103,2,0.3360370348007983,0,0.11961185861246423,4,0.06126859247476422,6,0.05460183611513195,2,22.0
3,2,3,False,3,0.38855967643467637,0,0.35515681540681526,6,0.25628350815850803,1,0.0,2,0.0,5,38.0
3,2,2,True,2,0.3383248493513254,0,0.257071475495226,1,0.16822022456288568,6,0.1249308270806224,3,0.11145262350994002,1,36.0
3,2,2,True,2,0.3656301298031174,6,0.24885660250482225,0,0.2215953308817085,3,0.0858151307327004,5,0.07810280607765127,1,53.0
3,3,3,True,3,0.36248160173160193,0,0.26292857142857134,2,0.24646572871572853,6,0.12812409812409808,1,0.0,1,59.0
3,3,3,True,3,0.40225602175602176,0,0.23156725219225213,2,0.227500985125985,6,0.13867574092574084,1,0.0,1,69.0
3,3,3,True,3,1.0,0,0.0,1,0.0,2,0.0,4,0.0,1,104.0
3,0,0,True,0,0.4250921126345275,6,0.21491922357827925,2,0.16518132000438496,3,0.12370386764937841,1,0.07110347613342967,1,60.0
3,2,3,False,3,0.6360025252525252,2,0.18829797979797974,6,0.17569949494949483,1,0.0,0,0.0,2,83.0
3,0,3,False,3,0.3786262454092176,2,0.3496850996612605,0,0.27168865492952166,1,0.0,4,0.0,3,64.0
3,2,3,False,3,0.765,4,0.2275,0,0.0075,1,0.0,2,0.0,5,115.0
3,6,2,False,2,0.45695510810139306,3,0.20977436632854576,6,0.1469843866144175,0,0.1253642885752019,1,0.060921850380441685,3,51.0
3,1,1,True,1,0.7979953755641768,4,0.13380013381490508,6,0.034822004986336086,3,0.01753263146545772,0,0.0158498541691245,1,0.0
3,6,3,False,3,0.38855967643467637,0,0.35515681540681526,6,0.25628350815850803,1,0.0,2,0.0,3,38.0
3,6,1,False,1,0.4917733942184407,4,0.15378749857813317,2,0.14018342596515962,6,0.13351119722211044,0,0.08074448401615583,4,5.0
3,6,1,False,1,0.43927999872504503,6,0.35377007504019886,5,0.07028588233232194,0,0.06996079238958494,2,0.06670325151284902,2,7.0
3,2,3,False,3,0.5800613275613278,6,0.21767424242424227,0,0.20226443001442995,1,0.0,2,0.0,5,90.0
3,6,3,False,3,0.5023447108447108,2,0.37363761238761234,5,0.12401767676767676,1,0.0,0,0.0,7,67.0
3,3,3,True,3,0.6453997113997113,6,0.33409523809523806,0,0.020505050505050502,1,0.0,2,0.0,1,72.0
3,3,3,True,3,1.0,0,0.0,1,0.0,2,0.0,4,0.0,1,117.0
3,3,3,True,3,0.4171299672549671,2,0.2079400370870957,6,0.18749990940432107,0,0.18743008625361557,1,0.0,1,48.0
3,3,3,True,3,0.31192414363504,0,0.28681556713914685,6,0.21973325388734583,2,0.18152703533846676,1,0.0,1,68.0
3,3,3,True,3,0.38855967643467637,0,0.35515681540681526,6,0.25628350815850803,1,0.0,2,0.0,1,38.0
3,3,3,True,3,0.6778521872863975,0,0.3221478127136021,1,0.0,2,0.0,4,0.0,1,71.0
3,3,3,True,3,0.764154761904762,6,0.230845238095238,2,0.005,1,0.0,0,0.0,1,87.0
3,3,3,True,3,0.3786262454092176,2,0.3496850996612605,0,0.27168865492952166,1,0.0,4,0.0,1,64.0
3,3,2,False,2,0.4665213368073276,3,0.4258601726361014,0,0.107618490556571,1,0.0,4,0.0,2,79.0
3,3,3,True,3,1.0,0,0.0,1,0.0,2,0.0,4,0.0,1,103.0
3,3,3,True,3,0.5140235386388636,0,0.2045819978095518,6,0.10999798301114089,2,0.09430403703623517,5,0.07709244350420817,1,65.0
3,1,2,False,2,0.43271200415511574,6,0.2959342120298001,1,0.14407897709445688,0,0.06568380445663727,5,0.061591002263989864,3,21.0
3,1,2,False,2,0.45695510810139306,3,0.20977436632854576,6,0.1469843866144175,0,0.1253642885752019,1,0.060921850380441685,5,51.0
3,1,1,True,1,0.5167380610763646,6,0.15651374127687956,0,0.11336098423571102,2,0.10751191506268933,3,0.054483686712698,1,18.0
3,2,3,False,3,0.3412027417027417,6,0.33335245310245315,2,0.16499747474747475,0,0.16044733044733042,1,0.0,3,73.0
3,1,1,True,1,0.7979953755641768,4,0.13380013381490508,6,0.034822004986336086,3,0.01753263146545772,0,0.0158498541691245,1,0.0
3,2,1,False,1,0.4089175663723214,6,0.1992214166881113,5,0.18935519108103566,2,0.12954002119311708,4,0.0729658046654143,4,25.0
3,0,3,False,3,0.6216547619047618,6,0.3670119047619047,2,0.007333333333333334,0,0.004,1,0.0,4,98.0
3,2,1,False,1,0.42848067799684103,2,0.3360370348007983,0,0.11961185861246423,4,0.06126859247476422,6,0.05460183611513195,2,22.0
3,2,2,True,2,0.2884114357005223,3,0.2432856984346921,0,0.237788400883602,6,0.23051446498118316,1,0.0,1,62.0
3,0,2,False,2,0.3548145204468733,6,0.3151760951466833,3,0.2349507861419626,0,0.09505859826448061,1,0.0,4,46.0
3,2,3,False,3,0.5140235386388636,0,0.2045819978095518,6,0.10999798301114089,2,0.09430403703623517,5,0.07709244350420817,4,65.0
3,2,1,False,1,0.5167380610763646,6,0.15651374127687956,0,0.11336098423571102,2,0.10751191506268933,3,0.054483686712698,4,18.0
3,3,3,True,3,0.6090294544636649,2,0.39097054553633503,1,0.0,0,0.0,4,0.0,1,91.0
3,0,2,False,2,0.3548145204468733,6,0.3151760951466833,3,0.2349507861419626,0,0.09505859826448061,1,0.0,4,46.0
3,1,6,False,6,0.3846957314626416,1,0.27693766212325227,2,0.175965657506595,4,0.16240094890751103,3,0.0,2,11.0
3,1,1,True,1,0.7979953755641768,4,0.13380013381490508,6,0.034822004986336086,3,0.01753263146545772,0,0.0158498541691245,1,0.0
3,6,2,False,2,0.2884114357005223,3,0.2432856984346921,0,0.237788400883602,6,0.23051446498118316,1,0.0,4,62.0
3,1,1,True,1,0.41727064357211413,6,0.3761931793696499,2,0.1076432758418052,0,0.09889290121643061,3,0.0,1,4.0
3,0,3,False,3,0.6778521872863975,0,0.3221478127136021,1,0.0,2,0.0,4,0.0,2,71.0
3,6,3,False,3,0.45635971824013616,2,0.31181704088824824,0,0.11651735845853489,4,0.11530588241308051,1,0.0,7,74.0
3,1,1,True,1,0.3397812407233761,2,0.33088931931999627,6,0.16354333580213576,4,0.1130802564271402,5,0.05270584772735127,1,20.0
3,6,3,False,3,0.7920000000000001,0,0.10416666666666666,6,0.10383333333333333,1,0.0,2,0.0,3,109.0
3,1,1,True,1,0.7979953755641768,4,0.13380013381490508,6,0.034822004986336086,3,0.01753263146545772,0,0.0158498541691245,1,0.0
3,0,2,False,2,0.3656301298031174,6,0.24885660250482225,0,0.2215953308817085,3,0.0858151307327004,5,0.07810280607765127,3,53.0
3,6,2,False,2,0.39694317490215314,6,0.37448497460571756,5,0.0874140607844168,4,0.0777295986177565,1,0.06342819108995579,2,15.0
3,3,3,True,3,1.0,0,0.0,1,0.0,2,0.0,4,0.0,1,106.0
3,6,6,True,6,0.3846957314626416,1,0.27693766212325227,2,0.175965657506595,4,0.16240094890751103,3,0.0,1,11.0
3,6,1,False,1,0.5455367302975664,6,0.29177273216979094,2,0.16269053753264273,0,0.0,3,0.0,2,9.0
3,6,3,False,3,0.5140235386388636,0,0.2045819978095518,6,0.10999798301114089,2,0.09430403703623517,5,0.07709244350420817,3,65.0
3,3,0,False,0,0.4373603823077506,3,0.2557241457373037,2,0.15317463092463085,1,0.08075476789292578,6,0.0729860731373889,2,33.0
3,3,3,True,3,0.8500335775335773,2,0.14996642246642247,1,0.0,0,0.0,4,0.0,1,82.0
3,3,3,True,3,0.8632849927849928,2,0.13671500721500726,1,0.0,0,0.0,4,0.0,1,100.0
3,3,3,True,3,0.5800613275613278,6,0.21767424242424227,0,0.20226443001442995,1,0.0,2,0.0,1,90.0
3,3,3,True,3,0.7060896325896324,2,0.15694236319236315,0,0.13696800421800412,1,0.0,4,0.0,1,97.0
3,0,3,False,3,0.38905965048882996,2,0.28912960916792174,0,0.2012629287637027,6,0.06553652715533519,1,0.05501128442421011,3,52.0
3,3,3,True,3,0.45635971824013616,2,0.31181704088824824,0,0.11651735845853489,4,0.11530588241308051,1,0.0,1,74.0
3,3,3,True,3,0.8632849927849928,2,0.13671500721500726,1,0.0,0,0.0,4,0.0,1,100.0
3,1,1,True,1,0.7979953755641768,4,0.13380013381490508,6,0.034822004986336086,3,0.01753263146545772,0,0.0158498541691245,1,0.0
3,1,2,False,2,0.4446396487499426,1,0.32942560870502036,6,0.11673947294535529,3,0.10919526959968134,0,0.0,2,12.0
3,2,3,False,3,0.6453997113997113,6,0.33409523809523806,0,0.020505050505050502,1,0.0,2,0.0,5,72.0
3,2,2,True,2,0.39694317490215314,6,0.37448497460571756,5,0.0874140607844168,4,0.0777295986177565,1,0.06342819108995579,1,15.0
3,3,3,True,3,0.5754223831723831,2,0.22835034410034402,0,0.19622727272727272,1,0.0,4,0.0,1,99.0
3,1,1,True,1,0.5455367302975664,6,0.29177273216979094,2,0.16269053753264273,0,0.0,3,0.0,1,9.0
3,1,2,False,2,0.43271200415511574,6,0.2959342120298001,1,0.14407897709445688,0,0.06568380445663727,5,0.061591002263989864,3,21.0
3,2,1,False,1,0.2507911856061707,2,0.22357448757438989,4,0.18708695341914475,6,0.13882379553299923,3,0.1271683218465625,2,24.0
3,2,1,False,1,0.42848067799684103,2,0.3360370348007983,0,0.11961185861246423,4,0.06126859247476422,6,0.05460183611513195,2,22.0
3,1,1,True,1,0.7979953755641768,4,0.13380013381490508,6,0.034822004986336086,3,0.01753263146545772,0,0.0158498541691245,1,0.0
3,2,3,False,3,0.38905965048882996,2,0.28912960916792174,0,0.2012629287637027,6,0.06553652715533519,1,0.05501128442421011,2,52.0
3,1,1,True,1,0.7979953755641768,4,0.13380013381490508,6,0.034822004986336086,3,0.01753263146545772,0,0.0158498541691245,1,0.0
3,2,1,False,1,0.3397812407233761,2,0.33088931931999627,6,0.16354333580213576,4,0.1130802564271402,5,0.05270584772735127,2,20.0
3,0,0,True,0,0.4428773565186103,2,0.37733654589304744,1,0.08990941875461994,3,0.08987667883372215,4,0.0,1,44.0
3,2,3,False,3,0.43090226938524145,2,0.2831081320210576,0,0.19180376503441515,6,0.09418583355928556,1,0.0,2,43.0
3,5,3,False,3,1.0,0,0.0,1,0.0,2,0.0,4,0.0,6,104.0
3,2,1,False,1,0.43425556877762767,6,0.33520365826983456,2,0.22804077295253744,0,0.001875,5,0.000625,3,8.0
3,0,2,False,2,0.3383248493513254,0,0.257071475495226,1,0.16822022456288568,6,0.1249308270806224,3,0.11145262350994002,2,36.0
3,0,2,False,2,0.4857497062041998,6,0.26862082434413476,0,0.11793817621263816,4,0.06745104402477303,1,0.060240249214253756,3,23.0
3,1,2,False,2,0.31222169943361316,0,0.3077628101007518,3,0.20247116235703763,6,0.1775443281085971,1,0.0,5,47.0
3,6,3,False,3,0.36248160173160193,0,0.26292857142857134,2,0.24646572871572853,6,0.12812409812409808,1,0.0,4,59.0
3,6,1,False,1,0.7979953755641768,4,0.13380013381490508,6,0.034822004986336086,3,0.01753263146545772,0,0.0158498541691245,3,0.0
3,0,2,False,2,0.38706947837164535,0,0.3055958154075025,3,0.2354580760398871,6,0.07187663018096449,1,0.0,2,56.0
3,6,1,False,1,0.7979953755641768,4,0.13380013381490508,6,0.034822004986336086,3,0.01753263146545772,0,0.0158498541691245,3,0.0
3,6,1,False,1,0.3397812407233761,2,0.33088931931999627,6,0.16354333580213576,4,0.1130802564271402,5,0.05270584772735127,3,20.0
3,6,1,False,1,0.4917733942184407,4,0.15378749857813317,2,0.14018342596515962,6,0.13351119722211044,0,0.08074448401615583,4,5.0
3,0,0,True,0,0.4009049028473669,3,0.2821684873719401,2,0.12389609192677022,6,0.12318478468993804,1,0.06984573316398442,1,58.0
3,6,2,False,2,0.4271691502941502,0,0.23529116716616713,6,0.21832740870240863,4,0.11921227383727379,3,0.0,3,49.0
3,6,6,True,6,0.681904859029859,1,0.3180951409701408,2,0.0,0,0.0,3,0.0,1,3.0
3,4,2,False,2,0.5104391469813297,0,0.20807310912341861,3,0.14803062692381577,6,0.13345711697143575,1,0.0,6,54.0
3,3,3,True,3,1.0,0,0.0,1,0.0,2,0.0,4,0.0,1,144.0
3,3,3,True,3,0.6453997113997113,6,0.33409523809523806,0,0.020505050505050502,1,0.0,2,0.0,1,72.0
3,3,3,True,3,0.5140235386388636,0,0.2045819978095518,6,0.10999798301114089,2,0.09430403703623517,5,0.07709244350420817,1,65.0
3,0,2,False,2,0.3383248493513254,0,0.257071475495226,1,0.16822022456288568,6,0.1249308270806224,3,0.11145262350994002,2,36.0
3,1,1,True,1,0.3397812407233761,2,0.33088931931999627,6,0.16354333580213576,4,0.1130802564271402,5,0.05270584772735127,1,20.0
3,2,0,False,0,0.38721615224164013,3,0.34859223240427967,6,0.16864569401585475,2,0.09554592133822512,1,0.0,4,40.0
3,1,2,False,2,0.3025069805607437,1,0.2885909175392739,0,0.1617071647358015,6,0.14759014296459091,4,0.09960479419958947,2,19.0
3,0,2,False,2,0.45695510810139306,3,0.20977436632854576,6,0.1469843866144175,0,0.1253642885752019,1,0.060921850380441685,4,51.0
3,2,3,False,3,0.43090226938524145,2,0.2831081320210576,0,0.19180376503441515,6,0.09418583355928556,1,0.0,2,43.0
3,1,1,True,1,0.7979953755641768,4,0.13380013381490508,6,0.034822004986336086,3,0.01753263146545772,0,0.0158498541691245,1,0.0
3,2,2,True,2,0.4857497062041998,6,0.26862082434413476,0,0.11793817621263816,4,0.06745104402477303,1,0.060240249214253756,1,23.0
3,2,2,True,2,0.3025069805607437,1,0.2885909175392739,0,0.1617071647358015,6,0.14759014296459091,4,0.09960479419958947,1,19.0
3,0,2,False,2,0.45695510810139306,3,0.20977436632854576,6,0.1469843866144175,0,0.1253642885752019,1,0.060921850380441685,4,51.0
3,2,6,False,6,0.5946017316017315,0,0.40539826839826837,2,0.0,1,0.0,3,0.0,3,29.0
3,0,3,False,3,0.3650245668504181,2,0.3604770621535328,0,0.18182693381609777,6,0.09267143717995109,1,0.0,3,41.0
3,0,2,False,2,0.31222169943361316,0,0.3077628101007518,3,0.20247116235703763,6,0.1775443281085971,1,0.0,2,47.0
3,3,3,True,3,0.40225602175602176,0,0.23156725219225213,2,0.227500985125985,6,0.13867574092574084,1,0.0,1,69.0
3,3,3,True,3,0.6216547619047618,6,0.3670119047619047,2,0.007333333333333334,0,0.004,1,0.0,1,98.0
3,5,2,False,2,0.35251892396618123,0,0.3001004620126495,3,0.17400385429983597,6,0.17337675972133282,1,0.0,7,57.0
3,0,2,False,2,0.43271200415511574,6,0.2959342120298001,1,0.14407897709445688,0,0.06568380445663727,5,0.061591002263989864,4,21.0
3,0,0,True,0,0.4642759495836122,6,0.23763971511804313,2,0.1610162219960981,3,0.07396170530535853,1,0.06310640799688785,1,45.0
3,0,3,False,3,0.35763030270383206,2,0.25697595541713175,0,0.25670750328103253,6,0.12868623859800324,1,0.0,3,70.0
3,4,1,False,1,0.4089175663723214,6,0.1992214166881113,5,0.18935519108103566,2,0.12954002119311708,4,0.0729658046654143,5,25.0
3,0,2,False,2,0.4665213368073276,3,0.4258601726361014,0,0.107618490556571,1,0.0,4,0.0,3,79.0
3,2,2,True,2,0.48630937455843776,3,0.3336242543417222,6,0.12031536731867715,1,0.059751003781162694,0,0.0,1,39.0
3,2,2,True,2,0.3503243292655057,0,0.27343430425783355,3,0.10253044586132816,6,0.09551026587791289,5,0.08942441708618176,1,31.0
3,1,1,True,1,0.42848067799684103,2,0.3360370348007983,0,0.11961185861246423,4,0.06126859247476422,6,0.05460183611513195,1,22.0
3,2,3,False,3,0.43090226938524145,2,0.2831081320210576,0,0.19180376503441515,6,0.09418583355928556,1,0.0,2,43.0
3,6,3,False,3,0.36248160173160193,0,0.26292857142857134,2,0.24646572871572853,6,0.12812409812409808,1,0.0,4,59.0
3,3,3,True,3,0.6216547619047618,6,0.3670119047619047,2,0.007333333333333334,0,0.004,1,0.0,1,98.0
3,6,2,False,2,0.3548145204468733,6,0.3151760951466833,3,0.2349507861419626,0,0.09505859826448061,1,0.0,2,46.0
3,3,2,False,2,0.38706947837164535,0,0.3055958154075025,3,0.2354580760398871,6,0.07187663018096449,1,0.0,3,56.0
3,4,1,False,1,0.5167380610763646,6,0.15651374127687956,0,0.11336098423571102,2,0.10751191506268933,3,0.054483686712698,6,18.0
3,4,2,False,2,0.39694317490215314,6,0.37448497460571756,5,0.0874140607844168,4,0.0777295986177565,1,0.06342819108995579,4,15.0
3,3,0,False,0,0.7273149073149072,2,0.1400222000222,3,0.12958596958596957,6,0.002307692307692308,1,0.0007692307692307692,3,37.0
3,3,2,False,2,0.38706947837164535,0,0.3055958154075025,3,0.2354580760398871,6,0.07187663018096449,1,0.0,3,56.0
3,3,0,False,0,0.2977142928307789,2,0.2778812493549335,6,0.22102198323405745,1,0.2033824745802299,3,0.0,5,32.0
4,1,1,True,1,0.7941549077713259,4,0.12834329830037244,6,0.06297433574462766,3,0.014527458183673967,2,0.0,1,0.0
4,2,3,False,3,0.7767739760239758,2,0.12024203574203574,5,0.10298398823398823,1,0.0,0,0.0,2,86.0
4,2,3,False,3,0.5393054306804307,0,0.21464131701631708,2,0.12474327061827059,6,0.12130998168498162,1,0.0,3,65.0
4,0,0,True,0,0.3972091935841934,2,0.2014100621600621,6,0.19615735653235647,3,0.10616687479187478,1,0.0990565129315129,1,45.0
4,2,2,True,2,0.5507309232477189,1,0.2543578494776636,6,0.13287903377152588,5,0.06203219350309131,3,0.0,1,17.0
4,2,0,False,0,0.38287545887057833,6,0.18895334639651673,2,0.1866253387621981,3,0.186369677800477,1,0.055176178170229594,3,47.0
4,4,2,False,2,0.4459047535621589,1,0.3013710694781979,0,0.14510042262676703,4,0.05487794548182947,6,0.05274580885104657,4,16.0
4,4,2,False,2,0.343051061431166,1,0.3187257790708225,0,0.15122203311353422,6,0.13298554044584696,4,0.054015585938630165,5,19.0
4,3,6,False,6,0.31625901875901863,2,0.29518831168831156,3,0.20587337662337662,0,0.18267929292929297,1,0.0,3,73.0
4,3,3,True,3,1.0,0,0.0,1,0.0,2,0.0,4,0.0,1,182.0
4,3,3,True,3,0.579789207868155,0,0.4202107921318447,1,0.0,2,0.0,4,0.0,1,71.0
4,5,2,False,2,0.5178407564657566,0,0.20656898656898653,1,0.1076255411255411,3,0.10554587079587079,6,0.06241884504384504,7,31.0
4,0,0,True,0,0.3582556268550851,3,0.35250257233306775,2,0.2006275103035939,1,0.08861429050825333,4,0.0,1,33.0
4,3,6,False,6,0.807,0,0.10099999999999999,3,0.09199999999999997,1,0.0,2,0.0,3,109.0
4,3,3,True,3,0.6057665945165944,0,0.20239754689754677,2,0.1918358585858586,1,0.0,4,0.0,1,99.0
4,2,2,True,2,0.3803849482380238,0,0.2368941333085733,3,0.18975609578224323,1,0.1276081195623697,6,0.06535670310878952,1,51.0
4,0,3,False,3,0.5275165806415807,0,0.4724834193584193,1,0.0,2,0.0,4,0.0,2,42.0
4,6,1,False,1,0.41589502962936464,6,0.34585089479962616,2,0.0856880652307863,0,0.08044912933008572,5,0.07211688101013712,2,7.0
4,1,1,True,1,0.7941549077713259,4,0.12834329830037244,6,0.06297433574462766,3,0.014527458183673967,2,0.0,1,0.0
4,1,1,True,1,0.43157898873572237,6,0.23780414876661005,2,0.08933229206294216,3,0.08439139347924175,0,0.07936149815097182,1,10.0
4,1,2,False,2,0.4459047535621589,1,0.3013710694781979,0,0.14510042262676703,4,0.05487794548182947,6,0.05274580885104657,2,16.0
4,6,2,False,2,0.5507309232477189,1,0.2543578494776636,6,0.13287903377152588,5,0.06203219350309131,3,0.0,3,17.0
4,2,0,False,0,0.2754401423739658,3,0.2416981425866874,6,0.2118431429251862,2,0.2066495664208512,5,0.0643690056933091,4,57.0
4,0,0,True,0,0.2754401423739658,3,0.2416981425866874,6,0.2118431429251862,2,0.2066495664208512,5,0.0643690056933091,1,57.0
4,6,3,False,3,0.6260108225108223,2,0.2237150072150072,0,0.15027417027417023,1,0.0,4,0.0,7,80.0
4,0,2,False,2,0.4910464629539708,6,0.15152372928069516,0,0.148320055202795,3,0.14755051591854992,1,0.06155923664398897,3,35.0
4,3,3,True,3,0.5630008259714141,2,0.20248626210390921,6,0.1242947412065059,0,0.11021817071817068,1,0.0,1,69.0
4,3,3,True,3,0.8066666666666668,2,0.19333333333333333,1,0.0,0,0.0,4,0.0,1,116.0
4,3,2,False,2,0.47804864448753265,3,0.29688110546181945,0,0.1547685547148294,6,0.07030169533581837,1,0.0,2,43.0
4,3,3,True,3,0.5393054306804307,0,0.21464131701631708,2,0.12474327061827059,6,0.12130998168498162,1,0.0,1,65.0
4,3,3,True,3,0.4200030525030525,2,0.38138614163614165,6,0.19861080586080587,1,0.0,0,0.0,1,83.0
4,3,3,True,3,0.5623190559440558,2,0.2430423881673881,0,0.19463855588855594,1,0.0,4,0.0,1,76.0
4,3,1,False,1,0.52922134084606,6,0.1556404757199746,0,0.12201798327942763,2,0.10154425024930601,4,0.0915759499052313,6,18.0
4,3,3,True,3,0.5405486228168116,2,0.18188629640912915,5,0.1782935045690463,0,0.09927157620501273,1,0.0,1,78.0
4,4,3,False,3,0.4899826423576423,2,0.3164236596736596,6,0.10443444055944054,0,0.08915925740925745,1,0.0,6,74.0
4,3,3,True,3,1.0,0,0.0,1,0.0,2,0.0,4,0.0,1,82.0
4,3,3,True,3,0.4294425492807845,2,0.36530856561738906,0,0.20524888510182623,1,0.0,4,0.0,1,79.0
4,0,2,False,2,0.43040836940836935,6,0.2800757575757576,4,0.1476435786435786,0,0.1418722943722944,3,0.0,4,49.0
4,1,1,True,1,0.3247301714453418,5,0.23641328756382918,4,0.16109240522978904,6,0.14300643869374519,2,0.13475769706729454,1,25.0
4,1,0,False,0,0.559777447218506,3,0.2888367897955829,6,0.07657667232372774,2,0.07480909066218323,1,0.0,5,58.0
4,0,3,False,3,0.5881612554112553,2,0.24382611832611828,6,0.1660126262626262,0,0.002,1,0.0,4,90.0
4,1,2,False,2,0.7783247920809835,4,0.11417838899146943,1,0.10749681892754648,0,0.0,3,0.0,3,14.0
4,1,1,True,1,0.4149599567099568,2,0.2957099567099566,4,0.1731623376623376,6,0.11616774891774889,3,0.0,1,13.0
4,1,1,True,1,0.7941549077713259,4,0.12834329830037244,6,0.06297433574462766,3,0.014527458183673967,2,0.0,1,0.0
4,2,3,False,3,1.0,0,0.0,1,0.0,2,0.0,4,0.0,4,82.0
4,1,1,True,1,0.41589502962936464,6,0.34585089479962616,2,0.0856880652307863,0,0.08044912933008572,5,0.07211688101013712,1,7.0
4,2,1,False,1,0.5108556293207996,6,0.32046985530809047,4,0.09479617905314497,2,0.07387833631796481,3,0.0,4,6.0
4,0,0,True,0,0.3972091935841934,2,0.2014100621600621,6,0.19615735653235647,3,0.10616687479187478,1,0.0990565129315129,1,45.0
4,2,0,False,0,0.38287545887057833,6,0.18895334639651673,2,0.1866253387621981,3,0.186369677800477,1,0.055176178170229594,3,47.0
4,2,0,False,0,0.2754401423739658,3,0.2416981425866874,6,0.2118431429251862,2,0.2066495664208512,5,0.0643690056933091,4,57.0
4,0,0,True,0,0.6793536741036739,2,0.18223815073815072,3,0.13840817515817508,1,0.0,4,0.0,1,37.0
4,2,1,False,1,0.3247301714453418,5,0.23641328756382918,4,0.16109240522978904,6,0.14300643869374519,2,0.13475769706729454,5,25.0
4,1,1,True,1,0.3247301714453418,5,0.23641328756382918,4,0.16109240522978904,6,0.14300643869374519,2,0.13475769706729454,1,25.0
4,1,2,False,2,0.5507309232477189,1,0.2543578494776636,6,0.13287903377152588,5,0.06203219350309131,3,0.0,2,17.0
4,0,0,True,0,0.3748682983682982,2,0.30718262293262283,4,0.17611155511155505,6,0.1418375235875236,3,0.0,1,27.0
4,6,1,False,1,0.3247301714453418,5,0.23641328756382918,4,0.16109240522978904,6,0.14300643869374519,2,0.13475769706729454,4,25.0
4,6,6,True,6,0.6693990315240316,1,0.33060096847596826,2,0.0,0,0.0,3,0.0,1,3.0
4,0,2,False,2,0.5178407564657566,0,0.20656898656898653,1,0.1076255411255411,3,0.10554587079587079,6,0.06241884504384504,2,31.0
4,1,2,False,2,0.3509434176934176,6,0.3325114191364192,1,0.316545163170163,0,0.0,3,0.0,3,8.0
4,0,3,False,3,0.42146367358132053,2,0.2396137081872375,6,0.2319084298054885,0,0.10701418842595307,1,0.0,4,48.0
4,6,2,False,2,0.43040836940836935,6,0.2800757575757576,4,0.1476435786435786,0,0.1418722943722944,3,0.0,2,49.0
4,6,3,False,3,0.5393054306804307,0,0.21464131701631708,2,0.12474327061827059,6,0.12130998168498162,1,0.0,4,65.0
4,6,1,False,1,0.4149599567099568,2,0.2957099567099566,4,0.1731623376623376,6,0.11616774891774889,3,0.0,4,13.0
4,6,0,False,0,0.559777447218506,3,0.2888367897955829,6,0.07657667232372774,2,0.07480909066218323,1,0.0,3,58.0
4,0,1,False,1,0.7941549077713259,4,0.12834329830037244,6,0.06297433574462766,3,0.014527458183673967,2,0.0,6,0.0
4,1,2,False,2,0.5502222997515936,6,0.1937757373289578,0,0.18407786231021178,4,0.07192410060923654,3,0.0,6,23.0
4,6,2,False,2,0.3803849482380238,0,0.2368941333085733,3,0.18975609578224323,1,0.1276081195623697,6,0.06535670310878952,5,51.0
4,6,0,False,0,0.38659231338836597,2,0.31829755770545237,6,0.2951101289061815,1,0.0,3,0.0,3,61.0
4,0,2,False,2,0.3667837630150019,6,0.3223361637016906,3,0.16828785090711318,0,0.14259222237619393,1,0.0,4,62.0
4,3,3,True,3,1.0,0,0.0,1,0.0,2,0.0,4,0.0,1,173.0
4,3,2,False,2,0.29538915373748453,0,0.29354364739073296,3,0.24877014313403792,1,0.08264215426853401,6,0.07965490146921024,3,52.0
4,3,3,True,3,0.3216043743837859,0,0.30935810757869575,6,0.2625067367273247,2,0.10653078131019303,1,0.0,1,38.0
4,3,3,True,3,0.992,2,0.008,1,0.0,0,0.0,4,0.0,1,121.0
4,2,2,True,2,0.3500219369553733,0,0.3022789379093556,6,0.21069893006889914,3,0.0694233618548634,5,0.06757683321150812,1,53.0
4,2,3,False,3,0.4294425492807845,2,0.36530856561738906,0,0.20524888510182623,1,0.0,4,0.0,2,79.0
4,3,3,True,3,0.5881612554112553,2,0.24382611832611828,6,0.1660126262626262,0,0.002,1,0.0,1,90.0
4,1,2,False,2,0.34678276943912295,1,0.29894070378926335,6,0.20743018134555347,4,0.09734546790374286,5,0.04950087752231713,2,20.0
4,2,2,True,2,0.2833199192189776,6,0.2750163846583314,1,0.2527851940695365,0,0.13134650250515043,5,0.057531999548003795,1,21.0
4,2,3,False,3,0.4294425492807845,2,0.36530856561738906,0,0.20524888510182623,1,0.0,4,0.0,2,79.0
4,2,0,False,0,0.2754401423739658,3,0.2416981425866874,6,0.2118431429251862,2,0.2066495664208512,5,0.0643690056933091,4,57.0
4,2,1,False,1,0.52922134084606,6,0.1556404757199746,0,0.12201798327942763,2,0.10154425024930601,4,0.0915759499052313,4,18.0
4,2,6,False,6,0.39593111137228787,0,0.24621619312060478,3,0.18420114444379146,2,0.1736515510633157,1,0.0,4,46.0
4,1,1,True,1,0.7941549077713259,4,0.12834329830037244,6,0.06297433574462766,3,0.014527458183673967,2,0.0,1,0.0
4,0,3,False,3,0.3698013134779782,0,0.30673856344141265,6,0.16480805878416177,2,0.1586520642964472,1,0.0,2,40.0
4,2,2,True,2,0.4910464629539708,6,0.15152372928069516,0,0.148320055202795,3,0.14755051591854992,1,0.06155923664398897,1,35.0
4,2,0,False,0,0.2904984214813767,6,0.22557642106812584,1,0.22507423279409744,2,0.19528903419048455,3,0.06356189046591523,4,32.0
4,2,3,False,3,0.5275165806415807,0,0.4724834193584193,1,0.0,2,0.0,4,0.0,4,42.0
4,6,2,False,2,0.3803849482380238,0,0.2368941333085733,3,0.18975609578224323,1,0.1276081195623697,6,0.06535670310878952,5,51.0
4,0,3,False,3,0.5630008259714141,2,0.20248626210390921,6,0.1242947412065059,0,0.11021817071817068,1,0.0,4,69.0
4,6,2,False,2,0.5507309232477189,1,0.2543578494776636,6,0.13287903377152588,5,0.06203219350309131,3,0.0,3,17.0
4,6,6,True,6,0.6693990315240316,1,0.33060096847596826,2,0.0,0,0.0,3,0.0,1,3.0
4,6,3,False,3,0.4491244997262799,6,0.20149223828287294,2,0.1767320572444411,0,0.172651204746406,1,0.0,2,68.0
4,6,2,False,2,0.5502222997515936,6,0.1937757373289578,0,0.18407786231021178,4,0.07192410060923654,3,0.0,2,23.0
4,6,2,False,2,0.506472300102718,1,0.25864652392670956,0,0.15863540011759814,3,0.07624577585297398,4,0.0,7,26.0
4,3,3,True,3,1.0,0,0.0,1,0.0,2,0.0,4,0.0,1,165.0
4,3,3,True,3,1.0,0,0.0,1,0.0,2,0.0,4,0.0,1,171.0
4,3,2,False,2,0.29538915373748453,0,0.29354364739073296,3,0.24877014313403792,1,0.08264215426853401,6,0.07965490146921024,3,52.0
4,3,3,True,3,0.8136309523809523,6,0.1863690476190476,1,0.0,0,0.0,2,0.0,1,87.0
4,3,3,True,3,0.9316666666666668,6,0.04083333333333333,0,0.027499999999999997,1,0.0,2,0.0,1,107.0
4,3,3,True,3,0.4200030525030525,2,0.38138614163614165,6,0.19861080586080587,1,0.0,0,0.0,1,83.0
4,3,3,True,3,0.4294425492807845,2,0.36530856561738906,0,0.20524888510182623,1,0.0,4,0.0,1,79.0
4,1,2,False,2,0.34678276943912295,1,0.29894070378926335,6,0.20743018134555347,4,0.09734546790374286,5,0.04950087752231713,2,20.0
4,0,0,True,0,0.3405200686460392,2,0.3194391028940982,1,0.17361987229878964,6,0.11507074891528506,3,0.051350207245787226,1,36.0
4,1,1,True,1,0.52922134084606,6,0.1556404757199746,0,0.12201798327942763,2,0.10154425024930601,4,0.0915759499052313,1,18.0
4,1,1,True,1,0.7941549077713259,4,0.12834329830037244,6,0.06297433574462766,3,0.014527458183673967,2,0.0,1,0.0
4,2,2,True,2,0.4910464629539708,6,0.15152372928069516,0,0.148320055202795,3,0.14755051591854992,1,0.06155923664398897,1,35.0
4,0,3,False,3,0.4491244997262799,6,0.20149223828287294,2,0.1767320572444411,0,0.172651204746406,1,0.0,4,68.0
4,2,0,False,0,0.559777447218506,3,0.2888367897955829,6,0.07657667232372774,2,0.07480909066218323,1,0.0,4,58.0
4,2,2,True,2,0.29538915373748453,0,0.29354364739073296,3,0.24877014313403792,1,0.08264215426853401,6,0.07965490146921024,1,52.0
4,2,0,False,0,0.38287545887057833,6,0.18895334639651673,2,0.1866253387621981,3,0.186369677800477,1,0.055176178170229594,3,47.0
4,0,0,True,0,0.38659231338836597,2,0.31829755770545237,6,0.2951101289061815,1,0.0,3,0.0,1,61.0
4,2,0,False,0,0.5161731214691743,3,0.19844054410501782,6,0.19730601197048547,2,0.08808032245532242,1,0.0,4,50.0
4,2,2,True,2,0.4459047535621589,1,0.3013710694781979,0,0.14510042262676703,4,0.05487794548182947,6,0.05274580885104657,1,16.0
4,2,2,True,2,0.3667837630150019,6,0.3223361637016906,3,0.16828785090711318,0,0.14259222237619393,1,0.0,1,62.0
4,3,2,False,2,0.3667837630150019,6,0.3223361637016906,3,0.16828785090711318,0,0.14259222237619393,1,0.0,3,62.0
4,4,1,False,1,0.453404181303882,6,0.2601907152650521,2,0.14062810112630064,0,0.08068105113018625,4,0.06509595117457882,5,5.0
4,5,3,False,3,0.5393054306804307,0,0.21464131701631708,2,0.12474327061827059,6,0.12130998168498162,1,0.0,7,65.0
4,2,6,False,6,0.7315031773781776,3,0.16526236263736266,0,0.06719881507381506,2,0.03603564491064491,1,0.0,4,66.0
4,2,0,False,0,0.3405200686460392,2,0.3194391028940982,1,0.17361987229878964,6,0.11507074891528506,3,0.051350207245787226,2,36.0
4,1,1,True,1,0.453404181303882,6,0.2601907152650521,2,0.14062810112630064,0,0.08068105113018625,4,0.06509595117457882,1,5.0
4,0,0,True,0,0.3972091935841934,2,0.2014100621600621,6,0.19615735653235647,3,0.10616687479187478,1,0.0990565129315129,1,45.0
4,0,0,True,0,0.5161731214691743,3,0.19844054410501782,6,0.19730601197048547,2,0.08808032245532242,1,0.0,1,50.0
4,6,0,False,0,0.49720042712418866,2,0.15871475978441912,3,0.1499692092250141,6,0.12823505374627664,1,0.06588055012010118,4,60.0
4,1,1,True,1,0.5108556293207996,6,0.32046985530809047,4,0.09479617905314497,2,0.07387833631796481,3,0.0,1,6.0
4,6,6,True,6,0.4186893939393938,0,0.3741139971139971,2,0.2071966089466089,1,0.0,3,0.0,1,29.0
4,6,0,False,0,0.3972091935841934,2,0.2014100621600621,6,0.19615735653235647,3,0.10616687479187478,1,0.0990565129315129,3,45.0
4,0,2,False,2,0.4517238259652509,1,0.41184356731695543,0,0.048676086212437,4,0.045048516250836716,6,0.042708004254519774,3,22.0
4,6,0,False,0,0.3582556268550851,3,0.35250257233306775,2,0.2006275103035939,1,0.08861429050825333,4,0.0,7,33.0
4,3,2,False,2,0.36651301184195917,0,0.2843786447470656,3,0.2813288137301293,6,0.06777952968084545,1,0.0,3,41.0
4,3,0,False,0,0.3405200686460392,2,0.3194391028940982,1,0.17361987229878964,6,0.11507074891528506,3,0.051350207245787226,5,36.0
4,3,3,True,3,0.5393054306804307,0,0.21464131701631708,2,0.12474327061827059,6,0.12130998168498162,1,0.0,1,65.0
4,3,0,False,0,0.6793536741036739,2,0.18223815073815072,3,0.13840817515817508,1,0.0,4,0.0,3,37.0
4,3,2,False,2,0.5477390311114231,3,0.29867261116537597,6,0.10307845341904769,1,0.05050990430415319,0,0.0,2,39.0
4,3,3,True,3,0.42146367358132053,2,0.2396137081872375,6,0.2319084298054885,0,0.10701418842595307,1,0.0,1,48.0
4,3,2,False,2,0.29538915373748453,0,0.29354364739073296,3,0.24877014313403792,1,0.08264215426853401,6,0.07965490146921024,3,52.0
5,1,2,False,2,0.30579349597770633,1,0.1586541233963834,4,0.1524273539927564,6,0.14908247093463803,3,0.14901174650942442,2,24.0
5,0,3,False,3,0.3934511599511598,0,0.260442599067599,2,0.22563025863025857,6,0.1204759823509823,1,0.0,2,70.0
5,2,0,False,0,0.3578636289750841,3,0.34404371351043184,2,0.298092657514484,1,0.0,4,0.0,3,64.0
5,2,2,True,2,0.44063923934495675,1,0.27778604212227836,6,0.22277403494077,5,0.058800683591994626,3,0.0,1,17.0
5,0,2,False,2,0.42666996668273455,1,0.3320694092445599,0,0.09994276620658718,4,0.09199429127624277,6,0.04932356658987531,3,16.0
5,3,3,True,3,0.6261862026862027,2,0.3738137973137974,1,0.0,0,0.0,4,0.0,1,91.0
5,3,3,True,3,0.39864007805919577,6,0.21377527701057106,0,0.2060442857795799,2,0.18154035915065317,1,0.0,1,48.0
5,3,3,True,3,0.9940000000000001,0,0.004,6,0.002,1,0.0,2,0.0,1,85.0
5,5,1,False,1,0.5500357084436032,6,0.24720851224798582,2,0.11409796124927704,3,0.08865781805913384,0,0.0,7,10.0
5,2,3,False,3,0.3648082054499255,0,0.25950781805642886,2,0.25798244693281736,1,0.05885599579599383,6,0.05884553376483404,3,52.0
5,2,2,True,2,0.4745140251545114,6,0.23358976732736647,0,0.18077763972465813,1,0.06139173590302946,4,0.04972683189043399,1,23.0
5,2,2,True,2,0.40528294581235746,6,0.2285395601130894,3,0.1842992489536607,4,0.09837195565872035,0,0.08350628946217178,1,54.0
5,0,2,False,2,0.40528294581235746,6,0.2285395601130894,3,0.1842992489536607,4,0.09837195565872035,0,0.08350628946217178,5,54.0
5,0,1,False,1,0.4275710663175834,6,0.32431495929251336,4,0.16008424392944512,2,0.08802973046045798,3,0.0,6,5.0
5,1,2,False,2,0.30579349597770633,1,0.1586541233963834,4,0.1524273539927564,6,0.14908247093463803,3,0.14901174650942442,2,24.0
5,6,0,False,0,0.38232565498405646,2,0.35274278805292925,1,0.15905519675526147,6,0.058055796654609415,3,0.047820563553143215,4,36.0
5,6,3,False,3,0.38760903246469597,0,0.3251804855341435,2,0.17562213479338587,6,0.11158834720777439,1,0.0,4,40.0
5,0,2,False,2,0.4728781961963691,1,0.42400572766663314,0,0.0549789251777054,6,0.04813715095929233,3,0.0,3,22.0
5,6,2,False,2,0.4905045562527392,3,0.389938481548439,6,0.06065216166291342,1,0.05890480053590834,0,0.0,3,39.0
5,0,3,False,3,0.7745546259296258,6,0.11400355200355197,0,0.11144182206682203,1,0.0,2,0.0,3,69.0
5,2,3,False,3,0.703558261183261,0,0.15611778499278495,6,0.14032395382395382,1,0.0,2,0.0,5,84.0
5,6,3,False,3,0.725875541125541,0,0.2680638528138527,2,0.00606060606060606,1,0.0,4,0.0,7,98.0
5,3,3,True,3,0.7929880952380952,6,0.20701190476190467,1,0.0,0,0.0,2,0.0,1,87.0
5,3,3,True,3,0.996,2,0.004,1,0.0,0,0.0,4,0.0,1,120.0
5,3,3,True,3,0.4859589577089578,2,0.21045293595293582,6,0.19530595793095795,0,0.10828214840714835,1,0.0,1,63.0
5,3,3,True,3,0.5523333333333333,5,0.43433333333333335,4,0.01,0,0.003333333333333333,2,0.0,1,112.0
5,3,3,True,3,0.725875541125541,0,0.2680638528138527,2,0.00606060606060606,1,0.0,4,0.0,1,98.0
5,3,3,True,3,0.5370154290154292,2,0.36065071040071023,6,0.10233386058386054,1,0.0,0,0.0,1,81.0
5,3,1,False,1,0.7956478323917487,4,0.12597288592145528,6,0.062177875104428564,0,0.016201406582366983,3,0.0,5,0.0
5,3,0,False,0,0.4733927419759464,3,0.2558652643795831,1,0.10824232462583856,2,0.08430667840071865,6,0.07819299061791321,2,33.0
5,3,6,False,6,0.3066500084882437,0,0.297568094487212,3,0.28458943997179287,2,0.11119245705275116,1,0.0,3,38.0
5,3,3,True,3,1.0,0,0.0,1,0.0,2,0.0,4,0.0,1,131.0
5,3,0,False,0,0.5857936398396925,6,0.16042384735147888,2,0.15926966089466082,1,0.09451285191416771,3,0.0,5,45.0
5,3,6,False,6,0.35147619047619033,3,0.3459345238095237,2,0.29276984126984124,0,0.009819444444444445,1,0.0,2,77.0
5,0,2,False,2,0.40528294581235746,6,0.2285395601130894,3,0.1842992489536607,4,0.09837195565872035,0,0.08350628946217178,5,54.0
5,1,1,True,1,0.7956478323917487,4,0.12597288592145528,6,0.062177875104428564,0,0.016201406582366983,3,0.0,1,0.0
5,2,2,True,2,0.3920659022779766,0,0.2978404214464585,6,0.1579365680329302,3,0.07686895350091943,5,0.07528815474171509,1,53.0
5,0,0,True,0,0.3973383674793521,3,0.24201874890712535,2,0.14589072193529382,6,0.13164366760503515,1,0.08310849407319319,1,58.0
5,3,3,True,3,1.0,0,0.0,1,0.0,2,0.0,4,0.0,1,156.0
5,3,0,False,0,0.3909141414141411,2,0.2886291486291485,3,0.16886147186147177,6,0.1515952380952381,1,0.0,3,96.0
5,2,1,False,1,0.3840784757109599,2,0.29436816693200435,6,0.16023862327765598,4,0.10419954983931623,5,0.057115184240063094,2,20.0
5,2,3,False,3,0.7745546259296258,6,0.11400355200355197,0,0.11144182206682203,1,0.0,2,0.0,5,69.0
5,3,3,True,3,0.985,6,0.015,1,0.0,0,0.0,2,0.0,1,110.0
5,1,1,True,1,0.4275710663175834,6,0.32431495929251336,4,0.16008424392944512,2,0.08802973046045798,3,0.0,1,5.0
5,1,1,True,1,0.4534127338315955,6,0.14732925672129743,2,0.14706765754946108,4,0.10869980362735628,0,0.09435106108566521,1,18.0
5,0,3,False,3,0.38760903246469597,0,0.3251804855341435,2,0.17562213479338587,6,0.11158834720777439,1,0.0,2,40.0
5,1,2,False,2,0.5577663447663448,0,0.12082732545232541,1,0.11904832667332664,3,0.1072101093351093,6,0.09514789377289372,3,26.0
5,2,2,True,2,0.40528294581235746,6,0.2285395601130894,3,0.1842992489536607,4,0.09837195565872035,0,0.08350628946217178,1,54.0
5,6,2,False,2,0.3920659022779766,0,0.2978404214464585,6,0.1579365680329302,3,0.07686895350091943,5,0.07528815474171509,3,53.0
5,1,2,False,2,0.494521645021645,1,0.25681890331890317,5,0.24865945165945152,0,0.0,3,0.0,2,28.0
5,1,6,False,6,0.5002135927797693,1,0.29334723691341336,4,0.10717526346202813,2,0.09926390684478915,3,0.0,2,11.0
5,6,2,False,2,0.47486431139454766,3,0.3751447028988421,0,0.14999098570661026,1,0.0,4,0.0,7,43.0
5,6,1,False,1,0.7842228604728605,2,0.10948523698523696,6,0.1062919025419025,0,0.0,3,0.0,3,6.0
5,6,0,False,0,0.38085775069443806,2,0.2962174715549328,6,0.23897115238562608,3,0.08395362536500305,1,0.0,3,55.0
5,0,6,False,6,0.35147619047619033,3,0.3459345238095237,2,0.29276984126984124,0,0.009819444444444445,1,0.0,4,77.0
5,0,0,True,0,0.41681178921697487,6,0.23602582329091612,3,0.1542019987236705,2,0.13785760399730987,1,0.05510278477112842,1,60.0
5,6,0,False,0,0.289671622317722,2,0.2780339952482569,1,0.2125578256988271,6,0.13228653475369048,3,0.0874500219815033,4,32.0
5,6,1,False,1,0.5634867083810584,6,0.2899275933474849,2,0.1465856982714567,0,0.0,3,0.0,2,9.0
5,4,1,False,1,0.7842228604728605,2,0.10948523698523696,6,0.1062919025419025,0,0.0,3,0.0,6,6.0
5,3,3,True,3,1.0,0,0.0,1,0.0,2,0.0,4,0.0,1,138.0
5,3,3,True,3,1.0,0,0.0,1,0.0,2,0.0,4,0.0,1,175.0
5,3,0,False,0,0.3973383674793521,3,0.24201874890712535,2,0.14589072193529382,6,0.13164366760503515,1,0.08310849407319319,2,58.0
5,3,3,True,3,0.6180539504355292,2,0.23396087830298334,5,0.147985171261487,1,0.0,0,0.0,1,86.0
5,3,3,True,3,0.9940000000000001,0,0.004,6,0.002,1,0.0,2,0.0,1,85.0
5,3,3,True,3,0.9940000000000001,0,0.004,6,0.002,1,0.0,2,0.0,1,85.0
5,3,0,False,0,0.3849228021720281,6,0.18363229048213564,5,0.1769003645133676,3,0.16376386272825896,2,0.09078068010420948,4,75.0
5,3,3,True,3,0.6151114164473297,2,0.2510859495251909,0,0.1338026340274792,1,0.0,4,0.0,1,76.0
5,3,3,True,3,0.8649157231657232,2,0.13508427683427685,1,0.0,0,0.0,4,0.0,1,100.0
5,3,0,False,0,0.3578636289750841,3,0.34404371351043184,2,0.298092657514484,1,0.0,4,0.0,2,64.0
5,1,1,True,1,0.7956478323917487,4,0.12597288592145528,6,0.062177875104428564,0,0.016201406582366983,3,0.0,1,0.0
5,1,1,True,1,0.5500357084436032,6,0.24720851224798582,2,0.11409796124927704,3,0.08865781805913384,0,0.0,1,10.0
5,1,1,True,1,0.7956478323917487,4,0.12597288592145528,6,0.062177875104428564,0,0.016201406582366983,3,0.0,1,0.0
5,2,6,False,6,0.40422646389558153,0,0.28190687662011177,3,0.2110174661939367,2,0.10284919329036972,1,0.0,4,46.0
5,1,1,True,1,0.3394615662115661,2,0.3372930264180264,6,0.3232454073704072,0,0.0,3,0.0,1,8.0
5,2,6,False,6,0.5002135927797693,1,0.29334723691341336,4,0.10717526346202813,2,0.09926390684478915,3,0.0,4,11.0
5,2,2,True,2,0.40528294581235746,6,0.2285395601130894,3,0.1842992489536607,4,0.09837195565872035,0,0.08350628946217178,1,54.0
5,1,1,True,1,0.7956478323917487,4,0.12597288592145528,6,0.062177875104428564,0,0.016201406582366983,3,0.0,1,0.0
5,2,3,False,3,0.7745546259296258,6,0.11400355200355197,0,0.11144182206682203,1,0.0,2,0.0,5,69.0
5,2,3,False,3,0.5195872648593237,2,0.28498701951643113,0,0.1954257156242449,1,0.0,4,0.0,2,79.0
5,2,2,True,2,0.3157140717817051,0,0.2842442796774873,6,0.17722677277105864,3,0.16087375327593378,5,0.06194112249381461,1,57.0
5,2,1,False,1,0.4275710663175834,6,0.32431495929251336,4,0.16008424392944512,2,0.08802973046045798,3,0.0,4,5.0
5,2,3,False,3,0.5195872648593237,2,0.28498701951643113,0,0.1954257156242449,1,0.0,4,0.0,2,79.0
5,2,0,False,0,0.5532382625544389,2,0.2621423984512218,3,0.09270111750994102,1,0.09191822148439792,4,0.0,2,44.0
5,2,2,True,2,0.42666996668273455,1,0.3320694092445599,0,0.09994276620658718,4,0.09199429127624277,6,0.04932356658987531,1,16.0
5,2,2,True,2,0.4905045562527392,3,0.389938481548439,6,0.06065216166291342,1,0.05890480053590834,0,0.0,1,39.0
5,2,2,True,2,0.3327280802273061,6,0.28129631200412925,0,0.19955194259644735,3,0.1864236651721171,1,0.0,1,62.0
5,2,3,False,3,0.9696666666666667,0,0.030333333333333337,1,0.0,2,0.0,4,0.0,4,94.0
5,1,1,True,1,0.7956478323917487,4,0.12597288592145528,6,0.062177875104428564,0,0.016201406582366983,3,0.0,1,0.0
5,2,1,False,1,0.7842228604728605,2,0.10948523698523696,6,0.1062919025419025,0,0.0,3,0.0,2,6.0
5,1,1,True,1,0.7956478323917487,4,0.12597288592145528,6,0.062177875104428564,0,0.016201406582366983,3,0.0,1,0.0
5,6,1,False,1,0.7842228604728605,2,0.10948523698523696,6,0.1062919025419025,0,0.0,3,0.0,3,6.0
5,0,2,False,2,0.3617243739875386,1,0.3232316802457399,6,0.10673000166764128,4,0.1062805906395992,0,0.10203335345948078,5,19.0
5,6,2,False,2,0.7067892630245574,3,0.17998720642102994,6,0.04770288943083061,0,0.04656960767990181,5,0.0189510334436805,3,66.0
5,6,6,True,6,0.46720300614418264,1,0.22155427742192446,4,0.19909874112815285,2,0.11214397530574001,3,0.0,1,2.0
5,6,0,False,0,0.5857936398396925,6,0.16042384735147888,2,0.15926966089466082,1,0.09451285191416771,3,0.0,2,45.0
5,6,6,True,6,0.5002135927797693,1,0.29334723691341336,4,0.10717526346202813,2,0.09926390684478915,3,0.0,1,11.0
5,0,6,False,6,0.5999819624819623,1,0.3041077011224069,0,0.09591033639563049,2,0.0,3,0.0,3,1.0
5,6,0,False,0,0.38085775069443806,2,0.2962174715549328,6,0.23897115238562608,3,0.08395362536500305,1,0.0,3,55.0
5,6,1,False,1,0.5500357084436032,6,0.24720851224798582,2,0.11409796124927704,3,0.08865781805913384,0,0.0,2,10.0
5,6,3,False,3,0.4859589577089578,2,0.21045293595293582,6,0.19530595793095795,0,0.10828214840714835,1,0.0,3,63.0
5,3,3,True,3,0.4859589577089578,2,0.21045293595293582,6,0.19530595793095795,0,0.10828214840714835,1,0.0,1,63.0
5,2,2,True,2,0.3078201877379431,6,0.2648958476921735,1,0.22892349653423974,0,0.13487385300060045,5,0.06348661503504288,1,21.0
5,0,2,False,2,0.5577663447663448,0,0.12082732545232541,1,0.11904832667332664,3,0.1072101093351093,6,0.09514789377289372,2,26.0
5,2,3,False,3,0.40607588734794603,0,0.2734362919215859,6,0.2468311258458316,2,0.07365669488463603,1,0.0,4,68.0
5,0,0,True,0,0.3849228021720281,6,0.18363229048213564,5,0.1769003645133676,3,0.16376386272825896,2,0.09078068010420948,1,75.0
5,2,6,False,6,0.40422646389558153,0,0.28190687662011177,3,0.2110174661939367,2,0.10284919329036972,1,0.0,4,46.0
5,3,3,True,3,0.8649157231657232,2,0.13508427683427685,1,0.0,0,0.0,4,0.0,1,100.0
5,0,3,False,3,0.549,6,0.451,1,0.0,0,0.0,2,0.0,4,108.0
5,2,2,True,2,0.44063923934495675,1,0.27778604212227836,6,0.22277403494077,5,0.058800683591994626,3,0.0,1,17.0
5,2,2,True,2,0.4905045562527392,3,0.389938481548439,6,0.06065216166291342,1,0.05890480053590834,0,0.0,1,39.0
5,3,3,True,3,0.703558261183261,0,0.15611778499278495,6,0.14032395382395382,1,0.0,2,0.0,1,84.0
5,5,1,False,1,0.38217085163095726,2,0.19391126928004368,6,0.18664597401683472,4,0.12003502432392585,5,0.11723688074823814,5,25.0
5,0,1,False,1,0.5500357084436032,6,0.24720851224798582,2,0.11409796124927704,3,0.08865781805913384,0,0.0,5,10.0
5,1,1,True,1,0.4275710663175834,6,0.32431495929251336,4,0.16008424392944512,2,0.08802973046045798,3,0.0,1,5.0
5,3,3,True,3,0.8561502109002105,2,0.14384978909978907,1,0.0,0,0.0,4,0.0,1,82.0
5,4,2,False,2,0.4728781961963691,1,0.42400572766663314,0,0.0549789251777054,6,0.04813715095929233,3,0.0,6,22.0
5,1,2,False,2,0.36365140415140396,6,0.258845127095127,0,0.13377122877122874,1,0.12826440226440225,3,0.1154678377178377,4,30.0
5,0,0,True,0,0.3973383674793521,3,0.24201874890712535,2,0.14589072193529382,6,0.13164366760503515,1,0.08310849407319319,1,58.0
5,0,6,False,6,0.37604877058785713,0,0.35606739455075354,2,0.26788383486138906,1,0.0,3,0.0,2,61.0
5,2,0,False,0,0.4733927419759464,3,0.2558652643795831,1,0.10824232462583856,2,0.08430667840071865,6,0.07819299061791321,4,33.0
5,1,2,False,2,0.5577663447663448,0,0.12082732545232541,1,0.11904832667332664,3,0.1072101093351093,6,0.09514789377289372,3,26.0
5,1,1,True,1,0.4534127338315955,6,0.14732925672129743,2,0.14706765754946108,4,0.10869980362735628,0,0.09435106108566521,1,18.0
5,1,2,False,2,0.4728781961963691,1,0.42400572766663314,0,0.0549789251777054,6,0.04813715095929233,3,0.0,2,22.0
5,1,2,False,2,0.45566136202978297,1,0.3309844556028766,6,0.1127499532631111,3,0.1006042291042291,0,0.0,2,12.0
5,6,2,False,2,0.3617243739875386,1,0.3232316802457399,6,0.10673000166764128,4,0.1062805906395992,0,0.10203335345948078,3,19.0
5,6,1,False,1,0.3840784757109599,2,0.29436816693200435,6,0.16023862327765598,4,0.10419954983931623,5,0.057115184240063094,3,20.0
5,6,1,False,1,0.7842228604728605,2,0.10948523698523696,6,0.1062919025419025,0,0.0,3,0.0,3,6.0
5,0,3,False,3,0.6151114164473297,2,0.2510859495251909,0,0.1338026340274792,1,0.0,4,0.0,3,76.0
5,0,3,False,3,0.4027489144842085,6,0.3190277843071959,2,0.18674353669206611,0,0.0914797645165292,1,0.0,4,59.0
5,0,2,False,2,0.334652181487269,3,0.3271055734806324,0,0.2690100998287595,6,0.06923214520333856,1,0.0,3,56.0
5,3,0,False,0,0.38232565498405646,2,0.35274278805292925,1,0.15905519675526147,6,0.058055796654609415,3,0.047820563553143215,5,36.0
5,4,2,False,2,0.30579349597770633,1,0.1586541233963834,4,0.1524273539927564,6,0.14908247093463803,3,0.14901174650942442,3,24.0
5,3,0,False,0,0.34406895593081094,2,0.33198126864340816,6,0.18136534567305224,3,0.09973941783271295,1,0.042845011920015635,4,47.0
5,3,0,False,0,0.34406895593081094,2,0.33198126864340816,6,0.18136534567305224,3,0.09973941783271295,1,0.042845011920015635,4,47.0
5,4,6,False,6,0.5002135927797693,1,0.29334723691341336,4,0.10717526346202813,2,0.09926390684478915,3,0.0,3,11.0
6,2,2,True,2,0.304242105117105,0,0.2988146159396157,3,0.10703382728382722,6,0.10514579864579861,5,0.09634773559773559,1,31.0
6,2,3,False,3,0.32570814660056124,2,0.29965030445990193,0,0.27777820193222663,6,0.09686334700730984,1,0.0,2,41.0
6,0,2,False,2,0.3164748115026864,0,0.30903838871435263,3,0.18002646415915727,6,0.1406262858247283,1,0.053834049799075176,2,47.0
6,2,2,True,2,0.5509650349650349,1,0.2900207015207015,4,0.15901426351426345,0,0.0,3,0.0,1,14.0
6,2,2,True,2,0.3215330805283017,1,0.2566930379786079,0,0.18403989991178704,6,0.12217128744223568,4,0.1155626941390671,1,19.0
6,2,0,False,0,0.4237522200022199,3,0.2765380730380729,2,0.1594809912309912,6,0.14022871572871573,1,0.0,3,70.0
6,3,3,True,3,0.9916666666666667,0,0.004166666666666667,2,0.0025,6,0.0016666666666666666,1,0.0,1,97.0
6,4,1,False,1,0.3394640119941975,5,0.2044032164086342,6,0.19638220843483986,2,0.19160090777815225,4,0.06814965538417549,5,25.0
6,4,1,False,1,0.8135740290888915,4,0.10617114518159104,6,0.0500815146453893,3,0.015784089503622346,0,0.014389221580505918,2,0.0
6,3,2,False,2,0.5397492466683643,0,0.19487373818991466,3,0.16940011051040457,6,0.09597690463131638,1,0.0,3,43.0
6,5,6,False,6,0.5071698856698859,1,0.40193807581307567,2,0.09089203851703853,0,0.0,3,0.0,7,7.0
6,5,3,False,3,0.9892857142857143,0,0.010714285714285714,1,0.0,2,0.0,4,0.0,6,112.0
6,1,1,True,1,0.8135740290888915,4,0.10617114518159104,6,0.0500815146453893,3,0.015784089503622346,0,0.014389221580505918,1,0.0
6,6,0,False,0,0.499253552003552,2,0.2976276827747415,6,0.20311876522170635,1,0.0,3,0.0,3,61.0
6,0,2,False,2,0.5034683666740574,6,0.22999011106811942,0,0.12863385498554425,4,0.07195411931201065,1,0.06595354796026821,3,23.0
6,1,6,False,6,0.4397678987678988,1,0.4076205461205462,2,0.1526115551115551,0,0.0,3,0.0,2,8.0
6,0,6,False,6,0.5071698856698859,1,0.40193807581307567,2,0.09089203851703853,0,0.0,3,0.0,4,7.0
6,1,2,False,2,0.534510557810396,6,0.22830928844790052,1,0.17905562905758082,5,0.058124524684122186,3,0.0,3,17.0
6,6,2,False,2,0.3516066160237312,0,0.2811494814599706,3,0.17770438492610716,6,0.13424624759111897,5,0.05529326999907159,4,57.0
6,6,2,False,2,0.48215476190476186,3,0.27101587301587304,0,0.24682936507936504,1,0.0,4,0.0,7,89.0
6,6,3,False,3,0.9937142857142857,5,0.0034285714285714284,2,0.002857142857142857,1,0.0,0,0.0,7,87.0
6,3,2,False,2,0.5480399473247772,0,0.22875282100939995,6,0.14119734539626172,3,0.08200988626956118,1,0.0,4,35.0
6,3,3,True,3,1.0,0,0.0,1,0.0,2,0.0,4,0.0,1,184.0
6,3,3,True,3,0.9975,2,0.0025,1,0.0,0,0.0,4,0.0,1,120.0
6,3,1,False,1,0.47118320813173736,2,0.41487862872421716,6,0.11393816314404549,0,0.0,3,0.0,5,12.0
6,3,3,True,3,0.42500472403413575,0,0.3016408003760944,2,0.2733544755897697,1,0.0,4,0.0,1,64.0
6,3,0,False,0,0.4714607874010047,3,0.432724250387294,2,0.09581496221170134,1,0.0,4,0.0,2,42.0
6,3,6,False,6,0.3211171883671883,0,0.28166017316017317,3,0.2812162282162281,2,0.11600641025641027,1,0.0,3,38.0
6,3,0,False,0,0.473249977341275,3,0.2613038031762287,2,0.16870433977413374,6,0.09674187970836234,1,0.0,2,33.0
6,3,3,True,3,0.5287689948939949,2,0.2385836663336663,0,0.2293140054390054,5,0.0025,6,0.0008333333333333333,1,76.0
6,3,3,True,3,0.5327868455074336,0,0.18768489843489833,2,0.1793562670989141,6,0.10017198895875364,1,0.0,1,69.0
6,1,6,False,6,0.5071698856698859,1,0.40193807581307567,2,0.09089203851703853,0,0.0,3,0.0,2,7.0
6,0,3,False,3,0.8670583583083584,2,0.1329416416916417,1,0.0,0,0.0,4,0.0,4,92.0
6,1,1,True,1,0.8135740290888915,4,0.10617114518159104,6,0.0500815146453893,3,0.015784089503622346,0,0.014389221580505918,1,0.0
6,0,2,False,2,0.4337126374862778,6,0.22377610038777415,0,0.20733954724587705,3,0.07304764639609501,5,0.062124068483975566,3,53.0
6,3,3,True,3,0.4880890498390497,2,0.17678257853257848,6,0.17191469641469642,0,0.16321367521367514,1,0.0,1,80.0
6,1,2,False,2,0.5480399473247772,0,0.22875282100939995,6,0.14119734539626172,3,0.08200988626956118,1,0.0,5,35.0
6,2,3,False,3,0.9916666666666667,0,0.004166666666666667,2,0.0025,6,0.0016666666666666666,1,0.0,3,97.0
6,0,0,True,0,0.47529000995564474,3,0.18293845507777384,2,0.17472730451523005,6,0.16704423045135117,1,0.0,1,50.0
6,2,2,True,2,0.5034683666740574,6,0.22999011106811942,0,0.12863385498554425,4,0.07195411931201065,1,0.06595354796026821,1,23.0
6,2,1,False,1,0.4968134920634921,5,0.25584920634920627,2,0.2164801587301587,0,0.0165,6,0.009857142857142858,3,28.0
6,2,6,False,6,0.41553511762463174,0,0.29982505601815057,2,0.19889269181372765,3,0.08574713454349002,1,0.0,3,55.0
6,2,2,True,2,0.5480399473247772,0,0.22875282100939995,6,0.14119734539626172,3,0.08200988626956118,1,0.0,1,35.0
6,2,0,False,0,0.4943435636860559,6,0.2451474621439791,1,0.0998826934589318,2,0.08044039044890437,3,0.08018589026212862,4,45.0
6,0,0,True,0,0.3395043290043289,2,0.3323777056277056,6,0.17086688311688306,4,0.15725108225108228,3,0.0,1,27.0
6,2,2,True,2,0.3523445538122008,6,0.22069741553596042,1,0.2152577835305389,0,0.14316322324046776,5,0.06853702388083191,1,21.0
6,6,2,False,2,0.3215330805283017,1,0.2566930379786079,0,0.18403989991178704,6,0.12217128744223568,4,0.1155626941390671,4,19.0
6,6,2,False,2,0.5149720566671033,0,0.19514767508033756,3,0.14648797474455355,6,0.07251040338230738,4,0.07088189012569812,4,54.0
6,0,3,False,3,0.42500472403413575,0,0.3016408003760944,2,0.2733544755897697,1,0.0,4,0.0,2,64.0
6,1,0,False,0,0.473249977341275,3,0.2613038031762287,2,0.16870433977413374,6,0.09674187970836234,1,0.0,5,33.0
6,6,0,False,0,0.499253552003552,2,0.2976276827747415,6,0.20311876522170635,1,0.0,3,0.0,3,61.0
6,6,1,False,1,0.3460002800776795,2,0.24108442902986243,4,0.239292269606898,3,0.0929662959159863,0,0.08065672536957366,7,24.0
6,1,2,False,2,0.3383566374073271,3,0.3256375639003313,0,0.26361183746967487,6,0.07239396122266627,1,0.0,5,52.0
6,1,2,False,2,0.3215330805283017,1,0.2566930379786079,0,0.18403989991178704,6,0.12217128744223568,4,0.1155626941390671,2,19.0
6,0,3,False,3,0.9916666666666667,0,0.004166666666666667,2,0.0025,6,0.0016666666666666666,1,0.0,2,97.0
6,6,1,False,1,0.3460002800776795,2,0.24108442902986243,4,0.239292269606898,3,0.0929662959159863,0,0.08065672536957366,7,24.0
6,3,3,True,3,0.5703437673437672,2,0.4296562326562326,1,0.0,0,0.0,4,0.0,1,91.0
6,3,2,False,2,0.5289200040436074,3,0.2940897066261885,6,0.120887758819405,1,0.056102530510798776,0,0.0,2,39.0
6,3,3,True,3,1.0,0,0.0,1,0.0,2,0.0,4,0.0,1,159.0
6,3,0,False,0,0.35112096521060304,3,0.3238062677611219,6,0.1678727748302838,2,0.1571999921979909,1,0.0,2,40.0
6,3,3,True,3,0.6487936646686644,0,0.35120633533133544,1,0.0,2,0.0,4,0.0,1,71.0
6,3,2,False,2,0.5397492466683643,0,0.19487373818991466,3,0.16940011051040457,6,0.09597690463131638,1,0.0,3,43.0
6,3,2,False,2,0.5397492466683643,0,0.19487373818991466,3,0.16940011051040457,6,0.09597690463131638,1,0.0,3,43.0
6,3,3,True,3,0.6073214285714286,0,0.3856785714285715,2,0.006999999999999999,1,0.0,4,0.0,1,93.0
6,3,1,False,1,0.3460002800776795,2,0.24108442902986243,4,0.239292269606898,3,0.0929662959159863,0,0.08065672536957366,4,24.0
6,3,0,False,0,0.4237522200022199,3,0.2765380730380729,2,0.1594809912309912,6,0.14022871572871573,1,0.0,2,70.0
6,3,3,True,3,0.5703437673437672,2,0.4296562326562326,1,0.0,0,0.0,4,0.0,1,91.0
6,0,0,True,0,0.5903668831168831,3,0.2756659451659451,2,0.1339671717171717,1,0.0,4,0.0,1,37.0
6,3,3,True,3,0.5547636004346532,5,0.21168971671603237,2,0.12685530624346408,0,0.10669137660585029,1,0.0,1,78.0
6,0,0,True,0,0.4943435636860559,6,0.2451474621439791,1,0.0998826934589318,2,0.08044039044890437,3,0.08018589026212862,1,45.0
6,2,2,True,2,0.5509650349650349,1,0.2900207015207015,4,0.15901426351426345,0,0.0,3,0.0,1,14.0
6,2,3,False,3,0.5096904345654345,2,0.18239252414252405,0,0.1127834665334665,6,0.10261624486624484,4,0.09251732989232986,2,74.0
6,2,6,False,6,0.4397678987678988,1,0.4076205461205462,2,0.1526115551115551,0,0.0,3,0.0,3,8.0
6,3,3,True,3,0.8731051171051173,2,0.12689488289488288,1,0.0,0,0.0,4,0.0,1,101.0
6,3,3,True,3,0.6325644910644909,2,0.12849311799311797,0,0.11964146964146959,6,0.11930092130092128,1,0.0,1,84.0
6,2,3,False,3,0.42500472403413575,0,0.3016408003760944,2,0.2733544755897697,1,0.0,4,0.0,3,64.0
6,2,3,False,3,0.5040329433638259,0,0.19308644786585957,6,0.1906012647483236,2,0.11227934402199105,1,0.0,4,48.0
6,0,3,False,3,0.8670583583083584,2,0.1329416416916417,1,0.0,0,0.0,4,0.0,4,92.0
6,0,1,False,1,0.29057856032856016,6,0.2849694749694749,2,0.2757702020202019,3,0.1486817626817626,0,0.0,5,30.0
6,0,3,False,3,0.6487936646686644,0,0.35120633533133544,1,0.0,2,0.0,4,0.0,2,71.0
6,2,1,False,1,0.3460002800776795,2,0.24108442902986243,4,0.239292269606898,3,0.0929662959159863,0,0.08065672536957366,2,24.0
6,0,0,True,0,0.33656136244216733,3,0.24383658872087655,5,0.1708171993984687,6,0.15714215415647304,2,0.0916426952820141,1,75.0
6,1,6,False,6,0.5071698856698859,1,0.40193807581307567,2,0.09089203851703853,0,0.0,3,0.0,2,7.0
6,1,1,True,1,0.3394640119941975,5,0.2044032164086342,6,0.19638220843483986,2,0.19160090777815225,4,0.06814965538417549,1,25.0
6,2,2,True,2,0.3215330805283017,1,0.2566930379786079,0,0.18403989991178704,6,0.12217128744223568,4,0.1155626941390671,1,19.0
6,1,1,True,1,0.4390589357074532,6,0.1552736950775739,2,0.14322088694974047,4,0.10019773230271511,0,0.09949434753962196,1,18.0
6,0,0,True,0,0.4726890470640472,2,0.3815648681383978,3,0.07947398108427518,1,0.06627210371328018,4,0.0,1,44.0
6,1,6,False,6,0.4089906204906204,1,0.2991695526695526,0,0.2918398268398267,2,0.0,3,0.0,2,1.0
6,6,1,False,1,0.6039714274000181,6,0.2409935138652496,2,0.15503505873473228,0,0.0,3,0.0,2,9.0
6,6,1,False,1,0.6039714274000181,6,0.2409935138652496,2,0.15503505873473228,0,0.0,3,0.0,2,9.0
6,1,1,True,1,0.8135740290888915,4,0.10617114518159104,6,0.0500815146453893,3,0.015784089503622346,0,0.014389221580505918,1,0.0
6,1,2,False,2,0.3215330805283017,1,0.2566930379786079,0,0.18403989991178704,6,0.12217128744223568,4,0.1155626941390671,2,19.0
6,6,2,False,2,0.3523445538122008,6,0.22069741553596042,1,0.2152577835305389,0,0.14316322324046776,5,0.06853702388083191,2,21.0
6,6,6,True,6,0.4089906204906204,1,0.2991695526695526,0,0.2918398268398267,2,0.0,3,0.0,1,1.0
6,2,1,False,1,0.47748425512396125,6,0.4227988482106128,0,0.09971689666542609,2,0.0,3,0.0,4,4.0
6,6,3,False,3,0.5800221523832205,2,0.17478580380747555,6,0.16031118060645924,0,0.08488086320284458,1,0.0,3,63.0
6,6,1,False,1,0.47329121377829503,6,0.19342843595883033,4,0.1350465386851373,2,0.13109036985210082,0,0.06714344172563652,2,5.0
6,3,3,True,3,1.0,0,0.0,1,0.0,2,0.0,4,0.0,1,88.0
6,4,6,False,6,0.5813599872349875,1,0.21657513320013316,2,0.10809440559440554,4,0.09397047397047396,3,0.0,4,2.0
6,3,3,True,3,1.0,0,0.0,1,0.0,2,0.0,4,0.0,1,88.0
6,1,2,False,2,0.534510557810396,6,0.22830928844790052,1,0.17905562905758082,5,0.058124524684122186,3,0.0,3,17.0
6,1,2,False,2,0.3523445538122008,6,0.22069741553596042,1,0.2152577835305389,0,0.14316322324046776,5,0.06853702388083191,3,21.0
6,0,3,False,3,0.7607759740259739,2,0.23922402597402595,1,0.0,0,0.0,4,0.0,4,99.0
6,1,1,True,1,0.8135740290888915,4,0.10617114518159104,6,0.0500815146453893,3,0.015784089503622346,0,0.014389221580505918,1,0.0
6,2,3,False,3,0.5547636004346532,5,0.21168971671603237,2,0.12685530624346408,0,0.10669137660585029,1,0.0,3,78.0
6,2,6,False,6,0.35924852924852907,2,0.2623649406149404,0,0.2582000499500499,4,0.12018648018648012,3,0.0,2,49.0
6,2,2,True,2,0.304242105117105,0,0.2988146159396157,3,0.10703382728382722,6,0.10514579864579861,5,0.09634773559773559,1,31.0
6,1,1,True,1,0.4326723845413945,6,0.24303208541395033,2,0.09076346337289933,0,0.0839151255091657,5,0.08132954161645772,1,10.0
6,1,1,True,1,0.4390589357074532,6,0.1552736950775739,2,0.14322088694974047,4,0.10019773230271511,0,0.09949434753962196,1,18.0
6,0,3,False,3,0.41340506968951246,6,0.24605462489866514,2,0.170307030344956,0,0.17023327506686636,1,0.0,4,68.0
6,2,2,True,2,0.48215476190476186,3,0.27101587301587304,0,0.24682936507936504,1,0.0,4,0.0,1,89.0
6,2,6,False,6,0.4397678987678988,1,0.4076205461205462,2,0.1526115551115551,0,0.0,3,0.0,3,8.0
6,2,2,True,2,0.29926093369396634,0,0.25032361334728737,6,0.19686120047225167,3,0.13196612839606506,1,0.12158812409042916,1,51.0
6,2,1,False,1,0.29057856032856016,6,0.2849694749694749,2,0.2757702020202019,3,0.1486817626817626,0,0.0,3,30.0
6,2,2,True,2,0.5509650349650349,1,0.2900207015207015,4,0.15901426351426345,0,0.0,3,0.0,1,14.0
6,2,2,True,2,0.29926093369396634,0,0.25032361334728737,6,0.19686120047225167,3,0.13196612839606506,1,0.12158812409042916,1,51.0
6,0,6,False,6,0.3426699134199134,3,0.3353888888888886,2,0.3219411976911975,1,0.0,0,0.0,5,73.0
6,4,1,False,1,0.37922489416339544,2,0.35115855087790016,6,0.1729709263344429,4,0.05237573399234198,5,0.044269894631919444,4,20.0
6,3,3,True,3,0.5287689948939949,2,0.2385836663336663,0,0.2293140054390054,5,0.0025,6,0.0008333333333333333,1,76.0
6,0,3,False,3,0.5396666666666667,5,0.43749999999999994,2,0.02283333333333333,1,0.0,0,0.0,5,123.0
6,6,6,True,6,0.4089906204906204,1,0.2991695526695526,0,0.2918398268398267,2,0.0,3,0.0,1,1.0
6,0,0,True,0,0.35112096521060304,3,0.3238062677611219,6,0.1678727748302838,2,0.1571999921979909,1,0.0,1,40.0
6,2,2,True,2,0.5289200040436074,3,0.2940897066261885,6,0.120887758819405,1,0.056102530510798776,0,0.0,1,39.0
6,6,2,False,2,0.3164748115026864,0,0.30903838871435263,3,0.18002646415915727,6,0.1406262858247283,1,0.053834049799075176,4,47.0
6,0,6,False,6,0.41553511762463174,0,0.29982505601815057,2,0.19889269181372765,3,0.08574713454349002,1,0.0,2,55.0
6,1,6,False,6,0.8057282856032851,1,0.19427171439671428,2,0.0,0,0.0,3,0.0,2,3.0
6,6,6,True,6,0.4089906204906204,1,0.2991695526695526,0,0.2918398268398267,2,0.0,3,0.0,1,1.0
6,6,3,False,3,0.3490163170163171,6,0.22497051559551554,2,0.2219839466089466,0,0.20402922077922075,1,0.0,2,59.0
6,3,3,True,3,0.5547636004346532,5,0.21168971671603237,2,0.12685530624346408,0,0.10669137660585029,1,0.0,1,78.0
6,6,6,True,6,0.5071698856698859,1,0.40193807581307567,2,0.09089203851703853,0,0.0,3,0.0,1,7.0
6,6,1,False,1,0.8135740290888915,4,0.10617114518159104,6,0.0500815146453893,3,0.015784089503622346,0,0.014389221580505918,3,0.0
6,3,3,True,3,0.32570814660056124,2,0.29965030445990193,0,0.27777820193222663,6,0.09686334700730984,1,0.0,1,41.0
6,3,3,True,3,0.3490163170163171,6,0.22497051559551554,2,0.2219839466089466,0,0.20402922077922075,1,0.0,1,59.0
6,3,2,False,2,0.3383566374073271,3,0.3256375639003313,0,0.26361183746967487,6,0.07239396122266627,1,0.0,2,52.0
6,3,2,False,2,0.29926093369396634,0,0.25032361334728737,6,0.19686120047225167,3,0.13196612839606506,1,0.12158812409042916,4,51.0
7,0,3,False,3,1.0,0,0.0,1,0.0,2,0.0,4,0.0,2,262.0
7,0,0,True,0,0.3322380131851965,3,0.3280179533752019,6,0.1935692553453186,2,0.14617477809428267,1,0.0,1,40.0
7,0,0,True,0,0.3322380131851965,3,0.3280179533752019,6,0.1935692553453186,2,0.14617477809428267,1,0.0,1,40.0
7,3,3,True,3,0.5127845961228314,2,0.18703084089113492,5,0.18517423344629225,0,0.11501032953974125,1,0.0,1,78.0
7,3,3,True,3,0.5981547619047621,2,0.21665476190476188,6,0.1811904761904762,0,0.004,1,0.0,1,72.0
7,3,3,True,3,0.6037777777777777,2,0.19753571428571426,6,0.19610317460317458,0,0.002583333333333333,1,0.0,1,80.0
7,1,0,False,0,0.3707102508774333,2,0.3630472051598212,6,0.17667142738582356,3,0.08957111657692149,1,0.0,5,32.0
7,2,2,True,2,0.3687730339991333,1,0.3474461645395354,0,0.13851907798806137,4,0.09118212738112326,6,0.05407959609214642,1,16.0
7,2,0,False,0,0.6133062395121216,2,0.2880916216136803,1,0.09860213887419769,3,0.0,4,0.0,2,44.0
7,2,2,True,2,0.3809912412578818,6,0.27746199522012194,0,0.2681066291379758,3,0.07344013438401982,1,0.0,1,53.0
7,3,3,True,3,0.38714946933871097,0,0.35869904579424694,2,0.2541514848670421,1,0.0,4,0.0,1,64.0
7,6,2,False,2,0.4569197177091913,3,0.22402239135133872,0,0.16481061920535595,6,0.15424727173411382,1,0.0,4,62.0
7,2,3,False,3,0.6688685335132702,2,0.22534079783305783,6,0.10579066865367169,1,0.0,0,0.0,2,81.0
7,6,1,False,1,0.48989693639693643,2,0.39418695193695186,6,0.11591611166611164,0,0.0,3,0.0,3,8.0
7,6,3,False,3,0.6100744160809949,6,0.20459214821985708,2,0.18533343569914776,1,0.0,0,0.0,2,63.0
7,6,6,True,6,0.4998701837378308,1,0.2896457243736655,0,0.21048409188850362,2,0.0,3,0.0,1,1.0
7,6,0,False,0,0.4129362320685847,3,0.2686802413273,5,0.2138723923135687,6,0.10451113429054602,2,0.0,4,75.0
7,2,2,True,2,0.35707793522268666,0,0.217094565615615,3,0.17258417346463484,6,0.15076481499489744,1,0.10247851070216565,1,51.0
7,6,6,True,6,0.423435815087905,1,0.3252863858707511,2,0.160090409676323,4,0.09118738936502092,3,0.0,1,11.0
7,6,6,True,6,0.49426968812920835,1,0.20266459211583054,4,0.2009916117164568,2,0.10207410803850428,3,0.0,1,2.0
7,3,3,True,3,0.6100744160809949,6,0.20459214821985708,2,0.18533343569914776,1,0.0,0,0.0,1,63.0
7,1,2,False,2,0.428945636393047,1,0.3400137773898917,0,0.11675746328636631,4,0.060085872335741995,6,0.05419725059495252,2,22.0
7,6,1,False,1,0.48989693639693643,2,0.39418695193695186,6,0.11591611166611164,0,0.0,3,0.0,3,8.0
7,6,1,False,1,0.3924651317890617,2,0.19344045336664803,5,0.1824007713543989,4,0.1186587589498041,6,0.11303488454008705,5,25.0
7,0,3,False,3,0.6811240838624738,2,0.21562156917729663,0,0.1032543469602293,1,0.0,4,0.0,3,76.0
7,6,3,False,3,0.4096612554112555,2,0.3814238816738817,0,0.20891486291486283,1,0.0,4,0.0,7,96.0
7,0,6,False,6,0.3679228328001547,0,0.27926900524655934,2,0.2791257098164992,3,0.0736824521367865,1,0.0,2,55.0
7,3,0,False,0,0.6133062395121216,2,0.2880916216136803,1,0.09860213887419769,3,0.0,4,0.0,4,44.0
7,3,3,True,3,0.5626666666666665,2,0.39233333333333326,0,0.0225,5,0.0225,1,0.0,1,122.0
7,3,0,False,0,0.3322380131851965,3,0.3280179533752019,6,0.1935692553453186,2,0.14617477809428267,1,0.0,2,40.0
7,3,0,False,0,0.4122560336979843,3,0.2919636437264145,2,0.10908765907295317,1,0.10020490190923625,6,0.08648776159341173,2,33.0
7,3,3,True,3,0.6261802919302919,2,0.24195288045288035,5,0.13186682761682755,1,0.0,0,0.0,1,86.0
7,3,0,False,0,0.3322380131851965,3,0.3280179533752019,6,0.1935692553453186,2,0.14617477809428267,1,0.0,2,40.0
7,3,0,False,0,0.4518095238095239,4,0.44819047619047614,3,0.0575,5,0.0425,2,0.0,3,113.0
7,3,3,True,3,1.0,0,0.0,1,0.0,2,0.0,4,0.0,1,145.0
7,3,3,True,3,1.0,0,0.0,1,0.0,2,0.0,4,0.0,1,156.0
7,1,1,True,1,0.7771020968778696,4,0.12953362889580597,6,0.060603588066768514,3,0.01866380736519626,0,0.014096878794359497,1,0.0
7,1,1,True,1,0.7771020968778696,4,0.12953362889580597,6,0.060603588066768514,3,0.01866380736519626,0,0.014096878794359497,1,0.0
7,2,3,False,3,0.5256983117501692,2,0.33896729431559147,0,0.13533439393423913,1,0.0,4,0.0,2,79.0
7,1,2,False,2,0.428945636393047,1,0.3400137773898917,0,0.11675746328636631,4,0.060085872335741995,6,0.05419725059495252,2,22.0
7,0,3,False,3,0.4096612554112555,2,0.3814238816738817,0,0.20891486291486283,1,0.0,4,0.0,3,96.0
7,2,2,True,2,0.45990028599169863,3,0.3516047926045172,6,0.11848534907472213,1,0.07000957232906198,0,0.0,1,39.0
7,2,2,True,2,0.4541199390699189,1,0.3014698295434093,6,0.18812928558182965,5,0.05628094580484199,3,0.0,1,17.0
7,0,3,False,3,0.6037777777777777,2,0.19753571428571426,6,0.19610317460317458,0,0.002583333333333333,1,0.0,4,80.0
7,2,2,True,2,0.4464007936507938,6,0.2873333333333332,0,0.256265873015873,3,0.01,1,0.0,1,89.0
7,2,2,True,2,0.4018643415837689,0,0.24789362215871505,6,0.19300794789146183,3,0.08075847454059523,4,0.07647561382545903,1,54.0
7,0,3,False,3,0.6100744160809949,6,0.20459214821985708,2,0.18533343569914776,1,0.0,0,0.0,5,63.0
7,2,1,False,1,0.4343243775842974,2,0.2885104239919876,6,0.13112639523252095,4,0.10317927246177729,5,0.04285953072941629,2,20.0
7,3,3,True,3,0.8896398878898872,2,0.11036011211011205,1,0.0,0,0.0,4,0.0,1,100.0
7,3,0,False,0,0.6900548756798754,2,0.22909261571761566,6,0.08085250860250862,1,0.0,3,0.0,5,50.0
7,0,3,False,3,0.5564162241267503,6,0.15161154742230584,2,0.13866344972536915,5,0.08890003838610648,0,0.06440874033946788,5,65.0
7,6,1,False,1,0.5635173705262543,2,0.11984903219913644,6,0.10864402919236672,4,0.10275204222648027,0,0.056480141579354104,3,18.0
7,0,2,False,2,0.4569197177091913,3,0.22402239135133872,0,0.16481061920535595,6,0.15424727173411382,1,0.0,3,62.0
7,3,2,False,2,0.4464007936507938,6,0.2873333333333332,0,0.256265873015873,3,0.01,1,0.0,4,89.0
7,0,0,True,0,0.34346207336694945,2,0.33290823611149,3,0.11038863046026526,1,0.1084008911718394,6,0.1048401688894554,1,36.0
7,6,0,False,0,0.4822793908447934,2,0.26021388199004286,6,0.2575067271651636,1,0.0,3,0.0,3,61.0
7,0,0,True,0,0.4129362320685847,3,0.2686802413273,5,0.2138723923135687,6,0.10451113429054602,2,0.0,1,75.0
7,0,1,False,1,0.5635173705262543,2,0.11984903219913644,6,0.10864402919236672,4,0.10275204222648027,0,0.056480141579354104,5,18.0
7,3,0,False,0,0.6900548756798754,2,0.22909261571761566,6,0.08085250860250862,1,0.0,3,0.0,5,50.0
7,3,3,True,3,0.5626666666666665,2,0.39233333333333326,0,0.0225,5,0.0225,1,0.0,1,122.0
7,3,3,True,3,0.9283333333333335,0,0.03933333333333334,5,0.024000000000000004,2,0.008333333333333333,1,0.0,1,124.0
7,3,3,True,3,0.3903381161322338,2,0.20903557227086636,6,0.20334311603429245,0,0.19728319556260718,1,0.0,1,48.0
7,0,0,True,0,0.5571421911421912,6,0.2811108336108336,2,0.16174697524697518,1,0.0,3,0.0,1,34.0
7,1,0,False,0,0.3707102508774333,2,0.3630472051598212,6,0.17667142738582356,3,0.08957111657692149,1,0.0,5,32.0
7,2,2,True,2,0.45990028599169863,3,0.3516047926045172,6,0.11848534907472213,1,0.07000957232906198,0,0.0,1,39.0
7,2,1,False,1,0.5405050782905644,6,0.38385263486158616,2,0.07564228684784949,0,0.0,3,0.0,3,9.0
7,2,0,False,0,0.3502646666516802,3,0.33898247572561724,2,0.24682860202980336,6,0.06392425559289876,1,0.0,3,56.0
7,1,1,True,1,0.7771020968778696,4,0.12953362889580597,6,0.060603588066768514,3,0.01866380736519626,0,0.014096878794359497,1,0.0
7,0,3,False,3,0.4131509523757974,6,0.24588069528510698,0,0.17821740200803657,2,0.16275095033105863,1,0.0,3,68.0
7,2,0,False,0,0.4122560336979843,3,0.2919636437264145,2,0.10908765907295317,1,0.10020490190923625,6,0.08648776159341173,3,33.0
7,1,2,False,2,0.428945636393047,1,0.3400137773898917,0,0.11675746328636631,4,0.060085872335741995,6,0.05419725059495252,2,22.0
7,3,3,True,3,1.0,0,0.0,1,0.0,2,0.0,4,0.0,1,157.0
7,1,1,True,1,0.3991277056277056,2,0.29226875901875893,4,0.15771284271284267,6,0.1508906926406926,3,0.0,1,13.0
7,2,2,True,2,0.4541199390699189,1,0.3014698295434093,6,0.18812928558182965,5,0.05628094580484199,3,0.0,1,17.0
7,2,2,True,2,0.3687730339991333,1,0.3474461645395354,0,0.13851907798806137,4,0.09118212738112326,6,0.05407959609214642,1,16.0
7,2,1,False,1,0.5635173705262543,2,0.11984903219913644,6,0.10864402919236672,4,0.10275204222648027,0,0.056480141579354104,2,18.0
7,2,0,False,0,0.4129362320685847,3,0.2686802413273,5,0.2138723923135687,6,0.10451113429054602,2,0.0,5,75.0
7,2,2,True,2,0.428945636393047,1,0.3400137773898917,0,0.11675746328636631,4,0.060085872335741995,6,0.05419725059495252,1,22.0
7,3,2,False,2,0.37759687534687525,1,0.24878302253302242,6,0.2430536963036962,0,0.1305664058164058,3,0.0,5,30.0
7,5,2,False,2,0.3720578326532054,6,0.25989703522648056,1,0.2434606732071564,0,0.12458445891315723,3,0.0,7,21.0
7,5,2,False,2,0.3809912412578818,6,0.27746199522012194,0,0.2681066291379758,3,0.07344013438401982,1,0.0,7,53.0
7,2,0,False,0,0.3322380131851965,3,0.3280179533752019,6,0.1935692553453186,2,0.14617477809428267,1,0.0,4,40.0
7,2,2,True,2,0.4018643415837689,0,0.24789362215871505,6,0.19300794789146183,3,0.08075847454059523,4,0.07647561382545903,1,54.0
7,0,0,True,0,0.4122560336979843,3,0.2919636437264145,2,0.10908765907295317,1,0.10020490190923625,6,0.08648776159341173,1,33.0
7,1,1,True,1,0.5405050782905644,6,0.38385263486158616,2,0.07564228684784949,0,0.0,3,0.0,1,9.0
7,2,2,True,2,0.3480385505017858,0,0.3213863628201863,3,0.11898761206114142,5,0.1120290444849268,1,0.09955843013195953,1,31.0
7,2,2,True,2,0.3480385505017858,0,0.3213863628201863,3,0.11898761206114142,5,0.1120290444849268,1,0.09955843013195953,1,31.0
7,6,2,False,2,0.4541199390699189,1,0.3014698295434093,6,0.18812928558182965,5,0.05628094580484199,3,0.0,3,17.0
7,1,1,True,1,0.7771020968778696,4,0.12953362889580597,6,0.060603588066768514,3,0.01866380736519626,0,0.014096878794359497,1,0.0
7,1,0,False,0,0.3707102508774333,2,0.3630472051598212,6,0.17667142738582356,3,0.08957111657692149,1,0.0,5,32.0
7,1,1,True,1,0.4022864050723959,6,0.3488940027980274,2,0.16355900347502517,4,0.08526058865455148,3,0.0,1,6.0
7,1,1,True,1,0.7771020968778696,4,0.12953362889580597,6,0.060603588066768514,3,0.01866380736519626,0,0.014096878794359497,1,0.0
7,6,2,False,2,0.3480385505017858,0,0.3213863628201863,3,0.11898761206114142,5,0.1120290444849268,1,0.09955843013195953,7,31.0
7,0,0,True,0,0.564824786324786,3,0.2932831057831057,2,0.14189210789210782,1,0.0,4,0.0,1,37.0
7,0,2,False,2,0.4690802808302807,6,0.3939716949716949,0,0.13694802419802415,1,0.0,3,0.0,3,49.0
7,6,2,False,2,0.5585417640065474,0,0.1834986581186271,3,0.1365173196256787,1,0.06655271134953795,6,0.05488954689960878,5,35.0
7,0,0,True,0,0.6900548756798754,2,0.22909261571761566,6,0.08085250860250862,1,0.0,3,0.0,1,50.0
7,6,0,False,0,0.3707102508774333,2,0.3630472051598212,6,0.17667142738582356,3,0.08957111657692149,1,0.0,3,32.0
7,6,1,False,1,0.3991277056277056,2,0.29226875901875893,4,0.15771284271284267,6,0.1508906926406926,3,0.0,4,13.0
7,6,2,False,2,0.4569197177091913,3,0.22402239135133872,0,0.16481061920535595,6,0.15424727173411382,1,0.0,4,62.0
7,3,3,True,3,0.395668942168942,2,0.37980846930846923,6,0.1128183483183483,5,0.11170424020424025,0,0.0,1,67.0
7,3,3,True,3,1.0,0,0.0,1,0.0,2,0.0,4,0.0,1,185.0
7,4,2,False,2,0.4690802808302807,6,0.3939716949716949,0,0.13694802419802415,1,0.0,3,0.0,6,49.0
7,3,3,True,3,0.7300085747585746,0,0.1356860084360084,2,0.1343054168054168,1,0.0,4,0.0,1,97.0
7,3,0,False,0,0.4182133977133977,2,0.2761548451548451,3,0.16056191031191022,6,0.1450698468198468,1,0.0,3,70.0
7,3,3,True,3,0.6061077394827397,2,0.3938922605172605,1,0.0,0,0.0,4,0.0,1,91.0
7,2,0,False,0,0.34346207336694945,2,0.33290823611149,3,0.11038863046026526,1,0.1084008911718394,6,0.1048401688894554,2,36.0
7,1,1,True,1,0.7771020968778696,4,0.12953362889580597,6,0.060603588066768514,3,0.01866380736519626,0,0.014096878794359497,1,0.0
7,1,2,False,2,0.33496179520043734,1,0.26662264148473375,6,0.14980198771183117,0,0.1410373744695396,4,0.10757620113345774,2,19.0
7,2,2,True,2,0.39257971796864966,6,0.38151727615349906,4,0.14861591491583742,5,0.07728709096201353,3,0.0,1,15.0
7,3,3,True,3,1.0,0,0.0,1,0.0,2,0.0,4,0.0,1,132.0
7,2,3,False,3,0.38714946933871097,0,0.35869904579424694,2,0.2541514848670421,1,0.0,4,0.0,3,64.0
7,0,0,True,0,0.36335314901210203,2,0.2498613625890143,6,0.1916743205552825,3,0.13890880068953007,1,0.05620236715407084,1,47.0
7,6,1,False,1,0.4343243775842974,2,0.2885104239919876,6,0.13112639523252095,4,0.10317927246177729,5,0.04285953072941629,3,20.0
7,2,3,False,3,0.3743469724719724,6,0.30786964424464414,0,0.20606138306138305,2,0.11172200022200018,1,0.0,4,59.0
7,0,2,False,2,0.3573822365994932,0,0.24097045773657683,3,0.1778098379574688,6,0.17259294899810104,5,0.051244518708359735,2,57.0
7,0,2,False,2,0.3809912412578818,6,0.27746199522012194,0,0.2681066291379758,3,0.07344013438401982,1,0.0,3,53.0
7,1,1,True,1,0.4022864050723959,6,0.3488940027980274,2,0.16355900347502517,4,0.08526058865455148,3,0.0,1,6.0
7,2,2,True,2,0.3809912412578818,6,0.27746199522012194,0,0.2681066291379758,3,0.07344013438401982,1,0.0,1,53.0
7,1,1,True,1,0.5635173705262543,2,0.11984903219913644,6,0.10864402919236672,4,0.10275204222648027,0,0.056480141579354104,1,18.0
7,6,0,False,0,0.6900548756798754,2,0.22909261571761566,6,0.08085250860250862,1,0.0,3,0.0,3,50.0
7,2,0,False,0,0.36335314901210203,2,0.2498613625890143,6,0.1916743205552825,3,0.13890880068953007,1,0.05620236715407084,2,47.0
7,2,0,False,0,0.36335314901210203,2,0.2498613625890143,6,0.1916743205552825,3,0.13890880068953007,1,0.05620236715407084,2,47.0
7,6,3,False,3,0.3567119183276305,2,0.34345644684692667,0,0.2998316348254427,1,0.0,4,0.0,7,41.0
7,1,0,False,0,0.34346207336694945,2,0.33290823611149,3,0.11038863046026526,1,0.1084008911718394,6,0.1048401688894554,4,36.0
7,1,2,False,2,0.39257971796864966,6,0.38151727615349906,4,0.14861591491583742,5,0.07728709096201353,3,0.0,6,15.0
7,4,1,False,1,0.45765772195939425,6,0.2627454879497044,2,0.13028586169816475,0,0.07500378392677154,4,0.07430714446596459,5,5.0
7,4,2,False,2,0.7708198304963005,1,0.22918016950369874,0,0.0,3,0.0,4,0.0,5,14.0
7,3,0,False,0,0.4182133977133977,2,0.2761548451548451,3,0.16056191031191022,6,0.1450698468198468,1,0.0,3,70.0
7,3,3,True,3,1.0,0,0.0,1,0.0,2,0.0,4,0.0,1,85.0
7,4,6,False,6,0.423435815087905,1,0.3252863858707511,2,0.160090409676323,4,0.09118738936502092,3,0.0,4,11.0
7,3,0,False,0,0.49448380364905126,2,0.1447056574316635,6,0.14286194210845907,3,0.14227316199452414,1,0.07567543481630166,4,58.0
7,3,2,False,2,0.4018643415837689,0,0.24789362215871505,6,0.19300794789146183,3,0.08075847454059523,4,0.07647561382545903,4,54.0
7,3,0,False,0,0.49448380364905126,2,0.1447056574316635,6,0.14286194210845907,3,0.14227316199452414,1,0.07567543481630166,4,58.0
7,3,0,False,0,0.36335314901210203,2,0.2498613625890143,6,0.1916743205552825,3,0.13890880068953007,1,0.05620236715407084,4,47.0
8,0,0,True,0,0.5148896927805597,2,0.14877091286766203,6,0.14722098055882885,1,0.09802919749668977,3,0.09108921629625964,1,60.0
8,2,2,True,2,0.5769013670368158,0,0.19298399519297352,3,0.07746364437076508,6,0.07717155767349261,1,0.07547943572595274,1,35.0
8,3,3,True,3,1.0,0,0.0,1,0.0,2,0.0,4,0.0,1,136.0
8,4,2,False,2,0.34473054742967624,1,0.30635114867811547,6,0.15083549067170712,0,0.14318084278680057,4,0.054901970433700056,5,19.0
8,5,2,False,2,0.5561371220173414,6,0.22363416281063656,1,0.22022871517202178,0,0.0,3,0.0,7,17.0
8,3,3,True,3,0.3127250184456065,0,0.30579105534987866,6,0.29227803487362297,2,0.08920589133089131,1,0.0,1,68.0
8,2,3,False,3,0.4000299844017874,0,0.33399378218399944,2,0.17634258669009306,6,0.08963364672411984,1,0.0,3,56.0
8,3,3,True,3,1.0,0,0.0,1,0.0,2,0.0,4,0.0,1,166.0
8,1,2,False,2,0.40634877916238776,0,0.23611310418168002,6,0.18732865499728127,3,0.11725564333588961,1,0.05295381832276096,5,51.0
8,0,0,True,0,0.4989074495765671,3,0.1857394827394827,2,0.16455696427755245,6,0.15079610340639746,1,0.0,1,50.0
8,6,0,False,0,0.5148896927805597,2,0.14877091286766203,6,0.14722098055882885,1,0.09802919749668977,3,0.09108921629625964,3,60.0
8,6,1,False,1,0.5063728847691696,6,0.1555137609208816,0,0.09268159880195485,5,0.08388458149177966,2,0.08289991952491949,2,10.0
8,1,2,False,2,0.7431301476301476,1,0.14571151071151067,4,0.11115834165834163,0,0.0,3,0.0,2,14.0
8,1,2,False,2,0.2208365659538259,4,0.2193161247077655,1,0.21267854458063432,6,0.14411837083625004,3,0.1380397308230125,3,24.0
8,1,1,True,1,0.5013649041946234,2,0.14543847404842475,6,0.11038033241589908,0,0.09566248695618851,4,0.09359218950949741,1,18.0
8,0,3,False,3,0.7350947532000164,0,0.2649052467999835,1,0.0,2,0.0,4,0.0,2,71.0
8,2,3,False,3,1.0,0,0.0,1,0.0,2,0.0,4,0.0,4,100.0
8,6,1,False,1,0.4651614657011075,6,0.18794479083979684,2,0.144464450591436,4,0.1353190750560517,0,0.0671102178116076,2,5.0
8,4,3,False,3,0.48033333333333333,0,0.456,5,0.04366666666666667,4,0.02,2,0.0,4,113.0
8,3,2,False,2,0.68,4,0.16,3,0.155,0,0.005,1,0.0,3,115.0
8,3,3,True,3,0.6659444444444443,2,0.31016666666666665,0,0.02388888888888889,1,0.0,4,0.0,1,94.0
8,3,3,True,3,0.47929441473559126,2,0.38282944098385263,6,0.137876144280556,1,0.0,0,0.0,1,81.0
8,1,1,True,1,0.7958433389985159,4,0.10958983746526484,6,0.062147673410878346,3,0.01709582766872928,0,0.015323322456611747,1,0.0
8,0,0,True,0,0.3542413939079371,2,0.29328767584797993,6,0.12897360883496628,3,0.12050428044109555,1,0.10299304096802073,1,36.0
8,2,2,True,2,0.37005903642281335,1,0.2672344754059149,0,0.19199000904496258,6,0.08599472500323888,3,0.08472175412306987,1,26.0
8,2,2,True,2,0.35491110166922835,3,0.253573906485671,6,0.22985813932369661,0,0.16165685252140352,1,0.0,1,62.0
8,2,2,True,2,0.39852633151162564,0,0.30704892248274585,6,0.1485041363864893,5,0.08185772887243474,3,0.06406288074670426,1,53.0
8,2,3,False,3,0.9925,5,0.005,0,0.0025,1,0.0,2,0.0,5,122.0
8,2,3,False,3,0.7629652537005477,5,0.12775204207557145,2,0.10928270422388062,1,0.0,0,0.0,3,86.0
8,2,0,False,0,0.3542413939079371,2,0.29328767584797993,6,0.12897360883496628,3,0.12050428044109555,1,0.10299304096802073,2,36.0
8,2,3,False,3,0.3127250184456065,0,0.30579105534987866,6,0.29227803487362297,2,0.08920589133089131,1,0.0,4,68.0
8,0,3,False,3,0.7244585137085131,2,0.14420923520923515,6,0.13133225108225102,1,0.0,0,0.0,5,84.0
8,2,0,False,0,0.3259389664772791,6,0.24699751701686679,1,0.21858584273483653,2,0.14719200072373442,3,0.06128567304728293,4,32.0
8,2,2,True,2,0.2208365659538259,4,0.2193161247077655,1,0.21267854458063432,6,0.14411837083625004,3,0.1380397308230125,1,24.0
8,3,6,False,6,0.33784340659340645,3,0.3185035381285381,0,0.21905834443334435,2,0.1245947108447108,1,0.0,2,59.0
8,0,3,False,3,0.4000299844017874,0,0.33399378218399944,2,0.17634258669009306,6,0.08963364672411984,1,0.0,2,56.0
8,2,3,False,3,0.4000299844017874,0,0.33399378218399944,2,0.17634258669009306,6,0.08963364672411984,1,0.0,3,56.0
8,0,3,False,3,0.4214329289991052,2,0.31674507076171154,0,0.26182200023918295,1,0.0,4,0.0,3,64.0
8,1,2,False,2,0.4317361089109639,1,0.37991592581292644,0,0.08957343406559845,4,0.051830454578269285,6,0.04694407663224188,2,22.0
8,1,1,True,1,0.7958433389985159,4,0.10958983746526484,6,0.062147673410878346,3,0.01709582766872928,0,0.015323322456611747,1,0.0
8,6,2,False,2,0.43321626180836703,6,0.33055562007651773,1,0.0861223828630949,5,0.07831955497203173,4,0.07178618027998834,2,15.0
8,6,2,False,2,0.39852633151162564,0,0.30704892248274585,6,0.1485041363864893,5,0.08185772887243474,3,0.06406288074670426,3,53.0
8,6,3,False,3,0.6415432900432898,2,0.18070057720057714,0,0.17775613275613275,1,0.0,4,0.0,7,90.0
8,6,6,True,6,0.5521771839271841,4,0.29156837606837593,1,0.15625444000443994,0,0.0,3,0.0,1,2.0
8,0,2,False,2,0.35491110166922835,3,0.253573906485671,6,0.22985813932369661,0,0.16165685252140352,1,0.0,4,62.0
8,6,3,False,3,0.5694514798067428,2,0.2235420938710412,0,0.2070064263222157,1,0.0,4,0.0,7,69.0
8,3,0,False,0,0.5143240648240649,3,0.39407389995625286,2,0.09160203521968223,1,0.0,4,0.0,2,42.0
8,4,2,False,2,0.43321626180836703,6,0.33055562007651773,1,0.0861223828630949,5,0.07831955497203173,4,0.07178618027998834,5,15.0
8,3,3,True,3,1.0,0,0.0,1,0.0,2,0.0,4,0.0,1,166.0
8,3,2,False,2,0.4981518826890343,3,0.28853408605498376,0,0.2133140312559817,1,0.0,4,0.0,2,79.0
8,3,2,False,2,0.4981518826890343,3,0.28853408605498376,0,0.2133140312559817,1,0.0,4,0.0,2,79.0
8,3,3,True,3,0.8808245643245641,2,0.11917543567543565,1,0.0,0,0.0,4,0.0,1,82.0
8,3,3,True,3,0.3127250184456065,0,0.30579105534987866,6,0.29227803487362297,2,0.08920589133089131,1,0.0,1,68.0
8,3,3,True,3,0.5282707132478804,2,0.16404378662273392,6,0.1518211682967875,0,0.08048345131820361,5,0.07538088051439444,1,65.0
8,3,0,False,0,0.68,3,0.32,1,0.0,2,0.0,4,0.0,2,349.0
8,1,1,True,1,0.417476353711648,6,0.2654259221170985,4,0.16890147760735988,2,0.1481962465638936,3,0.0,1,13.0
8,2,3,False,3,0.37273655829035074,0,0.2854923192992077,2,0.24953051029637707,6,0.09224061211406406,1,0.0,3,41.0
8,2,3,False,3,0.4000299844017874,0,0.33399378218399944,2,0.17634258669009306,6,0.08963364672411984,1,0.0,3,56.0
8,2,2,True,2,0.7431301476301476,1,0.14571151071151067,4,0.11115834165834163,0,0.0,3,0.0,1,14.0
8,3,0,False,0,0.5148896927805597,2,0.14877091286766203,6,0.14722098055882885,1,0.09802919749668977,3,0.09108921629625964,5,60.0
8,0,2,False,2,0.3502267302608799,0,0.23058693456884138,3,0.18506831876223526,6,0.17381477351168123,5,0.06030324289636172,2,57.0
8,0,0,True,0,0.37918250779148593,3,0.2910982406482406,2,0.14674196255241137,6,0.112769833099477,1,0.07020745590838467,1,58.0
8,2,2,True,2,0.28350207816293405,1,0.2625164486263052,6,0.2549587983396033,0,0.13270297057043245,5,0.0663197043007246,1,21.0
8,2,2,True,2,0.37005903642281335,1,0.2672344754059149,0,0.19199000904496258,6,0.08599472500323888,3,0.08472175412306987,1,26.0
8,0,3,False,3,0.4005408132261039,0,0.3399082759813398,2,0.15740125489829407,6,0.10214965589426167,1,0.0,2,40.0
8,2,0,False,0,0.37782142857142853,2,0.2445079365079364,4,0.20176587301587298,6,0.17390476190476187,1,0.0013333333333333333,2,27.0
8,5,0,False,0,0.36765343561667074,3,0.2842706713221418,6,0.18062942857795788,5,0.0867050041461806,2,0.08074146033704854,4,75.0
8,0,0,True,0,0.6134047619047616,6,0.38103968253968257,3,0.003333333333333333,1,0.0011111111111111111,2,0.0011111111111111111,1,34.0
8,0,3,False,3,0.5282707132478804,2,0.16404378662273392,6,0.1518211682967875,0,0.08048345131820361,5,0.07538088051439444,4,65.0
8,2,1,False,1,0.38858028314841797,2,0.3059459395701176,6,0.1610653757493753,4,0.09983600018353098,5,0.04457240134855782,2,20.0
8,3,5,False,5,0.5113333333333333,3,0.46033333333333337,0,0.028333333333333335,1,0.0,2,0.0,2,112.0
8,2,6,False,6,0.5521771839271841,4,0.29156837606837593,1,0.15625444000443994,0,0.0,3,0.0,6,2.0
8,0,3,False,3,0.445304301907243,0,0.2507064553093963,6,0.18144324466383283,2,0.12254599811952752,1,0.0,2,38.0
8,0,2,False,2,0.5061958547987959,0,0.19568775505540206,6,0.12240200485788719,1,0.09252905264669971,5,0.08318533264121494,2,31.0
8,1,1,True,1,0.46988258843914044,6,0.37870274653630387,2,0.15141466502455528,0,0.0,3,0.0,1,9.0
8,6,6,True,6,0.4935382395382395,2,0.27765079365079365,0,0.2288109668109667,1,0.0,3,0.0,1,29.0
8,0,1,False,1,0.4917690348866821,6,0.41234755440637777,2,0.0958834107069401,0,0.0,3,0.0,4,4.0
8,6,1,False,1,0.38858028314841797,2,0.3059459395701176,6,0.1610653757493753,4,0.09983600018353098,5,0.04457240134855782,3,20.0
8,6,3,False,3,0.445304301907243,0,0.2507064553093963,6,0.18144324466383283,2,0.12254599811952752,1,0.0,3,38.0
8,6,2,False,2,0.5708091487716401,3,0.2982427640753625,1,0.06821195169776403,6,0.0627361354552329,0,0.0,4,39.0
8,6,6,True,6,0.43413846095425046,1,0.3394696181011969,0,0.22639192094455257,2,0.0,3,0.0,1,1.0
8,6,2,False,2,0.5769013670368158,0,0.19298399519297352,3,0.07746364437076508,6,0.07717155767349261,1,0.07547943572595274,4,35.0
8,6,2,False,2,0.35491110166922835,3,0.253573906485671,6,0.22985813932369661,0,0.16165685252140352,1,0.0,3,62.0
8,0,6,False,6,0.4935382395382395,2,0.27765079365079365,0,0.2288109668109667,1,0.0,3,0.0,3,29.0
8,3,3,True,3,1.0,0,0.0,1,0.0,2,0.0,4,0.0,1,152.0
8,3,3,True,3,0.6121168831168832,2,0.20152056277056274,0,0.18636255411255415,1,0.0,4,0.0,1,99.0
8,3,2,False,2,0.5769013670368158,0,0.19298399519297352,3,0.07746364437076508,6,0.07717155767349261,1,0.07547943572595274,3,35.0
8,3,3,True,3,0.47929441473559126,2,0.38282944098385263,6,0.137876144280556,1,0.0,0,0.0,1,81.0
8,3,3,True,3,1.0,0,0.0,1,0.0,2,0.0,4,0.0,1,154.0
8,3,3,True,3,0.6415432900432898,2,0.18070057720057714,0,0.17775613275613275,1,0.0,4,0.0,1,90.0
8,3,3,True,3,0.7244585137085131,2,0.14420923520923515,6,0.13133225108225102,1,0.0,0,0.0,1,84.0
8,3,3,True,3,0.68,2,0.31,4,0.01,1,0.0,0,0.0,1,116.0
8,1,6,False,6,0.45652107696225336,1,0.3171630525047705,0,0.07856444514377947,2,0.07428445569738139,5,0.07346696969181488,2,7.0
8,1,6,False,6,0.430132312433009,1,0.21662015061821557,2,0.19220068579511296,4,0.16104685115366224,3,0.0,2,11.0
8,2,0,False,0,0.3796759475904212,6,0.29491467308920855,2,0.24230466828493133,3,0.0831047110354386,1,0.0,3,55.0
8,2,0,False,0,0.30383583243530093,2,0.27509077198193027,6,0.1881584665569306,3,0.1862342067841978,1,0.04668072224163989,2,47.0
8,1,6,False,6,0.45652107696225336,1,0.3171630525047705,0,0.07856444514377947,2,0.07428445569738139,5,0.07346696969181488,2,7.0
8,1,0,False,0,0.5662023428927453,2,0.3469911637639964,3,0.086806493343258,1,0.0,4,0.0,4,44.0
8,1,1,True,1,0.46988258843914044,6,0.37870274653630387,2,0.15141466502455528,0,0.0,3,0.0,1,9.0
8,2,0,False,0,0.3542413939079371,2,0.29328767584797993,6,0.12897360883496628,3,0.12050428044109555,1,0.10299304096802073,2,36.0
8,0,0,True,0,0.36765343561667074,3,0.2842706713221418,6,0.18062942857795788,5,0.0867050041461806,2,0.08074146033704854,1,75.0
8,2,0,False,0,0.3493516761016761,3,0.32103629703629694,6,0.1740442335442335,2,0.15556779331779327,1,0.0,4,96.0
8,2,0,False,0,0.6134047619047616,6,0.38103968253968257,3,0.003333333333333333,1,0.0011111111111111111,2,0.0011111111111111111,5,34.0
8,0,0,True,0,0.30383583243530093,2,0.27509077198193027,6,0.1881584665569306,3,0.1862342067841978,1,0.04668072224163989,1,47.0
8,2,1,False,1,0.417476353711648,6,0.2654259221170985,4,0.16890147760735988,2,0.1481962465638936,3,0.0,4,13.0
8,0,0,True,0,0.37782142857142853,2,0.2445079365079364,4,0.20176587301587298,6,0.17390476190476187,1,0.0013333333333333333,1,27.0
8,2,2,True,2,0.28350207816293405,1,0.2625164486263052,6,0.2549587983396033,0,0.13270297057043245,5,0.0663197043007246,1,21.0
8,3,3,True,3,1.0,0,0.0,1,0.0,2,0.0,4,0.0,1,172.0
8,1,2,False,2,0.5561371220173414,6,0.22363416281063656,1,0.22022871517202178,0,0.0,3,0.0,3,17.0
8,2,1,False,1,0.46360289710289715,2,0.3333843656343655,6,0.1053517871017871,3,0.09766095016095015,0,0.0,2,12.0
8,0,0,True,0,0.6134047619047616,6,0.38103968253968257,3,0.003333333333333333,1,0.0011111111111111111,2,0.0011111111111111111,1,34.0
8,2,6,False,6,0.33784340659340645,3,0.3185035381285381,0,0.21905834443334435,2,0.1245947108447108,1,0.0,4,59.0
8,0,3,False,3,0.7350947532000164,0,0.2649052467999835,1,0.0,2,0.0,4,0.0,2,71.0
8,1,0,False,0,0.3542413939079371,2,0.29328767584797993,6,0.12897360883496628,3,0.12050428044109555,1,0.10299304096802073,5,36.0
8,2,0,False,0,0.3259389664772791,6,0.24699751701686679,1,0.21858584273483653,2,0.14719200072373442,3,0.06128567304728293,4,32.0
8,6,1,False,1,0.3735245270982886,5,0.1820123711513803,2,0.17484615410389404,6,0.14804168626351294,4,0.12157526138292385,4,25.0
8,1,6,False,6,0.8119087350557933,1,0.1880912649442061,2,0.0,0,0.0,3,0.0,2,3.0
8,1,2,False,2,0.47028842159850753,1,0.27376994117510045,0,0.12616452395346495,4,0.09405101183766357,6,0.03572610143526355,2,16.0
8,1,6,False,6,0.5521771839271841,4,0.29156837606837593,1,0.15625444000443994,0,0.0,3,0.0,3,2.0
8,1,1,True,1,0.4670596878611583,6,0.3141355384811267,2,0.13686231905349555,4,0.08194245460421928,3,0.0,1,6.0
8,6,0,False,0,0.3796759475904212,6,0.29491467308920855,2,0.24230466828493133,3,0.0831047110354386,1,0.0,2,55.0
8,6,6,True,6,0.43413846095425046,1,0.3394696181011969,0,0.22639192094455257,2,0.0,3,0.0,1,1.0
8,6,2,False,2,0.43321626180836703,6,0.33055562007651773,1,0.0861223828630949,5,0.07831955497203173,4,0.07178618027998834,2,14.8
8,6,3,False,3,0.4005408132261039,0,0.3399082759813398,2,0.15740125489829407,6,0.10214965589426167,1,0.0,4,40.0
8,6,6,True,6,0.5521771839271841,4,0.29156837606837593,1,0.15625444000443994,0,0.0,3,0.0,1,2.0
8,3,2,False,2,0.4981518826890343,3,0.28853408605498376,0,0.2133140312559817,1,0.0,4,0.0,2,79.0
8,3,3,True,3,0.9398333333333333,5,0.033666666666666664,0,0.0265,1,0.0,2,0.0,1,124.0
8,4,1,False,1,0.7958433389985159,4,0.10958983746526484,6,0.062147673410878346,3,0.01709582766872928,0,0.015323322456611747,2,0.0
8,3,2,False,2,0.5708091487716401,3,0.2982427640753625,1,0.06821195169776403,6,0.0627361354552329,0,0.0,2,39.0
8,3,3,True,3,1.0,0,0.0,1,0.0,2,0.0,4,0.0,1,118.0
8,3,3,True,3,0.5694514798067428,2,0.2235420938710412,0,0.2070064263222157,1,0.0,4,0.0,1,69.0
8,3,2,False,2,0.40634877916238776,0,0.23611310418168002,6,0.18732865499728127,3,0.11725564333588961,1,0.05295381832276096,4,51.0
8,3,2,False,2,0.4654977040932922,3,0.3094072096204448,0,0.13883303787715542,6,0.0862620484091072,1,0.0,2,43.0
8,3,2,False,2,0.5061958547987959,0,0.19568775505540206,6,0.12240200485788719,1,0.09252905264669971,5,0.08318533264121494,6,31.0
8,3,3,True,3,0.34150549985208994,2,0.29583061017098616,0,0.2408650966552473,1,0.061314773028916345,6,0.060484020292759705,1,52.0
9,1,2,False,2,0.43679143644934837,1,0.38580734806076605,0,0.08884960573756022,4,0.04510734912308496,6,0.04344426062924026,2,22.0
9,0,3,False,3,0.3504896714378036,2,0.3403819440255229,0,0.17607022488287796,1,0.06901166559431803,6,0.06404649405947692,3,52.0
9,2,1,False,1,0.48845021645021647,2,0.2566980519480519,5,0.24818506493506487,0,0.005,4,0.0016666666666666666,2,28.0
9,2,1,False,1,0.47238279122837956,2,0.3011970553955847,6,0.12364849447937683,3,0.10277165889665892,0,0.0,2,12.0
9,0,0,True,0,0.49161191577600233,3,0.20767523730139822,6,0.19467843018694403,2,0.10603441673565511,1,0.0,1,60.0
9,2,2,True,2,0.45665794719661923,1,0.2732549868238282,6,0.21685892361070266,5,0.05322814236884957,3,0.0,1,17.0
9,3,3,True,3,0.8440104895104892,2,0.15598951048951049,1,0.0,0,0.0,4,0.0,1,82.0
9,4,1,False,1,0.7752754770481984,4,0.11773369369700419,6,0.07299866908067813,0,0.017227731421775208,3,0.016764428752344192,2,0.0
9,5,2,False,2,0.5055886613386614,3,0.34652966477966474,6,0.14788167388167384,1,0.0,0,0.0,7,67.0
9,2,3,False,3,0.5838951720793826,6,0.30423751979015135,0,0.11186730813046596,1,0.0,2,0.0,5,63.0
9,0,2,False,2,0.4812749210713607,3,0.15810708791552433,0,0.15495780973412546,6,0.1348596960315226,1,0.07080048524746665,3,35.0
9,6,6,True,6,0.7546064491064486,1,0.24539355089355086,2,0.0,0,0.0,3,0.0,1,3.0
9,0,0,True,0,0.37309756664903726,3,0.2200334142981202,6,0.20486766664707845,5,0.10277087210175444,2,0.09923048030400969,1,75.0
9,1,2,False,2,0.3718990222250245,1,0.32707492832723434,6,0.19709922703566715,5,0.05230960528581093,4,0.051617217126262764,2,20.0
9,2,2,True,2,0.4376185211903005,0,0.2335729605922262,3,0.1522595030509789,4,0.09541104454989224,6,0.08113797061660169,1,54.0
9,6,6,True,6,0.7546064491064486,1,0.24539355089355086,2,0.0,0,0.0,3,0.0,1,3.0
9,6,2,False,2,0.3371286128694596,0,0.30879799726081186,6,0.2663581608132523,3,0.0877152290564762,1,0.0,3,55.0
9,6,3,False,3,0.3639361471861471,2,0.29923232323232307,6,0.17866017316017313,0,0.1581713564213564,1,0.0,3,73.0
9,0,2,False,2,0.39637059970249133,1,0.26970087915068724,6,0.18901097193850247,5,0.0776670931239682,0,0.06725045608435025,5,21.0
9,6,0,False,0,0.504446608946609,2,0.35143181818181807,4,0.1441215728715728,1,0.0,3,0.0,7,27.0
9,3,3,True,3,1.0,0,0.0,1,0.0,2,0.0,4,0.0,1,121.0
9,3,3,True,3,0.3806169214772156,0,0.20973652572917273,6,0.20778775636128569,2,0.2018587964323258,1,0.0,1,48.0
9,3,3,True,3,1.0,0,0.0,1,0.0,2,0.0,4,0.0,1,137.0
9,3,3,True,3,0.5728571428571431,0,0.4271428571428569,1,0.0,2,0.0,4,0.0,1,71.0
9,3,2,False,2,0.5055886613386614,3,0.34652966477966474,6,0.14788167388167384,1,0.0,0,0.0,2,67.0
9,3,3,True,3,0.5728571428571431,0,0.4271428571428569,1,0.0,2,0.0,4,0.0,1,71.0
9,3,0,False,0,0.2840800865800865,3,0.2558722943722943,6,0.235702380952381,2,0.22434523809523813,1,0.0,2,77.0
9,3,3,True,3,0.985,6,0.015,1,0.0,0,0.0,2,0.0,1,110.0
9,3,2,False,2,0.3355144822497762,3,0.319295257030551,0,0.12439509918186382,6,0.11978681857358327,4,0.10100834296422531,2,74.0
9,3,3,True,3,0.8911666666666666,0,0.05633333333333334,5,0.0525,1,0.0,2,0.0,1,124.0
9,3,0,False,0,0.5590188186856143,3,0.3354993704695716,2,0.10548181084481392,1,0.0,4,0.0,2,42.0
9,0,0,True,0,0.49161191577600233,3,0.20767523730139822,6,0.19467843018694403,2,0.10603441673565511,1,0.0,1,60.0
9,1,0,False,0,0.49161191577600233,3,0.20767523730139822,6,0.19467843018694403,2,0.10603441673565511,1,0.0,5,60.0
9,2,3,False,3,0.6337027972027972,2,0.22988641913641902,6,0.13641078366078363,1,0.0,0,0.0,2,81.0
9,2,2,True,2,0.4924769993937951,6,0.22784219955311283,0,0.13889573163334765,1,0.07449028521358242,4,0.06629478420616187,1,23.0
9,0,0,True,0,0.3180732627739847,2,0.3087247600002081,1,0.18562472765777657,3,0.13299933226091215,6,0.05457791730711801,1,36.0
9,2,0,False,0,0.49161191577600233,3,0.20767523730139822,6,0.19467843018694403,2,0.10603441673565511,1,0.0,4,60.0
9,2,3,False,3,0.6590508658008658,0,0.17307972582972586,6,0.16786940836940828,1,0.0,2,0.0,5,80.0
9,2,2,True,2,0.4924769993937951,6,0.22784219955311283,0,0.13889573163334765,1,0.07449028521358242,4,0.06629478420616187,1,23.0
9,2,1,False,1,0.34852239196179363,2,0.28369041543037576,6,0.15038386610170573,0,0.11322375147329485,4,0.10417957503282961,2,19.0
9,2,1,False,1,0.43384487699188545,6,0.43348334774773406,0,0.06865956168463236,5,0.06401221357574834,3,0.0,6,7.0
9,3,2,False,2,0.3355144822497762,3,0.319295257030551,0,0.12439509918186382,6,0.11978681857358327,4,0.10100834296422531,2,74.0
9,0,0,True,0,0.46838023088023084,6,0.33922871572871555,2,0.19239105339105328,1,0.0,3,0.0,1,34.0
9,0,0,True,0,0.46838023088023084,6,0.33922871572871555,2,0.19239105339105328,1,0.0,3,0.0,1,34.0
9,2,0,False,0,0.4590888069618718,2,0.3346247269242625,1,0.11431113021825093,3,0.09197533589561452,4,0.0,2,44.0
9,2,0,False,0,0.3180732627739847,2,0.3087247600002081,1,0.18562472765777657,3,0.13299933226091215,6,0.05457791730711801,2,36.0
9,3,3,True,3,1.0,0,0.0,1,0.0,2,0.0,4,0.0,1,129.0
9,1,1,True,1,0.7752754770481984,4,0.11773369369700419,6,0.07299866908067813,0,0.017227731421775208,3,0.016764428752344192,1,0.0
9,1,1,True,1,0.46351085356851607,6,0.3211331170549437,2,0.14300695524805426,4,0.07234907412848585,3,0.0,1,6.0
9,1,1,True,1,0.7752754770481984,4,0.11773369369700419,6,0.07299866908067813,0,0.017227731421775208,3,0.016764428752344192,1,0.0
9,6,2,False,2,0.4376185211903005,0,0.2335729605922262,3,0.1522595030509789,4,0.09541104454989224,6,0.08113797061660169,5,54.0
9,0,2,False,2,0.3371286128694596,0,0.30879799726081186,6,0.2663581608132523,3,0.0877152290564762,1,0.0,2,55.0
9,1,1,True,1,0.7752754770481984,4,0.11773369369700419,6,0.07299866908067813,0,0.017227731421775208,3,0.016764428752344192,1,0.0
9,6,2,False,2,0.3368015782806804,6,0.32017359940541057,4,0.1738242565827705,5,0.08536739851136133,1,0.08383316721977709,2,15.0
9,0,0,True,0,0.3180732627739847,2,0.3087247600002081,1,0.18562472765777657,3,0.13299933226091215,6,0.05457791730711801,1,36.0
9,1,1,True,1,0.49210570506155354,6,0.3791204966157516,2,0.12877379832269448,0,0.0,3,0.0,1,9.0
9,6,0,False,0,0.2918347077758842,2,0.29078198435551367,6,0.2174548392783687,3,0.19992846859023314,1,0.0,3,46.0
9,3,3,True,3,0.96,5,0.021333333333333333,0,0.018666666666666665,1,0.0,2,0.0,1,126.0
9,4,2,False,2,0.3718990222250245,1,0.32707492832723434,6,0.19709922703566715,5,0.05230960528581093,4,0.051617217126262764,5,20.0
9,3,3,True,3,0.985,6,0.015,1,0.0,0,0.0,2,0.0,1,110.0
9,3,2,False,2,0.5560631147312229,3,0.27677275680390145,6,0.10080126492836813,1,0.06636286353650736,0,0.0,2,39.0
9,3,3,True,3,0.7112599067599065,2,0.16211627261627257,0,0.1266238206238206,1,0.0,4,0.0,1,97.0
9,3,0,False,0,0.40009181000554095,3,0.27151158560437916,2,0.16655710972430204,6,0.16183949466577746,1,0.0,2,40.0
9,3,3,True,3,0.6337027972027972,2,0.22988641913641902,6,0.13641078366078363,1,0.0,0,0.0,1,81.0
9,3,0,False,0,0.37309756664903726,3,0.2200334142981202,6,0.20486766664707845,5,0.10277087210175444,2,0.09923048030400969,2,75.0
9,1,1,True,1,0.7752754770481984,4,0.11773369369700419,6,0.07299866908067813,0,0.017227731421775208,3,0.016764428752344192,1,0.0
9,2,2,True,2,0.6626109446109445,1,0.23455645743145737,4,0.10283259795759793,0,0.0,3,0.0,1,14.0
9,0,2,False,2,0.4924769993937951,6,0.22784219955311283,0,0.13889573163334765,1,0.07449028521358242,4,0.06629478420616187,3,23.0
9,1,1,True,1,0.4547331687919922,6,0.3302167301652594,0,0.10993154476242706,2,0.10511855628032091,3,0.0,1,4.0
9,2,2,True,2,0.47092904919298095,1,0.2707272061873453,6,0.09357845950918704,0,0.08530448511756561,3,0.07946079999292072,1,26.0
9,2,2,True,2,0.3368015782806804,6,0.32017359940541057,4,0.1738242565827705,5,0.08536739851136133,1,0.08383316721977709,1,15.0
9,0,1,False,1,0.34852239196179363,2,0.28369041543037576,6,0.15038386610170573,0,0.11322375147329485,4,0.10417957503282961,4,19.0
9,0,2,False,2,0.35139166552401835,3,0.2954259283887765,0,0.2798482211373077,6,0.073334184949897,1,0.0,3,56.0
9,2,1,False,1,0.44278318495230246,6,0.28173227099697684,5,0.09488405875170583,0,0.09273736802413271,3,0.08786311727488197,6,10.0
9,5,1,False,1,0.3761310394699949,6,0.20995172313129287,2,0.17135029947692465,4,0.12264274933386857,5,0.11992418858791849,5,25.0
9,3,3,True,3,0.3383688825364522,6,0.2558243036203561,0,0.2317673417483787,2,0.17403947209481255,1,0.0,1,68.0
9,2,2,True,2,0.3368015782806804,6,0.32017359940541057,4,0.1738242565827705,5,0.08536739851136133,1,0.08383316721977709,1,15.0
9,3,2,False,2,0.5055886613386614,3,0.34652966477966474,6,0.14788167388167384,1,0.0,0,0.0,2,67.0
9,2,2,True,2,0.3847861836773845,1,0.3330106920155659,0,0.14372432705259375,4,0.08508140551400352,6,0.05339739174045213,1,16.0
9,6,0,False,0,0.3180732627739847,2,0.3087247600002081,1,0.18562472765777657,3,0.13299933226091215,6,0.05457791730711801,5,36.0
9,6,2,False,2,0.4924769993937951,6,0.22784219955311283,0,0.13889573163334765,1,0.07449028521358242,4,0.06629478420616187,2,23.0
9,6,0,False,0,0.49161191577600233,3,0.20767523730139822,6,0.19467843018694403,2,0.10603441673565511,1,0.0,3,60.0
9,0,2,False,2,0.2824544747478183,6,0.2507644962107034,1,0.22140356715008405,0,0.17050523100910087,3,0.07487223088229278,4,32.0
9,6,0,False,0,0.5910135235077959,6,0.15221761808023404,2,0.142865572473622,3,0.11390328593834782,1,0.0,2,45.0
9,6,2,False,2,0.39637059970249133,1,0.26970087915068724,6,0.18901097193850247,5,0.0776670931239682,0,0.06725045608435025,3,21.0
9,2,0,False,0,0.5635492880442571,3,0.18705785876490214,6,0.16480853211116364,2,0.0845843210796771,1,0.0,4,50.0
9,6,6,True,6,0.3945826514181438,1,0.2993621487824778,4,0.15636647064478862,2,0.14968872915458925,3,0.0,1,11.0
9,6,1,False,1,0.4547331687919922,6,0.3302167301652594,0,0.10993154476242706,2,0.10511855628032091,3,0.0,2,4.0
9,4,1,False,1,0.27744662006903215,2,0.26882324936695623,6,0.14764617028586938,3,0.1338443208602617,4,0.1152506977157838,5,24.0
9,3,3,True,3,0.5956680672268909,6,0.144613273980921,2,0.13423112834877535,0,0.12548753044341276,1,0.0,1,84.0
9,3,0,False,0,0.40009181000554095,3,0.27151158560437916,2,0.16655710972430204,6,0.16183949466577746,1,0.0,2,40.0
9,1,1,True,1,0.7752754770481984,4,0.11773369369700419,6,0.07299866908067813,0,0.017227731421775208,3,0.016764428752344192,1,0.0
9,1,1,True,1,0.7752754770481984,4,0.11773369369700419,6,0.07299866908067813,0,0.017227731421775208,3,0.016764428752344192,1,0.0
9,1,1,True,1,0.7752754770481984,4,0.11773369369700419,6,0.07299866908067813,0,0.017227731421775208,3,0.016764428752344192,1,0.0
9,1,0,False,0,0.5910135235077959,6,0.15221761808023404,2,0.142865572473622,3,0.11390328593834782,1,0.0,5,45.0
9,1,1,True,1,0.49210570506155354,6,0.3791204966157516,2,0.12877379832269448,0,0.0,3,0.0,1,9.0
9,2,3,False,3,0.5838951720793826,6,0.30423751979015135,0,0.11186730813046596,1,0.0,2,0.0,5,63.0
9,1,1,True,1,0.47478724819889956,6,0.1401949112926401,2,0.13868640262674475,0,0.09793425136945101,4,0.09682884798915982,1,18.0
9,1,1,True,1,0.7752754770481984,4,0.11773369369700419,6,0.07299866908067813,0,0.017227731421775208,3,0.016764428752344192,1,0.0
9,0,3,False,3,0.640409605916959,2,0.19112647483235712,5,0.16846391925068394,1,0.0,0,0.0,5,78.0
9,2,2,True,2,0.40407993640346584,3,0.3730676830049895,0,0.14684617300484165,6,0.07600620758670291,1,0.0,1,43.0
9,1,1,True,1,0.7752754770481984,4,0.11773369369700419,6,0.07299866908067813,0,0.017227731421775208,3,0.016764428752344192,1,0.0
9,0,0,True,0,0.5635492880442571,3,0.18705785876490214,6,0.16480853211116364,2,0.0845843210796771,1,0.0,1,50.0
9,2,3,False,3,0.6827949272949272,0,0.21517803030303026,2,0.1020270424020424,1,0.0,4,0.0,3,76.0
9,0,0,True,0,0.4590888069618718,2,0.3346247269242625,1,0.11431113021825093,3,0.09197533589561452,4,0.0,1,44.0
9,2,2,True,2,0.4812749210713607,3,0.15810708791552433,0,0.15495780973412546,6,0.1348596960315226,1,0.07080048524746665,1,35.0
9,2,0,False,0,0.3180732627739847,2,0.3087247600002081,1,0.18562472765777657,3,0.13299933226091215,6,0.05457791730711801,2,36.0
9,2,3,False,3,0.45925565030944276,0,0.31744013425514955,2,0.22330421543540735,1,0.0,4,0.0,3,64.0
9,2,2,True,2,0.3847861836773845,1,0.3330106920155659,0,0.14372432705259375,4,0.08508140551400352,6,0.05339739174045213,1,16.0
9,2,1,False,1,0.34852239196179363,2,0.28369041543037576,6,0.15038386610170573,0,0.11322375147329485,4,0.10417957503282961,2,19.0
9,5,0,False,0,0.37309756664903726,3,0.2200334142981202,6,0.20486766664707845,5,0.10277087210175444,2,0.09923048030400969,4,75.0
9,0,3,False,3,0.3543477470242176,0,0.3316107364857364,2,0.16162793660587774,1,0.07775050031667678,6,0.07466307956749133,2,33.0
9,0,0,True,0,0.4590888069618718,2,0.3346247269242625,1,0.11431113021825093,3,0.09197533589561452,4,0.0,1,44.0
9,3,3,True,3,0.9915277777777777,6,0.008472222222222223,1,0.0,0,0.0,2,0.0,1,88.0
9,3,3,True,3,0.48697662549868426,2,0.20863014599779295,0,0.2082602185396302,6,0.09613300996389228,1,0.0,1,69.0
9,1,6,False,6,0.7546064491064486,1,0.24539355089355086,2,0.0,0,0.0,3,0.0,2,3.0
9,1,1,True,1,0.44278318495230246,6,0.28173227099697684,5,0.09488405875170583,0,0.09273736802413271,3,0.08786311727488197,1,10.0
9,2,2,True,2,0.4812749210713607,3,0.15810708791552433,0,0.15495780973412546,6,0.1348596960315226,1,0.07080048524746665,1,35.0
9,6,0,False,0,0.3552139280867764,2,0.31766404818888017,3,0.18006159662383375,6,0.1027258050582109,1,0.04433462204229838,4,47.0
9,6,0,False,0,0.2918347077758842,2,0.29078198435551367,6,0.2174548392783687,3,0.19992846859023314,1,0.0,3,46.0
9,6,0,False,0,0.3552139280867764,2,0.31766404818888017,3,0.18006159662383375,6,0.1027258050582109,1,0.04433462204229838,4,47.0
9,3,0,False,0,0.5590188186856143,3,0.3354993704695716,2,0.10548181084481392,1,0.0,4,0.0,2,42.0
9,0,2,False,2,0.47092904919298095,1,0.2707272061873453,6,0.09357845950918704,0,0.08530448511756561,3,0.07946079999292072,4,26.0
9,6,6,True,6,0.41748196248196234,0,0.37693831168831177,2,0.20557972582972578,1,0.0,3,0.0,1,29.0
9,2,6,False,6,0.3574712607653784,2,0.2531789648260236,0,0.24821942436648312,4,0.14113035004211472,3,0.0,2,49.0
9,6,2,False,2,0.3371286128694596,0,0.30879799726081186,6,0.2663581608132523,3,0.0877152290564762,1,0.0,3,55.0
9,0,2,False,2,0.2824544747478183,6,0.2507644962107034,1,0.22140356715008405,0,0.17050523100910087,3,0.07487223088229278,4,32.0
9,3,3,True,3,0.5838951720793826,6,0.30423751979015135,0,0.11186730813046596,1,0.0,2,0.0,1,63.0
9,4,6,False,6,0.6033957847707847,1,0.2030404179154179,2,0.09996539571539563,4,0.09359840159840158,3,0.0,4,2.0
9,3,2,False,2,0.35139166552401835,3,0.2954259283887765,0,0.2798482211373077,6,0.073334184949897,1,0.0,2,56.0
9,3,2,False,2,0.43910875953252104,0,0.29426269580952225,6,0.19667273296878554,5,0.0699558116891708,3,0.0,5,53.0
9,3,3,True,3,0.3504896714378036,2,0.3403819440255229,0,0.17607022488287796,1,0.06901166559431803,6,0.06404649405947692,1,52.0
9,3,3,True,3,0.5136684704184702,2,0.3382523448773448,6,0.14807918470418469,1,0.0,0,0.0,1,83.0
9,3,2,False,2,0.39191745722658977,0,0.21755464441458636,6,0.16174744762727758,3,0.117118899279154,1,0.11166155145239133,4,51.0
10,0,3,False,3,0.45865019444779487,2,0.3611112924742954,6,0.0955103960367118,0,0.08472811704119752,1,0.0,4,43.0
10,4,2,False,2,0.28071690929469545,1,0.2752057882348129,6,0.14700656361182665,4,0.144968603378046,3,0.08251811050146961,4,24.0
10,5,2,False,2,0.46415564698459433,6,0.30693849790560296,4,0.1424872406575192,1,0.08641861445228317,3,0.0,7,15.0
10,5,1,False,1,0.33356617432586594,6,0.2017056517258932,2,0.19812711572887898,5,0.13695426664751265,4,0.12964679157184875,4,25.0
10,2,6,False,6,0.3678351370851369,3,0.23496464646464635,2,0.20703282828282826,0,0.19016738816738812,1,0.0,3,73.0
10,2,1,False,1,0.27379837349612873,2,0.2466215721413089,0,0.23802717088553,6,0.16662982923509234,3,0.0749230542419397,2,32.0
10,2,1,False,1,0.4665033397128303,2,0.3388869458638266,0,0.10197360206375825,4,0.049943397938831714,6,0.04269271442075283,2,22.0
10,0,3,False,3,0.5335952380952381,4,0.399904761904762,5,0.06649999999999999,0,0.0,2,0.0,4,113.0
10,1,6,False,6,0.4655740746181921,1,0.26293289145495014,4,0.18439519467460638,2,0.08709783925225098,3,0.0,2,11.0
10,6,0,False,0,0.8368002830502825,2,0.16319971694971688,1,0.0,3,0.0,4,0.0,7,34.0
10,0,3,False,3,0.35500395437895454,6,0.3152430624930625,2,0.2331067959817959,0,0.09664618714618711,1,0.0,4,59.0
10,1,1,True,1,0.33356617432586594,6,0.2017056517258932,2,0.19812711572887898,5,0.13695426664751265,4,0.12964679157184875,1,25.0
10,0,6,False,6,0.38984844322344314,0,0.30577848540348535,2,0.30437307137307124,1,0.0,3,0.0,2,61.0
10,6,6,True,6,0.7260731539702128,1,0.273926846029787,2,0.0,0,0.0,3,0.0,1,3.0
10,1,1,True,1,0.48824168594563333,6,0.2774205768861341,2,0.14581412047704614,4,0.08852361669118633,3,0.0,1,6.0
10,6,2,False,2,0.46415564698459433,6,0.30693849790560296,4,0.1424872406575192,1,0.08641861445228317,3,0.0,2,15.0
10,6,3,False,3,0.8307252747252744,2,0.16427472527472525,0,0.005,1,0.0,4,0.0,7,72.0
10,2,3,False,3,0.733547605172605,2,0.2664523948273947,1,0.0,0,0.0,4,0.0,2,91.0
10,3,2,False,2,0.32666600757829356,0,0.3054882451084158,3,0.2947339749995894,6,0.07311177231370053,1,0.0,3,56.0
10,3,0,False,0,0.39119123971480285,3,0.304713893306207,6,0.16363132866756833,2,0.1404635383114215,1,0.0,2,40.0
10,3,3,True,3,0.502700972230384,2,0.19608371530430344,5,0.18875504397563214,0,0.1124602684896802,1,0.0,1,78.0
10,3,6,False,6,0.3678351370851369,3,0.23496464646464635,2,0.20703282828282826,0,0.19016738816738812,1,0.0,2,73.0
10,3,3,True,3,1.0,0,0.0,1,0.0,2,0.0,4,0.0,1,137.0
10,3,3,True,3,0.8079147796647794,2,0.19208522033522027,1,0.0,0,0.0,4,0.0,1,82.0
10,3,3,True,3,0.5214378843121102,6,0.2600262227023062,2,0.13338884623288638,0,0.08514704675269685,1,0.0,1,63.0
10,3,3,True,3,0.463165761483099,2,0.15947686781742498,0,0.1540782927083236,6,0.1490058429272825,5,0.0742732350638697,1,65.0
10,3,3,True,3,0.5895516983016983,2,0.2712989510489509,5,0.1391493506493507,1,0.0,0,0.0,1,86.0
10,3,3,True,3,0.5861737429237427,2,0.21838175713175706,0,0.19544449994449992,1,0.0,4,0.0,1,76.0
10,3,3,True,3,0.5878333333333332,2,0.4021666666666667,0,0.01,1,0.0,4,0.0,1,94.0
10,3,3,True,3,0.8079147796647794,2,0.19208522033522027,1,0.0,0,0.0,4,0.0,1,82.0
10,1,6,False,6,0.38801595626595614,1,0.3696359196359196,2,0.12837480574980575,0,0.11397331834831831,3,0.0,2,4.0
10,1,6,False,6,0.39398213383623604,1,0.3845607740213002,5,0.07958991206591823,2,0.07379203184156743,0,0.06807514823497794,2,7.0
10,0,3,False,3,0.39486122975583365,2,0.26872969280648284,0,0.2010049216188904,6,0.07012464931271298,1,0.06527950650607972,3,52.0
10,2,3,False,3,0.5600521137359371,2,0.21711031452207918,4,0.1251071828498299,6,0.0977303888921536,0,0.0,2,74.0
10,1,1,True,1,0.7985623330860062,4,0.12315099318938531,6,0.0462767996871469,3,0.018303883604178582,0,0.013705990433282826,1,0.0
10,2,3,False,3,0.47271585522320814,0,0.21539718533100874,6,0.21157206927059857,2,0.10031489017518432,1,0.0,4,48.0
10,3,3,True,3,0.733547605172605,2,0.2664523948273947,1,0.0,0,0.0,4,0.0,1,91.0
10,0,2,False,2,0.5719915702987279,0,0.1355723050150967,3,0.11682039275467047,6,0.11156752907432671,1,0.06404820285717781,2,35.0
10,0,3,False,3,0.5600521137359371,2,0.21711031452207918,4,0.1251071828498299,6,0.0977303888921536,0,0.0,5,74.0
10,2,2,True,2,0.4986945518791497,1,0.217961701654039,0,0.1876678298911271,6,0.09567591657568433,3,0.0,1,26.0
10,3,0,False,0,0.42819215274189026,6,0.17342017784454505,3,0.16286691457239308,5,0.14629925447826572,2,0.08922150036290566,3,75.0
10,2,1,False,1,0.4665033397128303,2,0.3388869458638266,0,0.10197360206375825,4,0.049943397938831714,6,0.04269271442075283,2,22.0
10,1,1,True,1,0.44016426555153176,6,0.2721844986350302,4,0.14627690612658303,2,0.0742506696800007,0,0.06712366000685424,1,5.0
10,6,6,True,6,0.38801595626595614,1,0.3696359196359196,2,0.12837480574980575,0,0.11397331834831831,3,0.0,1,4.0
10,6,2,False,2,0.5242027723738247,0,0.23498115635654332,6,0.15767477878158986,1,0.08314129248804168,3,0.0,3,23.0
10,6,3,False,3,0.42377196741167333,0,0.2924389711595593,6,0.20402053991759866,2,0.07976852151116856,1,0.0,3,38.0
10,0,0,True,0,0.3555289943339141,6,0.24830441428010064,3,0.15842564510241852,2,0.1489122622864041,1,0.0888286839971622,1,60.0
10,6,6,True,6,0.39398213383623604,1,0.3845607740213002,5,0.07958991206591823,2,0.07379203184156743,0,0.06807514823497794,1,7.0
10,6,1,False,1,0.48824168594563333,6,0.2774205768861341,2,0.14581412047704614,4,0.08852361669118633,3,0.0,2,6.0
10,6,2,False,2,0.5677251546405625,1,0.20393291409776765,6,0.17223609953424834,5,0.05610583172742125,3,0.0,3,17.0
10,6,6,True,6,0.4292248168498169,1,0.2350313159063158,4,0.2087112609612609,2,0.1270326062826062,3,0.0,1,2.0
10,3,3,True,3,1.0,0,0.0,1,0.0,2,0.0,4,0.0,1,203.0
10,3,3,True,3,0.7571666666666667,0,0.2278333333333333,2,0.015,1,0.0,4,0.0,1,93.0
10,3,6,False,6,0.42297209734709745,2,0.2644804639804638,0,0.21194204406704412,3,0.10060539460539458,1,0.0,4,46.0
10,3,2,False,2,0.37018422564707376,3,0.27543965198028636,0,0.2532404863798051,6,0.10113563599283407,1,0.0,2,41.0
10,3,3,True,3,0.9916666666666667,5,0.008333333333333333,1,0.0,0,0.0,2,0.0,1,103.0
10,3,3,True,3,0.5235834998334998,0,0.47641650016650006,1,0.0,2,0.0,4,0.0,1,71.0
10,4,3,False,3,0.5225952380952381,4,0.399904761904762,2,0.0675,5,0.01,0,0.0,2,114.0
10,3,3,True,3,0.6988192363192363,2,0.15745510045510042,0,0.14372566322566316,1,0.0,4,0.0,1,97.0
10,3,3,True,3,0.8491468253968251,2,0.15085317460317454,1,0.0,0,0.0,4,0.0,1,100.0
10,2,0,False,0,0.45500586660015896,3,0.2697004070752385,6,0.1320924306881703,1,0.0758034213658793,2,0.06739787427055227,5,58.0
10,2,3,False,3,0.5885616883116882,5,0.16593759018759013,2,0.13307756132756132,6,0.11242316017316016,0,0.0,3,67.0
10,3,3,True,3,1.0,0,0.0,1,0.0,2,0.0,4,0.0,1,110.0
10,0,3,False,3,0.7571666666666667,0,0.2278333333333333,2,0.015,1,0.0,4,0.0,2,93.0
10,2,2,True,2,0.32666600757829356,0,0.3054882451084158,3,0.2947339749995894,6,0.07311177231370053,1,0.0,1,56.0
10,2,3,False,3,0.5885616883116882,5,0.16593759018759013,2,0.13307756132756132,6,0.11242316017316016,0,0.0,3,67.0
10,0,2,False,2,0.41349783549783536,3,0.21960750360750356,0,0.19101587301587292,6,0.17587878787878783,1,0.0,3,96.0
10,0,3,False,3,0.499039750282397,2,0.41878312455518313,0,0.08217712516241926,1,0.0,4,0.0,3,79.0
10,2,3,False,3,0.45865019444779487,2,0.3611112924742954,6,0.0955103960367118,0,0.08472811704119752,1,0.0,2,43.0
10,2,3,False,3,0.7907402597402594,0,0.20925974025974026,1,0.0,2,0.0,4,0.0,4,99.0
10,2,1,False,1,0.5899076479076479,6,0.25201839826839817,2,0.15807395382395378,0,0.0,3,0.0,3,13.0
10,2,1,False,1,0.3666448280090629,2,0.27115294725560124,6,0.2155816962890903,4,0.08720529156912506,5,0.059415236877120074,2,20.0
10,2,2,True,2,0.3066603453519154,0,0.30549278468922414,3,0.19799936348941924,6,0.12847180496836233,5,0.0613757015010784,1,57.0
10,2,2,True,2,0.44372961133350003,1,0.29879452167585807,4,0.11040707212588682,0,0.09695645380852674,6,0.05011234105622817,1,16.0
10,3,0,False,0,0.47130952380952384,6,0.4186904761904761,3,0.11,1,0.0,2,0.0,3,108.0
10,2,6,False,6,0.4655740746181921,1,0.26293289145495014,4,0.18439519467460638,2,0.08709783925225098,3,0.0,4,11.0
10,2,2,True,2,0.33381177665407025,1,0.29619265724367005,6,0.17852377299144018,4,0.10284218182905418,0,0.08862961128176501,1,19.0
10,3,3,True,3,0.5895516983016983,2,0.2712989510489509,5,0.1391493506493507,1,0.0,0,0.0,1,86.0
10,0,0,True,0,0.3080877234818457,2,0.2863540774128896,3,0.17678025113992438,6,0.17597670550400388,1,0.05280124246133605,1,47.0
10,2,3,False,3,0.39486122975583365,2,0.26872969280648284,0,0.2010049216188904,6,0.07012464931271298,1,0.06527950650607972,2,52.0
10,1,1,True,1,0.7985623330860062,4,0.12315099318938531,6,0.0462767996871469,3,0.018303883604178582,0,0.013705990433282826,1,0.0
10,2,2,True,2,0.2839325119325118,6,0.2643510933510933,0,0.16947990897990897,3,0.14822244422244416,1,0.1340140415140415,1,30.0
10,2,2,True,2,0.5242027723738247,0,0.23498115635654332,6,0.15767477878158986,1,0.08314129248804168,3,0.0,1,23.0
10,1,1,True,1,0.40305378737189884,6,0.2523270831335846,3,0.09293122967503774,0,0.08776544980647145,2,0.08572898399330281,1,10.0
10,6,0,False,0,0.3018437950937951,6,0.2968476523476523,2,0.2713124375624374,4,0.12999611499611496,3,0.0,2,49.0
10,1,2,False,2,0.33381177665407025,1,0.29619265724367005,6,0.17852377299144018,4,0.10284218182905418,0,0.08862961128176501,2,19.0
10,2,1,False,1,0.5465260790196178,6,0.3774372736620851,2,0.0760366473182969,0,0.0,3,0.0,3,9.0
10,0,6,False,6,0.38984844322344314,0,0.30577848540348535,2,0.30437307137307124,1,0.0,3,0.0,2,61.0
10,3,3,True,3,0.5878333333333332,2,0.4021666666666667,0,0.01,1,0.0,4,0.0,1,94.0
10,3,2,False,2,0.4986945518791497,1,0.217961701654039,0,0.1876678298911271,6,0.09567591657568433,3,0.0,5,26.0
10,3,3,True,3,0.5235834998334998,0,0.47641650016650006,1,0.0,2,0.0,4,0.0,1,71.0
10,3,2,False,2,0.41349783549783536,3,0.21960750360750356,0,0.19101587301587292,6,0.17587878787878783,1,0.0,2,96.0
10,0,6,False,6,0.4048792422317963,0,0.2866276225064923,2,0.23166451071288527,3,0.07682862454882577,1,0.0,2,55.0
10,1,1,True,1,0.3666448280090629,2,0.27115294725560124,6,0.2155816962890903,4,0.08720529156912506,5,0.059415236877120074,1,20.0
10,1,2,False,2,0.4548224830724831,1,0.32708857808857794,6,0.12300478687978679,3,0.09508415195915192,0,0.0,2,12.0
10,1,2,False,2,0.4986945518791497,1,0.217961701654039,0,0.1876678298911271,6,0.09567591657568433,3,0.0,2,26.0
10,0,1,False,1,0.27379837349612873,2,0.2466215721413089,0,0.23802717088553,6,0.16662982923509234,3,0.0749230542419397,3,32.0
10,3,3,True,3,0.559788050185109,2,0.3112559352412293,6,0.12895601457366163,1,0.0,0,0.0,1,81.0
10,2,2,True,2,0.5242027723738247,0,0.23498115635654332,6,0.15767477878158986,1,0.08314129248804168,3,0.0,1,23.0
10,0,0,True,0,0.3555289943339141,6,0.24830441428010064,3,0.15842564510241852,2,0.1489122622864041,1,0.0888286839971622,1,60.0
10,1,1,True,1,0.48824168594563333,6,0.2774205768861341,2,0.14581412047704614,4,0.08852361669118633,3,0.0,1,6.0
10,1,2,False,2,0.5074484126984128,1,0.2586547619047619,5,0.22723015873015867,0,0.0022222222222222222,6,0.0022222222222222222,2,28.0
10,0,0,True,0,0.4514455053890039,2,0.3453822702495302,1,0.11007033240237572,3,0.09310189195909006,4,0.0,1,44.0
10,2,2,True,2,0.4837126596967591,0,0.2342390741316235,6,0.1503311714347183,4,0.0721949315864883,3,0.059522163150410555,1,54.0
10,2,1,False,1,0.44016426555153176,6,0.2721844986350302,4,0.14627690612658303,2,0.0742506696800007,0,0.06712366000685424,4,5.0
10,2,0,False,0,0.3018437950937951,6,0.2968476523476523,2,0.2713124375624374,4,0.12999611499611496,3,0.0,3,49.0
10,0,3,False,3,0.36037619733207976,0,0.32322272498743065,2,0.14266238255208838,6,0.08924001570325099,1,0.08449867942515,2,33.0
10,3,3,True,3,0.8491468253968251,2,0.15085317460317454,1,0.0,0,0.0,4,0.0,1,100.0
10,4,2,False,2,0.5242027723738247,0,0.23498115635654332,6,0.15767477878158986,1,0.08314129248804168,3,0.0,6,23.0
10,5,3,False,3,0.5008293650793652,0,0.4700873015873016,2,0.029083333333333333,1,0.0,4,0.0,6,123.0
10,6,1,False,1,0.27379837349612873,2,0.2466215721413089,0,0.23802717088553,6,0.16662982923509234,3,0.0749230542419397,4,32.0
10,0,2,False,2,0.32666600757829356,0,0.3054882451084158,3,0.2947339749995894,6,0.07311177231370053,1,0.0,2,56.0
10,0,2,False,2,0.33381177665407025,1,0.29619265724367005,6,0.17852377299144018,4,0.10284218182905418,0,0.08862961128176501,5,19.0
10,2,6,False,6,0.4048792422317963,0,0.2866276225064923,2,0.23166451071288527,3,0.07682862454882577,1,0.0,3,55.0
10,2,3,False,3,0.45865019444779487,2,0.3611112924742954,6,0.0955103960367118,0,0.08472811704119752,1,0.0,2,43.0
10,6,0,False,0,0.8368002830502825,2,0.16319971694971688,1,0.0,3,0.0,4,0.0,7,34.0
10,0,2,False,2,0.44372961133350003,1,0.29879452167585807,4,0.11040707212588682,0,0.09695645380852674,6,0.05011234105622817,4,16.0
10,2,0,False,0,0.370791181041181,3,0.3665855810855811,2,0.13156315906315907,6,0.13106007881007872,1,0.0,3,70.0
10,1,6,False,6,0.38801595626595614,1,0.3696359196359196,2,0.12837480574980575,0,0.11397331834831831,3,0.0,2,4.0
10,1,2,False,2,0.2839325119325118,6,0.2643510933510933,0,0.16947990897990897,3,0.14822244422244416,1,0.1340140415140415,5,30.0
10,1,2,False,2,0.5677251546405625,1,0.20393291409776765,6,0.17223609953424834,5,0.05610583172742125,3,0.0,2,17.0
10,0,6,False,6,0.42297209734709745,2,0.2644804639804638,0,0.21194204406704412,3,0.10060539460539458,1,0.0,3,46.0
10,6,2,False,2,0.5242027723738247,0,0.23498115635654332,6,0.15767477878158986,1,0.08314129248804168,3,0.0,3,23.0
10,6,3,False,3,0.4048676138962516,0,0.2648677971495307,6,0.1712677799067117,2,0.15899680904750557,1,0.0,3,68.0
10,1,1,True,1,0.5465260790196178,6,0.3774372736620851,2,0.0760366473182969,0,0.0,3,0.0,1,9.0
10,1,2,False,2,0.44372961133350003,1,0.29879452167585807,4,0.11040707212588682,0,0.09695645380852674,6,0.05011234105622817,2,16.0
10,6,6,True,6,0.4655740746181921,1,0.26293289145495014,4,0.18439519467460638,2,0.08709783925225098,3,0.0,1,11.0
10,6,2,False,2,0.3066603453519154,0,0.30549278468922414,3,0.19799936348941924,6,0.12847180496836233,5,0.0613757015010784,4,57.0
10,6,6,True,6,0.4292248168498169,1,0.2350313159063158,4,0.2087112609612609,2,0.1270326062826062,3,0.0,1,2.0
10,6,1,False,1,0.7985623330860062,4,0.12315099318938531,6,0.0462767996871469,3,0.018303883604178582,0,0.013705990433282826,3,0.0
10,3,3,True,3,0.35500395437895454,6,0.3152430624930625,2,0.2331067959817959,0,0.09664618714618711,1,0.0,1,59.0
10,4,1,False,1,0.5899076479076479,6,0.25201839826839817,2,0.15807395382395378,0,0.0,3,0.0,6,13.0
10,3,2,False,2,0.4837126596967591,0,0.2342390741316235,6,0.1503311714347183,4,0.0721949315864883,3,0.059522163150410555,5,54.0
10,3,2,False,2,0.28071690929469545,1,0.2752057882348129,6,0.14700656361182665,4,0.144968603378046,3,0.08251811050146961,5,24.0
