fold,true_cluster,predicted_cluster,correct,top1_cluster,top1_confidence,top2_cluster,top2_confidence,top3_cluster,top3_confidence,top4_cluster,top4_confidence,top5_cluster,top5_confidence,true_rank,elevation_gain
1,2,2,True,2,0.61,3,0.37,11,0.02,1,0.0,4,0.0,1,100.0
1,2,4,False,4,0.4984761904761906,2,0.4898571428571428,6,0.006333333333333333,3,0.005333333333333333,0,0.0,2,39.0
1,1,8,False,8,0.8666549561549556,3,0.13334504384504375,1,0.0,0,0.0,4,0.0,3,4.0
1,1,3,False,3,0.4923317011830389,6,0.16542985767930632,13,0.09816782661875663,2,0.08935904642620375,1,0.032171147618088744,5,0.0
1,2,2,True,2,1.0,0,0.0,1,0.0,3,0.0,4,0.0,1,111.0
1,0,2,False,2,1.0,0,0.0,1,0.0,3,0.0,4,0.0,2,137.0
1,0,2,False,2,1.0,0,0.0,1,0.0,3,0.0,4,0.0,2,109.0
1,0,3,False,3,0.9490000000000001,11,0.051,1,0.0,0,0.0,4,0.0,4,22.0
1,0,4,False,4,0.622095238095238,2,0.36790476190476185,3,0.01,1,0.0,0,0.0,5,45.0
1,4,1,False,1,0.59,2,0.22683333333333333,6,0.18316666666666667,0,0.0,3,0.0,6,40.0
1,0,2,False,2,0.3677261904761904,6,0.3269523809523808,7,0.2983214285714284,3,0.006999999999999999,0,0.0,5,65.0
1,4,2,False,2,0.5390515873015872,4,0.22315873015873008,3,0.21778968253968256,6,0.02,0,0.0,2,42.0
1,4,0,False,0,0.43545313020313015,6,0.4256041458541462,2,0.13894272394272392,1,0.0,3,0.0,6,33.0
1,2,2,True,2,0.6080000000000001,3,0.392,1,0.0,0,0.0,4,0.0,1,94.0
1,3,2,False,2,0.4899166666666667,6,0.2594761904761904,0,0.2506071428571428,1,0.0,3,0.0,5,66.0
1,2,4,False,4,0.622095238095238,2,0.36790476190476185,3,0.01,1,0.0,0,0.0,2,45.0
1,2,3,False,3,1.0,0,0.0,1,0.0,2,0.0,4,0.0,4,12.6
1,2,2,True,2,0.654332251082251,6,0.3336677489177488,3,0.01,11,0.002,0,0.0,1,19.5
1,2,7,False,7,0.63,2,0.37,1,0.0,0,0.0,3,0.0,2,66.5
1,6,2,False,2,0.99,3,0.01,1,0.0,0,0.0,4,0.0,7,70.0
1,6,6,True,6,0.2845912698412697,2,0.275813492063492,3,0.224313492063492,7,0.21528174603174602,0,0.0,1,46.0
1,6,2,False,2,0.73,6,0.27,1,0.0,0,0.0,3,0.0,2,83.0
1,6,2,False,2,0.5483333333333333,3,0.45166666666666666,1,0.0,0,0.0,4,0.0,7,63.0
1,6,6,True,6,0.2845912698412697,2,0.275813492063492,3,0.224313492063492,7,0.21528174603174602,0,0.0,1,46.0
1,2,2,True,2,1.0,0,0.0,1,0.0,3,0.0,4,0.0,1,85.3
1,6,0,False,0,0.38763023088023113,3,0.3381143578643578,2,0.25425541125541107,6,0.02,1,0.0,4,24.1
1,6,2,False,2,0.6381666666666665,8,0.30583333333333335,4,0.05,3,0.006,0,0.0,7,28.2
1,8,2,False,2,0.5796666666666667,6,0.3676666666666666,1,0.04766666666666666,3,0.005,0,0.0,9,19.2
1,6,5,False,5,0.4395000000000001,7,0.4205,3,0.12,2,0.011000000000000001,12,0.006999999999999999,9,9.6
1,6,2,False,2,0.6965714285714287,10,0.21,6,0.07057142857142856,3,0.02,0,0.002857142857142857,3,33.3
1,2,3,False,3,0.4923317011830389,6,0.16542985767930632,13,0.09816782661875663,2,0.08935904642620375,1,0.032171147618088744,4,0.0
1,2,3,False,3,0.6344999999999998,6,0.3655,1,0.0,0,0.0,2,0.0,5,14.3
1,6,3,False,3,0.86,2,0.13666666666666666,7,0.003333333333333333,1,0.0,0,0.0,8,46.7
1,6,3,False,3,0.55,6,0.2816666666666666,5,0.1,7,0.04,0,0.025833333333333333,2,20.3
1,6,6,True,6,0.89,9,0.03733333333333333,4,0.037000000000000005,1,0.025666666666666664,3,0.01,1,8.2
1,7,2,False,2,0.4327182539682539,0,0.39728174603174593,7,0.12,6,0.03047619047619048,3,0.01952380952380952,3,14.0
1,6,6,True,6,0.57,1,0.15878571428571428,10,0.1231904761904762,11,0.11152380952380954,2,0.0265,1,18.9
1,6,2,False,2,0.97,3,0.029999999999999995,1,0.0,0,0.0,4,0.0,7,69.6
1,6,6,True,6,0.61,2,0.39,1,0.0,0,0.0,3,0.0,1,40.4
1,2,6,False,6,0.9185,5,0.051500000000000004,0,0.018333333333333333,2,0.005833333333333333,3,0.005833333333333333,4,23.8
1,2,3,False,3,0.77,2,0.18,6,0.05,1,0.0,0,0.0,2,63.6
1,2,2,True,2,0.9243571428571427,4,0.04944047619047619,6,0.026202380952380953,0,0.0,3,0.0,1,43.8
1,6,3,False,3,0.4923317011830389,6,0.16542985767930632,13,0.09816782661875663,2,0.08935904642620375,1,0.032171147618088744,2,0.0
1,7,3,False,3,0.68,6,0.23,7,0.07,1,0.02,2,0.0,3,25.3
1,8,8,True,8,0.8666549561549556,3,0.13334504384504375,1,0.0,0,0.0,4,0.0,1,4.0
1,8,3,False,3,0.9064880952380951,13,0.06,8,0.033511904761904764,0,0.0,4,0.0,3,4.2
1,6,3,False,3,0.4996666666666667,8,0.47033333333333327,7,0.02,2,0.01,0,0.0,9,13.8
1,7,7,True,7,0.63,2,0.345,6,0.02,0,0.005,3,0.0,1,66.4
1,6,1,False,1,0.4332142857142857,5,0.4067857142857143,3,0.1,6,0.046190476190476185,10,0.01380952380952381,4,16.5
1,7,3,False,3,0.41992460317460306,2,0.40027380952380953,1,0.17980158730158727,0,0.0,4,0.0,8,3.7
1,6,3,False,3,0.49078571428571427,1,0.4193333333333334,8,0.05302380952380953,6,0.03685714285714285,2,0.0,4,6.1
1,6,3,False,3,0.4923317011830389,6,0.16542985767930632,13,0.09816782661875663,2,0.08935904642620375,1,0.032171147618088744,2,0.0
1,6,6,True,6,0.61,2,0.39,1,0.0,0,0.0,3,0.0,1,55.8
1,7,3,False,3,0.6344999999999998,6,0.3655,1,0.0,0,0.0,2,0.0,8,14.3
1,8,3,False,3,0.4923317011830389,6,0.16542985767930632,13,0.09816782661875663,2,0.08935904642620375,1,0.032171147618088744,7,0.0
1,2,2,True,2,1.0,0,0.0,1,0.0,3,0.0,4,0.0,1,143.7
1,2,2,True,2,0.9197857142857141,0,0.08021428571428572,1,0.0,3,0.0,4,0.0,1,69.2
1,2,2,True,2,0.5006666666666667,3,0.4943333333333333,6,0.005,1,0.0,0,0.0,1,81.2
1,2,2,True,2,0.5026871461871465,3,0.3478236763236761,1,0.14948917748917745,0,0.0,4,0.0,1,18.3
1,2,3,False,3,0.4923317011830389,6,0.16542985767930632,13,0.09816782661875663,2,0.08935904642620375,1,0.032171147618088744,4,0.0
1,2,2,True,2,0.8766190476190476,6,0.11838095238095239,3,0.005,1,0.0,0,0.0,1,42.2
1,3,3,True,3,0.4923317011830389,6,0.16542985767930632,13,0.09816782661875663,2,0.08935904642620375,1,0.032171147618088744,1,0.0
1,3,3,True,3,0.4923317011830389,6,0.16542985767930632,13,0.09816782661875663,2,0.08935904642620375,1,0.032171147618088744,1,0.0
1,2,2,True,2,0.9966666666666666,3,0.003333333333333333,1,0.0,0,0.0,4,0.0,1,88.4
1,3,2,False,2,0.95,6,0.022000000000000002,7,0.020666666666666663,3,0.007333333333333334,0,0.0,4,17.6
1,3,2,False,2,0.5465,3,0.4535,1,0.0,0,0.0,4,0.0,2,98.3
1,2,3,False,3,0.5561626984126985,4,0.43383730158730155,6,0.01,0,0.0,2,0.0,5,18.0
1,2,2,True,2,0.8673333333333335,6,0.13266666666666668,1,0.0,0,0.0,3,0.0,1,30.8
1,9,3,False,3,0.4923317011830389,6,0.16542985767930632,13,0.09816782661875663,2,0.08935904642620375,1,0.032171147618088744,11,0.0
1,1,3,False,3,0.4923317011830389,6,0.16542985767930632,13,0.09816782661875663,2,0.08935904642620375,1,0.032171147618088744,5,0.0
1,3,3,True,3,0.3477413419913419,2,0.2247240259740259,9,0.21688311688311682,1,0.21065151515151503,4,0.0,1,7.1
1,3,3,True,3,0.8075000000000001,2,0.19249999999999998,1,0.0,0,0.0,4,0.0,1,81.0
1,3,3,True,3,0.4923317011830389,6,0.16542985767930632,13,0.09816782661875663,2,0.08935904642620375,1,0.032171147618088744,1,0.0
1,2,2,True,2,0.685642857142857,7,0.307095238095238,5,0.007261904761904762,0,0.0,3,0.0,1,18.5
1,3,2,False,2,0.9197857142857141,0,0.08021428571428572,1,0.0,3,0.0,4,0.0,4,69.2
1,3,3,True,3,0.5098333333333334,1,0.33016666666666666,2,0.16,0,0.0,4,0.0,1,13.0
1,2,2,True,2,0.685642857142857,7,0.307095238095238,5,0.007261904761904762,0,0.0,3,0.0,1,18.5
1,3,3,True,3,0.4895000000000001,6,0.4488333333333333,9,0.05166666666666666,7,0.01,2,0.0,1,3.2
1,3,3,True,3,0.4923317011830389,6,0.16542985767930632,13,0.09816782661875663,2,0.08935904642620375,1,0.032171147618088744,1,0.0
1,3,2,False,2,1.0,0,0.0,1,0.0,3,0.0,4,0.0,4,32.4
1,3,2,False,2,1.0,0,0.0,1,0.0,3,0.0,4,0.0,4,75.8
1,3,3,True,3,0.725,6,0.25,8,0.025,1,0.0,2,0.0,1,11.9
1,3,3,True,3,0.4923317011830389,6,0.16542985767930632,13,0.09816782661875663,2,0.08935904642620375,1,0.032171147618088744,1,0.0
1,3,3,True,3,0.5778333333333334,5,0.3775,8,0.04466666666666667,1,0.0,2,0.0,1,11.4
1,3,3,True,3,0.4923317011830389,6,0.16542985767930632,13,0.09816782661875663,2,0.08935904642620375,1,0.032171147618088744,1,0.0
1,3,3,True,3,0.4923317011830389,6,0.16542985767930632,13,0.09816782661875663,2,0.08935904642620375,1,0.032171147618088744,1,0.0
1,2,3,False,3,0.69,2,0.31,1,0.0,0,0.0,4,0.0,2,43.2
1,3,3,True,3,0.92,2,0.08,1,0.0,0,0.0,4,0.0,1,51.6
1,2,2,True,2,1.0,0,0.0,1,0.0,3,0.0,4,0.0,1,67.9
1,2,2,True,2,0.95,3,0.05,1,0.0,0,0.0,4,0.0,1,80.5
1,2,2,True,2,0.9531666666666665,6,0.04683333333333334,1,0.0,0,0.0,3,0.0,1,61.7
1,2,3,False,3,0.65,2,0.31916666666666665,6,0.03083333333333333,1,0.0,0,0.0,2,41.3
1,2,3,False,3,0.4923317011830389,6,0.16542985767930632,13,0.09816782661875663,2,0.08935904642620375,1,0.032171147618088744,4,0.0
1,2,6,False,6,0.692857142857143,2,0.21471428571428572,0,0.09242857142857142,1,0.0,3,0.0,2,66.1
1,3,3,True,3,0.4923317011830389,6,0.16542985767930632,13,0.09816782661875663,2,0.08935904642620375,1,0.032171147618088744,1,0.0
1,3,3,True,3,0.8436666666666666,2,0.15633333333333332,1,0.0,0,0.0,4,0.0,1,7.4
1,3,3,True,3,0.49078571428571427,1,0.4193333333333334,8,0.05302380952380953,6,0.03685714285714285,2,0.0,1,6.0
1,3,2,False,2,1.0,0,0.0,1,0.0,3,0.0,4,0.0,4,67.8
1,2,3,False,3,0.571440476190476,2,0.42855952380952383,1,0.0,0,0.0,4,0.0,2,64.5
1,3,3,True,3,0.4923317011830389,6,0.16542985767930632,13,0.09816782661875663,2,0.08935904642620375,1,0.032171147618088744,1,0.0
1,3,3,True,3,0.6289327616827615,7,0.13011815961815956,5,0.12720571095571093,2,0.11374336774336774,0,0.0,1,14.9
1,3,3,True,3,0.4923317011830389,6,0.16542985767930632,13,0.09816782661875663,2,0.08935904642620375,1,0.032171147618088744,1,0.0
1,3,3,True,3,0.8989999999999999,0,0.04166666666666667,8,0.037333333333333336,6,0.022000000000000002,2,0.0,1,22.9
1,2,2,True,2,0.6346666666666665,3,0.3653333333333333,1,0.0,0,0.0,4,0.0,1,53.7
1,2,2,True,2,1.0,0,0.0,1,0.0,3,0.0,4,0.0,1,85.8
1,3,3,True,3,0.4923317011830389,6,0.16542985767930632,13,0.09816782661875663,2,0.08935904642620375,1,0.032171147618088744,1,0.0
1,3,3,True,3,0.4923317011830389,6,0.16542985767930632,13,0.09816782661875663,2,0.08935904642620375,1,0.032171147618088744,1,0.0
1,3,3,True,3,0.9071666666666667,8,0.08283333333333336,6,0.01,1,0.0,2,0.0,1,11.8
1,3,3,True,3,0.67,2,0.33,1,0.0,0,0.0,4,0.0,1,154.9
1,3,3,True,3,0.4923317011830389,6,0.16542985767930632,13,0.09816782661875663,2,0.08935904642620375,1,0.032171147618088744,1,0.0
1,3,3,True,3,0.7275,2,0.24,9,0.0325,1,0.0,4,0.0,1,10.8
1,3,3,True,3,0.4923317011830389,6,0.16542985767930632,13,0.09816782661875663,2,0.08935904642620375,1,0.032171147618088744,1,0.0
1,3,7,False,7,0.74,3,0.2320779220779221,5,0.02,1,0.00792207792207792,2,0.0,2,9.8
1,10,7,False,7,0.71,1,0.14,3,0.11,6,0.04,2,0.0,11,24.9
1,3,3,True,3,0.4923317011830389,6,0.16542985767930632,13,0.09816782661875663,2,0.08935904642620375,1,0.032171147618088744,1,0.0
1,3,3,True,3,0.5176428571428571,2,0.4381904761904762,6,0.04416666666666666,1,0.0,0,0.0,1,15.2
1,1,3,False,3,0.4923317011830389,6,0.16542985767930632,13,0.09816782661875663,2,0.08935904642620375,1,0.032171147618088744,5,0.0
1,2,2,True,2,0.8204761904761904,3,0.14285714285714288,6,0.03666666666666667,1,0.0,0,0.0,1,82.4
1,9,3,False,3,0.7912543567543566,1,0.2087456432456432,0,0.0,2,0.0,4,0.0,10,10.0
1,3,3,True,3,0.3874206349206347,13,0.33452380952380933,9,0.27430555555555547,8,0.00375,4,0.0,1,2.7
1,3,3,True,3,0.9775,12,0.0225,1,0.0,0,0.0,4,0.0,1,2.3
1,2,11,False,11,0.59,2,0.37,3,0.04,1,0.0,4,0.0,2,53.1
1,3,3,True,3,0.4923317011830389,6,0.16542985767930632,13,0.09816782661875663,2,0.08935904642620375,1,0.032171147618088744,1,0.0
1,3,0,False,0,0.68,3,0.14466666666666667,5,0.12533333333333332,2,0.05,1,0.0,2,11.1
1,3,3,True,3,0.3477413419913419,2,0.2247240259740259,9,0.21688311688311682,1,0.21065151515151503,4,0.0,1,7.1
1,2,2,True,2,0.4899166666666667,6,0.2594761904761904,0,0.2506071428571428,1,0.0,3,0.0,1,66.0
1,3,3,True,3,0.4923317011830389,6,0.16542985767930632,13,0.09816782661875663,2,0.08935904642620375,1,0.032171147618088744,1,0.0
1,3,3,True,3,0.4923317011830389,6,0.16542985767930632,13,0.09816782661875663,2,0.08935904642620375,1,0.032171147618088744,1,0.0
1,3,3,True,3,0.4923317011830389,6,0.16542985767930632,13,0.09816782661875663,2,0.08935904642620375,1,0.032171147618088744,1,0.0
1,2,6,False,6,0.33983333333333343,3,0.339111111111111,0,0.3110555555555555,2,0.005,10,0.005,4,33.7
1,12,3,False,3,0.4923317011830389,6,0.16542985767930632,13,0.09816782661875663,2,0.08935904642620375,1,0.032171147618088744,6,0.0
1,3,6,False,6,0.6858333333333334,7,0.2033333333333333,2,0.10416666666666666,3,0.006666666666666666,0,0.0,4,30.2
1,3,3,True,3,0.6304761904761903,4,0.3271904761904761,9,0.026000000000000002,2,0.01633333333333333,0,0.0,1,7.0
1,3,3,True,3,0.9775,12,0.0225,1,0.0,0,0.0,4,0.0,1,2.3
1,3,12,False,12,0.5577110389610389,3,0.442288961038961,1,0.0,0,0.0,4,0.0,2,2.2
1,3,6,False,6,0.66,2,0.28,3,0.03554761904761904,4,0.02445238095238095,0,0.0,3,17.9
1,2,3,False,3,0.8683571428571429,2,0.08146428571428571,10,0.05017857142857143,1,0.0,4,0.0,2,31.6
1,2,3,False,3,0.4923317011830389,6,0.16542985767930632,13,0.09816782661875663,2,0.08935904642620375,1,0.032171147618088744,4,0.0
1,5,3,False,3,0.4923317011830389,6,0.16542985767930632,13,0.09816782661875663,2,0.08935904642620375,1,0.032171147618088744,8,0.0
1,10,3,False,3,0.4923317011830389,6,0.16542985767930632,13,0.09816782661875663,2,0.08935904642620375,1,0.032171147618088744,10,0.0
1,2,6,False,6,0.31237299057151996,2,0.2443536128903775,0,0.21923242117359756,7,0.12417645671322132,4,0.09986451865128335,2,38.0
1,2,6,False,6,0.63,3,0.3285476190476191,9,0.027761904761904762,2,0.01369047619047619,0,0.0,4,12.0
1,2,2,True,2,0.9341666666666666,6,0.06583333333333333,1,0.0,0,0.0,3,0.0,1,72.4
1,11,3,False,3,0.69,2,0.30818181818181817,0,0.0018181818181818182,1,0.0,4,0.0,12,59.6
1,2,2,True,2,0.9933333333333333,7,0.006666666666666666,1,0.0,0,0.0,3,0.0,1,45.7
1,12,3,False,3,0.4923317011830389,6,0.16542985767930632,13,0.09816782661875663,2,0.08935904642620375,1,0.032171147618088744,6,0.0
1,2,2,True,2,0.8296587301587303,6,0.09642857142857145,5,0.07391269841269842,0,0.0,3,0.0,1,50.8
1,2,2,True,2,1.0,0,0.0,1,0.0,3,0.0,4,0.0,1,18.6
1,2,2,True,2,0.9341666666666666,6,0.06583333333333333,1,0.0,0,0.0,3,0.0,1,72.4
1,2,3,False,3,0.4923317011830389,6,0.16542985767930632,13,0.09816782661875663,2,0.08935904642620375,1,0.032171147618088744,4,0.0
1,2,2,True,2,0.6676428571428571,6,0.33235714285714274,1,0.0,0,0.0,3,0.0,1,61.5
1,2,2,True,2,0.9933333333333334,3,0.006666666666666666,1,0.0,0,0.0,4,0.0,1,75.7
1,2,2,True,2,0.8653571428571428,3,0.13464285714285715,1,0.0,0,0.0,4,0.0,1,39.6
1,11,0,False,0,0.67,3,0.25,2,0.049166666666666664,6,0.03083333333333333,1,0.0,12,74.2
1,10,3,False,3,0.8410714285714286,9,0.11892857142857143,2,0.011666666666666665,1,0.01,8,0.01,12,9.2
1,2,2,True,2,0.5026871461871465,3,0.3478236763236761,1,0.14948917748917745,0,0.0,4,0.0,1,18.3
1,2,2,True,2,1.0,0,0.0,1,0.0,3,0.0,4,0.0,1,118.4
1,13,3,False,3,0.4923317011830389,6,0.16542985767930632,13,0.09816782661875663,2,0.08935904642620375,1,0.032171147618088744,3,0.0
1,2,7,False,7,0.64,2,0.3,3,0.06,1,0.0,0,0.0,2,57.5
1,1,1,True,1,0.3808214285714285,3,0.33904365079365073,6,0.2801349206349206,0,0.0,2,0.0,1,10.4
1,2,2,True,2,1.0,0,0.0,1,0.0,3,0.0,4,0.0,1,138.2
1,5,6,False,6,0.63,3,0.32,7,0.03,1,0.02,2,0.0,7,25.2
1,2,6,False,6,0.63,3,0.3285476190476191,9,0.027761904761904762,2,0.01369047619047619,0,0.0,4,12.0
1,2,2,True,2,0.8653571428571428,3,0.13464285714285715,1,0.0,0,0.0,4,0.0,1,39.6
1,13,3,False,3,0.4923317011830389,6,0.16542985767930632,13,0.09816782661875663,2,0.08935904642620375,1,0.032171147618088744,3,0.0
1,13,3,False,3,0.4923317011830389,6,0.16542985767930632,13,0.09816782661875663,2,0.08935904642620375,1,0.032171147618088744,3,0.0
1,2,3,False,3,0.63,2,0.2634444444444444,0,0.06466666666666668,4,0.041888888888888885,1,0.0,2,48.3
1,2,2,True,2,0.5285,6,0.41150000000000003,1,0.06,0,0.0,3,0.0,1,39.9
1,2,2,True,2,0.5049761904761905,4,0.2548452380952381,7,0.24017857142857132,0,0.0,3,0.0,1,52.0
1,2,2,True,2,0.99,3,0.01,1,0.0,0,0.0,4,0.0,1,107.6
1,2,3,False,3,0.7419076479076478,6,0.25475901875901863,7,0.003333333333333333,0,0.0,2,0.0,5,14.5
1,13,3,False,3,0.4923317011830389,6,0.16542985767930632,13,0.09816782661875663,2,0.08935904642620375,1,0.032171147618088744,3,0.0
1,2,6,False,6,0.9059761904761906,3,0.08802380952380952,1,0.006000000000000001,0,0.0,2,0.0,5,26.9
2,2,2,True,2,0.6298253968253967,0,0.3701746031746031,1,0.0,3,0.0,4,0.0,1,60.0
2,2,2,True,2,0.9700000000000002,3,0.030000000000000006,1,0.0,0,0.0,4,0.0,1,75.0
2,0,4,False,4,0.58,7,0.3390000000000001,6,0.08100000000000002,0,0.0,3,0.0,4,28.0
2,4,2,False,2,0.5412301587301587,6,0.2337777777777777,4,0.22499206349206344,0,0.0,3,0.0,3,44.0
2,0,3,False,3,0.44864285714285707,6,0.43407142857142866,2,0.11385714285714287,10,0.0034285714285714284,0,0.0,5,33.8
2,0,3,False,3,0.5856428571428571,0,0.38685714285714284,2,0.0275,1,0.0,4,0.0,2,43.0
2,4,2,False,2,0.7470541125541125,4,0.2529458874458874,1,0.0,0,0.0,3,0.0,2,39.0
2,0,6,False,6,0.3463174603174604,0,0.23078968253968246,3,0.21792857142857142,4,0.20496428571428565,2,0.0,2,37.0
2,4,0,False,0,0.7424920634920634,2,0.25750793650793646,1,0.0,3,0.0,4,0.0,5,48.0
2,0,2,False,2,0.8418333333333333,3,0.15816666666666668,1,0.0,0,0.0,4,0.0,4,58.0
2,2,2,True,2,0.91,3,0.09,1,0.0,0,0.0,4,0.0,1,90.0
2,2,2,True,2,0.8041666666666667,3,0.18583333333333335,6,0.01,1,0.0,0,0.0,1,84.0
2,2,2,True,2,0.5015952380952381,6,0.2659761904761905,3,0.23242857142857132,1,0.0,0,0.0,1,59.0
2,2,2,True,2,0.4776944444444445,6,0.33297222222222217,4,0.18933333333333327,0,0.0,3,0.0,1,35.0
2,2,6,False,6,0.71,3,0.17,2,0.12,1,0.0,0,0.0,3,87.0
2,2,2,True,2,1.0,0,0.0,1,0.0,3,0.0,4,0.0,1,86.0
2,2,2,True,2,1.0,0,0.0,1,0.0,3,0.0,4,0.0,1,67.0
2,2,2,True,2,0.8830000000000001,3,0.117,1,0.0,0,0.0,4,0.0,1,32.2
2,2,2,True,2,1.0,0,0.0,1,0.0,3,0.0,4,0.0,1,71.5
2,2,2,True,2,0.6298253968253967,0,0.3701746031746031,1,0.0,3,0.0,4,0.0,1,60.0
2,2,3,False,3,0.6435952380952381,2,0.33640476190476193,5,0.02,1,0.0,0,0.0,2,5.3
2,2,2,True,2,0.7451666666666668,3,0.1585,10,0.09633333333333333,1,0.0,4,0.0,1,31.9
2,6,2,False,2,0.3586047294209058,0,0.2715408366143658,6,0.2425214115949409,4,0.12733302236978702,3,0.0,3,38.0
2,7,3,False,3,0.35713095238095227,2,0.33554761904761904,4,0.3073214285714285,1,0.0,0,0.0,8,55.0
2,6,2,False,2,0.5412301587301587,6,0.2337777777777777,4,0.22499206349206344,0,0.0,3,0.0,2,44.0
2,6,6,True,6,0.57,2,0.43,1,0.0,0,0.0,3,0.0,1,40.4
2,8,10,False,10,0.47966666666666663,2,0.46033333333333337,11,0.04583333333333333,3,0.014166666666666666,4,0.0,12,21.6
2,7,6,False,6,0.5397539682539683,3,0.23104365079365075,2,0.22586904761904755,0,0.0016666666666666666,4,0.0016666666666666666,8,32.9
2,6,3,False,3,0.4841388888888888,2,0.29775793650793625,7,0.2181031746031745,1,0.0,0,0.0,8,31.4
2,6,2,False,2,0.91,11,0.09,1,0.0,0,0.0,4,0.0,7,101.1
2,2,6,False,6,0.59,3,0.2825,2,0.1275,1,0.0,0,0.0,3,64.1
2,2,3,False,3,0.94,2,0.06,1,0.0,0,0.0,4,0.0,2,22.7
2,2,6,False,6,0.6811749361749361,0,0.19601257076257073,2,0.0718026418026418,4,0.05100985125985126,3,0.0,3,33.1
2,6,1,False,1,0.63,7,0.295,3,0.075,0,0.0,2,0.0,8,25.8
2,3,3,True,3,0.49260534421512914,6,0.15390951226125935,13,0.10042388478926871,2,0.08748141609610059,1,0.03753928611058719,1,0.0
2,2,3,False,3,0.49260534421512914,6,0.15390951226125935,13,0.10042388478926871,2,0.08748141609610059,1,0.03753928611058719,4,0.0
2,3,3,True,3,0.49260534421512914,6,0.15390951226125935,13,0.10042388478926871,2,0.08748141609610059,1,0.03753928611058719,1,0.0
2,2,2,True,2,0.8830000000000001,3,0.117,1,0.0,0,0.0,4,0.0,1,32.2
2,7,2,False,2,0.3586047294209058,0,0.2715408366143658,6,0.2425214115949409,4,0.12733302236978702,3,0.0,8,38.0
2,7,2,False,2,0.81,7,0.19,1,0.0,0,0.0,3,0.0,2,66.5
2,6,3,False,3,0.4425,7,0.405,5,0.11,6,0.03,2,0.0125,4,17.4
2,7,6,False,6,0.6141666666666666,2,0.37,1,0.01,10,0.005833333333333333,3,0.0,9,16.7
2,6,3,False,3,0.49260534421512914,6,0.15390951226125935,13,0.10042388478926871,2,0.08748141609610059,1,0.03753928611058719,2,0.0
2,6,2,False,2,0.9175,11,0.05,0,0.02,3,0.0125,4,0.0,7,74.7
2,6,3,False,3,0.49260534421512914,6,0.15390951226125935,13,0.10042388478926871,2,0.08748141609610059,1,0.03753928611058719,2,0.0
2,8,9,False,9,0.35592857142857126,2,0.31921428571428556,3,0.3026349206349206,10,0.02,12,0.0022222222222222222,12,6.6
2,6,6,True,6,0.4581388888888888,3,0.4480833333333334,5,0.04,7,0.04,0,0.008444444444444444,1,20.2
2,6,3,False,3,0.4841388888888888,2,0.29775793650793625,7,0.2181031746031745,1,0.0,0,0.0,8,31.3
2,6,3,False,3,0.49260534421512914,6,0.15390951226125935,13,0.10042388478926871,2,0.08748141609610059,1,0.03753928611058719,2,0.0
2,6,3,False,3,0.49260534421512914,6,0.15390951226125935,13,0.10042388478926871,2,0.08748141609610059,1,0.03753928611058719,2,0.0
2,6,5,False,5,0.62,3,0.2518333333333333,2,0.12816666666666665,1,0.0,0,0.0,7,5.5
2,6,3,False,3,0.49260534421512914,6,0.15390951226125935,13,0.10042388478926871,2,0.08748141609610059,1,0.03753928611058719,2,0.0
2,6,2,False,2,1.0,0,0.0,1,0.0,3,0.0,4,0.0,7,61.5
2,6,3,False,3,0.6841666666666666,8,0.26083333333333325,6,0.05,1,0.005,2,0.0,3,6.2
2,6,3,False,3,0.49260534421512914,6,0.15390951226125935,13,0.10042388478926871,2,0.08748141609610059,1,0.03753928611058719,2,0.0
2,6,3,False,3,0.646142857142857,7,0.334690476190476,6,0.019166666666666665,0,0.0,2,0.0,3,14.7
2,6,2,False,2,0.95,11,0.05,1,0.0,0,0.0,4,0.0,7,91.0
2,8,8,True,8,0.99,3,0.005,9,0.0025,6,0.0025,2,0.0,1,3.4
2,8,3,False,3,0.59,0,0.16113095238095237,1,0.16010714285714286,2,0.08876190476190478,4,0.0,9,8.8
2,2,2,True,2,0.9778333333333333,0,0.022166666666666664,1,0.0,3,0.0,4,0.0,1,68.9
2,2,3,False,3,0.4841388888888888,2,0.29775793650793625,7,0.2181031746031745,1,0.0,0,0.0,2,31.4
2,2,11,False,11,0.4511666666666667,3,0.42883333333333334,10,0.06833333333333333,2,0.05166666666666666,4,0.0,4,21.7
2,2,0,False,0,0.7424920634920634,2,0.25750793650793646,1,0.0,3,0.0,4,0.0,2,47.9
2,2,11,False,11,0.69,3,0.21,4,0.05016666666666667,2,0.0295,0,0.02033333333333333,4,29.3
2,9,3,False,3,0.49260534421512914,6,0.15390951226125935,13,0.10042388478926871,2,0.08748141609610059,1,0.03753928611058719,11,0.0
2,9,3,False,3,0.46961904761904755,2,0.4288571428571429,9,0.08142857142857142,4,0.018666666666666665,1,0.0014285714285714286,3,6.9
2,3,3,True,3,0.5115,6,0.4415000000000001,5,0.026999999999999996,2,0.019999999999999997,0,0.0,1,51.3
2,3,3,True,3,0.49260534421512914,6,0.15390951226125935,13,0.10042388478926871,2,0.08748141609610059,1,0.03753928611058719,1,0.0
2,3,3,True,3,0.7315876068376062,12,0.268412393162393,1,0.0,0,0.0,4,0.0,1,6.7
2,3,3,True,3,0.49260534421512914,6,0.15390951226125935,13,0.10042388478926871,2,0.08748141609610059,1,0.03753928611058719,1,0.0
2,2,3,False,3,0.7528333333333335,2,0.24716666666666667,1,0.0,0,0.0,4,0.0,2,98.6
2,3,3,True,3,0.49260534421512914,6,0.15390951226125935,13,0.10042388478926871,2,0.08748141609610059,1,0.03753928611058719,1,0.0
2,3,2,False,2,0.9269166666666666,0,0.06308333333333334,6,0.01,1,0.0,3,0.0,5,48.3
2,3,9,False,9,0.34495238095238095,1,0.33878571428571425,4,0.2862619047619047,2,0.03,3,0.0,5,7.8
2,3,3,True,3,0.49260534421512914,6,0.15390951226125935,13,0.10042388478926871,2,0.08748141609610059,1,0.03753928611058719,1,0.0
2,3,5,False,5,0.7287261904761902,6,0.26127380952380935,3,0.00625,1,0.00375,2,0.0,3,15.9
2,3,3,True,3,0.8016071428571427,8,0.1983928571428571,1,0.0,0,0.0,4,0.0,1,2.4
2,3,3,True,3,0.5714635038164451,2,0.15087086932675164,5,0.13899061885826586,7,0.13867500799853735,0,0.0,1,14.9
2,3,3,True,3,0.49733333333333335,2,0.42750000000000005,6,0.057999999999999996,11,0.017166666666666667,0,0.0,1,15.2
2,3,3,True,3,0.49260534421512914,6,0.15390951226125935,13,0.10042388478926871,2,0.08748141609610059,1,0.03753928611058719,1,0.0
2,2,2,True,2,0.7451666666666668,3,0.1585,10,0.09633333333333333,1,0.0,4,0.0,1,31.9
2,2,7,False,7,0.7698333333333334,3,0.18716666666666665,1,0.033,5,0.01,2,0.0,5,16.2
2,2,6,False,6,0.3463174603174604,0,0.23078968253968246,3,0.21792857142857142,4,0.20496428571428565,2,0.0,5,37.1
2,2,2,True,2,0.49767857142857147,6,0.45354761904761903,4,0.048773809523809525,0,0.0,3,0.0,1,44.1
2,3,3,True,3,0.49260534421512914,6,0.15390951226125935,13,0.10042388478926871,2,0.08748141609610059,1,0.03753928611058719,1,0.0
2,3,9,False,9,0.6148225108225108,2,0.25,1,0.09317965367965368,3,0.04199783549783549,4,0.0,4,10.2
2,3,3,True,3,0.45161904761904764,8,0.40838095238095234,9,0.08083333333333333,2,0.05916666666666666,4,0.0,1,6.3
2,3,3,True,3,0.49260534421512914,6,0.15390951226125935,13,0.10042388478926871,2,0.08748141609610059,1,0.03753928611058719,1,0.0
2,10,3,False,3,0.49260534421512914,6,0.15390951226125935,13,0.10042388478926871,2,0.08748141609610059,1,0.03753928611058719,10,0.0
2,3,2,False,2,0.8908333333333333,3,0.08916666666666667,11,0.02,1,0.0,4,0.0,2,99.7
2,3,3,True,3,0.7315876068376062,12,0.268412393162393,1,0.0,0,0.0,4,0.0,1,6.7
2,3,3,True,3,0.49260534421512914,6,0.15390951226125935,13,0.10042388478926871,2,0.08748141609610059,1,0.03753928611058719,1,0.0
2,3,3,True,3,0.8453968253968253,7,0.15460317460317463,1,0.0,0,0.0,2,0.0,1,7.3
2,3,3,True,3,0.49260534421512914,6,0.15390951226125935,13,0.10042388478926871,2,0.08748141609610059,1,0.03753928611058719,1,0.0
2,2,2,True,2,0.9450000000000002,6,0.05499999999999999,1,0.0,0,0.0,3,0.0,1,80.0
2,10,5,False,5,0.67,2,0.24685714285714286,6,0.08314285714285713,0,0.0,3,0.0,11,19.6
2,1,3,False,3,0.49260534421512914,6,0.15390951226125935,13,0.10042388478926871,2,0.08748141609610059,1,0.03753928611058719,5,0.0
2,2,3,False,3,0.49260534421512914,6,0.15390951226125935,13,0.10042388478926871,2,0.08748141609610059,1,0.03753928611058719,4,0.0
2,1,10,False,10,0.47966666666666663,2,0.46033333333333337,11,0.04583333333333333,3,0.014166666666666666,4,0.0,7,21.6
2,2,2,True,2,0.72,3,0.2033333333333333,6,0.07,0,0.006666666666666666,1,0.0,1,36.5
2,2,2,True,2,1.0,0,0.0,1,0.0,3,0.0,4,0.0,1,58.6
2,3,3,True,3,0.778,2,0.126,10,0.096,1,0.0,4,0.0,1,31.7
2,3,3,True,3,0.5714635038164451,2,0.15087086932675164,5,0.13899061885826586,7,0.13867500799853735,0,0.0,1,14.9
2,3,11,False,11,0.55,2,0.2845,3,0.13925,6,0.02,0,0.00625,3,35.6
2,2,8,False,8,0.99,3,0.01,1,0.0,0,0.0,4,0.0,8,3.5
2,3,3,True,3,0.49260534421512914,6,0.15390951226125935,13,0.10042388478926871,2,0.08748141609610059,1,0.03753928611058719,1,0.0
2,2,3,False,3,0.49260534421512914,6,0.15390951226125935,13,0.10042388478926871,2,0.08748141609610059,1,0.03753928611058719,4,0.0
2,2,2,True,2,0.9700000000000002,3,0.030000000000000006,1,0.0,0,0.0,4,0.0,1,74.9
2,3,3,True,3,0.49260534421512914,6,0.15390951226125935,13,0.10042388478926871,2,0.08748141609610059,1,0.03753928611058719,1,0.0
2,2,2,True,2,0.93625,4,0.03291666666666667,6,0.03083333333333333,0,0.0,3,0.0,1,43.8
2,2,2,True,2,0.89,1,0.06375,10,0.04625,0,0.0,4,0.0,1,18.7
2,3,3,True,3,0.49260534421512914,6,0.15390951226125935,13,0.10042388478926871,2,0.08748141609610059,1,0.03753928611058719,1,0.0
2,2,2,True,2,0.99,3,0.01,1,0.0,0,0.0,4,0.0,1,61.9
2,3,2,False,2,0.5910000000000001,6,0.3975,4,0.0115,0,0.0,3,0.0,5,39.2
2,5,1,False,1,0.7069166666666667,2,0.25,6,0.020499999999999997,0,0.013166666666666667,7,0.009416666666666667,7,16.9
2,11,11,True,11,0.63,2,0.2694642857142857,3,0.08,4,0.01886904761904762,0,0.0016666666666666666,1,44.8
2,2,2,True,2,0.6603333333333334,11,0.24,3,0.07675,0,0.022916666666666665,4,0.0,1,35.7
2,2,3,False,3,0.4551666666666667,2,0.4026904761904762,6,0.07742857142857144,0,0.06471428571428571,1,0.0,2,19.9
2,3,2,False,2,0.5343333333333333,3,0.4656666666666666,1,0.0,0,0.0,4,0.0,2,76.9
2,2,2,True,2,0.9030952380952381,7,0.0969047619047619,1,0.0,0,0.0,3,0.0,1,46.9
2,2,2,True,2,0.6357976190476187,6,0.3392023809523809,3,0.025,1,0.0,0,0.0,1,69.6
2,3,3,True,3,0.49260534421512914,6,0.15390951226125935,13,0.10042388478926871,2,0.08748141609610059,1,0.03753928611058719,1,0.0
2,3,3,True,3,0.49260534421512914,6,0.15390951226125935,13,0.10042388478926871,2,0.08748141609610059,1,0.03753928611058719,1,0.0
2,2,2,True,2,1.0,0,0.0,1,0.0,3,0.0,4,0.0,1,86.3
2,3,3,True,3,0.49260534421512914,6,0.15390951226125935,13,0.10042388478926871,2,0.08748141609610059,1,0.03753928611058719,1,0.0
2,3,3,True,3,0.49260534421512914,6,0.15390951226125935,13,0.10042388478926871,2,0.08748141609610059,1,0.03753928611058719,1,0.0
2,3,3,True,3,0.940809523809524,2,0.05919047619047618,1,0.0,0,0.0,4,0.0,1,12.8
2,2,2,True,2,0.66,6,0.27,3,0.07,1,0.0,0,0.0,1,86.6
2,2,3,False,3,0.49260534421512914,6,0.15390951226125935,13,0.10042388478926871,2,0.08748141609610059,1,0.03753928611058719,4,0.0
2,3,3,True,3,0.49260534421512914,6,0.15390951226125935,13,0.10042388478926871,2,0.08748141609610059,1,0.03753928611058719,1,0.0
2,3,3,True,3,0.49260534421512914,6,0.15390951226125935,13,0.10042388478926871,2,0.08748141609610059,1,0.03753928611058719,1,0.0
2,3,3,True,3,0.628190476190476,2,0.37180952380952376,1,0.0,0,0.0,4,0.0,1,12.6
2,3,3,True,3,0.49260534421512914,6,0.15390951226125935,13,0.10042388478926871,2,0.08748141609610059,1,0.03753928611058719,1,0.0
2,3,3,True,3,0.2824325396825396,7,0.24322222222222212,2,0.23952777777777765,6,0.23481746031746023,0,0.0,1,14.3
2,3,3,True,3,0.49260534421512914,6,0.15390951226125935,13,0.10042388478926871,2,0.08748141609610059,1,0.03753928611058719,1,0.0
2,3,10,False,10,0.61,9,0.15561904761904763,3,0.15438095238095237,12,0.036166666666666666,2,0.031,3,9.2
2,3,3,True,3,0.49260534421512914,6,0.15390951226125935,13,0.10042388478926871,2,0.08748141609610059,1,0.03753928611058719,1,0.0
2,3,3,True,3,0.49260534421512914,6,0.15390951226125935,13,0.10042388478926871,2,0.08748141609610059,1,0.03753928611058719,1,0.0
2,3,11,False,11,0.62,0,0.24,2,0.1325,3,0.0075,4,0.0,4,74.4
2,2,2,True,2,0.6668253968253969,6,0.3331746031746032,1,0.0,0,0.0,3,0.0,1,30.9
2,2,3,False,3,0.3711428571428572,2,0.3350119047619048,10,0.293845238095238,1,0.0,4,0.0,2,31.8
2,12,3,False,3,0.49260534421512914,6,0.15390951226125935,13,0.10042388478926871,2,0.08748141609610059,1,0.03753928611058719,6,0.0
2,1,3,False,3,0.49260534421512914,6,0.15390951226125935,13,0.10042388478926871,2,0.08748141609610059,1,0.03753928611058719,5,0.0
2,1,3,False,3,0.7824999999999999,8,0.1675,2,0.04,1,0.01,4,0.0,4,13.4
2,12,3,False,3,0.49260534421512914,6,0.15390951226125935,13,0.10042388478926871,2,0.08748141609610059,1,0.03753928611058719,6,0.0
2,3,2,False,2,0.618607142857143,6,0.23204761904761906,3,0.07750000000000001,7,0.07184523809523811,0,0.0,3,46.2
2,2,3,False,3,0.49260534421512914,6,0.15390951226125935,13,0.10042388478926871,2,0.08748141609610059,1,0.03753928611058719,4,0.0
2,11,10,False,10,0.4527976190476191,1,0.397202380952381,2,0.14,6,0.01,3,0.0,12,18.8
2,5,3,False,3,0.49260534421512914,6,0.15390951226125935,13,0.10042388478926871,2,0.08748141609610059,1,0.03753928611058719,8,0.0
2,3,3,True,3,0.6435952380952381,2,0.33640476190476193,5,0.02,1,0.0,0,0.0,1,5.3
2,3,3,True,3,0.4983333333333333,2,0.4816666666666667,11,0.02,1,0.0,4,0.0,1,99.5
2,2,2,True,2,0.9966666666666666,3,0.003333333333333333,1,0.0,0,0.0,4,0.0,1,76.7
2,2,2,True,2,0.439484126984127,3,0.3727380952380952,6,0.14777777777777779,11,0.04,0,0.0,1,35.4
2,2,2,True,2,0.9175,11,0.05,0,0.02,3,0.0125,4,0.0,1,74.7
2,13,3,False,3,0.49260534421512914,6,0.15390951226125935,13,0.10042388478926871,2,0.08748141609610059,1,0.03753928611058719,3,0.0
2,2,3,False,3,0.8765000000000001,1,0.12350000000000001,0,0.0,2,0.0,4,0.0,4,12.9
2,2,2,True,2,0.5511190476190476,6,0.4460238095238095,3,0.002857142857142857,1,0.0,0,0.0,1,42.3
2,2,2,True,2,0.8435869408369406,5,0.15641305916305911,1,0.0,0,0.0,3,0.0,1,18.4
2,2,2,True,2,1.0,0,0.0,1,0.0,3,0.0,4,0.0,1,86.2
2,2,2,True,2,1.0,0,0.0,1,0.0,3,0.0,4,0.0,1,85.8
2,3,5,False,5,0.67,2,0.24685714285714286,6,0.08314285714285713,0,0.0,3,0.0,5,19.6
2,11,3,False,3,0.49260534421512914,6,0.15390951226125935,13,0.10042388478926871,2,0.08748141609610059,1,0.03753928611058719,9,0.0
2,13,3,False,3,0.49260534421512914,6,0.15390951226125935,13,0.10042388478926871,2,0.08748141609610059,1,0.03753928611058719,3,0.0
2,2,2,True,2,0.9700000000000002,3,0.030000000000000006,1,0.0,0,0.0,4,0.0,1,74.8
2,2,2,True,2,0.8502647907647903,3,0.14973520923520917,1,0.0,0,0.0,4,0.0,1,39.6
2,2,3,False,3,0.65,2,0.35,1,0.0,0,0.0,4,0.0,2,75.9
2,2,2,True,2,0.5910000000000001,6,0.3975,4,0.0115,0,0.0,3,0.0,1,39.2
2,1,1,True,1,0.804940476190476,3,0.10096428571428571,6,0.09409523809523809,0,0.0,2,0.0,1,10.3
2,2,2,True,2,0.5443095238095239,6,0.4556904761904761,1,0.0,0,0.0,3,0.0,1,72.6
2,2,3,False,3,0.5183333333333333,2,0.4816666666666667,1,0.0,0,0.0,4,0.0,2,99.3
2,13,3,False,3,0.49260534421512914,6,0.15390951226125935,13,0.10042388478926871,2,0.08748141609610059,1,0.03753928611058719,3,0.0
2,13,3,False,3,0.49260534421512914,6,0.15390951226125935,13,0.10042388478926871,2,0.08748141609610059,1,0.03753928611058719,3,0.0
2,2,2,True,2,0.5018333333333332,3,0.48816666666666675,11,0.01,1,0.0,4,0.0,1,105.9
3,0,3,False,3,1.0,0,0.0,1,0.0,2,0.0,4,0.0,2,226.0
3,4,2,False,2,0.36140873015873004,6,0.27522452547452547,0,0.23928105228105223,7,0.1240856920856921,3,0.0,8,38.0
3,2,2,True,2,1.0,0,0.0,1,0.0,3,0.0,4,0.0,1,113.0
3,0,0,True,0,0.4971666666666667,3,0.44283333333333325,2,0.06,1,0.0,4,0.0,1,43.0
3,4,3,False,3,0.5316507936507937,1,0.2387619047619047,10,0.22958730158730156,0,0.0,4,0.0,5,3.0
3,0,4,False,4,0.4866980519480519,6,0.2621093073593073,0,0.25119264069264063,1,0.0,3,0.0,3,34.0
3,0,2,False,2,0.3728373015873016,3,0.3255396825396825,6,0.3016230158730158,1,0.0,0,0.0,5,50.0
3,4,2,False,2,0.5888333333333333,4,0.3511666666666666,3,0.04,6,0.02,0,0.0,2,42.0
3,0,2,False,2,0.8111136363636362,0,0.18888636363636363,1,0.0,3,0.0,4,0.0,2,60.0
3,1,3,False,3,0.92,2,0.08,1,0.0,0,0.0,4,0.0,3,13.0
3,2,0,False,0,0.6596547619047619,1,0.29034523809523805,8,0.02,3,0.016,9,0.013999999999999999,8,9.0
3,2,4,False,4,0.4866980519480519,6,0.2621093073593073,0,0.25119264069264063,1,0.0,3,0.0,6,34.0
3,2,2,True,2,1.0,0,0.0,1,0.0,3,0.0,4,0.0,1,86.0
3,2,3,False,3,0.7373333333333334,2,0.25600000000000006,6,0.003333333333333333,7,0.003333333333333333,0,0.0,2,32.6
3,6,2,False,2,0.36140873015873004,6,0.27522452547452547,0,0.23928105228105223,7,0.1240856920856921,3,0.0,2,38.0
3,6,2,False,2,0.5033333333333333,3,0.4966666666666667,1,0.0,0,0.0,4,0.0,7,73.0
3,6,6,True,6,0.3917916805416805,2,0.22706346431346433,3,0.20162515262515257,7,0.17951970251970245,0,0.0,1,46.0
3,6,2,False,2,0.62075,3,0.37325,4,0.006,1,0.0,0,0.0,7,39.2
3,6,3,False,3,0.5643333333333334,2,0.4156666666666666,4,0.012333333333333333,0,0.004,6,0.003666666666666667,5,34.2
3,6,6,True,6,0.7326121933621934,2,0.20038708513708517,4,0.0670007215007215,0,0.0,3,0.0,1,35.2
3,6,2,False,2,0.6166666666666667,6,0.27959523809523806,5,0.09040476190476192,3,0.01,0,0.003333333333333333,2,23.8
3,2,6,False,6,0.6813650793650794,2,0.3186349206349207,1,0.0,0,0.0,3,0.0,2,69.8
3,2,7,False,7,0.61,6,0.39,0,0.0,1,0.0,3,0.0,6,27.6
3,6,3,False,3,0.900452380952381,2,0.07673809523809524,1,0.014936507936507937,7,0.007873015873015872,0,0.0,8,3.6
3,7,3,False,3,0.48646825396825405,6,0.2883095238095237,2,0.22522222222222216,1,0.0,0,0.0,8,31.3
3,6,3,False,3,0.58,2,0.42,1,0.0,0,0.0,4,0.0,7,55.4
3,6,3,False,3,0.48921072377509484,6,0.15453650370922933,13,0.09743629979877523,2,0.09522393848579287,1,0.03487459488111724,2,0.0
3,6,0,False,0,0.68,2,0.22150000000000003,3,0.07766666666666666,10,0.014999999999999998,5,0.005833333333333333,7,19.8
3,6,3,False,3,0.48921072377509484,6,0.15453650370922933,13,0.09743629979877523,2,0.09522393848579287,1,0.03487459488111724,2,0.0
3,3,3,True,3,0.48921072377509484,6,0.15453650370922933,13,0.09743629979877523,2,0.09522393848579287,1,0.03487459488111724,1,0.0
3,3,8,False,8,0.6739178876678877,3,0.24445970695970698,13,0.07,1,0.011622405372405371,4,0.0,2,4.2
3,3,6,False,6,0.77,2,0.22,1,0.01,0,0.0,3,0.0,5,26.7
3,3,0,False,0,0.68,10,0.11411904761904763,3,0.10035714285714285,5,0.09552380952380952,2,0.01,3,19.7
3,2,2,True,2,0.995,3,0.005,1,0.0,0,0.0,4,0.0,1,105.5
3,6,3,False,3,0.48921072377509484,6,0.15453650370922933,13,0.09743629979877523,2,0.09522393848579287,1,0.03487459488111724,2,0.0
3,7,6,False,6,0.78,4,0.13616666666666666,0,0.08383333333333334,1,0.0,3,0.0,8,27.9
3,7,6,False,6,0.94,7,0.05,0,0.01,1,0.0,3,0.0,2,27.8
3,8,3,False,3,0.48921072377509484,6,0.15453650370922933,13,0.09743629979877523,2,0.09522393848579287,1,0.03487459488111724,7,0.0
3,6,0,False,0,0.4365914502164503,6,0.2865326479076478,2,0.1594918831168831,4,0.11738401875901876,3,0.0,2,33.0
3,6,7,False,7,0.57,2,0.36,6,0.0535,10,0.0165,3,0.0,3,16.7
3,7,2,False,2,1.0,0,0.0,1,0.0,3,0.0,4,0.0,8,18.5
3,8,3,False,3,0.44499999999999995,6,0.4050000000000001,7,0.13,8,0.02,2,0.0,4,13.8
3,6,3,False,3,0.89,7,0.048833333333333326,2,0.0345,0,0.026666666666666665,1,0.0,8,14.1
3,6,6,True,6,0.77,2,0.22,1,0.01,0,0.0,3,0.0,1,26.7
3,8,3,False,3,0.48921072377509484,6,0.15453650370922933,13,0.09743629979877523,2,0.09522393848579287,1,0.03487459488111724,7,0.0
3,6,2,False,2,0.4875573593073592,6,0.2661641414141414,3,0.24627849927849924,1,0.0,0,0.0,2,42.4
3,6,3,False,3,0.48921072377509484,6,0.15453650370922933,13,0.09743629979877523,2,0.09522393848579287,1,0.03487459488111724,2,0.0
3,7,3,False,3,0.8581547619047619,10,0.07602380952380952,1,0.06582142857142856,0,0.0,4,0.0,9,3.1
3,6,3,False,3,0.48921072377509484,6,0.15453650370922933,13,0.09743629979877523,2,0.09522393848579287,1,0.03487459488111724,2,0.0
3,8,3,False,3,0.6660357142857144,8,0.3339642857142857,1,0.0,0,0.0,4,0.0,2,2.5
3,6,2,False,2,1.0,0,0.0,1,0.0,3,0.0,4,0.0,7,72.3
3,2,3,False,3,0.66,2,0.34,1,0.0,0,0.0,4,0.0,2,68.5
3,2,3,False,3,0.48921072377509484,6,0.15453650370922933,13,0.09743629979877523,2,0.09522393848579287,1,0.03487459488111724,4,0.0
3,2,2,True,2,1.0,0,0.0,1,0.0,3,0.0,4,0.0,1,118.8
3,2,2,True,2,0.725,6,0.19,3,0.085,1,0.0,0,0.0,1,54.1
3,2,2,True,2,0.98,0,0.02,1,0.0,3,0.0,4,0.0,1,138.8
3,2,3,False,3,0.8443333333333333,2,0.15566666666666665,1,0.0,0,0.0,4,0.0,2,77.3
3,5,3,False,3,0.955,0,0.04,8,0.005,1,0.0,4,0.0,6,11.3
3,1,10,False,10,0.4681904761904762,11,0.4318095238095237,2,0.09,6,0.01,3,0.0,7,18.8
3,3,2,False,2,0.6353095238095235,3,0.36469047619047623,1,0.0,0,0.0,4,0.0,2,15.3
3,2,2,True,2,0.5959523809523809,3,0.40404761904761904,1,0.0,0,0.0,4,0.0,1,75.4
3,2,2,True,2,0.6633809523809524,6,0.3366190476190476,1,0.0,0,0.0,3,0.0,1,30.9
3,2,3,False,3,0.61,2,0.3483333333333333,4,0.04166666666666666,1,0.0,0,0.0,2,41.8
3,3,2,False,2,0.732,3,0.248,6,0.02,1,0.0,0,0.0,2,98.2
3,2,1,False,1,0.4883571428571429,4,0.3649761904761904,6,0.13,2,0.016666666666666666,3,0.0,4,19.0
3,2,3,False,3,0.682,2,0.3,6,0.0115,7,0.006500000000000001,0,0.0,2,17.6
3,3,6,False,6,0.69,2,0.22583333333333336,3,0.07,7,0.014166666666666666,0,0.0,3,56.5
3,3,3,True,3,0.7433571428571427,2,0.1412619047619048,10,0.11538095238095238,1,0.0,4,0.0,1,31.7
3,2,2,True,2,0.7605977633477633,6,0.23940223665223662,1,0.0,0,0.0,3,0.0,1,61.4
3,3,3,True,3,0.48921072377509484,6,0.15453650370922933,13,0.09743629979877523,2,0.09522393848579287,1,0.03487459488111724,1,0.0
3,3,6,False,6,0.36224603174603165,11,0.3356587301587301,3,0.30209523809523803,1,0.0,2,0.0,3,12.4
3,3,9,False,9,0.65,3,0.315,2,0.02,8,0.01,1,0.005,2,10.7
3,3,3,True,3,0.48921072377509484,6,0.15453650370922933,13,0.09743629979877523,2,0.09522393848579287,1,0.03487459488111724,1,0.0
3,1,3,False,3,0.48921072377509484,6,0.15453650370922933,13,0.09743629979877523,2,0.09522393848579287,1,0.03487459488111724,5,0.0
3,3,2,False,2,0.5888333333333333,4,0.3511666666666666,3,0.04,6,0.02,0,0.0,3,42.0
3,10,6,False,6,0.47885714285714287,2,0.4005,4,0.07202380952380953,0,0.048619047619047624,3,0.0,11,33.9
3,3,2,False,2,0.61,3,0.31,0,0.08,1,0.0,4,0.0,2,22.2
3,3,8,False,8,0.65,1,0.19864285714285718,6,0.09821428571428573,3,0.05314285714285715,2,0.0,4,10.5
3,3,3,True,3,0.48921072377509484,6,0.15453650370922933,13,0.09743629979877523,2,0.09522393848579287,1,0.03487459488111724,1,0.0
3,3,3,True,3,0.7737802867067571,12,0.22621971329324264,1,0.0,0,0.0,4,0.0,1,6.7
3,11,2,False,2,0.689952380952381,3,0.23,4,0.05585714285714285,0,0.02419047619047619,1,0.0,12,29.3
3,3,3,True,3,0.48921072377509484,6,0.15453650370922933,13,0.09743629979877523,2,0.09522393848579287,1,0.03487459488111724,1,0.0
3,3,3,True,3,0.48921072377509484,6,0.15453650370922933,13,0.09743629979877523,2,0.09522393848579287,1,0.03487459488111724,1,0.0
3,3,3,True,3,0.7086031746031745,2,0.29139682539682527,1,0.0,0,0.0,4,0.0,1,12.6
3,3,3,True,3,0.99,8,0.01,1,0.0,0,0.0,4,0.0,1,13.2
3,3,2,False,2,0.7292153679653681,6,0.12665417915417912,0,0.08185536685536685,7,0.06227508602508602,3,0.0,5,37.9
3,3,3,True,3,0.4857734487734488,0,0.4796190476190476,7,0.014119047619047618,2,0.01407936507936508,5,0.0064090909090909086,1,15.0
3,3,3,True,3,0.7086031746031745,2,0.29139682539682527,1,0.0,0,0.0,4,0.0,1,12.7
3,2,6,False,6,0.5187182539682539,3,0.4525873015873016,2,0.020194444444444445,0,0.0085,1,0.0,3,65.6
3,3,3,True,3,0.48921072377509484,6,0.15453650370922933,13,0.09743629979877523,2,0.09522393848579287,1,0.03487459488111724,1,0.0
3,1,2,False,2,0.6339401154401153,3,0.3660598845598846,1,0.0,0,0.0,4,0.0,3,18.3
3,2,2,True,2,0.75,3,0.25,1,0.0,0,0.0,4,0.0,1,68.3
3,2,3,False,3,0.5146190476190476,2,0.4535357142857142,6,0.0318452380952381,1,0.0,0,0.0,2,69.4
3,2,2,True,2,0.9,3,0.09,6,0.01,1,0.0,0,0.0,1,54.5
3,9,1,False,1,0.4883333333333331,4,0.4116666666666668,6,0.07,3,0.03,2,0.0,10,8.0
3,2,3,False,3,0.48921072377509484,6,0.15453650370922933,13,0.09743629979877523,2,0.09522393848579287,1,0.03487459488111724,4,0.0
3,2,2,True,2,1.0,0,0.0,1,0.0,3,0.0,4,0.0,1,71.4
3,3,3,True,3,0.48921072377509484,6,0.15453650370922933,13,0.09743629979877523,2,0.09522393848579287,1,0.03487459488111724,1,0.0
3,2,6,False,6,0.6618333333333334,8,0.31,11,0.015666666666666666,3,0.0125,2,0.0,5,19.3
3,3,2,False,2,0.43566666666666665,7,0.386,5,0.15,3,0.028333333333333335,0,0.0,4,15.6
3,3,6,False,6,0.3422460317460317,11,0.3356587301587301,3,0.31709523809523804,2,0.005,0,0.0,3,12.5
3,3,6,False,6,0.7275649350649351,2,0.18981565656565652,5,0.07261940836940836,3,0.01,0,0.0,4,51.1
3,2,3,False,3,0.57,2,0.43,1,0.0,0,0.0,4,0.0,2,70.3
3,3,3,True,3,0.9,2,0.09857142857142857,7,0.0014285714285714286,1,0.0,0,0.0,1,51.6
3,3,3,True,3,0.48921072377509484,6,0.15453650370922933,13,0.09743629979877523,2,0.09522393848579287,1,0.03487459488111724,1,0.0
3,3,3,True,3,0.48921072377509484,6,0.15453650370922933,13,0.09743629979877523,2,0.09522393848579287,1,0.03487459488111724,1,0.0
3,3,3,True,3,0.8481753246753246,0,0.06685064935064935,8,0.04321861471861472,6,0.04175541125541126,2,0.0,1,22.9
3,3,13,False,13,0.4531666666666668,9,0.3968333333333332,3,0.11599999999999999,2,0.034,4,0.0,3,2.8
3,3,13,False,13,0.63,3,0.283202380952381,6,0.08679761904761905,1,0.0,2,0.0,2,4.4
3,3,3,True,3,0.8848333333333335,8,0.11516666666666668,1,0.0,0,0.0,4,0.0,1,2.6
3,2,2,True,2,1.0,0,0.0,1,0.0,3,0.0,4,0.0,1,85.6
3,3,3,True,3,0.48921072377509484,6,0.15453650370922933,13,0.09743629979877523,2,0.09522393848579287,1,0.03487459488111724,1,0.0
3,2,2,True,2,1.0,0,0.0,1,0.0,3,0.0,4,0.0,1,18.6
3,2,2,True,2,0.85,3,0.15,1,0.0,0,0.0,4,0.0,1,70.7
3,3,3,True,3,0.48921072377509484,6,0.15453650370922933,13,0.09743629979877523,2,0.09522393848579287,1,0.03487459488111724,1,0.0
3,2,2,True,2,0.84175,0,0.15824999999999997,1,0.0,3,0.0,4,0.0,1,109.7
3,2,2,True,2,1.0,0,0.0,1,0.0,3,0.0,4,0.0,1,85.7
3,5,6,False,6,0.7427976190476191,3,0.14167857142857143,7,0.11552380952380954,0,0.0,2,0.0,7,17.3
3,2,2,True,2,0.985,6,0.015,1,0.0,0,0.0,3,0.0,1,96.3
3,9,2,False,2,0.642,3,0.21516666666666664,8,0.1408333333333333,9,0.002,4,0.0,4,6.4
3,3,3,True,3,0.48921072377509484,6,0.15453650370922933,13,0.09743629979877523,2,0.09522393848579287,1,0.03487459488111724,1,0.0
3,3,3,True,3,0.48921072377509484,6,0.15453650370922933,13,0.09743629979877523,2,0.09522393848579287,1,0.03487459488111724,1,0.0
3,3,3,True,3,0.48921072377509484,6,0.15453650370922933,13,0.09743629979877523,2,0.09522393848579287,1,0.03487459488111724,1,0.0
3,2,2,True,2,1.0,0,0.0,1,0.0,3,0.0,4,0.0,1,85.6
3,3,3,True,3,0.48921072377509484,6,0.15453650370922933,13,0.09743629979877523,2,0.09522393848579287,1,0.03487459488111724,1,0.0
3,1,3,False,3,0.48921072377509484,6,0.15453650370922933,13,0.09743629979877523,2,0.09522393848579287,1,0.03487459488111724,5,0.0
3,3,3,True,3,0.48921072377509484,6,0.15453650370922933,13,0.09743629979877523,2,0.09522393848579287,1,0.03487459488111724,1,0.0
3,3,3,True,3,0.48921072377509484,6,0.15453650370922933,13,0.09743629979877523,2,0.09522393848579287,1,0.03487459488111724,1,0.0
3,2,2,True,2,0.9194999999999999,3,0.0805,1,0.0,0,0.0,4,0.0,1,78.4
3,3,3,True,3,0.6459880952380953,4,0.32734523809523813,2,0.016666666666666666,9,0.01,0,0.0,1,7.0
3,3,3,True,3,0.48921072377509484,6,0.15453650370922933,13,0.09743629979877523,2,0.09522393848579287,1,0.03487459488111724,1,0.0
3,3,3,True,3,0.48921072377509484,6,0.15453650370922933,13,0.09743629979877523,2,0.09522393848579287,1,0.03487459488111724,1,0.0
3,3,3,True,3,0.6625,5,0.128,7,0.12666666666666668,6,0.08283333333333333,2,0.0,1,9.7
3,2,3,False,3,0.5862619047619048,2,0.3812380952380953,10,0.02,8,0.0125,4,0.0,2,28.6
3,2,3,False,3,0.6749325396825394,9,0.16410317460317456,1,0.16096428571428573,0,0.0,4,0.0,8,7.1
3,2,3,False,3,0.3378809523809522,2,0.3319047619047618,10,0.33021428571428574,1,0.0,4,0.0,2,31.8
3,2,2,True,2,0.71,6,0.29,1,0.0,0,0.0,3,0.0,1,40.5
3,12,3,False,3,0.48921072377509484,6,0.15453650370922933,13,0.09743629979877523,2,0.09522393848579287,1,0.03487459488111724,6,0.0
3,10,3,False,3,0.5178333333333334,5,0.4531666666666667,6,0.028999999999999995,0,0.0,2,0.0,11,4.6
3,3,3,True,3,0.48921072377509484,6,0.15453650370922933,13,0.09743629979877523,2,0.09522393848579287,1,0.03487459488111724,1,0.0
3,2,2,True,2,0.8686666666666666,6,0.13133333333333336,1,0.0,0,0.0,3,0.0,1,91.3
3,11,2,False,2,0.6353095238095235,3,0.36469047619047623,1,0.0,0,0.0,4,0.0,12,15.3
3,2,3,False,3,0.65,2,0.35,1,0.0,0,0.0,4,0.0,2,104.5
3,2,2,True,2,0.9416666666666665,3,0.05833333333333334,1,0.0,0,0.0,4,0.0,1,75.6
3,2,2,True,2,0.71,6,0.29,1,0.0,0,0.0,3,0.0,1,40.5
3,2,3,False,3,0.4752142857142857,2,0.4128809523809523,10,0.1,4,0.007619047619047619,0,0.004285714285714285,2,48.4
3,2,3,False,3,0.3649166666666666,6,0.3270833333333333,2,0.3079999999999999,1,0.0,0,0.0,3,62.9
3,3,3,True,3,0.493952380952381,2,0.3929999999999999,10,0.05894047619047619,1,0.05410714285714287,4,0.0,1,2.9
3,12,3,False,3,0.48921072377509484,6,0.15453650370922933,13,0.09743629979877523,2,0.09522393848579287,1,0.03487459488111724,6,0.0
3,2,2,True,2,1.0,0,0.0,1,0.0,3,0.0,4,0.0,1,58.5
3,13,3,False,3,0.48921072377509484,6,0.15453650370922933,13,0.09743629979877523,2,0.09522393848579287,1,0.03487459488111724,3,0.0
3,2,3,False,3,0.9406666666666667,6,0.04466666666666667,2,0.014666666666666668,1,0.0,0,0.0,3,15.2
3,2,2,True,2,0.7137222222222221,3,0.21477777777777782,6,0.05133333333333332,7,0.020166666666666666,0,0.0,1,32.8
3,2,2,True,2,0.99,3,0.01,1,0.0,0,0.0,4,0.0,1,71.1
3,3,3,True,3,0.48921072377509484,6,0.15453650370922933,13,0.09743629979877523,2,0.09522393848579287,1,0.03487459488111724,1,0.0
3,11,2,False,2,0.96,3,0.02,6,0.02,1,0.0,0,0.0,12,100.5
3,2,3,False,3,0.521170634920635,9,0.44195634920634924,1,0.03687301587301588,0,0.0,4,0.0,8,10.1
3,2,2,True,2,0.9416666666666665,3,0.05833333333333334,1,0.0,0,0.0,4,0.0,1,75.6
3,2,2,True,2,0.9977777777777778,3,0.0022222222222222222,1,0.0,0,0.0,4,0.0,1,39.5
3,2,2,True,2,0.99,0,0.01,1,0.0,3,0.0,4,0.0,1,134.3
3,2,2,True,2,0.6339401154401153,3,0.3660598845598846,1,0.0,0,0.0,4,0.0,1,18.3
3,2,2,True,2,1.0,0,0.0,1,0.0,3,0.0,4,0.0,1,141.4
3,2,2,True,2,0.7806666666666666,6,0.20933333333333334,3,0.01,1,0.0,0,0.0,1,72.7
3,2,2,True,2,0.9654761904761904,0,0.03452380952380952,1,0.0,3,0.0,4,0.0,1,68.8
3,2,2,True,2,0.8111136363636362,0,0.18888636363636363,1,0.0,3,0.0,4,0.0,1,60.0
3,2,1,False,1,0.4883571428571429,4,0.3649761904761904,6,0.13,2,0.016666666666666666,3,0.0,4,19.0
3,2,2,True,2,0.4755,6,0.45449999999999996,1,0.03916666666666666,4,0.030833333333333334,3,0.0,1,39.9
3,13,3,False,3,0.48921072377509484,6,0.15453650370922933,13,0.09743629979877523,2,0.09522393848579287,1,0.03487459488111724,3,0.0
3,13,3,False,3,0.48921072377509484,6,0.15453650370922933,13,0.09743629979877523,2,0.09522393848579287,1,0.03487459488111724,3,0.0
3,2,3,False,3,0.48921072377509484,6,0.15453650370922933,13,0.09743629979877523,2,0.09522393848579287,1,0.03487459488111724,4,0.0
3,13,3,False,3,0.48921072377509484,6,0.15453650370922933,13,0.09743629979877523,2,0.09522393848579287,1,0.03487459488111724,3,0.0
3,2,3,False,3,0.9538095238095238,2,0.04,6,0.006190476190476191,1,0.0,0,0.0,2,81.3
3,2,2,True,2,0.460642857142857,1,0.4436904761904763,4,0.05566666666666666,8,0.03,6,0.01,1,19.1
4,4,3,False,3,0.5040686398333274,6,0.144742791424578,13,0.09850789567229011,2,0.09543279479565257,1,0.035983020307601185,13,0.0
4,0,6,False,6,0.4641977744477744,0,0.19080758130758116,1,0.18218514818514817,7,0.14280949605949605,5,0.01,2,17.0
4,0,6,False,6,0.28927380952380954,0,0.25984920634920633,2,0.25316666666666665,7,0.19771031746031745,3,0.0,2,41.0
4,0,2,False,2,0.7937366522366521,0,0.20626334776334768,1,0.0,3,0.0,4,0.0,2,60.0
4,0,3,False,3,0.3718333333333333,8,0.3385,6,0.28966666666666663,1,0.0,2,0.0,8,23.0
4,4,3,False,3,0.48632142857142857,2,0.25665079365079363,4,0.23917063492063487,6,0.017857142857142856,0,0.0,3,18.0
4,0,0,True,0,0.4972976190476192,4,0.2585119047619047,2,0.2441904761904761,1,0.0,3,0.0,1,48.0
4,2,6,False,6,0.58,2,0.35,11,0.06,3,0.01,0,0.0,2,91.0
4,2,2,True,2,0.98,3,0.02,1,0.0,0,0.0,4,0.0,1,76.0
4,2,2,True,2,0.7937366522366521,0,0.20626334776334768,1,0.0,3,0.0,4,0.0,1,60.0
4,2,2,True,2,0.7099285714285714,3,0.2900714285714285,1,0.0,0,0.0,4,0.0,1,59.0
4,2,4,False,4,0.3195714285714285,3,0.3142142857142856,7,0.2762142857142857,2,0.09,0,0.0,4,55.0
4,2,2,True,2,1.0,0,0.0,1,0.0,3,0.0,4,0.0,1,68.0
4,2,2,True,2,1.0,0,0.0,1,0.0,3,0.0,4,0.0,1,39.4
4,6,2,False,2,0.74,3,0.26,1,0.0,0,0.0,4,0.0,7,87.0
4,6,2,False,2,0.77,3,0.23,1,0.0,0,0.0,4,0.0,7,64.0
4,2,2,True,2,0.3706190476190477,4,0.3340238095238095,0,0.2678571428571428,11,0.0275,3,0.0,1,29.0
4,7,3,False,3,0.3785238095238095,2,0.3462857142857142,6,0.2751904761904761,1,0.0,0,0.0,8,30.0
4,6,2,False,2,0.568404761904762,6,0.43159523809523803,1,0.0,0,0.0,3,0.0,2,31.0
4,6,2,False,2,0.99,3,0.01,1,0.0,0,0.0,4,0.0,7,96.0
4,6,2,False,2,0.5978531746031747,0,0.20589285714285713,3,0.1962539682539682,1,0.0,4,0.0,7,66.0
4,6,10,False,10,0.5156190476190475,6,0.4293809523809524,5,0.045,7,0.01,3,0.0,2,16.6
4,6,2,False,2,0.7099285714285714,3,0.2900714285714285,1,0.0,0,0.0,4,0.0,7,59.0
4,6,6,True,6,0.65,2,0.3416666666666666,7,0.008333333333333333,0,0.0,3,0.0,1,55.8
4,8,3,False,3,1.0,0,0.0,1,0.0,2,0.0,4,0.0,9,11.7
4,7,6,False,6,0.79,3,0.19666666666666668,7,0.013333333333333332,0,0.0,2,0.0,3,9.6
4,6,3,False,3,0.3651904761904761,2,0.35628571428571426,6,0.2751904761904761,11,0.003333333333333333,0,0.0,3,29.7
4,2,5,False,5,0.63,8,0.2675,2,0.08,3,0.015,6,0.0075,3,13.6
4,2,3,False,3,0.5691666666666668,2,0.4308333333333331,1,0.0,0,0.0,4,0.0,2,22.6
4,2,2,True,2,0.6156428571428569,6,0.3403571428571429,3,0.044000000000000004,1,0.0,0,0.0,1,19.5
4,6,3,False,3,0.5040686398333274,6,0.144742791424578,13,0.09850789567229011,2,0.09543279479565257,1,0.035983020307601185,2,0.0
4,6,3,False,3,0.5150595238095237,2,0.27134523809523803,7,0.21359523809523806,1,0.0,0,0.0,8,14.3
4,6,3,False,3,0.5040686398333274,6,0.144742791424578,13,0.09850789567229011,2,0.09543279479565257,1,0.035983020307601185,2,0.0
4,6,3,False,3,0.5040686398333274,6,0.144742791424578,13,0.09850789567229011,2,0.09543279479565257,1,0.035983020307601185,2,0.0
4,3,2,False,2,0.5619166666666665,3,0.4151666666666667,8,0.022916666666666665,1,0.0,4,0.0,2,28.5
4,2,2,True,2,0.7998012265512264,6,0.20019877344877343,1,0.0,0,0.0,3,0.0,1,43.4
4,3,3,True,3,0.48632142857142857,2,0.25665079365079363,4,0.23917063492063487,6,0.017857142857142856,0,0.0,1,18.0
4,2,2,True,2,0.995,3,0.005,1,0.0,0,0.0,4,0.0,1,75.1
4,3,3,True,3,0.5040686398333274,6,0.144742791424578,13,0.09850789567229011,2,0.09543279479565257,1,0.035983020307601185,1,0.0
4,2,2,True,2,0.867,3,0.13299999999999998,1,0.0,0,0.0,4,0.0,1,88.7
4,3,8,False,8,0.7676730010615458,3,0.12300785364446351,1,0.10931914529399046,0,0.0,4,0.0,2,4.1
4,2,2,True,2,0.6249999999999999,0,0.37499999999999994,1,0.0,3,0.0,4,0.0,1,108.6
4,6,3,False,3,0.5040686398333274,6,0.144742791424578,13,0.09850789567229011,2,0.09543279479565257,1,0.035983020307601185,2,0.0
4,6,6,True,6,0.4818809523809523,7,0.4814523809523809,2,0.03666666666666667,0,0.0,3,0.0,1,27.7
4,7,6,False,6,0.4836666666666667,3,0.4606666666666666,7,0.05566666666666666,0,0.0,2,0.0,3,14.6
4,6,3,False,3,0.4709999999999999,2,0.46599999999999997,11,0.03166666666666666,6,0.024666666666666667,9,0.006666666666666666,4,12.3
4,7,3,False,3,0.5207142857142856,1,0.4521428571428573,5,0.010357142857142856,2,0.01,6,0.006785714285714286,8,16.1
4,6,3,False,3,0.5040686398333274,6,0.144742791424578,13,0.09850789567229011,2,0.09543279479565257,1,0.035983020307601185,2,0.0
4,8,3,False,3,0.5040686398333274,6,0.144742791424578,13,0.09850789567229011,2,0.09543279479565257,1,0.035983020307601185,7,0.0
4,8,8,True,8,0.7676730010615458,3,0.12300785364446351,1,0.10931914529399046,0,0.0,4,0.0,1,4.0
4,8,3,False,3,0.8761666666666666,1,0.11383333333333334,2,0.01,0,0.0,4,0.0,9,13.3
4,6,3,False,3,0.5040686398333274,6,0.144742791424578,13,0.09850789567229011,2,0.09543279479565257,1,0.035983020307601185,2,0.0
4,6,6,True,6,0.7181309523809523,3,0.26186904761904756,2,0.02,1,0.0,0,0.0,1,26.3
4,6,3,False,3,0.5040686398333274,6,0.144742791424578,13,0.09850789567229011,2,0.09543279479565257,1,0.035983020307601185,2,0.0
4,6,6,True,6,0.61,7,0.1845,10,0.14550000000000002,1,0.05,3,0.01,1,24.6
4,7,3,False,3,0.9339285714285714,9,0.02674603174603175,2,0.020984126984126984,1,0.01834126984126984,4,0.0,9,7.2
4,2,1,False,1,0.45483333333333337,8,0.39516666666666667,2,0.1,3,0.03,11,0.02,3,21.6
4,2,7,False,7,0.62,2,0.3566666666666667,3,0.02333333333333333,1,0.0,0,0.0,2,37.5
4,2,2,True,2,0.680833333333333,6,0.31249999999999994,3,0.006666666666666666,1,0.0,0,0.0,1,69.6
4,2,2,True,2,0.74,6,0.26,1,0.0,0,0.0,3,0.0,1,55.7
4,5,6,False,6,0.79,3,0.19666666666666668,7,0.013333333333333332,0,0.0,2,0.0,7,9.6
4,2,2,True,2,0.5732297147297145,3,0.2882524975024974,1,0.13851778776778775,0,0.0,4,0.0,1,18.3
4,9,3,False,3,0.5040686398333274,6,0.144742791424578,13,0.09850789567229011,2,0.09543279479565257,1,0.035983020307601185,11,0.0
4,2,11,False,11,0.66,2,0.34,1,0.0,0,0.0,4,0.0,2,92.0
4,3,2,False,2,0.30015079365079356,7,0.2530595238095238,3,0.22664285714285703,6,0.22014682539682526,0,0.0,3,31.3
4,3,2,False,2,0.3706190476190477,4,0.3340238095238095,0,0.2678571428571428,11,0.0275,3,0.0,5,29.1
4,2,2,True,2,0.9091666666666667,3,0.09083333333333334,1,0.0,0,0.0,4,0.0,1,94.8
4,3,3,True,3,0.5040686398333274,6,0.144742791424578,13,0.09850789567229011,2,0.09543279479565257,1,0.035983020307601185,1,0.0
4,3,2,False,2,0.88,3,0.1,11,0.02,1,0.0,4,0.0,2,53.7
4,2,2,True,2,1.0,0,0.0,1,0.0,3,0.0,4,0.0,1,79.2
4,2,2,True,2,0.65,6,0.29,11,0.06,1,0.0,3,0.0,1,101.0
4,2,3,False,3,0.49654761904761896,2,0.45012698412698415,7,0.032595238095238094,6,0.020730158730158727,0,0.0,2,31.2
4,1,5,False,5,0.44585714285714273,6,0.43747619047619063,3,0.09,10,0.016666666666666666,7,0.01,8,16.5
4,2,6,False,6,0.5643809523809523,2,0.43561904761904763,1,0.0,0,0.0,3,0.0,2,82.8
4,2,2,True,2,0.9916666666666666,6,0.008333333333333333,1,0.0,0,0.0,3,0.0,1,72.4
4,3,0,False,0,0.62025,3,0.35875,2,0.021,1,0.0,4,0.0,2,43.1
4,2,1,False,1,0.5193333333333334,2,0.4654761904761905,4,0.01519047619047619,0,0.0,3,0.0,2,19.1
4,3,2,False,2,0.9091666666666667,3,0.09083333333333334,1,0.0,0,0.0,4,0.0,2,94.7
4,2,2,True,2,0.3223779137529136,6,0.31625549450549445,0,0.17686541236541228,4,0.09554248529248525,7,0.08895869408369408,1,38.2
4,2,2,True,2,0.7072142857142856,6,0.29278571428571426,1,0.0,0,0.0,3,0.0,1,41.6
4,2,2,True,2,1.0,0,0.0,1,0.0,3,0.0,4,0.0,1,85.8
4,3,3,True,3,0.5207142857142856,1,0.4521428571428573,5,0.010357142857142856,2,0.01,6,0.006785714285714286,1,16.1
4,3,3,True,3,0.6364206349206347,6,0.3469126984126985,10,0.016666666666666666,1,0.0,2,0.0,1,4.5
4,1,5,False,5,0.64,2,0.33,6,0.01822222222222222,7,0.005888888888888889,1,0.0047777777777777775,5,16.9
4,3,3,True,3,0.5565714285714285,1,0.2207857142857142,9,0.21264285714285716,2,0.01,4,0.0,1,10.0
4,3,6,False,6,0.7738333333333334,7,0.19616666666666668,2,0.03,0,0.0,3,0.0,5,49.4
4,3,3,True,3,0.5035000000000001,2,0.4664999999999999,6,0.03,1,0.0,0,0.0,1,5.4
4,3,3,True,3,0.6971904761904761,9,0.29280952380952374,2,0.01,1,0.0,4,0.0,1,12.2
4,3,8,False,8,0.65,3,0.23,0,0.06916666666666665,1,0.030416666666666665,2,0.020416666666666666,2,8.7
4,3,3,True,3,0.778287196463667,12,0.22171280353633274,1,0.0,0,0.0,4,0.0,1,6.7
4,3,3,True,3,0.45966666666666656,6,0.3628333333333334,2,0.17125,7,0.00375,1,0.0025,1,3.6
4,3,2,False,2,0.41245238095238096,6,0.34034523809523803,3,0.24720238095238092,1,0.0,0,0.0,3,63.1
4,3,3,True,3,0.5040686398333274,6,0.144742791424578,13,0.09850789567229011,2,0.09543279479565257,1,0.035983020307601185,1,0.0
4,3,2,False,2,0.37616666666666676,0,0.33099999999999996,6,0.29283333333333333,1,0.0,3,0.0,5,50.0
4,3,3,True,3,0.5040686398333274,6,0.144742791424578,13,0.09850789567229011,2,0.09543279479565257,1,0.035983020307601185,1,0.0
4,5,6,False,6,0.69,3,0.151,2,0.139,9,0.02,0,0.0,7,5.5
4,3,3,True,3,0.6875,2,0.31,1,0.0025,0,0.0,4,0.0,1,12.8
4,3,3,True,3,0.29061507936507935,1,0.25545634920634913,10,0.25196031746031744,4,0.20196825396825394,2,0.0,1,3.0
4,3,3,True,3,0.5040686398333274,6,0.144742791424578,13,0.09850789567229011,2,0.09543279479565257,1,0.035983020307601185,1,0.0
4,3,8,False,8,0.3369047619047619,2,0.3322142857142857,9,0.3008809523809524,10,0.03,4,0.0,8,6.6
4,3,2,False,2,0.5737857142857142,3,0.4262142857142858,1,0.0,0,0.0,4,0.0,2,76.9
4,3,3,True,3,0.63,6,0.36,4,0.003333333333333333,1,0.003333333333333333,9,0.003333333333333333,1,8.5
4,3,2,False,2,1.0,0,0.0,1,0.0,3,0.0,4,0.0,4,68.5
4,1,3,False,3,0.5040686398333274,6,0.144742791424578,13,0.09850789567229011,2,0.09543279479565257,1,0.035983020307601185,5,0.0
4,5,3,False,3,0.5108333333333334,10,0.445,6,0.04416666666666667,1,0.0,2,0.0,7,4.6
4,10,1,False,1,0.45483333333333337,8,0.39516666666666667,2,0.1,3,0.03,11,0.02,12,21.6
4,2,2,True,2,0.6905476190476191,6,0.29278571428571426,3,0.016666666666666666,1,0.0,0,0.0,1,41.5
4,2,7,False,7,0.62,2,0.35,3,0.025,6,0.005,0,0.0,2,37.4
4,2,3,False,3,0.5040686398333274,6,0.144742791424578,13,0.09850789567229011,2,0.09543279479565257,1,0.035983020307601185,4,0.0
4,3,3,True,3,0.6289841269841269,6,0.343952380952381,7,0.01053968253968254,5,0.010373015873015872,2,0.0061507936507936515,1,14.8
4,3,3,True,3,0.5040686398333274,6,0.144742791424578,13,0.09850789567229011,2,0.09543279479565257,1,0.035983020307601185,1,0.0
4,2,2,True,2,0.9678333333333334,6,0.016166666666666666,7,0.012333333333333333,3,0.003666666666666667,0,0.0,1,45.7
4,3,6,False,6,0.7,3,0.23,2,0.07,1,0.0,0,0.0,2,73.0
4,3,2,False,2,0.95,6,0.05,1,0.0,0,0.0,3,0.0,5,54.3
4,3,3,True,3,0.6256324386397913,7,0.13400281091457558,2,0.13005808080808082,5,0.11030666963755197,0,0.0,1,14.9
4,3,6,False,6,0.5240515873015874,2,0.4759484126984125,1,0.0,0,0.0,3,0.0,5,42.4
4,3,3,True,3,0.5040686398333274,6,0.144742791424578,13,0.09850789567229011,2,0.09543279479565257,1,0.035983020307601185,1,0.0
4,2,6,False,6,0.7,3,0.23,2,0.07,1,0.0,0,0.0,3,73.0
4,2,2,True,2,0.685,6,0.31,3,0.005,1,0.0,0,0.0,1,97.3
4,2,2,True,2,0.93,3,0.06999999999999999,1,0.0,0,0.0,4,0.0,1,95.0
4,3,2,False,2,0.86,6,0.12,3,0.01,11,0.01,0,0.0,3,35.4
4,3,2,False,2,0.48588095238095236,3,0.48064285714285715,6,0.018309523809523807,0,0.008523809523809522,4,0.0038809523809523803,2,37.8
4,3,3,True,3,0.5578362193362192,9,0.16476082251082247,1,0.15284956709956707,0,0.12205339105339102,12,0.0025,1,2.0
4,2,2,True,2,1.0,0,0.0,1,0.0,3,0.0,4,0.0,1,85.1
4,3,2,False,2,0.9233333333333333,3,0.04416666666666667,6,0.0325,1,0.0,0,0.0,2,63.4
4,1,2,False,2,0.66,3,0.16804761904761908,1,0.13695238095238094,5,0.02,8,0.01,3,13.5
4,9,3,False,3,0.5040686398333274,6,0.144742791424578,13,0.09850789567229011,2,0.09543279479565257,1,0.035983020307601185,11,0.0
4,3,3,True,3,0.36033333333333334,6,0.35200000000000004,7,0.2876666666666667,0,0.0,2,0.0,1,14.7
4,2,2,True,2,1.0,0,0.0,1,0.0,3,0.0,4,0.0,1,18.6
4,3,3,True,3,0.9339285714285714,9,0.02674603174603175,2,0.020984126984126984,1,0.01834126984126984,4,0.0,1,7.2
4,3,3,True,3,0.59,6,0.20134090909090907,0,0.0787878787878788,7,0.06055663780663781,1,0.059314574314574306,1,17.1
4,3,3,True,3,0.5040686398333274,6,0.144742791424578,13,0.09850789567229011,2,0.09543279479565257,1,0.035983020307601185,1,0.0
4,3,3,True,3,0.5040686398333274,6,0.144742791424578,13,0.09850789567229011,2,0.09543279479565257,1,0.035983020307601185,1,0.0
4,3,3,True,3,0.5040686398333274,6,0.144742791424578,13,0.09850789567229011,2,0.09543279479565257,1,0.035983020307601185,1,0.0
4,3,3,True,3,0.5040686398333274,6,0.144742791424578,13,0.09850789567229011,2,0.09543279479565257,1,0.035983020307601185,1,0.0
4,2,2,True,2,0.88,3,0.1,11,0.02,1,0.0,4,0.0,1,53.7
4,3,2,False,2,0.98,3,0.02,1,0.0,0,0.0,4,0.0,2,62.2
4,2,3,False,3,0.9525000000000001,2,0.047499999999999994,1,0.0,0,0.0,4,0.0,2,7.5
4,12,3,False,3,0.5040686398333274,6,0.144742791424578,13,0.09850789567229011,2,0.09543279479565257,1,0.035983020307601185,6,0.0
4,1,6,False,6,0.63,7,0.2916666666666667,3,0.06833333333333333,5,0.01,2,0.0,6,25.9
4,3,5,False,5,0.68,2,0.24,1,0.04333333333333334,8,0.026666666666666665,10,0.01,7,21.4
4,11,3,False,3,0.5040686398333274,6,0.144742791424578,13,0.09850789567229011,2,0.09543279479565257,1,0.035983020307601185,10,0.0
4,2,2,True,2,0.9855555555555555,0,0.007222222222222222,4,0.007222222222222222,1,0.0,3,0.0,1,45.5
4,2,2,True,2,0.9783928571428572,6,0.021607142857142856,1,0.0,0,0.0,3,0.0,1,43.5
4,2,2,True,2,0.8466666666666666,6,0.08333333333333331,3,0.07,1,0.0,0,0.0,1,70.1
4,2,3,False,3,0.5040686398333274,6,0.144742791424578,13,0.09850789567229011,2,0.09543279479565257,1,0.035983020307601185,4,0.0
4,2,11,False,11,0.67,3,0.2425,2,0.0875,1,0.0,4,0.0,3,106.7
4,12,3,False,3,0.6693333333333333,9,0.18416666666666665,6,0.11583333333333332,2,0.030666666666666665,0,0.0,13,4.9
4,2,6,False,6,0.4684999999999999,7,0.43400000000000005,0,0.06,2,0.02,3,0.0175,4,65.1
4,2,2,True,2,0.81,10,0.07483333333333334,1,0.06133333333333333,11,0.05383333333333333,4,0.0,1,18.7
4,10,2,False,2,0.8178333333333333,4,0.08433333333333333,0,0.08283333333333333,3,0.015,1,0.0,11,28.8
4,3,7,False,7,0.4179166666666667,6,0.4120833333333333,5,0.13,2,0.035,3,0.005,5,17.4
4,11,6,False,6,0.5310238095238096,3,0.42849999999999994,2,0.04047619047619047,1,0.0,0,0.0,12,19.4
4,2,2,True,2,0.39299999999999996,3,0.32299999999999995,6,0.284,1,0.0,0,0.0,1,39.2
4,13,3,False,3,0.8364999999999999,8,0.15383333333333332,6,0.009666666666666665,1,0.0,2,0.0,14,4.3
4,13,3,False,3,0.5040686398333274,6,0.144742791424578,13,0.09850789567229011,2,0.09543279479565257,1,0.035983020307601185,3,0.0
4,2,2,True,2,0.579,3,0.42100000000000004,1,0.0,0,0.0,4,0.0,1,39.7
4,2,11,False,11,0.59,2,0.41,1,0.0,0,0.0,4,0.0,2,60.5
4,2,2,True,2,0.7849406149406147,3,0.215059385059385,1,0.0,0,0.0,4,0.0,1,39.6
4,2,2,True,2,0.69,6,0.31,1,0.0,0,0.0,3,0.0,1,97.2
4,2,2,True,2,1.0,0,0.0,1,0.0,3,0.0,4,0.0,1,85.6
4,11,7,False,7,0.5099523809523809,6,0.42004761904761906,2,0.06,10,0.01,3,0.0,12,49.1
4,2,2,True,2,0.7849406149406147,3,0.215059385059385,1,0.0,0,0.0,4,0.0,1,39.6
4,2,3,False,3,0.6871904761904762,9,0.29280952380952374,6,0.01,2,0.01,0,0.0,4,12.1
4,2,3,False,3,0.64,2,0.35,6,0.01,1,0.0,0,0.0,2,64.7
4,2,2,True,2,0.76,6,0.24,1,0.0,0,0.0,3,0.0,1,54.1
4,2,9,False,9,0.6966666666666665,8,0.14693650793650792,3,0.14473015873015874,10,0.01,2,0.0016666666666666666,5,6.4
4,2,2,True,2,0.89,4,0.050666666666666665,6,0.03,1,0.029333333333333333,3,0.0,1,40.2
4,13,3,False,3,0.5040686398333274,6,0.144742791424578,13,0.09850789567229011,2,0.09543279479565257,1,0.035983020307601185,3,0.0
4,2,2,True,2,0.7,3,0.3,1,0.0,0,0.0,4,0.0,1,93.5
4,13,3,False,3,0.5040686398333274,6,0.144742791424578,13,0.09850789567229011,2,0.09543279479565257,1,0.035983020307601185,3,0.0
4,2,2,True,2,0.96,3,0.04,1,0.0,0,0.0,4,0.0,1,121.9
4,3,3,True,3,1.0,0,0.0,1,0.0,2,0.0,4,0.0,1,193.1
5,3,2,False,2,0.99,11,0.01,1,0.0,0,0.0,4,0.0,8,106.0
5,2,3,False,3,0.34855555555555545,0,0.3213690476190475,6,0.3200753968253967,2,0.01,1,0.0,4,50.0
5,4,2,False,2,0.7282777777777777,4,0.2666428571428571,3,0.003968253968253968,6,0.0011111111111111111,0,0.0,2,39.0
5,1,10,False,10,0.4718333333333333,7,0.4181666666666667,3,0.05,5,0.03166666666666667,6,0.028333333333333335,8,25.0
5,0,0,True,0,0.48074603174603175,4,0.270861111111111,2,0.24839285714285708,1,0.0,3,0.0,1,48.0
5,4,3,False,3,0.9357857142857143,9,0.04640476190476191,2,0.010214285714285714,1,0.007595238095238095,4,0.0,5,7.0
5,0,2,False,2,0.6676785714285713,4,0.3073214285714285,11,0.015,10,0.01,3,0.0,8,29.0
5,0,3,False,3,0.4558571428571428,0,0.4341428571428573,6,0.09,2,0.02,1,0.0,2,36.0
5,0,3,False,3,0.5273690476190476,2,0.23613095238095227,0,0.22983333333333322,6,0.006666666666666666,1,0.0,3,24.0
5,0,6,False,6,0.36694100344100344,2,0.32607646520146505,4,0.10845220057720054,7,0.10001319513819508,0,0.09851713564213567,5,38.0
5,1,3,False,3,0.6760555555555555,1,0.30644444444444435,5,0.01375,6,0.00375,2,0.0,2,16.0
5,2,2,True,2,0.8466666666666666,3,0.15333333333333332,1,0.0,0,0.0,4,0.0,1,84.0
5,2,2,True,2,0.6734155844155844,7,0.3165844155844155,6,0.01,0,0.0,3,0.0,1,47.0
5,2,3,False,3,0.7610238095238095,6,0.15773015873015875,2,0.08124603174603175,1,0.0,0,0.0,3,46.2
5,6,2,False,2,0.6483095238095237,5,0.2916904761904761,6,0.03833333333333333,3,0.021666666666666664,0,0.0,3,51.0
5,6,6,True,6,0.5079047619047619,2,0.49209523809523803,1,0.0,0,0.0,3,0.0,1,31.0
5,6,0,False,0,0.43459715284715295,6,0.2887521645021643,2,0.15261621711621706,4,0.12403446553446551,3,0.0,2,33.0
5,6,2,False,2,0.99,6,0.01,1,0.0,0,0.0,3,0.0,2,97.0
5,2,2,True,2,1.0,0,0.0,1,0.0,3,0.0,4,0.0,1,68.0
5,6,3,False,3,0.49156905589205785,6,0.15678001055900018,13,0.09830298690220163,2,0.08528047169772894,1,0.039518297287438324,2,0.0
5,7,3,False,3,0.4823333333333332,7,0.4576666666666668,5,0.0375,6,0.0225,2,0.0,2,25.4
5,6,2,False,2,0.75,3,0.235,0,0.008333333333333333,6,0.006666666666666666,1,0.0,4,50.4
5,6,7,False,7,0.71,6,0.23,2,0.05,4,0.01,3,0.0,2,27.8
5,6,2,False,2,0.91,3,0.08800000000000001,9,0.002,1,0.0,4,0.0,7,12.0
5,6,6,True,6,0.339706349206349,7,0.3314285714285714,2,0.30519841269841264,0,0.019055555555555555,4,0.004611111111111111,1,32.9
5,1,0,False,0,0.6327619047619045,2,0.31723809523809515,9,0.03,3,0.02,4,0.0,8,9.0
5,6,6,True,6,0.68,10,0.11613095238095238,11,0.10095238095238095,1,0.09791666666666667,2,0.005,1,18.9
5,7,3,False,3,0.6866666666666665,2,0.3048333333333333,6,0.0045000000000000005,7,0.004,0,0.0,4,30.3
5,6,2,False,2,0.8017341269841269,0,0.07077777777777779,6,0.0677777777777778,3,0.05971031746031746,1,0.0,3,66.1
5,6,2,False,2,0.7591666666666665,7,0.1708333333333333,6,0.04033333333333333,1,0.029666666666666668,3,0.0,3,27.4
5,6,3,False,3,0.49156905589205785,6,0.15678001055900018,13,0.09830298690220163,2,0.08528047169772894,1,0.039518297287438324,2,0.0
5,6,3,False,3,0.49156905589205785,6,0.15678001055900018,13,0.09830298690220163,2,0.08528047169772894,1,0.039518297287438324,2,0.0
5,2,0,False,0,0.55,2,0.45,1,0.0,3,0.0,4,0.0,2,137.0
5,2,2,True,2,1.0,0,0.0,1,0.0,3,0.0,4,0.0,1,121.2
5,2,3,False,3,0.49156905589205785,6,0.15678001055900018,13,0.09830298690220163,2,0.08528047169772894,1,0.039518297287438324,4,0.0
5,2,2,True,2,0.6965,3,0.24,7,0.04016666666666666,6,0.02333333333333333,0,0.0,1,32.8
5,2,2,True,2,0.976,3,0.01,4,0.0095,0,0.0045000000000000005,1,0.0,1,45.5
5,2,2,True,2,1.0,0,0.0,1,0.0,3,0.0,4,0.0,1,68.7
5,7,6,False,6,0.5516013708513708,2,0.2244300144300144,3,0.2239686147186147,1,0.0,0,0.0,8,46.0
5,7,6,False,6,0.4074444444444445,0,0.40405555555555545,2,0.1885,1,0.0,3,0.0,8,20.1
5,8,8,True,8,0.99,2,0.01,1,0.0,0,0.0,4,0.0,1,3.4
5,7,3,False,3,0.49156905589205785,6,0.15678001055900018,13,0.09830298690220163,2,0.08528047169772894,1,0.039518297287438324,13,0.0
5,6,0,False,0,0.34415151515151493,6,0.3235036075036073,1,0.17362481962481963,7,0.15872005772005773,3,0.0,2,17.0
5,6,6,True,6,0.68,2,0.29,3,0.03,1,0.0,0,0.0,1,83.1
5,8,3,False,3,0.49156905589205785,6,0.15678001055900018,13,0.09830298690220163,2,0.08528047169772894,1,0.039518297287438324,7,0.0
5,6,3,False,3,0.49156905589205785,6,0.15678001055900018,13,0.09830298690220163,2,0.08528047169772894,1,0.039518297287438324,2,0.0
5,6,3,False,3,0.49156905589205785,6,0.15678001055900018,13,0.09830298690220163,2,0.08528047169772894,1,0.039518297287438324,2,0.0
5,6,3,False,3,0.6666666666666667,2,0.2630238095238095,6,0.03716666666666667,7,0.03314285714285715,0,0.0,3,30.2
5,8,8,True,8,0.99,2,0.01,1,0.0,0,0.0,4,0.0,1,3.4
5,8,2,False,2,0.7771666666666667,3,0.21283333333333335,6,0.01,1,0.0,0,0.0,9,28.4
5,6,3,False,3,0.99,5,0.01,1,0.0,0,0.0,2,0.0,7,4.5
5,6,3,False,3,0.49156905589205785,6,0.15678001055900018,13,0.09830298690220163,2,0.08528047169772894,1,0.039518297287438324,2,0.0
5,1,2,False,2,0.5122896825396825,7,0.23915079365079359,3,0.22855952380952377,6,0.02,0,0.0,6,3.7
5,2,3,False,3,0.49156905589205785,6,0.15678001055900018,13,0.09830298690220163,2,0.08528047169772894,1,0.039518297287438324,4,0.0
5,2,2,True,2,1.0,0,0.0,1,0.0,3,0.0,4,0.0,1,141.1
5,2,2,True,2,0.99875,3,0.00125,1,0.0,0,0.0,4,0.0,1,39.5
5,2,3,False,3,0.7763333333333334,2,0.14366666666666666,5,0.04333333333333334,6,0.03666666666666667,0,0.0,2,5.4
5,5,3,False,3,0.681797619047619,2,0.3139166666666667,11,0.004285714285714285,1,0.0,4,0.0,6,15.5
5,2,2,True,2,0.9816666666666666,7,0.018333333333333333,1,0.0,0,0.0,3,0.0,1,66.8
5,9,6,False,6,0.57,12,0.27,3,0.14821428571428572,2,0.011785714285714287,0,0.0,12,5.0
5,2,2,True,2,0.5188571428571429,3,0.4811428571428571,1,0.0,0,0.0,4,0.0,1,94.6
5,3,2,False,2,0.5122896825396825,7,0.23915079365079359,3,0.22855952380952377,6,0.02,0,0.0,3,3.7
5,3,3,True,3,0.49156905589205785,6,0.15678001055900018,13,0.09830298690220163,2,0.08528047169772894,1,0.039518297287438324,1,0.0
5,3,0,False,0,0.9,3,0.09,2,0.01,1,0.0,4,0.0,2,43.0
5,2,3,False,3,0.3585555555555554,0,0.3213690476190475,6,0.3200753968253967,1,0.0,2,0.0,5,49.9
5,2,2,True,2,0.8708333333333335,0,0.12166666666666666,3,0.0075,1,0.0,4,0.0,1,58.1
5,3,3,True,3,0.49156905589205785,6,0.15678001055900018,13,0.09830298690220163,2,0.08528047169772894,1,0.039518297287438324,1,0.0
5,3,3,True,3,0.49156905589205785,6,0.15678001055900018,13,0.09830298690220163,2,0.08528047169772894,1,0.039518297287438324,1,0.0
5,2,2,True,2,0.5809166666666666,6,0.37158333333333315,3,0.02416666666666667,11,0.02333333333333333,0,0.0,1,19.5
5,3,2,False,2,0.38670779220779217,6,0.3188787878787878,7,0.2644134199134199,3,0.03,0,0.0,4,30.0
5,3,8,False,8,0.62,3,0.21035714285714288,1,0.16964285714285715,0,0.0,4,0.0,2,13.3
5,2,2,True,2,0.7274761904761903,7,0.2725238095238094,1,0.0,0,0.0,3,0.0,1,18.5
5,3,3,True,3,0.49156905589205785,6,0.15678001055900018,13,0.09830298690220163,2,0.08528047169772894,1,0.039518297287438324,1,0.0
5,3,2,False,2,0.94,0,0.04,6,0.02,1,0.0,3,0.0,5,64.7
5,3,3,True,3,0.49156905589205785,6,0.15678001055900018,13,0.09830298690220163,2,0.08528047169772894,1,0.039518297287438324,1,0.0
5,3,3,True,3,0.49164285714285727,6,0.3936904761904762,2,0.10099999999999999,7,0.013666666666666667,0,0.0,1,3.6
5,3,3,True,3,0.49156905589205785,6,0.15678001055900018,13,0.09830298690220163,2,0.08528047169772894,1,0.039518297287438324,1,0.0
5,3,3,True,3,0.49156905589205785,6,0.15678001055900018,13,0.09830298690220163,2,0.08528047169772894,1,0.039518297287438324,1,0.0
5,3,5,False,5,0.59,3,0.3675,0,0.04,8,0.0025,2,0.0,2,11.3
5,3,3,True,3,0.49156905589205785,6,0.15678001055900018,13,0.09830298690220163,2,0.08528047169772894,1,0.039518297287438324,1,0.0
5,3,3,True,3,0.49156905589205785,6,0.15678001055900018,13,0.09830298690220163,2,0.08528047169772894,1,0.039518297287438324,1,0.0
5,3,5,False,5,0.4998333333333336,10,0.4201666666666665,3,0.08,1,0.0,2,0.0,3,4.6
5,3,3,True,3,0.49156905589205785,6,0.15678001055900018,13,0.09830298690220163,2,0.08528047169772894,1,0.039518297287438324,1,0.0
5,3,2,False,2,0.5122896825396825,7,0.2524841269841269,3,0.23355952380952377,8,0.0016666666666666666,0,0.0,3,3.8
5,3,3,True,3,0.49156905589205785,6,0.15678001055900018,13,0.09830298690220163,2,0.08528047169772894,1,0.039518297287438324,1,0.0
5,3,2,False,2,0.73,6,0.27,1,0.0,0,0.0,3,0.0,5,64.2
5,3,8,False,8,0.38463095238095235,6,0.30964285714285705,3,0.3057261904761903,1,0.0,2,0.0,3,6.2
5,10,2,False,2,0.7891666666666666,3,0.18083333333333335,7,0.015,11,0.01,6,0.005,12,48.6
5,1,2,False,2,0.6845793650793652,3,0.19272619047619044,4,0.12269444444444444,1,0.0,0,0.0,4,18.1
5,10,2,False,2,0.6764285714285714,5,0.19,3,0.07,6,0.05,1,0.007857142857142858,7,21.1
5,2,2,True,2,0.9658333333333333,3,0.034166666666666665,1,0.0,0,0.0,4,0.0,1,76.6
5,2,2,True,2,0.99,3,0.01,1,0.0,0,0.0,4,0.0,1,88.2
5,2,3,False,3,0.49156905589205785,6,0.15678001055900018,13,0.09830298690220163,2,0.08528047169772894,1,0.039518297287438324,4,0.0
5,2,3,False,3,0.49156905589205785,6,0.15678001055900018,13,0.09830298690220163,2,0.08528047169772894,1,0.039518297287438324,4,0.0
5,9,3,False,3,0.583939393939394,2,0.24,1,0.1609090909090909,9,0.015151515151515152,4,0.0,4,10.2
5,2,2,True,2,0.782,6,0.17800000000000002,11,0.04,1,0.0,3,0.0,1,91.4
5,2,3,False,3,0.49156905589205785,6,0.15678001055900018,13,0.09830298690220163,2,0.08528047169772894,1,0.039518297287438324,4,0.0
5,2,3,False,3,0.49156905589205785,6,0.15678001055900018,13,0.09830298690220163,2,0.08528047169772894,1,0.039518297287438324,4,0.0
5,3,3,True,3,0.46933080808080807,2,0.41600000000000004,1,0.05262373737373737,10,0.035936868686868684,4,0.026108585858585855,1,2.9
5,2,2,True,2,0.45549999999999996,7,0.3945,3,0.13,6,0.02,0,0.0,1,56.0
5,2,2,True,2,0.6622380952380954,7,0.33776190476190465,1,0.0,0,0.0,3,0.0,1,61.0
5,2,8,False,8,0.56,3,0.24483333333333335,10,0.18516666666666665,9,0.01,4,0.0,8,9.3
5,3,0,False,0,0.4405079365079365,6,0.4138968253968253,4,0.1455952380952381,1,0.0,3,0.0,5,37.0
5,3,3,True,3,0.5296829004329004,9,0.15970743145743144,1,0.15698196248196244,0,0.15029437229437226,12,0.003333333333333333,1,2.0
5,3,3,True,3,0.664,2,0.336,1,0.0,0,0.0,4,0.0,1,124.0
5,2,2,True,2,0.9,0,0.09,3,0.01,1,0.0,4,0.0,1,42.8
5,2,2,True,2,0.7681240981240981,6,0.15330844155844153,4,0.07856746031746031,0,0.0,3,0.0,1,34.9
5,2,2,True,2,0.7681240981240981,6,0.15330844155844153,4,0.07856746031746031,0,0.0,3,0.0,1,34.9
5,2,2,True,2,0.67,6,0.17804761904761907,3,0.15195238095238092,1,0.0,0,0.0,1,17.8
5,3,3,True,3,0.49156905589205785,6,0.15678001055900018,13,0.09830298690220163,2,0.08528047169772894,1,0.039518297287438324,1,0.0
5,3,6,False,6,0.62,3,0.266,2,0.10900000000000003,0,0.005,1,0.0,2,15.1
5,2,2,True,2,1.0,0,0.0,1,0.0,3,0.0,4,0.0,1,85.8
5,3,3,True,3,0.49156905589205785,6,0.15678001055900018,13,0.09830298690220163,2,0.08528047169772894,1,0.039518297287438324,1,0.0
5,2,2,True,2,0.85,6,0.09,3,0.06,1,0.0,0,0.0,1,70.1
5,3,3,True,3,0.49156905589205785,6,0.15678001055900018,13,0.09830298690220163,2,0.08528047169772894,1,0.039518297287438324,1,0.0
5,3,2,False,2,0.97,3,0.03,1,0.0,0,0.0,4,0.0,2,80.7
5,2,2,True,2,1.0,0,0.0,1,0.0,3,0.0,4,0.0,1,84.9
5,3,3,True,3,0.9671666666666667,1,0.03283333333333334,0,0.0,2,0.0,4,0.0,1,13.1
5,3,3,True,3,0.49156905589205785,6,0.15678001055900018,13,0.09830298690220163,2,0.08528047169772894,1,0.039518297287438324,1,0.0
5,5,5,True,5,0.4718333333333334,6,0.26461904761904764,3,0.263547619047619,0,0.0,2,0.0,1,15.9
5,5,3,False,3,0.49156905589205785,6,0.15678001055900018,13,0.09830298690220163,2,0.08528047169772894,1,0.039518297287438324,8,0.0
5,2,2,True,2,0.5645,3,0.4355,1,0.0,0,0.0,4,0.0,1,75.4
5,3,3,True,3,0.49156905589205785,6,0.15678001055900018,13,0.09830298690220163,2,0.08528047169772894,1,0.039518297287438324,1,0.0
5,2,4,False,4,0.5416349206349207,3,0.24927777777777765,2,0.19908730158730154,6,0.01,0,0.0,3,42.0
5,2,10,False,10,0.68,3,0.2425,2,0.07,6,0.005,0,0.0025,3,33.6
5,3,3,True,3,0.5006803751803752,12,0.4926529581529582,1,0.004166666666666667,0,0.00125,9,0.00125,1,2.1
5,3,2,False,2,0.68,3,0.28833333333333333,6,0.03166666666666666,1,0.0,0,0.0,2,81.3
5,3,3,True,3,0.9357857142857143,9,0.04640476190476191,2,0.010214285714285714,1,0.007595238095238095,4,0.0,1,7.0
5,3,3,True,3,0.996,12,0.004,1,0.0,0,0.0,4,0.0,1,2.3
5,2,2,True,2,0.6126666666666666,3,0.36833333333333335,6,0.019,1,0.0,0,0.0,1,41.7
5,2,2,True,2,0.77,6,0.23,1,0.0,0,0.0,3,0.0,1,40.7
5,3,3,True,3,0.5128853923853925,2,0.1877639027639027,9,0.1498654956154956,1,0.14948520923520925,4,0.0,1,7.1
5,3,3,True,3,0.7763333333333334,2,0.14366666666666666,5,0.04333333333333334,6,0.03666666666666667,0,0.0,1,5.4
5,3,3,True,3,0.49156905589205785,6,0.15678001055900018,13,0.09830298690220163,2,0.08528047169772894,1,0.039518297287438324,1,0.0
5,2,2,True,2,0.917,10,0.05219047619047619,3,0.03080952380952381,1,0.0,4,0.0,1,31.9
5,2,9,False,9,0.5227619047619048,3,0.4750952380952382,1,0.0014285714285714286,2,0.0007142857142857143,4,0.0,4,6.9
5,3,2,False,2,0.9160238095238096,3,0.04041666666666666,7,0.021797619047619052,6,0.021761904761904764,0,0.0,2,31.2
5,2,2,True,2,0.7907514430014426,6,0.20924855699855693,1,0.0,0,0.0,3,0.0,1,43.4
5,2,2,True,2,1.0,0,0.0,1,0.0,3,0.0,4,0.0,1,105.2
5,3,3,True,3,0.49156905589205785,6,0.15678001055900018,13,0.09830298690220163,2,0.08528047169772894,1,0.039518297287438324,1,0.0
5,3,3,True,3,0.49156905589205785,6,0.15678001055900018,13,0.09830298690220163,2,0.08528047169772894,1,0.039518297287438324,1,0.0
5,3,3,True,3,0.49156905589205785,6,0.15678001055900018,13,0.09830298690220163,2,0.08528047169772894,1,0.039518297287438324,1,0.0
5,3,2,False,2,1.0,0,0.0,1,0.0,3,0.0,4,0.0,4,115.4
5,12,8,False,8,0.56,3,0.24483333333333335,10,0.18516666666666665,9,0.01,4,0.0,13,9.3
5,12,3,False,3,0.6544069264069263,12,0.34559307359307356,1,0.0,0,0.0,4,0.0,2,2.2
5,3,3,True,3,0.49156905589205785,6,0.15678001055900018,13,0.09830298690220163,2,0.08528047169772894,1,0.039518297287438324,1,0.0
5,2,3,False,3,0.49156905589205785,6,0.15678001055900018,13,0.09830298690220163,2,0.08528047169772894,1,0.039518297287438324,4,0.0
5,11,3,False,3,0.49156905589205785,6,0.15678001055900018,13,0.09830298690220163,2,0.08528047169772894,1,0.039518297287438324,11,0.0
5,2,2,True,2,0.8200274170274168,5,0.17797258297258292,3,0.002,1,0.0,0,0.0,1,18.4
5,2,11,False,11,0.66,2,0.24992460317460324,0,0.09007539682539685,1,0.0,4,0.0,2,60.2
5,2,3,False,3,0.84,2,0.16,1,0.0,0,0.0,4,0.0,2,103.9
5,2,6,False,6,0.68,2,0.3,3,0.02,1,0.0,0,0.0,2,83.0
5,2,3,False,3,0.5975952380952381,2,0.40240476190476193,1,0.0,0,0.0,4,0.0,2,76.8
5,3,3,True,3,0.49156905589205785,6,0.15678001055900018,13,0.09830298690220163,2,0.08528047169772894,1,0.039518297287438324,1,0.0
5,3,6,False,6,0.339706349206349,7,0.3314285714285714,2,0.30519841269841264,0,0.019055555555555555,4,0.004611111111111111,7,32.9
5,11,3,False,3,0.5534126984126985,2,0.42992063492063487,11,0.016666666666666666,1,0.0,4,0.0,3,53.4
5,3,3,True,3,0.49156905589205785,6,0.15678001055900018,13,0.09830298690220163,2,0.08528047169772894,1,0.039518297287438324,1,0.0
5,2,4,False,4,0.41407539682539685,6,0.3715793650793651,2,0.21434523809523803,0,0.0,3,0.0,3,44.0
5,2,2,True,2,0.5567976190476189,6,0.43986904761904777,3,0.003333333333333333,1,0.0,0,0.0,1,95.8
5,2,3,False,3,0.88,2,0.09,6,0.03,1,0.0,0,0.0,2,98.2
5,2,2,True,2,0.7771666666666667,3,0.21283333333333335,6,0.01,1,0.0,0,0.0,1,28.4
5,2,2,True,2,0.8246666666666667,3,0.13033333333333333,0,0.045,1,0.0,4,0.0,1,57.7
5,2,2,True,2,0.96,0,0.04,1,0.0,3,0.0,4,0.0,1,133.9
5,11,3,False,3,0.49156905589205785,6,0.15678001055900018,13,0.09830298690220163,2,0.08528047169772894,1,0.039518297287438324,11,0.0
5,2,2,True,2,0.975,3,0.02,6,0.005,1,0.0,0,0.0,1,39.8
5,2,3,False,3,0.5015595238095237,11,0.2536309523809523,2,0.24480952380952373,1,0.0,4,0.0,3,15.3
5,2,2,True,2,1.0,0,0.0,1,0.0,3,0.0,4,0.0,1,113.0
5,13,3,False,3,0.49156905589205785,6,0.15678001055900018,13,0.09830298690220163,2,0.08528047169772894,1,0.039518297287438324,3,0.0
5,13,3,False,3,0.49156905589205785,6,0.15678001055900018,13,0.09830298690220163,2,0.08528047169772894,1,0.039518297287438324,3,0.0
5,3,2,False,2,0.91,0,0.06,3,0.03,1,0.0,4,0.0,3,272.6
5,13,3,False,3,0.49156905589205785,6,0.15678001055900018,13,0.09830298690220163,2,0.08528047169772894,1,0.039518297287438324,3,0.0
5,2,2,True,2,0.995,6,0.005,1,0.0,0,0.0,3,0.0,1,96.5
5,13,3,False,3,0.49156905589205785,6,0.15678001055900018,13,0.09830298690220163,2,0.08528047169772894,1,0.039518297287438324,3,0.0
6,2,2,True,2,1.0,0,0.0,1,0.0,3,0.0,4,0.0,1,118.0
6,2,6,False,6,0.85,2,0.15,1,0.0,0,0.0,3,0.0,2,31.0
6,1,3,False,3,0.4888800672704508,6,0.1485869414406015,2,0.10139506511450484,13,0.10031266052195979,1,0.03663251861808228,5,0.0
6,0,6,False,6,0.48816666666666664,0,0.2732023809523809,3,0.22863095238095224,2,0.01,1,0.0,2,37.0
6,0,6,False,6,0.4944761904761904,1,0.2510158730158729,0,0.24950793650793648,5,0.005,3,0.0,3,17.0
6,0,2,False,2,0.3416904761904761,0,0.31635714285714284,1,0.2919523809523808,9,0.03,8,0.01,2,9.0
6,4,2,False,2,0.5444087301587303,0,0.25376984126984115,4,0.20182142857142857,1,0.0,3,0.0,3,45.0
6,0,6,False,6,0.40669147519147514,0,0.29940417915417905,2,0.1558584471084471,4,0.1380458985458985,3,0.0,2,33.0
6,4,6,False,6,0.48816666666666664,0,0.2732023809523809,3,0.22863095238095224,2,0.01,1,0.0,6,37.0
6,0,6,False,6,0.28636507936507927,2,0.2514682539682539,7,0.23312698412698407,0,0.2290396825396825,3,0.0,4,41.0
6,2,2,True,2,0.7035793650793651,7,0.28642063492063474,6,0.01,0,0.0,3,0.0,1,47.0
6,2,2,True,2,0.4585,7,0.2896190476190476,4,0.2318809523809523,3,0.02,0,0.0,1,52.0
6,5,2,False,2,0.6484642857142856,6,0.3455357142857142,3,0.006,1,0.0,0,0.0,7,51.0
6,2,2,True,2,0.8966666666666666,11,0.10333333333333332,1,0.0,0,0.0,4,0.0,1,53.0
6,2,2,True,2,0.99,6,0.01,1,0.0,0,0.0,3,0.0,1,79.0
6,2,6,False,6,0.5925731490731491,7,0.21008485958485953,3,0.1706753246753247,2,0.026666666666666665,0,0.0,4,46.0
6,2,2,True,2,0.98,3,0.02,1,0.0,0,0.0,4,0.0,1,68.0
6,2,2,True,2,0.98,6,0.02,1,0.0,0,0.0,3,0.0,1,83.6
6,2,0,False,0,0.6292619047619048,6,0.33073809523809516,3,0.028999999999999998,2,0.011000000000000001,1,0.0,4,20.0
6,6,2,False,2,0.34704761904761905,4,0.3335714285714285,6,0.3193809523809524,0,0.0,3,0.0,3,35.0
6,6,2,False,2,0.3566904761904761,3,0.3317142857142857,0,0.31159523809523815,1,0.0,4,0.0,7,50.0
6,7,2,False,2,0.98,7,0.02,1,0.0,0,0.0,3,0.0,2,61.0
6,2,2,True,2,0.94,3,0.06,1,0.0,0,0.0,4,0.0,1,32.2
6,2,6,False,6,0.5133571428571428,3,0.44314285714285717,4,0.016,0,0.016,2,0.0115,5,34.2
6,2,3,False,3,0.59,2,0.26071428571428573,8,0.1492857142857143,1,0.0,4,0.0,2,28.5
6,7,8,False,8,0.3283571428571428,3,0.3206190476190476,6,0.3010238095238094,7,0.035,0,0.015,4,13.9
6,6,6,True,6,0.4965,3,0.40349999999999997,2,0.1,1,0.0,0,0.0,1,26.7
6,6,6,True,6,0.3286217948717948,3,0.22862118437118428,2,0.2177084859584859,7,0.2167152014652014,0,0.005,1,32.9
6,8,3,False,3,0.85625,9,0.0785,2,0.051500000000000004,6,0.01375,0,0.0,10,6.3
6,6,5,False,5,0.54,7,0.22595238095238096,3,0.22404761904761905,10,0.01,2,0.0,9,25.2
6,7,6,False,6,0.65,2,0.24,11,0.1,3,0.01,0,0.0,9,49.0
6,2,2,True,2,0.8471666666666668,3,0.13283333333333333,6,0.02,1,0.0,0,0.0,1,82.4
6,2,7,False,7,0.3553333333333334,3,0.35419047619047617,6,0.25047619047619046,2,0.04,0,0.0,4,30.0
6,2,7,False,7,0.4768333333333334,0,0.3831666666666667,6,0.086,3,0.054000000000000006,2,0.0,5,14.0
6,6,3,False,3,0.4888800672704508,6,0.1485869414406015,2,0.10139506511450484,13,0.10031266052195979,1,0.03663251861808228,2,0.0
6,6,2,False,2,0.8335220057720057,4,0.1614779942279942,6,0.005,0,0.0,3,0.0,3,38.6
6,6,2,False,2,0.3250005133755133,0,0.23971156621156617,6,0.1897793317793318,7,0.12987218337218334,4,0.11563640526140519,3,38.0
6,2,2,True,2,0.99,3,0.01,1,0.0,0,0.0,4,0.0,1,45.5
6,2,3,False,3,0.8988809523809523,2,0.0746904761904762,11,0.026428571428571426,1,0.0,4,0.0,2,15.4
6,2,2,True,2,0.34704761904761905,4,0.3335714285714285,6,0.3193809523809524,0,0.0,3,0.0,1,35.0
6,2,4,False,4,0.4959166666666668,3,0.23886904761904756,2,0.23521428571428576,6,0.03,0,0.0,3,42.0
6,6,3,False,3,0.4888800672704508,6,0.1485869414406015,2,0.10139506511450484,13,0.10031266052195979,1,0.03663251861808228,2,0.0
6,6,0,False,0,0.6292619047619048,6,0.33073809523809516,3,0.028999999999999998,2,0.011000000000000001,1,0.0,2,20.0
6,7,6,False,6,0.4944761904761904,1,0.2510158730158729,0,0.24950793650793648,5,0.005,3,0.0,8,17.0
6,8,3,False,3,0.6308333333333331,7,0.3152738095238094,8,0.04821638655462185,1,0.005676470588235294,2,0.0,3,3.9
6,6,3,False,3,0.4888800672704508,6,0.1485869414406015,2,0.10139506511450484,13,0.10031266052195979,1,0.03663251861808228,2,0.0
6,8,3,False,3,0.6308333333333331,7,0.3152738095238094,8,0.04821638655462185,1,0.005676470588235294,2,0.0,3,3.9
6,6,2,False,2,0.97,6,0.03,1,0.0,0,0.0,3,0.0,2,30.9
6,6,3,False,3,0.4888800672704508,6,0.1485869414406015,2,0.10139506511450484,13,0.10031266052195979,1,0.03663251861808228,2,0.0
6,6,3,False,3,0.4888800672704508,6,0.1485869414406015,2,0.10139506511450484,13,0.10031266052195979,1,0.03663251861808228,2,0.0
6,6,3,False,3,0.4888800672704508,6,0.1485869414406015,2,0.10139506511450484,13,0.10031266052195979,1,0.03663251861808228,2,0.0
6,6,3,False,3,0.4888800672704508,6,0.1485869414406015,2,0.10139506511450484,13,0.10031266052195979,1,0.03663251861808228,2,0.0
6,8,3,False,3,0.6458690476190476,6,0.3541309523809523,1,0.0,0,0.0,2,0.0,9,6.2
6,6,7,False,7,0.4988809523809523,3,0.4690952380952381,6,0.032023809523809524,0,0.0,2,0.0,3,14.6
6,6,3,False,3,0.4888800672704508,6,0.1485869414406015,2,0.10139506511450484,13,0.10031266052195979,1,0.03663251861808228,2,0.0
6,6,2,False,2,0.94,6,0.05,3,0.01,1,0.0,0,0.0,2,97.4
6,6,6,True,6,0.4944761904761904,1,0.2510158730158729,0,0.24950793650793648,5,0.005,3,0.0,1,17.0
6,8,8,True,8,1.0,0,0.0,2,0.0,1,0.0,4,0.0,1,3.4
6,6,3,False,3,0.4888800672704508,6,0.1485869414406015,2,0.10139506511450484,13,0.10031266052195979,1,0.03663251861808228,2,0.0
6,2,3,False,3,0.9198333333333334,10,0.03866666666666667,5,0.036500000000000005,6,0.005,2,0.0,5,4.7
6,2,3,False,3,0.73,2,0.27,1,0.0,0,0.0,4,0.0,2,124.7
6,2,2,True,2,0.9441666666666666,0,0.05583333333333333,1,0.0,3,0.0,4,0.0,1,134.1
6,2,2,True,2,0.97,6,0.03,1,0.0,0,0.0,3,0.0,1,30.9
6,3,3,True,3,0.507,2,0.483,8,0.01,1,0.0,4,0.0,1,22.8
6,9,3,False,3,0.3735778388278387,2,0.3249523809523809,9,0.2932142857142857,12,0.008255494505494504,4,0.0,3,6.8
6,3,3,True,3,0.4888800672704508,6,0.1485869414406015,2,0.10139506511450484,13,0.10031266052195979,1,0.03663251861808228,1,0.0
6,3,3,True,3,0.4888800672704508,6,0.1485869414406015,2,0.10139506511450484,13,0.10031266052195979,1,0.03663251861808228,1,0.0
6,2,2,True,2,1.0,0,0.0,1,0.0,3,0.0,4,0.0,1,75.0
6,3,3,True,3,0.4888800672704508,6,0.1485869414406015,2,0.10139506511450484,13,0.10031266052195979,1,0.03663251861808228,1,0.0
6,3,3,True,3,0.4888800672704508,6,0.1485869414406015,2,0.10139506511450484,13,0.10031266052195979,1,0.03663251861808228,1,0.0
6,3,3,True,3,0.4888800672704508,6,0.1485869414406015,2,0.10139506511450484,13,0.10031266052195979,1,0.03663251861808228,1,0.0
6,2,2,True,2,0.7445,6,0.12800000000000003,3,0.12750000000000003,1,0.0,0,0.0,1,73.3
6,1,3,False,3,0.7987619047619046,9,0.19123809523809515,2,0.01,1,0.0,4,0.0,4,10.0
6,3,3,True,3,0.4888800672704508,6,0.1485869414406015,2,0.10139506511450484,13,0.10031266052195979,1,0.03663251861808228,1,0.0
6,3,10,False,10,0.8035,2,0.1865,6,0.01,1,0.0,3,0.0,5,33.5
6,3,2,False,2,0.91,3,0.09,1,0.0,0,0.0,4,0.0,2,62.5
6,2,2,True,2,0.6033333333333332,3,0.3666666666666666,6,0.03,1,0.0,0,0.0,1,53.8
6,3,6,False,6,0.59,2,0.41,1,0.0,0,0.0,3,0.0,5,55.4
6,2,3,False,3,0.68,2,0.2860714285714286,6,0.033928571428571426,1,0.0,0,0.0,2,69.5
6,3,3,True,3,0.4874999999999999,1,0.44316666666666676,6,0.06933333333333333,0,0.0,2,0.0,1,6.0
6,3,2,False,2,0.98,6,0.02,1,0.0,0,0.0,3,0.0,5,83.7
6,3,3,True,3,0.6680873015873016,6,0.3319126984126984,1,0.0,0,0.0,2,0.0,1,4.5
6,3,3,True,3,0.4888800672704508,6,0.1485869414406015,2,0.10139506511450484,13,0.10031266052195979,1,0.03663251861808228,1,0.0
6,3,3,True,3,0.4888800672704508,6,0.1485869414406015,2,0.10139506511450484,13,0.10031266052195979,1,0.03663251861808228,1,0.0
6,3,3,True,3,0.65,6,0.17514285714285716,0,0.08785714285714287,1,0.07700000000000001,5,0.01,1,17.1
6,3,3,True,3,0.4888800672704508,6,0.1485869414406015,2,0.10139506511450484,13,0.10031266052195979,1,0.03663251861808228,1,0.0
6,3,3,True,3,0.4888800672704508,6,0.1485869414406015,2,0.10139506511450484,13,0.10031266052195979,1,0.03663251861808228,1,0.0
6,3,3,True,3,0.4888800672704508,6,0.1485869414406015,2,0.10139506511450484,13,0.10031266052195979,1,0.03663251861808228,1,0.0
6,3,2,False,2,0.7743333333333333,3,0.22566666666666665,1,0.0,0,0.0,4,0.0,2,7.6
6,3,0,False,0,0.32483333333333325,8,0.3230833333333332,6,0.26208333333333333,3,0.08,2,0.01,4,23.0
6,3,3,True,3,1.0,0,0.0,1,0.0,2,0.0,4,0.0,1,2.3
6,3,3,True,3,0.49033333333333323,9,0.4738333333333335,8,0.035833333333333335,0,0.0,4,0.0,1,10.6
6,3,3,True,3,0.4888800672704508,6,0.1485869414406015,2,0.10139506511450484,13,0.10031266052195979,1,0.03663251861808228,1,0.0
6,3,2,False,2,1.0,0,0.0,1,0.0,3,0.0,4,0.0,4,104.2
6,3,3,True,3,0.4888800672704508,6,0.1485869414406015,2,0.10139506511450484,13,0.10031266052195979,1,0.03663251861808228,1,0.0
6,5,2,False,2,0.6808333333333334,8,0.255,1,0.05916666666666666,3,0.005,4,0.0,6,13.6
6,10,3,False,3,0.47398881673881654,1,0.266323593073593,4,0.2546875901875902,2,0.005,0,0.0,11,3.0
6,2,3,False,3,0.4888800672704508,6,0.1485869414406015,2,0.10139506511450484,13,0.10031266052195979,1,0.03663251861808228,3,0.0
6,2,2,True,2,0.4585,7,0.2896190476190476,4,0.2318809523809523,3,0.02,0,0.0,1,51.9
6,2,6,False,6,0.69,2,0.31,1,0.0,0,0.0,3,0.0,2,72.3
6,2,2,True,2,0.9925,6,0.005,3,0.0025,1,0.0,0,0.0,1,43.3
6,9,3,False,3,0.4888800672704508,6,0.1485869414406015,2,0.10139506511450484,13,0.10031266052195979,1,0.03663251861808228,10,0.0
6,3,3,True,3,0.4888800672704508,6,0.1485869414406015,2,0.10139506511450484,13,0.10031266052195979,1,0.03663251861808228,1,0.0
6,3,3,True,3,0.6624999999999998,6,0.32738095238095233,5,0.005357142857142857,7,0.0030952380952380953,2,0.0016666666666666666,1,14.8
6,2,2,True,2,0.7499047619047619,6,0.16461111111111115,3,0.08548412698412697,1,0.0,0,0.0,1,42.6
6,3,3,True,3,0.4888800672704508,6,0.1485869414406015,2,0.10139506511450484,13,0.10031266052195979,1,0.03663251861808228,1,0.0
6,2,0,False,0,0.61,2,0.2735,6,0.06049999999999999,3,0.05599999999999999,1,0.0,2,73.6
6,3,3,True,3,0.59,2,0.26071428571428573,8,0.1492857142857143,1,0.0,4,0.0,1,28.5
6,3,2,False,2,0.98,6,0.02,1,0.0,0,0.0,3,0.0,5,70.2
6,3,2,False,2,1.0,0,0.0,1,0.0,3,0.0,4,0.0,4,88.9
6,3,9,False,9,0.55,3,0.22400000000000003,10,0.18599999999999997,1,0.025,2,0.0125,2,9.1
6,2,2,True,2,0.7066666666666667,6,0.21333333333333335,3,0.07,11,0.01,0,0.0,1,44.5
6,2,2,True,2,0.72,3,0.28,1,0.0,0,0.0,4,0.0,1,126.0
6,2,3,False,3,0.4888800672704508,6,0.1485869414406015,2,0.10139506511450484,13,0.10031266052195979,1,0.03663251861808228,3,0.0
6,2,2,True,2,1.0,0,0.0,1,0.0,3,0.0,4,0.0,1,92.8
6,3,3,True,3,0.6466666666666667,6,0.22,2,0.13333333333333333,1,0.0,0,0.0,1,46.6
6,3,3,True,3,0.4888800672704508,6,0.1485869414406015,2,0.10139506511450484,13,0.10031266052195979,1,0.03663251861808228,1,0.0
6,3,1,False,1,0.6130714285714285,3,0.34152380952380945,5,0.03221428571428571,6,0.013190476190476188,2,0.0,2,16.0
6,3,12,False,12,0.59,3,0.35,6,0.04166666666666666,9,0.01833333333333333,2,0.0,2,4.8
6,2,2,True,2,1.0,0,0.0,1,0.0,3,0.0,4,0.0,1,88.5
6,2,2,True,2,1.0,0,0.0,1,0.0,3,0.0,4,0.0,1,61.2
6,2,2,True,2,0.985,3,0.015,1,0.0,0,0.0,4,0.0,1,93.7
6,3,3,True,3,0.4888800672704508,6,0.1485869414406015,2,0.10139506511450484,13,0.10031266052195979,1,0.03663251861808228,1,0.0
6,3,3,True,3,0.4888800672704508,6,0.1485869414406015,2,0.10139506511450484,13,0.10031266052195979,1,0.03663251861808228,1,0.0
6,3,3,True,3,0.4888800672704508,6,0.1485869414406015,2,0.10139506511450484,13,0.10031266052195979,1,0.03663251861808228,1,0.0
6,2,2,True,2,0.34704761904761905,4,0.3335714285714285,6,0.3193809523809524,0,0.0,3,0.0,1,35.0
6,3,3,True,3,0.46845634920634927,2,0.3034166666666666,6,0.21912698412698414,7,0.009000000000000001,0,0.0,1,14.5
6,3,3,True,3,0.4888800672704508,6,0.1485869414406015,2,0.10139506511450484,13,0.10031266052195979,1,0.03663251861808228,1,0.0
6,12,3,False,3,0.4888800672704508,6,0.1485869414406015,2,0.10139506511450484,13,0.10031266052195979,1,0.03663251861808228,6,0.0
6,3,3,True,3,0.4888800672704508,6,0.1485869414406015,2,0.10139506511450484,13,0.10031266052195979,1,0.03663251861808228,1,0.0
6,3,3,True,3,0.4888800672704508,6,0.1485869414406015,2,0.10139506511450484,13,0.10031266052195979,1,0.03663251861808228,1,0.0
6,3,3,True,3,0.3745357142857143,7,0.3210238095238094,6,0.30444047619047615,0,0.0,2,0.0,1,14.7
6,2,2,True,2,0.8718095238095239,7,0.11819047619047619,6,0.01,0,0.0,3,0.0,1,46.9
6,2,2,True,2,0.6957142857142855,3,0.3042857142857142,1,0.0,0,0.0,4,0.0,1,75.5
6,2,2,True,2,0.890297619047619,6,0.10970238095238095,1,0.0,0,0.0,3,0.0,1,50.8
6,3,3,True,3,0.4888800672704508,6,0.1485869414406015,2,0.10139506511450484,13,0.10031266052195979,1,0.03663251861808228,1,0.0
6,3,3,True,3,0.49185497835497843,6,0.45411940836940834,7,0.028116161616161622,2,0.025909451659451656,0,0.0,1,14.2
6,5,3,False,3,0.4888800672704508,6,0.1485869414406015,2,0.10139506511450484,13,0.10031266052195979,1,0.03663251861808228,9,0.0
6,1,3,False,3,0.4888800672704508,6,0.1485869414406015,2,0.10139506511450484,13,0.10031266052195979,1,0.03663251861808228,5,0.0
6,3,3,True,3,0.4885,2,0.4115,6,0.051666666666666666,9,0.04833333333333333,0,0.0,1,5.2
6,12,3,False,3,0.4888800672704508,6,0.1485869414406015,2,0.10139506511450484,13,0.10031266052195979,1,0.03663251861808228,6,0.0
6,2,2,True,2,0.83,6,0.17,1,0.0,0,0.0,3,0.0,1,40.3
6,10,9,False,9,0.5432222222222223,2,0.40944444444444444,3,0.024499999999999997,8,0.02283333333333333,4,0.0,11,6.5
6,11,3,False,3,0.4888800672704508,6,0.1485869414406015,2,0.10139506511450484,13,0.10031266052195979,1,0.03663251861808228,11,0.0
6,2,2,True,2,1.0,0,0.0,1,0.0,3,0.0,4,0.0,1,93.0
6,11,3,False,3,0.4888800672704508,6,0.1485869414406015,2,0.10139506511450484,13,0.10031266052195979,1,0.03663251861808228,11,0.0
6,3,3,True,3,0.4888800672704508,6,0.1485869414406015,2,0.10139506511450484,13,0.10031266052195979,1,0.03663251861808228,1,0.0
6,2,2,True,2,1.0,0,0.0,1,0.0,3,0.0,4,0.0,1,61.8
6,11,11,True,11,0.67,2,0.18,3,0.13,6,0.01,4,0.005,1,44.7
6,2,2,True,2,0.9641666666666667,3,0.03583333333333333,1,0.0,0,0.0,4,0.0,1,78.2
6,2,2,True,2,0.9441666666666666,0,0.05583333333333333,1,0.0,3,0.0,4,0.0,1,134.1
6,2,2,True,2,1.0,0,0.0,1,0.0,3,0.0,4,0.0,1,68.1
6,2,2,True,2,0.7445,6,0.12800000000000003,3,0.12750000000000003,1,0.0,0,0.0,1,73.4
6,13,3,False,3,0.4888800672704508,6,0.1485869414406015,2,0.10139506511450484,13,0.10031266052195979,1,0.03663251861808228,4,0.0
6,3,2,False,2,0.66,3,0.34,1,0.0,0,0.0,4,0.0,2,125.2
6,3,2,False,2,1.0,0,0.0,1,0.0,3,0.0,4,0.0,4,93.3
6,3,2,False,2,0.8866666666666666,11,0.11333333333333333,1,0.0,0,0.0,4,0.0,8,52.9
6,13,3,False,3,0.4888800672704508,6,0.1485869414406015,2,0.10139506511450484,13,0.10031266052195979,1,0.03663251861808228,4,0.0
6,13,3,False,3,0.4888800672704508,6,0.1485869414406015,2,0.10139506511450484,13,0.10031266052195979,1,0.03663251861808228,4,0.0
6,2,2,True,2,0.7926215728715724,5,0.20737842712842702,1,0.0,0,0.0,3,0.0,1,18.4
6,2,2,True,2,0.7926215728715724,5,0.20737842712842702,1,0.0,0,0.0,3,0.0,1,18.4
6,2,7,False,7,0.64,3,0.22166666666666668,5,0.1366666666666667,6,0.0016666666666666666,2,0.0,5,15.7
6,2,2,True,2,1.0,0,0.0,1,0.0,3,0.0,4,0.0,1,139.9
6,1,1,True,1,0.4036904761904762,3,0.33116666666666655,6,0.2651428571428572,0,0.0,2,0.0,1,10.4
6,2,2,True,2,1.0,0,0.0,1,0.0,3,0.0,4,0.0,1,111.8
6,2,2,True,2,1.0,0,0.0,1,0.0,3,0.0,4,0.0,1,18.6
6,2,2,True,2,0.8218632756132753,3,0.17813672438672437,1,0.0,0,0.0,4,0.0,1,39.6
6,2,2,True,2,1.0,0,0.0,1,0.0,3,0.0,4,0.0,1,66.8
6,2,2,True,2,0.8586666666666667,3,0.12116666666666667,4,0.011166666666666667,7,0.009000000000000001,0,0.0,1,54.6
6,2,2,True,2,0.995,6,0.005,1,0.0,0,0.0,3,0.0,1,86.6
6,2,2,True,2,0.65,3,0.17185714285714282,11,0.14516666666666667,0,0.03297619047619047,4,0.0,1,35.8
6,13,3,False,3,0.4888800672704508,6,0.1485869414406015,2,0.10139506511450484,13,0.10031266052195979,1,0.03663251861808228,4,0.0
6,2,2,True,2,0.9352380952380952,3,0.06226190476190476,6,0.0025,1,0.0,0,0.0,1,39.8
7,0,2,False,2,0.33452380952380956,0,0.2943571428571428,1,0.29111904761904756,3,0.05,8,0.03,2,9.0
7,4,3,False,3,0.5722009379509381,4,0.2283672438672438,2,0.1927651515151514,6,0.006666666666666666,0,0.0,2,18.0
7,4,6,False,6,0.4265436507936508,2,0.3995496031746033,4,0.17390674603174602,0,0.0,3,0.0,3,44.0
7,1,2,False,2,0.6624880952380952,4,0.2675119047619047,6,0.07,0,0.0,3,0.0,6,19.0
7,2,2,True,2,0.4155014430014431,6,0.1978629148629148,3,0.1934765512265512,0,0.1931590909090909,1,0.0,1,66.0
7,0,2,False,2,1.0,0,0.0,1,0.0,3,0.0,4,0.0,2,69.0
7,0,3,False,3,0.4942261904761908,0,0.2425357142857142,2,0.23823809523809517,6,0.025,1,0.0,2,24.0
7,0,6,False,6,0.64,3,0.25459523809523804,2,0.10540476190476189,1,0.0,0,0.0,5,19.8
7,0,3,False,3,0.9271344701050583,5,0.025763595881242943,7,0.024783605283605285,2,0.02231832873009344,0,0.0,5,15.0
7,4,2,False,2,0.7873055555555551,7,0.21269444444444446,1,0.0,0,0.0,3,0.0,6,52.0
7,2,2,True,2,0.67,6,0.28,11,0.05,1,0.0,3,0.0,1,101.0
7,2,2,True,2,0.99,6,0.01,1,0.0,0,0.0,3,0.0,1,79.0
7,2,0,False,0,0.6329642857142855,6,0.34703571428571434,2,0.02,1,0.0,3,0.0,3,41.0
7,2,2,True,2,0.91,3,0.09,1,0.0,0,0.0,4,0.0,1,93.0
7,2,2,True,2,0.569,3,0.431,1,0.0,0,0.0,4,0.0,1,32.4
7,6,6,True,6,0.341625541125541,0,0.32272691197691183,1,0.17953715728715727,7,0.14611038961038958,5,0.01,1,17.0
7,6,2,False,2,0.41606349206349214,3,0.3110238095238095,7,0.2704126984126983,6,0.0025,0,0.0,4,30.0
7,7,2,False,2,0.9,3,0.09,6,0.01,1,0.0,0,0.0,8,56.0
7,7,0,False,0,0.6329642857142855,6,0.34703571428571434,2,0.02,1,0.0,3,0.0,8,41.0
7,2,6,False,6,0.55,2,0.45,1,0.0,0,0.0,3,0.0,2,96.0
7,6,6,True,6,0.89,3,0.05954761904761905,0,0.030690476190476188,2,0.019761904761904762,1,0.0,1,24.4
7,6,0,False,0,0.522345238095238,2,0.26256746031746026,6,0.2100873015873016,3,0.005,1,0.0,3,20.0
7,6,2,False,2,0.985,3,0.015,1,0.0,0,0.0,4,0.0,7,54.0
7,6,6,True,6,0.5671666666666668,2,0.36266666666666675,5,0.056666666666666664,3,0.011000000000000001,0,0.0025,1,23.7
7,8,2,False,2,0.46383333333333326,5,0.3661666666666666,6,0.0680952380952381,3,0.061523809523809515,8,0.04038095238095238,5,13.7
7,2,6,False,6,0.68,3,0.23,2,0.09,1,0.0,0,0.0,3,50.5
7,2,2,True,2,0.5985,6,0.40149999999999997,1,0.0,0,0.0,3,0.0,1,79.7
7,3,2,False,2,0.2865238095238094,6,0.26282142857142854,3,0.24314285714285713,7,0.20751190476190473,0,0.0,3,31.3
7,6,3,False,3,0.48412905306169335,6,0.15046540849877793,13,0.09803019615035755,2,0.09604688321457285,1,0.03739250619667905,2,0.0
7,7,2,False,2,0.66,3,0.22916666666666669,5,0.11083333333333333,1,0.0,0,0.0,8,15.7
7,6,3,False,3,0.48412905306169335,6,0.15046540849877793,13,0.09803019615035755,2,0.09604688321457285,1,0.03739250619667905,2,0.0
7,6,3,False,3,0.9693333333333334,2,0.030666666666666665,1,0.0,0,0.0,4,0.0,7,81.6
7,6,2,False,2,0.88,1,0.07333333333333333,4,0.04666666666666667,0,0.0,3,0.0,7,39.9
7,3,1,False,1,0.61,6,0.1965,5,0.1335,3,0.03666666666666667,7,0.02333333333333333,4,25.1
7,2,2,True,2,0.87,6,0.1,3,0.03,1,0.0,0,0.0,1,70.1
7,6,3,False,3,0.6568571428571427,2,0.2952857142857142,6,0.024761904761904763,7,0.023095238095238092,0,0.0,3,14.5
7,6,0,False,0,0.84,2,0.16,1,0.0,3,0.0,4,0.0,7,36.1
7,6,5,False,5,0.67,10,0.23,6,0.06416666666666666,3,0.035833333333333335,2,0.0,3,20.7
7,6,3,False,3,0.63,11,0.24,7,0.05000000000000001,6,0.05,2,0.02,4,49.3
7,6,3,False,3,0.9203333333333333,9,0.040999999999999995,6,0.03866666666666667,1,0.0,2,0.0,3,3.2
7,8,8,True,8,0.7795349927849924,1,0.22046500721500717,2,0.0,0,0.0,4,0.0,1,4.0
7,6,2,False,2,0.895,3,0.06085714285714285,6,0.04414285714285714,1,0.0,0,0.0,3,42.3
7,6,3,False,3,0.48412905306169335,6,0.15046540849877793,13,0.09803019615035755,2,0.09604688321457285,1,0.03739250619667905,2,0.0
7,6,3,False,3,0.9234166666666667,2,0.07658333333333334,1,0.0,0,0.0,4,0.0,7,15.1
7,8,8,True,8,0.7795349927849924,1,0.22046500721500717,2,0.0,0,0.0,4,0.0,1,4.0
7,6,3,False,3,0.48412905306169335,6,0.15046540849877793,13,0.09803019615035755,2,0.09604688321457285,1,0.03739250619667905,2,0.0
7,7,2,False,2,0.63,3,0.21745238095238092,7,0.15254761904761904,1,0.0,0,0.0,3,16.2
7,8,8,True,8,0.7795349927849924,1,0.22046500721500717,2,0.0,0,0.0,4,0.0,1,4.0
7,6,3,False,3,0.48412905306169335,6,0.15046540849877793,13,0.09803019615035755,2,0.09604688321457285,1,0.03739250619667905,2,0.0
7,6,5,False,5,0.6397857142857143,3,0.33971428571428564,1,0.020500000000000004,0,0.0,2,0.0,7,15.9
7,8,8,True,8,0.7795349927849924,1,0.22046500721500717,2,0.0,0,0.0,4,0.0,1,4.0
7,2,2,True,2,0.5671712731712734,3,0.29667771117771113,1,0.13615101565101562,0,0.0,4,0.0,1,18.3
7,2,2,True,2,0.44490476190476186,3,0.42688095238095236,0,0.073,6,0.055214285714285716,1,0.0,1,41.2
7,2,0,False,0,0.62,2,0.38,1,0.0,3,0.0,4,0.0,2,109.0
7,2,1,False,1,0.7248333333333333,3,0.2151666666666667,2,0.028333333333333332,5,0.021666666666666664,8,0.01,3,13.5
7,2,6,False,6,0.5398968253968255,3,0.4101031746031747,2,0.05,1,0.0,0,0.0,3,42.4
7,9,3,False,3,0.8158333333333334,10,0.16416666666666668,1,0.01,0,0.006000000000000001,2,0.004,11,9.1
7,3,3,True,3,0.6895992063492062,6,0.28683333333333333,7,0.011452380952380952,5,0.007928571428571429,2,0.004186507936507936,1,14.8
7,2,3,False,3,0.62,2,0.3,6,0.08,1,0.0,0,0.0,2,95.6
7,2,2,True,2,0.594,3,0.406,1,0.0,0,0.0,4,0.0,1,89.1
7,9,3,False,3,0.636959235209235,1,0.1819130591630591,0,0.17684199134199133,12,0.004285714285714285,4,0.0,12,2.0
7,2,6,False,6,0.7153333333333335,0,0.13366666666666666,2,0.13099999999999998,3,0.01,7,0.01,3,56.8
7,2,2,True,2,1.0,0,0.0,1,0.0,3,0.0,4,0.0,1,18.6
7,3,2,False,2,0.955,3,0.029583333333333336,4,0.015416666666666667,1,0.0,0,0.0,2,41.8
7,3,3,True,3,0.98,0,0.02,1,0.0,2,0.0,4,0.0,1,203.5
7,3,0,False,0,0.61,3,0.37566666666666665,11,0.014333333333333333,1,0.0,4,0.0,2,22.1
7,2,2,True,2,0.9005555555555556,6,0.07,4,0.015555555555555555,3,0.013888888888888888,0,0.0,1,42.2
7,2,2,True,2,0.895,3,0.06085714285714285,6,0.04414285714285714,1,0.0,0,0.0,1,42.3
7,2,2,True,2,0.5142142857142856,11,0.46578571428571436,3,0.02,1,0.0,4,0.0,1,53.2
7,2,6,False,6,0.5398968253968255,3,0.4101031746031747,2,0.05,1,0.0,0,0.0,3,42.4
7,3,4,False,4,0.35842180042180033,0,0.3425295537795537,2,0.16240642690642684,6,0.13664221889221884,3,0.0,5,34.1
7,3,3,True,3,0.48412905306169335,6,0.15046540849877793,13,0.09803019615035755,2,0.09604688321457285,1,0.03739250619667905,1,0.0
7,10,6,False,6,0.9525,1,0.03083333333333333,2,0.01,7,0.006666666666666666,3,0.0,11,16.6
7,3,6,False,6,0.34850000000000003,11,0.3269047619047619,3,0.30459523809523803,2,0.02,0,0.0,3,12.4
7,3,3,True,3,0.8969196179637353,12,0.10308038203626435,1,0.0,0,0.0,4,0.0,1,6.7
7,3,3,True,3,0.4699761904761904,8,0.38859523809523816,2,0.08916666666666667,9,0.05083333333333334,6,0.0014285714285714286,1,6.3
7,10,2,False,2,0.74,3,0.225,10,0.03,0,0.005,4,0.0,3,33.6
7,3,3,True,3,0.48412905306169335,6,0.15046540849877793,13,0.09803019615035755,2,0.09604688321457285,1,0.03739250619667905,1,0.0
7,3,8,False,8,0.7795349927849924,1,0.22046500721500717,2,0.0,0,0.0,4,0.0,8,4.0
7,3,3,True,3,0.48412905306169335,6,0.15046540849877793,13,0.09803019615035755,2,0.09604688321457285,1,0.03739250619667905,1,0.0
7,3,3,True,3,0.48412905306169335,6,0.15046540849877793,13,0.09803019615035755,2,0.09604688321457285,1,0.03739250619667905,1,0.0
7,3,8,False,8,0.6263095238095238,3,0.3736904761904761,1,0.0,0,0.0,4,0.0,2,2.5
7,2,2,True,2,1.0,0,0.0,1,0.0,3,0.0,4,0.0,1,92.3
7,3,3,True,3,0.48412905306169335,6,0.15046540849877793,13,0.09803019615035755,2,0.09604688321457285,1,0.03739250619667905,1,0.0
7,1,2,False,2,0.9613809523809523,4,0.03361904761904762,6,0.005,0,0.0,3,0.0,6,19.1
7,1,3,False,3,0.48412905306169335,6,0.15046540849877793,13,0.09803019615035755,2,0.09604688321457285,1,0.03739250619667905,5,0.0
7,3,3,True,3,0.48412905306169335,6,0.15046540849877793,13,0.09803019615035755,2,0.09604688321457285,1,0.03739250619667905,1,0.0
7,2,2,True,2,1.0,0,0.0,1,0.0,3,0.0,4,0.0,1,85.4
7,3,3,True,3,0.48412905306169335,6,0.15046540849877793,13,0.09803019615035755,2,0.09604688321457285,1,0.03739250619667905,1,0.0
7,3,3,True,3,0.48412905306169335,6,0.15046540849877793,13,0.09803019615035755,2,0.09604688321457285,1,0.03739250619667905,1,0.0
7,3,3,True,3,0.496474025974026,1,0.2380483405483405,9,0.23547763347763337,2,0.03,4,0.0,1,10.0
7,3,12,False,12,0.5284325396825398,3,0.47156746031746016,1,0.0,0,0.0,4,0.0,2,2.2
7,5,6,False,6,0.5948333333333333,1,0.3885,2,0.01,7,0.006666666666666666,3,0.0,7,16.5
7,1,6,False,6,0.97,2,0.03,1,0.0,0,0.0,3,0.0,3,27.1
7,2,3,False,3,0.6032857142857143,2,0.34,0,0.02219047619047619,6,0.018857142857142857,4,0.015666666666666666,2,36.7
7,2,4,False,4,0.501123015873016,2,0.48454365079365064,6,0.0075,3,0.006833333333333334,0,0.0,2,39.0
7,2,3,False,3,0.48412905306169335,6,0.15046540849877793,13,0.09803019615035755,2,0.09604688321457285,1,0.03739250619667905,4,0.0
7,2,3,False,3,0.62,2,0.36,6,0.02,1,0.0,0,0.0,2,95.5
7,2,2,True,2,0.8575,3,0.14250000000000002,1,0.0,0,0.0,4,0.0,1,68.6
7,3,6,False,6,0.5877370129870129,2,0.20990476190476187,7,0.19735822510822504,3,0.005,0,0.0,4,46.0
7,3,2,False,2,1.0,0,0.0,1,0.0,3,0.0,4,0.0,4,32.1
7,3,3,True,3,0.636959235209235,1,0.1819130591630591,0,0.17684199134199133,12,0.004285714285714285,4,0.0,1,2.0
7,3,0,False,0,0.84,2,0.16,1,0.0,3,0.0,4,0.0,4,36.0
7,2,2,True,2,0.671269841269841,7,0.3287301587301586,1,0.0,0,0.0,3,0.0,1,61.0
7,3,3,True,3,0.48412905306169335,6,0.15046540849877793,13,0.09803019615035755,2,0.09604688321457285,1,0.03739250619667905,1,0.0
7,3,3,True,3,0.48412905306169335,6,0.15046540849877793,13,0.09803019615035755,2,0.09604688321457285,1,0.03739250619667905,1,0.0
7,3,3,True,3,0.5281190476190476,8,0.46188095238095245,2,0.01,1,0.0,4,0.0,1,11.7
7,2,2,True,2,0.5569999999999998,3,0.4430000000000001,1,0.0,0,0.0,4,0.0,1,77.9
7,3,3,True,3,0.48412905306169335,6,0.15046540849877793,13,0.09803019615035755,2,0.09604688321457285,1,0.03739250619667905,1,0.0
7,3,3,True,3,0.496474025974026,1,0.2380483405483405,9,0.23547763347763337,2,0.03,4,0.0,1,10.0
7,2,2,True,2,0.92,3,0.07,6,0.01,1,0.0,0,0.0,1,70.5
7,3,6,False,6,0.5314999999999999,1,0.3885,2,0.07,3,0.01,0,0.0,4,16.4
7,2,2,True,2,1.0,0,0.0,1,0.0,3,0.0,4,0.0,1,85.4
7,3,3,True,3,0.6558333333333334,2,0.28,9,0.06416666666666666,1,0.0,4,0.0,1,10.8
7,2,2,True,2,1.0,0,0.0,1,0.0,3,0.0,4,0.0,1,85.7
7,3,3,True,3,0.4747554945054946,9,0.19386782661782653,1,0.1660015262515262,2,0.1653751526251526,4,0.0,1,7.1
7,2,2,True,2,0.9740000000000001,3,0.026000000000000002,1,0.0,0,0.0,4,0.0,1,76.6
7,3,3,True,3,0.69,2,0.31,1,0.0,0,0.0,4,0.0,1,123.4
7,2,2,True,2,0.9875,6,0.0125,1,0.0,0,0.0,3,0.0,1,72.4
7,2,2,True,2,1.0,0,0.0,1,0.0,3,0.0,4,0.0,1,119.3
7,3,3,True,3,0.48412905306169335,6,0.15046540849877793,13,0.09803019615035755,2,0.09604688321457285,1,0.03739250619667905,1,0.0
7,3,2,False,2,0.47916666666666663,6,0.4406666666666667,11,0.042333333333333334,3,0.037833333333333344,0,0.0,4,12.3
7,3,3,True,3,0.5911309523809524,7,0.37970238095238096,9,0.011666666666666665,1,0.01,2,0.0075,1,7.2
7,3,3,True,3,0.48412905306169335,6,0.15046540849877793,13,0.09803019615035755,2,0.09604688321457285,1,0.03739250619667905,1,0.0
7,3,3,True,3,0.6568571428571427,2,0.2952857142857142,6,0.024761904761904763,7,0.023095238095238092,0,0.0,1,14.5
7,3,2,False,2,1.0,0,0.0,1,0.0,3,0.0,4,0.0,4,39.6
7,3,7,False,7,0.4674285714285714,6,0.456452380952381,3,0.07411904761904761,2,0.002,0,0.0,3,14.6
7,12,12,True,12,0.5284325396825398,3,0.47156746031746016,1,0.0,0,0.0,4,0.0,1,2.2
7,3,12,False,12,0.5160714285714287,3,0.4771428571428571,1,0.004107142857142857,0,0.0026785714285714286,4,0.0,2,2.1
7,3,3,True,3,0.48412905306169335,6,0.15046540849877793,13,0.09803019615035755,2,0.09604688321457285,1,0.03739250619667905,1,0.0
7,3,3,True,3,0.48412905306169335,6,0.15046540849877793,13,0.09803019615035755,2,0.09604688321457285,1,0.03739250619667905,1,0.0
7,3,2,False,2,0.34363095238095226,11,0.3376904761904762,3,0.31867857142857137,1,0.0,4,0.0,3,15.3
7,2,2,True,2,0.6580714285714283,6,0.32692857142857146,3,0.015,1,0.0,0,0.0,1,41.5
7,12,3,False,3,0.48412905306169335,6,0.15046540849877793,13,0.09803019615035755,2,0.09604688321457285,1,0.03739250619667905,6,0.0
7,3,3,True,3,0.48412905306169335,6,0.15046540849877793,13,0.09803019615035755,2,0.09604688321457285,1,0.03739250619667905,1,0.0
7,3,3,True,3,0.48412905306169335,6,0.15046540849877793,13,0.09803019615035755,2,0.09604688321457285,1,0.03739250619667905,1,0.0
7,2,3,False,3,0.3586984126984127,2,0.2602023809523809,7,0.19383333333333333,1,0.18726587301587294,0,0.0,2,3.7
7,3,3,True,3,0.66,6,0.1746666666666667,7,0.10716666666666667,5,0.058166666666666665,2,0.0,1,9.7
7,12,3,False,3,0.8969196179637353,12,0.10308038203626435,1,0.0,0,0.0,4,0.0,2,6.7
7,5,5,True,5,0.6397857142857143,3,0.33971428571428564,1,0.020500000000000004,0,0.0,2,0.0,1,15.9
7,5,10,False,10,0.44595238095238093,3,0.42904761904761896,2,0.09583333333333333,6,0.026666666666666665,11,0.0025,10,19.6
7,3,3,True,3,0.48412905306169335,6,0.15046540849877793,13,0.09803019615035755,2,0.09604688321457285,1,0.03739250619667905,1,0.0
7,2,6,False,6,0.5050000000000001,2,0.45053571428571426,3,0.026178571428571426,0,0.018285714285714284,1,0.0,2,66.2
7,2,3,False,3,0.92,2,0.08,1,0.0,0,0.0,4,0.0,2,67.4
7,2,2,True,2,1.0,0,0.0,1,0.0,3,0.0,4,0.0,1,68.1
7,3,3,True,3,0.48412905306169335,6,0.15046540849877793,13,0.09803019615035755,2,0.09604688321457285,1,0.03739250619667905,1,0.0
7,2,2,True,2,1.0,0,0.0,1,0.0,3,0.0,4,0.0,1,85.5
7,2,2,True,2,0.9388333333333333,3,0.061166666666666675,1,0.0,0,0.0,4,0.0,1,105.7
7,13,3,False,3,0.48412905306169335,6,0.15046540849877793,13,0.09803019615035755,2,0.09604688321457285,1,0.03739250619667905,3,0.0
7,2,3,False,3,0.8785000000000001,2,0.12150000000000002,1,0.0,0,0.0,4,0.0,2,7.6
7,2,2,True,2,0.998,6,0.002,1,0.0,0,0.0,3,0.0,1,43.7
7,2,2,True,2,0.691269841269841,7,0.30873015873015863,1,0.0,0,0.0,3,0.0,1,61.1
7,2,2,True,2,1.0,0,0.0,1,0.0,3,0.0,4,0.0,1,85.8
7,11,2,False,2,1.0,0,0.0,1,0.0,3,0.0,4,0.0,12,91.9
7,13,3,False,3,0.48412905306169335,6,0.15046540849877793,13,0.09803019615035755,2,0.09604688321457285,1,0.03739250619667905,3,0.0
7,11,3,False,3,0.6228333333333333,2,0.3771666666666667,1,0.0,0,0.0,4,0.0,12,35.6
7,2,2,True,2,0.9333333333333335,6,0.06666666666666667,1,0.0,0,0.0,3,0.0,1,80.0
7,2,2,True,2,0.8441147186147187,5,0.1558852813852814,1,0.0,0,0.0,3,0.0,1,18.4
7,2,2,True,2,0.9,3,0.1,1,0.0,0,0.0,4,0.0,1,80.6
7,2,2,True,2,0.349015873015873,0,0.345436507936508,4,0.255547619047619,3,0.03,10,0.01,1,29.0
7,2,2,True,2,0.91,3,0.09,1,0.0,0,0.0,4,0.0,1,93.0
7,2,3,False,3,0.7366666666666666,0,0.21,2,0.05333333333333333,1,0.0,4,0.0,3,22.3
7,2,6,False,6,0.3956428571428571,2,0.33483333333333326,0,0.24952380952380954,7,0.02,3,0.0,2,57.0
7,2,2,True,2,1.0,0,0.0,1,0.0,3,0.0,4,0.0,1,140.3
7,2,2,True,2,0.9977777777777778,3,0.0022222222222222222,1,0.0,0,0.0,4,0.0,1,58.6
7,2,2,True,2,0.9150476190476189,7,0.08495238095238095,1,0.0,0,0.0,3,0.0,1,61.2
7,2,2,True,2,0.9388333333333333,3,0.061166666666666675,1,0.0,0,0.0,4,0.0,1,105.7
7,2,2,True,2,0.34363095238095226,11,0.3376904761904762,3,0.31867857142857137,1,0.0,4,0.0,1,15.3
7,2,1,False,1,0.61,3,0.23817532467532465,4,0.0988867243867244,2,0.05293795093795093,0,0.0,4,18.1
7,13,3,False,3,0.48412905306169335,6,0.15046540849877793,13,0.09803019615035755,2,0.09604688321457285,1,0.03739250619667905,3,0.0
7,2,2,True,2,0.98,3,0.02,1,0.0,0,0.0,4,0.0,1,104.9
7,2,2,True,2,1.0,0,0.0,1,0.0,3,0.0,4,0.0,1,32.1
8,2,2,True,2,1.0,0,0.0,1,0.0,3,0.0,4,0.0,1,143.0
8,2,2,True,2,0.64,3,0.36,1,0.0,0,0.0,4,0.0,1,127.0
8,0,6,False,6,0.5758333333333333,2,0.3765,3,0.03766666666666667,7,0.01,0,0.0,5,20.0
8,4,2,False,2,0.6499740259740259,1,0.340025974025974,6,0.01,0,0.0,3,0.0,6,19.0
8,0,2,False,2,0.9583333333333335,6,0.04166666666666666,1,0.0,0,0.0,3,0.0,4,72.0
8,4,1,False,1,0.4566666666666665,9,0.4433333333333334,6,0.09,3,0.01,2,0.0,6,8.0
8,0,4,False,4,0.49293162393162393,2,0.2504584859584859,0,0.2366098901098901,10,0.02,3,0.0,3,34.0
8,0,6,False,6,0.5758333333333333,2,0.3765,3,0.03766666666666667,7,0.01,0,0.0,5,20.0
8,4,2,False,2,0.42760714285714274,3,0.29441666666666666,7,0.2779761904761905,1,0.0,0,0.0,6,55.0
8,0,2,False,2,0.88,6,0.07,7,0.04,3,0.01,0,0.0,5,57.0
8,2,3,False,3,0.96,2,0.04,1,0.0,0,0.0,4,0.0,2,77.0
8,2,2,True,2,0.97,3,0.03,1,0.0,0,0.0,4,0.0,1,76.0
8,2,3,False,3,0.66,2,0.34,1,0.0,0,0.0,4,0.0,2,99.0
8,2,6,False,6,0.4488333333333333,5,0.40116666666666667,2,0.08,3,0.07,0,0.0,3,51.0
8,2,3,False,3,0.59,2,0.39,11,0.02,1,0.0,4,0.0,2,106.0
8,1,3,False,3,0.9191666666666667,6,0.07166666666666666,8,0.009166666666666667,1,0.0,2,0.0,4,6.0
8,2,0,False,0,0.5117683982683983,6,0.32834213009212987,4,0.1598894716394716,1,0.0,3,0.0,6,33.0
8,6,2,False,2,0.6246785714285715,4,0.1959246031746031,6,0.16939682539682543,3,0.01,0,0.0,3,35.0
8,6,0,False,0,0.5117683982683983,6,0.32834213009212987,4,0.1598894716394716,1,0.0,3,0.0,2,33.0
8,6,2,False,2,0.59,6,0.31133333333333335,1,0.0986666666666667,0,0.0,3,0.0,2,27.0
8,7,2,False,2,0.7822222222222222,4,0.21777777777777768,1,0.0,0,0.0,3,0.0,8,52.0
8,6,2,False,2,0.88,6,0.07,7,0.04,3,0.01,0,0.0,2,57.0
8,6,4,False,4,0.41450793650793644,2,0.4071230158730159,6,0.1783690476190476,0,0.0,3,0.0,3,44.0
8,6,4,False,4,0.49293162393162393,2,0.2504584859584859,0,0.2366098901098901,10,0.02,3,0.0,7,34.0
8,5,3,False,3,0.65,10,0.2825,8,0.029999999999999995,2,0.020833333333333336,1,0.016666666666666666,6,21.3
8,6,2,False,2,0.8531428571428574,0,0.05805952380952381,6,0.05765476190476191,7,0.031142857142857142,3,0.0,3,40.8
8,7,3,False,3,0.6268333333333334,6,0.35200000000000004,7,0.021166666666666663,0,0.0,2,0.0,3,14.7
8,6,0,False,0,0.4061666666666665,3,0.4038333333333335,2,0.15083333333333335,10,0.03916666666666666,4,0.0,7,33.8
8,8,3,False,3,0.3654404761904761,0,0.3312738095238095,6,0.30328571428571427,1,0.0,2,0.0,9,23.0
8,6,10,False,10,0.75,4,0.13109523809523807,2,0.06254761904761905,0,0.05635714285714286,3,0.0,7,33.9
8,2,3,False,3,0.4568333333333333,2,0.43650000000000005,0,0.07,6,0.03666666666666667,1,0.0,2,19.9
8,6,3,False,3,0.974547619047619,5,0.01685714285714286,7,0.008595238095238095,0,0.0,2,0.0,8,14.8
8,6,2,False,2,0.62,8,0.24,11,0.0875,6,0.0525,3,0.0,4,19.3
8,6,3,False,3,0.49694313114325384,6,0.15285504714014275,13,0.09592440975444907,2,0.08878842167481285,1,0.03695064218302242,2,0.0
8,6,7,False,7,0.4508333333333333,2,0.4491666666666667,0,0.09,3,0.01,1,0.0,8,65.1
8,2,10,False,10,0.75,4,0.13109523809523807,2,0.06254761904761905,0,0.05635714285714286,3,0.0,3,33.9
8,3,6,False,6,0.8759999999999999,5,0.11,7,0.01,2,0.004,3,0.0,5,20.3
8,3,3,True,3,0.49694313114325384,6,0.15285504714014275,13,0.09592440975444907,2,0.08878842167481285,1,0.03695064218302242,1,0.0
8,2,2,True,2,0.47957142857142854,6,0.4394126984126986,4,0.08101587301587301,0,0.0,3,0.0,1,44.1
8,6,1,False,1,0.7066071428571427,3,0.28339285714285706,9,0.01,0,0.0,4,0.0,7,10.4
8,7,3,False,3,0.9485714285714286,5,0.02583333333333333,7,0.018333333333333333,6,0.005833333333333333,1,0.0014285714285714286,3,9.8
8,7,2,False,2,0.99,6,0.01,1,0.0,0,0.0,3,0.0,8,47.0
8,6,3,False,3,0.49694313114325384,6,0.15285504714014275,13,0.09592440975444907,2,0.08878842167481285,1,0.03695064218302242,2,0.0
8,6,3,False,3,0.63,6,0.1931666666666667,5,0.15683333333333332,2,0.02,0,0.0,2,51.1
8,8,8,True,8,1.0,0,0.0,2,0.0,1,0.0,4,0.0,1,3.4
8,8,3,False,3,0.49694313114325384,6,0.15285504714014275,13,0.09592440975444907,2,0.08878842167481285,1,0.03695064218302242,7,0.0
8,8,8,True,8,0.7666124950041354,3,0.1281642935667703,1,0.10522321142909372,0,0.0,4,0.0,1,4.0
8,6,3,False,3,0.49694313114325384,6,0.15285504714014275,13,0.09592440975444907,2,0.08878842167481285,1,0.03695064218302242,2,0.0
8,6,3,False,3,0.49694313114325384,6,0.15285504714014275,13,0.09592440975444907,2,0.08878842167481285,1,0.03695064218302242,2,0.0
8,6,4,False,4,0.41185497835497836,2,0.3965721500721501,3,0.19157287157287153,1,0.0,0,0.0,7,42.1
8,6,3,False,3,0.49694313114325384,6,0.15285504714014275,13,0.09592440975444907,2,0.08878842167481285,1,0.03695064218302242,2,0.0
8,6,2,False,2,1.0,0,0.0,1,0.0,3,0.0,4,0.0,7,43.4
8,2,2,True,2,0.95,3,0.05,1,0.0,0,0.0,4,0.0,1,112.7
8,2,2,True,2,0.67,7,0.16666666666666669,6,0.13333333333333333,1,0.018500000000000003,5,0.0115,1,16.8
8,2,10,False,10,0.7425,3,0.19,8,0.029999999999999995,2,0.020833333333333336,1,0.016666666666666666,4,21.2
8,2,2,True,2,0.48304761904761906,8,0.42133333333333334,3,0.08561904761904762,6,0.01,0,0.0,1,28.4
8,2,3,False,3,0.6658333333333334,2,0.31816666666666665,6,0.016,1,0.0,0,0.0,2,34.6
8,3,3,True,3,0.85,6,0.12,8,0.03,1,0.0,2,0.0,1,8.5
8,2,6,False,6,0.64,2,0.31,11,0.05,1,0.0,3,0.0,2,101.9
8,3,3,True,3,0.5500000000000002,6,0.42249999999999993,2,0.0275,1,0.0,0,0.0,1,81.6
8,2,2,True,2,0.8446666666666667,3,0.15533333333333332,1,0.0,0,0.0,4,0.0,1,68.3
8,2,2,True,2,0.88,6,0.07,7,0.04,3,0.01,0,0.0,1,57.0
8,3,6,False,6,0.6111111111111112,3,0.24444444444444444,2,0.08083333333333334,7,0.03327777777777778,0,0.030333333333333337,2,14.1
8,3,3,True,3,0.49694313114325384,6,0.15285504714014275,13,0.09592440975444907,2,0.08878842167481285,1,0.03695064218302242,1,0.0
8,2,2,True,2,0.6924166666666668,3,0.1703333333333333,6,0.1335,4,0.00375,0,0.0,1,17.8
8,3,3,True,3,0.49694313114325384,6,0.15285504714014275,13,0.09592440975444907,2,0.08878842167481285,1,0.03695064218302242,1,0.0
8,2,3,False,3,0.62,2,0.37200000000000005,4,0.006,0,0.002,1,0.0,2,45.3
8,10,3,False,3,0.67,6,0.22,2,0.06583333333333333,10,0.04416666666666666,0,0.0,4,33.4
8,1,3,False,3,0.49694313114325384,6,0.15285504714014275,13,0.09592440975444907,2,0.08878842167481285,1,0.03695064218302242,5,0.0
8,3,2,False,2,0.77,3,0.22,6,0.01,1,0.0,0,0.0,2,103.3
8,3,2,False,2,0.79,3,0.2,0,0.005,6,0.005,1,0.0,2,22.7
8,3,3,True,3,0.6153373015873017,1,0.19552777777777777,9,0.16913492063492064,2,0.02,4,0.0,1,10.0
8,3,2,False,2,0.9791666666666667,6,0.02083333333333333,1,0.0,0,0.0,3,0.0,5,69.5
8,3,2,False,2,0.9866666666666666,6,0.013333333333333332,1,0.0,0,0.0,3,0.0,5,95.5
8,3,3,True,3,0.6700310800310798,5,0.18138800088800086,7,0.14858091908091903,0,0.0,2,0.0,1,14.9
8,3,11,False,11,0.5310238095238096,6,0.3689761904761905,2,0.1,1,0.0,3,0.0,5,19.4
8,3,2,False,2,0.7573968253968253,6,0.2426031746031745,1,0.0,0,0.0,3,0.0,5,59.0
8,3,3,True,3,0.49694313114325384,6,0.15285504714014275,13,0.09592440975444907,2,0.08878842167481285,1,0.03695064218302242,1,0.0
8,3,9,False,9,0.5256666666666666,2,0.45433333333333337,4,0.0125,3,0.0075,0,0.0,4,6.9
8,3,3,True,3,0.49694313114325384,6,0.15285504714014275,13,0.09592440975444907,2,0.08878842167481285,1,0.03695064218302242,1,0.0
8,3,2,False,2,1.0,0,0.0,1,0.0,3,0.0,4,0.0,4,89.7
8,3,11,False,11,0.58,2,0.3043809523809524,3,0.11561904761904764,1,0.0,4,0.0,3,53.5
8,3,3,True,3,0.68,0,0.22,2,0.08,8,0.009333333333333334,10,0.005333333333333333,1,21.9
8,3,2,False,2,0.96,3,0.03333333333333333,6,0.006666666666666666,1,0.0,0,0.0,2,82.2
8,1,3,False,3,0.572484126984127,0,0.2154047619047618,9,0.2081111111111111,12,0.004,4,0.0,7,2.0
8,2,3,False,3,0.49694313114325384,6,0.15285504714014275,13,0.09592440975444907,2,0.08878842167481285,1,0.03695064218302242,4,0.0
8,2,2,True,2,0.49557142857142866,4,0.48776190476190473,6,0.008333333333333333,3,0.008333333333333333,0,0.0,1,39.0
8,2,3,False,3,0.49694313114325384,6,0.15285504714014275,13,0.09592440975444907,2,0.08878842167481285,1,0.03695064218302242,4,0.0
8,2,3,False,3,0.3690238095238096,2,0.3292619047619047,6,0.3017142857142856,1,0.0,0,0.0,2,73.1
8,2,6,False,6,0.67,2,0.33,1,0.0,0,0.0,3,0.0,2,72.5
8,9,3,False,3,0.5350000000000001,6,0.4649999999999999,1,0.0,0,0.0,2,0.0,10,3.3
8,9,3,False,3,0.5786666666666667,13,0.4005,2,0.020833333333333336,1,0.0,4,0.0,12,2.8
8,3,3,True,3,0.7678079143079144,12,0.2321920856920856,1,0.0,0,0.0,4,0.0,1,6.7
8,3,3,True,3,0.6700310800310798,5,0.18138800088800086,7,0.14858091908091903,0,0.0,2,0.0,1,14.9
8,3,2,False,2,0.2868506493506493,3,0.24255194805194802,6,0.24240259740259743,0,0.22819480519480512,1,0.0,2,50.2
8,10,2,False,2,0.5335000000000001,3,0.4664999999999999,1,0.0,0,0.0,4,0.0,11,30.6
8,3,1,False,1,0.6559523809523811,3,0.16233333333333333,8,0.14766666666666667,2,0.03404761904761905,4,0.0,2,13.4
8,3,3,True,3,0.572484126984127,0,0.2154047619047618,9,0.2081111111111111,12,0.004,4,0.0,1,2.0
8,3,2,False,2,0.6158333333333333,6,0.38416666666666666,1,0.0,0,0.0,3,0.0,5,87.1
8,2,2,True,2,1.0,0,0.0,1,0.0,3,0.0,4,0.0,1,85.9
8,3,0,False,0,0.4680357142857142,2,0.3004404761904761,3,0.22152380952380948,6,0.01,1,0.0,3,24.0
8,2,7,False,7,0.29019047619047617,3,0.28109523809523806,2,0.2324523809523809,6,0.19626190476190478,0,0.0,3,30.1
8,3,3,True,3,0.49694313114325384,6,0.15285504714014275,13,0.09592440975444907,2,0.08878842167481285,1,0.03695064218302242,1,0.0
8,3,3,True,3,0.96,2,0.04,1,0.0,0,0.0,4,0.0,1,51.5
8,3,11,False,11,0.6,3,0.27,2,0.13,1,0.0,4,0.0,2,106.3
8,3,3,True,3,0.9391666666666667,1,0.06083333333333333,0,0.0,2,0.0,4,0.0,1,13.1
8,3,3,True,3,0.995,12,0.005,1,0.0,0,0.0,4,0.0,1,2.3
8,3,3,True,3,0.48902747252747253,0,0.45300000000000007,7,0.0342930402930403,5,0.023679487179487174,2,0.0,1,15.0
8,3,3,True,3,0.49694313114325384,6,0.15285504714014275,13,0.09592440975444907,2,0.08878842167481285,1,0.03695064218302242,1,0.0
8,3,3,True,3,0.46333333333333326,1,0.4566666666666667,2,0.08,0,0.0,4,0.0,1,13.0
8,3,2,False,2,0.7929956709956708,3,0.1305873015873016,11,0.07641702741702741,1,0.0,4,0.0,2,15.4
8,3,3,True,3,0.49694313114325384,6,0.15285504714014275,13,0.09592440975444907,2,0.08878842167481285,1,0.03695064218302242,1,0.0
8,3,3,True,3,0.49694313114325384,6,0.15285504714014275,13,0.09592440975444907,2,0.08878842167481285,1,0.03695064218302242,1,0.0
8,2,2,True,2,1.0,0,0.0,1,0.0,3,0.0,4,0.0,1,90.0
8,2,3,False,3,0.66,2,0.32,6,0.02,1,0.0,0,0.0,2,83.7
8,9,3,False,3,0.9833333333333334,2,0.01,8,0.006666666666666666,1,0.0,4,0.0,10,10.7
8,3,3,True,3,0.5287023809523812,12,0.47129761904761885,1,0.0,0,0.0,4,0.0,1,2.2
8,3,3,True,3,0.995,12,0.005,1,0.0,0,0.0,4,0.0,1,2.3
8,1,3,False,3,0.6416861471861474,9,0.18262121212121213,2,0.17569264069264062,1,0.0,4,0.0,4,7.1
8,3,3,True,3,0.49694313114325384,6,0.15285504714014275,13,0.09592440975444907,2,0.08878842167481285,1,0.03695064218302242,1,0.0
8,3,3,True,3,0.49694313114325384,6,0.15285504714014275,13,0.09592440975444907,2,0.08878842167481285,1,0.03695064218302242,1,0.0
8,2,3,False,3,0.49073809523809536,6,0.254015873015873,7,0.24524603174603177,2,0.01,0,0.0,4,31.3
8,3,3,True,3,0.49694313114325384,6,0.15285504714014275,13,0.09592440975444907,2,0.08878842167481285,1,0.03695064218302242,1,0.0
8,3,3,True,3,0.49694313114325384,6,0.15285504714014275,13,0.09592440975444907,2,0.08878842167481285,1,0.03695064218302242,1,0.0
8,2,2,True,2,1.0,0,0.0,1,0.0,3,0.0,4,0.0,1,43.5
8,2,3,False,3,0.92,2,0.08,1,0.0,0,0.0,4,0.0,2,76.9
8,2,3,False,3,0.66,2,0.34,1,0.0,0,0.0,4,0.0,2,77.8
8,2,2,True,2,0.7338531746031747,6,0.2544801587301586,3,0.011666666666666665,1,0.0,0,0.0,1,41.5
8,2,3,False,3,0.5018809523809525,6,0.3626190476190476,2,0.09283333333333331,7,0.042666666666666665,0,0.0,3,55.3
8,12,3,False,3,0.49694313114325384,6,0.15285504714014275,13,0.09592440975444907,2,0.08878842167481285,1,0.03695064218302242,6,0.0
8,11,3,False,3,0.66,2,0.21178571428571427,10,0.050904761904761904,1,0.039214285714285715,8,0.0380952380952381,12,21.8
8,2,3,False,3,0.88,2,0.12,1,0.0,0,0.0,4,0.0,2,125.2
8,2,3,False,3,0.49694313114325384,6,0.15285504714014275,13,0.09592440975444907,2,0.08878842167481285,1,0.03695064218302242,4,0.0
8,2,2,True,2,1.0,0,0.0,1,0.0,3,0.0,4,0.0,1,43.5
8,2,2,True,2,1.0,0,0.0,1,0.0,3,0.0,4,0.0,1,112.2
8,11,2,False,2,0.9608333333333334,3,0.03916666666666666,1,0.0,0,0.0,4,0.0,12,52.7
8,2,6,False,6,0.8172372072372072,2,0.127,0,0.036691974691974695,4,0.019070818070818066,3,0.0,2,33.2
8,3,7,False,7,0.7,3,0.13556349206349208,10,0.07242063492063493,4,0.06674603174603173,1,0.02526984126984127,2,3.1
8,2,2,True,2,0.9925,3,0.0075,1,0.0,0,0.0,4,0.0,1,88.0
8,3,3,True,3,0.49694313114325384,6,0.15285504714014275,13,0.09592440975444907,2,0.08878842167481285,1,0.03695064218302242,1,0.0
8,5,3,False,3,0.49694313114325384,6,0.15285504714014275,13,0.09592440975444907,2,0.08878842167481285,1,0.03695064218302242,9,0.0
8,5,2,False,2,1.0,0,0.0,1,0.0,3,0.0,4,0.0,6,18.4
8,2,2,True,2,0.7117182539682539,6,0.288281746031746,1,0.0,0,0.0,3,0.0,1,79.5
8,2,2,True,2,1.0,0,0.0,1,0.0,3,0.0,4,0.0,1,43.4
8,2,2,True,2,0.7473968253968253,6,0.2426031746031745,11,0.0075,3,0.0025,0,0.0,1,59.3
8,2,2,True,2,0.96,3,0.04,1,0.0,0,0.0,4,0.0,1,45.4
8,2,2,True,2,0.99,3,0.01,1,0.0,0,0.0,4,0.0,1,76.6
8,2,2,True,2,0.7117182539682539,6,0.288281746031746,1,0.0,0,0.0,3,0.0,1,79.5
8,3,3,True,3,0.49694313114325384,6,0.15285504714014275,13,0.09592440975444907,2,0.08878842167481285,1,0.03695064218302242,1,0.0
8,12,3,False,3,0.5287023809523812,12,0.47129761904761885,1,0.0,0,0.0,4,0.0,2,2.2
8,3,2,False,2,0.7929956709956708,3,0.1305873015873016,11,0.07641702741702741,1,0.0,4,0.0,2,15.4
8,3,3,True,3,0.49694313114325384,6,0.15285504714014275,13,0.09592440975444907,2,0.08878842167481285,1,0.03695064218302242,1,0.0
8,13,3,False,3,0.49694313114325384,6,0.15285504714014275,13,0.09592440975444907,2,0.08878842167481285,1,0.03695064218302242,3,0.0
8,2,2,True,2,0.95,3,0.05,1,0.0,0,0.0,4,0.0,1,93.6
8,2,2,True,2,1.0,0,0.0,1,0.0,3,0.0,4,0.0,1,85.8
8,2,2,True,2,0.8359523809523809,0,0.13738095238095238,3,0.026666666666666665,1,0.0,4,0.0,1,58.1
8,2,3,False,3,0.6716666666666665,2,0.3283333333333333,1,0.0,0,0.0,4,0.0,2,62.7
8,2,4,False,4,0.4890357142857143,0,0.2614880952380952,2,0.23947619047619043,11,0.01,3,0.0,3,45.0
8,2,2,True,2,0.5138333333333333,3,0.48616666666666675,1,0.0,0,0.0,4,0.0,1,39.7
8,2,3,False,3,0.49694313114325384,6,0.15285504714014275,13,0.09592440975444907,2,0.08878842167481285,1,0.03695064218302242,4,0.0
8,2,2,True,2,0.4433333333333333,3,0.37666666666666665,6,0.14,11,0.04,0,0.0,1,35.4
8,2,2,True,2,0.5198214285714285,6,0.25669444444444445,3,0.22348412698412695,1,0.0,0,0.0,1,39.3
8,2,6,False,6,0.4488333333333333,5,0.40116666666666667,2,0.08,3,0.07,0,0.0,3,51.0
8,13,3,False,3,0.49694313114325384,6,0.15285504714014275,13,0.09592440975444907,2,0.08878842167481285,1,0.03695064218302242,3,0.0
8,2,3,False,3,0.6700310800310798,5,0.18138800088800086,7,0.14858091908091903,0,0.0,2,0.0,5,14.9
8,13,3,False,3,0.49694313114325384,6,0.15285504714014275,13,0.09592440975444907,2,0.08878842167481285,1,0.03695064218302242,3,0.0
8,2,3,False,3,0.62,2,0.38,1,0.0,0,0.0,4,0.0,2,94.2
8,13,3,False,3,0.49694313114325384,6,0.15285504714014275,13,0.09592440975444907,2,0.08878842167481285,1,0.03695064218302242,3,0.0
8,2,2,True,2,1.0,0,0.0,1,0.0,3,0.0,4,0.0,1,118.6
8,2,2,True,2,0.82,6,0.18,1,0.0,0,0.0,3,0.0,1,40.5
8,2,6,False,6,0.7477380952380952,1,0.23226190476190467,2,0.0125,7,0.0075,3,0.0,3,27.2
8,2,2,True,2,1.0,0,0.0,1,0.0,3,0.0,4,0.0,1,105.2
9,1,4,False,4,0.7,2,0.2016666666666667,6,0.09833333333333334,0,0.0,3,0.0,6,40.0
9,2,2,True,2,0.9075,3,0.08,6,0.0125,1,0.0,0,0.0,1,62.0
9,2,2,True,2,0.546095238095238,0,0.4439047619047619,3,0.01,1,0.0,4,0.0,1,69.0
9,2,2,True,2,0.546095238095238,0,0.4439047619047619,3,0.01,1,0.0,4,0.0,1,69.0
9,1,6,False,6,0.4643668831168831,0,0.3522543290043289,7,0.17337878787878783,1,0.01,3,0.0,4,17.0
9,0,6,False,6,0.44122685647685644,0,0.28377208902208884,4,0.14001465201465194,2,0.1349864024864025,3,0.0,2,33.0
9,0,2,False,2,0.68,3,0.32,1,0.0,0,0.0,4,0.0,4,11.0
9,4,0,False,0,0.62,7,0.2841666666666666,6,0.08833333333333332,2,0.0075,3,0.0,8,28.0
9,0,6,False,6,0.35051628763393466,2,0.2620491975344915,7,0.14114821942763117,0,0.12754672125260355,4,0.11873957415133883,4,38.0
9,0,3,False,3,0.6497452824952826,1,0.17631804306804302,9,0.17393667443667435,0,0.0,4,0.0,4,2.0
9,4,2,False,2,0.6361666666666665,0,0.2938333333333333,3,0.06,10,0.01,4,0.0,5,29.0
9,4,0,False,0,0.41403535353535353,2,0.22275144300144295,4,0.18254581529581526,6,0.1806673881673881,3,0.0,3,34.0
9,0,7,False,7,0.5158333333333333,2,0.4241666666666667,3,0.031,6,0.019,8,0.01,6,14.0
9,2,2,True,2,0.99,3,0.01,1,0.0,0,0.0,4,0.0,1,76.0
9,3,2,False,2,0.3493134920634921,4,0.3314444444444443,7,0.31924206349206335,0,0.0,3,0.0,5,55.0
9,2,2,True,2,0.41594805194805207,0,0.22391522366522365,6,0.18814646464646462,3,0.17199025974025972,1,0.0,1,66.0
9,2,2,True,2,0.6715000000000001,7,0.32849999999999996,1,0.0,0,0.0,3,0.0,1,61.0
9,2,6,False,6,0.35051628763393466,2,0.2620491975344915,7,0.14114821942763117,0,0.12754672125260355,4,0.11873957415133883,2,38.0
9,2,0,False,0,0.55,2,0.24021428571428569,6,0.20978571428571433,1,0.0,3,0.0,2,72.0
9,2,2,True,2,0.467,7,0.38299999999999995,3,0.1,6,0.05,0,0.0,1,56.0
9,2,3,False,3,0.7,2,0.2975,6,0.0025,1,0.0,0,0.0,2,62.1
9,2,2,True,2,0.6604166666666665,10,0.28,6,0.04958333333333333,3,0.01,0,0.0,1,30.7
9,2,2,True,2,0.98,0,0.02,1,0.0,3,0.0,4,0.0,1,71.5
9,6,0,False,0,0.43140079365079376,3,0.23587698412698413,4,0.16969444444444437,6,0.15302777777777776,2,0.01,4,37.0
9,6,3,False,3,0.5004471053439936,6,0.15333250551010302,13,0.09885711664410131,2,0.08760653714567238,1,0.04049433347564886,2,0.0
9,7,2,False,2,0.7589761904761906,6,0.12109523809523809,0,0.11992857142857143,1,0.0,3,0.0,8,57.3
9,6,3,False,3,0.7248333333333333,2,0.25575,4,0.019416666666666665,1,0.0,0,0.0,7,17.9
9,6,2,False,2,0.670064935064935,6,0.15035209235209232,0,0.12720815295815296,4,0.05237481962481962,3,0.0,2,33.1
9,6,2,False,2,1.0,0,0.0,1,0.0,3,0.0,4,0.0,7,79.7
9,6,2,False,2,0.7062142857142857,3,0.24,6,0.03009523809523809,0,0.023690476190476192,1,0.0,3,56.7
9,2,6,False,6,0.5194816017316015,7,0.25770346320346316,3,0.222814935064935,0,0.0,2,0.0,5,32.9
9,2,3,False,3,0.66,6,0.11020454382219087,2,0.0849525441878383,7,0.05594500597441773,4,0.048460353372118084,3,37.9
9,6,9,False,9,0.59,12,0.24,3,0.165,2,0.005,4,0.0,10,5.0
9,6,3,False,3,0.5004471053439936,6,0.15333250551010302,13,0.09885711664410131,2,0.08760653714567238,1,0.04049433347564886,2,0.0
9,6,6,True,6,0.619,2,0.25491666666666674,3,0.12608333333333335,1,0.0,0,0.0,1,35.3
9,6,2,False,2,1.0,0,0.0,1,0.0,3,0.0,4,0.0,7,41.5
9,6,6,True,6,0.624073593073593,2,0.1957694805194805,0,0.10234199134199135,3,0.07781493506493507,1,0.0,1,65.8
9,6,6,True,6,0.62,9,0.14285714285714282,1,0.13085714285714287,4,0.09628571428571427,3,0.01,1,8.2
9,3,8,False,8,0.43097619047619046,6,0.4290238095238095,7,0.12,5,0.016666666666666666,2,0.003333333333333333,6,13.8
9,3,3,True,3,0.5004471053439936,6,0.15333250551010302,13,0.09885711664410131,2,0.08760653714567238,1,0.04049433347564886,1,0.0
9,2,2,True,2,1.0,0,0.0,1,0.0,3,0.0,4,0.0,1,68.8
9,2,3,False,3,0.6,2,0.4,1,0.0,0,0.0,4,0.0,2,116.3
9,3,3,True,3,0.40804365079365057,4,0.40001587301587316,2,0.19194047619047616,1,0.0,0,0.0,1,18.0
9,6,3,False,3,0.6605238095238097,11,0.30614285714285705,2,0.02333333333333333,6,0.01,0,0.0,4,12.4
9,6,3,False,3,0.5004471053439936,6,0.15333250551010302,13,0.09885711664410131,2,0.08760653714567238,1,0.04049433347564886,2,0.0
9,7,10,False,10,0.65,1,0.18,3,0.13,5,0.025,6,0.015,9,24.9
9,7,6,False,6,0.4703333333333333,3,0.4096666666666666,5,0.12,0,0.0,2,0.0,8,17.4
9,6,10,False,10,0.4704999999999999,6,0.46150000000000013,5,0.04,1,0.028000000000000004,3,0.0,2,16.6
9,6,2,False,2,0.68,3,0.21,11,0.11,1,0.0,4,0.0,7,44.4
9,8,3,False,3,0.5004471053439936,6,0.15333250551010302,13,0.09885711664410131,2,0.08760653714567238,1,0.04049433347564886,7,0.0
9,6,2,False,2,1.0,0,0.0,1,0.0,3,0.0,4,0.0,7,72.5
9,6,6,True,6,0.62,9,0.14285714285714282,1,0.13085714285714287,4,0.09628571428571427,3,0.01,1,8.1
9,8,3,False,3,0.6755119047619046,8,0.32448809523809524,1,0.0,0,0.0,4,0.0,2,2.5
9,8,2,False,2,0.5057619047619049,12,0.39423809523809533,3,0.06,10,0.025,0,0.01,12,9.3
9,6,2,False,2,0.9062727272727273,4,0.047474747474747475,6,0.04625252525252525,0,0.0,3,0.0,3,44.1
9,6,3,False,3,0.5004471053439936,6,0.15333250551010302,13,0.09885711664410131,2,0.08760653714567238,1,0.04049433347564886,2,0.0
9,8,8,True,8,0.7645969009061111,3,0.12023126215889368,1,0.11517183693499476,0,0.0,4,0.0,1,4.0
9,6,6,True,6,0.5686666666666668,1,0.40133333333333326,2,0.03,0,0.0,3,0.0,1,27.1
9,7,3,False,3,0.8267352369852367,2,0.17326476301476293,1,0.0,0,0.0,4,0.0,8,14.9
9,2,3,False,3,0.5004471053439936,6,0.15333250551010302,13,0.09885711664410131,2,0.08760653714567238,1,0.04049433347564886,4,0.0
9,2,3,False,3,0.8905833333333335,4,0.03808333333333334,10,0.037750000000000006,1,0.03358333333333333,2,0.0,5,2.9
9,2,2,True,2,0.6,6,0.18983333333333335,7,0.17016666666666663,5,0.03,1,0.01,1,16.8
9,2,2,True,2,0.87,6,0.07,0,0.03666666666666667,3,0.02333333333333333,1,0.0,1,36.5
9,9,3,False,3,0.6549711399711399,2,0.18604004329004323,1,0.1519888167388167,4,0.006999999999999999,0,0.0,10,7.1
9,3,0,False,0,0.4389999999999999,6,0.4210000000000001,2,0.12666666666666668,10,0.013333333333333332,3,0.0,5,33.8
9,3,3,True,3,0.7048253968253967,2,0.2951746031746031,1,0.0,0,0.0,4,0.0,1,12.6
9,2,2,True,2,0.9508333333333333,6,0.049166666666666664,1,0.0,0,0.0,3,0.0,1,96.2
9,2,3,False,3,0.4261666666666666,11,0.39383333333333326,2,0.13301190476190475,0,0.04698809523809524,4,0.0,3,59.7
9,3,2,False,2,0.834527777777778,4,0.10008333333333333,0,0.0653888888888889,1,0.0,3,0.0,5,45.2
9,2,2,True,2,1.0,0,0.0,1,0.0,3,0.0,4,0.0,1,71.2
9,2,3,False,3,0.64,2,0.35,6,0.01,1,0.0,0,0.0,2,82.2
9,2,2,True,2,0.8733333333333333,3,0.12666666666666665,1,0.0,0,0.0,4,0.0,1,68.6
9,3,3,True,3,0.4603333333333333,2,0.28441666666666665,6,0.24858333333333327,7,0.006666666666666666,0,0.0,1,14.5
9,2,2,True,2,0.5793333333333333,3,0.4206666666666667,1,0.0,0,0.0,4,0.0,1,32.0
9,1,1,True,1,0.753781746031746,3,0.12211904761904763,6,0.12009920634920639,9,0.004,2,0.0,1,10.3
9,3,8,False,8,0.45827922077922073,3,0.29781529581529576,7,0.23890548340548343,1,0.005,2,0.0,2,3.9
9,3,2,False,2,1.0,0,0.0,1,0.0,3,0.0,4,0.0,4,41.3
9,2,3,False,3,0.695,10,0.24,7,0.05,6,0.015,2,0.0,5,30.5
9,3,2,False,2,0.4338095238095238,6,0.3008809523809523,3,0.2653095238095238,1,0.0,0,0.0,3,72.9
9,3,3,True,3,0.5004471053439936,6,0.15333250551010302,13,0.09885711664410131,2,0.08760653714567238,1,0.04049433347564886,1,0.0
9,3,3,True,3,0.5047142857142858,6,0.4616190476190476,9,0.033666666666666664,1,0.0,2,0.0,1,3.2
9,2,11,False,11,0.61,2,0.22102777777777774,3,0.15,7,0.013694444444444445,4,0.005277777777777778,2,52.5
9,3,2,False,2,0.5483333333333333,3,0.3016666666666667,6,0.15,1,0.0,0,0.0,2,46.5
9,10,3,False,3,0.5004471053439936,6,0.15333250551010302,13,0.09885711664410131,2,0.08760653714567238,1,0.04049433347564886,11,0.0
9,3,3,True,3,0.5004471053439936,6,0.15333250551010302,13,0.09885711664410131,2,0.08760653714567238,1,0.04049433347564886,1,0.0
9,3,3,True,3,0.8717394549894546,12,0.12826054501054496,1,0.0,0,0.0,4,0.0,1,6.7
9,3,3,True,3,0.5004471053439936,6,0.15333250551010302,13,0.09885711664410131,2,0.08760653714567238,1,0.04049433347564886,1,0.0
9,3,3,True,3,0.5004471053439936,6,0.15333250551010302,13,0.09885711664410131,2,0.08760653714567238,1,0.04049433347564886,1,0.0
9,3,3,True,3,0.4599444444444444,2,0.39,10,0.10088888888888889,5,0.049166666666666664,0,0.0,1,4.7
9,2,2,True,2,1.0,0,0.0,1,0.0,3,0.0,4,0.0,1,85.5
9,3,3,True,3,0.5030952380952379,2,0.48407142857142865,6,0.012833333333333332,1,0.0,0,0.0,1,12.1
9,3,3,True,3,0.5004471053439936,6,0.15333250551010302,13,0.09885711664410131,2,0.08760653714567238,1,0.04049433347564886,1,0.0
9,3,6,False,6,0.624073593073593,2,0.1957694805194805,0,0.10234199134199135,3,0.07781493506493507,1,0.0,4,65.8
9,3,3,True,3,0.5004471053439936,6,0.15333250551010302,13,0.09885711664410131,2,0.08760653714567238,1,0.04049433347564886,1,0.0
9,3,3,True,3,0.6566666666666667,2,0.3433333333333334,1,0.0,0,0.0,4,0.0,1,77.2
9,3,3,True,3,0.5004471053439936,6,0.15333250551010302,13,0.09885711664410131,2,0.08760653714567238,1,0.04049433347564886,1,0.0
9,3,2,False,2,0.76,3,0.24,1,0.0,0,0.0,4,0.0,2,67.5
9,3,2,False,2,0.76,3,0.24,1,0.0,0,0.0,4,0.0,2,67.5
9,3,3,True,3,0.8378809523809523,8,0.1621190476190476,1,0.0,0,0.0,4,0.0,1,2.6
9,3,3,True,3,0.5004471053439936,6,0.15333250551010302,13,0.09885711664410131,2,0.08760653714567238,1,0.04049433347564886,1,0.0
9,3,2,False,2,0.98,3,0.02,1,0.0,0,0.0,4,0.0,2,94.2
9,1,3,False,3,0.6262738095238096,1,0.3390833333333333,5,0.02571428571428571,6,0.008928571428571428,2,0.0,2,16.0
9,2,2,True,2,0.5251666666666667,3,0.37149999999999994,0,0.04,7,0.04,6,0.02333333333333333,1,64.8
9,10,3,False,3,0.5004471053439936,6,0.15333250551010302,13,0.09885711664410131,2,0.08760653714567238,1,0.04049433347564886,11,0.0
9,2,3,False,3,0.4261666666666666,11,0.39383333333333326,2,0.13301190476190475,0,0.04698809523809524,4,0.0,3,59.8
9,2,3,False,3,0.5004471053439936,6,0.15333250551010302,13,0.09885711664410131,2,0.08760653714567238,1,0.04049433347564886,4,0.0
9,9,3,False,3,0.5030952380952379,2,0.48407142857142865,6,0.012833333333333332,1,0.0,0,0.0,10,12.1
9,3,2,False,2,0.99,3,0.01,1,0.0,0,0.0,4,0.0,2,43.2
9,3,2,False,2,0.5632965367965369,7,0.23377056277056268,4,0.20293290043290033,0,0.0,3,0.0,5,52.2
9,3,3,True,3,0.5004471053439936,6,0.15333250551010302,13,0.09885711664410131,2,0.08760653714567238,1,0.04049433347564886,1,0.0
9,2,11,False,11,0.61,2,0.235,3,0.15,7,0.003333333333333333,4,0.0016666666666666666,2,52.6
9,2,3,False,3,0.83,2,0.17,1,0.0,0,0.0,4,0.0,2,62.4
9,3,2,False,2,0.87,0,0.05583333333333333,3,0.029833333333333333,6,0.02333333333333333,4,0.020999999999999998,3,36.6
9,3,0,False,0,0.45351984126984135,3,0.2740714285714285,2,0.24740873015873013,6,0.025,1,0.0,2,24.0
9,2,2,True,2,0.67,3,0.21,11,0.12,1,0.0,4,0.0,1,44.5
9,3,2,False,2,0.4128492063492063,7,0.24607142857142855,3,0.18393650793650784,1,0.1571428571428571,0,0.0,3,3.7
9,2,2,True,2,1.0,0,0.0,1,0.0,3,0.0,4,0.0,1,85.9
9,3,3,True,3,0.5004471053439936,6,0.15333250551010302,13,0.09885711664410131,2,0.08760653714567238,1,0.04049433347564886,1,0.0
9,3,3,True,3,0.5004471053439936,6,0.15333250551010302,13,0.09885711664410131,2,0.08760653714567238,1,0.04049433347564886,1,0.0
9,5,3,False,3,0.5004471053439936,6,0.15333250551010302,13,0.09885711664410131,2,0.08760653714567238,1,0.04049433347564886,9,0.0
9,3,3,True,3,0.2838055555555555,4,0.2678928571428571,1,0.23425793650793644,10,0.21404365079365076,2,0.0,1,3.0
9,3,3,True,3,0.5004471053439936,6,0.15333250551010302,13,0.09885711664410131,2,0.08760653714567238,1,0.04049433347564886,1,0.0
9,3,3,True,3,0.8973333333333332,8,0.10266666666666666,1,0.0,0,0.0,4,0.0,1,2.4
9,3,3,True,3,0.6273084415584415,7,0.36227489177489175,2,0.005833333333333333,1,0.004583333333333333,0,0.0,1,7.2
9,2,2,True,2,0.998,6,0.002,1,0.0,0,0.0,3,0.0,1,43.3
9,2,2,True,2,0.652563492063492,7,0.3374365079365079,6,0.01,0,0.0,3,0.0,1,47.0
9,3,3,True,3,0.5018809523809523,6,0.48645238095238097,2,0.011666666666666665,1,0.0,0,0.0,1,81.6
9,3,6,False,6,0.26710064935064926,3,0.26602813852813845,7,0.2489025974025974,2,0.21796861471861462,0,0.0,2,14.3
9,3,3,True,3,0.49911904761904774,12,0.4950476190476189,1,0.003333333333333333,9,0.0025,4,0.0,1,2.1
9,3,2,False,2,0.865,0,0.05788095238095237,3,0.035388888888888886,4,0.019539682539682537,6,0.01719047619047619,3,37.2
9,2,3,False,3,0.5004471053439936,6,0.15333250551010302,13,0.09885711664410131,2,0.08760653714567238,1,0.04049433347564886,4,0.0
9,3,7,False,7,0.76,5,0.13033333333333333,6,0.08966666666666667,3,0.02,2,0.0,4,25.3
9,12,3,False,3,0.5004471053439936,6,0.15333250551010302,13,0.09885711664410131,2,0.08760653714567238,1,0.04049433347564886,6,0.0
9,3,2,False,2,0.99,3,0.01,1,0.0,0,0.0,4,0.0,2,77.8
9,2,3,False,3,0.5238571428571428,2,0.4611428571428572,0,0.015,1,0.0,4,0.0,2,69.2
9,10,2,False,2,0.6459365079365077,3,0.3540634920634919,1,0.0,0,0.0,4,0.0,11,31.8
9,5,3,False,3,0.8267352369852367,2,0.17326476301476293,1,0.0,0,0.0,4,0.0,6,14.9
9,3,3,True,3,0.55,2,0.45,1,0.0,0,0.0,4,0.0,1,157.6
9,2,2,True,2,1.0,0,0.0,1,0.0,3,0.0,4,0.0,1,18.6
9,11,2,False,2,0.9841666666666667,0,0.01583333333333333,1,0.0,3,0.0,4,0.0,12,60.3
9,2,2,True,2,0.86,0,0.14,1,0.0,3,0.0,4,0.0,1,109.4
9,12,3,False,3,0.8717394549894546,12,0.12826054501054496,1,0.0,0,0.0,4,0.0,2,6.7
9,2,6,False,6,0.4598333333333333,7,0.4101666666666667,11,0.1,10,0.02,3,0.01,7,48.9
9,13,3,False,3,0.5004471053439936,6,0.15333250551010302,13,0.09885711664410131,2,0.08760653714567238,1,0.04049433347564886,3,0.0
9,2,2,True,2,0.8270052170052168,5,0.17013764013764004,3,0.0014285714285714286,1,0.0014285714285714286,0,0.0,1,18.4
9,2,2,True,2,1.0,0,0.0,1,0.0,3,0.0,4,0.0,1,85.6
9,2,2,True,2,1.0,0,0.0,1,0.0,3,0.0,4,0.0,1,18.6
9,2,2,True,2,0.7338373015873013,7,0.2636626984126983,5,0.0025,0,0.0,3,0.0,1,18.5
9,3,2,False,2,0.6841666666666666,3,0.3158333333333333,1,0.0,0,0.0,4,0.0,2,7.5
9,2,2,True,2,1.0,0,0.0,1,0.0,3,0.0,4,0.0,1,85.9
9,3,3,True,3,0.99,0,0.01,1,0.0,2,0.0,4,0.0,1,193.9
9,13,3,False,3,0.5880833333333332,9,0.4119166666666667,1,0.0,0,0.0,4,0.0,14,2.8
9,11,2,False,2,0.975,11,0.02,3,0.005,1,0.0,4,0.0,2,53.1
9,2,2,True,2,0.9968686868686869,3,0.0031313131313131315,1,0.0,0,0.0,4,0.0,1,39.4
9,2,2,True,2,0.5821428571428573,6,0.41785714285714287,1,0.0,0,0.0,3,0.0,1,61.5
9,2,2,True,2,1.0,0,0.0,1,0.0,3,0.0,4,0.0,1,79.7
9,2,2,True,2,0.5821428571428573,6,0.41785714285714287,1,0.0,0,0.0,3,0.0,1,61.5
9,2,2,True,2,0.7341666666666667,7,0.2658333333333333,1,0.0,0,0.0,3,0.0,1,60.8
9,2,2,True,2,0.6409505772005771,3,0.23595562770562764,1,0.12309379509379509,0,0.0,4,0.0,1,18.2
9,2,3,False,3,0.6,2,0.4,1,0.0,0,0.0,4,0.0,2,116.0
9,2,3,False,3,0.63,2,0.37,1,0.0,0,0.0,4,0.0,2,88.9
9,5,6,False,6,0.6082142857142857,3,0.3475,7,0.03,0,0.012857142857142855,2,0.0014285714285714286,7,20.4
9,2,2,True,2,0.5821428571428573,6,0.41785714285714287,1,0.0,0,0.0,3,0.0,1,61.6
9,2,0,False,0,0.55,2,0.24021428571428569,6,0.20978571428571433,1,0.0,3,0.0,2,72.0
9,2,2,True,2,0.69,6,0.3066666666666667,3,0.003333333333333333,1,0.0,0,0.0,1,55.7
9,2,2,True,2,1.0,0,0.0,1,0.0,3,0.0,4,0.0,1,117.8
9,2,2,True,2,0.73,3,0.23,0,0.04,1,0.0,4,0.0,1,314.4
9,13,3,False,3,0.5004471053439936,6,0.15333250551010302,13,0.09885711664410131,2,0.08760653714567238,1,0.04049433347564886,3,0.0
9,2,2,True,2,1.0,0,0.0,1,0.0,3,0.0,4,0.0,1,118.8
9,2,3,False,3,0.5004471053439936,6,0.15333250551010302,13,0.09885711664410131,2,0.08760653714567238,1,0.04049433347564886,4,0.0
9,2,2,True,2,0.95,11,0.05,1,0.0,0,0.0,4,0.0,1,92.2
9,13,3,False,3,0.5004471053439936,6,0.15333250551010302,13,0.09885711664410131,2,0.08760653714567238,1,0.04049433347564886,3,0.0
10,0,6,False,6,0.42781482406482385,0,0.28343223443223425,4,0.14985961260961259,2,0.13889332889332892,3,0.0,2,33.0
10,0,11,False,11,0.62,2,0.27,3,0.11,1,0.0,4,0.0,8,74.0
10,2,2,True,2,1.0,0,0.0,1,0.0,3,0.0,4,0.0,1,121.0
10,1,3,False,3,0.49903174603174594,10,0.25146825396825395,4,0.24749999999999997,2,0.002,0,0.0,8,3.0
10,0,0,True,0,0.6334999999999998,4,0.30649999999999994,2,0.056666666666666664,3,0.003333333333333333,1,0.0,1,48.0
10,0,3,False,3,0.45949999999999996,0,0.41050000000000003,6,0.09,2,0.04,1,0.0,2,36.0
10,4,2,False,2,0.6314404761904762,6,0.36855952380952384,1,0.0,0,0.0,3,0.0,6,35.0
10,4,0,False,0,0.40894841269841264,2,0.21053968253968247,4,0.20779761904761898,6,0.16538095238095238,10,0.007333333333333334,3,34.0
10,4,2,False,2,0.5001587301587301,4,0.2563968253968253,0,0.24344444444444438,1,0.0,3,0.0,2,45.0
10,0,2,False,2,0.6121890331890332,3,0.21361616161616165,6,0.17419480519480515,1,0.0,0,0.0,5,66.0
10,2,2,True,2,0.5562857142857145,6,0.2271071428571427,3,0.2166071428571428,1,0.0,0,0.0,1,59.0
10,1,9,False,9,0.4683333333333334,4,0.41166666666666657,6,0.1,3,0.02,2,0.0,6,8.0
10,2,2,True,2,0.6843775113775115,0,0.31562248862248865,1,0.0,3,0.0,4,0.0,1,60.0
10,2,6,False,6,0.5,2,0.37,3,0.13,1,0.0,0,0.0,2,63.0
10,2,3,False,3,0.5372738095238095,0,0.4527261904761905,6,0.01,1,0.0,2,0.0,5,24.0
10,2,6,False,6,0.36523992918845855,2,0.22970880589998216,0,0.1942364049349343,7,0.10714151126651124,4,0.10367334871011341,2,38.0
10,2,2,True,2,0.99,7,0.01,1,0.0,0,0.0,3,0.0,1,67.0
10,2,2,True,2,0.5123809523809525,4,0.2610595238095238,7,0.2265595238095238,0,0.0,3,0.0,1,52.0
10,2,2,True,2,0.6786428571428571,0,0.32135714285714273,1,0.0,3,0.0,4,0.0,1,69.0
10,2,3,False,3,0.4901785714285713,8,0.43254761904761907,10,0.06,12,0.01727380952380952,4,0.0,8,6.6
10,6,3,False,3,0.3649523809523809,8,0.3161904761904762,0,0.31385714285714283,2,0.005,4,0.0,7,23.0
10,6,0,False,0,0.4161082251082251,3,0.2081991341991342,4,0.19177561327561324,6,0.1839170274170274,2,0.0,4,37.0
10,6,7,False,7,0.6,2,0.28,11,0.11,6,0.01,3,0.0,4,49.0
10,2,2,True,2,0.94575,6,0.03141666666666667,3,0.02283333333333333,1,0.0,0,0.0,1,42.7
10,6,6,True,6,0.7783333333333334,2,0.18166666666666664,0,0.02083333333333333,3,0.019166666666666665,1,0.0,1,23.6
10,6,3,False,3,0.5175833333333333,6,0.37785714285714284,2,0.10455952380952381,1,0.0,0,0.0,2,65.9
10,6,3,False,3,0.45183333333333314,11,0.4281666666666667,2,0.09583333333333333,6,0.02416666666666667,0,0.0,4,19.4
10,6,0,False,0,0.5063333333333333,2,0.25762698412698404,7,0.2160396825396825,3,0.01,6,0.01,5,41.0
10,6,2,False,2,0.5047676767676768,6,0.2573816738816738,3,0.23785064935064926,1,0.0,0,0.0,2,42.4
10,7,8,False,8,0.6849047619047615,3,0.31162301587301583,1,0.003472222222222222,0,0.0,4,0.0,9,3.9
10,2,0,False,0,0.6334999999999998,4,0.30649999999999994,2,0.056666666666666664,3,0.003333333333333333,1,0.0,3,48.0
10,6,3,False,3,0.4995095691930217,6,0.14587640097933316,2,0.09810898673602862,13,0.09769897159553835,12,0.03534792615378449,2,0.0
10,6,9,False,9,0.67,3,0.20394444444444446,6,0.11605555555555554,8,0.01,2,0.0,3,3.3
10,6,3,False,3,0.4995095691930217,6,0.14587640097933316,2,0.09810898673602862,13,0.09769897159553835,12,0.03534792615378449,2,0.0
10,6,3,False,3,0.4995095691930217,6,0.14587640097933316,2,0.09810898673602862,13,0.09769897159553835,12,0.03534792615378449,2,0.0
10,6,3,False,3,0.4995095691930217,6,0.14587640097933316,2,0.09810898673602862,13,0.09769897159553835,12,0.03534792615378449,2,0.0
10,3,3,True,3,0.4995095691930217,6,0.14587640097933316,2,0.09810898673602862,13,0.09769897159553835,12,0.03534792615378449,1,0.0
10,2,3,False,3,0.4995095691930217,6,0.14587640097933316,2,0.09810898673602862,13,0.09769897159553835,12,0.03534792615378449,3,0.0
10,3,2,False,2,0.8614285714285714,6,0.08357142857142857,0,0.055,1,0.0,3,0.0,5,19.9
10,6,6,True,6,0.493,1,0.457,2,0.05,0,0.0,3,0.0,1,27.1
10,7,2,False,2,0.62,6,0.32266666666666666,7,0.05733333333333334,0,0.0,3,0.0,3,27.6
10,7,2,False,2,0.91,3,0.08166666666666667,0,0.003333333333333333,4,0.003333333333333333,6,0.0016666666666666666,8,37.4
10,8,3,False,3,0.63,1,0.21880952380952387,6,0.1511904761904762,0,0.0,2,0.0,9,10.5
10,7,6,False,6,0.4989999999999999,2,0.44100000000000006,0,0.06,1,0.0,3,0.0,8,65.1
10,6,5,False,5,0.58,3,0.39899999999999997,6,0.010666666666666666,7,0.010333333333333332,2,0.0,3,17.2
10,6,3,False,3,0.4995095691930217,6,0.14587640097933316,2,0.09810898673602862,13,0.09769897159553835,12,0.03534792615378449,2,0.0
10,7,2,False,2,0.7554960317460316,7,0.24450396825396825,1,0.0,0,0.0,3,0.0,2,60.9
10,6,2,False,2,0.95,3,0.03,11,0.015,5,0.003333333333333333,10,0.0016666666666666666,10,19.5
10,8,3,False,3,0.4995095691930217,6,0.14587640097933316,2,0.09810898673602862,13,0.09769897159553835,12,0.03534792615378449,7,0.0
10,6,3,False,3,0.4995095691930217,6,0.14587640097933316,2,0.09810898673602862,13,0.09769897159553835,12,0.03534792615378449,2,0.0
10,8,8,True,8,1.0,0,0.0,2,0.0,1,0.0,4,0.0,1,3.4
10,6,3,False,3,0.4995095691930217,6,0.14587640097933316,2,0.09810898673602862,13,0.09769897159553835,12,0.03534792615378449,2,0.0
10,6,3,False,3,0.4995095691930217,6,0.14587640097933316,2,0.09810898673602862,13,0.09769897159553835,12,0.03534792615378449,2,0.0
10,8,3,False,3,0.4995095691930217,6,0.14587640097933316,2,0.09810898673602862,13,0.09769897159553835,12,0.03534792615378449,7,0.0
10,2,2,True,2,0.91,4,0.0525,1,0.0275,6,0.01,3,0.0,1,40.2
10,2,2,True,2,0.75,6,0.25,1,0.0,0,0.0,3,0.0,1,97.3
10,2,2,True,2,0.5183333333333333,7,0.48166666666666663,1,0.0,0,0.0,3,0.0,1,66.6
10,9,3,False,3,0.4901785714285713,8,0.43254761904761907,10,0.06,12,0.01727380952380952,4,0.0,12,6.6
10,2,2,True,2,1.0,0,0.0,1,0.0,3,0.0,4,0.0,1,68.0
10,3,3,True,3,0.4995095691930217,6,0.14587640097933316,2,0.09810898673602862,13,0.09769897159553835,12,0.03534792615378449,1,0.0
10,3,6,False,6,0.5,2,0.37,3,0.13,1,0.0,0,0.0,3,63.0
10,3,11,False,11,0.67,2,0.32466666666666666,0,0.005333333333333333,1,0.0,4,0.0,8,59.6
10,3,3,True,3,0.4995095691930217,6,0.14587640097933316,2,0.09810898673602862,13,0.09769897159553835,12,0.03534792615378449,1,0.0
10,3,3,True,3,0.4995095691930217,6,0.14587640097933316,2,0.09810898673602862,13,0.09769897159553835,12,0.03534792615378449,1,0.0
10,3,3,True,3,0.4995095691930217,6,0.14587640097933316,2,0.09810898673602862,13,0.09769897159553835,12,0.03534792615378449,1,0.0
10,3,2,False,2,0.89,11,0.1,6,0.01,1,0.0,3,0.0,5,44.6
10,2,2,True,2,0.6918055555555555,6,0.3081944444444444,1,0.0,0,0.0,3,0.0,1,79.8
10,3,3,True,3,0.6485714285714286,6,0.3414285714285714,5,0.01,0,0.0,2,0.0,1,4.5
10,3,2,False,2,1.0,0,0.0,1,0.0,3,0.0,4,0.0,4,75.4
10,3,3,True,3,0.4995095691930217,6,0.14587640097933316,2,0.09810898673602862,13,0.09769897159553835,12,0.03534792615378449,1,0.0
10,3,2,False,2,0.6012539682539683,10,0.34874603174603164,3,0.05,1,0.0,4,0.0,3,31.8
10,3,2,False,2,0.8283722943722942,1,0.17162770562770557,0,0.0,3,0.0,4,0.0,4,18.3
10,3,1,False,1,0.6474880952380951,3,0.3084404761904761,5,0.04014285714285714,6,0.003928571428571429,2,0.0,2,16.0
10,2,2,True,2,0.89,11,0.07,1,0.04,0,0.0,4,0.0,1,18.7
10,3,3,True,3,1.0,0,0.0,1,0.0,2,0.0,4,0.0,1,186.4
10,3,3,True,3,0.4189285714285715,2,0.3235238095238094,9,0.2575476190476191,1,0.0,4,0.0,1,12.1
10,3,3,True,3,0.3530833333333334,6,0.3306666666666666,8,0.31625,1,0.0,2,0.0,1,6.2
10,10,1,False,1,0.4050000000000001,11,0.395,2,0.16,6,0.04,3,0.0,12,18.8
10,3,3,True,3,0.96,0,0.04,1,0.0,2,0.0,4,0.0,1,201.5
10,5,6,False,6,0.7783333333333334,2,0.18166666666666664,0,0.02083333333333333,3,0.019166666666666665,1,0.0,7,23.6
10,3,11,False,11,0.63,2,0.24654761904761904,3,0.06,1,0.030476190476190476,8,0.020714285714285713,3,21.8
10,3,3,True,3,0.4995095691930217,6,0.14587640097933316,2,0.09810898673602862,13,0.09769897159553835,12,0.03534792615378449,1,0.0
10,3,3,True,3,0.4995095691930217,6,0.14587640097933316,2,0.09810898673602862,13,0.09769897159553835,12,0.03534792615378449,1,0.0
10,3,8,False,8,0.6849047619047615,3,0.31162301587301583,1,0.003472222222222222,0,0.0,4,0.0,2,3.9
10,3,3,True,3,0.4995095691930217,6,0.14587640097933316,2,0.09810898673602862,13,0.09769897159553835,12,0.03534792615378449,1,0.0
10,3,2,False,2,0.48816666666666675,3,0.45566666666666655,6,0.05616666666666667,1,0.0,0,0.0,2,81.4
10,3,3,True,3,0.4995095691930217,6,0.14587640097933316,2,0.09810898673602862,13,0.09769897159553835,12,0.03534792615378449,1,0.0
10,1,3,False,3,0.4995095691930217,6,0.14587640097933316,2,0.09810898673602862,13,0.09769897159553835,12,0.03534792615378449,6,0.0
10,2,3,False,3,0.78,6,0.16,2,0.06,1,0.0,0,0.0,3,63.2
10,1,3,False,3,0.4995095691930217,6,0.14587640097933316,2,0.09810898673602862,13,0.09769897159553835,12,0.03534792615378449,6,0.0
10,2,2,True,2,0.7533333333333334,6,0.24,0,0.006666666666666666,1,0.0,3,0.0,1,40.7
10,2,3,False,3,0.6716666666666665,2,0.32,0,0.003333333333333333,4,0.003333333333333333,6,0.0016666666666666666,2,37.3
10,3,3,True,3,0.9,2,0.05416666666666667,6,0.04583333333333332,1,0.0,0,0.0,1,11.9
10,9,5,False,5,0.4491904761904762,6,0.44080952380952376,3,0.07547619047619049,2,0.034523809523809526,0,0.0,10,5.6
10,2,2,True,2,1.0,0,0.0,1,0.0,3,0.0,4,0.0,1,18.6
10,3,3,True,3,0.7921149267399266,12,0.2078850732600732,1,0.0,0,0.0,4,0.0,1,6.7
10,2,3,False,3,0.5176904761904761,6,0.4823095238095238,1,0.0,0,0.0,2,0.0,5,12.3
10,2,2,True,2,0.5001587301587301,4,0.2563968253968253,0,0.24344444444444438,1,0.0,3,0.0,1,44.9
10,2,3,False,3,0.5027261904761905,2,0.4606666666666668,6,0.020428571428571428,7,0.016178571428571428,0,0.0,2,31.2
10,2,2,True,2,0.5588333333333333,3,0.44116666666666665,1,0.0,0,0.0,4,0.0,1,32.4
10,3,2,False,2,0.66,10,0.26,7,0.07,3,0.01,0,0.0,4,30.5
10,3,2,False,2,0.45052380952380966,6,0.37661904761904763,3,0.11,0,0.03785714285714285,4,0.025,3,34.2
10,3,3,True,3,0.4995095691930217,6,0.14587640097933316,2,0.09810898673602862,13,0.09769897159553835,12,0.03534792615378449,1,0.0
10,3,3,True,3,0.4995095691930217,6,0.14587640097933316,2,0.09810898673602862,13,0.09769897159553835,12,0.03534792615378449,1,0.0
10,2,2,True,2,1.0,0,0.0,1,0.0,3,0.0,4,0.0,1,145.3
10,3,2,False,2,0.95,3,0.05,1,0.0,0,0.0,4,0.0,2,99.0
10,3,2,False,2,0.8283722943722942,1,0.17162770562770557,0,0.0,3,0.0,4,0.0,4,18.3
10,2,2,True,2,0.83,3,0.17,1,0.0,0,0.0,4,0.0,1,54.4
10,3,3,True,3,0.4995095691930217,6,0.14587640097933316,2,0.09810898673602862,13,0.09769897159553835,12,0.03534792615378449,1,0.0
10,3,3,True,3,0.4995095691930217,6,0.14587640097933316,2,0.09810898673602862,13,0.09769897159553835,12,0.03534792615378449,1,0.0
10,3,2,False,2,1.0,0,0.0,1,0.0,3,0.0,4,0.0,4,39.7
10,2,2,True,2,0.9608333333333333,6,0.03916666666666666,1,0.0,0,0.0,3,0.0,1,34.9
10,3,3,True,3,0.4381132756132755,4,0.3928333333333333,2,0.169053391053391,1,0.0,0,0.0,1,18.0
10,3,3,True,3,0.5932857142857142,8,0.3967142857142858,6,0.006666666666666666,2,0.003333333333333333,0,0.0,1,11.7
10,3,2,False,2,0.9871666666666665,6,0.012833333333333332,1,0.0,0,0.0,3,0.0,5,34.8
10,10,3,False,3,0.4995095691930217,6,0.14587640097933316,2,0.09810898673602862,13,0.09769897159553835,12,0.03534792615378449,11,0.0
10,3,2,False,2,0.536607142857143,3,0.4633928571428571,1,0.0,0,0.0,4,0.0,2,125.0
10,2,2,True,2,0.91,3,0.09,1,0.0,0,0.0,4,0.0,1,37.6
10,2,2,True,2,0.9433333333333335,6,0.056666666666666664,1,0.0,0,0.0,3,0.0,1,96.6
10,3,2,False,2,0.9679285714285715,3,0.012857142857142855,6,0.010607142857142857,7,0.008607142857142857,0,0.0,2,32.7
10,3,3,True,3,0.4995095691930217,6,0.14587640097933316,2,0.09810898673602862,13,0.09769897159553835,12,0.03534792615378449,1,0.0
10,5,3,False,3,0.4995095691930217,6,0.14587640097933316,2,0.09810898673602862,13,0.09769897159553835,12,0.03534792615378449,8,0.0
10,2,2,True,2,0.7521071428571428,6,0.24789285714285703,1,0.0,0,0.0,3,0.0,1,43.4
10,3,3,True,3,0.47253571428571434,2,0.4463333333333333,10,0.048095238095238094,5,0.033035714285714286,0,0.0,1,4.7
10,3,3,True,3,0.4995095691930217,6,0.14587640097933316,2,0.09810898673602862,13,0.09769897159553835,12,0.03534792615378449,1,0.0
10,3,9,False,9,0.67,3,0.20394444444444446,6,0.11605555555555554,8,0.01,2,0.0,2,3.3
10,3,0,False,0,0.65,2,0.34,7,0.01,1,0.0,3,0.0,5,57.9
10,3,2,False,2,0.6683928571428572,7,0.28160714285714283,6,0.05,0,0.0,3,0.0,5,56.1
10,12,3,False,3,0.9852380952380954,9,0.011904761904761904,1,0.0014285714285714286,0,0.0014285714285714286,4,0.0,13,2.1
10,3,8,False,8,0.6047857142857143,3,0.3952142857142858,1,0.0,0,0.0,4,0.0,2,2.5
10,5,5,True,5,0.525202380952381,6,0.24390476190476185,3,0.2308928571428571,0,0.0,2,0.0,1,15.9
10,12,3,False,3,0.9852380952380954,9,0.011904761904761904,1,0.0014285714285714286,0,0.0014285714285714286,4,0.0,13,2.1
10,3,1,False,1,0.6520119047619046,6,0.34798809523809526,2,0.0,0,0.0,3,0.0,5,10.4
10,2,2,True,2,0.7521071428571428,6,0.24789285714285703,1,0.0,0,0.0,3,0.0,1,43.4
10,2,3,False,3,0.4995095691930217,6,0.14587640097933316,2,0.09810898673602862,13,0.09769897159553835,12,0.03534792615378449,3,0.0
10,2,2,True,2,0.9459999999999998,6,0.0315,3,0.0225,1,0.0,0,0.0,1,58.8
10,2,2,True,2,0.9883333333333333,0,0.01,6,0.0016666666666666666,1,0.0,3,0.0,1,58.4
10,2,2,True,2,0.9266666666666665,3,0.07333333333333333,1,0.0,0,0.0,4,0.0,1,43.3
10,2,2,True,2,0.6515,6,0.31449999999999995,3,0.034,1,0.0,0,0.0,1,69.6
10,2,2,True,2,0.98,11,0.02,1,0.0,0,0.0,4,0.0,1,92.3
10,13,3,False,3,0.4995095691930217,6,0.14587640097933316,2,0.09810898673602862,13,0.09769897159553835,12,0.03534792615378449,4,0.0
10,2,2,True,2,1.0,0,0.0,1,0.0,3,0.0,4,0.0,1,18.6
10,2,2,True,2,0.9266666666666665,3,0.07333333333333333,1,0.0,0,0.0,4,0.0,1,43.3
10,2,3,False,3,0.535,2,0.465,1,0.0,0,0.0,4,0.0,2,89.5
10,11,3,False,3,0.6746666666666666,2,0.3253333333333333,1,0.0,0,0.0,4,0.0,12,106.4
10,3,2,False,2,0.6756666666666666,3,0.32433333333333336,1,0.0,0,0.0,4,0.0,2,77.1
10,10,3,False,3,0.4995095691930217,6,0.14587640097933316,2,0.09810898673602862,13,0.09769897159553835,12,0.03534792615378449,11,0.0
10,2,3,False,3,0.55,2,0.45,1,0.0,0,0.0,4,0.0,2,94.7
10,2,2,True,2,0.62,11,0.24,3,0.14,1,0.0,4,0.0,1,100.2
10,2,2,True,2,0.8943968253968252,7,0.09560317460317456,4,0.006666666666666666,0,0.003333333333333333,3,0.0,1,47.5
10,11,3,False,3,0.6453809523809523,6,0.3546190476190476,1,0.0,0,0.0,2,0.0,12,12.4
10,2,3,False,3,0.4046897546897547,7,0.2113470418470418,2,0.1933026695526695,1,0.19066053391053392,0,0.0,3,3.7
10,2,2,True,2,0.5828333333333333,6,0.41716666666666674,1,0.0,0,0.0,3,0.0,1,96.1
10,13,3,False,3,0.4995095691930217,6,0.14587640097933316,2,0.09810898673602862,13,0.09769897159553835,12,0.03534792615378449,4,0.0
10,2,3,False,3,0.56,2,0.3610000000000001,11,0.079,1,0.0,4,0.0,2,52.9
10,2,2,True,2,0.89,3,0.11,1,0.0,0,0.0,4,0.0,1,80.6
10,2,6,False,6,0.4149264069264069,4,0.40512518037518047,2,0.17994841269841264,0,0.0,3,0.0,3,44.0
10,2,2,True,2,0.9944444444444446,3,0.005555555555555556,1,0.0,0,0.0,4,0.0,1,39.5
10,2,0,False,0,0.65,2,0.35,1,0.0,3,0.0,4,0.0,2,58.0
10,2,2,True,2,0.8877936507936507,7,0.11220634920634924,1,0.0,0,0.0,3,0.0,1,60.8
10,2,0,False,0,0.65,2,0.34,7,0.01,1,0.0,3,0.0,2,57.9
10,2,2,True,2,1.0,0,0.0,1,0.0,3,0.0,4,0.0,1,39.8
10,2,2,True,2,0.86,6,0.0785,3,0.061500000000000006,1,0.0,0,0.0,1,55.6
10,2,2,True,2,0.6525,3,0.33,4,0.0125,7,0.005,0,0.0,1,51.8
10,2,3,False,3,0.9075,2,0.0665,6,0.02,7,0.006,0,0.0,2,46.4
10,2,3,False,3,0.8234999999999999,0,0.16,9,0.0165,1,0.0,4,0.0,8,10.9
10,2,3,False,3,0.535,2,0.465,1,0.0,0,0.0,4,0.0,2,89.8
10,13,3,False,3,0.4995095691930217,6,0.14587640097933316,2,0.09810898673602862,13,0.09769897159553835,12,0.03534792615378449,4,0.0
10,2,2,True,2,1.0,0,0.0,1,0.0,3,0.0,4,0.0,1,120.5
10,2,2,True,2,0.67,3,0.28,0,0.05,1,0.0,4,0.0,1,300.4
10,13,3,False,3,0.4995095691930217,6,0.14587640097933316,2,0.09810898673602862,13,0.09769897159553835,12,0.03534792615378449,4,0.0
10,2,2,True,2,0.9333333333333332,3,0.06666666666666667,1,0.0,0,0.0,4,0.0,1,107.4
