fold,true_cluster,predicted_cluster,correct,top1_cluster,top1_confidence,top2_cluster,top2_confidence,top3_cluster,top3_confidence,top4_cluster,top4_confidence,top5_cluster,top5_confidence,true_rank,elevation_gain
1,0,1,False,1,1.0,0,0.0,2,0.0,3,0.0,4,0.0,2,17.3
1,3,0,False,0,0.36216658178422884,3,0.2425970304205597,5,0.23561224396518504,1,0.1596241438300261,2,0.0,2,8.4
1,3,1,False,1,0.61,3,0.37166666666666665,5,0.018333333333333333,0,0.0,2,0.0,2,37.5
1,0,0,True,0,0.99,3,0.01,1,0.0,2,0.0,4,0.0,1,6.1
1,5,1,False,1,0.47810640366530033,0,0.28404837430594326,5,0.21262592941360303,3,0.0129826743573495,2,0.012236618257803788,3,0.0
1,1,1,True,1,0.47810640366530033,0,0.28404837430594326,5,0.21262592941360303,3,0.0129826743573495,2,0.012236618257803788,1,0.0
1,5,1,False,1,0.47810640366530033,0,0.28404837430594326,5,0.21262592941360303,3,0.0129826743573495,2,0.012236618257803788,3,0.0
1,3,3,True,3,0.8276666666666667,5,0.14233333333333334,2,0.03,1,0.0,0,0.0,1,59.3
1,5,2,False,2,0.58,5,0.25516666666666665,3,0.16483333333333333,1,0.0,0,0.0,2,52.7
1,5,2,False,2,0.66,5,0.17833333333333332,0,0.14166666666666664,3,0.02,1,0.0,2,28.6
1,5,3,False,3,0.68,2,0.22,5,0.1,1,0.0,0,0.0,3,56.9
1,5,2,False,2,0.97,5,0.02,3,0.01,1,0.0,0,0.0,2,59.7
1,5,1,False,1,0.47810640366530033,0,0.28404837430594326,5,0.21262592941360303,3,0.0129826743573495,2,0.012236618257803788,3,0.0
1,2,5,False,5,0.5410952380952382,2,0.45890476190476187,1,0.0,0,0.0,3,0.0,2,55.2
1,3,3,True,3,0.7974999999999999,0,0.1425,5,0.06,1,0.0,2,0.0,1,72.7
1,0,0,True,0,0.7135396825396826,4,0.25896031746031734,3,0.0175,1,0.005833333333333333,2,0.004166666666666667,1,13.3
1,0,2,False,2,0.3350714285714286,4,0.2443015873015872,0,0.22416269841269834,3,0.19646428571428565,1,0.0,3,22.5
1,0,0,True,0,0.8182103174603169,3,0.18178968253968258,1,0.0,2,0.0,4,0.0,1,7.5
1,0,0,True,0,1.0,1,0.0,2,0.0,3,0.0,4,0.0,1,2.9
1,0,0,True,0,0.6780436507936506,4,0.32195634920634914,2,0.0,1,0.0,3,0.0,1,5.4
1,0,1,False,1,0.3137857142857142,5,0.3069285714285714,3,0.28928571428571426,2,0.05,0,0.04,5,19.2
1,0,0,True,0,0.49900000000000005,4,0.433,2,0.06799999999999999,1,0.0,3,0.0,1,7.7
1,0,0,True,0,0.998,1,0.002,2,0.0,3,0.0,4,0.0,1,3.6
1,0,0,True,0,0.36216658178422884,3,0.2425970304205597,5,0.23561224396518504,1,0.1596241438300261,2,0.0,1,8.4
1,0,5,False,5,0.6359047619047618,4,0.294095238095238,0,0.046,3,0.022000000000000002,1,0.002,3,4.9
1,0,0,True,0,0.3883055555555557,3,0.3875674603174603,1,0.21912698412698411,2,0.005,4,0.0,1,10.4
1,0,3,False,3,0.8592702020202022,0,0.11655050505050506,4,0.02417929292929293,1,0.0,2,0.0,2,5.7
1,0,5,False,5,0.40971139971139975,4,0.21909163059163056,0,0.19777922077922075,1,0.17341774891774894,3,0.0,3,9.8
1,1,0,False,0,0.7214455544455542,1,0.2727467532467531,3,0.005807692307692308,2,0.0,4,0.0,2,3.5
1,1,1,True,1,0.47810640366530033,0,0.28404837430594326,5,0.21262592941360303,3,0.0129826743573495,2,0.012236618257803788,1,0.0
1,1,1,True,1,0.47810640366530033,0,0.28404837430594326,5,0.21262592941360303,3,0.0129826743573495,2,0.012236618257803788,1,0.0
1,3,3,True,3,0.5473333333333334,2,0.4526666666666666,1,0.0,0,0.0,4,0.0,1,49.0
1,1,1,True,1,0.47810640366530033,0,0.28404837430594326,5,0.21262592941360303,3,0.0129826743573495,2,0.012236618257803788,1,0.0
1,1,1,True,1,0.47810640366530033,0,0.28404837430594326,5,0.21262592941360303,3,0.0129826743573495,2,0.012236618257803788,1,0.0
1,3,3,True,3,0.91,0,0.07,2,0.02,1,0.0,4,0.0,1,113.8
1,3,2,False,2,0.6,5,0.39,3,0.01,1,0.0,0,0.0,3,53.6
1,1,1,True,1,0.47810640366530033,0,0.28404837430594326,5,0.21262592941360303,3,0.0129826743573495,2,0.012236618257803788,1,0.0
1,0,0,True,0,0.8823095238095239,3,0.11769047619047619,1,0.0,2,0.0,4,0.0,1,6.0
1,0,1,False,1,0.47810640366530033,0,0.28404837430594326,5,0.21262592941360303,3,0.0129826743573495,2,0.012236618257803788,2,0.0
1,3,2,False,2,0.5398333333333332,5,0.42083333333333345,3,0.03933333333333333,1,0.0,0,0.0,3,39.1
1,3,0,False,0,0.95,2,0.04,1,0.006,3,0.004,4,0.0,4,19.4
1,3,3,True,3,0.6808037518037517,0,0.3191962481962481,1,0.0,2,0.0,4,0.0,1,13.6
1,5,2,False,2,0.92,5,0.07,0,0.006666666666666666,3,0.003333333333333333,1,0.0,2,70.4
1,2,0,False,0,0.64,3,0.201,5,0.159,1,0.0,2,0.0,5,36.7
1,2,0,False,0,0.67,5,0.256,3,0.054000000000000006,2,0.02,1,0.0,4,38.5
1,2,3,False,3,0.981,0,0.019,1,0.0,2,0.0,4,0.0,4,47.3
1,2,3,False,3,0.8535,2,0.1465,1,0.0,0,0.0,4,0.0,2,49.1
1,2,5,False,5,0.5311666666666667,2,0.38500000000000006,3,0.08383333333333333,1,0.0,0,0.0,2,35.1
1,5,0,False,0,0.8458956876456876,3,0.14410431235431231,5,0.01,1,0.0,2,0.0,3,6.3
1,2,2,True,2,0.7044148629148627,5,0.28758513708513694,3,0.008,1,0.0,0,0.0,1,39.7
1,5,5,True,5,0.8943333333333332,2,0.08,3,0.025666666666666664,1,0.0,0,0.0,1,53.0
1,5,2,False,2,0.87,3,0.0725,5,0.0575,1,0.0,0,0.0,3,44.4
1,5,3,False,3,0.83,0,0.17,1,0.0,2,0.0,4,0.0,6,9.6
1,0,1,False,1,0.7134866522366523,0,0.2865133477633477,2,0.0,3,0.0,4,0.0,2,8.0
1,0,0,True,0,0.6574523809523809,3,0.34254761904761905,1,0.0,2,0.0,4,0.0,1,5.9
1,0,0,True,0,0.7699841269841268,5,0.23001587301587295,2,0.0,1,0.0,3,0.0,1,2.3
1,4,1,False,1,0.48405555555555557,3,0.4617777777777777,0,0.05416666666666666,2,0.0,4,0.0,5,15.9
1,4,0,False,0,0.6477380952380953,3,0.35226190476190483,1,0.0,2,0.0,4,0.0,5,15.7
1,1,1,True,1,0.47810640366530033,0,0.28404837430594326,5,0.21262592941360303,3,0.0129826743573495,2,0.012236618257803788,1,0.0
1,1,1,True,1,0.47810640366530033,0,0.28404837430594326,5,0.21262592941360303,3,0.0129826743573495,2,0.012236618257803788,1,0.0
1,1,1,True,1,0.47810640366530033,0,0.28404837430594326,5,0.21262592941360303,3,0.0129826743573495,2,0.012236618257803788,1,0.0
1,3,5,False,5,0.74,3,0.26,1,0.0,0,0.0,2,0.0,2,42.4
1,0,0,True,0,0.5647857142857142,4,0.42950000000000005,1,0.005714285714285714,2,0.0,3,0.0,1,7.9
1,3,5,False,5,0.4443333333333333,3,0.43566666666666665,2,0.12,1,0.0,0,0.0,2,52.5
1,2,3,False,3,0.8276666666666667,5,0.14233333333333334,2,0.03,1,0.0,0,0.0,3,59.3
1,1,1,True,1,0.47810640366530033,0,0.28404837430594326,5,0.21262592941360303,3,0.0129826743573495,2,0.012236618257803788,1,0.0
1,3,0,False,0,0.5668578643578643,3,0.2916493506493505,4,0.14149278499278492,1,0.0,2,0.0,2,5.6
1,0,0,True,0,0.92,3,0.08,1,0.0,2,0.0,4,0.0,1,14.2
1,3,0,False,0,0.7135396825396826,4,0.25896031746031734,3,0.0175,1,0.005833333333333333,2,0.004166666666666667,3,13.3
1,3,5,False,5,0.6369047619047619,4,0.32309523809523805,0,0.018444444444444444,3,0.01088888888888889,2,0.010666666666666666,4,16.2
1,3,5,False,5,0.46632142857142855,0,0.2901626984126983,3,0.23576587301587287,4,0.00775,2,0.0,3,10.8
1,3,5,False,5,0.5097619047619049,3,0.49023809523809514,1,0.0,0,0.0,2,0.0,2,32.8
1,2,3,False,3,0.85,1,0.15,0,0.0,2,0.0,4,0.0,4,51.0
1,3,3,True,3,0.5949523809523809,5,0.39754761904761904,2,0.0075,1,0.0,0,0.0,1,36.0
1,0,1,False,1,0.995,0,0.005,2,0.0,3,0.0,4,0.0,2,16.9
1,0,0,True,0,0.998,1,0.002,2,0.0,3,0.0,4,0.0,1,3.6
1,3,0,False,0,0.6814285714285714,5,0.158,3,0.14771428571428571,1,0.011428571428571429,2,0.0014285714285714286,3,10.0
1,3,1,False,1,0.5097142857142856,5,0.38278571428571434,0,0.1,3,0.0075,2,0.0,4,16.5
1,3,0,False,0,0.8476507936507938,4,0.15234920634920635,2,0.0,1,0.0,3,0.0,5,5.3
1,3,0,False,0,0.673452380952381,4,0.326547619047619,2,0.0,1,0.0,3,0.0,5,12.8
1,2,2,True,2,0.7842619047619048,1,0.10392857142857143,0,0.10180952380952381,5,0.01,3,0.0,1,25.8
1,0,0,True,0,0.7496608946608946,1,0.2503391053391053,2,0.0,3,0.0,4,0.0,1,2.0
1,3,2,False,2,0.6445833333333334,5,0.24,3,0.11541666666666667,1,0.0,0,0.0,3,36.2
1,5,2,False,2,0.69,3,0.28833333333333333,1,0.02166666666666667,0,0.0,4,0.0,6,45.4
1,5,0,False,0,0.6870714285714284,2,0.31292857142857133,1,0.0,3,0.0,4,0.0,6,14.6
1,2,3,False,3,0.73,2,0.17,1,0.1,0,0.0,4,0.0,2,51.4
1,0,1,False,1,0.6858888888888885,0,0.31411111111111106,2,0.0,3,0.0,4,0.0,2,17.2
1,5,3,False,3,0.4877380952380952,0,0.4665476190476192,2,0.04571428571428572,1,0.0,4,0.0,6,21.1
1,0,0,True,0,0.955,3,0.035,5,0.005,4,0.005,2,0.0,1,21.7
1,4,0,False,0,0.99,3,0.01,1,0.0,2,0.0,4,0.0,5,19.5
1,0,0,True,0,0.92,3,0.08,1,0.0,2,0.0,4,0.0,1,14.2
1,0,0,True,0,0.7782023809523808,1,0.221797619047619,2,0.0,3,0.0,4,0.0,1,6.7
1,0,4,False,4,0.6539682539682541,0,0.32087301587301587,1,0.021825396825396828,3,0.003333333333333333,2,0.0,2,12.5
1,1,0,False,0,0.602012987012987,5,0.2049545454545454,3,0.19303246753246747,1,0.0,2,0.0,4,7.2
1,3,3,True,3,0.5089898989898988,0,0.3316500721500722,1,0.15936002886002887,2,0.0,4,0.0,1,18.9
1,1,5,False,5,0.5383333333333333,3,0.4536666666666667,2,0.008,1,0.0,0,0.0,4,32.9
1,0,2,False,2,0.5033333333333334,0,0.4966666666666666,1,0.0,3,0.0,4,0.0,2,3.1
1,3,3,True,3,0.3502380952380952,2,0.3417420634920635,0,0.30351984126984116,1,0.0045000000000000005,4,0.0,1,10.5
1,0,1,False,1,0.47810640366530033,0,0.28404837430594326,5,0.21262592941360303,3,0.0129826743573495,2,0.012236618257803788,2,0.0
1,3,3,True,3,0.8388333333333334,2,0.16116666666666668,1,0.0,0,0.0,4,0.0,1,30.8
1,2,2,True,2,0.645,3,0.355,1,0.0,0,0.0,4,0.0,1,48.7
1,3,3,True,3,0.5381190476190476,0,0.4618809523809523,1,0.0,2,0.0,4,0.0,1,31.2
1,3,3,True,3,0.5001684149184149,0,0.17753976578976577,1,0.1612549117549117,2,0.16103690753690753,4,0.0,1,10.1
1,0,4,False,4,0.3607738095238097,0,0.3347738095238093,3,0.30045238095238086,5,0.004,2,0.0,2,10.9
1,0,0,True,0,1.0,1,0.0,2,0.0,3,0.0,4,0.0,1,2.2
1,0,0,True,0,0.9985714285714287,3,0.0014285714285714286,1,0.0,2,0.0,4,0.0,1,6.2
1,3,0,False,0,0.6574523809523809,3,0.34254761904761905,1,0.0,2,0.0,4,0.0,2,5.9
1,2,3,False,3,0.5553333333333333,2,0.4446666666666666,1,0.0,0,0.0,4,0.0,2,30.9
1,2,3,False,3,0.49966666666666654,5,0.3903333333333333,2,0.11,1,0.0,0,0.0,3,44.6
1,3,2,False,2,0.83,0,0.14,3,0.03,1,0.0,4,0.0,3,29.2
1,1,0,False,0,0.7013232992497694,1,0.16910043551220022,3,0.12957626523802993,2,0.0,4,0.0,2,2.6
1,2,2,True,2,0.7333333333333333,5,0.139,3,0.12766666666666668,1,0.0,0,0.0,1,49.8
1,1,0,False,0,0.4961190476190476,5,0.4575000000000001,1,0.035428571428571434,3,0.010952380952380951,2,0.0,3,15.4
1,1,1,True,1,0.47810640366530033,0,0.28404837430594326,5,0.21262592941360303,3,0.0129826743573495,2,0.012236618257803788,1,0.0
1,1,1,True,1,0.47810640366530033,0,0.28404837430594326,5,0.21262592941360303,3,0.0129826743573495,2,0.012236618257803788,1,0.0
1,1,1,True,1,0.47810640366530033,0,0.28404837430594326,5,0.21262592941360303,3,0.0129826743573495,2,0.012236618257803788,1,0.0
1,5,3,False,3,0.835,0,0.16,5,0.005,1,0.0,2,0.0,3,14.1
1,5,0,False,0,0.6780436507936506,4,0.32195634920634914,2,0.0,1,0.0,3,0.0,6,5.4
1,5,3,False,3,0.5473333333333334,2,0.4526666666666666,1,0.0,0,0.0,4,0.0,6,49.0
1,0,0,True,0,0.636,5,0.24500000000000002,4,0.09500000000000001,3,0.022000000000000002,1,0.002,1,5.0
1,0,3,False,3,0.5533333333333333,0,0.1821666666666667,4,0.1443333333333333,5,0.12016666666666667,2,0.0,2,11.9
1,0,1,False,1,0.47810640366530033,0,0.28404837430594326,5,0.21262592941360303,3,0.0129826743573495,2,0.012236618257803788,2,0.0
1,0,0,True,0,1.0,1,0.0,2,0.0,3,0.0,4,0.0,1,2.2
1,0,0,True,0,0.625345238095238,2,0.3541071428571428,4,0.015297619047619046,3,0.00525,1,0.0,1,6.8
2,0,0,True,0,0.9925,3,0.005,4,0.0025,1,0.0,2,0.0,1,12.9
2,3,1,False,1,0.5925357142857144,0,0.4074642857142856,2,0.0,3,0.0,4,0.0,4,17.5
2,3,0,False,0,0.7386463397713396,1,0.26135366022866013,2,0.0,3,0.0,4,0.0,4,2.6
2,0,3,False,3,0.3880555555555557,4,0.3135317460317459,0,0.29841269841269835,1,0.0,2,0.0,3,15.7
2,2,0,False,0,0.4896746031746032,5,0.2712222222222221,1,0.23910317460317457,2,0.0,3,0.0,4,18.2
2,3,3,True,3,0.7097129537129537,0,0.2902870462870462,1,0.0,2,0.0,4,0.0,1,13.7
2,2,2,True,2,0.99,3,0.01,1,0.0,0,0.0,4,0.0,1,39.8
2,0,3,False,3,0.89,5,0.11,1,0.0,0,0.0,2,0.0,4,93.0
2,1,1,True,1,0.6980473137973136,2,0.15794441669441667,0,0.14400826950826948,3,0.0,4,0.0,1,17.9
2,1,1,True,1,0.6980473137973136,2,0.15794441669441667,0,0.14400826950826948,3,0.0,4,0.0,1,17.9
2,3,5,False,5,0.69,3,0.20429761904761903,2,0.10570238095238096,1,0.0,0,0.0,2,59.2
2,3,3,True,3,0.551,5,0.38900000000000007,2,0.04,1,0.02,0,0.0,1,50.5
2,1,1,True,1,0.5064615521172445,0,0.25502382365945075,5,0.2110835587351796,2,0.013964195064832404,3,0.013466870423292641,1,0.0
2,3,2,False,2,0.86,0,0.1,5,0.04,1,0.0,3,0.0,5,58.6
2,5,2,False,2,0.89,5,0.11,1,0.0,0,0.0,3,0.0,2,57.7
2,5,3,False,3,0.73,5,0.26,0,0.01,1,0.0,2,0.0,2,74.8
2,0,0,True,0,0.995,3,0.005,1,0.0,2,0.0,4,0.0,1,3.2
2,0,3,False,3,0.7775696248196249,4,0.21788492063492057,0,0.002727272727272727,1,0.0018181818181818182,2,0.0,3,19.0
2,0,0,True,0,0.9266666666666665,3,0.04127777777777778,5,0.03205555555555556,1,0.0,2,0.0,1,9.5
2,0,5,False,5,0.5696666666666667,0,0.4303333333333333,2,0.0,1,0.0,3,0.0,2,21.6
2,4,3,False,3,0.995,1,0.005,0,0.0,2,0.0,4,0.0,5,27.9
2,0,1,False,1,0.7964166666666667,5,0.10958333333333334,0,0.094,2,0.0,3,0.0,3,8.1
2,0,0,True,0,1.0,1,0.0,2,0.0,3,0.0,4,0.0,1,3.6
2,0,0,True,0,0.5118965895215897,3,0.33613324175824166,4,0.15197016872016866,1,0.0,2,0.0,1,5.6
2,0,1,False,1,0.5064615521172445,0,0.25502382365945075,5,0.2110835587351796,2,0.013964195064832404,3,0.013466870423292641,2,0.0
2,0,0,True,0,0.6005119047619047,2,0.21439285714285714,5,0.18509523809523803,1,0.0,3,0.0,1,7.3
2,0,3,False,3,0.995,1,0.005,0,0.0,2,0.0,4,0.0,3,28.1
2,0,0,True,0,0.4576666666666667,4,0.4396666666666666,2,0.10266666666666667,1,0.0,3,0.0,1,7.7
2,1,1,True,1,0.5064615521172445,0,0.25502382365945075,5,0.2110835587351796,2,0.013964195064832404,3,0.013466870423292641,1,0.0
2,1,1,True,1,0.5064615521172445,0,0.25502382365945075,5,0.2110835587351796,2,0.013964195064832404,3,0.013466870423292641,1,0.0
2,1,1,True,1,0.6692561327561328,0,0.3307438672438671,2,0.0,3,0.0,4,0.0,1,18.0
2,0,0,True,0,1.0,1,0.0,2,0.0,3,0.0,4,0.0,1,6.1
2,1,0,False,0,0.5048333333333332,1,0.4551666666666667,3,0.028333333333333335,4,0.006666666666666666,5,0.005,2,16.1
2,1,1,True,1,0.5064615521172445,0,0.25502382365945075,5,0.2110835587351796,2,0.013964195064832404,3,0.013466870423292641,1,0.0
2,3,0,False,0,0.8089862914862914,5,0.1910137085137085,2,0.0,1,0.0,3,0.0,5,6.3
2,3,3,True,3,0.73,5,0.26,0,0.01,1,0.0,2,0.0,1,74.8
2,3,0,False,0,0.9111666666666668,4,0.050499999999999996,5,0.035833333333333335,3,0.0025,2,0.0,4,11.7
2,3,3,True,3,0.6423946886446886,5,0.3476053113553113,1,0.006666666666666666,2,0.003333333333333333,0,0.0,1,13.1
2,3,5,False,5,0.73,2,0.27,1,0.0,0,0.0,3,0.0,5,57.5
2,2,3,False,3,0.715,2,0.15,0,0.135,1,0.0,4,0.0,2,36.6
2,3,0,False,0,0.9966666666666667,4,0.003333333333333333,2,0.0,1,0.0,3,0.0,5,7.5
2,5,0,False,0,0.5653333333333334,3,0.43323809523809514,5,0.0014285714285714286,1,0.0,2,0.0,3,13.0
2,2,0,False,0,0.5178809523809523,3,0.4721190476190476,5,0.01,1,0.0,2,0.0,5,21.3
2,2,5,False,5,0.8125,3,0.17,2,0.0175,1,0.0,0,0.0,3,56.3
2,3,3,True,3,0.7,5,0.3,1,0.0,0,0.0,2,0.0,1,40.5
2,2,2,True,2,0.7347142857142857,3,0.25528571428571434,5,0.01,1,0.0,0,0.0,1,59.5
2,2,3,False,3,0.6689999999999999,5,0.27,2,0.061,1,0.0,0,0.0,3,36.2
2,5,2,False,2,0.5125000000000001,3,0.47416666666666674,5,0.013333333333333332,1,0.0,0,0.0,3,44.6
2,1,3,False,3,0.6423946886446886,5,0.3476053113553113,1,0.006666666666666666,2,0.003333333333333333,0,0.0,3,13.1
2,5,5,True,5,0.89,3,0.11,1,0.0,0,0.0,2,0.0,1,40.4
2,5,5,True,5,0.9,0,0.1,2,0.0,1,0.0,3,0.0,1,21.5
2,5,2,False,2,0.99,5,0.01,1,0.0,0,0.0,3,0.0,2,39.7
2,5,0,False,0,0.6783333333333332,3,0.1788333333333333,5,0.1428333333333333,1,0.0,2,0.0,3,4.0
2,2,0,False,0,0.87,2,0.10595238095238095,3,0.024047619047619047,1,0.0,4,0.0,2,20.1
2,5,3,False,3,0.7,5,0.3,1,0.0,0,0.0,2,0.0,2,90.2
2,5,3,False,3,0.5920714285714285,5,0.3675952380952381,0,0.027333333333333334,4,0.013000000000000001,2,0.0,2,10.8
2,2,3,False,3,0.63,2,0.29,5,0.05,1,0.03,0,0.0,2,61.9
2,0,5,False,5,0.9288571428571427,0,0.047214285714285716,3,0.023928571428571428,1,0.0,2,0.0,2,9.2
2,4,0,False,0,0.71,2,0.15357142857142858,3,0.13642857142857143,1,0.0,4,0.0,5,29.5
2,0,5,False,5,0.35709523809523813,3,0.3394285714285714,2,0.3034761904761904,1,0.0,0,0.0,5,31.4
2,0,0,True,0,0.7893910533910534,1,0.21060894660894655,2,0.0,3,0.0,4,0.0,1,2.4
2,1,1,True,1,0.5064615521172445,0,0.25502382365945075,5,0.2110835587351796,2,0.013964195064832404,3,0.013466870423292641,1,0.0
2,3,0,False,0,0.5118965895215897,3,0.33613324175824166,4,0.15197016872016866,1,0.0,2,0.0,2,5.6
2,3,3,True,3,0.3758174603174604,2,0.3186309523809523,0,0.3013849206349206,1,0.004166666666666667,4,0.0,1,10.5
2,3,5,False,5,0.35709523809523813,3,0.3394285714285714,2,0.3034761904761904,1,0.0,0,0.0,2,31.4
2,1,1,True,1,0.7964166666666667,5,0.10958333333333334,0,0.094,2,0.0,3,0.0,1,8.1
2,1,1,True,1,0.5064615521172445,0,0.25502382365945075,5,0.2110835587351796,2,0.013964195064832404,3,0.013466870423292641,1,0.0
2,3,3,True,3,0.4961999666999668,2,0.1924962537462537,1,0.16468489843489842,0,0.1466188811188811,4,0.0,1,10.1
2,3,2,False,2,0.6,3,0.23499999999999996,5,0.165,1,0.0,0,0.0,2,37.1
2,0,0,True,0,0.8993872655122651,3,0.10061273448773443,1,0.0,2,0.0,4,0.0,1,3.4
2,1,0,False,0,0.5048333333333332,1,0.4551666666666667,3,0.028333333333333335,4,0.006666666666666666,5,0.005,2,16.1
2,2,3,False,3,0.89,5,0.11,1,0.0,0,0.0,2,0.0,5,92.0
2,3,3,True,3,0.4734761904761904,0,0.3758571428571427,2,0.15066666666666667,1,0.0,4,0.0,1,20.5
2,3,2,False,2,0.8714166666666666,3,0.12858333333333336,1,0.0,0,0.0,4,0.0,2,42.0
2,3,0,False,0,0.7670873015873013,3,0.2329126984126983,1,0.0,2,0.0,4,0.0,2,5.9
2,3,3,True,3,0.532,2,0.45966666666666656,5,0.008333333333333333,1,0.0,0,0.0,1,39.2
2,3,0,False,0,0.89,5,0.1,1,0.01,2,0.0,3,0.0,5,15.2
2,3,3,True,3,0.6833690476190476,2,0.29829761904761914,5,0.018333333333333333,1,0.0,0,0.0,1,36.1
2,5,3,False,3,0.3683095238095237,4,0.33083333333333337,5,0.27321428571428563,0,0.022785714285714284,2,0.004857142857142857,3,16.2
2,1,1,True,1,0.7247023809523807,5,0.2562499999999999,3,0.01904761904761905,0,0.0,2,0.0,1,17.1
2,5,1,False,1,0.5064615521172445,0,0.25502382365945075,5,0.2110835587351796,2,0.013964195064832404,3,0.013466870423292641,3,0.0
2,5,5,True,5,0.835,0,0.14,2,0.025,1,0.0,3,0.0,1,60.1
2,2,0,False,0,0.5423333333333333,2,0.45766666666666667,1,0.0,3,0.0,4,0.0,2,7.6
2,5,0,False,0,0.7099776889776891,3,0.2900223110223111,1,0.0,2,0.0,4,0.0,6,13.8
2,5,3,False,3,0.692716810966811,1,0.3072831890331889,0,0.0,2,0.0,4,0.0,6,17.0
2,0,0,True,0,0.8746666666666666,3,0.12533333333333332,1,0.0,2,0.0,4,0.0,1,19.9
2,0,0,True,0,0.9925,3,0.005,4,0.0025,1,0.0,2,0.0,1,12.9
2,0,1,False,1,0.514468253968254,0,0.2547896825396825,5,0.23074206349206342,2,0.0,3,0.0,2,8.2
2,0,1,False,1,0.3641904761904762,3,0.3278809523809522,4,0.2979285714285714,0,0.01,2,0.0,4,12.6
2,4,5,False,5,0.4605793650793651,0,0.37644444444444447,1,0.15297619047619046,3,0.01,2,0.0,6,9.8
2,1,0,False,0,0.44447472788649267,3,0.3122360882581469,5,0.24328918385536016,1,0.0,2,0.0,4,8.4
2,0,0,True,0,0.7496150793650791,1,0.25038492063492057,2,0.0,3,0.0,4,0.0,1,18.1
2,1,1,True,1,0.734861111111111,0,0.26013888888888886,5,0.005,2,0.0,3,0.0,1,16.9
2,1,2,False,2,0.5933333333333334,3,0.38,5,0.026666666666666665,1,0.0,0,0.0,4,33.8
2,1,3,False,3,0.62,5,0.35,0,0.03,1,0.0,2,0.0,4,30.0
2,2,5,False,5,0.72,2,0.23,0,0.0275,3,0.0225,1,0.0,2,70.2
2,3,3,True,3,1.0,0,0.0,1,0.0,2,0.0,4,0.0,1,13.5
2,0,1,False,1,0.5064615521172445,0,0.25502382365945075,5,0.2110835587351796,2,0.013964195064832404,3,0.013466870423292641,2,0.0
2,0,1,False,1,0.5064615521172445,0,0.25502382365945075,5,0.2110835587351796,2,0.013964195064832404,3,0.013466870423292641,2,0.0
2,0,1,False,1,0.5064615521172445,0,0.25502382365945075,5,0.2110835587351796,2,0.013964195064832404,3,0.013466870423292641,2,0.0
2,2,0,False,0,0.71,2,0.2,5,0.07,3,0.02,1,0.0,2,76.7
2,3,3,True,3,0.6342611832611833,0,0.3657388167388167,1,0.0,2,0.0,4,0.0,1,13.6
2,0,1,False,1,0.7482976190476189,0,0.2517023809523808,2,0.0,3,0.0,4,0.0,2,18.3
2,0,1,False,1,0.3471309523809525,0,0.32980952380952383,5,0.32305952380952374,2,0.0,3,0.0,2,16.8
2,3,3,True,3,0.985,2,0.01,5,0.005,1,0.0,0,0.0,1,32.6
2,3,3,True,3,0.8631428571428572,5,0.12685714285714286,2,0.01,1,0.0,0,0.0,1,32.7
2,3,0,False,0,1.0,1,0.0,2,0.0,3,0.0,4,0.0,4,8.6
2,2,2,True,2,0.64,5,0.36,1,0.0,0,0.0,3,0.0,1,57.3
2,1,0,False,0,0.8993872655122651,3,0.10061273448773443,1,0.0,2,0.0,4,0.0,3,3.4
2,5,3,False,3,0.665,5,0.24,2,0.09,1,0.005,0,0.0,2,26.9
2,5,3,False,3,0.6866666666666668,2,0.305,5,0.008333333333333333,1,0.0,0,0.0,3,39.1
2,2,3,False,3,0.6866666666666668,2,0.305,5,0.008333333333333333,1,0.0,0,0.0,2,39.1
2,3,3,True,3,0.93,4,0.04933333333333333,0,0.020666666666666663,1,0.0,2,0.0,1,19.6
2,0,3,False,3,0.7097129537129537,0,0.2902870462870462,1,0.0,2,0.0,4,0.0,2,13.7
2,5,1,False,1,0.5064615521172445,0,0.25502382365945075,5,0.2110835587351796,2,0.013964195064832404,3,0.013466870423292641,3,0.0
2,0,2,False,2,0.68,0,0.25184415584415587,5,0.06815584415584415,1,0.0,3,0.0,2,4.3
2,0,0,True,0,0.7473333333333332,3,0.24,1,0.012666666666666666,2,0.0,4,0.0,1,6.6
2,0,0,True,0,0.9016181318681319,3,0.06937393162393163,4,0.029007936507936507,1,0.0,2,0.0,1,7.0
2,0,1,False,1,0.5064615521172445,0,0.25502382365945075,5,0.2110835587351796,2,0.013964195064832404,3,0.013466870423292641,2,0.0
2,0,3,False,3,0.5920714285714285,5,0.3675952380952381,0,0.027333333333333334,4,0.013000000000000001,2,0.0,3,10.8
2,0,1,False,1,0.5064615521172445,0,0.25502382365945075,5,0.2110835587351796,2,0.013964195064832404,3,0.013466870423292641,2,0.0
2,0,3,False,3,0.7227777777777777,0,0.24228174603174601,5,0.025496031746031746,1,0.009444444444444445,2,0.0,2,7.1
2,0,0,True,0,0.4799722222222222,1,0.2726904761904761,5,0.24733730158730147,2,0.0,3,0.0,1,2.7
2,0,4,False,4,0.5118333333333333,0,0.4606666666666667,3,0.0275,1,0.0,2,0.0,2,19.5
3,1,0,False,0,0.9455,1,0.0545,2,0.0,3,0.0,4,0.0,2,18.1
3,3,3,True,3,0.75,2,0.23666666666666664,5,0.013333333333333332,1,0.0,0,0.0,1,54.5
3,2,5,False,5,0.5436666666666666,3,0.4396666666666666,2,0.016666666666666666,1,0.0,0,0.0,3,34.6
3,0,5,False,5,0.6466666666666666,0,0.34,3,0.013333333333333334,1,0.0,2,0.0,2,13.0
3,3,5,False,5,0.7091666666666666,3,0.1687261904761905,2,0.12210714285714286,1,0.0,0,0.0,2,39.4
3,2,3,False,3,0.5673333333333335,2,0.43266666666666664,1,0.0,0,0.0,4,0.0,2,30.9
3,3,5,False,5,0.58,3,0.29690476190476195,2,0.12309523809523809,1,0.0,0,0.0,2,49.9
3,5,1,False,1,0.49361229571371446,0,0.2848266505348425,5,0.19378379945366753,2,0.014342257271257463,3,0.013434997026518037,3,0.0
3,2,3,False,3,0.4156944444444445,2,0.2067658730158729,5,0.20000396825396813,0,0.17753571428571424,1,0.0,2,20.9
3,3,3,True,3,0.515,2,0.4850000000000001,1,0.0,0,0.0,4,0.0,1,47.2
3,5,5,True,5,0.61,3,0.33266666666666667,1,0.05733333333333333,0,0.0,2,0.0,1,30.3
3,3,3,True,3,0.55,1,0.3,2,0.11,5,0.04,0,0.0,1,66.4
3,5,0,False,0,0.7433639971139968,1,0.2566360028860028,2,0.0,3,0.0,4,0.0,6,2.7
3,5,3,False,3,0.59,0,0.31,4,0.08,1,0.02,2,0.0,6,25.0
3,0,0,True,0,0.9975,1,0.0025,2,0.0,3,0.0,4,0.0,1,2.5
3,0,3,False,3,0.92,5,0.08,1,0.0,0,0.0,2,0.0,4,72.0
3,0,0,True,0,1.0,1,0.0,2,0.0,3,0.0,4,0.0,1,3.6
3,0,5,False,5,0.89,0,0.08933333333333333,3,0.020666666666666663,1,0.0,2,0.0,2,15.0
3,0,0,True,0,1.0,1,0.0,2,0.0,3,0.0,4,0.0,1,2.9
3,0,1,False,1,0.57,2,0.4,4,0.03,0,0.0,3,0.0,4,24.5
3,0,0,True,0,0.7595396825396823,1,0.24046031746031743,2,0.0,3,0.0,4,0.0,1,3.8
3,0,0,True,0,0.3461190476190476,3,0.34361904761904755,1,0.31026190476190474,2,0.0,4,0.0,1,5.2
3,0,0,True,0,1.0,1,0.0,2,0.0,3,0.0,4,0.0,1,3.2
3,0,0,True,0,0.5006666666666667,5,0.4993333333333333,2,0.0,1,0.0,3,0.0,1,9.3
3,0,1,False,1,0.8514044011544007,0,0.1485955988455988,2,0.0,3,0.0,4,0.0,2,18.0
3,3,3,True,3,0.6784166666666667,2,0.31908333333333333,5,0.0025,1,0.0,0,0.0,1,36.1
3,1,1,True,1,0.49361229571371446,0,0.2848266505348425,5,0.19378379945366753,2,0.014342257271257463,3,0.013434997026518037,1,0.0
3,2,2,True,2,0.7555357142857142,5,0.24446428571428563,1,0.0,0,0.0,3,0.0,1,39.7
3,1,1,True,1,0.49361229571371446,0,0.2848266505348425,5,0.19378379945366753,2,0.014342257271257463,3,0.013434997026518037,1,0.0
3,1,3,False,3,0.6814166666666663,2,0.31858333333333333,1,0.0,0,0.0,4,0.0,3,51.2
3,1,1,True,1,0.8550898268398269,0,0.14491017316017316,2,0.0,3,0.0,4,0.0,1,17.9
3,0,5,False,5,0.6991666666666667,2,0.2808333333333333,3,0.02,1,0.0,0,0.0,5,28.7
3,0,0,True,0,0.9641666666666666,3,0.021666666666666664,4,0.014166666666666668,1,0.0,2,0.0,1,12.9
3,3,5,False,5,0.6319761904761905,3,0.3680238095238094,1,0.0,0,0.0,2,0.0,2,42.6
3,3,0,False,0,0.7594523809523808,3,0.24054761904761904,1,0.0,2,0.0,4,0.0,2,22.0
3,3,2,False,2,0.83,5,0.11,3,0.06,1,0.0,0,0.0,3,62.1
3,2,3,False,3,0.89,2,0.08666666666666668,5,0.02333333333333333,1,0.0,0,0.0,2,54.9
3,2,1,False,1,0.57,5,0.32,3,0.08,2,0.03,0,0.0,4,66.0
3,3,3,True,3,0.4783809523809524,5,0.42161904761904756,0,0.1,1,0.0,2,0.0,1,14.1
3,3,0,False,0,0.5006666666666667,5,0.4993333333333333,2,0.0,1,0.0,3,0.0,5,9.3
3,1,0,False,0,0.5260952380952381,1,0.4739047619047618,2,0.0,3,0.0,4,0.0,2,17.4
3,1,1,True,1,0.49361229571371446,0,0.2848266505348425,5,0.19378379945366753,2,0.014342257271257463,3,0.013434997026518037,1,0.0
3,5,3,False,3,0.5033333333333333,2,0.4616666666666667,5,0.035,1,0.0,0,0.0,3,53.8
3,5,5,True,5,0.63,3,0.37,1,0.0,0,0.0,2,0.0,1,84.8
3,1,1,True,1,0.49361229571371446,0,0.2848266505348425,5,0.19378379945366753,2,0.014342257271257463,3,0.013434997026518037,1,0.0
3,1,0,False,0,0.42967207792207796,1,0.38333441558441544,3,0.1869935064935064,2,0.0,4,0.0,2,17.5
3,5,1,False,1,0.49361229571371446,0,0.2848266505348425,5,0.19378379945366753,2,0.014342257271257463,3,0.013434997026518037,3,0.0
3,4,3,False,3,0.7495952380952378,0,0.24790476190476185,1,0.0025,2,0.0,4,0.0,5,19.0
3,5,3,False,3,0.4156944444444445,2,0.2067658730158729,5,0.20000396825396813,0,0.17753571428571424,1,0.0,3,20.8
3,5,1,False,1,0.49361229571371446,0,0.2848266505348425,5,0.19378379945366753,2,0.014342257271257463,3,0.013434997026518037,3,0.0
3,0,0,True,0,1.0,1,0.0,2,0.0,3,0.0,4,0.0,1,2.2
3,0,2,False,2,0.34745238095238085,0,0.2955119047619047,3,0.2870357142857142,5,0.07,1,0.0,2,21.4
3,0,0,True,0,0.9641666666666666,3,0.021666666666666664,4,0.014166666666666668,1,0.0,2,0.0,1,12.9
3,0,0,True,0,0.8162976190476191,3,0.16035714285714284,2,0.015095238095238096,4,0.00825,1,0.0,1,22.7
3,0,0,True,0,0.6158961038961036,3,0.19729040404040402,5,0.18681349206349204,1,0.0,2,0.0,1,6.3
3,0,2,False,2,0.28091810966810965,1,0.2687987012987012,0,0.2397110389610389,5,0.21057215007215002,3,0.0,3,18.2
3,0,3,False,3,0.45116666666666666,4,0.448595238095238,0,0.10023809523809524,1,0.0,2,0.0,3,11.3
3,2,2,True,2,0.5148333333333333,3,0.4625,0,0.022666666666666665,1,0.0,4,0.0,1,20.2
3,1,0,False,0,0.5116320346320347,1,0.475034632034632,4,0.013333333333333332,2,0.0,3,0.0,2,8.0
3,2,0,False,0,0.8200070485070485,3,0.08454821567321566,5,0.06715082140082142,1,0.02829391441891442,2,0.0,5,8.3
3,3,2,False,2,0.56,3,0.27621428571428575,5,0.1637857142857143,1,0.0,0,0.0,2,41.5
3,3,2,False,2,0.5291666666666667,5,0.4308333333333333,3,0.02,1,0.02,0,0.0,3,33.5
3,3,2,False,2,0.5294285714285714,3,0.4705714285714286,1,0.0,0,0.0,4,0.0,2,47.9
3,2,1,False,1,0.8550898268398269,0,0.14491017316017316,2,0.0,3,0.0,4,0.0,3,17.9
3,2,5,False,5,0.684,2,0.24666666666666667,3,0.06933333333333334,1,0.0,0,0.0,2,34.4
3,3,0,False,0,0.61,5,0.38,2,0.01,1,0.0,3,0.0,5,60.5
3,3,3,True,3,0.4156944444444445,2,0.2067658730158729,5,0.20000396825396813,0,0.17753571428571424,1,0.0,1,20.9
3,0,0,True,0,0.501732683982684,3,0.49826731601731594,1,0.0,2,0.0,4,0.0,1,5.9
3,1,1,True,1,0.49361229571371446,0,0.2848266505348425,5,0.19378379945366753,2,0.014342257271257463,3,0.013434997026518037,1,0.0
3,3,3,True,3,0.5119761904761905,5,0.28940476190476183,2,0.19861904761904758,1,0.0,0,0.0,1,48.9
3,0,0,True,0,0.5056190476190475,3,0.441047619047619,5,0.05333333333333333,1,0.0,2,0.0,1,4.1
3,0,0,True,0,0.41508910533910537,3,0.37111219336219325,1,0.21379870129870132,2,0.0,4,0.0,1,10.4
3,3,5,False,5,0.6750000000000002,3,0.31499999999999995,2,0.01,1,0.0,0,0.0,2,46.8
3,3,5,False,5,0.6466666666666666,0,0.34,3,0.013333333333333334,1,0.0,2,0.0,3,13.0
3,0,1,False,1,0.49361229571371446,0,0.2848266505348425,5,0.19378379945366753,2,0.014342257271257463,3,0.013434997026518037,2,0.0
3,5,1,False,1,0.49361229571371446,0,0.2848266505348425,5,0.19378379945366753,2,0.014342257271257463,3,0.013434997026518037,3,0.0
3,5,3,False,3,0.9268333333333332,2,0.06316666666666666,5,0.01,1,0.0,0,0.0,3,43.5
3,5,3,False,3,0.59,0,0.31,4,0.08,1,0.02,2,0.0,6,25.0
3,5,5,True,5,0.9,3,0.1,1,0.0,0,0.0,2,0.0,1,40.4
3,1,3,False,3,0.7311111111111112,1,0.09376984126984127,4,0.09134523809523809,0,0.08377380952380951,2,0.0,2,12.7
3,5,1,False,1,0.49361229571371446,0,0.2848266505348425,5,0.19378379945366753,2,0.014342257271257463,3,0.013434997026518037,3,0.0
3,0,3,False,3,0.7308333333333334,2,0.25916666666666666,5,0.01,1,0.0,0,0.0,5,47.1
3,0,3,False,3,0.5284642857142858,0,0.4165238095238095,5,0.05501190476190477,1,0.0,2,0.0,2,10.9
3,0,2,False,2,0.6945833333333333,3,0.28625,5,0.016666666666666666,0,0.0025,1,0.0,4,31.8
3,0,0,True,0,0.705595238095238,5,0.20845238095238094,4,0.07595238095238094,3,0.01,2,0.0,1,5.0
3,1,5,False,5,0.7083333333333335,3,0.2916666666666667,1,0.0,0,0.0,2,0.0,3,46.6
3,3,1,False,1,0.66,3,0.26583333333333337,5,0.06,2,0.014166666666666666,0,0.0,2,50.7
3,0,0,True,0,0.4993333333333333,4,0.43666666666666676,3,0.064,1,0.0,2,0.0,1,19.5
3,2,0,False,0,0.8162976190476191,3,0.16035714285714284,2,0.015095238095238096,4,0.00825,1,0.0,3,22.8
3,3,3,True,3,1.0,0,0.0,1,0.0,2,0.0,4,0.0,1,13.5
3,0,1,False,1,0.49361229571371446,0,0.2848266505348425,5,0.19378379945366753,2,0.014342257271257463,3,0.013434997026518037,2,0.0
3,3,5,False,5,0.684,2,0.24666666666666667,3,0.06933333333333334,1,0.0,0,0.0,3,34.4
3,3,5,False,5,0.7,3,0.22,2,0.08,1,0.0,0,0.0,2,62.8
3,2,3,False,3,0.5923333333333335,2,0.39766666666666667,5,0.01,1,0.0,0,0.0,2,42.1
3,2,3,False,3,0.6838571428571427,2,0.27614285714285713,5,0.04,1,0.0,0,0.0,2,50.2
3,3,3,True,3,0.579459124209124,5,0.2755755355755355,1,0.1449653402153402,0,0.0,2,0.0,1,13.1
3,3,0,False,0,0.8681964424464426,3,0.06621363358863358,5,0.03416938616938617,1,0.0314205377955378,2,0.0,2,8.5
3,3,0,False,0,0.6373722943722941,4,0.3626277056277056,2,0.0,1,0.0,3,0.0,5,11.2
3,5,3,False,3,0.4096410533910534,0,0.38245382395382377,1,0.2079051226551226,2,0.0,4,0.0,6,18.5
3,3,1,False,1,0.45385714285714285,2,0.42614285714285705,4,0.1,3,0.02,0,0.0,4,27.6
3,3,5,False,5,0.61,3,0.2275,1,0.14,2,0.0225,0,0.0,2,50.4
3,3,3,True,3,0.9648333333333333,2,0.020166666666666666,5,0.014999999999999998,1,0.0,0,0.0,1,42.7
3,3,0,False,0,0.6563214285714287,5,0.3436785714285715,2,0.0,1,0.0,3,0.0,5,6.5
3,1,0,False,0,0.5202420634920633,1,0.4622579365079366,2,0.011666666666666665,5,0.005833333333333333,3,0.0,2,18.3
3,1,1,True,1,0.49361229571371446,0,0.2848266505348425,5,0.19378379945366753,2,0.014342257271257463,3,0.013434997026518037,1,0.0
3,1,1,True,1,0.7272063492063487,0,0.27279365079365075,2,0.0,3,0.0,4,0.0,1,17.3
3,5,5,True,5,0.89,0,0.08933333333333333,3,0.020666666666666663,1,0.0,2,0.0,1,15.0
3,1,1,True,1,0.49361229571371446,0,0.2848266505348425,5,0.19378379945366753,2,0.014342257271257463,3,0.013434997026518037,1,0.0
3,2,0,False,0,0.37542460317460313,3,0.24109126984126975,2,0.20644841269841263,4,0.1770357142857143,1,0.0,3,22.5
3,1,0,False,0,0.5298333333333334,3,0.4625,1,0.007666666666666666,2,0.0,4,0.0,3,5.1
3,1,1,True,1,0.49361229571371446,0,0.2848266505348425,5,0.19378379945366753,2,0.014342257271257463,3,0.013434997026518037,1,0.0
3,2,3,False,3,0.6169523809523809,0,0.3470198412698412,2,0.01888888888888889,5,0.01713888888888889,1,0.0,3,20.6
3,5,2,False,2,0.47766666666666674,3,0.4611666666666666,5,0.061166666666666675,1,0.0,0,0.0,3,41.0
3,5,3,False,3,0.99,1,0.01,0,0.0,2,0.0,4,0.0,6,32.8
3,4,3,False,3,0.62,0,0.38,1,0.0,2,0.0,4,0.0,5,21.8
3,4,3,False,3,0.5284642857142858,0,0.4165238095238095,5,0.05501190476190477,1,0.0,2,0.0,6,10.9
3,0,0,True,0,1.0,1,0.0,2,0.0,3,0.0,4,0.0,1,3.2
3,0,2,False,2,0.61,0,0.38023809523809526,5,0.009761904761904762,1,0.0,3,0.0,2,4.5
3,0,0,True,0,0.8553333333333331,4,0.1446666666666667,2,0.0,1,0.0,3,0.0,1,7.8
3,0,0,True,0,0.6515,1,0.31,4,0.0385,2,0.0,3,0.0,1,12.4
3,0,0,True,0,0.5549747474747475,4,0.250088023088023,3,0.18893722943722938,2,0.004,1,0.002,1,13.3
3,0,0,True,0,0.8190357142857141,3,0.17429761904761906,1,0.003333333333333333,5,0.003333333333333333,2,0.0,1,8.6
3,0,5,False,5,0.4811666666666667,1,0.447,0,0.07183333333333333,2,0.0,3,0.0,3,15.3
3,0,0,True,0,0.6158961038961036,3,0.19729040404040402,5,0.18681349206349204,1,0.0,2,0.0,1,6.3
4,1,1,True,1,0.5052213886033434,0,0.27435204841348443,5,0.1948916148401742,3,0.013005298053384932,2,0.012529650089613034,1,0.0
4,3,3,True,3,0.63,2,0.37,1,0.0,0,0.0,4,0.0,1,48.6
4,3,3,True,3,0.85,0,0.11,2,0.04,1,0.0,4,0.0,1,106.0
4,0,0,True,0,1.0,1,0.0,2,0.0,3,0.0,4,0.0,1,2.4
4,3,3,True,3,0.7123480685980684,0,0.28765193140193124,1,0.0,2,0.0,4,0.0,1,13.7
4,5,3,False,3,0.6,0,0.1287041847041847,5,0.12417965367965367,1,0.07795346320346319,4,0.06916269841269843,3,9.9
4,3,3,True,3,0.5388333333333333,5,0.45116666666666666,0,0.01,1,0.0,2,0.0,1,75.0
4,1,1,True,1,0.8378899711399709,2,0.16211002886002887,0,0.0,3,0.0,4,0.0,1,17.9
4,2,3,False,3,0.9241666666666667,2,0.07383333333333333,5,0.002,1,0.0,0,0.0,2,43.1
4,3,1,False,1,0.75,5,0.22,4,0.02,3,0.01,2,0.0,4,30.0
4,5,0,False,0,0.48803968253968266,1,0.30418253968253967,2,0.20777777777777773,3,0.0,4,0.0,6,18.2
4,5,1,False,1,0.5052213886033434,0,0.27435204841348443,5,0.1948916148401742,3,0.013005298053384932,2,0.012529650089613034,3,0.0
4,2,5,False,5,0.66,2,0.34,1,0.0,0,0.0,3,0.0,2,59.7
4,5,2,False,2,0.67,5,0.18333333333333335,3,0.14666666666666667,1,0.0,0,0.0,2,56.6
4,5,1,False,1,0.5052213886033434,0,0.27435204841348443,5,0.1948916148401742,3,0.013005298053384932,2,0.012529650089613034,3,0.0
4,2,1,False,1,0.64,3,0.32,2,0.04,0,0.0,4,0.0,3,61.2
4,5,3,False,3,0.5388333333333333,5,0.45116666666666666,0,0.01,1,0.0,2,0.0,2,75.1
4,0,0,True,0,0.996,2,0.004,1,0.0,3,0.0,4,0.0,1,3.0
4,0,0,True,0,0.5180555555555556,1,0.2607936507936507,5,0.21465079365079354,3,0.006500000000000001,2,0.0,1,2.7
4,0,3,False,3,0.5957362914862915,1,0.20811652236652228,0,0.19614718614718613,2,0.0,4,0.0,3,18.9
4,0,0,True,0,0.800802197802198,5,0.19919780219780214,2,0.0,1,0.0,3,0.0,1,2.3
4,0,0,True,0,0.9275,1,0.03833333333333334,5,0.034166666666666665,2,0.0,3,0.0,1,8.8
4,0,1,False,1,0.6476904761904763,0,0.3368809523809524,3,0.015428571428571429,2,0.0,4,0.0,2,5.1
4,0,0,True,0,0.8140000000000001,3,0.18,5,0.006,1,0.0,2,0.0,1,6.6
4,0,0,True,0,0.996,2,0.004,1,0.0,3,0.0,4,0.0,1,3.0
4,0,0,True,0,1.0,1,0.0,2,0.0,3,0.0,4,0.0,1,2.4
4,1,1,True,1,0.5052213886033434,0,0.27435204841348443,5,0.1948916148401742,3,0.013005298053384932,2,0.012529650089613034,1,0.0
4,1,0,False,0,0.6595595238095237,1,0.33844047619047624,2,0.002,3,0.0,4,0.0,2,18.3
4,1,0,False,0,0.995,2,0.005,1,0.0,3,0.0,4,0.0,3,6.7
4,1,0,False,0,0.6595595238095237,1,0.33844047619047624,2,0.002,3,0.0,4,0.0,2,18.3
4,4,0,False,0,0.5263217615717617,3,0.4736782384282383,1,0.0,2,0.0,4,0.0,5,5.6
4,1,1,True,1,0.5052213886033434,0,0.27435204841348443,5,0.1948916148401742,3,0.013005298053384932,2,0.012529650089613034,1,0.0
4,0,1,False,1,0.5052213886033434,0,0.27435204841348443,5,0.1948916148401742,3,0.013005298053384932,2,0.012529650089613034,2,0.0
4,0,0,True,0,0.8146666666666667,2,0.17533333333333334,3,0.01,1,0.0,4,0.0,1,20.0
4,3,3,True,3,0.5248690476190476,4,0.37766666666666665,0,0.0974642857142857,1,0.0,2,0.0,1,13.4
4,3,0,False,0,0.8875,2,0.0925,3,0.02,1,0.0,4,0.0,3,23.4
4,3,3,True,3,0.5507020202020202,5,0.3079213841713841,1,0.14137659562659557,0,0.0,2,0.0,1,13.1
4,3,3,True,3,0.71,5,0.29,1,0.0,0,0.0,2,0.0,1,82.6
4,2,3,False,3,0.64,2,0.26,0,0.1,1,0.0,4,0.0,2,58.5
4,2,3,False,3,0.65,5,0.17816666666666664,2,0.17183333333333334,1,0.0,0,0.0,3,45.6
4,2,3,False,3,0.5497063492063491,5,0.23886507936507936,0,0.2114285714285714,1,0.0,2,0.0,5,20.7
4,3,2,False,2,0.624,3,0.19133333333333336,0,0.18466666666666665,1,0.0,4,0.0,2,31.1
4,0,2,False,2,0.48404761904761906,0,0.2546190476190476,4,0.2438333333333333,3,0.0175,1,0.0,2,22.5
4,3,3,True,3,0.5366666666666666,0,0.4483333333333333,5,0.009,2,0.006000000000000001,1,0.0,1,31.2
4,2,5,False,5,0.72,3,0.21,2,0.07,1,0.0,0,0.0,3,62.2
4,2,0,False,0,0.64,2,0.28,3,0.08,1,0.0,4,0.0,2,77.8
4,0,1,False,1,0.6465952380952382,0,0.35340476190476194,2,0.0,3,0.0,4,0.0,2,2.1
4,5,0,False,0,0.5036666666666666,1,0.47200000000000003,5,0.024333333333333332,2,0.0,3,0.0,3,15.4
4,1,1,True,1,0.5052213886033434,0,0.27435204841348443,5,0.1948916148401742,3,0.013005298053384932,2,0.012529650089613034,1,0.0
4,1,1,True,1,0.5141468253968254,4,0.44666666666666666,0,0.02519047619047619,3,0.013996031746031746,2,0.0,1,17.6
4,5,3,False,3,0.8635833333333334,2,0.11641666666666665,5,0.02,1,0.0,0,0.0,3,59.2
4,5,3,False,3,0.39710461760461774,2,0.23023881673881672,5,0.19579906204906194,0,0.17685750360750357,1,0.0,3,31.5
4,0,0,True,0,0.46730952380952373,3,0.4026904761904762,5,0.10766666666666667,1,0.022333333333333334,2,0.0,1,15.2
4,1,1,True,1,0.5667142857142856,0,0.4332857142857142,2,0.0,3,0.0,4,0.0,1,17.4
4,5,2,False,2,0.62,3,0.37,5,0.01,1,0.0,0,0.0,3,46.0
4,2,1,False,1,0.5005,3,0.3995,2,0.05588095238095238,5,0.04411904761904761,0,0.0,3,45.3
4,1,1,True,1,0.5052213886033434,0,0.27435204841348443,5,0.1948916148401742,3,0.013005298053384932,2,0.012529650089613034,1,0.0
4,5,1,False,1,0.5052213886033434,0,0.27435204841348443,5,0.1948916148401742,3,0.013005298053384932,2,0.012529650089613034,3,0.0
4,2,2,True,2,0.8873008658008658,5,0.11269913419913422,1,0.0,0,0.0,3,0.0,1,39.8
4,5,5,True,5,0.33522619047619046,4,0.32179761904761905,3,0.3119761904761904,0,0.025,2,0.006000000000000001,1,16.2
4,5,1,False,1,0.5052213886033434,0,0.27435204841348443,5,0.1948916148401742,3,0.013005298053384932,2,0.012529650089613034,3,0.0
4,0,0,True,0,0.45916666666666667,3,0.2984285714285713,4,0.24240476190476187,1,0.0,2,0.0,1,6.9
4,4,0,False,0,0.7880584415584417,3,0.1877748917748917,4,0.024166666666666666,1,0.0,2,0.0,3,13.3
4,0,3,False,3,0.655,0,0.18680952380952376,4,0.08372619047619048,5,0.06946428571428571,1,0.005,2,5.3
4,0,0,True,0,0.551154761904762,4,0.24154761904761898,5,0.20586904761904762,3,0.0014285714285714286,2,0.0,1,5.4
4,0,0,True,0,0.45916666666666667,3,0.2984285714285713,4,0.24240476190476187,1,0.0,2,0.0,1,6.9
4,3,5,False,5,0.89,3,0.1,2,0.01,1,0.0,0,0.0,2,62.5
4,3,3,True,3,0.5616944444444444,0,0.43830555555555556,1,0.0,2,0.0,4,0.0,1,5.7
4,2,3,False,3,0.4315,5,0.4084999999999999,2,0.16,1,0.0,0,0.0,3,57.4
4,0,0,True,0,1.0,1,0.0,2,0.0,3,0.0,4,0.0,1,2.4
4,0,1,False,1,0.5052213886033434,0,0.27435204841348443,5,0.1948916148401742,3,0.013005298053384932,2,0.012529650089613034,2,0.0
4,0,3,False,3,0.5257619047619047,0,0.4347142857142858,4,0.021857142857142856,2,0.017666666666666667,1,0.0,2,22.2
4,3,3,True,3,1.0,0,0.0,1,0.0,2,0.0,4,0.0,1,13.5
4,3,3,True,3,0.7683333333333334,0,0.19166666666666665,5,0.04,1,0.0,2,0.0,1,72.4
4,3,5,False,5,0.93,2,0.04,3,0.03,1,0.0,0,0.0,3,26.8
4,0,0,True,0,0.7374997086247084,3,0.13176108613608611,1,0.13073920523920518,2,0.0,4,0.0,1,3.4
4,3,3,True,3,0.6485202575202575,5,0.17356321456321455,1,0.17291652791652795,0,0.005,2,0.0,1,17.0
4,3,3,True,3,0.8371709956709956,0,0.1320064935064935,2,0.03082251082251082,1,0.0,4,0.0,1,10.7
4,0,0,True,0,0.7374997086247084,3,0.13176108613608611,1,0.13073920523920518,2,0.0,4,0.0,1,3.4
4,3,2,False,2,0.8714880952380955,3,0.11851190476190476,0,0.01,1,0.0,4,0.0,2,29.0
4,0,3,False,3,0.5769999999999998,0,0.3570833333333332,4,0.0395,5,0.026416666666666665,2,0.0,2,11.7
4,0,1,False,1,0.8378899711399709,2,0.16211002886002887,0,0.0,3,0.0,4,0.0,3,17.9
4,3,1,False,1,0.6476904761904763,0,0.3368809523809524,3,0.015428571428571429,2,0.0,4,0.0,3,5.1
4,3,2,False,2,0.66,3,0.19150000000000003,5,0.1485,1,0.0,0,0.0,2,50.0
4,1,0,False,0,0.36004761904761906,1,0.3332142857142857,5,0.302154761904762,3,0.004583333333333333,2,0.0,2,8.7
4,5,1,False,1,0.5052213886033434,0,0.27435204841348443,5,0.1948916148401742,3,0.013005298053384932,2,0.012529650089613034,3,0.0
4,2,0,False,0,0.5587564935064936,2,0.42541666666666655,3,0.015826839826839825,1,0.0,4,0.0,2,7.6
4,0,2,False,2,0.6125,0,0.3075,3,0.08,1,0.0,4,0.0,2,23.1
4,5,3,False,3,0.5976666666666667,2,0.21233333333333335,0,0.18666666666666665,5,0.003333333333333333,1,0.0,4,36.8
4,5,3,False,3,0.915,0,0.08,5,0.005,1,0.0,2,0.0,3,14.0
4,0,4,False,4,0.64,3,0.23,1,0.09,0,0.04,2,0.0,4,12.2
4,0,3,False,3,0.33615270513799905,0,0.2995360081095374,5,0.22574439694292625,1,0.1385668898095368,2,0.0,2,8.4
4,0,2,False,2,0.71,5,0.21666666666666665,3,0.07333333333333333,1,0.0,0,0.0,5,38.4
4,1,1,True,1,0.726454906204906,5,0.2735450937950938,2,0.0,0,0.0,3,0.0,1,17.1
4,1,1,True,1,0.5005,3,0.3995,2,0.05588095238095238,5,0.04411904761904761,0,0.0,1,45.2
4,3,2,False,2,0.66,3,0.19150000000000003,5,0.1485,1,0.0,0,0.0,2,50.0
4,2,3,False,3,0.595,2,0.305,1,0.1,0,0.0,4,0.0,2,51.6
4,1,1,True,1,0.66815873015873,0,0.33184126984126977,2,0.0,3,0.0,4,0.0,1,16.9
4,3,2,False,2,0.8658333333333335,0,0.08916666666666667,3,0.025,5,0.02,1,0.0,3,36.6
4,3,2,False,2,0.48404761904761906,0,0.24961904761904757,4,0.2438333333333333,3,0.0225,1,0.0,4,22.4
4,1,3,False,3,0.6485202575202575,5,0.17356321456321455,1,0.17291652791652795,0,0.005,2,0.0,3,17.0
4,3,3,True,3,0.559047619047619,4,0.32,0,0.12095238095238095,1,0.0,2,0.0,1,12.1
4,3,3,True,3,0.5957362914862915,1,0.20811652236652228,0,0.19614718614718613,2,0.0,4,0.0,1,18.9
4,3,5,False,5,0.7095,2,0.16552380952380955,3,0.12497619047619049,1,0.0,0,0.0,3,40.9
4,3,3,True,3,0.4945953213453214,0,0.18461804861804862,1,0.1786590631590631,2,0.1421275668775668,4,0.0,1,10.1
4,3,0,False,0,0.6857619047619046,2,0.3142380952380952,1,0.0,3,0.0,4,0.0,4,3.3
4,0,0,True,0,0.9203888888888889,5,0.07961111111111112,2,0.0,1,0.0,3,0.0,1,8.9
4,0,1,False,1,0.5052213886033434,0,0.27435204841348443,5,0.1948916148401742,3,0.013005298053384932,2,0.012529650089613034,2,0.0
4,0,1,False,1,0.5052213886033434,0,0.27435204841348443,5,0.1948916148401742,3,0.013005298053384932,2,0.012529650089613034,2,0.0
4,3,2,False,2,0.48404761904761906,0,0.2546190476190476,4,0.2438333333333333,3,0.0175,1,0.0,4,22.5
4,1,1,True,1,0.5052213886033434,0,0.27435204841348443,5,0.1948916148401742,3,0.013005298053384932,2,0.012529650089613034,1,0.0
4,5,2,False,2,0.64,3,0.18166666666666664,5,0.17833333333333334,1,0.0,0,0.0,3,34.9
4,0,0,True,0,0.5083095238095238,5,0.4756785714285715,3,0.016011904761904762,1,0.0,2,0.0,1,6.4
4,1,0,False,0,1.0,1,0.0,2,0.0,3,0.0,4,0.0,2,2.4
4,1,1,True,1,0.5052213886033434,0,0.27435204841348443,5,0.1948916148401742,3,0.013005298053384932,2,0.012529650089613034,1,0.0
4,5,3,False,3,0.5981666666666666,2,0.3751666666666666,5,0.02666666666666667,1,0.0,0,0.0,3,43.3
4,2,0,False,0,0.6179285714285714,3,0.26461904761904764,2,0.10511904761904763,5,0.012333333333333333,1,0.0,3,31.7
4,2,3,False,3,0.46427561327561334,1,0.34523953823953824,0,0.1851277056277057,5,0.005357142857142857,2,0.0,5,13.2
4,4,0,False,0,1.0,1,0.0,2,0.0,3,0.0,4,0.0,5,7.4
4,0,0,True,0,0.95,3,0.03833333333333333,5,0.011666666666666665,1,0.0,2,0.0,1,9.5
4,0,3,False,3,0.62,0,0.19766666666666666,2,0.18233333333333335,1,0.0,4,0.0,2,22.9
4,0,0,True,0,0.9263333333333332,5,0.03783333333333333,2,0.03583333333333333,1,0.0,3,0.0,1,14.7
4,0,3,False,3,0.7123480685980684,0,0.28765193140193124,1,0.0,2,0.0,4,0.0,2,13.7
4,0,2,False,2,0.36995238095238087,0,0.3232142857142856,5,0.3068333333333333,1,0.0,3,0.0,2,14.6
5,3,3,True,3,0.5697424519924521,5,0.27917485292485283,1,0.1510826950826951,0,0.0,2,0.0,1,13.1
5,3,3,True,3,0.6695894660894659,0,0.33041053391053377,1,0.0,2,0.0,4,0.0,1,13.7
5,2,5,False,5,0.7659999999999999,3,0.18,2,0.054000000000000006,1,0.0,0,0.0,3,55.6
5,2,2,True,2,0.6091944444444444,3,0.39080555555555546,1,0.0,0,0.0,4,0.0,1,31.0
5,3,3,True,3,0.5676545676545676,1,0.28215978465978453,5,0.15018564768564768,0,0.0,2,0.0,1,17.0
5,3,3,True,3,0.2607738095238095,5,0.259345238095238,0,0.25078571428571417,2,0.22909523809523805,1,0.0,1,20.7
5,3,5,False,5,0.715,2,0.28,3,0.005,1,0.0,0,0.0,3,56.9
5,3,0,False,0,0.7758333333333332,5,0.2241666666666666,2,0.0,1,0.0,3,0.0,5,4.1
5,3,3,True,3,0.5871349206349206,5,0.38886507936507947,2,0.024,1,0.0,0,0.0,1,36.0
5,1,1,True,1,0.704781746031746,0,0.2952182539682539,2,0.0,3,0.0,4,0.0,1,18.0
5,3,3,True,3,0.75,2,0.25,1,0.0,0,0.0,4,0.0,1,32.5
5,3,3,True,3,0.61,2,0.29133333333333333,5,0.09866666666666667,1,0.0,0,0.0,1,55.0
5,5,5,True,5,0.8921428571428572,2,0.08535714285714285,3,0.0225,1,0.0,0,0.0,1,53.1
5,5,0,False,0,0.59,2,0.29869047619047623,5,0.08702380952380953,3,0.024285714285714285,1,0.0,3,28.7
5,1,1,True,1,0.6994682539682536,0,0.1518333333333333,2,0.14869841269841266,3,0.0,4,0.0,1,17.9
5,5,1,False,1,0.5051175219248217,0,0.2679623228389961,5,0.2151901311371545,3,0.005955691287659467,2,0.005774332811368248,3,0.0
5,5,2,False,2,0.67,3,0.33,1,0.0,0,0.0,4,0.0,6,62.3
5,5,2,False,2,0.5983333333333334,0,0.21233333333333335,4,0.18100000000000002,1,0.008333333333333333,3,0.0,6,26.0
5,2,3,False,3,0.4890714285714286,0,0.4709285714285714,5,0.04,1,0.0,2,0.0,5,31.4
5,0,3,False,3,0.5196666666666667,4,0.45033333333333336,5,0.015,0,0.015,2,0.0,4,21.9
5,0,0,True,0,0.7758333333333332,5,0.2241666666666666,2,0.0,1,0.0,3,0.0,1,4.1
5,0,0,True,0,0.995,1,0.005,2,0.0,3,0.0,4,0.0,1,2.5
5,0,2,False,2,0.45899999999999996,3,0.4093333333333333,0,0.11166666666666666,5,0.019999999999999997,1,0.0,3,21.3
5,0,0,True,0,0.9670000000000001,3,0.013999999999999999,4,0.013999999999999999,5,0.005,2,0.0,1,12.9
5,4,5,False,5,0.6294761904761905,3,0.3471904761904762,0,0.02333333333333333,1,0.0,2,0.0,6,16.2
5,0,0,True,0,1.0,1,0.0,2,0.0,3,0.0,4,0.0,1,3.2
5,0,1,False,1,0.98,0,0.01,5,0.01,2,0.0,3,0.0,2,16.1
5,0,3,False,3,0.36721428571428566,2,0.3299761904761904,0,0.30280952380952375,1,0.0,4,0.0,3,3.3
5,2,3,False,3,0.8484523809523811,5,0.15154761904761904,1,0.0,0,0.0,2,0.0,5,43.6
5,1,3,False,3,0.8657857142857145,2,0.1342142857142857,1,0.0,0,0.0,4,0.0,3,50.8
5,3,1,False,1,0.5051175219248217,0,0.2679623228389961,5,0.2151901311371545,3,0.005955691287659467,2,0.005774332811368248,4,0.0
5,1,0,False,0,0.7619047619047618,1,0.232095238095238,3,0.006000000000000001,2,0.0,4,0.0,2,3.5
5,3,3,True,3,0.5461666666666666,2,0.3935,5,0.06033333333333333,1,0.0,0,0.0,1,59.3
5,3,3,True,3,0.6695894660894659,0,0.33041053391053377,1,0.0,2,0.0,4,0.0,1,13.7
5,3,5,False,5,0.69,2,0.19,0,0.11,3,0.01,1,0.0,4,38.1
5,0,1,False,1,0.5051175219248217,0,0.2679623228389961,5,0.2151901311371545,3,0.005955691287659467,2,0.005774332811368248,2,0.0
5,0,0,True,0,0.9733333333333333,5,0.026666666666666665,2,0.0,1,0.0,3,0.0,1,14.7
5,3,4,False,4,0.61,3,0.2702857142857143,0,0.11971428571428572,1,0.0,2,0.0,2,28.0
5,3,3,True,3,0.4931666666666667,5,0.4768333333333333,0,0.03,1,0.0,2,0.0,1,14.0
5,1,1,True,1,0.5051175219248217,0,0.2679623228389961,5,0.2151901311371545,3,0.005955691287659467,2,0.005774332811368248,1,0.0
5,2,2,True,2,0.96,0,0.04,1,0.0,3,0.0,4,0.0,1,24.0
5,0,2,False,2,0.427047619047619,0,0.394952380952381,3,0.17800000000000002,1,0.0,4,0.0,2,10.6
5,1,1,True,1,0.6994682539682536,0,0.1518333333333333,2,0.14869841269841266,3,0.0,4,0.0,1,17.9
5,5,5,True,5,0.61,2,0.15359523809523812,0,0.12404761904761905,1,0.11235714285714286,3,0.0,1,25.5
5,5,2,False,2,0.87,3,0.05011904761904762,0,0.03796031746031746,5,0.026869047619047615,1,0.015051587301587298,4,18.6
5,5,3,False,3,0.88,5,0.065,2,0.055,1,0.0,0,0.0,2,52.5
5,5,1,False,1,0.5926865079365079,0,0.40223412698412697,3,0.005079365079365079,2,0.0,4,0.0,6,8.7
5,5,3,False,3,0.88,2,0.12,1,0.0,0,0.0,4,0.0,6,62.6
5,1,1,True,1,0.5051175219248217,0,0.2679623228389961,5,0.2151901311371545,3,0.005955691287659467,2,0.005774332811368248,1,0.0
5,5,1,False,1,0.5051175219248217,0,0.2679623228389961,5,0.2151901311371545,3,0.005955691287659467,2,0.005774332811368248,3,0.0
5,1,1,True,1,0.517222222222222,4,0.40421428571428586,0,0.06526190476190476,3,0.0133015873015873,2,0.0,1,17.6
5,5,1,False,1,0.5051175219248217,0,0.2679623228389961,5,0.2151901311371545,3,0.005955691287659467,2,0.005774332811368248,3,0.0
5,5,2,False,2,0.6343809523809524,3,0.3556190476190476,1,0.01,0,0.0,4,0.0,6,33.3
5,0,0,True,0,0.8277738095238096,4,0.08704761904761903,3,0.08517857142857141,1,0.0,2,0.0,1,11.1
5,0,5,False,5,0.5426190476190474,1,0.42902380952380953,0,0.02835714285714286,2,0.0,3,0.0,3,15.4
5,0,1,False,1,0.5051175219248217,0,0.2679623228389961,5,0.2151901311371545,3,0.005955691287659467,2,0.005774332811368248,2,0.0
5,0,3,False,3,0.5730147907647907,0,0.21755194805194794,1,0.20818326118326108,4,0.00125,2,0.0,2,18.9
5,0,5,False,5,0.594,0,0.4059999999999999,2,0.0,1,0.0,3,0.0,2,21.6
5,1,1,True,1,0.5051175219248217,0,0.2679623228389961,5,0.2151901311371545,3,0.005955691287659467,2,0.005774332811368248,1,0.0
5,3,0,False,0,0.56,3,0.37,5,0.06,2,0.01,1,0.0,2,72.0
5,3,3,True,3,0.6233333333333333,5,0.25,2,0.12666666666666665,1,0.0,0,0.0,1,54.3
5,1,0,False,0,0.5218412698412699,1,0.4781587301587301,2,0.0,3,0.0,4,0.0,2,8.0
5,3,3,True,3,0.6314841269841268,2,0.358515873015873,5,0.01,1,0.0,0,0.0,1,36.1
5,2,3,False,3,0.8233333333333333,2,0.15666666666666665,5,0.02,1,0.0,0,0.0,2,35.8
5,3,3,True,3,0.4684999999999999,2,0.4315,5,0.1,1,0.0,0,0.0,1,35.6
5,2,1,False,1,0.5051175219248217,0,0.2679623228389961,5,0.2151901311371545,3,0.005955691287659467,2,0.005774332811368248,5,0.0
5,3,2,False,2,0.6600000000000001,3,0.3400000000000001,1,0.0,0,0.0,4,0.0,2,48.3
5,3,0,False,0,0.8706666666666668,2,0.12933333333333333,1,0.0,3,0.0,4,0.0,4,22.9
5,1,0,False,0,0.64,4,0.27,1,0.09,2,0.0,3,0.0,3,16.0
5,0,0,True,0,0.804253968253968,1,0.19574603174603175,2,0.0,3,0.0,4,0.0,1,2.0
5,0,0,True,0,0.7312310189810188,3,0.13538833388833388,1,0.13338064713064715,2,0.0,4,0.0,1,3.4
5,0,0,True,0,0.6116666666666667,4,0.18166666666666667,3,0.16833333333333333,5,0.03833333333333333,2,0.0,1,21.7
5,0,0,True,0,0.7312310189810188,3,0.13538833388833388,1,0.13338064713064715,2,0.0,4,0.0,1,3.4
5,0,0,True,0,0.5559292929292929,4,0.24284956709956707,3,0.20122113997113988,1,0.0,2,0.0,1,6.9
5,3,5,False,5,0.8809166666666667,3,0.10908333333333334,1,0.0075,2,0.0025,0,0.0,2,25.3
5,3,0,False,0,0.49421897546897553,4,0.406,3,0.05714610389610389,2,0.02557683982683983,1,0.01705808080808081,3,10.2
5,3,3,True,3,0.66,2,0.235,5,0.09,1,0.015,0,0.0,1,27.3
5,0,1,False,1,0.5051175219248217,0,0.2679623228389961,5,0.2151901311371545,3,0.005955691287659467,2,0.005774332811368248,2,0.0
5,2,3,False,3,1.0,0,0.0,1,0.0,2,0.0,4,0.0,4,44.0
5,5,3,False,3,0.6446190476190476,1,0.26,2,0.09038095238095238,5,0.005,0,0.0,4,33.0
5,1,1,True,1,0.5051175219248217,0,0.2679623228389961,5,0.2151901311371545,3,0.005955691287659467,2,0.005774332811368248,1,0.0
5,2,3,False,3,0.5363333333333334,0,0.45866666666666656,5,0.005,1,0.0,2,0.0,5,16.3
5,5,3,False,3,0.4890714285714286,0,0.4709285714285714,5,0.04,1,0.0,2,0.0,3,31.4
5,4,0,False,0,0.41840873015873004,2,0.3719920634920635,3,0.2095992063492064,1,0.0,4,0.0,5,22.5
5,0,0,True,0,0.4769603174603175,3,0.2851785714285715,4,0.21786111111111103,1,0.02,2,0.0,1,15.6
5,0,1,False,1,0.9533333333333333,0,0.04666666666666667,2,0.0,3,0.0,4,0.0,2,17.4
5,0,0,True,0,0.5446497113997114,2,0.2500620490620491,5,0.20278823953823946,4,0.0025,3,0.0,1,7.3
5,0,0,True,0,0.6116666666666667,4,0.18166666666666667,3,0.16833333333333333,5,0.03833333333333333,2,0.0,1,21.7
5,1,1,True,1,0.5051175219248217,0,0.2679623228389961,5,0.2151901311371545,3,0.005955691287659467,2,0.005774332811368248,1,0.0
5,1,1,True,1,0.5051175219248217,0,0.2679623228389961,5,0.2151901311371545,3,0.005955691287659467,2,0.005774332811368248,1,0.0
5,1,2,False,2,0.76,3,0.24,1,0.0,0,0.0,4,0.0,3,61.3
5,3,1,False,1,0.83,2,0.13,5,0.03,3,0.01,0,0.0,4,45.2
5,2,2,True,2,0.63,3,0.18983333333333335,5,0.18016666666666667,1,0.0,0,0.0,1,57.6
5,0,1,False,1,0.5051175219248217,0,0.2679623228389961,5,0.2151901311371545,3,0.005955691287659467,2,0.005774332811368248,2,0.0
5,3,3,True,3,0.74,2,0.26,1,0.0,0,0.0,4,0.0,1,63.7
5,0,1,False,1,0.5051175219248217,0,0.2679623228389961,5,0.2151901311371545,3,0.005955691287659467,2,0.005774332811368248,2,0.0
5,2,0,False,0,0.7,2,0.26,3,0.02,5,0.02,1,0.0,2,32.0
5,1,1,True,1,0.5051175219248217,0,0.2679623228389961,5,0.2151901311371545,3,0.005955691287659467,2,0.005774332811368248,1,0.0
5,3,2,False,2,0.427047619047619,0,0.394952380952381,3,0.17800000000000002,1,0.0,4,0.0,3,10.6
5,3,3,True,3,0.5730147907647907,0,0.21755194805194794,1,0.20818326118326108,4,0.00125,2,0.0,1,18.9
5,2,3,False,3,0.86,2,0.13,5,0.01,1,0.0,0,0.0,2,41.6
5,0,2,False,2,0.427047619047619,0,0.394952380952381,3,0.17800000000000002,1,0.0,4,0.0,2,10.6
5,2,0,False,0,0.9761309523809524,4,0.017539682539682536,3,0.006329365079365079,1,0.0,2,0.0,5,6.8
5,1,2,False,2,0.54,3,0.34,5,0.12,1,0.0,0,0.0,4,66.1
5,3,5,False,5,0.97,2,0.02,3,0.01,1,0.0,0,0.0,3,41.1
5,2,0,False,0,0.7053095238095237,5,0.2946904761904761,2,0.0,1,0.0,3,0.0,3,14.6
5,2,5,False,5,0.5024444444444446,3,0.4775555555555553,0,0.02,1,0.0,2,0.0,5,46.9
5,5,2,False,2,0.48849999999999993,5,0.4415,3,0.07,1,0.0,0,0.0,2,55.1
5,3,3,True,3,0.4890714285714286,0,0.4709285714285714,5,0.04,1,0.0,2,0.0,1,31.4
5,1,1,True,1,0.6457261904761904,0,0.3542738095238096,2,0.0,3,0.0,4,0.0,1,17.3
5,5,4,False,4,0.3681666666666667,5,0.3263333333333333,0,0.3055,1,0.0,3,0.0,2,4.9
5,1,1,True,1,0.6457261904761904,0,0.3542738095238096,2,0.0,3,0.0,4,0.0,1,17.3
5,4,0,False,0,0.8453333333333332,3,0.15133333333333332,4,0.003333333333333333,1,0.0,2,0.0,3,11.8
5,5,0,False,0,0.8453333333333332,3,0.15133333333333332,4,0.003333333333333333,1,0.0,2,0.0,6,11.8
5,0,0,True,0,0.47930555555555565,4,0.27425793650793645,5,0.2364365079365079,3,0.01,2,0.0,1,5.4
5,0,0,True,0,0.7474563492063494,4,0.250876984126984,2,0.0016666666666666666,1,0.0,3,0.0,1,7.4
5,0,3,False,3,0.6695894660894659,0,0.33041053391053377,1,0.0,2,0.0,4,0.0,2,13.7
5,0,0,True,0,0.7474563492063494,4,0.250876984126984,2,0.0016666666666666666,1,0.0,3,0.0,1,7.4
5,0,0,True,0,0.7926349206349205,3,0.2048650793650793,4,0.0025,1,0.0,2,0.0,1,7.5
5,0,0,True,0,0.676075396825397,1,0.32392460317460314,2,0.0,3,0.0,4,0.0,1,18.1
5,0,3,False,3,0.34533200133200126,0,0.32302331002331003,5,0.22396692196692192,1,0.10767776667776664,2,0.0,2,8.4
5,0,0,True,0,0.5265058275058274,3,0.3148604728604728,1,0.15530036630036625,4,0.003333333333333333,2,0.0,1,10.3
5,0,2,False,2,0.81,0,0.14314285714285713,3,0.04685714285714287,1,0.0,4,0.0,2,7.6
5,0,0,True,0,0.6905,4,0.18216666666666664,5,0.11733333333333335,2,0.01,3,0.0,1,4.7
6,3,2,False,2,0.44616666666666666,3,0.4238333333333332,1,0.13,0,0.0,4,0.0,2,51.0
6,3,3,True,3,1.0,0,0.0,1,0.0,2,0.0,4,0.0,1,13.5
6,2,5,False,5,0.7191666666666666,2,0.26249999999999996,3,0.018333333333333333,1,0.0,0,0.0,2,44.4
6,3,3,True,3,0.6213026695526696,5,0.20021103896103892,1,0.17848629148629147,0,0.0,2,0.0,1,17.0
6,3,3,True,3,0.3062142857142856,2,0.2697023809523809,1,0.22105952380952376,0,0.20102380952380944,5,0.002,1,13.2
6,3,5,False,5,0.6102857142857143,0,0.38628571428571434,4,0.0034285714285714284,1,0.0,3,0.0,5,9.6
6,2,2,True,2,0.4928333333333333,3,0.4271666666666667,0,0.07666666666666667,5,0.003333333333333333,1,0.0,1,29.2
6,2,3,False,3,0.8874047619047619,2,0.1125952380952381,1,0.0,0,0.0,4,0.0,2,48.2
6,1,1,True,1,0.5002698326562157,0,0.2609845993442147,5,0.2107548035199925,3,0.014340700726287197,2,0.013650063753289969,1,0.0
6,0,1,False,1,0.5017817460317456,0,0.2886388888888887,3,0.20957936507936498,2,0.0,4,0.0,2,17.5
6,1,1,True,1,0.5002698326562157,0,0.2609845993442147,5,0.2107548035199925,3,0.014340700726287197,2,0.013650063753289969,1,0.0
6,5,5,True,5,0.62,3,0.36,2,0.02,1,0.0,0,0.0,1,84.8
6,0,0,True,0,0.99,3,0.005,5,0.005,1,0.0,2,0.0,1,14.2
6,0,0,True,0,0.6936666666666667,1,0.30633333333333324,2,0.0,3,0.0,4,0.0,1,2.0
6,0,0,True,0,1.0,1,0.0,2,0.0,3,0.0,4,0.0,1,3.0
6,0,0,True,0,0.5612249139749139,1,0.2974180819180818,3,0.14135700410700408,2,0.0,4,0.0,1,2.6
6,0,0,True,0,0.8776547619047618,3,0.12234523809523809,1,0.0,2,0.0,4,0.0,1,6.0
6,0,0,True,0,0.6819761904761905,1,0.3180238095238095,2,0.0,3,0.0,4,0.0,1,3.7
6,3,2,False,2,0.63,1,0.23,3,0.12,0,0.02,4,0.0,3,61.1
6,3,2,False,2,0.65,3,0.3259166666666667,5,0.02408333333333333,1,0.0,0,0.0,2,52.0
6,2,5,False,5,0.28861904761904744,3,0.23891666666666658,0,0.23646428571428565,1,0.236,2,0.0,5,19.3
6,3,5,False,5,0.6225,1,0.28,2,0.05166666666666666,3,0.04583333333333334,0,0.0,4,33.0
6,2,5,False,5,0.64,3,0.27,2,0.08,1,0.01,0,0.0,3,45.4
6,3,3,True,3,0.8408333333333333,2,0.15916666666666665,1,0.0,0,0.0,4,0.0,1,43.0
6,3,3,True,3,0.88,2,0.06,5,0.04,0,0.02,1,0.0,1,81.0
6,2,3,False,3,0.37771428571428556,5,0.33521428571428563,2,0.2870714285714284,1,0.0,0,0.0,3,39.0
6,1,0,False,0,0.58,5,0.37,2,0.05,1,0.0,3,0.0,4,25.6
6,1,1,True,1,0.5002698326562157,0,0.2609845993442147,5,0.2107548035199925,3,0.014340700726287197,2,0.013650063753289969,1,0.0
6,3,5,False,5,0.4920000000000001,2,0.4491904761904762,3,0.05880952380952381,1,0.0,0,0.0,3,33.2
6,3,0,False,0,0.65,3,0.35,1,0.0,2,0.0,4,0.0,2,19.7
6,0,1,False,1,0.617440476190476,5,0.2925595238095237,0,0.07629365079365079,3,0.013706349206349206,2,0.0,3,8.7
6,2,3,False,3,0.6533333333333334,2,0.2675,0,0.07916666666666666,1,0.0,4,0.0,2,20.3
6,5,0,False,0,0.6005905483405484,5,0.14603463203463204,3,0.14474747474747474,1,0.10862734487734488,2,0.0,2,8.4
6,3,0,False,0,0.6005905483405484,5,0.14603463203463204,3,0.14474747474747474,1,0.10862734487734488,2,0.0,3,8.4
6,1,1,True,1,0.5002698326562157,0,0.2609845993442147,5,0.2107548035199925,3,0.014340700726287197,2,0.013650063753289969,1,0.0
6,5,2,False,2,0.75,3,0.24,1,0.01,0,0.0,4,0.0,6,67.3
6,5,3,False,3,0.6638928571428571,5,0.3261071428571429,1,0.01,0,0.0,2,0.0,2,46.8
6,0,0,True,0,0.5043333333333334,3,0.3856666666666667,5,0.0575,4,0.0525,2,0.0,1,11.7
6,5,0,False,0,0.68,5,0.25,2,0.04,3,0.03,1,0.0,2,60.2
6,5,0,False,0,0.5419166666666668,5,0.4555833333333332,3,0.0025,1,0.0,2,0.0,2,9.1
6,2,2,True,2,0.9,0,0.08,1,0.02,3,0.0,4,0.0,1,24.3
6,5,2,False,2,0.65,0,0.2,3,0.07733333333333334,5,0.07266666666666667,1,0.0,4,38.6
6,5,3,False,3,0.6073333333333334,2,0.39266666666666666,1,0.0,0,0.0,4,0.0,6,42.9
6,5,3,False,3,0.5823333333333333,5,0.41766666666666674,1,0.0,0,0.0,2,0.0,2,42.4
6,2,2,True,2,0.47600000000000003,5,0.4279960317460317,3,0.04692460317460318,0,0.035087301587301584,1,0.013992063492063491,1,18.6
6,0,0,True,0,0.7629642857142859,1,0.2370357142857142,2,0.0,3,0.0,4,0.0,1,6.7
6,0,0,True,0,0.9906666666666666,5,0.009333333333333334,2,0.0,1,0.0,3,0.0,1,8.9
6,4,0,False,0,0.57,5,0.28,2,0.15,1,0.0,3,0.0,6,26.1
6,0,3,False,3,0.9966666666666666,0,0.003333333333333333,1,0.0,2,0.0,4,0.0,2,31.2
6,0,3,False,3,0.5292287157287157,4,0.42200000000000004,2,0.04877128427128427,1,0.0,0,0.0,5,10.2
6,0,4,False,4,0.4404999999999999,5,0.3995000000000001,3,0.08416666666666667,0,0.07583333333333334,2,0.0,4,11.8
6,0,1,False,1,0.6141031746031747,0,0.3838968253968254,3,0.002,2,0.0,4,0.0,2,17.8
6,3,3,True,3,0.7812142857142859,1,0.2096190476190476,5,0.009166666666666667,0,0.0,2,0.0,1,37.4
6,3,0,False,0,0.6014776334776335,3,0.2570638528138527,4,0.14145851370851364,1,0.0,2,0.0,2,5.6
6,3,0,False,0,0.47616666666666674,5,0.4656666666666666,2,0.03,3,0.028166666666666663,1,0.0,4,21.1
6,1,1,True,1,0.5002698326562157,0,0.2609845993442147,5,0.2107548035199925,3,0.014340700726287197,2,0.013650063753289969,1,0.0
6,1,3,False,3,0.7765,5,0.18350000000000002,1,0.04,0,0.0,2,0.0,3,16.6
6,3,3,True,3,0.7792570207570206,0,0.22074297924297917,1,0.0,2,0.0,4,0.0,1,13.6
6,1,0,False,0,0.46799999999999997,1,0.2891071428571428,5,0.2428928571428571,2,0.0,3,0.0,2,8.2
6,0,0,True,0,0.40161219336219334,5,0.2154015151515151,1,0.19193290043290037,3,0.18855339105339106,2,0.0025,1,7.2
6,0,1,False,1,0.5002698326562157,0,0.2609845993442147,5,0.2107548035199925,3,0.014340700726287197,2,0.013650063753289969,2,0.0
6,3,3,True,3,0.6213026695526696,5,0.20021103896103892,1,0.17848629148629147,0,0.0,2,0.0,1,17.0
6,3,0,False,0,0.48517857142857146,2,0.2624365079365079,3,0.2523849206349206,1,0.0,4,0.0,3,16.3
6,2,3,False,3,0.915,2,0.08,5,0.005,1,0.0,0,0.0,2,35.6
6,3,2,False,2,0.6234047619047618,3,0.37659523809523804,1,0.0,0,0.0,4,0.0,2,47.4
6,0,3,False,3,0.7792570207570206,0,0.22074297924297917,1,0.0,2,0.0,4,0.0,2,13.6
6,1,0,False,0,0.7343571428571427,5,0.15261904761904763,1,0.11302380952380954,2,0.0,3,0.0,3,15.5
6,0,5,False,5,0.8208333333333333,3,0.15916666666666668,0,0.02,1,0.0,2,0.0,3,4.0
6,0,0,True,0,0.779002525252525,5,0.22099747474747475,2,0.0,1,0.0,3,0.0,1,2.3
6,1,3,False,3,0.7525974025974024,2,0.23740259740259742,4,0.01,1,0.0,0,0.0,4,10.1
6,3,5,False,5,0.7776666666666668,2,0.22033333333333333,3,0.002,1,0.0,0,0.0,3,34.8
6,3,4,False,4,0.35470238095238094,3,0.32353571428571426,0,0.31526190476190474,1,0.006500000000000001,2,0.0,2,19.0
6,0,0,True,0,0.6936666666666667,1,0.30633333333333324,2,0.0,3,0.0,4,0.0,1,2.0
6,0,1,False,1,0.5002698326562157,0,0.2609845993442147,5,0.2107548035199925,3,0.014340700726287197,2,0.013650063753289969,2,0.0
6,0,1,False,1,0.5002698326562157,0,0.2609845993442147,5,0.2107548035199925,3,0.014340700726287197,2,0.013650063753289969,2,0.0
6,3,3,True,3,0.815,0,0.11616666666666667,4,0.06883333333333334,1,0.0,2,0.0,1,19.6
6,3,0,False,0,0.6005905483405484,5,0.14603463203463204,3,0.14474747474747474,1,0.10862734487734488,2,0.0,3,8.4
6,5,3,False,3,0.5183333333333333,1,0.3916666666666667,5,0.09,0,0.0,2,0.0,3,30.1
6,1,1,True,1,0.5002698326562157,0,0.2609845993442147,5,0.2107548035199925,3,0.014340700726287197,2,0.013650063753289969,1,0.0
6,1,3,False,3,0.4811666666666667,5,0.4321666666666667,0,0.085,2,0.0016666666666666666,1,0.0,5,16.5
6,5,0,False,0,0.6515238095238095,5,0.34847619047619033,2,0.0,1,0.0,3,0.0,2,9.0
6,5,0,False,0,0.7883748196248196,2,0.204291847041847,4,0.007333333333333334,1,0.0,3,0.0,6,7.3
6,0,0,True,0,0.6363243145743144,5,0.18509126984126978,3,0.17858441558441554,1,0.0,2,0.0,1,6.3
6,5,3,False,3,0.86,2,0.129,5,0.011000000000000001,1,0.0,0,0.0,3,35.4
6,5,0,False,0,0.6619206349206351,1,0.33807936507936504,2,0.0,3,0.0,4,0.0,6,16.8
6,5,1,False,1,0.5002698326562157,0,0.2609845993442147,5,0.2107548035199925,3,0.014340700726287197,2,0.013650063753289969,3,0.0
6,2,2,True,2,0.555,3,0.44,5,0.005,1,0.0,0,0.0,1,54.8
6,5,0,False,0,0.86,5,0.14,2,0.0,1,0.0,3,0.0,2,21.6
6,0,5,False,5,0.7415,3,0.25075,0,0.00775,1,0.0,2,0.0,3,13.9
6,4,1,False,1,0.938952380952381,3,0.03176190476190476,0,0.02928571428571429,2,0.0,4,0.0,5,17.6
6,0,0,True,0,0.8124450549450549,4,0.1864438339438339,2,0.0011111111111111111,1,0.0,3,0.0,1,7.4
6,1,1,True,1,0.7260555555555555,0,0.27394444444444427,2,0.0,3,0.0,4,0.0,1,17.3
6,3,4,False,4,0.35470238095238094,3,0.32353571428571426,0,0.31526190476190474,1,0.006500000000000001,2,0.0,2,19.0
6,0,1,False,1,0.5002698326562157,0,0.2609845993442147,5,0.2107548035199925,3,0.014340700726287197,2,0.013650063753289969,2,0.0
6,0,0,True,0,0.9191666666666667,5,0.048999999999999995,2,0.03183333333333334,1,0.0,3,0.0,1,14.7
6,0,1,False,1,0.7778333333333332,4,0.19,0,0.03216666666666666,2,0.0,3,0.0,3,16.0
6,0,1,False,1,0.5002698326562157,0,0.2609845993442147,5,0.2107548035199925,3,0.014340700726287197,2,0.013650063753289969,2,0.0
6,0,1,False,1,0.5002698326562157,0,0.2609845993442147,5,0.2107548035199925,3,0.014340700726287197,2,0.013650063753289969,2,0.0
6,2,2,True,2,0.7935000000000001,3,0.11349999999999999,5,0.09299999999999999,1,0.0,0,0.0,1,44.8
6,3,3,True,3,0.7792570207570206,0,0.22074297924297917,1,0.0,2,0.0,4,0.0,1,13.6
6,2,5,False,5,0.7746190476190474,3,0.22538095238095238,1,0.0,0,0.0,2,0.0,5,52.7
6,3,4,False,4,0.46702380952380956,3,0.42886904761904754,0,0.10410714285714284,1,0.0,2,0.0,2,13.4
6,0,3,False,3,0.615,0,0.31666666666666665,2,0.06833333333333333,1,0.0,4,0.0,2,23.4
6,3,5,False,5,0.6102857142857143,0,0.38628571428571434,4,0.0034285714285714284,1,0.0,3,0.0,5,9.6
6,2,0,False,0,0.58,5,0.37,2,0.05,1,0.0,3,0.0,3,25.6
6,3,2,False,2,0.47600000000000003,5,0.41400000000000003,3,0.05271428571428572,0,0.03255555555555556,1,0.024730158730158727,3,18.7
6,1,0,False,0,0.9266666666666665,4,0.06333333333333332,3,0.01,1,0.0,2,0.0,4,12.3
6,3,0,False,0,0.7343571428571427,5,0.15261904761904763,1,0.11302380952380954,2,0.0,3,0.0,5,15.5
6,5,3,False,3,0.53,2,0.46,5,0.01,1,0.0,0,0.0,3,57.5
6,2,0,False,0,1.0,1,0.0,2,0.0,3,0.0,4,0.0,3,3.1
6,1,1,True,1,0.5002698326562157,0,0.2609845993442147,5,0.2107548035199925,3,0.014340700726287197,2,0.013650063753289969,1,0.0
6,1,1,True,1,0.5002698326562157,0,0.2609845993442147,5,0.2107548035199925,3,0.014340700726287197,2,0.013650063753289969,1,0.0
6,1,0,False,0,0.7263095238095238,5,0.27369047619047604,2,0.0,1,0.0,3,0.0,4,2.7
6,1,1,True,1,0.5017817460317456,0,0.2886388888888887,3,0.20957936507936498,2,0.0,4,0.0,1,17.5
6,1,3,False,3,0.6213026695526696,5,0.20021103896103892,1,0.17848629148629147,0,0.0,2,0.0,3,17.0
6,5,1,False,1,0.5002698326562157,0,0.2609845993442147,5,0.2107548035199925,3,0.014340700726287197,2,0.013650063753289969,3,0.0
6,0,0,True,0,0.5251666666666669,3,0.2577499999999999,2,0.21708333333333332,1,0.0,4,0.0,1,10.6
6,0,1,False,1,0.6924361471861471,0,0.29089718614718607,2,0.011666666666666667,5,0.005,3,0.0,2,18.3
6,4,3,False,3,0.6374523809523809,0,0.3359761904761905,4,0.02657142857142857,1,0.0,2,0.0,3,11.4
6,0,3,False,3,0.7525974025974024,2,0.23740259740259742,4,0.01,1,0.0,0,0.0,5,10.1
6,0,1,False,1,0.5002698326562157,0,0.2609845993442147,5,0.2107548035199925,3,0.014340700726287197,2,0.013650063753289969,2,0.0
6,0,5,False,5,0.2763293650793649,1,0.25038095238095237,0,0.24263492063492048,2,0.23065476190476175,3,0.0,3,18.2
6,0,5,False,5,0.7111598124098124,0,0.13666378066378065,1,0.08846067821067821,4,0.0637157287157287,3,0.0,2,9.7
6,0,0,True,0,0.945,5,0.05,3,0.005,1,0.0,2,0.0,1,9.5
7,2,2,True,2,0.749047619047619,5,0.25095238095238087,1,0.0,0,0.0,3,0.0,1,39.7
7,0,1,False,1,0.4642738095238096,0,0.2777738095238094,5,0.25795238095238093,2,0.0,3,0.0,2,8.2
7,0,1,False,1,0.5120612115455673,0,0.2519252814653509,5,0.20869774345682476,3,0.013704966411315307,2,0.01361079712094194,2,0.0
7,5,0,False,0,0.664452380952381,4,0.315547619047619,5,0.01,3,0.01,2,0.0,3,9.8
7,2,3,False,3,1.0,0,0.0,1,0.0,2,0.0,4,0.0,4,37.8
7,3,3,True,3,0.7081428571428572,2,0.16859523809523808,5,0.12326190476190475,1,0.0,0,0.0,1,39.2
7,3,1,False,1,0.8144126984126986,3,0.14614285714285713,0,0.028333333333333335,5,0.01111111111111111,2,0.0,2,16.6
7,2,3,False,3,0.83,2,0.17,1,0.0,0,0.0,4,0.0,2,47.9
7,3,3,True,3,0.6747316017316015,1,0.18400577200577195,5,0.1372626262626262,0,0.004,2,0.0,1,13.1
7,2,3,False,3,0.7415238095238095,2,0.2584761904761905,1,0.0,0,0.0,4,0.0,2,41.9
7,5,2,False,2,0.65,1,0.26,3,0.09,0,0.0,4,0.0,6,65.5
7,3,5,False,5,0.84,3,0.0875,2,0.0725,1,0.0,0,0.0,2,43.4
7,1,3,False,3,0.3847142857142857,4,0.2942619047619046,0,0.28602380952380946,1,0.035,2,0.0,4,12.6
7,1,1,True,1,0.5120612115455673,0,0.2519252814653509,5,0.20869774345682476,3,0.013704966411315307,2,0.01361079712094194,1,0.0
7,3,3,True,3,0.6803809523809522,5,0.30961904761904757,2,0.01,1,0.0,0,0.0,1,35.9
7,5,3,False,3,0.8240000000000001,5,0.17600000000000002,1,0.0,0,0.0,2,0.0,2,40.9
7,5,0,False,0,0.4889166666666665,1,0.4408333333333334,5,0.07025,2,0.0,3,0.0,3,15.3
7,0,0,True,0,0.5895328282828283,4,0.20844588744588738,3,0.2020212842712842,1,0.0,2,0.0,1,13.3
7,0,0,True,0,1.0,1,0.0,2,0.0,3,0.0,4,0.0,1,3.2
7,0,0,True,0,1.0,1,0.0,2,0.0,3,0.0,4,0.0,1,6.1
7,0,0,True,0,0.5649047619047619,2,0.43509523809523803,1,0.0,3,0.0,4,0.0,1,3.1
7,0,0,True,0,0.35933333333333317,4,0.3489523809523809,3,0.2917142857142857,1,0.0,2,0.0,1,15.7
7,0,1,False,1,0.42479942279942273,0,0.3603463203463202,3,0.21485425685425685,2,0.0,4,0.0,2,2.6
7,0,0,True,0,1.0,1,0.0,2,0.0,3,0.0,4,0.0,1,3.6
7,0,2,False,2,0.6820833333333333,0,0.23274999999999998,3,0.08016666666666666,4,0.005,1,0.0,2,22.8
7,0,1,False,1,0.42479942279942273,0,0.3603463203463202,3,0.21485425685425685,2,0.0,4,0.0,2,2.6
7,3,0,False,0,0.59,3,0.22,2,0.19,1,0.0,4,0.0,2,47.1
7,1,0,False,0,1.0,1,0.0,2,0.0,3,0.0,4,0.0,2,3.7
7,0,1,False,1,0.42479942279942273,0,0.3603463203463202,3,0.21485425685425685,2,0.0,4,0.0,2,2.6
7,3,3,True,3,0.6137727272727274,1,0.2537896825396824,5,0.1324375901875902,0,0.0,2,0.0,1,17.0
7,3,5,False,5,0.7713809523809523,2,0.2286190476190476,1,0.0,0,0.0,3,0.0,5,55.9
7,3,5,False,5,0.5084166666666666,3,0.4915833333333335,1,0.0,0,0.0,2,0.0,2,46.7
7,2,3,False,3,0.86,5,0.12,2,0.013000000000000001,1,0.006999999999999999,0,0.0,3,27.2
7,3,3,True,3,1.0,0,0.0,1,0.0,2,0.0,4,0.0,1,13.5
7,3,2,False,2,0.9083333333333333,1,0.07,3,0.021666666666666664,0,0.0,4,0.0,3,51.5
7,3,3,True,3,0.6249569042069042,0,0.37504309579309586,1,0.0,2,0.0,4,0.0,1,13.7
7,0,0,True,0,1.0,1,0.0,2,0.0,3,0.0,4,0.0,1,3.7
7,1,1,True,1,0.5120612115455673,0,0.2519252814653509,5,0.20869774345682476,3,0.013704966411315307,2,0.01361079712094194,1,0.0
7,0,3,False,3,0.4728333333333333,0,0.2576468253968254,2,0.24951984126984122,5,0.012666666666666666,4,0.007333333333333334,2,16.3
7,3,0,False,0,0.9916666666666666,2,0.008333333333333333,1,0.0,3,0.0,4,0.0,4,6.9
7,5,5,True,5,0.6661341991341994,3,0.33386580086580087,1,0.0,0,0.0,2,0.0,1,41.1
7,2,2,True,2,0.83,0,0.14,1,0.02,4,0.01,3,0.0,1,24.3
7,5,0,False,0,0.9537564935064935,3,0.028056637806637807,5,0.018186868686868685,1,0.0,2,0.0,3,6.4
7,1,0,False,0,0.9503690476190475,1,0.04963095238095238,2,0.0,3,0.0,4,0.0,2,2.1
7,2,3,False,3,0.5731666666666667,5,0.4268333333333334,1,0.0,0,0.0,2,0.0,5,42.9
7,5,0,False,0,0.664452380952381,4,0.315547619047619,5,0.01,3,0.01,2,0.0,3,9.8
7,5,0,False,0,0.7,5,0.1775,2,0.08166666666666668,3,0.04083333333333334,1,0.0,2,59.0
7,2,3,False,3,0.5628333333333333,5,0.4371666666666666,1,0.0,0,0.0,2,0.0,5,41.0
7,1,1,True,1,0.5120612115455673,0,0.2519252814653509,5,0.20869774345682476,3,0.013704966411315307,2,0.01361079712094194,1,0.0
7,5,3,False,3,0.67,0,0.29,2,0.04,1,0.0,4,0.0,6,38.1
7,5,2,False,2,0.48216666666666685,5,0.44783333333333336,3,0.07,1,0.0,0,0.0,2,55.1
7,2,2,True,2,0.6995238095238094,5,0.23833333333333337,3,0.062142857142857146,1,0.0,0,0.0,1,49.7
7,4,0,False,0,0.6408690476190476,3,0.3591309523809524,1,0.0,2,0.0,4,0.0,5,11.2
7,0,3,False,3,0.4828333333333334,0,0.2576468253968254,2,0.24951984126984122,1,0.01,4,0.0,2,16.4
7,4,0,False,0,0.9916666666666666,2,0.008333333333333333,1,0.0,3,0.0,4,0.0,5,6.9
7,3,5,False,5,0.66,3,0.1858333333333333,2,0.15416666666666665,1,0.0,0,0.0,2,43.5
7,2,5,False,5,0.5983333333333333,2,0.3395238095238095,3,0.062142857142857146,1,0.0,0,0.0,2,49.6
7,3,2,False,2,0.65,5,0.1925,3,0.1575,1,0.0,0,0.0,3,33.1
7,3,3,True,3,1.0,0,0.0,1,0.0,2,0.0,4,0.0,1,13.5
7,2,3,False,3,0.7081428571428572,2,0.16859523809523808,5,0.12326190476190475,1,0.0,0,0.0,2,39.2
7,3,3,True,3,0.47915476190476186,0,0.2911071428571426,4,0.2297380952380952,1,0.0,2,0.0,1,19.0
7,3,0,False,0,0.8768376068376068,3,0.11153846153846153,2,0.00641025641025641,4,0.005213675213675213,1,0.0,2,22.2
7,3,0,False,0,0.5224935064935066,3,0.28434271284271284,1,0.1931637806637806,2,0.0,4,0.0,2,10.4
7,0,0,True,0,0.7711192059574412,1,0.1246659353718177,3,0.104214858670741,2,0.0,4,0.0,1,3.4
7,0,0,True,0,0.99,3,0.006,5,0.004,1,0.0,2,0.0,1,14.2
7,3,3,True,3,0.68,0,0.1898333333333333,4,0.12016666666666667,1,0.01,2,0.0,1,12.1
7,0,0,True,0,1.0,1,0.0,2,0.0,3,0.0,4,0.0,1,2.2
7,3,5,False,5,0.6843333333333333,3,0.31566666666666665,1,0.0,0,0.0,2,0.0,2,73.8
7,1,3,False,3,0.3236666666666666,5,0.3230833333333332,0,0.30325,2,0.05,1,0.0,5,19.2
7,2,2,True,2,0.4645000000000001,3,0.4454999999999999,0,0.09,1,0.0,4,0.0,1,29.2
7,5,1,False,1,0.5120612115455673,0,0.2519252814653509,5,0.20869774345682476,3,0.013704966411315307,2,0.01361079712094194,3,0.0
7,5,0,False,0,0.5675833333333332,5,0.4324166666666667,2,0.0,1,0.0,3,0.0,2,14.9
7,5,1,False,1,0.5223571428571429,3,0.4283571428571428,0,0.027761904761904762,2,0.02152380952380952,4,0.0,6,16.5
7,2,2,True,2,0.82,3,0.18,1,0.0,0,0.0,4,0.0,1,47.6
7,4,0,False,0,0.7793214285714285,5,0.21734523809523812,3,0.003333333333333333,1,0.0,2,0.0,6,5.4
7,0,0,True,0,0.512904761904762,1,0.4451666666666666,3,0.039428571428571424,2,0.0025,4,0.0,1,17.8
7,0,2,False,2,0.58,0,0.17264851582885632,3,0.10925412083616416,5,0.08978375357013127,1,0.04831360976484816,2,8.3
7,0,0,True,0,0.4164523809523809,4,0.3071904761904762,3,0.27635714285714275,1,0.0,2,0.0,1,12.8
7,1,3,False,3,0.99,5,0.01,1,0.0,0,0.0,2,0.0,3,37.5
7,1,1,True,1,0.7570782828282827,5,0.22133441558441555,3,0.021587301587301586,0,0.0,2,0.0,1,17.1
7,2,5,False,5,0.63,3,0.34,2,0.02,1,0.01,0,0.0,3,46.1
7,0,0,True,0,0.7616666666666667,3,0.2033333333333333,5,0.029166666666666664,4,0.005833333333333333,2,0.0,1,12.0
7,1,0,False,0,0.664452380952381,4,0.315547619047619,5,0.01,3,0.01,2,0.0,6,9.8
7,1,1,True,1,0.5120612115455673,0,0.2519252814653509,5,0.20869774345682476,3,0.013704966411315307,2,0.01361079712094194,1,0.0
7,1,3,False,3,0.6541022588522587,0,0.3392310744810744,4,0.006666666666666666,1,0.0,2,0.0,4,18.9
7,1,1,True,1,0.674595238095238,0,0.30540476190476185,5,0.009166666666666667,3,0.005833333333333333,4,0.005,1,16.1
7,1,1,True,1,0.7385357142857142,0,0.2614642857142856,2,0.0,3,0.0,4,0.0,1,16.9
7,3,5,False,5,0.88,4,0.08,3,0.04,0,0.0,2,0.0,3,25.0
7,3,3,True,3,0.68,2,0.2985,5,0.0215,1,0.0,0,0.0,1,55.0
7,0,3,False,3,0.4290948218448218,0,0.4145867743367742,4,0.15631840381840378,1,0.0,2,0.0,2,5.6
7,0,2,False,2,0.7019047619047618,0,0.28,3,0.018095238095238095,1,0.0,4,0.0,2,20.1
7,3,0,False,0,0.9806666666666665,3,0.010666666666666666,5,0.005,1,0.003666666666666667,2,0.0,2,7.1
7,0,1,False,1,0.5120612115455673,0,0.2519252814653509,5,0.20869774345682476,3,0.013704966411315307,2,0.01361079712094194,2,0.0
7,1,1,True,1,0.5120612115455673,0,0.2519252814653509,5,0.20869774345682476,3,0.013704966411315307,2,0.01361079712094194,1,0.0
7,3,3,True,3,0.83,2,0.17,1,0.0,0,0.0,4,0.0,1,47.9
7,3,2,False,2,0.92,3,0.08,1,0.0,0,0.0,4,0.0,2,30.9
7,3,2,False,2,0.9,3,0.1,1,0.0,0,0.0,4,0.0,2,63.3
7,0,0,True,0,0.6631666666666665,1,0.3368333333333333,2,0.0,3,0.0,4,0.0,1,18.1
7,3,3,True,3,0.4619999999999999,0,0.4065000000000001,2,0.1275,5,0.004,1,0.0,1,20.5
7,1,0,False,0,0.40478724053724024,3,0.38092826617826625,5,0.21428449328449325,1,0.0,2,0.0,4,18.5
7,5,1,False,1,0.5120612115455673,0,0.2519252814653509,5,0.20869774345682476,3,0.013704966411315307,2,0.01361079712094194,3,0.0
7,4,0,False,0,0.9966666666666666,1,0.003333333333333333,2,0.0,3,0.0,4,0.0,5,7.9
7,1,1,True,1,0.5120612115455673,0,0.2519252814653509,5,0.20869774345682476,3,0.013704966411315307,2,0.01361079712094194,1,0.0
7,1,0,False,0,0.512904761904762,1,0.4451666666666666,3,0.039428571428571424,2,0.0025,4,0.0,2,17.8
7,3,5,False,5,0.61,2,0.20666666666666664,0,0.17333333333333337,3,0.01,1,0.0,4,36.8
7,1,1,True,1,0.5120612115455673,0,0.2519252814653509,5,0.20869774345682476,3,0.013704966411315307,2,0.01361079712094194,1,0.0
7,5,3,False,3,0.58,2,0.26083333333333336,5,0.15916666666666668,1,0.0,0,0.0,3,34.8
7,3,2,False,2,0.5083333333333334,5,0.49166666666666664,1,0.0,0,0.0,3,0.0,5,44.6
7,5,3,False,3,0.6747316017316015,1,0.18400577200577195,5,0.1372626262626262,0,0.004,2,0.0,3,13.1
7,5,3,False,3,0.5396666666666667,5,0.4603333333333333,1,0.0,0,0.0,2,0.0,2,42.4
7,5,1,False,1,0.5120612115455673,0,0.2519252814653509,5,0.20869774345682476,3,0.013704966411315307,2,0.01361079712094194,3,0.0
7,0,0,True,0,0.7956269841269841,3,0.19103968253968248,1,0.011666666666666665,5,0.0016666666666666666,2,0.0,1,8.6
7,0,1,False,1,0.8558906926406924,0,0.14410930735930738,2,0.0,3,0.0,4,0.0,2,18.0
7,0,0,True,0,0.8495952380952381,3,0.1504047619047619,1,0.0,2,0.0,4,0.0,1,5.8
7,0,4,False,4,0.61,5,0.35,0,0.02,1,0.02,3,0.0,3,24.9
7,0,0,True,0,0.5459563492063492,2,0.24980555555555545,5,0.20423809523809514,1,0.0,3,0.0,1,7.3
7,0,1,False,1,0.5120612115455673,0,0.2519252814653509,5,0.20869774345682476,3,0.013704966411315307,2,0.01361079712094194,2,0.0
7,0,1,False,1,0.5120612115455673,0,0.2519252814653509,5,0.20869774345682476,3,0.013704966411315307,2,0.01361079712094194,2,0.0
7,0,1,False,1,0.5120612115455673,0,0.2519252814653509,5,0.20869774345682476,3,0.013704966411315307,2,0.01361079712094194,2,0.0
7,0,0,True,0,0.5224935064935066,3,0.28434271284271284,1,0.1931637806637806,2,0.0,4,0.0,1,10.4
7,0,1,False,1,0.5120612115455673,0,0.2519252814653509,5,0.20869774345682476,3,0.013704966411315307,2,0.01361079712094194,2,0.0
7,0,1,False,1,0.5120612115455673,0,0.2519252814653509,5,0.20869774345682476,3,0.013704966411315307,2,0.01361079712094194,2,0.0
7,0,1,False,1,0.5120612115455673,0,0.2519252814653509,5,0.20869774345682476,3,0.013704966411315307,2,0.01361079712094194,2,0.0
7,0,0,True,0,0.3793015873015873,5,0.326095238095238,3,0.29460317460317453,1,0.0,2,0.0,1,9.3
8,3,2,False,2,0.76,3,0.24,1,0.0,0,0.0,4,0.0,2,44.0
8,3,1,False,1,0.8072142857142857,0,0.19278571428571428,2,0.0,3,0.0,4,0.0,4,17.7
8,3,0,False,0,0.61,3,0.3266666666666667,4,0.03,2,0.025,1,0.008333333333333333,2,28.1
8,0,3,False,3,1.0,0,0.0,1,0.0,2,0.0,4,0.0,2,19.7
8,1,0,False,0,0.6431111111111111,1,0.35688888888888876,2,0.0,3,0.0,4,0.0,2,17.2
8,2,3,False,3,0.9591666666666666,5,0.04083333333333333,1,0.0,0,0.0,2,0.0,5,50.0
8,2,5,False,5,0.5124166666666667,2,0.4031666666666666,1,0.054000000000000006,3,0.030416666666666665,0,0.0,2,18.6
8,5,0,False,0,0.7380833333333334,5,0.2450833333333333,3,0.016833333333333332,1,0.0,2,0.0,2,9.2
8,5,1,False,1,0.5039281049798153,0,0.27115511569720746,5,0.196864699654821,2,0.01480065589666183,3,0.013251423771494391,3,0.0
8,5,0,False,0,0.5046666666666666,3,0.4186666666666667,5,0.06666666666666667,1,0.01,2,0.0,3,15.1
8,4,0,False,0,0.963190476190476,1,0.01926190476190476,3,0.012214285714285716,4,0.005333333333333333,2,0.0,4,12.5
8,0,0,True,0,1.0,1,0.0,2,0.0,3,0.0,4,0.0,1,3.6
8,0,0,True,0,1.0,1,0.0,2,0.0,3,0.0,4,0.0,1,3.0
8,0,1,False,1,0.6228373015873016,0,0.36735209235209226,3,0.00981060606060606,2,0.0,4,0.0,2,3.5
8,0,0,True,0,1.0,1,0.0,2,0.0,3,0.0,4,0.0,1,3.6
8,0,0,True,0,0.6681814574314575,3,0.1793575036075036,5,0.15246103896103896,1,0.0,2,0.0,1,6.3
8,1,1,True,1,0.5039281049798153,0,0.27115511569720746,5,0.196864699654821,2,0.01480065589666183,3,0.013251423771494391,1,0.0
8,3,5,False,5,0.7173333333333332,2,0.26,1,0.012666666666666666,3,0.01,0,0.0,4,46.3
8,0,3,False,3,0.47633333333333333,0,0.45150000000000007,2,0.07216666666666667,1,0.0,4,0.0,2,23.3
8,2,2,True,2,0.5318809523809523,5,0.4357380952380952,3,0.03238095238095238,1,0.0,0,0.0,1,44.5
8,0,5,False,5,0.7166666666666666,2,0.26,3,0.023333333333333334,1,0.0,0,0.0,5,58.9
8,1,1,True,1,0.5039281049798153,0,0.27115511569720746,5,0.196864699654821,2,0.01480065589666183,3,0.013251423771494391,1,0.0
8,1,0,False,0,0.81,2,0.18,5,0.01,1,0.0,3,0.0,4,24.6
8,2,3,False,3,0.82,2,0.18,1,0.0,0,0.0,4,0.0,2,63.2
8,0,0,True,0,0.6701982184482184,3,0.16911086136086137,1,0.16069092019092016,2,0.0,4,0.0,1,2.6
8,3,5,False,5,0.529424603174603,2,0.31285714285714283,0,0.13087301587301586,3,0.0268452380952381,1,0.0,4,31.6
8,3,5,False,5,0.82975,0,0.17024999999999998,2,0.0,1,0.0,3,0.0,5,3.9
8,3,1,False,1,0.3741587301587302,3,0.3346428571428571,2,0.2838650793650792,5,0.007333333333333334,0,0.0,2,13.2
8,3,2,False,2,0.75,3,0.12583333333333332,5,0.12416666666666668,1,0.0,0,0.0,2,43.6
8,3,3,True,3,0.4453571428571428,2,0.39464285714285713,1,0.16,0,0.0,4,0.0,1,51.0
8,3,3,True,3,0.93,0,0.05633333333333334,4,0.013666666666666667,1,0.0,2,0.0,1,19.6
8,3,3,True,3,0.512547619047619,5,0.4674523809523812,1,0.02,0,0.0,2,0.0,1,32.8
8,3,3,True,3,0.35698809523809516,5,0.3322499999999999,1,0.29076190476190467,0,0.02,2,0.0,1,18.5
8,3,0,False,0,0.5943095238095237,4,0.35569047619047617,3,0.04333333333333334,1,0.006666666666666666,2,0.0,3,15.7
8,0,3,False,3,0.8031666666666665,5,0.1825,1,0.009333333333333334,2,0.003,0,0.002,5,10.0
8,2,3,False,3,0.6083333333333334,1,0.31,2,0.08166666666666668,0,0.0,4,0.0,3,34.1
8,5,3,False,3,0.667686507936508,5,0.302313492063492,2,0.03,1,0.0,0,0.0,2,46.8
8,2,3,False,3,0.5513333333333335,2,0.43866666666666665,5,0.01,1,0.0,0,0.0,2,42.1
8,5,5,True,5,0.8753333333333333,0,0.12466666666666666,2,0.0,1,0.0,3,0.0,1,21.5
8,2,5,False,5,0.8035,3,0.1465,2,0.05,1,0.0,0,0.0,3,34.9
8,2,5,False,5,0.68,3,0.2613333333333333,2,0.05866666666666667,1,0.0,0,0.0,3,33.3
8,5,1,False,1,0.5039281049798153,0,0.27115511569720746,5,0.196864699654821,2,0.01480065589666183,3,0.013251423771494391,3,0.0
8,1,1,True,1,0.4873333333333333,3,0.32266666666666666,2,0.16333333333333333,5,0.02666666666666667,0,0.0,1,45.2
8,5,0,False,0,0.9360476190476191,3,0.06395238095238094,1,0.0,2,0.0,4,0.0,6,4.2
8,5,5,True,5,0.875,2,0.095,0,0.03,1,0.0,3,0.0,1,60.0
8,0,0,True,0,0.9360476190476191,3,0.06395238095238094,1,0.0,2,0.0,4,0.0,1,4.2
8,0,1,False,1,0.6228373015873016,0,0.36735209235209226,3,0.00981060606060606,2,0.0,4,0.0,2,3.5
8,0,0,True,0,0.5253849206349205,5,0.25153174603174594,1,0.21974999999999995,3,0.003333333333333333,2,0.0,1,2.7
8,0,3,False,3,0.35698809523809516,5,0.3322499999999999,1,0.29076190476190467,0,0.02,2,0.0,4,18.5
8,0,0,True,0,0.7783333333333334,3,0.22166666666666665,1,0.0,2,0.0,4,0.0,1,12.0
8,1,0,False,0,0.5254570707070709,1,0.4745429292929291,2,0.0,3,0.0,4,0.0,2,8.0
8,3,3,True,3,0.7261666666666667,2,0.2738333333333333,1,0.0,0,0.0,4,0.0,1,30.8
8,2,3,False,3,0.7296309523809523,0,0.2703690476190476,1,0.0,2,0.0,4,0.0,4,10.5
8,3,0,False,0,0.7802500000000001,1,0.21974999999999997,2,0.0,3,0.0,4,0.0,4,18.4
8,1,0,False,0,0.6701982184482184,3,0.16911086136086137,1,0.16069092019092016,2,0.0,4,0.0,3,2.6
8,1,1,True,1,0.5039281049798153,0,0.27115511569720746,5,0.196864699654821,2,0.01480065589666183,3,0.013251423771494391,1,0.0
8,3,0,False,0,0.7816666666666667,3,0.1308333333333333,1,0.0875,2,0.0,4,0.0,2,5.2
8,0,1,False,1,0.5039281049798153,0,0.27115511569720746,5,0.196864699654821,2,0.01480065589666183,3,0.013251423771494391,2,0.0
8,0,1,False,1,0.5039281049798153,0,0.27115511569720746,5,0.196864699654821,2,0.01480065589666183,3,0.013251423771494391,2,0.0
8,3,3,True,3,0.9276785714285716,0,0.04863095238095238,2,0.023690476190476192,1,0.0,4,0.0,1,10.7
8,3,0,False,0,0.614654761904762,1,0.20250793650793641,5,0.18283730158730155,2,0.0,3,0.0,5,7.2
8,1,1,True,1,0.5039281049798153,0,0.27115511569720746,5,0.196864699654821,2,0.01480065589666183,3,0.013251423771494391,1,0.0
8,3,2,False,2,0.65,3,0.3225,0,0.0275,1,0.0,4,0.0,2,47.3
8,3,3,True,3,0.8241666666666667,1,0.14416666666666667,5,0.03166666666666666,0,0.0,2,0.0,1,37.4
8,3,5,False,5,0.562642857142857,3,0.42585714285714305,2,0.0115,1,0.0,0,0.0,2,42.3
8,5,3,False,3,0.5683333333333334,2,0.40666666666666673,1,0.02,5,0.005,0,0.0,4,34.3
8,3,3,True,3,0.73,2,0.27,1,0.0,0,0.0,4,0.0,1,32.5
8,0,1,False,1,0.5039281049798153,0,0.27115511569720746,5,0.196864699654821,2,0.01480065589666183,3,0.013251423771494391,2,0.0
8,0,0,True,0,0.97,3,0.025,5,0.005,1,0.0,2,0.0,1,14.2
8,1,0,False,0,0.5865505050505049,3,0.41344949494949484,1,0.0,2,0.0,4,0.0,3,10.4
8,0,0,True,0,0.5163333333333333,3,0.38849999999999996,2,0.08,4,0.015166666666666663,1,0.0,1,19.4
8,2,2,True,2,0.55,5,0.36,0,0.04416666666666666,4,0.03583333333333334,1,0.01,1,25.9
8,1,1,True,1,0.5039281049798153,0,0.27115511569720746,5,0.196864699654821,2,0.01480065589666183,3,0.013251423771494391,1,0.0
8,3,0,False,0,0.5161666666666668,1,0.4188333333333333,2,0.06,3,0.005,4,0.0,4,19.2
8,1,1,True,1,0.5039281049798153,0,0.27115511569720746,5,0.196864699654821,2,0.01480065589666183,3,0.013251423771494391,1,0.0
8,5,2,False,2,0.57,5,0.35,0,0.045,3,0.035,1,0.0,2,69.5
8,5,0,False,0,0.5161666666666668,1,0.4188333333333333,2,0.06,3,0.005,4,0.0,6,19.2
8,5,1,False,1,0.5039281049798153,0,0.27115511569720746,5,0.196864699654821,2,0.01480065589666183,3,0.013251423771494391,3,0.0
8,0,0,True,0,0.6128015873015873,4,0.20574999999999988,3,0.17716269841269838,2,0.004285714285714285,1,0.0,1,6.9
8,2,3,False,3,0.58,5,0.31,1,0.1,2,0.01,0,0.0,4,67.0
8,5,1,False,1,0.5039281049798153,0,0.27115511569720746,5,0.196864699654821,2,0.01480065589666183,3,0.013251423771494391,3,0.0
8,5,0,False,0,0.6906904761904762,5,0.3093095238095238,2,0.0,1,0.0,3,0.0,2,9.0
8,2,2,True,2,0.57,5,0.35,0,0.045,3,0.035,1,0.0,1,69.6
8,5,1,False,1,0.5039281049798153,0,0.27115511569720746,5,0.196864699654821,2,0.01480065589666183,3,0.013251423771494391,3,0.0
8,0,2,False,2,0.625,3,0.22316666666666665,5,0.15183333333333335,1,0.0,0,0.0,5,36.7
8,0,2,False,2,0.5293333333333333,1,0.3506666666666666,5,0.12,0,0.0,3,0.0,4,25.6
8,4,0,False,0,0.63,5,0.22938095238095244,3,0.13061904761904763,2,0.01,1,0.0,6,24.8
8,0,3,False,3,0.8472175324675321,0,0.15278246753246744,1,0.0,2,0.0,4,0.0,2,13.6
8,0,1,False,1,0.8072142857142857,0,0.19278571428571428,2,0.0,3,0.0,4,0.0,2,17.7
8,0,0,True,0,0.8408928571428569,4,0.15910714285714284,2,0.0,1,0.0,3,0.0,1,7.4
8,1,1,True,1,0.7399880952380952,5,0.24134523809523803,3,0.018666666666666668,0,0.0,2,0.0,1,17.1
8,2,3,False,3,0.8439999999999999,5,0.156,1,0.0,0,0.0,2,0.0,5,37.1
8,3,2,False,2,0.9401666666666667,0,0.059833333333333336,1,0.0,3,0.0,4,0.0,4,20.3
8,1,1,True,1,0.5039281049798153,0,0.27115511569720746,5,0.196864699654821,2,0.01480065589666183,3,0.013251423771494391,1,0.0
8,1,1,True,1,0.7515753968253969,0,0.24592460317460316,5,0.0025,2,0.0,3,0.0,1,16.9
8,3,2,False,2,0.67,3,0.19116666666666668,1,0.13483333333333333,5,0.004,0,0.0,2,37.7
8,0,0,True,0,0.989642857142857,1,0.010357142857142856,2,0.0,3,0.0,4,0.0,1,2.5
8,0,1,False,1,0.5039281049798153,0,0.27115511569720746,5,0.196864699654821,2,0.01480065589666183,3,0.013251423771494391,2,0.0
8,3,3,True,3,0.6676309523809523,0,0.3135238095238094,2,0.01592857142857143,5,0.0029166666666666664,1,0.0,1,31.3
8,3,3,True,3,0.5312862692862691,2,0.16278760128760122,1,0.15769766344766345,0,0.14822846597846595,4,0.0,1,10.1
8,2,2,True,2,0.8640000000000001,3,0.136,1,0.0,0,0.0,4,0.0,1,47.6
8,3,0,False,0,0.61,3,0.3266666666666667,4,0.03,2,0.025,1,0.008333333333333333,2,28.1
8,3,3,True,3,0.74,2,0.22,5,0.04,1,0.0,0,0.0,1,45.8
8,3,5,False,5,0.5254999999999999,3,0.3961666666666666,2,0.07833333333333332,1,0.0,0,0.0,2,52.5
8,0,1,False,1,0.3741587301587302,3,0.3346428571428571,2,0.2838650793650792,5,0.007333333333333334,0,0.0,5,13.2
8,0,1,False,1,0.3676071428571429,0,0.31826587301587295,5,0.31412698412698403,2,0.0,3,0.0,2,16.8
8,0,0,True,0,0.5420000000000001,4,0.44633333333333325,1,0.011666666666666665,2,0.0,3,0.0,1,7.9
8,1,0,False,0,0.7816666666666667,3,0.1308333333333333,1,0.0875,2,0.0,4,0.0,3,5.2
8,1,1,True,1,0.5039281049798153,0,0.27115511569720746,5,0.196864699654821,2,0.01480065589666183,3,0.013251423771494391,1,0.0
8,5,3,False,3,0.5441666666666666,2,0.4558333333333335,1,0.0,0,0.0,4,0.0,6,36.3
8,1,1,True,1,0.5039281049798153,0,0.27115511569720746,5,0.196864699654821,2,0.01480065589666183,3,0.013251423771494391,1,0.0
8,5,5,True,5,0.6815595238095239,3,0.29644047619047614,2,0.022000000000000002,1,0.0,0,0.0,1,41.1
8,5,2,False,2,0.9733333333333333,3,0.02333333333333333,5,0.003333333333333333,1,0.0,0,0.0,3,49.5
8,2,2,True,2,0.96,0,0.03,3,0.01,1,0.0,4,0.0,1,24.1
8,0,0,True,0,0.7816666666666667,3,0.1308333333333333,1,0.0875,2,0.0,4,0.0,1,5.2
8,4,0,False,0,0.9052142857142857,2,0.09478571428571428,1,0.0,3,0.0,4,0.0,5,7.7
8,0,3,False,3,0.35698809523809516,5,0.3322499999999999,1,0.29076190476190467,0,0.02,2,0.0,4,18.5
8,0,0,True,0,0.8074382284382285,3,0.1925617715617715,1,0.0,2,0.0,4,0.0,1,7.5
8,0,0,True,0,0.4829404761904762,3,0.4186666666666667,5,0.053214285714285714,1,0.04517857142857142,2,0.0,1,15.2
8,0,3,False,3,0.3633571428571428,0,0.3268333333333333,4,0.30980952380952376,1,0.0,2,0.0,2,11.2
8,0,1,False,1,0.5039281049798153,0,0.27115511569720746,5,0.196864699654821,2,0.01480065589666183,3,0.013251423771494391,2,0.0
8,0,0,True,0,0.8689920634920634,4,0.06740476190476191,3,0.06360317460317462,1,0.0,2,0.0,1,7.0
8,0,1,False,1,0.5039281049798153,0,0.27115511569720746,5,0.196864699654821,2,0.01480065589666183,3,0.013251423771494391,2,0.0
9,2,3,False,3,1.0,0,0.0,1,0.0,2,0.0,4,0.0,4,36.1
9,2,3,False,3,0.46650000000000014,1,0.4035,4,0.12,2,0.01,0,0.0,4,27.6
9,3,0,False,0,0.5119285714285714,2,0.242313492063492,3,0.23718650793650783,5,0.005714285714285714,4,0.002857142857142857,3,16.3
9,3,2,False,2,0.9,3,0.09222222222222222,5,0.0077777777777777776,1,0.0,0,0.0,2,42.1
9,3,5,False,5,0.4358333333333333,3,0.41416666666666674,0,0.15,1,0.0,2,0.0,2,14.1
9,0,0,True,0,0.609373015873016,3,0.35348412698412696,5,0.019047619047619046,1,0.018095238095238095,2,0.0,1,8.6
9,1,1,True,1,0.5883055555555555,0,0.4116944444444443,2,0.0,3,0.0,4,0.0,1,18.0
9,3,2,False,2,0.5165833333333334,5,0.3334166666666667,3,0.15,1,0.0,0,0.0,3,42.9
9,3,0,False,0,0.41109235209235223,1,0.22097727272727263,5,0.1884098124098124,3,0.1795205627705628,2,0.0,4,18.5
9,3,3,True,3,0.89,2,0.05958333333333334,5,0.05041666666666667,1,0.0,0,0.0,1,42.8
9,5,1,False,1,0.4863929511423381,0,0.29048341586163395,5,0.20321542933714137,2,0.01372562965511841,3,0.006182574003767932,3,0.0
9,5,0,False,0,0.552,5,0.4404999999999999,3,0.005,1,0.0025,2,0.0,2,4.9
9,1,1,True,1,0.4863929511423381,0,0.29048341586163395,5,0.20321542933714137,2,0.01372562965511841,3,0.006182574003767932,1,0.0
9,0,0,True,0,1.0,1,0.0,2,0.0,3,0.0,4,0.0,1,2.5
9,5,0,False,0,1.0,1,0.0,2,0.0,3,0.0,4,0.0,6,2.3
9,0,1,False,1,0.5385039682539683,0,0.4581626984126985,3,0.003333333333333333,2,0.0,4,0.0,2,3.5
9,0,0,True,0,1.0,1,0.0,2,0.0,3,0.0,4,0.0,1,3.0
9,0,0,True,0,1.0,1,0.0,2,0.0,3,0.0,4,0.0,1,3.0
9,0,3,False,3,0.6672142857142859,2,0.30121428571428566,0,0.02261904761904762,1,0.008952380952380951,4,0.0,3,10.5
9,0,0,True,0,0.609373015873016,3,0.35348412698412696,5,0.019047619047619046,1,0.018095238095238095,2,0.0,1,8.6
9,0,3,False,3,0.47440476190476183,2,0.43226190476190474,5,0.08,0,0.013333333333333332,1,0.0,4,20.7
9,0,1,False,1,0.497952380952381,3,0.45204761904761903,0,0.02880952380952381,5,0.02119047619047619,2,0.0,3,15.5
9,2,5,False,5,0.66,3,0.34,1,0.0,0,0.0,2,0.0,5,40.7
9,1,0,False,0,0.4855634920634921,2,0.29192063492063486,5,0.21384920634920626,1,0.008666666666666666,3,0.0,4,18.2
9,3,3,True,3,0.91,2,0.07,5,0.02,1,0.0,0,0.0,1,63.7
9,2,0,False,0,0.774452380952381,3,0.225547619047619,1,0.0,2,0.0,4,0.0,4,10.6
9,2,5,False,5,0.56,2,0.27,3,0.17,1,0.0,0,0.0,2,43.2
9,1,4,False,4,0.7242142857142858,0,0.19007142857142856,3,0.08571428571428572,1,0.0,2,0.0,4,15.8
9,1,0,False,0,0.6213968253968254,1,0.37860317460317455,2,0.0,3,0.0,4,0.0,2,17.2
9,2,0,False,0,0.7768246753246753,5,0.21802380952380943,4,0.005151515151515152,1,0.0,3,0.0,6,7.3
9,0,5,False,5,0.4793928571428571,3,0.4235357142857144,2,0.06488095238095237,0,0.03219047619047619,1,0.0,4,21.1
9,2,2,True,2,0.905,3,0.095,1,0.0,0,0.0,4,0.0,1,47.6
9,2,3,False,3,0.78,2,0.2,5,0.02,1,0.0,0,0.0,2,63.4
9,3,4,False,4,0.56,0,0.44,2,0.0,1,0.0,3,0.0,5,21.8
9,3,3,True,3,0.48240712065712077,0,0.3555162892662892,1,0.16082659007659003,4,0.00125,2,0.0,1,18.9
9,3,0,False,0,0.67,2,0.21,3,0.07,5,0.05,1,0.0,3,96.7
9,3,3,True,3,0.84,0,0.13,2,0.03,1,0.0,4,0.0,1,139.0
9,3,3,True,3,0.5648333333333333,5,0.43516666666666665,1,0.0,0,0.0,2,0.0,1,74.4
9,3,5,False,5,0.7507222222222222,0,0.11295238095238094,4,0.07349206349206351,1,0.06283333333333334,3,0.0,5,9.9
9,3,2,False,2,0.91,5,0.09,1,0.0,0,0.0,3,0.0,5,40.1
9,2,0,False,0,0.9536666666666668,3,0.04633333333333333,1,0.0,2,0.0,4,0.0,4,23.1
9,1,5,False,5,0.521,0,0.43883333333333324,1,0.04016666666666666,2,0.0,3,0.0,3,15.3
9,3,3,True,3,0.71,2,0.24,5,0.05,1,0.0,0,0.0,1,45.8
9,1,1,True,1,0.4863929511423381,0,0.29048341586163395,5,0.20321542933714137,2,0.01372562965511841,3,0.006182574003767932,1,0.0
9,0,5,False,5,0.6593928571428571,0,0.34060714285714283,2,0.0,1,0.0,3,0.0,2,9.0
9,2,3,False,3,0.5021666666666667,5,0.4078333333333334,2,0.09,1,0.0,0,0.0,3,57.0
9,5,5,True,5,0.92,3,0.08,1,0.0,0,0.0,2,0.0,1,40.4
9,2,3,False,3,0.68,5,0.32,1,0.0,0,0.0,2,0.0,5,53.6
9,5,3,False,3,0.8290714285714285,2,0.16259523809523807,5,0.008333333333333333,1,0.0,0,0.0,3,39.4
9,5,3,False,3,0.4769801587301587,0,0.2652103174603174,5,0.24780952380952379,4,0.01,2,0.0,3,10.8
9,5,1,False,1,0.4863929511423381,0,0.29048341586163395,5,0.20321542933714137,2,0.01372562965511841,3,0.006182574003767932,3,0.0
9,5,0,False,0,0.44736226269430623,3,0.34117136978088985,1,0.10671032476295628,5,0.10475604276184768,2,0.0,4,8.4
9,5,3,False,3,0.55,2,0.3842857142857143,5,0.06571428571428571,1,0.0,0,0.0,3,56.1
9,0,3,False,3,0.5633333333333334,0,0.4213095238095238,2,0.012857142857142855,4,0.0025,1,0.0,2,22.2
9,0,0,True,0,0.6791666666666667,1,0.27,4,0.05083333333333333,2,0.0,3,0.0,1,12.4
9,0,0,True,0,0.38489249639249634,5,0.22882647907647904,1,0.19931890331890326,3,0.1869621212121212,2,0.0,1,7.2
9,4,3,False,3,0.4999722222222222,0,0.46662698412698417,1,0.03340079365079365,2,0.0,4,0.0,5,10.2
9,1,1,True,1,0.4863929511423381,0,0.29048341586163395,5,0.20321542933714137,2,0.01372562965511841,3,0.006182574003767932,1,0.0
9,3,2,False,2,0.67,1,0.24,5,0.06,3,0.03,0,0.0,4,34.0
9,1,0,False,0,0.6698095238095237,1,0.3251904761904762,2,0.005,3,0.0,4,0.0,2,8.2
9,1,1,True,1,0.4863929511423381,0,0.29048341586163395,5,0.20321542933714137,2,0.01372562965511841,3,0.006182574003767932,1,0.0
9,1,1,True,1,0.4863929511423381,0,0.29048341586163395,5,0.20321542933714137,2,0.01372562965511841,3,0.006182574003767932,1,0.0
9,3,0,False,0,0.36709126984126983,4,0.3241626984126984,1,0.2937460317460317,3,0.015,2,0.0,4,12.6
9,3,2,False,2,0.5031666666666667,5,0.4418333333333333,3,0.055,1,0.0,0,0.0,3,41.0
9,0,0,True,0,0.7898592453298333,1,0.11439355905532375,3,0.09574719561484267,2,0.0,4,0.0,1,3.4
9,0,1,False,1,0.4863929511423381,0,0.29048341586163395,5,0.20321542933714137,2,0.01372562965511841,3,0.006182574003767932,2,0.0
9,0,0,True,0,0.98,3,0.02,1,0.0,2,0.0,4,0.0,1,9.5
9,0,0,True,0,0.9675,5,0.0325,2,0.0,1,0.0,3,0.0,1,8.9
9,0,0,True,0,1.0,1,0.0,2,0.0,3,0.0,4,0.0,1,3.0
9,3,3,True,3,0.6685000000000001,2,0.25,1,0.0515,5,0.03,0,0.0,1,27.3
9,1,1,True,1,0.5883055555555555,0,0.4116944444444443,2,0.0,3,0.0,4,0.0,1,18.0
9,3,0,False,0,0.98,3,0.0125,5,0.0075,1,0.0,2,0.0,2,14.3
9,1,1,True,1,0.4863929511423381,0,0.29048341586163395,5,0.20321542933714137,2,0.01372562965511841,3,0.006182574003767932,1,0.0
9,2,3,False,3,0.6869373959373958,0,0.15896151071151074,1,0.15410109335109332,2,0.0,4,0.0,4,10.1
9,1,1,True,1,0.4863929511423381,0,0.29048341586163395,5,0.20321542933714137,2,0.01372562965511841,3,0.006182574003767932,1,0.0
9,1,1,True,1,0.4863929511423381,0,0.29048341586163395,5,0.20321542933714137,2,0.01372562965511841,3,0.006182574003767932,1,0.0
9,5,0,False,0,0.6698095238095237,1,0.3251904761904762,2,0.005,3,0.0,4,0.0,6,8.2
9,5,2,False,2,0.61,3,0.25,5,0.14,1,0.0,0,0.0,3,27.1
9,5,5,True,5,0.64,2,0.13652380952380955,1,0.11378571428571428,0,0.1096904761904762,3,0.0,1,25.5
9,5,1,False,1,0.4863929511423381,0,0.29048341586163395,5,0.20321542933714137,2,0.01372562965511841,3,0.006182574003767932,3,0.0
9,5,3,False,3,0.69182253204312,1,0.16207115923292392,5,0.14610630872395577,0,0.0,2,0.0,3,13.1
9,5,5,True,5,0.9333333333333335,3,0.06,2,0.006666666666666666,1,0.0,0,0.0,1,53.2
9,3,4,False,4,0.7242142857142858,0,0.19007142857142856,3,0.08571428571428572,1,0.0,2,0.0,3,15.8
9,0,0,True,0,0.5788986568986569,4,0.21600732600732597,3,0.2050940170940171,1,0.0,2,0.0,1,13.3
9,0,5,False,5,0.9033333333333333,3,0.07,2,0.026666666666666665,1,0.0,0,0.0,5,60.3
9,0,2,False,2,0.6384285714285711,3,0.35157142857142853,4,0.01,1,0.0,0,0.0,5,29.3
9,0,0,True,0,0.7035425685425684,3,0.29645743145743136,1,0.0,2,0.0,4,0.0,1,7.5
9,1,1,True,1,0.4863929511423381,0,0.29048341586163395,5,0.20321542933714137,2,0.01372562965511841,3,0.006182574003767932,1,0.0
9,1,0,False,0,0.5852023809523808,5,0.39479761904761906,1,0.02,2,0.0,3,0.0,3,16.8
9,0,0,True,0,1.0,1,0.0,2,0.0,3,0.0,4,0.0,1,3.2
9,0,0,True,0,1.0,1,0.0,2,0.0,3,0.0,4,0.0,1,2.2
9,0,0,True,0,0.3940714285714285,2,0.31485714285714284,3,0.2910714285714286,1,0.0,4,0.0,1,3.3
9,0,0,True,0,0.3520833333333333,5,0.3373452380952381,2,0.31057142857142855,1,0.0,3,0.0,1,14.6
9,0,0,True,0,0.7035425685425684,3,0.29645743145743136,1,0.0,2,0.0,4,0.0,1,7.5
9,3,1,False,1,0.4863929511423381,0,0.29048341586163395,5,0.20321542933714137,2,0.01372562965511841,3,0.006182574003767932,5,0.0
9,3,2,False,2,0.5202619047619047,5,0.4297380952380952,1,0.03166666666666666,3,0.018333333333333333,0,0.0,4,45.5
9,3,0,False,0,0.555843795093795,1,0.22652128427128418,3,0.21763492063492054,2,0.0,4,0.0,3,10.4
9,3,3,True,3,0.6691111111111111,0,0.3108888888888888,2,0.01,5,0.01,1,0.0,1,28.3
9,3,3,True,3,0.8829285714285714,0,0.11707142857142859,1,0.0,2,0.0,4,0.0,1,10.7
9,3,3,True,3,0.6334523809523809,0,0.36654761904761884,1,0.0,2,0.0,4,0.0,1,13.7
9,0,0,True,0,0.7768246753246753,5,0.21802380952380943,4,0.005151515151515152,1,0.0,3,0.0,1,7.3
9,3,5,False,5,0.56,2,0.27,3,0.17,1,0.0,0,0.0,3,43.2
9,3,3,True,3,0.47440476190476183,2,0.43226190476190474,5,0.08,0,0.013333333333333332,1,0.0,1,20.7
9,1,1,True,1,0.4863929511423381,0,0.29048341586163395,5,0.20321542933714137,2,0.01372562965511841,3,0.006182574003767932,1,0.0
9,3,3,True,3,0.99,2,0.01,1,0.0,0,0.0,4,0.0,1,32.6
9,5,3,False,3,0.47440476190476183,2,0.43226190476190474,5,0.08,0,0.013333333333333332,1,0.0,3,20.7
9,2,2,True,2,0.7191349206349209,3,0.2808650793650795,1,0.0,0,0.0,4,0.0,1,59.4
9,2,2,True,2,0.58,5,0.21200000000000002,3,0.20800000000000002,1,0.0,0,0.0,1,57.6
9,5,1,False,1,0.4863929511423381,0,0.29048341586163395,5,0.20321542933714137,2,0.01372562965511841,3,0.006182574003767932,3,0.0
9,5,3,False,3,1.0,0,0.0,1,0.0,2,0.0,4,0.0,6,36.0
9,2,0,False,0,0.985,5,0.015,2,0.0,1,0.0,3,0.0,3,4.4
9,4,0,False,0,0.552,5,0.4404999999999999,3,0.005,1,0.0025,2,0.0,6,4.9
9,0,1,False,1,0.7432460317460314,0,0.2567539682539681,2,0.0,3,0.0,4,0.0,2,8.0
9,4,0,False,0,0.64,3,0.33,1,0.03,2,0.0,4,0.0,5,12.2
9,0,4,False,4,0.65,5,0.24,2,0.11,0,0.0,3,0.0,4,26.1
9,0,3,False,3,0.5467130369630372,0,0.2806327006327004,4,0.17265426240426238,1,0.0,2,0.0,2,5.6
9,0,3,False,3,0.5467130369630372,0,0.2806327006327004,4,0.17265426240426238,1,0.0,2,0.0,2,5.6
9,0,1,False,1,0.4863929511423381,0,0.29048341586163395,5,0.20321542933714137,2,0.01372562965511841,3,0.006182574003767932,2,0.0
9,0,3,False,3,0.5180945764761554,0,0.45235132265395417,1,0.016135538438170016,5,0.013418562431720325,2,0.0,2,8.5
9,0,0,True,0,1.0,1,0.0,2,0.0,3,0.0,4,0.0,1,3.2
9,0,1,False,1,0.4863929511423381,0,0.29048341586163395,5,0.20321542933714137,2,0.01372562965511841,3,0.006182574003767932,2,0.0
9,0,0,True,0,1.0,1,0.0,2,0.0,3,0.0,4,0.0,1,2.2
9,0,0,True,0,0.609373015873016,3,0.35348412698412696,5,0.019047619047619046,1,0.018095238095238095,2,0.0,1,8.6
10,3,0,False,0,0.6429859307359306,4,0.2747261904761904,5,0.05146969696969697,3,0.03081818181818182,2,0.0,4,10.9
10,2,2,True,2,0.67,3,0.3133333333333333,5,0.016666666666666666,1,0.0,0,0.0,1,48.7
10,3,0,False,0,0.5328571428571428,2,0.4150000000000001,5,0.036547619047619044,3,0.015595238095238093,1,0.0,4,21.3
10,3,2,False,2,0.7959999999999999,3,0.204,1,0.0,0,0.0,4,0.0,2,41.7
10,3,4,False,4,0.6383333333333333,0,0.29600000000000004,3,0.06566666666666668,1,0.0,2,0.0,3,11.4
10,2,1,False,1,0.66,3,0.32,2,0.02,0,0.0,4,0.0,3,33.7
10,4,0,False,0,0.37338095238095237,3,0.3153095238095238,1,0.3113095238095237,2,0.0,4,0.0,5,12.6
10,0,1,False,1,0.694611111111111,0,0.3053888888888888,2,0.0,3,0.0,4,0.0,2,17.2
10,0,0,True,0,0.7601666666666667,3,0.13205555555555556,4,0.10777777777777775,1,0.0,2,0.0,1,11.1
10,1,0,False,0,1.0,1,0.0,2,0.0,3,0.0,4,0.0,2,2.0
10,1,1,True,1,0.48347178057625173,0,0.2854524312914329,5,0.20967627621291882,3,0.01398652876950277,2,0.0074129831498937334,1,0.0
10,3,3,True,3,0.7678333333333335,2,0.13816666666666666,5,0.09399999999999999,1,0.0,0,0.0,1,43.0
10,1,1,True,1,0.48347178057625173,0,0.2854524312914329,5,0.20967627621291882,3,0.01398652876950277,2,0.0074129831498937334,1,0.0
10,5,2,False,2,0.69,3,0.25,5,0.06,1,0.0,0,0.0,3,55.6
10,1,1,True,1,0.48347178057625173,0,0.2854524312914329,5,0.20967627621291882,3,0.01398652876950277,2,0.0074129831498937334,1,0.0
10,5,3,False,3,0.99,5,0.01,1,0.0,0,0.0,2,0.0,2,73.5
10,5,2,False,2,0.61,5,0.36,3,0.03,1,0.0,0,0.0,2,55.2
10,1,1,True,1,0.48347178057625173,0,0.2854524312914329,5,0.20967627621291882,3,0.01398652876950277,2,0.0074129831498937334,1,0.0
10,1,0,False,0,0.6195714285714284,1,0.35292857142857154,3,0.025,2,0.0025,4,0.0,2,17.8
10,3,3,True,3,0.65,2,0.35,1,0.0,0,0.0,4,0.0,1,80.2
10,3,3,True,3,0.67,2,0.21,1,0.08,5,0.04,0,0.0,1,66.7
10,5,3,False,3,0.665,0,0.20523809523809525,5,0.12976190476190477,1,0.0,2,0.0,3,3.9
10,0,0,True,0,0.6521803751803749,5,0.18223989898989895,3,0.16557972582972577,1,0.0,2,0.0,1,6.3
10,0,0,True,0,0.8572445887445886,4,0.14275541125541125,2,0.0,1,0.0,3,0.0,1,7.8
10,0,0,True,0,0.4051190476190476,3,0.314079365079365,4,0.28080158730158733,1,0.0,2,0.0,1,11.2
10,0,3,False,3,0.4500238095238096,2,0.2830238095238094,0,0.256952380952381,5,0.008,4,0.002,3,16.3
10,0,0,True,0,0.5048387445887447,2,0.4408333333333332,3,0.025522005772005772,4,0.024805916305916303,1,0.004,1,6.8
10,0,0,True,0,0.4717635142635141,3,0.470655316905317,5,0.03981243756243756,1,0.01776873126873127,2,0.0,1,8.5
10,0,0,True,0,0.802613997113997,4,0.1959574314574314,5,0.0014285714285714286,1,0.0,3,0.0,1,7.4
10,0,0,True,0,1.0,1,0.0,2,0.0,3,0.0,4,0.0,1,2.9
10,0,0,True,0,0.995,1,0.005,2,0.0,3,0.0,4,0.0,1,2.5
10,0,3,False,3,0.8833333333333333,2,0.11666666666666665,1,0.0,0,0.0,4,0.0,4,20.5
10,0,0,True,0,0.4826944444444445,1,0.27862698412698406,3,0.2386785714285714,2,0.0,4,0.0,1,7.2
10,0,3,False,3,0.5842857142857143,1,0.273702380952381,0,0.14058333333333334,5,0.0014285714285714286,2,0.0,3,18.4
10,2,2,True,2,0.7289285714285714,3,0.1448809523809524,5,0.12619047619047621,1,0.0,0,0.0,1,44.8
10,1,1,True,1,0.48347178057625173,0,0.2854524312914329,5,0.20967627621291882,3,0.01398652876950277,2,0.0074129831498937334,1,0.0
10,0,3,False,3,0.3536133588633588,0,0.3289296259296257,5,0.2179766622266623,1,0.09948035298035293,2,0.0,2,8.4
10,1,3,False,3,0.49553174603174616,0,0.2703293650793649,2,0.2253888888888889,5,0.006388888888888888,1,0.002361111111111111,5,13.2
10,2,0,False,0,0.79,3,0.10916666666666668,5,0.05833333333333334,2,0.0425,1,0.0,4,58.8
10,1,1,True,1,0.6471303973803972,0,0.35286960261960254,2,0.0,3,0.0,4,0.0,1,18.0
10,3,3,True,3,0.49169047619047623,5,0.44830952380952377,2,0.06,1,0.0,0,0.0,1,49.0
10,1,3,False,3,0.5254285714285714,2,0.35457142857142865,4,0.12,1,0.0,0,0.0,4,27.6
10,2,3,False,3,0.49169047619047623,5,0.44830952380952377,2,0.06,1,0.0,0,0.0,3,49.0
10,2,0,False,0,0.4083236763236763,3,0.2147397602397602,2,0.20103987678987675,4,0.17589668664668662,1,0.0,3,22.5
10,3,0,False,0,0.8734876512376508,1,0.12651234876234876,2,0.0,3,0.0,4,0.0,4,3.4
10,1,1,True,1,0.5061190476190477,0,0.2854206349206349,3,0.20846031746031746,2,0.0,4,0.0,1,17.5
10,3,3,True,3,0.6841637806637806,0,0.31583621933621914,1,0.0,2,0.0,4,0.0,1,13.6
10,0,0,True,0,0.698714285714286,1,0.29461904761904756,2,0.006666666666666666,3,0.0,4,0.0,1,6.7
10,0,2,False,2,0.84,5,0.11583333333333332,3,0.04416666666666666,1,0.0,0,0.0,5,76.9
10,5,5,True,5,0.87,0,0.13,2,0.0,1,0.0,3,0.0,1,21.5
10,2,0,False,0,0.6698333333333335,3,0.33016666666666666,1,0.0,2,0.0,4,0.0,4,3.3
10,5,3,False,3,0.9416666666666668,2,0.05333333333333333,1,0.005,0,0.0,4,0.0,6,37.3
10,5,1,False,1,0.48347178057625173,0,0.2854524312914329,5,0.20967627621291882,3,0.01398652876950277,2,0.0074129831498937334,3,0.0
10,2,3,False,3,1.0,0,0.0,1,0.0,2,0.0,4,0.0,4,32.4
10,4,3,False,3,0.8909722222222223,0,0.09504365079365079,4,0.013984126984126983,1,0.0,2,0.0,3,13.4
10,0,3,False,3,0.4770000000000001,0,0.428,2,0.08,4,0.015,1,0.0,2,19.4
10,4,0,False,0,0.6110000000000002,3,0.389,1,0.0,2,0.0,4,0.0,5,12.8
10,0,0,True,0,0.9920714285714286,5,0.005928571428571429,3,0.002,1,0.0,2,0.0,1,6.2
10,3,3,True,3,0.9356666666666666,5,0.03816666666666666,2,0.026166666666666668,1,0.0,0,0.0,1,42.8
10,3,0,False,0,0.5469235209235209,3,0.4442987012987013,4,0.008777777777777778,1,0.0,2,0.0,2,5.7
10,1,1,True,1,0.5110649350649349,0,0.4403391053391054,5,0.048595959595959595,2,0.0,3,0.0,1,8.1
10,3,0,False,0,0.638138222888223,5,0.1752591297591297,4,0.17422169497169487,3,0.012380952380952381,2,0.0,4,5.5
10,3,5,False,5,0.4453506493506496,3,0.29709595959595947,0,0.257553391053391,1,0.0,2,0.0,2,10.8
10,3,3,True,3,0.5125000000000001,2,0.44999999999999996,5,0.0375,1,0.0,0,0.0,1,43.7
10,0,0,True,0,0.5249999999999999,5,0.4558333333333334,3,0.019166666666666665,1,0.0,2,0.0,1,4.2
10,3,3,True,3,0.7433333333333334,2,0.25,5,0.006666666666666666,1,0.0,0,0.0,1,48.6
10,3,2,False,2,0.74,3,0.13919047619047617,5,0.12080952380952382,1,0.0,0,0.0,2,49.1
10,3,5,False,5,0.72,3,0.27,2,0.01,1,0.0,0,0.0,2,30.5
10,0,0,True,0,0.7425941558441558,5,0.25740584415584417,2,0.0,1,0.0,3,0.0,1,2.3
10,0,0,True,0,0.5249999999999999,5,0.4558333333333334,3,0.019166666666666665,1,0.0,2,0.0,1,4.2
10,0,0,True,0,0.8734876512376508,1,0.12651234876234876,2,0.0,3,0.0,4,0.0,1,3.4
10,0,0,True,0,1.0,1,0.0,2,0.0,3,0.0,4,0.0,1,3.6
10,3,2,False,2,0.4654523809523809,3,0.44954761904761914,5,0.085,1,0.0,0,0.0,2,35.6
10,0,0,True,0,0.7425941558441558,5,0.25740584415584417,2,0.0,1,0.0,3,0.0,1,2.3
10,0,1,False,1,0.48347178057625173,0,0.2854524312914329,5,0.20967627621291882,3,0.01398652876950277,2,0.0074129831498937334,2,0.0
10,1,0,False,0,0.4021190476190477,5,0.2968571428571428,1,0.2925952380952381,3,0.008428571428571428,2,0.0,3,8.7
10,1,0,False,0,0.5186666666666665,3,0.40049999999999997,1,0.07458333333333333,4,0.00625,2,0.0,3,17.7
10,5,0,False,0,0.4826944444444445,1,0.27862698412698406,3,0.2386785714285714,2,0.0,4,0.0,6,7.2
10,1,1,True,1,0.48347178057625173,0,0.2854524312914329,5,0.20967627621291882,3,0.01398652876950277,2,0.0074129831498937334,1,0.0
10,1,0,False,0,0.4986309523809524,1,0.26970238095238086,5,0.2316666666666666,2,0.0,3,0.0,2,16.7
10,2,1,False,1,0.48347178057625173,0,0.2854524312914329,5,0.20967627621291882,3,0.01398652876950277,2,0.0074129831498937334,5,0.0
10,5,1,False,1,0.9739285714285714,3,0.023392857142857146,5,0.0026785714285714286,0,0.0,2,0.0,3,17.1
10,2,3,False,3,0.8073333333333333,5,0.17266666666666666,1,0.02,0,0.0,2,0.0,5,33.1
10,5,3,False,3,0.823,2,0.177,1,0.0,0,0.0,4,0.0,6,49.9
10,0,1,False,1,0.5061190476190477,0,0.2854206349206349,3,0.20846031746031746,2,0.0,4,0.0,2,17.5
10,0,1,False,1,0.48347178057625173,0,0.2854524312914329,5,0.20967627621291882,3,0.01398652876950277,2,0.0074129831498937334,2,0.0
10,0,3,False,3,0.6126230158730158,4,0.20719047619047604,0,0.17418650793650794,1,0.004,5,0.002,3,19.1
10,3,3,True,3,0.9416666666666668,2,0.05333333333333333,1,0.005,0,0.0,4,0.0,1,37.3
10,2,2,True,2,0.7650714285714283,5,0.2349285714285713,1,0.0,0,0.0,3,0.0,1,39.7
10,3,3,True,3,0.4916666666666666,5,0.41833333333333333,0,0.09,1,0.0,2,0.0,1,14.0
10,3,2,False,2,0.9933333333333333,3,0.006666666666666666,1,0.0,0,0.0,4,0.0,2,47.7
10,3,5,False,5,0.6364523809523809,3,0.333547619047619,2,0.03,1,0.0,0,0.0,2,46.8
10,3,3,True,3,0.63,5,0.35,2,0.02,1,0.0,0,0.0,1,40.5
10,3,1,False,1,0.7049761904761905,0,0.15488095238095234,3,0.14014285714285715,2,0.0,4,0.0,3,12.7
10,3,0,False,0,0.7736666666666666,4,0.10983333333333332,5,0.10899999999999999,3,0.0075,2,0.0,4,11.9
10,3,3,True,3,0.8534999999999999,5,0.1465,1,0.0,0,0.0,2,0.0,1,32.7
10,3,3,True,3,1.0,0,0.0,1,0.0,2,0.0,4,0.0,1,13.5
10,3,2,False,2,0.55,0,0.26,5,0.16,3,0.03,1,0.0,4,91.9
10,3,2,False,2,0.49092857142857144,3,0.4732380952380953,5,0.03583333333333333,1,0.0,0,0.0,2,44.1
10,2,5,False,5,0.48800000000000004,0,0.41200000000000003,3,0.07333333333333333,2,0.026666666666666665,1,0.0,4,28.8
10,2,5,False,5,0.87,3,0.12,2,0.01,1,0.0,0,0.0,3,55.1
10,5,5,True,5,0.7057380952380953,3,0.2917619047619047,2,0.0025,1,0.0,0,0.0,1,41.1
10,5,0,False,0,0.6605714285714285,3,0.3129285714285714,5,0.0265,1,0.0,2,0.0,3,9.3
10,2,2,True,2,0.61,5,0.36,3,0.03,1,0.0,0,0.0,1,55.2
10,5,5,True,5,0.7293333333333334,3,0.23316666666666663,0,0.03,2,0.0075,1,0.0,1,59.1
10,5,3,False,3,0.69,1,0.27,2,0.03,5,0.01,0,0.0,4,46.4
10,1,1,True,1,0.48347178057625173,0,0.2854524312914329,5,0.20967627621291882,3,0.01398652876950277,2,0.0074129831498937334,1,0.0
10,1,1,True,1,0.48347178057625173,0,0.2854524312914329,5,0.20967627621291882,3,0.01398652876950277,2,0.0074129831498937334,1,0.0
10,0,5,False,5,0.37585245310245324,4,0.22096176046176041,1,0.19827164502164493,0,0.1949141414141414,3,0.01,4,9.8
10,5,3,False,3,0.93,2,0.07,1,0.0,0,0.0,4,0.0,6,50.4
10,5,3,False,3,0.63,2,0.27,5,0.1,1,0.0,0,0.0,3,40.6
10,5,1,False,1,0.48347178057625173,0,0.2854524312914329,5,0.20967627621291882,3,0.01398652876950277,2,0.0074129831498937334,3,0.0
10,2,5,False,5,0.8086666666666668,3,0.1,0,0.09133333333333332,1,0.0,2,0.0,5,28.6
10,5,1,False,1,0.61,3,0.29533333333333334,5,0.08466666666666667,2,0.01,0,0.0,3,46.6
10,0,0,True,0,1.0,1,0.0,2,0.0,3,0.0,4,0.0,1,3.2
10,0,0,True,0,0.824082251082251,3,0.17591774891774897,1,0.0,2,0.0,4,0.0,1,5.8
10,0,0,True,0,0.6673560606060605,1,0.33264393939393927,2,0.0,3,0.0,4,0.0,1,3.7
10,0,5,False,5,0.503797619047619,0,0.47536904761904764,3,0.020833333333333336,1,0.0,2,0.0,2,6.4
10,0,0,True,0,0.6110000000000002,3,0.389,1,0.0,2,0.0,4,0.0,1,12.8
10,0,0,True,0,0.5048387445887447,2,0.4408333333333332,3,0.025522005772005772,4,0.024805916305916303,1,0.004,1,6.8
10,0,5,False,5,0.6461785714285714,0,0.35382142857142873,2,0.0,1,0.0,3,0.0,2,9.0
10,0,0,True,0,0.698714285714286,1,0.29461904761904756,2,0.006666666666666666,3,0.0,4,0.0,1,6.7
10,0,0,True,0,0.5052965367965367,3,0.4947034632034633,1,0.0,2,0.0,4,0.0,1,5.9
