fold,true_cluster,predicted_cluster,correct,top1_cluster,top1_confidence,top2_cluster,top2_confidence,top3_cluster,top3_confidence,top4_cluster,top4_confidence,top5_cluster,top5_confidence,true_rank,elevation_gain
1,0,2,False,2,0.72,0,0.28,1,0.0,3,0.0,4,0.0,2,120.0
1,0,2,False,2,0.61,6,0.24133333333333337,4,0.14866666666666667,0,0.0,3,0.0,4,51.4
1,1,0,False,0,0.44683333333333336,2,0.4086666666666666,3,0.1,4,0.03,7,0.014499999999999999,6,105.2
1,1,4,False,4,0.8023333333333333,8,0.1376666666666667,2,0.03333333333333333,5,0.02,7,0.003333333333333333,9,53.6
1,0,0,True,0,0.5876666666666667,8,0.28,3,0.11699999999999999,4,0.013333333333333332,1,0.002,1,101.0
1,1,7,False,7,0.4658333333333334,0,0.4141666666666666,4,0.12,1,0.0,3,0.0,4,43.8
1,1,1,True,1,0.35455952380952366,4,0.33828571428571413,2,0.28715476190476186,8,0.02,3,0.0,1,45.6
1,1,0,False,0,0.5392500000000001,2,0.32075000000000004,1,0.06066666666666667,8,0.04435714285714285,5,0.03497619047619047,3,81.8
1,0,1,False,1,0.86,2,0.08416666666666667,4,0.05,3,0.005833333333333333,0,0.0,5,61.0
1,1,8,False,8,0.2849404761904761,2,0.27351190476190473,3,0.2201904761904762,1,0.2163571428571428,7,0.005,4,14.8
1,1,2,False,2,0.7653888888888888,7,0.23461111111111108,1,0.0,0,0.0,3,0.0,3,116.0
1,1,4,False,4,0.41302958152958147,3,0.37246248196248194,1,0.2145079365079364,0,0.0,2,0.0,3,17.4
1,2,7,False,7,0.5143809523809524,3,0.41383333333333333,2,0.033095238095238094,4,0.02692857142857143,1,0.01176190476190476,3,75.0
1,3,2,False,2,0.6833809523809522,3,0.28661904761904755,8,0.02,1,0.01,4,0.0,2,22.4
1,1,3,False,3,0.64,8,0.22,2,0.08583333333333334,1,0.04416666666666666,6,0.005714285714285714,4,64.8
1,2,8,False,8,0.65,6,0.26,7,0.09,0,0.0,3,0.0,6,94.4
1,0,7,False,7,0.5275,8,0.4291666666666667,4,0.04333333333333333,0,0.0,3,0.0,4,122.4
1,2,8,False,8,0.37067063492063496,1,0.3440079365079364,5,0.27532142857142855,2,0.01,3,0.0,4,9.8
1,0,2,False,2,0.6333333333333333,8,0.25,7,0.08666666666666668,3,0.03,0,0.0,5,84.8
1,0,3,False,3,0.61,4,0.28,0,0.06490476190476191,7,0.0450952380952381,2,0.0,3,104.8
1,0,1,False,1,0.6016785714285713,3,0.20748015873015874,8,0.19084126984126978,0,0.0,4,0.0,4,125.8
1,0,1,False,1,0.34705952380952376,7,0.32291666666666663,2,0.3000238095238094,0,0.03,3,0.0,4,90.8
1,2,0,False,0,0.64,7,0.31,2,0.05,1,0.0,3,0.0,3,116.4
1,2,8,False,8,0.6630952380952381,1,0.1634523809523809,4,0.133452380952381,7,0.04,3,0.0,6,151.2
1,4,1,False,1,0.37190476190476196,0,0.3486428571428571,2,0.2582936507936508,4,0.010968253968253967,7,0.010190476190476189,4,87.8
1,7,1,False,1,0.6016785714285713,3,0.20748015873015874,8,0.19084126984126978,0,0.0,4,0.0,9,126.0
1,7,7,True,7,0.84,4,0.13,8,0.02,2,0.01,3,0.0,1,194.6
1,1,2,False,2,0.5177142857142857,8,0.23216666666666666,4,0.2307619047619048,6,0.012357142857142858,7,0.006999999999999999,8,53.8
1,1,7,False,7,0.5143809523809524,3,0.41383333333333333,2,0.033095238095238094,4,0.02692857142857143,1,0.01176190476190476,5,75.0
1,1,4,False,4,0.98,7,0.0155,1,0.0045000000000000005,0,0.0,3,0.0,3,29.4
1,1,1,True,1,0.9119047619047619,7,0.0680952380952381,4,0.02,0,0.0,3,0.0,1,98.6
1,7,2,False,2,0.6833809523809522,3,0.28661904761904755,8,0.02,1,0.01,4,0.0,9,22.4
1,1,4,False,4,0.94,8,0.03,7,0.015,2,0.015,3,0.0,6,72.2
1,1,1,True,1,0.71,6,0.19,8,0.06,0,0.03,2,0.01,1,69.8
1,7,7,True,7,0.64,1,0.3253333333333333,8,0.017833333333333333,5,0.016833333333333332,3,0.0,1,82.6
1,1,8,False,8,0.6225833333333333,2,0.37741666666666673,1,0.0,0,0.0,4,0.0,3,68.6
1,1,2,False,2,0.27636116661116644,1,0.15743598068598064,8,0.14926111388611388,6,0.14843548118548117,7,0.13892482517482516,2,44.8
1,1,4,False,4,0.64,1,0.12783333333333333,3,0.12000000000000002,2,0.11216666666666666,0,0.0,2,141.4
1,3,2,False,2,0.3574166666666666,4,0.3256666666666666,7,0.27825,6,0.03866666666666666,3,0.0,5,43.2
1,1,2,False,2,0.82,7,0.17,1,0.01,0,0.0,3,0.0,3,124.4
1,3,0,False,0,0.7816666666666666,7,0.15,2,0.06833333333333334,1,0.0,3,0.0,5,139.2
1,2,4,False,4,0.58,6,0.25,2,0.17,0,0.0,3,0.0,3,36.0
1,2,1,False,1,0.88,7,0.07473809523809524,0,0.04526190476190476,2,0.0,3,0.0,4,104.4
1,2,2,True,2,0.65,1,0.159,7,0.1465,0,0.044500000000000005,3,0.0,1,129.4
1,1,8,False,8,0.37067063492063496,1,0.3440079365079364,5,0.27532142857142855,2,0.01,3,0.0,2,9.8
1,7,1,False,1,0.4655833333333333,2,0.2847460317460317,0,0.2463373015873016,4,0.003333333333333333,3,0.0,8,16.0
1,7,1,False,1,0.5005873015873016,6,0.26870238095238086,3,0.2177103174603174,2,0.007666666666666666,0,0.005333333333333333,8,16.2
1,3,6,False,6,0.3616349206349206,2,0.33591269841269833,1,0.3024523809523809,0,0.0,3,0.0,5,13.4
1,3,3,True,3,0.3382619047619047,1,0.32622619047619034,2,0.3257499999999998,5,0.00976190476190476,0,0.0,1,26.0
1,7,3,False,3,0.26064682539682527,7,0.2528412698412698,1,0.24651984126984122,4,0.2199920634920635,6,0.02,2,24.4
1,2,3,False,3,0.85,1,0.11333333333333333,7,0.035,2,0.0016666666666666666,0,0.0,4,23.6
1,2,2,True,2,0.3492420634920635,3,0.3206904761904761,5,0.28756746031746017,6,0.03,8,0.01,1,66.0
1,2,7,False,7,0.49099999999999994,4,0.42900000000000005,6,0.07,2,0.01,3,0.0,4,55.4
1,2,2,True,2,0.87,7,0.11,4,0.016666666666666666,1,0.003333333333333333,3,0.0,1,149.8
1,2,7,False,7,0.465,1,0.38500000000000006,6,0.07785714285714286,3,0.04733333333333333,2,0.024809523809523806,5,19.0
1,2,6,False,6,0.3616349206349206,2,0.33591269841269833,1,0.3024523809523809,0,0.0,3,0.0,2,13.4
1,2,1,False,1,0.6859047619047619,7,0.27909523809523795,3,0.03,4,0.005,2,0.0,5,23.8
1,2,2,True,2,0.4111309523809523,1,0.29195238095238096,3,0.2749166666666666,4,0.02,7,0.002,1,33.8
1,3,3,True,3,0.5853708791208789,1,0.4146291208791208,0,0.0,2,0.0,4,0.0,1,21.2
1,3,3,True,3,0.4059682539682538,2,0.21163888888888882,1,0.20876190476190473,6,0.16363095238095238,7,0.01,1,28.2
1,2,2,True,2,0.32423551216815377,6,0.2541177406209872,3,0.18038768415099884,8,0.0991495525033036,4,0.08665818963521044,1,0.0
1,2,3,False,3,0.3622698412698413,1,0.3164682539682538,8,0.2845952380952381,7,0.03666666666666667,2,0.0,5,29.8
1,4,1,False,1,0.62,7,0.22,2,0.14,0,0.02,3,0.0,6,117.2
1,2,7,False,7,0.57,1,0.21483333333333335,3,0.17516666666666666,4,0.04,2,0.0,5,80.4
1,0,7,False,7,0.54,1,0.4167142857142857,8,0.04328571428571428,2,0.0,3,0.0,8,95.4
1,2,4,False,4,0.4396666666666667,8,0.3903333333333333,7,0.13073809523809524,1,0.03426190476190476,0,0.005,8,98.2
1,0,1,False,1,0.5925714285714283,4,0.3174285714285713,7,0.08,6,0.01,3,0.0,7,94.8
1,4,2,False,2,0.5916666666666667,8,0.16183333333333333,5,0.124,1,0.1141666666666667,6,0.008333333333333333,7,10.0
1,4,1,False,1,0.7259761904761904,6,0.2,2,0.04019047619047619,3,0.03383333333333333,0,0.0,6,74.6
1,4,4,True,4,0.59,2,0.24,7,0.15,0,0.01,1,0.01,1,242.4
1,1,2,False,2,0.6806666666666666,7,0.25916666666666666,1,0.051833333333333335,0,0.008333333333333333,3,0.0,3,92.0
1,7,1,False,1,0.61,0,0.18999999999999997,2,0.16000000000000003,7,0.04,3,0.0,4,133.6
1,1,6,False,6,0.6,3,0.4,1,0.0,0,0.0,2,0.0,3,31.4
1,7,8,False,8,0.5060952380952382,3,0.4255714285714285,6,0.06333333333333332,2,0.005,0,0.0,9,13.8
1,7,4,False,4,0.5310714285714285,8,0.40892857142857136,7,0.06,0,0.0,3,0.0,3,112.8
1,5,4,False,4,0.66,2,0.17,3,0.08983333333333335,0,0.04449999999999999,1,0.030666666666666665,7,102.8
1,1,3,False,3,0.85,1,0.11333333333333333,7,0.035,2,0.0016666666666666666,0,0.0,2,23.6
1,1,1,True,1,0.74,2,0.24666666666666665,7,0.01,0,0.003333333333333333,3,0.0,1,127.6
1,7,7,True,7,0.84,0,0.1,1,0.04,2,0.02,3,0.0,1,116.8
1,1,3,False,3,0.5678333333333333,1,0.3821666666666666,4,0.05,0,0.0,2,0.0,2,38.0
1,7,1,False,1,0.81,2,0.15223809523809523,7,0.03776190476190477,0,0.0,3,0.0,3,67.8
1,4,4,True,4,0.6689285714285714,3,0.32107142857142856,2,0.01,1,0.0,0,0.0,1,37.8
1,4,2,False,2,0.44100000000000006,1,0.42899999999999994,4,0.09316666666666666,6,0.03683333333333333,3,0.0,3,37.2
1,4,0,False,0,0.71,7,0.23,2,0.04,3,0.01,4,0.01,5,109.2
1,2,1,False,1,0.62,8,0.24,0,0.13,7,0.01,3,0.0,8,189.6
1,3,3,True,3,0.4059682539682538,2,0.21163888888888882,1,0.20876190476190473,6,0.16363095238095238,7,0.01,1,28.2
1,1,7,False,7,0.5093809523809524,3,0.41383333333333333,2,0.033095238095238094,4,0.02192857142857143,1,0.01176190476190476,5,74.8
1,7,8,False,8,0.6225833333333333,2,0.3574166666666666,4,0.02,1,0.0,3,0.0,9,68.4
1,3,4,False,4,0.6833333333333335,1,0.166,2,0.15066666666666667,0,0.0,3,0.0,5,60.6
1,1,7,False,7,0.54,1,0.4167142857142857,8,0.04328571428571428,2,0.0,3,0.0,2,95.4
1,3,1,False,1,0.5256547619047618,4,0.4683452380952379,8,0.006,2,0.0,3,0.0,5,63.2
1,2,1,False,1,0.5093333333333334,2,0.44066666666666665,8,0.04,6,0.01,3,0.0,2,175.2
1,2,1,False,1,0.35138095238095235,3,0.34978571428571426,7,0.29883333333333334,0,0.0,2,0.0,5,71.4
1,3,1,False,1,0.5625039682539683,7,0.38749603174603175,8,0.04,5,0.005,3,0.005,5,25.6
1,2,8,False,8,0.72,2,0.17883333333333332,6,0.08116666666666666,4,0.02,3,0.0,2,3.4
1,7,7,True,7,0.61,8,0.33,2,0.05,1,0.01,3,0.0,1,45.2
1,2,2,True,2,0.5084177489177489,8,0.4515822510822511,4,0.04,1,0.0,3,0.0,1,2.4
1,2,3,False,3,0.6316666666666666,6,0.24945238095238093,2,0.11221428571428571,1,0.003333333333333333,7,0.003333333333333333,3,12.6
1,2,1,False,1,0.5336703296703296,2,0.1703904151404151,0,0.1480152625152625,4,0.14792399267399273,3,0.0,2,8.6
1,2,0,False,0,0.29892857142857127,4,0.27549206349206334,3,0.2309722222222221,1,0.1946071428571428,2,0.0,5,101.4
1,8,6,False,6,0.67,7,0.19,3,0.0975,5,0.02,8,0.015,5,64.0
1,8,2,False,2,0.83,4,0.115,6,0.04,3,0.01,1,0.005,9,78.6
1,8,8,True,8,0.3748809523809524,7,0.31395238095238076,1,0.25783333333333336,6,0.05,3,0.003333333333333333,1,47.4
1,8,7,False,7,0.5143809523809524,3,0.41383333333333333,2,0.033095238095238094,4,0.02692857142857143,1,0.01176190476190476,9,75.0
1,4,0,False,0,0.61,2,0.1953333333333333,1,0.14466666666666667,4,0.04,7,0.01,4,88.8
1,3,1,False,1,0.2632023809523808,3,0.26238095238095227,4,0.2405436507936508,2,0.2338730158730157,0,0.0,2,26.4
1,4,7,False,7,0.6956666666666667,2,0.21,4,0.07016666666666665,1,0.024166666666666666,3,0.0,3,138.0
1,8,1,False,1,0.62,8,0.23,0,0.13,7,0.02,3,0.0,2,190.0
1,2,2,True,2,0.88,4,0.09,7,0.03,0,0.0,3,0.0,1,199.4
1,3,1,False,1,0.86,2,0.10099999999999999,7,0.039,0,0.0,3,0.0,5,59.6
1,8,7,False,7,0.6075,8,0.25,4,0.14,2,0.0025,3,0.0,2,158.2
1,3,2,False,2,0.494547619047619,4,0.43795238095238104,3,0.043166666666666666,1,0.024333333333333332,0,0.0,3,38.4
1,3,1,False,1,0.4369534632034632,2,0.3837150072150072,3,0.17933152958152948,0,0.0,4,0.0,3,19.8
1,4,7,False,7,0.5275,8,0.4291666666666667,4,0.04333333333333333,0,0.0,3,0.0,3,122.4
1,3,1,False,1,0.35138095238095235,3,0.34978571428571426,7,0.2738333333333334,8,0.025,2,0.0,2,71.6
1,3,1,False,1,0.47359632034632027,2,0.3518001443001442,6,0.1746035353535353,0,0.0,3,0.0,5,21.4
1,5,0,False,0,0.71,4,0.18,1,0.056666666666666664,7,0.05,3,0.003333333333333333,7,142.4
1,3,7,False,7,0.5275,8,0.4291666666666667,4,0.04333333333333333,0,0.0,3,0.0,5,122.4
1,7,2,False,2,0.44100000000000006,1,0.42899999999999994,4,0.09316666666666666,6,0.03683333333333333,3,0.0,8,37.2
1,3,2,False,2,0.6833809523809522,3,0.28661904761904755,8,0.02,1,0.01,4,0.0,2,22.4
1,7,0,False,0,0.71,4,0.18,3,0.0435,2,0.0345,1,0.032,8,142.2
1,1,2,False,2,0.6806666666666666,7,0.25916666666666666,1,0.051833333333333335,0,0.008333333333333333,3,0.0,3,91.8
1,7,1,False,1,0.48219047619047617,2,0.3371028138528137,3,0.18070670995670998,0,0.0,4,0.0,8,25.2
1,7,0,False,0,0.8280476190476189,4,0.15195238095238095,6,0.01,3,0.01,2,0.0,8,94.0
1,1,1,True,1,0.347547619047619,4,0.3233690476190475,8,0.30566666666666653,2,0.017416666666666667,6,0.006,1,19.2
1,1,1,True,1,0.7596428571428571,4,0.24035714285714285,2,0.0,0,0.0,3,0.0,1,77.8
1,2,0,False,0,0.8516666666666666,1,0.1,2,0.04833333333333333,3,0.0,4,0.0,3,106.0
1,4,3,False,3,0.59,6,0.27,8,0.07,1,0.03666666666666667,4,0.03333333333333333,5,60.0
1,4,4,True,4,0.59,1,0.2348809523809524,0,0.14511904761904762,6,0.025,2,0.005,1,32.6
1,4,6,False,6,0.3498928571428571,1,0.3335714285714285,2,0.2965357142857143,4,0.02,3,0.0,4,16.8
1,7,2,False,2,0.65,7,0.35,1,0.0,0,0.0,3,0.0,2,124.6
1,1,3,False,3,0.64,6,0.22,1,0.08416666666666667,5,0.042583333333333334,2,0.01325,3,32.2
1,2,2,True,2,0.6278809523809525,6,0.3721190476190476,1,0.0,0,0.0,3,0.0,1,47.2
1,1,2,False,2,0.62,6,0.22,1,0.06533333333333334,8,0.05183333333333333,0,0.03283333333333333,3,55.2
1,8,4,False,4,0.7742857142857141,8,0.1657142857142857,7,0.06,0,0.0,3,0.0,2,112.4
1,3,8,False,8,0.7992738095238091,4,0.2007261904761905,2,0.0,0,0.0,3,0.0,5,17.9
1,1,1,True,1,0.8198015873015876,6,0.1028452380952381,3,0.07401984126984128,4,0.003333333333333333,2,0.0,1,16.4
1,7,7,True,7,0.4799285714285714,1,0.4750714285714286,8,0.045,2,0.0,3,0.0,1,45.4
1,2,8,False,8,0.524,2,0.429,1,0.025666666666666667,3,0.021333333333333333,4,0.0,2,48.0
1,3,2,False,2,0.32423551216815377,6,0.2541177406209872,3,0.18038768415099884,8,0.0991495525033036,4,0.08665818963521044,3,0.0
1,3,2,False,2,0.48101190476190486,3,0.2643809523809524,1,0.2546071428571428,0,0.0,4,0.0,2,11.4
1,1,8,False,8,0.6136666666666667,3,0.23758333333333337,2,0.13841666666666666,1,0.005333333333333333,7,0.005,4,28.9
1,2,6,False,6,0.36777869352869347,8,0.16387179487179482,1,0.1633711843711843,7,0.15326923076923074,2,0.15170909645909642,5,44.6
1,3,2,False,2,0.49500000000000005,3,0.48499999999999993,8,0.011666666666666665,1,0.008333333333333333,4,0.0,2,4.9
1,3,2,False,2,0.32423551216815377,6,0.2541177406209872,3,0.18038768415099884,8,0.0991495525033036,4,0.08665818963521044,3,0.0
1,2,2,True,2,0.6485238095238094,6,0.3314761904761905,3,0.01,1,0.01,0,0.0,1,35.3
1,2,2,True,2,0.32423551216815377,6,0.2541177406209872,3,0.18038768415099884,8,0.0991495525033036,4,0.08665818963521044,1,0.0
1,2,1,False,1,0.6,2,0.32,6,0.07,8,0.01,3,0.0,2,40.9
1,8,2,False,2,0.32423551216815377,6,0.2541177406209872,3,0.18038768415099884,8,0.0991495525033036,4,0.08665818963521044,4,0.0
1,6,6,True,6,0.5457460317460315,1,0.227015873015873,0,0.22123809523809523,4,0.006,3,0.0,1,27.8
1,6,3,False,3,0.4818333333333333,2,0.42983333333333335,0,0.08166666666666668,1,0.005,4,0.0016666666666666666,7,8.1
1,6,8,False,8,0.5666666666666667,5,0.39333333333333337,4,0.02482142857142857,2,0.00875,1,0.006428571428571428,7,15.6
1,6,2,False,2,0.32423551216815377,6,0.2541177406209872,3,0.18038768415099884,8,0.0991495525033036,4,0.08665818963521044,2,0.0
1,4,2,False,2,0.32423551216815377,6,0.2541177406209872,3,0.18038768415099884,8,0.0991495525033036,4,0.08665818963521044,5,0.0
1,6,2,False,2,0.32423551216815377,6,0.2541177406209872,3,0.18038768415099884,8,0.0991495525033036,4,0.08665818963521044,2,0.0
1,4,2,False,2,0.32423551216815377,6,0.2541177406209872,3,0.18038768415099884,8,0.0991495525033036,4,0.08665818963521044,5,0.0
1,6,2,False,2,0.32423551216815377,6,0.2541177406209872,3,0.18038768415099884,8,0.0991495525033036,4,0.08665818963521044,2,0.0
1,6,6,True,6,0.9124682539682537,4,0.08753174603174604,0,0.0,1,0.0,3,0.0,1,43.4
1,4,1,False,1,0.6135476190476191,0,0.35645238095238085,6,0.02,3,0.01,2,0.0,6,32.4
1,8,3,False,3,0.61,2,0.1945,4,0.17550000000000002,6,0.0075,7,0.006666666666666666,9,81.2
1,8,8,True,8,0.68,3,0.16,4,0.085,1,0.05,6,0.02,1,60.1
1,6,2,False,2,0.5047380952380954,4,0.44692857142857134,8,0.04833333333333333,1,0.0,3,0.0,7,68.7
1,8,1,False,1,0.5094523809523809,3,0.4048809523809524,2,0.07066666666666667,7,0.01,4,0.005,9,80.7
1,6,2,False,2,0.32423551216815377,6,0.2541177406209872,3,0.18038768415099884,8,0.0991495525033036,4,0.08665818963521044,2,0.0
1,6,7,False,7,0.96,0,0.02,4,0.02,1,0.0,3,0.0,8,112.1
1,6,4,False,4,0.87,2,0.12,7,0.01,0,0.0,3,0.0,8,109.9
1,8,8,True,8,0.67,6,0.2640064935064935,4,0.06599350649350649,0,0.0,3,0.0,1,43.6
1,6,1,False,1,0.5005873015873016,6,0.26870238095238086,3,0.2177103174603174,2,0.007666666666666666,0,0.005333333333333333,2,16.3
1,6,2,False,2,0.55,7,0.27,1,0.09,8,0.09,3,0.0,9,69.3
1,6,6,True,6,0.34022619047619046,8,0.32438095238095244,3,0.3187261904761905,1,0.011666666666666667,7,0.005,1,24.7
1,8,8,True,8,0.5456233766233766,2,0.4503766233766233,4,0.004,1,0.0,3,0.0,1,2.2
1,6,2,False,2,0.32423551216815377,6,0.2541177406209872,3,0.18038768415099884,8,0.0991495525033036,4,0.08665818963521044,2,0.0
1,8,1,False,1,0.5231040626040625,3,0.21648409923409917,4,0.13054087579087575,2,0.12987096237096232,0,0.0,9,15.2
1,8,8,True,8,0.5131666666666668,4,0.38516666666666666,0,0.08833333333333332,6,0.013333333333333332,3,0.0,1,58.7
1,4,0,False,0,0.5043809523809525,7,0.47342857142857137,1,0.022190476190476188,2,0.0,3,0.0,6,97.9
1,4,2,False,2,0.6846031746031745,6,0.19,1,0.06166666666666666,8,0.038690476190476185,3,0.02503968253968254,8,47.8
1,8,4,False,4,0.44183333333333336,7,0.43205555555555547,8,0.11,1,0.01611111111111111,3,0.0,3,75.6
1,4,2,False,2,0.6485238095238094,6,0.3314761904761905,3,0.02,1,0.0,0,0.0,6,35.2
1,8,7,False,7,0.5143809523809524,3,0.41383333333333333,2,0.033095238095238094,4,0.02692857142857143,1,0.01176190476190476,9,75.0
1,8,3,False,3,0.7316666666666666,4,0.26,7,0.008333333333333333,0,0.0,2,0.0,9,80.1
2,1,1,True,1,0.69,4,0.16,6,0.14,2,0.01,3,0.0,1,49.6
2,1,7,False,7,0.27572222222222215,1,0.26433333333333314,3,0.23476984126984113,6,0.22517460317460308,2,0.0,2,16.2
2,0,2,False,2,0.6,1,0.2791666666666666,0,0.10083333333333334,7,0.02,3,0.0,3,106.0
2,1,1,True,1,0.5403809523809524,3,0.42069047619047617,6,0.03,7,0.008928571428571428,2,0.0,1,20.6
2,1,2,False,2,0.5165,0,0.3835,7,0.1,1,0.0,3,0.0,4,133.4
2,0,4,False,4,0.66,2,0.16633333333333333,1,0.15366666666666667,7,0.02,3,0.0,6,88.8
2,0,7,False,7,0.6534880952380953,0,0.30651190476190465,2,0.023166666666666665,1,0.016833333333333332,3,0.0,2,104.6
2,2,4,False,4,0.7,1,0.13198443223443224,8,0.07772435897435898,2,0.04970970695970696,5,0.040581501831501825,4,10.0
2,1,2,False,2,0.34133333333333327,7,0.33126190476190465,4,0.32740476190476187,0,0.0,3,0.0,6,57.6
2,0,1,False,1,0.58,2,0.21,0,0.13,7,0.04,8,0.04,3,106.4
2,1,8,False,8,0.615,4,0.27,1,0.06133333333333333,2,0.04066666666666666,6,0.005,3,65.6
2,3,1,False,1,0.49139184426684424,3,0.1489996114996114,2,0.13149456099456092,8,0.11523316960816953,4,0.1128808136308136,2,15.2
2,2,2,True,2,0.455,6,0.405,3,0.07416666666666666,8,0.06583333333333333,0,0.0,1,3.2
2,1,8,False,8,0.4996666666666666,1,0.4903333333333334,7,0.01,2,0.0,3,0.0,2,95.8
2,2,6,False,6,0.37254761904761907,3,0.32553174603174595,5,0.2802539682539682,1,0.021666666666666664,2,0.0,5,18.2
2,1,8,False,8,0.67,3,0.17,7,0.15249999999999997,2,0.0075,0,0.0,8,14.0
2,0,1,False,1,0.61,2,0.29,5,0.05,4,0.03,7,0.02,6,250.8
2,5,3,False,3,0.6234105339105337,2,0.3765894660894661,1,0.0,0,0.0,4,0.0,6,30.4
2,0,1,False,1,0.3395119047619047,3,0.3159404761904761,7,0.28454761904761905,6,0.06,2,0.0,6,24.6
2,0,2,False,2,0.91,4,0.06,5,0.03,0,0.0,3,0.0,4,167.6
2,0,1,False,1,0.69,0,0.25566666666666665,2,0.04,8,0.009000000000000001,7,0.005333333333333333,2,130.2
2,2,0,False,0,0.48497619047619056,1,0.4675238095238094,3,0.047499999999999994,2,0.0,4,0.0,4,105.2
2,2,7,False,7,0.34560317460317447,1,0.3415793650793651,4,0.31281746031746027,0,0.0,3,0.0,6,37.2
2,2,2,True,2,0.3684761904761904,3,0.319142857142857,8,0.31238095238095226,1,0.0,4,0.0,1,5.4
2,2,2,True,2,0.86,7,0.13,8,0.01,1,0.0,3,0.0,1,198.0
2,4,4,True,4,0.58,6,0.25,2,0.14,7,0.03,3,0.0,1,110.0
2,3,3,True,3,0.99,6,0.01,1,0.0,0,0.0,2,0.0,1,31.2
2,3,8,False,8,0.41317640692640706,7,0.22048629148629137,2,0.1914613997113997,1,0.17487590187590182,3,0.0,5,75.0
2,3,3,True,3,0.4531666666666667,4,0.3968333333333333,2,0.057547619047619056,8,0.04907142857142857,1,0.04338095238095238,1,89.8
2,1,0,False,0,0.63,7,0.1876666666666667,4,0.15233333333333332,2,0.03,3,0.0,6,131.8
2,3,1,False,1,0.6365000000000001,2,0.3601666666666666,3,0.003333333333333333,0,0.0,4,0.0,3,26.2
2,1,8,False,8,0.615,4,0.27,1,0.06133333333333333,2,0.04066666666666666,6,0.005,3,65.6
2,1,1,True,1,0.64125,8,0.1621904761904762,6,0.1478095238095238,2,0.045,3,0.0025,1,33.2
2,3,7,False,7,0.5128333333333333,3,0.46716666666666673,1,0.02,0,0.0,2,0.0,2,13.2
2,3,4,False,4,0.64,2,0.32,5,0.02,8,0.02,3,0.0,5,166.8
2,7,1,False,1,0.93,0,0.04,5,0.02,4,0.01,3,0.0,8,143.6
2,7,7,True,7,0.67,3,0.15233333333333332,4,0.14766666666666667,2,0.016666666666666666,1,0.013333333333333332,1,89.6
2,1,2,False,2,0.92,0,0.07,1,0.01,3,0.0,4,0.0,3,145.8
2,1,3,False,3,0.6372492784992784,2,0.1880638528138527,6,0.17468686868686864,1,0.0,0,0.0,4,28.2
2,1,6,False,6,0.67,8,0.18,3,0.07009126984126984,2,0.04706349206349206,7,0.032845238095238094,8,22.2
2,1,3,False,3,0.3872056277056277,1,0.23495634920634914,7,0.20047258297258297,2,0.17736544011544012,0,0.0,2,28.0
2,2,1,False,1,0.7176190476190476,5,0.23238095238095233,6,0.04,3,0.01,2,0.0,5,32.0
2,8,4,False,4,0.66,0,0.22,7,0.07,2,0.04,6,0.01,9,181.2
2,2,1,False,1,0.69,2,0.26,8,0.05,0,0.0,4,0.0,2,174.4
2,2,1,False,1,0.62,7,0.3091666666666667,2,0.07083333333333335,0,0.0,3,0.0,3,115.2
2,1,8,False,8,0.6823809523809524,7,0.23571428571428577,6,0.06,1,0.012619047619047618,3,0.005357142857142857,4,47.4
2,2,3,False,3,0.2705674603174602,4,0.26765873015873004,8,0.2281944444444444,2,0.22457936507936505,1,0.009000000000000001,4,15.4
2,3,1,False,1,0.4268571428571428,2,0.3874563492063492,3,0.18568650793650782,0,0.0,4,0.0,3,19.8
2,7,7,True,7,0.4729761904761905,2,0.44702380952380943,4,0.07,8,0.01,3,0.0,1,157.0
2,7,3,False,3,0.36716666666666664,2,0.3514285714285713,1,0.2814047619047618,0,0.0,4,0.0,8,12.4
2,2,1,False,1,0.7,8,0.22,4,0.07600000000000001,6,0.004,3,0.0,6,53.8
2,2,3,False,3,0.6378896103896106,1,0.34023160173160166,5,0.02187878787878788,0,0.0,2,0.0,5,26.0
2,7,2,False,2,0.9,8,0.09428571428571429,3,0.002857142857142857,1,0.002857142857142857,4,0.0,9,85.2
2,2,7,False,7,0.67,1,0.17871428571428574,2,0.1412857142857143,4,0.01,3,0.0,3,89.4
2,2,2,True,2,0.7,7,0.22,1,0.03176190476190476,8,0.031714285714285716,4,0.016523809523809524,1,150.0
2,2,2,True,2,0.662,3,0.27,4,0.04,8,0.027999999999999997,0,0.0,1,4.0
2,2,8,False,8,0.7951782106782105,2,0.1981551226551226,4,0.006666666666666666,1,0.0,3,0.0,2,2.2
2,2,4,False,4,0.4074285714285715,2,0.3825144300144299,7,0.21005699855699853,0,0.0,3,0.0,2,87.6
2,2,6,False,6,0.3405198412698411,3,0.2930786435786434,1,0.20789466089466083,7,0.15850685425685423,2,0.0,5,27.6
2,0,3,False,3,0.61,0,0.18333333333333332,2,0.17666666666666667,7,0.025,4,0.005,2,139.0
2,2,4,False,4,0.5969707792207792,1,0.39302922077922076,6,0.006666666666666666,8,0.003333333333333333,3,0.0,6,15.8
2,2,3,False,3,0.43847222222222215,2,0.3448167388167388,7,0.21671103896103885,1,0.0,0,0.0,2,22.4
2,0,1,False,1,0.4079285714285714,3,0.4020714285714286,7,0.12,4,0.027999999999999997,5,0.022000000000000002,7,102.6
2,2,1,False,1,0.5176666666666668,3,0.369,2,0.11,0,0.003333333333333333,4,0.0,3,61.4
2,7,2,False,2,0.5665,0,0.3835,7,0.05,1,0.0,3,0.0,3,133.0
2,7,8,False,8,0.59,3,0.39,1,0.008333333333333333,0,0.006666666666666666,7,0.005,5,99.4
2,2,2,True,2,0.8536666666666668,1,0.14633333333333332,0,0.0,3,0.0,4,0.0,1,11.0
2,2,8,False,8,0.6472499999999998,7,0.3127499999999999,4,0.04,0,0.0,3,0.0,6,46.4
2,0,2,False,2,0.6333333333333333,1,0.26,7,0.07666666666666667,0,0.03,3,0.0,4,114.8
2,7,4,False,4,0.4690000000000001,2,0.4209999999999999,1,0.05733333333333333,8,0.05266666666666667,3,0.0,9,84.0
2,7,4,False,4,0.34222222222222215,2,0.3131825396825397,6,0.26459523809523805,1,0.07,8,0.01,9,54.0
2,1,4,False,4,0.9229999999999999,3,0.067,5,0.01,0,0.0,2,0.0,6,62.4
2,1,2,False,2,0.769,6,0.18766666666666665,1,0.03,8,0.013333333333333332,3,0.0,3,33.0
2,1,8,False,8,0.62,4,0.21900000000000003,2,0.12100000000000001,7,0.03,6,0.01,8,69.0
2,7,7,True,7,0.7983333333333333,3,0.14,0,0.06166666666666666,1,0.0,2,0.0,1,108.6
2,8,0,False,0,0.62,7,0.26666666666666666,2,0.11333333333333334,1,0.0,3,0.0,9,114.4
2,3,2,False,2,0.2975600170632057,6,0.28903687443396964,3,0.17435940110100748,8,0.11460538635698164,4,0.0755209340018779,3,0.0
2,3,7,False,7,0.84,4,0.1,0,0.05,2,0.01,3,0.0,5,113.8
2,7,7,True,7,0.66,3,0.15866666666666665,1,0.14733333333333332,0,0.018666666666666665,4,0.015333333333333332,1,102.2
2,1,8,False,8,0.62,6,0.24,4,0.1,2,0.04,3,0.0,6,176.4
2,7,2,False,2,0.66,6,0.23,1,0.10800000000000001,7,0.002,3,0.0,4,153.0
2,3,3,True,3,0.2683253968253967,8,0.2676150793650792,1,0.24457142857142844,7,0.1911547619047618,2,0.0225,1,27.2
2,7,3,False,3,0.32458189033189017,7,0.29886507936507933,8,0.1940743145743145,6,0.1724787157287157,4,0.01,2,44.0
2,3,1,False,1,0.701,8,0.25,7,0.025,2,0.024,3,0.0,5,80.6
2,2,7,False,7,0.4267045454545456,2,0.27276226551226546,8,0.2671998556998557,0,0.03,1,0.003333333333333333,2,90.4
2,2,2,True,2,0.65,0,0.15166666666666667,7,0.14833333333333332,1,0.03,8,0.02,1,108.0
2,2,3,False,3,0.36716666666666664,2,0.3514285714285713,1,0.2814047619047618,0,0.0,4,0.0,2,12.4
2,2,1,False,1,0.34290098790098783,2,0.3217827727827726,4,0.17622763347763343,6,0.1590886058386058,3,0.0,2,19.4
2,7,8,False,8,0.7858333333333334,2,0.17416666666666664,3,0.021333333333333333,1,0.011000000000000001,7,0.007666666666666667,5,71.8
2,7,8,False,8,0.66,0,0.17333333333333337,2,0.14666666666666667,3,0.01,7,0.01,5,85.0
2,2,1,False,1,0.4721573426573427,4,0.18388275613275615,2,0.1795851093351093,0,0.16437479187479187,3,0.0,3,8.6
2,2,0,False,0,0.6457142857142857,7,0.15500000000000003,2,0.10317857142857141,8,0.09610714285714286,3,0.0,3,90.6
2,1,2,False,2,0.47600000000000003,3,0.424,1,0.08,4,0.02,0,0.0,3,141.0
2,8,7,False,7,0.294810606060606,0,0.25586544011544005,3,0.22467207792207783,4,0.2246518759018759,2,0.0,9,122.4
2,4,2,False,2,0.86,7,0.13,8,0.01,1,0.0,3,0.0,6,197.2
2,4,2,False,2,0.9,8,0.07,1,0.03,0,0.0,4,0.0,5,34.6
2,3,8,False,8,0.4940714285714285,3,0.39811904761904765,1,0.05,6,0.037714285714285714,7,0.020095238095238097,2,66.6
2,3,3,True,3,0.48949999999999994,4,0.42800000000000005,1,0.07,6,0.006500000000000001,2,0.006,1,35.0
2,3,1,False,1,0.3915425685425684,3,0.3750851370851372,5,0.23337229437229426,0,0.0,2,0.0,2,25.8
2,3,1,False,1,0.6896280108780107,2,0.15648709623709625,3,0.15388489288489288,0,0.0,4,0.0,3,23.4
2,3,4,False,4,0.695,7,0.25,0,0.05,8,0.005,3,0.0,5,113.6
2,8,1,False,1,0.34744047619047613,4,0.3429404761904762,0,0.2896190476190475,8,0.02,3,0.0,4,111.2
2,1,1,True,1,0.6,2,0.25,4,0.12233333333333335,7,0.027666666666666666,3,0.0,1,120.8
2,3,8,False,8,0.45861904761904776,1,0.43899999999999983,7,0.09,4,0.012380952380952381,3,0.0,5,63.6
2,5,1,False,1,0.61,7,0.13564285714285715,0,0.13078571428571428,2,0.12357142857142855,3,0.0,7,86.4
2,3,2,False,2,0.46757936507936504,3,0.4633730158730159,1,0.06904761904761904,0,0.0,4,0.0,2,23.2
2,1,8,False,8,0.54,1,0.2788333333333334,2,0.14633333333333334,7,0.03483333333333333,3,0.0,2,76.2
2,4,3,False,3,0.5225133477633479,2,0.2445090187590187,1,0.2329776334776334,0,0.0,4,0.0,5,38.6
2,4,0,False,0,0.9166666666666669,7,0.07333333333333332,3,0.01,1,0.0,2,0.0,6,93.8
2,7,0,False,0,0.66,1,0.13336904761904764,7,0.10401190476190476,4,0.09761904761904763,2,0.005,3,104.0
2,7,2,False,2,0.6333333333333333,0,0.26,7,0.09666666666666668,1,0.01,3,0.0,3,114.6
2,7,2,False,2,0.6035476190476189,0,0.3464523809523808,1,0.03,7,0.02,3,0.0,4,126.6
2,1,3,False,3,0.4822380952380952,2,0.45776190476190487,7,0.030333333333333334,1,0.029666666666666668,0,0.0,4,14.2
2,1,6,False,6,0.37254761904761907,3,0.32553174603174595,5,0.2802539682539682,1,0.021666666666666664,2,0.0,4,18.2
2,1,1,True,1,0.69,7,0.2325,4,0.06,2,0.0175,3,0.0,1,68.0
2,1,3,False,3,0.6237142857142854,6,0.3121190476190476,8,0.0375,4,0.018333333333333333,7,0.005833333333333333,6,27.0
2,3,8,False,8,0.4940714285714285,3,0.39811904761904765,1,0.05,6,0.037714285714285714,7,0.020095238095238097,2,66.6
2,1,1,True,1,0.63,6,0.29,3,0.033666666666666664,2,0.03216666666666667,8,0.014166666666666666,1,77.2
2,1,3,False,3,0.39801731601731605,1,0.21472222222222218,8,0.19551370851370845,2,0.19174675324675325,4,0.0,2,20.2
2,8,0,False,0,0.66,1,0.12586904761904763,4,0.11011904761904764,7,0.10401190476190476,3,0.0,9,103.8
2,4,3,False,3,0.68,1,0.1436666666666667,4,0.1363333333333333,2,0.04,0,0.0,3,78.2
2,4,1,False,1,0.613642857142857,2,0.35469047619047606,8,0.03166666666666666,0,0.0,4,0.0,5,45.6
2,1,1,True,1,0.4896666666666667,7,0.43033333333333346,2,0.0575,4,0.02,3,0.0025,1,14.4
2,2,1,False,1,0.87,4,0.12,6,0.01,0,0.0,3,0.0,6,77.4
2,1,2,False,2,0.36440476190476184,3,0.3566666666666666,1,0.27892857142857136,0,0.0,4,0.0,3,6.1
2,3,1,False,1,0.5812619047619045,3,0.3470714285714285,4,0.07166666666666667,0,0.0,2,0.0,2,37.9
2,2,2,True,2,0.35215495615495607,3,0.3227137584637583,1,0.17499686424686417,7,0.15013442113442108,0,0.0,1,33.6
2,3,3,True,3,0.7271753246753248,1,0.19676406926406922,2,0.07106060606060607,4,0.005,0,0.0,1,17.3
2,2,6,False,6,0.62,2,0.25,8,0.07083333333333333,3,0.03916666666666666,1,0.02,2,40.8
2,3,1,False,1,0.4152424242424243,4,0.3841850649350648,3,0.19390584415584405,2,0.006666666666666666,0,0.0,3,17.4
2,1,2,False,2,0.66,3,0.22881349206349205,1,0.11118650793650792,0,0.0,4,0.0,3,21.1
2,3,2,False,2,0.3479761904761905,7,0.33323809523809517,3,0.31878571428571423,1,0.0,0,0.0,3,11.8
2,1,2,False,2,0.5655,4,0.3845000000000001,1,0.05,0,0.0,3,0.0,3,34.4
2,7,2,False,2,0.5011666666666666,1,0.42919047619047623,3,0.03729761904761905,8,0.032345238095238094,4,0.0,9,14.7
2,1,2,False,2,0.89,1,0.07780952380952381,8,0.03219047619047619,0,0.0,4,0.0,2,39.4
2,2,1,False,1,0.5265000000000001,6,0.41566666666666663,7,0.057833333333333334,0,0.0,3,0.0,6,41.9
2,2,2,True,2,0.2975600170632057,6,0.28903687443396964,3,0.17435940110100748,8,0.11460538635698164,4,0.0755209340018779,1,0.0
2,2,2,True,2,0.5011666666666666,1,0.42919047619047623,3,0.03729761904761905,8,0.032345238095238094,4,0.0,1,14.7
2,4,2,False,2,0.63,8,0.2991666666666667,5,0.04083333333333333,3,0.016666666666666666,4,0.006666666666666666,5,61.8
2,8,4,False,4,0.84,2,0.07902380952380952,3,0.04247619047619047,1,0.0385,0,0.0,9,73.9
2,4,1,False,1,0.7345436507936508,3,0.25545634920634913,2,0.005,7,0.005,0,0.0,6,39.0
2,8,7,False,7,0.3626111111111111,0,0.3045,6,0.3028888888888888,8,0.025,4,0.005,4,58.6
2,8,0,False,0,0.68,3,0.19,8,0.07666666666666667,4,0.03333333333333333,2,0.02,3,59.0
2,6,6,True,6,0.36119047619047623,3,0.30777380952380945,2,0.30770238095238084,1,0.023333333333333334,0,0.0,1,18.8
2,6,6,True,6,0.522888888888889,0,0.23942063492063487,1,0.22769047619047617,4,0.01,3,0.0,1,27.8
2,6,8,False,8,0.67,3,0.17,7,0.15249999999999997,2,0.0075,0,0.0,9,14.0
2,6,2,False,2,0.45833333333333315,7,0.3816666666666666,6,0.16,0,0.0,3,0.0,3,49.2
2,4,2,False,2,0.5671468253968254,8,0.4261865079365081,4,0.006666666666666666,1,0.0,3,0.0,3,2.5
2,6,2,False,2,0.2975600170632057,6,0.28903687443396964,3,0.17435940110100748,8,0.11460538635698164,4,0.0755209340018779,2,0.0
2,6,4,False,4,0.35805952380952377,2,0.3250476190476191,3,0.3168928571428571,1,0.0,0,0.0,7,17.0
2,4,1,False,1,0.6242857142857143,7,0.19285714285714284,6,0.18,3,0.002857142857142857,2,0.0,8,40.1
2,6,2,False,2,0.5908888888888889,6,0.399111111111111,4,0.01,0,0.0,3,0.0,2,10.3
2,6,8,False,8,0.49161111111111117,3,0.37838888888888894,6,0.11,7,0.016666666666666666,1,0.003333333333333333,3,24.8
2,4,1,False,1,0.8985000000000001,6,0.03675,4,0.03341666666666667,2,0.03133333333333333,3,0.0,3,16.6
2,4,1,False,1,0.4896666666666667,7,0.43033333333333346,2,0.0575,4,0.02,3,0.0025,4,14.4
2,6,6,True,6,0.6516666666666667,2,0.34083333333333327,0,0.0075,1,0.0,3,0.0,1,43.0
2,4,2,False,2,0.2975600170632057,6,0.28903687443396964,3,0.17435940110100748,8,0.11460538635698164,4,0.0755209340018779,5,0.0
2,8,1,False,1,0.8776666666666667,4,0.0625,0,0.059833333333333336,2,0.0,3,0.0,9,110.8
2,4,4,True,4,0.64,2,0.17023809523809524,3,0.10428571428571429,1,0.08547619047619047,0,0.0,1,33.7
2,4,7,False,7,0.6534880952380953,0,0.32317857142857137,3,0.013333333333333332,1,0.005,2,0.005,6,104.7
2,4,2,False,2,0.2975600170632057,6,0.28903687443396964,3,0.17435940110100748,8,0.11460538635698164,4,0.0755209340018779,5,0.0
2,4,2,False,2,0.89,1,0.07780952380952381,8,0.03219047619047619,0,0.0,4,0.0,5,39.4
2,8,1,False,1,0.6131547619047617,4,0.3579285714285714,2,0.019916666666666666,6,0.009000000000000001,3,0.0,9,19.2
2,8,1,False,1,0.494,0,0.396,6,0.1,4,0.01,3,0.0,9,55.0
2,6,2,False,2,0.47600000000000003,7,0.414,4,0.07,8,0.02083333333333333,1,0.01,9,53.2
2,6,2,False,2,0.583388888888889,6,0.399111111111111,4,0.01,1,0.005,5,0.0025,2,10.2
2,6,6,True,6,0.8789999999999999,2,0.11349999999999999,0,0.0075,1,0.0,3,0.0,1,42.9
2,6,1,False,1,0.6858333333333334,6,0.31416666666666665,2,0.0,0,0.0,3,0.0,2,42.2
2,8,3,False,3,0.4255,7,0.42450000000000004,8,0.12,6,0.03,2,0.0,3,13.8
2,6,7,False,7,0.4241746031746031,0,0.30484126984126975,1,0.2709841269841269,2,0.0,3,0.0,8,81.4
2,8,5,False,5,0.3496190476190476,8,0.33664285714285713,6,0.30373809523809525,4,0.006666666666666666,1,0.003333333333333333,2,15.7
2,8,4,False,4,0.66,1,0.18964285714285714,2,0.13535714285714287,3,0.015,0,0.0,9,30.1
2,6,3,False,3,0.9226666666666666,6,0.06,2,0.009555555555555557,1,0.005555555555555556,8,0.0022222222222222222,2,20.4
2,8,8,True,8,0.3738095238095238,7,0.3284523809523809,4,0.2757380952380952,1,0.015,2,0.006999999999999999,1,75.4
2,4,8,False,8,0.66,1,0.26,4,0.07,5,0.01,3,0.0,3,53.7
2,8,7,False,7,0.9453333333333334,1,0.04716666666666667,8,0.0075,2,0.0,3,0.0,3,45.3
2,4,2,False,2,0.5655,4,0.3845000000000001,1,0.05,0,0.0,3,0.0,2,34.4
2,8,7,False,7,0.3626111111111111,0,0.3045,6,0.3028888888888888,8,0.025,4,0.005,4,58.5
2,8,2,False,2,0.65,6,0.24,7,0.08,1,0.03,3,0.0,9,69.5
3,3,1,False,1,0.33873015873015866,4,0.31391666666666657,3,0.3048531746031745,6,0.03,7,0.00625,3,24.0
3,0,2,False,2,0.558,0,0.402,7,0.03,4,0.01,3,0.0,2,119.8
3,1,0,False,0,0.89,7,0.11,2,0.0,1,0.0,3,0.0,4,106.6
3,1,8,False,8,0.4828095238095238,3,0.37252380952380953,2,0.1446666666666667,1,0.0,4,0.0,4,48.2
3,1,3,False,3,0.62,0,0.18166666666666673,1,0.13833333333333334,7,0.04,6,0.02,3,70.6
3,1,0,False,0,0.68,2,0.20666666666666664,4,0.08,3,0.03,1,0.003333333333333333,5,61.0
3,1,7,False,7,0.7909999999999999,0,0.13899999999999998,1,0.07,2,0.0,3,0.0,3,98.8
3,1,0,False,0,0.68,2,0.20666666666666664,4,0.08,3,0.03,1,0.003333333333333333,5,61.0
3,1,1,True,1,0.92,7,0.04,2,0.025,8,0.011666666666666665,4,0.003333333333333333,1,98.6
3,1,3,False,3,0.4670714285714286,1,0.27971428571428564,2,0.25321428571428567,0,0.0,4,0.0,2,19.8
3,3,3,True,3,0.6381904761904761,6,0.3491428571428572,1,0.012666666666666666,0,0.0,2,0.0,1,20.4
3,2,1,False,1,0.5919206349206348,7,0.21084307359307353,3,0.19723629148629146,0,0.0,2,0.0,5,25.2
3,4,4,True,4,0.9549999999999998,1,0.045,2,0.0,0,0.0,3,0.0,1,29.2
3,0,7,False,7,0.4988333333333334,8,0.4236666666666666,4,0.0575,1,0.015,0,0.005,5,131.2
3,1,2,False,2,0.2619112276612276,8,0.2590138750138749,1,0.24448321123321107,3,0.23459168609168596,4,0.0,3,17.6
3,1,2,False,2,0.92,1,0.07,3,0.01,0,0.0,4,0.0,2,41.0
3,0,2,False,2,0.7216666666666667,7,0.20333333333333337,8,0.03833333333333334,1,0.03,3,0.006666666666666666,6,134.4
3,1,1,True,1,0.33873015873015866,4,0.31391666666666657,3,0.3048531746031745,6,0.03,7,0.00625,1,24.0
3,1,2,False,2,0.67,3,0.26944047619047623,7,0.06055952380952382,1,0.0,0,0.0,4,13.0
3,0,1,False,1,0.4231190476190476,7,0.41688095238095235,2,0.14,6,0.01,3,0.006666666666666666,8,72.8
3,1,7,False,7,0.69,2,0.23,1,0.06,8,0.02,3,0.0,3,123.8
3,3,4,False,4,0.57,8,0.3,2,0.11,6,0.01,3,0.01,5,3.8
3,1,6,False,6,0.7185357142857143,0,0.27075,4,0.005,3,0.004285714285714285,7,0.0014285714285714286,6,27.8
3,2,3,False,3,0.5202907647907647,5,0.24714033189033188,2,0.22923556998556985,7,0.003333333333333333,0,0.0,3,30.4
3,0,2,False,2,0.4761666666666667,7,0.3838333333333333,5,0.07566666666666667,1,0.06433333333333334,3,0.0,6,86.6
3,2,2,True,2,0.2775261702625209,6,0.26924968448985925,3,0.17234513825030282,8,0.11595817443114041,4,0.11239343842923295,1,0.0
3,5,2,False,2,0.7284246031746032,7,0.2682420634920635,0,0.003333333333333333,1,0.0,3,0.0,7,30.6
3,2,4,False,4,0.9386666666666668,8,0.05133333333333333,3,0.006666666666666666,1,0.003333333333333333,2,0.0,5,62.8
3,0,1,False,1,0.64,4,0.2,8,0.14,0,0.02,3,0.0,4,183.4
3,0,2,False,2,0.73,0,0.25,3,0.02,1,0.0,4,0.0,2,148.8
3,0,4,False,4,0.6405238095238094,2,0.2594761904761904,6,0.0635,1,0.0365,3,0.0,6,42.4
3,2,1,False,1,0.6338333333333334,4,0.28,8,0.08616666666666667,2,0.0,3,0.0,4,76.4
3,2,2,True,2,0.64,4,0.22,1,0.11,8,0.03,3,0.0,1,178.0
3,6,7,False,7,0.78,1,0.2,0,0.01,8,0.01,3,0.0,9,153.2
3,3,1,False,1,0.5265,2,0.4571666666666668,7,0.01633333333333333,0,0.0,3,0.0,5,23.6
3,7,2,False,2,0.3126114718614718,1,0.2660082972582971,8,0.1494195526695526,6,0.13910966810966804,4,0.13285101010101003,9,44.8
3,3,1,False,1,0.3869047619047619,0,0.30688095238095225,4,0.28621428571428553,2,0.01,8,0.01,6,101.6
3,3,2,False,2,0.5005,1,0.33949999999999997,4,0.08583333333333332,8,0.05416666666666666,3,0.015,5,30.2
3,1,4,False,4,0.68,2,0.32,1,0.0,0,0.0,3,0.0,3,150.4
3,7,3,False,3,0.47924999999999995,1,0.2385238095238095,8,0.2222261904761905,2,0.036833333333333336,7,0.012,5,27.2
3,1,1,True,1,0.6579999999999999,7,0.11826190476190473,8,0.11638095238095238,4,0.10735714285714287,3,0.0,1,75.8
3,7,2,False,2,0.7,0,0.17,7,0.12,8,0.01,3,0.0,3,163.6
3,3,2,False,2,0.4999166666666667,1,0.48841666666666667,6,0.005,4,0.003333333333333333,7,0.003333333333333333,7,14.2
3,3,2,False,2,0.3293690476190476,4,0.31916666666666654,7,0.31146428571428564,8,0.04,3,0.0,5,25.4
3,1,1,True,1,0.7,7,0.24416666666666664,4,0.03,2,0.025833333333333333,3,0.0,1,68.0
3,1,3,False,3,0.26636507936507925,1,0.2508492063492062,8,0.24260714285714272,2,0.24017857142857135,4,0.0,2,47.6
3,1,1,True,1,0.6833333333333335,6,0.29,2,0.025,3,0.0016666666666666666,0,0.0,1,49.6
3,3,2,False,2,0.74,6,0.18,0,0.08,1,0.0,3,0.0,5,8.2
3,3,7,False,7,0.98,2,0.01,4,0.01,0,0.0,3,0.0,5,108.8
3,7,1,False,1,0.7683333333333333,7,0.23166666666666663,2,0.0,0,0.0,3,0.0,2,128.2
3,7,7,True,7,0.62,4,0.2015,1,0.17850000000000002,0,0.0,3,0.0,1,117.8
3,2,7,False,7,0.69,1,0.25,8,0.05,4,0.01,3,0.0,6,152.6
3,7,1,False,1,0.66,8,0.24,7,0.09,4,0.01,3,0.0,3,152.2
3,2,3,False,3,0.4670714285714286,1,0.27971428571428564,2,0.25321428571428567,0,0.0,4,0.0,3,19.8
3,2,7,False,7,0.5415833333333332,1,0.3859166666666667,2,0.07,0,0.0025,3,0.0,3,129.2
3,2,1,False,1,0.8792857142857143,4,0.06333333333333332,8,0.04452380952380953,2,0.01,3,0.002857142857142857,4,30.0
3,3,2,False,2,0.6653333333333333,1,0.2578333333333333,3,0.07683333333333332,0,0.0,4,0.0,3,6.2
3,7,2,False,2,0.5082857142857142,1,0.4060476190476191,7,0.06333333333333332,0,0.022333333333333334,3,0.0,3,115.4
3,2,1,False,1,0.5919206349206348,7,0.21084307359307353,3,0.19723629148629146,0,0.0,2,0.0,5,25.2
3,2,3,False,3,0.64,8,0.34,1,0.02,0,0.0,4,0.0,8,96.6
3,2,2,True,2,0.71,7,0.12083333333333332,0,0.10916666666666666,8,0.06,3,0.0,1,107.8
3,7,2,False,2,0.71,4,0.29,1,0.0,0,0.0,3,0.0,8,150.2
3,2,4,False,4,0.4438333333333333,1,0.4161666666666667,7,0.14,0,0.0,3,0.0,6,117.4
3,2,1,False,1,0.3009206349206349,2,0.26651984126984124,7,0.21755952380952384,3,0.21499999999999997,0,0.0,2,12.4
3,2,2,True,2,0.62,3,0.29,4,0.08,8,0.01,0,0.0,1,4.0
3,2,3,False,3,0.6833333333333335,2,0.29,8,0.026666666666666665,1,0.0,4,0.0,2,48.4
3,0,8,False,8,0.64,1,0.21416666666666667,7,0.12,2,0.01583333333333333,3,0.01,6,140.4
3,2,6,False,6,0.69,8,0.18,1,0.07,7,0.06,3,0.0,6,69.4
3,0,2,False,2,0.7216666666666667,7,0.20333333333333337,8,0.03833333333333334,1,0.03,3,0.006666666666666666,6,134.4
3,2,2,True,2,0.332,4,0.33,1,0.32895238095238094,3,0.0047619047619047615,6,0.004285714285714285,1,21.6
3,0,0,True,0,0.485,4,0.4016666666666666,7,0.08333333333333331,3,0.02,2,0.005,1,93.8
3,6,1,False,1,0.71,4,0.16,8,0.11,2,0.02,3,0.0,7,176.8
3,2,0,False,0,0.73,7,0.23,2,0.02,1,0.02,3,0.0,3,133.2
3,2,2,True,2,0.585,7,0.41,0,0.005,1,0.0,3,0.0,1,119.2
3,7,2,False,2,0.5377857142857142,7,0.4013809523809524,1,0.06083333333333333,0,0.0,3,0.0,2,115.8
3,3,7,False,7,0.67,2,0.22,4,0.05733333333333333,1,0.03766666666666667,5,0.015,7,103.2
3,1,7,False,7,0.46733333333333343,0,0.46266666666666667,1,0.07,2,0.0,3,0.0,3,99.0
3,1,3,False,3,0.38802380952380944,1,0.3129761904761904,2,0.29899999999999993,0,0.0,4,0.0,2,26.2
3,1,1,True,1,0.686190476190476,6,0.26302380952380955,3,0.026928571428571427,7,0.01719047619047619,4,0.006666666666666666,1,16.4
3,3,8,False,8,0.6424206349206351,2,0.2975793650793651,4,0.05,3,0.01,0,0.0,4,6.8
3,4,1,False,1,0.65,3,0.32,8,0.025,7,0.005,2,0.0,6,99.8
3,2,7,False,7,0.69,1,0.25,8,0.05,4,0.01,3,0.0,6,152.8
3,4,2,False,2,0.3631666666666667,4,0.3499047619047619,1,0.2869285714285714,0,0.0,3,0.0,2,34.4
3,1,3,False,3,0.48738095238095225,1,0.44261904761904775,7,0.04016666666666666,2,0.029833333333333333,0,0.0,2,59.6
3,7,0,False,0,0.61,4,0.28,2,0.04166666666666666,1,0.04,7,0.02,5,97.8
3,1,8,False,8,0.6225238095238095,0,0.31021428571428566,1,0.03430952380952381,4,0.03295238095238095,3,0.0,3,111.6
3,1,8,False,8,0.81,7,0.11,0,0.07,2,0.01,3,0.0,8,107.4
3,1,2,False,2,0.585,7,0.41,0,0.005,1,0.0,3,0.0,4,119.2
3,3,2,False,2,0.6391547619047617,1,0.3408452380952381,4,0.02,0,0.0,3,0.0,5,33.8
3,1,2,False,2,0.89,8,0.11,1,0.0,0,0.0,4,0.0,3,171.6
3,1,1,True,1,0.4641309523809525,4,0.25295238095238093,3,0.2529166666666667,2,0.015,7,0.015,1,39.0
3,7,2,False,2,0.66,6,0.22,0,0.056499999999999995,4,0.0535,7,0.01,5,109.6
3,3,3,True,3,0.5202907647907647,5,0.24714033189033188,2,0.22923556998556985,7,0.003333333333333333,0,0.0,1,30.4
3,3,1,False,1,0.5265,2,0.4571666666666668,7,0.01633333333333333,0,0.0,3,0.0,5,23.6
3,7,1,False,1,0.64,8,0.23,0,0.11,4,0.02,3,0.0,9,183.8
3,3,8,False,8,0.6,4,0.16833333333333333,2,0.1516666666666667,7,0.03240476190476191,0,0.02269047619047619,8,81.2
3,2,3,False,3,0.33118789543789534,2,0.2959140026640026,1,0.18715595515595512,7,0.18574214674214665,0,0.0,2,33.6
3,7,1,False,1,0.4393333333333333,7,0.3706666666666667,4,0.12,0,0.03,2,0.021666666666666664,2,98.0
3,2,8,False,8,0.6424206349206351,2,0.2975793650793651,4,0.05,3,0.01,0,0.0,2,6.8
3,2,2,True,2,0.5456666666666667,1,0.4476666666666666,3,0.006666666666666666,0,0.0,4,0.0,1,11.2
3,8,1,False,1,0.4714999999999999,3,0.3985,7,0.09,4,0.026000000000000002,0,0.013999999999999999,9,93.0
3,3,1,False,1,0.5542450466200467,3,0.1583214701964702,2,0.1445984432234432,8,0.14283503996003996,4,0.0,2,15.2
3,8,3,False,3,0.55,1,0.3675,8,0.0825,0,0.0,4,0.0,3,96.4
3,3,2,False,2,0.6016190476190476,1,0.3224484126984127,8,0.04134920634920635,5,0.034583333333333334,3,0.0,5,9.6
3,4,8,False,8,0.5049999999999999,7,0.4910000000000001,2,0.004,1,0.0,3,0.0,6,158.4
3,2,0,False,0,0.89,3,0.07,7,0.03,4,0.01,2,0.0,5,138.6
3,8,4,False,4,0.68,2,0.32,1,0.0,0,0.0,3,0.0,9,150.4
3,4,7,False,7,0.8164126984126985,4,0.16714285714285715,3,0.009111111111111111,8,0.004,0,0.003333333333333333,2,121.8
3,2,8,False,8,0.6675,4,0.26,7,0.0625,1,0.01,3,0.0,6,72.0
3,2,2,True,2,0.5141666666666667,4,0.4628333333333334,3,0.023000000000000003,1,0.0,0,0.0,1,35.2
3,2,4,False,4,0.6405238095238094,2,0.2594761904761904,6,0.0635,1,0.0365,3,0.0,2,42.4
3,2,7,False,7,0.5368333333333334,1,0.45783333333333326,0,0.005333333333333333,2,0.0,3,0.0,4,91.4
3,7,6,False,6,0.51,8,0.18099999999999994,3,0.14800000000000002,1,0.13100000000000003,2,0.03,9,49.2
3,3,2,False,2,0.6954285714285713,7,0.2587380952380952,8,0.04583333333333333,1,0.0,3,0.0,5,9.2
3,1,1,True,1,0.33873015873015866,4,0.31391666666666657,3,0.3048531746031745,6,0.03,7,0.00625,1,24.0
3,4,1,False,1,0.5542450466200467,3,0.1583214701964702,2,0.1445984432234432,8,0.14283503996003996,4,0.0,5,15.2
3,4,3,False,3,0.51925,1,0.24244047619047612,2,0.23830952380952378,0,0.0,4,0.0,5,26.4
3,8,2,False,2,0.48016666666666663,3,0.4198333333333334,6,0.09,7,0.01,0,0.0,9,77.0
3,1,3,False,3,0.5094047619047619,1,0.4539285714285713,4,0.026666666666666665,2,0.01,0,0.0,2,38.0
3,3,2,False,2,0.28665873015873017,3,0.26954365079365067,1,0.22670634920634916,4,0.21709126984126978,0,0.0,2,38.6
3,7,1,False,1,0.6579999999999999,7,0.11826190476190473,8,0.11638095238095238,4,0.10735714285714287,3,0.0,2,75.8
3,1,7,False,7,0.89,8,0.033095238095238094,1,0.030595238095238092,2,0.026547619047619046,3,0.019761904761904762,3,29.6
3,1,1,True,1,0.3679166666666667,7,0.34761904761904766,3,0.28121428571428575,5,0.0032500000000000003,2,0.0,1,25.6
3,4,1,False,1,0.9276666666666666,8,0.07233333333333333,2,0.0,0,0.0,4,0.0,5,96.2
3,2,8,False,8,0.685,1,0.245,0,0.07,2,0.0,4,0.0,4,83.4
3,7,1,False,1,0.4711666666666667,2,0.4048333333333333,6,0.0825,3,0.0415,0,0.0,8,19.0
3,1,2,False,2,0.755,1,0.16,4,0.075,8,0.01,3,0.0,2,35.4
3,8,2,False,2,0.3424101731601731,6,0.3130259740259739,7,0.1905295815295814,1,0.15403427128427122,3,0.0,9,44.6
3,1,2,False,2,0.8601666666666665,1,0.12983333333333336,6,0.01,0,0.0,3,0.0,2,10.8
3,8,3,False,3,0.68,6,0.15166666666666667,1,0.14833333333333334,2,0.02,0,0.0,9,40.6
3,5,6,False,6,0.4573333333333332,1,0.45266666666666666,3,0.07,7,0.02,2,0.0,7,40.5
3,2,1,False,1,0.5816309523809524,8,0.37170238095238095,4,0.025,2,0.021666666666666664,3,0.0,4,39.3
3,3,2,False,2,0.2775261702625209,6,0.26924968448985925,3,0.17234513825030282,8,0.11595817443114041,4,0.11239343842923295,3,0.0
3,2,1,False,1,0.6022857142857143,3,0.39771428571428563,0,0.0,2,0.0,4,0.0,4,17.2
3,7,8,False,8,0.4690000000000001,6,0.4599761904761906,2,0.044865079365079365,1,0.013373015873015872,7,0.012785714285714284,5,44.5
3,3,2,False,2,0.4683333333333334,3,0.43166666666666664,8,0.075,1,0.025,4,0.0,2,5.1
3,3,6,False,6,0.62,4,0.15475396825396823,1,0.12130158730158729,3,0.10394444444444444,2,0.0,4,17.5
3,2,2,True,2,0.2775261702625209,6,0.26924968448985925,3,0.17234513825030282,8,0.11595817443114041,4,0.11239343842923295,1,0.0
3,7,3,False,3,0.7543888888888886,7,0.24561111111111106,1,0.0,0,0.0,2,0.0,2,13.2
3,2,2,True,2,0.2775261702625209,6,0.26924968448985925,3,0.17234513825030282,8,0.11595817443114041,4,0.11239343842923295,1,0.0
3,7,8,False,8,0.6064722222222222,1,0.36352777777777784,6,0.03,2,0.0,3,0.0,9,47.4
3,4,4,True,4,0.69,1,0.25,6,0.04,2,0.02,3,0.0,1,72.3
3,8,7,False,7,0.503873015873016,3,0.3537738095238093,6,0.1423531746031746,0,0.0,2,0.0,9,44.0
3,4,2,False,2,0.6004920634920635,7,0.20759126984126983,4,0.19191666666666662,0,0.0,3,0.0,3,87.6
3,8,2,False,2,0.83,3,0.17,1,0.0,0,0.0,4,0.0,9,4.4
3,4,1,False,1,0.4927420634920636,4,0.25130158730158725,3,0.2509563492063491,8,0.005,2,0.0,2,63.2
3,8,3,False,3,0.4331608946608948,1,0.38532900432900435,2,0.1815101010101011,0,0.0,4,0.0,9,20.2
3,4,7,False,7,0.49245238095238086,1,0.25259523809523804,2,0.2463809523809523,3,0.004285714285714285,8,0.004285714285714285,8,75.2
3,6,1,False,1,0.6620833333333332,7,0.12464285714285714,3,0.10252380952380953,2,0.10075,4,0.01,8,39.9
3,8,2,False,2,0.3418095238095238,8,0.3189761904761906,7,0.28921428571428565,4,0.04,6,0.01,2,68.4
3,4,3,False,3,0.5865735930735929,2,0.37693290043290056,7,0.03,1,0.004155844155844156,6,0.0023376623376623377,8,28.4
3,6,2,False,2,0.2775261702625209,6,0.26924968448985925,3,0.17234513825030282,8,0.11595817443114041,4,0.11239343842923295,2,0.0
3,6,6,True,6,0.4573333333333332,1,0.45266666666666666,3,0.07,7,0.02,2,0.0,1,40.4
3,8,8,True,8,0.3325079365079365,3,0.3092579365079365,7,0.3082341269841269,6,0.025,1,0.025,1,13.9
3,4,6,False,6,0.65,2,0.20350000000000001,0,0.11233333333333334,1,0.03083333333333333,3,0.003333333333333333,6,51.5
3,6,7,False,7,0.69,1,0.17966666666666664,6,0.13033333333333333,0,0.0,3,0.0,3,40.3
3,6,2,False,2,0.5141666666666667,4,0.4628333333333334,3,0.023000000000000003,1,0.0,0,0.0,7,35.2
3,6,2,False,2,0.73,3,0.25,1,0.01,6,0.01,0,0.0,4,40.7
3,6,6,True,6,0.715,4,0.2,2,0.076,8,0.009000000000000001,3,0.0,1,50.4
3,4,2,False,2,0.28124603174603174,6,0.24765079365079357,1,0.2328214285714285,4,0.22744841269841262,3,0.010833333333333332,4,16.9
3,6,6,True,6,0.8533333333333334,2,0.11666666666666668,7,0.011000000000000001,3,0.010333333333333332,8,0.008666666666666666,1,13.7
3,4,4,True,4,0.65,8,0.23,1,0.047166666666666676,3,0.041999999999999996,2,0.02083333333333333,1,74.0
3,6,6,True,6,0.65,2,0.20350000000000001,0,0.11233333333333334,1,0.03083333333333333,3,0.003333333333333333,1,51.5
3,4,8,False,8,0.62,2,0.14597619047619048,4,0.12997619047619047,6,0.10404761904761906,3,0.0,3,26.8
3,8,1,False,1,0.6933333333333335,3,0.20183333333333334,2,0.09483333333333333,4,0.01,0,0.0,9,28.9
3,4,2,False,2,0.635,1,0.2533333333333333,6,0.11,3,0.0016666666666666666,0,0.0,6,49.5
3,6,6,True,6,0.51,2,0.33,8,0.07300000000000001,3,0.04433333333333333,1,0.042666666666666665,1,49.3
3,8,6,False,6,0.5385,2,0.46149999999999997,1,0.0,0,0.0,3,0.0,9,13.6
3,8,1,False,1,0.3798928571428571,7,0.31967857142857137,2,0.287095238095238,4,0.013333333333333332,3,0.0,9,29.0
3,6,2,False,2,0.661047619047619,6,0.3156190476190476,4,0.02333333333333333,0,0.0,3,0.0,2,10.2
3,6,2,False,2,0.2775261702625209,6,0.26924968448985925,3,0.17234513825030282,8,0.11595817443114041,4,0.11239343842923295,2,0.0
3,6,2,False,2,0.2775261702625209,6,0.26924968448985925,3,0.17234513825030282,8,0.11595817443114041,4,0.11239343842923295,2,0.0
3,8,6,False,6,0.62,4,0.15475396825396823,1,0.12130158730158729,3,0.10394444444444444,2,0.0,9,17.5
3,4,6,False,6,0.7,8,0.15166666666666667,7,0.145,2,0.003333333333333333,3,0.0,9,46.3
3,8,1,False,1,0.7405000000000002,7,0.2595,2,0.0,0,0.0,3,0.0,9,45.5
3,8,6,False,6,0.4573333333333332,1,0.45266666666666666,3,0.07,7,0.02,2,0.0,9,40.4
3,4,1,False,1,0.6427543290043292,8,0.32557142857142857,2,0.02095454545454546,6,0.00731060606060606,4,0.0034090909090909094,5,19.2
3,8,7,False,7,0.5428095238095239,1,0.38319047619047614,6,0.06,3,0.013999999999999999,2,0.0,9,56.1
3,2,6,False,6,0.51,8,0.18099999999999994,3,0.14800000000000002,1,0.13100000000000003,2,0.03,5,49.2
4,0,8,False,8,0.3620238095238094,7,0.31904761904761914,6,0.30642857142857133,4,0.0125,3,0.0,8,58.6
4,1,6,False,6,0.6,4,0.29,3,0.041416666666666664,2,0.0315,1,0.021833333333333337,5,40.0
4,1,7,False,7,0.5343333333333332,4,0.37250000000000016,0,0.09316666666666666,1,0.0,3,0.0,4,104.2
4,1,6,False,6,0.6715476190476188,8,0.2884523809523809,5,0.04,0,0.0,3,0.0,8,40.4
4,1,3,False,3,0.67,8,0.17,7,0.11,2,0.035,1,0.015,5,92.8
4,1,3,False,3,0.4827499999999999,8,0.43283333333333324,1,0.04619444444444445,4,0.03822222222222223,2,0.0,3,63.6
4,2,3,False,3,0.63,6,0.23,0,0.08,2,0.0425,1,0.0175,4,8.2
4,0,7,False,7,0.63,2,0.37,1,0.0,0,0.0,3,0.0,4,108.2
4,4,0,False,0,0.515,1,0.4610000000000001,7,0.0115,2,0.01,8,0.0025,8,131.6
4,1,7,False,7,0.4789999999999999,2,0.46440964590964606,6,0.04122710622710622,3,0.015363247863247862,0,0.0,6,19.0
4,0,4,False,4,0.63,7,0.34,2,0.02,3,0.01,0,0.0,5,109.2
4,2,7,False,7,0.57,4,0.25,8,0.0832857142857143,2,0.05159523809523809,3,0.04511904761904762,4,76.8
4,3,1,False,1,0.4207987012987012,7,0.20496933621933613,3,0.19187806637806643,2,0.18235389610389607,0,0.0,3,28.0
4,2,3,False,3,0.5146666666666668,4,0.37183333333333335,2,0.08283333333333333,1,0.03066666666666667,0,0.0,3,34.0
4,0,6,False,6,0.5638333333333334,4,0.4161666666666666,2,0.01,7,0.01,3,0.0,7,64.6
4,3,2,False,2,0.9228333333333333,8,0.04716666666666667,3,0.03,1,0.0,4,0.0,3,4.2
4,5,8,False,8,0.5128333333333334,3,0.4371666666666667,6,0.04,7,0.01,2,0.0,7,63.8
4,1,0,False,0,0.55,5,0.27,2,0.12,4,0.05,8,0.01,8,252.6
4,2,2,True,2,0.46983333333333327,8,0.43016666666666664,3,0.05583333333333333,4,0.029166666666666664,1,0.015,1,78.4
4,0,1,False,1,0.5815158730158729,7,0.377,4,0.02787698412698413,2,0.013607142857142858,3,0.0,6,16.0
4,0,2,False,2,0.83,8,0.12,5,0.04,0,0.01,3,0.0,4,276.4
4,0,0,True,0,0.59,4,0.3,7,0.1,2,0.01,3,0.0,1,215.2
4,0,1,False,1,0.5257009379509379,2,0.3210530303030302,4,0.15324603174603174,0,0.0,3,0.0,4,8.6
4,0,7,False,7,0.71,1,0.25,6,0.03,8,0.01,3,0.0,8,111.8
4,2,3,False,3,0.36088095238095236,4,0.3086904761904762,7,0.3004285714285713,6,0.0275,2,0.0025,5,43.2
4,2,2,True,2,0.3707857142857142,4,0.3182857142857142,6,0.31092857142857144,0,0.0,3,0.0,1,35.2
4,8,1,False,1,0.935,4,0.05,2,0.015,0,0.0,3,0.0,9,65.6
4,2,7,False,7,0.3755238095238095,1,0.2804246031746031,0,0.28000396825396817,2,0.06404761904761905,3,0.0,4,90.8
4,3,8,False,8,0.65,2,0.26,0,0.05,1,0.0375,4,0.0025,6,73.2
4,1,2,False,2,0.8533333333333333,1,0.14666666666666667,0,0.0,3,0.0,4,0.0,2,145.4
4,2,1,False,1,0.5815158730158729,7,0.377,4,0.02787698412698413,2,0.013607142857142858,3,0.0,4,16.0
4,7,1,False,1,0.66,6,0.25,8,0.07,4,0.016666666666666666,7,0.003333333333333333,5,55.8
4,2,1,False,1,0.6166666666666667,7,0.17833333333333332,2,0.17166666666666663,4,0.03,8,0.003333333333333333,3,14.6
4,0,8,False,8,0.64,0,0.27,1,0.08,7,0.01,3,0.0,2,186.0
4,3,1,False,1,0.5148333333333334,2,0.42749999999999994,4,0.04766666666666666,0,0.01,3,0.0,5,141.0
4,7,0,False,0,0.7,2,0.2236111111111111,5,0.03,7,0.029166666666666664,1,0.01722222222222222,4,97.4
4,3,0,False,0,0.4916666666666666,7,0.41833333333333345,2,0.04166666666666666,8,0.03833333333333334,6,0.01,6,94.2
4,1,3,False,3,0.97,1,0.03,0,0.0,2,0.0,4,0.0,2,31.6
4,3,1,False,1,0.4621504884004882,2,0.2712322954822954,8,0.24995054945054943,7,0.016666666666666666,3,0.0,5,14.8
4,3,1,False,1,0.4914285714285713,6,0.25989285714285704,7,0.24867857142857133,0,0.0,3,0.0,5,16.2
4,3,3,True,3,0.62,4,0.2625,1,0.07845238095238095,8,0.03904761904761904,2,0.0,1,28.8
4,7,1,False,1,0.47583333333333333,0,0.3241666666666667,2,0.16166666666666665,8,0.02,6,0.018333333333333333,9,72.8
4,1,4,False,4,0.4246118326118325,3,0.3503030303030302,1,0.21841847041847035,6,0.003333333333333333,8,0.003333333333333333,3,17.4
4,1,8,False,8,0.3243827700077698,2,0.27381046731046726,1,0.2657543012543012,3,0.1360524614274614,4,0.0,3,17.6
4,1,3,False,3,0.7227240259740262,2,0.24457142857142844,1,0.025053030303030303,5,0.007651515151515151,0,0.0,3,26.0
4,7,0,False,0,0.4566666666666667,1,0.3833333333333332,4,0.12,8,0.03428571428571428,7,0.004285714285714285,5,43.8
4,7,1,False,1,0.67,3,0.29,2,0.02333333333333333,6,0.01,4,0.006666666666666666,8,36.4
4,1,3,False,3,0.3463452380952382,1,0.33229761904761906,2,0.3071904761904761,4,0.014166666666666666,0,0.0,2,22.8
4,4,8,False,8,0.46069047619047615,1,0.45930952380952383,7,0.04,2,0.04,3,0.0,6,150.4
4,2,2,True,2,0.5103333333333333,7,0.39416666666666667,4,0.06033333333333334,1,0.017833333333333333,3,0.017333333333333333,1,38.8
4,3,7,False,7,0.4886803751803751,8,0.17835894660894655,3,0.16955988455988458,6,0.16340079365079366,2,0.0,3,44.0
4,2,3,False,3,0.62,4,0.2625,1,0.07845238095238095,8,0.03904761904761904,2,0.0,5,28.8
4,2,2,True,2,0.468952380952381,0,0.43104761904761907,1,0.1,3,0.0,4,0.0,1,126.8
4,3,1,False,1,0.66325,8,0.31675,2,0.02,0,0.0,4,0.0,8,85.8
4,2,8,False,8,0.6358095238095237,7,0.3041904761904761,4,0.05,6,0.01,3,0.0,6,68.4
4,2,1,False,1,0.4085436507936508,6,0.2055970418470419,3,0.2036259018759019,2,0.18223340548340553,0,0.0,4,21.4
4,2,2,True,2,0.6766666666666665,6,0.23,4,0.06333333333333332,1,0.02,3,0.01,1,36.2
4,2,4,False,4,0.61,1,0.23,2,0.16,0,0.0,3,0.0,3,120.6
4,7,3,False,3,0.7,7,0.21,0,0.07,8,0.02,2,0.0,2,113.8
4,2,1,False,1,0.6,6,0.25752380952380954,4,0.1324761904761905,2,0.01,3,0.0,4,51.6
4,2,2,True,2,0.4279206349206349,4,0.39318650793650806,7,0.17889285714285716,0,0.0,3,0.0,1,87.6
4,2,0,False,0,0.42083333333333345,2,0.41916666666666663,6,0.10083333333333334,4,0.05916666666666667,3,0.0,2,42.8
4,0,2,False,2,0.59,7,0.3,1,0.1,0,0.01,3,0.0,4,133.2
4,2,0,False,0,0.59,4,0.3,7,0.1,2,0.01,3,0.0,4,215.2
4,2,2,True,2,0.740296536796537,3,0.16,1,0.08174675324675325,4,0.017956709956709952,0,0.0,1,8.4
4,2,1,False,1,0.40930988455988443,0,0.2333665223665223,2,0.19079942279942277,3,0.1665241702741703,4,0.0,3,30.8
4,2,8,False,8,0.68,4,0.23,2,0.0471547619047619,1,0.042845238095238096,3,0.0,3,37.4
4,2,1,False,1,0.4141666666666666,3,0.36865476190476193,8,0.20717857142857135,4,0.01,2,0.0,5,20.2
4,2,5,False,5,0.57,8,0.25,2,0.15,0,0.03,3,0.0,3,169.4
4,4,8,False,8,0.68,2,0.27,5,0.04,0,0.01,3,0.0,6,268.2
4,1,0,False,0,0.3315476190476189,4,0.33066666666666655,3,0.29778571428571426,2,0.03,8,0.01,6,101.6
4,2,7,False,7,0.64,2,0.21533333333333332,1,0.14466666666666664,0,0.0,3,0.0,2,115.8
4,8,1,False,1,0.7498928571428572,0,0.10045238095238096,8,0.0789404761904762,4,0.0707142857142857,3,0.0,3,111.4
4,1,1,True,1,0.762624458874459,2,0.13104473304473305,3,0.1063308080808081,0,0.0,4,0.0,1,19.6
4,1,1,True,1,0.63,6,0.26,8,0.06530952380952382,3,0.030928571428571434,2,0.013761904761904762,1,77.2
4,1,1,True,1,0.4492460317460318,7,0.42408730158730157,0,0.09,4,0.016666666666666666,3,0.01,1,137.4
4,7,2,False,2,0.6373333333333333,7,0.3,1,0.06266666666666666,0,0.0,3,0.0,2,118.6
4,1,1,True,1,0.762624458874459,2,0.13104473304473305,3,0.1063308080808081,0,0.0,4,0.0,1,19.6
4,1,2,False,2,0.49283333333333346,7,0.27717460317460313,3,0.2224920634920635,6,0.0075,0,0.0,6,12.4
4,3,3,True,3,0.618852453102453,1,0.3711475468975468,6,0.01,0,0.0,2,0.0,1,21.2
4,1,2,False,2,0.5190294427794427,3,0.3253600843600843,7,0.15561047286047283,1,0.0,0,0.0,4,33.6
4,1,2,False,2,0.2962052669552669,4,0.1541883116883116,7,0.14774350649350645,8,0.14340259740259736,1,0.12984812409812402,5,44.8
4,3,8,False,8,0.3243827700077698,2,0.27381046731046726,1,0.2657543012543012,3,0.1360524614274614,4,0.0,4,17.6
4,4,3,False,3,0.61,2,0.34,8,0.03,0,0.02,4,0.0,5,166.6
4,2,2,True,2,0.65,4,0.21,6,0.08,1,0.04,8,0.02,1,178.2
4,4,2,False,2,0.5081626984126983,4,0.2538690476190475,0,0.21796825396825395,6,0.015,1,0.005,2,42.4
4,7,4,False,4,0.69,1,0.29,7,0.02,0,0.0,3,0.0,3,121.4
4,1,2,False,2,0.42538095238095247,8,0.40895238095238085,4,0.09,3,0.06,7,0.015666666666666666,8,90.2
4,3,4,False,4,0.4946666666666667,1,0.43449999999999994,3,0.065,2,0.005833333333333333,0,0.0,3,28.6
4,3,3,True,3,0.97,1,0.03,0,0.0,2,0.0,4,0.0,1,31.6
4,1,7,False,7,0.64,4,0.21,0,0.11,2,0.04,3,0.0,6,206.6
4,7,8,False,8,0.89,4,0.1,7,0.01,0,0.0,3,0.0,3,158.2
4,2,1,False,1,0.6055714285714285,4,0.3669285714285714,8,0.0275,2,0.0,3,0.0,4,45.6
4,2,2,True,2,0.47,0,0.31,7,0.10300000000000001,1,0.077,3,0.03,1,137.0
4,7,2,False,2,0.83,8,0.12,5,0.04,0,0.01,3,0.0,9,278.2
4,3,3,True,3,0.49135064935064926,1,0.18277597402597398,2,0.1811847041847042,6,0.14468867243867248,0,0.0,1,28.2
4,2,2,True,2,0.5533333333333333,8,0.38,1,0.05,4,0.016666666666666666,3,0.0,1,35.8
4,2,2,True,2,0.5028333333333334,8,0.39050000000000007,3,0.10666666666666667,1,0.0,4,0.0,1,4.4
4,2,2,True,2,0.4743333333333333,4,0.44400000000000006,8,0.08,1,0.0016666666666666666,3,0.0,1,34.6
4,2,0,False,0,0.34985714285714276,4,0.3246666666666666,1,0.31047619047619046,2,0.0125,7,0.0025,4,87.8
4,7,8,False,8,0.49883333333333335,4,0.43516666666666665,7,0.042666666666666665,1,0.02333333333333333,3,0.0,3,75.6
4,7,2,False,2,0.49071428571428577,6,0.4092857142857143,4,0.07,8,0.02,1,0.01,9,53.2
4,7,1,False,1,0.875,2,0.09,4,0.03,6,0.005,3,0.0,8,41.8
4,8,4,False,4,0.5,2,0.4514285714285714,8,0.04857142857142858,1,0.0,3,0.0,3,2.6
4,8,2,False,2,0.9176666666666666,4,0.034,7,0.02633333333333333,1,0.022000000000000002,3,0.0,9,57.2
4,8,7,False,7,0.4596190476190476,1,0.43038095238095236,2,0.11,0,0.0,3,0.0,9,151.8
4,3,1,False,1,0.51925,3,0.2537103174603174,7,0.22703968253968257,0,0.0,2,0.0,2,20.8
4,4,2,False,2,0.8958333333333335,0,0.06416666666666666,4,0.02,8,0.02,3,0.0,3,160.0
4,4,3,False,3,0.87,0,0.07,7,0.05,8,0.01,2,0.0,6,113.6
4,2,8,False,8,0.56,3,0.26,6,0.13666666666666666,4,0.04,2,0.003333333333333333,5,50.2
4,2,4,False,4,0.3806428571428571,3,0.3170952380952381,7,0.23511904761904762,8,0.05,1,0.011428571428571429,6,25.4
4,4,2,False,2,0.46151190476190473,3,0.2735833333333333,8,0.26490476190476187,1,0.0,4,0.0,5,15.4
4,7,7,True,7,0.64,2,0.21533333333333332,1,0.14466666666666664,0,0.0,3,0.0,1,115.8
4,7,0,False,0,0.515,1,0.4610000000000001,7,0.0115,2,0.01,8,0.0025,3,131.6
4,1,3,False,3,0.66,8,0.2,7,0.08166666666666667,2,0.05833333333333333,0,0.0,8,80.6
4,3,3,True,3,0.3463452380952382,1,0.33229761904761906,2,0.3071904761904761,4,0.014166666666666666,0,0.0,1,22.8
4,1,3,False,3,0.3447240259740259,6,0.31617027417027405,2,0.17831421356421356,7,0.16079148629148624,0,0.0,6,27.6
4,7,2,False,2,0.5566666666666668,1,0.4033333333333334,7,0.04,0,0.0,3,0.0,3,116.2
4,1,1,True,1,0.8651666666666666,8,0.10483333333333335,4,0.03,2,0.0,3,0.0,1,96.0
4,1,1,True,1,0.62,7,0.25,6,0.05333333333333333,3,0.052666666666666674,8,0.024,1,25.0
4,3,1,False,1,0.6661666666666668,6,0.29,5,0.024833333333333332,2,0.019000000000000003,3,0.0,5,32.2
4,1,8,False,8,0.67,4,0.16149999999999998,2,0.1585,3,0.01,0,0.0,8,34.8
4,1,2,False,2,0.63,3,0.24,4,0.10333333333333333,1,0.026666666666666665,0,0.0,4,60.4
4,1,1,True,1,0.4085436507936508,6,0.2055970418470419,3,0.2036259018759019,2,0.18223340548340553,0,0.0,1,21.4
4,1,1,True,1,0.4964920634920634,3,0.34973737373737374,2,0.15377056277056275,0,0.0,4,0.0,1,23.4
4,1,2,False,2,0.5720000000000001,3,0.3245,6,0.06616666666666667,1,0.03733333333333333,0,0.0,4,18.6
4,4,2,False,2,0.7225,0,0.23,4,0.0225,7,0.0175,6,0.0075,3,54.4
4,4,1,False,1,0.6181309523809522,3,0.37186904761904765,6,0.01,0,0.0,2,0.0,6,24.0
4,8,4,False,4,0.7888809523809523,8,0.1811190476190476,7,0.03,0,0.0,3,0.0,2,112.6
4,4,5,False,5,0.49533333333333324,8,0.3546666666666667,1,0.05508333333333333,0,0.036500000000000005,2,0.03358333333333333,8,31.0
4,1,3,False,3,0.6312142857142855,7,0.32211904761904764,2,0.04,8,0.006666666666666666,0,0.0,8,71.6
4,7,2,False,2,0.8388199855699855,3,0.10883802308802305,7,0.05234199134199135,1,0.0,0,0.0,3,33.5
4,3,2,False,2,0.3930133477633478,3,0.38537157287157287,1,0.22161507936507924,0,0.0,4,0.0,2,11.5
4,3,2,False,2,0.6533333333333334,3,0.3466666666666666,1,0.0,0,0.0,4,0.0,2,5.0
4,3,6,False,6,0.3068343955769286,2,0.292573280158738,3,0.16714675023017395,4,0.11126107026013665,8,0.1083698489699951,3,0.0
4,1,4,False,4,0.35916666666666663,1,0.3391428571428572,0,0.3016904761904761,2,0.0,3,0.0,2,32.4
4,3,4,False,4,0.3865,2,0.3128928571428571,6,0.29460714285714285,1,0.006,3,0.0,5,17.0
4,7,6,False,6,0.3068343955769286,2,0.292573280158738,3,0.16714675023017395,4,0.11126107026013665,8,0.1083698489699951,9,0.0
4,3,3,True,3,0.6814166666666667,1,0.2003611111111111,2,0.10800000000000003,4,0.010222222222222221,0,0.0,1,17.3
4,7,3,False,3,0.4827499999999999,8,0.43283333333333324,1,0.04619444444444445,4,0.03822222222222223,2,0.0,9,63.4
4,8,2,False,2,0.9176666666666666,4,0.034,7,0.02633333333333333,1,0.022000000000000002,3,0.0,9,57.3
4,8,8,True,8,0.4720238095238096,7,0.4629761904761905,3,0.065,1,0.0,2,0.0,1,67.0
4,8,3,False,3,0.4693571428571428,7,0.27253174603174596,1,0.25411111111111107,2,0.002,6,0.002,9,27.2
4,8,1,False,1,0.58,6,0.24,4,0.11416666666666668,7,0.06583333333333333,3,0.0,9,58.0
4,8,8,True,8,0.7537380952380953,2,0.1534047619047619,4,0.09285714285714285,1,0.0,3,0.0,1,2.1
4,4,3,False,3,0.6796190476190476,1,0.20176190476190484,2,0.09861904761904765,6,0.02,0,0.0,6,50.0
4,5,6,False,6,0.3068343955769286,2,0.292573280158738,3,0.16714675023017395,4,0.11126107026013665,8,0.1083698489699951,7,0.0
4,4,4,True,4,0.63,2,0.2036587301587302,1,0.09681746031746032,3,0.06952380952380953,0,0.0,1,33.7
4,8,2,False,2,0.8895238095238096,4,0.07,8,0.04047619047619047,1,0.0,3,0.0,3,2.4
4,6,2,False,2,0.6890000000000001,4,0.29,1,0.021,0,0.0,3,0.0,7,32.8
4,6,6,True,6,0.6723095238095237,2,0.31769047619047625,4,0.005,3,0.0025,7,0.0025,1,43.0
4,6,8,False,8,0.4720238095238096,7,0.4629761904761905,3,0.065,1,0.0,2,0.0,9,67.0
4,8,8,True,8,0.9775,1,0.00875,2,0.00875,3,0.005,4,0.0,1,17.7
4,8,6,False,6,0.7325,7,0.24574675324675327,1,0.009675324675324675,2,0.006493506493506493,8,0.005584415584415584,5,44.4
4,4,4,True,4,0.71,8,0.18,2,0.04666666666666666,3,0.03,1,0.02333333333333333,1,74.0
4,6,4,False,4,0.59,6,0.2571031746031746,1,0.09232539682539682,0,0.06057142857142857,3,0.0,2,27.7
4,6,6,True,6,0.66,1,0.1990555555555556,3,0.07213492063492065,2,0.06880952380952382,0,0.0,1,49.7
4,6,3,False,3,0.6796190476190476,1,0.20176190476190484,2,0.09861904761904765,6,0.02,0,0.0,4,50.0
4,4,4,True,4,0.3424999999999999,2,0.3312261904761904,6,0.28460714285714284,1,0.026666666666666665,3,0.015,1,17.1
4,6,3,False,3,0.5868556998557,1,0.36314430014430016,4,0.026000000000000002,8,0.024,2,0.0,7,27.0
4,6,3,False,3,0.3597640692640693,6,0.32625721500721505,2,0.16648917748917744,1,0.14748953823953817,0,0.0,2,24.2
4,4,4,True,4,0.4831904761904762,6,0.46928571428571425,1,0.021142857142857144,3,0.01,7,0.008285714285714285,1,36.9
4,8,3,False,3,0.44049999999999995,1,0.3881666666666667,2,0.109,8,0.06233333333333333,4,0.0,4,48.2
4,4,1,False,1,0.632547619047619,3,0.3574523809523809,2,0.005,4,0.005,0,0.0,4,38.1
4,6,2,False,2,0.36378499278499277,1,0.1934289321789321,7,0.15094444444444438,6,0.1464653679653679,8,0.14537626262626258,4,44.6
4,4,8,False,8,0.4159047619047621,2,0.35430952380952385,4,0.22978571428571432,1,0.0,3,0.0,3,2.0
4,6,8,False,8,0.71,1,0.23,2,0.026666666666666665,6,0.023333333333333334,4,0.01,4,50.7
4,8,2,False,2,0.4593333333333333,4,0.4106666666666668,7,0.09266666666666666,1,0.037333333333333336,3,0.0,9,98.2
4,6,2,False,2,0.7504761904761905,3,0.2495238095238096,1,0.0,0,0.0,4,0.0,7,5.7
4,6,4,False,4,0.61,8,0.2045,7,0.15049999999999997,2,0.035,3,0.0,9,46.3
4,6,8,False,8,0.62,2,0.2021666666666666,1,0.15566666666666668,5,0.011833333333333333,3,0.010333333333333332,7,65.9
4,6,7,False,7,0.36194444444444435,3,0.23602380952380933,4,0.20354761904761895,1,0.19848412698412696,2,0.0,8,24.5
4,6,2,False,2,0.5109047619047619,1,0.34897222222222213,4,0.14012301587301584,0,0.0,3,0.0,7,19.4
4,8,6,False,6,0.46483333333333327,5,0.4051666666666667,8,0.08,4,0.018000000000000002,2,0.0165,3,15.6
4,8,5,False,5,0.5121071428571426,8,0.39789285714285716,2,0.049,4,0.040999999999999995,3,0.0,2,61.9
4,4,4,True,4,0.877031746031746,3,0.09296825396825398,2,0.016,1,0.013999999999999999,0,0.0,1,37.7
4,4,8,False,8,0.49150000000000005,4,0.42849999999999994,3,0.06,6,0.02,2,0.0,2,46.9
4,4,3,False,3,0.6796190476190476,1,0.20176190476190484,2,0.09861904761904765,6,0.02,0,0.0,6,50.0
4,2,6,False,6,0.3068343955769286,2,0.292573280158738,3,0.16714675023017395,4,0.11126107026013665,8,0.1083698489699951,2,0.0
5,3,2,False,2,0.6466666666666666,1,0.3,3,0.05333333333333333,0,0.0,4,0.0,3,6.0
5,1,1,True,1,0.4970703463203463,3,0.34348484848484845,2,0.1594448051948052,0,0.0,4,0.0,1,23.4
5,1,4,False,4,0.38666666666666666,6,0.32416666666666666,2,0.2891666666666665,0,0.0,3,0.0,6,16.8
5,1,4,False,4,0.5388333333333333,1,0.4019999999999999,6,0.034166666666666665,2,0.025,3,0.0,2,16.6
5,1,2,False,2,0.7763333333333334,7,0.1856666666666667,4,0.02,1,0.011666666666666665,3,0.006333333333333333,4,14.6
5,1,4,False,4,0.55,3,0.28,7,0.08583333333333334,8,0.08416666666666667,2,0.0,6,100.0
5,0,1,False,1,0.3462857142857143,0,0.33092857142857146,7,0.3102857142857143,2,0.0125,3,0.0,2,91.2
5,3,8,False,8,0.93,2,0.04666666666666666,6,0.013333333333333332,4,0.01,3,0.0,5,3.0
5,0,2,False,2,0.62,0,0.21,3,0.11,4,0.044333333333333336,7,0.015666666666666666,2,138.6
5,4,7,False,7,0.4597222222222222,3,0.2645515873015872,1,0.2619761904761903,6,0.01125,2,0.0025,8,24.4
5,1,1,True,1,0.31510714285714275,0,0.2548055555555554,2,0.23368650793650794,7,0.189734126984127,4,0.006666666666666666,1,16.0
5,0,2,False,2,0.65,7,0.35,1,0.0,0,0.0,3,0.0,4,116.6
5,1,2,False,2,0.5041944444444443,6,0.26422222222222225,3,0.21731060606060607,7,0.014272727272727272,0,0.0,6,13.4
5,3,6,False,6,0.95,4,0.0275,2,0.018500000000000003,1,0.004,3,0.0,5,22.0
5,1,1,True,1,0.49683333333333335,3,0.4683333333333334,8,0.020833333333333336,2,0.013999999999999999,4,0.0,1,15.0
5,0,1,False,1,0.45033333333333336,8,0.4396666666666666,2,0.05,0,0.03,4,0.03,4,53.0
5,4,1,False,1,0.528813492063492,2,0.32570490620490616,0,0.14548160173160174,3,0.0,4,0.0,5,8.6
5,2,3,False,3,0.6546845238095237,2,0.18240674603174598,5,0.16290873015873014,1,0.0,0,0.0,2,30.4
5,3,3,True,3,0.4446666666666667,2,0.42533333333333334,6,0.09,1,0.04,0,0.0,1,5.8
5,1,2,False,2,0.49249999999999994,1,0.38750000000000007,0,0.0635,7,0.0565,3,0.0,2,104.4
5,3,4,False,4,0.66,2,0.19166666666666668,5,0.10833333333333332,3,0.022916666666666665,8,0.017083333333333332,4,6.6
5,5,1,False,1,0.56,0,0.26,2,0.1,8,0.06,4,0.02,8,257.0
5,5,1,False,1,0.5330515873015873,2,0.2441587301587301,8,0.21945634920634915,3,0.003333333333333333,4,0.0,6,9.8
5,0,2,False,2,0.68,7,0.32,1,0.0,0,0.0,3,0.0,4,163.0
5,2,7,False,7,0.4897380952380953,4,0.4402619047619048,1,0.05,8,0.019999999999999997,3,0.0,6,84.0
5,0,0,True,0,0.62,2,0.2293809523809524,1,0.15061904761904762,3,0.0,4,0.0,1,146.0
5,0,8,False,8,0.466,4,0.45733333333333337,0,0.03283333333333333,6,0.029333333333333336,7,0.014499999999999999,3,58.8
5,0,1,False,1,0.57,4,0.22333333333333333,7,0.18666666666666665,0,0.02,3,0.0,4,131.8
5,3,1,False,1,0.6763095238095238,8,0.3036904761904761,7,0.02,2,0.0,3,0.0,5,125.6
5,3,6,False,6,0.41867279942279934,3,0.22187770562770553,2,0.18103210678210677,1,0.1750840548340548,7,0.003333333333333333,2,24.2
5,7,6,False,6,0.61,2,0.18466666666666665,8,0.1653333333333333,0,0.017,1,0.016,6,94.6
5,4,0,False,0,0.62,1,0.28,2,0.08,4,0.02,3,0.0,4,110.4
5,2,2,True,2,0.7098888888888889,7,0.280111111111111,8,0.01,1,0.0,3,0.0,1,67.6
5,1,3,False,3,0.4485937950937952,8,0.30258802308802296,7,0.23881818181818182,6,0.005,2,0.005,8,27.2
5,7,2,False,2,0.58,6,0.22,4,0.0925,0,0.0875,7,0.01,5,64.4
5,3,2,False,2,0.4583333333333334,8,0.43166666666666664,6,0.1,7,0.01,3,0.0,5,77.0
5,3,1,False,1,0.46016666666666667,0,0.4098333333333333,7,0.11,4,0.0125,5,0.0075,7,102.6
5,7,1,False,1,0.44121428571428567,3,0.43878571428571433,2,0.045,7,0.045,8,0.03,4,71.6
5,1,1,True,1,0.5252142857142857,2,0.3747857142857142,4,0.1,0,0.0,3,0.0,1,77.4
5,1,2,False,2,0.595,6,0.1923333333333333,4,0.18766666666666665,0,0.02,8,0.005,8,51.6
5,4,2,False,2,0.7094404761904767,3,0.17283333333333334,1,0.11772619047619047,0,0.0,4,0.0,5,23.0
5,2,6,False,6,0.62,7,0.24,4,0.1,8,0.02333333333333333,2,0.016666666666666666,5,79.2
5,1,3,False,3,0.4872023809523809,2,0.2612142857142856,1,0.2449166666666666,4,0.006666666666666666,0,0.0,3,22.8
5,3,2,False,2,0.5255555555555554,3,0.16535497835497837,1,0.16451659451659448,7,0.14457287157287152,0,0.0,2,33.6
5,2,1,False,1,0.3582658730158731,2,0.307212121212121,4,0.17428679653679652,6,0.1602352092352092,3,0.0,2,19.4
5,8,8,True,8,0.48700000000000004,7,0.4046666666666666,4,0.1,2,0.008333333333333333,3,0.0,1,158.0
5,8,1,False,1,0.9816666666666666,4,0.01,0,0.008333333333333333,2,0.0,3,0.0,9,95.8
5,7,0,False,0,0.61,8,0.34,1,0.05,2,0.0,4,0.0,9,107.0
5,3,1,False,1,0.44121428571428567,3,0.43878571428571433,2,0.045,7,0.045,8,0.03,2,71.6
5,8,3,False,3,0.7666666666666667,2,0.22333333333333333,7,0.005,5,0.005,0,0.0,9,96.8
5,2,6,False,6,0.6936666666666668,2,0.30133333333333334,4,0.005,0,0.0,3,0.0,2,10.2
5,2,3,False,3,0.49928571428571433,2,0.25726984126984115,1,0.2434444444444444,0,0.0,4,0.0,2,11.4
5,2,8,False,8,0.64,3,0.2856666666666667,2,0.07433333333333333,1,0.0,4,0.0,3,9.4
5,0,7,False,7,0.615,8,0.27,3,0.10833333333333334,4,0.006666666666666666,2,0.0,8,114.2
5,2,4,False,4,0.29415584415584406,2,0.27520779220779207,7,0.21589393939393936,6,0.21474242424242426,3,0.0,2,54.2
5,2,2,True,2,0.5363333333333334,7,0.4411666666666665,3,0.02,1,0.0025,0,0.0,1,9.0
5,2,6,False,6,0.780595238095238,8,0.18940476190476194,1,0.03,2,0.0,3,0.0,4,50.6
5,2,2,True,2,0.92,1,0.056666666666666664,8,0.02333333333333333,0,0.0,4,0.0,1,48.6
5,2,2,True,2,0.46264285714285697,6,0.40735714285714303,3,0.053285714285714283,8,0.04088095238095238,7,0.03583333333333333,1,27.4
5,0,0,True,0,0.62,2,0.34,7,0.02,4,0.01,1,0.005,1,149.2
5,2,1,False,1,0.7386666666666667,8,0.2,3,0.051333333333333335,0,0.005,4,0.005,6,65.0
5,2,0,False,0,0.62,2,0.34,3,0.02,7,0.02,1,0.0,2,148.8
5,2,3,False,3,0.7216666666666667,1,0.2,2,0.07833333333333334,0,0.0,4,0.0,3,6.2
5,3,1,False,1,0.4338571428571429,8,0.40580952380952384,2,0.16033333333333333,0,0.0,4,0.0,8,48.2
5,4,1,False,1,0.62,7,0.21,0,0.13166666666666665,2,0.03833333333333333,3,0.0,6,207.6
5,2,1,False,1,0.37383333333333324,8,0.3215079365079363,7,0.3046587301587301,2,0.0,3,0.0,4,29.0
5,7,3,False,3,0.64,2,0.23,0,0.08,1,0.05,4,0.0,8,135.4
5,3,4,False,4,0.5985714285714286,6,0.27,8,0.11,3,0.014285714285714285,1,0.007142857142857142,4,60.0
5,1,1,True,1,0.327634199134199,2,0.3256621572871572,6,0.19061255411255407,3,0.15609108946608946,0,0.0,1,21.4
5,1,1,True,1,0.6763095238095238,8,0.3036904761904761,7,0.02,2,0.0,3,0.0,1,125.6
5,3,3,True,3,0.35930952380952375,2,0.32376190476190475,1,0.3040714285714286,5,0.012857142857142855,0,0.0,1,26.0
5,1,3,False,3,0.3576071428571428,2,0.345892857142857,1,0.2883095238095237,4,0.00819047619047619,0,0.0,3,26.2
5,1,2,False,2,0.66,1,0.17116666666666663,3,0.1288333333333333,6,0.04,0,0.0,2,56.8
5,3,1,False,1,0.5583333333333333,7,0.32,2,0.1,0,0.016666666666666666,3,0.005,5,70.8
5,0,6,False,6,0.62,7,0.24,4,0.1,8,0.02333333333333333,2,0.016666666666666666,7,79.2
5,4,3,False,3,0.63,1,0.22799999999999998,7,0.132,2,0.01,0,0.0,6,41.6
5,4,4,True,4,0.36257142857142854,1,0.3179880952380952,3,0.2827738095238095,8,0.026666666666666665,7,0.01,1,63.2
5,4,3,False,3,0.6753333333333333,4,0.26,2,0.06466666666666666,1,0.0,0,0.0,2,28.6
5,7,8,False,8,0.38589862914862905,3,0.22881421356421341,2,0.2147344877344877,1,0.17055266955266954,4,0.0,9,75.0
5,7,1,False,1,0.91,0,0.07,7,0.02,2,0.0,3,0.0,3,137.4
5,1,3,False,3,0.8728333333333333,1,0.055166666666666656,5,0.042,2,0.03,0,0.0,2,18.4
5,1,2,False,2,0.5132619047619049,1,0.4087619047619047,3,0.07797619047619048,0,0.0,4,0.0,2,23.8
5,1,3,False,3,0.798873015873016,1,0.19779365079365074,2,0.003333333333333333,0,0.0,4,0.0,2,21.2
5,7,1,False,1,0.35916666666666663,0,0.3318333333333332,2,0.3006666666666666,7,0.008333333333333333,3,0.0,4,90.8
5,1,3,False,3,0.4828928571428572,4,0.27730952380952373,2,0.23779761904761895,1,0.002,0,0.0,4,26.4
5,1,6,False,6,0.95,4,0.0275,2,0.018500000000000003,1,0.004,3,0.0,4,22.0
5,7,3,False,3,0.7,2,0.19,1,0.0575,4,0.04750000000000001,5,0.005,8,103.2
5,4,0,False,0,0.3322857142857143,1,0.3208809523809524,3,0.3068333333333333,2,0.04,4,0.0,5,101.6
5,2,2,True,2,0.61,7,0.32,1,0.04,8,0.030000000000000006,3,0.0,1,125.2
5,2,2,True,2,0.7375,4,0.24,0,0.0225,1,0.0,3,0.0,1,159.8
5,1,4,False,4,0.36257142857142854,1,0.3179880952380952,3,0.2827738095238095,8,0.026666666666666665,7,0.01,2,63.2
5,1,2,False,2,0.35350000000000004,1,0.3330555555555555,5,0.27344444444444443,3,0.03,6,0.01,2,32.0
5,1,3,False,3,0.6753333333333333,4,0.26,2,0.06466666666666666,1,0.0,0,0.0,4,28.6
5,1,1,True,1,0.56,6,0.24876190476190477,8,0.19123809523809523,2,0.0,3,0.0,1,50.8
5,1,2,False,2,0.6316666666666666,1,0.24233333333333332,7,0.126,0,0.0,3,0.0,2,144.4
5,3,3,True,3,0.46884307359307364,1,0.3840490620490622,5,0.14710786435786435,0,0.0,2,0.0,1,25.8
5,2,6,False,6,0.6,2,0.22396428571428575,8,0.10271428571428574,3,0.07332142857142858,0,0.0,2,5.6
5,2,2,True,2,0.65,0,0.24,1,0.07,3,0.04,4,0.0,1,136.8
5,2,7,False,7,0.5074047619047619,5,0.3575952380952381,3,0.11,0,0.025,2,0.0,5,97.2
5,2,4,False,4,0.66,8,0.2,1,0.08,6,0.06,3,0.0,6,68.8
5,3,2,False,2,0.7094404761904767,3,0.17283333333333334,1,0.11772619047619047,0,0.0,4,0.0,2,23.0
5,7,2,False,2,0.68,1,0.19047619047619052,3,0.1295238095238095,0,0.0,4,0.0,8,59.4
5,2,6,False,6,0.30050902126986107,2,0.2649429856532848,3,0.19351914780733417,4,0.10974888177144095,8,0.08236365368182438,2,0.0
5,7,2,False,2,0.5553333333333332,1,0.42466666666666664,0,0.01,4,0.01,3,0.0,8,89.2
5,7,2,False,2,0.46264285714285697,6,0.40735714285714303,3,0.053285714285714283,8,0.04088095238095238,7,0.03583333333333333,5,27.4
5,8,1,False,1,0.6208809523809524,3,0.3391190476190475,2,0.03,5,0.01,0,0.0,9,85.8
5,2,2,True,2,0.4204642857142858,4,0.3894206349206349,7,0.18511507936507937,1,0.00375,0,0.00125,1,87.6
5,8,7,False,7,0.4488333333333333,0,0.41716666666666674,4,0.124,1,0.01,3,0.0,9,131.2
5,8,0,False,0,0.7,1,0.22,7,0.08,2,0.0,3,0.0,9,185.4
5,8,2,False,2,0.5222698412698412,3,0.2388055555555555,8,0.2189246031746032,4,0.02,0,0.0,3,6.8
5,2,7,False,7,0.64,4,0.1876666666666667,0,0.16233333333333333,6,0.01,3,0.0,6,109.4
5,4,7,False,7,0.665,2,0.19,1,0.14,4,0.005,3,0.0,4,137.6
5,2,3,False,3,0.4869549617049618,2,0.3474617049617048,7,0.16558333333333328,1,0.0,0,0.0,2,22.4
5,8,2,False,2,0.68,7,0.31,4,0.01,0,0.0,3,0.0,9,165.0
5,4,8,False,8,0.385357142857143,0,0.31647619047619036,1,0.29816666666666664,2,0.0,4,0.0,5,111.2
5,8,2,False,2,0.71,3,0.23,0,0.06,1,0.0,4,0.0,9,135.2
5,3,3,True,3,0.61,7,0.2025,8,0.1675,1,0.015,0,0.005,1,99.6
5,3,2,False,2,0.7094404761904767,3,0.17283333333333334,1,0.11772619047619047,0,0.0,4,0.0,2,23.0
5,3,2,False,2,0.34135714285714286,1,0.31979365079365074,8,0.29837301587301573,7,0.04047619047619047,3,0.0,5,29.8
5,7,1,False,1,0.6226666666666667,0,0.37733333333333335,2,0.0,3,0.0,4,0.0,8,95.6
5,3,1,False,1,0.34965873015873017,2,0.3115873015873015,7,0.29875396825396816,4,0.03,6,0.01,7,39.8
5,3,7,False,7,0.8181666666666666,3,0.1418333333333333,6,0.03,4,0.01,2,0.0,2,79.6
5,1,7,False,7,0.5074047619047619,5,0.3575952380952381,3,0.11,0,0.025,2,0.0,6,97.2
5,3,2,False,2,0.8466666666666666,8,0.08380952380952379,1,0.06952380952380953,0,0.0,4,0.0,8,48.4
5,4,2,False,2,0.6742857142857142,1,0.319047619047619,7,0.006666666666666666,0,0.0,3,0.0,6,144.8
5,7,0,False,0,0.4789999999999999,1,0.45399999999999996,7,0.067,2,0.0,3,0.0,3,99.0
5,1,6,False,6,0.885,1,0.10499999999999998,4,0.00375,2,0.00375,0,0.0025,2,42.2
5,1,8,False,8,0.45683333333333337,1,0.4497380952380952,2,0.07,4,0.018928571428571427,3,0.0045000000000000005,2,39.2
5,1,2,False,2,0.6466666666666666,1,0.3,3,0.05333333333333333,0,0.0,4,0.0,2,6.0
5,1,7,False,7,0.625,6,0.24,8,0.09,4,0.025,2,0.02,8,55.8
5,7,1,False,1,0.26068106893106885,7,0.24671389721389717,4,0.23863283938283938,2,0.22549600399600403,8,0.015428571428571427,2,75.2
5,1,1,True,1,0.34344047619047624,2,0.3338571428571428,3,0.27270238095238086,6,0.05,0,0.0,1,49.8
5,1,1,True,1,0.975,4,0.01,8,0.01,0,0.005,3,0.0,1,96.0
5,4,8,False,8,0.4558333333333333,2,0.4141666666666666,7,0.08933333333333332,1,0.04066666666666666,3,0.0,6,98.2
5,2,3,False,3,0.43520238095238106,1,0.38113492063492066,2,0.18366269841269833,0,0.0,4,0.0,3,19.8
5,7,4,False,4,0.33684523809523825,2,0.3161309523809523,1,0.3145238095238095,7,0.0325,3,0.0,4,57.6
5,7,2,False,2,0.8200793650793651,4,0.13230158730158728,3,0.027222222222222224,1,0.020396825396825396,0,0.0,8,38.8
5,2,2,True,2,0.3161309523809523,1,0.3145238095238095,4,0.30934523809523806,8,0.06,3,0.0,1,57.5
5,2,6,False,6,0.30050902126986107,2,0.2649429856532848,3,0.19351914780733417,4,0.10974888177144095,8,0.08236365368182438,2,0.0
5,2,6,False,6,0.30050902126986107,2,0.2649429856532848,3,0.19351914780733417,4,0.10974888177144095,8,0.08236365368182438,2,0.0
5,2,6,False,6,0.30050902126986107,2,0.2649429856532848,3,0.19351914780733417,4,0.10974888177144095,8,0.08236365368182438,2,0.0
5,7,2,False,2,0.46666666666666673,8,0.4133333333333333,4,0.11333333333333334,6,0.006666666666666666,3,0.0,9,46.4
5,2,3,False,3,0.6816666666666668,2,0.22,8,0.08,1,0.018333333333333333,4,0.0,2,59.3
5,2,4,False,4,0.6670238095238095,0,0.24,2,0.03747619047619048,7,0.035666666666666666,6,0.01983333333333333,3,54.4
5,2,8,False,8,0.6819479131979133,1,0.11265398490398491,2,0.11247521922521923,4,0.05154795204795204,7,0.041374930624930625,3,45.0
5,7,2,False,2,0.5132619047619049,1,0.4087619047619047,3,0.07797619047619048,0,0.0,4,0.0,8,23.8
5,8,2,False,2,0.47416702741702754,3,0.2650443722943722,4,0.2553340548340548,1,0.004545454545454545,8,0.0009090909090909091,5,15.4
5,8,8,True,8,0.466,4,0.45733333333333337,0,0.03283333333333333,6,0.029333333333333336,7,0.014499999999999999,1,58.7
5,4,8,False,8,0.4743333333333333,2,0.45233333333333337,4,0.03,1,0.03,3,0.01,3,72.1
5,4,7,False,7,0.5407857142857142,1,0.3825476190476191,0,0.06666666666666667,2,0.01,3,0.0,6,104.2
5,6,3,False,3,0.6310429292929293,1,0.2117344877344877,2,0.1572225829725829,0,0.0,4,0.0,7,28.2
5,6,8,False,8,0.45199999999999996,1,0.3680000000000001,4,0.09500000000000001,7,0.085,3,0.0,9,57.9
5,6,6,True,6,0.81,2,0.10383333333333333,8,0.07616666666666666,7,0.01,3,0.0,1,13.7
5,6,1,False,1,0.2545436507936507,5,0.2526825396825396,3,0.24848809523809515,2,0.2442857142857143,0,0.0,7,18.2
5,6,6,True,6,0.30050902126986107,2,0.2649429856532848,3,0.19351914780733417,4,0.10974888177144095,8,0.08236365368182438,1,0.0
5,6,6,True,6,0.41867279942279934,3,0.22187770562770553,2,0.18103210678210677,1,0.1750840548340548,7,0.003333333333333333,1,24.2
5,6,2,False,2,0.99,6,0.01,1,0.0,0,0.0,3,0.0,2,47.2
5,4,3,False,3,0.33881349206349204,6,0.31874999999999987,2,0.31243650793650785,4,0.03,0,0.0,4,17.0
5,4,6,False,6,0.935,8,0.051666666666666666,1,0.01,2,0.003333333333333333,3,0.0,6,50.5
5,6,6,True,6,0.7524999999999998,4,0.2474999999999999,0,0.0,1,0.0,3,0.0,1,43.5
5,6,2,False,2,0.4228333333333334,8,0.41716666666666663,6,0.16,1,0.0,3,0.0,3,13.6
5,6,6,True,6,0.911170634920635,4,0.08882936507936508,0,0.0,1,0.0,3,0.0,1,43.4
5,4,2,False,2,0.69,3,0.1975,4,0.08,1,0.0325,0,0.0,3,38.3
5,6,4,False,4,0.47016666666666657,0,0.42983333333333335,6,0.05,2,0.03,3,0.01,3,64.6
5,4,4,True,4,0.9166666666666665,1,0.08,7,0.003333333333333333,0,0.0,3,0.0,1,29.2
5,6,6,True,6,0.4643333333333333,4,0.44566666666666666,0,0.0645,2,0.0255,3,0.0,1,51.5
5,6,2,False,2,0.3131575924075923,1,0.2854824897324897,8,0.16145546120546117,7,0.12907295482295475,4,0.11083150183150185,9,44.8
5,6,4,False,4,0.7,6,0.19,8,0.05999999999999999,2,0.05,3,0.0,2,78.9
5,8,2,False,2,0.46666666666666673,8,0.4133333333333333,4,0.11333333333333334,6,0.006666666666666666,3,0.0,2,46.4
5,8,6,False,6,0.59,1,0.39,7,0.01,2,0.01,3,0.0,9,33.3
5,6,4,False,4,0.69,3,0.13916666666666666,1,0.11721031746031749,2,0.05362301587301587,0,0.0,7,20.0
5,8,8,True,8,0.64,3,0.2856666666666667,2,0.07433333333333333,1,0.0,4,0.0,1,9.4
5,8,6,False,6,0.30050902126986107,2,0.2649429856532848,3,0.19351914780733417,4,0.10974888177144095,8,0.08236365368182438,5,0.0
5,8,3,False,3,0.44345238095238093,1,0.37654761904761913,2,0.11754761904761903,6,0.039523809523809524,7,0.022928571428571427,9,49.0
5,4,7,False,7,0.3398452380952381,0,0.3355357142857143,1,0.2946190476190476,8,0.02,6,0.008333333333333333,6,43.7
5,4,4,True,4,0.7475,2,0.18,8,0.05383333333333333,1,0.011666666666666665,3,0.006999999999999999,1,62.9
5,8,1,False,1,0.652,2,0.2399761904761905,4,0.10802380952380952,0,0.0,3,0.0,9,34.7
5,8,6,False,6,0.30050902126986107,2,0.2649429856532848,3,0.19351914780733417,4,0.10974888177144095,8,0.08236365368182438,5,0.0
5,2,4,False,4,0.69,3,0.13916666666666666,1,0.11721031746031749,2,0.05362301587301587,0,0.0,4,20.0
6,2,1,False,1,0.5138333333333334,3,0.4428333333333333,2,0.04333333333333333,0,0.0,4,0.0,3,6.0
6,0,8,False,8,0.46549999999999997,1,0.44616666666666677,2,0.07833333333333334,6,0.01,3,0.0,8,55.0
6,1,7,False,7,0.6,2,0.27,4,0.1,6,0.02,1,0.01,5,41.8
6,2,4,False,4,0.61,8,0.29750000000000004,5,0.0625,2,0.025,3,0.005,4,61.8
6,0,7,False,7,0.5491666666666667,1,0.4508333333333333,2,0.0,0,0.0,3,0.0,4,99.0
6,0,2,False,2,0.62,4,0.24,0,0.047285714285714285,1,0.04726190476190476,8,0.04545238095238095,3,52.8
6,0,7,False,7,0.6880952380952379,0,0.3052380952380952,6,0.006666666666666666,1,0.0,3,0.0,2,81.6
6,1,1,True,1,0.6,2,0.21,4,0.11066666666666666,7,0.07933333333333334,3,0.0,1,121.0
6,1,1,True,1,0.3693095238095239,2,0.3016428571428571,7,0.30071428571428566,3,0.028333333333333332,0,0.0,1,23.8
6,3,2,False,2,0.37023809523809526,7,0.3294285714285714,3,0.3003333333333333,1,0.0,0,0.0,3,11.8
6,1,2,False,2,0.3769999999999999,8,0.34700000000000003,3,0.2559999999999999,1,0.015,7,0.005,4,29.8
6,4,7,False,7,0.35416666666666674,4,0.33046825396825397,2,0.3153650793650793,0,0.0,3,0.0,2,84.2
6,2,3,False,3,0.6187435897435898,4,0.18199999999999997,8,0.16799999999999998,2,0.02028205128205128,5,0.010974358974358974,4,30.2
6,2,4,False,4,0.3312063492063491,0,0.3251190476190476,2,0.2936746031746031,1,0.029999999999999995,6,0.019999999999999997,3,42.4
6,1,3,False,3,0.5235,1,0.4031666666666666,6,0.07333333333333333,0,0.0,2,0.0,2,20.6
6,1,1,True,1,0.6,3,0.28,0,0.11,2,0.01,4,0.0,1,136.2
6,5,2,False,2,0.6513795093795093,3,0.29862049062049056,8,0.028333333333333332,6,0.021666666666666664,0,0.0,7,66.0
6,2,0,False,0,0.7,4,0.24,1,0.04,5,0.01,7,0.01,6,247.2
6,0,2,False,2,0.40646031746031747,1,0.3510436507936509,3,0.2391626984126983,5,0.0016666666666666666,7,0.0016666666666666666,6,30.8
6,5,2,False,2,0.48133333333333334,1,0.45866666666666667,3,0.03,6,0.03,0,0.0,7,32.0
6,5,1,False,1,0.4992128427128427,3,0.494953823953824,7,0.005833333333333333,0,0.0,2,0.0,7,25.8
6,2,2,True,2,0.4629761904761904,1,0.26382142857142854,6,0.23170238095238088,8,0.0215,4,0.02,1,19.4
6,2,1,False,1,0.4713904428904431,3,0.20702509990009982,8,0.17081478243978235,4,0.15076967476967473,2,0.0,5,15.2
6,2,0,False,0,0.83,2,0.16,7,0.01,1,0.0,3,0.0,2,120.0
6,0,7,False,7,0.71,4,0.255,1,0.03,8,0.003333333333333333,2,0.0016666666666666666,8,97.8
6,2,8,False,8,0.63,2,0.26,1,0.07,5,0.04,3,0.0,2,170.4
6,3,4,False,4,0.5725,3,0.4275,1,0.0,0,0.0,2,0.0,2,38.6
6,7,7,True,7,0.79,2,0.2,1,0.01,0,0.0,3,0.0,1,118.0
6,3,7,False,7,0.621345238095238,3,0.3586547619047619,1,0.02,0,0.0,2,0.0,2,13.2
6,3,2,False,2,0.7783333333333333,8,0.17,7,0.04166666666666666,1,0.01,3,0.0,5,59.2
6,1,2,False,2,0.63,8,0.27,4,0.05,1,0.04,3,0.01,4,80.8
6,7,4,False,4,0.7301666666666665,0,0.25983333333333336,2,0.01,1,0.0,3,0.0,8,88.6
6,7,1,False,1,0.68,4,0.17,2,0.1,0,0.05,3,0.0,8,206.0
6,1,4,False,4,0.55,1,0.37,7,0.03266666666666666,8,0.03111904761904762,2,0.016214285714285716,2,68.2
6,1,1,True,1,0.47285714285714275,7,0.4354761904761905,4,0.06366666666666668,8,0.028000000000000004,3,0.0,1,75.8
6,1,2,False,2,0.8148333333333333,1,0.14516666666666667,6,0.04,0,0.0,3,0.0,2,10.6
6,1,2,False,2,0.4629761904761904,1,0.26382142857142854,6,0.23170238095238088,8,0.0215,4,0.02,2,19.4
6,3,4,False,4,0.74,7,0.22,2,0.04,0,0.0,3,0.0,5,36.6
6,3,3,True,3,0.2323852813852813,6,0.22910101010100997,7,0.18809956709956707,2,0.18779004329004323,1,0.16262409812409812,1,27.6
6,2,1,False,1,0.36556277056277053,8,0.2575238095238094,3,0.2494689754689753,2,0.12744444444444444,4,0.0,4,17.6
6,7,2,False,2,0.6,8,0.29,7,0.09,0,0.02,3,0.0,3,164.6
6,2,1,False,1,0.65,7,0.29,4,0.03,8,0.03,3,0.0,6,156.2
6,2,4,False,4,0.5725,3,0.4275,1,0.0,0,0.0,2,0.0,5,38.6
6,7,1,False,1,0.46599999999999997,7,0.41400000000000003,2,0.04416666666666666,8,0.03833333333333334,3,0.0375,2,29.6
6,3,4,False,4,0.5176666666666667,7,0.37233333333333335,6,0.07714285714285714,3,0.01714285714285714,2,0.00857142857142857,4,24.4
6,3,1,False,1,0.6631767676767677,3,0.17665728715728707,2,0.1601659451659451,0,0.0,4,0.0,2,23.4
6,2,4,False,4,0.68,2,0.17,8,0.09,3,0.06,0,0.0,2,81.0
6,3,4,False,4,0.4674999999999999,3,0.45583333333333337,1,0.06,2,0.011666666666666665,6,0.005,2,35.0
6,2,0,False,0,0.69,2,0.15242460317460316,4,0.11078571428571428,7,0.04678968253968255,3,0.0,2,87.2
6,0,7,False,7,0.59,8,0.23,4,0.09583333333333334,1,0.06875,2,0.015416666666666665,8,104.0
6,2,3,False,3,0.671746114996115,1,0.16872879897879894,6,0.159525086025086,0,0.0,2,0.0,5,28.2
6,0,7,False,7,0.3795952380952381,0,0.3214999999999999,1,0.27490476190476193,2,0.024,3,0.0,2,91.2
6,2,4,False,4,0.63,6,0.29,1,0.04716666666666667,8,0.017833333333333333,2,0.015,5,47.8
6,0,1,False,1,0.68,7,0.31,4,0.01,0,0.0,3,0.0,4,155.4
6,0,0,True,0,0.69,2,0.15242460317460316,4,0.11078571428571428,7,0.04678968253968255,3,0.0,1,87.2
6,2,2,True,2,0.4368333333333335,1,0.4231666666666666,8,0.13,6,0.01,3,0.0,1,57.0
6,2,7,False,7,0.34578571428571414,6,0.3453333333333333,2,0.27964285714285714,1,0.013761904761904762,8,0.009285714285714286,3,27.4
6,2,8,False,8,0.65,2,0.23,6,0.1,3,0.015,4,0.005,2,78.6
6,2,1,False,1,0.64,8,0.19,4,0.16,2,0.01,3,0.0,4,37.6
6,2,2,True,2,0.56,4,0.3983333333333334,0,0.021666666666666664,6,0.02,3,0.0,1,110.2
6,2,7,False,7,0.66,0,0.23,4,0.09,5,0.02,3,0.0,6,278.4
6,8,4,False,4,0.58,0,0.31,7,0.06,5,0.05,3,0.0,9,267.2
6,2,7,False,7,0.7,1,0.29,2,0.01,0,0.0,3,0.0,3,124.2
6,0,2,False,2,0.48821212121212143,4,0.3394877344877345,7,0.16230014430014428,1,0.006666666666666666,0,0.003333333333333333,5,87.4
6,2,4,False,4,0.346845238095238,6,0.3301190476190474,7,0.2780357142857143,2,0.024166666666666666,1,0.02083333333333333,4,54.0
6,4,1,False,1,0.8351190476190478,2,0.09614285714285715,3,0.06873809523809524,0,0.0,4,0.0,5,141.4
6,8,4,False,4,0.71,2,0.23,3,0.06,1,0.0,0,0.0,9,3.6
6,3,1,False,1,0.478515873015873,2,0.2660833333333333,8,0.25540079365079355,0,0.0,4,0.0,8,47.6
6,1,7,False,7,0.69,2,0.16,8,0.15,1,0.0,3,0.0,4,152.2
6,1,3,False,3,0.6695119047619046,1,0.32248809523809513,2,0.008,0,0.0,4,0.0,2,20.8
6,1,2,False,2,0.59,0,0.27,8,0.12,1,0.02,4,0.0,4,188.4
6,7,2,False,2,0.6598333333333334,6,0.24,1,0.08933333333333332,7,0.008333333333333333,8,0.0025,4,55.4
6,3,0,False,0,0.34388888888888886,2,0.34134920634920635,1,0.3147619047619047,3,0.0,4,0.0,4,51.2
6,7,4,False,4,0.48666666666666664,1,0.44641666666666674,7,0.04,2,0.026916666666666665,3,0.0,3,104.2
6,1,7,False,7,0.67,2,0.28,4,0.04,6,0.01,3,0.0,6,36.4
6,1,4,False,4,0.6,2,0.25,6,0.09350000000000001,3,0.028464285714285716,1,0.028035714285714285,5,21.8
6,3,1,False,1,0.9252142857142855,2,0.03007142857142857,8,0.0239047619047619,3,0.020809523809523812,4,0.0,4,15.0
6,3,3,True,3,0.639904761904762,6,0.3515238095238095,1,0.004285714285714285,8,0.004285714285714285,2,0.0,1,20.4
6,4,8,False,8,0.7791666666666667,4,0.18083333333333332,7,0.04,0,0.0,3,0.0,2,112.4
6,1,1,True,1,0.972,3,0.01983333333333333,2,0.008166666666666666,0,0.0,4,0.0,1,19.6
6,1,4,False,4,0.5725,3,0.4275,1,0.0,0,0.0,2,0.0,3,38.6
6,7,2,False,2,0.97,4,0.03,1,0.0,0,0.0,3,0.0,8,67.6
6,7,0,False,0,0.93,4,0.06,2,0.005,1,0.005,3,0.0,8,104.6
6,1,1,True,1,0.78,2,0.13574999999999998,0,0.08425,3,0.0,4,0.0,1,127.0
6,1,4,False,4,0.63,7,0.19366666666666668,3,0.14633333333333334,2,0.03,0,0.0,6,103.4
6,7,7,True,7,0.5191666666666667,1,0.4108333333333333,4,0.065,8,0.003333333333333333,2,0.0016666666666666666,1,98.0
6,1,1,True,1,0.5251666666666667,0,0.44116666666666676,4,0.023666666666666666,7,0.01,3,0.0,1,95.2
6,3,4,False,4,0.5914325396825397,6,0.35856746031746034,1,0.020499999999999997,2,0.01975,3,0.009750000000000002,5,50.0
6,8,1,False,1,0.628,2,0.262,6,0.09,4,0.02,3,0.0,9,176.0
6,1,8,False,8,0.42408333333333337,3,0.39591666666666664,2,0.134,7,0.0265,6,0.0195,8,49.0
6,3,4,False,4,1.0,0,0.0,2,0.0,1,0.0,3,0.0,5,37.8
6,7,7,True,7,0.7833333333333333,1,0.19666666666666668,2,0.02,0,0.0,3,0.0,1,128.4
6,1,7,False,7,0.67,1,0.31,2,0.02,0,0.0,3,0.0,2,128.0
6,2,0,False,0,0.67,7,0.22,4,0.09,5,0.02,3,0.0,6,276.6
6,2,4,False,4,0.9,8,0.09428571428571429,2,0.005714285714285714,1,0.0,3,0.0,3,2.0
6,1,3,False,3,0.6759285714285715,2,0.3240714285714285,1,0.0,0,0.0,4,0.0,3,11.4
6,2,4,False,4,0.6,2,0.25,6,0.09350000000000001,3,0.028464285714285716,1,0.028035714285714285,2,21.8
6,1,4,False,4,0.5176666666666667,7,0.37233333333333335,6,0.07714285714285714,3,0.01714285714285714,2,0.00857142857142857,6,24.4
6,2,1,False,1,0.64,8,0.19,4,0.16,2,0.01,3,0.0,4,37.6
6,2,2,True,2,0.3181071428571428,3,0.29374999999999996,1,0.28814285714285715,4,0.1,0,0.0,1,33.8
6,2,2,True,2,0.8346666666666667,1,0.1653333333333333,0,0.0,3,0.0,4,0.0,1,11.0
6,8,8,True,8,0.7646666666666668,3,0.18266666666666664,2,0.03266666666666666,4,0.02,0,0.0,1,2.8
6,8,1,False,1,0.63,6,0.24716269841269842,7,0.07603174603174603,3,0.026547619047619053,8,0.020257936507936506,5,44.2
6,2,3,False,3,0.6759285714285715,2,0.3240714285714285,1,0.0,0,0.0,4,0.0,2,11.4
6,4,6,False,6,0.7,8,0.24,2,0.055,0,0.005,3,0.0,6,78.8
6,3,1,False,1,0.4992128427128427,3,0.494953823953824,7,0.005833333333333333,0,0.0,2,0.0,2,25.8
6,3,2,False,2,0.4167582417582418,3,0.4031642246642246,5,0.18007753357753348,1,0.0,0,0.0,2,30.4
6,3,7,False,7,0.5074194694194695,3,0.18180339105339097,8,0.18015401265401262,6,0.13062312687312683,2,0.0,2,44.0
6,2,2,True,2,0.48821212121212143,4,0.3394877344877345,7,0.16230014430014428,1,0.006666666666666666,0,0.003333333333333333,1,87.4
6,2,7,False,7,0.8716666666666666,4,0.09,8,0.03833333333333334,0,0.0,3,0.0,6,157.0
6,2,0,False,0,0.51,8,0.29,7,0.12,3,0.07,2,0.01,5,84.8
6,3,7,False,7,0.6,3,0.32,8,0.05,4,0.03,2,0.0,2,79.8
6,7,4,False,4,0.5176666666666667,7,0.37233333333333335,6,0.07714285714285714,3,0.01714285714285714,2,0.00857142857142857,2,24.4
6,3,0,False,0,0.71,4,0.29,2,0.0,1,0.0,3,0.0,5,104.8
6,7,2,False,2,0.8541666666666667,0,0.11583333333333334,4,0.02,7,0.01,3,0.0,4,162.0
6,7,0,False,0,0.93,4,0.06,2,0.005,1,0.005,3,0.0,8,104.6
6,2,1,False,1,0.69,0,0.22,8,0.05,3,0.03,4,0.01,6,73.6
6,1,7,False,7,0.508690476190476,0,0.4213095238095238,2,0.05,3,0.01,4,0.01,6,72.8
6,3,1,False,1,0.43241414141414125,8,0.209799062049062,3,0.19431746031746022,2,0.16346933621933624,4,0.0,3,20.2
6,1,3,False,3,0.6187435897435898,4,0.18199999999999997,8,0.16799999999999998,2,0.02028205128205128,5,0.010974358974358974,8,30.2
6,1,2,False,2,0.48133333333333334,1,0.45866666666666667,3,0.03,6,0.03,0,0.0,2,32.0
6,7,7,True,7,0.62,2,0.18933333333333333,1,0.16066666666666662,0,0.03,3,0.0,1,119.4
6,1,7,False,7,0.5452222222222222,0,0.25668253968253957,6,0.19809523809523807,1,0.0,3,0.0,4,81.4
6,7,2,False,2,0.6659999999999999,4,0.25,8,0.052000000000000005,3,0.032,0,0.0,9,76.8
6,1,2,False,2,0.5156428571428572,3,0.4243571428571428,4,0.03,0,0.015,1,0.005,5,61.4
6,4,2,False,2,0.71,6,0.29,1,0.0,0,0.0,3,0.0,6,36.0
6,4,2,False,2,0.4629761904761904,1,0.26382142857142854,6,0.23170238095238088,8,0.0215,4,0.02,5,19.4
6,8,1,False,1,0.5104047619047618,5,0.4064285714285715,2,0.04,0,0.033166666666666664,7,0.01,9,82.0
6,1,7,False,7,0.6,2,0.27,4,0.1,6,0.02,1,0.01,5,41.8
6,1,1,True,1,0.3465880230880229,2,0.3264184704184704,4,0.1789848484848484,0,0.148008658008658,3,0.0,1,8.6
6,7,1,False,1,0.3538095238095238,2,0.3351904761904762,3,0.27599999999999997,6,0.03,4,0.005,8,39.8
6,1,4,False,4,0.6,1,0.1063095238095238,8,0.10180158730158731,2,0.10118253968253967,7,0.0907063492063492,2,29.1
6,3,7,False,7,0.621345238095238,3,0.3586547619047619,1,0.02,0,0.0,2,0.0,2,13.2
6,7,3,False,3,0.671746114996115,1,0.16872879897879894,6,0.159525086025086,0,0.0,2,0.0,8,28.3
6,3,6,False,6,0.30229000863504357,2,0.2772278969326749,3,0.17128050611945883,8,0.11487979794621406,4,0.09318272767130022,3,0.0
6,7,3,False,3,0.6695119047619046,1,0.32248809523809513,2,0.008,0,0.0,4,0.0,8,20.8
6,2,6,False,6,0.30229000863504357,2,0.2772278969326749,3,0.17128050611945883,8,0.11487979794621406,4,0.09318272767130022,2,0.0
6,2,6,False,6,0.30229000863504357,2,0.2772278969326749,3,0.17128050611945883,8,0.11487979794621406,4,0.09318272767130022,2,0.0
6,4,1,False,1,0.4099722222222222,4,0.38936507936507925,2,0.19066269841269837,8,0.01,3,0.0,2,15.8
6,4,7,False,7,0.45233333333333325,8,0.37766666666666665,6,0.09266666666666666,4,0.07733333333333334,3,0.0,4,46.1
6,4,2,False,2,0.6598333333333334,6,0.24,1,0.08933333333333332,7,0.008333333333333333,8,0.0025,9,55.4
6,8,7,False,7,0.6483333333333334,8,0.1635,2,0.1465,3,0.032499999999999994,1,0.009166666666666667,2,71.8
6,8,8,True,8,0.5349801587301587,2,0.46501984126984136,1,0.0,0,0.0,4,0.0,1,2.2
6,4,0,False,0,0.33198809523809525,1,0.2941309523809523,8,0.28388095238095234,2,0.036000000000000004,7,0.022000000000000002,7,53.1
6,8,2,False,2,0.8975,6,0.09,1,0.0125,0,0.0,3,0.0,9,51.8
6,6,6,True,6,0.33919047619047615,3,0.3102698412698413,2,0.30603968253968244,1,0.044500000000000005,0,0.0,1,18.8
6,6,0,False,0,0.45416666666666666,2,0.41583333333333333,7,0.07,6,0.03,3,0.02,4,79.2
6,6,2,False,2,0.88,8,0.05666666666666667,3,0.04333333333333334,4,0.02,0,0.0,7,3.2
6,6,1,False,1,0.47248809523809515,3,0.27382142857142855,7,0.253690476190476,0,0.0,2,0.0,8,16.2
6,6,2,False,2,0.5046428571428571,7,0.3853571428571429,6,0.05733333333333333,0,0.05266666666666667,3,0.0,3,64.5
6,6,1,False,1,0.8983333333333333,0,0.08166666666666667,8,0.02,2,0.0,4,0.0,7,69.9
6,6,2,False,2,0.67,7,0.18350000000000002,0,0.12650000000000003,4,0.02,3,0.0,8,72.6
6,6,8,False,8,0.46549999999999997,1,0.44616666666666677,2,0.07833333333333334,6,0.01,3,0.0,4,55.1
6,4,3,False,3,0.62,2,0.18966666666666665,1,0.1653333333333333,4,0.015,0,0.01,4,60.7
6,6,2,False,2,0.4264469696969696,1,0.2058340548340548,6,0.1846316738816739,3,0.1830873015873016,0,0.0,3,13.5
6,6,6,True,6,0.30229000863504357,2,0.2772278969326749,3,0.17128050611945883,8,0.11487979794621406,4,0.09318272767130022,1,0.0
6,4,3,False,3,0.7225119047619047,8,0.13647619047619047,2,0.13101190476190475,5,0.01,0,0.0,6,6.7
6,4,1,False,1,0.69,0,0.22,8,0.05,3,0.03,4,0.01,5,73.6
6,6,3,False,3,0.4606781274281274,2,0.41350360750360765,7,0.12581826506826504,1,0.0,0,0.0,8,22.5
6,4,6,False,6,0.30229000863504357,2,0.2772278969326749,3,0.17128050611945883,8,0.11487979794621406,4,0.09318272767130022,5,0.0
6,6,3,False,3,0.2323852813852813,6,0.22910101010100997,7,0.18809956709956707,2,0.18779004329004323,1,0.16262409812409812,2,27.6
6,8,4,False,4,0.9,8,0.09428571428571429,2,0.005714285714285714,1,0.0,3,0.0,2,2.0
6,4,3,False,3,0.65,4,0.20166666666666663,5,0.08416666666666667,8,0.04583333333333333,1,0.018333333333333333,2,62.2
6,4,6,False,6,0.69,2,0.2315,0,0.0785,1,0.0,3,0.0,6,42.7
6,4,4,True,4,0.3312063492063491,0,0.3251190476190476,2,0.2936746031746031,1,0.029999999999999995,6,0.019999999999999997,1,42.4
6,6,2,False,2,0.35049408924408915,7,0.17915412365412364,6,0.17764907314907316,8,0.14755877455877456,1,0.14514393939393933,3,44.6
6,6,1,False,1,0.59,2,0.24,6,0.13,7,0.04,3,0.0,3,42.0
6,8,7,False,7,0.45233333333333325,8,0.37766666666666665,6,0.09266666666666666,4,0.07733333333333334,3,0.0,2,46.1
6,8,4,False,4,0.74,2,0.26,1,0.0,0,0.0,3,0.0,9,67.5
6,6,1,False,1,0.63,8,0.22,2,0.06943650793650794,3,0.061079365079365074,7,0.019484126984126986,9,22.2
6,8,3,False,3,0.66,2,0.2,0,0.11250000000000002,7,0.027499999999999997,1,0.0,9,73.2
6,8,6,False,6,0.62,2,0.36,4,0.02,0,0.0,3,0.0,9,51.9
6,8,3,False,3,0.9503030303030302,1,0.04,2,0.009696969696969697,0,0.0,4,0.0,9,66.4
6,8,2,False,2,0.2706657509157508,1,0.2516569819069818,7,0.12755033855033848,8,0.12532606282606276,4,0.12204742479742471,4,44.7
6,4,2,False,2,0.47733333333333333,6,0.4656666666666666,8,0.028333333333333335,1,0.014666666666666668,3,0.013999999999999999,8,20.1
6,4,0,False,0,0.5115,6,0.38849999999999996,2,0.05114285714285715,7,0.038857142857142854,8,0.01,9,64.6
6,8,8,True,8,0.5349801587301587,2,0.46501984126984136,1,0.0,0,0.0,4,0.0,1,2.2
6,8,1,False,1,0.7564523809523809,2,0.21188095238095236,7,0.03166666666666666,0,0.0,3,0.0,9,76.2
6,4,2,False,2,0.3482748917748918,3,0.30441341991341997,7,0.2877662337662338,8,0.05,1,0.009545454545454546,8,25.4
7,1,1,True,1,0.627,4,0.33,2,0.043,0,0.0,3,0.0,1,77.8
7,1,3,False,3,0.4746666666666667,1,0.42533333333333334,2,0.06333333333333332,7,0.026666666666666665,6,0.01,2,59.6
7,1,4,False,4,0.4828452380952379,1,0.26596428571428565,2,0.2211904761904761,8,0.03,3,0.0,2,15.8
7,2,8,False,8,0.4594523809523809,2,0.430547619047619,4,0.11,1,0.0,3,0.0,2,2.4
7,2,4,False,4,0.6351666666666665,1,0.33816666666666656,2,0.026666666666666665,0,0.0,3,0.0,3,34.4
7,2,1,False,1,0.5033178210678212,6,0.18305303030303027,3,0.17215584415584412,2,0.14147330447330442,0,0.0,4,21.4
7,0,2,False,2,0.9,1,0.07,7,0.03,0,0.0,3,0.0,4,126.8
7,0,2,False,2,0.8959999999999999,4,0.07666666666666666,6,0.027333333333333334,0,0.0,3,0.0,4,42.8
7,2,1,False,1,0.42199999999999993,3,0.408,2,0.14,4,0.0175,6,0.01,3,14.2
7,4,3,False,3,0.560952380952381,2,0.41054761904761894,1,0.018500000000000003,4,0.01,0,0.0,4,34.0
7,1,6,False,6,0.61,1,0.37,3,0.02,0,0.0,2,0.0,2,70.2
7,2,1,False,1,0.6417976190476188,0,0.32553571428571415,3,0.017333333333333333,2,0.015333333333333332,4,0.0,4,61.2
7,2,8,False,8,0.43366666666666664,2,0.38633333333333325,3,0.18,1,0.0,4,0.0,2,4.4
7,3,4,False,4,0.63,7,0.2,2,0.085984126984127,8,0.06423809523809525,3,0.019777777777777776,5,7.2
7,2,7,False,7,0.6725,2,0.3175,1,0.01,0,0.0,3,0.0,2,125.0
7,5,6,False,6,0.53,8,0.43999999999999995,4,0.015,2,0.01,1,0.005,7,15.6
7,0,0,True,0,0.65,2,0.2344722222222222,1,0.11552777777777777,3,0.0,4,0.0,1,146.0
7,0,2,False,2,0.47800000000000004,0,0.402,4,0.08,1,0.03,7,0.01,2,213.6
7,5,6,False,6,0.2770119047619047,1,0.2560515873015873,2,0.250095238095238,3,0.2168412698412698,0,0.0,7,18.2
7,0,6,False,6,0.7299404761904761,1,0.24505952380952378,4,0.025,0,0.0,3,0.0,4,27.8
7,2,1,False,1,0.5211468253968253,3,0.46885317460317466,4,0.01,0,0.0,2,0.0,5,22.8
7,4,5,False,5,0.6,2,0.21,3,0.084,0,0.05883333333333333,1,0.04716666666666667,6,102.8
7,0,6,False,6,0.61,1,0.37,3,0.02,0,0.0,2,0.0,4,70.2
7,4,7,False,7,0.53,0,0.29666666666666663,4,0.14,2,0.03333333333333333,3,0.0,3,232.8
7,2,7,False,7,0.72,0,0.21,2,0.07,1,0.0,3,0.0,3,163.4
7,0,0,True,0,0.59,2,0.3,1,0.11,3,0.0,4,0.0,1,130.0
7,3,2,False,2,0.3636904761904761,0,0.31671428571428567,1,0.2887857142857142,7,0.015714285714285715,5,0.015095238095238096,6,30.8
7,7,3,False,3,0.7,8,0.21971428571428575,6,0.07028571428571428,2,0.006666666666666666,7,0.003333333333333333,5,67.2
7,1,6,False,6,0.5169173881673881,2,0.25039141414141414,8,0.2226911976911976,7,0.01,3,0.0,6,44.6
7,3,1,False,1,0.7111269841269838,4,0.2688730158730159,2,0.015,7,0.005,3,0.0,5,39.0
7,3,2,False,2,0.41013888888888894,3,0.3930753968253968,5,0.19678571428571418,1,0.0,0,0.0,2,30.4
7,3,0,False,0,0.7075,2,0.2925,1,0.0,3,0.0,4,0.0,4,147.4
7,7,2,False,2,0.4928333333333333,7,0.45216666666666677,4,0.05,8,0.005,3,0.0,2,157.0
7,3,4,False,4,0.4538333333333333,3,0.4470000000000001,6,0.07,1,0.029166666666666664,2,0.0,2,22.6
7,7,1,False,1,0.4547222222222223,2,0.4086666666666666,7,0.11644444444444446,0,0.020166666666666666,3,0.0,3,91.4
7,7,6,False,6,0.5169173881673881,2,0.25039141414141414,8,0.2226911976911976,7,0.01,3,0.0,4,44.6
7,1,7,False,7,0.4604761904761905,2,0.32073412698412684,4,0.2045396825396825,8,0.00575,1,0.00525,5,75.2
7,1,0,False,0,0.59,1,0.23,2,0.18,3,0.0,4,0.0,2,130.2
7,1,2,False,2,0.3636904761904761,0,0.31671428571428567,1,0.2887857142857142,7,0.015714285714285715,5,0.015095238095238096,3,30.8
7,7,7,True,7,0.85,8,0.11,4,0.03,2,0.01,3,0.0,1,194.0
7,7,8,False,8,0.6582142857142856,6,0.27178571428571424,3,0.07,1,0.0,2,0.0,9,67.0
7,7,1,False,1,0.6246309523809525,3,0.3511468253968254,8,0.02,5,0.004222222222222222,2,0.0,9,25.6
7,1,3,False,3,0.3926468253968254,1,0.22341666666666662,8,0.187015873015873,2,0.16692063492063489,4,0.03,2,20.2
7,3,4,False,4,0.8780714285714285,8,0.10192857142857142,6,0.016,1,0.004,3,0.0,5,46.8
7,2,0,False,0,0.6,7,0.3,2,0.07,8,0.03,3,0.0,3,114.8
7,7,1,False,1,0.7732380952380953,0,0.1275952380952381,7,0.09916666666666664,2,0.0,3,0.0,3,98.8
7,2,2,True,2,0.2649007936507936,4,0.2607142857142857,3,0.23357936507936508,8,0.23003174603174592,1,0.010773809523809524,1,15.4
7,7,7,True,7,0.92,4,0.043,0,0.03,1,0.006999999999999999,3,0.0,1,116.8
7,2,6,False,6,0.6150873015873015,3,0.36491269841269836,1,0.013000000000000001,2,0.006999999999999999,0,0.0,4,18.8
7,7,3,False,3,0.6,0,0.17683333333333334,4,0.17316666666666666,7,0.05,2,0.0,4,109.0
7,2,6,False,6,0.5246666666666667,8,0.4753333333333334,2,0.0,0,0.0,3,0.0,3,13.6
7,0,4,False,4,0.6977301587301588,0,0.11098015873015869,1,0.10075396825396826,2,0.09053571428571429,3,0.0,2,88.2
7,3,1,False,1,0.4139880952380952,3,0.28878571428571426,6,0.2752261904761904,8,0.015,4,0.005,2,27.0
7,2,2,True,2,0.6603333333333333,6,0.3396666666666667,1,0.0,0,0.0,3,0.0,1,47.2
7,2,3,False,3,0.5350079365079364,1,0.24090476190476184,4,0.22075396825396829,2,0.003333333333333333,0,0.0,4,26.4
7,0,7,False,7,0.735,1,0.09458333333333334,5,0.0900357142857143,2,0.08038095238095239,3,0.0,6,97.4
7,2,2,True,2,0.8026666666666666,0,0.14733333333333334,4,0.05,1,0.0,3,0.0,1,120.2
7,0,4,False,4,0.33227380952380947,1,0.31082142857142847,3,0.30690476190476196,2,0.02,8,0.02,6,101.6
7,3,2,False,2,0.26230158730158726,7,0.2466547619047619,3,0.24223412698412697,1,0.23238095238095238,6,0.016428571428571428,3,28.0
7,3,1,False,1,0.6208650793650793,2,0.31913492063492055,6,0.06,0,0.0,3,0.0,5,49.8
7,3,2,False,2,0.605,6,0.21,4,0.18,1,0.005,3,0.0,5,74.2
7,1,3,False,3,0.7869404761904762,1,0.2130595238095237,0,0.0,2,0.0,4,0.0,2,21.2
7,1,8,False,8,0.81,3,0.16833333333333336,2,0.021666666666666664,1,0.0,4,0.0,4,5.2
7,1,6,False,6,0.595,2,0.24,1,0.11866666666666667,7,0.04633333333333333,3,0.0,3,42.0
7,1,1,True,1,0.6,4,0.33,2,0.07,0,0.0,3,0.0,1,78.0
7,1,5,False,5,0.62,0,0.1436190476190476,2,0.12992857142857145,7,0.07645238095238095,1,0.02333333333333333,5,86.4
7,7,7,True,7,0.35883125208125194,3,0.3077035187035186,6,0.1699854312354312,8,0.16347979797979798,2,0.0,1,44.0
7,1,1,True,1,0.49793958818958794,3,0.3381365578865577,2,0.16392385392385392,0,0.0,4,0.0,1,23.4
7,7,0,False,0,0.6151785714285715,7,0.3573214285714284,1,0.021666666666666664,6,0.005833333333333333,3,0.0,2,81.6
7,1,0,False,0,0.62,2,0.297,7,0.07300000000000001,4,0.01,3,0.0,6,155.6
7,1,2,False,2,0.605,6,0.21,4,0.18,1,0.005,3,0.0,4,74.2
7,7,3,False,3,0.7454126984126982,7,0.23858730158730143,1,0.013999999999999999,2,0.002,0,0.0,2,13.2
7,3,2,False,2,0.5173329725829726,3,0.16205699855699854,1,0.16055375180375178,7,0.16005627705627698,0,0.0,2,33.6
7,1,0,False,0,0.69,1,0.26,3,0.03733333333333333,7,0.012666666666666666,2,0.0,2,136.0
7,2,6,False,6,0.6,4,0.31,1,0.085,0,0.005,3,0.0,6,32.8
7,3,4,False,4,0.57,1,0.3636666666666667,7,0.06633333333333334,0,0.0,3,0.0,5,41.4
7,1,2,False,2,0.26230158730158726,7,0.2466547619047619,3,0.24223412698412697,1,0.23238095238095238,6,0.016428571428571428,4,28.0
7,1,2,False,2,0.675,7,0.245,0,0.08,1,0.0,3,0.0,4,115.2
7,7,7,True,7,0.7559999999999999,2,0.23399999999999999,1,0.01,0,0.0,3,0.0,1,124.8
7,7,7,True,7,0.7,8,0.25,1,0.023666666666666666,4,0.013166666666666667,2,0.013166666666666667,1,45.4
7,2,1,False,1,0.87,2,0.12,7,0.01,0,0.0,3,0.0,2,127.2
7,2,1,False,1,0.4843474025974026,8,0.2837027417027416,3,0.2249498556998557,7,0.006999999999999999,2,0.0,5,47.6
7,2,1,False,1,0.77,6,0.23,2,0.0,0,0.0,3,0.0,3,33.0
7,2,2,True,2,0.4636666666666666,1,0.4463333333333334,7,0.09,0,0.0,3,0.0,1,119.0
7,2,2,True,2,0.3103195975337097,6,0.29627906159497536,3,0.16495987548532878,4,0.10342403625845613,8,0.09007037701717642,1,0.0
7,7,7,True,7,0.68,1,0.2775,5,0.02916666666666667,8,0.013333333333333334,3,0.0,1,82.6
7,7,6,False,6,0.3410364357864358,3,0.32445382395382394,1,0.19053246753246753,2,0.14397727272727268,0,0.0,8,27.6
7,7,3,False,3,0.6,0,0.17683333333333334,4,0.17316666666666666,7,0.05,2,0.0,4,109.0
7,2,7,False,7,0.7568333333333334,0,0.17316666666666666,4,0.07,1,0.0,3,0.0,6,97.6
7,8,1,False,1,0.6,2,0.14372222222222222,4,0.1295277777777778,7,0.12675,3,0.0,9,83.8
7,2,6,False,6,0.67,0,0.12433333333333334,7,0.11666666666666665,1,0.08900000000000002,3,0.0,6,72.6
7,8,2,False,2,0.49183333333333334,3,0.47816666666666663,8,0.02,6,0.01,0,0.0,3,5.4
7,8,5,False,5,0.64,8,0.24,2,0.060833333333333336,4,0.055166666666666656,3,0.004,2,62.0
7,3,8,False,8,0.7,7,0.08651190476190475,2,0.07845238095238095,5,0.06777380952380954,1,0.06726190476190477,6,97.0
7,3,3,True,3,0.9575,1,0.0365,5,0.004,2,0.002,0,0.0,1,31.8
7,3,4,False,4,0.56,2,0.345,1,0.07,8,0.025,3,0.0,5,78.2
7,4,1,False,1,0.62,3,0.1885,7,0.1315,2,0.04,8,0.02,8,103.4
7,3,3,True,3,0.98,6,0.02,1,0.0,0,0.0,2,0.0,1,31.2
7,2,2,True,2,0.6491666666666666,4,0.27,0,0.08083333333333333,1,0.0,3,0.0,1,159.8
7,3,3,True,3,0.98,6,0.02,1,0.0,0,0.0,2,0.0,1,31.2
7,2,7,False,7,0.61,6,0.28900000000000003,0,0.060666666666666653,4,0.04033333333333333,3,0.0,6,64.4
7,8,2,False,2,0.86,1,0.1,5,0.04,0,0.0,3,0.0,9,170.2
7,3,0,False,0,0.7,2,0.29,1,0.01,3,0.0,4,0.0,4,147.2
7,1,2,False,2,0.5018333333333335,1,0.4381666666666665,4,0.06,0,0.0,3,0.0,2,77.4
7,1,4,False,4,0.4250476190476191,0,0.3949523809523809,8,0.15,2,0.03,3,0.0,8,110.6
7,8,2,False,2,0.65,4,0.16518398268398266,6,0.09875108225108226,3,0.08606493506493505,0,0.0,9,50.2
7,4,1,False,1,0.6075,4,0.38,7,0.0125,0,0.0,3,0.0,2,29.4
7,4,1,False,1,0.6,4,0.33,2,0.07,0,0.0,3,0.0,2,78.0
7,1,1,True,1,0.97,2,0.03,0,0.0,3,0.0,4,0.0,1,127.4
7,1,2,False,2,0.74,4,0.14116666666666666,0,0.09883333333333333,7,0.02,3,0.0,6,89.0
7,1,2,False,2,0.55,8,0.29,3,0.09216666666666667,1,0.06783333333333333,4,0.0,4,65.0
7,1,1,True,1,0.47428571428571437,2,0.3558809523809523,8,0.16,3,0.009833333333333333,4,0.0,1,30.0
7,7,2,False,2,0.6467619047619046,3,0.23,4,0.11638095238095238,7,0.006857142857142857,0,0.0,4,84.4
7,1,3,False,3,0.5522962037962037,5,0.24377392052392044,1,0.2039298756798756,0,0.0,2,0.0,3,25.8
7,1,2,False,2,0.3103195975337097,6,0.29627906159497536,3,0.16495987548532878,4,0.10342403625845613,8,0.09007037701717642,9,0.0
7,2,2,True,2,0.790452380952381,3,0.19954761904761906,8,0.01,1,0.0,4,0.0,1,48.6
7,4,4,True,4,0.4828452380952379,1,0.26596428571428565,2,0.2211904761904761,8,0.03,3,0.0,1,15.8
7,2,2,True,2,0.36717857142857135,3,0.31136904761904755,5,0.28811904761904755,6,0.02,1,0.013333333333333332,1,66.0
7,1,1,True,1,0.7333333333333333,3,0.14195238095238097,2,0.09804761904761904,4,0.026666666666666665,0,0.0,1,34.2
7,1,0,False,0,0.33616666666666667,3,0.33511904761904765,2,0.3287142857142857,1,0.0,4,0.0,4,51.2
7,1,2,False,2,0.3708499278499279,1,0.3327958152958152,4,0.17967929292929286,0,0.11667496392496388,3,0.0,2,8.6
7,1,6,False,6,0.8761349206349207,3,0.10386507936507935,1,0.013000000000000001,2,0.006999999999999999,0,0.0,3,18.7
7,3,2,False,2,0.3103195975337097,6,0.29627906159497536,3,0.16495987548532878,4,0.10342403625845613,8,0.09007037701717642,3,0.0
7,1,7,False,7,0.7,8,0.25,1,0.023666666666666666,4,0.013166666666666667,2,0.013166666666666667,3,45.4
7,3,1,False,1,0.4733333333333334,3,0.4464999999999999,2,0.04516666666666667,6,0.035,0,0.0,2,18.5
7,2,2,True,2,0.5485515873015873,7,0.24003174603174599,5,0.20141666666666666,0,0.005,1,0.005,1,30.6
7,3,1,False,1,0.36842088467088446,2,0.25854215229215216,8,0.2401583694083693,3,0.13287859362859358,4,0.0,4,17.6
7,1,8,False,8,0.6,7,0.27,1,0.05821428571428572,2,0.03669047619047619,4,0.035095238095238096,3,45.5
7,2,2,True,2,0.6733333333333335,3,0.2181666666666667,7,0.10516666666666667,1,0.003333333333333333,0,0.0,1,12.0
7,3,2,False,2,0.3103195975337097,6,0.29627906159497536,3,0.16495987548532878,4,0.10342403625845613,8,0.09007037701717642,3,0.0
7,2,6,False,6,0.4143809523809525,2,0.40561904761904755,3,0.09983333333333334,8,0.08016666666666666,0,0.0,2,3.2
7,2,2,True,2,0.3636904761904761,0,0.31671428571428567,1,0.2887857142857142,7,0.015714285714285715,5,0.015095238095238096,1,30.8
7,2,2,True,2,0.49183333333333334,3,0.47816666666666663,8,0.02,6,0.01,0,0.0,1,5.4
7,2,3,False,3,0.6996785714285713,7,0.2703214285714285,2,0.03,1,0.0,0,0.0,3,11.8
7,2,0,False,0,0.3508333333333332,1,0.3148809523809523,8,0.2642857142857143,4,0.04,2,0.018333333333333333,5,52.9
7,2,6,False,6,0.5169173881673881,2,0.25039141414141414,8,0.2226911976911976,7,0.01,3,0.0,2,44.6
7,2,2,True,2,0.3103195975337097,6,0.29627906159497536,3,0.16495987548532878,4,0.10342403625845613,8,0.09007037701717642,1,0.0
7,5,2,False,2,0.75,3,0.24,4,0.01,1,0.0,0,0.0,6,6.4
7,8,2,False,2,0.3103195975337097,6,0.29627906159497536,3,0.16495987548532878,4,0.10342403625845613,8,0.09007037701717642,5,0.0
7,8,6,False,6,0.4479999999999999,1,0.4320000000000001,3,0.06121717171717171,2,0.0415959595959596,7,0.017186868686868688,9,22.3
7,8,8,True,8,0.9840000000000001,3,0.006500000000000001,1,0.005,2,0.0045000000000000005,4,0.0,1,17.7
7,4,6,False,6,0.72,4,0.20858333333333334,2,0.03108333333333333,1,0.021583333333333333,7,0.01875,2,37.0
7,4,8,False,8,0.8783333333333333,0,0.11666666666666665,7,0.005,2,0.0,3,0.0,6,58.7
7,6,6,True,6,0.8716666666666666,2,0.12833333333333333,1,0.0,0,0.0,3,0.0,1,42.9
7,4,1,False,1,0.4186006493506494,3,0.38855735930735924,4,0.19284199134199134,0,0.0,2,0.0,3,17.4
7,6,8,False,8,0.61,7,0.19166666666666668,3,0.16833333333333333,5,0.03,2,0.0,9,64.1
7,6,6,True,6,0.674404761904762,2,0.32559523809523805,1,0.0,0,0.0,3,0.0,1,43.0
7,6,2,False,2,0.5950634920634922,7,0.3637936507936507,8,0.018666666666666668,1,0.016285714285714285,3,0.006190476190476191,9,27.4
7,6,6,True,6,0.6966666666666665,4,0.2,2,0.10333333333333333,0,0.0,3,0.0,1,50.4
7,6,3,False,3,0.7554365079365075,6,0.22789682539682538,1,0.016666666666666666,0,0.0,2,0.0,2,20.5
7,6,2,False,2,0.3103195975337097,6,0.29627906159497536,3,0.16495987548532878,4,0.10342403625845613,8,0.09007037701717642,2,0.0
7,4,1,False,1,0.6588214285714287,8,0.3045119047619048,2,0.026666666666666665,6,0.01,3,0.0,6,65.7
7,4,2,False,2,0.3103195975337097,6,0.29627906159497536,3,0.16495987548532878,4,0.10342403625845613,8,0.09007037701717642,4,0.0
7,4,8,False,8,0.67,2,0.2573730158730159,7,0.07262698412698414,1,0.0,3,0.0,6,67.5
7,4,2,False,2,0.38224603174603183,7,0.33647619047619043,1,0.2612777777777777,4,0.01,6,0.01,4,57.6
7,8,8,True,8,0.5537301587301589,3,0.2277896825396824,4,0.21848015873015875,1,0.0,2,0.0,1,17.9
7,6,3,False,3,0.5078571428571429,1,0.4248095238095238,2,0.059833333333333336,7,0.0075,0,0.0,8,56.5
7,4,4,True,4,0.7097380952380951,3,0.28026190476190477,2,0.01,1,0.0,0,0.0,1,37.8
7,6,6,True,6,0.8029999999999999,1,0.16033333333333336,2,0.03,7,0.006666666666666666,3,0.0,1,42.1
7,6,2,False,2,0.5368571428571429,6,0.37066666666666664,3,0.08914285714285715,7,0.003333333333333333,0,0.0,2,12.7
7,6,3,False,3,0.49935714285714283,8,0.41510714285714295,1,0.055749999999999994,4,0.029785714285714287,2,0.0,7,17.5
7,8,4,False,4,0.6603571428571428,1,0.21516666666666664,2,0.11661904761904764,6,0.003928571428571429,7,0.003928571428571429,9,53.7
7,8,2,False,2,0.3103195975337097,6,0.29627906159497536,3,0.16495987548532878,4,0.10342403625845613,8,0.09007037701717642,5,0.0
7,6,2,False,2,0.6603333333333333,6,0.2796666666666667,8,0.027142857142857146,1,0.022857142857142857,7,0.01,2,47.3
7,6,8,False,8,0.7750000000000001,2,0.19500000000000003,4,0.02,3,0.01,0,0.0,7,51.9
7,8,2,False,2,0.4675,8,0.4425,3,0.09,1,0.0,4,0.0,2,9.4
7,4,4,True,4,0.6,2,0.20949999999999996,1,0.19050000000000003,0,0.0,3,0.0,1,77.6
7,6,2,False,2,0.3103195975337097,6,0.29627906159497536,3,0.16495987548532878,4,0.10342403625845613,8,0.09007037701717642,2,0.0
7,8,6,False,6,0.68,2,0.1475,1,0.13416666666666666,5,0.02083333333333333,3,0.0175,9,65.9
7,8,2,False,2,0.5814358974358974,7,0.3732692307692308,8,0.025205128205128203,1,0.00891025641025641,6,0.007974358974358975,3,45.1
7,4,4,True,4,0.9083333333333333,3,0.07166666666666667,2,0.015,1,0.005,0,0.0,1,37.7
7,8,1,False,1,0.4641666666666667,3,0.4408333333333333,7,0.06,5,0.03,4,0.005,9,63.6
7,4,3,False,3,0.45391666666666663,1,0.4094166666666667,0,0.12,2,0.011666666666666665,8,0.005,6,52.6
7,8,8,True,8,0.69,7,0.24,1,0.05,0,0.02,3,0.0,1,107.2
7,4,8,False,8,0.61,1,0.19116666666666668,2,0.18400000000000002,3,0.014833333333333334,4,0.0,5,30.1
7,4,4,True,4,0.7,8,0.1601904761904762,7,0.0916904761904762,2,0.048119047619047624,3,0.0,1,46.5
7,6,4,False,4,0.4998333333333334,2,0.4243333333333333,8,0.07583333333333334,1,0.0,3,0.0,7,26.6
7,8,7,False,7,0.22609126984126984,4,0.21599206349206349,8,0.1951071428571428,3,0.18142460317460316,0,0.1613849206349206,3,123.1
7,8,8,True,8,0.779992784992785,4,0.12379942279942278,2,0.0962077922077922,1,0.0,3,0.0,1,2.1
8,0,2,False,2,0.65,7,0.2033333333333333,1,0.14666666666666667,0,0.0,3,0.0,4,137.2
8,1,4,False,4,0.463027777777778,3,0.27081746031746023,1,0.2661547619047619,0,0.0,2,0.0,3,63.2
8,1,1,True,1,0.3243333333333333,0,0.3172499999999999,4,0.29841666666666666,6,0.03,7,0.03,1,94.8
8,0,1,False,1,0.4736666666666667,0,0.408,7,0.05333333333333333,4,0.03666666666666667,2,0.02,2,132.0
8,3,2,False,2,0.6533333333333333,8,0.32666666666666666,3,0.02,1,0.0,4,0.0,3,4.6
8,0,7,False,7,0.42283333333333334,1,0.40716666666666673,4,0.17,0,0.0,3,0.0,4,43.8
8,3,1,False,1,0.2784404761904761,3,0.2766111111111111,2,0.24028968253968247,4,0.20465873015873007,0,0.0,2,26.4
8,0,5,False,5,0.61,7,0.325,1,0.055,4,0.01,3,0.0,7,142.6
8,2,6,False,6,0.28388095238095223,2,0.2548809523809523,3,0.25207936507936496,1,0.19265873015873017,7,0.0165,2,13.4
8,1,2,False,2,0.5113831168831169,6,0.17824639249639238,1,0.17721103896103887,4,0.13315945165945167,3,0.0,3,19.4
8,1,7,False,7,0.8533333333333334,4,0.14,0,0.006666666666666666,1,0.0,3,0.0,4,98.0
8,1,2,False,2,0.5114761904761904,1,0.37852380952380954,7,0.06433333333333331,0,0.04566666666666666,3,0.0,2,104.4
8,2,1,False,1,0.6787738095238095,3,0.2995595238095238,4,0.013333333333333332,2,0.008333333333333333,0,0.0,4,26.2
8,0,1,False,1,0.5339285714285715,2,0.38066666666666654,5,0.03304761904761905,8,0.032357142857142855,0,0.014166666666666666,5,81.8
8,1,1,True,1,0.32458827283827274,3,0.2919729159729159,8,0.1316595626595627,2,0.1288356643356644,4,0.12294358419358424,1,15.2
8,2,4,False,4,0.42816666666666675,1,0.4279047619047618,2,0.14,8,0.003928571428571429,3,0.0,3,39.4
8,2,3,False,3,0.6617782217782217,1,0.27224186924186927,2,0.06597990897990899,0,0.0,4,0.0,3,23.2
8,3,2,False,2,0.28497348864666583,6,0.2815691963804903,3,0.16532695583392365,4,0.11015354575617982,8,0.10901578634537698,3,0.0
8,3,1,False,1,0.6306468253968255,3,0.2750873015873016,5,0.036226190476190474,2,0.033095238095238094,6,0.024944444444444446,2,18.4
8,3,1,False,1,0.48882323232323216,3,0.2737077922077921,7,0.23746897546897539,0,0.0,2,0.0,2,20.8
8,2,3,False,3,0.94,2,0.04,1,0.01,8,0.01,4,0.0,2,5.0
8,1,2,False,2,0.3878109668109668,3,0.2243149350649351,0,0.20686183261183264,1,0.18101226551226549,4,0.0,4,30.8
8,2,0,False,0,0.86,8,0.1,7,0.04,2,0.0,3,0.0,4,134.6
8,5,4,False,4,0.4761666666666666,1,0.39883333333333326,6,0.04666666666666666,7,0.03866666666666667,2,0.034666666666666665,9,53.4
8,5,8,False,8,0.9,2,0.067,4,0.033,1,0.0,3,0.0,6,62.0
8,0,7,False,7,0.66,0,0.2314166666666667,4,0.09858333333333336,2,0.01,3,0.0,2,94.0
8,0,2,False,2,0.71,4,0.21,7,0.07,0,0.01,3,0.0,4,161.0
8,2,2,True,2,0.5789404761904762,7,0.3810595238095238,8,0.02666666666666667,4,0.013333333333333334,3,0.0,1,67.6
8,4,2,False,2,0.8009999999999999,1,0.139,3,0.04,8,0.019999999999999997,4,0.0,5,81.0
8,2,6,False,6,0.6074206349206349,3,0.3925793650793652,1,0.0,0,0.0,2,0.0,5,24.2
8,0,0,True,0,0.66,1,0.28,7,0.04,2,0.01,3,0.01,1,135.8
8,4,4,True,4,0.61,6,0.21,2,0.17,7,0.01,3,0.0,1,110.0
8,0,0,True,0,0.69325,8,0.17,2,0.11,3,0.01275,4,0.0075,1,101.0
8,7,2,False,2,0.5717301587301586,7,0.22786507936507924,8,0.20040476190476184,1,0.0,3,0.0,2,90.4
8,7,0,False,0,0.71,2,0.26,7,0.02,3,0.01,1,0.0,3,108.2
8,1,1,True,1,0.62,2,0.2865,0,0.0935,3,0.0,4,0.0,1,127.0
8,3,3,True,3,0.6617782217782217,1,0.27224186924186927,2,0.06597990897990899,0,0.0,4,0.0,1,23.2
8,7,1,False,1,0.66,6,0.21,7,0.07,2,0.05,0,0.01,3,153.8
8,3,6,False,6,0.3098906926406926,2,0.19143542568542565,7,0.17983044733044729,1,0.17367496392496384,3,0.14516847041847036,5,27.6
8,7,0,False,0,0.4631666666666666,8,0.4268333333333334,7,0.08166666666666667,4,0.028333333333333332,3,0.0,3,131.2
8,7,2,False,2,0.6075573593073592,4,0.38910930735930754,1,0.003333333333333333,0,0.0,3,0.0,8,87.6
8,7,4,False,4,0.83,7,0.08416666666666667,1,0.07583333333333334,2,0.01,3,0.0,2,138.0
8,1,4,False,4,0.42900000000000005,7,0.2946428571428571,2,0.2763571428571428,0,0.0,3,0.0,6,37.2
8,1,2,False,2,0.4089520202020202,1,0.39549531024531026,3,0.19555266955266948,0,0.0,4,0.0,2,21.4
8,1,3,False,3,0.42722222222222217,2,0.37152380952380953,1,0.20125396825396824,0,0.0,4,0.0,3,19.8
8,7,4,False,4,0.6,7,0.19749999999999995,1,0.1925,2,0.01,3,0.0,2,137.6
8,3,3,True,3,0.4925701798201797,2,0.18284315684315683,1,0.16363503163503168,6,0.16095163170163168,0,0.0,1,28.2
8,2,7,False,7,0.61,0,0.26,2,0.13,1,0.0,3,0.0,3,162.2
8,8,1,False,1,0.4824047619047619,8,0.44092857142857156,3,0.06833333333333333,2,0.008333333333333333,4,0.0,2,5.2
8,2,2,True,2,0.6656190476190477,3,0.2240277777777778,7,0.11035317460317459,1,0.0,0,0.0,1,12.0
8,2,5,False,5,0.45204761904761914,4,0.4479523809523809,7,0.04083333333333333,3,0.03916666666666666,0,0.01,7,103.0
8,2,4,False,4,0.83,7,0.08416666666666667,1,0.07583333333333334,2,0.01,3,0.0,4,137.8
8,2,2,True,2,0.41150000000000003,1,0.38849999999999996,0,0.2,3,0.0,4,0.0,1,145.8
8,3,2,False,2,0.59,8,0.32,4,0.06,3,0.02,1,0.01,4,96.6
8,2,6,False,6,0.4731666666666666,4,0.47175000000000006,1,0.025583333333333336,3,0.02008333333333333,2,0.009416666666666667,5,26.6
8,2,8,False,8,0.62,7,0.23,0,0.15,2,0.0,3,0.0,4,135.2
8,2,7,False,7,0.86,2,0.11,8,0.03,1,0.0,3,0.0,2,85.2
8,2,0,False,0,0.84,2,0.08150000000000002,1,0.07849999999999999,3,0.0,4,0.0,2,146.2
8,2,1,False,1,0.6025238095238096,3,0.3274761904761904,6,0.07,0,0.0,2,0.0,5,49.8
8,0,4,False,4,0.63,1,0.25,2,0.12,0,0.0,3,0.0,4,110.4
8,2,8,False,8,0.45866666666666667,1,0.3938333333333334,4,0.07266666666666667,3,0.05733333333333333,2,0.013500000000000002,5,90.2
8,2,1,False,1,0.59,6,0.29,0,0.06566666666666666,8,0.034333333333333334,4,0.015,6,55.2
8,4,1,False,1,0.64,4,0.2843333333333333,3,0.06566666666666668,8,0.01,2,0.0,2,62.4
8,3,8,False,8,0.27773412698412697,1,0.24803174603174596,7,0.22887698412698407,3,0.2278571428571428,2,0.01625,4,27.2
8,7,0,False,0,0.6386666666666666,1,0.3327619047619047,2,0.014285714285714285,7,0.014285714285714285,3,0.0,4,91.2
8,1,3,False,3,0.37061904761904757,7,0.31984126984126976,0,0.27203968253968247,6,0.035,8,0.0025,8,24.6
8,1,7,False,7,0.84,0,0.11,8,0.03266666666666666,1,0.01,2,0.007333333333333334,4,82.8
8,1,6,False,6,0.6074206349206349,3,0.3925793650793652,1,0.0,0,0.0,2,0.0,3,24.2
8,7,0,False,0,0.5860952380952381,7,0.39604761904761915,6,0.016428571428571428,1,0.0014285714285714286,3,0.0,2,81.6
8,1,7,False,7,0.4581666666666667,1,0.43183333333333335,4,0.06,2,0.05,3,0.0,2,137.4
8,7,7,True,7,0.69,6,0.28,4,0.013333333333333332,0,0.01,8,0.006666666666666666,1,112.2
8,7,2,False,2,0.40136904761904757,8,0.31992857142857145,1,0.2787023809523808,0,0.0,4,0.0,9,29.0
8,1,3,False,3,0.38831493506493486,1,0.3861998556998557,4,0.2254852092352092,0,0.0,2,0.0,2,24.0
8,7,3,False,3,0.62,0,0.19583333333333333,7,0.15,2,0.034166666666666665,1,0.0,3,139.4
8,7,7,True,7,0.92,1,0.042333333333333334,4,0.03766666666666667,0,0.0,3,0.0,1,117.0
8,1,4,False,4,0.6468333333333334,8,0.28,3,0.06316666666666666,2,0.005,1,0.005,5,60.2
8,1,3,False,3,0.30783436008435994,2,0.3066611999111997,1,0.25660356310356297,8,0.12890087690087687,4,0.0,3,17.6
8,1,8,False,8,0.65,2,0.15666666666666665,7,0.15333333333333335,1,0.03,4,0.01,4,83.8
8,2,2,True,2,0.63,3,0.2,0,0.12,4,0.05,1,0.0,1,167.2
8,4,4,True,4,0.64,2,0.20016666666666666,1,0.12883333333333336,7,0.031,3,0.0,1,76.6
8,1,4,False,4,0.34599999999999986,0,0.3220833333333333,8,0.3119166666666666,1,0.02,3,0.0,4,111.2
8,3,3,True,3,0.50331746031746,1,0.4766825396825399,6,0.02,0,0.0,2,0.0,1,21.2
8,3,2,False,2,0.6321111111111112,5,0.28788888888888886,8,0.04166666666666666,6,0.03833333333333333,3,0.0,5,66.0
8,7,1,False,1,0.69,2,0.26,7,0.05,0,0.0,3,0.0,3,129.0
8,1,0,False,0,0.63,3,0.13533333333333333,1,0.103,2,0.09666666666666668,8,0.03,3,140.6
8,3,2,False,2,0.48571428571428577,7,0.44678571428571423,0,0.0475,4,0.01,8,0.01,6,84.6
8,2,4,False,4,0.67,1,0.30333333333333334,2,0.016666666666666666,0,0.01,3,0.0,3,145.0
8,2,1,False,1,0.8216666666666668,2,0.15833333333333333,6,0.02,0,0.0,3,0.0,2,10.6
8,7,6,False,6,0.6308333333333332,4,0.31,1,0.05,8,0.009166666666666665,3,0.0,9,40.2
8,2,2,True,2,0.495392857142857,7,0.24272222222222214,5,0.23295634920634917,0,0.011904761904761904,3,0.010357142857142856,1,30.6
8,2,0,False,0,0.3368333333333332,1,0.30066666666666664,7,0.2925,8,0.04333333333333333,3,0.02666666666666667,6,73.0
8,7,3,False,3,0.95,4,0.02,8,0.02,7,0.01,2,0.0,4,79.8
8,7,3,False,3,0.6864954212454212,2,0.15808241758241756,8,0.15542216117216115,1,0.0,4,0.0,9,7.4
8,2,2,True,2,0.28497348864666583,6,0.2815691963804903,3,0.16532695583392365,4,0.11015354575617982,8,0.10901578634537698,1,0.0
8,2,2,True,2,0.5789404761904762,7,0.3810595238095238,8,0.02666666666666667,4,0.013333333333333334,3,0.0,1,67.6
8,2,6,False,6,0.68,2,0.17166666666666663,3,0.12683333333333333,7,0.0115,1,0.01,2,12.8
8,8,7,False,7,0.6675,3,0.3,1,0.03,0,0.0025,2,0.0,9,99.4
8,8,3,False,3,0.62,8,0.25,2,0.08264285714285716,6,0.047357142857142855,0,0.0,2,3.0
8,3,3,True,3,0.50331746031746,1,0.4766825396825399,6,0.02,0,0.0,2,0.0,1,21.2
8,3,1,False,1,0.8341666666666666,2,0.12583333333333335,0,0.025,6,0.008333333333333333,4,0.006666666666666666,6,64.8
8,3,7,False,7,0.61,8,0.24,0,0.08,1,0.07,3,0.0,5,135.4
8,3,2,False,2,0.545624458874459,8,0.24483910533910527,4,0.19739357864357865,1,0.009285714285714286,3,0.002857142857142857,5,15.4
8,4,8,False,8,0.4154102564102564,2,0.3863562271062271,3,0.1982335164835165,1,0.0,4,0.0,5,7.0
8,2,1,False,1,0.3997380952380953,3,0.39331349206349214,7,0.19028174603174594,6,0.010833333333333332,0,0.005833333333333333,6,28.0
8,2,1,False,1,0.7983333333333335,2,0.19166666666666668,8,0.01,0,0.0,4,0.0,2,172.6
8,4,7,False,7,0.6485714285714285,2,0.32142857142857134,8,0.03,1,0.0,3,0.0,6,157.2
8,3,7,False,7,0.615,6,0.24,8,0.12,2,0.025,3,0.0,5,64.2
8,3,1,False,1,0.516235930735931,2,0.3179938672438672,7,0.16577020202020193,0,0.0,3,0.0,5,25.2
8,1,0,False,0,0.5151666666666666,1,0.39983333333333343,8,0.085,2,0.0,4,0.0,2,130.6
8,1,1,True,1,0.5160595238095238,3,0.23773809523809525,4,0.2319166666666667,2,0.008,8,0.004285714285714285,1,39.0
8,1,1,True,1,0.5219761904761905,8,0.4580238095238095,7,0.01,4,0.01,3,0.0,1,95.8
8,3,0,False,0,0.68,1,0.19,8,0.07,4,0.05,2,0.01,6,100.6
8,1,1,True,1,0.872,2,0.04016666666666666,8,0.03916666666666667,4,0.030666666666666665,7,0.018000000000000002,1,98.4
8,1,2,False,2,0.6526556776556777,3,0.3342673992673993,4,0.01,1,0.003076923076923077,0,0.0,4,33.8
8,1,2,False,2,0.6321111111111112,5,0.28788888888888886,3,0.04166666666666666,8,0.03833333333333334,0,0.0,8,66.2
8,7,2,False,2,0.65,3,0.2619285714285714,7,0.046380952380952384,1,0.041690476190476194,0,0.0,3,71.2
8,1,1,True,1,0.38202380952380965,7,0.3295476190476191,3,0.2871785714285714,5,0.00125,2,0.0,1,25.6
8,1,0,False,0,0.4358095238095238,8,0.3941904761904762,2,0.13,4,0.04,3,0.0,8,53.0
8,1,3,False,3,0.6345000000000001,0,0.28,6,0.07,8,0.00825,2,0.0072499999999999995,6,7.6
8,4,4,True,4,0.3768095238095239,2,0.31780952380952376,8,0.3053809523809523,1,0.0,3,0.0,1,2.0
8,4,7,False,7,0.6705000000000001,6,0.2,4,0.07533333333333334,1,0.05416666666666667,3,0.0,3,57.8
8,1,3,False,3,0.695,4,0.22,2,0.065,0,0.01,6,0.005,8,52.4
8,1,8,False,8,0.44216666666666676,0,0.41783333333333333,6,0.09,1,0.04,4,0.01,4,55.0
8,8,2,False,2,0.26108333333333333,3,0.2515119047619047,7,0.2449166666666666,4,0.22915476190476183,1,0.013333333333333332,9,25.5
8,2,2,True,2,0.28497348864666583,6,0.2815691963804903,3,0.16532695583392365,4,0.11015354575617982,8,0.10901578634537698,1,0.0
8,3,2,False,2,0.28497348864666583,6,0.2815691963804903,3,0.16532695583392365,4,0.11015354575617982,8,0.10901578634537698,3,0.0
8,1,1,True,1,0.35195238095238096,3,0.3170238095238095,2,0.30019047619047606,7,0.030833333333333334,0,0.0,1,14.8
8,7,2,False,2,0.96625,3,0.02,1,0.01,4,0.0025,0,0.00125,8,9.0
8,3,1,False,1,0.624547619047619,2,0.31545238095238093,3,0.06,0,0.0,4,0.0,3,17.2
8,2,6,False,6,0.68,2,0.18305555555555553,3,0.12069444444444445,1,0.009305555555555556,7,0.006944444444444444,2,12.7
8,2,1,False,1,0.810440476190476,3,0.17955952380952384,6,0.01,0,0.0,2,0.0,5,21.1
8,2,4,False,4,0.7,3,0.2833333333333333,1,0.01,2,0.006666666666666666,0,0.0,4,38.3
8,1,7,False,7,0.3501349206349207,3,0.32258730158730153,2,0.27727777777777773,6,0.04,1,0.01,5,39.8
8,2,2,True,2,0.28497348864666583,6,0.2815691963804903,3,0.16532695583392365,4,0.11015354575617982,8,0.10901578634537698,1,0.0
8,3,2,False,2,0.7,3,0.28,1,0.01,8,0.01,4,0.0,2,4.8
8,2,2,True,2,0.6016904761904761,6,0.3983095238095238,1,0.0,0,0.0,3,0.0,1,47.2
8,2,4,False,4,0.34175396825396814,7,0.3297738095238095,1,0.2884722222222222,2,0.03,8,0.01,4,57.6
8,8,2,False,2,0.8533333333333334,1,0.14,4,0.006666666666666666,0,0.0,3,0.0,9,35.7
8,4,3,False,3,0.7569682539682538,1,0.13488888888888886,6,0.10814285714285715,0,0.0,2,0.0,6,46.7
8,8,8,True,8,0.3652142857142856,1,0.29488095238095224,7,0.2919047619047619,6,0.04,3,0.004,1,47.4
8,8,4,False,4,0.7883333333333333,6,0.1775,3,0.018333333333333333,1,0.01583333333333333,2,0.0,9,26.8
8,4,3,False,3,0.59,8,0.3,2,0.11,1,0.0,4,0.0,5,3.7
8,8,3,False,3,0.30783436008435994,2,0.3066611999111997,1,0.25660356310356297,8,0.12890087690087687,4,0.0,4,17.6
8,6,4,False,4,0.9508333333333334,2,0.03666666666666667,7,0.0125,0,0.0,3,0.0,8,37.0
8,6,6,True,6,0.744269841269841,4,0.25573015873015864,0,0.0,1,0.0,3,0.0,1,43.5
8,4,4,True,4,0.9540000000000001,1,0.046,2,0.0,0,0.0,3,0.0,1,29.3
8,4,4,True,4,0.7065,1,0.19266666666666665,0,0.09083333333333332,2,0.005,6,0.005,1,32.6
8,6,2,False,2,0.5291428571428571,4,0.4080238095238096,1,0.04466666666666666,3,0.015666666666666666,8,0.0025,7,47.7
8,4,2,False,2,0.32493759018759016,1,0.2576406926406926,8,0.1449246031746031,6,0.13802525252525247,7,0.1344718614718614,9,44.8
8,4,2,False,2,0.4598333333333332,3,0.4551666666666669,8,0.05833333333333334,6,0.026666666666666665,0,0.0,6,52.1
8,6,2,False,2,0.28497348864666583,6,0.2815691963804903,3,0.16532695583392365,4,0.11015354575617982,8,0.10901578634537698,2,0.0
8,6,2,False,2,0.28497348864666583,6,0.2815691963804903,3,0.16532695583392365,4,0.11015354575617982,8,0.10901578634537698,2,0.0
8,4,3,False,3,0.4377063492063492,1,0.39069444444444434,4,0.1715992063492063,0,0.0,2,0.0,3,17.4
8,4,4,True,4,0.359,2,0.3430238095238095,7,0.2946428571428571,1,0.003333333333333333,3,0.0,1,37.3
8,8,6,False,6,0.54,1,0.4,2,0.04,4,0.02,3,0.0,9,50.7
8,4,3,False,3,0.589202380952381,2,0.35946428571428585,1,0.028999999999999998,4,0.022333333333333334,0,0.0,4,28.7
8,8,5,False,5,0.44145238095238104,4,0.4085476190476191,2,0.058314935064935056,0,0.04221103896103896,3,0.024898268398268395,9,31.0
8,8,1,False,1,0.35195238095238096,3,0.3170238095238095,2,0.30019047619047606,7,0.030833333333333334,0,0.0,9,14.8
8,6,2,False,2,0.4089520202020202,1,0.39549531024531026,3,0.19555266955266948,0,0.0,4,0.0,7,21.4
8,6,6,True,6,0.68,2,0.18305555555555553,3,0.12069444444444445,1,0.009305555555555556,7,0.006944444444444444,1,12.7
8,6,2,False,2,0.65,4,0.18,6,0.17,0,0.0,3,0.0,3,50.6
8,8,8,True,8,0.5222063492063493,4,0.27203571428571416,3,0.20575793650793653,1,0.0,2,0.0,1,17.9
8,6,3,False,3,0.98,1,0.01,5,0.01,0,0.0,2,0.0,7,31.3
8,6,6,True,6,0.5279880952380951,3,0.2496944444444443,1,0.21231746031746032,2,0.005,4,0.005,1,22.0
8,6,1,False,1,0.61,6,0.19176190476190477,2,0.10314285714285713,3,0.0950952380952381,0,0.0,2,18.7
8,6,3,False,3,0.38831493506493486,1,0.3861998556998557,4,0.2254852092352092,0,0.0,2,0.0,7,24.1
8,6,8,False,8,0.3301666666666666,3,0.32016666666666665,2,0.2596666666666666,1,0.09,4,0.0,7,77.1
8,6,8,False,8,0.67,1,0.29,2,0.03,7,0.01,3,0.0,9,33.3
8,8,2,False,2,0.28497348864666583,6,0.2815691963804903,3,0.16532695583392365,4,0.11015354575617982,8,0.10901578634537698,5,0.0
8,6,4,False,4,0.3995793650793649,1,0.30882539682539667,2,0.2915952380952379,0,0.0,3,0.0,7,16.8
8,6,2,False,2,0.28497348864666583,6,0.2815691963804903,3,0.16532695583392365,4,0.11015354575617982,8,0.10901578634537698,2,0.0
8,4,6,False,6,0.8589801587301586,1,0.08703968253968254,0,0.04731349206349207,3,0.003333333333333333,7,0.003333333333333333,8,27.7
8,8,2,False,2,0.8405000000000001,1,0.1395,4,0.02,0,0.0,3,0.0,9,37.5
8,8,8,True,8,0.5122063492063492,4,0.27203571428571416,3,0.20700793650793653,5,0.00375,6,0.0025,1,18.0
8,4,4,True,4,0.6091807359307359,3,0.3908192640692639,1,0.0,0,0.0,2,0.0,1,37.8
8,8,1,False,1,0.8341666666666666,2,0.12583333333333335,0,0.025,6,0.008333333333333333,4,0.006666666666666666,9,64.9
8,8,8,True,8,0.63,6,0.26002380952380955,4,0.10997619047619049,0,0.0,3,0.0,1,43.6
8,4,7,False,7,0.46033333333333326,2,0.41966666666666674,8,0.08,4,0.03,1,0.01,4,84.0
8,8,1,False,1,0.44616666666666666,2,0.2810357142857142,3,0.2294642857142857,7,0.0225,8,0.020833333333333336,5,47.6
9,1,3,False,3,0.2969816017316017,1,0.2874325396825397,4,0.15272150072150067,8,0.14000937950937947,2,0.12285497835497833,2,15.2
9,3,1,False,1,0.8080238095238096,6,0.16,3,0.023047619047619046,7,0.008928571428571428,2,0.0,3,20.6
9,0,2,False,2,0.3763690476190477,4,0.326234126984127,1,0.2785396825396824,7,0.018857142857142857,3,0.0,6,87.8
9,1,8,False,8,0.36854761904761907,1,0.32178571428571423,3,0.28966666666666663,2,0.02,4,0.0,2,85.8
9,1,3,False,3,0.4166666666666666,0,0.40333333333333343,7,0.14,4,0.026666666666666665,2,0.01,7,102.6
9,2,6,False,6,0.6766666666666665,2,0.3233333333333333,1,0.0,0,0.0,3,0.0,2,10.2
9,1,8,False,8,0.5076666666666666,5,0.37233333333333335,0,0.06766666666666667,1,0.052333333333333336,3,0.0,4,82.2
9,1,1,True,1,0.58,6,0.20900000000000002,8,0.176,2,0.035,3,0.0,1,50.8
9,1,8,False,8,0.7529166666666666,6,0.23930555555555558,0,0.007777777777777777,2,0.0,3,0.0,8,58.2
9,0,1,False,1,0.4743333333333334,3,0.4056666666666668,0,0.08,6,0.03666666666666667,4,0.003333333333333333,3,51.2
9,0,8,False,8,0.4372857142857143,2,0.4327142857142857,1,0.1,7,0.03,3,0.0,8,83.2
9,1,3,False,3,0.5571666666666668,2,0.42283333333333323,4,0.02,1,0.0,0,0.0,4,17.2
9,1,8,False,8,0.5076666666666666,5,0.37233333333333335,0,0.06766666666666667,1,0.052333333333333336,3,0.0,4,82.0
9,2,1,False,1,0.6218127705627705,3,0.3761872294372294,2,0.002,0,0.0,4,0.0,3,23.4
9,5,8,False,8,0.4601666666666667,4,0.4298333333333333,2,0.041166666666666664,3,0.02811904761904762,1,0.02231746031746032,8,31.0
9,0,6,False,6,0.62,2,0.2165,3,0.1535,7,0.01,0,0.0,5,8.0
9,4,1,False,1,0.4124999999999999,0,0.4075000000000001,7,0.13,6,0.05,3,0.0,8,94.8
9,2,2,True,2,0.8256190476190476,4,0.12438095238095238,7,0.023809523809523808,1,0.01619047619047619,3,0.01,1,36.2
9,2,0,False,0,0.8074999999999999,1,0.1625,7,0.022000000000000002,4,0.008,3,0.0,6,132.4
9,7,7,True,7,0.72,2,0.27,1,0.01,0,0.0,3,0.0,1,124.8
9,1,8,False,8,0.7398333333333333,4,0.14116666666666672,1,0.11900000000000001,2,0.0,3,0.0,3,111.0
9,7,3,False,3,0.64,6,0.22,8,0.08,2,0.04333333333333334,7,0.016666666666666666,5,64.2
9,3,8,False,8,0.4815,7,0.4685,6,0.05,0,0.0,3,0.0,5,13.8
9,3,2,False,2,0.49711079280196935,3,0.36308863848569733,7,0.13980056871233332,1,0.0,0,0.0,2,22.4
9,1,1,True,1,0.7586785714285714,2,0.16,4,0.04118650793650794,3,0.04013492063492063,0,0.0,1,39.2
9,3,1,False,1,0.5316504884004885,3,0.25405494505494497,2,0.20162789987789986,4,0.012666666666666666,0,0.0,2,22.8
9,5,2,False,2,0.81,0,0.18,8,0.01,1,0.0,4,0.0,6,168.6
9,7,7,True,7,0.2820198412698412,1,0.24457936507936492,4,0.24238095238095225,2,0.22935317460317456,3,0.0016666666666666666,1,75.2
9,3,8,False,8,0.63,3,0.19333333333333333,7,0.17666666666666672,1,0.0,2,0.0,2,80.0
9,1,7,False,7,0.61,1,0.2,0,0.13,5,0.04,4,0.02,2,143.6
9,7,0,False,0,0.34321428571428575,6,0.3320714285714286,1,0.3163809523809523,7,0.008333333333333333,3,0.0,4,81.4
9,7,2,False,2,0.4736626984126984,3,0.43766666666666665,6,0.08867063492063493,1,0.0,0,0.0,8,43.2
9,1,1,True,1,0.6045833333333333,4,0.19949999999999998,2,0.19591666666666663,0,0.0,3,0.0,1,34.2
9,8,8,True,8,0.67,7,0.24,1,0.08,2,0.01,3,0.0,1,107.2
9,7,7,True,7,0.329595238095238,2,0.32704761904761903,8,0.32335714285714273,0,0.02,3,0.0,1,90.4
9,7,2,False,2,0.45052380952380966,1,0.25325,5,0.24622619047619043,3,0.03,8,0.01,7,97.2
9,7,6,False,6,0.63,0,0.2,7,0.08,1,0.06,4,0.0175,3,112.0
9,1,2,False,2,0.6058333333333333,8,0.2033333333333333,6,0.14666666666666667,4,0.03,3,0.008333333333333333,8,65.8
9,1,2,False,2,0.40461011211011216,7,0.23720967920967906,3,0.18172471972471974,1,0.1764554889554889,0,0.0,4,25.2
9,3,1,False,1,0.5816666666666667,8,0.25,7,0.14,2,0.028333333333333332,3,0.0,5,92.8
9,3,3,True,3,0.7198333333333332,6,0.19,1,0.05916666666666668,2,0.031,0,0.0,1,5.8
9,2,2,True,2,0.7913333333333334,0,0.18866666666666668,7,0.02,1,0.0,3,0.0,1,120.2
9,2,3,False,3,0.7198333333333332,6,0.19,1,0.05916666666666668,2,0.031,0,0.0,4,5.8
9,7,7,True,7,0.61,2,0.25916666666666666,1,0.12083333333333333,0,0.01,3,0.0,1,119.4
9,2,2,True,2,0.534952380952381,1,0.45552380952380944,3,0.009523809523809523,0,0.0,4,0.0,1,11.2
9,2,1,False,1,0.5486666666666666,3,0.4313333333333334,0,0.02,2,0.0,4,0.0,4,141.0
9,2,3,False,3,0.63,1,0.2853333333333333,2,0.047333333333333324,5,0.03733333333333333,0,0.0,3,9.6
9,2,1,False,1,0.36583333333333334,3,0.3332619047619047,7,0.2609047619047619,6,0.03,4,0.01,7,39.8
9,2,1,False,1,0.7125,3,0.19,4,0.0975,0,0.0,2,0.0,5,60.4
9,2,2,True,2,0.7883333333333334,4,0.15166666666666667,8,0.021,3,0.020666666666666663,1,0.018333333333333333,1,48.0
9,2,1,False,1,0.68,0,0.1625,4,0.0975,7,0.06,3,0.0,6,89.0
9,3,2,False,2,0.5950021645021644,8,0.39333116883116886,1,0.011666666666666665,0,0.0,4,0.0,8,5.4
9,0,3,False,3,0.91,0,0.05,2,0.04,1,0.0,4,0.0,2,147.4
9,3,1,False,1,0.5717103174603174,4,0.22197619047619038,3,0.186313492063492,6,0.02,2,0.0,3,24.0
9,3,2,False,2,0.4789538239538238,7,0.27187012987012976,1,0.24167604617604613,6,0.0075,3,0.0,5,12.4
9,2,3,False,3,0.616095238095238,4,0.3468333333333333,1,0.024357142857142855,2,0.012714285714285713,0,0.0,4,23.0
9,2,1,False,1,0.4743333333333334,3,0.4056666666666668,0,0.08,6,0.03666666666666667,4,0.003333333333333333,6,51.2
9,2,1,False,1,0.34316702741702726,4,0.19975901875901866,6,0.16319155844155836,7,0.14781854256854254,2,0.14606385281385273,5,44.8
9,2,6,False,6,0.4752380952380951,7,0.42476190476190484,4,0.07,0,0.016666666666666666,8,0.013333333333333332,8,53.2
9,0,1,False,1,0.356595238095238,4,0.322595238095238,8,0.32080952380952377,2,0.0,3,0.0,8,111.2
9,2,2,True,2,0.7329801587301585,7,0.26701984126984113,1,0.0,0,0.0,3,0.0,1,67.6
9,2,2,True,2,0.45625396825396836,7,0.4178333333333332,4,0.07833333333333332,1,0.024246031746031745,3,0.02333333333333333,1,38.8
9,2,4,False,4,0.56,6,0.302,1,0.12,7,0.013999999999999999,2,0.004,5,49.4
9,0,2,False,2,0.44049999999999995,1,0.35950000000000004,3,0.09523809523809523,0,0.08726190476190476,4,0.01,4,105.2
9,2,5,False,5,0.5,3,0.4157142857142857,2,0.06428571428571428,1,0.01,4,0.01,3,6.4
9,0,0,True,0,0.72,1,0.21,8,0.06,7,0.01,3,0.0,1,187.0
9,0,4,False,4,0.48766666666666675,2,0.4823333333333332,1,0.014333333333333332,8,0.009000000000000001,0,0.006666666666666666,5,54.6
9,2,2,True,2,0.69,4,0.295,7,0.01,0,0.005,3,0.0,1,110.2
9,1,2,False,2,0.28935714285714276,7,0.2619603174603174,0,0.24361111111111103,1,0.1875714285714285,4,0.0175,4,16.0
9,3,2,False,2,0.7556904761904761,6,0.24430952380952384,1,0.0,0,0.0,3,0.0,5,12.6
9,1,2,False,2,0.3856904761904763,7,0.31845634920634924,0,0.29585317460317456,1,0.0,3,0.0,4,90.8
9,1,7,False,7,0.65,0,0.29,8,0.06,2,0.0,3,0.0,8,184.4
9,7,7,True,7,0.66,6,0.18,4,0.09066666666666666,8,0.05933333333333333,0,0.01,1,112.2
9,1,7,False,7,0.35618253968253966,1,0.3256746031746031,4,0.26369047619047603,3,0.028666666666666667,2,0.025785714285714283,2,14.4
9,0,7,False,7,0.7,1,0.18,8,0.08,0,0.04,3,0.0,4,106.8
9,1,8,False,8,0.36854761904761907,1,0.32678571428571423,3,0.28966666666666663,5,0.015,2,0.0,2,86.0
9,1,7,False,7,0.5475833333333333,2,0.42441666666666655,0,0.022666666666666665,1,0.005333333333333333,3,0.0,4,91.4
9,3,2,False,2,0.5354285714285715,4,0.38299999999999995,1,0.05971428571428571,3,0.021857142857142856,0,0.0,4,34.0
9,3,1,False,1,0.40369841269841267,2,0.2302698412698412,8,0.21008333333333323,3,0.1559484126984127,4,0.0,4,20.2
9,2,2,True,2,0.4641666666666667,4,0.44999999999999984,8,0.08,1,0.005833333333333333,3,0.0,1,34.6
9,7,2,False,2,0.55,1,0.21233333333333332,3,0.17766666666666667,4,0.03,8,0.03,9,80.4
9,1,4,False,4,0.62,7,0.26,2,0.12,0,0.0,3,0.0,6,117.2
9,7,4,False,4,0.86,0,0.12,2,0.02,1,0.0,3,0.0,8,234.8
9,3,8,False,8,0.6661666666666668,5,0.21,6,0.10400000000000001,1,0.019833333333333335,3,0.0,5,40.6
9,2,7,False,7,0.68,1,0.24,2,0.08,0,0.0,3,0.0,3,124.6
9,2,8,False,8,0.5162380952380952,2,0.41050000000000003,6,0.06992857142857142,4,0.003333333333333333,3,0.0,2,51.8
9,2,0,False,0,0.63,4,0.22,7,0.11,2,0.04,3,0.0,4,161.0
9,3,1,False,1,0.76,6,0.18,2,0.03,8,0.03,3,0.0,5,56.6
9,3,1,False,1,0.91,2,0.05,0,0.04,3,0.0,4,0.0,4,136.4
9,2,7,False,7,0.6968181818181819,6,0.15666666666666668,8,0.13333333333333333,3,0.006136363636363637,2,0.006136363636363637,5,33.4
9,2,3,False,3,0.6424920634920634,4,0.29570238095238083,7,0.05,1,0.008333333333333333,2,0.0022222222222222222,5,28.4
9,7,7,True,7,0.7137142857142856,3,0.2,0,0.08628571428571429,1,0.0,2,0.0,1,108.6
9,2,1,False,1,0.9,2,0.06,8,0.03,6,0.01,3,0.0,2,56.8
9,2,2,True,2,0.6743333333333333,8,0.21,1,0.08,4,0.035666666666666666,3,0.0,1,35.8
9,2,0,False,0,0.7,6,0.18000000000000005,4,0.08,2,0.021,1,0.019,4,51.4
9,2,1,False,1,0.40490836940836944,3,0.2750202575202573,2,0.16538777888777886,8,0.15468359418359415,4,0.0,3,17.6
9,2,7,False,7,0.329595238095238,2,0.32704761904761903,8,0.32335714285714273,0,0.02,3,0.0,2,90.4
9,4,2,False,2,0.9018333333333334,1,0.05,0,0.04816666666666666,3,0.0,4,0.0,5,120.4
9,8,1,False,1,0.487892857142857,8,0.38710714285714287,3,0.115,2,0.01,4,0.0,2,5.2
9,8,2,False,2,0.7,4,0.17,8,0.06533333333333333,7,0.04466666666666667,1,0.02,3,72.0
9,8,2,False,2,0.7883333333333334,4,0.15166666666666667,8,0.021,3,0.020666666666666663,1,0.018333333333333333,3,48.0
9,3,8,False,8,0.5083333333333333,6,0.47166666666666673,1,0.02,2,0.0,3,0.0,5,24.8
9,3,1,False,1,0.57,4,0.27,2,0.08933333333333332,3,0.060666666666666674,0,0.01,4,52.4
9,2,2,True,2,0.77,4,0.21,7,0.02,0,0.0,3,0.0,1,197.6
9,4,4,True,4,0.8735238095238094,1,0.051904761904761905,2,0.05,3,0.024571428571428567,0,0.0,1,63.0
9,4,8,False,8,0.68,0,0.2,7,0.11,2,0.01,3,0.0,6,181.4
9,3,7,False,7,0.7330952380952381,8,0.13626190476190472,6,0.10564285714285714,4,0.015,2,0.01,6,67.2
9,8,0,False,0,0.63,7,0.28,1,0.09,2,0.0,3,0.0,9,140.2
9,2,7,False,7,0.63,2,0.21,1,0.09416666666666666,3,0.05583333333333332,8,0.01,2,59.4
9,1,1,True,1,0.3526071428571428,2,0.3335357142857143,3,0.29385714285714276,6,0.02,0,0.0,1,49.8
9,3,1,False,1,0.44800000000000006,8,0.34199999999999997,2,0.15008333333333335,7,0.04758333333333334,6,0.012333333333333332,6,49.0
9,3,3,True,3,1.0,0,0.0,1,0.0,2,0.0,4,0.0,1,31.2
9,3,6,False,6,0.6245595238095238,2,0.36377380952380955,1,0.011666666666666665,0,0.0,3,0.0,5,18.8
9,7,6,False,6,0.65,1,0.19,2,0.12166666666666666,8,0.03,4,0.008333333333333333,9,69.2
9,7,3,False,3,0.62,2,0.1525,0,0.11333333333333333,6,0.10416666666666666,8,0.01,9,79.4
9,4,2,False,2,0.5005,1,0.45728571428571435,6,0.03685714285714285,3,0.005357142857142857,0,0.0,6,21.8
9,1,8,False,8,0.63,6,0.22,7,0.07308333333333333,4,0.07191666666666666,2,0.0025,6,58.0
9,1,1,True,1,0.39475000000000016,2,0.31174999999999997,5,0.2934999999999999,0,0.0,3,0.0,1,9.8
9,7,1,False,1,0.5658333333333333,7,0.3018333333333333,8,0.05208333333333333,3,0.04833333333333333,2,0.03191666666666667,2,29.6
9,7,6,False,6,0.35951984126984127,8,0.3500357142857143,0,0.2904444444444444,2,0.0,3,0.0,9,58.6
9,1,3,False,3,0.5571666666666668,2,0.42283333333333323,4,0.02,1,0.0,0,0.0,4,17.2
9,1,2,False,2,0.40461011211011216,7,0.23720967920967906,3,0.18172471972471974,1,0.1764554889554889,0,0.0,4,25.2
9,1,1,True,1,0.4124999999999999,0,0.4075000000000001,7,0.13,6,0.05,3,0.0,1,94.8
9,1,3,False,3,0.2969816017316017,1,0.2874325396825397,4,0.15272150072150067,8,0.14000937950937947,2,0.12285497835497833,2,15.2
9,1,1,True,1,0.29017460317460314,3,0.2670952380952381,7,0.2512460317460317,6,0.19148412698412695,2,0.0,1,16.2
9,7,1,False,1,0.81,2,0.13,7,0.04,8,0.02,3,0.0,3,124.0
9,1,4,False,4,0.3471785714285714,1,0.3236002886002885,8,0.3019484126984127,2,0.02036363636363636,6,0.006909090909090909,2,19.2
9,1,2,False,2,0.87,8,0.1,4,0.025,3,0.005,0,0.0,8,37.6
9,4,4,True,4,0.44072366522366513,1,0.3866767676767676,2,0.1725995670995671,0,0.0,3,0.0,1,15.8
9,2,1,False,1,0.4819523809523809,0,0.4280476190476191,8,0.04833333333333333,5,0.04166666666666666,3,0.0,8,81.8
9,7,0,False,0,0.34321428571428575,6,0.3320714285714286,1,0.3163809523809523,7,0.008333333333333333,3,0.0,4,81.4
9,1,2,False,2,0.47933333333333344,1,0.4306666666666667,4,0.054000000000000006,8,0.036000000000000004,3,0.0,2,30.0
9,1,1,True,1,0.65,3,0.17,2,0.12,4,0.04,6,0.02,1,41.2
9,7,4,False,4,0.5186666666666667,6,0.4279999999999999,8,0.03383333333333333,2,0.012999999999999998,7,0.006500000000000001,5,46.2
9,3,1,False,1,0.4251655844155844,4,0.3732774170274167,3,0.20155699855699843,0,0.0,2,0.0,3,17.4
9,1,3,False,3,0.49483333333333335,6,0.37516666666666665,4,0.13,0,0.0,2,0.0,6,46.6
9,2,7,False,7,0.35618253968253966,1,0.3256746031746031,4,0.26369047619047603,3,0.028666666666666667,2,0.025785714285714283,5,14.3
9,4,7,False,7,0.6,0,0.34583333333333327,4,0.05416666666666666,1,0.0,3,0.0,3,88.5
9,4,2,False,2,0.4978333333333333,7,0.42716666666666664,1,0.075,0,0.0,3,0.0,6,54.0
9,8,7,False,7,0.353452380952381,2,0.3091904761904762,8,0.2723571428571428,1,0.06,4,0.005,3,68.4
9,8,8,True,8,0.6666666666666667,1,0.18704761904761902,2,0.07976190476190476,4,0.06652380952380951,3,0.0,1,45.7
9,4,2,False,2,0.3007576408173485,6,0.279790917054925,3,0.17745911128667213,8,0.10688998898331448,4,0.08959790932122008,5,0.0
9,8,4,False,4,0.5186666666666667,6,0.4279999999999999,8,0.03383333333333333,2,0.012999999999999998,7,0.006500000000000001,3,46.2
9,4,2,False,2,0.4736626984126984,3,0.43766666666666665,6,0.08867063492063493,1,0.0,0,0.0,6,43.2
9,6,1,False,1,0.5160515873015873,2,0.2703412698412697,5,0.20860714285714285,3,0.005,0,0.0,7,32.1
9,6,6,True,6,0.92,8,0.05583333333333333,2,0.024166666666666666,1,0.0,3,0.0,1,13.7
9,6,2,False,2,0.47551984126984115,1,0.2662420634920633,3,0.24823809523809515,6,0.01,0,0.0,4,13.4
9,6,6,True,6,0.5125000000000001,1,0.23903968253968244,0,0.23346031746031734,4,0.015,3,0.0,1,27.8
9,4,8,False,8,0.5515000000000001,7,0.43383333333333335,1,0.014666666666666668,2,0.0,3,0.0,6,75.6
9,6,6,True,6,0.61,2,0.13841666666666666,1,0.1379166666666667,3,0.1136666666666667,0,0.0,1,49.7
9,6,2,False,2,0.3007576408173485,6,0.279790917054925,3,0.17745911128667213,8,0.10688998898331448,4,0.08959790932122008,2,0.0
9,4,7,False,7,0.35618253968253966,1,0.33846031746031746,4,0.26369047619047603,2,0.03666666666666667,3,0.005,3,14.5
9,6,1,False,1,0.6825476190476191,3,0.14123809523809525,2,0.12821428571428573,4,0.04,8,0.006,9,74.3
9,6,2,False,2,0.4978333333333333,7,0.42716666666666664,1,0.075,0,0.0,3,0.0,8,54.0
9,6,1,False,1,0.4673333333333333,8,0.4552857142857144,6,0.05738095238095238,7,0.02,3,0.0,3,44.3
9,6,6,True,6,0.6860753968253968,4,0.29392460317460306,8,0.02,0,0.0,3,0.0,1,43.5
9,4,8,False,8,0.6737857142857141,3,0.3262142857142857,1,0.0,0,0.0,4,0.0,5,17.9
9,4,4,True,4,0.8,1,0.19,6,0.005,2,0.005,3,0.0,1,72.3
9,4,6,False,6,0.45599999999999996,2,0.434,8,0.048,4,0.042,3,0.018333333333333333,4,26.6
9,8,4,False,4,0.82,3,0.14,6,0.04,0,0.0,2,0.0,9,46.9
9,8,1,False,1,0.34316702741702726,4,0.19975901875901866,6,0.16319155844155836,7,0.14781854256854254,2,0.14606385281385273,9,44.8
9,4,1,False,1,0.7470357142857144,7,0.1040357142857143,2,0.07633333333333332,8,0.0625952380952381,4,0.01,5,29.1
9,8,8,True,8,0.3389523809523809,2,0.31821428571428567,7,0.31283333333333324,4,0.025,6,0.005,1,46.4
9,4,4,True,4,0.61,8,0.24,2,0.06,3,0.0475,7,0.03916666666666666,1,80.2
9,6,6,True,6,0.5102475302475303,3,0.2769758019758019,1,0.2127766677766677,0,0.0,2,0.0,1,22.0
9,6,4,False,4,0.3748333333333333,2,0.3122142857142858,7,0.29545238095238086,1,0.0175,3,0.0,8,55.5
9,6,2,False,2,0.5401190476190476,4,0.4398809523809525,7,0.013333333333333332,1,0.006666666666666666,3,0.0,8,36.1
9,8,6,False,6,0.3454859307359307,7,0.3438896103896104,8,0.2906244588744588,3,0.02,2,0.0,3,67.0
9,6,3,False,3,0.3487009379509379,2,0.21396969696969687,6,0.15961580086580088,1,0.15721681096681095,7,0.12049675324675319,3,27.6
9,8,1,False,1,0.39475000000000016,2,0.31174999999999997,5,0.2934999999999999,0,0.0,3,0.0,9,9.8
9,8,8,True,8,0.6737857142857141,3,0.3262142857142857,1,0.0,0,0.0,4,0.0,1,17.9
9,4,7,False,7,0.363452380952381,2,0.3041904761904762,8,0.2723571428571428,1,0.06,3,0.0,6,68.3
9,6,2,False,2,0.3007576408173485,6,0.279790917054925,3,0.17745911128667213,8,0.10688998898331448,4,0.08959790932122008,2,0.0
9,4,4,True,4,0.64,8,0.13511904761904764,2,0.11888095238095238,7,0.09600000000000002,6,0.005,1,46.5
9,8,4,False,4,0.7638968253968256,1,0.15935317460317455,3,0.07675000000000001,0,0.0,2,0.0,9,63.1
9,4,3,False,3,0.59,4,0.23416666666666663,1,0.0895238095238095,7,0.05047619047619047,2,0.023333333333333334,2,36.7
9,8,1,False,1,0.7586785714285714,2,0.16,4,0.04118650793650794,3,0.04013492063492063,0,0.0,9,39.2
9,8,2,False,2,0.505,0,0.325,7,0.17,1,0.0,3,0.0,9,84.9
9,8,1,False,1,0.40490836940836944,3,0.2750202575202573,2,0.16538777888777886,8,0.15468359418359415,4,0.0,4,17.6
10,0,0,True,0,0.5614047619047619,2,0.4385952380952381,1,0.0,3,0.0,4,0.0,1,87.0
10,1,1,True,1,0.48729334554334547,3,0.46549542124542126,8,0.04567277167277167,2,0.0015384615384615385,4,0.0,1,15.0
10,0,7,False,7,0.49855555555555575,1,0.24650793650793648,6,0.24493650793650798,8,0.01,3,0.0,8,81.4
10,1,2,False,2,0.675,4,0.22,1,0.07349999999999998,8,0.0265,7,0.005,3,76.4
10,1,2,False,2,1.0,0,0.0,1,0.0,3,0.0,4,0.0,3,11.2
10,1,4,False,4,0.4786666666666667,2,0.43133333333333335,8,0.05,3,0.04,0,0.0,8,73.6
10,2,1,False,1,0.8193333333333332,2,0.18066666666666667,0,0.0,3,0.0,4,0.0,2,10.8
10,1,1,True,1,0.3273091630591629,2,0.3133964646464646,7,0.19106529581529583,3,0.1682290764790765,0,0.0,1,25.2
10,1,1,True,1,0.49902380952380976,4,0.44792857142857145,6,0.05304761904761904,0,0.0,3,0.0,1,16.6
10,3,6,False,6,0.29653626193661686,2,0.2786324260149118,3,0.16276492264145404,4,0.11112153647271937,8,0.09981638207142435,3,0.0
10,1,3,False,3,0.65,6,0.2,1,0.07166666666666666,2,0.06833333333333333,8,0.01,3,56.6
10,3,3,True,3,0.651690476190476,6,0.3399761904761904,2,0.005,1,0.0016666666666666666,8,0.0016666666666666666,1,20.4
10,2,1,False,1,0.6993333333333334,3,0.27,6,0.030666666666666665,0,0.0,2,0.0,5,18.6
10,2,2,True,2,0.8433333333333333,8,0.05583333333333334,3,0.05083333333333333,1,0.04333333333333333,6,0.006666666666666666,1,48.8
10,0,4,False,4,0.5396666666666667,1,0.4513333333333333,3,0.009000000000000001,0,0.0,2,0.0,4,32.4
10,0,4,False,4,0.4786666666666667,2,0.43133333333333335,3,0.07,8,0.02,0,0.0,5,73.4
10,0,7,False,7,0.6728492063492061,0,0.29515079365079366,6,0.022000000000000002,1,0.006666666666666666,2,0.003333333333333333,2,81.6
10,4,4,True,4,0.57,8,0.26,3,0.11,2,0.03666666666666667,7,0.02333333333333333,1,80.2
10,2,1,False,1,0.68,6,0.15600000000000003,8,0.14400000000000002,4,0.01,2,0.006666666666666666,5,65.8
10,0,0,True,0,0.57,3,0.21366666666666667,7,0.16633333333333333,1,0.05,2,0.0,1,135.6
10,0,7,False,7,0.6535,0,0.27649999999999997,4,0.05,2,0.011000000000000001,1,0.009000000000000001,2,104.6
10,3,3,True,3,0.59,7,0.18983333333333335,8,0.17016666666666666,4,0.03,1,0.02,1,99.6
10,3,3,True,3,0.7816666666666667,1,0.18833333333333332,2,0.016388888888888887,5,0.013611111111111112,0,0.0,1,31.8
10,3,3,True,3,0.7236904761904762,6,0.16,1,0.07971428571428571,2,0.0365952380952381,0,0.0,1,22.6
10,3,1,False,1,0.2783344155844155,2,0.24879437229437223,6,0.23948917748917747,5,0.23338203463203455,3,0.0,5,18.2
10,7,2,False,2,0.4004365079365079,3,0.38973412698412685,1,0.209829365079365,0,0.0,4,0.0,8,33.6
10,7,1,False,1,0.48649999999999993,0,0.3635000000000001,6,0.14,3,0.005,7,0.005,5,24.6
10,1,1,True,1,0.6634285714285716,3,0.1971190476190476,6,0.12916666666666668,2,0.006000000000000001,7,0.004285714285714285,1,25.0
10,7,3,False,3,0.35773809523809513,4,0.33335714285714274,2,0.29590476190476184,1,0.006999999999999999,7,0.006000000000000001,5,25.4
10,1,7,False,7,0.62,2,0.37,1,0.01,0,0.0,3,0.0,3,129.0
10,1,6,False,6,0.69,7,0.28,2,0.03,0,0.0,3,0.0,6,153.4
10,1,4,False,4,0.5396666666666667,1,0.4513333333333333,3,0.009000000000000001,0,0.0,2,0.0,2,32.4
10,2,2,True,2,0.6497063492063491,5,0.30148412698412697,3,0.01845238095238095,1,0.017880952380952383,0,0.012476190476190476,1,30.6
10,7,4,False,4,0.5933730158730159,6,0.31,2,0.033984126984126985,7,0.03184126984126984,1,0.030801587301587302,4,57.8
10,2,3,False,3,0.5048027250527252,2,0.31826523476523466,7,0.16693204018204016,6,0.01,0,0.0,2,22.4
10,8,0,False,0,0.9023809523809524,2,0.06,3,0.02142857142857143,1,0.01,4,0.006190476190476191,9,101.2
10,7,8,False,8,0.63,7,0.22,0,0.12,3,0.03,2,0.0,2,139.8
10,2,2,True,2,0.496,1,0.414,0,0.08,4,0.01,3,0.0,1,145.8
10,2,7,False,7,0.71,8,0.24,2,0.05,1,0.0,3,0.0,3,164.8
10,8,3,False,3,0.519595238095238,1,0.37040476190476185,0,0.07,2,0.03,7,0.01,9,125.6
10,2,1,False,1,0.2651999111999111,4,0.16021123321123315,2,0.15524128649128646,7,0.1418470973470973,8,0.14139868464868463,3,44.8
10,8,2,False,2,0.33259523809523805,8,0.3174523809523809,3,0.30995238095238087,4,0.04,0,0.0,2,6.8
10,2,2,True,2,0.45121428571428573,7,0.4344999999999999,3,0.1,1,0.005714285714285714,4,0.005714285714285714,1,9.0
10,2,6,False,6,0.37505555555555553,4,0.3312857142857142,1,0.29365873015872995,0,0.0,3,0.0,6,16.8
10,2,2,True,2,0.33259523809523805,8,0.3174523809523809,3,0.30995238095238087,4,0.04,0,0.0,1,6.8
10,2,1,False,1,0.56,7,0.27725000000000005,2,0.15275,0,0.01,3,0.0,3,116.0
10,2,6,False,6,0.29653626193661686,2,0.2786324260149118,3,0.16276492264145404,4,0.11112153647271937,8,0.09981638207142435,2,0.0
10,2,0,False,0,0.47266666666666657,2,0.4273333333333334,1,0.09,7,0.01,3,0.0,2,126.8
10,2,1,False,1,0.46779761904761896,3,0.4022023809523809,6,0.1,4,0.03,2,0.0,5,74.2
10,2,2,True,2,0.8427826617826618,3,0.124,1,0.01493284493284493,0,0.010531135531135532,4,0.007753357753357753,1,8.4
10,4,7,False,7,0.61,1,0.29,4,0.09,2,0.01,3,0.0,3,121.4
10,2,2,True,2,0.68,0,0.19,3,0.07,4,0.03,5,0.02,1,167.4
10,2,0,False,0,0.68,1,0.16266666666666665,5,0.14733333333333332,2,0.01,3,0.0,4,86.6
10,3,3,True,3,0.7816666666666667,1,0.18833333333333332,2,0.016388888888888887,5,0.013611111111111112,0,0.0,1,31.8
10,3,1,False,1,0.48649999999999993,0,0.3635000000000001,6,0.14,3,0.005,7,0.005,4,24.6
10,0,2,False,2,0.857809523809524,7,0.1321904761904762,0,0.01,1,0.0,3,0.0,3,90.6
10,2,2,True,2,0.4004365079365079,3,0.38973412698412685,1,0.209829365079365,0,0.0,4,0.0,1,33.6
10,2,8,False,8,0.7408015873015872,2,0.25919841269841265,1,0.0,0,0.0,4,0.0,2,2.2
10,2,4,False,4,0.64,1,0.15750000000000003,3,0.15249999999999997,8,0.028333333333333335,6,0.021666666666666664,6,52.2
10,4,6,False,6,0.58,2,0.38,8,0.03,1,0.01,3,0.0,6,177.4
10,2,2,True,2,0.93,7,0.04,0,0.02,4,0.006666666666666666,8,0.003333333333333333,1,149.6
10,0,4,False,4,0.61,7,0.29,2,0.06,0,0.04,3,0.0,4,227.4
10,4,4,True,4,0.62,2,0.27,7,0.06,0,0.04,8,0.01,1,242.0
10,3,4,False,4,0.645,5,0.17816666666666667,8,0.15183333333333335,1,0.025,3,0.0,5,62.2
10,1,2,False,2,0.56,8,0.21933333333333332,1,0.16066666666666665,0,0.05,4,0.01,3,83.6
10,3,3,True,3,0.67,2,0.22516666666666668,1,0.0815,7,0.023333333333333334,0,0.0,1,90.0
10,1,3,False,3,0.519595238095238,1,0.37040476190476185,0,0.07,2,0.03,7,0.01,2,125.6
10,1,6,False,6,0.71,4,0.19,1,0.059000000000000004,3,0.040999999999999995,2,0.0,3,74.4
10,7,2,False,2,0.3679920634920636,1,0.33329365079365075,7,0.29121428571428565,0,0.0075,3,0.0,3,91.6
10,3,1,False,1,0.83,3,0.13333333333333333,4,0.03666666666666667,0,0.0,2,0.0,2,38.0
10,7,0,False,0,0.68,1,0.16266666666666665,5,0.14733333333333332,2,0.01,3,0.0,8,86.6
10,7,1,False,1,0.6354999999999997,4,0.3173571428571428,2,0.04428571428571429,3,0.002857142857142857,0,0.0,8,14.4
10,3,1,False,1,0.57,4,0.39,7,0.014166666666666666,2,0.014166666666666666,8,0.011666666666666665,6,46.6
10,3,2,False,2,0.5774999999999999,1,0.3924999999999999,4,0.02,0,0.01,3,0.0,5,61.4
10,0,0,True,0,0.5329999999999999,4,0.402,7,0.065,1,0.0,3,0.0,1,93.8
10,1,4,False,4,0.37066666666666664,0,0.3553333333333332,2,0.2681666666666666,7,0.005833333333333333,3,0.0,6,87.8
10,1,1,True,1,0.6643333333333333,8,0.17383333333333334,6,0.14616666666666667,2,0.015666666666666666,3,0.0,1,33.2
10,7,3,False,3,0.4244126984126986,7,0.38246428571428576,8,0.1931230158730158,1,0.0,2,0.0,2,44.0
10,1,1,True,1,0.34338095238095234,8,0.337952380952381,3,0.2986666666666666,5,0.01,2,0.006666666666666666,1,85.8
10,1,3,False,3,0.510829365079365,1,0.2535079365079364,7,0.2356626984126984,0,0.0,2,0.0,2,20.8
10,1,8,False,8,0.6739761904761905,6,0.22,3,0.0688452380952381,7,0.03717857142857143,2,0.0,6,44.2
10,7,7,True,7,0.6759999999999999,8,0.3,2,0.02,1,0.004,3,0.0,1,45.2
10,1,1,True,1,0.5324545454545455,3,0.3124808802308801,2,0.15506457431457435,0,0.0,4,0.0,1,23.4
10,1,2,False,2,0.89,8,0.1,1,0.01,0,0.0,4,0.0,3,174.4
10,7,4,False,4,0.760623015873016,0,0.09781746031746032,3,0.07107539682539682,8,0.06048412698412698,7,0.01,5,122.0
10,3,2,False,2,0.49013095238095233,4,0.3651190476190477,7,0.1,3,0.022583333333333334,6,0.01633333333333333,4,28.4
10,2,8,False,8,0.4745000000000001,3,0.4054999999999999,6,0.07,7,0.021666666666666664,2,0.018333333333333333,5,77.0
10,3,3,True,3,0.5358809523809523,2,0.4041190476190475,4,0.04,1,0.01,8,0.01,1,28.8
10,1,8,False,8,0.69,2,0.155,1,0.15,6,0.0025,4,0.0025,3,35.6
10,1,1,True,1,0.4840357142857144,4,0.28934523809523804,3,0.2166190476190476,7,0.005714285714285714,2,0.004285714285714285,1,39.0
10,7,8,False,8,0.56,4,0.18133333333333337,0,0.16866666666666663,1,0.05583333333333333,3,0.034166666666666665,9,93.4
10,1,7,False,7,0.354611111111111,8,0.32767857142857126,2,0.2843769841269841,1,0.02333333333333333,4,0.01,4,29.0
10,7,4,False,4,0.33176587301587296,0,0.23332936507936503,3,0.23238492063492053,8,0.20251984126984118,2,0.0,9,122.4
10,3,2,False,2,0.49013095238095233,4,0.3651190476190477,7,0.1,3,0.022583333333333334,6,0.01633333333333333,4,28.4
10,3,8,False,8,0.59,3,0.37666666666666665,1,0.02,2,0.011333333333333332,5,0.002,2,66.4
10,2,1,False,1,0.636,8,0.22,2,0.06333333333333332,4,0.056666666666666664,3,0.024,3,80.8
10,5,7,False,7,0.3557857142857143,2,0.3406984126984127,1,0.283515873015873,3,0.02,0,0.0,7,97.2
10,2,1,False,1,0.4547341269841271,3,0.26278571428571423,8,0.24248015873015866,7,0.0225,2,0.0175,5,14.8
10,2,3,False,3,0.9335,2,0.0665,1,0.0,0,0.0,4,0.0,2,4.8
10,2,7,False,7,0.7191666666666667,3,0.15,4,0.10833333333333332,2,0.0225,0,0.0,4,84.4
10,2,7,False,7,0.528940476190476,1,0.25161507936507926,4,0.2134444444444443,8,0.004,2,0.002,5,75.2
10,2,1,False,1,0.3428725996225996,2,0.3184915362415362,0,0.1698972971472971,4,0.16873856698856696,3,0.0,2,8.8
10,2,1,False,1,0.8741190476190475,2,0.06721428571428571,7,0.051166666666666666,0,0.0075,3,0.0,2,92.0
10,5,1,False,1,0.4830000000000002,8,0.45649999999999985,2,0.034,0,0.0265,4,0.0,6,82.0
10,8,2,False,2,0.5388571428571428,7,0.46114285714285713,1,0.0,0,0.0,3,0.0,9,90.4
10,8,2,False,2,0.56,0,0.34,8,0.05566666666666666,1,0.034333333333333334,4,0.01,3,83.4
10,8,2,False,2,0.56,7,0.31666666666666665,0,0.06733333333333333,3,0.05,1,0.004,9,94.4
10,3,2,False,2,0.46401587301587294,3,0.27540873015873013,1,0.26057539682539677,0,0.0,4,0.0,2,11.4
10,8,8,True,8,0.62,7,0.27,2,0.09,1,0.01,0,0.01,1,192.0
10,2,7,False,7,0.5008333333333332,2,0.4691666666666666,1,0.0115,8,0.01,3,0.0085,2,85.4
10,4,8,False,8,0.7833333333333331,4,0.16666666666666669,7,0.05,0,0.0,3,0.0,2,112.6
10,3,6,False,6,0.39546969696969714,1,0.21956060606060593,3,0.19799639249639248,2,0.18197330447330448,7,0.005,3,24.2
10,3,1,False,1,0.35210714285714284,6,0.33139285714285704,3,0.29650000000000004,8,0.013333333333333332,4,0.006666666666666666,3,27.0
10,1,0,False,0,0.6389285714285715,7,0.3474999999999999,2,0.010714285714285714,1,0.002857142857142857,3,0.0,4,91.2
10,7,7,True,7,0.89,4,0.07,2,0.04,0,0.0,3,0.0,1,194.4
10,3,3,True,3,1.0,0,0.0,1,0.0,2,0.0,4,0.0,1,31.2
10,3,4,False,4,0.64,1,0.15750000000000003,3,0.15249999999999997,8,0.028333333333333335,6,0.021666666666666664,3,52.2
10,8,2,False,2,0.5416190476190477,1,0.40304761904761904,7,0.05533333333333333,0,0.0,3,0.0,9,90.2
10,1,4,False,4,0.5995147907647906,1,0.21055591630591625,2,0.18992929292929286,0,0.0,3,0.0,2,15.8
10,1,4,False,4,0.3675238095238095,2,0.29954761904761906,1,0.28159523809523807,8,0.04733333333333333,7,0.004,3,45.6
10,1,8,False,8,0.2553116883116882,3,0.2460202020202019,1,0.23257575757575752,2,0.23209235209235202,6,0.03,3,47.6
10,1,3,False,3,0.519595238095238,1,0.37040476190476185,0,0.07,2,0.03,7,0.01,2,125.6
10,7,7,True,7,0.4610476190476191,3,0.45895238095238095,0,0.06,4,0.01,8,0.01,1,114.0
10,1,1,True,1,0.5983333333333333,6,0.32,8,0.06,0,0.011666666666666665,2,0.01,1,69.8
10,1,3,False,3,0.6149350649350651,5,0.1979098124098124,1,0.1871551226551226,0,0.0,2,0.0,3,25.8
10,7,2,False,2,0.6497063492063491,5,0.30148412698412697,3,0.01845238095238095,1,0.017880952380952383,0,0.012476190476190476,8,30.6
10,1,1,True,1,0.3696249787793906,3,0.2359857707651824,2,0.14101687446540387,8,0.12856040201628427,4,0.12481197397373867,1,15.2
10,1,1,True,1,0.3428725996225996,2,0.3184915362415362,0,0.1698972971472971,4,0.16873856698856696,3,0.0,1,8.6
10,7,1,False,1,0.33262698412698394,0,0.30084920634920626,3,0.28652380952380946,7,0.05,5,0.02,4,102.4
10,2,2,True,2,0.4788333333333333,0,0.3211666666666666,6,0.1,4,0.1,3,0.0,1,42.8
10,1,3,False,3,0.4510476190476191,2,0.44076190476190485,5,0.04261904761904762,1,0.03888095238095238,8,0.026690476190476188,4,9.7
10,3,6,False,6,0.29653626193661686,2,0.2786324260149118,3,0.16276492264145404,4,0.11112153647271937,8,0.09981638207142435,3,0.0
10,7,1,False,1,0.7671006493506495,2,0.11316810966810964,7,0.06584992784992785,3,0.05388131313131313,0,0.0,3,25.1
10,7,3,False,3,0.3760454545454545,1,0.3691089466089466,2,0.25484559884559876,0,0.0,4,0.0,8,28.0
10,2,6,False,6,0.3776904761904762,4,0.3506904761904762,3,0.2716190476190475,0,0.0,2,0.0,5,17.0
10,2,8,False,8,0.4688333333333334,2,0.44483333333333336,6,0.07633333333333334,1,0.01,3,0.0,2,51.8
10,7,3,False,3,0.6467976190476189,2,0.3482023809523809,1,0.005,0,0.0,4,0.0,8,11.8
10,2,6,False,6,1.0,0,0.0,2,0.0,1,0.0,3,0.0,3,43.0
10,2,6,False,6,0.29653626193661686,2,0.2786324260149118,3,0.16276492264145404,4,0.11112153647271937,8,0.09981638207142435,2,0.0
10,8,8,True,8,0.72,2,0.10066666666666667,4,0.091,1,0.08433333333333333,7,0.004,1,45.7
10,8,8,True,8,0.59,4,0.18147619047619049,3,0.16852380952380952,1,0.055,2,0.005,1,60.1
10,8,8,True,8,0.7408015873015872,2,0.25919841269841265,1,0.0,0,0.0,4,0.0,1,2.2
10,8,2,False,2,0.35770238095238094,3,0.31035714285714283,1,0.30427380952380945,7,0.027666666666666666,0,0.0,9,29.8
10,8,8,True,8,0.8586036463536463,1,0.06574611499611498,2,0.04869752469752469,3,0.026952713952713953,4,0.0,1,17.7
10,8,6,False,6,0.29653626193661686,2,0.2786324260149118,3,0.16276492264145404,4,0.11112153647271937,8,0.09981638207142435,5,0.0
10,6,4,False,4,0.5041666666666665,3,0.34083333333333327,8,0.1,1,0.055,2,0.0,7,59.9
10,8,0,False,0,0.4441666666666667,1,0.43583333333333335,2,0.075,4,0.03,6,0.01,9,53.0
10,6,1,False,1,0.35138888888888886,8,0.3340714285714286,6,0.27453968253968253,5,0.03,3,0.01,3,40.4
10,6,1,False,1,0.57,4,0.39,7,0.014166666666666666,2,0.014166666666666666,8,0.011666666666666665,9,46.6
10,4,1,False,1,0.655,8,0.2,4,0.07230952380952381,3,0.0676904761904762,2,0.005,3,60.2
10,6,3,False,3,0.4244126984126986,7,0.38246428571428576,8,0.1931230158730158,1,0.0,2,0.0,9,44.0
10,4,4,True,4,0.61,1,0.2802380952380953,2,0.10976190476190477,0,0.0,3,0.0,1,77.6
10,4,2,False,2,0.644785714285714,7,0.2931666666666665,3,0.0384047619047619,4,0.017452380952380952,1,0.006190476190476191,4,38.7
10,6,6,True,6,1.0,0,0.0,2,0.0,1,0.0,3,0.0,1,43.5
10,6,4,False,4,0.6255000000000001,2,0.15983333333333336,0,0.14466666666666667,6,0.07,3,0.0,4,42.7
10,6,6,True,6,0.5327420634920635,1,0.25755952380952385,3,0.19969841269841268,4,0.01,2,0.0,1,22.0
10,6,8,False,8,0.38252380952380954,0,0.30784523809523806,7,0.29963095238095244,4,0.01,3,0.0,9,58.6
10,6,6,True,6,0.29653626193661686,2,0.2786324260149118,3,0.16276492264145404,4,0.11112153647271937,8,0.09981638207142435,1,0.0
10,6,6,True,6,0.39546969696969714,1,0.21956060606060593,3,0.19799639249639248,2,0.18197330447330448,7,0.005,1,24.2
10,6,8,False,8,0.5942857142857143,7,0.23571428571428574,6,0.14714285714285713,2,0.01714285714285714,1,0.005714285714285714,3,44.4
10,6,2,False,2,0.7559126984126983,6,0.23408730158730148,4,0.01,0,0.0,3,0.0,2,47.1
10,6,3,False,3,0.6744769119769116,1,0.32552308802308777,0,0.0,2,0.0,4,0.0,7,21.3
10,6,2,False,2,0.56,7,0.28,3,0.05,1,0.046333333333333344,4,0.0345,8,94.5
10,8,3,False,3,0.5139523809523808,6,0.43604761904761913,1,0.03666666666666667,0,0.013333333333333332,2,0.0,9,24.8
10,8,8,True,8,0.911930735930736,3,0.057655122655122654,4,0.030414141414141414,1,0.0,2,0.0,1,17.8
10,4,2,False,2,0.55,6,0.28,1,0.15,7,0.02,3,0.0,8,68.8
10,6,6,True,6,0.29653626193661686,2,0.2786324260149118,3,0.16276492264145404,4,0.11112153647271937,8,0.09981638207142435,1,0.0
10,4,3,False,3,0.7236904761904762,6,0.16,1,0.07971428571428571,2,0.0365952380952381,0,0.0,6,22.6
10,4,4,True,4,0.46088095238095245,8,0.4391190476190476,3,0.07,2,0.023238095238095235,6,0.006761904761904762,1,46.9
10,4,2,False,2,0.6270981240981239,7,0.1876035353535353,4,0.18529834054834043,0,0.0,3,0.0,3,87.6
10,4,4,True,4,0.8193333333333332,1,0.15066666666666667,8,0.018333333333333333,5,0.011666666666666665,3,0.0,1,62.3
10,4,4,True,4,0.62,2,0.22683333333333336,7,0.14316666666666666,8,0.01,3,0.0,1,76.7
10,4,3,False,3,0.67,2,0.22516666666666668,1,0.0815,7,0.023333333333333334,0,0.0,6,90.0
10,4,1,False,1,0.65,4,0.16866666666666666,8,0.12133333333333331,5,0.05,2,0.01,2,53.6
10,4,8,False,8,0.64,4,0.29275,1,0.036166666666666666,3,0.031083333333333334,2,0.0,2,63.1
10,4,3,False,3,0.82,1,0.06,2,0.043,4,0.04116666666666667,6,0.035833333333333335,4,35.0
10,4,6,False,6,1.0,0,0.0,2,0.0,1,0.0,3,0.0,6,43.5
10,4,3,False,3,0.4244126984126986,7,0.38246428571428576,8,0.1931230158730158,1,0.0,2,0.0,6,43.9
10,8,2,False,2,0.55,1,0.31,6,0.12,7,0.02,3,0.0,9,68.9
