fold,true_cluster,predicted_cluster,correct,top1_cluster,top1_confidence,top2_cluster,top2_confidence,top3_cluster,top3_confidence,top4_cluster,top4_confidence,top5_cluster,top5_confidence,true_rank,elevation_gain
1,1,0,False,0,0.4366666666666667,4,0.4333333333333333,2,0.11,6,0.02,3,0.0,6,24.0
1,3,4,False,4,0.9671666666666667,6,0.03283333333333333,0,0.0,1,0.0,3,0.0,5,54.2
1,0,0,True,0,0.5030079365079364,4,0.45699206349206356,3,0.04,1,0.0,2,0.0,1,42.6
1,1,2,False,2,0.5691780054133786,1,0.26570777122478445,4,0.11196379265558813,5,0.03192819027674544,3,0.014254757866166286,2,0.0
1,2,2,True,2,1.0,0,0.0,1,0.0,3,0.0,4,0.0,1,2.7
1,0,0,True,0,0.4145418470418472,4,0.3990317460317462,3,0.18642640692640688,1,0.0,2,0.0,1,36.1
1,0,0,True,0,0.485,3,0.45833333333333337,4,0.05666666666666667,1,0.0,2,0.0,1,32.4
1,0,4,False,4,0.65,3,0.35,1,0.0,0,0.0,2,0.0,4,59.0
1,1,2,False,2,0.5691780054133786,1,0.26570777122478445,4,0.11196379265558813,5,0.03192819027674544,3,0.014254757866166286,2,0.0
1,0,3,False,3,0.64,0,0.16470238095238096,2,0.10776190476190477,6,0.07753571428571428,4,0.01,2,29.2
1,1,3,False,3,0.4939047619047619,4,0.2566785714285713,2,0.24941666666666662,1,0.0,0,0.0,4,5.5
1,3,3,True,3,0.68,2,0.22,0,0.1,1,0.0,4,0.0,1,67.8
1,4,2,False,2,0.77,3,0.21,4,0.013999999999999999,0,0.006,1,0.0,3,23.8
1,4,0,False,0,0.48167063492063505,2,0.25409126984126984,6,0.24423809523809517,3,0.01,4,0.01,5,29.1
1,4,3,False,3,0.72,6,0.16,4,0.12,0,0.0,2,0.0,3,74.1
1,4,0,False,0,0.9309999999999999,3,0.06,4,0.009000000000000001,1,0.0,2,0.0,3,53.0
1,3,3,True,3,0.68,2,0.22,0,0.1,1,0.0,4,0.0,1,67.7
1,4,2,False,2,0.6926388888888888,3,0.30374999999999996,6,0.003611111111111111,1,0.0,0,0.0,6,6.5
1,4,2,False,2,0.7941269841269839,3,0.19926587301587304,1,0.006607142857142857,0,0.0,4,0.0,5,9.8
1,2,2,True,2,0.7997686013034242,5,0.14933112963262038,1,0.05090026906395526,0,0.0,3,0.0,1,2.5
1,2,6,False,6,0.3091388888888889,4,0.23810714285714277,2,0.23124603174603173,3,0.22150793650793632,0,0.0,3,14.7
1,2,4,False,4,0.4810854978354979,0,0.26490151515151505,2,0.254012987012987,1,0.0,3,0.0,3,15.8
1,2,2,True,2,0.4806666666666667,3,0.4393333333333333,0,0.06,1,0.02,4,0.0,1,24.7
1,2,2,True,2,1.0,0,0.0,1,0.0,3,0.0,4,0.0,1,5.4
1,2,4,False,4,0.6166666666666667,2,0.3833333333333333,1,0.0,0,0.0,3,0.0,2,14.8
1,2,2,True,2,0.7997686013034242,5,0.14933112963262038,1,0.05090026906395526,0,0.0,3,0.0,1,2.5
1,1,2,False,2,0.5691780054133786,1,0.26570777122478445,4,0.11196379265558813,5,0.03192819027674544,3,0.014254757866166286,2,0.0
1,3,4,False,4,0.6600238095238093,0,0.3099761904761904,6,0.03,1,0.0,3,0.0,5,46.4
1,3,4,False,4,0.75,0,0.25,2,0.0,1,0.0,3,0.0,5,47.9
1,0,3,False,3,0.46366666666666667,0,0.43633333333333335,4,0.1,1,0.0,2,0.0,2,57.9
1,3,2,False,2,0.6156468253968254,3,0.34938095238095246,1,0.034972222222222224,0,0.0,4,0.0,2,18.5
1,3,0,False,0,0.5030079365079364,4,0.45699206349206356,3,0.04,1,0.0,2,0.0,3,42.7
1,0,3,False,3,0.6933333333333332,6,0.22,0,0.07666666666666666,2,0.01,1,0.0,3,36.9
1,0,0,True,0,0.4145418470418472,4,0.3990317460317462,3,0.18642640692640688,1,0.0,2,0.0,1,36.0
1,1,2,False,2,0.5691780054133786,1,0.26570777122478445,4,0.11196379265558813,5,0.03192819027674544,3,0.014254757866166286,2,0.0
1,1,2,False,2,0.8710763680763677,5,0.1289236319236319,1,0.0,0,0.0,3,0.0,3,2.2
1,4,0,False,0,0.7891666666666666,4,0.1408333333333333,3,0.07,1,0.0,2,0.0,2,45.6
1,0,2,False,2,0.84,1,0.1,3,0.05,4,0.01,0,0.0,5,15.4
1,4,3,False,3,0.6233333333333334,4,0.284,0,0.09266666666666667,1,0.0,2,0.0,2,38.7
1,0,4,False,4,0.5520238095238096,3,0.4479761904761904,1,0.0,0,0.0,2,0.0,4,57.1
1,4,3,False,3,0.4225238095238095,6,0.3974761904761905,4,0.115,2,0.065,0,0.0,3,12.1
1,4,2,False,2,0.5691780054133786,1,0.26570777122478445,4,0.11196379265558813,5,0.03192819027674544,3,0.014254757866166286,3,0.0
1,4,2,False,2,0.9540714285714286,6,0.03592857142857143,0,0.01,1,0.0,3,0.0,6,20.1
1,4,4,True,4,0.64,3,0.27833333333333327,0,0.08166666666666668,1,0.0,2,0.0,1,38.6
1,2,2,True,2,0.615642857142857,4,0.3663571428571429,3,0.018000000000000002,1,0.0,0,0.0,1,18.6
1,2,2,True,2,1.0,0,0.0,1,0.0,3,0.0,4,0.0,1,2.6
1,2,2,True,2,0.8710763680763677,5,0.1289236319236319,1,0.0,0,0.0,3,0.0,1,2.2
1,5,2,False,2,1.0,0,0.0,1,0.0,3,0.0,4,0.0,6,2.6
1,2,2,True,2,1.0,0,0.0,1,0.0,3,0.0,4,0.0,1,11.4
1,2,2,True,2,0.4660158730158728,3,0.2823730158730158,6,0.25161111111111095,1,0.0,0,0.0,1,11.8
1,2,2,True,2,0.9081666666666667,6,0.05938095238095238,4,0.032452380952380955,0,0.0,3,0.0,1,4.4
1,2,2,True,2,0.8297016594516592,6,0.1702983405483405,1,0.0,0,0.0,3,0.0,1,7.2
1,2,2,True,2,0.5812857142857143,0,0.30428571428571427,3,0.1028095238095238,6,0.011619047619047617,1,0.0,1,21.0
1,2,2,True,2,0.7684047619047618,6,0.23159523809523802,1,0.0,0,0.0,3,0.0,1,7.0
1,2,3,False,3,0.64,2,0.36,1,0.0,0,0.0,4,0.0,2,8.4
1,2,2,True,2,0.8710022616272615,1,0.1289977383727383,0,0.0,3,0.0,4,0.0,1,3.2
1,2,2,True,2,0.7684047619047618,6,0.23159523809523802,1,0.0,0,0.0,3,0.0,1,7.0
1,1,1,True,1,0.7428214285714284,3,0.22717857142857137,2,0.024166666666666666,4,0.005833333333333333,0,0.0,1,8.1
1,0,3,False,3,0.4939047619047619,4,0.2566785714285713,2,0.24941666666666662,1,0.0,0,0.0,5,5.5
1,3,3,True,3,0.7968333333333334,0,0.18816666666666662,4,0.015,1,0.0,2,0.0,1,43.4
1,1,1,True,1,0.7428214285714284,3,0.22717857142857137,2,0.024166666666666666,4,0.005833333333333333,0,0.0,1,8.1
1,3,3,True,3,0.9433333333333332,6,0.05666666666666667,1,0.0,0,0.0,2,0.0,1,72.0
1,1,3,False,3,0.42618720658426534,2,0.4208025177436943,0,0.15301027567204034,1,0.0,4,0.0,4,16.0
1,3,3,True,3,0.8358333333333334,0,0.14833333333333334,4,0.015833333333333335,1,0.0,2,0.0,1,39.5
1,3,3,True,3,0.8774098679098676,2,0.12259013209013203,1,0.0,0,0.0,4,0.0,1,13.4
1,3,0,False,0,0.59,3,0.41,1,0.0,2,0.0,4,0.0,2,39.8
1,3,3,True,3,0.6233333333333334,4,0.284,0,0.09266666666666667,1,0.0,2,0.0,1,38.7
1,3,0,False,0,0.4725,3,0.3875,2,0.07400000000000001,4,0.066,1,0.0,2,26.5
1,3,0,False,0,0.4725,3,0.3875,2,0.07400000000000001,4,0.066,1,0.0,2,26.7
1,4,4,True,4,0.5320238095238096,3,0.4479761904761904,0,0.02,1,0.0,2,0.0,1,57.0
1,4,4,True,4,0.4574047619047619,0,0.4275952380952381,2,0.08,6,0.033,3,0.002,1,35.4
1,2,2,True,2,0.64,4,0.209,3,0.15100000000000002,1,0.0,0,0.0,1,21.5
1,2,2,True,2,0.6152530525030525,1,0.1295242535242535,5,0.12891960816960812,6,0.12630308580308575,3,0.0,1,7.5
1,2,2,True,2,0.5821904761904761,4,0.21835714285714275,3,0.19945238095238094,1,0.0,0,0.0,1,5.8
1,2,2,True,2,0.4099999999999999,0,0.3973333333333333,3,0.17066666666666666,4,0.012,6,0.01,1,36.7
1,2,2,True,2,0.6188095238095239,0,0.31119047619047613,3,0.03766666666666667,4,0.03233333333333333,1,0.0,1,13.2
1,3,3,True,3,0.67,2,0.33,1,0.0,0,0.0,4,0.0,1,31.2
1,3,3,True,3,1.0,0,0.0,1,0.0,2,0.0,4,0.0,1,45.8
1,3,3,True,3,0.795,4,0.17799999999999996,1,0.017,2,0.01,0,0.0,1,18.9
1,3,2,False,2,0.7742658730158729,6,0.22573412698412693,1,0.0,0,0.0,3,0.0,5,9.4
1,2,1,False,1,0.68,2,0.32,0,0.0,3,0.0,4,0.0,2,7.9
1,3,3,True,3,0.6294833638583637,2,0.26180926018426015,4,0.10870737595737597,1,0.0,0,0.0,1,13.5
1,2,1,False,1,0.46363210834573065,2,0.3123279957916179,3,0.22403989586265122,0,0.0,4,0.0,2,17.5
1,1,2,False,2,0.5691780054133786,1,0.26570777122478445,4,0.11196379265558813,5,0.03192819027674544,3,0.014254757866166286,2,0.0
1,0,2,False,2,0.7684047619047618,6,0.23159523809523802,1,0.0,0,0.0,3,0.0,4,7.0
1,1,2,False,2,0.5691780054133786,1,0.26570777122478445,4,0.11196379265558813,5,0.03192819027674544,3,0.014254757866166286,2,0.0
1,0,2,False,2,0.7291666666666667,4,0.22,0,0.05083333333333333,1,0.0,3,0.0,3,22.4
1,4,2,False,2,0.5691780054133786,1,0.26570777122478445,4,0.11196379265558813,5,0.03192819027674544,3,0.014254757866166286,3,0.0
1,3,1,False,1,0.49,3,0.37,2,0.1,0,0.02,6,0.02,2,24.5
1,1,2,False,2,0.8710763680763677,5,0.1289236319236319,1,0.0,0,0.0,3,0.0,3,2.2
1,1,2,False,2,0.5691780054133786,1,0.26570777122478445,4,0.11196379265558813,5,0.03192819027674544,3,0.014254757866166286,2,0.0
1,4,2,False,2,0.5691780054133786,1,0.26570777122478445,4,0.11196379265558813,5,0.03192819027674544,3,0.014254757866166286,3,0.0
1,4,2,False,2,0.5691780054133786,1,0.26570777122478445,4,0.11196379265558813,5,0.03192819027674544,3,0.014254757866166286,3,0.0
1,2,2,True,2,0.7723008658008655,4,0.22769913419913418,1,0.0,0,0.0,3,0.0,1,5.0
1,2,2,True,2,0.8261825396825395,6,0.10857539682539682,3,0.06524206349206349,1,0.0,0,0.0,1,12.0
1,2,2,True,2,0.5062554112554112,6,0.25845779220779214,5,0.23528679653679652,0,0.0,3,0.0,1,9.2
1,2,2,True,2,0.6478809523809526,4,0.3521190476190478,1,0.0,0,0.0,3,0.0,1,10.8
1,2,1,False,1,0.581258103008103,2,0.418741896991897,0,0.0,3,0.0,4,0.0,2,18.1
1,2,2,True,2,0.8437053224553224,6,0.15629467754467752,1,0.0,0,0.0,3,0.0,1,7.4
1,2,2,True,2,0.8782142857142857,6,0.11749999999999998,1,0.004285714285714285,0,0.0,3,0.0,1,3.4
1,2,2,True,2,0.5691780054133786,1,0.26570777122478445,4,0.11196379265558813,5,0.03192819027674544,3,0.014254757866166286,1,0.0
1,2,2,True,2,0.5691780054133786,1,0.26570777122478445,4,0.11196379265558813,5,0.03192819027674544,3,0.014254757866166286,1,0.0
1,2,2,True,2,0.5691780054133786,1,0.26570777122478445,4,0.11196379265558813,5,0.03192819027674544,3,0.014254757866166286,1,0.0
1,2,2,True,2,0.5691780054133786,1,0.26570777122478445,4,0.11196379265558813,5,0.03192819027674544,3,0.014254757866166286,1,0.0
1,2,2,True,2,0.7684047619047618,6,0.23159523809523802,1,0.0,0,0.0,3,0.0,1,7.0
1,2,2,True,2,0.9799999999999999,4,0.02,1,0.0,0,0.0,3,0.0,1,6.2
1,2,2,True,2,0.99,4,0.01,1,0.0,0,0.0,3,0.0,1,5.2
1,2,2,True,2,1.0,0,0.0,1,0.0,3,0.0,4,0.0,1,5.3
1,2,2,True,2,0.5691780054133786,1,0.26570777122478445,4,0.11196379265558813,5,0.03192819027674544,3,0.014254757866166286,1,0.0
1,6,6,True,6,0.58,4,0.2841666666666667,0,0.13583333333333336,1,0.0,3,0.0,1,46.7
1,6,2,False,2,1.0,0,0.0,1,0.0,3,0.0,4,0.0,7,4.5
1,6,6,True,6,0.49129761904761904,2,0.26769444444444435,4,0.24100793650793648,0,0.0,3,0.0,1,4.3
1,6,2,False,2,0.5324047619047619,3,0.45259523809523805,4,0.015,1,0.0,0,0.0,7,21.6
1,2,2,True,2,0.7997686013034242,5,0.14933112963262038,1,0.05090026906395526,0,0.0,3,0.0,1,2.5
1,5,2,False,2,0.7997686013034242,5,0.14933112963262038,1,0.05090026906395526,0,0.0,3,0.0,2,2.5
1,2,2,True,2,0.8661635962077134,6,0.13383640379228612,1,0.0,0,0.0,3,0.0,1,6.6
1,2,3,False,3,0.8774098679098676,2,0.12259013209013203,1,0.0,0,0.0,4,0.0,2,13.4
1,2,4,False,4,0.5041666666666668,2,0.4758333333333333,6,0.015,3,0.005,0,0.0,2,12.3
1,2,2,True,2,0.5691780054133786,1,0.26570777122478445,4,0.11196379265558813,5,0.03192819027674544,3,0.014254757866166286,1,0.0
1,2,2,True,2,0.5691780054133786,1,0.26570777122478445,4,0.11196379265558813,5,0.03192819027674544,3,0.014254757866166286,1,0.0
1,2,2,True,2,0.5691780054133786,1,0.26570777122478445,4,0.11196379265558813,5,0.03192819027674544,3,0.014254757866166286,1,0.0
1,2,2,True,2,1.0,0,0.0,1,0.0,3,0.0,4,0.0,1,5.4
1,2,2,True,2,0.5931056998556997,0,0.22175793650793646,3,0.18513636363636357,1,0.0,4,0.0,1,14.6
1,2,2,True,2,0.5691780054133786,1,0.26570777122478445,4,0.11196379265558813,5,0.03192819027674544,3,0.014254757866166286,1,0.0
1,2,2,True,2,0.5691780054133786,1,0.26570777122478445,4,0.11196379265558813,5,0.03192819027674544,3,0.014254757866166286,1,0.0
1,6,2,False,2,0.9540714285714286,6,0.03592857142857143,0,0.01,1,0.0,3,0.0,2,20.1
1,2,2,True,2,0.7723008658008655,4,0.22769913419913418,1,0.0,0,0.0,3,0.0,1,5.0
1,2,2,True,2,0.7723008658008655,4,0.22769913419913418,1,0.0,0,0.0,3,0.0,1,5.0
1,2,2,True,2,0.5691780054133786,1,0.26570777122478445,4,0.11196379265558813,5,0.03192819027674544,3,0.014254757866166286,1,0.0
1,6,2,False,2,0.49675541125541123,6,0.25245779220779213,5,0.23528679653679652,3,0.0115,4,0.004,2,9.1
1,6,3,False,3,0.96,1,0.03333333333333333,4,0.006666666666666666,0,0.0,2,0.0,7,44.1
1,2,2,True,2,0.5691780054133786,1,0.26570777122478445,4,0.11196379265558813,5,0.03192819027674544,3,0.014254757866166286,1,0.0
1,2,2,True,2,0.5691780054133786,1,0.26570777122478445,4,0.11196379265558813,5,0.03192819027674544,3,0.014254757866166286,1,0.0
1,2,2,True,2,0.5691780054133786,1,0.26570777122478445,4,0.11196379265558813,5,0.03192819027674544,3,0.014254757866166286,1,0.0
1,2,4,False,4,0.3409880952380952,3,0.3354761904761904,2,0.32353571428571415,1,0.0,0,0.0,3,5.6
1,6,2,False,2,1.0,0,0.0,1,0.0,3,0.0,4,0.0,7,8.0
1,2,2,True,2,0.5691780054133786,1,0.26570777122478445,4,0.11196379265558813,5,0.03192819027674544,3,0.014254757866166286,1,0.0
1,2,4,False,4,0.5418333333333333,0,0.3881666666666666,3,0.07,1,0.0,2,0.0,5,43.2
1,2,2,True,2,0.5062554112554112,6,0.25845779220779214,5,0.23528679653679652,0,0.0,3,0.0,1,9.2
1,2,3,False,3,0.6294833638583637,2,0.26180926018426015,4,0.10870737595737597,1,0.0,0,0.0,2,13.5
2,0,0,True,0,0.76,2,0.22,6,0.02,1,0.0,3,0.0,1,47.0
2,3,4,False,4,0.62,2,0.38,1,0.0,0,0.0,3,0.0,5,12.6
2,2,2,True,2,0.6780476190476189,6,0.30973015873015863,3,0.012222222222222223,1,0.0,0,0.0,1,9.3
2,2,2,True,2,1.0,0,0.0,1,0.0,3,0.0,4,0.0,1,3.7
2,2,2,True,2,0.7805339105339106,6,0.20946608946608944,1,0.01,0,0.0,3,0.0,1,8.0
2,0,4,False,4,0.5703095238095238,3,0.3396904761904762,6,0.09,0,0.0,2,0.0,4,46.4
2,1,3,False,3,0.5380461760461762,0,0.3934523809523809,1,0.0264047619047619,2,0.02504834054834055,4,0.01704834054834055,3,14.0
2,3,3,True,3,0.6206799034299034,2,0.25387065712065704,4,0.12544943944943943,1,0.0,0,0.0,1,13.5
2,2,2,True,2,0.7740873015873017,4,0.2259126984126983,1,0.0,0,0.0,3,0.0,1,16.4
2,1,1,True,1,0.42806045261927594,2,0.29517467091731786,3,0.2767648764634058,0,0.0,4,0.0,1,17.4
2,1,2,False,2,0.5599390374285407,1,0.2720892265865298,4,0.11689480930656164,5,0.030124961618013466,3,0.01253138627122586,2,0.0
2,0,4,False,4,0.96,0,0.03,3,0.01,1,0.0,2,0.0,2,48.7
2,4,2,False,2,0.5599390374285407,1,0.2720892265865298,4,0.11689480930656164,5,0.030124961618013466,3,0.01253138627122586,3,0.0
2,4,0,False,0,0.805,3,0.17499999999999996,4,0.02,1,0.0,2,0.0,3,58.2
2,4,2,False,2,0.9710781718281719,4,0.02892182817182817,1,0.0,0,0.0,3,0.0,2,5.1
2,4,2,False,2,0.88,4,0.07749999999999999,1,0.0425,0,0.0,3,0.0,2,22.1
2,2,2,True,2,0.7170000000000001,0,0.1465,3,0.1125,6,0.019,4,0.005,1,21.0
2,2,3,False,3,0.57,2,0.3891666666666667,6,0.04083333333333333,1,0.0,0,0.0,2,19.2
2,2,2,True,2,1.0,0,0.0,1,0.0,3,0.0,4,0.0,1,5.3
2,2,3,False,3,0.6596547619047617,2,0.33701190476190473,1,0.003333333333333333,0,0.0,4,0.0,2,18.5
2,2,3,False,3,0.3694098124098123,2,0.3126410533910534,0,0.18050505050505047,1,0.13744408369408367,4,0.0,2,16.0
2,2,2,True,2,0.7826136930270089,5,0.16136297301918842,1,0.056023333953802386,0,0.0,3,0.0,1,2.5
2,2,1,False,1,0.6101047841047841,2,0.38989521589521575,0,0.0,3,0.0,4,0.0,2,18.4
2,2,2,True,2,0.5072738095238095,6,0.42599999999999993,4,0.049230158730158735,1,0.017496031746031745,3,0.0,1,8.8
2,2,2,True,2,0.8556759906759908,5,0.14355477855477855,1,0.0007692307692307692,0,0.0,3,0.0,1,2.6
2,1,2,False,2,0.5599390374285407,1,0.2720892265865298,4,0.11689480930656164,5,0.030124961618013466,3,0.01253138627122586,2,0.0
2,3,4,False,4,0.91,0,0.09,2,0.0,1,0.0,3,0.0,5,56.9
2,1,2,False,2,0.5599390374285407,1,0.2720892265865298,4,0.11689480930656164,5,0.030124961618013466,3,0.01253138627122586,2,0.0
2,1,2,False,2,0.8195010822510821,1,0.18049891774891777,0,0.0,3,0.0,4,0.0,2,3.6
2,0,4,False,4,0.87,1,0.1,6,0.03,0,0.0,3,0.0,4,45.4
2,1,4,False,4,0.64,3,0.27699999999999997,2,0.083,1,0.0,0,0.0,4,17.1
2,0,4,False,4,0.88,2,0.07,0,0.045,6,0.005,3,0.0,3,35.4
2,1,0,False,0,0.68,2,0.24349999999999994,3,0.07649999999999998,1,0.0,4,0.0,4,24.9
2,1,4,False,4,0.9,3,0.08,0,0.02,1,0.0,2,0.0,4,28.1
2,2,2,True,2,0.7826136930270089,5,0.16136297301918842,1,0.056023333953802386,0,0.0,3,0.0,1,2.5
2,2,2,True,2,0.5599390374285407,1,0.2720892265865298,4,0.11689480930656164,5,0.030124961618013466,3,0.01253138627122586,1,0.0
2,3,0,False,0,0.96,3,0.04,1,0.0,2,0.0,4,0.0,2,40.1
2,3,2,False,2,0.97,4,0.02,1,0.005,0,0.005,3,0.0,5,12.8
2,3,2,False,2,0.5599390374285407,1,0.2720892265865298,4,0.11689480930656164,5,0.030124961618013466,3,0.01253138627122586,5,0.0
2,3,4,False,4,0.91,0,0.09,2,0.0,1,0.0,3,0.0,5,56.9
2,3,4,False,4,0.63,2,0.205,1,0.125,3,0.04,0,0.0,4,18.8
2,3,3,True,3,0.5380461760461762,0,0.3934523809523809,1,0.0264047619047619,2,0.02504834054834055,4,0.01704834054834055,1,14.0
2,0,0,True,0,0.8675,3,0.13249999999999998,1,0.0,2,0.0,4,0.0,1,40.3
2,3,0,False,0,0.9575,3,0.0425,1,0.0,2,0.0,4,0.0,2,40.2
2,2,2,True,2,1.0,0,0.0,1,0.0,3,0.0,4,0.0,1,11.0
2,2,4,False,4,0.62,2,0.38,1,0.0,0,0.0,3,0.0,2,12.7
2,0,0,True,0,0.4157557165057164,4,0.39031718281718286,3,0.19392710067710056,1,0.0,2,0.0,1,36.0
2,4,3,False,3,0.5008809523809523,6,0.4386190476190477,0,0.0565,2,0.002,4,0.002,5,29.6
2,4,6,False,6,0.62,4,0.29,0,0.09,1,0.0,3,0.0,2,57.4
2,4,6,False,6,0.3405833333333333,4,0.32313888888888875,3,0.30211111111111105,2,0.034166666666666665,0,0.0,2,12.2
2,4,2,False,2,0.5599390374285407,1,0.2720892265865298,4,0.11689480930656164,5,0.030124961618013466,3,0.01253138627122586,3,0.0
2,4,3,False,3,0.7170833333333334,0,0.2683333333333333,6,0.014583333333333332,1,0.0,2,0.0,6,30.0
2,1,2,False,2,0.5599390374285407,1,0.2720892265865298,4,0.11689480930656164,5,0.030124961618013466,3,0.01253138627122586,2,0.0
2,0,1,False,1,0.7530191197691195,2,0.24698088023088016,0,0.0,3,0.0,4,0.0,3,18.2
2,0,3,False,3,0.6814358974358976,2,0.30487179487179483,1,0.013692307692307693,0,0.0,4,0.0,4,17.2
2,4,1,False,1,0.63,2,0.24,6,0.13,0,0.0,3,0.0,6,16.7
2,4,2,False,2,0.6638333333333333,6,0.29616666666666663,3,0.015,1,0.015,4,0.01,5,19.1
2,4,4,True,4,0.91,0,0.09,2,0.0,1,0.0,3,0.0,1,56.9
2,2,2,True,2,0.6538809523809523,4,0.3371190476190476,3,0.009000000000000001,1,0.0,0,0.0,1,21.2
2,2,2,True,2,0.8261930014430011,6,0.17380699855699852,1,0.0,0,0.0,3,0.0,1,7.2
2,2,2,True,2,1.0,0,0.0,1,0.0,3,0.0,4,0.0,1,6.9
2,2,2,True,2,0.8556759906759908,5,0.14355477855477855,1,0.0007692307692307692,0,0.0,3,0.0,1,2.6
2,2,3,False,3,0.6206799034299034,2,0.25387065712065704,4,0.12544943944943943,1,0.0,0,0.0,2,13.5
2,2,2,True,2,0.5599390374285407,1,0.2720892265865298,4,0.11689480930656164,5,0.030124961618013466,3,0.01253138627122586,1,0.0
2,2,2,True,2,1.0,0,0.0,1,0.0,3,0.0,4,0.0,1,6.6
2,2,1,False,1,0.42806045261927594,2,0.29517467091731786,3,0.2767648764634058,0,0.0,4,0.0,2,17.4
2,2,2,True,2,0.5244563492063492,6,0.23974999999999994,3,0.23579365079365072,1,0.0,0,0.0,1,4.1
2,2,2,True,2,0.5599390374285407,1,0.2720892265865298,4,0.11689480930656164,5,0.030124961618013466,3,0.01253138627122586,1,0.0
2,3,3,True,3,0.84,0,0.12,4,0.03,6,0.01,2,0.0,1,83.0
2,3,0,False,0,0.68,3,0.32,1,0.0,2,0.0,4,0.0,2,37.4
2,3,3,True,3,0.3694098124098123,2,0.3126410533910534,0,0.18050505050505047,1,0.13744408369408367,4,0.0,1,16.0
2,3,3,True,3,0.8830357142857143,0,0.1,2,0.010357142857142856,4,0.006607142857142857,1,0.0,1,13.6
2,1,2,False,2,0.5599390374285407,1,0.2720892265865298,4,0.11689480930656164,5,0.030124961618013466,3,0.01253138627122586,2,0.0
2,3,1,False,1,1.0,0,0.0,2,0.0,3,0.0,4,0.0,4,8.1
2,3,2,False,2,0.7316666666666666,3,0.26833333333333337,1,0.0,0,0.0,4,0.0,2,19.3
2,4,6,False,6,0.95,2,0.04,1,0.01,0,0.0,3,0.0,6,16.6
2,4,2,False,2,0.8,6,0.10300000000000001,0,0.09699999999999999,1,0.0,3,0.0,6,20.6
2,4,3,False,3,0.65,0,0.35,1,0.0,2,0.0,4,0.0,5,50.1
2,6,1,False,1,0.35430952380952374,6,0.33009523809523805,4,0.3122619047619047,2,0.003333333333333333,3,0.0,2,17.7
2,6,2,False,2,0.9975,1,0.0025,0,0.0,3,0.0,4,0.0,7,3.5
2,2,2,True,2,0.5599390374285407,1,0.2720892265865298,4,0.11689480930656164,5,0.030124961618013466,3,0.01253138627122586,1,0.0
2,2,3,False,3,0.47766666666666674,4,0.452095238095238,2,0.04054761904761905,1,0.023023809523809523,6,0.006666666666666666,3,9.0
2,3,0,False,0,0.61,4,0.37,3,0.02,1,0.0,2,0.0,3,63.3
2,2,2,True,2,0.99,3,0.01,1,0.0,0,0.0,4,0.0,1,8.5
2,5,2,False,2,0.7826136930270089,5,0.16136297301918842,1,0.056023333953802386,0,0.0,3,0.0,2,2.5
2,2,2,True,2,0.5599390374285407,1,0.2720892265865298,4,0.11689480930656164,5,0.030124961618013466,3,0.01253138627122586,1,0.0
2,5,2,False,2,0.5599390374285407,1,0.2720892265865298,4,0.11689480930656164,5,0.030124961618013466,3,0.01253138627122586,4,0.0
2,3,1,False,1,0.63,2,0.24,6,0.13,0,0.0,3,0.0,5,16.7
2,3,3,True,3,0.84,2,0.07833333333333332,4,0.04675,0,0.034916666666666665,1,0.0,1,42.9
2,3,4,False,4,0.4771666666666667,0,0.3928333333333333,3,0.13,1,0.0,2,0.0,3,33.0
2,0,3,False,3,0.76,0,0.2,4,0.04,1,0.0,2,0.0,2,27.6
2,1,2,False,2,0.5599390374285407,1,0.2720892265865298,4,0.11689480930656164,5,0.030124961618013466,3,0.01253138627122586,2,0.0
2,0,0,True,0,0.4157557165057164,4,0.39031718281718286,3,0.19392710067710056,1,0.0,2,0.0,1,35.9
2,2,2,True,2,0.6327918470418471,0,0.2061753246753247,3,0.15674711399711394,4,0.002857142857142857,6,0.0014285714285714286,1,14.6
2,1,1,True,1,0.7338058469308467,2,0.13884124209124202,3,0.12735291097791093,0,0.0,4,0.0,1,17.3
2,1,2,False,2,0.5599390374285407,1,0.2720892265865298,4,0.11689480930656164,5,0.030124961618013466,3,0.01253138627122586,2,0.0
2,4,2,False,2,0.8897142857142858,4,0.11028571428571426,1,0.0,0,0.0,3,0.0,2,8.6
2,3,0,False,0,0.85,3,0.15,1,0.0,2,0.0,4,0.0,2,46.1
2,0,4,False,4,0.87,1,0.1,3,0.03,0,0.0,2,0.0,4,45.5
2,0,4,False,4,0.5253174603174602,2,0.47468253968253976,1,0.0,0,0.0,3,0.0,4,15.8
2,4,2,False,2,0.5599390374285407,1,0.2720892265865298,4,0.11689480930656164,5,0.030124961618013466,3,0.01253138627122586,3,0.0
2,2,2,True,2,0.7826136930270089,5,0.16136297301918842,1,0.056023333953802386,0,0.0,3,0.0,1,2.5
2,2,2,True,2,1.0,0,0.0,1,0.0,3,0.0,4,0.0,1,5.4
2,2,2,True,2,0.7131009268509267,6,0.1493134643134643,3,0.1375856088356088,1,0.0,0,0.0,1,7.1
2,2,2,True,2,0.5244563492063492,6,0.23974999999999994,3,0.23579365079365072,1,0.0,0,0.0,1,4.0
2,2,2,True,2,0.5599390374285407,1,0.2720892265865298,4,0.11689480930656164,5,0.030124961618013466,3,0.01253138627122586,1,0.0
2,2,2,True,2,0.5599390374285407,1,0.2720892265865298,4,0.11689480930656164,5,0.030124961618013466,3,0.01253138627122586,1,0.0
2,2,2,True,2,0.5223333333333333,3,0.42933333333333334,4,0.04833333333333333,1,0.0,0,0.0,1,6.4
2,2,2,True,2,0.5599390374285407,1,0.2720892265865298,4,0.11689480930656164,5,0.030124961618013466,3,0.01253138627122586,1,0.0
2,2,2,True,2,0.5599390374285407,1,0.2720892265865298,4,0.11689480930656164,5,0.030124961618013466,3,0.01253138627122586,1,0.0
2,2,2,True,2,0.5599390374285407,1,0.2720892265865298,4,0.11689480930656164,5,0.030124961618013466,3,0.01253138627122586,1,0.0
2,6,6,True,6,0.4866666666666667,3,0.44566666666666654,0,0.06766666666666667,1,0.0,2,0.0,1,35.1
2,2,2,True,2,0.5599390374285407,1,0.2720892265865298,4,0.11689480930656164,5,0.030124961618013466,3,0.01253138627122586,1,0.0
2,2,2,True,2,0.5599390374285407,1,0.2720892265865298,4,0.11689480930656164,5,0.030124961618013466,3,0.01253138627122586,1,0.0
2,2,2,True,2,0.5599390374285407,1,0.2720892265865298,4,0.11689480930656164,5,0.030124961618013466,3,0.01253138627122586,1,0.0
2,2,2,True,2,0.5599390374285407,1,0.2720892265865298,4,0.11689480930656164,5,0.030124961618013466,3,0.01253138627122586,1,0.0
2,6,2,False,2,1.0,0,0.0,1,0.0,3,0.0,4,0.0,7,6.8
2,2,2,True,2,0.5599390374285407,1,0.2720892265865298,4,0.11689480930656164,5,0.030124961618013466,3,0.01253138627122586,1,0.0
2,2,2,True,2,0.7826136930270089,5,0.16136297301918842,1,0.056023333953802386,0,0.0,3,0.0,1,2.5
2,2,2,True,2,1.0,0,0.0,1,0.0,3,0.0,4,0.0,1,5.2
2,2,2,True,2,0.5599390374285407,1,0.2720892265865298,4,0.11689480930656164,5,0.030124961618013466,3,0.01253138627122586,1,0.0
2,2,2,True,2,0.5599390374285407,1,0.2720892265865298,4,0.11689480930656164,5,0.030124961618013466,3,0.01253138627122586,1,0.0
2,2,2,True,2,0.9163705235701463,5,0.08362947642985329,1,0.0,0,0.0,3,0.0,1,2.9
2,2,2,True,2,0.763611111111111,6,0.2363888888888888,1,0.0,0,0.0,3,0.0,1,4.5
2,2,2,True,2,0.763611111111111,6,0.2363888888888888,1,0.0,0,0.0,3,0.0,1,4.5
2,2,2,True,2,0.5599390374285407,1,0.2720892265865298,4,0.11689480930656164,5,0.030124961618013466,3,0.01253138627122586,1,0.0
2,2,2,True,2,1.0,0,0.0,1,0.0,3,0.0,4,0.0,1,6.8
2,2,2,True,2,0.6614761904761903,6,0.3018571428571428,1,0.03666666666666667,0,0.0,3,0.0,1,18.0
2,2,6,False,6,0.5008351370851369,2,0.49916486291486306,1,0.0,0,0.0,3,0.0,2,6.7
2,2,2,True,2,0.5599390374285407,1,0.2720892265865298,4,0.11689480930656164,5,0.030124961618013466,3,0.01253138627122586,1,0.0
2,6,4,False,4,0.7355710678210677,0,0.23442893217893215,3,0.021666666666666664,6,0.008333333333333333,2,0.0,4,35.0
2,2,2,True,2,1.0,0,0.0,1,0.0,3,0.0,4,0.0,1,3.1
2,2,2,True,2,0.5599390374285407,1,0.2720892265865298,4,0.11689480930656164,5,0.030124961618013466,3,0.01253138627122586,1,0.0
2,6,2,False,2,0.67,4,0.21133333333333332,1,0.11866666666666666,0,0.0,3,0.0,7,21.9
2,6,2,False,2,1.0,0,0.0,1,0.0,3,0.0,4,0.0,7,6.6
2,6,6,True,6,0.5008351370851369,2,0.49916486291486306,1,0.0,0,0.0,3,0.0,1,6.7
2,2,2,True,2,0.5599390374285407,1,0.2720892265865298,4,0.11689480930656164,5,0.030124961618013466,3,0.01253138627122586,1,0.0
2,2,2,True,2,0.763611111111111,6,0.2363888888888888,1,0.0,0,0.0,3,0.0,1,4.5
2,2,2,True,2,0.5599390374285407,1,0.2720892265865298,4,0.11689480930656164,5,0.030124961618013466,3,0.01253138627122586,1,0.0
2,2,2,True,2,0.5599390374285407,1,0.2720892265865298,4,0.11689480930656164,5,0.030124961618013466,3,0.01253138627122586,1,0.0
3,0,3,False,3,0.3604761904761904,2,0.31905952380952374,4,0.31513095238095234,6,0.005333333333333333,0,0.0,5,20.3
3,3,4,False,4,0.4643333333333334,0,0.4156666666666667,3,0.08,1,0.04,2,0.0,3,52.5
3,3,2,False,2,0.9383333333333335,3,0.06166666666666666,1,0.0,0,0.0,4,0.0,2,10.3
3,0,3,False,3,0.99,0,0.01,1,0.0,2,0.0,4,0.0,2,39.7
3,3,4,False,4,0.6966666666666668,2,0.3,3,0.003333333333333333,1,0.0,0,0.0,3,21.3
3,2,6,False,6,0.6170714285714284,5,0.33292857142857135,2,0.03666666666666667,4,0.01,3,0.003333333333333333,3,9.1
3,3,2,False,2,0.8968571428571428,3,0.10314285714285715,1,0.0,0,0.0,4,0.0,2,19.4
3,3,1,False,1,1.0,0,0.0,2,0.0,3,0.0,4,0.0,4,17.3
3,4,2,False,2,0.565179949135151,1,0.26818027461645694,4,0.12321885599392392,5,0.02646232840590597,3,0.013543730633516096,3,0.0
3,0,3,False,3,0.5465,6,0.4434999999999999,4,0.006666666666666666,0,0.003333333333333333,2,0.0,4,33.3
3,0,2,False,2,0.8240000000000001,6,0.14,3,0.036000000000000004,1,0.0,0,0.0,5,19.5
3,1,0,False,0,0.33945238095238084,2,0.3343809523809524,1,0.3261666666666666,3,0.0,4,0.0,3,18.2
3,4,2,False,2,0.5007380952380952,1,0.4410476190476191,6,0.05071428571428571,3,0.005,4,0.0025,5,8.9
3,3,4,False,4,0.86,1,0.08,3,0.06,0,0.0,2,0.0,3,51.8
3,3,4,False,4,0.69,0,0.23,3,0.08,1,0.0,2,0.0,3,64.3
3,1,2,False,2,0.6523712121212119,1,0.34762878787878776,0,0.0,3,0.0,4,0.0,2,18.1
3,3,0,False,0,0.7,3,0.2966666666666667,4,0.003333333333333333,1,0.0,2,0.0,2,53.5
3,3,3,True,3,0.9102857142857143,6,0.08971428571428572,1,0.0,0,0.0,2,0.0,1,71.9
3,4,4,True,4,0.67,2,0.29,0,0.04,1,0.0,3,0.0,1,25.4
3,4,0,False,0,0.67,4,0.31,3,0.02,1,0.0,2,0.0,2,64.7
3,4,1,False,1,0.64,3,0.20295238095238097,2,0.08186904761904763,0,0.07517857142857143,4,0.0,5,17.1
3,2,2,True,2,0.7336280477034822,5,0.20539930922041552,1,0.060972643076102465,0,0.0,3,0.0,1,2.5
3,2,6,False,6,0.6170714285714284,5,0.33292857142857135,2,0.03666666666666667,4,0.01,3,0.003333333333333333,3,9.1
3,2,4,False,4,0.6966666666666668,2,0.3,3,0.003333333333333333,1,0.0,0,0.0,2,21.3
3,2,2,True,2,1.0,0,0.0,1,0.0,3,0.0,4,0.0,1,5.4
3,2,2,True,2,0.5374588467088469,5,0.3305450105450104,1,0.13199614274614274,0,0.0,3,0.0,1,2.4
3,2,6,False,6,0.64,2,0.36,1,0.0,0,0.0,3,0.0,2,11.9
3,2,2,True,2,0.99,3,0.01,1,0.0,0,0.0,4,0.0,1,11.3
3,2,2,True,2,0.5834999999999999,3,0.41650000000000004,1,0.0,0,0.0,4,0.0,1,10.4
3,2,2,True,2,0.9438571428571428,6,0.02301190476190476,1,0.01785714285714286,5,0.015273809523809523,3,0.0,1,7.6
3,1,2,False,2,0.7606309523809522,1,0.2393690476190476,0,0.0,3,0.0,4,0.0,2,18.4
3,3,3,True,3,0.8266666666666665,0,0.17333333333333337,1,0.0,2,0.0,4,0.0,1,37.9
3,1,0,False,0,0.33945238095238084,2,0.3343809523809524,1,0.3261666666666666,3,0.0,4,0.0,3,18.2
3,1,2,False,2,0.7606309523809522,1,0.2393690476190476,0,0.0,3,0.0,4,0.0,2,18.4
3,3,0,False,0,0.75,3,0.15583333333333332,4,0.09416666666666668,1,0.0,2,0.0,2,40.5
3,1,2,False,2,0.565179949135151,1,0.26818027461645694,4,0.12321885599392392,5,0.02646232840590597,3,0.013543730633516096,2,0.0
3,0,2,False,2,0.5799166666666669,3,0.34258333333333335,1,0.0775,0,0.0,4,0.0,4,24.8
3,3,0,False,0,0.6657500000000001,3,0.2,4,0.09275,1,0.035,2,0.0032500000000000003,2,28.5
3,2,2,True,2,0.8706428571428572,1,0.1215,6,0.007857142857142856,0,0.0,3,0.0,1,7.8
3,3,3,True,3,0.5715126262626261,1,0.16453174603174603,4,0.14106421356421353,2,0.12289141414141412,0,0.0,1,13.9
3,0,4,False,4,0.6110714285714285,0,0.3549285714285714,2,0.03,6,0.004,3,0.0,2,35.6
3,3,6,False,6,0.64,2,0.36,1,0.0,0,0.0,3,0.0,5,11.9
3,0,4,False,4,0.4682619047619049,6,0.44257142857142845,0,0.07666666666666666,3,0.0125,2,0.0,3,54.8
3,2,4,False,4,0.48969047619047623,2,0.4003095238095238,1,0.09001190476190477,3,0.019988095238095235,0,0.0,2,8.2
3,0,0,True,0,0.74,3,0.25,4,0.01,1,0.0,2,0.0,1,27.3
3,2,2,True,2,0.4808095238095239,3,0.4760238095238094,6,0.043166666666666666,1,0.0,0,0.0,1,10.2
3,0,2,False,2,0.9470000000000001,4,0.04300000000000001,0,0.01,1,0.0,3,0.0,3,22.2
3,1,2,False,2,0.92,0,0.08,1,0.0,3,0.0,4,0.0,3,15.2
3,4,2,False,2,0.94,4,0.05,3,0.01,1,0.0,0,0.0,2,21.2
3,4,6,False,6,0.82,3,0.08166666666666667,4,0.07833333333333334,0,0.02,2,0.0,3,32.1
3,4,4,True,4,0.6233095238095236,0,0.3066904761904762,6,0.07,1,0.0,3,0.0,1,34.9
3,0,3,False,3,0.6612261904761904,4,0.3337738095238095,0,0.005,1,0.0,2,0.0,3,39.2
3,4,1,False,1,0.45474789915966396,6,0.385,3,0.06908887191240132,2,0.05908467023172905,0,0.03207855869620575,6,16.1
3,2,4,False,4,0.4745833333333334,2,0.27056959706959705,0,0.2422097069597069,3,0.009670329670329669,1,0.0029670329670329672,2,15.9
3,3,2,False,2,0.8203333333333334,3,0.15516666666666667,1,0.0245,0,0.0,4,0.0,2,10.5
3,1,2,False,2,0.565179949135151,1,0.26818027461645694,4,0.12321885599392392,5,0.02646232840590597,3,0.013543730633516096,2,0.0
3,2,2,True,2,0.565179949135151,1,0.26818027461645694,4,0.12321885599392392,5,0.02646232840590597,3,0.013543730633516096,1,0.0
3,3,4,False,4,0.4948333333333334,6,0.49016666666666664,2,0.015,0,0.0,3,0.0,5,12.1
3,3,3,True,3,0.790023351648351,2,0.20997664835164825,1,0.0,0,0.0,4,0.0,1,13.4
3,4,2,False,2,1.0,0,0.0,1,0.0,3,0.0,4,0.0,5,5.0
3,4,2,False,2,0.7553777056277052,3,0.24462229437229435,1,0.0,0,0.0,4,0.0,5,5.8
3,2,2,True,2,0.8141053391053391,6,0.18589466089466083,1,0.0,0,0.0,3,0.0,1,7.4
3,2,3,False,3,0.7172619047619047,2,0.26843650793650786,1,0.008468253968253969,4,0.005833333333333333,0,0.0,2,13.8
3,2,2,True,2,0.7553777056277052,3,0.24462229437229435,1,0.0,0,0.0,4,0.0,1,5.8
3,2,2,True,2,0.565179949135151,1,0.26818027461645694,4,0.12321885599392392,5,0.02646232840590597,3,0.013543730633516096,1,0.0
3,3,2,False,2,0.8034960317460315,4,0.1965039682539682,1,0.0,0,0.0,3,0.0,5,9.8
3,2,2,True,2,0.565179949135151,1,0.26818027461645694,4,0.12321885599392392,5,0.02646232840590597,3,0.013543730633516096,1,0.0
3,3,3,True,3,0.63,2,0.37,1,0.0,0,0.0,4,0.0,1,11.2
3,5,2,False,2,0.565179949135151,1,0.26818027461645694,4,0.12321885599392392,5,0.02646232840590597,3,0.013543730633516096,4,0.0
3,2,2,True,2,0.9184513307469959,5,0.0815486692530036,1,0.0,0,0.0,3,0.0,1,2.9
3,2,1,False,1,0.4437499999999999,2,0.41625000000000006,4,0.07083333333333333,3,0.06916666666666665,0,0.0,2,18.7
3,2,2,True,2,0.7336280477034822,5,0.20539930922041552,1,0.060972643076102465,0,0.0,3,0.0,1,2.5
3,2,2,True,2,0.9184513307469959,5,0.0815486692530036,1,0.0,0,0.0,3,0.0,1,2.9
3,0,0,True,0,0.98,4,0.02,2,0.0,1,0.0,3,0.0,1,34.2
3,1,2,False,2,0.565179949135151,1,0.26818027461645694,4,0.12321885599392392,5,0.02646232840590597,3,0.013543730633516096,2,0.0
3,2,2,True,2,0.2843214285714285,4,0.2646904761904761,3,0.23103571428571432,6,0.21995238095238093,0,0.0,1,14.7
3,3,3,True,3,0.6741547619047619,6,0.305845238095238,1,0.015,4,0.005,2,0.0,1,44.1
3,2,2,True,2,0.8240000000000001,6,0.14,3,0.036000000000000004,1,0.0,0,0.0,1,19.5
3,2,2,True,2,0.565179949135151,1,0.26818027461645694,4,0.12321885599392392,5,0.02646232840590597,3,0.013543730633516096,1,0.0
3,2,2,True,2,0.565179949135151,1,0.26818027461645694,4,0.12321885599392392,5,0.02646232840590597,3,0.013543730633516096,1,0.0
3,2,2,True,2,0.8203333333333334,3,0.15516666666666667,1,0.0245,0,0.0,4,0.0,1,10.5
3,0,2,False,2,0.9866666666666667,6,0.01,3,0.003333333333333333,1,0.0,0,0.0,5,11.7
3,3,2,False,2,0.7718235930735929,0,0.22817640692640698,1,0.0,3,0.0,4,0.0,4,14.6
3,2,2,True,2,1.0,0,0.0,1,0.0,3,0.0,4,0.0,1,3.7
3,0,0,True,0,0.7591071428571428,4,0.2331428571428572,3,0.00775,1,0.0,2,0.0,1,35.7
3,1,2,False,2,0.565179949135151,1,0.26818027461645694,4,0.12321885599392392,5,0.02646232840590597,3,0.013543730633516096,2,0.0
3,1,1,True,1,1.0,0,0.0,2,0.0,3,0.0,4,0.0,1,17.3
3,4,4,True,4,0.5498333333333334,3,0.3701666666666668,2,0.08,1,0.0,0,0.0,1,21.4
3,1,2,False,2,0.565179949135151,1,0.26818027461645694,4,0.12321885599392392,5,0.02646232840590597,3,0.013543730633516096,2,0.0
3,4,2,False,2,0.6593571428571429,3,0.22,4,0.07786904761904762,0,0.04277380952380952,1,0.0,3,15.7
3,1,2,False,2,0.565179949135151,1,0.26818027461645694,4,0.12321885599392392,5,0.02646232840590597,3,0.013543730633516096,2,0.0
3,1,2,False,2,0.565179949135151,1,0.26818027461645694,4,0.12321885599392392,5,0.02646232840590597,3,0.013543730633516096,2,0.0
3,4,3,False,3,0.58,0,0.39,2,0.02,4,0.01,1,0.0,4,47.8
3,4,2,False,2,0.565179949135151,1,0.26818027461645694,4,0.12321885599392392,5,0.02646232840590597,3,0.013543730633516096,3,0.0
3,4,3,False,3,0.6716666666666665,2,0.21707142857142858,0,0.10792857142857143,4,0.003333333333333333,1,0.0,4,36.4
3,4,0,False,0,0.6480952380952381,3,0.18993253968253965,4,0.16197222222222218,1,0.0,2,0.0,3,36.0
3,2,2,True,2,0.565179949135151,1,0.26818027461645694,4,0.12321885599392392,5,0.02646232840590597,3,0.013543730633516096,1,0.0
3,2,2,True,2,0.6075327727827728,5,0.131780747030747,6,0.13034770784770783,1,0.13033877233877228,3,0.0,1,7.5
3,2,2,True,2,0.7336280477034822,5,0.20539930922041552,1,0.060972643076102465,0,0.0,3,0.0,1,2.5
3,5,2,False,2,0.565179949135151,1,0.26818027461645694,4,0.12321885599392392,5,0.02646232840590597,3,0.013543730633516096,4,0.0
3,2,2,True,2,0.7738246753246752,1,0.22617532467532458,0,0.0,3,0.0,4,0.0,1,2.0
3,2,2,True,2,0.862705433455433,1,0.13729456654456654,0,0.0,3,0.0,4,0.0,1,3.2
3,2,2,True,2,0.565179949135151,1,0.26818027461645694,4,0.12321885599392392,5,0.02646232840590597,3,0.013543730633516096,1,0.0
3,2,2,True,2,0.565179949135151,1,0.26818027461645694,4,0.12321885599392392,5,0.02646232840590597,3,0.013543730633516096,1,0.0
3,2,2,True,2,0.565179949135151,1,0.26818027461645694,4,0.12321885599392392,5,0.02646232840590597,3,0.013543730633516096,1,0.0
3,2,2,True,2,0.8533549783549782,6,0.14664502164502163,1,0.0,0,0.0,3,0.0,1,6.6
3,2,2,True,2,0.765810037185037,0,0.11803815628815625,6,0.1161518065268065,1,0.0,3,0.0,1,7.0
3,2,2,True,2,0.565179949135151,1,0.26818027461645694,4,0.12321885599392392,5,0.02646232840590597,3,0.013543730633516096,1,0.0
3,2,2,True,2,0.565179949135151,1,0.26818027461645694,4,0.12321885599392392,5,0.02646232840590597,3,0.013543730633516096,1,0.0
3,2,2,True,2,0.565179949135151,1,0.26818027461645694,4,0.12321885599392392,5,0.02646232840590597,3,0.013543730633516096,1,0.0
3,6,2,False,2,0.565179949135151,1,0.26818027461645694,4,0.12321885599392392,5,0.02646232840590597,3,0.013543730633516096,6,0.0
3,2,2,True,2,0.8059498556998557,6,0.1926215728715728,3,0.0014285714285714286,1,0.0,0,0.0,1,7.2
3,2,2,True,2,0.565179949135151,1,0.26818027461645694,4,0.12321885599392392,5,0.02646232840590597,3,0.013543730633516096,1,0.0
3,6,6,True,6,0.69,3,0.31,1,0.0,0,0.0,2,0.0,1,86.9
3,2,2,True,2,0.7259004329004328,3,0.14721492396492392,6,0.12688464313464307,1,0.0,0,0.0,1,7.1
3,2,2,True,2,0.565179949135151,1,0.26818027461645694,4,0.12321885599392392,5,0.02646232840590597,3,0.013543730633516096,1,0.0
3,2,2,True,2,0.565179949135151,1,0.26818027461645694,4,0.12321885599392392,5,0.02646232840590597,3,0.013543730633516096,1,0.0
3,2,2,True,2,0.565179949135151,1,0.26818027461645694,4,0.12321885599392392,5,0.02646232840590597,3,0.013543730633516096,1,0.0
3,2,2,True,2,0.5007380952380952,1,0.4410476190476191,6,0.05071428571428571,3,0.005,4,0.0025,1,8.9
3,2,2,True,2,0.5007380952380952,1,0.4410476190476191,6,0.05071428571428571,3,0.005,4,0.0025,1,8.9
3,6,3,False,3,0.8568333333333333,0,0.13316666666666668,6,0.01,1,0.0,2,0.0,3,31.7
3,6,6,True,6,0.5808095238095237,4,0.34502380952380945,2,0.04,3,0.018333333333333333,1,0.01583333333333333,1,16.6
3,6,2,False,2,0.6804285714285713,4,0.2812380952380951,3,0.01933333333333333,1,0.019,0,0.0,7,19.1
3,2,2,True,2,1.0,0,0.0,1,0.0,3,0.0,4,0.0,1,4.9
3,2,2,True,2,0.565179949135151,1,0.26818027461645694,4,0.12321885599392392,5,0.02646232840590597,3,0.013543730633516096,1,0.0
3,6,4,False,4,0.8849523809523813,2,0.11004761904761906,0,0.005,1,0.0,3,0.0,7,61.3
3,2,2,True,2,0.565179949135151,1,0.26818027461645694,4,0.12321885599392392,5,0.02646232840590597,3,0.013543730633516096,1,0.0
3,2,2,True,2,0.5834999999999999,3,0.41650000000000004,1,0.0,0,0.0,4,0.0,1,10.4
3,2,2,True,2,0.565179949135151,1,0.26818027461645694,4,0.12321885599392392,5,0.02646232840590597,3,0.013543730633516096,1,0.0
3,6,3,False,3,0.5203333333333334,0,0.4796666666666667,1,0.0,2,0.0,4,0.0,7,37.0
3,6,2,False,2,0.63,4,0.13808333333333334,3,0.13225,1,0.08966666666666667,6,0.01,5,16.9
3,2,6,False,6,0.64,2,0.36,1,0.0,0,0.0,3,0.0,2,11.9
3,2,4,False,4,0.4745833333333334,2,0.2854047619047619,0,0.2400119047619047,1,0.0,3,0.0,2,15.8
3,2,2,True,2,0.8141053391053391,6,0.18589466089466083,1,0.0,0,0.0,3,0.0,1,7.4
3,2,4,False,4,0.48969047619047623,2,0.4003095238095238,1,0.09001190476190477,3,0.019988095238095235,0,0.0,2,8.2
3,2,2,True,2,1.0,0,0.0,1,0.0,3,0.0,4,0.0,1,5.4
3,2,2,True,2,0.565179949135151,1,0.26818027461645694,4,0.12321885599392392,5,0.02646232840590597,3,0.013543730633516096,1,0.0
3,2,2,True,2,0.9438571428571428,6,0.02301190476190476,1,0.01785714285714286,5,0.015273809523809523,3,0.0,1,7.6
3,2,4,False,4,0.65,2,0.2525901875901876,0,0.0974098124098124,1,0.0,3,0.0,2,14.5
3,2,1,False,1,1.0,0,0.0,2,0.0,3,0.0,4,0.0,3,17.3
4,3,3,True,3,0.93,0,0.06,4,0.01,1,0.0,2,0.0,1,45.8
4,0,2,False,2,0.7849325396825398,3,0.20906746031746024,6,0.006,1,0.0,0,0.0,5,14.6
4,0,2,False,2,0.77,3,0.2075,0,0.0225,1,0.0,4,0.0,3,36.7
4,2,2,True,2,0.8423832556332556,1,0.1576167443667444,0,0.0,3,0.0,4,0.0,1,3.2
4,2,2,True,2,0.3486688311688312,1,0.33639826839826836,3,0.3149329004329004,0,0.0,4,0.0,1,10.6
4,2,2,True,2,0.7333814241314239,5,0.14593573093573087,1,0.12068284493284491,0,0.0,3,0.0,1,7.5
4,1,1,True,1,0.8261958874458872,0,0.10469877344877344,2,0.0691053391053391,3,0.0,4,0.0,1,18.3
4,0,0,True,0,0.66,3,0.27,4,0.07,1,0.0,2,0.0,1,53.2
4,4,2,False,2,0.5786190476190477,6,0.4213809523809524,1,0.0,0,0.0,3,0.0,6,4.3
4,4,3,False,3,0.5459761904761905,1,0.43402380952380953,2,0.016666666666666666,6,0.003333333333333333,0,0.0,6,19.0
4,1,2,False,2,0.565905314640426,1,0.27009799208611196,4,0.11305417315449079,5,0.03313795179152926,3,0.010628676468698955,2,0.0
4,0,0,True,0,0.815,4,0.09466666666666666,3,0.09033333333333333,1,0.0,2,0.0,1,50.2
4,1,4,False,4,0.27832647907647895,1,0.26493326118326105,6,0.22944155844155842,2,0.22729870129870125,3,0.0,2,17.9
4,3,3,True,3,0.73,2,0.24,4,0.02,0,0.01,1,0.0,1,67.5
4,4,2,False,2,0.565905314640426,1,0.27009799208611196,4,0.11305417315449079,5,0.03313795179152926,3,0.010628676468698955,3,0.0
4,2,2,True,2,0.9940000000000001,3,0.006,1,0.0,0,0.0,4,0.0,1,8.5
4,4,0,False,0,0.61,3,0.29,4,0.06,6,0.04,2,0.0,3,62.8
4,2,2,True,2,1.0,0,0.0,1,0.0,3,0.0,4,0.0,1,3.0
4,2,2,True,2,0.6084404761904761,1,0.38155952380952357,6,0.01,0,0.0,3,0.0,1,3.6
4,2,2,True,2,0.6084404761904761,1,0.38155952380952357,6,0.01,0,0.0,3,0.0,1,3.6
4,2,2,True,2,1.0,0,0.0,1,0.0,3,0.0,4,0.0,1,3.7
4,2,3,False,3,0.68,2,0.32,1,0.0,0,0.0,4,0.0,2,11.5
4,2,2,True,2,0.8039104265120426,5,0.14802817585942427,1,0.048061397628532794,0,0.0,3,0.0,1,2.5
4,2,4,False,4,0.67,3,0.21,2,0.11,0,0.006,1,0.004,3,23.8
4,2,2,True,2,0.8112139249639249,1,0.18878607503607497,0,0.0,3,0.0,4,0.0,1,9.9
4,2,2,True,2,0.97,4,0.03,1,0.0,0,0.0,3,0.0,1,5.2
4,2,2,True,2,0.8423832556332556,1,0.1576167443667444,0,0.0,3,0.0,4,0.0,1,3.2
4,2,2,True,2,0.9221814074728154,5,0.07781859252718386,1,0.0,0,0.0,3,0.0,1,2.9
4,2,2,True,2,0.7064642857142855,3,0.2935357142857143,1,0.0,0,0.0,4,0.0,1,10.4
4,1,2,False,2,0.6315468975468975,1,0.36845310245310225,0,0.0,3,0.0,4,0.0,2,18.4
4,1,2,False,2,0.565905314640426,1,0.27009799208611196,4,0.11305417315449079,5,0.03313795179152926,3,0.010628676468698955,2,0.0
4,3,1,False,1,0.35794047619047625,3,0.32531349206349197,0,0.3154960317460317,2,0.00125,4,0.0,2,14.0
4,0,3,False,3,0.96,4,0.0375,0,0.0025,1,0.0,2,0.0,3,43.5
4,1,2,False,2,0.565905314640426,1,0.27009799208611196,4,0.11305417315449079,5,0.03313795179152926,3,0.010628676468698955,2,0.0
4,3,3,True,3,0.6183333333333333,0,0.19700000000000004,4,0.17299999999999996,6,0.011666666666666665,2,0.0,1,33.1
4,3,0,False,0,0.53,4,0.23299999999999998,2,0.187,3,0.05,1,0.0,4,26.4
4,3,0,False,0,0.44416666666666665,4,0.43583333333333335,3,0.12,1,0.0,2,0.0,3,58.9
4,2,2,True,2,0.8370269452769452,4,0.16297305472305468,1,0.0,0,0.0,3,0.0,1,5.0
4,2,2,True,2,0.821079365079365,1,0.17725396825396822,5,0.0016666666666666666,0,0.0,3,0.0,1,2.0
4,0,1,False,1,0.59,4,0.26,3,0.15,0,0.0,2,0.0,4,51.3
4,0,3,False,3,0.938,6,0.052000000000000005,2,0.01,1,0.0,0,0.0,5,69.1
4,1,1,True,1,0.3930453008706643,2,0.3596179773342078,3,0.24733672179512795,0,0.0,4,0.0,1,17.4
4,2,2,True,2,0.8112139249639249,1,0.18878607503607497,0,0.0,3,0.0,4,0.0,1,9.9
4,1,2,False,2,0.7196706349206348,4,0.2703293650793649,6,0.01,0,0.0,3,0.0,6,8.9
4,3,2,False,2,0.7963690476190477,3,0.18666666666666668,4,0.011607142857142856,6,0.005357142857142857,0,0.0,2,19.2
4,0,4,False,4,0.97,6,0.018333333333333333,2,0.01,3,0.0016666666666666666,0,0.0,5,34.9
4,4,2,False,2,0.49849999999999994,3,0.42233333333333334,4,0.07916666666666665,1,0.0,0,0.0,3,21.3
4,2,2,True,2,0.8350833333333334,6,0.16491666666666668,1,0.0,0,0.0,3,0.0,1,7.4
4,4,4,True,4,0.45116666666666666,0,0.43883333333333335,2,0.11,1,0.0,3,0.0,1,35.4
4,4,2,False,2,0.7183809523809523,6,0.28161904761904766,1,0.0,0,0.0,3,0.0,6,4.2
4,4,4,True,4,0.71,6,0.22,0,0.06266666666666666,3,0.007333333333333334,2,0.0,1,57.7
4,4,2,False,2,0.565905314640426,1,0.27009799208611196,4,0.11305417315449079,5,0.03313795179152926,3,0.010628676468698955,3,0.0
4,1,2,False,2,0.565905314640426,1,0.27009799208611196,4,0.11305417315449079,5,0.03313795179152926,3,0.010628676468698955,2,0.0
4,4,3,False,3,0.78,4,0.2,2,0.01,0,0.01,1,0.0,2,44.5
4,2,1,False,1,0.35794047619047625,3,0.32531349206349197,0,0.3154960317460317,2,0.00125,4,0.0,4,14.1
4,2,3,False,3,0.4779999999999999,2,0.4186666666666667,0,0.09,1,0.013333333333333332,4,0.0,2,24.7
4,2,2,True,2,0.6486190476190475,4,0.33138095238095233,3,0.02,1,0.0,0,0.0,1,21.2
4,2,4,False,4,0.6931267343767346,2,0.3068732656232656,1,0.0,0,0.0,3,0.0,2,5.1
4,3,4,False,4,0.6913333333333334,0,0.27,3,0.03866666666666667,1,0.0,2,0.0,3,56.3
4,3,1,False,1,0.73,4,0.2125,3,0.0575,0,0.0,2,0.0,3,52.2
4,1,3,False,3,0.8349545454545452,2,0.16504545454545455,1,0.0,0,0.0,4,0.0,3,13.9
4,3,2,False,2,0.4952142857142857,3,0.4626190476190476,4,0.04216666666666666,1,0.0,0,0.0,2,5.7
4,2,2,True,2,1.0,0,0.0,1,0.0,3,0.0,4,0.0,1,7.2
4,2,3,False,3,0.95,4,0.05,1,0.0,0,0.0,2,0.0,5,31.0
4,3,6,False,6,0.58,3,0.22,0,0.2,1,0.0,2,0.0,2,42.2
4,1,2,False,2,0.565905314640426,1,0.27009799208611196,4,0.11305417315449079,5,0.03313795179152926,3,0.010628676468698955,2,0.0
4,3,3,True,3,0.5529303719156659,2,0.3332188456967869,4,0.11385078238754706,1,0.0,0,0.0,1,13.5
4,3,2,False,2,0.3587164502164502,1,0.33639826839826836,3,0.28893290043290043,4,0.01595238095238095,0,0.0,3,10.7
4,3,0,False,0,0.667,3,0.25,4,0.083,1,0.0,2,0.0,2,32.7
4,0,3,False,3,0.9006666666666666,6,0.09933333333333332,1,0.0,0,0.0,2,0.0,4,31.6
4,3,2,False,2,0.6425,4,0.35749999999999993,1,0.0,0,0.0,3,0.0,5,15.6
4,2,2,True,2,0.7970753968253966,6,0.20292460317460306,1,0.0,0,0.0,3,0.0,1,6.8
4,2,2,True,2,0.565905314640426,1,0.27009799208611196,4,0.11305417315449079,5,0.03313795179152926,3,0.010628676468698955,1,0.0
4,0,2,False,2,0.95,3,0.028333333333333332,4,0.021666666666666664,1,0.0,0,0.0,5,13.2
4,4,3,False,3,0.8349545454545452,2,0.16504545454545455,1,0.0,0,0.0,4,0.0,5,13.9
4,4,2,False,2,0.44111291486291493,6,0.2805050505050504,3,0.27838203463203454,1,0.0,0,0.0,6,14.7
4,4,1,False,1,0.66,3,0.3078333333333333,6,0.022166666666666668,4,0.01,2,0.0,4,44.0
4,2,2,True,2,0.9221814074728154,5,0.07781859252718386,1,0.0,0,0.0,3,0.0,1,2.9
4,2,2,True,2,1.0,0,0.0,1,0.0,3,0.0,4,0.0,1,2.7
4,2,6,False,6,0.68,2,0.3009126984126984,1,0.019087301587301587,0,0.0,3,0.0,2,3.5
4,2,2,True,2,0.5870238095238094,3,0.39297619047619053,4,0.02,1,0.0,0,0.0,1,12.8
4,3,2,False,2,0.6875714285714287,6,0.3124285714285714,1,0.0,0,0.0,3,0.0,5,4.0
4,0,3,False,3,0.41811904761904756,4,0.40188095238095234,1,0.16,0,0.02,2,0.0,4,52.5
4,0,3,False,3,0.67,0,0.18,4,0.125,1,0.025,2,0.0,2,27.8
4,3,2,False,2,0.5025,6,0.4693333333333334,3,0.028166666666666663,1,0.0,0,0.0,3,10.1
4,3,3,True,3,0.6387619047619046,6,0.30123809523809514,1,0.05,4,0.01,2,0.0,1,44.1
4,2,2,True,2,0.7995396825396823,4,0.19546031746031745,6,0.005,0,0.0,3,0.0,1,16.5
4,2,2,True,2,0.4941666666666667,6,0.41333333333333333,4,0.05416666666666667,3,0.03833333333333333,0,0.0,1,20.0
4,3,0,False,0,0.6646666666666667,2,0.25,4,0.06533333333333333,3,0.02,1,0.0,4,66.0
4,3,2,False,2,0.565905314640426,1,0.27009799208611196,4,0.11305417315449079,5,0.03313795179152926,3,0.010628676468698955,5,0.0
4,1,2,False,2,0.565905314640426,1,0.27009799208611196,4,0.11305417315449079,5,0.03313795179152926,3,0.010628676468698955,2,0.0
4,3,3,True,3,0.8449999999999999,0,0.15499999999999997,1,0.0,2,0.0,4,0.0,1,41.2
4,1,2,False,2,0.565905314640426,1,0.27009799208611196,4,0.11305417315449079,5,0.03313795179152926,3,0.010628676468698955,2,0.0
4,4,4,True,4,0.36753571428571435,0,0.29953571428571424,3,0.2929285714285714,6,0.04,2,0.0,1,46.4
4,1,1,True,1,0.725814352314352,2,0.1490776723276723,3,0.12510797535797527,0,0.0,4,0.0,1,17.3
4,4,3,False,3,0.40635822510822506,1,0.22854365079365066,2,0.19621248196248195,0,0.16888564213564208,4,0.0,5,5.5
4,4,2,False,2,0.8776666666666668,3,0.12233333333333335,1,0.0,0,0.0,4,0.0,5,9.6
4,4,2,False,2,0.565905314640426,1,0.27009799208611196,4,0.11305417315449079,5,0.03313795179152926,3,0.010628676468698955,3,0.0
4,0,4,False,4,0.43241017316017305,0,0.3822637085137086,3,0.18532611832611823,1,0.0,2,0.0,2,36.0
4,2,2,True,2,1.0,0,0.0,1,0.0,3,0.0,4,0.0,1,2.7
4,2,2,True,2,0.8350833333333334,6,0.16491666666666668,1,0.0,0,0.0,3,0.0,1,7.4
4,2,2,True,2,0.5025,6,0.4693333333333334,3,0.028166666666666663,1,0.0,0,0.0,1,10.1
4,2,2,True,2,0.6875714285714287,6,0.3124285714285714,1,0.0,0,0.0,3,0.0,1,4.0
4,2,2,True,2,0.565905314640426,1,0.27009799208611196,4,0.11305417315449079,5,0.03313795179152926,3,0.010628676468698955,1,0.0
4,2,2,True,2,0.565905314640426,1,0.27009799208611196,4,0.11305417315449079,5,0.03313795179152926,3,0.010628676468698955,1,0.0
4,5,2,False,2,0.8039104265120426,5,0.14802817585942427,1,0.048061397628532794,0,0.0,3,0.0,2,2.5
4,2,2,True,2,0.565905314640426,1,0.27009799208611196,4,0.11305417315449079,5,0.03313795179152926,3,0.010628676468698955,1,0.0
4,2,2,True,2,0.565905314640426,1,0.27009799208611196,4,0.11305417315449079,5,0.03313795179152926,3,0.010628676468698955,1,0.0
4,2,2,True,2,0.5156666666666667,3,0.46422222222222215,6,0.02011111111111111,1,0.0,0,0.0,1,9.5
4,2,2,True,2,0.565905314640426,1,0.27009799208611196,4,0.11305417315449079,5,0.03313795179152926,3,0.010628676468698955,1,0.0
4,2,2,True,2,0.565905314640426,1,0.27009799208611196,4,0.11305417315449079,5,0.03313795179152926,3,0.010628676468698955,1,0.0
4,2,2,True,2,1.0,0,0.0,1,0.0,3,0.0,4,0.0,1,5.3
4,2,2,True,2,0.565905314640426,1,0.27009799208611196,4,0.11305417315449079,5,0.03313795179152926,3,0.010628676468698955,1,0.0
4,2,2,True,2,0.565905314640426,1,0.27009799208611196,4,0.11305417315449079,5,0.03313795179152926,3,0.010628676468698955,1,0.0
4,2,2,True,2,0.565905314640426,1,0.27009799208611196,4,0.11305417315449079,5,0.03313795179152926,3,0.010628676468698955,1,0.0
4,2,2,True,2,0.7996666666666666,4,0.19033333333333333,3,0.0075,6,0.0025,0,0.0,1,14.9
4,6,2,False,2,0.5786190476190477,6,0.4213809523809524,1,0.0,0,0.0,3,0.0,2,4.3
4,2,2,True,2,0.9261904761904762,3,0.053809523809523814,0,0.01,4,0.01,1,0.0,1,12.9
4,2,4,False,4,0.4441904761904762,3,0.41580952380952385,2,0.11566666666666667,1,0.024333333333333335,0,0.0,3,10.0
4,2,2,True,2,0.565905314640426,1,0.27009799208611196,4,0.11305417315449079,5,0.03313795179152926,3,0.010628676468698955,1,0.0
4,2,2,True,2,0.6658473560752973,1,0.23265917497535132,5,0.10149346894935132,0,0.0,3,0.0,1,2.2
4,2,2,True,2,0.565905314640426,1,0.27009799208611196,4,0.11305417315449079,5,0.03313795179152926,3,0.010628676468698955,1,0.0
4,2,2,True,2,0.945,6,0.055,1,0.0,0,0.0,3,0.0,1,4.4
4,5,2,False,2,0.7456022150364255,5,0.1343499629025945,1,0.12004782206097991,0,0.0,3,0.0,2,2.4
4,6,2,False,2,0.5786190476190477,6,0.4213809523809524,1,0.0,0,0.0,3,0.0,2,4.3
4,2,2,True,2,0.5613333333333334,4,0.4311666666666667,6,0.0075,0,0.0,3,0.0,1,8.7
4,2,2,True,2,0.565905314640426,1,0.27009799208611196,4,0.11305417315449079,5,0.03313795179152926,3,0.010628676468698955,1,0.0
4,2,2,True,2,0.565905314640426,1,0.27009799208611196,4,0.11305417315449079,5,0.03313795179152926,3,0.010628676468698955,1,0.0
4,6,2,False,2,0.9802142857142857,1,0.019785714285714285,0,0.0,3,0.0,4,0.0,7,18.0
4,6,0,False,0,0.62,2,0.23,6,0.10833333333333332,3,0.04166666666666667,1,0.0,3,35.2
4,2,2,True,2,0.565905314640426,1,0.27009799208611196,4,0.11305417315449079,5,0.03313795179152926,3,0.010628676468698955,1,0.0
4,2,2,True,2,0.565905314640426,1,0.27009799208611196,4,0.11305417315449079,5,0.03313795179152926,3,0.010628676468698955,1,0.0
4,6,2,False,2,0.5696672216672216,6,0.43033277833277817,1,0.0,0,0.0,3,0.0,2,6.7
4,6,2,False,2,0.7333814241314239,5,0.14593573093573087,1,0.12068284493284491,0,0.0,3,0.0,7,7.5
4,6,2,False,2,0.8745991067755773,0,0.12540089322442258,1,0.0,3,0.0,4,0.0,7,7.0
4,6,2,False,2,1.0,0,0.0,1,0.0,3,0.0,4,0.0,7,7.2
4,2,2,True,2,0.565905314640426,1,0.27009799208611196,4,0.11305417315449079,5,0.03313795179152926,3,0.010628676468698955,1,0.0
4,2,2,True,2,0.565905314640426,1,0.27009799208611196,4,0.11305417315449079,5,0.03313795179152926,3,0.010628676468698955,1,0.0
4,2,2,True,2,0.565905314640426,1,0.27009799208611196,4,0.11305417315449079,5,0.03313795179152926,3,0.010628676468698955,1,0.0
4,2,3,False,3,0.3462619047619047,4,0.307642857142857,1,0.28942857142857137,6,0.056666666666666664,2,0.0,5,16.8
5,2,2,True,2,1.0,0,0.0,1,0.0,3,0.0,4,0.0,1,11.4
5,0,0,True,0,0.6266666666666667,3,0.37333333333333335,1,0.0,2,0.0,4,0.0,1,40.0
5,3,3,True,3,0.61,2,0.39,1,0.0,0,0.0,4,0.0,1,11.2
5,0,0,True,0,0.76,2,0.24,1,0.0,3,0.0,4,0.0,1,47.2
5,3,1,False,1,0.48612940602569066,2,0.3491168355208601,3,0.16475375845344878,0,0.0,4,0.0,3,17.4
5,3,0,False,0,0.7123333333333334,6,0.25,3,0.021666666666666664,2,0.016,1,0.0,3,36.9
5,2,3,False,3,0.8840454852165375,2,0.11595451478346214,1,0.0,0,0.0,4,0.0,2,13.4
5,3,3,True,3,0.7058333333333333,0,0.29416666666666663,1,0.0,2,0.0,4,0.0,1,37.6
5,4,3,False,3,0.6866666666666668,0,0.16833333333333333,4,0.145,1,0.0,2,0.0,3,58.7
5,3,3,True,3,0.6866666666666668,0,0.16833333333333333,4,0.145,1,0.0,2,0.0,1,58.8
5,2,3,False,3,0.661073593073593,4,0.17731024531024528,1,0.15911616161616154,2,0.0025,0,0.0,4,13.9
5,4,2,False,2,0.5773390152886277,1,0.26326605090967076,4,0.11319883114122148,5,0.02881439045649237,3,0.011439211966221427,3,0.0
5,1,2,False,2,0.5773390152886277,1,0.26326605090967076,4,0.11319883114122148,5,0.02881439045649237,3,0.011439211966221427,2,0.0
5,4,2,False,2,0.65,4,0.23,1,0.11,0,0.01,3,0.0,2,25.2
5,1,2,False,2,0.5773390152886277,1,0.26326605090967076,4,0.11319883114122148,5,0.02881439045649237,3,0.011439211966221427,2,0.0
5,4,3,False,3,0.93,6,0.07,1,0.0,0,0.0,2,0.0,6,91.1
5,4,2,False,2,0.5773390152886277,1,0.26326605090967076,4,0.11319883114122148,5,0.02881439045649237,3,0.011439211966221427,3,0.0
5,2,3,False,3,0.6199102564102563,0,0.3188333333333333,1,0.0518912198912199,2,0.009365190365190366,4,0.0,4,17.2
5,2,2,True,2,1.0,0,0.0,1,0.0,3,0.0,4,0.0,1,3.0
5,2,2,True,2,1.0,0,0.0,1,0.0,3,0.0,4,0.0,1,3.1
5,2,3,False,3,0.5675476190476191,2,0.4324523809523809,1,0.0,0,0.0,4,0.0,2,19.4
5,2,2,True,2,0.7865238095238092,6,0.2134761904761904,1,0.0,0,0.0,3,0.0,1,6.8
5,2,2,True,2,1.0,0,0.0,1,0.0,3,0.0,4,0.0,1,3.8
5,2,2,True,2,0.6788433510933509,5,0.1729957542457542,1,0.14816089466089463,0,0.0,3,0.0,1,2.4
5,2,2,True,2,0.9975,5,0.0025,1,0.0,0,0.0,3,0.0,1,2.7
5,2,2,True,2,1.0,0,0.0,1,0.0,3,0.0,4,0.0,1,11.4
5,2,1,False,1,0.38116666666666676,3,0.36883333333333324,2,0.2,0,0.05,4,0.0,3,24.6
5,2,2,True,2,1.0,0,0.0,1,0.0,3,0.0,4,0.0,1,3.7
5,1,2,False,2,0.5773390152886277,1,0.26326605090967076,4,0.11319883114122148,5,0.02881439045649237,3,0.011439211966221427,2,0.0
5,1,2,False,2,0.6165634920634923,1,0.38343650793650774,0,0.0,3,0.0,4,0.0,2,18.1
5,3,3,True,3,0.95,0,0.04,4,0.01,1,0.0,2,0.0,1,70.7
5,1,1,True,1,0.48612940602569066,2,0.3491168355208601,3,0.16475375845344878,0,0.0,4,0.0,1,17.4
5,2,2,True,2,0.8820217019822281,5,0.11797829801777163,1,0.0,0,0.0,3,0.0,1,2.6
5,2,2,True,2,0.5773390152886277,1,0.26326605090967076,4,0.11319883114122148,5,0.02881439045649237,3,0.011439211966221427,1,0.0
5,3,2,False,2,0.6123571428571428,6,0.3876428571428572,1,0.0,0,0.0,3,0.0,5,21.6
5,3,4,False,4,0.88,0,0.1,3,0.02,1,0.0,2,0.0,3,44.5
5,3,3,True,3,0.661073593073593,4,0.17731024531024528,1,0.15911616161616154,2,0.0025,0,0.0,1,13.9
5,3,3,True,3,0.630514208014208,2,0.2501866466866467,4,0.11929914529914526,1,0.0,0,0.0,1,13.5
5,0,0,True,0,0.7582857142857143,3,0.22171428571428567,4,0.02,1,0.0,2,0.0,1,50.3
5,3,3,True,3,0.76,0,0.24,1,0.0,2,0.0,4,0.0,1,39.6
5,0,3,False,3,0.82,4,0.15,0,0.03,1,0.0,2,0.0,3,26.4
5,3,6,False,6,0.97,0,0.02,4,0.01,1,0.0,3,0.0,5,35.1
5,2,2,True,2,1.0,0,0.0,1,0.0,3,0.0,4,0.0,1,7.3
5,4,0,False,0,0.64,2,0.33,4,0.017666666666666667,3,0.012333333333333333,1,0.0,3,13.0
5,1,2,False,2,0.5773390152886277,1,0.26326605090967076,4,0.11319883114122148,5,0.02881439045649237,3,0.011439211966221427,2,0.0
5,1,2,False,2,0.5773390152886277,1,0.26326605090967076,4,0.11319883114122148,5,0.02881439045649237,3,0.011439211966221427,2,0.0
5,1,0,False,0,0.64,2,0.33,4,0.017666666666666667,3,0.012333333333333333,1,0.0,5,13.0
5,4,3,False,3,0.98,6,0.02,1,0.0,0,0.0,2,0.0,6,91.4
5,4,0,False,0,0.86,4,0.08,1,0.05,6,0.01,3,0.0,2,45.4
5,4,2,False,2,0.9933333333333333,3,0.005,1,0.0016666666666666666,0,0.0,4,0.0,5,10.8
5,4,0,False,0,0.43749999999999994,2,0.42249999999999993,4,0.09,3,0.05,1,0.0,3,43.2
5,4,4,True,4,0.88,3,0.1,0,0.02,1,0.0,2,0.0,1,44.4
5,2,1,False,1,0.26103571428571415,0,0.2561904761904761,3,0.23801190476190467,4,0.2347619047619047,2,0.01,5,5.5
5,2,0,False,0,0.72,4,0.2,6,0.08,1,0.0,3,0.0,6,22.6
5,2,4,False,4,0.9633333333333333,3,0.02,0,0.016666666666666666,1,0.0,2,0.0,5,60.0
5,2,2,True,2,0.9167619047619049,3,0.056773809523809525,4,0.026464285714285708,1,0.0,0,0.0,1,5.9
5,2,2,True,2,0.5773390152886277,1,0.26326605090967076,4,0.11319883114122148,5,0.02881439045649237,3,0.011439211966221427,1,0.0
5,2,0,False,0,0.4939047619047618,6,0.4632619047619049,4,0.042833333333333334,1,0.0,3,0.0,6,35.3
5,2,3,False,3,0.630514208014208,2,0.2501866466866467,4,0.11929914529914526,1,0.0,0,0.0,2,13.5
5,2,2,True,2,1.0,0,0.0,1,0.0,3,0.0,4,0.0,1,5.3
5,2,2,True,2,0.7892857142857143,1,0.20904761904761898,6,0.0016666666666666666,0,0.0,3,0.0,1,4.7
5,2,2,True,2,0.8875952380952381,6,0.08195238095238094,4,0.030452380952380946,0,0.0,3,0.0,1,4.4
5,3,1,False,1,0.26103571428571415,0,0.2561904761904761,3,0.23801190476190467,4,0.2347619047619047,2,0.01,3,5.5
5,1,2,False,2,0.5773390152886277,1,0.26326605090967076,4,0.11319883114122148,5,0.02881439045649237,3,0.011439211966221427,2,0.0
5,3,0,False,0,0.6466666666666666,3,0.35333333333333333,1,0.0,2,0.0,4,0.0,2,37.8
5,3,2,False,2,0.6670238095238094,4,0.29766666666666663,1,0.01469047619047619,3,0.01276190476190476,0,0.007857142857142858,4,5.6
5,3,2,False,2,0.99,3,0.01,1,0.0,0,0.0,4,0.0,2,10.4
5,0,4,False,4,0.66,0,0.29,3,0.05,1,0.0,2,0.0,2,52.9
5,1,2,False,2,0.994920634920635,6,0.005079365079365079,1,0.0,0,0.0,3,0.0,3,7.9
5,2,2,True,2,0.7822579365079366,5,0.21440873015873016,1,0.003333333333333333,0,0.0,3,0.0,1,2.3
5,1,2,False,2,0.5773390152886277,1,0.26326605090967076,4,0.11319883114122148,5,0.02881439045649237,3,0.011439211966221427,2,0.0
5,3,0,False,0,0.64,3,0.285,6,0.075,1,0.0,2,0.0,2,31.6
5,3,2,False,2,0.86,0,0.09,1,0.05,3,0.0,4,0.0,4,24.7
5,2,2,True,2,1.0,0,0.0,1,0.0,3,0.0,4,0.0,1,6.1
5,1,2,False,2,0.5773390152886277,1,0.26326605090967076,4,0.11319883114122148,5,0.02881439045649237,3,0.011439211966221427,2,0.0
5,4,2,False,2,0.5773390152886277,1,0.26326605090967076,4,0.11319883114122148,5,0.02881439045649237,3,0.011439211966221427,3,0.0
5,0,3,False,3,0.643,6,0.33699999999999997,0,0.02,1,0.0,2,0.0,3,30.3
5,4,2,False,2,0.5773390152886277,1,0.26326605090967076,4,0.11319883114122148,5,0.02881439045649237,3,0.011439211966221427,3,0.0
5,4,3,False,3,0.665,1,0.26,4,0.06666666666666667,0,0.008333333333333333,2,0.0,3,51.9
5,4,2,False,2,0.534047619047619,6,0.44845238095238105,1,0.010833333333333332,4,0.006666666666666666,3,0.0,4,17.6
5,4,4,True,4,0.32949999999999996,3,0.32533333333333325,0,0.30516666666666664,6,0.04,2,0.0,1,46.4
5,2,4,False,4,0.55,3,0.42,0,0.03,1,0.0,2,0.0,5,26.3
5,2,0,False,0,0.71,4,0.22,6,0.06,3,0.01,2,0.0,5,44.7
5,2,2,True,2,0.45799999999999996,0,0.442,3,0.07,4,0.02,6,0.01,1,36.7
5,2,2,True,2,0.7822579365079366,5,0.21440873015873016,1,0.003333333333333333,0,0.0,3,0.0,1,2.3
5,2,2,True,2,0.5940436507936506,4,0.20336904761904748,3,0.20258730158730154,1,0.0,0,0.0,1,9.8
5,2,3,False,3,0.4315302475302476,2,0.2983724053724053,0,0.13951848151848145,1,0.13057886557886553,4,0.0,2,16.0
5,2,2,True,2,0.5773390152886277,1,0.26326605090967076,4,0.11319883114122148,5,0.02881439045649237,3,0.011439211966221427,1,0.0
5,0,4,False,4,0.95,0,0.05,2,0.0,1,0.0,3,0.0,2,49.1
5,3,3,True,3,0.8168333333333332,4,0.18316666666666667,1,0.0,0,0.0,2,0.0,1,18.9
5,2,2,True,2,0.5773390152886277,1,0.26326605090967076,4,0.11319883114122148,5,0.02881439045649237,3,0.011439211966221427,1,0.0
5,0,4,False,4,0.59,0,0.265,3,0.145,1,0.0,2,0.0,2,58.3
5,2,2,True,2,0.6951904761904762,3,0.16419047619047616,4,0.1306190476190476,6,0.006666666666666666,0,0.003333333333333333,1,20.5
5,5,2,False,2,0.6788433510933509,5,0.1729957542457542,1,0.14816089466089463,0,0.0,3,0.0,2,2.4
5,2,2,True,2,0.5773390152886277,1,0.26326605090967076,4,0.11319883114122148,5,0.02881439045649237,3,0.011439211966221427,1,0.0
5,2,2,True,2,0.6733095238095238,6,0.32669047619047625,1,0.0,0,0.0,3,0.0,1,9.3
5,1,4,False,4,0.490892857142857,3,0.4861904761904763,2,0.0125,6,0.010416666666666664,0,0.0,6,19.0
5,0,3,False,3,0.6347857142857142,1,0.353547619047619,2,0.01,4,0.0016666666666666666,0,0.0,5,14.0
5,0,4,False,4,0.67,3,0.3141666666666667,0,0.01583333333333333,1,0.0,2,0.0,3,32.9
5,3,2,False,2,0.5773390152886277,1,0.26326605090967076,4,0.11319883114122148,5,0.02881439045649237,3,0.011439211966221427,5,0.0
5,3,2,False,2,0.97625,4,0.02375,1,0.0,0,0.0,3,0.0,5,21.1
5,0,4,False,4,0.44428571428571423,3,0.4377142857142857,0,0.11,6,0.008,2,0.0,3,32.3
5,1,2,False,2,0.5773390152886277,1,0.26326605090967076,4,0.11319883114122148,5,0.02881439045649237,3,0.011439211966221427,2,0.0
5,4,0,False,0,0.5881666666666665,3,0.4118333333333335,1,0.0,2,0.0,4,0.0,5,41.5
5,1,2,False,2,0.5773390152886277,1,0.26326605090967076,4,0.11319883114122148,5,0.02881439045649237,3,0.011439211966221427,2,0.0
5,0,3,False,3,0.2855674603174603,2,0.2598214285714285,6,0.25396825396825384,0,0.20064285714285712,1,0.0,4,20.9
5,2,2,True,2,0.7865238095238092,6,0.2134761904761904,1,0.0,0,0.0,3,0.0,1,6.8
5,2,4,False,4,0.55,2,0.3201190476190476,3,0.12988095238095237,1,0.0,0,0.0,2,6.3
5,2,2,True,2,1.0,0,0.0,1,0.0,3,0.0,4,0.0,1,5.4
5,2,2,True,2,0.5773390152886277,1,0.26326605090967076,4,0.11319883114122148,5,0.02881439045649237,3,0.011439211966221427,1,0.0
5,2,2,True,2,0.5773390152886277,1,0.26326605090967076,4,0.11319883114122148,5,0.02881439045649237,3,0.011439211966221427,1,0.0
5,2,2,True,2,0.5773390152886277,1,0.26326605090967076,4,0.11319883114122148,5,0.02881439045649237,3,0.011439211966221427,1,0.0
5,2,2,True,2,0.5773390152886277,1,0.26326605090967076,4,0.11319883114122148,5,0.02881439045649237,3,0.011439211966221427,1,0.0
5,2,2,True,2,0.5773390152886277,1,0.26326605090967076,4,0.11319883114122148,5,0.02881439045649237,3,0.011439211966221427,1,0.0
5,2,2,True,2,1.0,0,0.0,1,0.0,3,0.0,4,0.0,1,7.7
5,2,2,True,2,0.534047619047619,6,0.44845238095238105,1,0.010833333333333332,4,0.006666666666666666,3,0.0,1,17.6
5,2,2,True,2,1.0,0,0.0,1,0.0,3,0.0,4,0.0,1,3.9
5,2,2,True,2,0.5773390152886277,1,0.26326605090967076,4,0.11319883114122148,5,0.02881439045649237,3,0.011439211966221427,1,0.0
5,2,2,True,2,0.5773390152886277,1,0.26326605090967076,4,0.11319883114122148,5,0.02881439045649237,3,0.011439211966221427,1,0.0
5,2,6,False,6,0.5659000444000446,2,0.43409995559995557,1,0.0,0,0.0,3,0.0,2,6.7
5,2,2,True,2,0.673814019314019,1,0.2280129870129869,5,0.09817299367299365,0,0.0,3,0.0,1,2.2
5,2,2,True,2,0.5773390152886277,1,0.26326605090967076,4,0.11319883114122148,5,0.02881439045649237,3,0.011439211966221427,1,0.0
5,2,2,True,2,0.7445346011656027,5,0.21393653836924284,1,0.04152886046515469,0,0.0,3,0.0,1,2.5
5,2,2,True,2,0.7204047619047619,3,0.279595238095238,1,0.0,0,0.0,4,0.0,1,10.3
5,2,2,True,2,0.854442937781173,4,0.14555706221882686,1,0.0,0,0.0,3,0.0,1,5.0
5,6,3,False,3,0.95,0,0.04,4,0.01,1,0.0,2,0.0,7,70.7
5,2,2,True,2,0.5773390152886277,1,0.26326605090967076,4,0.11319883114122148,5,0.02881439045649237,3,0.011439211966221427,1,0.0
5,6,3,False,3,0.72,0,0.28,1,0.0,2,0.0,4,0.0,7,33.4
5,2,2,True,2,0.8671708152958151,6,0.13282918470418467,1,0.0,0,0.0,3,0.0,1,4.6
5,6,3,False,3,0.59,4,0.3160833333333333,2,0.09391666666666666,1,0.0,0,0.0,7,16.3
5,6,6,True,6,0.69,0,0.12249999999999998,1,0.10816666666666666,4,0.07933333333333334,3,0.0,1,24.1
5,2,2,True,2,0.7892857142857143,1,0.20904761904761898,6,0.0016666666666666666,0,0.0,3,0.0,1,4.7
5,2,2,True,2,0.5773390152886277,1,0.26326605090967076,4,0.11319883114122148,5,0.02881439045649237,3,0.011439211966221427,1,0.0
5,6,6,True,6,0.63,3,0.37,1,0.0,0,0.0,2,0.0,1,88.3
5,6,2,False,2,1.0,0,0.0,1,0.0,3,0.0,4,0.0,7,7.4
5,6,6,True,6,0.6510952380952381,4,0.28890476190476183,2,0.05,3,0.006666666666666666,1,0.003333333333333333,1,16.6
5,6,1,False,1,0.4519761904761904,4,0.4407142857142856,3,0.06007683982683981,2,0.037125541125541124,0,0.010107142857142856,7,16.1
5,2,2,True,2,0.5773390152886277,1,0.26326605090967076,4,0.11319883114122148,5,0.02881439045649237,3,0.011439211966221427,1,0.0
5,5,2,False,2,0.5773390152886277,1,0.26326605090967076,4,0.11319883114122148,5,0.02881439045649237,3,0.011439211966221427,4,0.0
5,2,3,False,3,0.7428333333333333,4,0.2,6,0.05716666666666667,0,0.0,2,0.0,5,30.5
6,3,3,True,3,0.8767094017094017,0,0.11,2,0.00884004884004884,4,0.00445054945054945,1,0.0,1,13.6
6,3,0,False,0,0.5385,6,0.41850000000000004,4,0.033,3,0.01,2,0.0,4,41.7
6,3,0,False,0,0.8055454545454545,3,0.16445454545454546,4,0.03,1,0.0,2,0.0,2,38.3
6,3,0,False,0,0.7538174603174603,4,0.2461825396825396,2,0.0,1,0.0,3,0.0,5,36.0
6,2,2,True,2,0.5579325396825398,3,0.22977380952380944,0,0.2122936507936508,1,0.0,4,0.0,1,14.6
6,3,0,False,0,0.89,3,0.11,1,0.0,2,0.0,4,0.0,2,39.9
6,3,0,False,0,0.44616666666666654,4,0.4438333333333334,3,0.11,1,0.0,2,0.0,3,39.2
6,2,2,True,2,0.5754954579941236,1,0.27019581402922815,4,0.10596700339620259,5,0.026880647725221248,3,0.014060710671253045,1,0.0
6,2,2,True,2,0.5224801587301589,3,0.24704365079365068,4,0.2304761904761904,1,0.0,0,0.0,1,5.8
6,3,2,False,2,0.5190833333333332,4,0.4504166666666667,1,0.0255,6,0.005,3,0.0,5,9.0
6,1,1,True,1,0.5206428571428571,2,0.46185714285714297,6,0.0175,0,0.0,3,0.0,1,18.1
6,0,0,True,0,0.695,3,0.2375,6,0.0675,1,0.0,2,0.0,1,41.9
6,3,2,False,2,0.6710714285714284,0,0.2889285714285715,4,0.03,3,0.01,1,0.0,4,36.6
6,4,6,False,6,0.64,4,0.22716666666666666,2,0.1328333333333333,0,0.0,3,0.0,2,61.1
6,4,2,False,2,0.5754954579941236,1,0.27019581402922815,4,0.10596700339620259,5,0.026880647725221248,3,0.014060710671253045,3,0.0
6,4,0,False,0,0.685,3,0.315,1,0.0,2,0.0,4,0.0,5,32.9
6,4,2,False,2,0.5754954579941236,1,0.27019581402922815,4,0.10596700339620259,5,0.026880647725221248,3,0.014060710671253045,3,0.0
6,4,2,False,2,0.5754954579941236,1,0.27019581402922815,4,0.10596700339620259,5,0.026880647725221248,3,0.014060710671253045,3,0.0
6,2,2,True,2,0.9587507492507492,4,0.04124925074925075,1,0.0,0,0.0,3,0.0,1,4.9
6,2,2,True,2,0.8836428114369289,5,0.11535718856307085,1,0.001,0,0.0,3,0.0,1,2.6
6,2,2,True,2,0.9890000000000001,6,0.006999999999999999,3,0.004,1,0.0,0,0.0,1,3.9
6,2,2,True,2,1.0,0,0.0,1,0.0,3,0.0,4,0.0,1,3.0
6,2,3,False,3,0.47417404817404823,2,0.26232104007103996,0,0.13191966366966365,1,0.13158524808524807,4,0.0,2,16.0
6,2,2,True,2,0.43838095238095226,6,0.4121190476190478,1,0.1495,0,0.0,3,0.0,1,18.0
6,2,2,True,2,0.36595238095238103,4,0.3111785714285713,3,0.3082857142857142,0,0.010416666666666668,1,0.004166666666666667,1,5.6
6,2,3,False,3,0.9015,4,0.05566666666666666,2,0.042833333333333334,1,0.0,0,0.0,3,5.7
6,2,2,True,2,0.9587507492507492,4,0.04124925074925075,1,0.0,0,0.0,3,0.0,1,4.9
6,2,2,True,2,0.885033735270577,5,0.11496626472942256,1,0.0,0,0.0,3,0.0,1,2.9
6,2,2,True,2,0.5224801587301589,3,0.24704365079365068,4,0.2304761904761904,1,0.0,0,0.0,1,5.8
6,2,2,True,2,1.0,0,0.0,1,0.0,3,0.0,4,0.0,1,3.0
6,0,0,True,0,0.695,3,0.2375,6,0.0675,1,0.0,2,0.0,1,42.0
6,1,2,False,2,0.8235689033189031,1,0.17643109668109666,0,0.0,3,0.0,4,0.0,2,3.6
6,1,2,False,2,0.5754954579941236,1,0.27019581402922815,4,0.10596700339620259,5,0.026880647725221248,3,0.014060710671253045,2,0.0
6,1,3,False,3,0.745,4,0.245,0,0.01,1,0.0,2,0.0,4,52.1
6,0,3,False,3,0.7803333333333333,4,0.15966666666666668,0,0.06,1,0.0,2,0.0,3,40.5
6,2,2,True,2,1.0,0,0.0,1,0.0,3,0.0,4,0.0,1,3.8
6,1,2,False,2,0.5754954579941236,1,0.27019581402922815,4,0.10596700339620259,5,0.026880647725221248,3,0.014060710671253045,2,0.0
6,2,2,True,2,0.5843593073593073,4,0.212533189033189,3,0.20310750360750351,1,0.0,0,0.0,1,9.8
6,1,0,False,0,0.7083333333333333,4,0.2,3,0.09166666666666666,1,0.0,2,0.0,4,51.2
6,1,2,False,2,1.0,0,0.0,1,0.0,3,0.0,4,0.0,3,3.2
6,3,3,True,3,0.5026666666666667,4,0.42733333333333334,0,0.07,1,0.0,2,0.0,1,40.6
6,1,6,False,6,0.6365476190476188,4,0.35778571428571415,1,0.003666666666666667,2,0.002,3,0.0,3,17.7
6,2,2,True,2,0.5754954579941236,1,0.27019581402922815,4,0.10596700339620259,5,0.026880647725221248,3,0.014060710671253045,1,0.0
6,2,2,True,2,0.9086666666666665,4,0.09133333333333332,1,0.0,0,0.0,3,0.0,1,10.9
6,3,3,True,3,0.7501399295149294,2,0.24986007048507033,1,0.0,0,0.0,4,0.0,1,13.4
6,3,0,False,0,0.64,3,0.16711904761904758,1,0.15288095238095237,2,0.04,4,0.0,2,24.4
6,2,2,True,2,0.34566666666666657,4,0.32323809523809516,6,0.2784285714285713,1,0.0265,3,0.026166666666666668,1,19.1
6,3,4,False,4,0.93,3,0.07,1,0.0,0,0.0,2,0.0,2,73.9
6,3,2,False,2,0.6,3,0.38599999999999995,6,0.008,0,0.006000000000000001,1,0.0,2,30.9
6,3,3,True,3,0.7501399295149294,2,0.24986007048507033,1,0.0,0,0.0,4,0.0,1,13.3
6,0,3,False,3,0.510107142857143,4,0.47989285714285707,0,0.01,1,0.0,2,0.0,3,56.7
6,0,2,False,2,0.7113333333333333,6,0.2786666666666667,0,0.01,1,0.0,3,0.0,3,19.8
6,0,4,False,4,0.66,0,0.23,6,0.1,3,0.01,2,0.0,2,55.3
6,1,2,False,2,0.5754954579941236,1,0.27019581402922815,4,0.10596700339620259,5,0.026880647725221248,3,0.014060710671253045,2,0.0
6,0,2,False,2,0.62,4,0.26,6,0.07,0,0.05,3,0.0,4,22.6
6,2,2,True,2,0.619660617160617,1,0.23104373404373388,5,0.14929564879564874,0,0.0,3,0.0,1,2.2
6,4,2,False,2,0.62,0,0.19733333333333333,6,0.16,1,0.013999999999999999,4,0.008666666666666666,5,24.2
6,0,4,False,4,0.57,0,0.43,2,0.0,1,0.0,3,0.0,2,33.9
6,1,2,False,2,0.5754954579941236,1,0.27019581402922815,4,0.10596700339620259,5,0.026880647725221248,3,0.014060710671253045,2,0.0
6,0,3,False,3,0.72,0,0.28,1,0.0,2,0.0,4,0.0,2,40.2
6,2,2,True,2,0.99,4,0.01,1,0.0,0,0.0,3,0.0,1,5.2
6,2,1,False,1,0.7226497113997116,2,0.2773502886002886,0,0.0,3,0.0,4,0.0,2,18.4
6,2,2,True,2,0.9756666666666667,6,0.024333333333333335,1,0.0,0,0.0,3,0.0,1,6.9
6,2,2,True,2,0.7933033910533909,5,0.2066966089466089,1,0.0,0,0.0,3,0.0,1,2.1
6,2,0,False,0,0.48945238095238097,2,0.4813809523809523,4,0.029166666666666664,1,0.0,3,0.0,2,22.3
6,2,2,True,2,0.49914285714285717,3,0.4958571428571428,4,0.005,1,0.0,0,0.0,1,9.5
6,3,6,False,6,0.34607936507936493,3,0.33566269841269836,0,0.29825793650793647,2,0.02,1,0.0,2,30.3
6,1,1,True,1,0.7876067821067819,3,0.21239321789321783,0,0.0,2,0.0,4,0.0,1,8.1
6,1,2,False,2,0.5754954579941236,1,0.27019581402922815,4,0.10596700339620259,5,0.026880647725221248,3,0.014060710671253045,2,0.0
6,1,2,False,2,0.5754954579941236,1,0.27019581402922815,4,0.10596700339620259,5,0.026880647725221248,3,0.014060710671253045,2,0.0
6,1,4,False,4,0.470047619047619,3,0.4156428571428571,2,0.06,6,0.054309523809523814,0,0.0,6,16.7
6,3,0,False,0,0.84,4,0.16,2,0.0,1,0.0,3,0.0,5,58.0
6,3,4,False,4,0.5524761904761905,3,0.4308571428571429,0,0.016666666666666666,1,0.0,2,0.0,2,38.7
6,1,6,False,6,0.4788571428571429,4,0.4111428571428571,3,0.05725793650793651,2,0.018591269841269843,0,0.017686507936507934,6,16.1
6,3,4,False,4,0.8699166666666668,2,0.08558333333333333,3,0.044500000000000005,1,0.0,0,0.0,3,21.4
6,2,2,True,2,0.885033735270577,5,0.11496626472942256,1,0.0,0,0.0,3,0.0,1,2.9
6,4,2,False,2,0.5754954579941236,1,0.27019581402922815,4,0.10596700339620259,5,0.026880647725221248,3,0.014060710671253045,3,0.0
6,4,2,False,2,0.9579459706959706,6,0.015998168498168496,3,0.013434065934065936,4,0.012621794871794871,0,0.0,4,14.8
6,4,2,False,2,0.6977380952380955,6,0.29559523809523813,4,0.006666666666666666,0,0.0,3,0.0,3,19.9
6,4,2,False,2,0.98,3,0.01,6,0.01,1,0.0,0,0.0,6,16.4
6,4,6,False,6,0.68,3,0.18666666666666668,4,0.11333333333333333,0,0.02,2,0.0,3,54.5
6,4,2,False,2,0.5697765845265844,3,0.3998333333333333,1,0.030390082140082143,0,0.0,4,0.0,5,10.0
6,6,6,True,6,0.5841666666666666,3,0.39583333333333337,0,0.013333333333333332,4,0.006666666666666666,2,0.0,1,35.1
6,2,2,True,2,0.761309523809524,4,0.1634047619047619,1,0.04685714285714285,0,0.018428571428571426,3,0.01,1,23.9
6,2,4,False,4,0.5142857142857143,2,0.41238095238095235,1,0.06666666666666667,0,0.006666666666666666,3,0.0,2,22.1
6,2,2,True,2,0.5754954579941236,1,0.27019581402922815,4,0.10596700339620259,5,0.026880647725221248,3,0.014060710671253045,1,0.0
6,2,1,False,1,0.7226497113997116,2,0.2773502886002886,0,0.0,3,0.0,4,0.0,2,18.4
6,0,0,True,0,0.89,2,0.1,4,0.01,1,0.0,3,0.0,1,47.3
6,3,2,False,2,0.823845238095238,6,0.08964285714285714,3,0.08651190476190475,1,0.0,0,0.0,3,10.2
6,3,2,False,2,1.0,0,0.0,1,0.0,3,0.0,4,0.0,4,11.5
6,5,2,False,2,0.5754954579941236,1,0.27019581402922815,4,0.10596700339620259,5,0.026880647725221248,3,0.014060710671253045,4,0.0
6,2,2,True,2,0.43838095238095226,6,0.4121190476190478,1,0.1495,0,0.0,3,0.0,1,18.0
6,5,2,False,2,0.5754954579941236,1,0.27019581402922815,4,0.10596700339620259,5,0.026880647725221248,3,0.014060710671253045,4,0.0
6,4,2,False,2,0.61,3,0.31225,6,0.056749999999999995,0,0.021,1,0.0,6,30.6
6,2,2,True,2,0.885033735270577,5,0.11496626472942256,1,0.0,0,0.0,3,0.0,1,2.9
6,3,2,False,2,0.6977380952380955,6,0.29559523809523813,4,0.006666666666666666,0,0.0,3,0.0,5,19.9
6,4,0,False,0,0.7538174603174603,4,0.2461825396825396,2,0.0,1,0.0,3,0.0,2,36.0
6,0,0,True,0,0.61125,4,0.30874999999999997,3,0.0575,6,0.0225,2,0.0,1,42.5
6,3,0,False,0,0.44616666666666654,4,0.4438333333333334,3,0.11,1,0.0,2,0.0,3,39.2
6,2,2,True,2,0.5701666666666667,4,0.4033333333333334,6,0.0265,0,0.0,3,0.0,1,17.6
6,0,0,True,0,0.76,2,0.21,6,0.03,1,0.0,3,0.0,1,47.0
6,4,2,False,2,0.5754954579941236,1,0.27019581402922815,4,0.10596700339620259,5,0.026880647725221248,3,0.014060710671253045,3,0.0
6,4,2,False,2,0.5754954579941236,1,0.27019581402922815,4,0.10596700339620259,5,0.026880647725221248,3,0.014060710671253045,3,0.0
6,2,2,True,2,0.9587507492507492,4,0.04124925074925075,1,0.0,0,0.0,3,0.0,1,4.9
6,2,2,True,2,0.7806923076923076,6,0.21930769230769212,1,0.0,0,0.0,3,0.0,1,8.0
6,2,1,False,1,0.5206428571428571,2,0.46185714285714297,6,0.0175,0,0.0,3,0.0,2,18.1
6,2,2,True,2,1.0,0,0.0,1,0.0,3,0.0,4,0.0,1,6.1
6,2,2,True,2,0.885033735270577,5,0.11496626472942256,1,0.0,0,0.0,3,0.0,1,2.9
6,2,2,True,2,1.0,0,0.0,1,0.0,3,0.0,4,0.0,1,3.1
6,2,2,True,2,0.5754954579941236,1,0.27019581402922815,4,0.10596700339620259,5,0.026880647725221248,3,0.014060710671253045,1,0.0
6,2,2,True,2,0.5754954579941236,1,0.27019581402922815,4,0.10596700339620259,5,0.026880647725221248,3,0.014060710671253045,1,0.0
6,2,2,True,2,0.5754954579941236,1,0.27019581402922815,4,0.10596700339620259,5,0.026880647725221248,3,0.014060710671253045,1,0.0
6,2,2,True,2,0.5754954579941236,1,0.27019581402922815,4,0.10596700339620259,5,0.026880647725221248,3,0.014060710671253045,1,0.0
6,2,2,True,2,0.5754954579941236,1,0.27019581402922815,4,0.10596700339620259,5,0.026880647725221248,3,0.014060710671253045,1,0.0
6,5,2,False,2,0.802364056572144,5,0.14505200185953102,1,0.05258394156832465,0,0.0,3,0.0,2,2.5
6,2,2,True,2,0.5754954579941236,1,0.27019581402922815,4,0.10596700339620259,5,0.026880647725221248,3,0.014060710671253045,1,0.0
6,2,2,True,2,0.8342362914862914,6,0.16576370851370847,1,0.0,0,0.0,3,0.0,1,4.5
6,2,2,True,2,0.823845238095238,6,0.08964285714285714,3,0.08651190476190475,1,0.0,0,0.0,1,10.2
6,2,2,True,2,0.5651666666666668,3,0.40016666666666656,4,0.034666666666666665,1,0.0,0,0.0,1,8.3
6,2,2,True,2,0.5754954579941236,1,0.27019581402922815,4,0.10596700339620259,5,0.026880647725221248,3,0.014060710671253045,1,0.0
6,2,2,True,2,0.5754954579941236,1,0.27019581402922815,4,0.10596700339620259,5,0.026880647725221248,3,0.014060710671253045,1,0.0
6,6,3,False,3,0.5236666666666666,4,0.41633333333333344,0,0.05999999999999999,1,0.0,2,0.0,7,29.6
6,6,0,False,0,0.644,2,0.17,6,0.16,1,0.017333333333333333,4,0.005333333333333333,3,24.3
6,2,2,True,2,0.619660617160617,1,0.23104373404373388,5,0.14929564879564874,0,0.0,3,0.0,1,2.2
6,2,2,True,2,0.98,1,0.02,0,0.0,3,0.0,4,0.0,1,15.0
6,2,2,True,2,0.5754954579941236,1,0.27019581402922815,4,0.10596700339620259,5,0.026880647725221248,3,0.014060710671253045,1,0.0
6,2,2,True,2,0.5754954579941236,1,0.27019581402922815,4,0.10596700339620259,5,0.026880647725221248,3,0.014060710671253045,1,0.0
6,2,2,True,2,0.5754954579941236,1,0.27019581402922815,4,0.10596700339620259,5,0.026880647725221248,3,0.014060710671253045,1,0.0
6,2,3,False,3,0.5045,2,0.48650000000000004,0,0.009000000000000001,1,0.0,4,0.0,2,19.4
6,2,2,True,2,0.5754954579941236,1,0.27019581402922815,4,0.10596700339620259,5,0.026880647725221248,3,0.014060710671253045,1,0.0
6,2,2,True,2,0.5754954579941236,1,0.27019581402922815,4,0.10596700339620259,5,0.026880647725221248,3,0.014060710671253045,1,0.0
6,6,4,False,4,0.93,3,0.07,1,0.0,0,0.0,2,0.0,7,73.8
6,6,2,False,2,0.737988095238095,3,0.2545119047619047,6,0.0075,1,0.0,0,0.0,3,9.4
6,6,2,False,2,0.5322261904761906,5,0.2544523809523808,6,0.21332142857142852,0,0.0,3,0.0,3,9.1
6,2,2,True,2,0.5754954579941236,1,0.27019581402922815,4,0.10596700339620259,5,0.026880647725221248,3,0.014060710671253045,1,0.0
6,2,2,True,2,0.5754954579941236,1,0.27019581402922815,4,0.10596700339620259,5,0.026880647725221248,3,0.014060710671253045,1,0.0
6,6,2,False,2,0.5636110278610278,6,0.43638897213897215,1,0.0,0,0.0,3,0.0,2,6.7
6,6,2,False,2,0.5701666666666667,4,0.4033333333333334,6,0.0265,0,0.0,3,0.0,3,17.6
6,2,2,True,2,0.7806923076923076,6,0.21930769230769212,1,0.0,0,0.0,3,0.0,1,8.0
6,2,2,True,2,0.63,3,0.34,6,0.03,1,0.0,0,0.0,1,23.2
7,1,4,False,4,0.6658333333333334,2,0.1733333333333333,6,0.16083333333333336,0,0.0,3,0.0,6,22.0
7,0,2,False,2,0.5228032800532799,3,0.3175878288378287,1,0.15960889110889104,0,0.0,4,0.0,4,16.0
7,3,3,True,3,0.8894444444444445,0,0.1,2,0.007222222222222222,4,0.003333333333333333,1,0.0,1,13.6
7,2,2,True,2,0.5778574025981823,1,0.26057490567170594,4,0.11101214954739874,5,0.02873996247515305,3,0.014526681080932751,1,0.0
7,2,2,True,2,0.8144437784437782,1,0.17888955488955482,3,0.003333333333333333,4,0.003333333333333333,0,0.0,1,9.9
7,2,2,True,2,0.5778574025981823,1,0.26057490567170594,4,0.11101214954739874,5,0.02873996247515305,3,0.014526681080932751,1,0.0
7,2,6,False,6,0.5406666666666665,3,0.3710000000000001,2,0.08833333333333333,1,0.0,0,0.0,3,21.7
7,2,2,True,2,0.68,3,0.32,1,0.0,0,0.0,4,0.0,1,11.1
7,0,3,False,3,0.48865476190476187,0,0.27461111111111103,6,0.23673412698412688,1,0.0,2,0.0,2,30.2
7,2,2,True,2,0.359547619047619,3,0.3208333333333333,6,0.3196190476190475,1,0.0,0,0.0,1,9.4
7,0,3,False,3,0.8125,0,0.185,4,0.0025,1,0.0,2,0.0,2,46.1
7,3,4,False,4,0.81,6,0.18,3,0.01,0,0.0,2,0.0,3,91.0
7,4,3,False,3,0.63,4,0.21533333333333335,0,0.15466666666666667,1,0.0,2,0.0,2,64.0
7,4,4,True,4,0.81,3,0.15,6,0.04,0,0.0,2,0.0,1,74.9
7,2,2,True,2,1.0,0,0.0,1,0.0,3,0.0,4,0.0,1,6.1
7,2,2,True,2,1.0,0,0.0,1,0.0,3,0.0,4,0.0,1,3.0
7,2,2,True,2,1.0,0,0.0,1,0.0,3,0.0,4,0.0,1,3.7
7,2,2,True,2,0.8607382756132756,1,0.13926172438672435,0,0.0,3,0.0,4,0.0,1,3.2
7,2,2,True,2,1.0,0,0.0,1,0.0,3,0.0,4,0.0,1,5.4
7,2,2,True,2,0.6759047619047617,4,0.27409523809523806,6,0.029666666666666668,3,0.02033333333333333,0,0.0,1,16.4
7,2,6,False,6,0.4789999999999999,3,0.3710000000000001,2,0.15,1,0.0,0,0.0,3,21.6
7,1,4,False,4,0.71,3,0.26139285714285715,6,0.02860714285714286,0,0.0,2,0.0,6,44.0
7,3,3,True,3,0.5471666666666666,0,0.45283333333333337,1,0.0,2,0.0,4,0.0,1,37.5
7,3,3,True,3,0.7204632034632033,6,0.2595367965367965,4,0.02,0,0.0,2,0.0,1,44.2
7,0,3,False,3,0.63,4,0.355,0,0.015,1,0.0,2,0.0,3,63.1
7,0,3,False,3,0.9916666666666667,4,0.008333333333333333,1,0.0,0,0.0,2,0.0,4,40.9
7,1,2,False,2,0.5778574025981823,1,0.26057490567170594,4,0.11101214954739874,5,0.02873996247515305,3,0.014526681080932751,2,0.0
7,3,6,False,6,0.63,0,0.24,3,0.11,4,0.02,2,0.0,3,33.4
7,3,0,False,0,0.71,4,0.1488095238095238,3,0.1411904761904762,1,0.0,2,0.0,3,49.8
7,3,3,True,3,0.5524494949494948,4,0.19304076479076468,1,0.13181619769119765,2,0.1226935425685426,0,0.0,1,13.9
7,2,2,True,2,0.7999563492063492,5,0.1925198412698412,1,0.007523809523809524,0,0.0,3,0.0,1,2.3
7,1,2,False,2,0.5778574025981823,1,0.26057490567170594,4,0.11101214954739874,5,0.02873996247515305,3,0.014526681080932751,2,0.0
7,1,2,False,2,0.5778574025981823,1,0.26057490567170594,4,0.11101214954739874,5,0.02873996247515305,3,0.014526681080932751,2,0.0
7,1,2,False,2,0.5778574025981823,1,0.26057490567170594,4,0.11101214954739874,5,0.02873996247515305,3,0.014526681080932751,2,0.0
7,4,2,False,2,1.0,0,0.0,1,0.0,3,0.0,4,0.0,5,6.3
7,1,2,False,2,0.5778574025981823,1,0.26057490567170594,4,0.11101214954739874,5,0.02873996247515305,3,0.014526681080932751,2,0.0
7,4,4,True,4,0.65,0,0.35,2,0.0,1,0.0,3,0.0,1,48.9
7,4,0,False,0,0.6389166666666667,3,0.32650000000000007,4,0.03458333333333333,1,0.0,2,0.0,3,39.0
7,1,2,False,2,0.4143146298146298,1,0.3984075369075369,3,0.18727783327783323,0,0.0,4,0.0,2,17.4
7,4,2,False,2,0.5778574025981823,1,0.26057490567170594,4,0.11101214954739874,5,0.02873996247515305,3,0.014526681080932751,3,0.0
7,4,4,True,4,0.67,0,0.27,3,0.04,6,0.02,2,0.0,1,57.8
7,4,2,False,2,0.5778574025981823,1,0.26057490567170594,4,0.11101214954739874,5,0.02873996247515305,3,0.014526681080932751,3,0.0
7,2,2,True,2,0.985,4,0.01,3,0.005,1,0.0,0,0.0,1,8.5
7,2,2,True,2,0.7325935730935731,6,0.14138261738261737,3,0.12602380952380948,1,0.0,0,0.0,1,7.1
7,2,2,True,2,0.8980170940170942,4,0.06227380952380952,1,0.039709096459096455,0,0.0,3,0.0,1,8.8
7,2,2,True,2,0.6878809523809525,4,0.3021190476190476,3,0.01,1,0.0,0,0.0,1,10.8
7,2,2,True,2,0.359547619047619,3,0.3208333333333333,6,0.3196190476190475,1,0.0,0,0.0,1,9.4
7,2,2,True,2,0.6587301587301586,3,0.17965873015873013,4,0.16161111111111107,1,0.0,0,0.0,1,9.8
7,2,2,True,2,0.9313095238095238,4,0.06869047619047619,1,0.0,0,0.0,3,0.0,1,5.9
7,3,2,False,2,0.7625515873015876,4,0.23744841269841266,1,0.0,0,0.0,3,0.0,5,5.8
7,0,0,True,0,0.91,2,0.08,4,0.01,1,0.0,3,0.0,1,47.4
7,3,0,False,0,0.75,3,0.25,1,0.0,2,0.0,4,0.0,2,41.3
7,1,1,True,1,0.8182730880230876,3,0.17172691197691192,2,0.01,0,0.0,4,0.0,1,8.1
7,1,2,False,2,0.5778574025981823,1,0.26057490567170594,4,0.11101214954739874,5,0.02873996247515305,3,0.014526681080932751,2,0.0
7,3,2,False,2,0.6743333333333331,1,0.29899999999999993,3,0.026666666666666665,0,0.0,4,0.0,3,10.6
7,3,6,False,6,0.585,3,0.2076666666666667,0,0.2023333333333333,4,0.005,2,0.0,2,31.7
7,3,3,True,3,0.7498286574536569,2,0.25017134254634243,1,0.0,0,0.0,4,0.0,1,13.4
7,3,4,False,4,0.2148293650793649,3,0.2063849206349206,0,0.2051547619047618,1,0.19247619047619047,2,0.18115476190476193,2,5.5
7,0,0,True,0,0.3549642857142856,4,0.33884523809523803,2,0.27852380952380945,3,0.025666666666666664,6,0.002,1,29.1
7,3,2,False,2,0.5228032800532799,3,0.3175878288378287,1,0.15960889110889104,0,0.0,4,0.0,2,16.0
7,4,2,False,2,0.48592857142857165,4,0.27443650793650787,0,0.2396349206349206,1,0.0,3,0.0,2,15.8
7,0,3,False,3,0.9573333333333334,0,0.042666666666666665,1,0.0,2,0.0,4,0.0,2,37.7
7,0,3,False,3,0.62,0,0.22,4,0.16,1,0.0,2,0.0,2,58.0
7,4,2,False,2,0.726,3,0.27399999999999997,1,0.0,0,0.0,4,0.0,5,12.7
7,4,2,False,2,0.5778574025981823,1,0.26057490567170594,4,0.11101214954739874,5,0.02873996247515305,3,0.014526681080932751,3,0.0
7,4,3,False,3,0.5053333333333332,0,0.4446666666666667,1,0.04,4,0.01,2,0.0,4,52.5
7,4,2,False,2,0.5778574025981823,1,0.26057490567170594,4,0.11101214954739874,5,0.02873996247515305,3,0.014526681080932751,3,0.0
7,2,4,False,4,0.49095238095238103,2,0.47154761904761905,3,0.025,6,0.0125,0,0.0,2,12.4
7,2,1,False,1,0.7997777777777776,0,0.20022222222222216,2,0.0,3,0.0,4,0.0,3,18.2
7,2,2,True,2,0.42679761904761887,4,0.29142857142857137,6,0.28177380952380937,0,0.0,3,0.0,1,4.2
7,2,2,True,2,0.6759047619047617,4,0.27409523809523806,6,0.029666666666666668,3,0.02033333333333333,0,0.0,1,16.4
7,2,2,True,2,0.716,3,0.24,6,0.03,4,0.01,0,0.004,1,23.2
7,2,2,True,2,1.0,0,0.0,1,0.0,3,0.0,4,0.0,1,11.4
7,2,2,True,2,0.3512738095238095,6,0.309547619047619,4,0.30084523809523805,1,0.03833333333333333,3,0.0,1,19.1
7,2,2,True,2,0.5379523809523811,3,0.4620476190476189,1,0.0,0,0.0,4,0.0,1,10.5
7,5,2,False,2,1.0,0,0.0,1,0.0,3,0.0,4,0.0,6,2.9
7,2,2,True,2,0.9671666666666667,3,0.03283333333333333,1,0.0,0,0.0,4,0.0,1,12.9
7,3,1,False,1,0.46802380952380956,4,0.4344761904761904,3,0.09,2,0.005,6,0.0025,3,19.0
7,3,4,False,4,0.81,6,0.17,3,0.02,0,0.0,2,0.0,3,91.9
7,3,2,False,2,0.9570833333333333,4,0.04,6,0.0029166666666666664,0,0.0,3,0.0,5,6.4
7,3,0,False,0,0.42859523809523814,3,0.4214047619047618,4,0.0775,1,0.0725,2,0.0,2,28.4
7,3,3,True,3,0.7498286574536569,2,0.25017134254634243,1,0.0,0,0.0,4,0.0,1,13.4
7,2,2,True,2,0.4429999999999999,0,0.4370000000000001,4,0.07666666666666667,3,0.04333333333333333,1,0.0,1,13.2
7,5,6,False,6,0.5662261904761905,2,0.4337738095238096,1,0.0,0,0.0,3,0.0,7,9.1
7,3,2,False,2,0.4143146298146298,1,0.3984075369075369,3,0.18727783327783323,0,0.0,4,0.0,3,17.4
7,3,0,False,0,0.5361666666666667,3,0.44549999999999995,4,0.018333333333333333,1,0.0,2,0.0,2,32.6
7,2,2,True,2,0.5778574025981823,1,0.26057490567170594,4,0.11101214954739874,5,0.02873996247515305,3,0.014526681080932751,1,0.0
7,1,2,False,2,0.5778574025981823,1,0.26057490567170594,4,0.11101214954739874,5,0.02873996247515305,3,0.014526681080932751,2,0.0
7,4,6,False,6,0.5145000000000001,1,0.42349999999999993,4,0.062,0,0.0,3,0.0,3,17.8
7,2,2,True,2,0.8422987290487289,5,0.1577012709512709,1,0.0,0,0.0,3,0.0,1,2.6
7,0,0,True,0,0.9640000000000001,4,0.036000000000000004,2,0.0,1,0.0,3,0.0,1,34.3
7,1,2,False,2,0.5778574025981823,1,0.26057490567170594,4,0.11101214954739874,5,0.02873996247515305,3,0.014526681080932751,2,0.0
7,1,2,False,2,0.4143146298146298,1,0.3984075369075369,3,0.18727783327783323,0,0.0,4,0.0,2,17.4
7,4,0,False,0,0.88,4,0.1,3,0.02,1,0.0,2,0.0,2,49.5
7,0,0,True,0,0.62,3,0.38,1,0.0,2,0.0,4,0.0,1,40.0
7,0,4,False,4,0.48766666666666664,1,0.37233333333333335,2,0.13,6,0.01,3,0.0,6,24.0
7,1,2,False,2,0.7950444893862293,5,0.2049555106137707,1,0.0,0,0.0,3,0.0,3,2.5
7,1,2,False,2,0.5778574025981823,1,0.26057490567170594,4,0.11101214954739874,5,0.02873996247515305,3,0.014526681080932751,2,0.0
7,4,3,False,3,0.64,2,0.2565,1,0.1035,0,0.0,4,0.0,5,18.8
7,4,4,True,4,0.615,3,0.29091558441558446,6,0.09408441558441558,0,0.0,2,0.0,1,44.3
7,2,3,False,3,0.614844155844156,2,0.36832251082251083,1,0.016833333333333332,0,0.0,4,0.0,2,18.5
7,2,2,True,2,0.6465000000000001,3,0.18583333333333332,4,0.12666666666666665,6,0.040999999999999995,0,0.0,1,20.0
7,2,2,True,2,0.4429999999999999,0,0.4370000000000001,4,0.07666666666666667,3,0.04333333333333333,1,0.0,1,13.2
7,2,2,True,2,0.5778574025981823,1,0.26057490567170594,4,0.11101214954739874,5,0.02873996247515305,3,0.014526681080932751,1,0.0
7,2,2,True,2,1.0,0,0.0,1,0.0,3,0.0,4,0.0,1,3.1
7,2,2,True,2,0.5778574025981823,1,0.26057490567170594,4,0.11101214954739874,5,0.02873996247515305,3,0.014526681080932751,1,0.0
7,2,2,True,2,1.0,0,0.0,1,0.0,3,0.0,4,0.0,1,3.0
7,2,2,True,2,0.5778574025981823,1,0.26057490567170594,4,0.11101214954739874,5,0.02873996247515305,3,0.014526681080932751,1,0.0
7,2,2,True,2,0.5778574025981823,1,0.26057490567170594,4,0.11101214954739874,5,0.02873996247515305,3,0.014526681080932751,1,0.0
7,2,2,True,2,0.8583809523809525,6,0.13733333333333334,1,0.004285714285714285,0,0.0,3,0.0,1,3.4
7,2,2,True,2,0.5778574025981823,1,0.26057490567170594,4,0.11101214954739874,5,0.02873996247515305,3,0.014526681080932751,1,0.0
7,2,2,True,2,0.5778574025981823,1,0.26057490567170594,4,0.11101214954739874,5,0.02873996247515305,3,0.014526681080932751,1,0.0
7,2,2,True,2,0.5778574025981823,1,0.26057490567170594,4,0.11101214954739874,5,0.02873996247515305,3,0.014526681080932751,1,0.0
7,2,2,True,2,0.5778574025981823,1,0.26057490567170594,4,0.11101214954739874,5,0.02873996247515305,3,0.014526681080932751,1,0.0
7,6,2,False,2,0.6465000000000001,3,0.18583333333333332,4,0.12666666666666665,6,0.040999999999999995,0,0.0,4,20.0
7,2,2,True,2,0.5579693362193362,5,0.30115692640692626,1,0.14087373737373732,0,0.0,3,0.0,1,2.4
7,6,1,False,1,0.4111190476190476,6,0.31033333333333335,4,0.2785476190476189,0,0.0,3,0.0,2,17.7
7,2,2,True,2,0.985,4,0.01,3,0.005,1,0.0,0,0.0,1,8.5
7,6,4,False,4,0.5241666666666667,6,0.3716666666666667,3,0.07916666666666666,0,0.025,2,0.0,2,32.1
7,2,2,True,2,0.4365952380952381,3,0.29141269841269835,6,0.2719920634920635,1,0.0,0,0.0,1,10.1
7,2,2,True,2,1.0,0,0.0,1,0.0,3,0.0,4,0.0,1,3.0
7,2,2,True,2,0.7950444893862293,5,0.2049555106137707,1,0.0,0,0.0,3,0.0,1,2.5
7,2,4,False,4,0.5042857142857143,2,0.47154761904761905,6,0.01583333333333333,3,0.008333333333333333,0,0.0,2,12.3
7,2,4,False,4,0.72,1,0.22,0,0.06,2,0.0,3,0.0,4,25.1
7,2,4,False,4,0.572047619047619,3,0.32,2,0.08376190476190476,0,0.02419047619047619,1,0.0,3,15.7
7,2,2,True,2,0.8066666666666665,1,0.19,6,0.003333333333333333,0,0.0,3,0.0,1,7.8
7,6,0,False,0,0.3549642857142856,4,0.33884523809523803,2,0.27852380952380945,3,0.025666666666666664,6,0.002,5,29.1
7,6,2,False,2,0.9733333333333334,6,0.02333333333333333,3,0.003333333333333333,1,0.0,0,0.0,2,9.3
7,6,2,False,2,0.8980170940170942,4,0.06227380952380952,1,0.039709096459096455,0,0.0,3,0.0,7,8.8
7,2,2,True,2,0.5778574025981823,1,0.26057490567170594,4,0.11101214954739874,5,0.02873996247515305,3,0.014526681080932751,1,0.0
7,6,6,True,6,0.5357458652458652,2,0.4642541347541347,1,0.0,0,0.0,3,0.0,1,6.7
7,2,2,True,2,1.0,0,0.0,1,0.0,3,0.0,4,0.0,1,5.4
7,2,6,False,6,0.5145000000000001,1,0.42349999999999993,4,0.062,0,0.0,3,0.0,6,17.8
7,2,6,False,6,0.5357458652458652,2,0.4642541347541347,1,0.0,0,0.0,3,0.0,2,6.7
7,2,2,True,2,1.0,0,0.0,1,0.0,3,0.0,4,0.0,1,11.4
7,2,2,True,2,0.5778574025981823,1,0.26057490567170594,4,0.11101214954739874,5,0.02873996247515305,3,0.014526681080932751,1,0.0
7,2,4,False,4,0.5183809523809525,2,0.46761904761904755,0,0.013999999999999999,1,0.0,3,0.0,2,22.1
7,5,2,False,2,0.5778574025981823,1,0.26057490567170594,4,0.11101214954739874,5,0.02873996247515305,3,0.014526681080932751,4,0.0
7,2,2,True,2,1.0,0,0.0,1,0.0,3,0.0,4,0.0,1,3.0
8,1,2,False,2,0.5734639377266144,1,0.26079619002055265,4,0.11242572786043098,5,0.031851117343259315,3,0.013950002278041216,2,0.0
8,0,3,False,3,0.965,0,0.035,1,0.0,2,0.0,4,0.0,2,37.4
8,3,4,False,4,0.64,0,0.31,3,0.05,1,0.0,2,0.0,3,50.1
8,3,3,True,3,0.6047403568653565,2,0.39525964313464307,1,0.0,0,0.0,4,0.0,1,13.5
8,3,3,True,3,0.58,2,0.26666666666666666,4,0.15333333333333332,1,0.0,0,0.0,1,23.6
8,0,3,False,3,0.5323095238095238,4,0.37352380952380954,0,0.08416666666666667,6,0.01,2,0.0,3,41.4
8,2,2,True,2,0.8710934620934618,1,0.12890653790653786,0,0.0,3,0.0,4,0.0,1,3.2
8,2,6,False,6,0.3812380952380952,2,0.3191785714285715,4,0.2975833333333333,3,0.002,0,0.0,2,20.1
8,3,0,False,0,0.59,6,0.25436904761904766,4,0.14813095238095242,3,0.0075,2,0.0,4,32.2
8,3,4,False,4,0.44799999999999995,1,0.43199999999999994,3,0.08416666666666668,6,0.035833333333333335,2,0.0,3,43.9
8,1,2,False,2,0.5734639377266144,1,0.26079619002055265,4,0.11242572786043098,5,0.031851117343259315,3,0.013950002278041216,2,0.0
8,1,2,False,2,0.5734639377266144,1,0.26079619002055265,4,0.11242572786043098,5,0.031851117343259315,3,0.013950002278041216,2,0.0
8,1,1,True,1,0.5170097402597403,0,0.2514372294372294,2,0.23155303030303023,3,0.0,4,0.0,1,18.2
8,4,2,False,2,0.5734639377266144,1,0.26079619002055265,4,0.11242572786043098,5,0.031851117343259315,3,0.013950002278041216,3,0.0
8,3,0,False,0,0.3357738095238095,6,0.3290992063492063,3,0.32512698412698415,2,0.01,1,0.0,3,30.4
8,4,2,False,2,0.5959523809523808,3,0.35724999999999985,4,0.031214285714285715,1,0.010583333333333333,5,0.005,3,9.0
8,4,2,False,2,0.5734639377266144,1,0.26079619002055265,4,0.11242572786043098,5,0.031851117343259315,3,0.013950002278041216,3,0.0
8,4,2,False,2,0.661952380952381,3,0.32929761904761906,0,0.00375,1,0.0025,4,0.0025,5,5.6
8,4,2,False,2,0.96,4,0.04,1,0.0,0,0.0,3,0.0,2,12.3
8,0,3,False,3,0.5747142857142857,0,0.42528571428571427,1,0.0,2,0.0,4,0.0,2,46.0
8,3,4,False,4,0.9,0,0.09,3,0.01,1,0.0,2,0.0,3,76.5
8,2,2,True,2,0.7460844013914789,5,0.20823752817969987,1,0.045678070428820855,0,0.0,3,0.0,1,2.5
8,2,2,True,2,1.0,0,0.0,1,0.0,3,0.0,4,0.0,1,5.4
8,2,2,True,2,0.5091428571428572,3,0.449579365079365,1,0.025166666666666667,4,0.016111111111111114,0,0.0,1,13.8
8,2,2,True,2,1.0,0,0.0,1,0.0,3,0.0,4,0.0,1,5.3
8,2,6,False,6,0.3661309523809523,0,0.3279642857142857,3,0.3059047619047619,1,0.0,2,0.0,5,20.8
8,2,2,True,2,0.99125,1,0.00875,0,0.0,3,0.0,4,0.0,1,2.1
8,2,2,True,2,0.8370490620490618,6,0.1629509379509379,1,0.0,0,0.0,3,0.0,1,6.6
8,2,2,True,2,0.7460844013914789,5,0.20823752817969987,1,0.045678070428820855,0,0.0,3,0.0,1,2.5
8,2,1,False,1,0.506410039307098,3,0.28216656627686026,2,0.21142339441604147,0,0.0,4,0.0,3,17.4
8,2,2,True,2,0.6068636363636363,3,0.204842352092352,4,0.1882940115440115,1,0.0,0,0.0,1,9.8
8,5,2,False,2,1.0,0,0.0,1,0.0,3,0.0,4,0.0,6,2.8
8,1,2,False,2,0.7268809523809523,3,0.2731190476190476,1,0.0,0,0.0,4,0.0,3,10.6
8,1,2,False,2,0.5734639377266144,1,0.26079619002055265,4,0.11242572786043098,5,0.031851117343259315,3,0.013950002278041216,2,0.0
8,3,0,False,0,0.45266666666666666,3,0.43066666666666664,6,0.10666666666666667,2,0.01,1,0.0,2,31.5
8,1,2,False,2,0.5734639377266144,1,0.26079619002055265,4,0.11242572786043098,5,0.031851117343259315,3,0.013950002278041216,2,0.0
8,1,4,False,4,0.5456666666666667,2,0.3568333333333334,6,0.05466666666666667,1,0.042833333333333334,3,0.0,4,17.8
8,2,2,True,2,0.7293333333333334,0,0.16,3,0.08,4,0.030666666666666665,1,0.0,1,15.5
8,3,4,False,4,0.6920000000000001,2,0.23799999999999996,0,0.064,1,0.006,3,0.0,5,13.1
8,0,4,False,4,0.6818452380952382,3,0.2703809523809524,0,0.047773809523809524,1,0.0,2,0.0,3,39.0
8,3,2,False,2,0.5091428571428572,3,0.449579365079365,1,0.025166666666666667,4,0.016111111111111114,0,0.0,2,13.8
8,3,3,True,3,0.8600000000000001,0,0.14,1,0.0,2,0.0,4,0.0,1,41.2
8,3,3,True,3,0.7666666666666666,0,0.18833333333333332,6,0.035,2,0.01,1,0.0,1,31.4
8,0,3,False,3,0.67,0,0.3,4,0.02,1,0.01,2,0.0,2,50.4
8,3,4,False,4,0.47021428571428564,6,0.4357857142857144,0,0.06,3,0.034,2,0.0,4,29.6
8,2,0,False,0,1.0,1,0.0,2,0.0,3,0.0,4,0.0,3,47.1
8,0,0,True,0,0.5355000000000001,4,0.40449999999999997,3,0.06,1,0.0,2,0.0,1,42.6
8,4,0,False,0,0.68,3,0.28,4,0.04,1,0.0,2,0.0,3,59.0
8,1,1,True,1,0.506410039307098,3,0.28216656627686026,2,0.21142339441604147,0,0.0,4,0.0,1,17.4
8,1,2,False,2,0.5734639377266144,1,0.26079619002055265,4,0.11242572786043098,5,0.031851117343259315,3,0.013950002278041216,2,0.0
8,4,0,False,0,0.78,3,0.19,4,0.03,1,0.0,2,0.0,3,79.2
8,4,2,False,2,0.61,0,0.2348333333333333,3,0.15516666666666665,1,0.0,4,0.0,5,26.3
8,4,2,False,2,0.5734639377266144,1,0.26079619002055265,4,0.11242572786043098,5,0.031851117343259315,3,0.013950002278041216,3,0.0
8,0,0,True,0,0.78,3,0.22,1,0.0,2,0.0,4,0.0,1,42.0
8,3,2,False,2,0.591,4,0.39899999999999997,3,0.01,1,0.0,0,0.0,3,23.7
8,2,4,False,4,0.41700000000000004,3,0.413,0,0.15,2,0.02,1,0.0,4,20.4
8,5,2,False,2,0.99125,1,0.00875,0,0.0,3,0.0,4,0.0,6,2.1
8,2,2,True,2,0.9448715728715729,1,0.027913780663780665,6,0.027214646464646462,0,0.0,3,0.0,1,7.6
8,2,0,False,0,0.63,6,0.25,3,0.065,4,0.05499999999999999,2,0.0,5,19.7
8,2,2,True,2,0.4980238095238094,3,0.27191269841269833,6,0.2300634920634921,1,0.0,0,0.0,1,9.4
8,2,4,False,4,0.64,6,0.19933333333333333,0,0.15066666666666667,3,0.01,2,0.0,5,24.2
8,3,2,False,2,0.5513809523809524,3,0.4486190476190475,1,0.0,0,0.0,4,0.0,2,5.7
8,3,3,True,3,0.995,0,0.005,1,0.0,2,0.0,4,0.0,1,45.9
8,3,3,True,3,0.6280357142857141,6,0.31196428571428564,4,0.03166666666666666,1,0.028333333333333332,2,0.0,1,44.1
8,0,4,False,4,0.65,3,0.22,0,0.13,1,0.0,2,0.0,3,49.6
8,1,2,False,2,0.5734639377266144,1,0.26079619002055265,4,0.11242572786043098,5,0.031851117343259315,3,0.013950002278041216,2,0.0
8,2,2,True,2,1.0,0,0.0,1,0.0,3,0.0,4,0.0,1,3.8
8,3,6,False,6,0.72,4,0.20122222222222225,2,0.07877777777777778,0,0.0,3,0.0,5,16.3
8,4,3,False,3,0.62,0,0.27,4,0.07,1,0.04,2,0.0,3,51.6
8,4,4,True,4,0.47633333333333333,1,0.4036666666666666,0,0.07,3,0.05,2,0.0,1,28.0
8,4,3,False,3,0.6047403568653565,2,0.39525964313464307,1,0.0,0,0.0,4,0.0,5,13.5
8,4,3,False,3,0.9176666666666666,0,0.08233333333333334,1,0.0,2,0.0,4,0.0,5,40.6
8,0,0,True,0,0.73,3,0.21,4,0.06,1,0.0,2,0.0,1,53.2
8,4,2,False,2,0.965111111111111,3,0.034888888888888886,1,0.0,0,0.0,4,0.0,5,18.6
8,2,0,False,0,0.486595238095238,6,0.25967857142857137,4,0.25372619047619044,1,0.0,3,0.0,6,29.1
8,2,2,True,2,0.8041785714285713,1,0.19439285714285715,6,0.0014285714285714286,0,0.0,3,0.0,1,4.7
8,2,2,True,2,0.5734639377266144,1,0.26079619002055265,4,0.11242572786043098,5,0.031851117343259315,3,0.013950002278041216,1,0.0
8,2,2,True,2,1.0,0,0.0,1,0.0,3,0.0,4,0.0,1,7.1
8,2,2,True,2,0.503388888888889,4,0.2671825396825395,1,0.22742857142857137,6,0.002,3,0.0,1,8.9
8,2,2,True,2,0.8130194805194805,6,0.1803138528138528,1,0.006666666666666666,0,0.0,3,0.0,1,8.0
8,2,2,True,2,0.5819023754023754,5,0.295398629148629,1,0.12269899544899544,0,0.0,3,0.0,1,2.4
8,2,2,True,2,0.9448715728715729,1,0.027913780663780665,6,0.027214646464646462,0,0.0,3,0.0,1,7.6
8,2,2,True,2,0.99125,1,0.00875,0,0.0,3,0.0,4,0.0,1,2.1
8,2,2,True,2,1.0,0,0.0,1,0.0,3,0.0,4,0.0,1,6.0
8,0,3,False,3,0.5098095238095237,4,0.37352380952380954,0,0.06416666666666666,6,0.0525,2,0.0,3,41.5
8,3,0,False,0,0.3357738095238095,6,0.3290992063492063,3,0.32512698412698415,2,0.01,1,0.0,3,30.3
8,5,2,False,2,0.713575369075369,6,0.14551776001775998,1,0.1409068709068708,0,0.0,3,0.0,7,7.5
8,3,2,False,2,1.0,0,0.0,1,0.0,3,0.0,4,0.0,4,7.1
8,1,3,False,3,0.9,2,0.05,0,0.028333333333333332,6,0.021666666666666664,1,0.0,5,24.5
8,4,0,False,0,0.59,6,0.25436904761904766,4,0.14813095238095242,3,0.0075,2,0.0,3,32.2
8,0,0,True,0,0.975,4,0.025,2,0.0,1,0.0,3,0.0,1,34.3
8,1,2,False,2,0.5734639377266144,1,0.26079619002055265,4,0.11242572786043098,5,0.031851117343259315,3,0.013950002278041216,2,0.0
8,4,3,False,3,0.67,0,0.22166666666666665,4,0.10833333333333332,1,0.0,2,0.0,3,56.1
8,4,4,True,4,0.591,0,0.36900000000000005,6,0.03214285714285715,3,0.007857142857142858,2,0.0,1,34.9
8,3,0,False,0,0.8015000000000001,4,0.10519047619047617,6,0.0933095238095238,1,0.0,3,0.0,5,29.2
8,1,2,False,2,0.5734639377266144,1,0.26079619002055265,4,0.11242572786043098,5,0.031851117343259315,3,0.013950002278041216,2,0.0
8,1,2,False,2,0.5734639377266144,1,0.26079619002055265,4,0.11242572786043098,5,0.031851117343259315,3,0.013950002278041216,2,0.0
8,0,3,False,3,0.5323095238095238,4,0.37352380952380954,0,0.08416666666666667,6,0.01,2,0.0,3,41.4
8,2,2,True,2,0.8429999999999999,4,0.15699999999999997,1,0.0,0,0.0,3,0.0,1,10.9
8,2,2,True,2,0.5734639377266144,1,0.26079619002055265,4,0.11242572786043098,5,0.031851117343259315,3,0.013950002278041216,1,0.0
8,2,4,False,4,0.55,2,0.4,0,0.0225,3,0.019166666666666665,1,0.008333333333333333,2,14.3
8,2,2,True,2,0.8370490620490618,6,0.1629509379509379,1,0.0,0,0.0,3,0.0,1,6.6
8,2,2,True,2,0.8126071428571425,1,0.1873928571428571,0,0.0,3,0.0,4,0.0,1,9.9
8,2,2,True,2,0.9245135057151308,5,0.07548649428486887,1,0.0,0,0.0,3,0.0,1,2.9
8,2,1,False,1,0.506410039307098,3,0.28216656627686026,2,0.21142339441604147,0,0.0,4,0.0,3,17.4
8,2,2,True,2,1.0,0,0.0,1,0.0,3,0.0,4,0.0,1,3.7
8,2,2,True,2,0.5734639377266144,1,0.26079619002055265,4,0.11242572786043098,5,0.031851117343259315,3,0.013950002278041216,1,0.0
8,2,2,True,2,0.5734639377266144,1,0.26079619002055265,4,0.11242572786043098,5,0.031851117343259315,3,0.013950002278041216,1,0.0
8,2,2,True,2,0.6661904761904758,4,0.30380952380952375,3,0.03,1,0.0,0,0.0,1,10.8
8,2,2,True,2,0.9658928571428572,3,0.014107142857142856,1,0.009333333333333334,0,0.005333333333333333,4,0.005333333333333333,1,12.9
8,2,2,True,2,0.992840909090909,6,0.007159090909090909,1,0.0,0,0.0,3,0.0,1,7.3
8,2,2,True,2,0.7792023809523809,5,0.21779761904761893,1,0.003,0,0.0,3,0.0,1,2.3
8,2,2,True,2,0.5734639377266144,1,0.26079619002055265,4,0.11242572786043098,5,0.031851117343259315,3,0.013950002278041216,1,0.0
8,2,2,True,2,0.5734639377266144,1,0.26079619002055265,4,0.11242572786043098,5,0.031851117343259315,3,0.013950002278041216,1,0.0
8,2,2,True,2,0.7616785714285714,1,0.23832142857142852,0,0.0,3,0.0,4,0.0,1,2.0
8,6,3,False,3,0.83,0,0.1675,4,0.0025,1,0.0,2,0.0,7,42.2
8,6,0,False,0,0.5323333333333333,2,0.39766666666666667,4,0.07,1,0.0,3,0.0,7,22.7
8,2,2,True,2,0.5734639377266144,1,0.26079619002055265,4,0.11242572786043098,5,0.031851117343259315,3,0.013950002278041216,1,0.0
8,2,2,True,2,0.5734639377266144,1,0.26079619002055265,4,0.11242572786043098,5,0.031851117343259315,3,0.013950002278041216,1,0.0
8,2,2,True,2,0.5734639377266144,1,0.26079619002055265,4,0.11242572786043098,5,0.031851117343259315,3,0.013950002278041216,1,0.0
8,2,2,True,2,0.5734639377266144,1,0.26079619002055265,4,0.11242572786043098,5,0.031851117343259315,3,0.013950002278041216,1,0.0
8,2,2,True,2,0.5734639377266144,1,0.26079619002055265,4,0.11242572786043098,5,0.031851117343259315,3,0.013950002278041216,1,0.0
8,2,6,False,6,0.39933333333333354,2,0.341904761904762,4,0.25876190476190475,0,0.0,3,0.0,2,4.2
8,2,4,False,4,0.7425,2,0.1964761904761905,3,0.06102380952380952,1,0.0,0,0.0,2,9.6
8,2,2,True,2,0.5734639377266144,1,0.26079619002055265,4,0.11242572786043098,5,0.031851117343259315,3,0.013950002278041216,1,0.0
8,6,2,False,2,0.7543571428571425,3,0.24564285714285716,1,0.0,0,0.0,4,0.0,7,4.0
8,2,2,True,2,0.5734639377266144,1,0.26079619002055265,4,0.11242572786043098,5,0.031851117343259315,3,0.013950002278041216,1,0.0
8,6,4,False,4,0.8088333333333333,3,0.16116666666666668,0,0.03,1,0.0,2,0.0,7,54.5
8,6,4,False,4,0.5456666666666667,2,0.3568333333333334,6,0.05466666666666667,1,0.042833333333333334,3,0.0,3,17.8
8,2,2,True,2,0.8251006771006769,4,0.17489932289932286,1,0.0,0,0.0,3,0.0,1,5.0
8,2,2,True,2,0.7792023809523809,5,0.21779761904761893,1,0.003,0,0.0,3,0.0,1,2.3
8,6,4,False,4,0.96,0,0.025,3,0.015,1,0.0,2,0.0,7,57.6
8,2,2,True,2,0.8041785714285713,1,0.19439285714285715,6,0.0014285714285714286,0,0.0,3,0.0,1,4.7
8,2,2,True,2,0.5734639377266144,1,0.26079619002055265,4,0.11242572786043098,5,0.031851117343259315,3,0.013950002278041216,1,0.0
8,2,2,True,2,0.5734639377266144,1,0.26079619002055265,4,0.11242572786043098,5,0.031851117343259315,3,0.013950002278041216,1,0.0
8,6,2,False,2,1.0,0,0.0,1,0.0,3,0.0,4,0.0,7,7.1
8,2,2,True,2,0.8126071428571425,1,0.1873928571428571,0,0.0,3,0.0,4,0.0,1,9.9
8,2,2,True,2,0.713575369075369,6,0.14551776001775998,1,0.1409068709068708,0,0.0,3,0.0,1,7.5
8,2,2,True,2,0.9933333333333333,4,0.006666666666666666,1,0.0,0,0.0,3,0.0,1,6.2
9,3,2,False,2,0.650674963924964,3,0.3274426406926407,1,0.011544011544011546,4,0.010338383838383838,0,0.0,2,13.8
9,3,3,True,3,0.7266734376734374,2,0.2733265623265624,1,0.0,0,0.0,4,0.0,1,13.4
9,3,1,False,1,0.5376969976617809,2,0.2819474180789968,3,0.18035558425922193,0,0.0,4,0.0,3,17.4
9,0,3,False,3,0.96,0,0.036000000000000004,4,0.004,1,0.0,2,0.0,2,32.7
9,2,2,True,2,0.7108333333333333,4,0.15995238095238096,3,0.12921428571428573,1,0.0,0,0.0,1,18.7
9,1,2,False,2,0.5728582955794971,1,0.2668050079419353,4,0.1104086181324511,5,0.03109521956733619,3,0.01114336950593073,2,0.0
9,0,3,False,3,0.95,0,0.04,4,0.01,1,0.0,2,0.0,2,41.3
9,4,2,False,2,0.6,4,0.21700000000000003,0,0.163,3,0.02,1,0.0,2,59.9
9,4,0,False,0,0.87,6,0.06566666666666666,4,0.06433333333333334,1,0.0,3,0.0,3,55.3
9,1,2,False,2,0.5728582955794971,1,0.2668050079419353,4,0.1104086181324511,5,0.03109521956733619,3,0.01114336950593073,2,0.0
9,4,2,False,2,0.5728582955794971,1,0.2668050079419353,4,0.1104086181324511,5,0.03109521956733619,3,0.01114336950593073,3,0.0
9,1,2,False,2,0.5728582955794971,1,0.2668050079419353,4,0.1104086181324511,5,0.03109521956733619,3,0.01114336950593073,2,0.0
9,1,2,False,2,0.5728582955794971,1,0.2668050079419353,4,0.1104086181324511,5,0.03109521956733619,3,0.01114336950593073,2,0.0
9,4,2,False,2,0.47557936507936505,0,0.26496031746031734,4,0.25946031746031745,1,0.0,3,0.0,3,15.8
9,0,3,False,3,0.695,0,0.26,4,0.045,1,0.0,2,0.0,2,53.6
9,3,0,False,0,0.86,3,0.1,4,0.04,1,0.0,2,0.0,2,53.3
9,4,4,True,4,0.87,3,0.09,6,0.04,0,0.0,2,0.0,1,74.8
9,2,2,True,2,0.6521003163503163,1,0.3478996836496836,0,0.0,3,0.0,4,0.0,1,3.6
9,2,3,False,3,0.98,0,0.01,4,0.01,1,0.0,2,0.0,5,67.2
9,2,2,True,2,0.744373897310689,5,0.20782018763352406,1,0.0478059150557868,0,0.0,3,0.0,1,2.5
9,2,2,True,2,0.733817654567654,1,0.2661823454323454,0,0.0,3,0.0,4,0.0,1,2.2
9,2,2,True,2,1.0,0,0.0,1,0.0,3,0.0,4,0.0,1,2.7
9,2,2,True,2,0.6061349206349208,0,0.19932539682539685,3,0.18870634920634916,6,0.003333333333333333,4,0.0025,1,14.6
9,2,2,True,2,1.0,0,0.0,1,0.0,3,0.0,4,0.0,1,5.4
9,2,2,True,2,0.8938124375624377,1,0.10618756243756244,0,0.0,3,0.0,4,0.0,1,3.2
9,1,2,False,2,0.5728582955794971,1,0.2668050079419353,4,0.1104086181324511,5,0.03109521956733619,3,0.01114336950593073,2,0.0
9,2,2,True,2,0.69,3,0.31,1,0.0,0,0.0,4,0.0,1,11.1
9,0,4,False,4,0.6133333333333333,3,0.2175,0,0.1691666666666667,1,0.0,2,0.0,3,38.4
9,1,2,False,2,0.7108333333333333,4,0.15995238095238096,3,0.12921428571428573,1,0.0,0,0.0,4,18.7
9,3,0,False,0,0.69,4,0.22,3,0.09,1,0.0,2,0.0,3,80.9
9,2,2,True,2,0.5952619047619048,3,0.3897380952380953,4,0.011666666666666665,0,0.003333333333333333,1,0.0,1,12.8
9,2,2,True,2,1.0,0,0.0,1,0.0,3,0.0,4,0.0,1,8.5
9,3,3,True,3,0.5576308136308138,2,0.33653997391497376,4,0.10582921245421245,1,0.0,0,0.0,1,13.5
9,3,0,False,0,0.6543333333333333,3,0.33,2,0.010333333333333332,4,0.005333333333333333,1,0.0,2,43.5
9,3,3,True,3,0.5821417193917193,4,0.1532106504606504,2,0.13444827394827388,1,0.13019935619935616,0,0.0,1,13.9
9,3,3,True,3,0.65,4,0.34,6,0.01,0,0.0,2,0.0,1,95.8
9,3,4,False,4,0.4965000000000001,0,0.423,3,0.08049999999999999,1,0.0,2,0.0,3,39.1
9,3,3,True,3,0.7266734376734374,2,0.2733265623265624,1,0.0,0,0.0,4,0.0,1,13.4
9,5,2,False,2,0.733817654567654,1,0.2661823454323454,0,0.0,3,0.0,4,0.0,6,2.2
9,2,2,True,2,0.8749472194472192,5,0.12505278055278052,1,0.0,0,0.0,3,0.0,1,2.6
9,2,2,True,2,0.744373897310689,5,0.20782018763352406,1,0.0478059150557868,0,0.0,3,0.0,1,2.5
9,1,2,False,2,0.5728582955794971,1,0.2668050079419353,4,0.1104086181324511,5,0.03109521956733619,3,0.01114336950593073,2,0.0
9,2,2,True,2,0.6034404761904762,4,0.37739285714285714,3,0.019166666666666665,1,0.0,0,0.0,1,21.2
9,3,2,False,2,0.5672896825396824,4,0.23091269841269838,6,0.196797619047619,3,0.005,0,0.0,4,14.7
9,4,4,True,4,0.75,0,0.25,2,0.0,1,0.0,3,0.0,1,48.9
9,4,3,False,3,0.4915,4,0.44983333333333325,2,0.058666666666666666,1,0.0,0,0.0,2,21.4
9,0,6,False,6,0.7024999999999999,2,0.25,3,0.04750000000000001,1,0.0,0,0.0,5,35.2
9,4,2,False,2,0.6,4,0.21700000000000003,0,0.163,3,0.02,1,0.0,2,60.0
9,1,0,False,0,0.5120238095238097,4,0.4679761904761904,3,0.01,2,0.01,1,0.0,5,45.2
9,0,6,False,6,0.62,4,0.15316666666666667,3,0.11533333333333334,0,0.1115,2,0.0,4,41.6
9,4,2,False,2,0.6,4,0.21700000000000003,0,0.163,3,0.02,1,0.0,2,60.0
9,4,2,False,2,0.86,1,0.11520238095238095,3,0.024797619047619044,0,0.0,4,0.0,5,8.2
9,4,2,False,2,0.5728582955794971,1,0.2668050079419353,4,0.1104086181324511,5,0.03109521956733619,3,0.01114336950593073,3,0.0
9,2,2,True,2,1.0,0,0.0,1,0.0,3,0.0,4,0.0,1,2.7
9,2,2,True,2,0.64,0,0.21,3,0.11,4,0.04,1,0.0,1,15.5
9,2,2,True,2,0.5728582955794971,1,0.2668050079419353,4,0.1104086181324511,5,0.03109521956733619,3,0.01114336950593073,1,0.0
9,1,2,False,2,0.7082649850149848,6,0.16802786102786094,5,0.12370715395715395,0,0.0,3,0.0,6,7.5
9,3,4,False,4,0.6133333333333333,3,0.2175,0,0.1691666666666667,1,0.0,2,0.0,2,38.4
9,1,2,False,2,0.6978589188589187,5,0.30214108114108107,1,0.0,0,0.0,3,0.0,3,2.4
9,2,2,True,2,0.86,1,0.11520238095238095,3,0.024797619047619044,0,0.0,4,0.0,1,8.2
9,2,2,True,2,0.7829563492063489,6,0.21704365079365073,1,0.0,0,0.0,3,0.0,1,6.8
9,3,3,True,3,0.9083333333333334,6,0.08166666666666667,0,0.01,1,0.0,2,0.0,1,71.6
9,3,3,True,3,0.3477092074592075,2,0.3362229437229437,0,0.26026190476190475,1,0.05580594405594406,4,0.0,1,17.2
9,3,2,False,2,0.6115714285714284,3,0.34633333333333316,1,0.042095238095238095,0,0.0,4,0.0,2,18.5
9,2,2,True,2,0.7089523809523807,5,0.291047619047619,1,0.0,0,0.0,3,0.0,1,2.8
9,4,6,False,6,0.6438412698412699,1,0.32851587301587293,2,0.016476190476190478,4,0.011166666666666667,3,0.0,4,17.7
9,4,0,False,0,0.74,4,0.22,3,0.04,1,0.0,2,0.0,2,48.5
9,2,2,True,2,0.7082649850149848,6,0.16802786102786094,5,0.12370715395715395,0,0.0,3,0.0,1,7.5
9,2,2,True,2,0.9867080892963246,6,0.013291910703675407,1,0.0,0,0.0,3,0.0,1,7.3
9,2,2,True,2,0.6908333333333333,3,0.1625,4,0.14166666666666666,6,0.005,0,0.0,1,21.5
9,2,6,False,6,0.61,4,0.19216666666666662,1,0.16783333333333336,2,0.03,3,0.0,4,21.9
9,2,1,False,1,0.609857142857143,2,0.3901428571428571,0,0.0,3,0.0,4,0.0,2,18.1
9,2,1,False,1,0.5376969976617809,2,0.2819474180789968,3,0.18035558425922193,0,0.0,4,0.0,2,17.4
9,2,1,False,1,0.65,2,0.29666666666666663,4,0.03333333333333333,0,0.02,3,0.0,2,15.1
9,3,3,True,3,0.7266734376734374,2,0.2733265623265624,1,0.0,0,0.0,4,0.0,1,13.4
9,0,4,False,4,0.64,0,0.28,3,0.08,1,0.0,2,0.0,2,78.5
9,3,0,False,0,0.94,4,0.03833333333333333,1,0.021666666666666664,2,0.0,3,0.0,5,27.7
9,3,3,True,3,0.98,0,0.02,1,0.0,2,0.0,4,0.0,1,45.8
9,5,2,False,2,0.5728582955794971,1,0.2668050079419353,4,0.1104086181324511,5,0.03109521956733619,3,0.01114336950593073,4,0.0
9,0,3,False,3,0.68,4,0.21166666666666667,0,0.10833333333333335,1,0.0,2,0.0,3,65.9
9,2,2,True,2,0.5728582955794971,1,0.2668050079419353,4,0.1104086181324511,5,0.03109521956733619,3,0.01114336950593073,1,0.0
9,3,2,False,2,0.5728582955794971,1,0.2668050079419353,4,0.1104086181324511,5,0.03109521956733619,3,0.01114336950593073,5,0.0
9,0,2,False,2,0.61,4,0.23383333333333337,3,0.1561666666666667,1,0.0,0,0.0,5,44.7
9,1,2,False,2,1.0,0,0.0,1,0.0,3,0.0,4,0.0,3,4.7
9,1,1,True,1,0.742678238428238,3,0.1304440559440559,2,0.1268777056277056,0,0.0,4,0.0,1,17.3
9,0,2,False,2,0.7408333333333335,4,0.22916666666666669,3,0.015,1,0.01,0,0.005,5,25.8
9,1,2,False,2,0.5728582955794971,1,0.2668050079419353,4,0.1104086181324511,5,0.03109521956733619,3,0.01114336950593073,2,0.0
9,1,2,False,2,0.5728582955794971,1,0.2668050079419353,4,0.1104086181324511,5,0.03109521956733619,3,0.01114336950593073,2,0.0
9,3,0,False,0,0.7216666666666667,6,0.22,3,0.05833333333333333,1,0.0,2,0.0,3,37.1
9,1,1,True,1,0.742678238428238,3,0.1304440559440559,2,0.1268777056277056,0,0.0,4,0.0,1,17.3
9,4,0,False,0,0.89,3,0.11,1,0.0,2,0.0,4,0.0,5,42.6
9,4,4,True,4,0.3561190476190476,2,0.34090476190476193,0,0.29297619047619045,3,0.01,1,0.0,1,43.3
9,0,3,False,3,0.92,4,0.05716666666666667,1,0.02283333333333333,0,0.0,2,0.0,4,28.5
9,4,2,False,2,0.5728582955794971,1,0.2668050079419353,4,0.1104086181324511,5,0.03109521956733619,3,0.01114336950593073,3,0.0
9,4,2,False,2,0.5728582955794971,1,0.2668050079419353,4,0.1104086181324511,5,0.03109521956733619,3,0.01114336950593073,3,0.0
9,0,2,False,2,0.7141666666666667,4,0.26583333333333337,1,0.01,0,0.005,3,0.005,4,25.7
9,2,2,True,2,0.5728582955794971,1,0.2668050079419353,4,0.1104086181324511,5,0.03109521956733619,3,0.01114336950593073,1,0.0
9,2,2,True,2,1.0,0,0.0,1,0.0,3,0.0,4,0.0,1,5.3
9,2,2,True,2,0.733817654567654,1,0.2661823454323454,0,0.0,3,0.0,4,0.0,1,2.2
9,2,2,True,2,0.6012023809523808,4,0.37279761904761904,3,0.026000000000000002,1,0.0,0,0.0,1,18.6
9,2,2,True,2,0.5728582955794971,1,0.2668050079419353,4,0.1104086181324511,5,0.03109521956733619,3,0.01114336950593073,1,0.0
9,2,2,True,2,0.9340432900432901,6,0.037932900432900436,3,0.028023809523809527,1,0.0,0,0.0,1,3.9
9,2,2,True,2,0.5728582955794971,1,0.2668050079419353,4,0.1104086181324511,5,0.03109521956733619,3,0.01114336950593073,1,0.0
9,2,2,True,2,0.5728582955794971,1,0.2668050079419353,4,0.1104086181324511,5,0.03109521956733619,3,0.01114336950593073,1,0.0
9,2,2,True,2,1.0,0,0.0,1,0.0,3,0.0,4,0.0,1,3.7
9,2,2,True,2,0.9340432900432901,6,0.037932900432900436,3,0.028023809523809527,1,0.0,0,0.0,1,3.9
9,2,2,True,2,0.8938124375624377,1,0.10618756243756244,0,0.0,3,0.0,4,0.0,1,3.3
9,2,2,True,2,0.9340432900432901,6,0.037932900432900436,3,0.028023809523809527,1,0.0,0,0.0,1,3.9
9,2,6,False,6,0.7571547619047617,4,0.23284523809523802,2,0.01,0,0.0,3,0.0,3,4.3
9,2,2,True,2,0.5728582955794971,1,0.2668050079419353,4,0.1104086181324511,5,0.03109521956733619,3,0.01114336950593073,1,0.0
9,2,2,True,2,0.5728582955794971,1,0.2668050079419353,4,0.1104086181324511,5,0.03109521956733619,3,0.01114336950593073,1,0.0
9,2,2,True,2,0.5728582955794971,1,0.2668050079419353,4,0.1104086181324511,5,0.03109521956733619,3,0.01114336950593073,1,0.0
9,2,2,True,2,0.5388333333333333,3,0.4611666666666666,1,0.0,0,0.0,4,0.0,1,10.3
9,2,2,True,2,0.8279761904761905,4,0.17059523809523808,6,0.0014285714285714286,0,0.0,3,0.0,1,14.9
9,2,2,True,2,0.5728582955794971,1,0.2668050079419353,4,0.1104086181324511,5,0.03109521956733619,3,0.01114336950593073,1,0.0
9,2,2,True,2,0.5728582955794971,1,0.2668050079419353,4,0.1104086181324511,5,0.03109521956733619,3,0.01114336950593073,1,0.0
9,6,0,False,0,0.4720238095238096,4,0.45797619047619037,2,0.06,3,0.01,1,0.0,7,45.1
9,6,2,False,2,0.5561666666666665,0,0.44183333333333336,3,0.002,1,0.0,4,0.0,7,19.6
9,2,2,True,2,0.7147629943585825,0,0.1451940404366874,6,0.14004296520472984,1,0.0,3,0.0,1,7.0
9,2,2,True,2,0.5728582955794971,1,0.2668050079419353,4,0.1104086181324511,5,0.03109521956733619,3,0.01114336950593073,1,0.0
9,6,2,False,2,0.6640119047619046,3,0.33598809523809514,1,0.0,0,0.0,4,0.0,7,10.1
9,6,6,True,6,0.65,1,0.16561904761904764,4,0.11819047619047619,0,0.05119047619047619,2,0.015,1,24.1
9,2,2,True,2,0.5728582955794971,1,0.2668050079419353,4,0.1104086181324511,5,0.03109521956733619,3,0.01114336950593073,1,0.0
9,2,2,True,2,0.7920680708180705,5,0.20793192918192915,1,0.0,0,0.0,3,0.0,1,2.1
9,2,2,True,2,0.8396066711066704,6,0.16039332889332886,1,0.0,0,0.0,3,0.0,1,4.5
9,2,2,True,2,0.5388333333333333,3,0.4611666666666666,1,0.0,0,0.0,4,0.0,1,10.3
9,2,2,True,2,0.8592453102453098,1,0.14075468975468972,0,0.0,3,0.0,4,0.0,1,9.9
9,2,2,True,2,0.9867080892963246,6,0.013291910703675407,1,0.0,0,0.0,3,0.0,1,7.3
9,2,2,True,2,0.8066111111111107,1,0.1933888888888889,0,0.0,3,0.0,4,0.0,1,2.0
9,6,2,False,2,0.7250595238095238,3,0.2749404761904761,1,0.0,0,0.0,4,0.0,7,11.9
9,6,4,False,4,0.5734761904761905,3,0.3965238095238095,2,0.03,1,0.0,0,0.0,7,12.1
9,2,2,True,2,0.5728582955794971,1,0.2668050079419353,4,0.1104086181324511,5,0.03109521956733619,3,0.01114336950593073,1,0.0
9,2,2,True,2,0.5728582955794971,1,0.2668050079419353,4,0.1104086181324511,5,0.03109521956733619,3,0.01114336950593073,1,0.0
9,6,6,True,6,0.6835833333333333,4,0.2564166666666667,2,0.04,3,0.015,1,0.005,1,16.6
9,6,0,False,0,0.3678571428571428,2,0.33996428571428566,3,0.26717857142857143,6,0.025,1,0.0,4,20.8
9,2,2,True,2,0.7147629943585825,0,0.1451940404366874,6,0.14004296520472984,1,0.0,3,0.0,1,7.0
9,2,2,True,2,0.5728582955794971,1,0.2668050079419353,4,0.1104086181324511,5,0.03109521956733619,3,0.01114336950593073,1,0.0
9,2,3,False,3,0.5035000000000001,2,0.44680952380952377,4,0.049690476190476195,1,0.0,0,0.0,2,6.4
9,2,2,True,2,0.9617539682539683,6,0.03824603174603174,1,0.0,0,0.0,3,0.0,1,6.9
10,0,4,False,4,0.71,3,0.25,0,0.04,1,0.0,2,0.0,3,64.7
10,0,4,False,4,0.27185317460317454,0,0.25089285714285714,2,0.23782539682539677,6,0.2306785714285714,3,0.00875,2,29.1
10,3,3,True,3,0.86,2,0.14,1,0.0,0,0.0,4,0.0,1,23.5
10,2,0,False,0,0.65,2,0.2738333333333333,4,0.06616666666666667,1,0.01,3,0.0,2,22.2
10,2,2,True,2,0.7405357142857143,4,0.19,6,0.06946428571428571,0,0.0,3,0.0,1,8.7
10,1,2,False,2,0.996,5,0.004,1,0.0,0,0.0,3,0.0,3,2.0
10,0,6,False,6,0.44183333333333336,2,0.42816666666666664,0,0.08,4,0.05,3,0.0,3,20.8
10,4,3,False,3,0.6470119047619047,4,0.34298809523809526,0,0.01,1,0.0,2,0.0,2,56.9
10,4,0,False,0,0.4134999999999999,1,0.39649999999999996,2,0.11,6,0.08,3,0.0,6,24.0
10,4,0,False,0,0.97,6,0.02,3,0.01,1,0.0,2,0.0,6,34.1
10,2,3,False,3,0.37386111111111103,2,0.33157936507936503,1,0.29455952380952377,0,0.0,4,0.0,2,10.6
10,2,2,True,2,0.7916720779220776,6,0.20832792207792195,1,0.0,0,0.0,3,0.0,1,7.2
10,2,2,True,2,0.6052023809523809,1,0.394797619047619,0,0.0,3,0.0,4,0.0,1,3.6
10,2,2,True,2,0.9775,4,0.0225,1,0.0,0,0.0,3,0.0,1,5.2
10,2,2,True,2,0.6052023809523809,1,0.394797619047619,0,0.0,3,0.0,4,0.0,1,3.6
10,2,2,True,2,0.8798464729714727,5,0.12015352702852695,1,0.0,0,0.0,3,0.0,1,2.6
10,2,2,True,2,0.6207420634920635,6,0.1393623598623598,1,0.12290348540348532,5,0.11699209124209124,3,0.0,1,7.5
10,2,2,True,2,0.6304087301587302,4,0.32672222222222225,3,0.04286904761904761,1,0.0,0,0.0,1,18.6
10,2,2,True,2,0.5717297919435252,1,0.2582434699636646,4,0.1224505364693951,5,0.02991173200928977,3,0.014400629896899804,1,0.0
10,2,2,True,2,0.6380721778221776,3,0.1837364024864025,6,0.17819141969141966,1,0.0,0,0.0,1,7.1
10,1,1,True,1,0.8523452380952381,0,0.07780952380952381,2,0.0698452380952381,3,0.0,4,0.0,1,18.3
10,3,3,True,3,0.9316190476190477,0,0.06838095238095238,1,0.0,2,0.0,4,0.0,1,39.4
10,1,2,False,2,1.0,0,0.0,1,0.0,3,0.0,4,0.0,3,9.9
10,3,6,False,6,0.44183333333333336,2,0.42816666666666664,0,0.08,4,0.05,3,0.0,5,20.8
10,3,4,False,4,0.56,0,0.34535714285714286,3,0.09464285714285715,1,0.0,2,0.0,3,30.0
10,3,3,True,3,0.7985,0,0.16149999999999998,4,0.0275,2,0.0125,1,0.0,1,43.4
10,2,2,True,2,0.87,4,0.09,0,0.04,1,0.0,3,0.0,1,20.5
10,2,2,True,2,0.996,5,0.004,1,0.0,0,0.0,3,0.0,1,2.0
10,3,6,False,6,0.73,3,0.26,4,0.01,0,0.0,2,0.0,2,85.0
10,3,0,False,0,0.36958730158730163,3,0.3080912698412697,2,0.2876547619047618,1,0.034666666666666665,4,0.0,2,17.2
10,3,3,True,3,0.89,0,0.11,1,0.0,2,0.0,4,0.0,1,38.0
10,0,4,False,4,0.63,3,0.25,0,0.12,1,0.0,2,0.0,3,80.0
10,2,3,False,3,0.7535,2,0.24650000000000002,1,0.0,0,0.0,4,0.0,2,19.3
10,3,3,True,3,0.49666666666666665,4,0.4175,0,0.08583333333333334,1,0.0,2,0.0,1,40.6
10,2,2,True,2,0.830165945165945,6,0.16983405483405478,1,0.0,0,0.0,3,0.0,1,6.6
10,2,2,True,2,0.760450216450216,0,0.12511327561327557,6,0.1144365079365079,1,0.0,3,0.0,1,7.0
10,0,3,False,3,0.9866666666666666,2,0.013333333333333332,1,0.0,0,0.0,4,0.0,4,13.7
10,0,6,False,6,0.67,2,0.15597619047619046,4,0.14402380952380953,3,0.03,0,0.0,5,24.3
10,4,2,False,2,0.7405357142857143,4,0.19,6,0.06946428571428571,0,0.0,3,0.0,2,8.7
10,1,1,True,1,0.7230354090354087,3,0.1423089965589965,2,0.1346555944055944,0,0.0,4,0.0,1,17.3
10,0,4,False,4,0.5227499999999999,2,0.44724999999999987,3,0.03,1,0.0,0,0.0,5,43.2
10,1,2,False,2,0.5717297919435252,1,0.2582434699636646,4,0.1224505364693951,5,0.02991173200928977,3,0.014400629896899804,2,0.0
10,4,0,False,0,0.4475,3,0.43333333333333335,4,0.11916666666666668,1,0.0,2,0.0,3,38.5
10,4,2,False,2,0.68,0,0.31,4,0.01,1,0.0,3,0.0,3,20.4
10,2,2,True,2,1.0,0,0.0,1,0.0,3,0.0,4,0.0,1,5.3
10,2,2,True,2,0.9966666666666667,4,0.003333333333333333,1,0.0,0,0.0,3,0.0,1,11.0
10,2,2,True,2,0.9112028676088271,5,0.0887971323911726,1,0.0,0,0.0,3,0.0,1,2.9
10,2,2,True,2,0.8491666666666667,6,0.07808333333333332,3,0.07275000000000001,1,0.0,0,0.0,1,12.0
10,2,2,True,2,0.5183333333333334,5,0.4816666666666667,1,0.0,0,0.0,3,0.0,1,2.8
10,2,2,True,2,0.6380721778221776,3,0.1837364024864025,6,0.17819141969141966,1,0.0,0,0.0,1,7.1
10,2,2,True,2,0.3882698412698412,4,0.32091269841269837,6,0.2908174603174603,0,0.0,3,0.0,1,20.1
10,1,2,False,2,0.5717297919435252,1,0.2582434699636646,4,0.1224505364693951,5,0.02991173200928977,3,0.014400629896899804,2,0.0
10,1,2,False,2,0.5717297919435252,1,0.2582434699636646,4,0.1224505364693951,5,0.02991173200928977,3,0.014400629896899804,2,0.0
10,1,1,True,1,0.7988870851370851,3,0.19111291486291482,2,0.01,0,0.0,4,0.0,1,8.1
10,1,2,False,2,0.5717297919435252,1,0.2582434699636646,4,0.1224505364693951,5,0.02991173200928977,3,0.014400629896899804,2,0.0
10,3,2,False,2,1.0,0,0.0,1,0.0,3,0.0,4,0.0,4,8.4
10,1,2,False,2,0.5717297919435252,1,0.2582434699636646,4,0.1224505364693951,5,0.02991173200928977,3,0.014400629896899804,2,0.0
10,0,3,False,3,0.7936666666666666,0,0.17633333333333334,4,0.03,1,0.0,2,0.0,2,38.3
10,1,2,False,2,0.5717297919435252,1,0.2582434699636646,4,0.1224505364693951,5,0.02991173200928977,3,0.014400629896899804,2,0.0
10,1,2,False,2,0.5717297919435252,1,0.2582434699636646,4,0.1224505364693951,5,0.02991173200928977,3,0.014400629896899804,2,0.0
10,3,3,True,3,0.805,0,0.195,1,0.0,2,0.0,4,0.0,1,41.1
10,2,2,True,2,0.7810119047619046,5,0.21898809523809515,1,0.0,0,0.0,3,0.0,1,2.1
10,4,2,False,2,0.9567738095238094,0,0.026797619047619046,3,0.016428571428571424,1,0.0,4,0.0,5,14.4
10,4,1,False,1,0.57,4,0.26,3,0.125,0,0.045,2,0.0,2,28.1
10,0,6,False,6,0.44183333333333336,2,0.42816666666666664,4,0.12,0,0.01,3,0.0,4,20.7
10,4,1,False,1,0.59,6,0.205,2,0.18566666666666667,4,0.019333333333333334,3,0.0,4,22.0
10,2,2,True,2,0.6689761904761905,6,0.3273571428571428,3,0.003666666666666667,1,0.0,0,0.0,1,9.3
10,5,2,False,2,0.998,1,0.002,0,0.0,3,0.0,4,0.0,6,2.3
10,2,0,False,0,0.68,3,0.17216666666666666,2,0.14783333333333332,1,0.0,4,0.0,3,11.6
10,2,0,False,0,0.68,2,0.26566666666666666,3,0.047,6,0.007333333333333334,1,0.0,2,11.7
10,2,2,True,2,0.8404251026751025,6,0.1595748973248973,1,0.0,0,0.0,3,0.0,1,7.4
10,2,2,True,2,0.5717297919435252,1,0.2582434699636646,4,0.1224505364693951,5,0.02991173200928977,3,0.014400629896899804,1,0.0
10,3,2,False,2,0.5578333333333333,4,0.4421666666666667,1,0.0,0,0.0,3,0.0,5,10.0
10,3,3,True,3,0.84,4,0.08316666666666667,2,0.07683333333333334,1,0.0,0,0.0,1,42.9
10,3,0,False,0,0.5531666666666667,4,0.4468333333333333,2,0.0,1,0.0,3,0.0,5,41.5
10,3,0,False,0,0.9,3,0.04816666666666666,4,0.041833333333333333,1,0.01,2,0.0,2,50.4
10,2,2,True,2,0.7785746753246753,6,0.21142532467532457,1,0.01,0,0.0,3,0.0,1,8.0
10,3,2,False,2,0.4383350815850815,3,0.27565198690198683,0,0.1459577644577644,1,0.14005516705516705,4,0.0,2,16.0
10,3,3,True,3,0.5899537407037404,4,0.14828221778221773,1,0.1331388888888889,2,0.1286251526251526,0,0.0,1,13.9
10,4,6,False,6,0.4859999999999999,3,0.42933333333333346,4,0.04575,1,0.03891666666666667,2,0.0,3,16.2
10,0,1,False,1,0.4736666666666665,4,0.3963333333333334,2,0.13,0,0.0,3,0.0,4,13.0
10,3,2,False,2,0.963238095238095,3,0.025333333333333333,6,0.011428571428571429,1,0.0,0,0.0,2,9.5
10,3,2,False,2,0.68,0,0.31,4,0.01,1,0.0,3,0.0,5,20.4
10,2,2,True,2,0.7916720779220776,6,0.20832792207792195,1,0.0,0,0.0,3,0.0,1,7.2
10,4,0,False,0,0.8079999999999999,2,0.18200000000000002,6,0.01,1,0.0,3,0.0,6,22.5
10,1,2,False,2,0.5717297919435252,1,0.2582434699636646,4,0.1224505364693951,5,0.02991173200928977,3,0.014400629896899804,2,0.0
10,1,2,False,2,0.5717297919435252,1,0.2582434699636646,4,0.1224505364693951,5,0.02991173200928977,3,0.014400629896899804,2,0.0
10,3,0,False,0,0.84,3,0.10333333333333333,6,0.05666666666666667,1,0.0,2,0.0,2,42.1
10,1,1,True,1,0.7230354090354087,3,0.1423089965589965,2,0.1346555944055944,0,0.0,4,0.0,1,17.3
10,2,0,False,0,0.85,4,0.15,2,0.0,1,0.0,3,0.0,3,25.6
10,0,3,False,3,0.7423333333333333,6,0.21,0,0.04766666666666666,1,0.0,2,0.0,3,37.1
10,4,3,False,3,0.6235238095238094,0,0.35564285714285715,4,0.020833333333333336,1,0.0,2,0.0,3,39.2
10,4,4,True,4,0.6147619047619046,0,0.3652380952380952,6,0.015,3,0.005,2,0.0,1,34.9
10,4,3,False,3,0.67,0,0.25,4,0.05,6,0.029999999999999995,2,0.0,3,54.0
10,2,2,True,2,0.5190830280830281,4,0.46736660561660565,3,0.0135503663003663,1,0.0,0,0.0,1,9.7
10,4,3,False,3,0.58,2,0.30072619047619054,0,0.09927380952380954,4,0.015,1,0.005,4,13.1
10,4,2,False,2,0.5717297919435252,1,0.2582434699636646,4,0.1224505364693951,5,0.02991173200928977,3,0.014400629896899804,3,0.0
10,0,0,True,0,0.98,4,0.019999999999999997,2,0.0,1,0.0,3,0.0,1,34.2
10,3,0,False,0,0.5165833333333333,3,0.46425000000000005,4,0.019166666666666665,1,0.0,2,0.0,2,46.2
10,4,3,False,3,0.63,4,0.177,6,0.153,0,0.04,2,0.0,2,54.2
10,2,2,True,2,0.8050934343434342,1,0.19490656565656564,0,0.0,3,0.0,4,0.0,1,4.7
10,2,2,True,2,0.8604662282162283,1,0.13953377178377177,0,0.0,3,0.0,4,0.0,1,3.2
10,2,2,True,2,0.9112028676088271,5,0.0887971323911726,1,0.0,0,0.0,3,0.0,1,2.9
10,5,2,False,2,0.5717297919435252,1,0.2582434699636646,4,0.1224505364693951,5,0.02991173200928977,3,0.014400629896899804,4,0.0
10,2,2,True,2,0.5717297919435252,1,0.2582434699636646,4,0.1224505364693951,5,0.02991173200928977,3,0.014400629896899804,1,0.0
10,2,2,True,2,0.5717297919435252,1,0.2582434699636646,4,0.1224505364693951,5,0.02991173200928977,3,0.014400629896899804,1,0.0
10,2,2,True,2,0.5717297919435252,1,0.2582434699636646,4,0.1224505364693951,5,0.02991173200928977,3,0.014400629896899804,1,0.0
10,2,2,True,2,0.5717297919435252,1,0.2582434699636646,4,0.1224505364693951,5,0.02991173200928977,3,0.014400629896899804,1,0.0
10,2,2,True,2,1.0,0,0.0,1,0.0,3,0.0,4,0.0,1,2.7
10,2,4,False,4,0.61,2,0.39,1,0.0,0,0.0,3,0.0,2,8.6
10,2,2,True,2,0.5740912698412697,3,0.21458730158730152,6,0.21132142857142852,1,0.0,0,0.0,1,4.0
10,2,2,True,2,0.9112028676088271,5,0.0887971323911726,1,0.0,0,0.0,3,0.0,1,2.9
10,2,2,True,2,0.5717297919435252,1,0.2582434699636646,4,0.1224505364693951,5,0.02991173200928977,3,0.014400629896899804,1,0.0
10,2,2,True,2,0.5717297919435252,1,0.2582434699636646,4,0.1224505364693951,5,0.02991173200928977,3,0.014400629896899804,1,0.0
10,6,0,False,0,0.8023333333333333,4,0.1876666666666667,3,0.01,1,0.0,2,0.0,7,41.6
10,6,2,False,2,0.5270349927849928,3,0.24061183261183253,4,0.2292420634920634,0,0.0031111111111111114,1,0.0,7,14.7
10,6,2,False,2,0.709738095238095,4,0.2902619047619047,1,0.0,0,0.0,3,0.0,7,4.2
10,6,4,False,4,0.5089999999999999,6,0.3985,3,0.0825,0,0.01,2,0.0,2,32.1
10,2,2,True,2,0.8470619935619935,4,0.15293800643800637,1,0.0,0,0.0,3,0.0,1,5.0
10,6,3,False,3,0.6463571428571429,0,0.35364285714285715,1,0.0,2,0.0,4,0.0,7,30.3
10,2,2,True,2,0.7706626984126983,4,0.19933730158730156,3,0.02333333333333333,6,0.006666666666666666,0,0.0,1,16.4
10,2,2,True,2,1.0,0,0.0,1,0.0,3,0.0,4,0.0,1,2.7
10,2,2,True,2,0.830165945165945,6,0.16983405483405478,1,0.0,0,0.0,3,0.0,1,6.6
10,2,2,True,2,0.8233665223665223,6,0.1766334776334776,1,0.0,0,0.0,3,0.0,1,4.5
10,2,6,False,6,0.5720423775570834,2,0.4279576224429166,1,0.0,0,0.0,3,0.0,2,6.7
10,2,2,True,2,0.5183333333333334,5,0.4816666666666667,1,0.0,0,0.0,3,0.0,1,2.8
10,6,2,False,2,0.5717297919435252,1,0.2582434699636646,4,0.1224505364693951,5,0.02991173200928977,3,0.014400629896899804,6,0.0
10,2,2,True,2,0.5717297919435252,1,0.2582434699636646,4,0.1224505364693951,5,0.02991173200928977,3,0.014400629896899804,1,0.0
10,6,6,True,6,0.44183333333333336,2,0.42816666666666664,4,0.12,0,0.01,3,0.0,1,20.7
10,2,2,True,2,0.5717297919435252,1,0.2582434699636646,4,0.1224505364693951,5,0.02991173200928977,3,0.014400629896899804,1,0.0
10,2,2,True,2,0.5183333333333334,5,0.4816666666666667,1,0.0,0,0.0,3,0.0,1,2.8
10,2,2,True,2,0.5547883456412868,5,0.2735690943043883,1,0.1716425600543247,0,0.0,3,0.0,1,2.4
10,2,2,True,2,0.5717297919435252,1,0.2582434699636646,4,0.1224505364693951,5,0.02991173200928977,3,0.014400629896899804,1,0.0
10,6,4,False,4,0.4680476190476191,0,0.2919761904761904,3,0.2299761904761904,6,0.01,2,0.0,4,46.5
10,2,2,True,2,0.5717297919435252,1,0.2582434699636646,4,0.1224505364693951,5,0.02991173200928977,3,0.014400629896899804,1,0.0
10,2,2,True,2,0.5717297919435252,1,0.2582434699636646,4,0.1224505364693951,5,0.02991173200928977,3,0.014400629896899804,1,0.0
10,2,2,True,2,0.5717297919435252,1,0.2582434699636646,4,0.1224505364693951,5,0.02991173200928977,3,0.014400629896899804,1,0.0
10,2,2,True,2,0.5717297919435252,1,0.2582434699636646,4,0.1224505364693951,5,0.02991173200928977,3,0.014400629896899804,1,0.0
10,2,2,True,2,0.7688333333333333,4,0.17116666666666666,1,0.03333333333333333,0,0.016666666666666666,6,0.01,1,23.9
