fold,true_cluster,predicted_cluster,correct,top1_cluster,top1_confidence,top2_cluster,top2_confidence,top3_cluster,top3_confidence,top4_cluster,top4_confidence,top5_cluster,top5_confidence,true_rank,distance
1,2,6,False,6,0.72,2,0.27,1,0.01,0,0.0,3,0.0,2,0 days 03:07:49.600000
1,2,6,False,6,0.67,7,0.22,2,0.1,3,0.01,0,0.0,3,0 days 01:20:37
1,1,3,False,3,0.67,6,0.19,13,0.11,2,0.03,0,0.0,8,0 days 00:59:06.900000
1,1,0,False,0,0.86,2,0.13,3,0.01,1,0.0,4,0.0,4,0 days 00:53:49.900000
1,2,6,False,6,0.92,2,0.08,1,0.0,0,0.0,3,0.0,2,0 days 03:07:54.700000
1,0,2,False,2,0.62,0,0.38,1,0.0,3,0.0,4,0.0,2,0 days 04:28:23.900000
1,0,1,False,1,0.65,6,0.29,2,0.06,0,0.0,3,0.0,4,0 days 03:07:54.100000
1,0,7,False,7,0.8,3,0.15,6,0.02738095238095238,2,0.02261904761904762,0,0.0,5,0 days 01:20:39.400000
1,0,2,False,2,0.995,6,0.005,1,0.0,0,0.0,3,0.0,4,0 days 03:07:55.600000
1,4,2,False,2,0.93,5,0.05,3,0.02,1,0.0,0,0.0,6,0 days 02:14:47.400000
1,0,6,False,6,0.86,2,0.11,0,0.03,1,0.0,3,0.0,3,0 days 04:01:37.800000
1,4,2,False,2,1.0,0,0.0,1,0.0,3,0.0,4,0.0,5,0 days 02:43:09.700000
1,4,4,True,4,0.88,0,0.07,6,0.02,3,0.02,2,0.01,1,0 days 02:41:20.500000
1,2,0,False,0,0.62,7,0.2333333333333333,2,0.14666666666666667,1,0.0,3,0.0,3,0 days 02:41:06.800000
1,3,6,False,6,0.5062142857142857,2,0.46378571428571425,1,0.02,5,0.01,3,0.0,5,0 days 03:34:45.100000
1,2,6,False,6,0.69,2,0.2,3,0.06,0,0.05,1,0.0,2,0 days 01:30:09.900000
1,2,3,False,3,0.91,13,0.09,1,0.0,0,0.0,4,0.0,8,0 days 00:26:50.200000
1,2,8,False,8,0.69,3,0.28,13,0.03,0,0.0,4,0.0,8,0 days 00:29:49.500000
1,2,2,True,2,0.935,3,0.03833333333333333,0,0.026666666666666665,1,0.0,4,0.0,1,0 days 02:14:16
1,6,0,False,0,0.65,6,0.22,1,0.08,2,0.05,3,0.0,2,0 days 02:41:04.700000
1,6,2,False,2,0.66,4,0.33,6,0.01,0,0.0,3,0.0,3,0 days 03:37:25.300000
1,6,2,False,2,0.91,3,0.08,5,0.01,1,0.0,0,0.0,7,0 days 01:47:21.800000
1,6,7,False,7,0.67,1,0.17,2,0.16,0,0.0,3,0.0,8,0 days 03:34:41.600000
1,6,3,False,3,0.81,2,0.19,1,0.0,0,0.0,4,0.0,7,0 days 02:45:34.900000
1,2,0,False,0,0.65,6,0.25433333333333336,2,0.09566666666666668,1,0.0,3,0.0,3,0 days 03:07:57.200000
1,6,2,False,2,0.92,6,0.08,1,0.0,0,0.0,3,0.0,2,0 days 01:34:53.200000
1,6,6,True,6,0.68,2,0.32,1,0.0,0,0.0,3,0.0,1,0 days 01:28:32
1,8,2,False,2,0.63,4,0.33,6,0.03,7,0.01,3,0.0,9,0 days 03:36:41.100000
1,6,2,False,2,0.6,3,0.27,1,0.12,7,0.01,0,0.0,8,0 days 00:51:00.800000
1,6,6,True,6,0.87,8,0.08,2,0.05,1,0.0,3,0.0,1,0 days 01:50:18.100000
1,2,3,False,3,0.69,2,0.24,1,0.05,10,0.02,4,0.0,2,0 days 00:06:41.400000
1,2,3,False,3,0.7941666666666667,9,0.2058333333333333,1,0.0,0,0.0,4,0.0,8,0 days 00:27:01.600000
1,6,6,True,6,0.88,3,0.11,2,0.01,1,0.0,0,0.0,1,0 days 02:14:30
1,6,7,False,7,0.6,3,0.37,6,0.02,13,0.01,2,0.0,3,0 days 01:15:20.200000
1,6,2,False,2,0.86,7,0.14,1,0.0,0,0.0,3,0.0,8,0 days 01:20:42.700000
1,7,2,False,2,0.6933333333333335,3,0.27666666666666667,6,0.03,1,0.0,0,0.0,8,0 days 00:53:47.100000
1,6,6,True,6,0.87,3,0.08,2,0.05,1,0.0,0,0.0,1,0 days 01:08:52.900000
1,6,2,False,2,0.95,6,0.05,1,0.0,0,0.0,3,0.0,2,0 days 04:02:20.100000
1,6,3,False,3,0.62,2,0.34,5,0.04,1,0.0,0,0.0,7,0 days 02:12:39.900000
1,2,3,False,3,0.9,2,0.1,1,0.0,0,0.0,4,0.0,2,0 days 00:53:46.500000
1,2,11,False,11,0.88,3,0.1,6,0.02,1,0.0,2,0.0,5,0 days 02:18:17.100000
1,2,3,False,3,0.72,7,0.17,2,0.11,1,0.0,0,0.0,3,0 days 01:20:39.900000
1,6,3,False,3,0.67,6,0.19,2,0.13,1,0.01,0,0.0,2,0 days 00:05:31.400000
1,7,2,False,2,0.62,3,0.24,4,0.13,13,0.01,0,0.0,9,0 days 01:18:07.400000
1,8,8,True,8,0.71,6,0.17,3,0.07,2,0.05,0,0.0,1,0 days 00:46:10.300000
1,8,3,False,3,0.89,13,0.11,1,0.0,0,0.0,4,0.0,10,0 days 00:28:02.900000
1,6,7,False,7,0.4716190476190476,3,0.41838095238095235,2,0.1,6,0.01,0,0.0,4,0 days 01:47:24.200000
1,7,2,False,2,0.995,6,0.005,1,0.0,0,0.0,3,0.0,8,0 days 03:07:55.500000
1,6,2,False,2,0.63,3,0.23,0,0.12,4,0.02,1,0.0,7,0 days 00:53:57.100000
1,7,8,False,8,0.61,3,0.24,6,0.12,10,0.03,2,0.0,9,0 days 00:31:20.900000
1,6,3,False,3,0.86,8,0.13,9,0.01,0,0.0,4,0.0,10,0 days 00:13:30.300000
1,6,2,False,2,0.87,5,0.07,6,0.04,1,0.02,3,0.0,3,0 days 00:06:29.200000
1,6,0,False,0,0.64,2,0.3,7,0.06,1,0.0,3,0.0,8,0 days 02:14:18
1,7,3,False,3,0.449547619047619,7,0.440452380952381,6,0.05,0,0.03,2,0.03,2,0 days 00:53:48.200000
1,8,10,False,10,0.64,2,0.31,9,0.04,3,0.01,4,0.0,11,0 days 00:04:48.500000
1,2,6,False,6,0.71,2,0.19,7,0.09,1,0.01,3,0.0,2,0 days 04:55:11.800000
1,2,2,True,2,0.935,3,0.03833333333333333,0,0.026666666666666665,1,0.0,4,0.0,1,0 days 02:14:16
1,2,7,False,7,0.6133333333333334,2,0.31666666666666665,0,0.07,1,0.0,3,0.0,2,0 days 02:41:06.900000
1,2,3,False,3,0.7941666666666667,9,0.2058333333333333,1,0.0,0,0.0,4,0.0,8,0 days 00:27:01.500000
1,2,11,False,11,0.56,2,0.26,3,0.1,6,0.08,0,0.0,2,0 days 00:08:13.100000
1,2,0,False,0,0.58,3,0.32,6,0.06,2,0.04,1,0.0,4,0 days 01:29:59.800000
1,3,3,True,3,1.0,0,0.0,1,0.0,2,0.0,4,0.0,1,0 days 00:27:50.100000
1,3,3,True,3,0.88,2,0.06,13,0.06,1,0.0,4,0.0,1,0 days 00:27:11.200000
1,2,2,True,2,0.86,11,0.14,1,0.0,0,0.0,4,0.0,1,0 days 02:10:03.100000
1,3,3,True,3,0.7,6,0.27,2,0.03,1,0.0,0,0.0,1,0 days 00:54:44.200000
1,3,0,False,0,0.89,2,0.07,6,0.04,1,0.0,3,0.0,5,0 days 02:14:18.700000
1,2,3,False,3,0.91,13,0.09,1,0.0,0,0.0,4,0.0,8,0 days 00:26:50.300000
1,2,6,False,6,0.62,3,0.38,1,0.0,0,0.0,2,0.0,5,0 days 00:54:54.700000
1,9,3,False,3,0.6501785714285715,2,0.32482142857142854,9,0.025,1,0.0,4,0.0,3,0 days 00:26:53.300000
1,1,6,False,6,0.7,10,0.21,11,0.04,12,0.04,3,0.01,7,0 days 00:05:11.300000
1,3,2,False,2,0.64,3,0.33,13,0.03,1,0.0,4,0.0,2,0 days 00:26:59.900000
1,3,2,False,2,0.88,1,0.12,0,0.0,3,0.0,4,0.0,4,0 days 02:41:39.600000
1,3,3,True,3,1.0,0,0.0,1,0.0,2,0.0,4,0.0,1,0 days 00:27:51.300000
1,2,6,False,6,0.67,2,0.31,3,0.02,1,0.0,0,0.0,2,0 days 00:38:46.600000
1,3,2,False,2,0.74,3,0.24,6,0.02,1,0.0,0,0.0,2,0 days 01:47:22.500000
1,3,3,True,3,0.9273333333333333,8,0.07266666666666666,1,0.0,0,0.0,4,0.0,1,0 days 00:26:56.700000
1,2,3,False,3,0.8,13,0.2,1,0.0,0,0.0,4,0.0,8,0 days 00:27:04.200000
1,3,3,True,3,0.72,5,0.25,2,0.03,1,0.0,0,0.0,1,0 days 00:15:55
1,3,2,False,2,0.754452380952381,3,0.13152380952380952,9,0.11402380952380951,1,0.0,4,0.0,2,0 days 00:26:58.200000
1,3,3,True,3,0.91,6,0.06,2,0.03,1,0.0,0,0.0,1,0 days 01:07:16.900000
1,3,5,False,5,0.63,2,0.34,3,0.03,1,0.0,0,0.0,3,0 days 02:15:14.900000
1,3,3,True,3,0.99,13,0.01,1,0.0,0,0.0,4,0.0,1,0 days 00:26:51.300000
1,3,2,False,2,0.92,6,0.08,1,0.0,0,0.0,3,0.0,5,0 days 01:34:47
1,3,13,False,13,0.6052142857142857,3,0.3947857142857142,1,0.0,0,0.0,4,0.0,2,0 days 00:27:00.300000
1,3,3,True,3,0.85,2,0.12,13,0.03,1,0.0,4,0.0,1,0 days 00:14:24.300000
1,3,6,False,6,0.68,3,0.32,1,0.0,0,0.0,2,0.0,2,0 days 00:07:21.300000
1,2,2,True,2,0.89,10,0.1,3,0.01,1,0.0,4,0.0,1,0 days 01:21:14.700000
1,3,6,False,6,0.87,8,0.08,2,0.03,12,0.02,3,0.0,5,0 days 01:50:15.700000
1,2,2,True,2,0.77,5,0.23,1,0.0,0,0.0,3,0.0,1,0 days 02:14:49.500000
1,2,13,False,13,0.61,3,0.3,2,0.09,1,0.0,4,0.0,3,0 days 02:14:43.400000
1,2,2,True,2,0.66,5,0.21,6,0.1,3,0.03,0,0.0,1,0 days 01:59:47.400000
1,2,2,True,2,0.9,6,0.09,8,0.01,1,0.0,3,0.0,1,0 days 01:00:40.200000
1,2,6,False,6,0.83,3,0.11,5,0.05,2,0.01,0,0.0,4,0 days 00:03:39.800000
1,2,2,True,2,0.64,5,0.23,3,0.11,6,0.02,0,0.0,1,0 days 02:13:06.200000
1,3,3,True,3,0.9,6,0.07,2,0.03,1,0.0,0,0.0,1,0 days 00:10:17.500000
1,3,3,True,3,0.91,12,0.08,6,0.01,1,0.0,2,0.0,1,0 days 00:30:26.500000
1,3,2,False,2,0.66,3,0.34,1,0.0,0,0.0,4,0.0,2,0 days 00:16:22.700000
1,3,2,False,2,0.78,6,0.22,1,0.0,0,0.0,3,0.0,5,0 days 02:07:34.300000
1,2,3,False,3,0.67,2,0.19,10,0.11,6,0.03,0,0.0,2,0 days 02:04:25
1,3,3,True,3,0.44966666666666666,6,0.37033333333333324,2,0.17,7,0.01,0,0.0,1,0 days 01:20:36.100000
1,3,13,False,13,0.65,3,0.35,1,0.0,0,0.0,4,0.0,2,0 days 00:26:39.100000
1,3,3,True,3,0.3613809523809524,9,0.33082142857142854,2,0.30779761904761893,1,0.0,4,0.0,1,0 days 00:26:58.300000
1,3,6,False,6,0.93,3,0.07,1,0.0,0,0.0,2,0.0,2,0 days 00:55:06.200000
1,2,6,False,6,0.59,3,0.27,2,0.14,1,0.0,0,0.0,3,0 days 01:20:40.700000
1,2,2,True,2,0.74,6,0.24,8,0.02,1,0.0,3,0.0,1,0 days 01:50:29.600000
1,3,6,False,6,0.97,3,0.03,1,0.0,0,0.0,2,0.0,2,0 days 00:07:24.100000
1,3,3,True,3,0.91,13,0.05,2,0.04,1,0.0,4,0.0,1,0 days 00:27:06.800000
1,3,3,True,3,0.8673333333333336,9,0.12266666666666667,6,0.01,1,0.0,2,0.0,1,0 days 00:27:01.300000
1,3,2,False,2,0.68,3,0.24,6,0.08,1,0.0,0,0.0,2,0 days 01:29:01.500000
1,3,3,True,3,0.56,6,0.29,2,0.15,1,0.0,0,0.0,1,0 days 00:55:51.900000
1,3,6,False,6,0.72,3,0.21,10,0.04,2,0.03,0,0.0,2,0 days 00:32:02.400000
1,3,3,True,3,0.56,11,0.24,12,0.13,6,0.04,10,0.03,1,0 days 00:05:00.700000
1,3,13,False,13,0.72,3,0.27,2,0.01,1,0.0,4,0.0,2,0 days 00:27:09.100000
1,10,0,False,0,0.58,3,0.38,2,0.03,6,0.01,1,0.0,11,0 days 01:29:33
1,3,2,False,2,0.79,8,0.14,3,0.06,6,0.01,0,0.0,3,0 days 01:20:26.700000
1,3,2,False,2,0.63,3,0.33,13,0.04,1,0.0,4,0.0,2,0 days 00:28:07
1,1,2,False,2,0.58,6,0.21,3,0.17,5,0.04,0,0.0,6,0 days 00:09:38.500000
1,2,3,False,3,0.71,6,0.28,2,0.01,1,0.0,0,0.0,3,0 days 02:14:28.500000
1,9,6,False,6,0.61,7,0.26,3,0.13,0,0.0,2,0.0,10,0 days 00:27:00.800000
1,3,2,False,2,0.85,10,0.1,8,0.05,0,0.0,4,0.0,8,0 days 00:31:46.200000
1,3,3,True,3,0.67,13,0.27,2,0.06,1,0.0,4,0.0,1,0 days 00:14:39.900000
1,2,6,False,6,0.83,2,0.15,1,0.01,11,0.01,3,0.0,2,0 days 01:27:16.900000
1,3,2,False,2,0.59,6,0.2,3,0.15,9,0.04,8,0.02,3,0 days 00:13:27.700000
1,3,13,False,13,0.8,3,0.19,10,0.01,0,0.0,4,0.0,2,0 days 00:29:20.500000
1,3,3,True,3,0.91,13,0.09,1,0.0,0,0.0,4,0.0,1,0 days 00:26:50.300000
1,2,2,True,2,1.0,0,0.0,1,0.0,3,0.0,4,0.0,1,0 days 02:09:09.800000
1,3,11,False,11,0.67,3,0.29,0,0.04,1,0.0,4,0.0,2,0 days 00:11:12.300000
1,3,2,False,2,0.88,8,0.07,3,0.05,1,0.0,4,0.0,3,0 days 00:03:22
1,3,5,False,5,0.67,3,0.33,1,0.0,0,0.0,2,0.0,2,0 days 00:07:42.100000
1,2,7,False,7,0.66,11,0.26,2,0.08,1,0.0,3,0.0,3,0 days 00:53:54.700000
1,12,3,False,3,0.64,6,0.36,1,0.0,0,0.0,2,0.0,13,0 days 00:07:20.800000
1,3,2,False,2,0.8,3,0.19,6,0.01,1,0.0,0,0.0,2,0 days 01:35:11.100000
1,3,3,True,3,0.72,13,0.26,2,0.02,1,0.0,4,0.0,1,0 days 00:27:17.900000
1,3,3,True,3,0.88,9,0.11,2,0.01,1,0.0,4,0.0,1,0 days 00:13:43.900000
1,3,3,True,3,0.75,13,0.25,1,0.0,0,0.0,4,0.0,1,0 days 00:28:01.800000
1,3,6,False,6,0.59,2,0.24,3,0.17,1,0.0,0,0.0,3,0 days 01:20:40.500000
1,2,2,True,2,0.71,11,0.29,1,0.0,0,0.0,4,0.0,1,0 days 00:56:46.100000
1,2,6,False,6,0.68,3,0.32,1,0.0,0,0.0,2,0.0,5,0 days 00:10:19.100000
1,5,2,False,2,0.58,3,0.29,6,0.09,5,0.04,0,0.0,4,0 days 00:09:45.300000
1,10,3,False,3,0.99,2,0.01,1,0.0,0,0.0,4,0.0,11,0 days 00:10:56.900000
1,2,3,False,3,0.66,2,0.33,12,0.01,1,0.0,4,0.0,2,0 days 00:35:06.900000
1,2,10,False,10,0.6,13,0.22,3,0.18,0,0.0,4,0.0,8,0 days 00:27:36.700000
1,2,2,True,2,0.64,3,0.25,4,0.09,6,0.01,11,0.01,1,0 days 02:20:04.500000
1,11,2,False,2,0.68,3,0.29,11,0.03,1,0.0,4,0.0,3,0 days 02:19:06.500000
1,2,2,True,2,0.78,10,0.21,3,0.01,1,0.0,4,0.0,1,0 days 01:21:12
1,12,3,False,3,1.0,0,0.0,1,0.0,2,0.0,4,0.0,13,0 days 00:27:48.600000
1,2,2,True,2,0.72,3,0.27,6,0.01,1,0.0,0,0.0,1,0 days 01:48:51.600000
1,2,3,False,3,0.6346428571428572,8,0.3653571428571428,1,0.0,0,0.0,4,0.0,8,0 days 00:26:56.400000
1,2,3,False,3,0.87,6,0.12,2,0.01,1,0.0,0,0.0,3,0 days 02:14:34.200000
1,2,6,False,6,0.83,3,0.11,5,0.05,2,0.01,0,0.0,4,0 days 00:03:40.600000
1,2,2,True,2,0.98,6,0.02,1,0.0,0,0.0,3,0.0,1,0 days 01:44:45
1,2,6,False,6,0.62,3,0.37,2,0.01,1,0.0,0,0.0,3,0 days 02:14:33.600000
1,2,2,True,2,0.8543333333333334,3,0.14566666666666667,1,0.0,0,0.0,4,0.0,1,0 days 01:20:59.500000
1,11,3,False,3,0.79,1,0.16,2,0.05,0,0.0,4,0.0,12,0 days 02:36:05.100000
1,10,6,False,6,0.62,3,0.26,2,0.09,11,0.03,0,0.0,12,0 days 00:32:55.600000
1,2,6,False,6,0.536,3,0.46399999999999997,1,0.0,0,0.0,2,0.0,5,0 days 00:26:52.600000
1,2,2,True,2,0.65,4,0.23,6,0.09,7,0.03,3,0.0,1,0 days 03:35:37.300000
1,13,3,False,3,0.97,13,0.03,1,0.0,0,0.0,4,0.0,2,0 days 00:27:05.900000
1,2,2,True,2,0.73,6,0.24,12,0.02,3,0.01,0,0.0,1,0 days 01:31:04.700000
1,1,8,False,8,0.97,2,0.03,1,0.0,0,0.0,4,0.0,3,0 days 00:42:52.600000
1,2,2,True,2,0.94,13,0.06,1,0.0,0,0.0,4,0.0,1,0 days 01:45:27.200000
1,5,3,False,3,0.68,2,0.32,1,0.0,0,0.0,4,0.0,6,0 days 02:43:48.800000
1,2,8,False,8,0.92,2,0.07,6,0.01,1,0.0,3,0.0,2,0 days 00:31:35.800000
1,2,6,False,6,0.68,2,0.32,1,0.0,0,0.0,3,0.0,2,0 days 01:28:30.400000
1,13,2,False,2,0.78,12,0.21,3,0.01,1,0.0,4,0.0,14,0 days 01:49:42.800000
1,13,3,False,3,0.95,2,0.03,6,0.02,1,0.0,0,0.0,14,0 days 00:28:24.600000
1,2,6,False,6,0.69,1,0.19,2,0.11,3,0.01,0,0.0,3,0 days 00:08:57.300000
1,2,2,True,2,0.87,6,0.13,1,0.0,0,0.0,3,0.0,1,0 days 01:28:06.500000
1,2,6,False,6,0.57,2,0.24,3,0.19,1,0.0,0,0.0,2,0 days 00:09:35.200000
1,2,2,True,2,0.89,3,0.11,1,0.0,0,0.0,4,0.0,1,0 days 03:19:04
1,2,2,True,2,1.0,0,0.0,1,0.0,3,0.0,4,0.0,1,0 days 00:37:31.800000
1,13,3,False,3,0.85,13,0.1,2,0.05,1,0.0,4,0.0,2,0 days 00:27:18.300000
1,2,6,False,6,0.83,3,0.11,5,0.05,2,0.01,0,0.0,4,0 days 00:03:41.200000
2,2,2,True,2,0.765,0,0.23,7,0.005,1,0.0,3,0.0,1,0 days 02:41:06.400000
2,2,2,True,2,0.6,0,0.3,7,0.08,6,0.02,3,0.0,1,0 days 02:41:08.700000
2,0,3,False,3,0.63,2,0.27,0,0.07,13,0.03,4,0.0,3,0 days 01:47:29.700000
2,4,4,True,4,0.85,6,0.11,2,0.03,3,0.01,0,0.0,1,0 days 02:41:20.300000
2,0,3,False,3,0.92,2,0.08,1,0.0,0,0.0,4,0.0,4,0 days 02:16:37.300000
2,0,3,False,3,0.59,2,0.3,1,0.09,4,0.02,0,0.0,5,0 days 02:41:28
2,4,2,False,2,0.68,6,0.19,3,0.09,11,0.04,0,0.0,6,0 days 02:20:35.100000
2,0,2,False,2,0.7275,4,0.23,1,0.04,6,0.0025,3,0.0,6,0 days 03:07:59.500000
2,4,6,False,6,0.63,2,0.23,3,0.12,1,0.02,0,0.0,6,0 days 03:57:51.300000
2,0,2,False,2,0.5131666666666667,6,0.4468333333333333,1,0.03,7,0.01,3,0.0,6,0 days 03:34:44.400000
2,2,0,False,0,0.62,2,0.38,1,0.0,3,0.0,4,0.0,2,0 days 02:14:16.400000
2,2,2,True,2,0.6371785714285711,7,0.3228214285714284,0,0.03,6,0.01,3,0.0,1,0 days 03:07:55.500000
2,2,2,True,2,0.6371785714285711,7,0.3228214285714284,0,0.03,6,0.01,3,0.0,1,0 days 03:07:55.200000
2,2,7,False,7,0.66,2,0.26,3,0.07,6,0.01,0,0.0,2,0 days 01:20:41.300000
2,2,3,False,3,0.63,2,0.175,1,0.155,6,0.025,0,0.015,2,0 days 02:41:03.800000
2,2,1,False,1,0.66,4,0.26,2,0.08,0,0.0,3,0.0,3,0 days 03:08:01.700000
2,2,2,True,2,0.9,0,0.1,1,0.0,3,0.0,4,0.0,1,0 days 02:14:16.500000
2,2,6,False,6,0.67,3,0.33,1,0.0,0,0.0,2,0.0,5,0 days 00:53:42.300000
2,2,2,True,2,0.67,7,0.21,0,0.115,6,0.005,3,0.0,1,0 days 02:14:18.200000
2,2,3,False,3,0.66,2,0.29,13,0.05,1,0.0,4,0.0,2,0 days 02:14:45
2,2,9,False,9,0.58,2,0.3,10,0.09,8,0.02,3,0.01,2,0 days 00:04:43.100000
2,2,6,False,6,0.61,3,0.13883333333333334,8,0.13216666666666665,2,0.11900000000000001,0,0.0,4,0 days 01:20:38.700000
2,6,3,False,3,0.89,8,0.08,2,0.03,1,0.0,4,0.0,7,0 days 01:20:31.700000
2,7,3,False,3,0.73,2,0.27,1,0.0,0,0.0,4,0.0,8,0 days 02:16:29.700000
2,6,1,False,1,0.53,3,0.37,6,0.1,0,0.0,2,0.0,3,0 days 02:01:42.800000
2,6,2,False,2,0.6757142857142857,3,0.23195238095238097,6,0.09233333333333334,1,0.0,0,0.0,3,0 days 02:14:14.300000
2,8,2,False,2,0.96,0,0.04,1,0.0,3,0.0,4,0.0,9,0 days 04:18:33.600000
2,7,7,True,7,0.65,0,0.21,2,0.1,3,0.04,1,0.0,1,0 days 01:47:30.700000
2,6,5,False,5,0.68,2,0.23,3,0.04,8,0.03,6,0.02,5,0 days 01:38:23.100000
2,6,2,False,2,1.0,0,0.0,1,0.0,3,0.0,4,0.0,7,0 days 02:59:58.200000
2,2,1,False,1,0.65,3,0.17,6,0.16,2,0.02,0,0.0,4,0 days 01:58:31.900000
2,2,2,True,2,1.0,0,0.0,1,0.0,3,0.0,4,0.0,1,0 days 00:56:50.100000
2,2,2,True,2,0.99,3,0.01,1,0.0,0,0.0,4,0.0,1,0 days 00:57:26.600000
2,6,2,False,2,0.72,3,0.27,6,0.01,1,0.0,0,0.0,3,0 days 01:28:53.500000
2,3,3,True,3,0.75,2,0.22,1,0.03,0,0.0,4,0.0,1,0 days 00:18:47.400000
2,2,5,False,5,0.6,6,0.36,2,0.04,0,0.0,3,0.0,3,0 days 00:06:27.600000
2,3,3,True,3,0.74,2,0.21,6,0.05,1,0.0,0,0.0,1,0 days 01:47:22.400000
2,2,0,False,0,0.668238095238095,1,0.3117619047619047,4,0.02,2,0.0,3,0.0,4,0 days 00:53:50
2,7,2,False,2,0.7522142857142856,3,0.24778571428571428,1,0.0,0,0.0,4,0.0,8,0 days 02:14:14.800000
2,7,2,False,2,0.4368333333333333,1,0.3631666666666667,3,0.16,6,0.025,0,0.015,8,0 days 02:41:03.900000
2,6,2,False,2,0.92,6,0.08,1,0.0,0,0.0,3,0.0,2,0 days 01:28:26.500000
2,7,7,True,7,0.695,2,0.225,11,0.08,1,0.0,3,0.0,1,0 days 00:53:53.300000
2,6,3,False,3,0.67,6,0.31,12,0.02,1,0.0,2,0.0,2,0 days 00:07:22.200000
2,6,7,False,7,0.62,2,0.33,6,0.05,0,0.0,3,0.0,3,0 days 04:55:43.200000
2,6,2,False,2,0.93,3,0.04,6,0.03,1,0.0,0,0.0,3,0 days 02:02:37.700000
2,8,2,False,2,0.62,3,0.29,6,0.04,4,0.04,7,0.01,9,0 days 01:16:35
2,6,6,True,6,0.67,3,0.33,1,0.0,0,0.0,2,0.0,1,0 days 00:53:42.200000
2,6,3,False,3,0.65,2,0.35,1,0.0,0,0.0,4,0.0,7,0 days 01:49:03.800000
2,6,3,False,3,0.67,6,0.31,12,0.02,1,0.0,2,0.0,2,0 days 00:07:22.100000
2,6,3,False,3,0.92,2,0.08,1,0.0,0,0.0,4,0.0,7,0 days 00:08:05.800000
2,6,1,False,1,0.62,11,0.27,10,0.09,3,0.01,12,0.01,10,0 days 00:05:11.700000
2,6,3,False,3,0.66,6,0.24,2,0.1,1,0.0,0,0.0,2,0 days 00:55:04.200000
2,6,2,False,2,0.5741666666666666,6,0.3458333333333334,0,0.08,1,0.0,3,0.0,2,0 days 03:07:57.700000
2,6,3,False,3,0.85,9,0.12,8,0.03,0,0.0,4,0.0,10,0 days 00:13:27.300000
2,6,3,False,3,0.66,2,0.29,6,0.05,1,0.0,0,0.0,3,0 days 00:03:43.100000
2,6,6,True,6,0.87,3,0.13,1,0.0,0,0.0,2,0.0,1,0 days 01:06:51.200000
2,6,2,False,2,0.61,6,0.24,8,0.14,4,0.01,3,0.0,2,0 days 03:40:09.900000
2,8,8,True,8,0.72,2,0.24,3,0.04,1,0.0,4,0.0,1,0 days 00:31:38
2,8,3,False,3,0.68,6,0.24,2,0.08,1,0.0,0,0.0,9,0 days 01:12:47.100000
2,2,3,False,3,0.55,2,0.44,4,0.01,1,0.0,0,0.0,2,0 days 02:25:28.600000
2,2,7,False,7,0.83,2,0.17,1,0.0,0,0.0,3,0.0,2,0 days 00:53:53
2,2,11,False,11,0.61,3,0.33,8,0.06,0,0.0,4,0.0,8,0 days 00:43:21.100000
2,2,6,False,6,0.66,2,0.21,5,0.12,7,0.01,3,0.0,2,0 days 01:39:25.200000
2,2,2,True,2,0.72,3,0.28,1,0.0,0,0.0,4,0.0,1,0 days 00:44:40.800000
2,9,6,False,6,0.7,3,0.22,9,0.08,1,0.0,2,0.0,3,0 days 00:13:36.400000
2,9,9,True,9,0.66,3,0.34,1,0.0,0,0.0,4,0.0,1,0 days 00:13:43
2,3,3,True,3,0.56,6,0.3,5,0.1,2,0.04,0,0.0,1,0 days 01:47:16.600000
2,3,2,False,2,0.64,3,0.36,1,0.0,0,0.0,4,0.0,2,0 days 00:08:26.700000
2,3,9,False,9,0.82,2,0.0709047619047619,3,0.06471428571428571,6,0.044380952380952375,0,0.0,3,0 days 00:26:53
2,3,13,False,13,0.65,6,0.23,3,0.09,4,0.03,2,0.0,3,0 days 00:27:03.300000
2,2,2,True,2,0.97,3,0.03,1,0.0,0,0.0,4,0.0,1,0 days 02:16:22.700000
2,3,3,True,3,0.99,12,0.01,1,0.0,0,0.0,4,0.0,1,0 days 00:27:50.600000
2,3,2,False,2,0.67,12,0.28,3,0.05,1,0.0,4,0.0,3,0 days 01:20:45.500000
2,3,2,False,2,0.89,3,0.1,0,0.01,1,0.0,4,0.0,2,0 days 00:26:54.900000
2,3,9,False,9,0.56,6,0.3,3,0.14,1,0.0,2,0.0,3,0 days 00:13:37.100000
2,3,3,True,3,0.91,13,0.09,1,0.0,0,0.0,4,0.0,1,0 days 00:26:51
2,3,2,False,2,0.63,3,0.36,10,0.01,1,0.0,4,0.0,2,0 days 00:24:12.600000
2,3,2,False,2,0.89,3,0.11,1,0.0,0,0.0,4,0.0,2,0 days 00:26:55.200000
2,3,3,True,3,0.88,9,0.09,0,0.02,6,0.006000000000000001,2,0.004,1,0 days 00:26:53.500000
2,3,3,True,3,0.69,8,0.25,12,0.06,0,0.0,4,0.0,1,0 days 00:11:41.500000
2,2,3,False,3,0.92,6,0.08,1,0.0,0,0.0,2,0.0,5,0 days 00:53:38.900000
2,2,3,False,3,0.605,11,0.22,13,0.12,2,0.055,4,0.0,4,0 days 00:27:03.100000
2,2,2,True,2,0.8,6,0.18,7,0.02,0,0.0,3,0.0,1,0 days 01:20:43.400000
2,2,2,True,2,0.99,12,0.01,1,0.0,0,0.0,4,0.0,1,0 days 01:20:37.600000
2,3,3,True,3,0.75,0,0.17,9,0.07,6,0.006000000000000001,2,0.004,1,0 days 00:26:53.800000
2,3,3,True,3,0.8656666666666666,9,0.0836904761904762,2,0.05064285714285715,1,0.0,4,0.0,1,0 days 00:26:58.400000
2,3,3,True,3,0.93,2,0.07,1,0.0,0,0.0,4,0.0,1,0 days 00:16:39.900000
2,3,2,False,2,0.88,3,0.11,8,0.01,1,0.0,4,0.0,2,0 days 00:03:18
2,10,2,False,2,0.61,3,0.38,6,0.01,1,0.0,0,0.0,11,0 days 00:08:34.200000
2,3,3,True,3,0.92,2,0.08,1,0.0,0,0.0,4,0.0,1,0 days 02:16:45.700000
2,3,3,True,3,0.68,13,0.21,12,0.11,0,0.0,4,0.0,1,0 days 00:27:14.700000
2,3,8,False,8,0.58,10,0.26,3,0.07,7,0.07,6,0.01,3,0 days 01:04:46.700000
2,3,2,False,2,0.76,6,0.24,1,0.0,0,0.0,3,0.0,5,0 days 01:20:33.400000
2,3,3,True,3,0.77,2,0.22,5,0.01,1,0.0,0,0.0,1,0 days 00:10:12.100000
2,2,2,True,2,0.68,3,0.23,6,0.05,11,0.04,0,0.0,1,0 days 02:20:29
2,10,2,False,2,0.71,3,0.29,1,0.0,0,0.0,4,0.0,11,0 days 00:03:50.700000
2,1,1,True,1,0.96,3,0.04,0,0.0,2,0.0,4,0.0,1,0 days 00:19:19.600000
2,2,2,True,2,0.65,6,0.292,3,0.038,8,0.02,0,0.0,1,0 days 00:05:36.500000
2,1,6,False,6,0.69,2,0.26,8,0.05,1,0.0,3,0.0,4,0 days 03:44:37.800000
2,2,8,False,8,0.9,2,0.06,3,0.04,1,0.0,4,0.0,2,0 days 00:59:51.900000
2,2,0,False,0,0.67,6,0.21,2,0.07,3,0.04,7,0.01,3,0 days 01:47:33.100000
2,3,3,True,3,0.62,6,0.38,1,0.0,0,0.0,2,0.0,1,0 days 01:06:29.400000
2,3,3,True,3,0.865,7,0.1,13,0.015,6,0.0125,9,0.0075,1,0 days 00:27:00.600000
2,3,3,True,3,1.0,0,0.0,1,0.0,2,0.0,4,0.0,1,0 days 00:53:45.200000
2,2,9,False,9,0.69,3,0.31,1,0.0,0,0.0,4,0.0,8,0 days 00:13:41.200000
2,3,3,True,3,0.92,2,0.08,1,0.0,0,0.0,4,0.0,1,0 days 00:21:56.900000
2,2,2,True,2,0.64,3,0.36,1,0.0,0,0.0,4,0.0,1,0 days 00:08:26.800000
2,2,6,False,6,0.84,4,0.13,2,0.03,0,0.0,3,0.0,3,0 days 02:27:36.200000
2,3,6,False,6,0.86,2,0.11,3,0.03,1,0.0,0,0.0,3,0 days 00:54:31.400000
2,2,7,False,7,0.55,2,0.38,13,0.07,1,0.0,3,0.0,2,0 days 01:40:41.600000
2,2,2,True,2,0.74,11,0.22,10,0.04,0,0.0,4,0.0,1,0 days 00:32:44.600000
2,3,3,True,3,0.68,2,0.27,8,0.05,1,0.0,4,0.0,1,0 days 00:00:01.100000
2,2,6,False,6,0.66,7,0.25,2,0.09,0,0.0,3,0.0,3,0 days 01:54:27.700000
2,3,6,False,6,0.66,2,0.24,3,0.1,1,0.0,0,0.0,3,0 days 00:54:50.400000
2,5,2,False,2,0.72,6,0.2,3,0.08,1,0.0,0,0.0,7,0 days 02:00:01.100000
2,11,2,False,2,1.0,0,0.0,1,0.0,3,0.0,4,0.0,12,0 days 01:32:16.300000
2,2,10,False,10,0.68,2,0.3,11,0.02,0,0.0,4,0.0,2,0 days 00:32:37.700000
2,2,6,False,6,0.63,2,0.37,1,0.0,0,0.0,3,0.0,2,0 days 00:36:48.200000
2,3,0,False,0,0.65,2,0.35,1,0.0,3,0.0,4,0.0,4,0 days 02:14:16.100000
2,2,3,False,3,0.7,13,0.25,2,0.05,1,0.0,4,0.0,3,0 days 01:21:39.200000
2,2,6,False,6,0.87,3,0.07,0,0.06,1,0.0,2,0.0,5,0 days 02:14:19.500000
2,3,2,False,2,0.66,13,0.23,7,0.08,3,0.03,0,0.0,4,0 days 01:18:36.600000
2,3,3,True,3,0.86,5,0.1,2,0.04,1,0.0,0,0.0,1,0 days 00:15:56.300000
2,2,3,False,3,0.71,2,0.21,13,0.07,6,0.01,0,0.0,2,0 days 01:51:39.900000
2,3,3,True,3,0.71,6,0.19,2,0.1,1,0.0,0,0.0,1,0 days 00:55:52.200000
2,3,6,False,6,0.85,3,0.1,2,0.05,1,0.0,0,0.0,2,0 days 00:06:47.300000
2,3,3,True,3,0.95,2,0.03,13,0.02,1,0.0,4,0.0,1,0 days 00:27:06.700000
2,2,2,True,2,0.9,13,0.08,3,0.02,1,0.0,4,0.0,1,0 days 01:52:15.400000
2,2,3,False,3,0.76,2,0.22,6,0.02,1,0.0,0,0.0,2,0 days 00:02:29.800000
2,3,11,False,11,0.68,3,0.23,2,0.09,1,0.0,4,0.0,2,0 days 00:12:40.500000
2,3,9,False,9,0.63,6,0.19,3,0.17,8,0.01,2,0.0,3,0 days 00:13:31.600000
2,3,2,False,2,0.74,3,0.26,1,0.0,0,0.0,4,0.0,2,0 days 01:20:07.100000
2,3,2,False,2,0.74,3,0.26,1,0.0,0,0.0,4,0.0,2,0 days 01:20:18.800000
2,3,2,False,2,0.63,10,0.24,3,0.13,1,0.0,4,0.0,3,0 days 00:24:42.500000
2,3,2,False,2,0.88,12,0.07,3,0.04,10,0.01,4,0.0,3,0 days 00:34:27.500000
2,3,3,True,3,0.6816666666666665,2,0.26,8,0.05833333333333334,1,0.0,4,0.0,1,0 days 00:26:56.500000
2,3,3,True,3,0.77,9,0.2,6,0.03,1,0.0,2,0.0,1,0 days 00:13:33
2,3,3,True,3,0.95,9,0.05,1,0.0,0,0.0,4,0.0,1,0 days 00:13:43.400000
2,3,3,True,3,0.59,2,0.4,13,0.01,1,0.0,4,0.0,1,0 days 02:14:37.100000
2,2,2,True,2,0.93,3,0.07,1,0.0,0,0.0,4,0.0,1,0 days 01:20:54.400000
2,2,3,False,3,0.88,9,0.09,0,0.02,6,0.006000000000000001,2,0.004,5,0 days 00:26:53.500000
2,12,1,False,1,0.69,3,0.31,0,0.0,2,0.0,4,0.0,13,0 days 00:07:31.400000
2,1,2,False,2,0.98,3,0.01,6,0.01,1,0.0,0,0.0,4,0 days 00:06:43.500000
2,1,2,False,2,0.99,3,0.01,1,0.0,0,0.0,4,0.0,3,0 days 01:20:56.300000
2,12,3,False,3,1.0,0,0.0,1,0.0,2,0.0,4,0.0,13,0 days 00:03:08
2,3,2,False,2,0.59,3,0.31,6,0.1,1,0.0,0,0.0,2,0 days 01:22:27.900000
2,2,2,True,2,1.0,0,0.0,1,0.0,3,0.0,4,0.0,1,0 days 00:04:11.900000
2,11,2,False,2,1.0,0,0.0,1,0.0,3,0.0,4,0.0,12,0 days 00:57:04.600000
2,5,3,False,3,0.95,5,0.04,1,0.01,0,0.0,2,0.0,2,0 days 00:07:36.400000
2,3,3,True,3,0.9,12,0.1,1,0.0,0,0.0,4,0.0,1,0 days 00:30:22.100000
2,3,2,False,2,0.65,3,0.29,11,0.06,1,0.0,4,0.0,2,0 days 02:53:49.300000
2,2,5,False,5,0.7,2,0.3,1,0.0,0,0.0,3,0.0,2,0 days 02:15:02.400000
2,2,8,False,8,0.75,2,0.25,1,0.0,0,0.0,4,0.0,2,0 days 01:00:04.800000
2,2,2,True,2,0.71,5,0.27,4,0.02,0,0.0,3,0.0,1,0 days 02:14:50.700000
2,13,7,False,7,0.57,13,0.25,2,0.1325,3,0.0475,0,0.0,2,0 days 00:26:59.600000
2,2,3,False,3,0.85,1,0.15,0,0.0,2,0.0,4,0.0,4,0 days 00:19:33.200000
2,2,3,False,3,0.63,6,0.3,13,0.05,2,0.02,0,0.0,4,0 days 01:23:33.100000
2,2,8,False,8,0.46580952380952384,3,0.46419047619047626,2,0.07,1,0.0,4,0.0,3,0 days 00:26:56.200000
2,2,4,False,4,0.63,2,0.37,1,0.0,0,0.0,3,0.0,2,0 days 02:49:54.700000
2,2,3,False,3,0.73,2,0.22,1,0.05,0,0.0,4,0.0,2,0 days 02:41:41.100000
2,3,2,False,2,0.99,6,0.01,1,0.0,0,0.0,3,0.0,5,0 days 00:36:19.800000
2,11,2,False,2,0.9,3,0.1,1,0.0,0,0.0,4,0.0,12,0 days 00:08:14.300000
2,13,2,False,2,0.55,3,0.44,13,0.01,1,0.0,4,0.0,3,0 days 00:27:07.100000
2,2,2,True,2,0.91,3,0.09,1,0.0,0,0.0,4,0.0,1,0 days 02:06:30.300000
2,2,2,True,2,1.0,0,0.0,1,0.0,3,0.0,4,0.0,1,0 days 01:20:52.200000
2,2,3,False,3,0.85,8,0.13,9,0.02,0,0.0,4,0.0,8,0 days 00:13:27.600000
2,2,2,True,2,0.9766666666666667,3,0.023333333333333334,1,0.0,0,0.0,4,0.0,1,0 days 01:21:00.400000
2,1,3,False,3,0.84,2,0.11,1,0.03,8,0.02,4,0.0,3,0 days 00:42:02.700000
2,2,2,True,2,0.9,3,0.1,1,0.0,0,0.0,4,0.0,1,0 days 02:05:51.500000
2,2,2,True,2,1.0,0,0.0,1,0.0,3,0.0,4,0.0,1,0 days 03:00:06.500000
2,13,3,False,3,0.5680833333333334,13,0.4319166666666666,1,0.0,0,0.0,4,0.0,2,0 days 00:27:00.400000
2,13,3,False,3,0.9,13,0.1,1,0.0,0,0.0,4,0.0,2,0 days 00:29:21.600000
2,2,2,True,2,0.98,3,0.02,1,0.0,0,0.0,4,0.0,1,0 days 03:18:35.700000
3,0,2,False,2,0.71,0,0.29,1,0.0,3,0.0,4,0.0,2,0 days 04:28:26.700000
3,4,2,False,2,0.98,3,0.02,1,0.0,0,0.0,4,0.0,5,0 days 02:17:10.800000
3,2,1,False,1,0.88,7,0.05,6,0.05,2,0.02,3,0.0,4,0 days 03:34:39.500000
3,0,0,True,0,0.6833333333333335,2,0.21,1,0.08666666666666668,6,0.02,3,0.0,1,0 days 03:07:52.600000
3,4,4,True,4,0.92,2,0.04,1,0.03,0,0.01,3,0.0,1,0 days 03:08:14.800000
3,0,2,False,2,0.8953333333333333,7,0.10466666666666667,1,0.0,0,0.0,3,0.0,4,0 days 02:41:06.700000
3,0,2,False,2,0.7575,6,0.21,0,0.03,1,0.0025,3,0.0,3,0 days 02:41:02.300000
3,4,2,False,2,0.92,8,0.05,6,0.03,1,0.0,3,0.0,6,0 days 03:35:59.200000
3,0,4,False,4,0.67,2,0.28833333333333333,6,0.03166666666666666,1,0.01,3,0.0,6,0 days 03:07:58.600000
3,1,6,False,6,0.64,2,0.3,7,0.05,1,0.01,3,0.0,4,0 days 03:34:41.800000
3,2,3,False,3,0.63,10,0.26,8,0.11,0,0.0,4,0.0,8,0 days 00:31:46.900000
3,2,3,False,3,0.64,2,0.23,6,0.13,1,0.0,0,0.0,2,0 days 01:34:48.300000
3,2,5,False,5,0.48,3,0.31,2,0.21,1,0.0,0,0.0,3,0 days 02:48:03.100000
3,2,3,False,3,0.5679761904761905,2,0.4320238095238096,1,0.0,0,0.0,4,0.0,2,0 days 00:53:46.300000
3,6,6,True,6,0.74,2,0.22,3,0.04,1,0.0,0,0.0,1,0 days 01:34:42.600000
3,6,6,True,6,0.64,2,0.28,4,0.07,5,0.01,3,0.0,1,0 days 02:27:39.800000
3,6,2,False,2,0.63,0,0.15964285714285717,1,0.15035714285714286,6,0.06,3,0.0,4,0 days 03:07:54.300000
3,6,3,False,3,0.56,1,0.27,2,0.12,6,0.05,0,0.0,4,0 days 02:01:32.700000
3,6,5,False,5,0.72,2,0.24,3,0.03,6,0.01,0,0.0,4,0 days 02:00:04.600000
3,6,2,False,2,0.73,7,0.17,6,0.1,0,0.0,3,0.0,3,0 days 01:54:24.500000
3,6,2,False,2,0.99,6,0.01,1,0.0,0,0.0,3,0.0,2,0 days 01:28:03
3,2,2,True,2,0.82,12,0.18,1,0.0,0,0.0,4,0.0,1,0 days 01:41:15.200000
3,2,1,False,1,0.66,8,0.34,2,0.0,0,0.0,4,0.0,3,0 days 00:42:38.700000
3,6,3,False,3,0.99,13,0.01,1,0.0,0,0.0,4,0.0,7,0 days 00:28:31.300000
3,7,2,False,2,0.62,6,0.36,3,0.02,1,0.0,0,0.0,8,0 days 01:55:45.200000
3,6,2,False,2,0.5638333333333334,6,0.3661666666666666,0,0.05,4,0.02,3,0.0,2,0 days 03:07:57.700000
3,6,6,True,6,0.68,3,0.32,1,0.0,0,0.0,2,0.0,1,0 days 00:01:53.500000
3,6,3,False,3,0.61,6,0.33,2,0.06,1,0.0,0,0.0,2,0 days 01:09:09.500000
3,6,3,False,3,0.63,2,0.26,6,0.11,1,0.0,0,0.0,3,0 days 00:02:10.100000
3,3,3,True,3,0.63,6,0.27,2,0.07,10,0.03,0,0.0,1,0 days 01:37:08.200000
3,3,2,False,2,0.77,13,0.2,3,0.03,1,0.0,4,0.0,3,0 days 01:21:39.300000
3,3,2,False,2,0.87,3,0.08,1,0.05,0,0.0,4,0.0,2,0 days 00:44:57.700000
3,3,6,False,6,0.71,8,0.26,0,0.03,2,0.0,3,0.0,5,0 days 00:46:58.600000
3,2,0,False,0,0.7,2,0.22177272727272726,7,0.07222727272727272,6,0.006,3,0.0,2,0 days 03:07:55.800000
3,6,2,False,2,0.63,3,0.295,6,0.075,1,0.0,0,0.0,3,0 days 00:06:46.600000
3,7,7,True,7,0.63,3,0.3,0,0.05,2,0.02,1,0.0,1,0 days 01:47:30.900000
3,7,2,False,2,0.97,6,0.03,1,0.0,0,0.0,3,0.0,8,0 days 01:40:16.300000
3,8,3,False,3,1.0,0,0.0,1,0.0,2,0.0,4,0.0,9,0 days 00:01:15.800000
3,6,2,False,2,0.74,7,0.26,1,0.0,0,0.0,3,0.0,8,0 days 01:20:37.100000
3,6,3,False,3,0.89,13,0.1,6,0.01,1,0.0,2,0.0,3,0 days 01:14:08.300000
3,7,2,False,2,0.8766666666666667,6,0.10333333333333332,3,0.02,1,0.0,0,0.0,8,0 days 01:20:41.400000
3,8,2,False,2,0.67,3,0.2,6,0.13,1,0.0,0,0.0,9,0 days 01:37:37.700000
3,6,2,False,2,0.63,6,0.26,8,0.06,13,0.05,3,0.0,2,0 days 01:13:07.700000
3,6,8,False,8,0.56,6,0.33,3,0.11,1,0.0,2,0.0,2,0 days 01:50:07.200000
3,8,3,False,3,0.87,8,0.1,12,0.03,0,0.0,4,0.0,2,0 days 00:11:44.900000
3,6,1,False,1,0.58,11,0.28,3,0.1,2,0.04,4,0.0,7,0 days 02:17:54.100000
3,6,3,False,3,0.6233333333333333,6,0.23,2,0.14666666666666667,1,0.0,0,0.0,2,0 days 00:07:08.300000
3,7,3,False,3,0.7900000000000001,9,0.19,13,0.019999999999999997,0,0.0,4,0.0,9,0 days 00:27:00.700000
3,6,9,False,9,0.6066666666666667,3,0.3933333333333333,1,0.0,0,0.0,4,0.0,7,0 days 00:27:00.800000
3,8,3,False,3,0.66,7,0.2,6,0.11,2,0.01,10,0.01,6,0 days 00:31:23.300000
3,6,2,False,2,0.71,0,0.29,1,0.0,3,0.0,4,0.0,7,0 days 04:28:27.500000
3,2,3,False,3,0.65,2,0.29,1,0.06,0,0.0,4,0.0,2,0 days 02:17:30.800000
3,2,3,False,3,1.0,0,0.0,1,0.0,2,0.0,4,0.0,4,0 days 00:00:32.800000
3,2,6,False,6,0.69,0,0.24,8,0.07,2,0.0,3,0.0,4,0 days 03:34:48.200000
3,2,6,False,6,0.71,8,0.26,0,0.03,2,0.0,3,0.0,4,0 days 00:46:53.600000
3,2,6,False,6,0.76,0,0.2,2,0.04,1,0.0,3,0.0,3,0 days 04:01:48.300000
3,2,2,True,2,0.71,3,0.25,12,0.04,1,0.0,4,0.0,1,0 days 00:34:30.900000
3,5,2,False,2,0.66,3,0.25,13,0.09,1,0.0,4,0.0,6,0 days 01:21:47.100000
3,1,2,False,2,0.99,6,0.01,1,0.0,0,0.0,3,0.0,3,0 days 01:56:06.800000
3,3,6,False,6,0.7426904761904762,3,0.13747619047619047,2,0.11983333333333332,1,0.0,0,0.0,2,0 days 00:26:52.500000
3,2,2,True,2,1.0,0,0.0,1,0.0,3,0.0,4,0.0,1,0 days 02:08:50.300000
3,2,2,True,2,0.65,3,0.32,6,0.03,1,0.0,0,0.0,1,0 days 00:56:03.200000
3,2,8,False,8,0.35936904761904764,2,0.3160833333333333,3,0.299547619047619,6,0.025,0,0.0,2,0 days 01:20:38.400000
3,3,6,False,6,0.63,2,0.3075,7,0.06,1,0.0025,3,0.0,5,0 days 02:41:03.300000
3,2,2,True,2,0.99,6,0.01,1,0.0,0,0.0,3,0.0,1,0 days 00:37:15.200000
3,2,2,True,2,0.92,6,0.07,3,0.01,1,0.0,0,0.0,1,0 days 00:36:39.600000
3,3,2,False,2,0.75,13,0.23,0,0.02,1,0.0,4,0.0,8,0 days 01:47:28.300000
3,3,2,False,2,0.74,3,0.21,7,0.05,1,0.0,0,0.0,2,0 days 00:54:06.900000
3,2,7,False,7,0.3786190476190475,6,0.29928571428571427,3,0.28209523809523807,2,0.04,0,0.0,4,0 days 01:47:24.600000
3,3,2,False,2,0.7,13,0.17,7,0.12,3,0.01,0,0.0,4,0 days 00:26:59.300000
3,3,3,True,3,0.6316666666666666,2,0.36,9,0.008333333333333333,1,0.0,4,0.0,1,0 days 00:27:01.400000
3,3,3,True,3,0.99,2,0.01,1,0.0,0,0.0,4,0.0,1,0 days 00:23:18.800000
3,3,3,True,3,0.86,8,0.11,2,0.02,1,0.01,4,0.0,1,0 days 00:05:54.800000
3,1,2,False,2,0.71,3,0.21,6,0.08,1,0.0,0,0.0,4,0 days 00:06:18.500000
3,3,2,False,2,0.49166666666666664,6,0.45833333333333326,3,0.04,7,0.01,0,0.0,3,0 days 01:20:40.900000
3,10,3,False,3,0.88,12,0.09,2,0.03,1,0.0,4,0.0,11,0 days 00:34:10.500000
3,3,7,False,7,0.8008333333333333,2,0.17916666666666664,1,0.02,0,0.0,3,0.0,5,0 days 00:53:51.600000
3,3,3,True,3,0.98,9,0.02,1,0.0,0,0.0,4,0.0,1,0 days 00:21:40.800000
3,3,3,True,3,0.97,12,0.02,2,0.01,1,0.0,4,0.0,1,0 days 00:03:13
3,3,13,False,13,0.61,2,0.24,6,0.11,3,0.04,0,0.0,4,0 days 00:27:24.900000
3,11,2,False,2,0.94,6,0.06,1,0.0,0,0.0,3,0.0,12,0 days 01:26:48.600000
3,3,10,False,10,0.68,6,0.19,2,0.07,3,0.05,1,0.01,4,0 days 00:06:36.800000
3,3,13,False,13,0.86,3,0.14,1,0.0,0,0.0,4,0.0,2,0 days 00:27:10.200000
3,3,9,False,9,0.62,3,0.23016666666666674,7,0.14983333333333337,1,0.0,2,0.0,2,0 days 00:26:57.400000
3,3,6,False,6,0.6515000000000001,3,0.32183333333333336,2,0.026666666666666665,1,0.0,0,0.0,2,0 days 00:26:52.400000
3,3,3,True,3,0.76,6,0.24,1,0.0,0,0.0,2,0.0,1,0 days 01:06:03
3,3,3,True,3,0.85,6,0.13,7,0.02,0,0.0,2,0.0,1,0 days 00:31:00.900000
3,3,3,True,3,0.6583333333333334,2,0.33166666666666667,13,0.01,1,0.0,4,0.0,1,0 days 00:26:50
3,2,2,True,2,0.75,3,0.25,1,0.0,0,0.0,4,0.0,1,0 days 02:16:12.400000
3,3,10,False,10,0.61,3,0.33,2,0.06,1,0.0,4,0.0,2,0 days 00:10:56.900000
3,1,6,False,6,0.6018333333333333,1,0.2353333333333333,7,0.14466666666666667,2,0.009833333333333333,3,0.008333333333333333,2,0 days 03:34:44.800000
3,2,7,False,7,0.62,2,0.27,3,0.11,1,0.0,0,0.0,2,0 days 01:56:58.900000
3,2,2,True,2,0.73,3,0.21,1,0.06,0,0.0,4,0.0,1,0 days 02:17:29.200000
3,2,2,True,2,0.66,3,0.28,6,0.06,1,0.0,0,0.0,1,0 days 01:48:54.300000
3,9,12,False,12,0.62,9,0.23,3,0.11,2,0.04,4,0.0,2,0 days 00:27:02.100000
3,2,3,False,3,0.67,2,0.3,10,0.03,1,0.0,4,0.0,2,0 days 00:10:43.900000
3,2,2,True,2,0.91,3,0.09,1,0.0,0,0.0,4,0.0,1,0 days 02:25:08.300000
3,3,3,True,3,0.67,2,0.22,12,0.08,7,0.03,0,0.0,1,0 days 00:54:11.400000
3,2,3,False,3,1.0,0,0.0,1,0.0,2,0.0,4,0.0,4,0 days 00:18:26.300000
3,3,10,False,10,0.59,3,0.36,2,0.05,1,0.0,4,0.0,2,0 days 00:29:00.400000
3,3,3,True,3,0.84,2,0.15,13,0.01,1,0.0,4,0.0,1,0 days 00:26:51.500000
3,3,6,False,6,0.65,10,0.19,2,0.16,1,0.0,3,0.0,5,0 days 02:03:31.500000
3,2,2,True,2,0.95,6,0.05,1,0.0,0,0.0,3,0.0,1,0 days 01:48:39.900000
3,3,3,True,3,0.68,2,0.22,7,0.07,1,0.03,0,0.0,1,0 days 01:57:28.100000
3,3,3,True,3,0.5379761904761904,2,0.45202380952380955,7,0.01,1,0.0,0,0.0,1,0 days 00:53:46.500000
3,3,3,True,3,0.68,6,0.31,12,0.01,1,0.0,2,0.0,1,0 days 00:40:13.300000
3,3,6,False,6,0.63,3,0.37,1,0.0,0,0.0,2,0.0,2,0 days 00:54:42.100000
3,3,5,False,5,0.65,2,0.26,1,0.09,0,0.0,3,0.0,5,0 days 00:09:49.200000
3,3,1,False,1,0.58,3,0.21,8,0.13,2,0.05,10,0.03,2,0 days 00:45:08.800000
3,3,3,True,3,0.94,12,0.06,1,0.0,0,0.0,4,0.0,1,0 days 00:27:45.300000
3,2,6,False,6,0.65,3,0.21,2,0.14,1,0.0,0,0.0,3,0 days 01:49:06.100000
3,3,3,True,3,0.73,2,0.17,9,0.1,1,0.0,4,0.0,1,0 days 00:20:32.500000
3,2,3,False,3,0.6300873015873016,9,0.36991269841269847,1,0.0,0,0.0,4,0.0,8,0 days 00:26:58.300000
3,2,2,True,2,0.71,10,0.27,3,0.01,0,0.01,4,0.0,1,0 days 01:24:31
3,3,8,False,8,0.7,3,0.21,6,0.09,1,0.0,2,0.0,2,0 days 00:11:49.800000
3,2,6,False,6,0.6,1,0.37,7,0.02,2,0.01,3,0.0,4,0 days 03:32:11.200000
3,2,3,False,3,0.65,1,0.22,2,0.11,11,0.02,4,0.0,3,0 days 02:17:40.600000
3,5,3,False,3,0.92,2,0.06,7,0.02,1,0.0,0,0.0,7,0 days 01:47:43.500000
3,2,2,True,2,0.79,11,0.21,1,0.0,0,0.0,4,0.0,1,0 days 02:10:56
3,9,9,True,9,0.64,3,0.34,2,0.02,1,0.0,4,0.0,1,0 days 00:13:42.600000
3,3,6,False,6,0.66,3,0.3,2,0.04,1,0.0,0,0.0,2,0 days 00:08:03.800000
3,3,2,False,2,0.93,3,0.07,1,0.0,0,0.0,4,0.0,2,0 days 00:44:31.700000
3,3,3,True,3,0.81,13,0.19,1,0.0,0,0.0,4,0.0,1,0 days 00:14:53.200000
3,2,2,True,2,0.91,4,0.07,5,0.02,0,0.0,3,0.0,1,0 days 02:43:26.900000
3,3,3,True,3,0.94,2,0.05,6,0.01,1,0.0,0,0.0,1,0 days 00:39:15.600000
3,1,3,False,3,0.72,12,0.28,1,0.0,0,0.0,4,0.0,3,0 days 00:07:29.500000
3,3,6,False,6,0.79,3,0.21,1,0.0,0,0.0,2,0.0,2,0 days 00:07:16
3,3,6,False,6,0.68,3,0.3,7,0.02,0,0.0,2,0.0,2,0 days 01:05:46.800000
3,2,2,True,2,0.96,5,0.03,3,0.01,1,0.0,0,0.0,1,0 days 02:41:50.500000
3,3,6,False,6,0.71,13,0.18,3,0.08,2,0.03,0,0.0,3,0 days 00:27:26
3,3,2,False,2,0.86,13,0.11,3,0.03,1,0.0,4,0.0,3,0 days 01:21:37.300000
3,3,6,False,6,0.7,9,0.18,3,0.12,1,0.0,2,0.0,3,0 days 00:13:35.200000
3,3,3,True,3,0.68,2,0.32,1,0.0,0,0.0,4,0.0,1,0 days 00:32:23.400000
3,2,6,False,6,0.93,3,0.07,1,0.0,0,0.0,2,0.0,5,0 days 00:54:35.600000
3,2,3,False,3,0.93,13,0.06,2,0.01,1,0.0,4,0.0,3,0 days 00:27:21.100000
3,2,6,False,6,0.6,3,0.31,1,0.06,7,0.03,2,0.0,5,0 days 00:50:42.500000
3,2,2,True,2,0.8968333333333334,3,0.10316666666666667,1,0.0,0,0.0,4,0.0,1,0 days 01:20:59.300000
3,12,13,False,13,0.61,2,0.24,6,0.11,3,0.04,0,0.0,14,0 days 00:27:24.800000
3,10,3,False,3,0.81,11,0.15,8,0.03,12,0.01,4,0.0,13,0 days 00:11:27.400000
3,3,6,False,6,0.68,2,0.22,10,0.1,1,0.0,3,0.0,5,0 days 00:33:07.100000
3,2,2,True,2,0.88,5,0.1,4,0.02,0,0.0,3,0.0,1,0 days 02:42:42.500000
3,11,2,False,2,0.8449999999999999,3,0.155,1,0.0,0,0.0,4,0.0,12,0 days 00:27:03
3,2,2,True,2,0.91,6,0.09,1,0.0,0,0.0,3,0.0,1,0 days 04:06:11.700000
3,2,5,False,5,0.72,2,0.23,3,0.03,11,0.02,0,0.0,2,0 days 02:42:18.300000
3,2,2,True,2,1.0,0,0.0,1,0.0,3,0.0,4,0.0,1,0 days 01:20:52.100000
3,2,2,True,2,0.83,6,0.11,3,0.06,1,0.0,0,0.0,1,0 days 02:08:18.800000
3,2,6,False,6,0.57,2,0.43,1,0.0,0,0.0,3,0.0,2,0 days 01:48:33.100000
3,3,3,True,3,0.84,12,0.15,2,0.01,1,0.0,4,0.0,1,0 days 00:30:28
3,12,10,False,10,0.68,11,0.19,3,0.07,1,0.05,6,0.01,13,0 days 00:05:08.300000
3,2,3,False,3,0.71,6,0.27,2,0.02,1,0.0,0,0.0,3,0 days 01:23:21.800000
3,13,10,False,10,0.63,2,0.25,3,0.12,1,0.0,4,0.0,14,0 days 00:27:38.400000
3,2,2,True,2,0.84,6,0.11,3,0.04,10,0.01,0,0.0,1,0 days 00:33:15.800000
3,2,3,False,3,0.65,2,0.34,13,0.01,1,0.0,4,0.0,2,0 days 00:58:33.400000
3,2,2,True,2,1.0,0,0.0,1,0.0,3,0.0,4,0.0,1,0 days 02:08:55.900000
3,3,13,False,13,0.63,3,0.27,8,0.1,0,0.0,4,0.0,2,0 days 00:28:00.400000
3,11,2,False,2,0.86,3,0.14,1,0.0,0,0.0,4,0.0,12,0 days 02:55:37.400000
3,2,3,False,3,1.0,0,0.0,1,0.0,2,0.0,4,0.0,4,0 days 00:21:58.600000
3,2,2,True,2,0.74,3,0.2,8,0.05,6,0.01,0,0.0,1,0 days 02:15:37.100000
3,2,2,True,2,0.66,3,0.25,13,0.09,1,0.0,4,0.0,1,0 days 01:21:51.500000
3,2,6,False,6,0.66,2,0.34,1,0.0,0,0.0,3,0.0,2,0 days 04:02:42.800000
3,2,10,False,10,0.66,3,0.25,6,0.07,8,0.02,2,0.0,5,0 days 00:31:50.300000
3,2,2,True,2,0.99,13,0.01,1,0.0,0,0.0,4,0.0,1,0 days 01:45:13.100000
3,2,3,False,3,0.81,13,0.19,1,0.0,0,0.0,4,0.0,8,0 days 00:14:55.700000
3,2,2,True,2,0.78,3,0.22,1,0.0,0,0.0,4,0.0,1,0 days 02:06:15.800000
3,2,3,False,3,1.0,0,0.0,1,0.0,2,0.0,4,0.0,4,0 days 00:12:22.100000
3,2,2,True,2,0.67,6,0.28,3,0.04,10,0.01,0,0.0,1,0 days 00:33:13.900000
3,2,1,False,1,0.74,6,0.17,2,0.09,0,0.0,3,0.0,3,0 days 01:27:50.600000
3,13,13,True,13,0.61,2,0.24,6,0.11,3,0.04,0,0.0,1,0 days 00:27:25
3,13,3,False,3,0.7,8,0.24,13,0.05,2,0.01,4,0.0,3,0 days 00:29:39.800000
3,2,6,False,6,0.64,2,0.32,3,0.02,9,0.02,0,0.0,2,0 days 00:14:02.500000
3,13,2,False,2,0.82,12,0.18,1,0.0,0,0.0,4,0.0,14,0 days 01:41:19.300000
3,2,3,False,3,0.83,2,0.17,1,0.0,0,0.0,4,0.0,2,0 days 02:54:19.400000
3,2,2,True,2,0.8,6,0.2,1,0.0,0,0.0,3,0.0,1,0 days 00:38:31.100000
4,4,3,False,3,0.68,2,0.29,7,0.03,1,0.0,0,0.0,6,0 days 01:17:36.300000
4,0,3,False,3,0.94,2,0.05,6,0.01,1,0.0,0,0.0,5,0 days 01:29:10.500000
4,0,4,False,4,0.6,0,0.19316666666666665,6,0.1668333333333333,2,0.04,3,0.0,2,0 days 02:41:05.400000
4,0,2,False,2,0.97,3,0.016666666666666666,0,0.013333333333333332,1,0.0,4,0.0,3,0 days 02:14:16.400000
4,0,2,False,2,0.66,7,0.31,0,0.03,1,0.0,3,0.0,3,0 days 01:47:30.400000
4,4,1,False,1,0.6758333333333334,0,0.23416666666666663,2,0.09,3,0.0,4,0.0,5,0 days 00:53:50.500000
4,0,3,False,3,0.62,0,0.26,2,0.09,6,0.03,1,0.0,2,0 days 02:41:01.400000
4,2,1,False,1,0.68,6,0.22,2,0.08,7,0.02,3,0.0,3,0 days 03:34:42.100000
4,2,2,True,2,1.0,0,0.0,1,0.0,3,0.0,4,0.0,1,0 days 02:41:06
4,2,3,False,3,0.49,2,0.48,6,0.03,1,0.0,0,0.0,2,0 days 02:06:07.400000
4,2,6,False,6,0.73,0,0.19,2,0.06,3,0.01,7,0.01,3,0 days 01:47:25.300000
4,2,2,True,2,0.99,3,0.006666666666666666,0,0.003333333333333333,1,0.0,4,0.0,1,0 days 02:14:16
4,2,3,False,3,0.62,0,0.26,2,0.09,6,0.03,1,0.0,3,0 days 02:41:01.700000
4,2,6,False,6,0.7,2,0.22,5,0.06,3,0.02,0,0.0,2,0 days 01:47:21.700000
4,6,2,False,2,0.65,6,0.33,1,0.02,0,0.0,3,0.0,2,0 days 03:07:54.700000
4,6,2,False,2,0.98,0,0.01,7,0.01,1,0.0,3,0.0,8,0 days 02:41:11.600000
4,2,7,False,7,0.67,3,0.1720833333333333,6,0.12791666666666665,2,0.03,0,0.0,4,0 days 01:20:36.700000
4,7,2,False,2,0.7,6,0.29,3,0.01,1,0.0,0,0.0,8,0 days 01:54:42.400000
4,6,6,True,6,0.64,2,0.33,3,0.03,1,0.0,0,0.0,1,0 days 01:54:45.600000
4,6,2,False,2,0.4302142857142857,3,0.41245238095238096,6,0.14,1,0.01,5,0.007333333333333334,3,0 days 03:34:45.100000
4,6,2,False,2,0.72,6,0.21,3,0.05,0,0.02,1,0.0,2,0 days 02:14:21.400000
4,6,1,False,1,0.58,3,0.32,13,0.08,2,0.02,4,0.0,7,0 days 00:59:08.100000
4,6,1,False,1,0.61,2,0.24,0,0.15,3,0.0,4,0.0,7,0 days 03:07:52.100000
4,6,4,False,4,0.61,2,0.39,1,0.0,0,0.0,3,0.0,7,0 days 03:09:40.100000
4,8,2,False,2,0.56,6,0.31,3,0.13,1,0.0,0,0.0,9,0 days 02:00:51.600000
4,7,11,False,11,0.57,2,0.37,7,0.06,1,0.0,3,0.0,3,0 days 00:53:54.300000
4,6,4,False,4,0.65,2,0.25,3,0.06,1,0.04,0,0.0,7,0 days 03:54:16.300000
4,2,2,True,2,1.0,0,0.0,1,0.0,3,0.0,4,0.0,1,0 days 00:37:55.700000
4,2,2,True,2,0.83,11,0.17,1,0.0,0,0.0,4,0.0,1,0 days 00:57:14.600000
4,2,3,False,3,0.963,2,0.037000000000000005,1,0.0,0,0.0,4,0.0,2,0 days 00:26:58.100000
4,6,10,False,10,0.56,3,0.25,2,0.13,11,0.06,4,0.0,10,0 days 00:32:54.900000
4,6,3,False,3,0.79,6,0.17,2,0.04,1,0.0,0,0.0,2,0 days 00:55:11.200000
4,6,6,True,6,0.71,5,0.24,2,0.05,0,0.0,3,0.0,1,0 days 01:08:39.600000
4,6,3,False,3,0.7,6,0.3,1,0.0,0,0.0,2,0.0,2,0 days 00:06:53.500000
4,3,2,False,2,0.73,3,0.2,8,0.07,1,0.0,4,0.0,2,0 days 01:03:15.100000
4,2,3,False,3,0.81,2,0.16,0,0.01,7,0.01,6,0.01,2,0 days 01:20:40.100000
4,3,3,True,3,0.89,6,0.11,1,0.0,0,0.0,2,0.0,1,0 days 01:06:14.100000
4,2,4,False,4,0.68,0,0.28,6,0.023,2,0.017,3,0.0,4,0 days 03:07:59
4,3,13,False,13,0.61,2,0.32,3,0.04,5,0.03,0,0.0,3,0 days 01:07:54.400000
4,2,6,False,6,0.65,0,0.26,2,0.09,1,0.0,3,0.0,3,0 days 03:07:56.300000
4,3,2,False,2,0.66,5,0.25,3,0.08,7,0.01,0,0.0,3,0 days 01:47:42.500000
4,2,1,False,1,0.71,2,0.24,3,0.05,0,0.0,4,0.0,2,0 days 04:01:31.700000
4,6,3,False,3,0.97,2,0.02,6,0.01,1,0.0,0,0.0,3,0 days 00:55:46.700000
4,6,2,False,2,0.78,3,0.21,6,0.01,1,0.0,0,0.0,3,0 days 01:20:33
4,7,2,False,2,0.81,8,0.18,6,0.01,1,0.0,3,0.0,9,0 days 01:02:48.400000
4,6,2,False,2,1.0,0,0.0,1,0.0,3,0.0,4,0.0,7,0 days 00:36:51.300000
4,7,2,False,2,0.47150000000000003,7,0.43849999999999995,3,0.09,1,0.0,0,0.0,2,0 days 00:53:52
4,6,6,True,6,0.71,3,0.27,5,0.02,0,0.0,2,0.0,1,0 days 00:06:57.900000
4,8,3,False,3,0.94,6,0.04,2,0.02,1,0.0,0,0.0,9,0 days 00:13:29.100000
4,8,2,False,2,0.71,8,0.28,3,0.01,1,0.0,4,0.0,2,0 days 01:00:02.200000
4,8,6,False,6,0.91,2,0.05,3,0.04,1,0.0,0,0.0,9,0 days 01:50:04.200000
4,6,3,False,3,0.88,2,0.06833333333333333,6,0.05166666666666666,1,0.0,0,0.0,3,0 days 00:26:52.500000
4,6,2,False,2,0.7858333333333332,8,0.1941666666666667,12,0.01,7,0.01,3,0.0,9,0 days 01:20:38.700000
4,6,2,False,2,0.94,3,0.03,9,0.03,1,0.0,4,0.0,7,0 days 00:14:00.200000
4,6,3,False,3,0.89,2,0.11,1,0.0,0,0.0,4,0.0,7,0 days 01:22:21.200000
4,7,3,False,3,0.8114999999999999,9,0.16183333333333333,6,0.016666666666666666,2,0.01,0,0.0,9,0 days 00:26:57.300000
4,2,2,True,2,0.66,3,0.34,1,0.0,0,0.0,4,0.0,1,0 days 00:44:47.400000
4,2,2,True,2,0.6,3,0.36,1,0.03,8,0.01,4,0.0,1,0 days 00:45:02
4,2,13,False,13,0.64,2,0.2,3,0.16,1,0.0,4,0.0,2,0 days 02:14:40.400000
4,2,3,False,3,0.6,13,0.29,2,0.1,0,0.01,4,0.0,3,0 days 01:47:28.500000
4,5,2,False,2,0.72,6,0.21,3,0.05,0,0.02,1,0.0,7,0 days 02:14:21.600000
4,2,3,False,3,0.71,13,0.29,1,0.0,0,0.0,4,0.0,8,0 days 00:26:59.800000
4,9,3,False,3,0.7363809523809521,2,0.2636190476190475,1,0.0,0,0.0,4,0.0,10,0 days 00:26:58.300000
4,2,2,True,2,0.85,0,0.1,3,0.02333333333333333,5,0.016666666666666666,6,0.01,1,0 days 02:15:17.900000
4,3,3,True,3,0.9866666666666666,2,0.013333333333333332,1,0.0,0,0.0,4,0.0,1,0 days 00:53:45.800000
4,3,2,False,2,0.5614999999999999,8,0.42849999999999994,12,0.01,0,0.0,4,0.0,8,0 days 01:20:38.600000
4,2,11,False,11,0.77,3,0.21,2,0.01,1,0.01,4,0.0,3,0 days 02:18:53.800000
4,3,3,True,3,0.73,13,0.26,8,0.01,0,0.0,4,0.0,1,0 days 00:27:57.300000
4,3,3,True,3,0.66,6,0.2,8,0.12,2,0.02,0,0.0,1,0 days 01:20:31.600000
4,2,6,False,6,0.67,3,0.26,2,0.07,1,0.0,0,0.0,3,0 days 02:00:48.900000
4,2,6,False,6,0.88,0,0.0575,1,0.0425,2,0.02,3,0.0,4,0 days 03:07:54.400000
4,2,7,False,7,0.63,3,0.37,1,0.0,0,0.0,2,0.0,5,0 days 00:54:10
4,1,0,False,0,0.7,2,0.247,4,0.04,6,0.013000000000000001,3,0.0,6,0 days 03:08:00.300000
4,2,6,False,6,0.48971428571428566,0,0.4102857142857143,2,0.1,1,0.0,3,0.0,3,0 days 02:41:05.600000
4,2,4,False,4,0.58,2,0.39,3,0.03,1,0.0,0,0.0,2,0 days 02:17:06.700000
4,3,6,False,6,0.82,2,0.16,5,0.02,0,0.0,3,0.0,5,0 days 01:09:15.200000
4,2,3,False,3,0.57,2,0.43,1,0.0,0,0.0,4,0.0,2,0 days 00:36:24.100000
4,3,7,False,7,0.54,2,0.41,0,0.05,1,0.0,3,0.0,5,0 days 02:16:31
4,2,6,False,6,0.6,2,0.35,7,0.03,3,0.02,0,0.0,2,0 days 01:20:42.900000
4,2,3,False,3,0.59,2,0.41,1,0.0,0,0.0,4,0.0,2,0 days 01:20:48.700000
4,2,2,True,2,1.0,0,0.0,1,0.0,3,0.0,4,0.0,1,0 days 01:49:26
4,3,3,True,3,1.0,0,0.0,1,0.0,2,0.0,4,0.0,1,0 days 00:39:35.100000
4,3,10,False,10,0.62,3,0.22,12,0.11,2,0.05,4,0.0,2,0 days 00:34:13.400000
4,1,2,False,2,0.74,4,0.26,1,0.0,0,0.0,3,0.0,3,0 days 03:09:52.800000
4,3,2,False,2,0.65,3,0.302,13,0.048,1,0.0,4,0.0,2,0 days 00:27:02.800000
4,3,6,False,6,0.57,2,0.39,11,0.04,1,0.0,3,0.0,5,0 days 02:12:05.500000
4,3,6,False,6,0.63,7,0.21,8,0.11,3,0.05,2,0.0,4,0 days 01:15:36.900000
4,3,3,True,3,0.8114999999999999,9,0.16183333333333333,6,0.016666666666666666,2,0.01,0,0.0,1,0 days 00:26:57.300000
4,3,6,False,6,0.6,3,0.28,13,0.11,12,0.01,2,0.0,2,0 days 00:27:27.200000
4,3,3,True,3,1.0,0,0.0,1,0.0,2,0.0,4,0.0,1,0 days 00:22:49.900000
4,3,3,True,3,0.67,11,0.28,0,0.05,1,0.0,4,0.0,1,0 days 00:11:12.100000
4,3,6,False,6,0.5075,7,0.4125000000000001,2,0.08,0,0.0,3,0.0,5,0 days 01:47:24.200000
4,3,2,False,2,0.6564999999999999,7,0.24,3,0.10350000000000001,1,0.0,0,0.0,3,0 days 00:53:46.900000
4,3,2,False,2,1.0,0,0.0,1,0.0,3,0.0,4,0.0,4,0 days 02:17:34.200000
4,3,2,False,2,0.62,3,0.37,11,0.01,1,0.0,4,0.0,2,0 days 00:12:19.600000
4,5,3,False,3,0.98,8,0.02,1,0.0,0,0.0,4,0.0,6,0 days 00:15:39.300000
4,3,2,False,2,0.4825,6,0.3775,3,0.13,9,0.01,0,0.0,3,0 days 00:26:52.600000
4,3,3,True,3,0.67,6,0.31,5,0.02,0,0.0,2,0.0,1,0 days 00:06:58.100000
4,3,2,False,2,0.61,3,0.36333333333333334,10,0.026666666666666665,1,0.0,4,0.0,2,0 days 00:10:51.400000
4,3,2,False,2,0.68,3,0.32,1,0.0,0,0.0,4,0.0,2,0 days 00:24:05.800000
4,3,6,False,6,0.62,3,0.26,2,0.12,1,0.0,0,0.0,2,0 days 02:45:08.900000
4,3,3,True,3,0.8608333333333333,13,0.13916666666666666,1,0.0,0,0.0,4,0.0,1,0 days 00:26:41.200000
4,3,3,True,3,0.55,6,0.37,0,0.06,2,0.02,1,0.0,1,0 days 01:47:26.600000
4,1,3,False,3,0.9,6,0.07,1,0.03,0,0.0,2,0.0,3,0 days 00:05:19
4,5,2,False,2,0.6,6,0.395,3,0.005,1,0.0,0,0.0,7,0 days 02:13:46
4,10,3,False,3,0.95,2,0.05,1,0.0,0,0.0,4,0.0,11,0 days 00:29:00.300000
4,2,2,True,2,0.94,6,0.06,1,0.0,0,0.0,3,0.0,1,0 days 01:00:37.900000
4,2,2,True,2,0.92,8,0.08,1,0.0,0,0.0,4,0.0,1,0 days 01:00:09.500000
4,2,2,True,2,0.67,3,0.32,8,0.01,1,0.0,4,0.0,1,0 days 00:03:19.600000
4,3,13,False,13,0.67,8,0.22,3,0.07,2,0.04,4,0.0,3,0 days 00:29:41.600000
4,3,3,True,3,0.98,2,0.02,1,0.0,0,0.0,4,0.0,1,0 days 00:03:14.700000
4,2,7,False,7,0.65,2,0.31,6,0.04,0,0.0,3,0.0,2,0 days 01:40:08.200000
4,3,2,False,2,1.0,0,0.0,1,0.0,3,0.0,4,0.0,4,0 days 01:49:25
4,3,6,False,6,0.7861666666666668,7,0.14383333333333334,2,0.07,0,0.0,3,0.0,5,0 days 01:47:23.700000
4,3,7,False,7,0.7,3,0.24,8,0.04,6,0.02,2,0.0,2,0 days 00:31:11
4,3,2,False,2,0.66,3,0.21,5,0.12,7,0.01,0,0.0,2,0 days 01:47:41.900000
4,3,8,False,8,0.68,2,0.19,3,0.13,1,0.0,4,0.0,3,0 days 00:00:54.900000
4,2,2,True,2,0.99,3,0.01,1,0.0,0,0.0,4,0.0,1,0 days 02:24:04.900000
4,2,3,False,3,0.63,2,0.37,1,0.0,0,0.0,4,0.0,2,0 days 03:19:58.800000
4,2,3,False,3,0.59,2,0.27,8,0.14,1,0.0,4,0.0,2,0 days 02:15:59.400000
4,3,12,False,12,0.65,3,0.23,2,0.12,1,0.0,4,0.0,2,0 days 01:20:46.600000
4,3,6,False,6,0.64,2,0.34,8,0.02,1,0.0,3,0.0,5,0 days 01:01:20.900000
4,3,3,True,3,0.7216666666666667,0,0.24,10,0.028333333333333332,11,0.01,4,0.0,1,0 days 00:11:07.100000
4,2,7,False,7,0.66,6,0.34,0,0.0,1,0.0,3,0.0,6,0 days 01:55:41.800000
4,3,0,False,0,0.71,3,0.21,2,0.08,1,0.0,4,0.0,2,0 days 01:48:09.100000
4,1,6,False,6,0.79,3,0.19,2,0.02,1,0.0,0,0.0,4,0 days 02:01:40
4,9,2,False,2,0.84,10,0.11,8,0.05,0,0.0,4,0.0,11,0 days 00:04:41.300000
4,3,2,False,2,0.64,11,0.25,13,0.1,6,0.01,3,0.0,5,0 days 00:27:03.100000
4,2,3,False,3,0.98,12,0.02,1,0.0,0,0.0,4,0.0,8,0 days 00:27:12
4,3,2,False,2,0.68,6,0.17,7,0.12,3,0.02,0,0.01,4,0 days 00:53:47.400000
4,3,3,True,3,0.75,8,0.17,2,0.08,1,0.0,4,0.0,1,0 days 00:43:39.900000
4,3,3,True,3,0.61,6,0.39,1,0.0,0,0.0,2,0.0,1,0 days 01:06:32.100000
4,3,2,False,2,0.62,3,0.37,11,0.01,1,0.0,4,0.0,2,0 days 00:12:20.500000
4,3,3,True,3,0.99,2,0.01,1,0.0,0,0.0,4,0.0,1,0 days 00:16:51.100000
4,3,3,True,3,0.68,13,0.24,10,0.07,2,0.01,4,0.0,1,0 days 00:27:41.500000
4,2,5,False,5,0.7066666666666666,2,0.29333333333333333,1,0.0,0,0.0,3,0.0,2,0 days 02:14:58.400000
4,3,2,False,2,0.72,3,0.23,6,0.05,1,0.0,0,0.0,2,0 days 01:51:32.800000
4,2,3,False,3,0.92,2,0.08,1,0.0,0,0.0,4,0.0,2,0 days 00:27:31.100000
4,12,9,False,9,0.67,3,0.275,13,0.055,0,0.0,4,0.0,14,0 days 00:27:02.300000
4,1,2,False,2,0.87,3,0.13,1,0.0,0,0.0,4,0.0,3,0 days 02:41:35.300000
4,3,6,False,6,0.59,12,0.28,3,0.13,1,0.0,2,0.0,3,0 days 00:40:17.200000
4,11,3,False,3,0.73,6,0.19,1,0.06,10,0.02,2,0.0,12,0 days 00:05:14.300000
4,2,2,True,2,0.79,3,0.21,1,0.0,0,0.0,4,0.0,1,0 days 01:21:04.900000
4,2,12,False,12,0.65,3,0.21,2,0.14,1,0.0,4,0.0,3,0 days 01:20:46.300000
4,2,2,True,2,0.71,3,0.29,1,0.0,0,0.0,4,0.0,1,0 days 02:16:07.500000
4,2,2,True,2,0.84,10,0.11,8,0.05,0,0.0,4,0.0,1,0 days 00:04:40.600000
4,2,2,True,2,0.74,4,0.26,1,0.0,0,0.0,3,0.0,1,0 days 03:09:50.800000
4,12,1,False,1,0.6,6,0.26,2,0.1,8,0.04,3,0.0,13,0 days 00:48:35.100000
4,2,2,True,2,0.76,6,0.2,11,0.04,1,0.0,3,0.0,1,0 days 02:11:57.600000
4,2,3,False,3,0.66,13,0.24,7,0.1,1,0.0,2,0.0,5,0 days 00:26:59.300000
4,10,10,True,10,0.69,2,0.31,1,0.0,0,0.0,4,0.0,1,0 days 01:36:03.700000
4,3,12,False,12,0.62,3,0.33,6,0.05,1,0.0,2,0.0,2,0 days 00:41:04.900000
4,11,3,False,3,0.75,8,0.17,2,0.08,1,0.0,4,0.0,12,0 days 00:43:35.300000
4,2,12,False,12,0.69,3,0.22,6,0.09,1,0.0,2,0.0,5,0 days 00:40:20.300000
4,13,10,False,10,0.62,2,0.35,3,0.03,1,0.0,4,0.0,14,0 days 01:24:40.200000
4,13,3,False,3,0.66,12,0.23,13,0.08,2,0.03,4,0.0,3,0 days 00:27:24.900000
4,2,2,True,2,1.0,0,0.0,1,0.0,3,0.0,4,0.0,1,0 days 01:20:53
4,2,3,False,3,0.57,12,0.27,2,0.16,1,0.0,4,0.0,3,0 days 01:31:41.100000
4,2,2,True,2,1.0,0,0.0,1,0.0,3,0.0,4,0.0,1,0 days 01:21:03.200000
4,2,2,True,2,0.94,6,0.06,1,0.0,0,0.0,3,0.0,1,0 days 02:58:50.600000
4,2,3,False,3,0.59,1,0.33,9,0.08,0,0.0,4,0.0,8,0 days 00:19:58
4,11,2,False,2,0.61,11,0.26,6,0.08,1,0.04,3,0.01,2,0 days 02:18:11.200000
4,2,2,True,2,0.8,6,0.2,1,0.0,0,0.0,3,0.0,1,0 days 01:28:17.600000
4,2,3,False,3,0.95,2,0.05,1,0.0,0,0.0,4,0.0,2,0 days 00:22:36.800000
4,2,3,False,3,0.62,6,0.25,2,0.13,1,0.0,0,0.0,3,0 days 02:07:30.300000
4,2,2,True,2,0.62,5,0.24,3,0.14,1,0.0,0,0.0,1,0 days 00:10:05
4,2,3,False,3,0.77,9,0.21,1,0.02,0,0.0,4,0.0,8,0 days 00:20:22.100000
4,2,6,False,6,0.69,2,0.31,1,0.0,0,0.0,3,0.0,2,0 days 01:28:40.900000
4,13,3,False,3,0.927,13,0.063,2,0.01,1,0.0,4,0.0,2,0 days 00:27:05.300000
4,2,2,True,2,0.77,6,0.23,1,0.0,0,0.0,3,0.0,1,0 days 03:00:27
4,13,3,False,3,0.94,2,0.06,1,0.0,0,0.0,4,0.0,14,0 days 00:14:43.400000
4,2,2,True,2,0.99,3,0.01,1,0.0,0,0.0,4,0.0,1,0 days 01:33:42.300000
4,3,6,False,6,0.69,7,0.2,2,0.11,0,0.0,3,0.0,5,0 days 05:12:15
5,3,2,False,2,0.91,1,0.06,0,0.03,3,0.0,4,0.0,4,0 days 04:01:30.100000
5,2,2,True,2,0.6,0,0.22233333333333327,6,0.17766666666666667,1,0.0,3,0.0,1,0 days 02:14:17.900000
5,4,6,False,6,0.83,2,0.15,3,0.02,1,0.0,0,0.0,6,0 days 02:27:46.300000
5,1,1,True,1,0.61,7,0.26,6,0.12,2,0.01,3,0.0,1,0 days 03:34:40.800000
5,0,6,False,6,0.63,2,0.36,4,0.01,0,0.0,3,0.0,4,0 days 02:41:05.700000
5,4,2,False,2,0.89,6,0.08,3,0.03,1,0.0,0,0.0,6,0 days 02:26:07.600000
5,0,0,True,0,0.7,3,0.22,2,0.08,1,0.0,4,0.0,1,0 days 02:14:18.500000
5,0,3,False,3,0.58,2,0.415,0,0.005,1,0.0,4,0.0,3,0 days 02:14:16.100000
5,0,6,False,6,0.66,3,0.23,2,0.11,1,0.0,0,0.0,5,0 days 01:47:25.900000
5,0,2,False,2,0.84,7,0.09,4,0.025,6,0.025,0,0.02,5,0 days 02:41:08.600000
5,1,2,False,2,0.75,1,0.22,0,0.03,3,0.0,4,0.0,2,0 days 04:01:31.100000
5,2,2,True,2,1.0,0,0.0,1,0.0,3,0.0,4,0.0,1,0 days 02:41:06.200000
5,2,6,False,6,0.65,0,0.27,7,0.08,1,0.0,3,0.0,6,0 days 01:47:31.800000
5,2,8,False,8,0.4736666666666666,3,0.38633333333333325,2,0.1,6,0.04,0,0.0,3,0 days 01:20:38.600000
5,6,0,False,0,0.46446428571428555,6,0.4155357142857144,1,0.06383333333333333,2,0.03616666666666667,7,0.01,2,0 days 02:41:04.600000
5,6,6,True,6,0.87,2,0.13,1,0.0,0,0.0,3,0.0,1,0 days 01:34:38.400000
5,6,10,False,10,0.6,3,0.36,2,0.04,1,0.0,4,0.0,7,0 days 01:36:33.900000
5,6,0,False,0,0.62,2,0.36,1,0.02,3,0.0,4,0.0,7,0 days 04:01:33.500000
5,2,2,True,2,0.965,3,0.03,0,0.005,1,0.0,4,0.0,1,0 days 02:14:16
5,6,3,False,3,0.69,6,0.28,2,0.03,1,0.0,0,0.0,2,0 days 01:47:26.100000
5,7,3,False,3,0.69,2,0.28,5,0.02,7,0.01,0,0.0,4,0 days 01:47:40.200000
5,6,6,True,6,0.65,2,0.23,3,0.09,0,0.03,1,0.0,1,0 days 02:14:19.200000
5,6,3,False,3,0.91,0,0.05,2,0.04,1,0.0,4,0.0,7,0 days 01:48:15.400000
5,6,3,False,3,0.59,2,0.30666666666666664,0,0.09,6,0.013333333333333332,1,0.0,4,0 days 00:53:59.900000
5,6,6,True,6,0.73,3,0.24,1,0.03,0,0.0,2,0.0,1,0 days 02:01:18.600000
5,1,6,False,6,0.59,0,0.3825,2,0.02,1,0.0075,3,0.0,4,0 days 03:07:52.200000
5,6,1,False,1,0.62,2,0.27,6,0.11,0,0.0,3,0.0,3,0 days 01:27:43.600000
5,7,3,False,3,0.4893333333333334,6,0.4706666666666666,2,0.04,1,0.0,0,0.0,8,0 days 01:47:24.200000
5,6,2,False,2,0.75,0,0.24,1,0.01,3,0.0,4,0.0,7,0 days 04:01:35.200000
5,6,5,False,5,0.64,2,0.23,3,0.08,6,0.05,0,0.0,4,0 days 01:47:19.200000
5,6,6,True,6,0.57,2,0.22,7,0.11,3,0.07,1,0.03,1,0 days 01:55:32.100000
5,6,3,False,3,0.71,6,0.29,1,0.0,0,0.0,2,0.0,2,0 days 00:07:23.200000
5,2,6,False,6,0.59,0,0.3825,2,0.02,1,0.0075,3,0.0,3,0 days 03:07:52.300000
5,2,2,True,2,0.6,7,0.23,6,0.15,3,0.02,0,0.0,1,0 days 04:55:12.300000
5,2,3,False,3,0.65,1,0.25,6,0.1,0,0.0,2,0.0,5,0 days 00:06:14.700000
5,2,2,True,2,0.85,6,0.12,3,0.02,1,0.008333333333333333,0,0.0016666666666666666,1,0 days 00:53:49.300000
5,2,3,False,3,0.75,2,0.22,8,0.03,1,0.0,4,0.0,2,0 days 01:20:24
5,2,3,False,3,0.5311666666666667,2,0.4388333333333334,7,0.03,1,0.0,0,0.0,2,0 days 02:14:15.400000
5,7,0,False,0,0.5088333333333334,6,0.39116666666666666,2,0.1,1,0.0,3,0.0,8,0 days 02:14:18.100000
5,7,3,False,3,0.78,1,0.2,2,0.01,6,0.01,0,0.0,8,0 days 00:49:30.700000
5,8,8,True,8,0.77,2,0.23,1,0.0,0,0.0,4,0.0,1,0 days 00:31:37.800000
5,7,2,False,2,0.88,3,0.11,1,0.01,0,0.0,4,0.0,8,0 days 01:57:03.400000
5,6,6,True,6,0.65,2,0.25,3,0.1,1,0.0,0,0.0,1,0 days 00:54:33.800000
5,6,6,True,6,0.66,2,0.25,7,0.07,3,0.02,0,0.0,1,0 days 04:55:07.900000
5,8,6,False,6,0.58,3,0.32,8,0.1,1,0.0,2,0.0,3,0 days 00:11:54.700000
5,6,3,False,3,0.79,6,0.21,1,0.0,0,0.0,2,0.0,2,0 days 00:07:14
5,6,2,False,2,0.99,3,0.01,1,0.0,0,0.0,4,0.0,7,0 days 00:03:39.900000
5,6,6,True,6,0.86,3,0.14,1,0.0,0,0.0,2,0.0,1,0 days 01:06:44.100000
5,8,3,False,3,0.71,2,0.29,1,0.0,0,0.0,4,0.0,9,0 days 00:26:56.300000
5,8,7,False,7,0.54,0,0.31,3,0.09,2,0.06,1,0.0,9,0 days 02:14:17.100000
5,6,2,False,2,0.7,1,0.23,6,0.06,3,0.01,0,0.0,3,0 days 00:09:11.900000
5,6,6,True,6,0.73,3,0.27,1,0.0,0,0.0,2,0.0,1,0 days 00:06:57.800000
5,1,12,False,12,0.67,6,0.25,2,0.06,8,0.02,3,0.0,7,0 days 00:48:29.100000
5,2,2,True,2,0.67,3,0.27,5,0.06,1,0.0,0,0.0,1,0 days 00:10:06
5,2,6,False,6,0.72,0,0.18,2,0.1,1,0.0,3,0.0,3,0 days 04:28:36.300000
5,2,2,True,2,0.75,3,0.23,6,0.02,1,0.0,0,0.0,1,0 days 01:20:33.800000
5,2,3,False,3,0.66,2,0.26,5,0.05,6,0.03,0,0.0,2,0 days 00:07:02.500000
5,5,2,False,2,0.7,6,0.3,1,0.0,0,0.0,3,0.0,7,0 days 02:26:54.400000
5,2,2,True,2,0.91,11,0.09,1,0.0,0,0.0,4,0.0,1,0 days 01:26:28.400000
5,9,3,False,3,0.96,6,0.04,1,0.0,0,0.0,2,0.0,10,0 days 00:13:32.300000
5,2,2,True,2,0.97,3,0.03,1,0.0,0,0.0,4,0.0,1,0 days 02:17:25.300000
5,3,2,False,2,0.68,3,0.29,9,0.02,1,0.01,4,0.0,2,0 days 00:18:21.700000
5,3,13,False,13,0.612,3,0.38799999999999996,1,0.0,0,0.0,4,0.0,2,0 days 00:27:07.500000
5,3,6,False,6,0.64,2,0.25,7,0.07,3,0.04,0,0.0,4,0 days 01:20:36.500000
5,2,2,True,2,0.88,3,0.09,7,0.03,1,0.0,0,0.0,1,0 days 01:25:33
5,2,1,False,1,0.62,2,0.27,6,0.11,0,0.0,3,0.0,2,0 days 01:27:43.900000
5,3,2,False,2,0.69,3,0.31,1,0.0,0,0.0,4,0.0,2,0 days 00:27:31.200000
5,3,13,False,13,0.66,3,0.22983333333333328,2,0.11016666666666666,1,0.0,4,0.0,2,0 days 00:27:04.700000
5,2,2,True,2,0.85,3,0.15,1,0.0,0,0.0,4,0.0,1,0 days 00:36:32.300000
5,3,2,False,2,0.85,6,0.12,3,0.02,1,0.008333333333333333,0,0.0016666666666666666,3,0 days 00:53:49.300000
5,3,2,False,2,0.69,10,0.19,3,0.12,1,0.0,4,0.0,3,0 days 00:28:58.400000
5,2,3,False,3,0.5595476190476191,6,0.435452380952381,7,0.005,0,0.0,2,0.0,5,0 days 00:26:57.500000
5,3,3,True,3,0.94,2,0.06,1,0.0,0,0.0,4,0.0,1,0 days 00:26:55.900000
5,3,7,False,7,0.87,0,0.07,6,0.06,1,0.0,3,0.0,5,0 days 01:47:31.200000
5,3,11,False,11,0.58,6,0.29,1,0.13,2,0.0,3,0.0,5,0 days 00:05:14.700000
5,3,0,False,0,0.6,3,0.37,11,0.02,10,0.01,4,0.0,2,0 days 00:11:10
5,3,3,True,3,0.4791666666666665,9,0.4685000000000001,6,0.052333333333333336,1,0.0,2,0.0,1,0 days 00:27:01
5,3,2,False,2,0.85,6,0.12,3,0.02,1,0.008333333333333333,0,0.0016666666666666666,3,0 days 00:53:49.400000
5,3,3,True,3,0.6355,13,0.36449999999999994,1,0.0,0,0.0,4,0.0,1,0 days 00:27:06.200000
5,3,12,False,12,0.62,3,0.37,2,0.01,1,0.0,4,0.0,2,0 days 00:03:09
5,3,10,False,10,0.61,3,0.25,12,0.09,8,0.04,11,0.01,2,0 days 00:11:26.700000
5,3,3,True,3,0.91,2,0.09,1,0.0,0,0.0,4,0.0,1,0 days 00:22:55.100000
5,3,3,True,3,0.98,6,0.02,1,0.0,0,0.0,2,0.0,1,0 days 00:26:57.800000
5,3,3,True,3,0.64,10,0.21,6,0.12,2,0.03,0,0.0,1,0 days 00:08:43.500000
5,3,1,False,1,0.64,11,0.21,6,0.1425,3,0.0075,2,0.0,4,0 days 00:05:21.500000
5,3,6,False,6,0.62,2,0.38,1,0.0,0,0.0,3,0.0,5,0 days 01:49:02.200000
5,3,3,True,3,0.88,2,0.06,6,0.06,1,0.0,0,0.0,1,0 days 00:12:14.400000
5,10,3,False,3,0.61,6,0.27,2,0.12,1,0.0,0,0.0,11,0 days 02:03:47.500000
5,1,7,False,7,0.57,1,0.35,6,0.06275,2,0.01225,0,0.005,2,0 days 03:34:44.700000
5,10,10,True,10,0.6,2,0.38,3,0.02,1,0.0,4,0.0,1,0 days 01:36:13
5,2,6,False,6,0.56,2,0.41,5,0.03,0,0.0,3,0.0,2,0 days 02:32:07.900000
5,2,11,False,11,0.61,2,0.28,3,0.11,1,0.0,4,0.0,2,0 days 02:55:42
5,2,2,True,2,1.0,0,0.0,1,0.0,3,0.0,4,0.0,1,0 days 00:04:04.700000
5,2,2,True,2,1.0,0,0.0,1,0.0,3,0.0,4,0.0,1,0 days 00:04:20.200000
5,9,3,False,3,0.8668333333333336,7,0.12316666666666666,6,0.01,0,0.0,2,0.0,10,0 days 00:26:57.400000
5,2,5,False,5,0.66,6,0.2,2,0.11,3,0.03,0,0.0,3,0 days 02:46:40.200000
5,2,6,False,6,0.64,2,0.28,3,0.04,1,0.03,10,0.01,2,0 days 00:08:51
5,2,1,False,1,0.55,2,0.38,6,0.04,3,0.03,0,0.0,2,0 days 00:06:43.800000
5,3,3,True,3,0.86,13,0.11,6,0.03,1,0.0,2,0.0,1,0 days 00:28:26.600000
5,2,2,True,2,0.88,3,0.08,0,0.04,1,0.0,4,0.0,1,0 days 01:48:04
5,2,2,True,2,0.99,6,0.0075,0,0.0025,1,0.0,3,0.0,1,0 days 03:34:43.300000
5,2,3,False,3,0.57,6,0.28,1,0.15,0,0.0,2,0.0,5,0 days 00:06:07.300000
5,3,3,True,3,0.76,6,0.22,2,0.02,1,0.0,0,0.0,1,0 days 00:54:45
5,3,3,True,3,0.93,2,0.07,1,0.0,0,0.0,4,0.0,1,0 days 00:26:49.400000
5,3,3,True,3,0.61,2,0.29,11,0.09,4,0.01,0,0.0,1,0 days 02:53:11.500000
5,2,3,False,3,0.58,2,0.42,1,0.0,0,0.0,4,0.0,2,0 days 01:20:49.200000
5,2,3,False,3,0.62,2,0.37,6,0.01,1,0.0,0,0.0,2,0 days 00:33:23.300000
5,2,11,False,11,0.62,7,0.38,2,0.0,0,0.0,3,0.0,3,0 days 00:53:53.900000
5,2,2,True,2,0.7,3,0.3,1,0.0,0,0.0,4,0.0,1,0 days 00:26:55.100000
5,3,11,False,11,0.73,12,0.17,10,0.06,3,0.03,6,0.01,4,0 days 00:05:05.600000
5,3,3,True,3,0.75,6,0.24,12,0.01,1,0.0,2,0.0,1,0 days 00:39:59.700000
5,2,6,False,6,0.62,3,0.25,2,0.13,1,0.0,0,0.0,3,0 days 01:51:06.800000
5,3,3,True,3,0.99,2,0.01,1,0.0,0,0.0,4,0.0,1,0 days 00:21:49.600000
5,2,3,False,3,0.66,2,0.21,7,0.13,1,0.0,0,0.0,2,0 days 01:25:16.100000
5,3,3,True,3,0.9,6,0.1,1,0.0,0,0.0,2,0.0,1,0 days 00:01:39.400000
5,3,1,False,1,0.7,2,0.2,11,0.1,0,0.0,4,0.0,8,0 days 02:37:59.700000
5,2,2,True,2,0.97,3,0.03,1,0.0,0,0.0,4,0.0,1,0 days 02:41:47
5,3,13,False,13,0.86,3,0.08,8,0.06,0,0.0,4,0.0,2,0 days 00:29:35.300000
5,3,2,False,2,0.7,1,0.23,6,0.06,3,0.01,0,0.0,4,0 days 00:09:10.800000
5,5,2,False,2,0.95,5,0.05,1,0.0,0,0.0,3,0.0,2,0 days 02:15:02.400000
5,5,3,False,3,0.85,2,0.15,1,0.0,0,0.0,4,0.0,6,0 days 00:03:34.500000
5,2,3,False,3,0.62,2,0.38,1,0.0,0,0.0,4,0.0,2,0 days 01:49:21.600000
5,3,6,False,6,0.7111904761904759,3,0.28880952380952374,1,0.0,0,0.0,2,0.0,2,0 days 00:06:48.100000
5,2,2,True,2,0.72,0,0.27,3,0.01,1,0.0,4,0.0,1,0 days 01:23:58
5,2,11,False,11,0.68,2,0.2,12,0.09,3,0.03,4,0.0,2,0 days 00:54:20.600000
5,3,3,True,3,0.87,2,0.13,1,0.0,0,0.0,4,0.0,1,0 days 00:08:21.600000
5,3,3,True,3,0.61,6,0.29,1,0.1,0,0.0,2,0.0,1,0 days 02:01:51.300000
5,3,3,True,3,0.5398333333333334,2,0.4368333333333333,9,0.013333333333333332,0,0.01,4,0.0,1,0 days 00:26:53.500000
5,3,8,False,8,0.68,3,0.28,2,0.04,1,0.0,4,0.0,2,0 days 00:15:08.400000
5,2,3,False,3,0.94,6,0.05,2,0.01,1,0.0,0,0.0,3,0 days 01:22:31.800000
5,2,2,True,2,0.7645000000000001,3,0.23549999999999996,1,0.0,0,0.0,4,0.0,1,0 days 01:20:59.300000
5,3,2,False,2,0.85,3,0.15,1,0.0,0,0.0,4,0.0,2,0 days 00:27:30.500000
5,3,7,False,7,0.61,3,0.21,2,0.18,1,0.0,0,0.0,2,0 days 01:47:38
5,3,6,False,6,0.56,2,0.43,10,0.01,1,0.0,3,0.0,5,0 days 00:03:44.600000
5,2,4,False,4,0.61,3,0.22,2,0.155,6,0.015,0,0.0,3,0 days 00:53:55.900000
5,2,5,False,5,0.69,3,0.2,2,0.05,1,0.05,6,0.01,3,0 days 00:09:44.100000
5,3,2,False,2,0.67,3,0.17,6,0.16,1,0.0,0,0.0,2,0 days 01:22:14.500000
5,2,2,True,2,0.69,3,0.3,12,0.01,1,0.0,4,0.0,1,0 days 01:20:48.300000
5,2,5,False,5,0.65,6,0.26,2,0.07,3,0.02,0,0.0,3,0 days 02:00:00.900000
5,3,2,False,2,0.74,4,0.23,7,0.02,8,0.01,3,0.0,5,0 days 01:17:28.300000
5,3,3,True,3,0.764,2,0.23,10,0.006,1,0.0,4,0.0,1,0 days 00:10:52.500000
5,3,3,True,3,0.92,2,0.08,1,0.0,0,0.0,4,0.0,1,0 days 00:27:32.700000
5,3,11,False,11,0.72,1,0.19,2,0.09,0,0.0,4,0.0,8,0 days 02:36:34.600000
5,12,2,False,2,0.67,13,0.3,6,0.02,8,0.01,3,0.0,14,0 days 01:49:49.900000
5,12,12,True,12,0.5,3,0.49,6,0.01,1,0.0,2,0.0,1,0 days 00:30:35.700000
5,3,2,False,2,0.6,3,0.35,8,0.05,1,0.0,4,0.0,2,0 days 00:28:05.800000
5,2,2,True,2,1.0,0,0.0,1,0.0,3,0.0,4,0.0,1,0 days 00:04:06.900000
5,11,10,False,10,0.61,11,0.23,3,0.16,0,0.0,4,0.0,2,0 days 00:11:22.400000
5,2,13,False,13,0.612,3,0.38799999999999996,1,0.0,0,0.0,4,0.0,8,0 days 00:27:07.200000
5,2,6,False,6,0.73,3,0.24,1,0.03,0,0.0,2,0.0,5,0 days 02:01:23.400000
5,2,2,True,2,0.64,6,0.23,4,0.13,0,0.0,3,0.0,1,0 days 03:09:02.700000
5,2,0,False,0,0.65,2,0.28,6,0.04,3,0.03,1,0.0,2,0 days 02:15:19.200000
5,2,5,False,5,0.63,2,0.32,3,0.05,1,0.0,0,0.0,2,0 days 02:42:15.900000
5,3,2,False,2,0.6,3,0.38,6,0.02,1,0.0,0,0.0,2,0 days 00:12:24
5,3,2,False,2,0.77,3,0.21,6,0.02,1,0.0,0,0.0,2,0 days 01:21:29.800000
5,11,2,False,2,1.0,0,0.0,1,0.0,3,0.0,4,0.0,12,0 days 02:09:36.900000
5,3,2,False,2,0.87,3,0.09,7,0.04,1,0.0,0,0.0,2,0 days 01:25:26.900000
5,2,11,False,11,0.64,2,0.34,6,0.02,1,0.0,3,0.0,2,0 days 01:26:40.200000
5,2,2,True,2,0.96,3,0.03,5,0.01,1,0.0,0,0.0,1,0 days 02:41:47.600000
5,2,6,False,6,0.59,4,0.24,2,0.16,1,0.01,3,0.0,3,0 days 03:09:20.500000
5,2,2,True,2,0.92,6,0.08,1,0.0,0,0.0,3,0.0,1,0 days 00:38:27.400000
5,2,2,True,2,0.88,3,0.08,0,0.04,1,0.0,4,0.0,1,0 days 01:48:02.200000
5,2,6,False,6,0.86,8,0.12,2,0.02,1,0.0,3,0.0,3,0 days 03:39:26.100000
5,11,3,False,3,0.75,2,0.23,6,0.01,9,0.01,0,0.0,12,0 days 00:12:40.700000
5,2,2,True,2,0.71,6,0.28,10,0.01,1,0.0,3,0.0,1,0 days 01:21:21.300000
5,2,3,False,3,0.62,2,0.36,12,0.02,1,0.0,4,0.0,2,0 days 00:34:41.100000
5,2,2,True,2,0.6,3,0.37,6,0.03,1,0.0,0,0.0,1,0 days 01:23:13.300000
5,13,2,False,2,0.74,6,0.21,3,0.05,1,0.0,0,0.0,14,0 days 01:21:28.100000
5,13,3,False,3,0.8,13,0.2,1,0.0,0,0.0,4,0.0,2,0 days 00:27:10.100000
5,3,2,False,2,0.92,6,0.08,1,0.0,0,0.0,3,0.0,5,0 days 04:29:41.200000
5,13,3,False,3,0.5851904761904761,13,0.4148095238095238,1,0.0,0,0.0,4,0.0,2,0 days 00:27:00.400000
5,2,2,True,2,0.82,11,0.17,6,0.01,1,0.0,3,0.0,1,0 days 02:57:07.800000
5,13,3,False,3,0.99,2,0.01,1,0.0,0,0.0,4,0.0,14,0 days 00:27:02.600000
6,2,2,True,2,0.985,0,0.015,1,0.0,3,0.0,4,0.0,1,0 days 03:34:43.600000
6,2,6,False,6,0.54,7,0.23883333333333337,3,0.22116666666666668,0,0.0,2,0.0,5,0 days 00:53:48.500000
6,1,3,False,3,0.69,7,0.29,6,0.02,0,0.0,2,0.0,6,0 days 00:49:48.200000
6,0,6,False,6,0.81,2,0.07083333333333333,1,0.06916666666666665,4,0.03,7,0.01,6,0 days 02:41:04.700000
6,0,2,False,2,0.6366666666666666,0,0.21633333333333338,1,0.12366666666666667,3,0.013333333333333332,4,0.01,2,0 days 00:53:50.100000
6,0,3,False,3,0.9716666666666666,2,0.028333333333333332,1,0.0,0,0.0,4,0.0,4,0 days 00:26:54
6,4,4,True,4,0.84,6,0.09,2,0.05,0,0.02,3,0.0,1,0 days 02:41:18.700000
6,0,2,False,2,0.6,0,0.36,7,0.03,3,0.01,1,0.0,2,0 days 02:14:18.400000
6,4,0,False,0,0.75,2,0.23875,6,0.01125,1,0.0,3,0.0,6,0 days 03:07:58.800000
6,0,0,True,0,0.5375303030303029,1,0.4624696969696971,2,0.0,3,0.0,4,0.0,1,0 days 03:07:53.400000
6,2,2,True,2,1.0,0,0.0,1,0.0,3,0.0,4,0.0,1,0 days 02:09:11.200000
6,2,2,True,2,0.65,6,0.24,3,0.11,1,0.0,0,0.0,1,0 days 01:47:27.600000
6,5,3,False,3,0.8103333333333333,6,0.1696666666666667,1,0.0175,7,0.0025,2,0.0,7,0 days 03:34:45.300000
6,2,2,True,2,0.81,3,0.19,1,0.0,0,0.0,4,0.0,1,0 days 02:06:16
6,2,1,False,1,0.4624696969696971,0,0.387530303030303,6,0.13,2,0.02,3,0.0,4,0 days 03:07:53.600000
6,2,0,False,0,0.69,3,0.25,7,0.06,1,0.0,2,0.0,5,0 days 01:47:30.200000
6,2,7,False,7,0.7154761904761905,2,0.2745238095238095,0,0.01,1,0.0,3,0.0,2,0 days 02:41:07.100000
6,2,6,False,6,0.605,1,0.26,2,0.135,0,0.0,3,0.0,3,0 days 03:07:51
6,2,2,True,2,0.75,3,0.23,12,0.02,1,0.0,4,0.0,1,0 days 00:34:30.900000
6,6,3,False,3,0.68,2,0.28,7,0.04,1,0.0,0,0.0,8,0 days 01:20:36.500000
6,6,6,True,6,0.88,2,0.11166666666666668,3,0.008333333333333333,1,0.0,0,0.0,1,0 days 02:14:31.200000
6,7,6,False,6,0.48033333333333333,4,0.44966666666666666,0,0.06,2,0.01,3,0.0,8,0 days 02:41:08.300000
6,2,6,False,6,0.63,12,0.24,1,0.09,3,0.04,2,0.0,5,0 days 00:48:45.700000
6,2,6,False,6,0.64,3,0.22,0,0.08,2,0.03,4,0.03,4,0 days 00:53:57.100000
6,2,2,True,2,0.6062738095238095,3,0.38372619047619055,6,0.01,1,0.0,0,0.0,1,0 days 00:53:49.300000
6,7,2,False,2,0.76,3,0.24,1,0.0,0,0.0,4,0.0,8,0 days 01:25:03.300000
6,6,6,True,6,0.73,2,0.23,3,0.04,1,0.0,0,0.0,1,0 days 01:34:42.400000
6,6,2,False,2,0.59,3,0.28,6,0.12,1,0.01,0,0.0,3,0 days 02:01:23.100000
6,8,3,False,3,0.62,10,0.25,7,0.13,1,0.0,2,0.0,10,0 days 01:04:47.900000
6,6,2,False,2,0.94,13,0.06,1,0.0,0,0.0,4,0.0,7,0 days 01:23:29.800000
6,7,2,False,2,0.69,7,0.18,0,0.11,8,0.02,3,0.0,2,0 days 03:34:55.600000
6,2,6,False,6,0.68,2,0.29,13,0.03,1,0.0,3,0.0,2,0 days 01:42:53.900000
6,2,4,False,4,0.64,3,0.35,11,0.01,1,0.0,2,0.0,5,0 days 00:43:53.800000
6,2,3,False,3,0.73,11,0.24,2,0.03,1,0.0,4,0.0,3,0 days 00:27:02.900000
6,6,3,False,3,0.63,10,0.32,2,0.05,1,0.0,4,0.0,7,0 days 00:31:58.900000
6,6,2,False,2,0.92,3,0.07,6,0.01,1,0.0,0,0.0,3,0 days 02:14:12.200000
6,6,3,False,3,0.89,6,0.06,2,0.04,7,0.01,0,0.0,2,0 days 02:14:13.800000
6,2,3,False,3,0.59,2,0.37,6,0.04,1,0.0,0,0.0,2,0 days 01:20:34.400000
6,2,12,False,12,0.65,13,0.19616666666666663,3,0.15383333333333332,0,0.0,4,0.0,8,0 days 00:27:24.300000
6,2,13,False,13,0.6,3,0.29,6,0.06,1,0.05,2,0.0,5,0 days 00:58:55
6,2,6,False,6,0.66,2,0.3,3,0.04,1,0.0,0,0.0,2,0 days 01:20:35.300000
6,6,3,False,3,0.92,6,0.08,1,0.0,0,0.0,2,0.0,2,0 days 00:06:49.200000
6,6,2,False,2,0.89,3,0.1,6,0.01,1,0.0,0,0.0,3,0 days 01:00:52.600000
6,7,0,False,0,0.61,7,0.28,2,0.07333333333333333,3,0.03,6,0.006666666666666666,2,0 days 01:20:39.400000
6,8,8,True,8,0.64,6,0.25,2,0.1,10,0.01,3,0.0,1,0 days 00:46:08.300000
6,6,3,False,3,0.73,2,0.23,8,0.03,6,0.01,0,0.0,4,0 days 01:12:12.600000
6,8,2,False,2,0.89,6,0.09,7,0.02,0,0.0,3,0.0,9,0 days 01:01:49.900000
6,6,2,False,2,0.65,0,0.21,3,0.12,7,0.02,1,0.0,8,0 days 01:47:32.100000
6,6,6,True,6,0.47178571428571414,3,0.41821428571428576,2,0.11,1,0.0,0,0.0,1,0 days 00:05:31.600000
6,6,3,False,3,0.73,9,0.27,1,0.0,0,0.0,4,0.0,7,0 days 00:13:35.700000
6,6,3,False,3,1.0,0,0.0,1,0.0,2,0.0,4,0.0,7,0 days 00:54:43.300000
6,6,2,False,2,0.98,3,0.01,6,0.01,1,0.0,0,0.0,3,0 days 01:48:30.900000
6,8,3,False,3,0.64,13,0.28,2,0.08,1,0.0,4,0.0,10,0 days 00:29:44
6,6,2,False,2,0.6,3,0.4,1,0.0,0,0.0,4,0.0,7,0 days 00:54:53.800000
6,6,3,False,3,0.88,6,0.12,1,0.0,0,0.0,2,0.0,2,0 days 00:01:43.500000
6,6,0,False,0,0.63,6,0.24,2,0.13,1,0.0,3,0.0,2,0 days 04:01:40.600000
6,6,6,True,6,0.65,3,0.24,2,0.11,1,0.0,0,0.0,1,0 days 00:54:33.100000
6,8,3,False,3,0.85,11,0.13,4,0.02,1,0.0,2,0.0,10,0 days 00:43:43.600000
6,6,5,False,5,0.62,2,0.25,6,0.13,0,0.0,3,0.0,3,0 days 00:06:26.100000
6,2,3,False,3,0.9,2,0.1,1,0.0,0,0.0,4,0.0,2,0 days 00:32:22.100000
6,2,6,False,6,0.5153333333333333,3,0.4646666666666667,1,0.0175,7,0.0025,2,0.0,5,0 days 03:34:45.100000
6,2,2,True,2,0.72,0,0.26,6,0.02,1,0.0,3,0.0,1,0 days 04:28:08.400000
6,2,3,False,3,0.6,6,0.29,7,0.07,2,0.03,0,0.01,4,0 days 00:53:47.400000
6,3,3,True,3,0.63,2,0.35,10,0.01,8,0.01,4,0.0,1,0 days 00:45:07
6,9,3,False,3,1.0,0,0.0,1,0.0,2,0.0,4,0.0,10,0 days 00:21:07.500000
6,3,2,False,2,0.69,9,0.26,6,0.05,1,0.0,3,0.0,5,0 days 00:13:56.300000
6,3,12,False,12,0.68,3,0.32,1,0.0,0,0.0,4,0.0,2,0 days 00:27:47.100000
6,2,2,True,2,0.63,4,0.27,3,0.09,0,0.01,1,0.0,1,0 days 02:17:01.400000
6,3,3,True,3,0.97,12,0.03,1,0.0,0,0.0,4,0.0,1,0 days 00:27:50.600000
6,3,2,False,2,0.69,3,0.31,1,0.0,0,0.0,4,0.0,2,0 days 00:27:31.500000
6,3,3,True,3,0.9,2,0.1,1,0.0,0,0.0,4,0.0,1,0 days 00:27:33.100000
6,2,2,True,2,0.77,3,0.19,7,0.04,1,0.0,0,0.0,1,0 days 02:14:15.400000
6,1,2,False,2,0.76,3,0.13,6,0.1,7,0.01,0,0.0,6,0 days 01:58:24.100000
6,3,3,True,3,0.991,2,0.006500000000000001,6,0.0025,1,0.0,0,0.0,1,0 days 00:26:57.800000
6,3,3,True,3,1.0,0,0.0,1,0.0,2,0.0,4,0.0,1,0 days 00:53:45.300000
6,3,12,False,12,0.62,2,0.38,1,0.0,0,0.0,4,0.0,8,0 days 01:31:39.200000
6,2,3,False,3,0.96,7,0.04,1,0.0,0,0.0,2,0.0,5,0 days 01:47:41.800000
6,3,3,True,3,0.95,2,0.05,1,0.0,0,0.0,4,0.0,1,0 days 01:22:51.200000
6,2,7,False,7,0.71,3,0.15,6,0.13,2,0.01,0,0.0,4,0 days 02:14:14.600000
6,3,6,False,6,0.96,3,0.04,1,0.0,0,0.0,2,0.0,2,0 days 00:06:52.700000
6,3,2,False,2,0.83,13,0.15,4,0.02,1,0.0,3,0.0,5,0 days 02:14:44.500000
6,3,10,False,10,0.63,3,0.23,2,0.09,12,0.05,4,0.0,2,0 days 00:34:07.800000
6,3,3,True,3,0.74,2,0.15,9,0.1,1,0.01,4,0.0,1,0 days 00:20:37
6,3,1,False,1,0.67,3,0.33,0,0.0,2,0.0,4,0.0,2,0 days 00:05:58.800000
6,3,1,False,1,0.65,3,0.3,2,0.03,12,0.02,4,0.0,2,0 days 00:41:48.300000
6,3,13,False,13,0.7,3,0.3,1,0.0,0,0.0,4,0.0,2,0 days 00:27:05.900000
6,3,0,False,0,0.58,6,0.27,3,0.11666666666666665,7,0.03333333333333333,2,0.0,3,0 days 00:53:47.800000
6,3,12,False,12,0.62,3,0.38,1,0.0,0,0.0,4,0.0,2,0 days 00:02:54.900000
6,3,3,True,3,0.89,2,0.11,1,0.0,0,0.0,4,0.0,1,0 days 00:21:56
6,3,2,False,2,0.94,13,0.06,1,0.0,0,0.0,4,0.0,8,0 days 01:23:30.100000
6,3,2,False,2,0.72,13,0.21,3,0.07,1,0.0,4,0.0,3,0 days 00:27:20.100000
6,3,3,True,3,1.0,0,0.0,1,0.0,2,0.0,4,0.0,1,0 days 00:26:55.500000
6,3,3,True,3,0.72,12,0.16,2,0.07,7,0.05,0,0.0,1,0 days 00:54:12.500000
6,3,2,False,2,0.73,11,0.27,1,0.0,0,0.0,4,0.0,8,0 days 02:18:39.300000
6,3,12,False,12,0.69,8,0.18,3,0.1,10,0.03,4,0.0,3,0 days 00:11:35
6,5,2,False,2,0.67,13,0.17,3,0.1,6,0.06,0,0.0,7,0 days 01:08:16.400000
6,10,3,False,3,0.915,2,0.08,13,0.005,1,0.0,4,0.0,11,0 days 00:25:14.300000
6,2,2,True,2,0.96,3,0.04,1,0.0,0,0.0,4,0.0,1,0 days 00:04:20.800000
6,2,2,True,2,0.61,6,0.35,3,0.03,10,0.01,0,0.0,1,0 days 02:02:55.300000
6,2,1,False,1,0.59,2,0.39,7,0.02,0,0.0,3,0.0,2,0 days 01:56:09.600000
6,2,2,True,2,1.0,0,0.0,1,0.0,3,0.0,4,0.0,1,0 days 01:33:53.500000
6,9,3,False,3,0.63,6,0.26,2,0.08,8,0.02,9,0.01,5,0 days 00:13:26
6,3,3,True,3,0.8541666666666665,13,0.1425,2,0.003333333333333333,1,0.0,4,0.0,1,0 days 00:26:41
6,3,3,True,3,0.95,2,0.03,13,0.02,1,0.0,4,0.0,1,0 days 00:27:00
6,2,6,False,6,0.73,3,0.27,1,0.0,0,0.0,2,0.0,5,0 days 01:20:32.600000
6,3,3,True,3,0.88,6,0.11,8,0.01,1,0.0,2,0.0,1,0 days 00:01:42.800000
6,2,4,False,4,0.63,6,0.26,2,0.11,0,0.0,3,0.0,3,0 days 02:26:10.600000
6,3,6,False,6,0.7,3,0.2,13,0.07,7,0.03,2,0.0,2,0 days 01:14:18.400000
6,3,2,False,2,0.77,3,0.19,7,0.04,1,0.0,0,0.0,2,0 days 02:14:15.400000
6,3,2,False,2,0.75,3,0.18,5,0.07,1,0.0,0,0.0,2,0 days 02:44:13.400000
6,3,2,False,2,0.58,13,0.25,3,0.15,4,0.02,0,0.0,3,0 days 00:27:04.200000
6,2,2,True,2,0.77,3,0.23,1,0.0,0,0.0,4,0.0,1,0 days 01:20:50
6,2,2,True,2,0.94,11,0.06,1,0.0,0,0.0,4,0.0,1,0 days 03:14:01.400000
6,2,3,False,3,0.58,6,0.32,2,0.1,1,0.0,0,0.0,3,0 days 00:09:05.500000
6,2,1,False,1,0.68,2,0.25,4,0.05,6,0.02,3,0.0,2,0 days 03:10:25.900000
6,3,2,False,2,0.97,13,0.03,1,0.0,0,0.0,4,0.0,8,0 days 01:23:24.100000
6,3,1,False,1,0.58,12,0.21,3,0.2,6,0.01,2,0.0,3,0 days 00:07:28.700000
6,3,3,True,3,0.74,10,0.24,2,0.02,1,0.0,4,0.0,1,0 days 00:29:00.600000
6,3,3,True,3,0.5541666666666667,2,0.4458333333333333,1,0.0,0,0.0,4,0.0,1,0 days 00:26:49.900000
6,2,3,False,3,0.46538095238095245,5,0.37461904761904746,2,0.15,0,0.01,1,0.0,3,0 days 02:15:16.300000
6,2,3,False,3,0.72,2,0.28,1,0.0,0,0.0,4,0.0,2,0 days 02:16:04.400000
6,2,2,True,2,0.89,3,0.08,11,0.03,1,0.0,4,0.0,1,0 days 02:11:21.700000
6,3,8,False,8,0.65,3,0.35,1,0.0,0,0.0,4,0.0,2,0 days 00:15:14.600000
6,3,3,True,3,0.77,8,0.21,6,0.02,1,0.0,2,0.0,1,0 days 00:01:19.600000
6,3,3,True,3,0.88,9,0.12,1,0.0,0,0.0,4,0.0,1,0 days 00:13:43.500000
6,2,2,True,2,1.0,0,0.0,1,0.0,3,0.0,4,0.0,1,0 days 01:00:35.200000
6,3,9,False,9,0.6125,3,0.37,6,0.0175,1,0.0,2,0.0,2,0 days 00:27:01.100000
6,3,2,False,2,0.63,3,0.3453333333333333,10,0.024666666666666667,1,0.0,4,0.0,2,0 days 00:10:48.900000
6,12,2,False,2,0.8,13,0.2,1,0.0,0,0.0,4,0.0,14,0 days 01:41:40.100000
6,3,3,True,3,0.69,9,0.2,2,0.11,1,0.0,4,0.0,1,0 days 00:13:39.400000
6,3,6,False,6,0.93,3,0.06,2,0.01,1,0.0,0,0.0,2,0 days 00:07:10.800000
6,3,3,True,3,0.98,2,0.02,1,0.0,0,0.0,4,0.0,1,0 days 00:26:51.200000
6,2,2,True,2,0.99,3,0.01,1,0.0,0,0.0,4,0.0,1,0 days 01:20:51.200000
6,2,2,True,2,0.99,11,0.01,1,0.0,0,0.0,4,0.0,1,0 days 02:57:48.700000
6,2,3,False,3,0.83,2,0.15,13,0.02,1,0.0,4,0.0,2,0 days 01:21:36
6,3,2,False,2,0.88,5,0.08,6,0.03,3,0.01,0,0.0,4,0 days 00:07:02.500000
6,3,13,False,13,0.7,3,0.3,1,0.0,0,0.0,4,0.0,2,0 days 00:27:05.800000
6,5,3,False,3,0.95,5,0.04,12,0.01,1,0.0,2,0.0,2,0 days 00:07:42.800000
6,1,2,False,2,0.74,6,0.18,3,0.08,1,0.0,0,0.0,4,0 days 00:09:01.100000
6,3,3,True,3,0.5605,2,0.4195,7,0.01,13,0.01,0,0.0,1,0 days 00:26:59.100000
6,12,3,False,3,0.97,2,0.03,1,0.0,0,0.0,4,0.0,13,0 days 00:27:13.500000
6,2,3,False,3,0.62,8,0.3,2,0.07,6,0.01,0,0.0,3,0 days 01:20:27.600000
6,10,2,False,2,0.99,3,0.01,1,0.0,0,0.0,4,0.0,11,0 days 00:32:36.600000
6,11,3,False,3,0.9275,0,0.06,11,0.01,10,0.0025,4,0.0,3,0 days 00:11:12.400000
6,2,8,False,8,0.66,4,0.22,2,0.1,6,0.02,3,0.0,3,0 days 03:36:24
6,11,3,False,3,0.6,12,0.23,10,0.13,1,0.03,6,0.01,13,0 days 00:05:06.400000
6,3,12,False,12,0.63,6,0.24,3,0.11,2,0.02,0,0.0,3,0 days 00:40:40.100000
6,2,2,True,2,0.91,0,0.07,3,0.02,1,0.0,4,0.0,1,0 days 01:48:02.100000
6,11,2,False,2,0.64,3,0.33,6,0.02,5,0.01,0,0.0,12,0 days 01:46:46.600000
6,2,5,False,5,0.69,2,0.31,1,0.0,0,0.0,3,0.0,2,0 days 02:30:10.200000
6,2,2,True,2,0.91,8,0.09,1,0.0,0,0.0,4,0.0,1,0 days 04:11:27.800000
6,2,2,True,2,0.9403333333333334,0,0.05966666666666666,1,0.0,3,0.0,4,0.0,1,0 days 02:14:16.500000
6,2,3,False,3,0.71,2,0.29,1,0.0,0,0.0,4,0.0,2,0 days 02:16:09.200000
6,13,3,False,3,0.71,13,0.29,1,0.0,0,0.0,4,0.0,2,0 days 00:29:29.800000
6,3,2,False,2,0.92,8,0.05,3,0.03,1,0.0,4,0.0,3,0 days 02:15:41.900000
6,3,0,False,0,0.69,2,0.24,1,0.07,3,0.0,4,0.0,4,0 days 02:41:29.400000
6,3,0,False,0,0.63,3,0.28,2,0.06,6,0.03,1,0.0,2,0 days 01:29:09.700000
6,13,7,False,7,0.63,2,0.2008333333333333,3,0.11916666666666666,13,0.05,0,0.0,4,0 days 00:26:59.400000
6,13,2,False,2,0.99,3,0.01,1,0.0,0,0.0,4,0.0,14,0 days 01:51:55.600000
6,2,2,True,2,0.91,6,0.09,1,0.0,0,0.0,3,0.0,1,0 days 00:37:10.600000
6,2,3,False,3,0.935,13,0.055,11,0.01,0,0.0,4,0.0,8,0 days 00:27:02.800000
6,2,2,True,2,1.0,0,0.0,1,0.0,3,0.0,4,0.0,1,0 days 00:37:17.100000
6,2,2,True,2,0.93,13,0.07,1,0.0,0,0.0,4,0.0,1,0 days 01:45:35.300000
6,1,3,False,3,0.63,8,0.19,2,0.17,10,0.01,4,0.0,7,0 days 00:45:07.900000
6,2,0,False,0,0.68,2,0.25,3,0.07,1,0.0,4,0.0,2,0 days 01:24:06.400000
6,2,3,False,3,0.7,2,0.22,13,0.08,1,0.0,4,0.0,2,0 days 00:28:15.300000
6,2,6,False,6,0.71,2,0.17,3,0.12,1,0.0,0,0.0,2,0 days 01:28:50
6,2,2,True,2,0.9,3,0.1,1,0.0,0,0.0,4,0.0,1,0 days 02:05:54.100000
6,2,6,False,6,0.83,2,0.1,7,0.04,3,0.03,0,0.0,2,0 days 01:54:49.300000
6,2,2,True,2,1.0,0,0.0,1,0.0,3,0.0,4,0.0,1,0 days 01:44:54.900000
6,2,3,False,3,0.94,6,0.06,1,0.0,0,0.0,2,0.0,5,0 days 00:07:58.100000
6,13,3,False,3,0.82,13,0.18,1,0.0,0,0.0,4,0.0,2,0 days 00:27:10.400000
6,2,2,True,2,0.77,3,0.21,13,0.02,1,0.0,4,0.0,1,0 days 01:24:22.900000
7,0,6,False,6,0.62,1,0.26,12,0.09,2,0.02,3,0.01,6,0 days 00:47:55.800000
7,4,3,False,3,0.69,2,0.22,8,0.09,1,0.0,4,0.0,5,0 days 00:44:00.500000
7,4,4,True,4,0.7,2,0.27,5,0.03,0,0.0,3,0.0,1,0 days 02:14:52.900000
7,1,3,False,3,0.81,11,0.16,2,0.03,1,0.0,4,0.0,4,0 days 02:37:05.900000
7,2,8,False,8,0.68,2,0.19,6,0.12,3,0.01,0,0.0,2,0 days 02:00:53.900000
7,0,2,False,2,0.5761190476190479,6,0.4238809523809523,1,0.0,0,0.0,3,0.0,4,0 days 03:07:56.700000
7,0,3,False,3,0.54,2,0.45,6,0.01,1,0.0,0,0.0,5,0 days 01:48:08.700000
7,0,2,False,2,1.0,0,0.0,1,0.0,3,0.0,4,0.0,2,0 days 01:24:04.500000
7,0,2,False,2,0.7968333333333333,6,0.18316666666666667,4,0.01,3,0.01,0,0.0,5,0 days 00:53:57.400000
7,4,4,True,4,0.96,1,0.02,2,0.01,0,0.01,3,0.0,1,0 days 03:08:21
7,2,2,True,2,0.97,1,0.03,0,0.0,3,0.0,4,0.0,1,0 days 03:34:42.800000
7,2,2,True,2,0.3595476190476189,0,0.33757142857142847,6,0.2928809523809523,1,0.01,3,0.0,1,0 days 03:34:44.200000
7,2,2,True,2,0.61,3,0.365,6,0.025,1,0.0,0,0.0,1,0 days 01:20:35.600000
7,2,2,True,2,0.6863928571428572,7,0.2636071428571429,0,0.05,1,0.0,3,0.0,1,0 days 03:07:55.500000
7,2,7,False,7,0.92,3,0.05,2,0.02,1,0.01,0,0.0,3,0 days 00:53:52.300000
7,6,2,False,2,0.99,3,0.01,1,0.0,0,0.0,4,0.0,7,0 days 00:38:32.800000
7,6,2,False,2,0.99,11,0.01,1,0.0,0,0.0,4,0.0,7,0 days 02:32:28.300000
7,7,1,False,1,0.86,6,0.127,0,0.009000000000000001,2,0.004,3,0.0,8,0 days 03:34:44.700000
7,7,8,False,8,0.58,0,0.22,3,0.1,2,0.1,4,0.0,9,0 days 02:14:17.200000
7,2,2,True,2,0.84,3,0.16,1,0.0,0,0.0,4,0.0,1,0 days 03:21:22.600000
7,6,2,False,2,0.71,6,0.28,11,0.01,1,0.0,3,0.0,2,0 days 01:27:16.900000
7,6,2,False,2,0.5086666666666666,3,0.4613333333333334,7,0.02,0,0.01,1,0.0,8,0 days 00:53:47.500000
7,6,2,False,2,0.77,1,0.22,5,0.01,0,0.0,3,0.0,7,0 days 01:59:00.900000
7,6,2,False,2,0.84,3,0.15,6,0.01,1,0.0,0,0.0,3,0 days 01:20:35.200000
7,8,2,False,2,0.83,3,0.17,1,0.0,0,0.0,4,0.0,9,0 days 02:15:50.700000
7,2,2,True,2,1.0,0,0.0,1,0.0,3,0.0,4,0.0,1,0 days 01:48:37.400000
7,2,2,True,2,0.71,6,0.24,3,0.05,1,0.0,0,0.0,1,0 days 02:07:57.600000
7,3,7,False,7,0.6,2,0.25,3,0.15,1,0.0,0,0.0,3,0 days 01:47:40.900000
7,6,2,False,2,0.9,13,0.09,3,0.01,1,0.0,4,0.0,7,0 days 01:21:22.400000
7,7,7,True,7,0.68,6,0.15,2,0.08,0,0.05,3,0.04,1,0 days 00:53:48.300000
7,6,2,False,2,0.58,0,0.27,6,0.11,3,0.04,1,0.0,3,0 days 01:47:25.600000
7,6,2,False,2,0.91,7,0.05,6,0.04,0,0.0,3,0.0,3,0 days 04:55:11.600000
7,6,2,False,2,0.45516666666666666,3,0.43483333333333335,6,0.1,5,0.01,0,0.0,3,0 days 02:14:27.600000
7,3,3,True,3,0.985,2,0.015,1,0.0,0,0.0,4,0.0,1,0 days 00:53:45.400000
7,2,6,False,6,0.6976666666666667,2,0.2,3,0.10233333333333335,1,0.0,0,0.0,2,0 days 02:14:12.300000
7,6,2,False,2,0.6,12,0.28,1,0.07,3,0.02,6,0.02,5,0 days 00:48:44.500000
7,6,6,True,6,0.83,2,0.10166666666666668,3,0.06833333333333333,1,0.0,0,0.0,1,0 days 02:14:29.900000
7,6,3,False,3,0.91,6,0.09,1,0.0,0,0.0,2,0.0,2,0 days 01:06:35
7,6,2,False,2,0.66,0,0.24,3,0.1,1,0.0,4,0.0,7,0 days 02:41:02.800000
7,6,2,False,2,0.79,1,0.15,5,0.05,6,0.01,3,0.0,4,0 days 00:09:30.300000
7,8,6,False,6,0.62,1,0.26,12,0.09,3,0.02,2,0.01,10,0 days 00:48:11.500000
7,6,3,False,3,0.63,0,0.29,2,0.08,1,0.0,4,0.0,7,0 days 02:15:22.900000
7,6,3,False,3,0.55,12,0.45,1,0.0,0,0.0,4,0.0,7,0 days 00:30:48.700000
7,6,3,False,3,0.73,6,0.26,2,0.01,1,0.0,0,0.0,2,0 days 00:55:23.600000
7,8,2,False,2,0.8,8,0.2,1,0.0,0,0.0,4,0.0,2,0 days 00:59:56
7,6,3,False,3,0.63,2,0.27,10,0.07,6,0.03,0,0.0,4,0 days 00:06:33.900000
7,7,7,True,7,0.67,2,0.33,1,0.0,0,0.0,3,0.0,1,0 days 00:53:53.200000
7,8,8,True,8,0.92,1,0.06,2,0.02,0,0.0,4,0.0,1,0 days 00:43:00.600000
7,6,12,False,12,0.68,6,0.23,3,0.09,1,0.0,2,0.0,2,0 days 00:07:19
7,6,8,False,8,0.9,2,0.06,3,0.04,1,0.0,4,0.0,7,0 days 00:46:23.700000
7,8,10,False,10,0.61,8,0.25,3,0.12,1,0.02,4,0.0,2,0 days 00:45:21.900000
7,2,2,True,2,0.6481666666666667,3,0.3318333333333332,6,0.02,1,0.0,0,0.0,1,0 days 00:53:49.300000
7,2,3,False,3,0.65,2,0.27,6,0.08,1,0.0,0,0.0,2,0 days 01:20:33.500000
7,2,2,True,2,0.98,3,0.02,1,0.0,0,0.0,4,0.0,1,0 days 03:15:20.300000
7,2,3,False,3,0.81,10,0.19,1,0.0,0,0.0,4,0.0,8,0 days 00:28:57.600000
7,2,3,False,3,0.65,2,0.24,5,0.08,13,0.03,0,0.0,2,0 days 01:21:51.900000
7,9,3,False,3,0.5929166666666666,9,0.3,2,0.06083333333333333,6,0.04624999999999999,0,0.0,2,0 days 00:26:53
7,3,2,False,2,0.68,3,0.26,12,0.06,1,0.0,4,0.0,2,0 days 00:27:21.900000
7,2,3,False,3,0.746,2,0.19,5,0.064,1,0.0,0,0.0,2,0 days 02:15:10.400000
7,2,2,True,2,0.75,3,0.25,1,0.0,0,0.0,4,0.0,1,0 days 02:16:14.400000
7,9,3,False,3,0.95,6,0.03,9,0.02,1,0.0,2,0.0,3,0 days 00:27:01.100000
7,2,2,True,2,0.99,3,0.01,1,0.0,0,0.0,4,0.0,1,0 days 01:33:30.600000
7,2,3,False,3,0.98,6,0.02,1,0.0,0,0.0,2,0.0,5,0 days 00:26:51.800000
7,3,2,False,2,0.99,3,0.01,1,0.0,0,0.0,4,0.0,2,0 days 01:20:48.800000
7,3,6,False,6,0.73,3,0.23,2,0.04,1,0.0,0,0.0,2,0 days 01:55:14.300000
7,3,3,True,3,0.5191666666666667,2,0.4808333333333332,1,0.0,0,0.0,4,0.0,1,0 days 00:53:46.500000
7,2,2,True,2,0.94,13,0.06,1,0.0,0,0.0,4,0.0,1,0 days 01:23:49.600000
7,2,2,True,2,0.98,7,0.01,6,0.01,0,0.0,3,0.0,1,0 days 01:20:37.400000
7,2,2,True,2,0.96,12,0.04,1,0.0,0,0.0,4,0.0,1,0 days 01:20:37.800000
7,2,2,True,2,0.98,6,0.01,12,0.01,1,0.0,3,0.0,1,0 days 01:20:37.500000
7,3,3,True,3,0.985,2,0.015,1,0.0,0,0.0,4,0.0,1,0 days 00:53:45.400000
7,3,3,True,3,0.985,2,0.01,8,0.005,1,0.0,4,0.0,1,0 days 00:26:55.800000
7,10,7,False,7,0.68,8,0.21,3,0.1,6,0.01,2,0.0,11,0 days 01:04:58
7,3,3,True,3,0.98,2,0.02,1,0.0,0,0.0,4,0.0,1,0 days 00:26:55.500000
7,3,3,True,3,0.8,2,0.19,9,0.01,1,0.0,4,0.0,1,0 days 00:21:57.400000
7,3,6,False,6,0.86,3,0.12,12,0.02,1,0.0,2,0.0,2,0 days 00:07:13.900000
7,10,2,False,2,0.69,6,0.28,3,0.03,1,0.0,0,0.0,11,0 days 00:31:53.300000
7,3,2,False,2,0.76,3,0.24,1,0.0,0,0.0,4,0.0,2,0 days 01:25:20.900000
7,3,2,False,2,0.85,3,0.15,1,0.0,0,0.0,4,0.0,2,0 days 00:02:39
7,3,3,True,3,0.65,5,0.22,12,0.08,1,0.05,2,0.0,1,0 days 00:07:35
7,3,2,False,2,0.99,10,0.01,1,0.0,0,0.0,4,0.0,8,0 days 01:24:21.100000
7,3,2,False,2,0.85,7,0.105,3,0.04,0,0.005,1,0.0,3,0 days 01:20:40
7,2,2,True,2,0.84,3,0.16,1,0.0,0,0.0,4,0.0,1,0 days 03:23:31.700000
7,3,3,True,3,0.68,12,0.24,13,0.08,0,0.0,4,0.0,1,0 days 00:27:14.600000
7,1,1,True,1,0.63,0,0.1471666666666667,6,0.12216666666666669,2,0.10066666666666664,3,0.0,1,0 days 03:34:44.600000
7,1,1,True,1,0.87,2,0.09583333333333334,3,0.034166666666666665,0,0.0,4,0.0,1,0 days 00:19:17.600000
7,3,3,True,3,0.66,2,0.3,6,0.04,1,0.0,0,0.0,1,0 days 00:14:15.100000
7,2,2,True,2,0.97,5,0.02,3,0.01,1,0.0,0,0.0,1,0 days 02:41:50.900000
7,3,9,False,9,0.66,6,0.25,3,0.05,2,0.04,0,0.0,3,0 days 00:13:26.600000
7,3,6,False,6,0.94,3,0.06,1,0.0,0,0.0,2,0.0,2,0 days 00:06:55.900000
7,3,9,False,9,0.58,3,0.42,1,0.0,0,0.0,4,0.0,2,0 days 00:21:03
7,3,3,True,3,0.69,9,0.3,6,0.01,1,0.0,2,0.0,1,0 days 00:13:33.600000
7,5,2,False,2,0.96,6,0.04,1,0.0,0,0.0,3,0.0,7,0 days 02:47:44.100000
7,1,2,False,2,0.75,3,0.24,6,0.01,1,0.0,0,0.0,4,0 days 04:31:10.200000
7,2,6,False,6,0.63,2,0.22,8,0.08,3,0.07,0,0.0,2,0 days 01:01:35.700000
7,2,7,False,7,0.68,4,0.22,3,0.09,2,0.01,0,0.0,4,0 days 01:18:06.200000
7,2,2,True,2,0.66,6,0.2375,3,0.1025,1,0.0,0,0.0,1,0 days 00:05:38.100000
7,2,2,True,2,1.0,0,0.0,1,0.0,3,0.0,4,0.0,1,0 days 02:31:14.600000
7,2,2,True,2,0.58,6,0.31766666666666665,3,0.10233333333333335,1,0.0,0,0.0,1,0 days 02:14:12.700000
7,3,0,False,0,0.71,2,0.22,7,0.06,13,0.01,3,0.0,5,0 days 01:47:29.900000
7,3,3,True,3,0.985,2,0.015,1,0.0,0,0.0,4,0.0,1,0 days 00:53:45.500000
7,3,7,False,7,0.72,1,0.19,3,0.09,0,0.0,2,0.0,3,0 days 00:49:29.900000
7,3,6,False,6,0.69,2,0.2,8,0.1,3,0.01,0,0.0,4,0 days 02:00:46.300000
7,2,2,True,2,0.88,11,0.12,1,0.0,0,0.0,4,0.0,1,0 days 02:09:58
7,3,3,True,3,0.88,6,0.12,1,0.0,0,0.0,2,0.0,1,0 days 00:01:40.600000
7,3,6,False,6,0.8,3,0.2,1,0.0,0,0.0,2,0.0,2,0 days 00:06:49.200000
7,3,3,True,3,0.8,13,0.2,1,0.0,0,0.0,4,0.0,1,0 days 00:27:10.800000
7,2,2,True,2,1.0,0,0.0,1,0.0,3,0.0,4,0.0,1,0 days 02:31:13.500000
7,3,3,True,3,0.86,2,0.13,6,0.01,1,0.0,0,0.0,1,0 days 01:22:41.700000
7,3,3,True,3,1.0,0,0.0,1,0.0,2,0.0,4,0.0,1,0 days 00:27:52.600000
7,2,3,False,3,0.65,2,0.35,1,0.0,0,0.0,4,0.0,2,0 days 01:25:24.400000
7,3,3,True,3,0.82,12,0.18,1,0.0,0,0.0,4,0.0,1,0 days 00:30:54.400000
7,2,12,False,12,0.66,13,0.19,8,0.11,6,0.03,2,0.01,5,0 days 01:49:53.300000
7,3,12,False,12,0.65,3,0.35,1,0.0,0,0.0,4,0.0,2,0 days 00:30:29.900000
7,2,13,False,13,0.56,2,0.42,3,0.02,1,0.0,4,0.0,2,0 days 01:51:52.600000
7,3,2,False,2,0.4493333333333333,3,0.4406666666666667,4,0.05,13,0.05,6,0.01,2,0 days 00:27:03.900000
7,2,2,True,2,0.98,3,0.02,1,0.0,0,0.0,4,0.0,1,0 days 03:15:14.600000
7,3,2,False,2,0.93,4,0.07,1,0.0,0,0.0,3,0.0,5,0 days 02:48:22.300000
7,2,2,True,2,0.72,5,0.26,4,0.02,0,0.0,3,0.0,1,0 days 02:14:49.300000
7,2,2,True,2,0.76,4,0.24,1,0.0,0,0.0,3,0.0,1,0 days 02:49:45.400000
7,3,12,False,12,0.68,6,0.25,3,0.07,1,0.0,2,0.0,3,0 days 00:07:20.900000
7,3,3,True,3,0.98,2,0.01,13,0.01,1,0.0,4,0.0,1,0 days 00:27:00.100000
7,3,3,True,3,0.73,2,0.19,13,0.08,1,0.0,4,0.0,1,0 days 00:27:11.300000
7,3,7,False,7,0.68,6,0.15,2,0.08,0,0.05,3,0.04,5,0 days 00:53:48.300000
7,3,3,True,3,0.8174999999999999,6,0.17749999999999996,2,0.005,1,0.0,0,0.0,1,0 days 00:26:52.200000
7,3,6,False,6,0.63,3,0.24,2,0.13,1,0.0,0,0.0,2,0 days 01:48:13
7,3,3,True,3,0.89,13,0.09,2,0.02,1,0.0,4,0.0,1,0 days 00:27:06.700000
7,12,3,False,3,0.83,10,0.12,2,0.05,1,0.0,4,0.0,13,0 days 00:34:20.600000
7,3,5,False,5,0.7,3,0.3,1,0.0,0,0.0,2,0.0,2,0 days 00:07:44.400000
7,3,3,True,3,0.69,13,0.29,2,0.02,1,0.0,4,0.0,1,0 days 00:14:37.600000
7,3,2,False,2,0.55,12,0.31,3,0.12,6,0.02,0,0.0,3,0 days 00:40:21.700000
7,3,2,False,2,0.85,3,0.15,1,0.0,0,0.0,4,0.0,2,0 days 00:22:18.200000
7,2,2,True,2,0.9306666666666666,3,0.06933333333333333,1,0.0,0,0.0,4,0.0,1,0 days 01:20:59.700000
7,12,8,False,8,0.65,3,0.35,1,0.0,0,0.0,4,0.0,13,0 days 00:11:39.200000
7,3,3,True,3,0.67,6,0.32,2,0.01,1,0.0,0,0.0,1,0 days 00:55:30.600000
7,3,3,True,3,0.88,6,0.11,5,0.01,0,0.0,2,0.0,1,0 days 00:06:58.600000
7,2,2,True,2,0.74,3,0.15,6,0.1,9,0.01,0,0.0,1,0 days 00:13:58.200000
7,3,3,True,3,0.97,12,0.03,1,0.0,0,0.0,4,0.0,1,0 days 00:27:43.900000
7,12,3,False,3,0.79,2,0.21,1,0.0,0,0.0,4,0.0,13,0 days 01:20:46.500000
7,5,2,False,2,0.9155238095238094,5,0.07447619047619047,4,0.01,0,0.0,3,0.0,2,0 days 02:15:01.300000
7,5,2,False,2,1.0,0,0.0,1,0.0,3,0.0,4,0.0,6,0 days 02:30:32.500000
7,3,1,False,1,0.7,6,0.16,2,0.14,0,0.0,3,0.0,5,0 days 00:59:05.800000
7,2,2,True,2,0.65,6,0.27,3,0.08,1,0.0,0,0.0,1,0 days 02:03:04.700000
7,2,2,True,2,0.71,7,0.22,6,0.07,0,0.0,3,0.0,1,0 days 01:39:56.200000
7,2,4,False,4,0.63,2,0.28,3,0.09,1,0.0,0,0.0,2,0 days 02:14:46.200000
7,3,3,True,3,0.9816666666666666,2,0.018333333333333333,1,0.0,0,0.0,4,0.0,1,0 days 00:26:58.700000
7,2,11,False,11,0.64,3,0.24,2,0.09,5,0.03,0,0.0,3,0 days 02:42:09.100000
7,2,4,False,4,0.96,2,0.04,1,0.0,0,0.0,3,0.0,2,0 days 03:08:32.500000
7,13,1,False,1,0.7,6,0.16,2,0.14,0,0.0,3,0.0,14,0 days 00:59:02.400000
7,2,2,True,2,0.75,6,0.23,3,0.02,1,0.0,0,0.0,1,0 days 00:14:08.600000
7,2,12,False,12,0.55,13,0.28,2,0.15,7,0.02,3,0.0,3,0 days 01:41:32.200000
7,2,2,True,2,0.88,6,0.12,1,0.0,0,0.0,3,0.0,1,0 days 01:50:41.800000
7,2,1,False,1,0.63,3,0.22,2,0.13,0,0.02,4,0.0,3,0 days 02:41:37.100000
7,11,2,False,2,0.98,3,0.02,1,0.0,0,0.0,4,0.0,12,0 days 03:16:36.300000
7,13,3,False,3,0.88,8,0.12,1,0.0,0,0.0,4,0.0,14,0 days 00:28:00.200000
7,11,7,False,7,0.71,2,0.29,1,0.0,0,0.0,3,0.0,12,0 days 00:53:54.200000
7,2,4,False,4,0.63,2,0.26,6,0.09,3,0.02,0,0.0,2,0 days 02:26:04.100000
7,2,3,False,3,0.65,6,0.3,11,0.04,10,0.01,2,0.0,5,0 days 00:32:53.500000
7,2,2,True,2,0.98,3,0.01,4,0.01,1,0.0,0,0.0,1,0 days 02:24:20.900000
7,2,2,True,2,0.6,3,0.32,10,0.08,1,0.0,4,0.0,1,0 days 00:08:28.700000
7,2,3,False,3,0.63,6,0.27166666666666667,2,0.07833333333333332,1,0.01,0,0.01,3,0 days 03:05:02.400000
7,2,2,True,2,1.0,0,0.0,1,0.0,3,0.0,4,0.0,1,0 days 00:37:44.500000
7,2,2,True,2,0.72,3,0.19,12,0.09,1,0.0,4,0.0,1,0 days 01:31:47.600000
7,2,2,True,2,1.0,0,0.0,1,0.0,3,0.0,4,0.0,1,0 days 01:44:50.800000
7,2,2,True,2,0.77,3,0.19,12,0.04,1,0.0,4,0.0,1,0 days 01:31:49.900000
7,2,2,True,2,0.97,11,0.02,3,0.01,1,0.0,4,0.0,1,0 days 01:26:23.200000
7,2,3,False,3,0.63,6,0.22333333333333333,2,0.12666666666666665,1,0.01,0,0.01,3,0 days 03:04:20.300000
7,2,2,True,2,1.0,0,0.0,1,0.0,3,0.0,4,0.0,1,0 days 00:37:54.100000
7,2,2,True,2,1.0,0,0.0,1,0.0,3,0.0,4,0.0,1,0 days 00:37:42.200000
7,13,3,False,3,1.0,0,0.0,1,0.0,2,0.0,4,0.0,14,0 days 00:26:39.100000
7,2,2,True,2,0.98,3,0.02,1,0.0,0,0.0,4,0.0,1,0 days 03:18:39.200000
7,2,2,True,2,0.63,3,0.26,6,0.08,11,0.03,0,0.0,1,0 days 00:08:10
8,2,2,True,2,0.7,0,0.177,6,0.09299999999999999,7,0.03,3,0.0,1,0 days 02:14:17.900000
8,2,0,False,0,0.7,2,0.27,6,0.03,1,0.0,3,0.0,2,0 days 04:28:20.500000
8,0,6,False,6,0.65,2,0.3,3,0.03,7,0.02,0,0.0,5,0 days 01:47:32.500000
8,4,3,False,3,0.69,2,0.14416666666666667,6,0.13583333333333333,0,0.03,1,0.0,6,0 days 00:53:56.800000
8,0,6,False,6,0.83,1,0.12,2,0.04,0,0.01,3,0.0,4,0 days 04:01:34.700000
8,4,3,False,3,0.8083333333333332,2,0.18166666666666664,11,0.01,1,0.0,4,0.0,5,0 days 00:27:03.500000
8,0,2,False,2,0.9,6,0.09,3,0.0075,5,0.0025,0,0.0,5,0 days 02:15:19.900000
8,0,0,True,0,0.4993571428571428,1,0.3906428571428572,2,0.11,3,0.0,4,0.0,1,0 days 00:53:49.900000
8,4,2,False,2,0.63,1,0.22,0,0.12,4,0.03,3,0.0,4,0 days 03:08:04.100000
8,0,0,True,0,0.7,2,0.27,6,0.03,1,0.0,3,0.0,1,0 days 04:28:22.700000
8,2,2,True,2,0.6683452380952377,7,0.3116547619047618,0,0.02,1,0.0,3,0.0,1,0 days 03:07:55.500000
8,2,2,True,2,0.9060000000000001,6,0.0535,0,0.0405,1,0.0,3,0.0,1,0 days 03:34:43.900000
8,2,1,False,1,0.72,2,0.26,6,0.02,0,0.0,3,0.0,2,0 days 04:01:31.900000
8,2,3,False,3,0.61,0,0.22,7,0.12,8,0.05,2,0.0,5,0 days 02:14:17.500000
8,2,6,False,6,0.83,1,0.12,0,0.04,2,0.01,3,0.0,4,0 days 04:01:34.800000
8,1,0,False,0,0.56,6,0.31,2,0.13,1,0.0,3,0.0,4,0 days 03:07:54.100000
8,2,8,False,8,0.63,2,0.24,6,0.08,3,0.04,7,0.01,2,0 days 01:01:47.400000
8,6,3,False,3,0.65,6,0.23,2,0.09,7,0.03,0,0.0,2,0 days 01:55:22.700000
8,6,2,False,2,0.76,3,0.24,1,0.0,0,0.0,4,0.0,7,0 days 01:20:40.700000
8,6,2,False,2,0.61,7,0.206,3,0.154,6,0.02,0,0.01,4,0 days 00:53:48.400000
8,7,2,False,2,0.9466666666666665,0,0.04,7,0.013333333333333332,1,0.0,3,0.0,3,0 days 02:41:06.900000
8,6,2,False,2,1.0,0,0.0,1,0.0,3,0.0,4,0.0,7,0 days 02:05:15.700000
8,6,7,False,7,0.6,2,0.31,0,0.08,6,0.01,3,0.0,4,0 days 03:35:14.300000
8,6,6,True,6,0.64,7,0.29,2,0.07,0,0.0,3,0.0,1,0 days 01:54:45.300000
8,5,2,False,2,0.72,6,0.25,3,0.03,1,0.0,0,0.0,7,0 days 01:47:21.100000
8,6,3,False,3,0.71,2,0.28,6,0.005,7,0.005,0,0.0,3,0 days 01:47:23.200000
8,7,6,False,6,0.72,3,0.28,1,0.0,0,0.0,2,0.0,8,0 days 01:15:06.300000
8,6,1,False,1,0.64,6,0.26,2,0.07,8,0.03,3,0.0,2,0 days 03:44:32.400000
8,8,0,False,0,0.7,2,0.24,6,0.05,5,0.01,3,0.0,9,0 days 03:34:50.200000
8,6,6,True,6,0.6,2,0.31,7,0.09,0,0.0,3,0.0,1,0 days 01:54:06.600000
8,2,2,True,2,0.62,3,0.26,1,0.1,8,0.01,10,0.01,1,0 days 00:45:03.500000
8,6,3,False,3,0.69,2,0.26,6,0.05,1,0.0,0,0.0,3,0 days 00:53:43.700000
8,6,2,False,2,0.58,13,0.27,6,0.08,3,0.06,8,0.01,3,0 days 01:13:21.900000
8,6,3,False,3,0.71,2,0.29,1,0.0,0,0.0,4,0.0,7,0 days 02:07:40.200000
8,6,3,False,3,0.56,2,0.44,1,0.0,0,0.0,4,0.0,7,0 days 03:02:45
8,2,2,True,2,1.0,0,0.0,1,0.0,3,0.0,4,0.0,1,0 days 01:20:37.600000
8,3,3,True,3,0.71,6,0.26,12,0.03,1,0.0,2,0.0,1,0 days 00:40:14.900000
8,3,2,False,2,0.5116666666666668,3,0.3783333333333333,1,0.11,0,0.0,4,0.0,2,0 days 00:19:34
8,2,2,True,2,0.71,6,0.28,13,0.01,1,0.0,3,0.0,1,0 days 01:21:21
8,6,3,False,3,0.71,6,0.26,12,0.03,1,0.0,2,0.0,2,0 days 00:40:11.100000
8,7,2,False,2,0.57,7,0.32,3,0.1,1,0.01,0,0.0,2,0 days 00:53:52.300000
8,7,7,True,7,0.6,0,0.27,2,0.1,6,0.03,3,0.0,1,0 days 03:34:54.500000
8,6,6,True,6,0.57,2,0.28,3,0.15,1,0.0,0,0.0,1,0 days 00:10:30.200000
8,6,4,False,4,0.63,0,0.18,7,0.18,2,0.01,3,0.0,8,0 days 02:41:08.200000
8,8,1,False,1,0.65,8,0.22,2,0.12,11,0.01,4,0.0,2,0 days 00:42:54.300000
8,8,3,False,3,0.91,2,0.08,13,0.01,1,0.0,4,0.0,10,0 days 00:15:12.300000
8,8,8,True,8,0.59,1,0.28,2,0.12,11,0.01,4,0.0,1,0 days 00:43:00.600000
8,6,3,False,3,0.88,2,0.11,1,0.01,0,0.0,4,0.0,7,0 days 00:06:10.500000
8,6,8,False,8,0.8,3,0.2,1,0.0,0,0.0,4,0.0,7,0 days 00:11:57.800000
8,6,6,True,6,0.7,2,0.3,1,0.0,0,0.0,3,0.0,1,0 days 02:14:10.100000
8,6,3,False,3,0.7983333333333333,2,0.18166666666666664,11,0.02,1,0.0,4,0.0,7,0 days 00:27:03.400000
8,6,0,False,0,0.63,2,0.37,1,0.0,3,0.0,4,0.0,7,0 days 02:41:05.700000
8,2,7,False,7,0.6,0,0.27,2,0.1,6,0.03,3,0.0,3,0 days 03:34:55.300000
8,2,2,True,2,0.71,6,0.29,1,0.0,0,0.0,3,0.0,1,0 days 00:38:31.100000
8,2,3,False,3,0.6,2,0.4,1,0.0,0,0.0,4,0.0,2,0 days 00:44:29.100000
8,2,3,False,3,0.72,7,0.24,8,0.04,1,0.0,2,0.0,5,0 days 01:03:15.800000
8,2,3,False,3,0.61,2,0.35,13,0.04,1,0.0,4,0.0,2,0 days 00:58:17.600000
8,3,6,False,6,0.57,3,0.34,8,0.07,9,0.02,2,0.0,2,0 days 00:13:30.100000
8,2,2,True,2,0.75,7,0.22,0,0.02,3,0.01,1,0.0,1,0 days 02:16:26.700000
8,3,6,False,6,0.9,2,0.09,7,0.01,0,0.0,3,0.0,5,0 days 02:14:13.800000
8,2,6,False,6,0.64,7,0.29,2,0.07,0,0.0,3,0.0,3,0 days 01:54:44.300000
8,2,2,True,2,0.6,6,0.3,3,0.1,1,0.0,0,0.0,1,0 days 01:31:03.400000
8,3,3,True,3,0.8476666666666667,2,0.15233333333333335,1,0.0,0,0.0,4,0.0,1,0 days 00:26:58.800000
8,3,13,False,13,0.63,3,0.37,1,0.0,0,0.0,4,0.0,2,0 days 00:27:16.500000
8,2,3,False,3,0.67,2,0.33,1,0.0,0,0.0,4,0.0,2,0 days 00:36:15.200000
8,3,3,True,3,0.79,2,0.2,8,0.01,1,0.0,4,0.0,1,0 days 00:00:01.900000
8,2,2,True,2,0.96,1,0.04,0,0.0,3,0.0,4,0.0,1,0 days 01:20:57.700000
8,10,6,False,6,0.57,8,0.28,2,0.14,7,0.01,3,0.0,11,0 days 00:31:26.500000
8,1,1,True,1,0.63,2,0.24533333333333332,3,0.12466666666666665,0,0.0,4,0.0,1,0 days 00:19:42.900000
8,3,6,False,6,0.58,2,0.41,3,0.0075,5,0.0025,0,0.0,3,0 days 02:15:23.200000
8,3,6,False,6,0.72,2,0.20694444444444446,3,0.07305555555555557,1,0.0,0,0.0,3,0 days 00:53:49
8,3,3,True,3,0.99,2,0.01,1,0.0,0,0.0,4,0.0,1,0 days 00:26:55.800000
8,3,2,False,2,0.99,3,0.01,1,0.0,0,0.0,4,0.0,2,0 days 02:16:02.600000
8,3,2,False,2,0.63,6,0.37,1,0.0,0,0.0,3,0.0,5,0 days 02:14:28.500000
8,3,3,True,3,0.98,6,0.02,1,0.0,0,0.0,2,0.0,1,0 days 00:39:30.400000
8,3,2,False,2,0.72,6,0.25,3,0.03,1,0.0,0,0.0,3,0 days 00:53:40.300000
8,3,5,False,5,0.66,3,0.31,2,0.03,1,0.0,0,0.0,2,0 days 01:47:48.200000
8,3,3,True,3,0.7253571428571428,2,0.22,8,0.05464285714285713,1,0.0,4,0.0,1,0 days 00:26:56.500000
8,3,3,True,3,0.89,5,0.08,2,0.03,1,0.0,0,0.0,1,0 days 00:15:22.500000
8,3,3,True,3,0.91,12,0.09,1,0.0,0,0.0,4,0.0,1,0 days 00:03:11
8,3,6,False,6,0.9,2,0.09,7,0.01,0,0.0,3,0.0,5,0 days 02:14:13.800000
8,3,2,False,2,0.98,10,0.02,1,0.0,0,0.0,4,0.0,8,0 days 01:21:08.800000
8,3,2,False,2,0.9,11,0.09,3,0.01,1,0.0,4,0.0,3,0 days 01:32:38.800000
8,3,0,False,0,0.7,2,0.28,6,0.02,1,0.0,3,0.0,5,0 days 02:41:01.200000
8,1,3,False,3,0.79,2,0.21,1,0.0,0,0.0,4,0.0,3,0 days 00:06:02.700000
8,2,2,True,2,0.78,9,0.19,3,0.02,10,0.01,4,0.0,1,0 days 00:04:39.400000
8,2,2,True,2,0.61,6,0.26,1,0.09,3,0.02,13,0.02,1,0 days 00:59:16.300000
8,2,3,False,3,0.8,2,0.19,6,0.01,1,0.0,0,0.0,2,0 days 00:02:38.600000
8,2,4,False,4,0.63,6,0.34,2,0.03,0,0.0,3,0.0,3,0 days 02:28:04.600000
8,2,11,False,11,0.66,2,0.34,1,0.0,0,0.0,4,0.0,2,0 days 02:10:07.500000
8,9,3,False,3,0.55,2,0.42,6,0.03,1,0.0,0,0.0,10,0 days 00:13:55.300000
8,9,9,True,9,0.62,3,0.28,6,0.09,2,0.01,0,0.0,1,0 days 00:13:22.700000
8,3,3,True,3,0.68,13,0.25,6,0.04,2,0.03,0,0.0,1,0 days 00:28:26.800000
8,3,2,False,2,0.63,3,0.35,10,0.02,1,0.0,4,0.0,2,0 days 00:28:52
8,3,3,True,3,0.64,2,0.25,7,0.08,1,0.03,0,0.0,1,0 days 01:57:34.400000
8,10,13,False,13,0.66,2,0.21,3,0.13,1,0.0,4,0.0,11,0 days 00:27:37.600000
8,3,3,True,3,0.9,12,0.08,1,0.02,0,0.0,4,0.0,1,0 days 00:41:22.400000
8,3,3,True,3,0.6209523809523809,2,0.3590476190476191,0,0.01,9,0.01,4,0.0,1,0 days 00:26:53.600000
8,3,2,False,2,0.92,10,0.04,3,0.03,6,0.01,0,0.0,3,0 days 02:04:36.200000
8,2,2,True,2,0.7,3,0.3,1,0.0,0,0.0,4,0.0,1,0 days 02:07:55.800000
8,3,2,False,2,0.65,6,0.26,1,0.06,3,0.01,13,0.01,4,0 days 00:59:29.600000
8,2,3,False,3,0.6841666666666666,7,0.25,2,0.06583333333333333,1,0.0,0,0.0,3,0 days 00:53:47
8,3,2,False,2,0.6,6,0.3,3,0.07,8,0.03,0,0.0,3,0 days 01:12:19.800000
8,3,2,False,2,0.68,3,0.3,6,0.02,1,0.0,0,0.0,2,0 days 01:22:33.400000
8,3,2,False,2,1.0,0,0.0,1,0.0,3,0.0,4,0.0,4,0 days 03:19:57.900000
8,3,3,True,3,0.98,2,0.02,1,0.0,0,0.0,4,0.0,1,0 days 00:26:57.900000
8,3,3,True,3,0.5429999999999999,13,0.37133333333333335,2,0.04566666666666666,12,0.04,4,0.0,1,0 days 00:27:02.500000
8,3,2,False,2,0.64,8,0.18,3,0.11,13,0.07,4,0.0,3,0 days 00:29:58.700000
8,3,6,False,6,0.92,2,0.07,1,0.01,0,0.0,3,0.0,5,0 days 00:05:31.400000
8,3,3,True,3,0.93,13,0.07,1,0.0,0,0.0,4,0.0,1,0 days 00:26:51
8,3,3,True,3,0.84,6,0.14,12,0.02,1,0.0,2,0.0,1,0 days 00:39:59.400000
8,3,2,False,2,0.58,3,0.32,6,0.1,1,0.0,0,0.0,2,0 days 00:07:59.300000
8,3,3,True,3,0.98,9,0.02,1,0.0,0,0.0,4,0.0,1,0 days 00:13:48.400000
8,2,2,True,2,0.98,5,0.02,1,0.0,0,0.0,3,0.0,1,0 days 02:31:20.600000
8,2,2,True,2,0.91,1,0.08,7,0.01,0,0.0,3,0.0,1,0 days 01:56:23.200000
8,9,3,False,3,0.77,2,0.16,9,0.07,1,0.0,4,0.0,3,0 days 00:13:41.600000
8,3,2,False,2,0.65,3,0.34,13,0.01,1,0.0,4,0.0,2,0 days 00:14:58.300000
8,3,3,True,3,0.68,13,0.25,6,0.04,2,0.03,0,0.0,1,0 days 00:28:26.800000
8,1,2,False,2,1.0,0,0.0,1,0.0,3,0.0,4,0.0,3,0 days 01:20:58
8,3,3,True,3,0.75,8,0.25,1,0.0,0,0.0,4,0.0,1,0 days 00:28:04.600000
8,3,2,False,2,0.98,3,0.01,12,0.01,1,0.0,4,0.0,2,0 days 00:34:46.600000
8,2,2,True,2,0.94,11,0.06,1,0.0,0,0.0,4,0.0,1,0 days 00:57:16.600000
8,3,5,False,5,0.63,8,0.21,2,0.08,3,0.08,0,0.0,4,0 days 00:03:30.200000
8,3,8,False,8,0.65,5,0.19,2,0.08,3,0.08,0,0.0,4,0 days 00:03:29.400000
8,2,3,False,3,0.73,2,0.27,1,0.0,0,0.0,4,0.0,2,0 days 01:20:59.400000
8,2,2,True,2,0.63,3,0.3325,5,0.0375,1,0.0,0,0.0,1,0 days 02:15:08.900000
8,2,5,False,5,0.8231666666666666,2,0.1768333333333333,1,0.0,0,0.0,3,0.0,2,0 days 02:15:01.700000
8,2,5,False,5,0.69,3,0.19,2,0.08,6,0.04,0,0.0,3,0 days 01:08:09.200000
8,2,2,True,2,0.94,6,0.04,3,0.02,1,0.0,0,0.0,1,0 days 01:49:13.900000
8,12,3,False,3,0.66,2,0.34,1,0.0,0,0.0,4,0.0,13,0 days 01:31:38.100000
8,11,2,False,2,0.76,12,0.18,3,0.06,1,0.0,4,0.0,13,0 days 00:54:18.100000
8,2,2,True,2,0.94,6,0.06,1,0.0,0,0.0,3,0.0,1,0 days 04:08:12.600000
8,2,3,False,3,0.63,2,0.27,10,0.1,1,0.0,4,0.0,2,0 days 00:03:55.200000
8,2,2,True,2,0.97,3,0.03,1,0.0,0,0.0,4,0.0,1,0 days 01:20:58.500000
8,2,2,True,2,0.72,6,0.27,0,0.01,1,0.0,3,0.0,1,0 days 04:03:17.700000
8,11,2,False,2,0.58,11,0.27,3,0.11,6,0.03,1,0.01,2,0 days 02:18:21
8,2,3,False,3,0.59,4,0.26,2,0.12,7,0.02,8,0.01,3,0 days 01:17:21.900000
8,3,8,False,8,0.73,6,0.22,7,0.04,2,0.01,3,0.0,5,0 days 00:31:24.200000
8,2,4,False,4,0.61,2,0.39,1,0.0,0,0.0,3,0.0,2,0 days 02:43:13.500000
8,3,3,True,3,0.66,2,0.33,10,0.01,1,0.0,4,0.0,1,0 days 00:32:23.500000
8,5,6,False,6,0.75,2,0.24,1,0.01,0,0.0,3,0.0,7,0 days 00:06:26.800000
8,5,2,False,2,0.95,3,0.03,11,0.02,1,0.0,4,0.0,6,0 days 02:42:17.700000
8,2,5,False,5,0.8231666666666666,2,0.1768333333333333,1,0.0,0,0.0,3,0.0,2,0 days 02:15:01.400000
8,2,1,False,1,0.63,3,0.24,2,0.13,0,0.0,4,0.0,3,0 days 01:20:55.700000
8,2,2,True,2,0.85,3,0.1,10,0.03,6,0.02,0,0.0,1,0 days 01:35:47.600000
8,2,2,True,2,0.7,6,0.3,1,0.0,0,0.0,3,0.0,1,0 days 01:28:06.200000
8,2,3,False,3,0.65,4,0.22,6,0.13,0,0.0,2,0.0,5,0 days 02:28:18.500000
8,2,2,True,2,0.64,3,0.2,6,0.16,1,0.0,0,0.0,1,0 days 02:15:34.900000
8,3,2,False,2,0.71,3,0.29,1,0.0,0,0.0,4,0.0,2,0 days 01:19:24.200000
8,12,3,False,3,1.0,0,0.0,1,0.0,2,0.0,4,0.0,13,0 days 00:30:30.700000
8,3,1,False,1,0.57,7,0.32,3,0.1,2,0.01,0,0.0,3,0 days 00:49:53.100000
8,3,3,True,3,0.5821666666666667,2,0.3728333333333333,13,0.045,1,0.0,4,0.0,1,0 days 00:27:02.700000
8,13,3,False,3,0.6,5,0.28,2,0.08,6,0.04,0,0.0,14,0 days 01:08:03.600000
8,2,3,False,3,0.65,4,0.22,6,0.13,0,0.0,2,0.0,5,0 days 02:28:51.500000
8,2,2,True,2,0.75,4,0.25,1,0.0,0,0.0,3,0.0,1,0 days 02:43:14.600000
8,2,3,False,3,0.66,2,0.34,1,0.0,0,0.0,4,0.0,2,0 days 01:31:37.100000
8,2,2,True,2,0.98,3,0.02,1,0.0,0,0.0,4,0.0,1,0 days 01:48:03.400000
8,2,6,False,6,0.64,2,0.36,1,0.0,0,0.0,3,0.0,2,0 days 01:28:24.700000
8,2,2,True,2,1.0,0,0.0,1,0.0,3,0.0,4,0.0,1,0 days 01:26:00.300000
8,2,3,False,3,0.89,8,0.11,1,0.0,0,0.0,4,0.0,8,0 days 00:28:06.600000
8,2,3,False,3,0.4675,2,0.44249999999999995,5,0.08,6,0.01,0,0.0,2,0 days 00:07:02.800000
8,2,2,True,2,0.72,1,0.27,3,0.01,0,0.0,4,0.0,1,0 days 01:20:57.100000
8,2,3,False,3,1.0,0,0.0,1,0.0,2,0.0,4,0.0,4,0 days 00:10:51
8,13,3,False,3,0.5469999999999999,2,0.42466666666666675,11,0.02,13,0.008333333333333333,4,0.0,4,0 days 00:27:03.200000
8,2,2,True,2,1.0,0,0.0,1,0.0,3,0.0,4,0.0,1,0 days 00:37:27.900000
8,13,2,False,2,0.77,3,0.22,4,0.01,1,0.0,0,0.0,14,0 days 02:14:42.800000
8,2,2,True,2,0.76,6,0.24,1,0.0,0,0.0,3,0.0,1,0 days 02:59:12.700000
8,13,2,False,2,0.72,3,0.2,7,0.08,1,0.0,0,0.0,14,0 days 01:18:50.600000
8,2,2,True,2,0.57,6,0.41,3,0.02,1,0.0,0,0.0,1,0 days 01:34:30.800000
8,2,2,True,2,0.7,6,0.3,1,0.0,0,0.0,3,0.0,1,0 days 01:28:07.900000
8,2,6,False,6,0.87,2,0.12,3,0.01,1,0.0,0,0.0,2,0 days 00:06:30.900000
8,2,2,True,2,0.97,11,0.03,1,0.0,0,0.0,4,0.0,1,0 days 03:17:51.500000
9,1,2,False,2,0.86,1,0.12,3,0.02,0,0.0,4,0.0,2,0 days 04:01:31.800000
9,2,6,False,6,0.7440000000000001,0,0.176,7,0.06,2,0.01,3,0.01,4,0 days 02:41:04.300000
9,2,2,True,2,0.97,3,0.018000000000000002,0,0.012,1,0.0,4,0.0,1,0 days 02:14:15.900000
9,2,6,False,6,0.65,0,0.26,3,0.08,2,0.01,1,0.0,4,0 days 02:41:02.600000
9,1,6,False,6,0.65,2,0.31,3,0.03,11,0.01,0,0.0,8,0 days 02:17:51.200000
9,0,6,False,6,0.63,2,0.33,7,0.02,0,0.02,3,0.0,4,0 days 02:14:18
9,0,0,True,0,0.42344444444444435,1,0.4165555555555557,2,0.15,3,0.01,4,0.0,1,0 days 00:53:49.900000
9,4,4,True,4,0.64,2,0.32,5,0.04,0,0.0,3,0.0,1,0 days 02:14:53.500000
9,0,0,True,0,0.69,2,0.24,6,0.04166666666666667,4,0.028333333333333335,3,0.0,1,0 days 02:41:07.800000
9,0,3,False,3,0.97,11,0.03,1,0.0,0,0.0,4,0.0,4,0 days 00:11:11
9,4,0,False,0,0.7208333333333334,2,0.23,6,0.049166666666666664,1,0.0,3,0.0,6,0 days 02:41:05.200000
9,4,4,True,4,0.94,2,0.05,1,0.01,0,0.0,3,0.0,1,0 days 03:08:16.300000
9,0,3,False,3,0.76,7,0.13,6,0.11,0,0.0,2,0.0,4,0 days 00:53:47.900000
9,2,2,True,2,0.8733333333333334,7,0.11666666666666665,0,0.01,1,0.0,3,0.0,1,0 days 02:41:07
9,3,5,False,5,0.56,3,0.17094047619047617,2,0.1260357142857143,6,0.10302380952380955,1,0.03,2,0 days 03:34:45.300000
9,2,6,False,6,0.91,2,0.05,0,0.03,4,0.01,3,0.0,2,0 days 03:07:57.700000
9,2,2,True,2,0.64,0,0.29,7,0.06,3,0.01,1,0.0,1,0 days 02:14:18.300000
9,2,3,False,3,0.8,0,0.09,6,0.06,2,0.05,1,0.0,4,0 days 01:29:04.100000
9,2,2,True,2,0.93,0,0.035,6,0.035,1,0.0,3,0.0,1,0 days 02:41:05.900000
9,2,3,False,3,0.62,6,0.28,2,0.08,5,0.02,0,0.0,3,0 days 01:47:22.100000
9,2,2,True,2,0.6,0,0.28,6,0.09,7,0.03,3,0.0,1,0 days 01:47:34.200000
9,2,13,False,13,0.66,2,0.22,3,0.11,7,0.01,0,0.0,2,0 days 01:24:36.700000
9,2,2,True,2,0.86,7,0.13,3,0.01,1,0.0,0,0.0,1,0 days 02:16:25.100000
9,6,6,True,6,0.74,3,0.19,8,0.04,2,0.03,0,0.0,1,0 days 01:50:11.400000
9,6,3,False,3,0.79,6,0.21,1,0.0,0,0.0,2,0.0,2,0 days 00:07:13.800000
9,7,2,False,2,0.8733333333333334,7,0.11666666666666665,0,0.01,1,0.0,3,0.0,2,0 days 02:41:07.100000
9,6,3,False,3,1.0,0,0.0,1,0.0,2,0.0,4,0.0,7,0 days 01:05:49.500000
9,6,3,False,3,0.66,2,0.2,8,0.1,6,0.04,0,0.0,4,0 days 02:00:47.300000
9,6,1,False,1,0.8011666666666667,7,0.12883333333333336,3,0.031190476190476185,2,0.026190476190476188,6,0.012619047619047618,5,0 days 03:34:44.900000
9,6,0,False,0,0.68,5,0.17,3,0.05983333333333332,2,0.04066666666666666,6,0.0295,5,0 days 03:34:46.600000
9,2,2,True,2,1.0,0,0.0,1,0.0,3,0.0,4,0.0,1,0 days 00:57:32.700000
9,2,6,False,6,0.61,3,0.28,2,0.1,8,0.01,0,0.0,3,0 days 01:11:00.200000
9,6,3,False,3,0.67,2,0.31,6,0.02,1,0.0,0,0.0,3,0 days 00:33:08
9,6,10,False,10,0.65,8,0.22,3,0.07,7,0.04,2,0.02,9,0 days 00:31:26.200000
9,6,3,False,3,0.63,10,0.21,2,0.15,6,0.01,0,0.0,4,0 days 02:03:27.700000
9,6,4,False,4,0.63,2,0.33,3,0.02,11,0.02,0,0.0,7,0 days 02:21:22.900000
9,6,2,False,2,0.6855,0,0.31,7,0.0045000000000000005,1,0.0,3,0.0,8,0 days 03:07:56.300000
9,6,3,False,3,0.76,2,0.24,1,0.0,0,0.0,4,0.0,7,0 days 00:40:30.100000
9,3,3,True,3,0.6126666666666669,2,0.38333333333333336,9,0.004,1,0.0,4,0.0,1,0 days 00:26:57.600000
9,3,2,False,2,0.85,3,0.1,10,0.05,1,0.0,4,0.0,2,0 days 01:35:36.100000
9,2,2,True,2,0.62,0,0.28,7,0.05,4,0.03266666666666666,6,0.017333333333333333,1,0 days 02:41:08.700000
9,2,0,False,0,0.95,6,0.03,2,0.02,1,0.0,3,0.0,3,0 days 04:28:24.300000
9,3,3,True,3,0.74,7,0.15,2,0.06,6,0.03,12,0.02,1,0 days 00:49:08.900000
9,6,3,False,3,0.97,2,0.03,1,0.0,0,0.0,4,0.0,7,0 days 00:40:16.700000
9,6,2,False,2,0.64,3,0.36,1,0.0,0,0.0,4,0.0,7,0 days 01:51:10.400000
9,7,2,False,2,0.78,6,0.111,3,0.10899999999999999,1,0.0,0,0.0,8,0 days 01:20:36.800000
9,7,10,False,10,0.67,8,0.18,3,0.15,0,0.0,4,0.0,9,0 days 01:05:01.700000
9,6,2,False,2,0.6954444444444442,3,0.30455555555555547,1,0.0,0,0.0,4,0.0,7,0 days 00:53:49.200000
9,6,3,False,3,0.63,0,0.24,2,0.11,6,0.02,1,0.0,4,0 days 02:40:59.400000
9,8,3,False,3,0.79,2,0.21,1,0.0,0,0.0,4,0.0,9,0 days 00:03:24.500000
9,6,2,False,2,0.5251666666666666,0,0.42483333333333334,1,0.04,3,0.01,4,0.0,7,0 days 03:34:44.400000
9,6,3,False,3,0.5276666666666668,2,0.38333333333333336,9,0.06733333333333333,7,0.021666666666666664,0,0.0,9,0 days 00:26:57.500000
9,8,8,True,8,0.58,10,0.28,2,0.1,3,0.03,7,0.01,1,0 days 00:31:30.400000
9,8,3,False,3,0.9,6,0.09,2,0.01,1,0.0,0,0.0,9,0 days 01:20:31
9,6,6,True,6,0.66,2,0.21,3,0.13,1,0.0,0,0.0,1,0 days 02:14:19.300000
9,6,6,True,6,0.72,3,0.28,1,0.0,0,0.0,2,0.0,1,0 days 00:06:54.400000
9,8,3,False,3,0.66,10,0.25,1,0.08,2,0.01,4,0.0,10,0 days 00:45:12
9,6,2,False,2,0.94,7,0.04,5,0.02,0,0.0,3,0.0,8,0 days 01:39:34.500000
9,7,3,False,3,0.73,2,0.27,1,0.0,0,0.0,4,0.0,8,0 days 00:54:08.800000
9,2,6,False,6,0.71,3,0.28,2,0.01,1,0.0,0,0.0,3,0 days 00:06:46.200000
9,2,3,False,3,0.76,10,0.2,12,0.02,2,0.02,4,0.0,4,0 days 00:34:00.300000
9,2,8,False,8,0.59,10,0.28,3,0.07,7,0.04,2,0.02,5,0 days 00:31:27.900000
9,2,6,False,6,0.86,13,0.09,8,0.05,0,0.0,3,0.0,7,0 days 01:13:19.900000
9,9,3,False,3,0.65,2,0.32,1,0.03,0,0.0,4,0.0,10,0 days 00:20:11
9,3,0,False,0,0.63,2,0.18483333333333335,6,0.13516666666666666,4,0.05,3,0.0,5,0 days 00:53:57.900000
9,3,2,False,2,0.7340000000000001,3,0.266,1,0.0,0,0.0,4,0.0,2,0 days 00:26:59
9,2,8,False,8,0.71,3,0.17,2,0.12,1,0.0,4,0.0,3,0 days 02:15:47.400000
9,2,2,True,2,0.92,3,0.055,6,0.025,1,0.0,0,0.0,1,0 days 02:14:13
9,3,2,False,2,0.72,3,0.28,1,0.0,0,0.0,4,0.0,2,0 days 01:21:35.100000
9,2,13,False,13,0.72,12,0.16,2,0.09,3,0.03,4,0.0,3,0 days 01:49:39.100000
9,2,6,False,6,0.65,2,0.35,1,0.0,0,0.0,3,0.0,2,0 days 01:48:30.700000
9,2,2,True,2,0.95,11,0.05,1,0.0,0,0.0,4,0.0,1,0 days 01:32:00.700000
9,3,8,False,8,0.68,2,0.26,3,0.06,1,0.0,4,0.0,3,0 days 00:26:56.300000
9,2,0,False,0,0.63,2,0.18483333333333335,6,0.13516666666666666,4,0.05,3,0.0,2,0 days 00:53:57.600000
9,1,2,False,2,0.88,6,0.12,1,0.0,0,0.0,3,0.0,3,0 days 01:27:48.700000
9,3,13,False,13,0.9,3,0.1,1,0.0,0,0.0,4,0.0,2,0 days 00:27:00.400000
9,3,2,False,2,0.63,3,0.37,1,0.0,0,0.0,4,0.0,2,0 days 01:19:42.700000
9,2,2,True,2,0.59,3,0.33,6,0.08,1,0.0,0,0.0,1,0 days 00:54:03.900000
9,3,3,True,3,0.64,0,0.25,6,0.06,2,0.05,1,0.0,1,0 days 01:29:06.300000
9,3,3,True,3,0.75,2,0.22,6,0.03,1,0.0,0,0.0,1,0 days 01:07:23.700000
9,3,3,True,3,1.0,0,0.0,1,0.0,2,0.0,4,0.0,1,0 days 00:16:12.200000
9,2,2,True,2,0.99,6,0.01,1,0.0,0,0.0,3,0.0,1,0 days 01:20:37.600000
9,3,2,False,2,0.87,5,0.08,3,0.05,1,0.0,0,0.0,3,0 days 01:21:52
9,10,3,False,3,0.71,2,0.28,6,0.01,1,0.0,0,0.0,11,0 days 00:06:38.400000
9,3,2,False,2,0.87,9,0.12,8,0.01,0,0.0,4,0.0,8,0 days 00:04:31.300000
9,3,3,True,3,0.98,2,0.02,1,0.0,0,0.0,4,0.0,1,0 days 00:23:22
9,3,2,False,2,0.7,10,0.28,6,0.01,3,0.01,0,0.0,4,0 days 00:03:53
9,3,2,False,2,0.67,6,0.22,1,0.11,0,0.0,3,0.0,5,0 days 00:06:13.600000
9,3,2,False,2,0.98,3,0.02,1,0.0,0,0.0,4,0.0,2,0 days 00:33:28.600000
9,2,2,True,2,0.93,3,0.05,6,0.02,1,0.0,0,0.0,1,0 days 01:50:51.100000
9,3,3,True,3,0.98,13,0.02,1,0.0,0,0.0,4,0.0,1,0 days 00:27:00.100000
9,3,2,False,2,0.79,6,0.17,3,0.04,1,0.0,0,0.0,3,0 days 00:02:23.700000
9,3,3,True,3,0.61,6,0.26,1,0.12,2,0.01,0,0.0,1,0 days 02:01:53.900000
9,3,3,True,3,0.71,8,0.26,1,0.02,2,0.01,4,0.0,1,0 days 00:05:53.300000
9,3,3,True,3,0.74,0,0.21,7,0.04,2,0.01,1,0.0,1,0 days 02:16:43.800000
9,3,2,False,2,0.79,6,0.17,1,0.04,0,0.0,3,0.0,5,0 days 00:06:08.800000
9,3,0,False,0,0.61,2,0.25,7,0.1,8,0.04,3,0.0,5,0 days 02:14:17.400000
9,3,2,False,2,0.99,3,0.01,1,0.0,0,0.0,4,0.0,2,0 days 02:16:09.900000
9,3,3,True,3,0.59,10,0.23,2,0.18,1,0.0,4,0.0,1,0 days 00:08:40.800000
9,3,9,False,9,0.75,2,0.25,1,0.0,0,0.0,4,0.0,8,0 days 00:13:41.900000
9,3,2,False,2,0.94,4,0.06,1,0.0,0,0.0,3,0.0,5,0 days 02:25:38.400000
9,1,6,False,6,0.7440000000000001,0,0.176,7,0.06,2,0.01,3,0.01,6,0 days 02:41:04.300000
9,2,6,False,6,0.7,3,0.2,2,0.1,1,0.0,0,0.0,3,0 days 02:05:06.100000
9,10,8,False,8,0.64,2,0.26,9,0.1,0,0.0,4,0.0,11,0 days 00:04:45.800000
9,2,2,True,2,0.91,1,0.06,7,0.03,0,0.0,3,0.0,1,0 days 01:56:16.900000
9,2,2,True,2,1.0,0,0.0,1,0.0,3,0.0,4,0.0,1,0 days 00:04:13.800000
9,9,2,False,2,0.85,9,0.11,3,0.04,1,0.0,4,0.0,2,0 days 00:27:01.800000
9,3,2,False,2,1.0,0,0.0,1,0.0,3,0.0,4,0.0,4,0 days 01:20:59.400000
9,3,6,False,6,0.74,2,0.26,1,0.0,0,0.0,3,0.0,5,0 days 01:53:19.500000
9,3,2,False,2,0.87,1,0.11,3,0.02,0,0.0,4,0.0,3,0 days 00:06:40.800000
9,2,1,False,1,0.59,2,0.41,0,0.0,3,0.0,4,0.0,2,0 days 01:20:58.200000
9,2,3,False,3,0.88,6,0.09,2,0.03,1,0.0,0,0.0,3,0 days 01:47:22.600000
9,3,3,True,3,1.0,0,0.0,1,0.0,2,0.0,4,0.0,1,0 days 00:53:44.800000
9,3,2,False,2,0.95,3,0.03,13,0.02,1,0.0,4,0.0,2,0 days 00:58:30.500000
9,2,2,True,2,1.0,0,0.0,1,0.0,3,0.0,4,0.0,1,0 days 01:20:53.700000
9,3,3,True,3,0.72,6,0.28,1,0.0,0,0.0,2,0.0,1,0 days 00:06:58
9,2,2,True,2,0.89,13,0.1,3,0.01,1,0.0,4,0.0,1,0 days 01:52:27.700000
9,3,3,True,3,0.73,2,0.25,6,0.02,1,0.0,0,0.0,1,0 days 00:53:24.500000
9,3,3,True,3,0.91,2,0.09,1,0.0,0,0.0,4,0.0,1,0 days 00:22:52.400000
9,5,6,False,6,0.59,3,0.395,2,0.015,1,0.0,0,0.0,7,0 days 00:07:00
9,3,3,True,3,0.67,8,0.2,10,0.09,2,0.04,4,0.0,1,0 days 01:04:19.100000
9,3,3,True,3,0.82,8,0.18,1,0.0,0,0.0,4,0.0,1,0 days 00:01:21.700000
9,3,2,False,2,0.4535,6,0.4165,4,0.09,0,0.04,3,0.0,5,0 days 00:53:57
9,3,12,False,12,0.63,2,0.2,3,0.17,1,0.0,4,0.0,3,0 days 00:27:13.200000
9,2,2,True,2,0.82,1,0.18,0,0.0,3,0.0,4,0.0,1,0 days 01:20:58.500000
9,2,3,False,3,0.62,6,0.38,1,0.0,0,0.0,2,0.0,5,0 days 01:09:26.300000
9,3,11,False,11,0.67,2,0.28,5,0.05,1,0.0,3,0.0,5,0 days 02:42:12.300000
9,3,7,False,7,0.49633333333333324,3,0.4663333333333334,9,0.037333333333333336,1,0.0,2,0.0,2,0 days 00:26:57.300000
9,3,6,False,6,0.64,3,0.28,2,0.08,1,0.0,0,0.0,2,0 days 00:08:06.500000
9,3,3,True,3,0.75,2,0.22,6,0.03,1,0.0,0,0.0,1,0 days 01:07:26.200000
9,2,2,True,2,0.63,3,0.37,1,0.0,0,0.0,4,0.0,1,0 days 00:03:20.600000
9,3,2,False,2,0.97,1,0.03,0,0.0,3,0.0,4,0.0,4,0 days 01:20:55.100000
9,12,2,False,2,0.61,3,0.39,1,0.0,0,0.0,4,0.0,13,0 days 00:40:19.200000
9,3,2,False,2,0.73,5,0.22,3,0.05,1,0.0,0,0.0,3,0 days 02:44:00.400000
9,2,5,False,5,0.66,6,0.28,2,0.06,0,0.0,3,0.0,3,0 days 02:13:39.700000
9,10,13,False,13,0.66,2,0.22,3,0.11,7,0.01,0,0.0,11,0 days 01:24:37.300000
9,5,3,False,3,0.69,2,0.31,1,0.0,0,0.0,4,0.0,6,0 days 02:15:14.900000
9,3,3,True,3,0.64,2,0.35,11,0.01,1,0.0,4,0.0,1,0 days 01:33:01.600000
9,2,10,False,10,0.67,2,0.25,3,0.08,1,0.0,4,0.0,2,0 days 00:32:30.700000
9,11,2,False,2,0.69,3,0.21,0,0.1,1,0.0,4,0.0,12,0 days 02:40:05.900000
9,2,2,True,2,0.96,4,0.02,6,0.01,3,0.01,0,0.0,1,0 days 02:17:21
9,12,2,False,2,0.9607142857142857,3,0.028095238095238093,8,0.01119047619047619,1,0.0,4,0.0,13,0 days 01:20:38.100000
9,2,2,True,2,0.78,11,0.22,1,0.0,0,0.0,4,0.0,1,0 days 01:32:11.800000
9,13,3,False,3,0.66,2,0.33,5,0.01,1,0.0,0,0.0,14,0 days 01:21:39.400000
9,2,3,False,3,0.95,2,0.05,1,0.0,0,0.0,4,0.0,2,0 days 00:27:31.600000
9,2,2,True,2,0.89,5,0.07,4,0.04,0,0.0,3,0.0,1,0 days 02:42:43.600000
9,2,2,True,2,0.98,3,0.02,1,0.0,0,0.0,4,0.0,1,0 days 00:33:16
9,2,2,True,2,0.85,10,0.12,11,0.03,0,0.0,4,0.0,1,0 days 00:32:44.100000
9,3,3,True,3,0.63,8,0.32,12,0.05,0,0.0,4,0.0,1,0 days 00:11:43
9,2,2,True,2,0.72,5,0.25,11,0.03,1,0.0,3,0.0,1,0 days 02:42:20.600000
9,3,3,True,3,0.63,6,0.22,5,0.09,2,0.06,0,0.0,1,0 days 01:47:14.600000
9,13,2,False,2,0.61,3,0.33,6,0.05,0,0.01,1,0.0,14,0 days 01:23:39.300000
9,11,2,False,2,0.98,11,0.02,1,0.0,0,0.0,4,0.0,2,0 days 02:10:10.300000
9,2,2,True,2,1.0,0,0.0,1,0.0,3,0.0,4,0.0,1,0 days 01:20:59.500000
9,2,2,True,2,0.72,3,0.27,0,0.01,1,0.0,4,0.0,1,0 days 01:24:22.100000
9,2,6,False,6,0.61,2,0.28,4,0.07,5,0.04,3,0.0,2,0 days 02:26:23.800000
9,2,2,True,2,0.88,0,0.09,3,0.03,1,0.0,4,0.0,1,0 days 01:23:47.400000
9,2,2,True,2,0.68,0,0.3,3,0.02,1,0.0,4,0.0,1,0 days 01:23:59.400000
9,2,3,False,3,0.82,10,0.13,2,0.05,1,0.0,4,0.0,3,0 days 00:32:29.700000
9,2,4,False,4,0.48,2,0.45,6,0.05,8,0.02,3,0.0,2,0 days 03:35:57.100000
9,2,4,False,4,0.7,2,0.28,3,0.02,1,0.0,0,0.0,2,0 days 02:50:05.700000
9,5,2,False,2,0.99,3,0.01,1,0.0,0,0.0,4,0.0,6,0 days 02:41:57.900000
9,2,2,True,2,0.74,11,0.24,3,0.02,1,0.0,4,0.0,1,0 days 01:32:22.800000
9,2,3,False,3,0.67,6,0.23,2,0.1,1,0.0,0,0.0,3,0 days 02:04:52.800000
9,2,2,True,2,0.73,10,0.26,3,0.01,1,0.0,4,0.0,1,0 days 01:21:13.700000
9,2,2,True,2,1.0,0,0.0,1,0.0,3,0.0,4,0.0,1,0 days 01:33:49.500000
9,2,1,False,1,0.57,3,0.3,2,0.12,0,0.01,4,0.0,3,0 days 04:30:46
9,13,3,False,3,0.5716666666666667,2,0.41833333333333333,13,0.01,1,0.0,4,0.0,3,0 days 00:27:04.400000
9,2,2,True,2,0.85,10,0.14,3,0.01,1,0.0,4,0.0,1,0 days 01:35:44.600000
9,2,3,False,3,1.0,0,0.0,1,0.0,2,0.0,4,0.0,4,0 days 00:16:21.800000
9,2,4,False,4,0.7,2,0.28,3,0.02,1,0.0,0,0.0,2,0 days 02:50:38.100000
9,13,2,False,2,0.67,3,0.24,0,0.09,1,0.0,4,0.0,14,0 days 01:47:28.800000
10,0,7,False,7,0.62,3,0.2,8,0.13,2,0.05,0,0.0,5,0 days 02:14:17.300000
10,0,8,False,8,0.6,2,0.33,7,0.07,1,0.0,3,0.0,8,0 days 03:34:51
10,2,3,False,3,0.68,1,0.27,2,0.05,0,0.0,4,0.0,3,0 days 04:01:29.900000
10,1,4,False,4,0.68,0,0.22,2,0.08,3,0.02,1,0.0,5,0 days 00:53:50.800000
10,0,0,True,0,0.63,2,0.21,1,0.11,6,0.05,3,0.0,1,0 days 03:07:52.600000
10,0,0,True,0,0.61,6,0.29,7,0.08666666666666666,2,0.013333333333333332,3,0.0,1,0 days 02:41:07.800000
10,4,2,False,2,0.99,3,0.01,1,0.0,0,0.0,4,0.0,5,0 days 02:50:00.900000
10,4,6,False,6,0.66,7,0.2,0,0.12,2,0.02,3,0.0,8,0 days 02:41:08.200000
10,4,6,False,6,0.61,2,0.22,1,0.16,4,0.01,3,0.0,4,0 days 03:09:41.700000
10,0,6,False,6,0.59,5,0.23804761904761904,3,0.14945238095238092,2,0.0225,0,0.0,5,0 days 03:34:46.200000
10,2,0,False,0,0.61,7,0.22849999999999998,2,0.16149999999999998,1,0.0,3,0.0,3,0 days 02:41:07.500000
10,1,1,True,1,0.75,6,0.2,2,0.05,0,0.0,3,0.0,1,0 days 03:34:40.700000
10,2,0,False,0,0.4743333333333333,6,0.3856666666666666,2,0.14,1,0.0,3,0.0,3,0 days 02:41:05.800000
10,2,2,True,2,0.9316666666666665,0,0.06833333333333334,1,0.0,3,0.0,4,0.0,1,0 days 02:14:16.500000
10,2,2,True,2,0.95,8,0.05,1,0.0,0,0.0,4,0.0,1,0 days 01:00:19.900000
10,2,2,True,2,0.99,6,0.01,1,0.0,0,0.0,3,0.0,1,0 days 01:34:00.600000
10,2,6,False,6,0.6,2,0.35,0,0.05,1,0.0,3,0.0,2,0 days 02:41:10.400000
10,2,2,True,2,0.62,3,0.36,13,0.02,1,0.0,4,0.0,1,0 days 01:47:27.500000
10,2,0,False,0,0.4743333333333333,6,0.3856666666666666,2,0.14,1,0.0,3,0.0,3,0 days 02:41:05.800000
10,2,10,False,10,0.63,3,0.3,6,0.04,2,0.03,0,0.0,4,0 days 00:03:48.700000
10,6,2,False,2,0.73,1,0.22,6,0.05,0,0.0,3,0.0,3,0 days 01:27:53.700000
10,6,2,False,2,0.4886666666666665,6,0.4313333333333334,11,0.08,1,0.0,3,0.0,2,0 days 01:27:10.200000
10,6,2,False,2,0.64,1,0.29,6,0.07,0,0.0,3,0.0,3,0 days 03:34:35.800000
10,2,3,False,3,0.63,6,0.26,8,0.1,2,0.01,0,0.0,4,0 days 01:12:21.200000
10,6,2,False,2,0.539047619047619,6,0.450952380952381,0,0.01,1,0.0,3,0.0,2,0 days 03:07:54.600000
10,6,2,False,2,0.84,6,0.12,1,0.04,0,0.0,3,0.0,2,0 days 03:07:49.600000
10,6,2,False,2,1.0,0,0.0,1,0.0,3,0.0,4,0.0,7,0 days 01:43:48.500000
10,6,2,False,2,0.74,4,0.26,1,0.0,0,0.0,3,0.0,7,0 days 02:26:13.800000
10,6,6,True,6,0.61,2,0.27,4,0.11,5,0.01,3,0.0,1,0 days 02:27:38.100000
10,7,13,False,13,0.85,3,0.09066666666666666,2,0.05933333333333333,1,0.0,4,0.0,9,0 days 00:26:59.500000
10,2,2,True,2,0.7,6,0.29,3,0.01,1,0.0,0,0.0,1,0 days 01:20:34.700000
10,6,8,False,8,0.62,0,0.28,1,0.08,12,0.02,4,0.0,10,0 days 00:48:05.500000
10,6,3,False,3,0.4982857142857144,2,0.3903809523809524,6,0.11133333333333334,1,0.0,0,0.0,3,0 days 00:26:52.600000
10,6,3,False,3,0.89,12,0.1,6,0.01,1,0.0,2,0.0,3,0 days 00:07:21.200000
10,6,2,False,2,0.91,1,0.08,3,0.01,0,0.0,4,0.0,7,0 days 00:08:55.200000
10,6,6,True,6,0.61,2,0.31,3,0.08,1,0.0,0,0.0,1,0 days 00:10:25.700000
10,3,3,True,3,0.78,5,0.2,2,0.02,1,0.0,0,0.0,1,0 days 00:07:50
10,2,3,False,3,0.68,2,0.2,10,0.1,1,0.02,4,0.0,2,0 days 00:06:40.300000
10,3,4,False,4,0.65,2,0.24,8,0.1,3,0.01,0,0.0,4,0 days 00:44:02.900000
10,6,3,False,3,0.74,2,0.17,6,0.09,1,0.0,0,0.0,3,0 days 01:47:26.900000
10,7,0,False,0,0.5073333333333333,7,0.37266666666666665,2,0.07,3,0.04,6,0.01,2,0 days 01:20:39.600000
10,7,3,False,3,0.66,2,0.33,7,0.01,1,0.0,0,0.0,3,0 days 01:47:36.600000
10,8,2,False,2,0.47033333333333344,3,0.4443333333333333,6,0.08533333333333334,1,0.0,0,0.0,9,0 days 01:20:38.600000
10,7,2,False,2,0.87,6,0.12,3,0.01,1,0.0,0,0.0,8,0 days 04:55:12.900000
10,6,3,False,3,0.61,2,0.28,8,0.1,6,0.01,0,0.0,4,0 days 01:01:25.200000
10,6,3,False,3,0.9058333333333334,13,0.08416666666666668,12,0.01,0,0.0,4,0.0,10,0 days 00:27:26.600000
10,7,6,False,6,0.5,1,0.45,2,0.05,0,0.0,3,0.0,8,0 days 03:34:41.400000
10,6,2,False,2,0.94,12,0.05,3,0.01,1,0.0,4,0.0,7,0 days 01:30:50.100000
10,8,3,False,3,0.96,2,0.03,6,0.01,1,0.0,0,0.0,9,0 days 00:05:49.900000
10,6,5,False,5,0.71,3,0.28,6,0.01,0,0.0,2,0.0,3,0 days 00:06:59.400000
10,8,10,False,10,0.65,6,0.22,2,0.09,3,0.02,8,0.01,5,0 days 00:31:26.800000
10,6,3,False,3,0.6458333333333335,6,0.35416666666666663,1,0.0,0,0.0,2,0.0,2,0 days 00:06:52.100000
10,6,3,False,3,0.87,6,0.1,2,0.03,1,0.0,0,0.0,2,0 days 00:06:47.400000
10,8,12,False,12,0.63,3,0.36,8,0.01,0,0.0,4,0.0,3,0 days 00:11:39.400000
10,2,3,False,3,0.57,2,0.2815,7,0.11,6,0.0385,0,0.0,2,0 days 01:20:41.100000
10,2,6,False,6,0.45716666666666667,0,0.4528333333333333,2,0.07,1,0.02,3,0.0,3,0 days 03:34:44.400000
10,2,2,True,2,0.84,3,0.1,10,0.04,6,0.02,0,0.0,1,0 days 01:35:45.500000
10,9,3,False,3,0.92,2,0.08,1,0.0,0,0.0,4,0.0,10,0 days 00:17:35.300000
10,2,2,True,2,0.7,3,0.3,1,0.0,0,0.0,4,0.0,1,0 days 01:25:32
10,3,13,False,13,0.61,3,0.35600000000000004,2,0.034,1,0.0,4,0.0,2,0 days 00:27:02.600000
10,3,3,True,3,0.74,6,0.2,0,0.05,2,0.01,1,0.0,1,0 days 01:47:26.500000
10,3,2,False,2,0.88,5,0.06683333333333333,3,0.05316666666666667,1,0.0,0,0.0,3,0 days 02:15:11.400000
10,3,3,True,3,0.93,2,0.07,1,0.0,0,0.0,4,0.0,1,0 days 00:27:32.600000
10,3,3,True,3,0.74,13,0.24,8,0.02,0,0.0,4,0.0,1,0 days 00:27:57.100000
10,3,13,False,13,0.660345238095238,3,0.32965476190476184,7,0.01,1,0.0,2,0.0,2,0 days 00:27:00.500000
10,3,2,False,2,0.7,6,0.29,3,0.01,1,0.0,0,0.0,3,0 days 01:20:34.600000
10,2,13,False,13,0.68,2,0.29,3,0.02,6,0.01,0,0.0,2,0 days 01:51:58.400000
10,3,9,False,9,0.58,2,0.37,3,0.03,1,0.02,4,0.0,3,0 days 00:20:05.400000
10,3,2,False,2,0.6445238095238094,3,0.31547619047619047,7,0.04,1,0.0,0,0.0,2,0 days 02:14:15.200000
10,3,3,True,3,0.74,2,0.26,1,0.0,0,0.0,4,0.0,1,0 days 00:27:31.300000
10,3,2,False,2,0.72,3,0.21,6,0.07,1,0.0,0,0.0,2,0 days 00:53:37.900000
10,3,3,True,3,0.97,6,0.01583333333333333,2,0.014166666666666666,1,0.0,0,0.0,1,0 days 00:26:57.700000
10,3,2,False,2,0.62,3,0.36,6,0.02,1,0.0,0,0.0,2,0 days 00:32:13.600000
10,2,3,False,3,0.65,2,0.35,1,0.0,0,0.0,4,0.0,2,0 days 00:26:55
10,3,6,False,6,0.67,2,0.19,3,0.14,1,0.0,0,0.0,3,0 days 01:51:15
10,3,2,False,2,0.44616666666666666,6,0.4438333333333333,9,0.05523809523809524,3,0.05476190476190477,0,0.0,4,0 days 00:26:57.500000
10,3,3,True,3,0.71,12,0.19,5,0.08,1,0.02,2,0.0,1,0 days 00:07:33.900000
10,10,2,False,2,0.96,3,0.04,1,0.0,0,0.0,4,0.0,11,0 days 01:21:12.900000
10,3,2,False,2,0.59,6,0.41,1,0.0,0,0.0,3,0.0,5,0 days 02:01:27
10,5,6,False,6,0.73,2,0.25,8,0.02,1,0.0,3,0.0,7,0 days 01:38:50.100000
10,3,6,False,6,0.69,3,0.29,2,0.02,1,0.0,0,0.0,2,0 days 01:13:53.900000
10,3,3,True,3,0.74,2,0.2,9,0.05,6,0.01,0,0.0,1,0 days 00:13:39.200000
10,3,6,False,6,0.86,3,0.14,1,0.0,0,0.0,2,0.0,2,0 days 00:55:15.200000
10,3,3,True,3,0.97,2,0.02,11,0.01,1,0.0,4,0.0,1,0 days 00:08:22.600000
10,3,3,True,3,0.63,2,0.37,1,0.0,0,0.0,4,0.0,1,0 days 00:10:09.900000
10,3,2,False,2,1.0,0,0.0,1,0.0,3,0.0,4,0.0,4,0 days 02:06:09.900000
10,3,3,True,3,0.95,2,0.05,1,0.0,0,0.0,4,0.0,1,0 days 00:17:00.600000
10,1,1,True,1,0.69,2,0.24,3,0.06,9,0.01,4,0.0,1,0 days 00:19:50.300000
10,2,2,True,2,0.88,11,0.12,1,0.0,0,0.0,4,0.0,1,0 days 02:09:22.100000
10,1,1,True,1,0.83,2,0.1,3,0.07,0,0.0,4,0.0,1,0 days 00:19:22.200000
10,2,13,False,13,0.66,3,0.25,7,0.09,1,0.0,2,0.0,5,0 days 01:18:45.300000
10,2,2,True,2,0.66,3,0.2,1,0.07,6,0.06,13,0.01,1,0 days 00:59:20.300000
10,3,3,True,3,0.69,6,0.27,2,0.04,1,0.0,0,0.0,1,0 days 00:28:43.900000
10,9,3,False,3,0.86,9,0.08,6,0.05,2,0.01,0,0.0,2,0 days 00:13:38.300000
10,2,2,True,2,0.8,3,0.2,1,0.0,0,0.0,4,0.0,1,0 days 00:35:46.200000
10,3,3,True,3,0.95,2,0.05,1,0.0,0,0.0,4,0.0,1,0 days 00:17:14.700000
10,2,3,False,3,1.0,0,0.0,1,0.0,2,0.0,4,0.0,4,0 days 00:24:11.800000
10,2,2,True,2,0.995,3,0.005,1,0.0,0,0.0,4,0.0,1,0 days 01:21:02.900000
10,2,2,True,2,0.65,3,0.32,6,0.03,1,0.0,0,0.0,1,0 days 00:56:08
10,2,2,True,2,0.58,3,0.27,6,0.1,11,0.05,0,0.0,1,0 days 00:54:25.700000
10,3,3,True,3,0.59,8,0.23,10,0.11,6,0.07,2,0.0,1,0 days 01:37:06
10,3,3,True,3,0.54,6,0.33,8,0.12,2,0.01,0,0.0,1,0 days 01:20:31.600000
10,3,3,True,3,0.71,13,0.28,10,0.01,0,0.0,4,0.0,1,0 days 00:29:15.800000
10,3,3,True,3,0.63,6,0.26,8,0.1,2,0.01,0,0.0,1,0 days 01:12:28.300000
10,2,6,False,6,0.75,2,0.23,0,0.02,1,0.0,3,0.0,2,0 days 04:02:09.300000
10,3,2,False,2,0.71,11,0.29,1,0.0,0,0.0,4,0.0,8,0 days 02:19:36.800000
10,3,13,False,13,0.660345238095238,3,0.32965476190476184,7,0.01,1,0.0,2,0.0,2,0 days 00:27:00.500000
10,2,3,False,3,0.97,2,0.03,1,0.0,0,0.0,4,0.0,2,0 days 01:19:39.200000
10,3,2,False,2,0.65,3,0.28,1,0.07,0,0.0,4,0.0,2,0 days 00:19:33.200000
10,3,13,False,13,0.66,10,0.24,7,0.07,2,0.03,3,0.0,5,0 days 01:24:50
10,3,2,False,2,0.55,6,0.41,7,0.04,0,0.0,3,0.0,5,0 days 01:54:57.200000
10,2,3,False,3,0.63,7,0.26,2,0.11,1,0.0,0,0.0,3,0 days 00:54:06.700000
10,3,3,True,3,0.73,6,0.21,8,0.06,1,0.0,2,0.0,1,0 days 00:13:29.700000
10,3,2,False,2,0.76,6,0.18,10,0.06,1,0.0,3,0.0,5,0 days 00:32:53.600000
10,3,11,False,11,0.6,3,0.29,8,0.05,2,0.05,4,0.01,2,0 days 00:43:36.300000
10,10,12,False,12,0.56,11,0.26,1,0.14,3,0.02,6,0.02,13,0 days 00:05:08.800000
10,3,2,False,2,0.82,6,0.18,1,0.0,0,0.0,3,0.0,5,0 days 03:03:51.300000
10,2,3,False,3,0.99,13,0.01,1,0.0,0,0.0,4,0.0,8,0 days 01:07:43
10,2,6,False,6,0.68,3,0.29,2,0.03,1,0.0,0,0.0,3,0 days 02:02:15.900000
10,3,7,False,7,0.68,3,0.22,2,0.1,1,0.0,0,0.0,2,0 days 00:54:08.400000
10,3,3,True,3,0.77,5,0.22,2,0.01,1,0.0,0,0.0,1,0 days 00:07:46.600000
10,5,2,False,2,0.89,3,0.11,1,0.0,0,0.0,4,0.0,6,0 days 00:10:00.800000
10,2,2,True,2,0.93,1,0.07,0,0.0,3,0.0,4,0.0,1,0 days 01:20:57.300000
10,3,3,True,3,0.59,6,0.28,10,0.1,2,0.03,0,0.0,1,0 days 00:32:07.500000
10,3,2,False,2,0.63,3,0.35,1,0.02,0,0.0,4,0.0,2,0 days 00:18:31.300000
10,3,2,False,2,0.3695833333333332,9,0.3303333333333333,3,0.3000833333333333,1,0.0,4,0.0,3,0 days 00:26:58.300000
10,3,3,True,3,0.63,2,0.37,1,0.0,0,0.0,4,0.0,1,0 days 02:14:36.500000
10,3,3,True,3,0.63,2,0.35,6,0.02,1,0.0,0,0.0,1,0 days 01:23:02
10,12,3,False,3,0.89,2,0.07,11,0.03,7,0.01,0,0.0,13,0 days 00:54:14
10,3,3,True,3,0.7767500000000002,2,0.11491666666666665,9,0.10833333333333335,1,0.0,4,0.0,1,0 days 00:26:58.400000
10,5,2,False,2,0.98,4,0.02,1,0.0,0,0.0,3,0.0,6,0 days 02:14:49.800000
10,12,3,False,3,0.94,6,0.06,1,0.0,0,0.0,2,0.0,13,0 days 00:40:49.100000
10,3,3,True,3,1.0,0,0.0,1,0.0,2,0.0,4,0.0,1,0 days 00:26:44.900000
10,2,2,True,2,0.85,6,0.1,3,0.03,7,0.01,12,0.01,1,0 days 01:20:44
10,2,2,True,2,0.89,3,0.1,10,0.01,1,0.0,4,0.0,1,0 days 00:03:58.900000
10,2,3,False,3,0.71,7,0.17,2,0.12,1,0.0,0,0.0,3,0 days 01:57:15.800000
10,2,2,True,2,0.98,6,0.02,1,0.0,0,0.0,3,0.0,1,0 days 01:48:37.700000
10,2,2,True,2,0.96,3,0.04,1,0.0,0,0.0,4,0.0,1,0 days 01:21:13
10,2,2,True,2,0.76,4,0.24,1,0.0,0,0.0,3,0.0,1,0 days 02:14:51.500000
10,2,3,False,3,0.86,5,0.08,2,0.06,1,0.0,0,0.0,3,0 days 02:44:10.300000
10,13,3,False,3,0.985,2,0.015,1,0.0,0,0.0,4,0.0,14,0 days 00:26:50.800000
10,2,3,False,3,0.9733333333333334,2,0.016666666666666666,13,0.01,1,0.0,4,0.0,2,0 days 00:26:59
10,2,3,False,3,0.74,13,0.22,2,0.04,1,0.0,4,0.0,3,0 days 01:21:31.300000
10,2,1,False,1,0.59,3,0.24,0,0.12,2,0.05,4,0.0,4,0 days 02:41:32.400000
10,11,2,False,2,0.78,3,0.18,5,0.04,1,0.0,0,0.0,12,0 days 02:42:09.900000
10,3,2,False,2,0.93,4,0.07,1,0.0,0,0.0,3,0.0,5,0 days 02:28:34.800000
10,10,8,False,8,0.87,3,0.07,1,0.05,2,0.01,4,0.0,11,0 days 00:45:15.400000
10,2,2,True,2,0.93,6,0.07,1,0.0,0,0.0,3,0.0,1,0 days 03:01:19.700000
10,2,2,True,2,0.88,4,0.11,5,0.01,0,0.0,3,0.0,1,0 days 02:43:18.100000
10,2,6,False,6,0.88,3,0.09,2,0.03,1,0.0,0,0.0,3,0 days 01:34:43.500000
10,11,2,False,2,0.76,6,0.17,10,0.07,1,0.0,3,0.0,12,0 days 00:32:51.700000
10,2,3,False,3,0.55,9,0.29,2,0.1,6,0.06,0,0.0,3,0 days 00:13:56.400000
10,2,2,True,2,0.99,11,0.01,1,0.0,0,0.0,4,0.0,1,0 days 02:09:07.700000
10,13,3,False,3,0.98,13,0.01,12,0.01,0,0.0,4,0.0,2,0 days 00:27:15.800000
10,2,2,True,2,0.87,6,0.09,3,0.04,1,0.0,0,0.0,1,0 days 01:49:11.100000
10,2,2,True,2,1.0,0,0.0,1,0.0,3,0.0,4,0.0,1,0 days 02:24:39.800000
10,2,2,True,2,1.0,0,0.0,1,0.0,3,0.0,4,0.0,1,0 days 01:26:13.600000
10,2,2,True,2,0.4986666666666666,6,0.4213333333333334,11,0.08,1,0.0,3,0.0,1,0 days 01:27:03.200000
10,2,2,True,2,0.76,11,0.24,1,0.0,0,0.0,4,0.0,1,0 days 01:32:10.700000
10,2,2,True,2,0.86,3,0.14,1,0.0,0,0.0,4,0.0,1,0 days 01:20:54.600000
10,2,2,True,2,0.74,11,0.21,3,0.05,1,0.0,4,0.0,1,0 days 01:32:27.100000
10,2,3,False,3,0.71,6,0.26,2,0.03,1,0.0,0,0.0,3,0 days 01:22:08.500000
10,2,11,False,11,0.7,3,0.26,6,0.02,5,0.02,2,0.0,5,0 days 01:46:45.600000
10,2,2,True,2,0.96,3,0.04,1,0.0,0,0.0,4,0.0,1,0 days 01:21:12.600000
10,2,8,False,8,0.64,6,0.28,3,0.06,2,0.02,0,0.0,4,0 days 01:37:53.900000
10,2,3,False,3,0.74,2,0.26,1,0.0,0,0.0,4,0.0,2,0 days 00:27:30.800000
10,2,11,False,11,0.59,3,0.24,6,0.17,1,0.0,2,0.0,5,0 days 02:39:18.400000
10,13,2,False,2,0.88,11,0.12,1,0.0,0,0.0,4,0.0,14,0 days 01:46:01.900000
10,2,2,True,2,0.65,6,0.33,3,0.02,1,0.0,0,0.0,1,0 days 01:34:30.300000
10,2,3,False,3,0.7,2,0.17,6,0.08,0,0.04,1,0.01,2,0 days 04:29:35.500000
10,13,6,False,6,0.79,2,0.2,3,0.01,1,0.0,0,0.0,14,0 days 01:13:33.700000
10,2,2,True,2,0.62,1,0.3,6,0.07,4,0.01,3,0.0,1,0 days 03:09:47.200000
