fold,true_cluster,predicted_cluster,correct,top1_cluster,top1_confidence,top2_cluster,top2_confidence,top3_cluster,top3_confidence,top4_cluster,top4_confidence,top5_cluster,top5_confidence,true_rank,distance
1,0,3,False,3,0.5375,1,0.3424999999999999,7,0.12,0,0.0,2,0.0,4,0 days 00:53:50
1,4,9,False,9,0.6,1,0.34,5,0.03,3,0.03,2,0.0,6,0 days 00:27:01.500000
1,5,1,False,1,0.91,0,0.09,2,0.0,3,0.0,4,0.0,6,0 days 03:37:09.800000
1,4,1,False,1,0.71,2,0.29,0,0.0,3,0.0,4,0.0,5,0 days 01:47:34
1,4,6,False,6,0.97,2,0.03,1,0.0,0,0.0,3,0.0,6,0 days 01:23:20.600000
1,2,2,True,2,0.95,4,0.04,0,0.01,1,0.0,3,0.0,1,0 days 02:41:17.200000
1,1,7,False,7,0.58,1,0.23,5,0.17,4,0.02,3,0.0,2,0 days 02:13:55.900000
1,0,6,False,6,0.6,1,0.4,2,0.0,0,0.0,3,0.0,4,0 days 02:41:28.800000
1,4,2,False,2,0.71,5,0.27,1,0.02,0,0.0,3,0.0,6,0 days 03:08:10.300000
1,4,7,False,7,0.57,5,0.3175,4,0.11,2,0.0025,3,0.0,3,0 days 03:07:55.500000
1,5,1,False,1,0.59,2,0.28,4,0.13,0,0.0,3,0.0,6,0 days 02:14:25.100000
1,5,1,False,1,0.64,6,0.36,2,0.0,0,0.0,3,0.0,7,0 days 02:16:41.500000
1,3,7,False,7,0.6633333333333333,1,0.26666666666666666,3,0.05,5,0.02,2,0.0,3,0 days 00:53:43.600000
1,3,2,False,2,0.7973333333333333,0,0.18266666666666664,1,0.02,3,0.0,4,0.0,4,0 days 01:20:46
1,5,5,True,5,0.63,1,0.33,2,0.04,0,0.0,3,0.0,1,0 days 02:41:12.500000
1,7,0,False,0,0.67,1,0.33,2,0.0,3,0.0,4,0.0,8,0 days 00:53:59.600000
1,7,7,True,7,0.65,1,0.23,2,0.11,0,0.01,3,0.0,1,0 days 00:56:51.800000
1,7,1,False,1,0.66,6,0.22,2,0.12,0,0.0,3,0.0,8,0 days 01:55:06.900000
1,4,1,False,1,0.8,6,0.2,2,0.0,0,0.0,3,0.0,6,0 days 02:41:28.400000
1,1,1,True,1,0.9088333333333333,5,0.05616666666666667,3,0.035,0,0.0,2,0.0,1,0 days 00:53:52.400000
1,1,4,False,4,0.78,2,0.15,1,0.05,5,0.02,3,0.0,3,0 days 04:28:34.600000
1,1,9,False,9,0.6,1,0.34,3,0.05,5,0.01,2,0.0,2,0 days 00:27:01
1,1,1,True,1,0.62,5,0.33,2,0.03,6,0.02,3,0.0,1,0 days 02:19:30.300000
1,1,1,True,1,0.8030833333333334,3,0.15691666666666668,7,0.04,0,0.0,2,0.0,1,0 days 00:53:49.400000
1,2,4,False,4,0.58,2,0.3,5,0.11,7,0.01,3,0.0,2,0 days 03:08:01.700000
1,1,2,False,2,0.88,5,0.1,1,0.02,0,0.0,3,0.0,3,0 days 03:08:09.200000
1,0,2,False,2,0.61,1,0.31,6,0.05,4,0.03,3,0.0,6,0 days 01:47:39.500000
1,5,5,True,5,0.63,7,0.22833333333333336,4,0.14166666666666666,0,0.0,3,0.0,1,0 days 02:41:10.700000
1,3,1,False,1,0.5040357142857141,3,0.40596428571428567,7,0.09,0,0.0,2,0.0,2,0 days 00:53:49.800000
1,5,1,False,1,0.93,5,0.07,2,0.0,0,0.0,3,0.0,2,0 days 02:41:56.500000
1,3,1,False,1,0.99,2,0.01,0,0.0,3,0.0,4,0.0,4,0 days 01:42:33.800000
1,5,6,False,6,0.54,1,0.46,2,0.0,0,0.0,3,0.0,7,0 days 00:09:49.300000
1,5,6,False,6,0.54,2,0.24,1,0.14,7,0.05,8,0.02,7,0 days 01:13:58.400000
1,5,5,True,5,0.99,4,0.01,0,0.0,1,0.0,3,0.0,1,0 days 04:17:17.600000
1,5,5,True,5,0.79,2,0.2,1,0.01,0,0.0,3,0.0,1,0 days 03:08:13.600000
1,1,1,True,1,0.61,6,0.2325,4,0.12,7,0.03,9,0.0075,1,0 days 00:53:54.700000
1,1,1,True,1,0.88,7,0.12,2,0.0,0,0.0,3,0.0,1,0 days 02:12:45.800000
1,5,7,False,7,0.66,1,0.34,2,0.0,0,0.0,3,0.0,7,0 days 00:53:49.100000
1,7,1,False,1,0.68,8,0.21,2,0.11,0,0.0,4,0.0,9,0 days 02:05:37.900000
1,2,1,False,1,0.64,3,0.28,4,0.06,2,0.02,0,0.0,4,0 days 01:47:27.400000
1,3,3,True,3,0.69,7,0.25,1,0.03,5,0.0175,6,0.0125,1,0 days 00:53:44.800000
1,7,5,False,5,0.98,7,0.02,0,0.0,1,0.0,3,0.0,2,0 days 02:41:07.500000
1,3,3,True,3,0.6390259740259738,7,0.360974025974026,1,0.0,0,0.0,2,0.0,1,0 days 01:20:32.200000
1,7,3,False,3,0.65,5,0.28,4,0.07,0,0.0,2,0.0,8,0 days 01:20:37.700000
1,7,0,False,0,0.62,1,0.38,2,0.0,3,0.0,4,0.0,8,0 days 04:01:32
1,3,0,False,0,0.63,3,0.29,7,0.04,1,0.03,8,0.01,2,0 days 01:07:16
1,4,7,False,7,0.67,5,0.32,4,0.01,0,0.0,3,0.0,3,0 days 02:41:08.900000
1,7,1,False,1,0.66,6,0.26,2,0.08,0,0.0,3,0.0,8,0 days 01:38:48.400000
1,3,2,False,2,0.66,1,0.22,3,0.12,0,0.0,4,0.0,3,0 days 01:50:35.900000
1,7,1,False,1,0.9,9,0.08,0,0.02,2,0.0,4,0.0,9,0 days 00:27:03.800000
1,7,7,True,7,0.9,4,0.09,5,0.01,0,0.0,3,0.0,1,0 days 03:07:53
1,6,5,False,5,0.93,3,0.06,4,0.01,0,0.0,2,0.0,7,0 days 01:20:37.900000
1,8,1,False,1,0.96,6,0.04,2,0.0,0,0.0,3,0.0,9,0 days 00:34:51
1,1,1,True,1,0.97,6,0.03,2,0.0,0,0.0,3,0.0,1,0 days 02:59:47.300000
1,1,1,True,1,1.0,0,0.0,2,0.0,3,0.0,4,0.0,1,0 days 02:14:39.600000
1,6,1,False,1,0.97,2,0.03,0,0.0,3,0.0,4,0.0,7,0 days 01:20:59
1,1,3,False,3,0.86,7,0.06,5,0.04,1,0.04,2,0.0,4,0 days 01:20:35.800000
1,1,1,True,1,0.9383333333333335,4,0.06166666666666666,2,0.0,0,0.0,3,0.0,1,0 days 01:20:40.800000
1,1,1,True,1,0.76,2,0.24,0,0.0,3,0.0,4,0.0,1,0 days 01:21:00.700000
1,1,0,False,0,0.61,1,0.25,8,0.1,7,0.03,6,0.01,2,0 days 01:14:31.500000
1,1,1,True,1,0.69,6,0.31,2,0.0,0,0.0,3,0.0,1,0 days 00:13:44.200000
1,1,1,True,1,0.64,0,0.24,7,0.08,3,0.03,8,0.01,1,0 days 01:06:44.600000
1,1,1,True,1,1.0,0,0.0,2,0.0,3,0.0,4,0.0,1,0 days 00:35:32.600000
1,1,1,True,1,0.95,8,0.05,2,0.0,0,0.0,4,0.0,1,0 days 01:30:19.300000
1,1,1,True,1,0.78,0,0.22,2,0.0,3,0.0,4,0.0,1,0 days 00:48:44.600000
1,1,8,False,8,0.6,1,0.23,5,0.13,6,0.04,3,0.0,2,0 days 00:41:59.200000
1,1,2,False,2,0.75,1,0.25,0,0.0,3,0.0,4,0.0,2,0 days 01:26:54.800000
1,1,0,False,0,0.58,1,0.37,6,0.05,2,0.0,3,0.0,2,0 days 00:34:32.300000
1,1,1,True,1,1.0,0,0.0,2,0.0,3,0.0,4,0.0,1,0 days 00:35:32.500000
1,1,1,True,1,0.98,0,0.02,2,0.0,3,0.0,4,0.0,1,0 days 00:52:36.300000
1,8,1,False,1,0.61,0,0.39,2,0.0,3,0.0,4,0.0,9,0 days 00:41:08.100000
1,1,1,True,1,0.92,9,0.06,3,0.02,0,0.0,4,0.0,1,0 days 00:26:55.100000
1,1,1,True,1,0.95,5,0.05,2,0.0,0,0.0,3,0.0,1,0 days 00:27:03
1,1,1,True,1,1.0,0,0.0,2,0.0,3,0.0,4,0.0,1,0 days 00:45:38.100000
1,1,1,True,1,0.64,3,0.28,4,0.06,2,0.02,0,0.0,1,0 days 01:47:27.300000
1,1,1,True,1,0.5926666666666667,4,0.40733333333333327,2,0.0,0,0.0,3,0.0,1,0 days 01:20:40.300000
1,6,1,False,1,1.0,0,0.0,2,0.0,3,0.0,4,0.0,7,0 days 00:04:47.700000
1,1,1,True,1,0.99,3,0.01,0,0.0,2,0.0,4,0.0,1,0 days 01:34:48.300000
1,2,1,False,1,0.99,2,0.01,0,0.0,3,0.0,4,0.0,2,0 days 01:21:01.700000
1,1,1,True,1,0.98,6,0.02,2,0.0,0,0.0,3,0.0,1,0 days 00:31:04.800000
1,1,6,False,6,0.65,8,0.23,5,0.07,1,0.05,3,0.0,4,0 days 00:42:02.400000
1,1,0,False,0,0.63,1,0.36,8,0.01,2,0.0,4,0.0,2,0 days 00:43:28.400000
1,1,1,True,1,0.95,6,0.05,2,0.0,0,0.0,3,0.0,1,0 days 00:09:52.600000
1,9,7,False,7,0.63,5,0.24,3,0.06,1,0.04,4,0.03,10,0 days 00:53:51.400000
1,1,1,True,1,0.89,4,0.08,6,0.03,0,0.0,3,0.0,1,0 days 00:45:59.300000
1,1,1,True,1,0.72,6,0.28,2,0.0,0,0.0,3,0.0,1,0 days 00:10:57.200000
1,1,0,False,0,0.71,1,0.28,8,0.01,2,0.0,4,0.0,2,0 days 00:58:18.100000
1,1,1,True,1,0.63,8,0.28,6,0.09,2,0.0,3,0.0,1,0 days 00:43:43.800000
1,1,9,False,9,0.64,1,0.35,7,0.01,2,0.0,3,0.0,2,0 days 00:41:39.700000
1,2,0,False,0,0.69,1,0.31,2,0.0,3,0.0,4,0.0,3,0 days 00:55:17.700000
1,2,2,True,2,0.89,1,0.1,6,0.01,0,0.0,3,0.0,1,0 days 01:26:08.300000
1,1,8,False,8,0.73,1,0.27,2,0.0,0,0.0,4,0.0,2,0 days 00:04:05.300000
1,1,2,False,2,0.6,1,0.25,4,0.15,0,0.0,3,0.0,2,0 days 01:47:26.100000
1,1,1,True,1,1.0,0,0.0,2,0.0,3,0.0,4,0.0,1,0 days 01:49:17.400000
1,2,6,False,6,0.62,2,0.22,1,0.16,0,0.0,3,0.0,2,0 days 01:24:29.300000
1,1,1,True,1,0.97,0,0.03,2,0.0,3,0.0,4,0.0,1,0 days 00:51:25.600000
1,1,6,False,6,0.65,8,0.35,2,0.0,0,0.0,3,0.0,8,0 days 00:02:25.500000
1,1,1,True,1,0.86,2,0.07,5,0.07,0,0.0,3,0.0,1,0 days 02:50:16.200000
1,1,1,True,1,0.73,4,0.25,5,0.02,0,0.0,3,0.0,1,0 days 02:41:43.600000
1,1,1,True,1,0.99,6,0.01,2,0.0,0,0.0,3,0.0,1,0 days 01:48:22.500000
1,1,1,True,1,0.92,2,0.08,0,0.0,3,0.0,4,0.0,1,0 days 01:20:59.800000
1,2,1,False,1,0.71,2,0.29,0,0.0,3,0.0,4,0.0,2,0 days 01:29:05
1,1,1,True,1,0.7,8,0.3,2,0.0,0,0.0,4,0.0,1,0 days 01:54:24.700000
1,1,1,True,1,1.0,0,0.0,2,0.0,3,0.0,4,0.0,1,0 days 00:29:50.900000
1,1,1,True,1,0.97,8,0.03,2,0.0,0,0.0,4,0.0,1,0 days 00:06:40.100000
1,1,1,True,1,0.74,0,0.13,6,0.1,8,0.03,3,0.0,1,0 days 01:16:44.100000
1,6,1,False,1,0.97,5,0.03,2,0.0,0,0.0,3,0.0,7,0 days 00:33:30.200000
1,1,1,True,1,1.0,0,0.0,2,0.0,3,0.0,4,0.0,1,0 days 00:46:42.800000
1,1,1,True,1,0.97,0,0.02,6,0.01,2,0.0,3,0.0,1,0 days 00:47:53.100000
1,6,1,False,1,0.68,0,0.3,6,0.02,2,0.0,3,0.0,3,0 days 00:31:50.800000
1,1,1,True,1,1.0,0,0.0,2,0.0,3,0.0,4,0.0,1,0 days 00:48:17.200000
1,1,2,False,2,0.62,1,0.2,6,0.18,0,0.0,3,0.0,2,0 days 01:30:57.500000
1,1,1,True,1,1.0,0,0.0,2,0.0,3,0.0,4,0.0,1,0 days 00:06:41
1,1,4,False,4,0.62,1,0.37,2,0.01,0,0.0,3,0.0,2,0 days 02:14:48.400000
1,1,1,True,1,0.97,0,0.03,2,0.0,3,0.0,4,0.0,1,0 days 00:30:44.500000
1,1,2,False,2,0.66,1,0.34,0,0.0,3,0.0,4,0.0,2,0 days 02:54:19.400000
1,1,1,True,1,0.98,0,0.02,2,0.0,3,0.0,4,0.0,1,0 days 04:02:25.200000
1,1,1,True,1,0.98,3,0.02,0,0.0,2,0.0,4,0.0,1,0 days 01:21:17.700000
1,1,2,False,2,0.62,5,0.24,8,0.1,6,0.02,1,0.02,5,0 days 02:35:02.300000
1,1,1,True,1,0.91,6,0.07,3,0.02,0,0.0,2,0.0,1,0 days 02:16:35.500000
1,0,7,False,7,0.6633333333333333,1,0.26666666666666666,3,0.05,5,0.02,2,0.0,6,0 days 00:53:43.600000
1,1,1,True,1,1.0,0,0.0,2,0.0,3,0.0,4,0.0,1,0 days 00:48:21.300000
1,1,1,True,1,0.8433333333333334,6,0.12766666666666668,2,0.028999999999999998,0,0.0,3,0.0,1,0 days 01:47:49.300000
1,1,1,True,1,1.0,0,0.0,2,0.0,3,0.0,4,0.0,1,0 days 00:27:19.600000
1,1,1,True,1,0.89,0,0.11,2,0.0,3,0.0,4,0.0,1,0 days 00:58:55.600000
1,9,1,False,1,0.72,3,0.28,0,0.0,2,0.0,4,0.0,10,0 days 00:52:10.800000
1,1,1,True,1,1.0,0,0.0,2,0.0,3,0.0,4,0.0,1,0 days 00:51:56.500000
1,1,1,True,1,1.0,0,0.0,2,0.0,3,0.0,4,0.0,1,0 days 00:46:25.600000
1,1,6,False,6,0.62,1,0.31,2,0.07,0,0.0,3,0.0,2,0 days 02:06:04.500000
1,1,8,False,8,0.63,6,0.24,9,0.1,1,0.03,3,0.0,4,0 days 00:26:26.400000
1,1,1,True,1,0.71,2,0.23,6,0.06,0,0.0,3,0.0,1,0 days 02:06:41.200000
1,0,7,False,7,0.65,2,0.27,1,0.07,0,0.01,3,0.0,4,0 days 00:56:54
1,1,6,False,6,0.55,1,0.45,2,0.0,0,0.0,3,0.0,2,0 days 00:11:04.500000
1,1,1,True,1,0.89,2,0.1,8,0.01,0,0.0,4,0.0,1,0 days 03:15:02.300000
1,1,1,True,1,0.98,9,0.02,2,0.0,0,0.0,4,0.0,1,0 days 00:19:01
1,1,1,True,1,1.0,0,0.0,2,0.0,3,0.0,4,0.0,1,0 days 00:49:24.500000
1,1,3,False,3,0.66,1,0.34,0,0.0,2,0.0,4,0.0,2,0 days 01:47:28.900000
1,1,8,False,8,0.66,1,0.34,2,0.0,0,0.0,4,0.0,2,0 days 02:28:01.400000
1,1,2,False,2,0.69,1,0.27,6,0.04,0,0.0,3,0.0,2,0 days 01:52:34.300000
1,0,1,False,1,1.0,0,0.0,2,0.0,3,0.0,4,0.0,2,0 days 00:50:58.500000
1,1,1,True,1,0.87,2,0.1,5,0.03,0,0.0,3,0.0,1,0 days 03:08:19.900000
1,6,1,False,1,0.63,2,0.37,0,0.0,3,0.0,4,0.0,7,0 days 02:17:22.200000
1,1,1,True,1,0.99,0,0.01,2,0.0,3,0.0,4,0.0,1,0 days 00:44:58.900000
1,1,0,False,0,0.65,1,0.35,2,0.0,3,0.0,4,0.0,2,0 days 00:30:43.700000
1,1,1,True,1,0.72,2,0.28,0,0.0,3,0.0,4,0.0,1,0 days 01:33:11.300000
1,8,0,False,0,0.7,1,0.3,2,0.0,3,0.0,4,0.0,9,0 days 00:41:06.600000
1,1,1,True,1,0.99,6,0.01,2,0.0,0,0.0,3,0.0,1,0 days 00:42:30.500000
1,1,4,False,4,0.63,1,0.37,2,0.0,0,0.0,3,0.0,2,0 days 00:45:45.300000
1,1,1,True,1,0.95,7,0.05,2,0.0,0,0.0,3,0.0,1,0 days 02:15:05.400000
1,1,6,False,6,0.61,1,0.39,2,0.0,0,0.0,3,0.0,2,0 days 00:29:18.600000
1,1,1,True,1,0.77,0,0.21,5,0.02,2,0.0,3,0.0,1,0 days 00:47:07.300000
1,1,1,True,1,0.93,2,0.07,0,0.0,3,0.0,4,0.0,1,0 days 03:10:50.700000
1,1,1,True,1,0.66,2,0.23,0,0.08,8,0.02,7,0.01,1,0 days 01:13:43.700000
1,1,0,False,0,0.72,1,0.24,2,0.03,6,0.01,3,0.0,2,0 days 01:03:49.900000
1,1,7,False,7,0.61,1,0.29,5,0.1,0,0.0,3,0.0,2,0 days 02:41:11.900000
1,0,0,True,0,0.6,1,0.38,6,0.02,2,0.0,3,0.0,1,0 days 00:48:34.200000
1,1,1,True,1,0.99,0,0.01,2,0.0,3,0.0,4,0.0,1,0 days 00:30:33
1,1,1,True,1,0.97,2,0.03,0,0.0,3,0.0,4,0.0,1,0 days 02:14:41
1,1,1,True,1,1.0,0,0.0,2,0.0,3,0.0,4,0.0,1,0 days 00:35:39.500000
1,1,8,False,8,0.67,1,0.32,7,0.01,2,0.0,3,0.0,2,0 days 00:40:23.700000
1,1,1,True,1,1.0,0,0.0,2,0.0,3,0.0,4,0.0,1,0 days 00:48:25.100000
1,1,7,False,7,0.65,1,0.26,3,0.09,0,0.0,2,0.0,2,0 days 00:54:49.500000
1,1,1,True,1,1.0,0,0.0,2,0.0,3,0.0,4,0.0,1,0 days 00:48:21.100000
1,1,1,True,1,0.93,2,0.07,0,0.0,3,0.0,4,0.0,1,0 days 02:08:06.800000
1,1,1,True,1,0.71,8,0.29,2,0.0,0,0.0,4,0.0,1,0 days 00:12:01.300000
1,6,8,False,8,0.64,1,0.32,2,0.04,0,0.0,4,0.0,7,0 days 01:30:28.900000
1,0,8,False,8,0.98,1,0.02,2,0.0,0,0.0,4,0.0,4,0 days 01:12:29.400000
1,6,1,False,1,1.0,0,0.0,2,0.0,3,0.0,4,0.0,7,0 days 00:26:06.900000
1,0,1,False,1,0.89,0,0.1,7,0.01,2,0.0,3,0.0,2,0 days 00:41:18.300000
1,1,6,False,6,0.62,1,0.2,0,0.18,2,0.0,3,0.0,2,0 days 00:34:36.300000
1,6,3,False,3,0.51,5,0.28,1,0.2,6,0.01,2,0.0,4,0 days 01:17:43.100000
1,6,6,True,6,0.59,1,0.41,2,0.0,0,0.0,3,0.0,1,0 days 00:37:04.800000
1,1,1,True,1,0.74,4,0.24,8,0.02,2,0.0,3,0.0,1,0 days 02:44:23.600000
1,1,1,True,1,0.86,2,0.13,6,0.01,0,0.0,3,0.0,1,0 days 02:07:21.200000
1,1,1,True,1,0.77,5,0.21,6,0.01,9,0.01,3,0.0,1,0 days 00:41:45.800000
1,1,2,False,2,0.9,1,0.1,0,0.0,3,0.0,4,0.0,2,0 days 03:11:45.100000
1,1,6,False,6,0.65,1,0.35,2,0.0,0,0.0,3,0.0,2,0 days 01:56:01.900000
1,2,6,False,6,0.84,1,0.16,2,0.0,0,0.0,3,0.0,3,0 days 01:24:44.700000
1,2,1,False,1,0.6,3,0.38,6,0.01,8,0.01,2,0.0,5,0 days 01:22:29.500000
1,1,1,True,1,0.77,2,0.23,0,0.0,3,0.0,4,0.0,1,0 days 01:29:10.700000
1,1,6,False,6,0.61,2,0.23,1,0.16,0,0.0,3,0.0,3,0 days 01:27:40.500000
1,1,2,False,2,0.95,8,0.05,1,0.0,0,0.0,4,0.0,3,0 days 01:25:25.900000
1,2,1,False,1,0.84,2,0.16,0,0.0,3,0.0,4,0.0,2,0 days 02:20:25.700000
1,1,1,True,1,0.76,7,0.24,2,0.0,0,0.0,3,0.0,1,0 days 01:45:43.900000
1,1,1,True,1,0.8,2,0.2,0,0.0,3,0.0,4,0.0,1,0 days 01:31:52
1,1,6,False,6,0.61,1,0.39,2,0.0,0,0.0,3,0.0,2,0 days 02:18:03.400000
1,1,1,True,1,0.62,8,0.3,0,0.08,2,0.0,4,0.0,1,0 days 00:37:21.800000
1,1,8,False,8,0.67,1,0.33,2,0.0,0,0.0,4,0.0,2,0 days 00:04:11.300000
1,2,1,False,1,0.78,8,0.22,2,0.0,0,0.0,4,0.0,3,0 days 01:54:32.300000
1,1,9,False,9,0.54,1,0.46,2,0.0,0,0.0,4,0.0,2,0 days 00:14:47.100000
1,1,1,True,1,0.77,2,0.23,0,0.0,3,0.0,4,0.0,1,0 days 01:33:01.200000
1,1,8,False,8,0.66,9,0.21,1,0.13,0,0.0,4,0.0,3,0 days 00:06:32.700000
1,1,1,True,1,1.0,0,0.0,2,0.0,3,0.0,4,0.0,1,0 days 00:03:19.500000
1,1,1,True,1,0.9,8,0.1,2,0.0,0,0.0,4,0.0,1,0 days 00:03:03.200000
1,1,1,True,1,0.79,8,0.21,2,0.0,0,0.0,4,0.0,1,0 days 00:06:37.600000
1,2,1,False,1,0.97,2,0.03,0,0.0,3,0.0,4,0.0,2,0 days 03:28:00.900000
1,1,1,True,1,1.0,0,0.0,2,0.0,3,0.0,4,0.0,1,0 days 00:03:23.900000
1,1,1,True,1,0.98,8,0.02,2,0.0,0,0.0,4,0.0,1,0 days 02:27:33.200000
1,1,1,True,1,0.73,8,0.27,2,0.0,0,0.0,4,0.0,1,0 days 00:06:59.700000
1,1,1,True,1,0.8,6,0.2,2,0.0,0,0.0,3,0.0,1,0 days 00:13:38.200000
1,1,0,False,0,0.66,1,0.34,2,0.0,3,0.0,4,0.0,2,0 days 00:40:51.300000
1,1,1,True,1,1.0,0,0.0,2,0.0,3,0.0,4,0.0,1,0 days 00:03:16.600000
1,1,1,True,1,0.99,9,0.01,2,0.0,0,0.0,4,0.0,1,0 days 00:26:48.500000
1,1,1,True,1,1.0,0,0.0,2,0.0,3,0.0,4,0.0,1,0 days 00:09:57.900000
1,1,1,True,1,1.0,0,0.0,2,0.0,3,0.0,4,0.0,1,0 days 00:09:58.900000
1,2,1,False,1,0.75,3,0.25,0,0.0,2,0.0,4,0.0,4,0 days 02:16:07
1,1,1,True,1,1.0,0,0.0,2,0.0,3,0.0,4,0.0,1,0 days 00:03:27
1,1,1,True,1,1.0,0,0.0,2,0.0,3,0.0,4,0.0,1,0 days 00:03:20.800000
1,1,1,True,1,0.81,9,0.19,2,0.0,0,0.0,4,0.0,1,0 days 00:13:12.800000
1,1,1,True,1,0.99,9,0.01,2,0.0,0,0.0,4,0.0,1,0 days 00:12:58.800000
1,1,7,False,7,0.67,0,0.28,8,0.03,3,0.02,2,0.0,8,0 days 00:54:39.100000
1,1,1,True,1,1.0,0,0.0,2,0.0,3,0.0,4,0.0,1,0 days 00:03:19.500000
1,1,1,True,1,0.69,6,0.31,2,0.0,0,0.0,3,0.0,1,0 days 00:48:14
1,8,1,False,1,0.89,8,0.11,2,0.0,0,0.0,4,0.0,2,0 days 00:04:10.100000
1,8,1,False,1,0.89,8,0.11,2,0.0,0,0.0,4,0.0,2,0 days 00:07:06.100000
1,8,1,False,1,0.9,8,0.1,2,0.0,0,0.0,4,0.0,2,0 days 00:06:48.200000
1,8,1,False,1,0.71,8,0.29,2,0.0,0,0.0,4,0.0,2,0 days 00:06:45.200000
1,2,6,False,6,0.66,1,0.34,2,0.0,0,0.0,3,0.0,3,0 days 02:58:56.600000
1,1,1,True,1,0.98,8,0.02,2,0.0,0,0.0,4,0.0,1,0 days 00:07:15.500000
1,0,1,False,1,0.82,2,0.18,0,0.0,3,0.0,4,0.0,3,0 days 03:09:15.100000
1,2,2,True,2,0.68,7,0.29,1,0.03,0,0.0,3,0.0,1,0 days 02:11:12.600000
1,0,0,True,0,0.74,6,0.24,1,0.02,2,0.0,3,0.0,1,0 days 00:39:30.500000
1,1,7,False,7,0.63,8,0.27,1,0.1,2,0.0,3,0.0,3,0 days 00:07:25.500000
1,1,1,True,1,0.98,9,0.02,2,0.0,0,0.0,4,0.0,1,0 days 00:19:05.900000
1,1,2,False,2,0.58,1,0.4,6,0.02,0,0.0,3,0.0,2,0 days 01:25:42.300000
1,2,1,False,1,0.89,2,0.11,0,0.0,3,0.0,4,0.0,2,0 days 02:55:10.700000
1,1,1,True,1,1.0,0,0.0,2,0.0,3,0.0,4,0.0,1,0 days 00:03:29.700000
1,6,1,False,1,0.8101666666666667,5,0.17608333333333334,7,0.01375,0,0.0,3,0.0,8,0 days 02:39:24.300000
1,1,9,False,9,0.68,1,0.25,8,0.06,6,0.01,3,0.0,2,0 days 00:49:11.200000
1,1,1,True,1,1.0,0,0.0,2,0.0,3,0.0,4,0.0,1,0 days 00:03:23.500000
1,1,7,False,7,0.9,2,0.07,8,0.02,1,0.01,3,0.0,4,0 days 02:10:42.500000
1,1,1,True,1,1.0,0,0.0,2,0.0,3,0.0,4,0.0,1,0 days 00:10:06.600000
1,6,0,False,0,0.64,1,0.26,5,0.08,6,0.01,8,0.01,4,0 days 00:31:44.900000
1,1,1,True,1,1.0,0,0.0,2,0.0,3,0.0,4,0.0,1,0 days 03:03:03.700000
1,1,1,True,1,0.88,7,0.12,2,0.0,0,0.0,3,0.0,1,0 days 02:12:34.800000
1,2,2,True,2,0.58,1,0.35,6,0.07,0,0.0,3,0.0,1,0 days 01:25:51.500000
1,8,8,True,8,0.65,1,0.35,2,0.0,0,0.0,4,0.0,1,0 days 00:11:50.700000
1,2,1,False,1,0.99,6,0.01,2,0.0,0,0.0,3,0.0,3,0 days 01:55:30.100000
1,6,9,False,9,0.57,1,0.39,6,0.04,2,0.0,3,0.0,3,0 days 00:14:01.900000
1,6,1,False,1,0.79,9,0.16,6,0.05,2,0.0,3,0.0,3,0 days 00:13:59.200000
1,6,6,True,6,0.62,1,0.38,2,0.0,0,0.0,3,0.0,1,0 days 00:16:30
1,2,8,False,8,0.98,2,0.02,1,0.0,0,0.0,4,0.0,2,0 days 01:00:43.500000
1,8,1,False,1,0.74,2,0.22,5,0.04,0,0.0,3,0.0,9,0 days 02:42:41.200000
1,8,1,False,1,1.0,0,0.0,2,0.0,3,0.0,4,0.0,9,0 days 03:05:18.100000
1,8,1,False,1,1.0,0,0.0,2,0.0,3,0.0,4,0.0,9,0 days 00:08:03.200000
1,2,2,True,2,0.84,8,0.14,1,0.02,0,0.0,4,0.0,1,0 days 01:00:53.600000
1,1,5,False,5,0.68,2,0.24,6,0.07,1,0.01,3,0.0,4,0 days 02:03:25.200000
1,8,2,False,2,0.68,8,0.23,6,0.04,1,0.04,0,0.01,2,0 days 01:03:07.600000
1,2,2,True,2,0.8146666666666665,1,0.1653333333333333,8,0.02,0,0.0,4,0.0,1,0 days 01:01:30.900000
1,8,8,True,8,0.74,2,0.26,1,0.0,0,0.0,4,0.0,1,0 days 01:00:45.500000
1,8,6,False,6,0.69,1,0.27,2,0.04,0,0.0,3,0.0,9,0 days 00:59:38.500000
1,1,1,True,1,0.98,8,0.02,2,0.0,0,0.0,4,0.0,1,0 days 01:38:21.700000
1,2,1,False,1,1.0,0,0.0,2,0.0,3,0.0,4,0.0,3,0 days 01:30:06.400000
1,8,1,False,1,0.61,0,0.25,3,0.12,2,0.01,8,0.01,5,0 days 01:07:26.800000
1,1,1,True,1,0.8,2,0.2,0,0.0,3,0.0,4,0.0,1,0 days 01:51:54.500000
1,1,1,True,1,0.97,3,0.03,0,0.0,2,0.0,4,0.0,1,0 days 01:21:14.700000
1,6,6,True,6,0.84,1,0.16,2,0.0,0,0.0,3,0.0,1,0 days 01:24:06.700000
2,1,4,False,4,0.9025,1,0.0875,7,0.01,0,0.0,3,0.0,2,0 days 02:14:13.600000
2,1,1,True,1,0.58,3,0.14941666666666667,0,0.12711904761904763,7,0.11346428571428571,5,0.03,1,0 days 00:53:43.300000
2,2,4,False,4,0.69,2,0.17,5,0.1,1,0.04,3,0.0,2,0 days 02:14:22.200000
2,1,1,True,1,0.79,2,0.21,0,0.0,3,0.0,4,0.0,1,0 days 02:46:50.900000
2,5,1,False,1,0.79,5,0.21,2,0.0,0,0.0,3,0.0,2,0 days 02:41:51.400000
2,4,6,False,6,0.64,4,0.28,5,0.08,0,0.0,3,0.0,2,0 days 02:14:16.600000
2,4,1,False,1,0.67,4,0.25,2,0.08,0,0.0,3,0.0,2,0 days 04:28:35.100000
2,5,1,False,1,1.0,0,0.0,2,0.0,3,0.0,4,0.0,6,0 days 00:44:17.500000
2,2,1,False,1,0.74,4,0.2,2,0.04,5,0.02,3,0.0,3,0 days 03:08:08.200000
2,4,1,False,1,0.965,4,0.035,2,0.0,0,0.0,3,0.0,2,0 days 01:20:41.500000
2,5,4,False,4,0.66,7,0.28,5,0.06,0,0.0,3,0.0,3,0 days 03:07:54.200000
2,3,1,False,1,0.5089166666666667,5,0.49108333333333326,2,0.0,0,0.0,3,0.0,5,0 days 00:53:52.200000
2,4,3,False,3,0.68,1,0.19,4,0.12,5,0.01,2,0.0,3,0 days 02:14:18.400000
2,5,1,False,1,0.79,6,0.21,2,0.0,0,0.0,3,0.0,7,0 days 00:33:21.700000
2,4,2,False,2,0.72,5,0.28,1,0.0,0,0.0,3,0.0,6,0 days 03:08:01.500000
2,7,8,False,8,0.65,6,0.16,1,0.11,5,0.06,2,0.01,9,0 days 01:14:12.600000
2,5,1,False,1,0.8216666666666665,4,0.16833333333333333,2,0.01,0,0.0,3,0.0,6,0 days 02:14:21.100000
2,7,1,False,1,0.71,7,0.24,5,0.04,4,0.01,3,0.0,2,0 days 02:13:39.400000
2,7,1,False,1,0.83,5,0.17,2,0.0,0,0.0,3,0.0,8,0 days 00:46:57.500000
2,5,1,False,1,1.0,0,0.0,2,0.0,3,0.0,4,0.0,6,0 days 04:06:48.700000
2,7,4,False,4,0.66,1,0.32,6,0.015,5,0.005,3,0.0,8,0 days 00:53:54.100000
2,1,0,False,0,0.4805,3,0.3995,7,0.1,1,0.02,2,0.0,4,0 days 00:53:50
2,1,5,False,5,0.58,6,0.24,1,0.17,2,0.01,3,0.0,3,0 days 03:35:05.900000
2,1,3,False,3,0.68,5,0.21,1,0.11,0,0.0,2,0.0,3,0 days 00:53:53.200000
2,2,2,True,2,0.9,4,0.07,0,0.03,1,0.0,3,0.0,1,0 days 02:41:17
2,2,5,False,5,0.93,4,0.05,1,0.02,0,0.0,3,0.0,6,0 days 03:34:54.600000
2,0,1,False,1,0.965,4,0.035,2,0.0,0,0.0,3,0.0,4,0 days 01:20:42.100000
2,1,1,True,1,1.0,0,0.0,2,0.0,3,0.0,4,0.0,1,0 days 00:27:12
2,3,8,False,8,0.64,1,0.31,0,0.04,9,0.01,4,0.0,8,0 days 00:54:35.500000
2,3,5,False,5,0.7671666666666667,6,0.1728333333333333,3,0.05266666666666667,4,0.007333333333333334,2,0.0,3,0 days 01:20:38.300000
2,3,3,True,3,0.62,8,0.25,1,0.11,2,0.01,6,0.01,1,0 days 01:22:26.600000
2,3,1,False,1,0.9,3,0.09,2,0.01,0,0.0,4,0.0,2,0 days 01:47:28.800000
2,4,1,False,1,0.88,0,0.12,2,0.0,3,0.0,4,0.0,5,0 days 02:14:32.900000
2,5,1,False,1,1.0,0,0.0,2,0.0,3,0.0,4,0.0,6,0 days 01:28:44.100000
2,5,6,False,6,0.72,1,0.15500000000000003,5,0.11499999999999998,7,0.01,3,0.0,3,0 days 00:53:45.400000
2,5,5,True,5,0.67,1,0.18,2,0.13,4,0.02,3,0.0,1,0 days 04:28:23.100000
2,0,0,True,0,0.6,7,0.29,1,0.1,5,0.01,3,0.0,1,0 days 00:54:00.900000
2,5,1,False,1,0.58,2,0.29,8,0.1,6,0.03,3,0.0,7,0 days 02:34:54.200000
2,2,1,False,1,0.72,2,0.24,0,0.04,3,0.0,4,0.0,2,0 days 03:09:00
2,7,1,False,1,0.66,4,0.34,2,0.0,0,0.0,3,0.0,8,0 days 01:47:20.100000
2,4,1,False,1,0.63,4,0.35,5,0.02,0,0.0,3,0.0,2,0 days 02:14:19.500000
2,3,3,True,3,0.39341666666666664,7,0.3219642857142857,0,0.2746190476190476,1,0.01,2,0.0,1,0 days 00:53:44
2,7,1,False,1,0.58,3,0.14941666666666667,0,0.12711904761904763,7,0.11346428571428571,5,0.03,4,0 days 00:53:43.100000
2,7,1,False,1,0.77,2,0.23,0,0.0,3,0.0,4,0.0,8,0 days 01:59:03.600000
2,3,3,True,3,0.6466666666666667,7,0.27,1,0.055,6,0.02,5,0.005,1,0 days 00:53:44.600000
2,7,4,False,4,0.58,7,0.1948333333333333,1,0.18516666666666665,5,0.04,3,0.0,2,0 days 03:07:58
2,3,5,False,5,0.5269999999999999,1,0.36300000000000004,6,0.09,7,0.02,3,0.0,5,0 days 00:53:45.500000
2,7,4,False,4,0.91,5,0.08,2,0.01,0,0.0,3,0.0,8,0 days 03:07:55.600000
2,7,1,False,1,0.71,0,0.21,3,0.08,2,0.0,4,0.0,8,0 days 00:20:48.100000
2,5,2,False,2,0.7233333333333334,4,0.17,7,0.10666666666666666,0,0.0,3,0.0,7,0 days 02:41:05.800000
2,2,2,True,2,0.74,0,0.22,5,0.03,4,0.01,3,0.0,1,0 days 02:41:14.900000
2,1,7,False,7,0.59,1,0.3,5,0.09,4,0.02,3,0.0,2,0 days 00:53:48.800000
2,2,5,False,5,0.71,6,0.27,1,0.02,0,0.0,3,0.0,6,0 days 02:41:13.100000
2,1,1,True,1,0.67,8,0.24,6,0.08,2,0.01,3,0.0,1,0 days 01:30:19.700000
2,1,1,True,1,1.0,0,0.0,2,0.0,3,0.0,4,0.0,1,0 days 01:47:46
2,1,1,True,1,0.68,2,0.29,8,0.03,0,0.0,4,0.0,1,0 days 01:43:03.700000
2,1,6,False,6,0.56,1,0.33,2,0.11,0,0.0,3,0.0,2,0 days 01:31:04.400000
2,9,6,False,6,0.5378333333333334,5,0.4421666666666666,1,0.02,0,0.0,3,0.0,10,0 days 00:53:55.400000
2,1,8,False,8,0.9,1,0.09,0,0.01,2,0.0,4,0.0,2,0 days 01:09:20.900000
2,1,3,False,3,0.7803333333333333,0,0.1796666666666667,4,0.03,7,0.01,2,0.0,6,0 days 00:53:50.500000
2,1,1,True,1,0.98,7,0.02,2,0.0,0,0.0,3,0.0,1,0 days 02:12:54.800000
2,1,4,False,4,0.55,2,0.33,1,0.12,0,0.0,3,0.0,3,0 days 02:14:36.900000
2,1,1,True,1,1.0,0,0.0,2,0.0,3,0.0,4,0.0,1,0 days 00:23:19.700000
2,1,1,True,1,0.86,0,0.12,4,0.02,2,0.0,3,0.0,1,0 days 02:14:33.900000
2,1,1,True,1,0.64,8,0.36,2,0.0,0,0.0,4,0.0,1,0 days 00:12:23.900000
2,1,2,False,2,0.62,1,0.38,0,0.0,3,0.0,4,0.0,2,0 days 02:14:41.700000
2,1,8,False,8,0.63,4,0.28,5,0.04083333333333333,9,0.02916666666666667,1,0.02,5,0 days 00:40:13.200000
2,1,1,True,1,0.64,8,0.36,2,0.0,0,0.0,4,0.0,1,0 days 00:12:21.100000
2,1,2,False,2,0.54,1,0.46,0,0.0,3,0.0,4,0.0,2,0 days 01:47:44
2,1,3,False,3,0.68,7,0.24,1,0.08,0,0.0,2,0.0,3,0 days 00:54:47.500000
2,1,1,True,1,1.0,0,0.0,2,0.0,3,0.0,4,0.0,1,0 days 00:35:37.500000
2,1,1,True,1,0.85,0,0.09,6,0.05,8,0.01,3,0.0,1,0 days 00:34:10.300000
2,1,1,True,1,1.0,0,0.0,2,0.0,3,0.0,4,0.0,1,0 days 00:52:40.100000
2,1,6,False,6,0.56,1,0.41,8,0.03,2,0.0,3,0.0,2,0 days 00:34:42.500000
2,1,0,False,0,0.64,1,0.3,8,0.06,2,0.0,4,0.0,2,0 days 00:41:14.700000
2,1,1,True,1,0.9,2,0.07,0,0.03,3,0.0,4,0.0,1,0 days 00:54:08.600000
2,2,0,False,0,0.68,1,0.23,8,0.08,7,0.01,3,0.0,8,0 days 00:33:58.400000
2,1,1,True,1,0.72,6,0.26,0,0.02,2,0.0,3,0.0,1,0 days 00:34:40.900000
2,1,1,True,1,0.83,2,0.12,5,0.05,0,0.0,3,0.0,1,0 days 03:08:20.100000
2,1,1,True,1,0.97,0,0.03,2,0.0,3,0.0,4,0.0,1,0 days 00:30:45.300000
2,1,3,False,3,0.7304999999999999,4,0.19950000000000004,5,0.04,1,0.03,2,0.0,4,0 days 01:20:38.800000
2,1,1,True,1,0.85,0,0.09,6,0.05,8,0.01,3,0.0,1,0 days 00:34:09.100000
2,1,1,True,1,0.76,0,0.24,2,0.0,3,0.0,4,0.0,1,0 days 03:35:17.600000
2,1,1,True,1,0.94,6,0.06,2,0.0,0,0.0,3,0.0,1,0 days 00:31:19.400000
2,1,1,True,1,0.97,6,0.02,9,0.01,2,0.0,3,0.0,1,0 days 00:26:35.900000
2,8,1,False,1,0.82,6,0.18,2,0.0,0,0.0,3,0.0,9,0 days 01:20:56.600000
2,1,2,False,2,0.74,0,0.21,1,0.05,3,0.0,4,0.0,3,0 days 00:55:20.700000
2,1,1,True,1,0.96,8,0.04,2,0.0,0,0.0,4,0.0,1,0 days 01:38:14.800000
2,1,0,False,0,0.62,3,0.27,6,0.09,1,0.02,2,0.0,4,0 days 00:38:10.100000
2,1,6,False,6,0.55,1,0.24,8,0.16,9,0.04,0,0.01,2,0 days 00:17:13.900000
2,1,1,True,1,0.99,7,0.01,2,0.0,0,0.0,3,0.0,1,0 days 01:39:19
2,1,5,False,5,0.65,7,0.23,1,0.11,2,0.01,3,0.0,3,0 days 00:55:47.400000
2,0,8,False,8,0.64,1,0.26,4,0.1,2,0.0,3,0.0,8,0 days 01:13:34.100000
2,1,1,True,1,1.0,0,0.0,2,0.0,3,0.0,4,0.0,1,0 days 00:27:07.600000
2,1,8,False,8,0.73,1,0.27,2,0.0,0,0.0,4,0.0,2,0 days 00:06:33.800000
2,1,1,True,1,1.0,0,0.0,2,0.0,3,0.0,4,0.0,1,0 days 00:27:18.600000
2,1,1,True,1,1.0,0,0.0,2,0.0,3,0.0,4,0.0,1,0 days 00:09:05.800000
2,1,1,True,1,0.92,5,0.07,3,0.01,0,0.0,2,0.0,1,0 days 01:21:36.500000
2,1,1,True,1,0.97,0,0.03,2,0.0,3,0.0,4,0.0,1,0 days 00:30:45.400000
2,1,3,False,3,0.56,1,0.37,2,0.06,6,0.01,0,0.0,2,0 days 01:21:20
2,1,1,True,1,1.0,0,0.0,2,0.0,3,0.0,4,0.0,1,0 days 00:46:31.200000
2,6,1,False,1,0.73,2,0.26,7,0.01,0,0.0,3,0.0,8,0 days 02:15:19.200000
2,1,6,False,6,0.6,2,0.27,0,0.1,8,0.02,1,0.01,5,0 days 01:05:04.400000
2,1,1,True,1,0.97,0,0.03,2,0.0,3,0.0,4,0.0,1,0 days 00:44:59.700000
2,1,1,True,1,1.0,0,0.0,2,0.0,3,0.0,4,0.0,1,0 days 00:30:14.100000
2,1,1,True,1,0.65,2,0.31,6,0.04,0,0.0,3,0.0,1,0 days 01:24:38.200000
2,1,5,False,5,0.62,1,0.31,7,0.07,0,0.0,3,0.0,2,0 days 00:36:07.900000
2,1,1,True,1,0.9,8,0.1,2,0.0,0,0.0,4,0.0,1,0 days 00:43:53.100000
2,1,1,True,1,1.0,0,0.0,2,0.0,3,0.0,4,0.0,1,0 days 00:05:30.200000
2,1,1,True,1,0.96,7,0.04,2,0.0,0,0.0,3,0.0,1,0 days 00:49:01.600000
2,0,2,False,2,0.65,8,0.28,1,0.07,0,0.0,4,0.0,4,0 days 01:21:05.300000
2,1,2,False,2,0.55,1,0.45,0,0.0,3,0.0,4,0.0,2,0 days 01:59:17.600000
2,1,1,True,1,0.99,7,0.01,2,0.0,0,0.0,3,0.0,1,0 days 00:51:47.500000
2,1,1,True,1,1.0,0,0.0,2,0.0,3,0.0,4,0.0,1,0 days 01:47:53.600000
2,1,1,True,1,0.8,0,0.2,2,0.0,3,0.0,4,0.0,1,0 days 00:32:58.200000
2,1,8,False,8,0.89,1,0.11,2,0.0,0,0.0,4,0.0,2,0 days 00:03:50.300000
2,6,1,False,1,0.95,6,0.05,2,0.0,0,0.0,3,0.0,2,0 days 00:31:20.300000
2,1,1,True,1,0.87,4,0.12,8,0.01,2,0.0,3,0.0,1,0 days 00:21:48.400000
2,1,1,True,1,0.77,0,0.23,2,0.0,3,0.0,4,0.0,1,0 days 00:48:45
2,1,1,True,1,1.0,0,0.0,2,0.0,3,0.0,4,0.0,1,0 days 00:30:34
2,1,1,True,1,0.84,0,0.16,2,0.0,3,0.0,4,0.0,1,0 days 00:48:29.700000
2,6,1,False,1,0.64,6,0.25,8,0.09,9,0.02,3,0.0,2,0 days 00:18:36.400000
2,6,1,False,1,0.99,9,0.01,2,0.0,0,0.0,4,0.0,7,0 days 00:06:22.600000
2,1,1,True,1,0.67,8,0.24,6,0.08,2,0.01,3,0.0,1,0 days 01:30:20.700000
2,1,6,False,6,0.56,1,0.41,0,0.03,2,0.0,3,0.0,2,0 days 00:34:22
2,1,1,True,1,1.0,0,0.0,2,0.0,3,0.0,4,0.0,1,0 days 00:46:43.400000
2,1,3,False,3,0.85,7,0.095,1,0.04,5,0.01,0,0.005,3,0 days 00:53:38.800000
2,1,1,True,1,0.99,8,0.01,2,0.0,0,0.0,4,0.0,1,0 days 00:05:38.100000
2,1,6,False,6,0.62,1,0.38,2,0.0,0,0.0,3,0.0,2,0 days 00:39:53.600000
2,1,1,True,1,0.62,7,0.19,8,0.12,6,0.07,3,0.0,1,0 days 02:41:33.200000
2,8,1,False,1,0.99,8,0.01,2,0.0,0,0.0,4,0.0,2,0 days 00:49:32.500000
2,8,1,False,1,1.0,0,0.0,2,0.0,3,0.0,4,0.0,9,0 days 00:25:40.800000
2,1,1,True,1,0.76,0,0.24,2,0.0,3,0.0,4,0.0,1,0 days 03:35:17.600000
2,1,1,True,1,1.0,0,0.0,2,0.0,3,0.0,4,0.0,1,0 days 01:47:56.800000
2,6,1,False,1,1.0,0,0.0,2,0.0,3,0.0,4,0.0,7,0 days 00:26:41.200000
2,6,1,False,1,1.0,0,0.0,2,0.0,3,0.0,4,0.0,7,0 days 01:47:47.900000
2,1,1,True,1,0.73,9,0.27,2,0.0,0,0.0,4,0.0,1,0 days 00:13:18.300000
2,1,1,True,1,0.72,3,0.25,5,0.03,0,0.0,2,0.0,1,0 days 01:21:39.200000
2,1,1,True,1,0.88,4,0.09,2,0.03,0,0.0,3,0.0,1,0 days 04:29:49.900000
2,1,1,True,1,1.0,0,0.0,2,0.0,3,0.0,4,0.0,1,0 days 01:47:57.500000
2,1,1,True,1,0.91,2,0.09,0,0.0,3,0.0,4,0.0,1,0 days 02:46:40.700000
2,1,1,True,1,0.72,2,0.23,3,0.05,0,0.0,4,0.0,1,0 days 01:21:10.700000
2,1,1,True,1,0.83,9,0.17,2,0.0,0,0.0,4,0.0,1,0 days 00:22:35.400000
2,1,1,True,1,1.0,0,0.0,2,0.0,3,0.0,4,0.0,1,0 days 00:12:47.100000
2,1,1,True,1,0.67,8,0.32,2,0.01,0,0.0,4,0.0,1,0 days 01:10:07.900000
2,1,1,True,1,0.91,2,0.08,6,0.01,0,0.0,3,0.0,1,0 days 02:56:52.100000
2,9,1,False,1,0.89,6,0.11,2,0.0,0,0.0,3,0.0,10,0 days 00:30:06.900000
2,1,1,True,1,1.0,0,0.0,2,0.0,3,0.0,4,0.0,1,0 days 00:08:49.500000
2,1,1,True,1,1.0,0,0.0,2,0.0,3,0.0,4,0.0,1,0 days 00:23:15.200000
2,6,1,False,1,0.73,4,0.24,2,0.02,6,0.01,3,0.0,4,0 days 01:49:52
2,1,1,True,1,0.7,8,0.14566666666666667,2,0.14433333333333334,6,0.01,3,0.0,1,0 days 01:08:19.200000
2,0,1,False,1,1.0,0,0.0,2,0.0,3,0.0,4,0.0,2,0 days 00:47:09.700000
2,1,2,False,2,0.62,1,0.38,0,0.0,3,0.0,4,0.0,2,0 days 02:14:42.800000
2,1,8,False,8,0.68,1,0.32,2,0.0,0,0.0,4,0.0,2,0 days 00:07:18.800000
2,1,1,True,1,0.78,9,0.21,8,0.01,0,0.0,4,0.0,1,0 days 00:18:54.800000
2,1,8,False,8,0.87,2,0.13,1,0.0,0,0.0,4,0.0,3,0 days 01:00:52.300000
2,0,3,False,3,0.73,1,0.26,2,0.01,0,0.0,4,0.0,4,0 days 02:00:36.700000
2,1,1,True,1,0.77,0,0.23,2,0.0,3,0.0,4,0.0,1,0 days 00:45:04.700000
2,1,1,True,1,0.72,4,0.28,2,0.0,0,0.0,3,0.0,1,0 days 01:49:45.400000
2,0,1,False,1,0.85,8,0.1175,2,0.0325,0,0.0,4,0.0,4,0 days 01:08:50.700000
2,1,1,True,1,0.98,0,0.02,2,0.0,3,0.0,4,0.0,1,0 days 00:55:07.400000
2,1,1,True,1,0.61,7,0.19,8,0.12,6,0.07,4,0.01,1,0 days 02:41:33.300000
2,1,1,True,1,0.66,8,0.34,2,0.0,0,0.0,4,0.0,1,0 days 02:44:06.300000
2,2,1,False,1,0.99,2,0.01,0,0.0,3,0.0,4,0.0,2,0 days 01:32:28.900000
2,1,1,True,1,1.0,0,0.0,2,0.0,3,0.0,4,0.0,1,0 days 00:30:53.100000
2,0,1,False,1,0.84,6,0.16,2,0.0,0,0.0,3,0.0,4,0 days 00:47:47.600000
2,1,1,True,1,0.538547619047619,0,0.431452380952381,6,0.03,2,0.0,3,0.0,1,0 days 00:47:42.200000
2,1,1,True,1,1.0,0,0.0,2,0.0,3,0.0,4,0.0,1,0 days 00:09:03
2,1,1,True,1,0.67,8,0.32,2,0.01,0,0.0,4,0.0,1,0 days 01:10:07.200000
2,1,1,True,1,0.7,6,0.24,5,0.06,0,0.0,3,0.0,1,0 days 02:18:45.300000
2,2,1,False,1,0.88,2,0.11,4,0.01,0,0.0,3,0.0,2,0 days 02:14:30.400000
2,1,1,True,1,0.99,2,0.01,0,0.0,3,0.0,4,0.0,1,0 days 01:57:32.100000
2,6,1,False,1,0.8,2,0.2,0,0.0,3,0.0,4,0.0,7,0 days 01:18:56.700000
2,1,1,True,1,0.66,7,0.34,2,0.0,0,0.0,3,0.0,1,0 days 02:14:59.400000
2,1,0,False,0,0.63,1,0.3,2,0.07,3,0.0,4,0.0,2,0 days 02:23:43.400000
2,1,1,True,1,0.99,3,0.01,0,0.0,2,0.0,4,0.0,1,0 days 00:19:13.800000
2,1,2,False,2,0.62,1,0.28,0,0.09,7,0.01,3,0.0,2,0 days 00:56:31.700000
2,1,1,True,1,0.66,2,0.3,6,0.04,0,0.0,3,0.0,1,0 days 01:24:34.800000
2,1,6,False,6,0.64,1,0.18,2,0.18,0,0.0,3,0.0,2,0 days 02:57:51.500000
2,2,1,False,1,0.99,5,0.01,2,0.0,0,0.0,3,0.0,3,0 days 00:46:51.900000
2,6,1,False,1,0.97,7,0.03,2,0.0,0,0.0,3,0.0,8,0 days 01:15:01.600000
2,2,1,False,1,0.99,2,0.01,0,0.0,3,0.0,4,0.0,2,0 days 01:27:49.400000
2,2,1,False,1,1.0,0,0.0,2,0.0,3,0.0,4,0.0,3,0 days 01:28:45.300000
2,1,1,True,1,0.58,6,0.27,8,0.15,2,0.0,3,0.0,1,0 days 00:00:14.300000
2,8,1,False,1,0.91,8,0.09,2,0.0,0,0.0,4,0.0,2,0 days 02:44:00.100000
2,8,7,False,7,0.62,1,0.34,4,0.04,0,0.0,3,0.0,9,0 days 01:54:08.700000
2,2,6,False,6,0.59,1,0.33,7,0.08,0,0.0,3,0.0,6,0 days 01:38:36
2,1,1,True,1,1.0,0,0.0,2,0.0,3,0.0,4,0.0,1,0 days 01:34:44.200000
2,1,1,True,1,1.0,0,0.0,2,0.0,3,0.0,4,0.0,1,0 days 00:03:30
2,1,1,True,1,0.83,2,0.17,0,0.0,3,0.0,4,0.0,1,0 days 01:48:46.300000
2,8,1,False,1,1.0,0,0.0,2,0.0,3,0.0,4,0.0,9,0 days 00:06:39.300000
2,1,1,True,1,0.93,8,0.07,2,0.0,0,0.0,4,0.0,1,0 days 00:04:07.900000
2,1,1,True,1,1.0,0,0.0,2,0.0,3,0.0,4,0.0,1,0 days 00:03:26.100000
2,1,1,True,1,0.78,7,0.22,2,0.0,0,0.0,3,0.0,1,0 days 00:15:36.300000
2,1,1,True,1,0.5531666666666667,8,0.4468333333333333,2,0.0,0,0.0,4,0.0,1,0 days 00:06:51
2,1,8,False,8,0.66,1,0.2,0,0.09,2,0.05,4,0.0,2,0 days 01:05:49.600000
2,1,1,True,1,1.0,0,0.0,2,0.0,3,0.0,4,0.0,1,0 days 00:06:38.700000
2,1,1,True,1,0.73,2,0.25,8,0.02,0,0.0,4,0.0,1,0 days 03:15:14.500000
2,1,1,True,1,0.92,5,0.07,2,0.01,0,0.0,3,0.0,1,0 days 02:02:45.600000
2,2,1,False,1,0.77,6,0.19,7,0.04,0,0.0,3,0.0,6,0 days 01:54:54.300000
2,1,1,True,1,0.8,0,0.2,2,0.0,3,0.0,4,0.0,1,0 days 00:32:58.200000
2,1,0,False,0,0.78,1,0.22,2,0.0,3,0.0,4,0.0,2,0 days 00:39:18.700000
2,1,1,True,1,1.0,0,0.0,2,0.0,3,0.0,4,0.0,1,0 days 00:03:14.800000
2,1,1,True,1,0.79,5,0.2,2,0.01,0,0.0,3,0.0,1,0 days 02:49:47.400000
2,1,1,True,1,0.98,5,0.02,2,0.0,0,0.0,3,0.0,1,0 days 02:42:15.400000
2,1,1,True,1,1.0,0,0.0,2,0.0,3,0.0,4,0.0,1,0 days 00:03:23
2,8,1,False,1,0.93,7,0.06,8,0.01,2,0.0,3,0.0,3,0 days 00:07:27.600000
2,1,1,True,1,0.96,2,0.04,0,0.0,3,0.0,4,0.0,1,0 days 00:45:26.900000
2,1,1,True,1,0.78,0,0.21,2,0.01,3,0.0,4,0.0,1,0 days 02:23:06.300000
2,1,1,True,1,1.0,0,0.0,2,0.0,3,0.0,4,0.0,1,0 days 00:03:11.600000
2,1,1,True,1,0.95,8,0.05,2,0.0,0,0.0,4,0.0,1,0 days 00:03:57.200000
2,1,1,True,1,0.63,5,0.23,3,0.11,2,0.03,0,0.0,1,0 days 02:02:15
2,1,1,True,1,0.83,2,0.1,5,0.05,6,0.02,3,0.0,1,0 days 02:19:36
2,1,1,True,1,0.99,9,0.01,2,0.0,0,0.0,4,0.0,1,0 days 00:08:28.200000
2,1,1,True,1,1.0,0,0.0,2,0.0,3,0.0,4,0.0,1,0 days 00:03:26.900000
2,8,1,False,1,0.99,0,0.01,2,0.0,3,0.0,4,0.0,9,0 days 00:27:58.400000
2,8,1,False,1,0.94,8,0.06,2,0.0,0,0.0,4,0.0,2,0 days 00:04:07.500000
2,8,1,False,1,0.98,8,0.02,2,0.0,0,0.0,4,0.0,2,0 days 00:07:11.900000
2,8,8,True,8,1.0,0,0.0,2,0.0,1,0.0,4,0.0,1,0 days 00:03:45.500000
2,1,1,True,1,1.0,0,0.0,2,0.0,3,0.0,4,0.0,1,0 days 00:03:08
2,0,6,False,6,0.6,2,0.26,1,0.08,0,0.04,8,0.02,4,0 days 01:05:08.700000
2,2,2,True,2,0.57,7,0.31,1,0.09,8,0.03,3,0.0,1,0 days 02:01:12.900000
2,0,8,False,8,0.61,1,0.39,2,0.0,0,0.0,4,0.0,4,0 days 00:37:25
2,2,1,False,1,0.94,6,0.06,2,0.0,0,0.0,3,0.0,3,0 days 02:06:49.800000
2,0,0,True,0,0.78,1,0.22,2,0.0,3,0.0,4,0.0,1,0 days 00:39:19.500000
2,6,1,False,1,0.68,0,0.25,6,0.07,2,0.0,3,0.0,3,0 days 00:27:23.900000
2,1,2,False,2,0.62,1,0.38,0,0.0,3,0.0,4,0.0,2,0 days 01:30:12.600000
2,1,7,False,7,0.53,1,0.45,3,0.02,0,0.0,2,0.0,2,0 days 02:01:39.400000
2,1,1,True,1,0.79,0,0.21,2,0.0,3,0.0,4,0.0,1,0 days 00:48:49.500000
2,6,1,False,1,0.8,0,0.2,2,0.0,3,0.0,4,0.0,7,0 days 00:48:38.600000
2,1,1,True,1,1.0,0,0.0,2,0.0,3,0.0,4,0.0,1,0 days 00:10:01.300000
2,1,1,True,1,0.86,6,0.12,2,0.02,0,0.0,3,0.0,1,0 days 02:17:41.300000
2,1,1,True,1,1.0,0,0.0,2,0.0,3,0.0,4,0.0,1,0 days 00:10:01.300000
2,1,6,False,6,0.71,1,0.25,5,0.04,0,0.0,3,0.0,2,0 days 00:09:52.200000
2,1,1,True,1,1.0,0,0.0,2,0.0,3,0.0,4,0.0,1,0 days 00:10:02.800000
2,1,6,False,6,0.73,1,0.27,2,0.0,0,0.0,3,0.0,2,0 days 00:10:19.600000
2,8,1,False,1,0.71,8,0.29,2,0.0,0,0.0,4,0.0,2,0 days 00:05:46.500000
2,8,8,True,8,0.66,1,0.34,2,0.0,0,0.0,4,0.0,1,0 days 00:11:50.700000
2,6,1,False,1,0.64,3,0.19,2,0.17,0,0.0,4,0.0,7,0 days 01:50:15.600000
2,1,1,True,1,0.91,2,0.09,0,0.0,3,0.0,4,0.0,1,0 days 01:58:17.600000
2,6,6,True,6,0.96,1,0.04,2,0.0,0,0.0,3,0.0,1,0 days 00:16:37.800000
2,6,8,False,8,0.58,1,0.38,5,0.04,2,0.0,3,0.0,7,0 days 00:42:00.700000
2,1,1,True,1,0.8,6,0.17,2,0.03,0,0.0,3,0.0,1,0 days 02:57:14.300000
2,6,6,True,6,0.68,1,0.32,2,0.0,0,0.0,3,0.0,1,0 days 00:16:30.600000
2,6,6,True,6,0.66,1,0.34,2,0.0,0,0.0,3,0.0,1,0 days 00:16:25.400000
2,2,2,True,2,0.7,8,0.3,1,0.0,0,0.0,4,0.0,1,0 days 01:00:49.300000
2,2,2,True,2,0.61,0,0.26,1,0.11,4,0.01,8,0.01,1,0 days 01:02:05.700000
2,8,8,True,8,0.79,1,0.16,0,0.05,2,0.0,4,0.0,1,0 days 01:09:32.500000
2,2,2,True,2,0.97,1,0.03,0,0.0,3,0.0,4,0.0,1,0 days 01:27:58.700000
2,1,2,False,2,0.7275,8,0.27,1,0.0025,0,0.0,4,0.0,3,0 days 01:25:33.400000
2,2,8,False,8,0.58,1,0.22266666666666662,2,0.19733333333333333,0,0.0,4,0.0,3,0 days 01:01:40.900000
2,8,1,False,1,0.97,2,0.02,5,0.01,0,0.0,3,0.0,9,0 days 01:00:18.500000
2,2,1,False,1,0.65,4,0.2,8,0.06,2,0.04,7,0.03,4,0 days 01:02:22.400000
2,2,3,False,3,0.58,1,0.39,0,0.02,2,0.01,4,0.0,4,0 days 01:28:36.700000
2,1,1,True,1,0.72,0,0.19,6,0.06,8,0.03,3,0.0,1,0 days 01:16:39.400000
2,1,1,True,1,0.98,0,0.02,2,0.0,3,0.0,4,0.0,1,0 days 00:44:34.100000
2,1,2,False,2,0.6,1,0.4,0,0.0,3,0.0,4,0.0,2,0 days 02:21:58.500000
3,1,0,False,0,0.62,7,0.24,1,0.14,2,0.0,3,0.0,3,0 days 04:01:42.600000
3,5,4,False,4,0.75,5,0.22,1,0.02,6,0.01,3,0.0,2,0 days 02:14:17.400000
3,4,1,False,1,0.99,2,0.01,0,0.0,3,0.0,4,0.0,5,0 days 02:14:49
3,5,2,False,2,0.63,7,0.25,4,0.08,1,0.02,5,0.02,5,0 days 03:08:03.900000
3,2,7,False,7,0.98,5,0.02,0,0.0,1,0.0,3,0.0,6,0 days 02:41:06.700000
3,5,7,False,7,0.6,5,0.31,2,0.08,4,0.01,3,0.0,2,0 days 03:07:59.600000
3,5,2,False,2,0.62,4,0.24,5,0.1,1,0.04,3,0.0,3,0 days 03:08:11.500000
3,4,5,False,5,0.64,2,0.22,1,0.13,4,0.01,3,0.0,4,0 days 02:41:19.700000
3,4,2,False,2,0.69,1,0.28,3,0.02,6,0.01,0,0.0,6,0 days 01:22:03
3,4,7,False,7,0.7626666666666666,1,0.15733333333333335,5,0.07,4,0.01,3,0.0,4,0 days 03:07:57.700000
3,3,1,False,1,0.66,7,0.2,4,0.07,9,0.07,3,0.0,5,0 days 00:53:51.700000
3,3,1,False,1,0.76,0,0.24,2,0.0,3,0.0,4,0.0,4,0 days 00:38:12.900000
3,7,1,False,1,1.0,0,0.0,2,0.0,3,0.0,4,0.0,8,0 days 01:39:38.400000
3,7,0,False,0,0.5054761904761904,3,0.4345238095238095,1,0.05,5,0.01,2,0.0,8,0 days 00:53:43.600000
3,7,6,False,6,0.85,1,0.15,2,0.0,0,0.0,3,0.0,8,0 days 01:23:57
3,2,4,False,4,0.83,2,0.15,7,0.02,0,0.0,3,0.0,2,0 days 03:08:02.800000
3,1,1,True,1,0.61,2,0.33,5,0.06,0,0.0,3,0.0,1,0 days 03:34:59.200000
3,1,1,True,1,0.9575,2,0.0225,3,0.02,0,0.0,4,0.0,1,0 days 01:47:29.700000
3,0,0,True,0,0.67,8,0.31,6,0.01,2,0.01,3,0.0,1,0 days 01:12:09.600000
3,1,5,False,5,0.62,2,0.21,4,0.14,1,0.03,3,0.0,4,0 days 02:14:25.100000
3,1,2,False,2,0.88,1,0.12,0,0.0,3,0.0,4,0.0,2,0 days 02:19:54.100000
3,3,4,False,4,0.74,1,0.19,5,0.07,0,0.0,3,0.0,5,0 days 02:14:18.400000
3,3,7,False,7,0.5044761904761904,3,0.49552380952380964,1,0.0,0,0.0,2,0.0,2,0 days 01:20:33.400000
3,4,3,False,3,0.65,1,0.35,0,0.0,2,0.0,4,0.0,5,0 days 00:53:48.300000
3,3,9,False,9,0.58,1,0.33,0,0.08,6,0.01,3,0.0,5,0 days 00:20:35.500000
3,1,8,False,8,0.71,1,0.28,2,0.01,0,0.0,4,0.0,2,0 days 01:54:26.800000
3,1,1,True,1,0.98,0,0.02,2,0.0,3,0.0,4,0.0,1,0 days 02:22:19.900000
3,1,1,True,1,0.99,2,0.01,0,0.0,3,0.0,4,0.0,1,0 days 01:38:10.500000
3,5,3,False,3,0.672,1,0.316,5,0.012,0,0.0,2,0.0,3,0 days 00:53:52.600000
3,4,1,False,1,1.0,0,0.0,2,0.0,3,0.0,4,0.0,5,0 days 00:45:46.500000
3,5,1,False,1,0.99,8,0.01,2,0.0,0,0.0,4,0.0,6,0 days 02:42:55.300000
3,5,5,True,5,0.4221666666666667,6,0.39783333333333337,3,0.14,7,0.03,4,0.01,1,0 days 01:20:38.100000
3,5,5,True,5,0.88,4,0.09,0,0.02,2,0.01,3,0.0,1,0 days 03:34:41.100000
3,5,5,True,5,0.8491666666666666,7,0.15083333333333335,0,0.0,1,0.0,3,0.0,1,0 days 02:41:07.400000
3,5,1,False,1,0.87,2,0.09,3,0.04,0,0.0,4,0.0,6,0 days 01:21:27.600000
3,1,6,False,6,0.61,0,0.27,1,0.11,8,0.01,3,0.0,3,0 days 02:37:54.700000
3,1,2,False,2,0.66,1,0.28,5,0.03,4,0.03,3,0.0,2,0 days 02:14:28.900000
3,1,1,True,1,0.83,3,0.11,5,0.04,7,0.02,2,0.0,1,0 days 00:53:48.500000
3,2,5,False,5,0.56,4,0.38,7,0.06,0,0.0,3,0.0,6,0 days 03:07:56.300000
3,3,0,False,0,0.63,1,0.24,7,0.08,6,0.04,9,0.01,6,0 days 00:20:43.400000
3,5,5,True,5,0.825,7,0.155,4,0.02,0,0.0,3,0.0,1,0 days 02:41:08.100000
3,7,1,False,1,0.69,7,0.31,2,0.0,0,0.0,3,0.0,2,0 days 02:14:55.600000
3,7,5,False,5,0.7266666666666666,4,0.24,7,0.03333333333333333,0,0.0,3,0.0,3,0 days 02:41:08.600000
3,7,0,False,0,0.48161904761904756,1,0.4683809523809524,3,0.05,2,0.0,4,0.0,8,0 days 00:53:49.900000
3,3,1,False,1,0.98,5,0.01,6,0.01,0,0.0,3,0.0,5,0 days 02:16:28.100000
3,7,1,False,1,1.0,0,0.0,2,0.0,3,0.0,4,0.0,8,0 days 01:45:32.500000
3,4,5,False,5,0.62,2,0.21,4,0.15,1,0.02,3,0.0,3,0 days 02:14:25.600000
3,3,0,False,0,0.48161904761904756,1,0.4683809523809524,3,0.05,2,0.0,4,0.0,3,0 days 00:53:50
3,7,1,False,1,1.0,0,0.0,2,0.0,3,0.0,4,0.0,8,0 days 00:51:39.800000
3,7,1,False,1,0.6916666666666668,5,0.22,7,0.06833333333333333,3,0.02,2,0.0,3,0 days 00:53:41.600000
3,7,1,False,1,1.0,0,0.0,2,0.0,3,0.0,4,0.0,8,0 days 00:18:21.900000
3,2,4,False,4,0.65,5,0.21,2,0.14,0,0.0,3,0.0,3,0 days 02:14:26.600000
3,2,5,False,5,0.7033333333333335,4,0.28,1,0.016666666666666666,0,0.0,3,0.0,6,0 days 02:14:20.500000
3,1,3,False,3,0.66,2,0.27,0,0.05,5,0.02,1,0.0,5,0 days 01:28:34.600000
3,1,1,True,1,0.88,0,0.11,6,0.01,2,0.0,3,0.0,1,0 days 01:47:53.300000
3,1,0,False,0,0.7,1,0.13726190476190475,2,0.12273809523809524,4,0.04,3,0.0,2,0 days 01:47:32.200000
3,1,1,True,1,1.0,0,0.0,2,0.0,3,0.0,4,0.0,1,0 days 01:39:22.700000
3,1,6,False,6,0.68,1,0.27,2,0.04999999999999999,0,0.0,3,0.0,2,0 days 01:47:49.800000
3,1,0,False,0,0.77,1,0.21,6,0.02,2,0.0,3,0.0,2,0 days 01:47:52.600000
3,2,1,False,1,0.44800000000000006,2,0.402,8,0.14,0,0.01,4,0.0,2,0 days 01:01:37.400000
3,2,2,True,2,0.7,0,0.2,1,0.07,4,0.03,3,0.0,1,0 days 01:02:07.900000
3,1,1,True,1,0.78,6,0.22,2,0.0,0,0.0,3,0.0,1,0 days 00:13:31.900000
3,1,1,True,1,0.82,8,0.18,2,0.0,0,0.0,4,0.0,1,0 days 00:27:57.500000
3,1,1,True,1,0.86,9,0.09,3,0.05,0,0.0,4,0.0,1,0 days 00:26:55.400000
3,1,1,True,1,0.88,8,0.12,2,0.0,0,0.0,4,0.0,1,0 days 00:12:16.200000
3,1,1,True,1,0.92,8,0.08,2,0.0,0,0.0,4,0.0,1,0 days 00:23:33.700000
3,1,1,True,1,0.91,6,0.07,5,0.02,0,0.0,3,0.0,1,0 days 00:09:52.600000
3,1,1,True,1,0.95,6,0.05,2,0.0,0,0.0,3,0.0,1,0 days 00:11:03
3,1,6,False,6,0.92,3,0.05,1,0.02,2,0.01,0,0.0,3,0 days 01:22:50.600000
3,1,1,True,1,1.0,0,0.0,2,0.0,3,0.0,4,0.0,1,0 days 02:21:14.500000
3,1,1,True,1,0.73,7,0.21,0,0.06,2,0.0,3,0.0,1,0 days 00:27:05.900000
3,1,1,True,1,1.0,0,0.0,2,0.0,3,0.0,4,0.0,1,0 days 01:48:54.900000
3,1,1,True,1,0.74,8,0.26,2,0.0,0,0.0,4,0.0,1,0 days 00:04:24.800000
3,1,1,True,1,0.68,6,0.29,8,0.03,2,0.0,3,0.0,1,0 days 00:25:56.100000
3,1,1,True,1,0.94,0,0.06,2,0.0,3,0.0,4,0.0,1,0 days 00:30:21.500000
3,1,1,True,1,0.88,0,0.11,6,0.01,2,0.0,3,0.0,1,0 days 01:47:53.300000
3,1,1,True,1,0.84,8,0.16,2,0.0,0,0.0,4,0.0,1,0 days 00:11:55.100000
3,1,2,False,2,0.45533333333333337,0,0.4546666666666666,3,0.09,1,0.0,4,0.0,4,0 days 01:20:46.700000
3,1,1,True,1,0.99,9,0.01,2,0.0,0,0.0,4,0.0,1,0 days 00:14:32.400000
3,6,6,True,6,0.71,1,0.24,8,0.04,9,0.01,3,0.0,1,0 days 00:18:33.600000
3,1,1,True,1,0.91,4,0.09,2,0.0,0,0.0,3,0.0,1,0 days 01:20:41.100000
3,1,1,True,1,1.0,0,0.0,2,0.0,3,0.0,4,0.0,1,0 days 03:08:29.400000
3,2,1,False,1,0.64,5,0.28,7,0.08,0,0.0,3,0.0,6,0 days 00:55:51.200000
3,1,1,True,1,0.62,6,0.37,8,0.01,2,0.0,3,0.0,1,0 days 00:27:25.500000
3,1,1,True,1,0.78,6,0.22,2,0.0,0,0.0,3,0.0,1,0 days 01:55:57
3,1,1,True,1,0.92,7,0.08,2,0.0,0,0.0,3,0.0,1,0 days 01:40:54.400000
3,1,1,True,1,0.72,8,0.25,6,0.03,2,0.0,3,0.0,1,0 days 00:04:38
3,1,1,True,1,0.87,0,0.1,7,0.03,2,0.0,3,0.0,1,0 days 04:02:06
3,1,8,False,8,0.69,1,0.27,0,0.04,2,0.0,4,0.0,2,0 days 00:45:10.100000
3,1,9,False,9,0.65,1,0.35,2,0.0,0,0.0,4,0.0,2,0 days 00:17:48.200000
3,1,1,True,1,1.0,0,0.0,2,0.0,3,0.0,4,0.0,1,0 days 00:05:17.500000
3,1,1,True,1,0.98,6,0.02,2,0.0,0,0.0,3,0.0,1,0 days 00:27:19.600000
3,9,4,False,4,0.64,1,0.34,5,0.02,0,0.0,3,0.0,10,0 days 00:27:01.600000
3,1,8,False,8,0.56,1,0.39,0,0.05,2,0.0,4,0.0,2,0 days 00:27:27.200000
3,1,1,True,1,1.0,0,0.0,2,0.0,3,0.0,4,0.0,1,0 days 00:16:43
3,1,1,True,1,0.96,6,0.03,5,0.01,0,0.0,3,0.0,1,0 days 00:09:38.200000
3,1,1,True,1,1.0,0,0.0,2,0.0,3,0.0,4,0.0,1,0 days 00:09:02.900000
3,0,2,False,2,0.7,1,0.3,0,0.0,3,0.0,4,0.0,3,0 days 00:55:15.400000
3,2,1,False,1,0.9,2,0.1,0,0.0,3,0.0,4,0.0,2,0 days 03:11:30.500000
3,1,1,True,1,1.0,0,0.0,2,0.0,3,0.0,4,0.0,1,0 days 00:06:06.100000
3,1,1,True,1,0.75,6,0.12,4,0.09,7,0.02,3,0.01,1,0 days 00:53:54.600000
3,0,7,False,7,0.53,1,0.34,6,0.049,9,0.047,5,0.034,7,0 days 00:53:57
3,0,1,False,1,0.99,9,0.01,2,0.0,0,0.0,4,0.0,4,0 days 00:54:25.400000
3,1,6,False,6,0.58,1,0.4,0,0.02,2,0.0,3,0.0,2,0 days 01:14:52
3,1,0,False,0,0.74,8,0.17,1,0.09,2,0.0,4,0.0,3,0 days 00:37:30
3,1,1,True,1,0.87,2,0.09,3,0.04,0,0.0,4,0.0,1,0 days 01:21:26.400000
3,1,1,True,1,0.96,0,0.04,2,0.0,3,0.0,4,0.0,1,0 days 00:50:57.300000
3,1,1,True,1,0.86,0,0.14,2,0.0,3,0.0,4,0.0,1,0 days 00:35:06
3,1,8,False,8,0.85,1,0.15,2,0.0,0,0.0,4,0.0,2,0 days 00:04:02.200000
3,1,6,False,6,0.65,2,0.22,1,0.08,3,0.04,8,0.01,3,0 days 01:22:33.800000
3,1,1,True,1,1.0,0,0.0,2,0.0,3,0.0,4,0.0,1,0 days 00:54:19.400000
3,1,1,True,1,0.98,2,0.02,0,0.0,3,0.0,4,0.0,1,0 days 02:46:35.300000
3,1,1,True,1,0.64,6,0.29,8,0.07,2,0.0,3,0.0,1,0 days 00:25:53.900000
3,1,6,False,6,0.61,1,0.31,0,0.08,2,0.0,3,0.0,2,0 days 00:39:03.300000
3,1,1,True,1,0.74,0,0.26,2,0.0,3,0.0,4,0.0,1,0 days 00:48:53.300000
3,1,1,True,1,1.0,0,0.0,2,0.0,3,0.0,4,0.0,1,0 days 01:21:16.500000
3,1,1,True,1,0.78,0,0.22,2,0.0,3,0.0,4,0.0,1,0 days 00:45:03.900000
3,1,1,True,1,0.66,4,0.33,8,0.01,2,0.0,3,0.0,1,0 days 02:44:50.500000
3,1,4,False,4,0.65,2,0.34,1,0.01,0,0.0,3,0.0,3,0 days 01:27:09.100000
3,1,1,True,1,0.96,6,0.03,9,0.01,2,0.0,3,0.0,1,0 days 00:14:12.400000
3,6,1,False,1,0.93,6,0.07,2,0.0,0,0.0,3,0.0,2,0 days 00:13:55.800000
3,6,1,False,1,1.0,0,0.0,2,0.0,3,0.0,4,0.0,7,0 days 00:32:48.900000
3,1,1,True,1,0.98,6,0.02,2,0.0,0,0.0,3,0.0,1,0 days 00:30:15.100000
3,1,1,True,1,0.67,8,0.28,0,0.05,2,0.0,4,0.0,1,0 days 00:27:26.600000
3,1,1,True,1,1.0,0,0.0,2,0.0,3,0.0,4,0.0,1,0 days 00:54:11.100000
3,1,1,True,1,0.83,0,0.16,6,0.01,2,0.0,3,0.0,1,0 days 00:32:19.300000
3,1,1,True,1,1.0,0,0.0,2,0.0,3,0.0,4,0.0,1,0 days 00:46:24.800000
3,1,6,False,6,0.73,1,0.27,2,0.0,0,0.0,3,0.0,2,0 days 00:10:55.200000
3,1,1,True,1,1.0,0,0.0,2,0.0,3,0.0,4,0.0,1,0 days 00:49:46.400000
3,1,1,True,1,1.0,0,0.0,2,0.0,3,0.0,4,0.0,1,0 days 03:08:25.500000
3,1,2,False,2,0.76,0,0.22,8,0.02,1,0.0,4,0.0,4,0 days 01:21:04.700000
3,1,1,True,1,1.0,0,0.0,2,0.0,3,0.0,4,0.0,1,0 days 00:06:08.600000
3,1,5,False,5,0.64,6,0.28,1,0.08,0,0.0,3,0.0,3,0 days 00:33:21.400000
3,1,2,False,2,0.67,1,0.3,4,0.03,0,0.0,3,0.0,2,0 days 02:14:37.200000
3,2,1,False,1,0.72,8,0.28,2,0.0,0,0.0,4,0.0,3,0 days 02:42:51.400000
3,6,1,False,1,0.69,2,0.21,3,0.1,0,0.0,4,0.0,7,0 days 01:21:23.800000
3,1,1,True,1,0.82,0,0.18,2,0.0,3,0.0,4,0.0,1,0 days 00:52:32.900000
3,1,1,True,1,0.9,0,0.1,2,0.0,3,0.0,4,0.0,1,0 days 00:48:48.400000
3,1,1,True,1,0.82,2,0.18,0,0.0,3,0.0,4,0.0,1,0 days 02:53:59.200000
3,1,1,True,1,1.0,0,0.0,2,0.0,3,0.0,4,0.0,1,0 days 03:35:57.400000
3,1,7,False,7,0.69,1,0.31,2,0.0,0,0.0,3,0.0,2,0 days 00:49:05.400000
3,1,2,False,2,0.58,1,0.42,0,0.0,3,0.0,4,0.0,2,0 days 01:52:06.300000
3,1,1,True,1,1.0,0,0.0,2,0.0,3,0.0,4,0.0,1,0 days 00:54:11.200000
3,1,1,True,1,0.9,9,0.08,6,0.02,2,0.0,3,0.0,1,0 days 00:26:23.800000
3,1,2,False,2,0.68,1,0.32,0,0.0,3,0.0,4,0.0,2,0 days 01:27:49.500000
3,1,5,False,5,0.63,1,0.37,2,0.0,0,0.0,3,0.0,2,0 days 02:41:57.200000
3,1,3,False,3,0.77,0,0.22,2,0.01,1,0.0,4,0.0,4,0 days 02:00:35.600000
3,1,8,False,8,0.63,1,0.35,6,0.02,2,0.0,3,0.0,2,0 days 00:25:46.500000
3,6,5,False,5,0.68,1,0.32,2,0.0,0,0.0,3,0.0,7,0 days 02:19:20
3,9,1,False,1,0.73,6,0.22,8,0.05,2,0.0,3,0.0,10,0 days 00:49:10.800000
3,1,1,True,1,0.74,5,0.24,2,0.02,0,0.0,3,0.0,1,0 days 02:02:49.800000
3,1,8,False,8,0.89,0,0.1,6,0.01,2,0.0,3,0.0,8,0 days 01:12:18.500000
3,1,9,False,9,0.63,1,0.27,8,0.1,0,0.0,4,0.0,2,0 days 00:06:29.400000
3,1,1,True,1,0.98,7,0.02,2,0.0,0,0.0,3,0.0,1,0 days 00:15:43
3,0,0,True,0,0.75,1,0.25,2,0.0,3,0.0,4,0.0,1,0 days 00:51:07.200000
3,1,6,False,6,0.75,1,0.215,0,0.03,4,0.005,3,0.0,2,0 days 02:41:29.900000
3,1,1,True,1,0.99,2,0.01,0,0.0,3,0.0,4,0.0,1,0 days 02:14:38.100000
3,1,1,True,1,0.95,2,0.05,0,0.0,3,0.0,4,0.0,1,0 days 01:47:45.600000
3,0,6,False,6,0.62,0,0.29,1,0.09,2,0.0,3,0.0,2,0 days 00:39:33.300000
3,0,1,False,1,1.0,0,0.0,2,0.0,3,0.0,4,0.0,2,0 days 00:54:11.300000
3,1,0,False,0,0.66,1,0.31,5,0.03,2,0.0,3,0.0,2,0 days 00:47:10.400000
3,2,8,False,8,0.65,6,0.23,1,0.12,2,0.0,3,0.0,4,0 days 01:37:34.300000
3,1,1,True,1,0.99,6,0.01,2,0.0,0,0.0,3,0.0,1,0 days 00:30:16.100000
3,1,1,True,1,0.92,8,0.08,2,0.0,0,0.0,4,0.0,1,0 days 02:42:27
3,2,2,True,2,0.87,1,0.13,0,0.0,3,0.0,4,0.0,1,0 days 01:29:03.800000
3,0,2,False,2,0.61,1,0.37,6,0.02,0,0.0,3,0.0,4,0 days 01:07:47
3,2,4,False,4,0.695,1,0.215,7,0.09,0,0.0,3,0.0,6,0 days 02:14:14.200000
3,1,1,True,1,1.0,0,0.0,2,0.0,3,0.0,4,0.0,1,0 days 00:29:38.600000
3,1,0,False,0,0.62,1,0.38,2,0.0,3,0.0,4,0.0,2,0 days 00:30:26.400000
3,1,4,False,4,0.63,5,0.20750000000000005,1,0.1625,0,0.0,3,0.0,3,0 days 02:14:20.900000
3,1,3,False,3,0.58,1,0.41,5,0.01,0,0.0,2,0.0,2,0 days 01:35:12.600000
3,1,1,True,1,0.66,6,0.34,2,0.0,0,0.0,3,0.0,1,0 days 00:10:20.200000
3,1,1,True,1,0.96,6,0.03,5,0.01,0,0.0,3,0.0,1,0 days 00:09:33.600000
3,1,1,True,1,1.0,0,0.0,2,0.0,3,0.0,4,0.0,1,0 days 00:48:25.200000
3,2,1,False,1,0.76,3,0.24,0,0.0,2,0.0,4,0.0,4,0 days 01:42:00
3,6,1,False,1,0.76,0,0.24,2,0.0,3,0.0,4,0.0,7,0 days 00:38:14.100000
3,1,1,True,1,0.87,2,0.13,0,0.0,3,0.0,4,0.0,1,0 days 03:41:05.600000
3,1,1,True,1,1.0,0,0.0,2,0.0,3,0.0,4,0.0,1,0 days 00:09:59.400000
3,1,1,True,1,0.99,5,0.01,2,0.0,0,0.0,3,0.0,1,0 days 00:44:27.100000
3,1,4,False,4,0.66,1,0.3,2,0.04,0,0.0,3,0.0,2,0 days 01:29:23.400000
3,1,6,False,6,0.88,1,0.12,2,0.0,0,0.0,3,0.0,2,0 days 00:16:20.900000
3,6,1,False,1,1.0,0,0.0,2,0.0,3,0.0,4,0.0,7,0 days 00:06:02.700000
3,1,0,False,0,0.66,2,0.19,3,0.13,1,0.02,4,0.0,4,0 days 01:28:32.300000
3,1,6,False,6,0.8023333333333333,9,0.18766666666666665,1,0.01,2,0.0,3,0.0,3,0 days 00:14:03
3,2,1,False,1,0.73,2,0.24,8,0.03,0,0.0,4,0.0,2,0 days 01:25:25.900000
3,1,1,True,1,0.74,2,0.26,0,0.0,3,0.0,4,0.0,1,0 days 01:27:47.200000
3,1,1,True,1,0.88,0,0.1,5,0.02,2,0.0,3,0.0,1,0 days 03:37:44.500000
3,1,2,False,2,0.74,1,0.26,0,0.0,3,0.0,4,0.0,2,0 days 01:28:07.300000
3,2,2,True,2,0.96,1,0.04,0,0.0,3,0.0,4,0.0,1,0 days 01:27:58.800000
3,6,1,False,1,0.92,6,0.08,2,0.0,0,0.0,3,0.0,2,0 days 00:27:31.100000
3,6,1,False,1,0.7,7,0.26,2,0.04,0,0.0,3,0.0,8,0 days 01:38:43.100000
3,6,6,True,6,0.7,1,0.3,2,0.0,0,0.0,3,0.0,1,0 days 00:42:14.500000
3,8,2,False,2,0.61,1,0.35,8,0.04,0,0.0,4,0.0,3,0 days 01:10:21.100000
3,1,0,False,0,0.66,1,0.31,5,0.03,2,0.0,3,0.0,2,0 days 00:47:10.600000
3,8,1,False,1,0.95,8,0.05,2,0.0,0,0.0,4,0.0,2,0 days 00:06:34.100000
3,2,1,False,1,0.75,6,0.24,2,0.01,0,0.0,3,0.0,3,0 days 01:30:58.700000
3,1,1,True,1,1.0,0,0.0,2,0.0,3,0.0,4,0.0,1,0 days 00:32:54.200000
3,1,1,True,1,0.72,8,0.28,2,0.0,0,0.0,4,0.0,1,0 days 00:04:08.400000
3,1,8,False,8,0.85,1,0.15,2,0.0,0,0.0,4,0.0,2,0 days 00:04:02.600000
3,1,6,False,6,0.71,8,0.17,1,0.1,9,0.02,3,0.0,3,0 days 00:18:37.400000
3,8,1,False,1,0.99,8,0.01,2,0.0,0,0.0,4,0.0,2,0 days 00:03:01.600000
3,1,1,True,1,1.0,0,0.0,2,0.0,3,0.0,4,0.0,1,0 days 00:03:04.100000
3,1,1,True,1,1.0,0,0.0,2,0.0,3,0.0,4,0.0,1,0 days 00:06:38.700000
3,1,8,False,8,0.58,1,0.42,2,0.0,0,0.0,4,0.0,2,0 days 00:06:39.300000
3,1,0,False,0,0.73,1,0.25,2,0.02,3,0.0,4,0.0,2,0 days 02:23:20.700000
3,1,1,True,1,0.88,0,0.1,5,0.02,2,0.0,3,0.0,1,0 days 03:37:45.400000
3,8,1,False,1,0.8,2,0.2,0,0.0,3,0.0,4,0.0,9,0 days 01:07:45.900000
3,1,1,True,1,1.0,0,0.0,2,0.0,3,0.0,4,0.0,1,0 days 00:03:27.900000
3,1,6,False,6,0.57,2,0.28,1,0.12,5,0.03,3,0.0,3,0 days 02:03:46.700000
3,1,1,True,1,0.75,5,0.22,0,0.03,2,0.0,3,0.0,1,0 days 03:37:02.800000
3,1,1,True,1,1.0,0,0.0,2,0.0,3,0.0,4,0.0,1,0 days 03:39:50.100000
3,2,2,True,2,0.62,1,0.37,4,0.01,0,0.0,3,0.0,1,0 days 01:29:44.700000
3,1,1,True,1,1.0,0,0.0,2,0.0,3,0.0,4,0.0,1,0 days 00:03:10.800000
3,1,1,True,1,1.0,0,0.0,2,0.0,3,0.0,4,0.0,1,0 days 00:03:18
3,2,1,False,1,1.0,0,0.0,2,0.0,3,0.0,4,0.0,3,0 days 02:22:10.100000
3,1,1,True,1,0.76,6,0.24,2,0.0,0,0.0,3,0.0,1,0 days 02:15:10
3,1,1,True,1,0.99,8,0.01,2,0.0,0,0.0,4,0.0,1,0 days 00:03:34.800000
3,1,1,True,1,1.0,0,0.0,2,0.0,3,0.0,4,0.0,1,0 days 00:13:26.400000
3,0,1,False,1,0.73,8,0.23,0,0.04,2,0.0,4,0.0,3,0 days 01:06:30.700000
3,8,1,False,1,0.65,8,0.35,2,0.0,0,0.0,4,0.0,2,0 days 00:03:49.200000
3,8,8,True,8,0.8,1,0.2,2,0.0,0,0.0,4,0.0,1,0 days 00:06:56.300000
3,2,2,True,2,0.61,1,0.39,0,0.0,3,0.0,4,0.0,1,0 days 02:24:56.500000
3,1,8,False,8,0.73,1,0.27,2,0.0,0,0.0,4,0.0,2,0 days 00:04:26.600000
3,1,1,True,1,0.98,2,0.02,0,0.0,3,0.0,4,0.0,1,0 days 03:40:22.300000
3,8,8,True,8,1.0,0,0.0,2,0.0,1,0.0,4,0.0,1,0 days 00:03:45.100000
3,0,0,True,0,0.65,7,0.22,8,0.12,1,0.01,3,0.0,1,0 days 01:12:56.100000
3,0,1,False,1,0.97,6,0.03,2,0.0,0,0.0,3,0.0,4,0 days 02:43:10
3,2,1,False,1,0.95,2,0.03,8,0.02,0,0.0,4,0.0,2,0 days 03:14:40.300000
3,1,1,True,1,0.95,4,0.04,8,0.01,2,0.0,3,0.0,1,0 days 01:53:45.700000
3,1,1,True,1,0.93,8,0.07,2,0.0,0,0.0,4,0.0,1,0 days 00:49:56.400000
3,1,8,False,8,0.73,1,0.27,2,0.0,0,0.0,4,0.0,2,0 days 00:12:04.900000
3,1,1,True,1,1.0,0,0.0,2,0.0,3,0.0,4,0.0,1,0 days 00:03:25.900000
3,1,1,True,1,1.0,0,0.0,2,0.0,3,0.0,4,0.0,1,0 days 00:03:23.900000
3,1,1,True,1,1.0,0,0.0,2,0.0,3,0.0,4,0.0,1,0 days 00:09:59.800000
3,8,1,False,1,0.99,6,0.01,2,0.0,0,0.0,3,0.0,9,0 days 00:06:11.900000
3,8,1,False,1,0.93,8,0.07,2,0.0,0,0.0,4,0.0,2,0 days 00:05:48.900000
3,8,8,True,8,0.57,1,0.43,2,0.0,0,0.0,4,0.0,1,0 days 00:11:43.800000
3,1,0,False,0,0.61,2,0.21,6,0.11,1,0.07,3,0.0,4,0 days 01:47:40
3,6,1,False,1,0.76,2,0.24,0,0.0,3,0.0,4,0.0,7,0 days 02:06:31.800000
3,6,1,False,1,1.0,0,0.0,2,0.0,3,0.0,4,0.0,7,0 days 00:13:35.700000
3,6,1,False,1,0.98,0,0.02,2,0.0,3,0.0,4,0.0,7,0 days 00:16:45.500000
3,1,1,True,1,1.0,0,0.0,2,0.0,3,0.0,4,0.0,1,0 days 00:46:46.400000
3,1,1,True,1,0.98,7,0.02,2,0.0,0,0.0,3,0.0,1,0 days 01:39:40.400000
3,6,1,False,1,1.0,0,0.0,2,0.0,3,0.0,4,0.0,7,0 days 00:39:54.200000
3,2,1,False,1,0.88,2,0.12,0,0.0,3,0.0,4,0.0,2,0 days 01:26:00.500000
3,8,6,False,6,0.58,9,0.29,1,0.13,2,0.0,3,0.0,10,0 days 00:26:26.900000
3,8,1,False,1,0.96,8,0.04,2,0.0,0,0.0,4,0.0,2,0 days 00:49:38.800000
3,8,1,False,1,0.84,8,0.16,2,0.0,0,0.0,4,0.0,2,0 days 00:12:14
3,8,2,False,2,0.65,1,0.32,0,0.02,6,0.01,3,0.0,9,0 days 01:08:26.500000
3,1,1,True,1,1.0,0,0.0,2,0.0,3,0.0,4,0.0,1,0 days 03:13:38.900000
3,1,1,True,1,0.98,2,0.02,0,0.0,3,0.0,4,0.0,1,0 days 01:28:48.800000
3,2,1,False,1,0.68,2,0.32,0,0.0,3,0.0,4,0.0,2,0 days 01:26:28.300000
3,8,1,False,1,0.99,2,0.01,0,0.0,3,0.0,4,0.0,9,0 days 01:38:11.800000
3,6,2,False,2,0.64,1,0.26,0,0.09,8,0.01,4,0.0,7,0 days 01:05:27.400000
3,1,2,False,2,0.53,7,0.35,1,0.12,0,0.0,3,0.0,3,0 days 01:40:23
3,1,1,True,1,0.87,2,0.13,0,0.0,3,0.0,4,0.0,1,0 days 02:25:44.100000
3,6,1,False,1,0.78,2,0.22,0,0.0,3,0.0,4,0.0,7,0 days 01:27:41.600000
4,5,6,False,6,0.5218333333333335,9,0.41816666666666663,1,0.06,2,0.0,3,0.0,7,0 days 00:53:55.400000
4,5,5,True,5,0.82,1,0.12,7,0.06,0,0.0,3,0.0,1,0 days 03:07:50.600000
4,4,2,False,2,0.73,4,0.2,1,0.04866666666666667,5,0.021333333333333333,3,0.0,2,0 days 02:14:27
4,3,1,False,1,0.68,6,0.19,7,0.08,8,0.05,3,0.0,5,0 days 01:15:37.600000
4,5,1,False,1,0.52,5,0.42,7,0.06,0,0.0,3,0.0,2,0 days 03:07:48.800000
4,3,9,False,9,0.59,1,0.41,2,0.0,0,0.0,4,0.0,8,0 days 00:52:15.200000
4,4,3,False,3,0.7694761904761904,5,0.11628571428571428,1,0.10423809523809525,7,0.01,2,0.0,7,0 days 00:53:51.900000
4,5,4,False,4,0.59,2,0.27,1,0.14,0,0.0,3,0.0,6,0 days 02:41:20.200000
4,7,1,False,1,0.79,3,0.2,7,0.01,0,0.0,2,0.0,3,0 days 00:54:48.300000
4,3,2,False,2,0.74,1,0.22,0,0.04,3,0.0,4,0.0,4,0 days 02:29:38
4,5,1,False,1,0.78,7,0.21,2,0.01,0,0.0,3,0.0,7,0 days 00:46:57.900000
4,7,1,False,1,0.63,8,0.22,0,0.11,3,0.03,2,0.01,9,0 days 02:00:49
4,4,2,False,2,0.93,0,0.07,1,0.0,3,0.0,4,0.0,5,0 days 02:41:16
4,7,1,False,1,0.97,3,0.03,0,0.0,2,0.0,4,0.0,8,0 days 02:01:39
4,7,7,True,7,0.4600000000000001,4,0.45,5,0.09,0,0.0,3,0.0,1,0 days 02:41:10.900000
4,7,1,False,1,1.0,0,0.0,2,0.0,3,0.0,4,0.0,8,0 days 00:50:25.900000
4,1,1,True,1,0.96,2,0.04,0,0.0,3,0.0,4,0.0,1,0 days 01:56:59.400000
4,2,5,False,5,0.8,4,0.14,1,0.03,2,0.03,3,0.0,4,0 days 03:08:04.200000
4,1,5,False,5,0.62,1,0.33,2,0.03,4,0.02,3,0.0,2,0 days 03:08:05
4,1,1,True,1,0.68,5,0.32,2,0.0,0,0.0,3,0.0,1,0 days 03:34:49.900000
4,2,6,False,6,0.61,1,0.39,2,0.0,0,0.0,3,0.0,3,0 days 01:47:50.200000
4,3,3,True,3,0.49950000000000006,7,0.4905,1,0.01,0,0.0,2,0.0,1,0 days 01:20:33.400000
4,3,6,False,6,0.74,1,0.25,7,0.01,0,0.0,3,0.0,5,0 days 01:23:44.600000
4,5,2,False,2,0.61,5,0.35,4,0.04,0,0.0,3,0.0,2,0 days 03:34:53.800000
4,5,1,False,1,0.63,0,0.27,3,0.09,2,0.01,4,0.0,6,0 days 02:00:43.600000
4,5,7,False,7,0.7,6,0.27,4,0.02,2,0.01,3,0.0,8,0 days 02:41:03
4,3,1,False,1,0.61,7,0.27,3,0.09,5,0.03,2,0.0,3,0 days 01:20:36
4,5,5,True,5,0.91,1,0.07,2,0.02,0,0.0,3,0.0,1,0 days 04:28:14.500000
4,1,6,False,6,0.92,1,0.07,2,0.01,0,0.0,3,0.0,2,0 days 01:23:40.500000
4,1,3,False,3,0.46938095238095234,4,0.37228571428571433,7,0.13,1,0.014999999999999998,5,0.013333333333333332,4,0 days 00:53:45.700000
4,5,1,False,1,0.98,2,0.01,5,0.01,0,0.0,3,0.0,3,0 days 02:02:51.200000
4,5,1,False,1,0.8,8,0.19,2,0.01,0,0.0,4,0.0,6,0 days 01:00:08.100000
4,4,6,False,6,0.48733333333333334,4,0.3526666666666667,7,0.09,5,0.05,2,0.02,2,0 days 02:14:16
4,1,7,False,7,0.7,6,0.27,4,0.02,2,0.01,3,0.0,6,0 days 02:41:03
4,1,1,True,1,0.71,2,0.23,0,0.06,3,0.0,4,0.0,1,0 days 00:33:07.200000
4,3,2,False,2,0.71,1,0.15,3,0.14,0,0.0,4,0.0,3,0 days 02:16:17
4,4,1,False,1,0.66,2,0.34,0,0.0,3,0.0,4,0.0,5,0 days 01:47:35.500000
4,4,4,True,4,0.61,3,0.34,7,0.03,5,0.01,6,0.01,1,0 days 01:20:37.300000
4,7,1,False,1,0.73,8,0.27,2,0.0,0,0.0,4,0.0,9,0 days 00:07:25
4,7,2,False,2,0.68,1,0.22,7,0.1,0,0.0,3,0.0,3,0 days 01:40:27.900000
4,7,3,False,3,0.7625,7,0.2275,1,0.01,0,0.0,2,0.0,2,0 days 01:20:34.300000
4,3,2,False,2,0.66,1,0.25,3,0.07,0,0.02,4,0.0,3,0 days 02:00:31.700000
4,4,5,False,5,0.82,4,0.11,1,0.06,3,0.01,2,0.0,2,0 days 02:14:17.700000
4,7,1,False,1,0.57,4,0.2,7,0.16,5,0.040999999999999995,2,0.028999999999999998,3,0 days 03:07:57.300000
4,7,5,False,5,0.8,1,0.15,2,0.03,4,0.02,3,0.0,8,0 days 03:08:04.500000
4,1,6,False,6,0.57,1,0.42,8,0.01,2,0.0,3,0.0,2,0 days 00:38:53.900000
4,1,1,True,1,0.96,0,0.04,2,0.0,3,0.0,4,0.0,1,0 days 00:54:09.900000
4,6,0,False,0,0.64,4,0.18333333333333335,1,0.16666666666666663,7,0.01,3,0.0,8,0 days 02:41:28.900000
4,2,1,False,1,1.0,0,0.0,2,0.0,3,0.0,4,0.0,3,0 days 01:21:00.600000
4,2,1,False,1,0.65,3,0.27,6,0.08,0,0.0,2,0.0,5,0 days 01:22:56.400000
4,1,1,True,1,0.96,9,0.04,2,0.0,0,0.0,4,0.0,1,0 days 00:30:00.600000
4,1,2,False,2,0.59,1,0.39,0,0.02,3,0.0,4,0.0,2,0 days 00:33:11.600000
4,1,1,True,1,0.94,4,0.06,2,0.0,0,0.0,3,0.0,1,0 days 01:36:36
4,9,1,False,1,1.0,0,0.0,2,0.0,3,0.0,4,0.0,10,0 days 00:13:16.200000
4,1,8,False,8,0.65,1,0.35,2,0.0,0,0.0,4,0.0,2,0 days 00:08:05.100000
4,1,8,False,8,0.65,1,0.35,2,0.0,0,0.0,4,0.0,2,0 days 00:08:12.600000
4,1,2,False,2,0.54,6,0.25,1,0.18,7,0.03,3,0.0,3,0 days 01:54:53.500000
4,1,1,True,1,0.65,9,0.27,0,0.08,2,0.0,4,0.0,1,0 days 00:54:27.200000
4,1,7,False,7,0.71,1,0.27,2,0.02,0,0.0,3,0.0,2,0 days 01:40:46.900000
4,1,2,False,2,0.74,1,0.22,0,0.04,3,0.0,4,0.0,2,0 days 02:29:43.900000
4,1,0,False,0,0.64,1,0.2733333333333334,4,0.07666666666666666,7,0.01,3,0.0,2,0 days 02:41:29.300000
4,1,1,True,1,0.99,2,0.01,0,0.0,3,0.0,4,0.0,1,0 days 02:27:34.700000
4,1,0,False,0,0.54,1,0.31,8,0.15,2,0.0,4,0.0,2,0 days 01:09:50.400000
4,1,6,False,6,0.7,1,0.25,8,0.05,2,0.0,3,0.0,2,0 days 01:20:58
4,1,1,True,1,0.99,8,0.01,2,0.0,0,0.0,4,0.0,1,0 days 00:40:31.800000
4,0,6,False,6,0.73,1,0.25,2,0.02,0,0.0,3,0.0,4,0 days 00:56:15.600000
4,1,1,True,1,0.94,0,0.06,2,0.0,3,0.0,4,0.0,1,0 days 00:58:49.800000
4,1,1,True,1,0.96,3,0.04,0,0.0,2,0.0,4,0.0,1,0 days 00:54:55.800000
4,2,1,False,1,0.93,6,0.06,0,0.01,2,0.0,3,0.0,4,0 days 00:56:26.200000
4,8,7,False,7,0.69,1,0.25,4,0.04,8,0.02,3,0.0,4,0 days 00:40:17.200000
4,1,0,False,0,0.68,1,0.32,2,0.0,3,0.0,4,0.0,2,0 days 00:27:51.600000
4,1,6,False,6,0.78,0,0.11,1,0.11,2,0.0,3,0.0,3,0 days 00:27:23.800000
4,1,1,True,1,1.0,0,0.0,2,0.0,3,0.0,4,0.0,1,0 days 00:24:10.600000
4,1,2,False,2,0.62,1,0.33,0,0.05,3,0.0,4,0.0,2,0 days 01:47:31.400000
4,6,1,False,1,0.67,9,0.22,0,0.1,6,0.01,3,0.0,4,0 days 00:17:14
4,6,8,False,8,0.87,1,0.13,2,0.0,0,0.0,4,0.0,7,0 days 00:02:45.400000
4,1,1,True,1,0.99,6,0.01,2,0.0,0,0.0,3,0.0,1,0 days 00:29:15.200000
4,1,1,True,1,0.9,2,0.1,0,0.0,3,0.0,4,0.0,1,0 days 02:14:43.800000
4,1,3,False,3,0.6433333333333334,7,0.24,9,0.07,5,0.04166666666666666,1,0.005,5,0 days 00:53:51.700000
4,1,0,False,0,0.63,1,0.37,2,0.0,3,0.0,4,0.0,2,0 days 00:35:08.800000
4,1,6,False,6,0.6,5,0.22,2,0.13,1,0.05,3,0.0,4,0 days 03:35:04
4,1,7,False,7,0.6,5,0.28,1,0.08,3,0.03,4,0.01,3,0 days 01:20:36.400000
4,1,3,False,3,0.58,1,0.41,2,0.01,0,0.0,4,0.0,2,0 days 01:21:11.400000
4,1,1,True,1,0.94,0,0.06,2,0.0,3,0.0,4,0.0,1,0 days 00:35:21.400000
4,1,1,True,1,0.72,5,0.22,7,0.06,0,0.0,3,0.0,1,0 days 00:36:10.100000
4,6,2,False,2,0.85,1,0.15,0,0.0,3,0.0,4,0.0,7,0 days 01:24:28.800000
4,1,8,False,8,0.85,1,0.15,2,0.0,0,0.0,4,0.0,2,0 days 00:05:47.900000
4,1,6,False,6,0.6,1,0.39,8,0.01,2,0.0,3,0.0,2,0 days 00:04:45
4,1,8,False,8,0.62,6,0.3,2,0.04,1,0.03,0,0.01,4,0 days 01:11:34.400000
4,1,1,True,1,0.86,0,0.14,2,0.0,3,0.0,4,0.0,1,0 days 00:50:56.900000
4,1,1,True,1,0.71,0,0.22,7,0.07,2,0.0,3,0.0,1,0 days 01:06:40.300000
4,1,1,True,1,0.95,9,0.03,5,0.02,2,0.0,3,0.0,1,0 days 00:28:30
4,1,1,True,1,1.0,0,0.0,2,0.0,3,0.0,4,0.0,1,0 days 00:27:18.100000
4,1,9,False,9,0.65,1,0.3,7,0.04,0,0.01,3,0.0,2,0 days 00:41:32.700000
4,1,1,True,1,0.89,0,0.11,2,0.0,3,0.0,4,0.0,1,0 days 00:54:22
4,1,8,False,8,0.91,1,0.09,2,0.0,0,0.0,4,0.0,2,0 days 00:11:47.800000
4,1,1,True,1,0.79,6,0.21,2,0.0,0,0.0,3,0.0,1,0 days 00:13:31.900000
4,0,1,False,1,0.96,0,0.04,2,0.0,3,0.0,4,0.0,2,0 days 00:35:16.100000
4,1,1,True,1,0.72,6,0.27,8,0.01,2,0.0,3,0.0,1,0 days 00:21:10.300000
4,1,1,True,1,0.99,6,0.01,2,0.0,0,0.0,3,0.0,1,0 days 00:39:45.700000
4,1,1,True,1,0.81,9,0.19,2,0.0,0,0.0,4,0.0,1,0 days 00:08:42.600000
4,1,1,True,1,0.91,9,0.07,0,0.02,2,0.0,4,0.0,1,0 days 00:17:27.300000
4,1,1,True,1,0.78,6,0.22,2,0.0,0,0.0,3,0.0,1,0 days 00:26:12.700000
4,1,1,True,1,1.0,0,0.0,2,0.0,3,0.0,4,0.0,1,0 days 00:48:23.400000
4,1,6,False,6,0.63,2,0.19,1,0.09,8,0.06,0,0.03,3,0 days 00:43:06.100000
4,1,1,True,1,0.99,8,0.01,2,0.0,0,0.0,4,0.0,1,0 days 00:34:06.600000
4,8,1,False,1,0.95,7,0.04,6,0.01,0,0.0,3,0.0,9,0 days 00:49:12.300000
4,1,1,True,1,1.0,0,0.0,2,0.0,3,0.0,4,0.0,1,0 days 00:52:55.100000
4,1,8,False,8,0.62,1,0.37,0,0.01,2,0.0,4,0.0,2,0 days 00:37:46.400000
4,1,1,True,1,1.0,0,0.0,2,0.0,3,0.0,4,0.0,1,0 days 00:05:22.800000
4,1,1,True,1,0.97,6,0.03,2,0.0,0,0.0,3,0.0,1,0 days 00:27:30.500000
4,1,8,False,8,0.69,2,0.18,0,0.1,1,0.03,4,0.0,4,0 days 01:21:06.900000
4,1,0,False,0,0.64,1,0.36,2,0.0,3,0.0,4,0.0,2,0 days 00:50:58.100000
4,1,1,True,1,0.86,2,0.1,5,0.04,0,0.0,3,0.0,1,0 days 03:08:20
4,2,2,True,2,0.68,1,0.28,6,0.04,0,0.0,3,0.0,1,0 days 01:23:29
4,1,1,True,1,0.99,0,0.01,2,0.0,3,0.0,4,0.0,1,0 days 00:51:25.400000
4,1,1,True,1,0.57,3,0.28,6,0.13,4,0.02,2,0.0,1,0 days 01:23:09.900000
4,1,1,True,1,0.91,8,0.09,2,0.0,0,0.0,4,0.0,1,0 days 01:10:07.200000
4,2,6,False,6,0.7,0,0.26,1,0.02,8,0.02,3,0.0,8,0 days 01:11:54.100000
4,1,1,True,1,0.74,8,0.24,6,0.02,2,0.0,3,0.0,1,0 days 00:04:36
4,1,1,True,1,0.99,6,0.01,2,0.0,0,0.0,3,0.0,1,0 days 00:31:04.700000
4,6,1,False,1,0.97,6,0.03,2,0.0,0,0.0,3,0.0,2,0 days 01:47:49.800000
4,6,0,False,0,0.66,1,0.34,2,0.0,3,0.0,4,0.0,7,0 days 00:34:34.200000
4,1,1,True,1,0.99,7,0.01,2,0.0,0,0.0,3,0.0,1,0 days 00:49:21.200000
4,1,8,False,8,0.64,1,0.23,5,0.12,2,0.01,3,0.0,2,0 days 01:19:48
4,1,1,True,1,0.88,6,0.12,2,0.0,0,0.0,3,0.0,1,0 days 00:16:08.400000
4,1,1,True,1,1.0,0,0.0,2,0.0,3,0.0,4,0.0,1,0 days 00:46:36.700000
4,1,1,True,1,1.0,0,0.0,2,0.0,3,0.0,4,0.0,1,0 days 00:36:17.600000
4,1,1,True,1,1.0,0,0.0,2,0.0,3,0.0,4,0.0,1,0 days 00:30:47.700000
4,1,1,True,1,0.89,2,0.11,0,0.0,3,0.0,4,0.0,1,0 days 01:21:02.500000
4,2,1,False,1,0.67,7,0.33,2,0.0,0,0.0,3,0.0,3,0 days 00:54:07.300000
4,1,1,True,1,0.9,2,0.07,4,0.03,0,0.0,3,0.0,1,0 days 02:14:37.800000
4,6,2,False,2,0.58,3,0.24,1,0.15,6,0.03,0,0.0,4,0 days 01:50:06.300000
4,6,1,False,1,0.69,0,0.22,6,0.09,2,0.0,3,0.0,3,0 days 00:31:56.900000
4,1,1,True,1,0.87,8,0.08,6,0.05,2,0.0,3,0.0,1,0 days 00:31:26.700000
4,1,1,True,1,0.94,7,0.06,2,0.0,0,0.0,3,0.0,1,0 days 00:15:22.400000
4,1,1,True,1,1.0,0,0.0,2,0.0,3,0.0,4,0.0,1,0 days 00:06:41
4,1,6,False,6,0.59,8,0.24,1,0.13,4,0.04,3,0.0,3,0 days 00:21:27.500000
4,1,1,True,1,0.79,2,0.2,6,0.01,0,0.0,3,0.0,1,0 days 01:47:43.800000
4,1,1,True,1,0.75,6,0.25,2,0.0,0,0.0,3,0.0,1,0 days 01:48:00
4,1,1,True,1,0.9,2,0.07,4,0.03,0,0.0,3,0.0,1,0 days 02:14:37.800000
4,1,1,True,1,1.0,0,0.0,2,0.0,3,0.0,4,0.0,1,0 days 00:29:42.900000
4,1,6,False,6,0.61,1,0.26,8,0.11,7,0.02,3,0.0,2,0 days 01:15:48.400000
4,1,1,True,1,0.95,0,0.04,7,0.01,2,0.0,3,0.0,1,0 days 00:54:09.600000
4,1,1,True,1,0.57,0,0.22,7,0.21,2,0.0,3,0.0,1,0 days 00:53:59
4,1,6,False,6,0.59,1,0.32,0,0.09,2,0.0,3,0.0,2,0 days 00:47:45.600000
4,1,1,True,1,0.86,9,0.11,8,0.03,0,0.0,4,0.0,1,0 days 00:26:29.800000
4,1,1,True,1,0.9083333333333334,6,0.06,0,0.03166666666666666,2,0.0,3,0.0,1,0 days 00:47:30.800000
4,0,1,False,1,1.0,0,0.0,2,0.0,3,0.0,4,0.0,2,0 days 00:44:50.900000
4,6,1,False,1,0.9,2,0.1,0,0.0,3,0.0,4,0.0,7,0 days 02:17:44.200000
4,9,1,False,1,0.71,3,0.27,0,0.02,2,0.0,4,0.0,10,0 days 00:20:27.500000
4,0,1,False,1,0.66,8,0.22,2,0.1,6,0.02,3,0.0,8,0 days 00:59:20.800000
4,1,1,True,1,0.95,6,0.04166666666666666,9,0.008333333333333333,2,0.0,3,0.0,1,0 days 00:14:05
4,1,8,False,8,0.66,6,0.18,1,0.16,2,0.0,3,0.0,3,0 days 00:48:01
4,2,1,False,1,0.98,4,0.02,2,0.0,0,0.0,3,0.0,3,0 days 02:14:46.600000
4,0,1,False,1,0.94,0,0.06,2,0.0,3,0.0,4,0.0,2,0 days 00:58:18.600000
4,0,1,False,1,0.75,0,0.2,8,0.03,2,0.02,4,0.0,2,0 days 01:06:00.400000
4,1,6,False,6,0.89,1,0.11,2,0.0,0,0.0,3,0.0,2,0 days 00:10:35.400000
4,1,1,True,1,1.0,0,0.0,2,0.0,3,0.0,4,0.0,1,0 days 00:13:02.900000
4,0,1,False,1,1.0,0,0.0,2,0.0,3,0.0,4,0.0,2,0 days 00:45:05.700000
4,1,1,True,1,1.0,0,0.0,2,0.0,3,0.0,4,0.0,1,0 days 00:44:53.400000
4,1,2,False,2,0.71,1,0.23,5,0.06,0,0.0,3,0.0,2,0 days 03:22:54.700000
4,0,1,False,1,0.67,7,0.33,2,0.0,0,0.0,3,0.0,4,0 days 00:54:07
4,1,7,False,7,0.64,1,0.35,2,0.01,0,0.0,3,0.0,2,0 days 01:58:43.100000
4,6,1,False,1,0.79,5,0.19,6,0.02,0,0.0,3,0.0,3,0 days 02:16:45.300000
4,1,3,False,3,0.65,1,0.33,2,0.01,5,0.01,0,0.0,2,0 days 01:21:44.500000
4,1,2,False,2,0.76,1,0.24,0,0.0,3,0.0,4,0.0,2,0 days 01:25:08.900000
4,1,1,True,1,1.0,0,0.0,2,0.0,3,0.0,4,0.0,1,0 days 00:46:40.700000
4,1,6,False,6,0.65,1,0.27,2,0.08,0,0.0,3,0.0,2,0 days 01:18:41.800000
4,2,6,False,6,0.7,1,0.18,4,0.09,3,0.03,2,0.0,5,0 days 01:23:14.100000
4,1,2,False,2,0.65,1,0.26,5,0.09,0,0.0,3,0.0,2,0 days 02:02:40.200000
4,0,0,True,0,0.77,1,0.23,2,0.0,3,0.0,4,0.0,1,0 days 00:51:14.300000
4,1,1,True,1,0.82,6,0.16,0,0.01,8,0.01,3,0.0,1,0 days 00:42:37.700000
4,1,1,True,1,0.97,5,0.03,2,0.0,0,0.0,3,0.0,1,0 days 04:04:33.100000
4,1,1,True,1,0.75,6,0.25,2,0.0,0,0.0,3,0.0,1,0 days 00:16:45
4,2,1,False,1,1.0,0,0.0,2,0.0,3,0.0,4,0.0,3,0 days 02:54:09.700000
4,1,2,False,2,0.65,1,0.35,0,0.0,3,0.0,4,0.0,2,0 days 01:28:10.300000
4,1,1,True,1,1.0,0,0.0,2,0.0,3,0.0,4,0.0,1,0 days 01:28:51.700000
4,2,2,True,2,0.7,1,0.28,6,0.01,4,0.01,3,0.0,1,0 days 01:27:23.500000
4,2,1,False,1,0.91,2,0.09,0,0.0,3,0.0,4,0.0,2,0 days 01:29:08.300000
4,2,2,True,2,0.68,4,0.22,1,0.1,0,0.0,3,0.0,1,0 days 01:27:14.900000
4,1,1,True,1,0.98,2,0.02,0,0.0,3,0.0,4,0.0,1,0 days 01:28:49.700000
4,1,1,True,1,0.93,5,0.07,2,0.0,0,0.0,3,0.0,1,0 days 01:34:36.900000
4,2,1,False,1,0.9,6,0.08,2,0.02,0,0.0,3,0.0,3,0 days 01:27:45.300000
4,8,9,False,9,0.6,0,0.23,1,0.12,6,0.05,3,0.0,10,0 days 00:16:55.500000
4,2,1,False,1,0.81,7,0.17,8,0.02,2,0.0,3,0.0,4,0 days 01:41:19.700000
4,2,1,False,1,1.0,0,0.0,2,0.0,3,0.0,4,0.0,3,0 days 01:48:43.600000
4,1,1,True,1,1.0,0,0.0,2,0.0,3,0.0,4,0.0,1,0 days 00:03:15.200000
4,1,1,True,1,1.0,0,0.0,2,0.0,3,0.0,4,0.0,1,0 days 00:03:23.600000
4,1,1,True,1,1.0,0,0.0,2,0.0,3,0.0,4,0.0,1,0 days 00:03:21.500000
4,1,1,True,1,1.0,0,0.0,2,0.0,3,0.0,4,0.0,1,0 days 00:03:19.500000
4,1,1,True,1,0.63,2,0.37,0,0.0,3,0.0,4,0.0,1,0 days 01:33:42.600000
4,1,9,False,9,0.67,1,0.33,2,0.0,0,0.0,4,0.0,2,0 days 00:18:01.200000
4,8,8,True,8,0.87,1,0.13,2,0.0,0,0.0,4,0.0,1,0 days 00:02:49.900000
4,8,1,False,1,0.68,6,0.3,9,0.02,2,0.0,3,0.0,10,0 days 00:18:39.700000
4,1,1,True,1,1.0,0,0.0,2,0.0,3,0.0,4,0.0,1,0 days 00:06:42.200000
4,1,1,True,1,0.68,8,0.32,2,0.0,0,0.0,4,0.0,1,0 days 00:06:47.200000
4,1,6,False,6,0.62,1,0.36,8,0.02,2,0.0,3,0.0,2,0 days 00:34:46.500000
4,1,1,True,1,1.0,0,0.0,2,0.0,3,0.0,4,0.0,1,0 days 00:03:30.700000
4,1,2,False,2,0.54,1,0.46,0,0.0,3,0.0,4,0.0,2,0 days 01:33:06.300000
4,1,6,False,6,0.64,1,0.36,2,0.0,0,0.0,3,0.0,2,0 days 00:13:46.900000
4,1,2,False,2,0.63,5,0.22,1,0.15,0,0.0,3,0.0,3,0 days 01:28:45.800000
4,1,1,True,1,1.0,0,0.0,2,0.0,3,0.0,4,0.0,1,0 days 00:03:17.300000
4,1,1,True,1,1.0,0,0.0,2,0.0,3,0.0,4,0.0,1,0 days 00:03:22.300000
4,0,1,False,1,0.85,0,0.14,2,0.01,3,0.0,4,0.0,2,0 days 01:03:47.800000
4,1,8,False,8,0.8816666666666667,1,0.11833333333333332,2,0.0,0,0.0,4,0.0,2,0 days 00:06:51.600000
4,1,1,True,1,1.0,0,0.0,2,0.0,3,0.0,4,0.0,1,0 days 03:40:30.300000
4,1,1,True,1,0.9,8,0.1,2,0.0,0,0.0,4,0.0,1,0 days 00:49:28.700000
4,1,6,False,6,0.63,1,0.37,2,0.0,0,0.0,3,0.0,2,0 days 00:13:36.300000
4,1,1,True,1,1.0,0,0.0,2,0.0,3,0.0,4,0.0,1,0 days 00:03:19.700000
4,1,1,True,1,1.0,0,0.0,2,0.0,3,0.0,4,0.0,1,0 days 00:12:58.300000
4,1,1,True,1,1.0,0,0.0,2,0.0,3,0.0,4,0.0,1,0 days 00:13:22.300000
4,8,1,False,1,1.0,0,0.0,2,0.0,3,0.0,4,0.0,9,0 days 00:23:39.500000
4,8,1,False,1,0.88,8,0.12,2,0.0,0,0.0,4,0.0,2,0 days 00:04:02.400000
4,1,1,True,1,0.91,8,0.09,2,0.0,0,0.0,4,0.0,1,0 days 00:03:38.400000
4,1,1,True,1,1.0,0,0.0,2,0.0,3,0.0,4,0.0,1,0 days 00:03:28.500000
4,1,1,True,1,0.74,0,0.26,2,0.0,3,0.0,4,0.0,1,0 days 00:03:31.800000
4,1,1,True,1,0.99,6,0.01,2,0.0,0,0.0,3,0.0,1,0 days 00:42:34
4,1,8,False,8,0.71,1,0.29,2,0.0,0,0.0,4,0.0,2,0 days 00:03:51.800000
4,1,8,False,8,0.85,1,0.15,2,0.0,0,0.0,4,0.0,2,0 days 00:06:45.300000
4,2,1,False,1,0.82,2,0.18,0,0.0,3,0.0,4,0.0,2,0 days 02:19:55.700000
4,8,1,False,1,0.79,8,0.21,2,0.0,0,0.0,4,0.0,2,0 days 00:03:37.900000
4,8,8,True,8,0.76,1,0.24,2,0.0,0,0.0,4,0.0,1,0 days 00:06:47.400000
4,1,8,False,8,0.72,1,0.19,2,0.07,5,0.02,3,0.0,2,0 days 02:42:38
4,8,8,True,8,0.8816666666666667,1,0.11833333333333332,2,0.0,0,0.0,4,0.0,1,0 days 00:06:51.600000
4,0,1,False,1,0.82,2,0.17,8,0.01,0,0.0,4,0.0,4,0 days 00:34:03.700000
4,1,1,True,1,0.92,0,0.08,2,0.0,3,0.0,4,0.0,1,0 days 00:03:31.900000
4,1,8,False,8,0.71,1,0.29,2,0.0,0,0.0,4,0.0,2,0 days 00:07:05.100000
4,6,6,True,6,0.59,1,0.41,2,0.0,0,0.0,3,0.0,1,0 days 00:27:31.500000
4,1,1,True,1,0.78,7,0.22,2,0.0,0,0.0,3,0.0,1,0 days 01:45:10.100000
4,6,8,False,8,0.67,9,0.22,1,0.11,0,0.0,4,0.0,10,0 days 00:26:27.100000
4,1,1,True,1,1.0,0,0.0,2,0.0,3,0.0,4,0.0,1,0 days 00:03:14.500000
4,1,1,True,1,0.77,0,0.23,2,0.0,3,0.0,4,0.0,1,0 days 00:44:02.100000
4,1,8,False,8,0.895,1,0.105,2,0.0,0,0.0,4,0.0,2,0 days 00:06:52
4,1,0,False,0,0.91,1,0.09,2,0.0,3,0.0,4,0.0,2,0 days 00:51:13.100000
4,6,1,False,1,1.0,0,0.0,2,0.0,3,0.0,4,0.0,7,0 days 00:11:04.700000
4,6,8,False,8,0.59,3,0.38,1,0.02,2,0.01,4,0.0,7,0 days 01:22:23.500000
4,8,0,False,0,0.64,1,0.36,2,0.0,3,0.0,4,0.0,9,0 days 00:37:23.700000
4,6,0,False,0,0.9,1,0.1,2,0.0,3,0.0,4,0.0,7,0 days 00:39:35.200000
4,1,7,False,7,0.7,1,0.3,2,0.0,0,0.0,3,0.0,2,0 days 01:39:55.800000
4,2,1,False,1,0.58,2,0.42,0,0.0,3,0.0,4,0.0,2,0 days 01:26:03.500000
4,1,1,True,1,0.9,2,0.1,0,0.0,3,0.0,4,0.0,1,0 days 02:17:41.400000
4,1,7,False,7,0.65,1,0.3,8,0.05,2,0.0,3,0.0,2,0 days 01:41:21.500000
4,2,2,True,2,0.91,1,0.09,0,0.0,3,0.0,4,0.0,1,0 days 01:26:25.400000
4,1,3,False,3,0.58,1,0.41,2,0.01,0,0.0,4,0.0,2,0 days 01:42:10.300000
4,8,1,False,1,0.87,2,0.1,0,0.03,3,0.0,4,0.0,9,0 days 01:05:50.300000
4,2,2,True,2,0.98,8,0.02,1,0.0,0,0.0,4,0.0,1,0 days 01:01:02.800000
4,8,1,False,1,0.7,2,0.26,8,0.04,0,0.0,4,0.0,3,0 days 01:37:47.800000
4,2,2,True,2,0.63,8,0.37,1,0.0,0,0.0,4,0.0,1,0 days 01:00:34.200000
4,1,1,True,1,0.99,2,0.01,0,0.0,3,0.0,4,0.0,1,0 days 02:56:23.100000
4,8,1,False,1,1.0,0,0.0,2,0.0,3,0.0,4,0.0,9,0 days 00:45:10.900000
4,1,2,False,2,0.87,1,0.12,4,0.01,0,0.0,3,0.0,2,0 days 01:27:22.500000
4,8,8,True,8,0.97,2,0.03,1,0.0,0,0.0,4,0.0,1,0 days 01:00:39.100000
4,2,0,False,0,0.66,1,0.34,2,0.0,3,0.0,4,0.0,3,0 days 01:28:28.800000
4,1,2,False,2,0.72,1,0.28,0,0.0,3,0.0,4,0.0,2,0 days 01:26:40.800000
4,1,6,False,6,0.7,1,0.3,2,0.0,0,0.0,3,0.0,2,0 days 00:27:33.500000
4,6,5,False,5,0.56,2,0.23,1,0.14,7,0.07,3,0.0,8,0 days 01:13:59.100000
5,4,5,False,5,0.62,4,0.3383333333333334,3,0.04166666666666667,0,0.0,2,0.0,2,0 days 02:14:19
5,5,2,False,2,0.63,1,0.35,8,0.02,0,0.0,4,0.0,6,0 days 03:20:44.200000
5,5,1,False,1,0.67,6,0.31,5,0.02,0,0.0,3,0.0,3,0 days 02:03:19
5,7,3,False,3,0.68,1,0.31,8,0.01,0,0.0,4,0.0,9,0 days 01:15:26.900000
5,3,1,False,1,0.45,6,0.42,2,0.12,3,0.01,0,0.0,4,0 days 01:50:12.600000
5,3,3,True,3,0.8734999999999999,7,0.1265,1,0.0,0,0.0,2,0.0,1,0 days 01:20:29.700000
5,2,1,False,1,0.64,2,0.32,4,0.04,0,0.0,3,0.0,2,0 days 01:47:34.700000
5,7,5,False,5,0.7,1,0.3,2,0.0,0,0.0,3,0.0,8,0 days 00:36:05.100000
5,7,7,True,7,0.66,2,0.25,1,0.09,0,0.0,3,0.0,1,0 days 02:10:59.900000
5,7,1,False,1,0.66,5,0.25,3,0.09,0,0.0,2,0.0,8,0 days 01:20:36.300000
5,5,2,False,2,0.53,5,0.27,1,0.10583333333333333,4,0.09416666666666668,3,0.0,2,0 days 02:14:20.400000
5,5,5,True,5,0.63,7,0.37,0,0.0,1,0.0,3,0.0,1,0 days 02:41:07.300000
5,7,1,False,1,0.97,8,0.03,2,0.0,0,0.0,4,0.0,9,0 days 02:43:47.400000
5,5,5,True,5,0.6683333333333334,7,0.31166666666666665,4,0.02,0,0.0,3,0.0,1,0 days 02:41:08.300000
5,2,2,True,2,0.63,1,0.35,8,0.02,0,0.0,4,0.0,1,0 days 03:20:24.200000
5,2,5,False,5,0.68,1,0.32,2,0.0,0,0.0,3,0.0,3,0 days 03:08:16.900000
5,2,1,False,1,0.78,2,0.21,7,0.01,0,0.0,3,0.0,2,0 days 01:58:13
5,2,5,False,5,0.92,7,0.08,0,0.0,1,0.0,3,0.0,6,0 days 03:08:00.400000
5,1,1,True,1,0.9058333333333333,5,0.049416666666666664,3,0.03475,4,0.01,2,0.0,1,0 days 00:53:52.400000
5,0,1,False,1,0.71,6,0.28,9,0.01,2,0.0,3,0.0,8,0 days 00:16:47.400000
5,2,4,False,4,0.6,5,0.21333333333333332,1,0.18666666666666665,0,0.0,3,0.0,6,0 days 02:14:21.900000
5,2,0,False,0,0.68,1,0.3,2,0.01,4,0.01,3,0.0,3,0 days 01:47:39.400000
5,6,1,False,1,0.74,0,0.25,2,0.01,3,0.0,4,0.0,7,0 days 01:47:41.400000
5,2,4,False,4,0.68,1,0.20492857142857143,5,0.11507142857142857,0,0.0,3,0.0,6,0 days 02:14:24.900000
5,0,1,False,1,0.8633333333333333,2,0.11666666666666665,4,0.02,0,0.0,3,0.0,4,0 days 01:47:32.300000
5,4,1,False,1,0.94,8,0.06,2,0.0,0,0.0,4,0.0,5,0 days 02:41:37.200000
5,3,5,False,5,0.61,6,0.3,1,0.09,0,0.0,3,0.0,5,0 days 01:17:52.700000
5,3,5,False,5,0.6525,1,0.32916666666666666,4,0.01,3,0.008333333333333333,2,0.0,4,0 days 00:53:52.700000
5,1,4,False,4,0.94,5,0.05,2,0.01,0,0.0,3,0.0,6,0 days 02:14:19.600000
5,1,5,False,5,0.69,1,0.16,7,0.1,2,0.03,4,0.02,2,0 days 03:08:05.300000
5,5,1,False,1,0.742,7,0.23799999999999996,3,0.016666666666666666,0,0.003333333333333333,2,0.0,7,0 days 00:53:42.600000
5,5,7,False,7,0.6516666666666666,1,0.34,4,0.008333333333333333,0,0.0,3,0.0,7,0 days 02:41:11.600000
5,5,3,False,3,0.8734999999999999,7,0.1265,1,0.0,0,0.0,2,0.0,7,0 days 01:20:25.500000
5,5,2,False,2,0.7283333333333334,8,0.17,1,0.08,0,0.021666666666666664,4,0.0,6,0 days 01:20:52.200000
5,5,1,False,1,0.99,8,0.01,2,0.0,0,0.0,4,0.0,6,0 days 00:24:51.700000
5,6,7,False,7,0.7391666666666667,5,0.13383333333333333,1,0.08700000000000001,4,0.04,3,0.0,8,0 days 02:41:04.100000
5,2,0,False,0,0.61,2,0.32,4,0.07,1,0.0,3,0.0,2,0 days 02:41:15.500000
5,4,5,False,5,0.63,4,0.3416666666666666,1,0.028333333333333335,0,0.0,3,0.0,2,0 days 02:14:12.200000
5,3,1,False,1,0.7908333333333334,5,0.19916666666666663,7,0.01,0,0.0,3,0.0,5,0 days 00:53:46.800000
5,4,4,True,4,0.64,3,0.32,5,0.02,7,0.02,2,0.0,1,0 days 01:20:37.400000
5,3,1,False,1,0.8,2,0.16,3,0.03,8,0.01,4,0.0,3,0 days 01:41:57.600000
5,3,1,False,1,0.7125,3,0.23083333333333333,7,0.05,0,0.006666666666666666,2,0.0,2,0 days 00:53:49.700000
5,4,1,False,1,0.74,2,0.2,4,0.06,0,0.0,3,0.0,3,0 days 01:47:24.900000
5,4,1,False,1,0.5316666666666666,4,0.44833333333333336,5,0.02,0,0.0,3,0.0,2,0 days 02:14:13.200000
5,3,1,False,1,0.67,3,0.29,7,0.04,0,0.0,2,0.0,2,0 days 00:53:38.900000
5,4,1,False,1,0.98,6,0.02,2,0.0,0,0.0,3,0.0,6,0 days 00:29:03.500000
5,7,4,False,4,0.5183333333333333,1,0.46166666666666667,5,0.02,0,0.0,3,0.0,8,0 days 02:14:13
5,7,2,False,2,0.63,0,0.26,7,0.08,1,0.03,3,0.0,3,0 days 00:57:02.300000
5,7,8,False,8,0.69,1,0.26,6,0.05,2,0.0,3,0.0,9,0 days 02:41:32
5,7,3,False,3,0.59,7,0.24,4,0.08,1,0.06,2,0.03,2,0 days 01:46:57.800000
5,1,1,True,1,0.79,6,0.2,7,0.01,0,0.0,3,0.0,1,0 days 00:43:40.700000
5,1,4,False,4,0.67,1,0.22,2,0.07,7,0.04,3,0.0,2,0 days 01:47:23.400000
5,1,1,True,1,1.0,0,0.0,2,0.0,3,0.0,4,0.0,1,0 days 00:29:38.100000
5,9,1,False,1,0.78,3,0.22,0,0.0,2,0.0,4,0.0,10,0 days 00:26:57.200000
5,1,1,True,1,0.64,8,0.23333333333333336,2,0.12666666666666668,0,0.0,4,0.0,1,0 days 01:08:22.100000
5,1,1,True,1,1.0,0,0.0,2,0.0,3,0.0,4,0.0,1,0 days 00:26:49.700000
5,1,1,True,1,0.99,6,0.01,2,0.0,0,0.0,3,0.0,1,0 days 00:16:43.600000
5,1,1,True,1,1.0,0,0.0,2,0.0,3,0.0,4,0.0,1,0 days 00:12:38.400000
5,1,1,True,1,0.87,6,0.12,0,0.01,2,0.0,3,0.0,1,0 days 00:27:30.700000
5,1,0,False,0,0.6,1,0.39,2,0.01,3,0.0,4,0.0,2,0 days 00:54:11.400000
5,1,3,False,3,0.6,1,0.21,2,0.15,6,0.04,0,0.0,2,0 days 01:23:07.800000
5,1,2,False,2,0.67,1,0.22,6,0.07,8,0.04,3,0.0,2,0 days 01:19:09.900000
5,1,1,True,1,0.98,7,0.02,2,0.0,0,0.0,3,0.0,1,0 days 00:40:28.800000
5,1,1,True,1,1.0,0,0.0,2,0.0,3,0.0,4,0.0,1,0 days 00:27:11.900000
5,1,1,True,1,0.6,6,0.25,2,0.14,8,0.01,3,0.0,1,0 days 01:31:05.400000
5,1,6,False,6,0.64,1,0.27,3,0.09,0,0.0,2,0.0,2,0 days 01:48:02.300000
5,1,5,False,5,0.67,7,0.16,1,0.14,2,0.03,3,0.0,3,0 days 00:46:57.800000
5,1,4,False,4,0.69,0,0.2,1,0.06,8,0.03,7,0.02,3,0 days 01:13:13.200000
5,8,9,False,9,0.4753333333333334,5,0.4146666666666667,8,0.07,1,0.04,3,0.0,3,0 days 00:40:12.300000
5,1,1,True,1,0.84,6,0.16,2,0.0,0,0.0,3,0.0,1,0 days 00:29:07.300000
5,1,1,True,1,0.95,8,0.05,2,0.0,0,0.0,4,0.0,1,0 days 00:27:55.800000
5,1,4,False,4,0.67,7,0.18,1,0.11,2,0.04,3,0.0,3,0 days 01:47:22
5,1,4,False,4,0.66,2,0.3,1,0.04,0,0.0,3,0.0,3,0 days 01:47:35.300000
5,1,0,False,0,0.65,1,0.35,2,0.0,3,0.0,4,0.0,2,0 days 00:35:19.900000
5,1,1,True,1,1.0,0,0.0,2,0.0,3,0.0,4,0.0,1,0 days 00:09:09.300000
5,1,1,True,1,0.76,8,0.24,2,0.0,0,0.0,4,0.0,1,0 days 00:34:57.200000
5,1,0,False,0,0.65,1,0.35,2,0.0,3,0.0,4,0.0,2,0 days 00:35:16.400000
5,1,1,True,1,0.99,2,0.01,0,0.0,3,0.0,4,0.0,1,0 days 01:48:36.600000
5,1,1,True,1,0.91,7,0.06,4,0.03,0,0.0,3,0.0,1,0 days 00:53:48.700000
5,1,1,True,1,1.0,0,0.0,2,0.0,3,0.0,4,0.0,1,0 days 03:35:12.300000
5,1,0,False,0,0.6,1,0.4,2,0.0,3,0.0,4,0.0,2,0 days 00:54:12.100000
5,1,1,True,1,1.0,0,0.0,2,0.0,3,0.0,4,0.0,1,0 days 00:27:12.100000
5,1,6,False,6,0.56,1,0.44,2,0.0,0,0.0,3,0.0,2,0 days 00:06:24.700000
5,1,1,True,1,0.99,3,0.01,0,0.0,2,0.0,4,0.0,1,0 days 01:34:44.100000
5,9,1,False,1,0.72,8,0.28,2,0.0,0,0.0,4,0.0,10,0 days 00:06:32.300000
5,1,1,True,1,0.86,6,0.12,0,0.02,2,0.0,3,0.0,1,0 days 00:27:30.600000
5,1,1,True,1,1.0,0,0.0,2,0.0,3,0.0,4,0.0,1,0 days 00:54:59.100000
5,1,8,False,8,0.64,1,0.36,2,0.0,0,0.0,4,0.0,2,0 days 00:07:57.400000
5,1,4,False,4,0.69,1,0.31,2,0.0,0,0.0,3,0.0,2,0 days 01:53:57.100000
5,1,1,True,1,1.0,0,0.0,2,0.0,3,0.0,4,0.0,1,0 days 01:21:17.300000
5,1,1,True,1,1.0,0,0.0,2,0.0,3,0.0,4,0.0,1,0 days 01:49:20.200000
5,1,1,True,1,0.9,5,0.08,2,0.02,0,0.0,3,0.0,1,0 days 02:19:32.600000
5,1,1,True,1,0.97,2,0.03,0,0.0,3,0.0,4,0.0,1,0 days 01:57:12.100000
5,1,1,True,1,1.0,0,0.0,2,0.0,3,0.0,4,0.0,1,0 days 00:48:22.200000
5,1,2,False,2,0.63,3,0.21,6,0.13,1,0.03,0,0.0,4,0 days 01:22:56.600000
5,1,1,True,1,0.99,0,0.01,2,0.0,3,0.0,4,0.0,1,0 days 00:50:49.300000
5,1,5,False,5,0.65,1,0.35,2,0.0,0,0.0,3,0.0,2,0 days 02:48:59.900000
5,1,1,True,1,0.55,0,0.31,6,0.14,2,0.0,3,0.0,1,0 days 00:34:31.300000
5,1,1,True,1,0.76,5,0.22,2,0.02,0,0.0,3,0.0,1,0 days 02:02:48.500000
5,2,4,False,4,0.58,1,0.38,3,0.04,0,0.0,2,0.0,5,0 days 01:22:00.900000
5,1,8,False,8,0.61,1,0.39,2,0.0,0,0.0,4,0.0,2,0 days 00:37:44.200000
5,1,1,True,1,0.99,6,0.01,2,0.0,0,0.0,3,0.0,1,0 days 01:47:58.300000
5,6,1,False,1,0.95,6,0.03,4,0.01,8,0.01,3,0.0,2,0 days 00:21:18.300000
5,1,2,False,2,0.67,1,0.22,6,0.07,8,0.04,3,0.0,2,0 days 01:19:08.800000
5,1,1,True,1,0.96,6,0.03,0,0.01,2,0.0,3,0.0,1,0 days 00:27:37.400000
5,1,1,True,1,1.0,0,0.0,2,0.0,3,0.0,4,0.0,1,0 days 01:49:04.800000
5,1,0,False,0,0.58,6,0.27,1,0.15,2,0.0,3,0.0,3,0 days 00:47:39.200000
5,1,7,False,7,0.86,1,0.14,2,0.0,0,0.0,3,0.0,2,0 days 02:14:56.600000
5,1,1,True,1,0.89,9,0.07,6,0.04,2,0.0,3,0.0,1,0 days 00:26:28.700000
5,1,1,True,1,1.0,0,0.0,2,0.0,3,0.0,4,0.0,1,0 days 00:48:22.300000
5,1,6,False,6,0.66,0,0.18,1,0.16,2,0.0,3,0.0,3,0 days 00:30:41.700000
5,6,1,False,1,0.79,6,0.21,2,0.0,0,0.0,3,0.0,2,0 days 00:31:09.700000
5,6,5,False,5,0.4579999999999999,9,0.412,6,0.09,1,0.04,3,0.0,3,0 days 00:53:55.400000
5,1,6,False,6,0.67,7,0.22,1,0.08,5,0.03,3,0.0,3,0 days 00:33:32.800000
5,1,1,True,1,1.0,0,0.0,2,0.0,3,0.0,4,0.0,1,0 days 00:29:34.200000
5,1,7,False,7,0.57,0,0.29,3,0.09,6,0.04,9,0.01,8,0 days 00:20:47.800000
5,1,1,True,1,0.95,7,0.05,2,0.0,0,0.0,3,0.0,1,0 days 00:50:00.700000
5,1,1,True,1,0.91,0,0.09,2,0.0,3,0.0,4,0.0,1,0 days 01:48:09.800000
5,1,3,False,3,0.76,1,0.21,6,0.03,0,0.0,2,0.0,2,0 days 02:16:28.800000
5,1,6,False,6,0.64,1,0.36,2,0.0,0,0.0,3,0.0,2,0 days 00:32:48.600000
5,1,1,True,1,0.8,8,0.2,2,0.0,0,0.0,4,0.0,1,0 days 00:49:34.200000
5,1,1,True,1,1.0,0,0.0,2,0.0,3,0.0,4,0.0,1,0 days 00:46:36.300000
5,1,1,True,1,1.0,0,0.0,2,0.0,3,0.0,4,0.0,1,0 days 00:06:43.300000
5,1,1,True,1,0.99,6,0.01,2,0.0,0,0.0,3,0.0,1,0 days 00:28:59.300000
5,0,1,False,1,1.0,0,0.0,2,0.0,3,0.0,4,0.0,2,0 days 03:35:14.500000
5,1,1,True,1,1.0,0,0.0,2,0.0,3,0.0,4,0.0,1,0 days 01:47:55.600000
5,1,2,False,2,0.7283333333333334,8,0.17,1,0.08,0,0.021666666666666664,4,0.0,3,0 days 01:20:52
5,1,2,False,2,0.74,1,0.26,0,0.0,3,0.0,4,0.0,2,0 days 01:33:36.200000
5,1,2,False,2,0.76,1,0.15,6,0.09,0,0.0,3,0.0,2,0 days 02:06:48.600000
5,1,1,True,1,0.82,7,0.18,2,0.0,0,0.0,3,0.0,1,0 days 00:07:21.400000
5,1,1,True,1,0.99,8,0.01,2,0.0,0,0.0,4,0.0,1,0 days 00:49:20.100000
5,1,1,True,1,0.77,2,0.21,7,0.02,0,0.0,3,0.0,1,0 days 01:58:21.800000
5,1,8,False,8,0.81,1,0.19,2,0.0,0,0.0,4,0.0,2,0 days 00:11:41.900000
5,1,1,True,1,1.0,0,0.0,2,0.0,3,0.0,4,0.0,1,0 days 00:09:00.700000
5,0,0,True,0,0.6,7,0.21,8,0.12,4,0.06,1,0.01,1,0 days 01:12:59.100000
5,1,1,True,1,0.63,5,0.26,0,0.11,2,0.0,3,0.0,1,0 days 00:44:12.900000
5,1,2,False,2,0.88,1,0.12,0,0.0,3,0.0,4,0.0,2,0 days 02:20:36
5,1,1,True,1,0.84,8,0.11,6,0.05,2,0.0,3,0.0,1,0 days 02:41:32.700000
5,6,5,False,5,0.64,1,0.33,2,0.03,0,0.0,3,0.0,7,0 days 03:35:05.100000
5,0,1,False,1,1.0,0,0.0,2,0.0,3,0.0,4,0.0,2,0 days 00:58:38
5,1,1,True,1,1.0,0,0.0,2,0.0,3,0.0,4,0.0,1,0 days 00:49:21.600000
5,1,2,False,2,0.89,8,0.11,1,0.0,0,0.0,4,0.0,3,0 days 01:01:37.600000
5,1,8,False,8,0.65,1,0.35,2,0.0,0,0.0,4,0.0,2,0 days 00:23:37.400000
5,1,1,True,1,0.88,2,0.07,8,0.03,6,0.02,3,0.0,1,0 days 02:04:25.300000
5,1,1,True,1,1.0,0,0.0,2,0.0,3,0.0,4,0.0,1,0 days 02:21:24.800000
5,1,7,False,7,0.76,4,0.2,2,0.023333333333333334,5,0.016666666666666666,3,0.0,6,0 days 03:07:57.300000
5,1,1,True,1,0.65,0,0.22,8,0.1,7,0.02,5,0.01,1,0 days 00:58:11.900000
5,6,1,False,1,0.7,2,0.3,0,0.0,3,0.0,4,0.0,7,0 days 01:53:01.600000
5,1,1,True,1,1.0,0,0.0,2,0.0,3,0.0,4,0.0,1,0 days 03:08:33.800000
5,1,1,True,1,0.72,6,0.25,8,0.03,2,0.0,3,0.0,1,0 days 00:05:58.300000
5,2,1,False,1,0.91,2,0.09,0,0.0,3,0.0,4,0.0,2,0 days 01:27:21.600000
5,2,2,True,2,0.91,1,0.09,0,0.0,3,0.0,4,0.0,1,0 days 01:26:08.100000
5,2,5,False,5,0.94,4,0.05,1,0.01,0,0.0,3,0.0,6,0 days 03:34:36
5,1,1,True,1,0.99,2,0.01,0,0.0,3,0.0,4,0.0,1,0 days 02:27:02.300000
5,2,2,True,2,0.6,1,0.33,6,0.07,0,0.0,3,0.0,1,0 days 01:25:51.300000
5,8,7,False,7,0.61,1,0.39,2,0.0,0,0.0,3,0.0,9,0 days 00:50:05.100000
5,1,1,True,1,0.9,2,0.1,0,0.0,3,0.0,4,0.0,1,0 days 01:30:03.400000
5,2,1,False,1,0.92,2,0.08,0,0.0,3,0.0,4,0.0,2,0 days 01:27:51.700000
5,6,6,True,6,0.58,1,0.42,2,0.0,0,0.0,3,0.0,1,0 days 00:37:05.500000
5,1,1,True,1,1.0,0,0.0,2,0.0,3,0.0,4,0.0,1,0 days 03:39:35.900000
5,2,1,False,1,0.65,2,0.35,0,0.0,3,0.0,4,0.0,2,0 days 01:27:54.200000
5,1,1,True,1,0.62,5,0.31,0,0.06,2,0.01,3,0.0,1,0 days 02:43:02.100000
5,1,1,True,1,1.0,0,0.0,2,0.0,3,0.0,4,0.0,1,0 days 00:27:17.800000
5,0,8,False,8,0.67,1,0.26,0,0.04,7,0.02,5,0.01,3,0 days 00:58:04
5,1,6,False,6,0.61,2,0.22,1,0.17,0,0.0,3,0.0,3,0 days 02:06:29.400000
5,0,1,False,1,1.0,0,0.0,2,0.0,3,0.0,4,0.0,2,0 days 00:48:51
5,1,1,True,1,0.9,2,0.1,0,0.0,3,0.0,4,0.0,1,0 days 03:10:58.600000
5,2,1,False,1,0.93,5,0.03,6,0.03,8,0.01,3,0.0,6,0 days 01:13:50.400000
5,8,0,False,0,0.89,1,0.09,8,0.02,2,0.0,4,0.0,3,0 days 01:12:13.800000
5,8,1,False,1,0.63,8,0.37,2,0.0,0,0.0,4,0.0,2,0 days 02:44:09.400000
5,2,1,False,1,0.83,0,0.13,2,0.04,3,0.0,4,0.0,3,0 days 02:24:08.700000
5,2,6,False,6,0.68,1,0.3,5,0.02,0,0.0,3,0.0,6,0 days 02:03:36.300000
5,1,2,False,2,0.66,1,0.34,0,0.0,3,0.0,4,0.0,2,0 days 01:32:01.200000
5,1,1,True,1,0.87,8,0.13,2,0.0,0,0.0,4,0.0,1,0 days 00:49:43.900000
5,1,0,False,0,0.6,2,0.27,1,0.13,3,0.0,4,0.0,3,0 days 03:09:14.600000
5,1,1,True,1,0.92,7,0.08,2,0.0,0,0.0,3,0.0,1,0 days 00:49:02.900000
5,8,1,False,1,1.0,0,0.0,2,0.0,3,0.0,4,0.0,9,0 days 00:06:38.100000
5,1,7,False,7,0.63,1,0.37,2,0.0,0,0.0,3,0.0,2,0 days 00:50:09.400000
5,1,1,True,1,0.83,4,0.17,2,0.0,0,0.0,3,0.0,1,0 days 01:36:08.700000
5,1,1,True,1,0.99,0,0.01,2,0.0,3,0.0,4,0.0,1,0 days 00:03:32.100000
5,1,1,True,1,0.7,6,0.22,5,0.07,3,0.01,2,0.0,1,0 days 02:16:36.700000
5,1,1,True,1,0.76,9,0.21,3,0.03,0,0.0,4,0.0,1,0 days 00:52:05
5,8,8,True,8,0.65,1,0.35,2,0.0,0,0.0,4,0.0,1,0 days 00:02:55.800000
5,1,1,True,1,0.96,0,0.04,2,0.0,3,0.0,4,0.0,1,0 days 00:50:56
5,1,0,False,0,0.59,1,0.4,7,0.01,2,0.0,3,0.0,2,0 days 00:48:57.200000
5,1,1,True,1,1.0,0,0.0,2,0.0,3,0.0,4,0.0,1,0 days 00:03:18.800000
5,1,1,True,1,1.0,0,0.0,2,0.0,3,0.0,4,0.0,1,0 days 00:03:19.900000
5,1,6,False,6,0.61,5,0.32,1,0.07,0,0.0,3,0.0,3,0 days 02:16:44.500000
5,9,1,False,1,1.0,0,0.0,2,0.0,3,0.0,4,0.0,10,0 days 00:14:56.400000
5,1,8,False,8,0.59,1,0.37,0,0.04,2,0.0,4,0.0,2,0 days 00:28:02.300000
5,1,1,True,1,1.0,0,0.0,2,0.0,3,0.0,4,0.0,1,0 days 00:48:47
5,1,1,True,1,0.66,5,0.27,6,0.07,0,0.0,3,0.0,1,0 days 00:33:25.200000
5,0,1,False,1,1.0,0,0.0,2,0.0,3,0.0,4,0.0,2,0 days 00:52:27.300000
5,1,1,True,1,1.0,0,0.0,2,0.0,3,0.0,4,0.0,1,0 days 00:05:06.200000
5,1,1,True,1,1.0,0,0.0,2,0.0,3,0.0,4,0.0,1,0 days 00:45:35.400000
5,1,1,True,1,1.0,0,0.0,2,0.0,3,0.0,4,0.0,1,0 days 00:03:26
5,1,1,True,1,1.0,0,0.0,2,0.0,3,0.0,4,0.0,1,0 days 00:13:27.200000
5,1,1,True,1,0.8,2,0.16,3,0.03,8,0.01,4,0.0,1,0 days 01:41:57.200000
5,1,1,True,1,0.69,2,0.31,0,0.0,3,0.0,4,0.0,1,0 days 01:29:12.200000
5,1,2,False,2,0.66,1,0.27,7,0.07,0,0.0,3,0.0,2,0 days 01:55:32.400000
5,0,1,False,1,0.78,0,0.2,8,0.02,2,0.0,4,0.0,2,0 days 01:03:31.700000
5,1,1,True,1,1.0,0,0.0,2,0.0,3,0.0,4,0.0,1,0 days 00:06:43.200000
5,1,1,True,1,0.63,0,0.32,5,0.04,2,0.01,3,0.0,1,0 days 02:43:05.100000
5,1,1,True,1,1.0,0,0.0,2,0.0,3,0.0,4,0.0,1,0 days 00:03:20.200000
5,1,1,True,1,0.67,7,0.25,5,0.08,0,0.0,3,0.0,1,0 days 00:55:44.800000
5,1,1,True,1,0.93,8,0.07,2,0.0,0,0.0,4,0.0,1,0 days 00:03:03.100000
5,1,1,True,1,1.0,0,0.0,2,0.0,3,0.0,4,0.0,1,0 days 00:03:25.100000
5,2,1,False,1,0.77,2,0.23,0,0.0,3,0.0,4,0.0,2,0 days 02:52:20.300000
5,8,1,False,1,0.75,8,0.25,2,0.0,0,0.0,4,0.0,2,0 days 00:04:03.400000
5,8,1,False,1,1.0,0,0.0,2,0.0,3,0.0,4,0.0,9,0 days 00:07:20.100000
5,1,2,False,2,0.7,1,0.28,8,0.02,0,0.0,4,0.0,2,0 days 00:45:20.600000
5,1,1,True,1,1.0,0,0.0,2,0.0,3,0.0,4,0.0,1,0 days 00:03:18.800000
5,1,2,False,2,0.52,1,0.47,5,0.01,0,0.0,3,0.0,2,0 days 02:47:45.800000
5,8,8,True,8,0.99,1,0.01,2,0.0,0,0.0,4,0.0,1,0 days 00:03:46.900000
5,1,6,False,6,0.66,5,0.23,1,0.11,0,0.0,3,0.0,3,0 days 00:28:47.800000
5,8,8,True,8,0.99,1,0.01,2,0.0,0,0.0,4,0.0,1,0 days 00:03:45.100000
5,1,8,False,8,0.53,1,0.26,2,0.21,0,0.0,4,0.0,2,0 days 01:01:15.200000
5,0,1,False,1,0.68,3,0.25,6,0.07,0,0.0,2,0.0,4,0 days 00:38:09.700000
5,6,1,False,1,0.94,6,0.06,2,0.0,0,0.0,3,0.0,2,0 days 00:28:57.600000
5,1,2,False,2,0.63,1,0.3,8,0.06,3,0.01,4,0.0,2,0 days 01:42:57.800000
5,6,1,False,1,0.77,2,0.18,8,0.05,0,0.0,4,0.0,7,0 days 01:37:15.500000
5,1,8,False,8,0.67,1,0.28,5,0.03,2,0.02,3,0.0,2,0 days 01:00:15.700000
5,1,1,True,1,1.0,0,0.0,2,0.0,3,0.0,4,0.0,1,0 days 00:06:42.500000
5,1,8,False,8,0.8,1,0.2,2,0.0,0,0.0,4,0.0,2,0 days 00:06:33.300000
5,1,1,True,1,0.77,2,0.21,7,0.02,0,0.0,3,0.0,1,0 days 01:58:19.200000
5,1,1,True,1,0.92,7,0.08,2,0.0,0,0.0,3,0.0,1,0 days 00:51:45.400000
5,6,2,False,2,0.71,1,0.26,7,0.03,0,0.0,3,0.0,8,0 days 01:54:58.500000
5,8,1,False,1,0.75,8,0.25,2,0.0,0,0.0,4,0.0,2,0 days 00:12:07.500000
5,6,1,False,1,0.86,3,0.08,8,0.05,6,0.01,2,0.0,4,0 days 01:15:46.400000
5,6,7,False,7,0.63,1,0.37,2,0.0,0,0.0,3,0.0,8,0 days 00:50:08.300000
5,1,7,False,7,0.65,8,0.2,6,0.08,2,0.04,1,0.03,5,0 days 00:33:44
5,6,1,False,1,0.69,6,0.31,2,0.0,0,0.0,3,0.0,2,0 days 00:16:35.300000
5,1,7,False,7,0.65,0,0.22,1,0.13,2,0.0,3,0.0,3,0 days 03:59:36.400000
5,6,9,False,9,0.63,1,0.32,8,0.04,7,0.01,3,0.0,9,0 days 00:49:09.800000
5,1,2,False,2,0.56,8,0.25,1,0.19,0,0.0,4,0.0,3,0 days 02:05:02.400000
5,1,1,True,1,1.0,0,0.0,2,0.0,3,0.0,4,0.0,1,0 days 03:38:21.100000
5,6,1,False,1,0.87,2,0.09,6,0.03,7,0.01,3,0.0,3,0 days 02:06:13.700000
5,0,8,False,8,0.65,1,0.25,6,0.1,2,0.0,3,0.0,8,0 days 00:42:52.400000
5,1,1,True,1,0.65,0,0.22,8,0.1,7,0.02,5,0.01,1,0 days 00:58:10
5,2,2,True,2,0.8290000000000001,1,0.161,8,0.01,0,0.0,4,0.0,1,0 days 01:25:20.100000
5,1,6,False,6,0.66,1,0.33,5,0.01,0,0.0,3,0.0,2,0 days 00:28:53.500000
5,1,1,True,1,0.97,2,0.03,0,0.0,3,0.0,4,0.0,1,0 days 01:57:09.700000
5,6,8,False,8,0.68,2,0.2,1,0.11,5,0.01,3,0.0,7,0 days 02:35:26.500000
5,1,1,True,1,1.0,0,0.0,2,0.0,3,0.0,4,0.0,1,0 days 00:06:38.800000
5,1,1,True,1,0.91,4,0.09,2,0.0,0,0.0,3,0.0,1,0 days 01:36:38.700000
5,8,8,True,8,0.55,1,0.31,0,0.14,2,0.0,4,0.0,1,0 days 01:09:41.900000
5,1,1,True,1,0.62,4,0.32,2,0.06,0,0.0,3,0.0,1,0 days 01:29:29.600000
5,2,2,True,2,0.89,1,0.11,0,0.0,3,0.0,4,0.0,1,0 days 01:26:10.200000
5,1,1,True,1,1.0,0,0.0,2,0.0,3,0.0,4,0.0,1,0 days 01:39:16.700000
5,8,0,False,0,0.68,8,0.27,1,0.04,7,0.01,3,0.0,2,0 days 01:12:31.200000
5,8,1,False,1,0.4743333333333332,7,0.4656666666666668,5,0.03,2,0.02,0,0.01,9,0 days 02:00:54.700000
5,8,5,False,5,0.73,1,0.27,2,0.0,0,0.0,3,0.0,9,0 days 01:34:23.700000
5,1,1,True,1,0.79,8,0.2,5,0.01,2,0.0,3,0.0,1,0 days 03:04:26.900000
5,2,2,True,2,1.0,0,0.0,1,0.0,3,0.0,4,0.0,1,0 days 01:01:02.400000
5,1,2,False,2,0.96,1,0.04,0,0.0,3,0.0,4,0.0,2,0 days 01:26:02.800000
5,1,2,False,2,0.65,1,0.35,0,0.0,3,0.0,4,0.0,2,0 days 01:26:35.100000
5,1,5,False,5,0.84,1,0.16,2,0.0,0,0.0,3,0.0,2,0 days 02:41:50.400000
6,5,4,False,4,0.8633333333333333,1,0.13,3,0.006666666666666666,0,0.0,2,0.0,6,0 days 02:14:19.100000
6,4,5,False,5,0.63,4,0.34,7,0.03,0,0.0,3,0.0,2,0 days 02:14:12.500000
6,5,6,False,6,0.59,5,0.21,7,0.1,3,0.09,4,0.01,2,0 days 01:20:37.900000
6,5,4,False,4,0.81,1,0.13,5,0.04,2,0.02,3,0.0,3,0 days 02:14:20
6,2,4,False,4,0.61,5,0.24,2,0.11,1,0.04,3,0.0,3,0 days 02:41:19.100000
6,4,5,False,5,0.79,4,0.17666666666666664,7,0.03333333333333333,0,0.0,3,0.0,2,0 days 02:41:10.400000
6,2,1,False,1,0.87,8,0.13,2,0.0,0,0.0,4,0.0,3,0 days 01:42:57.700000
6,5,3,False,3,0.5146666666666667,1,0.46533333333333327,4,0.02,0,0.0,2,0.0,6,0 days 00:53:52.200000
6,3,7,False,7,0.52,4,0.43,6,0.03,1,0.01,5,0.01,6,0 days 01:20:37.600000
6,5,5,True,5,0.8,1,0.2,2,0.0,0,0.0,3,0.0,1,0 days 03:07:39.800000
6,7,5,False,5,0.73,2,0.26,4,0.01,0,0.0,3,0.0,8,0 days 03:08:00.200000
6,7,1,False,1,0.5191666666666667,3,0.4258333333333333,5,0.0475,6,0.0075,2,0.0,8,0 days 00:53:45.600000
6,4,1,False,1,0.99,2,0.01,0,0.0,3,0.0,4,0.0,5,0 days 01:29:22.500000
6,5,5,True,5,0.92,7,0.07,1,0.01,0,0.0,3,0.0,1,0 days 03:07:50.900000
6,5,1,False,1,1.0,0,0.0,2,0.0,3,0.0,4,0.0,6,0 days 00:27:02.500000
6,7,1,False,1,0.9,5,0.09,3,0.01,0,0.0,2,0.0,8,0 days 00:53:48.900000
6,1,2,False,2,0.92,4,0.05,1,0.03,0,0.0,3,0.0,3,0 days 01:47:34.600000
6,3,3,True,3,0.66,7,0.22,1,0.12,0,0.0,2,0.0,1,0 days 01:20:35
6,5,6,False,6,0.62,1,0.36,2,0.02,0,0.0,3,0.0,7,0 days 03:35:05.400000
6,5,2,False,2,0.62,6,0.21,5,0.17,0,0.0,3,0.0,3,0 days 02:41:13.200000
6,2,2,True,2,0.51,1,0.49,0,0.0,3,0.0,4,0.0,1,0 days 01:58:03.300000
6,4,1,False,1,0.5191666666666667,3,0.4358333333333333,5,0.045,0,0.0,2,0.0,6,0 days 00:53:45.700000
6,5,2,False,2,0.58,5,0.25,1,0.11,4,0.06,3,0.0,2,0 days 03:34:55.700000
6,1,2,False,2,0.65,1,0.35,0,0.0,3,0.0,4,0.0,2,0 days 03:41:40.600000
6,1,1,True,1,0.7648333333333334,4,0.19516666666666665,3,0.04,0,0.0,2,0.0,1,0 days 01:20:39.600000
6,1,1,True,1,0.5081666666666668,3,0.4618333333333333,7,0.03,0,0.0,2,0.0,1,0 days 00:53:49.600000
6,4,5,False,5,0.82,0,0.16,1,0.02,2,0.0,3,0.0,6,0 days 03:34:44.200000
6,7,1,False,1,0.98,6,0.02,2,0.0,0,0.0,3,0.0,8,0 days 00:49:04.400000
6,1,2,False,2,0.67,1,0.33,0,0.0,3,0.0,4,0.0,2,0 days 01:47:26.700000
6,3,1,False,1,1.0,0,0.0,2,0.0,3,0.0,4,0.0,4,0 days 01:34:57.100000
6,3,3,True,3,0.61,1,0.28,4,0.08,9,0.03,2,0.0,1,0 days 00:26:59.900000
6,3,1,False,1,1.0,0,0.0,2,0.0,3,0.0,4,0.0,4,0 days 00:19:39.900000
6,4,1,False,1,0.8,6,0.2,2,0.0,0,0.0,3,0.0,6,0 days 01:49:49.900000
6,4,7,False,7,0.7,5,0.28,4,0.02,0,0.0,3,0.0,3,0 days 03:07:53.500000
6,7,7,True,7,0.87,5,0.13,0,0.0,1,0.0,3,0.0,1,0 days 03:07:52.900000
6,3,2,False,2,0.58,1,0.25,6,0.13,3,0.04,0,0.0,4,0 days 01:50:24.300000
6,3,1,False,1,0.66,7,0.27,3,0.07,0,0.0,2,0.0,3,0 days 00:53:27
6,7,4,False,4,0.63,2,0.26,6,0.08,5,0.02,7,0.01,5,0 days 02:41:04.900000
6,7,7,True,7,0.87,5,0.12,4,0.01,0,0.0,3,0.0,1,0 days 03:07:53.100000
6,4,1,False,1,0.76,2,0.22,3,0.02,0,0.0,4,0.0,5,0 days 01:47:26.900000
6,7,7,True,7,0.6,1,0.39,4,0.01,0,0.0,3,0.0,1,0 days 02:14:54.100000
6,7,8,False,8,0.66,6,0.21,1,0.13,2,0.0,3,0.0,9,0 days 00:50:06.200000
6,1,1,True,1,0.69,4,0.31,2,0.0,0,0.0,3,0.0,1,0 days 01:36:08.700000
6,1,1,True,1,0.91,2,0.09,0,0.0,3,0.0,4,0.0,1,0 days 01:21:02.800000
6,1,1,True,1,1.0,0,0.0,2,0.0,3,0.0,4,0.0,1,0 days 00:30:51.500000
6,1,1,True,1,0.97,8,0.03,2,0.0,0,0.0,4,0.0,1,0 days 01:43:30.300000
6,0,1,False,1,0.94,4,0.04,2,0.02,0,0.0,3,0.0,4,0 days 02:14:35.900000
6,1,1,True,1,1.0,0,0.0,2,0.0,3,0.0,4,0.0,1,0 days 02:45:34.200000
6,9,1,False,1,1.0,0,0.0,2,0.0,3,0.0,4,0.0,10,0 days 00:28:25
6,1,6,False,6,0.7,1,0.28,8,0.02,2,0.0,3,0.0,2,0 days 00:11:32.500000
6,1,1,True,1,0.82,6,0.15933333333333333,9,0.02066666666666667,2,0.0,3,0.0,1,0 days 00:14:04.900000
6,1,6,False,6,0.59,1,0.4,4,0.01,0,0.0,3,0.0,2,0 days 00:28:57.600000
6,1,1,True,1,0.73,6,0.19,0,0.08,2,0.0,3,0.0,1,0 days 00:28:15.400000
6,1,1,True,1,0.94,8,0.06,2,0.0,0,0.0,4,0.0,1,0 days 00:12:16.700000
6,1,4,False,4,0.63,1,0.32,2,0.05,0,0.0,3,0.0,2,0 days 02:14:32.800000
6,1,2,False,2,0.92,1,0.04,6,0.04,0,0.0,3,0.0,2,0 days 01:23:27.800000
6,1,7,False,7,0.64,1,0.33,6,0.02,9,0.01,3,0.0,2,0 days 00:18:17.700000
6,1,8,False,8,0.69,1,0.31,2,0.0,0,0.0,4,0.0,2,0 days 01:38:12.500000
6,1,1,True,1,0.93,2,0.07,0,0.0,3,0.0,4,0.0,1,0 days 01:21:01.100000
6,1,5,False,5,0.6,1,0.26,8,0.09,6,0.05,3,0.0,2,0 days 00:41:58.300000
6,0,2,False,2,0.73,1,0.19,3,0.08,0,0.0,4,0.0,4,0 days 01:20:46.600000
6,1,1,True,1,0.67,6,0.33,2,0.0,0,0.0,3,0.0,1,0 days 00:42:11.900000
6,1,1,True,1,0.95,7,0.03,0,0.02,2,0.0,3,0.0,1,0 days 00:27:07.100000
6,1,1,True,1,1.0,0,0.0,2,0.0,3,0.0,4,0.0,1,0 days 00:54:15.600000
6,2,6,False,6,0.57,1,0.43,2,0.0,0,0.0,3,0.0,3,0 days 00:43:10.200000
6,6,6,True,6,0.86,1,0.14,2,0.0,0,0.0,3,0.0,1,0 days 00:42:13.100000
6,1,1,True,1,0.76,2,0.2,3,0.04,0,0.0,4,0.0,1,0 days 01:47:27.300000
6,1,1,True,1,0.73,6,0.25,0,0.02,2,0.0,3,0.0,1,0 days 03:35:08.600000
6,1,6,False,6,0.73,1,0.24,0,0.03,2,0.0,3,0.0,2,0 days 00:27:21.900000
6,1,7,False,7,0.64,0,0.17833333333333332,3,0.16166666666666665,1,0.02,2,0.0,4,0 days 00:53:46.100000
6,1,8,False,8,0.57,7,0.25,1,0.13,0,0.05,3,0.0,3,0 days 00:43:32.500000
6,2,1,False,1,0.69,6,0.26,3,0.05,0,0.0,2,0.0,5,0 days 01:21:23
6,1,1,True,1,0.98,7,0.01,9,0.01,2,0.0,3,0.0,1,0 days 00:27:03.400000
6,1,1,True,1,0.96,7,0.02,5,0.01,2,0.01,3,0.0,1,0 days 00:55:40.600000
6,8,0,False,0,0.77,1,0.15,8,0.08,2,0.0,4,0.0,3,0 days 01:06:17.100000
6,2,1,False,1,0.68,2,0.24,6,0.08,0,0.0,3,0.0,2,0 days 01:24:21.600000
6,1,1,True,1,0.7,6,0.2,7,0.1,0,0.0,3,0.0,1,0 days 01:15:09.800000
6,2,1,False,1,0.98,8,0.02,2,0.0,0,0.0,4,0.0,3,0 days 00:45:20.500000
6,1,2,False,2,0.72,8,0.24,1,0.04,0,0.0,4,0.0,3,0 days 01:10:45.600000
6,1,1,True,1,1.0,0,0.0,2,0.0,3,0.0,4,0.0,1,0 days 00:54:14.500000
6,1,1,True,1,0.91,6,0.09,2,0.0,0,0.0,3,0.0,1,0 days 00:13:29.300000
6,9,6,False,6,0.63,1,0.3,8,0.07,2,0.0,3,0.0,10,0 days 00:26:27.300000
6,1,0,False,0,0.87,1,0.12,7,0.01,2,0.0,3,0.0,2,0 days 00:41:19
6,1,1,True,1,0.99,0,0.01,2,0.0,3,0.0,4,0.0,1,0 days 01:47:52.900000
6,1,6,False,6,0.53,1,0.33,0,0.14,2,0.0,3,0.0,2,0 days 00:28:14.300000
6,1,1,True,1,1.0,0,0.0,2,0.0,3,0.0,4,0.0,1,0 days 00:13:27
6,1,1,True,1,0.93,8,0.07,2,0.0,0,0.0,4,0.0,1,0 days 01:38:17
6,1,1,True,1,0.98,8,0.02,2,0.0,0,0.0,4,0.0,1,0 days 00:40:28
6,6,1,False,1,0.78,0,0.22,2,0.0,3,0.0,4,0.0,7,0 days 02:43:15.400000
6,1,1,True,1,1.0,0,0.0,2,0.0,3,0.0,4,0.0,1,0 days 00:35:26.300000
6,1,1,True,1,1.0,0,0.0,2,0.0,3,0.0,4,0.0,1,0 days 00:30:57.200000
6,1,1,True,1,1.0,0,0.0,2,0.0,3,0.0,4,0.0,1,0 days 00:05:28.300000
6,1,1,True,1,0.71,5,0.29,2,0.0,0,0.0,3,0.0,1,0 days 02:41:59.500000
6,1,1,True,1,0.72,6,0.25,7,0.02,8,0.01,3,0.0,1,0 days 00:43:39.600000
6,1,1,True,1,0.75,8,0.2,2,0.05,0,0.0,4,0.0,1,0 days 01:54:24.400000
6,1,1,True,1,0.68,9,0.19,7,0.11,0,0.02,3,0.0,1,0 days 00:41:29.700000
6,1,1,True,1,0.9,8,0.1,2,0.0,0,0.0,4,0.0,1,0 days 00:37:20.500000
6,0,1,False,1,1.0,0,0.0,2,0.0,3,0.0,4,0.0,2,0 days 00:33:02.600000
6,1,1,True,1,1.0,0,0.0,2,0.0,3,0.0,4,0.0,1,0 days 00:51:51.400000
6,1,2,False,2,0.77,1,0.23,0,0.0,3,0.0,4,0.0,2,0 days 02:20:19.700000
6,1,1,True,1,0.73,6,0.17,9,0.1,2,0.0,3,0.0,1,0 days 00:30:07.800000
6,1,1,True,1,0.86,6,0.11,8,0.03,2,0.0,3,0.0,1,0 days 00:31:23.900000
6,1,1,True,1,0.89,3,0.1,8,0.01,0,0.0,4,0.0,1,0 days 01:21:10.700000
6,6,1,False,1,1.0,0,0.0,2,0.0,3,0.0,4,0.0,7,0 days 00:38:31.700000
6,6,0,False,0,0.66,2,0.19,7,0.08,8,0.04,1,0.03,9,0 days 01:02:55.100000
6,1,1,True,1,0.9133333333333334,8,0.08666666666666668,2,0.0,0,0.0,4,0.0,1,0 days 00:06:40.100000
6,1,1,True,1,0.62,2,0.35,5,0.03,0,0.0,3,0.0,1,0 days 03:24:12.800000
6,1,1,True,1,0.88,6,0.12,2,0.0,0,0.0,3,0.0,1,0 days 00:32:40.700000
6,1,1,True,1,0.87,0,0.13,2,0.0,3,0.0,4,0.0,1,0 days 00:48:30.100000
6,1,1,True,1,1.0,0,0.0,2,0.0,3,0.0,4,0.0,1,0 days 00:48:24.300000
6,1,1,True,1,1.0,0,0.0,2,0.0,3,0.0,4,0.0,1,0 days 02:14:39
6,1,1,True,1,0.82,7,0.18,2,0.0,0,0.0,3,0.0,1,0 days 01:45:44.200000
6,6,1,False,1,1.0,0,0.0,2,0.0,3,0.0,4,0.0,7,0 days 00:46:13.400000
6,6,6,True,6,0.56,1,0.44,2,0.0,0,0.0,3,0.0,1,0 days 00:31:12.500000
6,1,1,True,1,0.79,2,0.2,6,0.01,0,0.0,3,0.0,1,0 days 01:21:00.100000
6,8,1,False,1,1.0,0,0.0,2,0.0,3,0.0,4,0.0,9,0 days 00:38:32.900000
6,1,1,True,1,0.99,0,0.01,2,0.0,3,0.0,4,0.0,1,0 days 03:35:27
6,1,1,True,1,0.7,0,0.3,2,0.0,3,0.0,4,0.0,1,0 days 00:30:27.500000
6,1,6,False,6,0.62,1,0.38,2,0.0,0,0.0,3,0.0,2,0 days 00:39:54.600000
6,2,1,False,1,0.89,3,0.1,8,0.01,0,0.0,4,0.0,8,0 days 01:21:10.500000
6,1,1,True,1,1.0,0,0.0,2,0.0,3,0.0,4,0.0,1,0 days 00:35:50.500000
6,1,1,True,1,1.0,0,0.0,2,0.0,3,0.0,4,0.0,1,0 days 00:27:16.300000
6,1,1,True,1,0.94,6,0.06,2,0.0,0,0.0,3,0.0,1,0 days 01:49:37.500000
6,1,6,False,6,1.0,0,0.0,2,0.0,1,0.0,3,0.0,4,0 days 00:16:29.300000
6,1,1,True,1,0.75,4,0.25,2,0.0,0,0.0,3,0.0,1,0 days 00:45:42.900000
6,9,5,False,5,0.64,8,0.26,1,0.1,2,0.0,3,0.0,10,0 days 00:40:11.900000
6,2,6,False,6,0.71,3,0.24,1,0.05,0,0.0,2,0.0,5,0 days 01:50:09.100000
6,1,1,True,1,1.0,0,0.0,2,0.0,3,0.0,4,0.0,1,0 days 00:19:12.600000
6,1,1,True,1,1.0,0,0.0,2,0.0,3,0.0,4,0.0,1,0 days 00:19:29
6,1,1,True,1,1.0,0,0.0,2,0.0,3,0.0,4,0.0,1,0 days 00:49:00.500000
6,1,1,True,1,1.0,0,0.0,2,0.0,3,0.0,4,0.0,1,0 days 00:11:01.200000
6,1,1,True,1,1.0,0,0.0,2,0.0,3,0.0,4,0.0,1,0 days 00:49:21
6,1,2,False,2,0.68,8,0.22,1,0.08,0,0.02,4,0.0,3,0 days 01:11:19
6,6,1,False,1,0.6,2,0.4,0,0.0,3,0.0,4,0.0,7,0 days 01:25:52.300000
6,1,2,False,2,0.68,1,0.31,4,0.01,0,0.0,3,0.0,2,0 days 01:27:25
6,0,1,False,1,0.79,6,0.17,8,0.04,2,0.0,3,0.0,8,0 days 01:16:27.600000
6,0,1,False,1,0.94,0,0.06,2,0.0,3,0.0,4,0.0,2,0 days 00:48:55.700000
6,1,2,False,2,0.74,1,0.22,3,0.04,0,0.0,4,0.0,2,0 days 01:50:58.600000
6,1,8,False,8,0.84,0,0.12,1,0.04,2,0.0,4,0.0,3,0 days 00:41:09.700000
6,1,1,True,1,0.98,6,0.01,8,0.01,2,0.0,3,0.0,1,0 days 00:37:14.500000
6,1,1,True,1,0.88,6,0.12,2,0.0,0,0.0,3,0.0,1,0 days 00:32:44.900000
6,1,1,True,1,0.74,0,0.24,2,0.02,3,0.0,4,0.0,1,0 days 03:10:00.800000
6,1,1,True,1,0.74,2,0.26,0,0.0,3,0.0,4,0.0,1,0 days 02:20:57.900000
6,1,1,True,1,0.72,4,0.19,6,0.09,0,0.0,3,0.0,1,0 days 00:29:01.200000
6,1,1,True,1,0.99,6,0.01,2,0.0,0,0.0,3,0.0,1,0 days 01:49:34.800000
6,1,1,True,1,0.92,0,0.08,2,0.0,3,0.0,4,0.0,1,0 days 00:30:24.100000
6,1,1,True,1,0.63,6,0.25,9,0.12,2,0.0,3,0.0,1,0 days 00:49:07.100000
6,1,1,True,1,0.57,5,0.31,2,0.08,4,0.04,3,0.0,1,0 days 02:14:21.600000
6,1,1,True,1,0.92,2,0.08,0,0.0,3,0.0,4,0.0,1,0 days 02:15:50.400000
6,1,1,True,1,0.79,2,0.21,0,0.0,3,0.0,4,0.0,1,0 days 02:53:56.400000
6,1,1,True,1,1.0,0,0.0,2,0.0,3,0.0,4,0.0,1,0 days 00:23:05.900000
6,6,1,False,1,0.97,6,0.03,2,0.0,0,0.0,3,0.0,2,0 days 00:48:07.900000
6,6,2,False,2,0.98,1,0.02,0,0.0,3,0.0,4,0.0,7,0 days 01:26:12.700000
6,1,2,False,2,0.64,1,0.36,0,0.0,3,0.0,4,0.0,2,0 days 01:32:13.800000
6,1,1,True,1,1.0,0,0.0,2,0.0,3,0.0,4,0.0,1,0 days 00:09:57.800000
6,1,1,True,1,0.66,2,0.25,0,0.09,3,0.0,4,0.0,1,0 days 01:28:23.300000
6,6,1,False,1,0.68,8,0.24,4,0.08,2,0.0,3,0.0,7,0 days 00:21:27.400000
6,1,1,True,1,0.99,2,0.01,0,0.0,3,0.0,4,0.0,1,0 days 01:48:31.800000
6,1,0,False,0,0.65,6,0.26,1,0.09,2,0.0,3,0.0,3,0 days 00:16:46.900000
6,6,1,False,1,0.87,6,0.13,2,0.0,0,0.0,3,0.0,2,0 days 00:28:54.700000
6,1,1,True,1,0.99,2,0.01,0,0.0,3,0.0,4,0.0,1,0 days 01:28:54.800000
6,2,1,False,1,0.93,2,0.07,0,0.0,3,0.0,4,0.0,2,0 days 01:26:42.800000
6,1,2,False,2,0.68,1,0.32,0,0.0,3,0.0,4,0.0,2,0 days 01:27:49.100000
6,1,1,True,1,0.77,0,0.23,2,0.0,3,0.0,4,0.0,1,0 days 00:48:54
6,2,2,True,2,0.68,1,0.31,4,0.01,0,0.0,3,0.0,1,0 days 01:27:24
6,1,1,True,1,0.7,2,0.3,0,0.0,3,0.0,4,0.0,1,0 days 03:12:36.100000
6,2,2,True,2,0.75,1,0.25,0,0.0,3,0.0,4,0.0,1,0 days 01:26:22.800000
6,1,1,True,1,0.92,7,0.08,2,0.0,0,0.0,3,0.0,1,0 days 02:01:31.900000
6,1,1,True,1,0.93,2,0.07,0,0.0,3,0.0,4,0.0,1,0 days 01:30:01.800000
6,1,1,True,1,1.0,0,0.0,2,0.0,3,0.0,4,0.0,1,0 days 01:49:09.200000
6,2,6,False,6,0.52,8,0.3,1,0.13,2,0.05,3,0.0,4,0 days 01:30:39.300000
6,2,1,False,1,0.98,2,0.02,0,0.0,3,0.0,4,0.0,2,0 days 02:26:06
6,1,9,False,9,0.64,1,0.27,3,0.09,0,0.0,4,0.0,2,0 days 00:52:08.900000
6,1,1,True,1,1.0,0,0.0,2,0.0,3,0.0,4,0.0,1,0 days 00:03:26.300000
6,1,1,True,1,0.99,6,0.01,2,0.0,0,0.0,3,0.0,1,0 days 00:38:20.700000
6,1,1,True,1,0.97,7,0.03,2,0.0,0,0.0,3,0.0,1,0 days 00:15:26.600000
6,1,1,True,1,0.95,0,0.03,2,0.01,6,0.01,3,0.0,1,0 days 00:34:07.900000
6,1,1,True,1,0.81,9,0.19,2,0.0,0,0.0,4,0.0,1,0 days 00:15:02.500000
6,1,1,True,1,1.0,0,0.0,2,0.0,3,0.0,4,0.0,1,0 days 00:23:11.700000
6,8,1,False,1,1.0,0,0.0,2,0.0,3,0.0,4,0.0,9,0 days 00:04:31.900000
6,1,1,True,1,0.75,8,0.25,2,0.0,0,0.0,4,0.0,1,0 days 00:03:38.200000
6,1,1,True,1,1.0,0,0.0,2,0.0,3,0.0,4,0.0,1,0 days 00:09:32.800000
6,1,1,True,1,1.0,0,0.0,2,0.0,3,0.0,4,0.0,1,0 days 00:03:30.500000
6,1,8,False,8,0.66,1,0.34,2,0.0,0,0.0,4,0.0,2,0 days 00:07:12.400000
6,1,1,True,1,0.99,0,0.01,2,0.0,3,0.0,4,0.0,1,0 days 00:27:55
6,1,1,True,1,1.0,0,0.0,2,0.0,3,0.0,4,0.0,1,0 days 00:50:52.900000
6,2,2,True,2,0.65,1,0.35,0,0.0,3,0.0,4,0.0,1,0 days 01:33:30.500000
6,1,8,False,8,0.67,1,0.33,2,0.0,0,0.0,4,0.0,2,0 days 00:06:34.300000
6,1,8,False,8,0.75,1,0.25,2,0.0,0,0.0,4,0.0,2,0 days 00:06:50.400000
6,1,1,True,1,1.0,0,0.0,2,0.0,3,0.0,4,0.0,1,0 days 00:13:22.400000
6,1,1,True,1,0.99,0,0.01,2,0.0,3,0.0,4,0.0,1,0 days 00:03:32.700000
6,1,6,False,6,0.62,1,0.38,2,0.0,0,0.0,3,0.0,2,0 days 00:13:44
6,1,2,False,2,0.7,1,0.3,0,0.0,3,0.0,4,0.0,2,0 days 01:54:40.800000
6,0,3,False,3,0.64,1,0.27,7,0.08,6,0.01,2,0.0,6,0 days 00:20:45.200000
6,1,1,True,1,1.0,0,0.0,2,0.0,3,0.0,4,0.0,1,0 days 00:03:21.300000
6,1,1,True,1,1.0,0,0.0,2,0.0,3,0.0,4,0.0,1,0 days 00:03:27.700000
6,1,1,True,1,0.995,8,0.005,2,0.0,0,0.0,4,0.0,1,0 days 00:06:40.600000
6,1,1,True,1,0.995,8,0.005,2,0.0,0,0.0,4,0.0,1,0 days 00:06:40.900000
6,0,6,False,6,0.64,1,0.36,2,0.0,0,0.0,3,0.0,4,0 days 00:31:59.900000
6,1,1,True,1,0.88,0,0.12,2,0.0,3,0.0,4,0.0,1,0 days 00:51:19.900000
6,1,1,True,1,1.0,0,0.0,2,0.0,3,0.0,4,0.0,1,0 days 00:06:42.600000
6,0,0,True,0,0.77,8,0.16,1,0.06,6,0.01,3,0.0,1,0 days 01:06:11.600000
6,1,1,True,1,1.0,0,0.0,2,0.0,3,0.0,4,0.0,1,0 days 00:03:22
6,1,1,True,1,1.0,0,0.0,2,0.0,3,0.0,4,0.0,1,0 days 00:03:08.500000
6,1,1,True,1,1.0,0,0.0,2,0.0,3,0.0,4,0.0,1,0 days 00:13:23.800000
6,1,1,True,1,1.0,0,0.0,2,0.0,3,0.0,4,0.0,1,0 days 00:49:02
6,1,1,True,1,1.0,0,0.0,2,0.0,3,0.0,4,0.0,1,0 days 00:03:10.300000
6,0,2,False,2,0.96,8,0.04,1,0.0,0,0.0,4,0.0,4,0 days 01:01:53.600000
6,1,0,False,0,0.67,1,0.21,8,0.08,7,0.04,3,0.0,2,0 days 00:43:26.500000
6,1,1,True,1,1.0,0,0.0,2,0.0,3,0.0,4,0.0,1,0 days 00:08:28.100000
6,8,1,False,1,0.78,8,0.22,2,0.0,0,0.0,4,0.0,2,0 days 00:04:12.800000
6,8,0,False,0,0.74,3,0.18,1,0.08,2,0.0,4,0.0,9,0 days 00:54:36.800000
6,0,1,False,1,0.58,6,0.39,5,0.02,8,0.01,3,0.0,8,0 days 00:31:46.900000
6,1,1,True,1,1.0,0,0.0,2,0.0,3,0.0,4,0.0,1,0 days 00:03:08.400000
6,1,1,True,1,1.0,0,0.0,2,0.0,3,0.0,4,0.0,1,0 days 00:06:38.400000
6,1,1,True,1,1.0,0,0.0,2,0.0,3,0.0,4,0.0,1,0 days 00:06:42.400000
6,1,1,True,1,1.0,0,0.0,2,0.0,3,0.0,4,0.0,1,0 days 00:07:16.400000
6,0,1,False,1,0.96,2,0.04,0,0.0,3,0.0,4,0.0,3,0 days 02:23:23.200000
6,2,1,False,1,0.94,2,0.05,5,0.01,0,0.0,3,0.0,2,0 days 02:19:43.800000
6,6,1,False,1,0.58,6,0.42,2,0.0,0,0.0,3,0.0,2,0 days 00:27:32.700000
6,2,1,False,1,0.92,0,0.03,3,0.03,2,0.02,4,0.0,4,0 days 02:29:55.600000
6,1,3,False,3,0.61,2,0.27,1,0.12,0,0.0,4,0.0,3,0 days 01:42:04.900000
6,1,1,True,1,1.0,0,0.0,2,0.0,3,0.0,4,0.0,1,0 days 00:05:26.300000
6,1,1,True,1,0.93,6,0.07,2,0.0,0,0.0,3,0.0,1,0 days 01:49:44.700000
6,1,1,True,1,1.0,0,0.0,2,0.0,3,0.0,4,0.0,1,0 days 00:03:20.400000
6,1,1,True,1,0.9,0,0.08,8,0.02,2,0.0,4,0.0,1,0 days 00:45:08.100000
6,1,1,True,1,1.0,0,0.0,2,0.0,3,0.0,4,0.0,1,0 days 00:10:12.800000
6,8,6,False,6,0.6,1,0.4,2,0.0,0,0.0,3,0.0,9,0 days 00:48:00.400000
6,8,1,False,1,0.95,8,0.05,2,0.0,0,0.0,4,0.0,2,0 days 00:12:17.200000
6,6,1,False,1,1.0,0,0.0,2,0.0,3,0.0,4,0.0,7,0 days 00:34:45.100000
6,1,1,True,1,0.91,2,0.09,0,0.0,3,0.0,4,0.0,1,0 days 02:07:25.300000
6,6,6,True,6,0.73,1,0.27,2,0.0,0,0.0,3,0.0,1,0 days 00:16:36
6,6,1,False,1,0.76,5,0.22,2,0.02,0,0.0,3,0.0,7,0 days 02:33:22.700000
6,6,2,False,2,0.59,1,0.24,8,0.12,0,0.05,4,0.0,7,0 days 01:11:46.400000
6,1,1,True,1,0.97,8,0.03,2,0.0,0,0.0,4,0.0,1,0 days 00:06:44.200000
6,8,1,False,1,0.94,2,0.05,6,0.01,0,0.0,3,0.0,9,0 days 01:19:28.100000
6,2,1,False,1,0.69,2,0.31,0,0.0,3,0.0,4,0.0,2,0 days 01:26:17.200000
6,8,1,False,1,0.7,2,0.3,0,0.0,3,0.0,4,0.0,9,0 days 03:16:15.400000
6,8,2,False,2,0.66,1,0.32,7,0.02,0,0.0,3,0.0,9,0 days 02:09:12.100000
6,8,2,False,2,0.87,8,0.08,1,0.05,0,0.0,4,0.0,2,0 days 01:10:59.800000
6,2,1,False,1,0.75,6,0.21,8,0.04,2,0.0,3,0.0,4,0 days 01:05:36.600000
6,8,1,False,1,0.97,8,0.03,2,0.0,0,0.0,4,0.0,2,0 days 01:10:06.100000
6,2,2,True,2,0.91,8,0.06,1,0.03,0,0.0,4,0.0,1,0 days 01:00:54.200000
6,8,8,True,8,0.62,1,0.38,2,0.0,0,0.0,4,0.0,1,0 days 02:44:13.500000
6,2,1,False,1,0.6,2,0.4,0,0.0,3,0.0,4,0.0,2,0 days 01:26:08.600000
6,1,7,False,7,0.59,1,0.41,2,0.0,0,0.0,3,0.0,2,0 days 01:39:33.200000
6,8,1,False,1,0.68,8,0.17,2,0.09,0,0.05,7,0.01,2,0 days 01:03:14.800000
6,1,2,False,2,0.93,1,0.07,0,0.0,3,0.0,4,0.0,2,0 days 01:26:28.400000
6,1,1,True,1,0.92,2,0.06,6,0.02,0,0.0,3,0.0,1,0 days 01:24:36.500000
6,1,1,True,1,0.86,6,0.11,5,0.03,0,0.0,3,0.0,1,0 days 02:16:36.400000
6,2,2,True,2,0.67,1,0.22,4,0.11,0,0.0,3,0.0,1,0 days 01:27:15.200000
6,2,1,False,1,0.61,2,0.32,8,0.07,0,0.0,4,0.0,2,0 days 01:01:37.600000
6,1,0,False,0,0.58,1,0.28,6,0.09,8,0.03,2,0.02,2,0 days 02:36:10.100000
6,8,7,False,7,0.6,1,0.33,0,0.06,6,0.01,3,0.0,9,0 days 01:14:17.800000
6,2,7,False,7,0.7,1,0.3,2,0.0,0,0.0,3,0.0,3,0 days 01:40:27.600000
6,1,1,True,1,0.9,2,0.1,0,0.0,3,0.0,4,0.0,1,0 days 01:51:56.800000
6,6,1,False,1,1.0,0,0.0,2,0.0,3,0.0,4,0.0,7,0 days 01:56:01.700000
7,0,1,False,1,0.78,7,0.22,2,0.0,0,0.0,3,0.0,4,0 days 04:01:37.400000
7,1,7,False,7,0.6831904761904761,1,0.24,3,0.03661904761904762,0,0.02019047619047619,5,0.02,2,0 days 00:53:43.100000
7,3,2,False,2,0.66,1,0.33,4,0.01,0,0.0,3,0.0,5,0 days 01:47:27.600000
7,4,7,False,7,0.88,5,0.11,4,0.01,0,0.0,3,0.0,3,0 days 02:41:11
7,5,4,False,4,0.78,7,0.2,5,0.02,0,0.0,3,0.0,3,0 days 02:41:09.400000
7,4,1,False,1,0.7678333333333334,5,0.2021666666666667,2,0.03,0,0.0,3,0.0,6,0 days 02:14:20.900000
7,7,1,False,1,0.98,6,0.02,2,0.0,0,0.0,3,0.0,8,0 days 00:43:36.400000
7,5,1,False,1,0.8,7,0.12,2,0.08,0,0.0,3,0.0,7,0 days 03:08:05.200000
7,3,1,False,1,0.98,6,0.02,2,0.0,0,0.0,3,0.0,5,0 days 01:48:04.100000
7,7,1,False,1,0.78,5,0.21,2,0.01,0,0.0,3,0.0,8,0 days 00:55:46.400000
7,7,3,False,3,0.5175000000000002,0,0.3533333333333333,1,0.1025,4,0.016666666666666666,7,0.01,5,0 days 00:53:46
7,4,1,False,1,1.0,0,0.0,2,0.0,3,0.0,4,0.0,5,0 days 01:20:40.200000
7,5,5,True,5,0.69,4,0.31,0,0.0,1,0.0,3,0.0,1,0 days 02:14:08.400000
7,3,1,False,1,0.77,7,0.23,2,0.0,0,0.0,3,0.0,5,0 days 00:54:47.200000
7,7,6,False,6,0.58,2,0.23,8,0.12,4,0.04,1,0.03,9,0 days 01:02:44.400000
7,0,4,False,4,0.66,5,0.25,1,0.09,0,0.0,3,0.0,4,0 days 03:34:45.600000
7,0,7,False,7,0.65,9,0.26,1,0.09,2,0.0,3,0.0,8,0 days 00:27:04.700000
7,1,1,True,1,0.7,7,0.17,0,0.13,2,0.0,3,0.0,1,0 days 00:53:58.400000
7,1,1,True,1,0.8608333333333335,3,0.0745,5,0.06466666666666666,0,0.0,2,0.0,1,0 days 00:53:52.400000
7,2,2,True,2,0.72,0,0.25,4,0.02,5,0.01,3,0.0,1,0 days 02:41:15
7,3,1,False,1,0.61,3,0.34,7,0.05,0,0.0,2,0.0,2,0 days 01:20:35.500000
7,3,2,False,2,0.67,1,0.28,0,0.04,5,0.01,3,0.0,5,0 days 01:28:36
7,3,3,True,3,0.68,1,0.26,2,0.04,6,0.02,0,0.0,1,0 days 01:22:26.900000
7,1,1,True,1,0.95,4,0.026666666666666665,3,0.02333333333333333,0,0.0,2,0.0,1,0 days 01:20:39.700000
7,2,4,False,4,0.69,2,0.23,0,0.08,1,0.0,3,0.0,2,0 days 02:41:16.100000
7,5,1,False,1,0.69,3,0.285,5,0.015,4,0.01,2,0.0,3,0 days 00:53:47.100000
7,4,1,False,1,0.63,2,0.37,0,0.0,3,0.0,4,0.0,5,0 days 01:27:09.600000
7,5,6,False,6,0.62,2,0.26,5,0.12,0,0.0,3,0.0,3,0 days 02:41:13.900000
7,4,1,False,1,0.62,2,0.24,4,0.13,7,0.01,3,0.0,3,0 days 02:14:13.900000
7,5,1,False,1,0.85,7,0.12,3,0.02,4,0.01,2,0.0,7,0 days 01:20:36.500000
7,5,7,False,7,0.61,1,0.39,2,0.0,0,0.0,3,0.0,7,0 days 00:36:06.400000
7,4,2,False,2,0.59,7,0.28,5,0.1,6,0.03,3,0.0,8,0 days 02:41:05.200000
7,2,1,False,1,0.69,4,0.28,5,0.03,0,0.0,3,0.0,6,0 days 04:28:28.900000
7,5,9,False,9,0.61,8,0.31,1,0.08,0,0.0,4,0.0,6,0 days 00:40:11.900000
7,5,1,False,1,0.4985000000000001,3,0.3715,5,0.08,7,0.05,2,0.0,3,0 days 00:53:45.500000
7,5,4,False,4,0.83,5,0.13,1,0.04,0,0.0,3,0.0,2,0 days 02:14:17.800000
7,3,7,False,7,0.77,1,0.23,2,0.0,0,0.0,3,0.0,5,0 days 00:54:42.400000
7,4,1,False,1,1.0,0,0.0,2,0.0,3,0.0,4,0.0,5,0 days 01:36:09.700000
7,4,1,False,1,0.73,2,0.22,0,0.05,3,0.0,4,0.0,5,0 days 02:14:36.700000
7,7,8,False,8,0.7,0,0.3,2,0.0,1,0.0,4,0.0,9,0 days 01:12:45.800000
7,7,1,False,1,0.92,8,0.07,6,0.01,2,0.0,3,0.0,9,0 days 00:33:40.600000
7,7,1,False,1,0.69,7,0.19,2,0.12,0,0.0,3,0.0,2,0 days 01:40:39.400000
7,7,7,True,7,0.8228333333333333,2,0.14716666666666667,5,0.03,0,0.0,3,0.0,1,0 days 02:41:06.400000
7,7,7,True,7,0.59,1,0.295,5,0.1,3,0.015,2,0.0,1,0 days 00:53:45.200000
7,6,1,False,1,0.68,6,0.19,3,0.08,2,0.05,0,0.0,2,0 days 01:22:51
7,6,4,False,4,0.87,5,0.12,7,0.01,0,0.0,3,0.0,8,0 days 02:14:16.600000
7,1,1,True,1,0.87,9,0.12,3,0.01,0,0.0,4,0.0,1,0 days 00:26:53.800000
7,1,3,False,3,0.6516666666666666,1,0.33,5,0.015,0,0.003333333333333333,2,0.0,2,0 days 00:53:46.900000
7,1,6,False,6,0.7,1,0.29,2,0.01,0,0.0,3,0.0,2,0 days 01:20:59.400000
7,6,2,False,2,0.68,6,0.17749999999999996,1,0.1425,0,0.0,3,0.0,2,0 days 01:47:50.200000
7,1,0,False,0,0.61,1,0.36,2,0.03,3,0.0,4,0.0,2,0 days 02:14:36.300000
7,1,4,False,4,0.65,2,0.22,6,0.09,3,0.04,0,0.0,6,0 days 01:22:09.600000
7,2,3,False,3,0.64,6,0.21,1,0.14,2,0.01,0,0.0,4,0 days 01:50:22.500000
7,2,1,False,1,0.89,6,0.09,8,0.02,2,0.0,3,0.0,4,0 days 01:19:09.500000
7,9,6,False,6,0.69,1,0.31,2,0.0,0,0.0,3,0.0,10,0 days 00:14:01.900000
7,9,8,False,8,0.59,0,0.23,1,0.13,6,0.05,3,0.0,10,0 days 00:16:54.100000
7,1,6,False,6,0.59,1,0.3,9,0.11,2,0.0,3,0.0,2,0 days 00:30:08.200000
7,1,1,True,1,0.89,2,0.11,0,0.0,3,0.0,4,0.0,1,0 days 02:04:31.900000
7,1,1,True,1,0.73,6,0.27,2,0.0,0,0.0,3,0.0,1,0 days 00:39:52.800000
7,1,1,True,1,1.0,0,0.0,2,0.0,3,0.0,4,0.0,1,0 days 00:50:42.100000
7,1,1,True,1,1.0,0,0.0,2,0.0,3,0.0,4,0.0,1,0 days 00:29:38.300000
7,2,0,False,0,0.62,1,0.28,3,0.07,2,0.02,4,0.01,4,0 days 01:20:46.600000
7,1,1,True,1,0.89,8,0.11,2,0.0,0,0.0,4,0.0,1,0 days 00:03:59.100000
7,1,1,True,1,0.93,4,0.07,2,0.0,0,0.0,3,0.0,1,0 days 00:45:56.900000
7,1,1,True,1,1.0,0,0.0,2,0.0,3,0.0,4,0.0,1,0 days 00:12:41.100000
7,1,1,True,1,0.77,7,0.23,2,0.0,0,0.0,3,0.0,1,0 days 00:15:37.800000
7,1,1,True,1,0.97,0,0.03,2,0.0,3,0.0,4,0.0,1,0 days 00:30:30.100000
7,1,1,True,1,1.0,0,0.0,2,0.0,3,0.0,4,0.0,1,0 days 00:35:49.900000
7,1,8,False,8,0.6,1,0.27,2,0.13,0,0.0,4,0.0,2,0 days 01:01:19.800000
7,1,3,False,3,0.67,1,0.32,9,0.01,0,0.0,4,0.0,2,0 days 00:52:20
7,1,1,True,1,1.0,0,0.0,2,0.0,3,0.0,4,0.0,1,0 days 00:35:33.800000
7,1,8,False,8,0.91,1,0.09,2,0.0,0,0.0,4,0.0,2,0 days 00:11:44.400000
7,8,7,False,7,0.65,1,0.3,8,0.05,2,0.0,3,0.0,3,0 days 00:40:20.800000
7,6,1,False,1,0.97,5,0.03,2,0.0,0,0.0,3,0.0,7,0 days 00:09:52
7,1,1,True,1,0.98,5,0.02,2,0.0,0,0.0,3,0.0,1,0 days 00:28:29.400000
7,1,1,True,1,0.68,9,0.23,4,0.07,5,0.02,3,0.0,1,0 days 00:27:01.900000
7,1,1,True,1,0.99,3,0.01,0,0.0,2,0.0,4,0.0,1,0 days 01:47:30.500000
7,1,6,False,6,0.64,4,0.26,1,0.1,0,0.0,3,0.0,3,0 days 01:49:51.400000
7,1,0,False,0,0.64,6,0.32,5,0.03,1,0.01,3,0.0,4,0 days 00:31:47.100000
7,6,0,False,0,0.66,1,0.19,2,0.15,3,0.0,4,0.0,7,0 days 00:56:09.600000
7,6,6,True,6,0.58,1,0.29,3,0.08,2,0.05,0,0.0,1,0 days 01:22:50.200000
7,1,1,True,1,0.8,0,0.2,2,0.0,3,0.0,4,0.0,1,0 days 00:35:04.800000
7,1,1,True,1,0.95,9,0.05,2,0.0,0,0.0,4,0.0,1,0 days 00:29:56.800000
7,1,1,True,1,0.69,7,0.2,6,0.11,0,0.0,3,0.0,1,0 days 00:18:27.600000
7,1,2,False,2,0.98,1,0.02,0,0.0,3,0.0,4,0.0,2,0 days 01:29:04.700000
7,1,1,True,1,0.99,0,0.01,2,0.0,3,0.0,4,0.0,1,0 days 00:54:16.300000
7,1,1,True,1,0.98,6,0.02,2,0.0,0,0.0,3,0.0,1,0 days 00:36:39.600000
7,1,1,True,1,1.0,0,0.0,2,0.0,3,0.0,4,0.0,1,0 days 00:36:15.700000
7,1,0,False,0,0.68,8,0.14950000000000002,2,0.1205,1,0.05,4,0.0,4,0 days 01:08:41.100000
7,1,1,True,1,0.87,8,0.09,6,0.04,2,0.0,3,0.0,1,0 days 00:06:16.100000
7,9,1,False,1,1.0,0,0.0,2,0.0,3,0.0,4,0.0,10,0 days 00:08:36.900000
7,1,1,True,1,0.66,2,0.34,0,0.0,3,0.0,4,0.0,1,0 days 02:25:33.100000
7,1,1,True,1,0.94,7,0.04,9,0.02,2,0.0,3,0.0,1,0 days 00:27:03.300000
7,1,1,True,1,0.89,6,0.09,8,0.02,2,0.0,3,0.0,1,0 days 01:19:11.200000
7,0,0,True,0,0.62,1,0.38,2,0.0,3,0.0,4,0.0,1,0 days 00:39:19.200000
7,1,6,False,6,0.59,1,0.34,0,0.07,2,0.0,3,0.0,2,0 days 00:27:22.400000
7,1,1,True,1,1.0,0,0.0,2,0.0,3,0.0,4,0.0,1,0 days 00:08:34.200000
7,1,8,False,8,0.75,7,0.16,1,0.09,2,0.0,3,0.0,3,0 days 02:43:55.200000
7,1,0,False,0,0.64,1,0.36,2,0.0,3,0.0,4,0.0,2,0 days 00:50:58.900000
7,1,6,False,6,0.89,0,0.1,5,0.01,1,0.0,3,0.0,4,0 days 00:31:54.700000
7,2,1,False,1,0.7,6,0.24,2,0.05,4,0.01,3,0.0,3,0 days 01:23:26.400000
7,1,2,False,2,0.57,1,0.42,4,0.01,0,0.0,3,0.0,2,0 days 02:14:46.400000
7,1,1,True,1,0.66,6,0.26,0,0.08,2,0.0,3,0.0,1,0 days 00:39:42.900000
7,1,1,True,1,1.0,0,0.0,2,0.0,3,0.0,4,0.0,1,0 days 00:52:47.800000
7,1,8,False,8,0.6,1,0.25,2,0.11,5,0.04,3,0.0,2,0 days 01:00:20.200000
7,1,1,True,1,1.0,0,0.0,2,0.0,3,0.0,4,0.0,1,0 days 00:45:00
7,1,1,True,1,1.0,0,0.0,2,0.0,3,0.0,4,0.0,1,0 days 01:48:07.800000
7,1,1,True,1,1.0,0,0.0,2,0.0,3,0.0,4,0.0,1,0 days 00:10:10.600000
7,6,4,False,4,0.63,2,0.22,6,0.12,1,0.03,3,0.0,3,0 days 01:23:17.700000
7,1,2,False,2,0.56,3,0.3,1,0.14,0,0.0,4,0.0,3,0 days 01:41:59.500000
7,1,6,False,6,0.59,1,0.34,0,0.07,2,0.0,3,0.0,2,0 days 00:48:39.800000
7,6,6,True,6,0.67,4,0.23,1,0.09,2,0.01,3,0.0,1,0 days 01:23:22.800000
7,1,1,True,1,0.87,6,0.12,8,0.01,2,0.0,3,0.0,1,0 days 00:06:17.900000
7,1,4,False,4,0.77,7,0.17,1,0.04,5,0.02,3,0.0,3,0 days 02:14:13.100000
7,1,6,False,6,0.56,5,0.26,1,0.08,8,0.06,2,0.04,3,0 days 02:33:40.100000
7,1,2,False,2,0.96,1,0.03,0,0.01,3,0.0,4,0.0,2,0 days 02:24:30.500000
7,1,1,True,1,0.85,6,0.15,2,0.0,0,0.0,3,0.0,1,0 days 00:31:18.500000
7,1,1,True,1,0.99,6,0.01,2,0.0,0,0.0,3,0.0,1,0 days 00:31:01.500000
7,1,1,True,1,0.89,5,0.07,8,0.04,2,0.0,3,0.0,1,0 days 00:24:18.500000
7,1,1,True,1,1.0,0,0.0,2,0.0,3,0.0,4,0.0,1,0 days 01:48:56.600000
7,1,1,True,1,0.96,2,0.04,0,0.0,3,0.0,4,0.0,1,0 days 01:48:37.100000
7,1,4,False,4,0.61,1,0.39,2,0.0,0,0.0,3,0.0,2,0 days 02:14:49.200000
7,1,1,True,1,0.99,6,0.01,2,0.0,0,0.0,3,0.0,1,0 days 00:27:26.700000
7,1,1,True,1,0.88,6,0.12,2,0.0,0,0.0,3,0.0,1,0 days 00:27:35.700000
7,1,7,False,7,0.67,3,0.23,1,0.1,0,0.0,2,0.0,3,0 days 00:53:20.100000
7,1,3,False,3,0.66,6,0.17,1,0.09,7,0.07,8,0.01,3,0 days 01:15:38.600000
7,1,1,True,1,0.99,0,0.01,2,0.0,3,0.0,4,0.0,1,0 days 00:51:24.500000
7,1,1,True,1,0.91,6,0.09,2,0.0,0,0.0,3,0.0,1,0 days 00:14:05.300000
7,0,1,False,1,1.0,0,0.0,2,0.0,3,0.0,4,0.0,2,0 days 00:03:31.300000
7,1,1,True,1,0.61,5,0.28,4,0.09,2,0.02,3,0.0,1,0 days 02:41:22
7,1,1,True,1,1.0,0,0.0,2,0.0,3,0.0,4,0.0,1,0 days 00:49:23.800000
7,1,2,False,2,0.64,1,0.29,6,0.04,5,0.03,3,0.0,2,0 days 03:35:01.300000
7,1,1,True,1,0.72,8,0.28,2,0.0,0,0.0,4,0.0,1,0 days 00:49:42
7,6,1,False,1,0.89,9,0.042333333333333334,5,0.035333333333333335,6,0.03233333333333333,3,0.0,4,0 days 00:53:54.900000
7,1,7,False,7,0.69,8,0.2,1,0.11,2,0.0,3,0.0,3,0 days 02:43:49.300000
7,1,1,True,1,0.98,0,0.02,2,0.0,3,0.0,4,0.0,1,0 days 00:52:38.800000
7,1,1,True,1,0.91,2,0.09,0,0.0,3,0.0,4,0.0,1,0 days 01:32:47.600000
7,1,0,False,0,0.64,1,0.36,2,0.0,3,0.0,4,0.0,2,0 days 00:45:06.400000
7,2,2,True,2,0.65,1,0.35,0,0.0,3,0.0,4,0.0,1,0 days 01:29:48.700000
7,1,7,False,7,0.66,1,0.25,2,0.09,0,0.0,3,0.0,2,0 days 02:01:25
7,1,6,False,6,0.65,4,0.26,1,0.08,2,0.01,3,0.0,3,0 days 01:49:54.500000
7,2,2,True,2,0.6741666666666667,1,0.32583333333333336,0,0.0,3,0.0,4,0.0,1,0 days 01:25:14.900000
7,1,1,True,1,0.98,0,0.01,2,0.01,3,0.0,4,0.0,1,0 days 03:35:26
7,1,7,False,7,0.7,0,0.19,1,0.11,2,0.0,3,0.0,3,0 days 00:41:24.300000
7,2,1,False,1,0.99,2,0.01,0,0.0,3,0.0,4,0.0,2,0 days 01:33:05.500000
7,2,1,False,1,0.86,0,0.14,2,0.0,3,0.0,4,0.0,3,0 days 01:47:31.400000
7,1,1,True,1,0.99,6,0.01,2,0.0,0,0.0,3,0.0,1,0 days 00:32:40.900000
7,6,1,False,1,1.0,0,0.0,2,0.0,3,0.0,4,0.0,7,0 days 00:13:31.400000
7,1,6,False,6,0.87,1,0.13,2,0.0,0,0.0,3,0.0,2,0 days 00:13:57.600000
7,1,2,False,2,0.64,4,0.23,3,0.09,1,0.04,0,0.0,4,0 days 01:21:56.200000
7,6,5,False,5,0.62,1,0.23116666666666666,3,0.14883333333333335,0,0.0,2,0.0,7,0 days 00:53:45.400000
7,6,6,True,6,0.88,1,0.12,2,0.0,0,0.0,3,0.0,1,0 days 00:10:45
7,1,3,False,3,0.69,7,0.29,1,0.02,0,0.0,2,0.0,3,0 days 00:53:28.700000
7,6,1,False,1,0.7,6,0.21,7,0.09,0,0.0,3,0.0,2,0 days 01:23:56.300000
7,0,1,False,1,0.94,6,0.05,0,0.01,2,0.0,3,0.0,3,0 days 00:39:07.800000
7,1,1,True,1,1.0,0,0.0,2,0.0,3,0.0,4,0.0,1,0 days 00:27:15.500000
7,1,2,False,2,0.92,1,0.08,0,0.0,3,0.0,4,0.0,2,0 days 01:27:53.700000
7,1,6,False,6,0.97,1,0.03,2,0.0,0,0.0,3,0.0,2,0 days 00:16:39.900000
7,1,6,False,6,1.0,0,0.0,2,0.0,1,0.0,3,0.0,4,0 days 00:16:34.800000
7,6,6,True,6,0.5,2,0.36,1,0.14,0,0.0,3,0.0,1,0 days 01:24:49.300000
7,1,2,False,2,0.65,1,0.35,0,0.0,3,0.0,4,0.0,2,0 days 01:32:42.500000
7,1,1,True,1,0.96,2,0.04,0,0.0,3,0.0,4,0.0,1,0 days 01:48:36.100000
7,1,1,True,1,0.67,0,0.29,6,0.03,3,0.01,2,0.0,1,0 days 02:31:42.100000
7,1,8,False,8,0.75,1,0.22,7,0.02,6,0.01,3,0.0,2,0 days 00:49:12.200000
7,1,1,True,1,0.98,8,0.02,2,0.0,0,0.0,4,0.0,1,0 days 00:43:54.300000
7,1,1,True,1,0.9,2,0.1,0,0.0,3,0.0,4,0.0,1,0 days 01:28:13.800000
7,2,2,True,2,0.62,7,0.31,1,0.07,0,0.0,3,0.0,1,0 days 02:11:21.400000
7,1,2,False,2,0.71,1,0.29,0,0.0,3,0.0,4,0.0,2,0 days 01:26:44
7,0,6,False,6,0.58,2,0.23,8,0.15,1,0.04,3,0.0,8,0 days 01:02:54.500000
7,2,1,False,1,0.85,2,0.15,0,0.0,3,0.0,4,0.0,2,0 days 01:27:04.200000
7,1,1,True,1,0.73,8,0.27,2,0.0,0,0.0,4,0.0,1,0 days 02:44:03.800000
7,2,8,False,8,0.67,1,0.33,2,0.0,0,0.0,4,0.0,3,0 days 02:08:55.700000
7,2,3,False,3,0.72,1,0.23,2,0.05,0,0.0,4,0.0,3,0 days 01:50:39.700000
7,1,1,True,1,1.0,0,0.0,2,0.0,3,0.0,4,0.0,1,0 days 00:05:11.200000
7,1,1,True,1,1.0,0,0.0,2,0.0,3,0.0,4,0.0,1,0 days 00:03:22.900000
7,1,1,True,1,1.0,0,0.0,2,0.0,3,0.0,4,0.0,1,0 days 00:03:25.400000
7,1,1,True,1,1.0,0,0.0,2,0.0,3,0.0,4,0.0,1,0 days 00:05:07.700000
7,1,1,True,1,1.0,0,0.0,2,0.0,3,0.0,4,0.0,1,0 days 00:05:04.300000
7,8,1,False,1,0.99,6,0.01,2,0.0,0,0.0,3,0.0,9,0 days 00:27:27.200000
7,8,8,True,8,0.86,1,0.14,2,0.0,0,0.0,4,0.0,1,0 days 00:02:57.300000
7,8,1,False,1,0.81,8,0.19,2,0.0,0,0.0,4,0.0,2,0 days 00:06:45.600000
7,1,8,False,8,0.72,2,0.15,1,0.13,0,0.0,4,0.0,3,0 days 03:16:18
7,1,1,True,1,0.87,9,0.12,8,0.01,0,0.0,4,0.0,1,0 days 00:22:30.300000
7,1,1,True,1,1.0,0,0.0,2,0.0,3,0.0,4,0.0,1,0 days 00:03:17.100000
7,1,1,True,1,1.0,0,0.0,2,0.0,3,0.0,4,0.0,1,0 days 00:06:43.500000
7,8,8,True,8,0.88,2,0.12,1,0.0,0,0.0,4,0.0,1,0 days 01:00:38.900000
7,1,8,False,8,0.79,1,0.21,2,0.0,0,0.0,4,0.0,2,0 days 00:06:35.200000
7,1,1,True,1,0.9335,8,0.0665,2,0.0,0,0.0,4,0.0,1,0 days 00:06:49.700000
7,1,1,True,1,0.78,8,0.2,7,0.02,2,0.0,3,0.0,1,0 days 00:50:01
7,2,0,False,0,0.67,1,0.22,2,0.09,3,0.02,4,0.0,3,0 days 02:30:20.300000
7,1,1,True,1,0.94,2,0.06,0,0.0,3,0.0,4,0.0,1,0 days 00:55:37.800000
7,1,1,True,1,1.0,0,0.0,2,0.0,3,0.0,4,0.0,1,0 days 00:35:42.500000
7,2,1,False,1,0.74,6,0.26,2,0.0,0,0.0,3,0.0,3,0 days 02:17:28.500000
7,1,6,False,6,0.71,2,0.17,1,0.12,0,0.0,3,0.0,3,0 days 02:06:16
7,0,8,False,8,0.65,1,0.28,3,0.06,7,0.01,2,0.0,8,0 days 00:54:37.600000
7,1,1,True,1,0.72,0,0.27,5,0.01,2,0.0,3,0.0,1,0 days 00:47:06.100000
7,1,8,False,8,0.65,9,0.26,1,0.09,0,0.0,4,0.0,3,0 days 00:40:11.500000
7,1,1,True,1,1.0,0,0.0,2,0.0,3,0.0,4,0.0,1,0 days 00:05:12.200000
7,1,1,True,1,1.0,0,0.0,2,0.0,3,0.0,4,0.0,1,0 days 00:06:40.500000
7,1,1,True,1,0.99,6,0.01,2,0.0,0,0.0,3,0.0,1,0 days 00:38:20.100000
7,1,1,True,1,0.9335,8,0.0665,2,0.0,0,0.0,4,0.0,1,0 days 00:06:49.700000
7,1,1,True,1,0.84,6,0.16,2,0.0,0,0.0,3,0.0,1,0 days 00:13:34
7,1,1,True,1,0.65,2,0.32,6,0.03,0,0.0,3,0.0,1,0 days 01:52:31.100000
7,1,1,True,1,0.91,8,0.07,7,0.02,2,0.0,3,0.0,1,0 days 00:49:57.600000
7,1,1,True,1,0.98,5,0.02,2,0.0,0,0.0,3,0.0,1,0 days 03:37:41.500000
7,0,1,False,1,1.0,0,0.0,2,0.0,3,0.0,4,0.0,2,0 days 00:27:27.800000
7,1,1,True,1,1.0,0,0.0,2,0.0,3,0.0,4,0.0,1,0 days 00:03:05.400000
7,1,1,True,1,0.78,6,0.22,2,0.0,0,0.0,3,0.0,1,0 days 00:29:27.400000
7,1,2,False,2,0.71,1,0.29,0,0.0,3,0.0,4,0.0,2,0 days 02:25:59.800000
7,8,1,False,1,0.98,8,0.02,2,0.0,0,0.0,4,0.0,2,0 days 00:07:01
7,2,8,False,8,0.68,2,0.32,1,0.0,0,0.0,4,0.0,2,0 days 01:25:30.100000
7,1,2,False,2,0.58,1,0.34,6,0.07,5,0.01,3,0.0,2,0 days 02:17:01.300000
7,1,1,True,1,1.0,0,0.0,2,0.0,3,0.0,4,0.0,1,0 days 00:03:27.900000
7,1,1,True,1,1.0,0,0.0,2,0.0,3,0.0,4,0.0,1,0 days 00:03:25.200000
7,1,1,True,1,0.97,8,0.03,2,0.0,0,0.0,4,0.0,1,0 days 00:03:56.700000
7,1,1,True,1,1.0,0,0.0,2,0.0,3,0.0,4,0.0,1,0 days 00:03:32.400000
7,1,7,False,7,0.65,8,0.21,1,0.14,2,0.0,3,0.0,3,0 days 00:40:19.300000
7,8,1,False,1,0.96,9,0.04,2,0.0,0,0.0,4,0.0,10,0 days 00:06:32.800000
7,1,8,False,8,0.65,1,0.35,2,0.0,0,0.0,4,0.0,2,0 days 00:03:00.900000
7,0,5,False,5,0.59,1,0.41,2,0.0,0,0.0,3,0.0,4,0 days 03:37:27
7,0,1,False,1,0.87,6,0.08,2,0.02,8,0.02,5,0.01,8,0 days 02:36:19.900000
7,2,1,False,1,1.0,0,0.0,2,0.0,3,0.0,4,0.0,3,0 days 03:41:41.700000
7,2,1,False,1,0.7,7,0.25,2,0.04,3,0.01,0,0.0,3,0 days 01:59:37.800000
7,1,1,True,1,1.0,0,0.0,2,0.0,3,0.0,4,0.0,1,0 days 00:03:33.100000
7,1,1,True,1,0.99,8,0.01,2,0.0,0,0.0,4,0.0,1,0 days 00:03:35.200000
7,1,1,True,1,0.94,8,0.06,2,0.0,0,0.0,4,0.0,1,0 days 00:06:46.300000
7,1,1,True,1,1.0,0,0.0,2,0.0,3,0.0,4,0.0,1,0 days 00:03:09.200000
7,1,1,True,1,1.0,0,0.0,2,0.0,3,0.0,4,0.0,1,0 days 00:03:30.900000
7,1,1,True,1,0.74,0,0.25,2,0.01,3,0.0,4,0.0,1,0 days 03:35:13.300000
7,8,1,False,1,0.96,0,0.03,6,0.01,2,0.0,3,0.0,9,0 days 00:43:34.200000
7,8,8,True,8,0.69,1,0.31,2,0.0,0,0.0,4,0.0,1,0 days 00:12:19
7,6,1,False,1,0.75,2,0.21,8,0.03,0,0.01,4,0.0,7,0 days 00:43:08.100000
7,1,4,False,4,0.68,1,0.29,7,0.02,8,0.01,3,0.0,2,0 days 01:53:59.200000
7,2,1,False,1,0.61,2,0.25,6,0.14,0,0.0,3,0.0,2,0 days 01:24:25.200000
7,6,1,False,1,0.96,8,0.04,2,0.0,0,0.0,4,0.0,7,0 days 00:59:44.300000
7,1,1,True,1,0.76,6,0.24,2,0.0,0,0.0,3,0.0,1,0 days 01:56:06
7,1,1,True,1,0.99,8,0.01,2,0.0,0,0.0,4,0.0,1,0 days 00:06:38.600000
7,1,0,False,0,0.68,8,0.245,1,0.07,2,0.005,4,0.0,3,0 days 01:08:56.100000
7,8,1,False,1,0.61,8,0.25,2,0.14,0,0.0,4,0.0,2,0 days 01:00:52.400000
7,2,2,True,2,0.59,8,0.41,1,0.0,0,0.0,4,0.0,1,0 days 01:00:33.800000
7,8,1,False,1,0.85,3,0.08,2,0.04,7,0.03,0,0.0,9,0 days 01:41:46.900000
7,1,1,True,1,1.0,0,0.0,2,0.0,3,0.0,4,0.0,1,0 days 00:50:41.800000
7,2,8,False,8,0.82,1,0.13,0,0.05,2,0.0,4,0.0,4,0 days 00:59:30.900000
7,1,1,True,1,0.73,5,0.25,2,0.02,0,0.0,3,0.0,1,0 days 02:48:38.700000
7,8,3,False,3,0.68,6,0.19,1,0.12,2,0.01,0,0.0,9,0 days 01:22:25.700000
7,2,2,True,2,0.67,6,0.2,0,0.12,1,0.01,3,0.0,1,0 days 01:04:14.400000
7,1,1,True,1,1.0,0,0.0,2,0.0,3,0.0,4,0.0,1,0 days 02:27:04
7,8,1,False,1,1.0,0,0.0,2,0.0,3,0.0,4,0.0,9,0 days 02:28:07.200000
7,1,1,True,1,0.92,0,0.05,5,0.02,6,0.01,3,0.0,1,0 days 02:43:04.700000
7,8,8,True,8,0.72,2,0.28,1,0.0,0,0.0,4,0.0,1,0 days 01:00:38
7,8,2,False,2,0.75,0,0.24,1,0.01,3,0.0,4,0.0,9,0 days 01:21:05.600000
7,1,2,False,2,0.66,8,0.26,1,0.08,0,0.0,4,0.0,3,0 days 01:00:22.700000
7,6,3,False,3,0.59,1,0.35333333333333333,6,0.05666666666666667,0,0.0,2,0.0,3,0 days 01:23:46.200000
7,1,1,True,1,0.64,8,0.21,4,0.15,2,0.0,3,0.0,1,0 days 02:44:19.600000
7,1,1,True,1,0.98,2,0.02,0,0.0,3,0.0,4,0.0,1,0 days 01:28:48.600000
7,1,2,False,2,0.62,1,0.38,0,0.0,3,0.0,4,0.0,2,0 days 01:51:42
7,1,2,False,2,0.76,1,0.2,5,0.04,0,0.0,3,0.0,2,0 days 02:50:57.800000
8,1,1,True,1,0.69,7,0.25,5,0.06,0,0.0,3,0.0,1,0 days 02:41:12.100000
8,4,2,False,2,0.69,5,0.29,7,0.02,0,0.0,3,0.0,7,0 days 03:08:03.100000
8,1,1,True,1,0.6,5,0.28,4,0.1,0,0.02,3,0.0,1,0 days 03:34:49.500000
8,1,1,True,1,0.6,0,0.23,5,0.12,4,0.05,3,0.0,1,0 days 03:34:48.300000
8,4,2,False,2,0.85,5,0.11,1,0.03,4,0.01,3,0.0,4,0 days 02:14:22.100000
8,7,0,False,0,0.59,1,0.37,7,0.04,2,0.0,3,0.0,3,0 days 00:27:05
8,3,1,False,1,0.64,3,0.33,5,0.03,0,0.0,2,0.0,2,0 days 01:20:38.800000
8,5,1,False,1,0.57,6,0.26,0,0.17,2,0.0,3,0.0,7,0 days 00:31:41.600000
8,4,2,False,2,0.71,5,0.149,1,0.10100000000000002,4,0.04,3,0.0,4,0 days 02:14:24.700000
8,7,0,False,0,0.66,6,0.12133333333333333,9,0.10783333333333335,5,0.10083333333333334,1,0.01,9,0 days 00:53:56.700000
8,5,1,False,1,0.6,5,0.28,4,0.1,0,0.02,3,0.0,2,0 days 03:34:49.400000
8,7,7,True,7,0.7758333333333334,2,0.20416666666666664,5,0.02,0,0.0,3,0.0,1,0 days 02:41:06.400000
8,1,1,True,1,1.0,0,0.0,2,0.0,3,0.0,4,0.0,1,0 days 00:54:15.600000
8,6,5,False,5,0.9,2,0.1,1,0.0,0,0.0,3,0.0,7,0 days 02:41:13.600000
8,2,5,False,5,0.61,2,0.39,1,0.0,0,0.0,3,0.0,2,0 days 02:41:14.200000
8,1,1,True,1,0.57,5,0.32,2,0.11,0,0.0,3,0.0,1,0 days 02:14:21.600000
8,2,1,False,1,0.84,2,0.09,4,0.07,0,0.0,3,0.0,2,0 days 02:14:28.400000
8,1,5,False,5,0.5141666666666667,3,0.41583333333333333,1,0.07,0,0.0,2,0.0,3,0 days 00:53:47.500000
8,1,4,False,4,0.64,2,0.27,5,0.04783333333333333,1,0.042166666666666665,3,0.0,4,0 days 02:14:23.900000
8,0,2,False,2,0.94,4,0.05,5,0.01,0,0.0,3,0.0,4,0 days 02:41:15.400000
8,2,1,False,1,0.94,4,0.06,2,0.0,0,0.0,3,0.0,3,0 days 01:47:26.300000
8,3,1,False,1,0.71,2,0.26,6,0.03,0,0.0,3,0.0,5,0 days 01:21:21.200000
8,3,4,False,4,0.84,3,0.07,7,0.06,1,0.03,2,0.0,2,0 days 01:20:37.200000
8,4,7,False,7,0.67,1,0.32,6,0.01,0,0.0,3,0.0,8,0 days 00:53:54.300000
8,3,6,False,6,0.74,1,0.25,2,0.01,0,0.0,3,0.0,5,0 days 01:22:52.400000
8,4,3,False,3,0.73,1,0.26,5,0.01,0,0.0,2,0.0,6,0 days 01:20:38.900000
8,3,0,False,0,0.66,7,0.17,1,0.07266666666666667,4,0.048,3,0.03933333333333333,5,0 days 00:53:45.900000
8,5,1,False,1,0.93,6,0.07,2,0.0,0,0.0,3,0.0,7,0 days 00:41:57.900000
8,5,7,False,7,0.615,5,0.38,2,0.005,0,0.0,3,0.0,2,0 days 02:41:07.500000
8,7,3,False,3,0.95,7,0.05,1,0.0,0,0.0,2,0.0,2,0 days 01:20:33.400000
8,3,3,True,3,0.69,0,0.22,7,0.08,1,0.01,2,0.0,1,0 days 01:07:08.300000
8,1,3,False,3,0.8716666666666667,1,0.10166666666666668,7,0.02,0,0.006666666666666666,2,0.0,2,0 days 00:53:49.700000
8,5,2,False,2,0.6,4,0.37,7,0.03,0,0.0,3,0.0,7,0 days 03:07:56.300000
8,5,5,True,5,0.84,1,0.08,2,0.07,4,0.01,3,0.0,1,0 days 04:28:20.400000
8,4,1,False,1,0.67,4,0.19,2,0.12,5,0.02,3,0.0,2,0 days 04:28:32.500000
8,5,8,False,8,0.61,1,0.39,2,0.0,0,0.0,4,0.0,6,0 days 01:34:26.500000
8,5,7,False,7,0.6,1,0.24,8,0.14,0,0.02,3,0.0,7,0 days 00:57:46.600000
8,0,1,False,1,0.98,6,0.02,2,0.0,0,0.0,3,0.0,4,0 days 00:30:42.900000
8,5,7,False,7,0.3432380952380952,5,0.316595238095238,1,0.29016666666666663,6,0.04,4,0.01,2,0 days 02:40:59
8,5,7,False,7,0.58,1,0.41,2,0.01,0,0.0,3,0.0,7,0 days 00:55:46.900000
8,4,1,False,1,0.77,0,0.22,2,0.01,3,0.0,4,0.0,5,0 days 01:13:28.200000
8,3,1,False,1,0.96,2,0.04,0,0.0,3,0.0,4,0.0,4,0 days 01:21:46.900000
8,4,4,True,4,0.63,5,0.27,7,0.09,1,0.01,3,0.0,1,0 days 02:14:12
8,7,1,False,1,0.69,2,0.27,7,0.03,8,0.01,3,0.0,3,0 days 02:01:20.100000
8,7,0,False,0,0.92,2,0.06,7,0.02,1,0.0,3,0.0,3,0 days 00:54:03.800000
8,7,5,False,5,0.87,7,0.11666666666666665,2,0.013333333333333332,0,0.0,3,0.0,2,0 days 02:41:07.200000
8,7,5,False,5,0.68,7,0.32,0,0.0,1,0.0,3,0.0,2,0 days 03:07:52
8,7,1,False,1,0.73,2,0.19,8,0.07,3,0.01,4,0.0,9,0 days 01:41:29.200000
8,8,1,False,1,0.64,5,0.18716666666666665,9,0.12283333333333335,8,0.04,4,0.01,4,0 days 00:40:11.700000
8,1,1,True,1,0.79,3,0.21,0,0.0,2,0.0,4,0.0,1,0 days 01:34:53.400000
8,1,4,False,4,0.62,1,0.38,2,0.0,0,0.0,3,0.0,2,0 days 00:45:46.800000
8,1,5,False,5,0.5268333333333335,3,0.4131666666666666,6,0.05,1,0.01,2,0.0,4,0 days 00:53:45.500000
8,1,5,False,5,0.96,7,0.04,0,0.0,1,0.0,3,0.0,4,0 days 03:07:49.600000
8,1,5,False,5,0.48416666666666663,3,0.4658333333333334,4,0.04,1,0.01,2,0.0,4,0 days 00:53:47.700000
8,1,4,False,4,0.67,0,0.27,6,0.03,1,0.03,3,0.0,4,0 days 02:41:28.400000
8,1,1,True,1,0.96,5,0.04,2,0.0,0,0.0,3,0.0,1,0 days 00:44:29.400000
8,1,1,True,1,1.0,0,0.0,2,0.0,3,0.0,4,0.0,1,0 days 02:45:48.700000
8,9,7,False,7,0.59,0,0.25,1,0.16,2,0.0,3,0.0,10,0 days 00:27:04.200000
8,1,6,False,6,0.87,7,0.08,1,0.05,0,0.0,3,0.0,3,0 days 01:23:56.200000
8,1,1,True,1,0.77,5,0.23,2,0.0,0,0.0,3,0.0,1,0 days 00:44:14.300000
8,1,1,True,1,1.0,0,0.0,2,0.0,3,0.0,4,0.0,1,0 days 00:36:16.400000
8,1,1,True,1,0.75,2,0.25,0,0.0,3,0.0,4,0.0,1,0 days 01:48:46.200000
8,6,1,False,1,0.73,2,0.22,3,0.05,0,0.0,4,0.0,7,0 days 01:22:35.400000
8,1,2,False,2,0.83,6,0.11,1,0.06,0,0.0,3,0.0,3,0 days 01:23:32.100000
8,1,8,False,8,0.57,6,0.35,1,0.08,2,0.0,3,0.0,3,0 days 00:21:23.500000
8,1,1,True,1,1.0,0,0.0,2,0.0,3,0.0,4,0.0,1,0 days 00:35:32.500000
8,1,7,False,7,0.63,3,0.35,1,0.01,0,0.01,2,0.0,3,0 days 01:07:01.900000
8,1,6,False,6,0.65,1,0.34,8,0.01,2,0.0,3,0.0,2,0 days 00:59:45.300000
8,1,1,True,1,1.0,0,0.0,2,0.0,3,0.0,4,0.0,1,0 days 02:14:40.500000
8,1,1,True,1,0.93,6,0.07,2,0.0,0,0.0,3,0.0,1,0 days 00:38:22.800000
8,0,1,False,1,0.96,6,0.04,2,0.0,0,0.0,3,0.0,4,0 days 01:47:52.300000
8,1,1,True,1,0.7,6,0.29,8,0.01,2,0.0,3,0.0,1,0 days 00:31:22.800000
8,1,1,True,1,0.96,0,0.03,8,0.01,2,0.0,4,0.0,1,0 days 00:58:54.500000
8,8,2,False,2,0.87,8,0.13,1,0.0,0,0.0,4,0.0,2,0 days 01:00:33.100000
8,1,6,False,6,0.7,1,0.3,2,0.0,0,0.0,3,0.0,2,0 days 00:10:19.900000
8,1,1,True,1,0.95,2,0.05,0,0.0,3,0.0,4,0.0,1,0 days 01:47:45.200000
8,1,6,False,6,0.57,1,0.38,5,0.05,0,0.0,3,0.0,2,0 days 00:33:16.500000
8,1,1,True,1,1.0,0,0.0,2,0.0,3,0.0,4,0.0,1,0 days 03:08:31.100000
8,6,6,True,6,0.78,1,0.22,2,0.0,0,0.0,3,0.0,1,0 days 00:10:50.600000
8,1,5,False,5,0.57,1,0.3,3,0.13,0,0.0,2,0.0,2,0 days 00:53:47.100000
8,1,1,True,1,0.91,6,0.09,2,0.0,0,0.0,3,0.0,1,0 days 00:27:30.800000
8,1,1,True,1,0.74,6,0.25,2,0.01,0,0.0,3,0.0,1,0 days 01:55:54.600000
8,1,8,False,8,0.52,1,0.45,6,0.03,2,0.0,3,0.0,2,0 days 00:34:51.500000
8,1,1,True,1,0.95,0,0.04,2,0.01,3,0.0,4,0.0,1,0 days 00:55:09.200000
8,1,1,True,1,0.8,6,0.2,2,0.0,0,0.0,3,0.0,1,0 days 00:16:02.100000
8,1,5,False,5,0.73,1,0.21,6,0.06,0,0.0,3,0.0,2,0 days 01:21:27.700000
8,1,1,True,1,0.98,5,0.02,2,0.0,0,0.0,3,0.0,1,0 days 00:44:03.100000
8,1,1,True,1,1.0,0,0.0,2,0.0,3,0.0,4,0.0,1,0 days 00:05:35.700000
8,1,1,True,1,1.0,0,0.0,2,0.0,3,0.0,4,0.0,1,0 days 00:55:32.800000
8,9,1,False,1,0.99,7,0.01,2,0.0,0,0.0,3,0.0,10,0 days 00:17:57.800000
8,2,8,False,8,0.61,1,0.39,2,0.0,0,0.0,4,0.0,3,0 days 01:10:25.600000
8,1,1,True,1,0.72,6,0.28,2,0.0,0,0.0,3,0.0,1,0 days 00:13:51
8,1,1,True,1,1.0,0,0.0,2,0.0,3,0.0,4,0.0,1,0 days 00:08:22
8,1,1,True,1,0.71,8,0.29,2,0.0,0,0.0,4,0.0,1,0 days 00:25:31.100000
8,1,0,False,0,0.63,8,0.36,1,0.01,2,0.0,4,0.0,3,0 days 01:09:45.200000
8,1,1,True,1,0.99,6,0.01,2,0.0,0,0.0,3,0.0,1,0 days 00:41:48.900000
8,1,6,False,6,0.59,1,0.41,2,0.0,0,0.0,3,0.0,2,0 days 00:29:10.600000
8,1,1,True,1,0.82,9,0.18,2,0.0,0,0.0,4,0.0,1,0 days 00:15:00.600000
8,1,6,False,6,0.96,1,0.04,2,0.0,0,0.0,3,0.0,2,0 days 00:42:15.900000
8,1,8,False,8,0.61,0,0.26,2,0.09,6,0.03,1,0.01,5,0 days 00:59:22.100000
8,1,6,False,6,0.63,1,0.36,0,0.01,2,0.0,3,0.0,2,0 days 01:48:18.400000
8,1,6,False,6,0.96,1,0.04,2,0.0,0,0.0,3,0.0,2,0 days 00:42:15.800000
8,1,1,True,1,0.77,0,0.15,9,0.07,3,0.01,4,0.0,1,0 days 00:54:26.500000
8,1,1,True,1,1.0,0,0.0,2,0.0,3,0.0,4,0.0,1,0 days 01:48:28.200000
8,1,1,True,1,0.97,0,0.01,7,0.01,5,0.01,3,0.0,1,0 days 00:27:03.400000
8,1,1,True,1,0.93,6,0.07,2,0.0,0,0.0,3,0.0,1,0 days 00:38:25
8,1,1,True,1,1.0,0,0.0,2,0.0,3,0.0,4,0.0,1,0 days 01:48:07.700000
8,1,1,True,1,0.84,8,0.13,6,0.02,9,0.01,3,0.0,1,0 days 00:26:20.500000
8,1,6,False,6,0.72,1,0.28,2,0.0,0,0.0,3,0.0,2,0 days 00:13:54.400000
8,1,1,True,1,0.91,0,0.09,2,0.0,3,0.0,4,0.0,1,0 days 00:33:08.300000
8,1,1,True,1,1.0,0,0.0,2,0.0,3,0.0,4,0.0,1,0 days 00:29:43.700000
8,6,7,False,7,0.61,1,0.29,0,0.07,3,0.03,2,0.0,8,0 days 00:20:56.100000
8,1,1,True,1,0.95,0,0.05,2,0.0,3,0.0,4,0.0,1,0 days 00:32:22.200000
8,6,1,False,1,0.99,6,0.01,2,0.0,0,0.0,3,0.0,2,0 days 00:47:36.700000
8,1,5,False,5,0.62,1,0.19333333333333327,4,0.17666666666666667,2,0.01,3,0.0,2,0 days 02:14:21.100000
8,1,0,False,0,0.64,6,0.2,1,0.16,2,0.0,3,0.0,3,0 days 00:47:49.200000
8,1,6,False,6,0.63,1,0.37,2,0.0,0,0.0,3,0.0,2,0 days 00:30:38.800000
8,1,1,True,1,0.76,7,0.24,2,0.0,0,0.0,3,0.0,1,0 days 01:44:54
8,1,1,True,1,0.9,6,0.1,2,0.0,0,0.0,3,0.0,1,0 days 00:32:53.100000
8,1,1,True,1,0.99,6,0.01,2,0.0,0,0.0,3,0.0,1,0 days 00:04:57.100000
8,1,6,False,6,0.58,1,0.42,2,0.0,0,0.0,3,0.0,2,0 days 00:32:49.500000
8,1,6,False,6,0.57,1,0.38,5,0.05,0,0.0,3,0.0,2,0 days 00:33:16.400000
8,1,1,True,1,0.83,8,0.17,2,0.0,0,0.0,4,0.0,1,0 days 00:06:36.400000
8,1,1,True,1,0.91,0,0.09,2,0.0,3,0.0,4,0.0,1,0 days 03:35:18.800000
8,2,1,False,1,1.0,0,0.0,2,0.0,3,0.0,4,0.0,3,0 days 00:55:31.900000
8,1,1,True,1,0.74,2,0.26,0,0.0,3,0.0,4,0.0,1,0 days 01:21:00.700000
8,1,1,True,1,0.97,7,0.03,2,0.0,0,0.0,3,0.0,1,0 days 00:15:24
8,1,1,True,1,0.93,8,0.07,2,0.0,0,0.0,4,0.0,1,0 days 00:06:17.100000
8,1,1,True,1,1.0,0,0.0,2,0.0,3,0.0,4,0.0,1,0 days 00:12:34.900000
8,1,1,True,1,1.0,0,0.0,2,0.0,3,0.0,4,0.0,1,0 days 01:49:21.100000
8,1,6,False,6,0.63,2,0.3,0,0.05,1,0.02,3,0.0,4,0 days 00:56:01.700000
8,1,0,False,0,0.74,1,0.23,2,0.02,8,0.01,4,0.0,2,0 days 01:03:44.400000
8,1,1,True,1,1.0,0,0.0,2,0.0,3,0.0,4,0.0,1,0 days 00:45:33
8,6,1,False,1,0.69,8,0.24,6,0.03,0,0.02,7,0.01,3,0 days 02:41:30.300000
8,1,2,False,2,0.65,1,0.35,0,0.0,3,0.0,4,0.0,2,0 days 02:54:54.100000
8,0,1,False,1,0.98,5,0.02,2,0.0,0,0.0,3,0.0,4,0 days 00:44:04.300000
8,1,4,False,4,0.63,2,0.33,5,0.02,1,0.02,3,0.0,4,0 days 02:14:23.600000
8,1,1,True,1,0.65,6,0.21,8,0.1,2,0.04,3,0.0,1,0 days 00:43:01.800000
8,0,1,False,1,1.0,0,0.0,2,0.0,3,0.0,4,0.0,2,0 days 00:48:43.800000
8,1,1,True,1,0.99,6,0.01,2,0.0,0,0.0,3,0.0,1,0 days 00:30:14.400000
8,1,0,False,0,0.75,1,0.25,2,0.0,3,0.0,4,0.0,2,0 days 00:39:13.100000
8,1,1,True,1,0.98,2,0.02,0,0.0,3,0.0,4,0.0,1,0 days 02:07:51.600000
8,1,1,True,1,0.81,6,0.19,2,0.0,0,0.0,3,0.0,1,0 days 00:31:07.400000
8,8,1,False,1,0.73,6,0.27,2,0.0,0,0.0,3,0.0,9,0 days 00:41:59.700000
8,1,4,False,4,0.58,1,0.42,2,0.0,0,0.0,3,0.0,2,0 days 02:41:38.700000
8,1,8,False,8,0.59,1,0.41,2,0.0,0,0.0,4,0.0,2,0 days 00:49:33
8,1,1,True,1,1.0,0,0.0,2,0.0,3,0.0,4,0.0,1,0 days 00:49:18.700000
8,1,1,True,1,0.96,5,0.04,2,0.0,0,0.0,3,0.0,1,0 days 00:44:28
8,1,1,True,1,0.88,4,0.1,6,0.02,0,0.0,3,0.0,1,0 days 00:21:47.100000
8,1,1,True,1,0.69,8,0.31,2,0.0,0,0.0,4,0.0,1,0 days 01:37:59.400000
8,1,1,True,1,0.99,2,0.01,0,0.0,3,0.0,4,0.0,1,0 days 02:21:08.600000
8,1,1,True,1,0.76,7,0.22,3,0.02,0,0.0,2,0.0,1,0 days 02:01:44.700000
8,1,1,True,1,1.0,0,0.0,2,0.0,3,0.0,4,0.0,1,0 days 00:48:21.600000
8,1,1,True,1,1.0,0,0.0,2,0.0,3,0.0,4,0.0,1,0 days 00:48:19.900000
8,6,2,False,2,0.59,6,0.34,1,0.06,4,0.01,3,0.0,2,0 days 01:23:24.900000
8,1,1,True,1,0.98,6,0.02,2,0.0,0,0.0,3,0.0,1,0 days 00:09:40.800000
8,0,1,False,1,0.99,6,0.01,2,0.0,0,0.0,3,0.0,4,0 days 00:47:39.200000
8,1,4,False,4,0.64,2,0.29,8,0.07,1,0.0,3,0.0,4,0 days 01:02:22.900000
8,1,1,True,1,1.0,0,0.0,2,0.0,3,0.0,4,0.0,1,0 days 00:09:28.400000
8,1,1,True,1,0.98,2,0.01,7,0.01,0,0.0,3,0.0,1,0 days 02:12:25.500000
8,1,1,True,1,0.71,8,0.25,5,0.04,2,0.0,3,0.0,1,0 days 03:04:26.900000
8,6,1,False,1,0.75,6,0.25,2,0.0,0,0.0,3,0.0,2,0 days 00:27:21.200000
8,1,2,False,2,0.8,1,0.2,0,0.0,3,0.0,4,0.0,2,0 days 01:29:00.400000
8,0,1,False,1,0.91,8,0.08,7,0.01,2,0.0,3,0.0,8,0 days 01:14:29.600000
8,2,1,False,1,0.86,6,0.1,0,0.04,2,0.0,3,0.0,4,0 days 00:33:11.300000
8,2,2,True,2,0.74,1,0.26,0,0.0,3,0.0,4,0.0,1,0 days 01:26:09.100000
8,1,1,True,1,1.0,0,0.0,2,0.0,3,0.0,4,0.0,1,0 days 01:28:53.400000
8,2,1,False,1,0.85,0,0.05,2,0.05,3,0.05,4,0.0,3,0 days 01:50:59.400000
8,2,1,False,1,1.0,0,0.0,2,0.0,3,0.0,4,0.0,3,0 days 01:32:05.100000
8,1,1,True,1,1.0,0,0.0,2,0.0,3,0.0,4,0.0,1,0 days 00:03:26.900000
8,1,1,True,1,1.0,0,0.0,2,0.0,3,0.0,4,0.0,1,0 days 00:03:26.600000
8,1,1,True,1,0.99,8,0.01,2,0.0,0,0.0,4,0.0,1,0 days 00:37:17.100000
8,1,1,True,1,1.0,0,0.0,2,0.0,3,0.0,4,0.0,1,0 days 00:04:59.400000
8,1,1,True,1,0.75,7,0.22,6,0.03,0,0.0,3,0.0,1,0 days 00:18:25.300000
8,1,1,True,1,1.0,0,0.0,2,0.0,3,0.0,4,0.0,1,0 days 00:03:34.400000
8,1,0,False,0,0.59,2,0.26,6,0.08,8,0.07,3,0.0,8,0 days 01:07:49.900000
8,1,1,True,1,0.74,8,0.26,2,0.0,0,0.0,4,0.0,1,0 days 00:06:37.300000
8,1,1,True,1,1.0,0,0.0,2,0.0,3,0.0,4,0.0,1,0 days 00:03:13
8,9,9,True,9,0.6,1,0.4,2,0.0,0,0.0,4,0.0,1,0 days 00:22:14.800000
8,2,1,False,1,0.89,5,0.11,2,0.0,0,0.0,3,0.0,3,0 days 02:02:39.900000
8,8,9,False,9,0.6,1,0.4,2,0.0,0,0.0,4,0.0,10,0 days 00:22:13.800000
8,1,3,False,3,0.63,1,0.35,8,0.02,0,0.0,4,0.0,2,0 days 01:42:32.400000
8,2,1,False,1,0.85,6,0.15,2,0.0,0,0.0,3,0.0,3,0 days 02:06:23.700000
8,1,1,True,1,1.0,0,0.0,2,0.0,3,0.0,4,0.0,1,0 days 00:05:08.500000
8,1,1,True,1,1.0,0,0.0,2,0.0,3,0.0,4,0.0,1,0 days 00:06:38.600000
8,2,2,True,2,0.63,8,0.23,1,0.109,7,0.031,3,0.0,1,0 days 02:01:07.100000
8,1,1,True,1,1.0,0,0.0,2,0.0,3,0.0,4,0.0,1,0 days 00:03:09.300000
8,1,1,True,1,1.0,0,0.0,2,0.0,3,0.0,4,0.0,1,0 days 00:03:33.600000
8,1,1,True,1,1.0,0,0.0,2,0.0,3,0.0,4,0.0,1,0 days 00:05:18.700000
8,1,1,True,1,0.64,5,0.18716666666666665,9,0.12283333333333335,8,0.04,4,0.01,1,0 days 00:40:06.500000
8,2,1,False,1,0.61,2,0.39,0,0.0,3,0.0,4,0.0,2,0 days 01:29:02.600000
8,1,0,False,0,0.64,6,0.2,1,0.16,2,0.0,3,0.0,3,0 days 00:47:47.200000
8,2,2,True,2,0.92,1,0.08,0,0.0,3,0.0,4,0.0,1,0 days 01:28:01.200000
8,2,1,False,1,0.92,2,0.08,0,0.0,3,0.0,4,0.0,2,0 days 02:20:46.200000
8,0,1,False,1,0.99,9,0.01,2,0.0,0,0.0,4,0.0,4,0 days 00:28:10.600000
8,1,1,True,1,1.0,0,0.0,2,0.0,3,0.0,4,0.0,1,0 days 00:10:03.900000
8,1,9,False,9,0.57,1,0.43,2,0.0,0,0.0,4,0.0,2,0 days 00:13:16.800000
8,1,2,False,2,0.88,1,0.12,0,0.0,3,0.0,4,0.0,2,0 days 03:46:42.200000
8,1,1,True,1,0.91,8,0.09,2,0.0,0,0.0,4,0.0,1,0 days 00:06:38.300000
8,1,1,True,1,0.7,8,0.3,2,0.0,0,0.0,4,0.0,1,0 days 00:06:59.700000
8,1,1,True,1,0.74,7,0.2,8,0.06,2,0.0,3,0.0,1,0 days 00:57:40.300000
8,1,1,True,1,1.0,0,0.0,2,0.0,3,0.0,4,0.0,1,0 days 00:05:24.100000
8,1,1,True,1,0.82,8,0.18,2,0.0,0,0.0,4,0.0,1,0 days 00:27:57.400000
8,1,1,True,1,0.85,4,0.12,2,0.02,7,0.01,3,0.0,1,0 days 02:14:50.200000
8,1,1,True,1,0.98,0,0.02,2,0.0,3,0.0,4,0.0,1,0 days 03:37:58.900000
8,8,1,False,1,0.8598333333333333,8,0.14016666666666666,2,0.0,0,0.0,4,0.0,2,0 days 00:06:52.100000
8,8,1,False,1,0.9565,8,0.0435,2,0.0,0,0.0,4,0.0,2,0 days 00:06:53.500000
8,1,1,True,1,0.87,5,0.08,0,0.05,2,0.0,3,0.0,1,0 days 03:36:47.200000
8,1,8,False,8,0.59,7,0.28,1,0.12,4,0.01,3,0.0,3,0 days 01:54:15.900000
8,1,1,True,1,1.0,0,0.0,2,0.0,3,0.0,4,0.0,1,0 days 00:03:25.100000
8,8,1,False,1,0.87,8,0.13,2,0.0,0,0.0,4,0.0,2,0 days 00:03:36.500000
8,8,1,False,1,0.99,8,0.01,2,0.0,0,0.0,4,0.0,2,0 days 00:06:50.400000
8,8,1,False,1,0.8598333333333333,8,0.14016666666666666,2,0.0,0,0.0,4,0.0,2,0 days 00:06:52
8,8,8,True,8,1.0,0,0.0,2,0.0,1,0.0,4,0.0,1,0 days 00:03:46.800000
8,1,2,False,2,0.7,1,0.3,0,0.0,3,0.0,4,0.0,2,0 days 03:41:57.800000
8,2,1,False,1,0.93,6,0.06,2,0.01,0,0.0,3,0.0,3,0 days 01:53:14.100000
8,1,1,True,1,0.73,6,0.24,5,0.012,8,0.01,9,0.008,1,0 days 00:40:02.800000
8,1,1,True,1,1.0,0,0.0,2,0.0,3,0.0,4,0.0,1,0 days 00:03:20.100000
8,1,1,True,1,1.0,0,0.0,2,0.0,3,0.0,4,0.0,1,0 days 00:03:30.100000
8,1,8,False,8,0.69,1,0.31,2,0.0,0,0.0,4,0.0,2,0 days 00:07:01.500000
8,0,1,False,1,0.99,0,0.01,2,0.0,3,0.0,4,0.0,2,0 days 00:35:19
8,0,8,False,8,0.64,0,0.21,1,0.15,2,0.0,4,0.0,2,0 days 01:12:13.700000
8,2,1,False,1,0.72,2,0.28,0,0.0,3,0.0,4,0.0,2,0 days 02:51:23.300000
8,6,1,False,1,0.98,9,0.02,2,0.0,0,0.0,4,0.0,7,0 days 00:28:14.200000
8,1,2,False,2,0.62,1,0.31,6,0.07,0,0.0,3,0.0,2,0 days 01:25:57.600000
8,2,1,False,1,1.0,0,0.0,2,0.0,3,0.0,4,0.0,3,0 days 01:56:42.100000
8,1,2,False,2,0.92,1,0.08,0,0.0,3,0.0,4,0.0,2,0 days 01:33:23.900000
8,1,1,True,1,0.91,8,0.09,2,0.0,0,0.0,4,0.0,1,0 days 00:49:30
8,1,1,True,1,1.0,0,0.0,2,0.0,3,0.0,4,0.0,1,0 days 00:10:10.300000
8,1,1,True,1,1.0,0,0.0,2,0.0,3,0.0,4,0.0,1,0 days 00:16:42.700000
8,1,1,True,1,1.0,0,0.0,2,0.0,3,0.0,4,0.0,1,0 days 00:09:59.500000
8,1,1,True,1,0.69,2,0.21,8,0.1,0,0.0,4,0.0,1,0 days 02:08:29.700000
8,1,1,True,1,0.69,7,0.23,3,0.08,0,0.0,2,0.0,1,0 days 00:53:12.200000
8,1,2,False,2,0.81,1,0.19,0,0.0,3,0.0,4,0.0,2,0 days 01:29:08
8,1,8,False,8,0.7,1,0.22,3,0.08,0,0.0,4,0.0,2,0 days 01:41:50.800000
8,2,1,False,1,0.95,2,0.05,0,0.0,3,0.0,4,0.0,2,0 days 01:26:35.500000
8,2,1,False,1,0.84,2,0.14,8,0.02,0,0.0,4,0.0,2,0 days 01:25:39.200000
8,6,1,False,1,0.99,6,0.01,2,0.0,0,0.0,3,0.0,2,0 days 00:29:19.700000
8,6,1,False,1,0.97,6,0.03,2,0.0,0,0.0,3,0.0,2,0 days 00:13:47.300000
8,6,1,False,1,1.0,0,0.0,2,0.0,3,0.0,4,0.0,7,0 days 00:13:43.900000
8,1,7,False,7,0.56,1,0.41,6,0.03,0,0.0,3,0.0,2,0 days 01:39:00.800000
8,1,8,False,8,0.62,2,0.25,6,0.05,0,0.05,1,0.03,5,0 days 01:07:45.500000
8,1,2,False,2,0.88,1,0.12,0,0.0,3,0.0,4,0.0,2,0 days 03:49:01.300000
8,8,2,False,2,0.65,1,0.23,6,0.08,5,0.04,3,0.0,9,0 days 02:35:13.500000
8,2,2,True,2,0.7,8,0.26,1,0.04,0,0.0,4,0.0,1,0 days 01:00:50.600000
8,6,1,False,1,0.7,3,0.23,6,0.07,0,0.0,2,0.0,3,0 days 01:23:40.500000
8,8,1,False,1,0.71,8,0.21,0,0.08,2,0.0,4,0.0,2,0 days 01:12:19.700000
8,8,1,False,1,0.96,2,0.04,0,0.0,3,0.0,4,0.0,9,0 days 01:54:25.300000
8,6,6,True,6,0.6,1,0.37,7,0.03,0,0.0,3,0.0,1,0 days 01:24:08.900000
8,2,2,True,2,0.97,1,0.03,0,0.0,3,0.0,4,0.0,1,0 days 01:26:07
8,8,1,False,1,0.77,0,0.22,2,0.01,3,0.0,4,0.0,9,0 days 01:13:31.400000
8,2,6,False,6,0.59,1,0.28,2,0.13,0,0.0,3,0.0,3,0 days 01:25:52.900000
8,8,1,False,1,0.8,2,0.2,0,0.0,3,0.0,4,0.0,9,0 days 01:01:19.600000
8,2,1,False,1,0.88,5,0.08,2,0.04,0,0.0,3,0.0,3,0 days 03:22:39.300000
8,6,2,False,2,0.72,0,0.24,1,0.03,8,0.01,4,0.0,7,0 days 01:04:04.600000
8,6,1,False,1,0.67,6,0.22,7,0.11,0,0.0,3,0.0,2,0 days 01:24:04.400000
8,6,1,False,1,0.87,2,0.13,0,0.0,3,0.0,4,0.0,7,0 days 01:31:03.900000
9,5,1,False,1,0.98,2,0.02,0,0.0,3,0.0,4,0.0,6,0 days 02:49:05.800000
9,4,1,False,1,0.87,2,0.08,4,0.05,0,0.0,3,0.0,3,0 days 02:14:23.400000
9,5,4,False,4,0.68,7,0.25,5,0.05666666666666667,2,0.013333333333333332,3,0.0,3,0 days 03:07:55.300000
9,2,2,True,2,0.62,1,0.35,4,0.03,0,0.0,3,0.0,1,0 days 01:47:34.800000
9,1,8,False,8,0.65,1,0.35,2,0.0,0,0.0,4,0.0,2,0 days 00:23:48.800000
9,1,1,True,1,0.71,5,0.17,8,0.1,0,0.02,3,0.0,1,0 days 00:57:37.300000
9,2,1,False,1,0.99,2,0.01,0,0.0,3,0.0,4,0.0,2,0 days 03:50:51.800000
9,2,1,False,1,0.92,6,0.06,5,0.02,0,0.0,3,0.0,6,0 days 03:35:02.300000
9,4,1,False,1,0.76,6,0.24,2,0.0,0,0.0,3,0.0,6,0 days 00:21:33.300000
9,5,5,True,5,0.63,4,0.35,7,0.02,0,0.0,3,0.0,1,0 days 02:14:08.900000
9,2,1,False,1,0.74,2,0.11666666666666665,0,0.09333333333333334,3,0.04,5,0.01,2,0 days 01:20:48.200000
9,6,2,False,2,0.7,1,0.28,5,0.02,0,0.0,3,0.0,7,0 days 02:03:38.600000
9,4,4,True,4,0.63,5,0.35,7,0.02,0,0.0,3,0.0,1,0 days 02:41:10.200000
9,4,7,False,7,0.65,4,0.28,5,0.05666666666666667,2,0.013333333333333332,3,0.0,2,0 days 03:07:55.800000
9,7,1,False,1,0.99,7,0.01,2,0.0,0,0.0,3,0.0,2,0 days 01:40:02.700000
9,7,7,True,7,0.65,1,0.23,2,0.12,0,0.0,3,0.0,1,0 days 02:10:56.300000
9,4,1,False,1,0.91,7,0.07,8,0.02,2,0.0,3,0.0,6,0 days 01:53:58.700000
9,7,3,False,3,0.9,1,0.08,0,0.01,7,0.01,2,0.0,4,0 days 00:54:43.200000
9,5,7,False,7,0.58,2,0.28,5,0.13,4,0.01,3,0.0,3,0 days 03:08:00.300000
9,7,1,False,1,0.96,9,0.03,0,0.01,2,0.0,4,0.0,9,0 days 00:41:25.600000
9,5,2,False,2,0.66,5,0.2,1,0.13,4,0.01,3,0.0,2,0 days 03:08:16.200000
9,1,5,False,5,0.42599999999999993,3,0.41400000000000003,1,0.16,0,0.0,2,0.0,3,0 days 00:53:52.200000
9,0,1,False,1,0.82,6,0.18,2,0.0,0,0.0,3,0.0,4,0 days 00:34:32.900000
9,1,1,True,1,0.6,5,0.28,4,0.08,2,0.04,3,0.0,1,0 days 02:41:22.100000
9,1,1,True,1,0.92,7,0.05,0,0.03,2,0.0,3,0.0,1,0 days 00:27:06.100000
9,1,5,False,5,0.61,1,0.25,7,0.11,3,0.03,2,0.0,2,0 days 01:20:36.700000
9,5,1,False,1,0.88,5,0.11,2,0.01,0,0.0,3,0.0,2,0 days 03:34:51.200000
9,3,4,False,4,0.64,3,0.19216666666666665,1,0.1678333333333333,0,0.0,2,0.0,2,0 days 01:20:38.900000
9,3,0,False,0,0.61,1,0.22,3,0.1,5,0.07,2,0.0,3,0 days 02:00:36.500000
9,5,1,False,1,0.805,2,0.15,4,0.04,5,0.005,3,0.0,4,0 days 02:14:21.700000
9,3,1,False,1,0.92,7,0.08,2,0.0,0,0.0,3,0.0,5,0 days 02:01:52.400000
9,3,1,False,1,0.7559999999999999,3,0.18,7,0.044000000000000004,5,0.02,2,0.0,2,0 days 00:53:38.600000
9,4,5,False,5,0.6,9,0.28,7,0.1,1,0.012666666666666666,3,0.007333333333333334,7,0 days 00:53:51.100000
9,3,1,False,1,0.97,2,0.03,0,0.0,3,0.0,4,0.0,4,0 days 01:21:11.500000
9,1,8,False,8,0.63,4,0.23,0,0.07,1,0.06,2,0.01,4,0 days 01:13:30.400000
9,4,1,False,1,0.76,5,0.23,2,0.01,0,0.0,3,0.0,6,0 days 03:34:51.700000
9,5,3,False,3,0.58,6,0.32,1,0.1,0,0.0,2,0.0,7,0 days 01:18:01
9,5,1,False,1,1.0,0,0.0,2,0.0,3,0.0,4,0.0,6,0 days 00:28:40.400000
9,5,2,False,2,0.65,1,0.35,0,0.0,3,0.0,4,0.0,6,0 days 02:02:33
9,1,4,False,4,0.564,3,0.41599999999999987,5,0.02,0,0.0,2,0.0,6,0 days 02:14:18.300000
9,4,5,False,5,0.48583333333333334,2,0.4341666666666667,7,0.05,4,0.03,3,0.0,4,0 days 03:07:56
9,3,3,True,3,0.66,9,0.27,1,0.05,4,0.02,2,0.0,1,0 days 00:26:59
9,3,1,False,1,0.4639166666666668,4,0.4423333333333332,7,0.07,3,0.02375,2,0.0,4,0 days 00:53:45.700000
9,7,8,False,8,0.66,1,0.3,9,0.03,6,0.01,3,0.0,9,0 days 00:49:13.600000
9,7,2,False,2,0.62,7,0.38,1,0.0,0,0.0,3,0.0,2,0 days 02:41:06.700000
9,7,2,False,2,0.53,4,0.4,1,0.05,6,0.02,3,0.0,8,0 days 02:14:15.100000
9,7,1,False,1,0.45716666666666667,5,0.4528333333333333,6,0.06,7,0.03,3,0.0,4,0 days 02:41:03
9,7,1,False,1,0.67,3,0.25,0,0.06,8,0.02,4,0.0,9,0 days 00:54:40.400000
9,7,5,False,5,0.63,1,0.25,8,0.1,0,0.02,3,0.0,9,0 days 00:57:47.900000
9,1,7,False,7,0.87,6,0.08166666666666667,5,0.04833333333333334,0,0.0,3,0.0,7,0 days 00:53:45.300000
9,2,2,True,2,0.62,1,0.35,4,0.03,0,0.0,3,0.0,1,0 days 01:47:34.800000
9,1,1,True,1,1.0,0,0.0,2,0.0,3,0.0,4,0.0,1,0 days 00:27:11
9,8,6,False,6,0.6,7,0.25,1,0.15,0,0.0,3,0.0,9,0 days 02:41:31.100000
9,1,8,False,8,0.87,0,0.1,6,0.03,2,0.0,3,0.0,8,0 days 01:03:15.300000
9,1,1,True,1,0.83,2,0.17,0,0.0,3,0.0,4,0.0,1,0 days 00:46:48.500000
9,1,1,True,1,0.56,6,0.28,8,0.13,5,0.02,2,0.01,1,0 days 00:59:49.500000
9,1,1,True,1,0.99,8,0.01,2,0.0,0,0.0,4,0.0,1,0 days 00:07:16.500000
9,1,4,False,4,0.4933809523809522,1,0.40661904761904777,0,0.08,6,0.02,3,0.0,2,0 days 02:41:25.500000
9,1,6,False,6,0.62,1,0.37,7,0.01,0,0.0,3,0.0,2,0 days 00:21:15.500000
9,1,1,True,1,0.89,0,0.11,2,0.0,3,0.0,4,0.0,1,0 days 00:30:23
9,1,9,False,9,0.4416666666666667,6,0.4383333333333333,1,0.12,2,0.0,3,0.0,3,0 days 00:14:01.600000
9,1,0,False,0,0.63,1,0.37,2,0.0,3,0.0,4,0.0,2,0 days 00:30:24.900000
9,1,8,False,8,0.9484999999999999,1,0.051500000000000004,2,0.0,0,0.0,4,0.0,2,0 days 00:06:54.500000
9,1,1,True,1,1.0,0,0.0,2,0.0,3,0.0,4,0.0,1,0 days 00:46:46
9,1,8,False,8,0.63,6,0.22,1,0.15,2,0.0,3,0.0,3,0 days 00:38:38.800000
9,1,8,False,8,0.6,1,0.4,2,0.0,0,0.0,4,0.0,2,0 days 00:12:17
9,1,1,True,1,1.0,0,0.0,2,0.0,3,0.0,4,0.0,1,0 days 00:45:38.400000
9,1,1,True,1,0.7,8,0.21,2,0.06,6,0.02,0,0.01,1,0 days 01:05:43.800000
9,1,1,True,1,0.56,6,0.28,8,0.13,5,0.02,2,0.01,1,0 days 00:59:46.800000
9,1,1,True,1,0.89,2,0.06,6,0.05,0,0.0,3,0.0,1,0 days 01:24:59.500000
9,1,4,False,4,0.54,8,0.33,1,0.08,7,0.05,3,0.0,3,0 days 00:40:15.500000
9,1,1,True,1,1.0,0,0.0,2,0.0,3,0.0,4,0.0,1,0 days 00:35:41
9,1,1,True,1,0.64,2,0.22,4,0.14,0,0.0,3,0.0,1,0 days 02:14:47.700000
9,1,1,True,1,0.9,0,0.1,2,0.0,3,0.0,4,0.0,1,0 days 00:35:21.800000
9,2,3,False,3,0.66,2,0.18683333333333332,0,0.1431666666666667,1,0.01,4,0.0,2,0 days 01:20:45.700000
9,1,2,False,2,0.96,6,0.03,1,0.01,0,0.0,3,0.0,3,0 days 01:24:21.800000
9,8,6,False,6,0.61,1,0.39,2,0.0,0,0.0,3,0.0,9,0 days 00:21:26.900000
9,8,0,False,0,0.74,1,0.24,6,0.02,2,0.0,3,0.0,9,0 days 00:42:55.300000
9,1,4,False,4,0.66,1,0.34,2,0.0,0,0.0,3,0.0,2,0 days 01:20:40.200000
9,6,1,False,1,0.67,0,0.21,8,0.12,2,0.0,4,0.0,7,0 days 01:08:00.700000
9,6,1,False,1,1.0,0,0.0,2,0.0,3,0.0,4,0.0,7,0 days 00:10:19.700000
9,1,1,True,1,0.5176428571428572,8,0.4523571428571429,0,0.03,2,0.0,4,0.0,1,0 days 00:27:27.500000
9,1,1,True,1,0.6103333333333333,6,0.3696666666666667,2,0.02,0,0.0,3,0.0,1,0 days 01:47:49.700000
9,1,1,True,1,0.71,6,0.29,2,0.0,0,0.0,3,0.0,1,0 days 00:42:11
9,1,8,False,8,0.59,1,0.41,2,0.0,0,0.0,4,0.0,2,0 days 00:43:47.800000
9,1,1,True,1,0.96,6,0.04,2,0.0,0,0.0,3,0.0,1,0 days 00:26:47.600000
9,1,6,False,6,0.66,2,0.33,1,0.01,0,0.0,3,0.0,3,0 days 01:25:52.200000
9,9,1,False,1,0.92,0,0.07,3,0.01,2,0.0,4,0.0,10,0 days 00:54:28.700000
9,1,2,False,2,0.61,1,0.36,3,0.03,0,0.0,4,0.0,2,0 days 01:42:53.500000
9,1,1,True,1,0.64,7,0.18,0,0.11,2,0.07,3,0.0,1,0 days 00:56:40.500000
9,1,8,False,8,0.63,6,0.24,1,0.13,2,0.0,3,0.0,3,0 days 00:38:42.800000
9,1,1,True,1,0.69,3,0.3,8,0.01,0,0.0,4,0.0,1,0 days 00:19:29.600000
9,1,7,False,7,0.61,6,0.27,1,0.06,2,0.06,3,0.0,3,0 days 01:38:46.400000
9,1,1,True,1,0.78,6,0.22,2,0.0,0,0.0,3,0.0,1,0 days 00:42:08.400000
9,1,1,True,1,1.0,0,0.0,2,0.0,3,0.0,4,0.0,1,0 days 00:14:28
9,1,6,False,6,0.6366666666666666,1,0.3633333333333333,2,0.0,0,0.0,3,0.0,2,0 days 00:28:55.500000
9,1,0,False,0,0.57,1,0.43,2,0.0,3,0.0,4,0.0,2,0 days 00:35:15.600000
9,1,1,True,1,1.0,0,0.0,2,0.0,3,0.0,4,0.0,1,0 days 00:27:17.500000
9,1,1,True,1,0.99,8,0.01,2,0.0,0,0.0,4,0.0,1,0 days 00:19:04.900000
9,1,1,True,1,0.99,6,0.01,2,0.0,0,0.0,3,0.0,1,0 days 00:16:01.900000
9,1,1,True,1,0.73,0,0.27,2,0.0,3,0.0,4,0.0,1,0 days 00:35:16.800000
9,1,1,True,1,1.0,0,0.0,2,0.0,3,0.0,4,0.0,1,0 days 00:40:33.900000
9,1,1,True,1,0.98,7,0.01,8,0.01,2,0.0,3,0.0,1,0 days 00:43:42.500000
9,1,6,False,6,0.55,1,0.2518095238095238,0,0.19819047619047617,2,0.0,3,0.0,2,0 days 00:47:36.600000
9,1,1,True,1,0.86,8,0.12,0,0.02,2,0.0,4,0.0,1,0 days 00:37:54.200000
9,1,1,True,1,0.75,6,0.19,7,0.04,3,0.02,2,0.0,1,0 days 01:15:06.400000
9,1,2,False,2,0.73,1,0.27,0,0.0,3,0.0,4,0.0,2,0 days 03:11:59.700000
9,1,1,True,1,0.68,7,0.2,5,0.07,0,0.05,3,0.0,1,0 days 00:57:21.300000
9,1,7,False,7,0.59,5,0.32,1,0.08,2,0.01,3,0.0,3,0 days 00:55:45.900000
9,1,2,False,2,0.84,1,0.13,0,0.03,3,0.0,4,0.0,2,0 days 03:08:58.200000
9,1,1,True,1,1.0,0,0.0,2,0.0,3,0.0,4,0.0,1,0 days 01:28:52.600000
9,2,6,False,6,0.64,1,0.36,2,0.0,0,0.0,3,0.0,3,0 days 02:15:26.200000
9,2,7,False,7,0.69,0,0.26,1,0.05,2,0.0,3,0.0,4,0 days 00:57:06.500000
9,0,1,False,1,0.69,2,0.28,3,0.03,0,0.0,4,0.0,4,0 days 01:51:06.700000
9,1,1,True,1,1.0,0,0.0,2,0.0,3,0.0,4,0.0,1,0 days 01:49:07.100000
9,1,2,False,2,1.0,0,0.0,1,0.0,3,0.0,4,0.0,3,0 days 01:26:08.800000
9,1,1,True,1,0.79,6,0.21,2,0.0,0,0.0,3,0.0,1,0 days 00:04:53.200000
9,1,2,False,2,0.67,7,0.21,1,0.1,5,0.02,3,0.0,3,0 days 00:46:52.700000
9,1,2,False,2,0.67,3,0.29,6,0.03,8,0.01,0,0.0,8,0 days 01:22:28.200000
9,6,1,False,1,0.75,0,0.25,2,0.0,3,0.0,4,0.0,7,0 days 00:30:40.900000
9,6,8,False,8,0.69,1,0.29,6,0.02,2,0.0,3,0.0,3,0 days 00:47:59.900000
9,1,1,True,1,0.99,6,0.006666666666666666,9,0.003333333333333333,2,0.0,3,0.0,1,0 days 00:14:24.400000
9,1,1,True,1,0.92,8,0.08,2,0.0,0,0.0,4,0.0,1,0 days 00:07:14
9,1,1,True,1,1.0,0,0.0,2,0.0,3,0.0,4,0.0,1,0 days 01:49:09.300000
9,1,8,False,8,0.64,5,0.23,1,0.1,2,0.03,3,0.0,3,0 days 01:34:20.400000
9,1,1,True,1,0.7,5,0.28,0,0.02,2,0.0,3,0.0,1,0 days 04:04:47.600000
9,1,1,True,1,0.95,0,0.05,2,0.0,3,0.0,4,0.0,1,0 days 04:02:08.400000
9,1,1,True,1,1.0,0,0.0,2,0.0,3,0.0,4,0.0,1,0 days 01:47:45.400000
9,0,1,False,1,0.66,6,0.34,2,0.0,0,0.0,3,0.0,4,0 days 00:27:23.200000
9,0,3,False,3,0.6,7,0.27,4,0.09333333333333332,1,0.03666666666666667,2,0.0,6,0 days 00:53:45.900000
9,1,1,True,1,0.99,2,0.01,0,0.0,3,0.0,4,0.0,1,0 days 01:21:13
9,1,4,False,4,0.4933809523809522,1,0.40661904761904777,0,0.08,6,0.02,3,0.0,2,0 days 02:41:27.300000
9,1,1,True,1,1.0,0,0.0,2,0.0,3,0.0,4,0.0,1,0 days 03:35:28.700000
9,1,1,True,1,0.93,8,0.07,2,0.0,0,0.0,4,0.0,1,0 days 00:11:57.800000
9,1,1,True,1,0.72,0,0.28,2,0.0,3,0.0,4,0.0,1,0 days 00:52:25.400000
9,1,1,True,1,1.0,0,0.0,2,0.0,3,0.0,4,0.0,1,0 days 00:06:38.700000
9,1,7,False,7,0.7,1,0.3,2,0.0,0,0.0,3,0.0,2,0 days 02:01:38.700000
9,1,1,True,1,1.0,0,0.0,2,0.0,3,0.0,4,0.0,1,0 days 01:49:02.400000
9,1,2,False,2,0.67,1,0.24,7,0.09,0,0.0,3,0.0,2,0 days 00:46:50.600000
9,1,1,True,1,1.0,0,0.0,2,0.0,3,0.0,4,0.0,1,0 days 00:30:16.400000
9,1,1,True,1,0.81,8,0.18,7,0.01,2,0.0,3,0.0,1,0 days 00:07:33.900000
9,1,1,True,1,0.99,6,0.01,2,0.0,0,0.0,3,0.0,1,0 days 01:48:26.700000
9,1,1,True,1,0.79,9,0.21,2,0.0,0,0.0,4,0.0,1,0 days 00:30:03.200000
9,0,1,False,1,0.67,0,0.31,6,0.02,2,0.0,3,0.0,2,0 days 00:48:33.400000
9,1,1,True,1,0.96,2,0.04,0,0.0,3,0.0,4,0.0,1,0 days 02:14:44.400000
9,1,1,True,1,0.71,2,0.28,3,0.01,0,0.0,4,0.0,1,0 days 01:51:14.400000
9,2,8,False,8,0.69,0,0.22,2,0.05,1,0.04,4,0.0,3,0 days 01:21:05.500000
9,1,1,True,1,0.7896190476190477,4,0.16038095238095237,0,0.05,2,0.0,3,0.0,1,0 days 02:41:25
9,2,1,False,1,1.0,0,0.0,2,0.0,3,0.0,4,0.0,3,0 days 01:47:44.200000
9,1,1,True,1,0.78,6,0.22,2,0.0,0,0.0,3,0.0,1,0 days 00:26:10.400000
9,1,9,False,9,0.63,6,0.2,8,0.1,1,0.07,3,0.0,4,0 days 00:26:27.600000
9,1,3,False,3,0.66,2,0.18683333333333332,0,0.1431666666666667,1,0.01,4,0.0,4,0 days 01:20:44.600000
9,1,6,False,6,0.64,1,0.29,8,0.07,2,0.0,3,0.0,2,0 days 00:48:06.200000
9,1,1,True,1,0.69,8,0.24,6,0.07,2,0.0,3,0.0,1,0 days 00:48:02.100000
9,6,1,False,1,0.93,5,0.05,6,0.02,0,0.0,3,0.0,3,0 days 02:16:37.400000
9,6,1,False,1,0.76,5,0.24,2,0.0,0,0.0,3,0.0,7,0 days 00:33:19.200000
9,1,1,True,1,1.0,0,0.0,2,0.0,3,0.0,4,0.0,1,0 days 01:42:20.900000
9,1,1,True,1,0.95,2,0.05,0,0.0,3,0.0,4,0.0,1,0 days 01:48:38.100000
9,1,9,False,9,0.66,3,0.3,1,0.02,0,0.02,4,0.0,3,0 days 00:20:26.200000
9,1,6,False,6,0.96,1,0.03,2,0.01,0,0.0,3,0.0,2,0 days 01:24:11.900000
9,1,1,True,1,1.0,0,0.0,2,0.0,3,0.0,4,0.0,1,0 days 00:48:20.700000
9,1,1,True,1,0.99,2,0.01,0,0.0,3,0.0,4,0.0,1,0 days 02:27:16.700000
9,1,1,True,1,0.89,4,0.11,2,0.0,0,0.0,3,0.0,1,0 days 01:36:02.800000
9,6,1,False,1,0.98,7,0.01,8,0.01,2,0.0,3,0.0,9,0 days 00:43:41.900000
9,1,2,False,2,0.67,1,0.25,6,0.08,0,0.0,3,0.0,2,0 days 01:53:22
9,1,4,False,4,0.75,1,0.24,2,0.01,0,0.0,3,0.0,2,0 days 04:28:53.600000
9,2,2,True,2,0.72,1,0.27,6,0.01,0,0.0,3,0.0,1,0 days 01:23:29.100000
9,0,1,False,1,0.97,6,0.02,3,0.01,0,0.0,2,0.0,4,0 days 01:48:12.200000
9,1,2,False,2,0.69,3,0.21,1,0.1,0,0.0,4,0.0,3,0 days 02:16:03.900000
9,1,2,False,2,0.71,1,0.29,0,0.0,3,0.0,4,0.0,2,0 days 03:11:21.700000
9,1,1,True,1,0.98,3,0.02,0,0.0,2,0.0,4,0.0,1,0 days 00:38:20.100000
9,1,1,True,1,0.75,6,0.25,2,0.0,0,0.0,3,0.0,1,0 days 00:16:44.600000
9,1,1,True,1,1.0,0,0.0,2,0.0,3,0.0,4,0.0,1,0 days 00:36:18.400000
9,6,0,False,0,0.58,1,0.27,6,0.15,2,0.0,3,0.0,3,0 days 01:16:12.300000
9,8,1,False,1,0.67,6,0.27,3,0.05,0,0.01,2,0.0,9,0 days 01:15:59.700000
9,6,1,False,1,0.97,0,0.03,2,0.0,3,0.0,4,0.0,7,0 days 00:42:42.200000
9,1,1,True,1,0.71,8,0.29,2,0.0,0,0.0,4,0.0,1,0 days 00:12:06
9,1,1,True,1,1.0,0,0.0,2,0.0,3,0.0,4,0.0,1,0 days 01:28:54.500000
9,1,1,True,1,0.97,2,0.03,0,0.0,3,0.0,4,0.0,1,0 days 01:28:19.200000
9,1,1,True,1,1.0,0,0.0,2,0.0,3,0.0,4,0.0,1,0 days 03:39:03.100000
9,2,1,False,1,0.94,2,0.06,0,0.0,3,0.0,4,0.0,2,0 days 01:28:08
9,1,1,True,1,0.87,2,0.13,0,0.0,3,0.0,4,0.0,1,0 days 01:28:06.300000
9,2,2,True,2,0.72,1,0.28,0,0.0,3,0.0,4,0.0,1,0 days 01:29:03.200000
9,1,1,True,1,0.7,4,0.29,2,0.01,0,0.0,3,0.0,1,0 days 04:31:31.500000
9,8,1,False,1,0.76,6,0.21,2,0.03,0,0.0,3,0.0,9,0 days 01:11:34.300000
9,8,1,False,1,1.0,0,0.0,2,0.0,3,0.0,4,0.0,9,0 days 00:31:31.100000
9,2,0,False,0,0.6,8,0.26,1,0.14,2,0.0,4,0.0,4,0 days 01:07:46.600000
9,2,4,False,4,0.64,7,0.24,5,0.12,0,0.0,3,0.0,6,0 days 02:41:05.300000
9,1,1,True,1,0.75,6,0.25,2,0.0,0,0.0,3,0.0,1,0 days 00:32:50.900000
9,1,1,True,1,0.97,6,0.03,2,0.0,0,0.0,3,0.0,1,0 days 00:29:14.900000
9,2,1,False,1,0.89,2,0.06,6,0.05,0,0.0,3,0.0,2,0 days 01:52:34.900000
9,1,1,True,1,0.99,7,0.01,2,0.0,0,0.0,3,0.0,1,0 days 00:15:51
9,1,0,False,0,0.68,1,0.21,4,0.1,2,0.01,3,0.0,2,0 days 02:14:35.700000
9,2,1,False,1,0.98,2,0.02,0,0.0,3,0.0,4,0.0,2,0 days 01:51:46.900000
9,1,1,True,1,1.0,0,0.0,2,0.0,3,0.0,4,0.0,1,0 days 00:03:25.600000
9,9,1,False,1,0.78,8,0.2,6,0.02,2,0.0,3,0.0,10,0 days 00:18:48.500000
9,1,6,False,6,0.64,1,0.36,2,0.0,0,0.0,3,0.0,2,0 days 02:15:23.700000
9,1,6,False,6,0.72,1,0.25,8,0.03,2,0.0,3,0.0,2,0 days 00:11:25.100000
9,1,1,True,1,1.0,0,0.0,2,0.0,3,0.0,4,0.0,1,0 days 00:12:46.100000
9,1,8,False,8,0.66,1,0.33,6,0.01,2,0.0,3,0.0,2,0 days 00:05:49.900000
9,1,1,True,1,1.0,0,0.0,2,0.0,3,0.0,4,0.0,1,0 days 00:03:28.100000
9,1,8,False,8,0.66,1,0.3,9,0.03,6,0.01,3,0.0,2,0 days 00:49:13
9,1,1,True,1,0.92,2,0.08,0,0.0,3,0.0,4,0.0,1,0 days 00:45:27
9,1,1,True,1,1.0,0,0.0,2,0.0,3,0.0,4,0.0,1,0 days 00:03:28.400000
9,1,1,True,1,1.0,0,0.0,2,0.0,3,0.0,4,0.0,1,0 days 00:03:27.900000
9,1,1,True,1,0.76,0,0.22,2,0.02,3,0.0,4,0.0,1,0 days 03:09:58.600000
9,1,1,True,1,1.0,0,0.0,2,0.0,3,0.0,4,0.0,1,0 days 00:03:17.600000
9,1,1,True,1,1.0,0,0.0,2,0.0,3,0.0,4,0.0,1,0 days 00:03:15.400000
9,8,8,True,8,0.61,1,0.39,2,0.0,0,0.0,4,0.0,1,0 days 00:06:57.400000
9,2,2,True,2,0.74,1,0.26,0,0.0,3,0.0,4,0.0,1,0 days 02:25:10
9,0,1,False,1,0.9,8,0.1,2,0.0,0,0.0,4,0.0,4,0 days 01:09:47.800000
9,8,1,False,1,0.68,7,0.19,2,0.07,0,0.06,3,0.0,9,0 days 00:33:49
9,1,7,False,7,0.69,1,0.24,2,0.07,0,0.0,3,0.0,2,0 days 02:05:37.700000
9,1,1,True,1,1.0,0,0.0,2,0.0,3,0.0,4,0.0,1,0 days 00:45:38.500000
9,0,1,False,1,0.93,0,0.07,2,0.0,3,0.0,4,0.0,2,0 days 00:41:22.700000
9,0,2,False,2,0.77,1,0.22,3,0.01,0,0.0,4,0.0,4,0 days 02:30:21.100000
9,1,1,True,1,1.0,0,0.0,2,0.0,3,0.0,4,0.0,1,0 days 00:03:27.900000
9,2,1,False,1,0.68,3,0.26,0,0.04,5,0.02,2,0.0,5,0 days 02:00:27.800000
9,0,1,False,1,0.87,2,0.11,3,0.01,5,0.01,0,0.0,5,0 days 01:28:31.900000
9,1,1,True,1,0.69,2,0.3,3,0.01,0,0.0,4,0.0,1,0 days 02:31:05.400000
9,1,1,True,1,0.91,6,0.09,2,0.0,0,0.0,3,0.0,1,0 days 00:26:45.800000
9,1,1,True,1,1.0,0,0.0,2,0.0,3,0.0,4,0.0,1,0 days 00:03:16.300000
9,1,1,True,1,0.81,8,0.19,2,0.0,0,0.0,4,0.0,1,0 days 00:06:48.500000
9,1,1,True,1,1.0,0,0.0,2,0.0,3,0.0,4,0.0,1,0 days 00:10:03.900000
9,6,6,True,6,0.73,1,0.22,3,0.05,0,0.0,2,0.0,1,0 days 01:22:49.900000
9,6,6,True,6,0.91,1,0.09,2,0.0,0,0.0,3,0.0,1,0 days 00:42:14.300000
9,6,1,False,1,0.99,6,0.006666666666666666,9,0.003333333333333333,2,0.0,3,0.0,2,0 days 00:14:03.700000
9,6,1,False,1,1.0,0,0.0,2,0.0,3,0.0,4,0.0,7,0 days 00:16:00.200000
9,1,1,True,1,0.68,2,0.19,5,0.09,6,0.03,0,0.01,1,0 days 01:13:46.700000
9,1,1,True,1,0.82,2,0.13,3,0.03,6,0.02,0,0.0,1,0 days 02:15:45.800000
9,1,1,True,1,0.85,2,0.15,0,0.0,3,0.0,4,0.0,1,0 days 01:30:03.400000
9,8,1,False,1,0.66,0,0.21,2,0.1,6,0.02,8,0.01,5,0 days 00:59:23.100000
9,8,8,True,8,0.87,1,0.13,2,0.0,0,0.0,4,0.0,1,0 days 00:12:09.800000
9,2,2,True,2,0.5161666666666667,1,0.4038333333333333,8,0.08,0,0.0,4,0.0,1,0 days 01:25:27.700000
9,1,1,True,1,0.9,2,0.08,6,0.02,0,0.0,3,0.0,1,0 days 02:59:35.600000
9,1,1,True,1,0.94,8,0.05,6,0.01,2,0.0,3,0.0,1,0 days 00:06:16.300000
9,1,1,True,1,0.755,6,0.16,0,0.085,2,0.0,3,0.0,1,0 days 00:47:31.200000
9,1,1,True,1,0.99,2,0.01,0,0.0,3,0.0,4,0.0,1,0 days 01:57:14.200000
9,1,1,True,1,0.9,2,0.08,6,0.02,0,0.0,3,0.0,1,0 days 02:59:32.800000
9,1,1,True,1,1.0,0,0.0,2,0.0,3,0.0,4,0.0,1,0 days 00:55:04.400000
9,1,1,True,1,0.99,7,0.01,2,0.0,0,0.0,3,0.0,1,0 days 01:39:14.500000
9,1,1,True,1,0.75,2,0.25,0,0.0,3,0.0,4,0.0,1,0 days 01:32:57.400000
9,6,6,True,6,0.64,1,0.36,2,0.0,0,0.0,3,0.0,1,0 days 00:16:25.600000
9,1,1,True,1,0.88,8,0.12,2,0.0,0,0.0,4,0.0,1,0 days 00:04:21.200000
9,2,2,True,2,1.0,0,0.0,1,0.0,3,0.0,4,0.0,1,0 days 01:26:09.300000
9,8,1,False,1,0.9,0,0.07,8,0.03,2,0.0,4,0.0,3,0 days 01:08:03.300000
9,8,2,False,2,0.54,1,0.35,7,0.11,0,0.0,3,0.0,9,0 days 02:05:09
9,6,6,True,6,0.66,1,0.23,2,0.11,0,0.0,3,0.0,1,0 days 01:24:52
9,8,2,False,2,0.7,8,0.3,1,0.0,0,0.0,4,0.0,2,0 days 01:00:42.700000
9,1,2,False,2,0.61,1,0.37,5,0.02,0,0.0,3,0.0,2,0 days 03:29:17.300000
9,2,2,True,2,0.5161666666666667,1,0.4038333333333333,8,0.08,0,0.0,4,0.0,1,0 days 01:25:27.800000
9,8,6,False,6,0.67,1,0.33,2,0.0,0,0.0,3,0.0,9,0 days 01:30:26.900000
9,2,8,False,8,0.64,1,0.33,0,0.03,2,0.0,4,0.0,4,0 days 01:08:26.500000
9,8,2,False,2,0.61,1,0.36,3,0.03,0,0.0,4,0.0,9,0 days 01:42:52.200000
9,1,1,True,1,0.65,2,0.35,0,0.0,3,0.0,4,0.0,1,0 days 01:27:46.300000
9,2,6,False,6,0.6,8,0.3,0,0.09,7,0.01,3,0.0,6,0 days 01:03:01.200000
10,5,1,False,1,0.9375,5,0.0525,4,0.01,0,0.0,3,0.0,2,0 days 00:53:47.600000
10,1,1,True,1,0.69,0,0.2,6,0.06,8,0.03,5,0.02,1,0 days 02:35:54.400000
10,2,1,False,1,0.83,2,0.17,0,0.0,3,0.0,4,0.0,2,0 days 03:11:57.300000
10,5,1,False,1,0.88,6,0.09,2,0.03,0,0.0,3,0.0,7,0 days 02:19:27.600000
10,4,5,False,5,0.62,1,0.31,4,0.07,0,0.0,3,0.0,3,0 days 02:14:19.800000
10,5,5,True,5,0.69,1,0.29,2,0.02,0,0.0,3,0.0,1,0 days 02:41:12.500000
10,7,1,False,1,0.69,5,0.31,2,0.0,0,0.0,3,0.0,8,0 days 02:41:11.800000
10,7,4,False,4,0.67,7,0.26,5,0.07,0,0.0,3,0.0,2,0 days 02:41:11
10,7,8,False,8,0.59,1,0.39,4,0.02,2,0.0,3,0.0,9,0 days 01:54:08.200000
10,4,1,False,1,0.69,4,0.21,5,0.1,0,0.0,3,0.0,2,0 days 02:14:19.700000
10,4,1,False,1,0.7,7,0.19,4,0.11,0,0.0,3,0.0,3,0 days 02:14:13.100000
10,3,1,False,1,0.7827857142857142,0,0.10745238095238095,3,0.08976190476190476,4,0.02,2,0.0,3,0 days 00:53:50.500000
10,5,2,False,2,0.51,5,0.33,7,0.14,4,0.02,3,0.0,2,0 days 03:08:00.600000
10,3,3,True,3,0.72,1,0.24,8,0.04,0,0.0,4,0.0,1,0 days 01:07:08.600000
10,3,1,False,1,0.67,2,0.28,3,0.03,0,0.02,4,0.0,3,0 days 01:50:51.900000
10,7,7,True,7,0.64,1,0.23,5,0.12,4,0.01,3,0.0,1,0 days 02:13:47.600000
10,7,1,False,1,0.68,3,0.31,8,0.01,0,0.0,4,0.0,9,0 days 01:07:01.600000
10,0,1,False,1,0.93,8,0.07,2,0.0,0,0.0,4,0.0,4,0 days 00:43:27.700000
10,1,1,True,1,0.9716666666666666,2,0.028333333333333332,0,0.0,3,0.0,4,0.0,1,0 days 01:47:30.200000
10,1,5,False,5,0.69,1,0.29,2,0.02,0,0.0,3,0.0,2,0 days 02:41:12.400000
10,2,5,False,5,0.61,4,0.33,1,0.06,0,0.0,3,0.0,6,0 days 03:08:11.100000
10,2,1,False,1,0.86,8,0.11,2,0.03,0,0.0,4,0.0,3,0 days 03:15:36.100000
10,3,4,False,4,0.51,1,0.49,2,0.0,0,0.0,3,0.0,5,0 days 00:53:48.100000
10,3,1,False,1,0.9375,5,0.0525,4,0.01,0,0.0,3,0.0,5,0 days 00:53:47.600000
10,5,4,False,4,0.73,5,0.23,7,0.04,0,0.0,3,0.0,2,0 days 02:41:10.500000
10,3,1,False,1,0.61,2,0.36,3,0.03,0,0.0,4,0.0,3,0 days 01:42:05
10,4,1,False,1,0.6,5,0.23,4,0.10333333333333332,3,0.06666666666666667,2,0.0,3,0 days 02:14:18.100000
10,3,7,False,7,0.87,1,0.13,2,0.0,0,0.0,3,0.0,5,0 days 01:46:45
10,3,1,False,1,0.94,2,0.05,6,0.01,0,0.0,3,0.0,5,0 days 01:23:06.100000
10,5,5,True,5,0.65,4,0.23,0,0.06,2,0.04,1,0.02,1,0 days 03:34:41.200000
10,1,1,True,1,0.93,8,0.07,2,0.0,0,0.0,4,0.0,1,0 days 00:23:31
10,5,4,False,4,0.67,9,0.22,1,0.05833333333333333,3,0.051666666666666666,2,0.0,6,0 days 00:53:51.200000
10,5,4,False,4,0.94,7,0.04,1,0.02,0,0.0,3,0.0,7,0 days 02:14:12.400000
10,5,5,True,5,0.83,1,0.1,7,0.07,0,0.0,3,0.0,1,0 days 03:07:51.200000
10,1,2,False,2,0.63,4,0.28,5,0.09,0,0.0,3,0.0,6,0 days 04:28:28.200000
10,0,7,False,7,0.7,1,0.23,0,0.07,2,0.0,3,0.0,3,0 days 00:53:59.800000
10,4,1,False,1,0.89,8,0.07,5,0.02333333333333333,9,0.016666666666666666,3,0.0,6,0 days 00:40:14.100000
10,5,4,False,4,0.64,5,0.25,0,0.06,1,0.05,3,0.0,2,0 days 03:34:42.900000
10,4,1,False,1,0.86,8,0.14,2,0.0,0,0.0,4,0.0,5,0 days 02:44:27.900000
10,4,1,False,1,0.64,2,0.34,7,0.02,0,0.0,3,0.0,6,0 days 01:02:23.200000
10,1,1,True,1,0.67,2,0.33,0,0.0,3,0.0,4,0.0,1,0 days 02:55:49.800000
10,7,1,False,1,1.0,0,0.0,2,0.0,3,0.0,4,0.0,8,0 days 00:15:34
10,7,1,False,1,0.63,8,0.37,2,0.0,0,0.0,4,0.0,9,0 days 00:40:18.300000
10,7,1,False,1,0.77,3,0.23,0,0.0,2,0.0,4,0.0,8,0 days 00:53:22.800000
10,7,9,False,9,0.61,3,0.16066666666666662,1,0.15933333333333333,4,0.07,2,0.0,9,0 days 00:53:51.500000
10,4,1,False,1,0.84,4,0.13,7,0.03,0,0.0,3,0.0,2,0 days 01:47:22.600000
10,7,7,True,7,0.64,1,0.195,5,0.09083333333333332,6,0.06416666666666666,3,0.01,1,0 days 00:53:45.200000
10,6,1,False,1,0.9,9,0.1,2,0.0,0,0.0,4,0.0,7,0 days 00:30:08.300000
10,6,1,False,1,0.91,0,0.05,6,0.04,2,0.0,3,0.0,3,0 days 00:27:22.300000
10,1,6,False,6,0.65,1,0.3375,2,0.0125,0,0.0,3,0.0,2,0 days 01:47:48.400000
10,1,6,False,6,0.64,1,0.36,2,0.0,0,0.0,3,0.0,2,0 days 01:47:47.700000
10,1,6,False,6,0.65,1,0.3375,2,0.0125,0,0.0,3,0.0,2,0 days 01:47:48.200000
10,1,1,True,1,1.0,0,0.0,2,0.0,3,0.0,4,0.0,1,0 days 02:14:39.700000
10,1,1,True,1,0.76,3,0.21,5,0.03,0,0.0,2,0.0,1,0 days 02:02:08.500000
10,9,1,False,1,1.0,0,0.0,2,0.0,3,0.0,4,0.0,10,0 days 00:41:32.900000
10,1,1,True,1,0.85,6,0.08,9,0.07,2,0.0,3,0.0,1,0 days 00:28:19.100000
10,1,7,False,7,0.62,1,0.38,2,0.0,0,0.0,3,0.0,2,0 days 00:50:29.900000
10,1,1,True,1,0.85,9,0.13,7,0.02,2,0.0,3,0.0,1,0 days 00:18:07.800000
10,1,1,True,1,0.95,6,0.05,2,0.0,0,0.0,3,0.0,1,0 days 00:34:39.800000
10,1,2,False,2,0.62,1,0.36,7,0.01,8,0.01,3,0.0,2,0 days 01:41:10.700000
10,1,1,True,1,0.98,8,0.02,2,0.0,0,0.0,4,0.0,1,0 days 00:37:18.100000
10,1,1,True,1,1.0,0,0.0,2,0.0,3,0.0,4,0.0,1,0 days 00:36:17.600000
10,1,1,True,1,0.99,8,0.01,2,0.0,0,0.0,4,0.0,1,0 days 00:11:59.100000
10,8,1,False,1,0.96,6,0.04,2,0.0,0,0.0,3,0.0,9,0 days 00:43:45.600000
10,1,1,True,1,0.8,9,0.12,5,0.07,6,0.01,3,0.0,1,0 days 00:28:28.200000
10,1,1,True,1,0.51,8,0.49,2,0.0,0,0.0,4,0.0,1,0 days 00:04:07.400000
10,1,1,True,1,1.0,0,0.0,2,0.0,3,0.0,4,0.0,1,0 days 00:54:16.600000
10,2,1,False,1,1.0,0,0.0,2,0.0,3,0.0,4,0.0,3,0 days 02:14:42.300000
10,1,0,False,0,0.72,1,0.26,6,0.0175,2,0.0025,3,0.0,2,0 days 01:47:51.600000
10,1,2,False,2,0.61,1,0.27,0,0.09,3,0.03,4,0.0,2,0 days 01:51:02.100000
10,1,0,False,0,0.67,1,0.33,2,0.0,3,0.0,4,0.0,2,0 days 00:39:06.400000
10,8,2,False,2,0.5645,1,0.42550000000000004,0,0.01,3,0.0,4,0.0,9,0 days 01:01:38
10,1,2,False,2,0.67,0,0.19,1,0.09,4,0.05,3,0.0,3,0 days 01:47:38
10,1,0,False,0,0.61,1,0.38,9,0.01,2,0.0,4,0.0,2,0 days 00:54:24.700000
10,1,1,True,1,1.0,0,0.0,2,0.0,3,0.0,4,0.0,1,0 days 00:35:36.300000
10,6,0,False,0,0.72,6,0.15483333333333332,2,0.07516666666666666,1,0.05,3,0.0,2,0 days 01:47:51.400000
10,1,1,True,1,0.72,4,0.27,0,0.01,2,0.0,3,0.0,1,0 days 01:20:41.200000
10,1,1,True,1,0.92,6,0.08,2,0.0,0,0.0,3,0.0,1,0 days 00:11:02
10,1,1,True,1,0.88,3,0.12,0,0.0,2,0.0,4,0.0,1,0 days 01:48:06.400000
10,1,1,True,1,0.67,8,0.33,2,0.0,0,0.0,4,0.0,1,0 days 00:25:34.800000
10,1,1,True,1,0.96,6,0.04,2,0.0,0,0.0,3,0.0,1,0 days 00:29:14.500000
10,1,1,True,1,0.76,9,0.16,8,0.08,0,0.0,4,0.0,1,0 days 00:22:24.300000
10,1,0,False,0,0.66,1,0.22,8,0.09,7,0.02,6,0.01,2,0 days 01:14:26.500000
10,1,1,True,1,0.72,6,0.25,2,0.03,0,0.0,3,0.0,1,0 days 01:24:56.600000
10,1,3,False,3,0.64,1,0.36,0,0.0,2,0.0,4,0.0,2,0 days 01:34:56.200000
10,1,1,True,1,0.72,6,0.21,0,0.05,9,0.02,3,0.0,1,0 days 00:28:14.400000
10,1,1,True,1,1.0,0,0.0,2,0.0,3,0.0,4,0.0,1,0 days 00:08:28.700000
10,1,3,False,3,0.68,6,0.25,2,0.07,1,0.0,0,0.0,4,0 days 01:50:12.700000
10,1,2,False,2,0.52,3,0.38,1,0.09,5,0.01,0,0.0,3,0 days 02:00:25.300000
10,1,2,False,2,0.63,6,0.31,1,0.06,0,0.0,3,0.0,3,0 days 02:17:26.700000
10,1,1,True,1,0.73,5,0.24,6,0.03,0,0.0,3,0.0,1,0 days 00:33:24.700000
10,1,5,False,5,0.61,7,0.3225,1,0.06416666666666666,0,0.003333333333333333,3,0.0,3,0 days 00:53:42.200000
10,1,1,True,1,1.0,0,0.0,2,0.0,3,0.0,4,0.0,1,0 days 00:15:20
10,1,1,True,1,0.61,9,0.28,4,0.06,5,0.05,3,0.0,1,0 days 00:27:02
10,1,1,True,1,0.85,2,0.15,0,0.0,3,0.0,4,0.0,1,0 days 01:21:02.600000
10,2,1,False,1,0.93,8,0.05,2,0.02,0,0.0,4,0.0,3,0 days 01:33:58.200000
10,1,1,True,1,0.76,3,0.24,0,0.0,2,0.0,4,0.0,1,0 days 01:48:03.100000
10,1,2,False,2,0.78,1,0.22,0,0.0,3,0.0,4,0.0,2,0 days 01:32:23.100000
10,1,6,False,6,0.91,7,0.09,0,0.0,1,0.0,3,0.0,4,0 days 01:24:02.600000
10,6,1,False,1,0.89,3,0.11,0,0.0,2,0.0,4,0.0,7,0 days 01:48:01.500000
10,2,1,False,1,0.75,2,0.25,0,0.0,3,0.0,4,0.0,2,0 days 03:08:49
10,1,6,False,6,0.6,2,0.25,3,0.09,1,0.05,5,0.01,4,0 days 01:21:23.700000
10,1,1,True,1,1.0,0,0.0,2,0.0,3,0.0,4,0.0,1,0 days 00:46:35.700000
10,1,3,False,3,0.65,1,0.35,0,0.0,2,0.0,4,0.0,2,0 days 01:48:04.500000
10,2,2,True,2,0.95,1,0.05,0,0.0,3,0.0,4,0.0,1,0 days 01:29:03
10,2,6,False,6,0.56,2,0.33,1,0.09,0,0.02,3,0.0,2,0 days 01:04:06.500000
10,1,1,True,1,0.88,7,0.12,2,0.0,0,0.0,3,0.0,1,0 days 01:45:59.500000
10,1,1,True,1,0.81,8,0.19,2,0.0,0,0.0,4,0.0,1,0 days 00:49:31.100000
10,1,5,False,5,0.66,6,0.18,0,0.11,1,0.04,8,0.01,4,0 days 00:31:40.100000
10,1,1,True,1,0.97,6,0.03,2,0.0,0,0.0,3,0.0,1,0 days 00:27:39.300000
10,1,1,True,1,0.95,6,0.05,2,0.0,0,0.0,3,0.0,1,0 days 00:30:36.600000
10,1,1,True,1,0.88,7,0.12,2,0.0,0,0.0,3,0.0,1,0 days 01:46:03.300000
10,1,1,True,1,0.94,0,0.03,6,0.03,2,0.0,3,0.0,1,0 days 00:42:34.700000
10,1,7,False,7,0.64,1,0.23,5,0.12,4,0.01,3,0.0,2,0 days 02:13:47.300000
10,1,1,True,1,0.99,4,0.01,2,0.0,0,0.0,3,0.0,1,0 days 00:29:11.600000
10,6,1,False,1,0.98,0,0.01,6,0.01,2,0.0,3,0.0,3,0 days 00:34:23.100000
10,1,1,True,1,1.0,0,0.0,2,0.0,3,0.0,4,0.0,1,0 days 01:47:58.900000
10,1,1,True,1,1.0,0,0.0,2,0.0,3,0.0,4,0.0,1,0 days 02:21:33.900000
10,2,1,False,1,0.88,4,0.12,2,0.0,0,0.0,3,0.0,3,0 days 02:14:37.100000
10,1,1,True,1,0.94,4,0.06,2,0.0,0,0.0,3,0.0,1,0 days 02:14:49.700000
10,2,1,False,1,0.63,0,0.24,2,0.09,8,0.04,4,0.0,3,0 days 01:21:04.800000
10,1,1,True,1,0.97,6,0.03,2,0.0,0,0.0,3,0.0,1,0 days 00:31:06.200000
10,1,1,True,1,0.99,5,0.01,2,0.0,0,0.0,3,0.0,1,0 days 00:44:28.200000
10,1,1,True,1,0.72,2,0.27,4,0.01,0,0.0,3,0.0,1,0 days 02:14:29.400000
10,1,3,False,3,0.59,8,0.24,0,0.11,9,0.05,1,0.01,5,0 days 00:54:33.700000
10,1,1,True,1,0.83,6,0.11,0,0.06,2,0.0,3,0.0,1,0 days 00:47:53.900000
10,1,5,False,5,0.65,2,0.19,1,0.15,8,0.01,3,0.0,3,0 days 02:42:54.400000
10,1,1,True,1,0.98,0,0.02,2,0.0,3,0.0,4,0.0,1,0 days 01:48:21.800000
10,1,9,False,9,0.58,1,0.42,2,0.0,0,0.0,4,0.0,2,0 days 00:08:36.300000
10,1,1,True,1,1.0,0,0.0,2,0.0,3,0.0,4,0.0,1,0 days 00:10:08.500000
10,1,1,True,1,0.89,8,0.11,2,0.0,0,0.0,4,0.0,1,0 days 00:12:23.200000
10,2,1,False,1,0.82,6,0.13,2,0.05,0,0.0,3,0.0,3,0 days 01:31:12.300000
10,0,3,False,3,0.72,1,0.24,8,0.04,0,0.0,4,0.0,4,0 days 01:07:08.900000
10,1,1,True,1,0.93,2,0.07,0,0.0,3,0.0,4,0.0,1,0 days 02:59:44.900000
10,1,1,True,1,1.0,0,0.0,2,0.0,3,0.0,4,0.0,1,0 days 00:13:28.200000
10,1,1,True,1,1.0,0,0.0,2,0.0,3,0.0,4,0.0,1,0 days 00:30:45.700000
10,1,0,False,0,0.62,1,0.38,2,0.0,3,0.0,4,0.0,2,0 days 00:58:37.200000
10,1,1,True,1,1.0,0,0.0,2,0.0,3,0.0,4,0.0,1,0 days 00:13:01.200000
10,1,3,False,3,0.95,2,0.04,6,0.01,1,0.0,0,0.0,4,0 days 01:50:30.700000
10,1,1,True,1,1.0,0,0.0,2,0.0,3,0.0,4,0.0,1,0 days 00:46:35.400000
10,1,0,False,0,0.87,1,0.11,6,0.02,2,0.0,3,0.0,2,0 days 00:48:33.200000
10,6,2,False,2,0.7,1,0.3,0,0.0,3,0.0,4,0.0,7,0 days 02:58:34
10,0,8,False,8,0.86,1,0.12,0,0.02,2,0.0,4,0.0,3,0 days 00:41:06.300000
10,0,1,False,1,0.99,8,0.01,2,0.0,0,0.0,4,0.0,4,0 days 00:27:51.300000
10,1,7,False,7,0.65,6,0.2,2,0.11,1,0.04,3,0.0,4,0 days 01:55:05.700000
10,1,1,True,1,1.0,0,0.0,2,0.0,3,0.0,4,0.0,1,0 days 01:47:57.800000
10,1,1,True,1,1.0,0,0.0,2,0.0,3,0.0,4,0.0,1,0 days 02:46:04.200000
10,1,1,True,1,0.89,2,0.11,0,0.0,3,0.0,4,0.0,1,0 days 02:15:42.900000
10,1,1,True,1,0.8,9,0.12,5,0.07,6,0.01,3,0.0,1,0 days 00:28:31.700000
10,1,1,True,1,0.94,4,0.05,8,0.01,2,0.0,3,0.0,1,0 days 00:21:51.500000
10,1,1,True,1,1.0,0,0.0,2,0.0,3,0.0,4,0.0,1,0 days 00:05:03.400000
10,6,1,False,1,0.7618809523809523,6,0.17811904761904762,2,0.06,0,0.0,3,0.0,2,0 days 01:23:35.400000
10,6,1,False,1,0.97,8,0.03,2,0.0,0,0.0,4,0.0,7,0 days 00:11:27.700000
10,6,1,False,1,0.77,0,0.23,2,0.0,3,0.0,4,0.0,7,0 days 00:39:02.200000
10,1,1,True,1,0.94,2,0.06,0,0.0,3,0.0,4,0.0,1,0 days 03:13:17.300000
10,1,6,False,6,0.59,1,0.41,2,0.0,0,0.0,3,0.0,2,0 days 00:11:06.400000
10,6,1,False,1,0.89,0,0.11,2,0.0,3,0.0,4,0.0,7,0 days 01:48:18.100000
10,2,1,False,1,0.67,2,0.28,3,0.03,0,0.02,4,0.0,2,0 days 01:50:53
10,1,1,True,1,1.0,0,0.0,2,0.0,3,0.0,4,0.0,1,0 days 00:16:43
10,6,1,False,1,0.91,6,0.09,2,0.0,0,0.0,3,0.0,2,0 days 00:10:54.400000
10,1,1,True,1,0.66,6,0.29,0,0.05,2,0.0,3,0.0,1,0 days 00:48:41
10,1,1,True,1,0.75,6,0.24,2,0.01,0,0.0,3,0.0,1,0 days 02:19:01.700000
10,1,1,True,1,0.71,6,0.23,2,0.04,4,0.02,3,0.0,1,0 days 01:36:56.800000
10,2,1,False,1,1.0,0,0.0,2,0.0,3,0.0,4,0.0,3,0 days 01:52:13.300000
10,1,6,False,6,0.69,1,0.31,2,0.0,0,0.0,3,0.0,2,0 days 00:13:35.200000
10,1,1,True,1,0.99,7,0.01,2,0.0,0,0.0,3,0.0,1,0 days 00:51:50.900000
10,2,1,False,1,0.69,8,0.31,2,0.0,0,0.0,4,0.0,3,0 days 01:11:15.100000
10,2,8,False,8,0.59,1,0.37,7,0.04,2,0.0,3,0.0,4,0 days 02:05:08.100000
10,2,1,False,1,0.74,6,0.25,2,0.01,0,0.0,3,0.0,3,0 days 02:17:06.800000
10,2,1,False,1,0.76,2,0.24,0,0.0,3,0.0,4,0.0,2,0 days 01:33:26.500000
10,1,1,True,1,1.0,0,0.0,2,0.0,3,0.0,4,0.0,1,0 days 00:04:58.800000
10,1,1,True,1,1.0,0,0.0,2,0.0,3,0.0,4,0.0,1,0 days 00:05:01.600000
10,1,8,False,8,0.69,1,0.25,0,0.03,2,0.02,3,0.01,2,0 days 01:07:32.700000
10,1,1,True,1,1.0,0,0.0,2,0.0,3,0.0,4,0.0,1,0 days 00:03:14.100000
10,1,8,False,8,0.72,1,0.28,2,0.0,0,0.0,4,0.0,2,0 days 00:03:36.100000
10,1,1,True,1,0.77,5,0.19,0,0.04,2,0.0,3,0.0,1,0 days 03:37:02.700000
10,9,9,True,9,0.6,8,0.25,1,0.15,0,0.0,4,0.0,1,0 days 00:22:16.100000
10,1,7,False,7,0.67,5,0.2,8,0.1,0,0.01,3,0.01,8,0 days 02:00:49
10,1,1,True,1,1.0,0,0.0,2,0.0,3,0.0,4,0.0,1,0 days 00:03:20.100000
10,2,1,False,1,0.66,2,0.34,0,0.0,3,0.0,4,0.0,2,0 days 01:28:59.500000
10,1,1,True,1,0.75,8,0.25,2,0.0,0,0.0,4,0.0,1,0 days 00:06:48.700000
10,1,1,True,1,1.0,0,0.0,2,0.0,3,0.0,4,0.0,1,0 days 00:06:41.800000
10,1,1,True,1,0.91,7,0.06,2,0.03,0,0.0,3,0.0,1,0 days 01:40:58.400000
10,1,1,True,1,1.0,0,0.0,2,0.0,3,0.0,4,0.0,1,0 days 00:13:22.400000
10,1,1,True,1,1.0,0,0.0,2,0.0,3,0.0,4,0.0,1,0 days 00:13:25.400000
10,0,2,False,2,0.61,6,0.28,1,0.08,0,0.03,3,0.0,4,0 days 01:04:31.500000
10,1,1,True,1,0.92,8,0.08,2,0.0,0,0.0,4,0.0,1,0 days 00:06:38.300000
10,1,1,True,1,1.0,0,0.0,2,0.0,3,0.0,4,0.0,1,0 days 00:29:55
10,1,1,True,1,1.0,0,0.0,2,0.0,3,0.0,4,0.0,1,0 days 00:03:16
10,2,1,False,1,0.69,8,0.23,5,0.06,6,0.02,3,0.0,6,0 days 02:35:06.500000
10,1,6,False,6,0.63,1,0.3,5,0.07,0,0.0,3,0.0,2,0 days 02:16:49.400000
10,1,1,True,1,1.0,0,0.0,2,0.0,3,0.0,4,0.0,1,0 days 00:06:42.500000
10,0,1,False,1,0.68,0,0.32,2,0.0,3,0.0,4,0.0,2,0 days 00:51:11.800000
10,1,1,True,1,0.73,9,0.27,2,0.0,0,0.0,4,0.0,1,0 days 00:13:12.400000
10,0,1,False,1,0.99,0,0.01,2,0.0,3,0.0,4,0.0,2,0 days 00:35:07.300000
10,8,1,False,1,0.84,8,0.16,2,0.0,0,0.0,4,0.0,2,0 days 00:03:50.800000
10,1,1,True,1,1.0,0,0.0,2,0.0,3,0.0,4,0.0,1,0 days 00:03:27.600000
10,1,1,True,1,1.0,0,0.0,2,0.0,3,0.0,4,0.0,1,0 days 00:03:30.500000
10,1,1,True,1,0.84,8,0.16,2,0.0,0,0.0,4,0.0,1,0 days 00:03:39.500000
10,1,1,True,1,0.97,9,0.03,2,0.0,0,0.0,4,0.0,1,0 days 00:08:43.500000
10,8,8,True,8,1.0,0,0.0,2,0.0,1,0.0,4,0.0,1,0 days 00:03:43.900000
10,1,8,False,8,0.62,1,0.37,6,0.01,2,0.0,3,0.0,2,0 days 00:34:49.400000
10,1,0,False,0,0.69,6,0.18,1,0.11,5,0.01,8,0.01,3,0 days 02:43:11.500000
10,8,1,False,1,0.85,8,0.15,2,0.0,0,0.0,4,0.0,2,0 days 00:06:34.800000
10,1,1,True,1,0.74,4,0.25,8,0.01,2,0.0,3,0.0,1,0 days 01:53:54.300000
10,1,1,True,1,1.0,0,0.0,2,0.0,3,0.0,4,0.0,1,0 days 00:03:11.700000
10,1,1,True,1,0.9383333333333335,8,0.06166666666666667,2,0.0,0,0.0,4,0.0,1,0 days 00:06:49.500000
10,1,1,True,1,0.97,6,0.03,2,0.0,0,0.0,3,0.0,1,0 days 00:42:29.300000
10,1,1,True,1,1.0,0,0.0,2,0.0,3,0.0,4,0.0,1,0 days 00:03:35
10,1,8,False,8,0.54,1,0.37,7,0.09,2,0.0,3,0.0,2,0 days 00:07:28.400000
10,0,1,False,1,1.0,0,0.0,2,0.0,3,0.0,4,0.0,2,0 days 00:30:25.300000
10,2,1,False,1,1.0,0,0.0,2,0.0,3,0.0,4,0.0,3,0 days 02:47:20.600000
10,6,1,False,1,0.99,4,0.01,2,0.0,0,0.0,3,0.0,7,0 days 00:29:11.200000
10,1,1,True,1,0.75,0,0.25,2,0.0,3,0.0,4,0.0,1,0 days 00:52:25.200000
10,1,1,True,1,1.0,0,0.0,2,0.0,3,0.0,4,0.0,1,0 days 00:03:27.700000
10,1,6,False,6,0.68,1,0.32,2,0.0,0,0.0,3,0.0,2,0 days 00:06:02
10,1,7,False,7,0.66,1,0.33,2,0.01,0,0.0,3,0.0,2,0 days 01:40:06.500000
10,1,1,True,1,0.87,6,0.12,2,0.01,0,0.0,3,0.0,1,0 days 02:17:42.400000
10,1,1,True,1,1.0,0,0.0,2,0.0,3,0.0,4,0.0,1,0 days 00:09:55.300000
10,8,8,True,8,0.63,1,0.37,2,0.0,0,0.0,4,0.0,1,0 days 00:11:43.800000
10,1,1,True,1,0.97,8,0.03,2,0.0,0,0.0,4,0.0,1,0 days 03:03:33.100000
10,1,6,False,6,0.7316666666666667,3,0.21,1,0.05833333333333333,0,0.0,2,0.0,3,0 days 01:23:48.100000
10,6,6,True,6,0.89,1,0.11,2,0.0,0,0.0,3,0.0,1,0 days 00:16:37.900000
10,6,6,True,6,0.93,1,0.07,2,0.0,0,0.0,3,0.0,1,0 days 00:16:37.500000
10,1,2,False,2,0.6,1,0.4,0,0.0,3,0.0,4,0.0,2,0 days 03:26:54.400000
10,1,7,False,7,0.53,1,0.4,8,0.05,6,0.02,3,0.0,2,0 days 02:43:37.900000
10,1,2,False,2,0.75,1,0.25,0,0.0,3,0.0,4,0.0,2,0 days 01:27:20.700000
10,1,2,False,2,0.95,1,0.05,0,0.0,3,0.0,4,0.0,2,0 days 01:29:02.700000
10,1,1,True,1,1.0,0,0.0,2,0.0,3,0.0,4,0.0,1,0 days 03:38:55
10,1,2,False,2,0.69,1,0.25,0,0.04,3,0.02,4,0.0,2,0 days 02:30:01.600000
10,8,1,False,1,0.97,0,0.03,2,0.0,3,0.0,4,0.0,9,0 days 00:37:45.700000
10,8,1,False,1,0.94,8,0.06,2,0.0,0,0.0,4,0.0,2,0 days 00:12:04
10,1,1,True,1,0.99,0,0.01,2,0.0,3,0.0,4,0.0,1,0 days 00:55:06
10,1,1,True,1,0.94,3,0.05,2,0.01,0,0.0,4,0.0,1,0 days 01:42:20.200000
10,0,6,False,6,0.56,2,0.34,1,0.08,0,0.02,3,0.0,4,0 days 01:04:02.400000
10,1,1,True,1,1.0,0,0.0,2,0.0,3,0.0,4,0.0,1,0 days 03:35:42
10,1,1,True,1,0.85,3,0.14,2,0.01,0,0.0,4,0.0,1,0 days 01:42:22.400000
10,1,1,True,1,0.9383333333333335,8,0.06166666666666667,2,0.0,0,0.0,4,0.0,1,0 days 00:06:49.600000
10,6,1,False,1,0.92,0,0.08,2,0.0,3,0.0,4,0.0,7,0 days 00:47:46.200000
10,6,6,True,6,0.66,1,0.25,7,0.09,0,0.0,3,0.0,1,0 days 01:23:56.400000
10,2,2,True,2,0.9,1,0.1,0,0.0,3,0.0,4,0.0,1,0 days 01:01:06.200000
10,1,1,True,1,0.74,2,0.25,8,0.01,0,0.0,4,0.0,1,0 days 03:14:52.700000
10,1,2,False,2,0.99,6,0.01,1,0.0,0,0.0,3,0.0,3,0 days 01:26:20.100000
10,1,1,True,1,0.97,6,0.03,2,0.0,0,0.0,3,0.0,1,0 days 00:25:56.600000
10,8,1,False,1,0.75,0,0.24,2,0.01,3,0.0,4,0.0,9,0 days 01:09:03.800000
10,2,2,True,2,0.93,1,0.04,8,0.03,0,0.0,4,0.0,1,0 days 01:00:53.500000
10,8,1,False,1,0.64,2,0.22,7,0.14,0,0.0,3,0.0,9,0 days 01:02:26.900000
10,2,1,False,1,0.9,8,0.09,2,0.01,0,0.0,4,0.0,3,0 days 01:00:25.200000
10,8,7,False,7,0.64,8,0.27,0,0.09,2,0.0,3,0.0,2,0 days 01:12:39.800000
10,8,1,False,1,0.55,2,0.27,8,0.18,0,0.0,4,0.0,3,0 days 01:00:52.100000
10,1,2,False,2,0.67,1,0.33,0,0.0,3,0.0,4,0.0,2,0 days 02:52:58.300000
10,8,8,True,8,0.53,1,0.35,0,0.12,2,0.0,4,0.0,1,0 days 01:09:42.100000
10,1,1,True,1,0.89,8,0.11,2,0.0,0,0.0,4,0.0,1,0 days 02:44:30
10,8,2,False,2,0.9375,1,0.0625,0,0.0,3,0.0,4,0.0,9,0 days 01:25:30
10,8,0,False,0,0.62,1,0.33,7,0.04,5,0.01,3,0.0,9,0 days 00:58:00.400000
10,1,2,False,2,0.66,1,0.24,6,0.09,4,0.01,3,0.0,2,0 days 01:53:13.100000
