fold,true_cluster,predicted_cluster,correct,top1_cluster,top1_confidence,top2_cluster,top2_confidence,top3_cluster,top3_confidence,top4_cluster,top4_confidence,top5_cluster,top5_confidence,true_rank,distance
1,1,1,True,1,0.62,3,0.23,2,0.15,0,0.0,4,0.0,1,0 days 01:59:04.800000
1,4,2,False,2,0.64,3,0.24,1,0.08,0,0.02,6,0.02,6,0 days 02:41:19.800000
1,3,5,False,5,0.58,6,0.38,7,0.04,0,0.0,3,0.0,5,0 days 00:53:59.400000
1,5,1,False,1,0.61,2,0.39,0,0.0,3,0.0,4,0.0,6,0 days 00:15:02
1,5,3,False,3,0.6,2,0.31,5,0.09,1,0.0,0,0.0,3,0 days 01:32:45.100000
1,7,0,False,0,0.87,6,0.08,4,0.05,1,0.0,3,0.0,8,0 days 02:47:43.900000
1,6,6,True,6,0.68,7,0.26,0,0.03,4,0.03,3,0.0,1,0 days 05:23:04.100000
1,4,4,True,4,0.71,7,0.18,6,0.09,1,0.02,3,0.0,1,0 days 03:34:52.600000
1,7,1,False,1,0.77,2,0.2,4,0.03,0,0.0,3,0.0,8,0 days 02:17:14.400000
1,5,5,True,5,0.71,7,0.23,6,0.06,0,0.0,3,0.0,1,0 days 00:53:51.600000
1,7,2,False,2,0.71,0,0.16,6,0.11,4,0.02,3,0.0,8,0 days 04:59:02.600000
1,6,7,False,7,0.91,0,0.07,6,0.02,1,0.0,3,0.0,3,0 days 05:23:43.200000
1,6,6,True,6,0.67,0,0.29,7,0.03,4,0.01,3,0.0,1,0 days 05:22:15.700000
1,7,6,False,6,0.7,1,0.26,0,0.04,2,0.0,3,0.0,8,0 days 03:09:06.100000
1,7,6,False,6,0.68,7,0.19,0,0.13,1,0.0,3,0.0,2,0 days 00:56:08.800000
1,1,2,False,2,0.77,0,0.22,1,0.01,3,0.0,4,0.0,3,0 days 01:02:05.700000
1,0,6,False,6,0.6,0,0.37,2,0.03,1,0.0,3,0.0,2,0 days 01:25:25.200000
1,0,0,True,0,0.71,7,0.23,6,0.06,1,0.0,3,0.0,1,0 days 06:42:41.500000
1,1,0,False,0,0.62,8,0.25,7,0.13,2,0.0,3,0.0,8,0 days 00:27:51.600000
1,0,0,True,0,0.7,5,0.19,2,0.08,7,0.03,3,0.0,1,0 days 02:19:32.700000
1,0,4,False,4,0.61,1,0.34,6,0.03,0,0.02,3,0.0,4,0 days 03:08:14.500000
1,0,2,False,2,0.62,0,0.26,7,0.08,6,0.04,3,0.0,2,0 days 05:54:57.400000
1,1,1,True,1,0.63,4,0.28,0,0.07,7,0.02,3,0.0,1,0 days 02:17:09.600000
1,0,2,False,2,0.59,1,0.38,6,0.01,4,0.01,7,0.01,6,0 days 03:34:50.500000
1,1,6,False,6,0.3368095238095238,3,0.29730952380952375,8,0.28588095238095235,0,0.04,1,0.03,5,0 days 00:54:36.400000
1,0,0,True,0,0.88,2,0.0975,4,0.0225,1,0.0,3,0.0,1,0 days 04:39:08.900000
1,4,1,False,1,0.69,4,0.28,5,0.03,0,0.0,3,0.0,2,0 days 03:34:45.800000
1,4,5,False,5,0.94,1,0.06,2,0.0,0,0.0,3,0.0,6,0 days 00:53:53.500000
1,5,7,False,7,0.4733333333333334,8,0.42666666666666664,5,0.1,0,0.0,3,0.0,3,0 days 00:54:19.200000
1,6,2,False,2,0.82,6,0.15,0,0.03,1,0.0,3,0.0,2,0 days 02:27:42.900000
1,0,0,True,0,0.88,7,0.11,6,0.01,1,0.0,3,0.0,1,0 days 04:37:46.400000
1,6,2,False,2,0.94,5,0.06,1,0.0,0,0.0,3,0.0,7,0 days 00:15:38.700000
1,6,2,False,2,0.66,6,0.3,0,0.04,1,0.0,3,0.0,2,0 days 06:43:21
1,6,1,False,1,0.67,2,0.23,4,0.05,7,0.03,6,0.01,5,0 days 01:22:30.500000
1,6,1,False,1,0.8509523809523809,0,0.08904761904761903,2,0.04,7,0.02,3,0.0,8,0 days 03:35:07
1,0,7,False,7,0.68,6,0.3,0,0.02,1,0.0,3,0.0,3,0 days 04:33:08.800000
1,3,5,False,5,0.3891428571428571,6,0.37085714285714283,7,0.16,0,0.07,4,0.01,6,0 days 00:54:08
1,4,2,False,2,0.9,1,0.06,0,0.04,3,0.0,4,0.0,5,0 days 02:47:09.600000
1,1,4,False,4,0.65,8,0.16016666666666665,2,0.14983333333333332,6,0.03,1,0.01,5,0 days 02:41:21.900000
1,7,4,False,4,0.53,0,0.24350000000000002,2,0.2165,6,0.01,3,0.0,8,0 days 04:02:10.900000
1,5,2,False,2,0.95,1,0.05,0,0.0,3,0.0,4,0.0,6,0 days 01:14:20.300000
1,7,2,False,2,0.82,5,0.14,0,0.04,1,0.0,3,0.0,8,0 days 02:33:36.500000
1,7,4,False,4,0.6,2,0.32,5,0.06,1,0.02,3,0.0,8,0 days 01:20:51.300000
1,7,7,True,7,0.67,1,0.2,6,0.09,0,0.02,4,0.02,1,0 days 04:57:07.600000
1,7,2,False,2,0.645,6,0.21,4,0.14,5,0.005,3,0.0,8,0 days 01:21:00.800000
1,7,5,False,5,0.92,7,0.07,8,0.01,0,0.0,3,0.0,2,0 days 00:54:19.700000
1,1,0,False,0,0.69,4,0.19,6,0.12,1,0.0,3,0.0,4,0 days 05:22:14.400000
1,1,0,False,0,0.72,6,0.22,7,0.06,1,0.0,3,0.0,4,0 days 05:22:16.700000
1,7,4,False,4,0.59,1,0.31,6,0.1,0,0.0,3,0.0,8,0 days 00:54:02.900000
1,1,2,False,2,0.69,5,0.22,3,0.08,0,0.01,1,0.0,5,0 days 03:14:02.800000
1,0,8,False,8,0.69,2,0.29,5,0.01,0,0.01,3,0.0,4,0 days 02:14:51.800000
1,0,7,False,7,0.87,6,0.12,4,0.01,0,0.0,3,0.0,4,0 days 05:23:21.800000
1,1,2,False,2,0.68,0,0.22,6,0.09,1,0.01,3,0.0,4,0 days 02:41:34.400000
1,1,6,False,6,0.62,0,0.25,2,0.09,8,0.04,3,0.0,8,0 days 03:15:19.300000
1,1,6,False,6,0.86,0,0.1,1,0.04,2,0.0,3,0.0,3,0 days 04:31:31.200000
1,0,1,False,1,0.62,0,0.27,6,0.11,2,0.0,3,0.0,2,0 days 04:33:53.900000
1,0,6,False,6,0.89,2,0.07,1,0.03,0,0.01,3,0.0,4,0 days 04:08:09.800000
1,0,1,False,1,0.59,0,0.32,6,0.05,2,0.03,7,0.01,2,0 days 02:49:28.200000
1,1,2,False,2,0.66,7,0.19,6,0.09,1,0.06,3,0.0,4,0 days 03:08:05.900000
1,0,6,False,6,0.64,0,0.22,4,0.1,1,0.03,7,0.01,2,0 days 04:55:50.500000
1,0,2,False,2,0.87,4,0.12,1,0.01,0,0.0,3,0.0,4,0 days 03:22:17.700000
1,0,1,False,1,0.63,2,0.26,0,0.09,5,0.02,3,0.0,3,0 days 02:21:04.400000
1,6,7,False,7,0.67,5,0.2725,0,0.0475,4,0.01,3,0.0,8,0 days 00:54:05.300000
1,5,6,False,6,0.9,0,0.06,5,0.03,7,0.01,3,0.0,3,0 days 00:54:50.400000
1,5,2,False,2,0.95,6,0.04,0,0.01,1,0.0,3,0.0,7,0 days 01:53:05.600000
1,4,2,False,2,0.63,1,0.23,6,0.1,5,0.03,7,0.01,8,0 days 00:54:44.400000
1,1,7,False,7,0.88,1,0.11,0,0.01,2,0.0,3,0.0,2,0 days 00:59:11.700000
1,4,6,False,6,0.6,2,0.33,0,0.05,1,0.02,3,0.0,6,0 days 04:04:15.800000
1,4,4,True,4,0.67,0,0.17,2,0.14,7,0.02,3,0.0,1,0 days 03:35:43
1,4,7,False,7,0.87,6,0.12,4,0.01,0,0.0,3,0.0,3,0 days 05:23:13.300000
1,6,5,False,5,0.3891428571428571,6,0.37085714285714283,7,0.16,0,0.07,4,0.01,2,0 days 00:54:07.900000
1,6,6,True,6,0.59,0,0.25,1,0.16,2,0.0,3,0.0,1,0 days 03:08:33.500000
1,6,2,False,2,0.4955000000000001,0,0.45449999999999996,6,0.05,1,0.0,3,0.0,3,0 days 04:29:04.100000
1,6,1,False,1,0.63,6,0.31,2,0.06,0,0.0,3,0.0,2,0 days 01:21:11.800000
1,4,4,True,4,0.67,0,0.24,6,0.09,1,0.0,3,0.0,1,0 days 03:34:59.700000
1,0,0,True,0,0.91,6,0.09,2,0.0,1,0.0,3,0.0,1,0 days 04:31:07.400000
1,1,6,False,6,0.5325000000000001,7,0.4541666666666667,5,0.013333333333333332,0,0.0,3,0.0,7,0 days 00:54:03.500000
1,6,7,False,7,0.4656666666666666,5,0.44983333333333336,6,0.08449999999999999,0,0.0,3,0.0,3,0 days 00:54:03.900000
1,6,6,True,6,0.81,0,0.18,1,0.01,2,0.0,3,0.0,1,0 days 02:43:03.100000
1,4,5,False,5,0.65,7,0.21,6,0.14,0,0.0,3,0.0,8,0 days 01:20:54.500000
1,6,5,False,5,0.58,2,0.24,6,0.16,0,0.01,7,0.01,3,0 days 02:50:34.400000
1,5,6,False,6,0.925,5,0.04,1,0.035,0,0.0,3,0.0,2,0 days 00:54:00.800000
1,7,4,False,4,0.72,1,0.21,6,0.06,0,0.01,3,0.0,8,0 days 04:28:39.300000
1,5,1,False,1,0.68,5,0.24,7,0.07,3,0.01,2,0.0,2,0 days 01:07:52.500000
1,4,1,False,1,0.7047142857142856,5,0.29528571428571426,2,0.0,0,0.0,3,0.0,6,0 days 00:53:53.200000
1,7,7,True,7,0.71,2,0.15,6,0.1,5,0.04,3,0.0,1,0 days 00:08:29.400000
1,7,6,False,6,0.86,0,0.12,1,0.02,2,0.0,3,0.0,8,0 days 04:31:30.800000
1,6,2,False,2,0.64,0,0.35,1,0.01,3,0.0,4,0.0,7,0 days 00:27:06.400000
1,6,0,False,0,0.8801666666666667,1,0.11983333333333335,2,0.0,3,0.0,4,0.0,7,0 days 00:26:56.600000
1,7,5,False,5,0.3891428571428571,6,0.38085714285714284,7,0.16,0,0.07,3,0.0,3,0 days 00:54:07.800000
1,7,1,False,1,0.62,7,0.38,2,0.0,0,0.0,3,0.0,2,0 days 00:56:43
1,1,2,False,2,0.62,6,0.23,1,0.09,0,0.06,3,0.0,3,0 days 04:28:33.400000
1,6,5,False,5,0.69,6,0.21,2,0.1,0,0.0,3,0.0,2,0 days 01:20:41.400000
1,2,2,True,2,0.57,7,0.35,0,0.08,1,0.0,3,0.0,1,0 days 01:50:41.700000
1,6,2,False,2,0.78,1,0.22,0,0.0,3,0.0,4,0.0,7,0 days 01:20:33.800000
1,0,0,True,0,0.6,2,0.235,8,0.165,1,0.0,4,0.0,1,0 days 05:22:07.100000
1,1,1,True,1,0.9,6,0.07666666666666667,3,0.02333333333333333,0,0.0,2,0.0,1,0 days 03:08:28.900000
1,1,6,False,6,0.65,2,0.23,0,0.11,4,0.01,3,0.0,6,0 days 03:40:02.400000
1,0,2,False,2,0.58,0,0.2005,1,0.19949999999999998,6,0.02,3,0.0,2,0 days 02:14:25.800000
1,1,6,False,6,0.69,2,0.18,5,0.08,0,0.05,3,0.0,6,0 days 03:08:02.100000
1,0,2,False,2,0.63,7,0.35,0,0.02,1,0.0,3,0.0,3,0 days 01:50:50
1,1,0,False,0,0.61,2,0.26,1,0.13,3,0.0,4,0.0,3,0 days 02:41:07.900000
1,2,6,False,6,0.4628333333333334,4,0.45716666666666667,7,0.08,0,0.0,3,0.0,6,0 days 04:28:28.500000
1,5,5,True,5,0.5519523809523811,1,0.44804761904761903,2,0.0,0,0.0,3,0.0,1,0 days 00:53:52.900000
1,5,0,False,0,0.77,6,0.23,2,0.0,1,0.0,3,0.0,7,0 days 04:31:03.900000
1,5,1,False,1,0.89,5,0.09,7,0.01,2,0.01,3,0.0,2,0 days 01:16:42.600000
1,5,7,False,7,0.61,2,0.23,1,0.09,6,0.04,0,0.03,7,0 days 04:29:27.500000
1,6,1,False,1,0.6,2,0.4,0,0.0,3,0.0,4,0.0,7,0 days 04:01:32
1,6,2,False,2,0.7325,5,0.26,1,0.0075,0,0.0,3,0.0,7,0 days 01:46:08.400000
1,6,5,False,5,0.85,6,0.14,1,0.01,0,0.0,3,0.0,2,0 days 00:54:01.400000
1,6,2,False,2,0.61,6,0.28,0,0.11,1,0.0,3,0.0,2,0 days 02:15:07.300000
1,6,6,True,6,0.72,5,0.17,0,0.05483333333333333,2,0.04516666666666667,7,0.01,1,0 days 04:01:39.400000
1,6,8,False,8,0.58,5,0.33,1,0.09,2,0.0,3,0.0,7,0 days 00:53:55.900000
1,0,2,False,2,0.68,0,0.2576666666666667,1,0.06233333333333333,3,0.0,4,0.0,2,0 days 03:08:41.200000
1,0,0,True,0,0.62,8,0.25,7,0.13,2,0.0,3,0.0,1,0 days 00:27:53.300000
1,8,2,False,2,0.5021666666666667,6,0.4078333333333334,7,0.08,0,0.01,3,0.0,9,0 days 01:47:39.700000
1,6,1,False,1,0.5938333333333334,2,0.4061666666666667,0,0.0,3,0.0,4,0.0,7,0 days 02:41:15.800000
1,6,7,False,7,0.98,1,0.02,2,0.0,0,0.0,3,0.0,8,0 days 00:56:37
1,6,1,False,1,0.53,6,0.42,0,0.05,2,0.0,3,0.0,2,0 days 02:43:15.100000
1,6,2,False,2,0.71,0,0.24,1,0.05,3,0.0,4,0.0,7,0 days 02:15:33.800000
1,0,6,False,6,0.88,2,0.08,5,0.03,0,0.01,3,0.0,4,0 days 03:08:01.500000
1,5,5,True,5,0.6783333333333335,7,0.21,4,0.08,6,0.03166666666666666,3,0.0,1,0 days 00:54:25.500000
1,5,6,False,6,0.71,2,0.12833333333333333,5,0.12166666666666666,1,0.04,3,0.0,3,0 days 01:21:03.200000
1,6,6,True,6,0.65,1,0.24,7,0.09,2,0.02,3,0.0,1,0 days 00:54:45.500000
1,5,0,False,0,0.69,2,0.25,6,0.06,1,0.0,3,0.0,7,0 days 01:21:48
1,5,1,False,1,0.55,7,0.31,0,0.09,6,0.03,5,0.02,5,0 days 03:18:08.300000
1,8,2,False,2,0.66,0,0.21,1,0.12,4,0.01,3,0.0,9,0 days 03:08:05.200000
1,7,6,False,6,0.7,1,0.26,0,0.04,2,0.0,3,0.0,8,0 days 03:09:05.300000
1,7,2,False,2,0.72,5,0.28,1,0.0,0,0.0,3,0.0,8,0 days 02:20:42.300000
1,7,6,False,6,0.91,7,0.09,0,0.0,1,0.0,3,0.0,2,0 days 00:57:11.300000
1,1,2,False,2,0.6,7,0.24,5,0.08,1,0.08,3,0.0,4,0 days 03:34:43.700000
1,1,5,False,5,0.73,1,0.145,6,0.12499999999999999,0,0.0,3,0.0,2,0 days 00:54:00.200000
1,1,6,False,6,0.61,0,0.28,5,0.07,8,0.04,3,0.0,8,0 days 01:47:31.100000
1,0,4,False,4,0.62,5,0.29,2,0.08,7,0.01,3,0.0,7,0 days 01:20:53.600000
1,0,2,False,2,0.76,1,0.17,0,0.07,3,0.0,4,0.0,3,0 days 00:36:35.100000
1,0,7,False,7,0.54,5,0.45,1,0.01,0,0.0,3,0.0,4,0 days 00:55:00.100000
1,1,4,False,4,0.65,0,0.26,6,0.07,2,0.01,7,0.01,6,0 days 00:53:47.300000
1,2,2,True,2,0.7,6,0.2,1,0.1,0,0.0,3,0.0,1,0 days 01:50:00.300000
1,2,1,False,1,0.71,2,0.27,7,0.02,0,0.0,3,0.0,2,0 days 01:20:34.500000
1,2,2,True,2,1.0,0,0.0,1,0.0,3,0.0,4,0.0,1,0 days 01:37:54.100000
1,2,6,False,6,0.6,0,0.37,2,0.03,1,0.0,3,0.0,3,0 days 01:25:26.200000
1,2,2,True,2,0.7258333333333334,0,0.25,6,0.024166666666666666,1,0.0,3,0.0,1,0 days 01:47:42.800000
1,1,2,False,2,0.71,4,0.15,1,0.07,0,0.07,3,0.0,3,0 days 02:41:52.900000
1,2,2,True,2,1.0,0,0.0,1,0.0,3,0.0,4,0.0,1,0 days 03:34:40.800000
1,0,2,False,2,0.76,6,0.24,1,0.0,0,0.0,3,0.0,4,0 days 01:47:21.200000
1,2,2,True,2,0.71,1,0.28,0,0.01,3,0.0,4,0.0,1,0 days 02:14:23
1,1,1,True,1,0.7,2,0.29,6,0.01,0,0.0,3,0.0,1,0 days 03:23:57.400000
1,2,6,False,6,0.69,2,0.18,5,0.08,0,0.05,3,0.0,2,0 days 03:08:02
1,1,2,False,2,0.8,7,0.2,1,0.0,0,0.0,3,0.0,3,0 days 00:47:03.100000
1,2,2,True,2,0.87,4,0.12,1,0.01,0,0.0,3,0.0,1,0 days 03:22:17.300000
1,2,1,False,1,0.7658333333333335,2,0.22416666666666665,0,0.01,3,0.0,4,0.0,2,0 days 02:14:15.100000
1,2,2,True,2,0.82,1,0.16,4,0.02,0,0.0,3,0.0,1,0 days 03:22:34
1,0,6,False,6,0.7,2,0.23,1,0.07,0,0.0,3,0.0,4,0 days 03:07:51.100000
1,2,2,True,2,0.68,1,0.3,0,0.02,3,0.0,4,0.0,1,0 days 02:41:04.100000
1,2,2,True,2,0.59,0,0.39,6,0.02,1,0.0,3,0.0,1,0 days 04:10:43.600000
1,2,1,False,1,0.63,2,0.27,0,0.1,3,0.0,4,0.0,2,0 days 02:18:38.200000
1,2,1,False,1,0.866,2,0.134,0,0.0,3,0.0,4,0.0,2,0 days 02:14:13.900000
1,2,6,False,6,0.59,2,0.41,1,0.0,0,0.0,3,0.0,2,0 days 01:49:07.900000
1,1,0,False,0,0.86,2,0.08,1,0.06,3,0.0,4,0.0,3,0 days 00:53:35.100000
1,2,2,True,2,0.685,1,0.315,0,0.0,3,0.0,4,0.0,1,0 days 02:14:12.600000
1,2,2,True,2,0.88,7,0.11,5,0.01,0,0.0,3,0.0,1,0 days 04:28:25.500000
1,2,1,False,1,0.71,2,0.29,0,0.0,3,0.0,4,0.0,2,0 days 02:17:24.100000
1,2,2,True,2,0.86,1,0.13,6,0.01,0,0.0,3,0.0,1,0 days 02:23:52
1,0,7,False,7,0.64,2,0.3,0,0.06,1,0.0,3,0.0,3,0 days 02:15:02.900000
1,1,7,False,7,0.68,2,0.29,4,0.03,0,0.0,3,0.0,6,0 days 01:05:24.200000
1,2,1,False,1,0.58,2,0.42,0,0.0,3,0.0,4,0.0,2,0 days 03:22:44.500000
1,0,1,False,1,0.73,5,0.24,7,0.03,0,0.0,3,0.0,4,0 days 00:40:13.300000
1,1,1,True,1,0.84,0,0.12,4,0.04,2,0.0,3,0.0,1,0 days 03:08:03.900000
1,2,6,False,6,0.6,2,0.22,0,0.18,1,0.0,3,0.0,2,0 days 01:25:35.800000
1,2,1,False,1,0.93,2,0.05,7,0.02,0,0.0,3,0.0,2,0 days 00:06:36.300000
1,2,6,False,6,0.61,0,0.27,5,0.07,2,0.03,1,0.02,4,0 days 01:47:31.600000
1,2,1,False,1,0.56,4,0.28,2,0.12,7,0.03,8,0.01,3,0 days 03:36:49.500000
1,2,2,True,2,1.0,0,0.0,1,0.0,3,0.0,4,0.0,1,0 days 00:16:28.100000
1,0,6,False,6,0.62,4,0.25,3,0.06,1,0.03,2,0.02,6,0 days 01:48:11.100000
1,2,1,False,1,0.65,0,0.27,2,0.05,3,0.03,4,0.0,3,0 days 02:14:07.200000
1,2,7,False,7,0.89,0,0.09,6,0.02,1,0.0,3,0.0,6,0 days 05:27:29.900000
1,2,3,False,3,0.6,2,0.35,1,0.05,0,0.0,4,0.0,2,0 days 02:02:48.700000
1,0,2,False,2,0.91,1,0.09,0,0.0,3,0.0,4,0.0,3,0 days 02:54:20.100000
1,2,2,True,2,1.0,0,0.0,1,0.0,3,0.0,4,0.0,1,0 days 02:04:18.200000
1,0,6,False,6,0.96,0,0.04,2,0.0,1,0.0,3,0.0,2,0 days 02:42:54.600000
1,2,2,True,2,0.87,7,0.1,1,0.02,5,0.01,3,0.0,1,0 days 01:34:28.600000
1,1,2,False,2,1.0,0,0.0,1,0.0,3,0.0,4,0.0,3,0 days 01:47:16.400000
1,1,1,True,1,0.86,2,0.07,0,0.06,6,0.01,3,0.0,1,0 days 00:33:31.400000
1,1,6,False,6,0.61,2,0.39,1,0.0,0,0.0,3,0.0,3,0 days 00:49:00.500000
1,2,2,True,2,0.86,1,0.13,6,0.01,0,0.0,3,0.0,1,0 days 02:23:38.700000
1,2,2,True,2,0.84,0,0.1,4,0.04,6,0.01,7,0.01,1,0 days 03:35:49.800000
1,2,2,True,2,0.4955000000000001,0,0.45449999999999996,6,0.04,1,0.01,3,0.0,1,0 days 04:29:05.300000
1,1,0,False,0,0.61,6,0.24,4,0.09,2,0.04,1,0.02,5,0 days 03:12:59.700000
1,1,2,False,2,0.86,0,0.12,1,0.02,3,0.0,4,0.0,3,0 days 00:51:54.900000
1,2,7,False,7,0.57,2,0.43,1,0.0,0,0.0,3,0.0,2,0 days 00:38:05.100000
1,2,2,True,2,0.96,5,0.04,1,0.0,0,0.0,3,0.0,1,0 days 02:30:26.800000
1,1,2,False,2,0.67,0,0.22,7,0.1,1,0.01,3,0.0,4,0 days 08:13:43.100000
1,1,1,True,1,0.82,0,0.16,2,0.02,3,0.0,4,0.0,1,0 days 02:14:17.700000
1,1,7,False,7,0.71,1,0.22,8,0.04,0,0.03,3,0.0,2,0 days 00:28:01.200000
1,2,6,False,6,0.52,2,0.48,1,0.0,0,0.0,3,0.0,2,0 days 03:07:16.900000
1,0,2,False,2,0.67,1,0.22,0,0.1,7,0.01,3,0.0,3,0 days 01:51:26.300000
1,1,2,False,2,0.67,1,0.21,0,0.12,3,0.0,4,0.0,2,0 days 02:13:34
1,2,1,False,1,0.87,2,0.08,4,0.05,0,0.0,3,0.0,2,0 days 00:09:35.500000
1,1,0,False,0,0.71,1,0.26,2,0.03,3,0.0,4,0.0,2,0 days 00:53:33
1,2,1,False,1,0.68,4,0.22,2,0.09,5,0.01,3,0.0,3,0 days 02:00:57.200000
1,2,2,True,2,0.86,1,0.14,0,0.0,3,0.0,4,0.0,1,0 days 02:41:32.700000
1,2,5,False,5,0.83,7,0.16,2,0.01,0,0.0,3,0.0,3,0 days 02:56:25.900000
1,2,6,False,6,0.68,0,0.28,2,0.04,1,0.0,3,0.0,3,0 days 02:41:37.400000
1,2,0,False,0,0.8801666666666667,1,0.11983333333333335,2,0.0,3,0.0,4,0.0,3,0 days 00:26:56.500000
1,2,2,True,2,0.76,5,0.22,1,0.02,0,0.0,3,0.0,1,0 days 02:21:23.100000
1,2,1,False,1,0.74,5,0.14,7,0.11,6,0.01,3,0.0,6,0 days 00:55:04.200000
1,2,1,False,1,0.89,8,0.07,7,0.03,2,0.01,3,0.0,4,0 days 01:24:10.500000
1,2,2,True,2,0.86,6,0.13,1,0.01,0,0.0,3,0.0,1,0 days 01:49:25.700000
1,0,1,False,1,0.87,0,0.11,5,0.02,2,0.0,3,0.0,2,0 days 01:11:55.600000
1,7,2,False,2,0.74,4,0.22,1,0.04,0,0.0,3,0.0,8,0 days 00:10:26.600000
1,2,1,False,1,0.64,0,0.22,2,0.08,7,0.06,3,0.0,3,0 days 01:02:45.300000
1,2,2,True,2,0.78,1,0.22,0,0.0,3,0.0,4,0.0,1,0 days 01:57:36.600000
1,2,2,True,2,0.81,3,0.19,1,0.0,0,0.0,4,0.0,1,0 days 01:44:59.400000
1,2,0,False,0,0.9283333333333332,1,0.051666666666666666,2,0.02,3,0.0,4,0.0,3,0 days 00:26:56
1,2,1,False,1,0.93,2,0.07,0,0.0,3,0.0,4,0.0,2,0 days 04:50:36.400000
1,2,2,True,2,0.99,6,0.01,1,0.0,0,0.0,3,0.0,1,0 days 01:47:22.200000
1,2,1,False,1,0.61,4,0.27,8,0.1,7,0.02,3,0.0,6,0 days 02:15:53.900000
1,2,0,False,0,0.89,1,0.09,2,0.01,8,0.01,4,0.0,3,0 days 03:38:13.900000
1,2,2,True,2,0.74,1,0.26,0,0.0,3,0.0,4,0.0,1,0 days 03:34:30.400000
1,2,5,False,5,0.7,6,0.3,0,0.0,1,0.0,3,0.0,6,0 days 03:37:21.700000
1,1,2,False,2,0.97,5,0.03,1,0.0,0,0.0,3,0.0,3,0 days 02:09:32.700000
1,2,2,True,2,0.7,0,0.14100000000000001,7,0.139,6,0.02,3,0.0,1,0 days 00:30:48.600000
1,2,2,True,2,0.74,1,0.26,0,0.0,3,0.0,4,0.0,1,0 days 03:34:25
1,3,1,False,1,0.93,2,0.05,6,0.01,4,0.01,3,0.0,5,0 days 03:09:27.300000
1,2,6,False,6,0.63,2,0.35,7,0.02,0,0.0,3,0.0,2,0 days 00:00:00.600000
1,2,2,True,2,0.85,1,0.13,3,0.01,7,0.01,0,0.0,1,0 days 02:14:03.400000
1,1,1,True,1,0.58,3,0.24,7,0.12,5,0.06,2,0.0,1,0 days 01:55:31.600000
1,2,1,False,1,0.866,2,0.134,0,0.0,3,0.0,4,0.0,2,0 days 02:14:13.900000
2,0,2,False,2,1.0,0,0.0,1,0.0,3,0.0,4,0.0,2,0 days 01:47:41.600000
2,6,2,False,2,1.0,0,0.0,1,0.0,3,0.0,4,0.0,7,0 days 02:24:36.800000
2,6,1,False,1,0.69,2,0.3,7,0.01,0,0.0,3,0.0,8,0 days 03:24:15.600000
2,6,6,True,6,0.93,5,0.07,0,0.0,1,0.0,3,0.0,1,0 days 00:53:52.400000
2,5,1,False,1,0.82,6,0.17,5,0.01,0,0.0,3,0.0,3,0 days 01:20:46.800000
2,0,7,False,7,0.61,2,0.23,1,0.1,0,0.06,3,0.0,4,0 days 08:03:38.400000
2,4,0,False,0,0.69,6,0.26,1,0.05,2,0.0,3,0.0,6,0 days 04:03:14.300000
2,7,2,False,2,0.97,1,0.02,0,0.01,3,0.0,4,0.0,8,0 days 02:14:01.400000
2,7,7,True,7,0.67,2,0.32,1,0.01,0,0.0,3,0.0,1,0 days 03:01:57.100000
2,7,0,False,0,0.87,4,0.1,6,0.02,1,0.01,3,0.0,8,0 days 04:55:22.500000
2,6,1,False,1,0.736,5,0.18,0,0.08399999999999999,2,0.0,3,0.0,7,0 days 00:27:02.300000
2,4,0,False,0,0.61,4,0.3,6,0.09,1,0.0,3,0.0,2,0 days 04:58:02.800000
2,7,7,True,7,0.85,4,0.11,1,0.04,0,0.0,3,0.0,1,0 days 00:55:33.100000
2,4,1,False,1,0.7,0,0.25,8,0.04,2,0.01,4,0.0,5,0 days 05:06:28.900000
2,7,7,True,7,0.71,6,0.27,0,0.01,1,0.01,3,0.0,1,0 days 00:54:46.900000
2,0,1,False,1,0.69,7,0.21,6,0.09,0,0.01,3,0.0,4,0 days 05:22:17.300000
2,1,0,False,0,0.63,5,0.29,2,0.05,1,0.03,3,0.0,4,0 days 01:11:04
2,0,0,True,0,0.92,1,0.08,2,0.0,3,0.0,4,0.0,1,0 days 03:08:56.200000
2,1,2,False,2,0.88,1,0.12,0,0.0,3,0.0,4,0.0,2,0 days 02:17:24
2,1,7,False,7,0.75,0,0.25,2,0.0,1,0.0,3,0.0,4,0 days 05:49:09.400000
2,0,7,False,7,0.6,2,0.36,6,0.02,0,0.02,3,0.0,4,0 days 03:51:13.600000
2,1,7,False,7,0.68,5,0.2,6,0.12,0,0.0,3,0.0,7,0 days 00:55:51.200000
2,3,6,False,6,0.5111666666666668,8,0.36883333333333335,1,0.11,4,0.01,3,0.0,5,0 days 00:54:36.300000
2,0,1,False,1,0.7,2,0.2,4,0.06,6,0.04,3,0.0,6,0 days 04:04:29.200000
2,0,5,False,5,0.62,2,0.22,1,0.12,0,0.04,3,0.0,4,0 days 03:48:00.200000
2,1,6,False,6,0.71,2,0.22,1,0.07,0,0.0,3,0.0,3,0 days 02:41:14.700000
2,0,7,False,7,0.62,0,0.38,2,0.0,1,0.0,3,0.0,2,0 days 05:28:53.500000
2,1,7,False,7,0.61,5,0.37,1,0.02,0,0.0,3,0.0,3,0 days 00:59:58.100000
2,4,1,False,1,0.64,7,0.24,4,0.12,0,0.0,3,0.0,3,0 days 03:08:07.600000
2,4,8,False,8,0.64,2,0.26,1,0.07,7,0.03,3,0.0,6,0 days 02:16:02.400000
2,5,6,False,6,0.69,2,0.17,7,0.12,1,0.02,3,0.0,7,0 days 02:50:32.900000
2,5,8,False,8,0.53,2,0.28,5,0.19,1,0.0,3,0.0,3,0 days 02:56:59
2,6,6,True,6,0.6463333333333332,5,0.27,1,0.08366666666666667,0,0.0,3,0.0,1,0 days 00:54:00.700000
2,0,7,False,7,0.66,4,0.23,6,0.09,2,0.02,3,0.0,7,0 days 03:35:38.500000
2,6,2,False,2,0.72,1,0.2,6,0.07,8,0.01,3,0.0,3,0 days 03:35:30.900000
2,6,1,False,1,0.75,5,0.21,6,0.04,0,0.0,3,0.0,3,0 days 01:20:47.900000
2,4,4,True,4,0.61,6,0.38,0,0.01,1,0.0,3,0.0,1,0 days 03:35:16.800000
2,6,8,False,8,0.63,2,0.18,0,0.15,1,0.04,4,0.0,7,0 days 03:37:57.600000
2,7,6,False,6,0.8,0,0.14,4,0.04,7,0.02,3,0.0,4,0 days 04:02:23
2,4,6,False,6,0.59,0,0.27,1,0.09,4,0.03,8,0.02,4,0 days 03:35:01.500000
2,6,6,True,6,0.67,7,0.26,4,0.04,5,0.03,3,0.0,1,0 days 01:20:54.700000
2,7,0,False,0,0.66,1,0.24,4,0.08,7,0.02,3,0.0,4,0 days 05:41:49.200000
2,5,6,False,6,0.88,1,0.11,5,0.01,0,0.0,3,0.0,3,0 days 00:54:16.500000
2,5,6,False,6,0.92,7,0.05,3,0.02,0,0.01,2,0.0,7,0 days 00:54:07.900000
2,7,0,False,0,0.89,7,0.1,6,0.01,1,0.0,3,0.0,2,0 days 01:24:49.900000
2,5,7,False,7,0.74,3,0.21,1,0.05,0,0.0,2,0.0,7,0 days 01:07:27.500000
2,7,4,False,4,0.59,6,0.27,7,0.14,0,0.0,3,0.0,3,0 days 05:22:35.700000
2,4,6,False,6,0.63,5,0.28,1,0.09,0,0.0,3,0.0,7,0 days 03:43:01.400000
2,4,2,False,2,0.53,6,0.27,1,0.2,0,0.0,3,0.0,6,0 days 01:21:07.100000
2,7,0,False,0,0.83,6,0.1,2,0.07,1,0.0,3,0.0,8,0 days 00:31:17.600000
2,7,3,False,3,0.6,7,0.23,5,0.15,6,0.02,2,0.0,2,0 days 00:53:51.200000
2,4,2,False,2,0.59,1,0.29,0,0.11,7,0.01,3,0.0,6,0 days 04:15:14.500000
2,0,0,True,0,0.7,7,0.27,1,0.02,6,0.01,3,0.0,1,0 days 05:31:19.600000
2,1,2,False,2,0.62,4,0.33,0,0.03,1,0.02,3,0.0,4,0 days 01:47:34.100000
2,1,5,False,5,0.68,6,0.23,1,0.09,0,0.0,3,0.0,3,0 days 03:42:17.700000
2,0,0,True,0,0.77,6,0.21,4,0.02,1,0.0,3,0.0,1,0 days 03:35:13.700000
2,5,2,False,2,0.63,0,0.27,1,0.1,3,0.0,4,0.0,6,0 days 02:15:23.600000
2,6,6,True,6,0.81,1,0.19,2,0.0,0,0.0,3,0.0,1,0 days 02:43:10.700000
2,5,5,True,5,0.68,3,0.17,6,0.13,7,0.02,2,0.0,1,0 days 00:53:50.500000
2,6,6,True,6,0.63,0,0.26,5,0.1,1,0.01,3,0.0,1,0 days 00:55:15.200000
2,6,2,False,2,0.63,0,0.36,6,0.01,1,0.0,3,0.0,3,0 days 06:15:59.300000
2,6,1,False,1,0.77,6,0.2,0,0.02,7,0.01,3,0.0,2,0 days 04:02:36.800000
2,6,0,False,0,0.66,4,0.26,3,0.04,1,0.02,2,0.02,7,0 days 01:48:10.700000
2,5,8,False,8,0.53,5,0.4,4,0.06,2,0.01,3,0.0,2,0 days 02:57:24.500000
2,0,6,False,6,0.65,0,0.34,1,0.01,2,0.0,3,0.0,2,0 days 03:13:26.500000
2,3,5,False,5,0.58,1,0.28,2,0.14,0,0.0,3,0.0,5,0 days 03:14:18.600000
2,6,7,False,7,0.92,0,0.05,1,0.03,2,0.0,3,0.0,8,0 days 04:35:07.200000
2,4,0,False,0,0.97,6,0.02,1,0.01,2,0.0,3,0.0,6,0 days 03:35:11.900000
2,6,7,False,7,0.62,4,0.24,6,0.08,0,0.06,3,0.0,3,0 days 05:22:52.200000
2,6,6,True,6,0.74,7,0.17,8,0.07,0,0.02,3,0.0,1,0 days 02:41:24.400000
2,6,5,False,5,0.61,6,0.3,0,0.05,7,0.04,3,0.0,2,0 days 00:54:50.100000
2,5,1,False,1,0.66,6,0.2,2,0.1,0,0.03,7,0.01,7,0 days 03:00:40.100000
2,0,1,False,1,0.89,5,0.11,2,0.0,0,0.0,3,0.0,4,0 days 03:41:38.900000
2,1,3,False,3,0.61,0,0.21,1,0.18,2,0.0,4,0.0,3,0 days 00:27:10
2,0,6,False,6,0.71,2,0.16,0,0.12,1,0.01,3,0.0,3,0 days 03:38:49.100000
2,1,0,False,0,0.6216666666666666,2,0.3,4,0.05833333333333333,1,0.02,3,0.0,4,0 days 02:41:57.700000
2,0,6,False,6,0.87,0,0.12,1,0.01,2,0.0,3,0.0,2,0 days 02:41:23.800000
2,1,2,False,2,0.76,1,0.24,0,0.0,3,0.0,4,0.0,2,0 days 03:33:16.400000
2,6,1,False,1,0.66,0,0.26,3,0.08,2,0.0,4,0.0,7,0 days 00:27:08.600000
2,6,1,False,1,0.75,0,0.23,6,0.02,2,0.0,3,0.0,3,0 days 04:34:23.200000
2,1,2,False,2,0.57,0,0.38,5,0.04,1,0.01,3,0.0,4,0 days 03:48:19.400000
2,5,4,False,4,0.7,5,0.24,1,0.05,6,0.01,3,0.0,2,0 days 00:53:53.500000
2,7,1,False,1,0.65,6,0.19,7,0.16,0,0.0,3,0.0,3,0 days 00:08:09.300000
2,4,4,True,4,0.83,1,0.16,7,0.01,0,0.0,3,0.0,1,0 days 03:08:08.600000
2,7,7,True,7,0.74,3,0.21,1,0.05,0,0.0,2,0.0,1,0 days 01:07:27.100000
2,7,5,False,5,0.65,7,0.33,4,0.02,0,0.0,3,0.0,2,0 days 00:55:44
2,7,7,True,7,0.6545714285714286,5,0.2914047619047619,4,0.034023809523809526,6,0.02,3,0.0,1,0 days 00:54:32.700000
2,1,0,False,0,0.66,2,0.25,6,0.07,7,0.02,3,0.0,6,0 days 03:54:58.600000
2,2,6,False,6,0.57,1,0.32,0,0.1,7,0.01,3,0.0,6,0 days 04:28:32.600000
2,3,7,False,7,0.6,2,0.36,0,0.04,1,0.0,3,0.0,5,0 days 03:50:42.400000
2,7,2,False,2,0.85,7,0.06566666666666666,0,0.05433333333333334,1,0.03,3,0.0,2,0 days 01:47:58.600000
2,6,2,False,2,0.48233333333333334,6,0.4476666666666667,0,0.07,1,0.0,3,0.0,2,0 days 01:47:44.300000
2,0,0,True,0,0.78,1,0.15,2,0.05,8,0.02,4,0.0,1,0 days 03:38:19.100000
2,1,0,False,0,0.57,1,0.33,6,0.1,2,0.0,3,0.0,2,0 days 04:55:20.500000
2,1,0,False,0,0.7070000000000001,6,0.19,2,0.10300000000000001,1,0.0,3,0.0,4,0 days 04:29:14.100000
2,1,7,False,7,0.7988333333333331,6,0.17116666666666666,5,0.03,0,0.0,3,0.0,7,0 days 00:53:57.600000
2,0,4,False,4,0.64,8,0.25,7,0.09,1,0.01,2,0.01,8,0 days 03:34:55.600000
2,0,5,False,5,0.64,2,0.24,1,0.06466666666666666,6,0.05533333333333333,3,0.0,6,0 days 03:08:02.700000
2,5,7,False,7,0.64,1,0.284,4,0.07,2,0.006,3,0.0,7,0 days 03:34:44.900000
2,5,0,False,0,0.61,5,0.3483333333333334,6,0.04166666666666667,1,0.0,3,0.0,2,0 days 00:53:55.200000
2,5,6,False,6,0.68,7,0.28,0,0.028333333333333332,2,0.011666666666666665,3,0.0,7,0 days 04:01:40
2,6,7,False,7,0.6,4,0.19699999999999998,6,0.133,2,0.05,0,0.02,3,0 days 04:28:29.700000
2,1,6,False,6,0.85,0,0.1,2,0.05,1,0.0,3,0.0,4,0 days 04:08:21.400000
2,5,6,False,6,0.93,5,0.07,0,0.0,1,0.0,3,0.0,2,0 days 00:53:52.100000
2,8,1,False,1,0.64,2,0.33,8,0.03,0,0.0,4,0.0,3,0 days 03:35:27.300000
2,6,5,False,5,0.91,1,0.05,6,0.04,0,0.0,3,0.0,3,0 days 00:54:12.700000
2,2,0,False,0,0.73,2,0.19,1,0.08,3,0.0,4,0.0,2,0 days 02:41:05.600000
2,6,2,False,2,0.6,6,0.24,7,0.12,1,0.04,3,0.0,2,0 days 02:50:42.200000
2,6,5,False,5,0.7036666666666666,6,0.25633333333333336,4,0.03,7,0.01,3,0.0,2,0 days 00:54:23.300000
2,6,5,False,5,0.7,7,0.3,0,0.0,1,0.0,3,0.0,8,0 days 00:55:22.600000
2,6,7,False,7,0.71,1,0.2075,4,0.05,2,0.0325,3,0.0,8,0 days 03:08:07.100000
2,6,7,False,7,0.6,4,0.22,8,0.12,2,0.06,3,0.0,9,0 days 01:22:17.300000
2,6,6,True,6,0.64,4,0.24,7,0.12,0,0.0,3,0.0,1,0 days 05:22:40
2,0,7,False,7,0.67,4,0.23,6,0.1,0,0.0,3,0.0,4,0 days 05:24:24.400000
2,1,1,True,1,0.6,2,0.38333333333333336,5,0.016666666666666666,0,0.0,3,0.0,1,0 days 03:07:59.100000
2,8,1,False,1,0.71,2,0.29,0,0.0,3,0.0,4,0.0,9,0 days 01:23:58.600000
2,6,5,False,5,0.88,7,0.07,6,0.05,0,0.0,3,0.0,3,0 days 00:53:51.800000
2,7,6,False,6,0.63,0,0.27,2,0.08,1,0.02,3,0.0,8,0 days 03:11:43
2,7,7,True,7,0.63,2,0.23,0,0.14,1,0.0,3,0.0,1,0 days 04:07:11.300000
2,1,2,False,2,0.78,1,0.22,0,0.0,3,0.0,4,0.0,2,0 days 00:35:15.900000
2,7,0,False,0,0.64,7,0.2,1,0.1,2,0.06,3,0.0,2,0 days 04:05:28.200000
2,5,5,True,5,0.7,7,0.19,6,0.11,0,0.0,3,0.0,1,0 days 00:53:49.300000
2,2,6,False,6,0.59,2,0.4,1,0.01,0,0.0,3,0.0,2,0 days 02:54:41.400000
2,2,3,False,3,0.69,2,0.23,0,0.08,1,0.0,4,0.0,2,0 days 00:13:40.300000
2,7,4,False,4,0.55,2,0.38,7,0.04,1,0.03,3,0.0,3,0 days 01:04:29.300000
2,5,5,True,5,0.47238095238095235,0,0.4076190476190476,7,0.1,6,0.02,3,0.0,1,0 days 00:54:04.900000
2,7,2,False,2,0.76,0,0.23,1,0.01,3,0.0,4,0.0,8,0 days 01:50:56.100000
2,7,0,False,0,0.66,6,0.22,2,0.1,1,0.02,3,0.0,8,0 days 00:29:56.600000
2,0,6,False,6,0.81,1,0.19,2,0.0,0,0.0,3,0.0,4,0 days 02:43:10.400000
2,1,0,False,0,0.61,1,0.31,2,0.08,3,0.0,4,0.0,2,0 days 00:26:54.600000
2,1,1,True,1,0.7985000000000001,2,0.16150000000000003,0,0.04,3,0.0,4,0.0,1,0 days 02:41:17.200000
2,1,2,False,2,0.76,6,0.24,1,0.0,0,0.0,3,0.0,3,0 days 00:21:04.400000
2,0,1,False,1,0.72,0,0.22,2,0.06,3,0.0,4,0.0,2,0 days 04:17:22.500000
2,1,6,False,6,0.7,4,0.16,7,0.09,8,0.05,3,0.0,7,0 days 01:22:28.100000
2,2,4,False,4,0.61,2,0.28,1,0.11,0,0.0,3,0.0,2,0 days 01:23:38.200000
2,2,2,True,2,0.99,7,0.01,1,0.0,0,0.0,3,0.0,1,0 days 01:20:37.100000
2,1,1,True,1,0.71,2,0.28,0,0.01,3,0.0,4,0.0,1,0 days 00:32:29
2,2,8,False,8,0.65,6,0.31,4,0.03,5,0.01,3,0.0,6,0 days 01:22:35.800000
2,2,4,False,4,0.68,6,0.24,5,0.06,0,0.02,3,0.0,6,0 days 02:46:27.700000
2,2,3,False,3,0.55,1,0.41,4,0.03,6,0.01,2,0.0,5,0 days 03:09:25.600000
2,2,2,True,2,0.96,1,0.04,0,0.0,3,0.0,4,0.0,1,0 days 02:54:25.400000
2,2,0,False,0,0.63,2,0.35,1,0.02,3,0.0,4,0.0,2,0 days 01:50:49.400000
2,2,0,False,0,0.92,6,0.08,2,0.0,1,0.0,3,0.0,3,0 days 01:25:10.500000
2,0,0,True,0,0.71,1,0.29,2,0.0,3,0.0,4,0.0,1,0 days 07:10:21.500000
2,0,0,True,0,0.77,7,0.23,2,0.0,1,0.0,3,0.0,1,0 days 06:42:31
2,0,1,False,1,0.7,8,0.26,5,0.03,2,0.01,3,0.0,8,0 days 01:47:28.300000
2,1,1,True,1,0.86,0,0.08,7,0.06,2,0.0,3,0.0,1,0 days 00:28:34.800000
2,1,0,False,0,0.72,2,0.28,1,0.0,3,0.0,4,0.0,3,0 days 00:27:15.700000
2,2,2,True,2,0.94,0,0.04,6,0.02,1,0.0,3,0.0,1,0 days 01:36:23.200000
2,2,1,False,1,0.68,2,0.31,0,0.01,3,0.0,4,0.0,2,0 days 02:41:02.300000
2,2,2,True,2,0.71,0,0.29,1,0.0,3,0.0,4,0.0,1,0 days 02:14:57.600000
2,2,2,True,2,0.68,0,0.3,5,0.02,1,0.0,3,0.0,1,0 days 02:19:43.600000
2,2,7,False,7,0.59,0,0.39,6,0.02,1,0.0,3,0.0,6,0 days 02:15:04.900000
2,2,0,False,0,0.71,2,0.17,6,0.1,1,0.02,3,0.0,2,0 days 04:01:35.800000
2,2,0,False,0,0.65,2,0.31,4,0.04,1,0.0,3,0.0,2,0 days 03:22:18.600000
2,2,6,False,6,0.85,2,0.08,0,0.07,1,0.0,3,0.0,2,0 days 04:29:02
2,0,7,False,7,0.65,2,0.21,6,0.08,5,0.06,3,0.0,7,0 days 01:21:31.800000
2,2,2,True,2,0.66,1,0.21,7,0.1,5,0.03,3,0.0,1,0 days 02:58:55
2,2,2,True,2,0.88,7,0.12,1,0.0,0,0.0,3,0.0,1,0 days 04:28:25.800000
2,1,2,False,2,0.93,0,0.04,6,0.03,1,0.0,3,0.0,4,0 days 01:36:10.900000
2,1,2,False,2,0.57,5,0.27,0,0.14,1,0.02,3,0.0,4,0 days 03:48:05.600000
2,0,4,False,4,0.66,1,0.23,6,0.08,2,0.03,3,0.0,6,0 days 00:53:47.100000
2,2,0,False,0,0.66,3,0.22,1,0.07,2,0.05,4,0.0,4,0 days 02:14:06.100000
2,2,2,True,2,0.94,5,0.04,1,0.02,0,0.0,3,0.0,1,0 days 02:08:31.800000
2,0,6,False,6,0.5375000000000001,5,0.4124999999999999,1,0.05,0,0.0,3,0.0,4,0 days 00:54:21.700000
2,2,2,True,2,1.0,0,0.0,1,0.0,3,0.0,4,0.0,1,0 days 03:21:13.400000
2,2,1,False,1,0.64,7,0.22,2,0.14,0,0.0,3,0.0,3,0 days 00:17:47.400000
2,2,1,False,1,0.63,0,0.37,2,0.0,3,0.0,4,0.0,3,0 days 01:23:21.500000
2,2,2,True,2,1.0,0,0.0,1,0.0,3,0.0,4,0.0,1,0 days 02:00:11.100000
2,2,2,True,2,1.0,0,0.0,1,0.0,3,0.0,4,0.0,1,0 days 01:37:46.600000
2,0,1,False,1,0.73,2,0.25,6,0.02,0,0.0,3,0.0,4,0 days 01:50:23.600000
2,2,2,True,2,1.0,0,0.0,1,0.0,3,0.0,4,0.0,1,0 days 00:16:28.100000
2,2,2,True,2,1.0,0,0.0,1,0.0,3,0.0,4,0.0,1,0 days 01:33:53.400000
2,2,2,True,2,0.67,0,0.32,6,0.01,1,0.0,3,0.0,1,0 days 05:10:13.600000
2,0,2,False,2,0.6975,6,0.17,1,0.11,0,0.0225,3,0.0,4,0 days 00:26:56.500000
2,0,1,False,1,0.84,0,0.16,2,0.0,3,0.0,4,0.0,2,0 days 00:26:53.900000
2,2,2,True,2,1.0,0,0.0,1,0.0,3,0.0,4,0.0,1,0 days 01:47:22.500000
2,1,5,False,5,0.62,2,0.36,1,0.02,0,0.0,3,0.0,3,0 days 04:28:22.200000
2,2,2,True,2,0.97,1,0.03,0,0.0,3,0.0,4,0.0,1,0 days 02:18:00.700000
2,2,2,True,2,1.0,0,0.0,1,0.0,3,0.0,4,0.0,1,0 days 03:07:42.400000
2,0,2,False,2,0.52,1,0.38,4,0.07,6,0.02,7,0.01,6,0 days 00:53:47.600000
2,2,2,True,2,0.89,7,0.11,1,0.0,0,0.0,3,0.0,1,0 days 02:00:47.100000
2,2,0,False,0,0.66,4,0.22,6,0.085,5,0.035,3,0.0,6,0 days 01:21:24
2,2,7,False,7,0.9,5,0.09,2,0.01,0,0.0,3,0.0,3,0 days 02:55:43.500000
2,2,1,False,1,0.62,8,0.26,5,0.1,2,0.02,3,0.0,4,0 days 01:47:27.600000
2,1,0,False,0,0.66,1,0.34,2,0.0,3,0.0,4,0.0,2,0 days 01:23:12.100000
2,1,2,False,2,0.91,3,0.09,1,0.0,0,0.0,4,0.0,3,0 days 00:39:07.800000
2,1,6,False,6,0.67,2,0.33,1,0.0,0,0.0,3,0.0,3,0 days 02:36:22.300000
2,2,6,False,6,0.96,0,0.03,7,0.01,1,0.0,3,0.0,6,0 days 02:15:07.800000
2,0,1,False,1,0.78,2,0.22,0,0.0,3,0.0,4,0.0,3,0 days 02:51:21.800000
2,2,5,False,5,0.71,1,0.17,2,0.12,0,0.0,3,0.0,3,0 days 02:10:50.500000
2,0,2,False,2,0.86,0,0.14,1,0.0,3,0.0,4,0.0,2,0 days 02:20:55.300000
2,2,2,True,2,1.0,0,0.0,1,0.0,3,0.0,4,0.0,1,0 days 01:37:28.800000
2,2,0,False,0,0.9,1,0.07,2,0.03,3,0.0,4,0.0,3,0 days 02:48:33.900000
2,2,7,False,7,0.68,5,0.2,6,0.12,0,0.0,3,0.0,6,0 days 00:55:48.400000
2,0,1,False,1,0.63,0,0.32,7,0.05,2,0.0,3,0.0,2,0 days 05:35:52.400000
2,0,0,True,0,0.87,6,0.12,2,0.01,1,0.0,3,0.0,1,0 days 06:46:37.700000
2,1,0,False,0,0.61,1,0.3,7,0.08,2,0.01,3,0.0,2,0 days 07:41:06.900000
2,1,1,True,1,0.62,5,0.29,2,0.05,0,0.04,3,0.0,1,0 days 03:47:33.100000
2,1,1,True,1,0.62,2,0.37,0,0.01,3,0.0,4,0.0,1,0 days 03:07:48.300000
2,2,7,False,7,0.58,8,0.24,6,0.12,0,0.06,3,0.0,6,0 days 02:41:24.900000
2,2,4,False,4,0.63,2,0.3,0,0.07,1,0.0,3,0.0,2,0 days 03:22:15.900000
2,1,1,True,1,0.66,0,0.3,2,0.04,3,0.0,4,0.0,1,0 days 01:23:26.100000
2,2,1,False,1,0.63,2,0.36,7,0.01,0,0.0,3,0.0,2,0 days 00:41:54.200000
2,1,6,False,6,0.56,2,0.3,1,0.14,0,0.0,3,0.0,3,0 days 03:21:40.400000
2,1,6,False,6,0.71,0,0.26,2,0.03,1,0.0,3,0.0,4,0 days 03:39:12.500000
2,1,7,False,7,0.69,2,0.26,1,0.03,5,0.02,3,0.0,3,0 days 01:09:28.800000
2,2,1,False,1,0.61,5,0.26,2,0.13,0,0.0,3,0.0,3,0 days 02:10:03.300000
2,2,7,False,7,0.63,2,0.36,1,0.01,0,0.0,3,0.0,2,0 days 03:23:20.600000
2,2,1,False,1,0.68,0,0.25,2,0.07,3,0.0,4,0.0,3,0 days 00:36:42.800000
2,2,2,True,2,0.76,0,0.22,1,0.02,3,0.0,4,0.0,1,0 days 02:18:20.400000
2,2,2,True,2,0.97,7,0.03,1,0.0,0,0.0,3,0.0,1,0 days 02:30:43.600000
2,2,1,False,1,0.97,2,0.03,0,0.0,3,0.0,4,0.0,2,0 days 01:47:01.700000
2,1,2,False,2,0.78,1,0.22,0,0.0,3,0.0,4,0.0,2,0 days 02:14:13.300000
2,2,2,True,2,0.86,7,0.14,1,0.0,0,0.0,3,0.0,1,0 days 02:31:35.100000
2,1,2,False,2,0.71,5,0.25,0,0.04,1,0.0,3,0.0,4,0 days 02:21:10.100000
2,2,1,False,1,0.87,2,0.13,0,0.0,3,0.0,4,0.0,2,0 days 01:47:10.400000
2,2,5,False,5,0.69,2,0.2,7,0.1,1,0.01,3,0.0,2,0 days 00:08:49.800000
2,1,2,False,2,0.67,1,0.23,7,0.1,0,0.0,3,0.0,2,0 days 00:17:56.100000
2,2,2,True,2,0.8,1,0.19,3,0.01,0,0.0,4,0.0,1,0 days 01:39:07
2,0,1,False,1,0.67,0,0.275,6,0.03,2,0.025,3,0.0,2,0 days 00:26:56.900000
2,2,2,True,2,0.66,7,0.22,1,0.09,0,0.03,3,0.0,1,0 days 03:00:58.400000
2,2,1,False,1,0.65,0,0.33,2,0.02,3,0.0,4,0.0,3,0 days 04:18:13.700000
2,2,2,True,2,0.99,1,0.01,0,0.0,3,0.0,4,0.0,1,0 days 03:34:37.700000
2,2,2,True,2,0.96,1,0.04,0,0.0,3,0.0,4,0.0,1,0 days 02:54:29.600000
2,2,2,True,2,0.76,1,0.24,0,0.0,3,0.0,4,0.0,1,0 days 00:26:48
2,2,2,True,2,0.9626666666666666,1,0.027333333333333334,7,0.01,0,0.0,3,0.0,1,0 days 03:34:41.600000
2,2,2,True,2,0.6633333333333333,0,0.22,1,0.11666666666666668,3,0.0,4,0.0,1,0 days 00:53:37.400000
3,3,1,False,1,0.56,6,0.32,0,0.11,2,0.01,3,0.0,5,0 days 00:27:09.700000
3,6,1,False,1,0.67,2,0.33,0,0.0,3,0.0,4,0.0,7,0 days 03:21:35.700000
3,6,2,False,2,1.0,0,0.0,1,0.0,3,0.0,4,0.0,7,0 days 02:54:51.600000
3,6,1,False,1,0.64,0,0.19,3,0.12,5,0.05,2,0.0,7,0 days 02:59:55.800000
3,7,6,False,6,0.64,5,0.32,1,0.02,2,0.02,3,0.0,8,0 days 01:00:48.900000
3,7,2,False,2,1.0,0,0.0,1,0.0,3,0.0,4,0.0,8,0 days 02:30:53.600000
3,4,6,False,6,0.68,0,0.3,7,0.02,1,0.0,3,0.0,8,0 days 02:47:45.500000
3,4,4,True,4,0.67,1,0.29,5,0.03,2,0.01,3,0.0,1,0 days 01:47:33.700000
3,6,1,False,1,0.66,0,0.34,2,0.0,3,0.0,4,0.0,7,0 days 02:43:27.800000
3,5,0,False,0,0.57,6,0.38,5,0.05,1,0.0,3,0.0,3,0 days 00:55:17
3,1,0,False,0,0.63,1,0.3,7,0.07,2,0.0,3,0.0,2,0 days 00:28:46.800000
3,5,5,True,5,0.66,6,0.3,1,0.02,2,0.02,3,0.0,1,0 days 01:00:42.700000
3,5,1,False,1,0.63,2,0.25,5,0.12,0,0.0,3,0.0,3,0 days 02:34:39.700000
3,5,0,False,0,0.64,1,0.26,6,0.0625,3,0.0375,2,0.0,7,0 days 00:54:37.400000
3,7,7,True,7,0.67,6,0.32,0,0.01,1,0.0,3,0.0,1,0 days 00:54:47
3,7,7,True,7,0.68,0,0.23,4,0.07,6,0.02,3,0.0,1,0 days 05:23:25.400000
3,7,2,False,2,0.68,1,0.32,0,0.0,3,0.0,4,0.0,8,0 days 02:53:38.900000
3,0,1,False,1,0.98,0,0.02,2,0.0,3,0.0,4,0.0,2,0 days 06:59:56.100000
3,0,7,False,7,0.57,6,0.21,1,0.11,4,0.11,3,0.0,7,0 days 04:01:47.900000
3,2,0,False,0,0.61,7,0.24,1,0.15,2,0.0,3,0.0,4,0 days 08:07:52.900000
3,0,5,False,5,0.66,2,0.27,0,0.07,1,0.0,3,0.0,3,0 days 02:14:45.900000
3,1,2,False,2,0.96,1,0.04,0,0.0,3,0.0,4,0.0,2,0 days 01:01:46.200000
3,0,0,True,0,0.92,8,0.05,2,0.02,7,0.01,3,0.0,1,0 days 02:41:25.800000
3,0,7,False,7,0.78,1,0.22,2,0.0,0,0.0,3,0.0,4,0 days 00:58:37.100000
3,0,2,False,2,0.92,1,0.07,8,0.01,0,0.0,4,0.0,4,0 days 01:47:32.400000
3,1,2,False,2,0.93,3,0.07,1,0.0,0,0.0,4,0.0,3,0 days 01:39:11.400000
3,0,1,False,1,0.62,0,0.25,2,0.13,3,0.0,4,0.0,2,0 days 03:08:45.200000
3,0,2,False,2,0.62,6,0.23,0,0.15,1,0.0,3,0.0,3,0 days 06:15:52.900000
3,0,2,False,2,0.8,6,0.14,5,0.04,1,0.02,3,0.0,6,0 days 01:35:27.100000
3,0,6,False,6,0.68,7,0.28,0,0.04,1,0.0,3,0.0,3,0 days 05:30:35.600000
3,5,2,False,2,0.6,4,0.28,1,0.09,0,0.03,3,0.0,6,0 days 02:44:39
3,5,5,True,5,0.5463333333333332,1,0.44366666666666676,4,0.01,0,0.0,3,0.0,1,0 days 00:53:52.900000
3,4,7,False,7,0.61,0,0.25,2,0.11,6,0.02,4,0.01,5,0 days 04:02:12
3,5,6,False,6,0.97,5,0.03,0,0.0,1,0.0,3,0.0,2,0 days 01:20:48.900000
3,4,1,False,1,0.74,2,0.22,5,0.03,0,0.01,3,0.0,6,0 days 02:00:55.400000
3,6,1,False,1,0.65,4,0.26,2,0.08,0,0.01,3,0.0,7,0 days 03:34:57.900000
3,6,0,False,0,0.6,6,0.29,2,0.11,1,0.0,3,0.0,2,0 days 06:43:39.200000
3,1,1,True,1,0.68,3,0.26,2,0.05,4,0.01,0,0.0,1,0 days 03:09:28.800000
3,5,2,False,2,1.0,0,0.0,1,0.0,3,0.0,4,0.0,6,0 days 02:07:45.800000
3,6,6,True,6,0.66,5,0.26,2,0.06,0,0.01,1,0.01,1,0 days 03:37:17.100000
3,0,1,False,1,0.73,0,0.27,2,0.0,3,0.0,4,0.0,2,0 days 03:13:18.300000
3,4,7,False,7,0.91,1,0.05,2,0.04,0,0.0,3,0.0,6,0 days 01:04:00.200000
3,6,7,False,7,0.72,1,0.17,0,0.09,2,0.02,3,0.0,8,0 days 03:11:34.500000
3,6,1,False,1,0.68,3,0.26,2,0.05,4,0.01,0,0.0,7,0 days 03:09:34.800000
3,6,5,False,5,0.8038809523809524,2,0.1661190476190476,1,0.03,0,0.0,3,0.0,7,0 days 01:21:03.500000
3,6,4,False,4,0.64,6,0.24,7,0.08,2,0.03,0,0.01,2,0 days 04:28:29.300000
3,6,6,True,6,0.66,0,0.29,1,0.04,2,0.01,3,0.0,1,0 days 04:08:15.400000
3,4,2,False,2,0.66,6,0.32,7,0.01,0,0.01,3,0.0,8,0 days 04:41:49.300000
3,6,5,False,5,0.44433333333333336,3,0.3656666666666667,6,0.13,1,0.03,7,0.03,3,0 days 00:53:59.600000
3,0,1,False,1,0.69,0,0.22,2,0.06,7,0.02,6,0.01,2,0 days 01:52:43.300000
3,7,4,False,4,0.96,0,0.03,1,0.01,2,0.0,3,0.0,8,0 days 04:01:51.100000
3,4,0,False,0,0.72,4,0.21,7,0.04,2,0.03,3,0.0,2,0 days 04:58:07.100000
3,7,8,False,8,0.65,5,0.3,7,0.05,0,0.0,3,0.0,3,0 days 00:54:19.100000
3,7,0,False,0,0.6,1,0.29,7,0.11,2,0.0,3,0.0,3,0 days 04:05:45.700000
3,4,7,False,7,0.72,1,0.19,4,0.09,0,0.0,3,0.0,3,0 days 00:55:28.400000
3,4,6,False,6,0.68,7,0.25,0,0.07,1,0.0,3,0.0,8,0 days 05:22:50.800000
3,5,7,False,7,0.69,6,0.23,5,0.05,0,0.02,4,0.01,3,0 days 00:55:23.400000
3,7,2,False,2,0.6,1,0.19466666666666668,0,0.15533333333333335,6,0.05,3,0.0,8,0 days 03:35:05.800000
3,7,0,False,0,0.7,1,0.26,6,0.04,2,0.0,3,0.0,8,0 days 05:22:17.900000
3,4,6,False,6,0.66,0,0.23,1,0.07,4,0.04,3,0.0,4,0 days 03:41:09.500000
3,7,0,False,0,0.68,7,0.24,2,0.07,6,0.01,3,0.0,2,0 days 05:27:46.400000
3,1,6,False,6,0.94,2,0.06,1,0.0,0,0.0,3,0.0,3,0 days 01:21:12.400000
3,1,1,True,1,0.67,4,0.15,5,0.14,2,0.02,7,0.02,1,0 days 01:20:51.900000
3,1,0,False,0,0.81,7,0.12,6,0.07,1,0.0,3,0.0,4,0 days 05:32:41.200000
3,1,2,False,2,0.7,0,0.3,1,0.0,3,0.0,4,0.0,3,0 days 00:36:44.800000
3,1,2,False,2,0.83,1,0.16,0,0.01,3,0.0,4,0.0,2,0 days 00:32:19.900000
3,1,6,False,6,0.64,7,0.23,4,0.13,0,0.0,3,0.0,7,0 days 00:54:02.500000
3,0,2,False,2,0.7,4,0.22,6,0.05,7,0.02,0,0.01,5,0 days 04:02:08.900000
3,0,1,False,1,0.95,0,0.03,6,0.02,2,0.0,3,0.0,2,0 days 03:36:15.400000
3,0,6,False,6,0.8,2,0.2,1,0.0,0,0.0,3,0.0,4,0 days 02:41:42
3,1,1,True,1,0.5492857142857143,2,0.4507142857142857,0,0.0,3,0.0,4,0.0,1,0 days 00:35:25.500000
3,4,8,False,8,0.67,1,0.19,6,0.14,2,0.0,3,0.0,6,0 days 02:41:21.600000
3,5,1,False,1,0.5411666666666668,0,0.3988333333333334,6,0.04,2,0.02,3,0.0,7,0 days 00:27:01.600000
3,6,6,True,6,0.79,2,0.18,4,0.02,1,0.01,3,0.0,1,0 days 04:28:36.500000
3,0,1,False,1,0.64,0,0.24,2,0.07,6,0.05,3,0.0,2,0 days 02:49:16.500000
3,6,6,True,6,0.66,1,0.32,0,0.02,2,0.0,3,0.0,1,0 days 03:08:32.300000
3,6,2,False,2,0.67,6,0.33,1,0.0,0,0.0,3,0.0,2,0 days 02:41:39.100000
3,0,1,False,1,0.8,7,0.14,0,0.04,2,0.02,3,0.0,3,0 days 04:28:51.900000
3,0,0,True,0,0.88,6,0.12,2,0.0,1,0.0,3,0.0,1,0 days 06:16:06.300000
3,1,1,True,1,0.71,7,0.23,6,0.05,8,0.01,3,0.0,1,0 days 03:34:54.400000
3,6,2,False,2,0.58,6,0.31,7,0.11,0,0.0,3,0.0,2,0 days 03:35:34
3,5,5,True,5,0.985,6,0.015,0,0.0,1,0.0,3,0.0,1,0 days 00:53:56.800000
3,6,6,True,6,0.95,0,0.03,1,0.02,2,0.0,3,0.0,1,0 days 00:55:11
3,0,1,False,1,0.6506666666666666,6,0.34,0,0.009333333333333334,2,0.0,3,0.0,3,0 days 00:27:04
3,6,0,False,0,0.61,2,0.3,1,0.07,6,0.02,3,0.0,4,0 days 03:07:51.300000
3,6,5,False,5,0.97,7,0.03,0,0.0,1,0.0,3,0.0,8,0 days 00:53:49.700000
3,6,6,True,6,0.72,5,0.26,1,0.02,0,0.0,3,0.0,1,0 days 00:54:14.800000
3,7,6,False,6,0.59,2,0.4,0,0.01,1,0.0,3,0.0,8,0 days 02:20:05.700000
3,7,7,True,7,0.6,6,0.37,1,0.02,0,0.01,3,0.0,1,0 days 04:35:31.800000
3,7,2,False,2,1.0,0,0.0,1,0.0,3,0.0,4,0.0,8,0 days 02:31:24.200000
3,7,2,False,2,0.68,1,0.32,0,0.0,3,0.0,4,0.0,8,0 days 02:53:37.400000
3,7,2,False,2,0.82,6,0.14,1,0.02,0,0.02,3,0.0,8,0 days 02:15:42.200000
3,5,1,False,1,0.58,0,0.25,2,0.16,7,0.01,3,0.0,7,0 days 01:26:42.900000
3,2,8,False,8,0.67,6,0.29,1,0.03,4,0.01,3,0.0,6,0 days 02:41:21.300000
3,1,1,True,1,0.79,7,0.18,5,0.03,0,0.0,3,0.0,1,0 days 00:40:35.800000
3,0,1,False,1,0.6,2,0.38,0,0.02,3,0.0,4,0.0,3,0 days 00:27:15.400000
3,0,2,False,2,0.59,0,0.28,6,0.1,1,0.03,3,0.0,2,0 days 00:27:07.200000
3,5,2,False,2,0.92,1,0.07,8,0.01,0,0.0,4,0.0,6,0 days 01:47:32.500000
3,5,2,False,2,0.69,1,0.31,0,0.0,3,0.0,4,0.0,6,0 days 03:07:57.900000
3,6,0,False,0,0.73,2,0.21,7,0.04,4,0.02,3,0.0,8,0 days 04:58:09.600000
3,6,2,False,2,0.92,1,0.07,8,0.01,0,0.0,4,0.0,7,0 days 01:47:32.100000
3,0,7,False,7,0.63,0,0.37,2,0.0,1,0.0,3,0.0,2,0 days 06:42:37
3,8,7,False,7,0.6,0,0.27,5,0.11,6,0.02,3,0.0,9,0 days 00:57:25.200000
3,6,6,True,6,0.59,1,0.29,0,0.11,2,0.01,3,0.0,1,0 days 05:17:36.800000
3,4,1,False,1,0.87,0,0.13,2,0.0,3,0.0,4,0.0,5,0 days 06:53:49.800000
3,6,0,False,0,0.63,2,0.27,6,0.1,1,0.0,3,0.0,3,0 days 06:15:42.400000
3,6,2,False,2,0.6,1,0.32,4,0.06,5,0.02,3,0.0,7,0 days 01:21:05.900000
3,1,0,False,0,0.57,6,0.27,2,0.1,7,0.06,3,0.0,6,0 days 04:03:55
3,6,4,False,4,0.69,2,0.2,5,0.06,0,0.05,3,0.0,7,0 days 02:46:20.600000
3,2,1,False,1,0.55,2,0.42,4,0.03,0,0.0,3,0.0,2,0 days 02:41:13.500000
3,5,6,False,6,0.7391666666666667,5,0.19083333333333333,4,0.06,7,0.01,3,0.0,2,0 days 00:54:23.100000
3,6,6,True,6,0.73,0,0.18,2,0.09,1,0.0,3,0.0,1,0 days 02:15:09
3,7,7,True,7,0.86,6,0.1,0,0.04,1,0.0,3,0.0,1,0 days 04:09:24.100000
3,5,4,False,4,0.53,5,0.46,6,0.01,0,0.0,3,0.0,2,0 days 00:54:05.700000
3,7,7,True,7,0.87,1,0.08,0,0.05,2,0.0,3,0.0,1,0 days 05:49:18.700000
3,8,6,False,6,0.4996666666666667,3,0.3903333333333335,1,0.11,0,0.0,2,0.0,9,0 days 00:54:36.300000
3,5,5,True,5,0.7,6,0.28,1,0.02,0,0.0,3,0.0,1,0 days 00:54:14.900000
3,6,0,False,0,0.96,1,0.04,2,0.0,3,0.0,4,0.0,7,0 days 03:13:26.300000
3,7,0,False,0,0.68,5,0.29,2,0.02,1,0.01,3,0.0,8,0 days 00:55:00.700000
3,7,0,False,0,0.68,2,0.21,4,0.08,1,0.03,3,0.0,8,0 days 02:42:20.300000
3,7,5,False,5,0.54,1,0.36650000000000005,2,0.07350000000000001,4,0.02,3,0.0,8,0 days 03:34:44.600000
3,7,2,False,2,0.7,7,0.27,5,0.03,0,0.0,3,0.0,2,0 days 03:01:38.800000
3,2,1,False,1,0.92,6,0.07,2,0.01,0,0.0,3,0.0,3,0 days 02:14:33.500000
3,1,1,True,1,0.63,2,0.37,0,0.0,3,0.0,4,0.0,1,0 days 02:41:04.200000
3,0,2,False,2,0.7,6,0.27,1,0.02,5,0.01,3,0.0,6,0 days 04:01:38.300000
3,0,1,False,1,0.99,2,0.01,0,0.0,3,0.0,4,0.0,3,0 days 02:41:30.100000
3,0,5,False,5,0.61,0,0.27,1,0.1,4,0.02,3,0.0,2,0 days 01:47:35.400000
3,1,0,False,0,0.5028333333333334,1,0.48716666666666675,2,0.01,3,0.0,4,0.0,2,0 days 00:26:54.800000
3,2,2,True,2,0.67,1,0.31,0,0.02,3,0.0,4,0.0,1,0 days 00:27:00.300000
3,0,1,False,1,0.644,6,0.34,2,0.01,0,0.006,3,0.0,4,0 days 00:27:04.500000
3,2,1,False,1,0.48716666666666675,0,0.4628333333333333,2,0.05,3,0.0,4,0.0,3,0 days 00:26:55.100000
3,2,1,False,1,0.66,2,0.25,0,0.09,3,0.0,4,0.0,2,0 days 02:14:34.900000
3,1,2,False,2,0.95,5,0.04,0,0.01,1,0.0,3,0.0,4,0 days 01:56:16.100000
3,0,2,False,2,0.54,1,0.46,0,0.0,3,0.0,4,0.0,3,0 days 02:14:18.600000
3,2,0,False,0,0.62,1,0.31,2,0.05,6,0.02,3,0.0,3,0 days 02:15:29
3,2,4,False,4,0.64,2,0.26,7,0.07,0,0.03,3,0.0,2,0 days 02:14:40.400000
3,2,1,False,1,0.79,2,0.21,0,0.0,3,0.0,4,0.0,2,0 days 03:07:58.400000
3,1,1,True,1,0.56,0,0.27,2,0.17,3,0.0,4,0.0,1,0 days 00:27:11.700000
3,2,2,True,2,0.81,1,0.13,0,0.05,5,0.01,3,0.0,1,0 days 00:39:35.500000
3,2,1,False,1,0.6,2,0.34,0,0.06,3,0.0,4,0.0,2,0 days 02:40:58.200000
3,2,1,False,1,0.66,2,0.34,0,0.0,3,0.0,4,0.0,2,0 days 03:21:33.900000
3,2,2,True,2,0.7183333333333333,1,0.2816666666666667,0,0.0,3,0.0,4,0.0,1,0 days 00:35:06.400000
3,2,0,False,0,0.66,2,0.34,1,0.0,3,0.0,4,0.0,2,0 days 02:22:16.800000
3,2,2,True,2,1.0,0,0.0,1,0.0,3,0.0,4,0.0,1,0 days 04:01:24.300000
3,2,7,False,7,0.6,2,0.39,6,0.01,0,0.0,3,0.0,2,0 days 00:05:22
3,2,2,True,2,0.65,5,0.34,7,0.01,0,0.0,3,0.0,1,0 days 01:34:38.600000
3,6,0,False,0,0.7691666666666667,7,0.15083333333333332,2,0.08,1,0.0,3,0.0,8,0 days 00:31:44.100000
3,1,2,False,2,0.94,1,0.06,0,0.0,3,0.0,4,0.0,2,0 days 01:47:12.200000
3,2,2,True,2,0.69,1,0.29,5,0.02,0,0.0,3,0.0,1,0 days 01:20:28.500000
3,2,2,True,2,0.92,6,0.08,1,0.0,0,0.0,3,0.0,1,0 days 01:47:19.200000
3,2,2,True,2,0.99,0,0.01,1,0.0,3,0.0,4,0.0,1,0 days 01:47:23.100000
3,2,6,False,6,0.59,2,0.4,0,0.01,1,0.0,3,0.0,2,0 days 02:20:00.800000
3,2,1,False,1,0.67,3,0.21,2,0.12,0,0.0,4,0.0,3,0 days 02:14:04.800000
3,3,6,False,6,0.71,2,0.28,1,0.01,0,0.0,3,0.0,5,0 days 03:07:54.600000
3,2,2,True,2,0.79,1,0.2,0,0.01,3,0.0,4,0.0,1,0 days 03:07:47.100000
3,0,2,False,2,0.66,1,0.34,0,0.0,3,0.0,4,0.0,3,0 days 02:40:53.200000
3,2,2,True,2,0.64,0,0.23,1,0.12,5,0.01,3,0.0,1,0 days 04:28:16.200000
3,2,5,False,5,0.64,2,0.27,6,0.09,0,0.0,3,0.0,2,0 days 01:21:18
3,2,2,True,2,0.67,3,0.29,1,0.03,5,0.01,0,0.0,1,0 days 00:13:48.500000
3,2,7,False,7,0.63,4,0.26,2,0.09,1,0.02,3,0.0,3,0 days 00:10:21.400000
3,2,2,True,2,0.99,5,0.01,1,0.0,0,0.0,3,0.0,1,0 days 02:21:41.900000
3,2,2,True,2,1.0,0,0.0,1,0.0,3,0.0,4,0.0,1,0 days 03:58:21.600000
3,2,2,True,2,0.99,1,0.01,0,0.0,3,0.0,4,0.0,1,0 days 01:43:14.800000
3,2,2,True,2,0.86,0,0.13,6,0.01,1,0.0,3,0.0,1,0 days 05:11:18.300000
3,0,2,False,2,0.8021666666666668,0,0.15783333333333335,6,0.04,1,0.0,3,0.0,2,0 days 00:26:56
3,2,1,False,1,0.63,2,0.24,5,0.12,6,0.01,3,0.0,2,0 days 02:34:46.200000
3,1,2,False,2,1.0,0,0.0,1,0.0,3,0.0,4,0.0,3,0 days 04:01:26.700000
3,2,6,False,6,0.68,0,0.3,7,0.02,1,0.0,3,0.0,6,0 days 02:47:55.600000
3,2,2,True,2,0.78,1,0.2,0,0.02,3,0.0,4,0.0,1,0 days 03:07:47.900000
3,1,6,False,6,0.59,5,0.26,7,0.13,1,0.01,2,0.01,4,0 days 01:07:09.100000
3,0,0,True,0,0.71,2,0.29,1,0.0,3,0.0,4,0.0,1,0 days 03:48:55.800000
3,1,1,True,1,0.63,2,0.3,0,0.07,3,0.0,4,0.0,1,0 days 03:07:48.300000
3,1,0,False,0,0.66,4,0.19,2,0.11,1,0.04,3,0.0,4,0 days 04:14:52.800000
3,1,2,False,2,0.94,0,0.06,1,0.0,3,0.0,4,0.0,3,0 days 02:21:59.200000
3,2,5,False,5,0.71,7,0.22,1,0.06,2,0.01,3,0.0,4,0 days 01:52:25.300000
3,2,1,False,1,0.74,2,0.26,0,0.0,3,0.0,4,0.0,2,0 days 02:23:18.500000
3,0,6,False,6,0.7,2,0.24,1,0.06,0,0.0,3,0.0,4,0 days 02:41:36.200000
3,2,1,False,1,0.67,2,0.33,0,0.0,3,0.0,4,0.0,2,0 days 02:01:09.500000
3,2,2,True,2,0.69,1,0.29,5,0.02,0,0.0,3,0.0,1,0 days 01:20:28.400000
3,1,2,False,2,0.73,1,0.27,0,0.0,3,0.0,4,0.0,2,0 days 00:06:43
3,2,2,True,2,0.74,6,0.19,3,0.06,5,0.01,0,0.0,1,0 days 01:45:40.600000
3,2,0,False,0,0.61,2,0.37,6,0.01,8,0.01,3,0.0,2,0 days 01:47:41.300000
3,2,5,False,5,0.59,2,0.41,1,0.0,0,0.0,3,0.0,2,0 days 02:05:09.400000
3,2,1,False,1,0.64,7,0.35,6,0.01,0,0.0,3,0.0,6,0 days 00:56:32.100000
3,2,0,False,0,0.96,2,0.04,1,0.0,3,0.0,4,0.0,2,0 days 04:22:57.800000
3,2,2,True,2,0.81,6,0.14,1,0.03,0,0.02,3,0.0,1,0 days 02:15:36.200000
3,2,1,False,1,0.68,2,0.32,0,0.0,3,0.0,4,0.0,2,0 days 00:41:21.600000
3,2,0,False,0,0.64,2,0.23,4,0.13,1,0.0,3,0.0,2,0 days 03:12:23.100000
3,2,0,False,0,0.64,1,0.28,2,0.07,4,0.01,3,0.0,3,0 days 00:33:49.300000
3,2,2,True,2,0.9,5,0.1,1,0.0,0,0.0,3,0.0,1,0 days 02:06:08.700000
3,1,6,False,6,0.65,2,0.26,1,0.09,0,0.0,3,0.0,3,0 days 01:34:03.600000
3,1,0,False,0,0.67,2,0.25,6,0.04,4,0.03,7,0.01,6,0 days 04:04:30.800000
3,1,0,False,0,0.54,2,0.34,1,0.1,6,0.02,3,0.0,3,0 days 02:51:26.900000
3,1,1,True,1,0.72,0,0.28,2,0.0,3,0.0,4,0.0,1,0 days 03:08:59.800000
3,1,0,False,0,0.65,1,0.21,4,0.1,2,0.03,7,0.01,2,0 days 02:47:34
3,1,4,False,4,0.66,2,0.24,6,0.06,0,0.03,7,0.01,6,0 days 02:47:05.500000
3,1,1,True,1,0.7,2,0.22,0,0.08,3,0.0,4,0.0,1,0 days 02:40:39.700000
3,1,4,False,4,0.63,0,0.27,6,0.1,1,0.0,3,0.0,4,0 days 03:35:20.500000
3,0,2,False,2,0.67,3,0.29,1,0.03,5,0.01,0,0.0,5,0 days 00:13:46.100000
3,1,2,False,2,0.512095238095238,1,0.4879047619047619,0,0.0,3,0.0,4,0.0,2,0 days 00:53:40.500000
3,1,6,False,6,0.77,2,0.22,1,0.01,0,0.0,3,0.0,3,0 days 04:31:51.700000
3,0,5,False,5,0.65,2,0.23,6,0.12,0,0.0,3,0.0,4,0 days 01:21:48
3,1,2,False,2,0.74,0,0.26,1,0.0,3,0.0,4,0.0,3,0 days 02:54:21
3,1,1,True,1,0.68,5,0.25,0,0.06,2,0.01,3,0.0,1,0 days 03:47:36.900000
3,1,6,False,6,0.66,2,0.2,1,0.13,0,0.01,3,0.0,3,0 days 03:35:06.500000
3,1,0,False,0,0.65,1,0.29,2,0.06,3,0.0,4,0.0,2,0 days 02:41:06.500000
3,1,1,True,1,0.67,2,0.16,7,0.12,6,0.03,5,0.02,1,0 days 01:06:58
3,1,1,True,1,0.59,6,0.26,2,0.12,4,0.03,3,0.0,1,0 days 04:30:13.300000
3,2,2,True,2,0.98,1,0.02,0,0.0,3,0.0,4,0.0,1,0 days 02:52:39
3,2,1,False,1,0.66,0,0.32,7,0.02,2,0.0,3,0.0,4,0 days 04:05:57.600000
3,2,2,True,2,0.85,1,0.14,6,0.01,0,0.0,3,0.0,1,0 days 02:23:35.600000
3,2,1,False,1,0.644,6,0.34,2,0.01,0,0.006,3,0.0,3,0 days 00:27:04.400000
3,2,4,False,4,0.66,2,0.24,6,0.06,0,0.03,7,0.01,2,0 days 02:47:06.600000
3,2,2,True,2,0.66,0,0.24,1,0.1,3,0.0,4,0.0,1,0 days 02:26:44.200000
3,2,2,True,2,0.96,5,0.04,1,0.0,0,0.0,3,0.0,1,0 days 02:30:25.600000
3,2,2,True,2,0.99,1,0.01,0,0.0,3,0.0,4,0.0,1,0 days 03:07:42.500000
3,2,2,True,2,1.0,0,0.0,1,0.0,3,0.0,4,0.0,1,0 days 02:04:03.800000
3,2,6,False,6,0.83,1,0.1,7,0.04,4,0.03,3,0.0,6,0 days 04:01:55.800000
3,1,2,False,2,0.81,1,0.19,0,0.0,3,0.0,4,0.0,2,0 days 01:59:23.900000
3,2,1,False,1,0.74,4,0.22,5,0.04,0,0.0,3,0.0,6,0 days 01:47:34.300000
3,2,0,False,0,0.62,5,0.21,2,0.17,1,0.0,3,0.0,3,0 days 02:29:58.900000
3,2,2,True,2,0.74,1,0.24,0,0.02,3,0.0,4,0.0,1,0 days 00:37:14.200000
3,2,2,True,2,1.0,0,0.0,1,0.0,3,0.0,4,0.0,1,0 days 01:59:59.100000
3,0,6,False,6,0.6,0,0.26,7,0.12,2,0.02,3,0.0,2,0 days 01:24:57.200000
3,3,2,False,2,0.62,4,0.22,6,0.15,0,0.006666666666666666,1,0.003333333333333333,6,0 days 02:14:28.200000
3,1,2,False,2,1.0,0,0.0,1,0.0,3,0.0,4,0.0,3,0 days 00:41:52.300000
3,2,1,False,1,0.79,2,0.21,0,0.0,3,0.0,4,0.0,2,0 days 02:40:56.200000
3,0,6,False,6,0.68,1,0.25,4,0.07,0,0.0,3,0.0,4,0 days 02:41:46.600000
4,0,4,False,4,0.64,0,0.24,5,0.09,2,0.02,7,0.01,2,0 days 01:20:58.900000
4,7,6,False,6,0.64,7,0.22,1,0.1,5,0.04,3,0.0,2,0 days 00:53:57.400000
4,7,1,False,1,0.54,2,0.26,5,0.11,7,0.07,6,0.02,4,0 days 00:55:50.900000
4,0,8,False,8,0.6,4,0.3,7,0.06,0,0.04,3,0.0,4,0 days 05:01:13.300000
4,0,1,False,1,0.71,0,0.18,6,0.06,4,0.03,2,0.02,2,0 days 02:14:26.400000
4,6,1,False,1,0.7,7,0.28,0,0.02,2,0.0,3,0.0,8,0 days 04:56:29.200000
4,7,2,False,2,0.67,8,0.25,6,0.05,0,0.03,3,0.0,9,0 days 01:47:39.300000
4,1,4,False,4,0.77,1,0.2,5,0.02,7,0.01,3,0.0,2,0 days 03:34:45.700000
4,4,6,False,6,0.58,2,0.29,0,0.1,1,0.03,3,0.0,6,0 days 03:08:00.400000
4,1,2,False,2,1.0,0,0.0,1,0.0,3,0.0,4,0.0,3,0 days 03:22:48.600000
4,0,4,False,4,0.68,1,0.31,7,0.01,0,0.0,3,0.0,4,0 days 04:28:41.200000
4,1,6,False,6,0.92,0,0.08,2,0.0,1,0.0,3,0.0,4,0 days 02:43:17
4,0,2,False,2,0.65,0,0.25,6,0.06,7,0.03,1,0.01,2,0 days 01:27:27.100000
4,1,0,False,0,0.71,1,0.28,2,0.01,3,0.0,4,0.0,2,0 days 01:12:15.200000
4,0,0,True,0,0.69,2,0.3,1,0.01,3,0.0,4,0.0,1,0 days 04:20:14.800000
4,0,7,False,7,0.69,0,0.2,1,0.09,4,0.02,3,0.0,2,0 days 05:41:02.800000
4,0,1,False,1,0.7,6,0.23,2,0.06,3,0.01,0,0.0,5,0 days 03:15:02.300000
4,0,2,False,2,0.85,1,0.14,0,0.01,3,0.0,4,0.0,3,0 days 02:41:05.400000
4,5,7,False,7,0.56,0,0.24,2,0.2,1,0.0,3,0.0,7,0 days 02:19:25.100000
4,5,6,False,6,0.4650000000000001,8,0.4383333333333333,5,0.06666666666666667,1,0.03,3,0.0,3,0 days 00:53:56
4,4,2,False,2,0.62,0,0.25,4,0.1,5,0.02,6,0.01,3,0 days 01:21:24.700000
4,5,5,True,5,0.9723333333333334,6,0.017666666666666667,1,0.01,0,0.0,3,0.0,1,0 days 00:53:56.800000
4,6,6,True,6,0.62,5,0.25,2,0.05166666666666666,0,0.04833333333333334,7,0.02,1,0 days 04:01:39.300000
4,6,1,False,1,0.59,4,0.29,6,0.1,0,0.02,3,0.0,3,0 days 03:08:12.200000
4,5,6,False,6,0.68,5,0.32,0,0.0,1,0.0,3,0.0,2,0 days 00:54:01.400000
4,5,7,False,7,0.436,4,0.42400000000000004,5,0.14,0,0.0,3,0.0,3,0 days 00:54:31.800000
4,1,0,False,0,0.77,6,0.22,5,0.01,1,0.0,3,0.0,4,0 days 01:47:37.400000
4,0,6,False,6,0.6,4,0.29,0,0.11,1,0.0,3,0.0,3,0 days 06:29:28.400000
4,6,1,False,1,0.7,4,0.29,7,0.01,0,0.0,3,0.0,8,0 days 00:29:26.700000
4,6,1,False,1,0.75,6,0.25,2,0.0,0,0.0,3,0.0,2,0 days 00:32:58.400000
4,1,0,False,0,0.99,1,0.01,2,0.0,3,0.0,4,0.0,2,0 days 07:22:48.800000
4,3,5,False,5,0.58,1,0.22,2,0.17,7,0.02,0,0.01,6,0 days 02:59:13.200000
4,0,2,False,2,0.62,4,0.2,6,0.14,0,0.03,1,0.01,4,0 days 03:12:38.800000
4,1,0,False,0,0.96,1,0.04,2,0.0,3,0.0,4,0.0,2,0 days 00:26:57.600000
4,4,0,False,0,0.64,4,0.29,1,0.07,2,0.0,3,0.0,2,0 days 02:42:00.600000
4,5,2,False,2,0.68,0,0.2,5,0.07,1,0.05,3,0.0,3,0 days 01:20:53
4,7,5,False,5,0.56,8,0.2271666666666667,7,0.21283333333333332,0,0.0,3,0.0,3,0 days 00:54:18.400000
4,4,4,True,4,0.65,6,0.24,7,0.08,0,0.03,3,0.0,1,0 days 06:20:17.800000
4,7,5,False,5,0.63,2,0.23,1,0.09,6,0.04,0,0.01,8,0 days 04:29:28.700000
4,5,2,False,2,0.68,1,0.2,5,0.06,6,0.04,7,0.02,3,0 days 01:21:02.400000
4,4,2,False,2,0.47600000000000003,0,0.43400000000000005,6,0.04,4,0.03,7,0.02,4,0 days 04:02:08.600000
4,7,0,False,0,0.5758333333333333,4,0.4241666666666667,2,0.0,1,0.0,3,0.0,8,0 days 04:55:34.100000
4,7,1,False,1,0.87,0,0.08,5,0.05,2,0.0,3,0.0,8,0 days 03:17:38.600000
4,7,6,False,6,0.94,0,0.04,7,0.02,1,0.0,3,0.0,3,0 days 05:22:23.300000
4,7,1,False,1,0.98,5,0.02,2,0.0,0,0.0,3,0.0,8,0 days 00:40:33.700000
4,5,0,False,0,0.57,6,0.25,5,0.16,1,0.01,2,0.01,3,0 days 03:18:45.300000
4,7,5,False,5,0.7,1,0.27,7,0.03,0,0.0,3,0.0,3,0 days 00:54:20.200000
4,7,1,False,1,0.61,3,0.3,7,0.09,0,0.0,2,0.0,3,0 days 01:07:24.800000
4,7,2,False,2,0.89,7,0.11,1,0.0,0,0.0,3,0.0,2,0 days 00:38:25.500000
4,1,6,False,6,0.88,2,0.08,1,0.02,4,0.01,5,0.01,3,0 days 01:21:05
4,2,6,False,6,0.98,0,0.02,2,0.0,1,0.0,3,0.0,3,0 days 06:43:18.500000
4,1,0,False,0,0.64,5,0.23,4,0.13,1,0.0,3,0.0,4,0 days 01:20:57.800000
4,0,4,False,4,0.9,6,0.08,0,0.01,7,0.01,3,0.0,3,0 days 04:58:04.100000
4,1,0,False,0,0.63,7,0.25,6,0.11,1,0.01,3,0.0,4,0 days 03:35:05.200000
4,0,2,False,2,0.65,1,0.24,7,0.11,0,0.0,3,0.0,4,0 days 04:06:21.800000
4,2,0,False,0,0.69,6,0.27,7,0.04,1,0.0,3,0.0,6,0 days 05:53:55.500000
4,0,7,False,7,0.7,4,0.18,1,0.08,2,0.04,3,0.0,6,0 days 02:17:02.800000
4,0,1,False,1,0.55,4,0.36,6,0.07,0,0.02,3,0.0,4,0 days 03:35:19.800000
4,5,4,False,4,0.7,7,0.17,6,0.08,0,0.03,1,0.01,6,0 days 01:20:54.400000
4,6,7,False,7,0.75,0,0.16,4,0.07,6,0.02,3,0.0,4,0 days 04:02:19.800000
4,6,0,False,0,0.68,7,0.25,1,0.06,2,0.01,3,0.0,8,0 days 04:03:46.200000
4,5,2,False,2,1.0,0,0.0,1,0.0,3,0.0,4,0.0,6,0 days 02:05:27
4,4,0,False,0,0.6,7,0.2,2,0.12,6,0.08,3,0.0,8,0 days 04:01:53.300000
4,5,0,False,0,0.68,7,0.25,8,0.05,5,0.02,3,0.0,4,0 days 00:57:32.500000
4,6,7,False,7,0.9,1,0.09,0,0.01,2,0.0,3,0.0,8,0 days 03:09:06.900000
4,6,1,False,1,0.67,7,0.23,0,0.08,6,0.02,3,0.0,4,0 days 04:01:47.300000
4,4,7,False,7,0.59,4,0.29,6,0.1,0,0.02,3,0.0,2,0 days 04:01:50.100000
4,5,5,True,5,0.65,8,0.24,4,0.11,0,0.0,3,0.0,1,0 days 02:57:48.500000
4,6,5,False,5,0.66,6,0.34,0,0.0,1,0.0,3,0.0,2,0 days 00:53:52.500000
4,6,3,False,3,0.53,2,0.38,0,0.06,1,0.03,4,0.0,7,0 days 03:08:25.500000
4,6,7,False,7,0.64,1,0.27,6,0.04716666666666667,5,0.042833333333333334,3,0.0,3,0 days 00:54:04
4,6,1,False,1,0.62,6,0.35,7,0.03,0,0.0,3,0.0,2,0 days 01:20:45.200000
4,6,2,False,2,0.74,1,0.19,3,0.07,0,0.0,4,0.0,7,0 days 01:19:23.600000
4,5,7,False,7,0.74,1,0.19,6,0.07,0,0.0,3,0.0,7,0 days 01:07:12.500000
4,0,0,True,0,0.72,2,0.26,6,0.02,1,0.0,3,0.0,1,0 days 03:08:39.600000
4,0,2,False,2,0.63,6,0.25,1,0.06,0,0.06,3,0.0,4,0 days 02:15:32.300000
4,4,2,False,2,0.68,0,0.2,5,0.07,1,0.05,3,0.0,6,0 days 01:20:53.100000
4,4,0,False,0,0.65,1,0.29,2,0.06,3,0.0,4,0.0,5,0 days 00:27:24.700000
4,4,7,False,7,0.76,1,0.16,2,0.05,3,0.03,0,0.0,6,0 days 03:09:17.200000
4,7,2,False,2,0.9,4,0.05499999999999999,6,0.045,0,0.0,3,0.0,8,0 days 04:28:27.500000
4,6,7,False,7,0.7890476190476191,5,0.1726190476190476,8,0.03,3,0.008333333333333333,2,0.0,9,0 days 00:53:58.800000
4,4,2,False,2,0.86,1,0.07,7,0.07,0,0.0,3,0.0,6,0 days 00:10:11.900000
4,7,5,False,5,0.67,7,0.28,3,0.04,6,0.01,2,0.0,2,0 days 00:53:51.400000
4,6,6,True,6,0.63,7,0.25,4,0.07,0,0.03,5,0.02,1,0 days 01:20:54.700000
4,7,6,False,6,0.63,7,0.25,4,0.07,0,0.03,5,0.02,2,0 days 01:20:54.800000
4,7,6,False,6,0.58,1,0.22399999999999998,4,0.12,2,0.066,8,0.01,9,0 days 03:08:06.800000
4,7,0,False,0,0.69,2,0.17,1,0.11,7,0.03,3,0.0,4,0 days 03:45:32.700000
4,4,6,False,6,0.6,4,0.29,7,0.08,0,0.03,3,0.0,2,0 days 06:20:54.500000
4,0,4,False,4,0.7,6,0.16,0,0.12,1,0.02,3,0.0,3,0 days 04:03:15
4,0,2,False,2,0.64,7,0.23,1,0.11,5,0.02,3,0.0,6,0 days 04:01:41.900000
4,0,0,True,0,0.63,2,0.28,1,0.05,6,0.03,4,0.01,1,0 days 03:39:37
4,0,1,False,1,0.58,0,0.38,6,0.03,2,0.01,3,0.0,2,0 days 03:13:21.100000
4,0,1,False,1,0.9,6,0.08,2,0.02,0,0.0,3,0.0,4,0 days 00:32:49.100000
4,0,0,True,0,0.73,1,0.21,2,0.06,3,0.0,4,0.0,1,0 days 03:48:26.400000
4,0,1,False,1,0.86,3,0.11,2,0.02,0,0.01,4,0.0,4,0 days 00:27:11.100000
4,0,7,False,7,0.69,1,0.31,2,0.0,0,0.0,3,0.0,4,0 days 00:28:54.400000
4,6,6,True,6,0.69,0,0.16,1,0.09,2,0.06,3,0.0,1,0 days 04:08:15.200000
4,2,6,False,6,0.66,0,0.34,2,0.0,1,0.0,3,0.0,3,0 days 06:15:56.800000
4,5,6,False,6,0.87,8,0.07,2,0.04,4,0.01,1,0.01,7,0 days 01:22:47.100000
4,6,5,False,5,0.79,2,0.16,6,0.05,0,0.0,3,0.0,3,0 days 01:21:20.100000
4,6,1,False,1,0.59,2,0.24166666666666667,0,0.16833333333333333,3,0.0,4,0.0,7,0 days 04:01:36.600000
4,8,0,False,0,0.97,6,0.02,4,0.01,1,0.0,3,0.0,9,0 days 05:22:09.400000
4,5,6,False,6,0.6,0,0.23,5,0.13,2,0.04,3,0.0,3,0 days 01:20:41.800000
4,5,5,True,5,0.6173333333333333,6,0.34,4,0.042666666666666665,0,0.0,3,0.0,1,0 days 00:54:06
4,6,4,False,4,0.87,1,0.1,2,0.03,0,0.0,3,0.0,7,0 days 02:41:11.600000
4,6,2,False,2,0.61,5,0.26,6,0.12,0,0.01,3,0.0,3,0 days 03:37:24.200000
4,1,2,False,2,0.62,6,0.3,0,0.06,7,0.02,3,0.0,6,0 days 04:01:55.200000
4,6,1,False,1,0.66,2,0.2,0,0.1,4,0.04,3,0.0,7,0 days 03:40:00.500000
4,6,2,False,2,0.67,8,0.25,6,0.05,0,0.03,3,0.0,3,0 days 01:47:39.600000
4,4,1,False,1,0.61,0,0.285,6,0.08,7,0.02,4,0.005,5,0 days 04:56:00
4,6,0,False,0,0.62,7,0.26,6,0.12,1,0.0,3,0.0,3,0 days 00:56:15.600000
4,6,6,True,6,0.85,2,0.12,1,0.03,0,0.0,3,0.0,1,0 days 04:28:36
4,6,7,False,7,0.72,0,0.15,6,0.09,1,0.02,4,0.02,3,0 days 04:02:24.400000
4,1,1,True,1,0.69,2,0.22,0,0.09,3,0.0,4,0.0,1,0 days 00:27:11.700000
4,6,2,False,2,1.0,0,0.0,1,0.0,3,0.0,4,0.0,7,0 days 01:48:59.400000
4,1,6,False,6,0.88,2,0.05,5,0.05,1,0.02,3,0.0,4,0 days 01:21:04.700000
4,6,0,False,0,0.73,6,0.27,2,0.0,1,0.0,3,0.0,2,0 days 02:42:53.200000
4,7,6,False,6,0.4618333333333333,5,0.43816666666666676,7,0.09333333333333334,1,0.006666666666666666,3,0.0,3,0 days 00:54:03.900000
4,8,5,False,5,0.66,7,0.23,0,0.08,6,0.03,3,0.0,9,0 days 01:22:07.200000
4,8,2,False,2,0.62,4,0.26,6,0.07,1,0.03,0,0.02,9,0 days 02:41:21.300000
4,7,2,False,2,1.0,0,0.0,1,0.0,3,0.0,4,0.0,8,0 days 03:23:14.200000
4,5,0,False,0,0.74,6,0.19,4,0.07,1,0.0,3,0.0,7,0 days 02:46:13
4,7,1,False,1,0.62,4,0.23,2,0.11,7,0.04,3,0.0,4,0 days 01:03:23.500000
4,1,0,False,0,0.94,1,0.06,2,0.0,3,0.0,4,0.0,2,0 days 02:41:27.500000
4,7,4,False,4,0.59,5,0.3278333333333333,6,0.08216666666666665,0,0.0,3,0.0,8,0 days 00:54:24.500000
4,0,6,False,6,0.72,0,0.24,7,0.04,1,0.0,3,0.0,2,0 days 04:01:46
4,1,2,False,2,0.745,1,0.24,6,0.01,5,0.005,3,0.0,2,0 days 03:07:59.300000
4,1,5,False,5,0.73,0,0.21,6,0.06,1,0.0,3,0.0,4,0 days 00:54:06.600000
4,1,0,False,0,0.96,2,0.03,6,0.01,1,0.0,3,0.0,4,0 days 03:38:19.800000
4,1,0,False,0,0.66,1,0.19,5,0.07,6,0.05,4,0.03,2,0 days 03:41:36.100000
4,1,1,True,1,0.99,2,0.01,0,0.0,3,0.0,4,0.0,1,0 days 02:42:10.900000
4,1,0,False,0,0.85,2,0.1,1,0.05,3,0.0,4,0.0,3,0 days 03:08:45.200000
4,0,7,False,7,0.76,1,0.1,2,0.1,4,0.04,3,0.0,6,0 days 02:42:22.400000
4,1,6,False,6,0.65,0,0.34,2,0.01,1,0.0,3,0.0,4,0 days 01:47:38.100000
4,1,1,True,1,0.68,6,0.32,2,0.0,0,0.0,3,0.0,1,0 days 02:14:30.700000
4,0,2,False,2,0.77,0,0.23,1,0.0,3,0.0,4,0.0,2,0 days 02:19:38.600000
4,0,1,False,1,0.66,2,0.29,6,0.03,0,0.01,7,0.01,4,0 days 00:29:43.800000
4,1,2,False,2,0.56,7,0.22,0,0.18,6,0.03,5,0.01,6,0 days 00:55:05.400000
4,2,5,False,5,0.63,7,0.17,4,0.15,1,0.04,6,0.01,8,0 days 01:20:50.900000
4,2,0,False,0,0.59,6,0.31,1,0.09,8,0.01,3,0.0,8,0 days 01:22:59.500000
4,2,2,True,2,0.67,4,0.27,1,0.06,0,0.0,3,0.0,1,0 days 01:53:41.300000
4,2,7,False,7,0.6,2,0.34,1,0.06,0,0.0,3,0.0,2,0 days 01:20:35.800000
4,2,1,False,1,0.99,0,0.01,2,0.0,3,0.0,4,0.0,3,0 days 02:41:09.100000
4,2,1,False,1,0.57,2,0.37,0,0.06,3,0.0,4,0.0,2,0 days 01:56:43.300000
4,2,2,True,2,0.99,1,0.01,0,0.0,3,0.0,4,0.0,1,0 days 02:21:40.700000
4,2,0,False,0,0.59,6,0.27,4,0.13,7,0.01,3,0.0,6,0 days 04:58:14.800000
4,2,5,False,5,0.66,7,0.23,0,0.08,6,0.03,3,0.0,6,0 days 01:22:04.700000
4,2,2,True,2,1.0,0,0.0,1,0.0,3,0.0,4,0.0,1,0 days 03:21:13.200000
4,6,0,False,0,0.68,2,0.32,1,0.0,3,0.0,4,0.0,7,0 days 01:47:20.900000
4,2,0,False,0,0.66,6,0.24,4,0.08,1,0.02,3,0.0,6,0 days 05:22:11.500000
4,2,2,True,2,0.76,5,0.22,4,0.01,6,0.01,3,0.0,1,0 days 01:53:14.600000
4,2,0,False,0,0.66,2,0.28,4,0.06,1,0.0,3,0.0,2,0 days 01:48:18.600000
4,2,4,False,4,0.62,2,0.25,1,0.13,0,0.0,3,0.0,2,0 days 02:41:13.100000
4,2,2,True,2,0.91,1,0.05,0,0.04,3,0.0,4,0.0,1,0 days 02:17:59.500000
4,1,1,True,1,0.68,0,0.24,2,0.08,3,0.0,4,0.0,1,0 days 01:23:25.900000
4,2,0,False,0,0.69,2,0.29,7,0.02,1,0.0,3,0.0,2,0 days 02:14:59.600000
4,2,1,False,1,0.71,2,0.29,0,0.0,3,0.0,4,0.0,2,0 days 02:40:58.800000
4,2,4,False,4,0.69,0,0.25,1,0.06,2,0.0,3,0.0,4,0 days 03:40:35.200000
4,2,2,True,2,0.9,7,0.1,1,0.0,0,0.0,3,0.0,1,0 days 02:00:43.400000
4,2,2,True,2,0.75,3,0.18,6,0.05,5,0.02,0,0.0,1,0 days 01:44:59.900000
4,1,2,False,2,0.593,6,0.387,1,0.02,0,0.0,3,0.0,3,0 days 01:20:33.900000
4,2,0,False,0,0.67,6,0.26,2,0.07,1,0.0,3,0.0,3,0 days 02:27:34
4,2,0,False,0,0.82,6,0.13,2,0.05,1,0.0,3,0.0,3,0 days 02:27:27.600000
4,0,0,True,0,0.67,1,0.25,2,0.08,3,0.0,4,0.0,1,0 days 01:23:24.500000
4,1,0,False,0,0.71,2,0.17,5,0.08,6,0.04,3,0.0,6,0 days 03:37:34.300000
4,2,0,False,0,0.89,2,0.08,7,0.03,1,0.0,3,0.0,2,0 days 01:51:26.600000
4,0,2,False,2,0.76,1,0.24,0,0.0,3,0.0,4,0.0,3,0 days 02:14:09.700000
4,0,2,False,2,0.78,1,0.22,0,0.0,3,0.0,4,0.0,3,0 days 02:41:00.200000
4,2,0,False,0,0.71,5,0.24,2,0.044000000000000004,4,0.006,3,0.0,3,0 days 02:14:43.500000
4,2,2,True,2,0.92,7,0.07,1,0.01,0,0.0,3,0.0,1,0 days 01:20:37.700000
4,1,2,False,2,0.7805,1,0.2195,0,0.0,3,0.0,4,0.0,2,0 days 02:14:15
4,2,2,True,2,0.99,6,0.01,1,0.0,0,0.0,3,0.0,1,0 days 01:33:53.300000
4,6,0,False,0,0.59,1,0.32,2,0.08,4,0.01,3,0.0,7,0 days 01:23:32.100000
4,2,2,True,2,0.97,1,0.03,0,0.0,3,0.0,4,0.0,1,0 days 01:38:44.800000
4,2,5,False,5,0.68,2,0.31,6,0.01,0,0.0,3,0.0,2,0 days 00:16:14
4,2,2,True,2,0.62,0,0.31,6,0.06,1,0.01,3,0.0,1,0 days 02:26:59.100000
4,2,2,True,2,0.98,1,0.01,5,0.01,0,0.0,3,0.0,1,0 days 00:16:27
4,2,3,False,3,0.5,2,0.47,1,0.03,0,0.0,4,0.0,2,0 days 01:39:51.100000
4,1,2,False,2,0.6,0,0.26,1,0.14,3,0.0,4,0.0,3,0 days 01:23:22.500000
4,2,6,False,6,0.62,2,0.36,7,0.02,0,0.0,3,0.0,2,0 days 00:04:44.800000
4,2,2,True,2,0.99,7,0.01,1,0.0,0,0.0,3,0.0,1,0 days 00:37:35.100000
4,2,1,False,1,0.62,0,0.27,2,0.11,3,0.0,4,0.0,3,0 days 02:17:49.700000
4,2,2,True,2,0.92,0,0.08,1,0.0,3,0.0,4,0.0,1,0 days 00:37:19.500000
4,2,0,False,0,0.97,6,0.02,4,0.01,1,0.0,3,0.0,6,0 days 05:22:09.400000
4,2,2,True,2,0.86,0,0.1,4,0.02,1,0.01,6,0.01,1,0 days 05:11:31.700000
4,2,6,False,6,0.63,2,0.34,1,0.03,0,0.0,3,0.0,2,0 days 01:50:07.300000
4,2,0,False,0,0.69,2,0.29,7,0.02,1,0.0,3,0.0,2,0 days 02:14:59.100000
4,2,2,True,2,0.88,6,0.07,5,0.03,1,0.02,3,0.0,1,0 days 01:21:16.300000
4,0,5,False,5,0.81,6,0.19,0,0.0,1,0.0,3,0.0,3,0 days 00:54:17.500000
4,1,2,False,2,1.0,0,0.0,1,0.0,3,0.0,4,0.0,3,0 days 00:37:29.700000
4,1,1,True,1,0.7806666666666666,0,0.21933333333333338,2,0.0,3,0.0,4,0.0,1,0 days 00:26:53.400000
4,3,3,True,3,0.5,1,0.28,2,0.22,0,0.0,4,0.0,1,0 days 01:39:36.300000
4,2,0,False,0,0.76,6,0.23,2,0.01,1,0.0,3,0.0,3,0 days 03:38:45.600000
4,2,0,False,0,0.63,4,0.29,6,0.08,1,0.0,3,0.0,6,0 days 02:15:10.600000
4,1,0,False,0,0.7,2,0.25,7,0.05,1,0.0,3,0.0,4,0 days 02:13:54.900000
4,2,7,False,7,0.63,1,0.29,0,0.06,6,0.02,3,0.0,6,0 days 03:35:06
4,1,1,True,1,0.66,2,0.29,7,0.04,6,0.01,3,0.0,1,0 days 01:06:59
4,2,2,True,2,0.88,6,0.12,1,0.0,0,0.0,3,0.0,1,0 days 00:24:51.200000
4,2,1,False,1,0.62,2,0.38,0,0.0,3,0.0,4,0.0,2,0 days 00:41:48.300000
4,1,6,False,6,0.62,0,0.28,1,0.1,2,0.0,3,0.0,3,0 days 04:34:21.800000
4,0,1,False,1,0.99,0,0.01,2,0.0,3,0.0,4,0.0,2,0 days 02:41:09.300000
4,1,1,True,1,0.58,2,0.32,0,0.1,3,0.0,4,0.0,1,0 days 02:54:17.100000
4,1,0,False,0,0.73,2,0.23,1,0.04,3,0.0,4,0.0,3,0 days 04:17:13.100000
4,1,3,False,3,0.59,1,0.29,2,0.11,5,0.01,0,0.0,2,0 days 01:20:14
4,1,2,False,2,0.95,0,0.05,1,0.0,3,0.0,4,0.0,3,0 days 04:52:58
4,2,1,False,1,0.72,2,0.22,0,0.06,3,0.0,4,0.0,2,0 days 02:40:49.700000
4,1,2,False,2,0.69,7,0.19,0,0.12,1,0.0,3,0.0,4,0 days 03:29:13.800000
4,0,2,False,2,0.55,1,0.35,0,0.1,3,0.0,4,0.0,3,0 days 02:48:34.900000
4,1,2,False,2,0.95,0,0.05,1,0.0,3,0.0,4,0.0,3,0 days 04:54:51.900000
4,2,2,True,2,0.7,3,0.27,0,0.02,7,0.01,1,0.0,1,0 days 00:13:29.500000
4,2,7,False,7,0.66,2,0.34,1,0.0,0,0.0,3,0.0,2,0 days 02:31:21.300000
4,2,3,False,3,0.53,2,0.39,6,0.05,5,0.03,0,0.0,2,0 days 01:45:21.900000
4,1,0,False,0,0.89,2,0.08,7,0.03,1,0.0,3,0.0,4,0 days 01:51:25.500000
4,2,0,False,0,0.59,6,0.3,2,0.11,1,0.0,3,0.0,3,0 days 04:29:04.400000
4,2,2,True,2,0.99,7,0.01,1,0.0,0,0.0,3,0.0,1,0 days 02:30:46.900000
4,2,1,False,1,0.86,2,0.14,0,0.0,3,0.0,4,0.0,2,0 days 02:26:03.300000
4,2,2,True,2,0.67,5,0.19,6,0.11,0,0.03,3,0.0,1,0 days 01:53:03.800000
4,1,2,False,2,0.86,6,0.13,1,0.01,0,0.0,3,0.0,3,0 days 00:41:18.400000
4,2,2,True,2,0.71,1,0.27,5,0.02,0,0.0,3,0.0,1,0 days 01:42:18.100000
4,2,2,True,2,0.74,4,0.2,0,0.05,6,0.01,3,0.0,1,0 days 03:35:47.600000
4,2,1,False,1,0.88,0,0.07,2,0.05,3,0.0,4,0.0,3,0 days 04:28:09.600000
4,1,1,True,1,0.65,0,0.2,4,0.12,7,0.02,2,0.01,1,0 days 02:47:35.300000
4,2,6,False,6,0.61,2,0.28,1,0.11,0,0.0,3,0.0,2,0 days 00:40:58.800000
4,2,5,False,5,0.58,1,0.22,2,0.17,7,0.02,0,0.01,3,0 days 02:59:09
4,1,1,True,1,0.63,3,0.27,7,0.05,5,0.03,2,0.02,1,0 days 01:55:38.200000
4,2,6,False,6,0.61,2,0.3,1,0.09,0,0.0,3,0.0,2,0 days 00:41:00
4,2,4,False,4,0.4292142857142857,2,0.40078571428571425,6,0.16,7,0.01,3,0.0,2,0 days 04:41:32.900000
4,2,0,False,0,0.68,2,0.32,1,0.0,3,0.0,4,0.0,2,0 days 01:47:21.300000
5,0,1,False,1,0.65,6,0.22,4,0.05,2,0.05,0,0.03,5,0 days 03:12:57.700000
5,3,6,False,6,0.59,2,0.37,0,0.03,1,0.01,3,0.0,5,0 days 03:08:25.500000
5,5,5,True,5,0.6,7,0.22800000000000004,8,0.172,0,0.0,3,0.0,1,0 days 00:54:19.300000
5,5,6,False,6,0.68,2,0.32,1,0.0,0,0.0,3,0.0,7,0 days 03:06:07
5,7,5,False,5,0.64,2,0.27,6,0.06,1,0.03,3,0.0,8,0 days 01:18:03.100000
5,7,7,True,7,0.5135000000000001,0,0.46649999999999997,5,0.01,1,0.01,3,0.0,1,0 days 00:57:45.500000
5,7,0,False,0,0.65,1,0.28,4,0.06,6,0.01,3,0.0,8,0 days 00:29:00.900000
5,7,7,True,7,0.72,2,0.22,6,0.04,5,0.02,3,0.0,1,0 days 01:20:44
5,1,3,False,3,0.3365050505050505,8,0.31950974025974016,6,0.2639852092352093,1,0.04,0,0.04,4,0 days 00:54:36.100000
5,1,1,True,1,0.64,2,0.24,7,0.06,0,0.05,4,0.01,1,0 days 02:16:35.100000
5,1,7,False,7,0.52,1,0.34,5,0.13,0,0.01,3,0.0,2,0 days 01:10:04.700000
5,0,2,False,2,0.63,0,0.26,6,0.11,1,0.0,3,0.0,2,0 days 01:25:12.200000
5,1,2,False,2,0.97,4,0.02,1,0.01,0,0.0,3,0.0,3,0 days 02:41:13.400000
5,0,0,True,0,0.68,7,0.26,6,0.06,1,0.0,3,0.0,1,0 days 04:36:50.400000
5,0,7,False,7,0.65,1,0.24,2,0.1,0,0.01,3,0.0,4,0 days 08:48:52.100000
5,0,7,False,7,0.65,1,0.24,2,0.1,0,0.01,3,0.0,4,0 days 08:57:03.500000
5,1,5,False,5,0.64,6,0.36,0,0.0,1,0.0,3,0.0,4,0 days 00:54:13.500000
5,0,7,False,7,0.65,1,0.24,2,0.1,0,0.01,3,0.0,4,0 days 08:56:49.300000
5,0,1,False,1,0.86,4,0.14,2,0.0,0,0.0,3,0.0,4,0 days 03:08:10.400000
5,0,0,True,0,0.63,2,0.2,6,0.13,1,0.03,7,0.01,1,0 days 04:07:56.800000
5,1,2,False,2,0.64,7,0.34,5,0.02,0,0.0,3,0.0,6,0 days 01:20:43.700000
5,6,4,False,4,0.69,0,0.23,7,0.08,1,0.0,3,0.0,8,0 days 04:02:07.100000
5,6,4,False,4,0.67,0,0.29,7,0.04,1,0.0,3,0.0,8,0 days 02:47:45.400000
5,5,6,False,6,0.46483333333333343,7,0.41516666666666674,5,0.12,0,0.0,3,0.0,3,0 days 00:53:57.100000
5,5,6,False,6,0.69,0,0.28,4,0.02,2,0.01,3,0.0,7,0 days 01:21:28
5,5,5,True,5,0.66,7,0.22,6,0.09,1,0.03,3,0.0,1,0 days 01:00:43.600000
5,6,5,False,5,0.74,6,0.25,4,0.01,0,0.0,3,0.0,2,0 days 00:54:11.300000
5,6,0,False,0,0.74,6,0.26,2,0.0,1,0.0,3,0.0,2,0 days 02:41:23.700000
5,6,6,True,6,0.7,2,0.29,4,0.01,0,0.0,3,0.0,1,0 days 04:28:36.500000
5,1,0,False,0,0.5275,1,0.45250000000000007,2,0.02,3,0.0,4,0.0,2,0 days 03:08:22.200000
5,6,6,True,6,0.59,5,0.31,2,0.04,4,0.03,7,0.03,1,0 days 01:20:49.800000
5,4,4,True,4,0.6,2,0.25,0,0.11,6,0.04,3,0.0,1,0 days 01:21:25.800000
5,6,0,False,0,0.71,2,0.26,1,0.03,3,0.0,4,0.0,7,0 days 01:27:37.900000
5,1,2,False,2,0.93,5,0.07,1,0.0,0,0.0,3,0.0,3,0 days 02:35:06
5,1,6,False,6,0.76,2,0.11,4,0.11,5,0.01,7,0.01,8,0 days 00:54:45.200000
5,1,7,False,7,0.87,6,0.13,0,0.0,1,0.0,3,0.0,4,0 days 00:56:56.200000
5,7,2,False,2,0.97,3,0.02,0,0.01,1,0.0,4,0.0,8,0 days 00:12:38.300000
5,4,1,False,1,0.87,7,0.13,2,0.0,0,0.0,3,0.0,6,0 days 02:42:15.800000
5,6,5,False,5,0.79,1,0.2,0,0.01,2,0.0,3,0.0,7,0 days 00:54:16.200000
5,6,2,False,2,0.64,6,0.31,0,0.05,1,0.0,3,0.0,2,0 days 02:27:52.400000
5,7,0,False,0,0.91,2,0.06,6,0.03,1,0.0,3,0.0,8,0 days 06:02:20.900000
5,4,0,False,0,0.89,7,0.07,4,0.04,1,0.0,3,0.0,3,0 days 04:55:31.700000
5,4,1,False,1,0.6,2,0.39,0,0.01,3,0.0,4,0.0,5,0 days 00:34:12.600000
5,5,2,False,2,0.65,7,0.18,4,0.13,6,0.03,1,0.01,8,0 days 01:20:50.800000
5,7,7,True,7,0.67,0,0.17,2,0.09,6,0.07,3,0.0,1,0 days 01:21:35.600000
5,1,6,False,6,0.61,7,0.35,0,0.02,1,0.02,3,0.0,4,0 days 04:56:47.400000
5,7,0,False,0,0.63,7,0.18,4,0.12,6,0.07,3,0.0,2,0 days 05:23:22.200000
5,7,1,False,1,0.63,2,0.23,0,0.12,4,0.01,6,0.01,8,0 days 03:44:05.400000
5,7,0,False,0,0.89,6,0.09,7,0.01,1,0.01,3,0.0,3,0 days 05:30:54.100000
5,7,0,False,0,0.71,2,0.26,1,0.03,3,0.0,4,0.0,8,0 days 01:27:42
5,7,0,False,0,0.91,2,0.06,6,0.03,1,0.0,3,0.0,8,0 days 05:57:33.100000
5,1,2,False,2,0.65,1,0.3,6,0.05,0,0.0,3,0.0,2,0 days 03:23:51.700000
5,1,7,False,7,0.4776666666666666,6,0.4656666666666668,5,0.056666666666666664,0,0.0,3,0.0,7,0 days 00:54:04.100000
5,0,0,True,0,0.75,1,0.21,4,0.04,2,0.0,3,0.0,1,0 days 03:35:09.600000
5,4,6,False,6,0.57,0,0.25,1,0.18,2,0.0,3,0.0,6,0 days 03:08:13.300000
5,0,1,False,1,0.84,4,0.11,2,0.04,7,0.01,3,0.0,6,0 days 02:47:33.900000
5,0,6,False,6,0.68,1,0.3,7,0.01,0,0.01,3,0.0,4,0 days 02:42:37.100000
5,0,2,False,2,0.97,0,0.02,7,0.01,1,0.0,3,0.0,2,0 days 02:14:59
5,0,4,False,4,0.65,0,0.35,2,0.0,1,0.0,3,0.0,2,0 days 03:35:12.100000
5,0,0,True,0,0.94,1,0.04,2,0.02,3,0.0,4,0.0,1,0 days 03:48:43.900000
5,6,0,False,0,0.63,1,0.21,4,0.15,6,0.01,3,0.0,4,0 days 03:35:18.800000
5,6,5,False,5,0.85,6,0.15,0,0.0,1,0.0,3,0.0,2,0 days 00:54:40.300000
5,5,6,False,6,0.64,2,0.17,0,0.15,7,0.04,3,0.0,7,0 days 01:21:30.700000
5,6,5,False,5,0.8825,1,0.0975,4,0.01,0,0.01,3,0.0,7,0 days 00:54:06.200000
5,5,6,False,6,0.59,2,0.24,7,0.09,5,0.05,4,0.03,4,0 days 01:20:50.100000
5,6,6,True,6,0.68,1,0.24,2,0.07,4,0.01,3,0.0,1,0 days 04:30:26.300000
5,4,0,False,0,0.62,1,0.25,6,0.11166666666666666,7,0.018333333333333333,3,0.0,8,0 days 00:53:47.200000
5,4,2,False,2,0.87,0,0.07,6,0.06,1,0.0,3,0.0,6,0 days 01:48:21.600000
5,6,2,False,2,0.6,6,0.22,1,0.12,4,0.03,7,0.03,2,0 days 04:01:55.900000
5,6,5,False,5,0.78,1,0.2,0,0.02,2,0.0,3,0.0,7,0 days 00:54:16.400000
5,6,6,True,6,0.69,1,0.28,4,0.02,2,0.01,3,0.0,1,0 days 01:21:11.100000
5,6,6,True,6,0.69,2,0.3,0,0.01,1,0.0,3,0.0,1,0 days 05:15:03.600000
5,4,1,False,1,0.77,8,0.2,6,0.02,0,0.01,3,0.0,6,0 days 03:35:03.500000
5,0,1,False,1,0.68,6,0.22,0,0.06,7,0.04,3,0.0,3,0 days 01:47:38.500000
5,5,5,True,5,0.71,8,0.22,4,0.07,0,0.0,3,0.0,1,0 days 02:57:47.200000
5,5,7,False,7,0.62,6,0.23,0,0.09,8,0.06,3,0.0,7,0 days 00:57:19.500000
5,0,0,True,0,0.65,7,0.35,2,0.0,1,0.0,3,0.0,1,0 days 05:28:42.400000
5,1,2,False,2,0.99,7,0.01,1,0.0,0,0.0,3,0.0,3,0 days 00:11:29
5,6,6,True,6,0.63,4,0.23,7,0.13,0,0.01,3,0.0,1,0 days 00:54:34.500000
5,6,2,False,2,0.64,6,0.28,0,0.08,1,0.0,3,0.0,2,0 days 02:15:07.900000
5,4,3,False,3,0.63,1,0.2,7,0.11,6,0.035,0,0.02,8,0 days 01:48:05.600000
5,0,7,False,7,0.69,1,0.2,3,0.08,2,0.015,0,0.01,5,0 days 01:48:03.600000
5,1,6,False,6,0.57,1,0.36,0,0.04,4,0.03,3,0.0,2,0 days 03:08:11.800000
5,4,7,False,7,0.71,6,0.27,0,0.02,1,0.0,3,0.0,8,0 days 05:22:35.400000
5,5,6,False,6,0.96,5,0.025,1,0.015,0,0.0,3,0.0,2,0 days 00:53:52.600000
5,4,4,True,4,0.71,0,0.21,7,0.08,1,0.0,3,0.0,1,0 days 04:02:04.800000
5,7,1,False,1,0.89,7,0.11,2,0.0,0,0.0,3,0.0,2,0 days 00:59:04.300000
5,4,7,False,7,0.62,0,0.25,1,0.12,2,0.01,3,0.0,6,0 days 05:48:59.800000
5,7,2,False,2,0.98,1,0.02,0,0.0,3,0.0,4,0.0,8,0 days 04:28:24.400000
5,5,5,True,5,0.6768095238095237,1,0.26319047619047614,6,0.06,0,0.0,3,0.0,1,0 days 00:53:52.800000
5,4,4,True,4,0.66,6,0.2,7,0.1,1,0.04,3,0.0,1,0 days 03:34:52.800000
5,7,7,True,7,0.74,6,0.22,1,0.02,0,0.01,4,0.01,1,0 days 04:57:00.400000
5,7,0,False,0,0.67,4,0.28,6,0.03,2,0.02,3,0.0,8,0 days 03:35:38.300000
5,7,7,True,7,0.7,1,0.2,2,0.1,0,0.0,3,0.0,1,0 days 00:56:26.400000
5,7,2,False,2,0.71,6,0.25,0,0.04,1,0.0,3,0.0,8,0 days 04:12:21.100000
5,7,7,True,7,0.7,0,0.22,6,0.07,1,0.01,3,0.0,1,0 days 01:24:40.400000
5,0,0,True,0,0.76,7,0.15,1,0.06,5,0.03,3,0.0,1,0 days 04:31:18.800000
5,0,0,True,0,0.68,2,0.25,1,0.07,3,0.0,4,0.0,1,0 days 03:39:33.700000
5,0,6,False,6,0.54,0,0.41,1,0.05,2,0.0,3,0.0,2,0 days 03:13:24.800000
5,0,2,False,2,0.71,6,0.25,0,0.04,1,0.0,3,0.0,3,0 days 04:12:11.100000
5,1,5,False,5,0.69,1,0.29,6,0.02,0,0.0,3,0.0,2,0 days 03:42:06.300000
5,1,2,False,2,0.71,0,0.24,1,0.04,4,0.01,3,0.0,3,0 days 02:48:15.600000
5,1,0,False,0,0.64,7,0.26,2,0.04,1,0.04,5,0.02,4,0 days 03:17:20.600000
5,1,7,False,7,0.62,0,0.25,1,0.12,2,0.01,3,0.0,3,0 days 05:48:55.200000
5,1,1,True,1,0.67,2,0.2,4,0.08,7,0.04,6,0.01,1,0 days 04:30:07.300000
5,8,6,False,6,0.58,5,0.4,1,0.02,0,0.0,3,0.0,9,0 days 00:53:55.900000
5,6,8,False,8,0.64,5,0.23,6,0.11,2,0.02,3,0.0,3,0 days 01:22:43.400000
5,5,5,True,5,0.5547857142857143,6,0.4427142857142857,1,0.0025,0,0.0,3,0.0,1,0 days 00:54:01.200000
5,6,6,True,6,0.53,0,0.3,2,0.12,1,0.05,3,0.0,1,0 days 03:36:07.200000
5,6,7,False,7,0.94,5,0.04,0,0.02,1,0.0,3,0.0,8,0 days 00:53:48.500000
5,5,2,False,2,0.96,0,0.02,6,0.02,1,0.0,3,0.0,7,0 days 01:48:27.500000
5,5,6,False,6,0.72,5,0.28,0,0.0,1,0.0,3,0.0,2,0 days 00:54:12.100000
5,6,2,False,2,0.6833333333333332,6,0.28,0,0.03666666666666667,1,0.0,3,0.0,2,0 days 04:29:01.400000
5,8,0,False,0,0.74,4,0.18,1,0.07,8,0.01,3,0.0,4,0 days 03:35:22.700000
5,6,1,False,1,0.83,6,0.16,0,0.01,2,0.0,3,0.0,2,0 days 00:33:07.300000
5,6,0,False,0,0.4783333333333332,1,0.36166666666666664,4,0.16,2,0.0,3,0.0,7,0 days 02:14:27
5,1,1,True,1,0.84,6,0.14,2,0.02,0,0.0,3,0.0,1,0 days 03:08:29.800000
5,6,2,False,2,0.7258333333333334,7,0.22,5,0.05416666666666666,0,0.0,3,0.0,8,0 days 01:21:01.400000
5,0,4,False,4,0.92,6,0.06,1,0.02,0,0.0,3,0.0,4,0 days 03:35:00
5,1,2,False,2,0.5113571428571428,5,0.4486428571428571,1,0.04,0,0.0,3,0.0,3,0 days 03:07:58.100000
5,6,1,False,1,0.68,2,0.32,0,0.0,3,0.0,4,0.0,7,0 days 01:34:03
5,0,2,False,2,0.84,0,0.07,6,0.06,1,0.01,3,0.01,2,0 days 01:48:17.900000
5,0,1,False,1,0.63,2,0.24,0,0.09,6,0.03,5,0.01,3,0 days 02:15:29.800000
5,8,2,False,2,0.62,7,0.24,6,0.13,0,0.01,3,0.0,9,0 days 02:41:25
5,6,1,False,1,0.6,2,0.39,5,0.01,0,0.0,3,0.0,7,0 days 02:36:02.600000
5,0,1,False,1,0.57,6,0.39,4,0.04,0,0.0,3,0.0,4,0 days 05:22:14.900000
5,2,1,False,1,0.63,7,0.24,5,0.13,0,0.0,3,0.0,6,0 days 03:34:43.700000
5,5,7,False,7,0.67,5,0.20800000000000002,4,0.1,6,0.022000000000000002,3,0.0,2,0 days 00:54:24.900000
5,6,6,True,6,0.66,4,0.3,0,0.04,1,0.0,3,0.0,1,0 days 03:35:15.400000
5,5,7,False,7,0.83,2,0.14,1,0.03,0,0.0,3,0.0,7,0 days 00:55:44.200000
5,6,1,False,1,0.86,6,0.08,4,0.06,0,0.0,3,0.0,2,0 days 03:08:10.900000
5,7,7,True,7,0.68,0,0.18,2,0.12,1,0.02,3,0.0,1,0 days 04:06:50.900000
5,7,3,False,3,0.63,2,0.25,0,0.12,1,0.0,4,0.0,8,0 days 03:50:47
5,1,6,False,6,0.68,2,0.25,0,0.07,1,0.0,3,0.0,4,0 days 04:01:36.800000
5,1,6,False,6,0.64,5,0.24,0,0.09333333333333334,1,0.026666666666666665,3,0.0,4,0 days 00:27:02.700000
5,1,6,False,6,0.74,0,0.23,7,0.02,2,0.01,3,0.0,6,0 days 03:11:23.700000
5,1,2,False,2,0.885,1,0.09,6,0.025,0,0.0,3,0.0,2,0 days 01:20:34.600000
5,2,1,False,1,0.57,0,0.28,2,0.14,6,0.01,3,0.0,3,0 days 01:35:52.700000
5,2,1,False,1,0.64,2,0.36,0,0.0,3,0.0,4,0.0,2,0 days 01:33:58.700000
5,0,0,True,0,0.66,1,0.34,2,0.0,3,0.0,4,0.0,1,0 days 01:23:24.100000
5,2,1,False,1,0.59,2,0.38,4,0.03,0,0.0,3,0.0,2,0 days 01:54:06.800000
5,1,1,True,1,0.76,7,0.22,0,0.02,2,0.0,3,0.0,1,0 days 00:28:04.200000
5,2,2,True,2,0.9,0,0.05,3,0.05,1,0.0,4,0.0,1,0 days 02:28:56.400000
5,2,2,True,2,0.98,1,0.02,0,0.0,3,0.0,4,0.0,1,0 days 04:28:24.700000
5,2,2,True,2,1.0,0,0.0,1,0.0,3,0.0,4,0.0,1,0 days 03:21:16.700000
5,2,7,False,7,0.55,1,0.4,0,0.05,2,0.0,3,0.0,4,0 days 02:42:18
5,1,2,False,2,0.9016666666666666,1,0.09833333333333333,0,0.0,3,0.0,4,0.0,2,0 days 02:14:13.700000
5,1,1,True,1,0.64,2,0.34,0,0.02,3,0.0,4,0.0,1,0 days 02:54:17.300000
5,2,2,True,2,0.91,1,0.09,0,0.0,3,0.0,4,0.0,1,0 days 01:20:27.100000
5,2,1,False,1,0.7283333333333334,2,0.27166666666666667,0,0.0,3,0.0,4,0.0,2,0 days 02:14:13.100000
5,2,2,True,2,0.68,6,0.31,0,0.01,1,0.0,3,0.0,1,0 days 02:27:57.100000
5,2,1,False,1,0.63,5,0.25,0,0.1,2,0.02,3,0.0,4,0 days 02:21:12.200000
5,2,1,False,1,0.65,6,0.27,3,0.07,2,0.01,0,0.0,4,0 days 03:07:53.800000
5,2,2,True,2,0.94,7,0.05,1,0.01,0,0.0,3,0.0,1,0 days 03:23:02.800000
5,0,2,False,2,0.65,0,0.24,1,0.11,3,0.0,4,0.0,2,0 days 02:48:24.400000
5,2,2,True,2,0.5250238095238093,4,0.4149761904761906,0,0.04,7,0.02,3,0.0,1,0 days 02:14:41
5,1,1,True,1,0.91,2,0.05,0,0.04,3,0.0,4,0.0,1,0 days 00:32:35.300000
5,2,1,False,1,0.63,2,0.37,0,0.0,3,0.0,4,0.0,2,0 days 02:17:30.900000
5,2,3,False,3,0.7,1,0.18,2,0.12,0,0.0,4,0.0,3,0 days 01:58:21.300000
5,1,2,False,2,0.89,0,0.1,1,0.01,3,0.0,4,0.0,3,0 days 02:40:55.400000
5,0,7,False,7,0.7,0,0.23,6,0.07,1,0.0,3,0.0,2,0 days 01:24:50.600000
5,2,2,True,2,0.74,1,0.26,0,0.0,3,0.0,4,0.0,1,0 days 03:34:34.600000
5,2,0,False,0,0.61,7,0.31,1,0.08,2,0.0,3,0.0,4,0 days 00:53:47.900000
5,2,0,False,0,0.66,2,0.3,7,0.04,1,0.0,3,0.0,2,0 days 02:14:36.500000
5,1,5,False,5,0.5148333333333333,2,0.48516666666666675,1,0.0,0,0.0,3,0.0,3,0 days 01:21:02.300000
5,2,1,False,1,0.65,0,0.18466666666666667,7,0.1653333333333333,2,0.0,3,0.0,4,0 days 00:53:43
5,0,2,False,2,0.92,1,0.08,0,0.0,3,0.0,4,0.0,3,0 days 02:22:07
5,2,2,True,2,0.79,1,0.21,0,0.0,3,0.0,4,0.0,1,0 days 01:47:17.200000
5,2,1,False,1,0.57,2,0.43,0,0.0,3,0.0,4,0.0,2,0 days 04:01:27.700000
5,2,2,True,2,0.83,1,0.17,0,0.0,3,0.0,4,0.0,1,0 days 04:01:23.300000
5,2,2,True,2,0.92,1,0.08,0,0.0,3,0.0,4,0.0,1,0 days 00:18:33.800000
5,2,2,True,2,0.75,7,0.24,1,0.01,0,0.0,3,0.0,1,0 days 00:38:01.100000
5,2,7,False,7,0.63,1,0.33,5,0.03,0,0.01,3,0.0,6,0 days 01:09:43.100000
5,2,2,True,2,0.9,6,0.08,0,0.02,1,0.0,3,0.0,1,0 days 01:47:19.400000
5,2,2,True,2,0.67,7,0.19,5,0.11,0,0.03,3,0.0,1,0 days 02:33:26.200000
5,2,1,False,1,0.71,2,0.27,4,0.02,0,0.0,3,0.0,2,0 days 01:23:40.500000
5,2,1,False,1,0.92,6,0.04,0,0.03,7,0.01,3,0.0,6,0 days 02:42:30.700000
5,2,1,False,1,0.93,2,0.06,7,0.01,0,0.0,3,0.0,2,0 days 00:06:43.300000
5,2,5,False,5,0.63,0,0.2,6,0.11,1,0.05,2,0.01,5,0 days 01:47:32.700000
5,2,6,False,6,0.63,1,0.28,4,0.08,2,0.01,3,0.0,4,0 days 01:21:09.900000
5,0,2,False,2,0.74,6,0.2,7,0.06,0,0.0,3,0.0,4,0 days 02:15:06
5,2,3,False,3,0.67,2,0.3,1,0.03,0,0.0,4,0.0,2,0 days 01:20:22.900000
5,2,2,True,2,0.89,1,0.11,0,0.0,3,0.0,4,0.0,1,0 days 02:21:46.900000
5,1,2,False,2,0.79,1,0.16,0,0.05,3,0.0,4,0.0,2,0 days 02:26:05.300000
5,1,0,False,0,0.6,7,0.28,1,0.08,4,0.02,6,0.02,3,0 days 04:28:51.700000
5,0,2,False,2,1.0,0,0.0,1,0.0,3,0.0,4,0.0,2,0 days 02:18:25
5,2,2,True,2,1.0,0,0.0,1,0.0,3,0.0,4,0.0,1,0 days 02:04:50
5,2,1,False,1,0.53,2,0.47,0,0.0,3,0.0,4,0.0,2,0 days 02:25:59.400000
5,2,2,True,2,0.95,0,0.05,1,0.0,3,0.0,4,0.0,1,0 days 03:26:44.500000
5,0,2,False,2,0.73,1,0.22,0,0.03,7,0.02,3,0.0,3,0 days 03:28:51.700000
5,2,0,False,0,0.96,5,0.02,6,0.02,1,0.0,3,0.0,6,0 days 02:45:48.200000
5,2,7,False,7,0.61,0,0.27,1,0.08,4,0.03,6,0.01,6,0 days 04:28:48.700000
5,2,1,False,1,0.87,2,0.13,0,0.0,3,0.0,4,0.0,2,0 days 03:34:33.500000
5,2,2,True,2,0.92,1,0.06,7,0.02,0,0.0,3,0.0,1,0 days 00:37:47.200000
5,2,6,False,6,0.65,2,0.3,1,0.05,0,0.0,3,0.0,2,0 days 01:49:39.700000
5,1,6,False,6,0.72,0,0.28,2,0.0,1,0.0,3,0.0,4,0 days 02:41:22.900000
5,1,2,False,2,0.84,1,0.16,0,0.0,3,0.0,4,0.0,2,0 days 02:14:21.500000
5,1,0,False,0,0.8,1,0.19,4,0.01,2,0.0,3,0.0,2,0 days 07:08:47.500000
5,1,1,True,1,0.77,0,0.23,2,0.0,3,0.0,4,0.0,1,0 days 02:41:29.200000
5,0,1,False,1,0.77,0,0.23,2,0.0,3,0.0,4,0.0,2,0 days 00:53:27.700000
5,0,0,True,0,0.78,1,0.21,4,0.01,2,0.0,3,0.0,1,0 days 07:13:05.400000
5,0,1,False,1,0.63,2,0.37,0,0.0,3,0.0,4,0.0,3,0 days 04:28:13.300000
5,2,0,False,0,0.71,1,0.18,2,0.11,3,0.0,4,0.0,3,0 days 02:14:09.700000
5,2,0,False,0,0.63,4,0.29,7,0.08,1,0.0,3,0.0,6,0 days 04:02:08.900000
5,2,1,False,1,0.93,2,0.07,0,0.0,3,0.0,4,0.0,2,0 days 00:53:41
5,1,1,True,1,0.7575,0,0.2325,2,0.01,3,0.0,4,0.0,1,0 days 00:26:53.300000
5,3,2,False,2,0.95,0,0.05,1,0.0,3,0.0,4,0.0,4,0 days 03:26:43
5,2,2,True,2,0.89,1,0.11,0,0.0,3,0.0,4,0.0,1,0 days 02:22:36.700000
5,2,0,False,0,0.68,1,0.21,2,0.11,3,0.0,4,0.0,3,0 days 02:40:47
5,2,0,False,0,0.63,6,0.31,1,0.05,7,0.01,3,0.0,6,0 days 04:08:02.600000
5,2,2,True,2,0.97,5,0.03,1,0.0,0,0.0,3,0.0,1,0 days 02:35:06.500000
5,2,1,False,1,0.97,2,0.03,0,0.0,3,0.0,4,0.0,2,0 days 00:35:15.900000
5,1,6,False,6,0.84,2,0.08,1,0.07,4,0.01,3,0.0,3,0 days 04:28:35
5,2,5,False,5,0.65,1,0.25,0,0.1,2,0.0,3,0.0,4,0 days 01:10:37.700000
5,1,1,True,1,0.85,2,0.09,5,0.06,0,0.0,3,0.0,1,0 days 01:15:39.800000
5,2,2,True,2,0.76,0,0.22,7,0.02,1,0.0,3,0.0,1,0 days 02:20:52.500000
5,2,0,False,0,0.61,6,0.36,7,0.02,5,0.01,3,0.0,6,0 days 03:11:13
5,2,2,True,2,0.77,1,0.23,0,0.0,3,0.0,4,0.0,1,0 days 02:39:39.300000
5,2,5,False,5,0.63,2,0.33,0,0.04,1,0.0,3,0.0,2,0 days 02:30:11.200000
5,1,2,False,2,0.95,3,0.05,1,0.0,0,0.0,4,0.0,3,0 days 02:02:38.600000
5,2,1,False,1,0.64,7,0.2,2,0.16,0,0.0,3,0.0,3,0 days 00:46:56.500000
5,2,1,False,1,0.58,0,0.4,2,0.01,6,0.01,3,0.0,3,0 days 00:26:45.500000
5,2,5,False,5,0.63,2,0.26,6,0.11,0,0.0,3,0.0,2,0 days 03:20:00.500000
5,2,2,True,2,0.82,1,0.16,6,0.02,0,0.0,3,0.0,1,0 days 04:01:29.400000
5,2,6,False,6,0.75,1,0.15,0,0.1,2,0.0,3,0.0,4,0 days 03:54:17.500000
5,3,5,False,5,0.83,6,0.11,2,0.06,0,0.0,3,0.0,5,0 days 01:32:31
5,1,2,False,2,1.0,0,0.0,1,0.0,3,0.0,4,0.0,3,0 days 02:18:29.200000
5,2,2,True,2,1.0,0,0.0,1,0.0,3,0.0,4,0.0,1,0 days 03:21:11.200000
6,6,6,True,6,0.67,5,0.33,0,0.0,1,0.0,3,0.0,1,0 days 00:55:15.800000
6,6,7,False,7,0.61,2,0.38,5,0.01,0,0.0,3,0.0,8,0 days 02:20:04.800000
6,7,1,False,1,0.73,2,0.16,7,0.1,4,0.01,3,0.0,3,0 days 01:05:22
6,4,1,False,1,0.88,7,0.12,2,0.0,0,0.0,3,0.0,6,0 days 00:44:16.400000
6,5,0,False,0,0.74,2,0.26,1,0.0,3,0.0,4,0.0,6,0 days 02:14:45.500000
6,5,5,True,5,0.7033333333333333,1,0.24,6,0.05666666666666667,0,0.0,3,0.0,1,0 days 00:53:54.600000
6,6,6,True,6,0.57,0,0.29,1,0.13,7,0.01,3,0.0,1,0 days 05:22:15.800000
6,6,1,False,1,0.75,0,0.21,7,0.03,4,0.01,3,0.0,8,0 days 04:55:21.500000
6,5,3,False,3,0.6,1,0.28,2,0.11,0,0.01,4,0.0,6,0 days 03:14:13.800000
6,5,1,False,1,0.58,6,0.31,5,0.11,0,0.0,3,0.0,3,0 days 00:54:13.200000
6,7,6,False,6,0.65,1,0.26,2,0.05,0,0.04,3,0.0,8,0 days 04:29:49.700000
6,0,6,False,6,0.64,1,0.26,7,0.06,2,0.03,0,0.01,5,0 days 04:03:50.400000
6,0,2,False,2,0.54,4,0.33,6,0.09,5,0.04,3,0.0,7,0 days 01:21:23.800000
6,0,0,True,0,0.75,2,0.24,6,0.01,1,0.0,3,0.0,1,0 days 01:25:16.400000
6,0,4,False,4,0.56,0,0.25,6,0.13,7,0.05,5,0.01,2,0 days 00:54:09
6,2,7,False,7,0.95,1,0.03,0,0.02,2,0.0,3,0.0,4,0 days 05:49:55.200000
6,0,5,False,5,0.96,1,0.02,7,0.02,0,0.0,3,0.0,4,0 days 03:18:41.500000
6,0,1,False,1,0.63,6,0.26,4,0.08,2,0.03,3,0.0,6,0 days 02:41:20.500000
6,5,2,False,2,0.59,8,0.25,6,0.11,0,0.05,3,0.0,7,0 days 01:22:04.300000
6,0,2,False,2,0.63,1,0.21,5,0.1,7,0.06,3,0.0,6,0 days 01:20:42.800000
6,5,6,False,6,0.74,5,0.26,0,0.0,1,0.0,3,0.0,2,0 days 00:54:11.300000
6,5,7,False,7,0.63,5,0.25,2,0.09,1,0.02,6,0.01,2,0 days 01:17:45.600000
6,5,6,False,6,0.67,1,0.26,5,0.06,7,0.01,3,0.0,3,0 days 00:54:28.100000
6,5,2,False,2,0.6733333333333333,1,0.29,6,0.03666666666666667,0,0.0,3,0.0,7,0 days 01:20:31.300000
6,6,1,False,1,0.67,6,0.29,2,0.03,5,0.01,3,0.0,2,0 days 01:21:12.900000
6,5,6,False,6,0.57,1,0.27,5,0.09,7,0.07,3,0.0,3,0 days 01:01:17.800000
6,1,2,False,2,0.65,5,0.2,1,0.08,6,0.07,3,0.0,3,0 days 03:10:08.200000
6,6,1,False,1,0.61,6,0.32,4,0.02692857142857143,7,0.02321428571428571,5,0.019857142857142858,2,0 days 00:54:29.500000
6,4,6,False,6,0.63,0,0.27,1,0.09,2,0.01,3,0.0,6,0 days 05:22:13.300000
6,4,0,False,0,0.64,4,0.31,6,0.0425,1,0.0075,3,0.0,2,0 days 03:34:59.900000
6,1,1,True,1,0.67,6,0.3133333333333333,3,0.016666666666666666,0,0.0,2,0.0,1,0 days 03:08:30.600000
6,1,8,False,8,0.59,4,0.22633333333333333,1,0.13366666666666668,6,0.05,3,0.0,3,0 days 03:35:03
6,6,1,False,1,0.58,6,0.245,7,0.1275,5,0.0475,3,0.0,2,0 days 00:54:04.200000
6,6,4,False,4,0.732,0,0.21,8,0.05,1,0.008,3,0.0,7,0 days 03:35:01.400000
6,6,0,False,0,0.88,6,0.09,7,0.02,1,0.01,3,0.0,2,0 days 04:01:45.900000
6,7,7,True,7,0.67,1,0.25,6,0.06,2,0.02,3,0.0,1,0 days 01:20:44
6,7,1,False,1,0.69,7,0.19,2,0.11,5,0.01,3,0.0,2,0 days 01:09:11.300000
6,7,0,False,0,0.61,6,0.27,4,0.11,7,0.01,3,0.0,4,0 days 05:22:45.400000
6,4,2,False,2,0.65,6,0.24,1,0.07,0,0.04,3,0.0,6,0 days 04:29:51.300000
6,7,0,False,0,0.585,6,0.34,2,0.03,8,0.03,5,0.015,9,0 days 01:22:00.200000
6,7,4,False,4,0.57,6,0.39,2,0.03,0,0.01,3,0.0,8,0 days 04:01:56.700000
6,7,6,False,6,0.7,4,0.2,7,0.08,0,0.02,3,0.0,3,0 days 05:24:47.400000
6,7,5,False,5,0.64,0,0.32,2,0.04,1,0.0,3,0.0,8,0 days 02:19:19
6,7,1,False,1,0.59,0,0.23,2,0.18,3,0.0,4,0.0,8,0 days 08:30:18.900000
6,0,0,True,0,0.76,7,0.17,1,0.07,2,0.0,3,0.0,1,0 days 05:31:39.900000
6,0,7,False,7,0.62,2,0.27,0,0.11,1,0.0,3,0.0,3,0 days 05:27:52.600000
6,1,5,False,5,0.64,7,0.32,3,0.04,0,0.0,2,0.0,6,0 days 01:07:30.600000
6,1,1,True,1,0.59,7,0.32,3,0.09,0,0.0,2,0.0,1,0 days 01:07:22.700000
6,0,4,False,4,0.4887142857142858,0,0.42128571428571426,7,0.08,1,0.01,3,0.0,2,0 days 04:55:29.900000
6,0,1,False,1,0.9,6,0.06,0,0.03,4,0.01,3,0.0,3,0 days 04:55:20.400000
6,0,7,False,7,0.67,1,0.21,0,0.11,2,0.01,3,0.0,3,0 days 02:47:23.600000
6,0,0,True,0,0.64,1,0.36,2,0.0,3,0.0,4,0.0,1,0 days 03:08:56.800000
6,0,5,False,5,0.75,6,0.25,0,0.0,1,0.0,3,0.0,3,0 days 00:55:16.200000
6,0,5,False,5,0.5096666666666667,1,0.3803333333333333,6,0.09,7,0.02,3,0.0,7,0 days 00:54:06.900000
6,6,6,True,6,0.57,7,0.38,5,0.04,4,0.01,3,0.0,1,0 days 00:54:33.800000
6,5,7,False,7,0.83,6,0.15,1,0.01,5,0.01,3,0.0,4,0 days 00:53:58.500000
6,6,7,False,7,0.76,6,0.18,0,0.06,1,0.0,3,0.0,2,0 days 00:56:06.200000
6,4,6,False,6,0.85,2,0.09,7,0.03,0,0.03,3,0.0,8,0 days 04:28:29.300000
6,5,5,True,5,0.6908333333333334,6,0.25,4,0.05916666666666666,0,0.0,3,0.0,1,0 days 00:54:06
6,6,6,True,6,0.7903333333333334,1,0.15966666666666668,5,0.05,0,0.0,3,0.0,1,0 days 00:54:00.600000
6,6,0,False,0,0.97,2,0.01,6,0.01,7,0.01,3,0.0,3,0 days 06:16:08.700000
6,4,2,False,2,0.84,1,0.12,8,0.03,7,0.01,3,0.0,6,0 days 03:36:44.700000
6,6,6,True,6,0.497047619047619,5,0.4929523809523809,0,0.01,1,0.0,3,0.0,1,0 days 00:53:54.800000
6,6,0,False,0,0.7,2,0.29,7,0.01,1,0.0,3,0.0,8,0 days 04:11:19.900000
6,1,2,False,2,0.7,7,0.23,5,0.04,1,0.03,3,0.0,4,0 days 04:29:33.100000
6,1,0,False,0,0.68,2,0.24,1,0.07,4,0.01,3,0.0,3,0 days 00:27:19.100000
6,6,2,False,2,0.96,1,0.04,0,0.0,3,0.0,4,0.0,7,0 days 01:49:42
6,4,4,True,4,0.6,2,0.28,0,0.07,6,0.05,3,0.0,1,0 days 02:15:12.100000
6,0,2,False,2,0.85,7,0.12,1,0.03,0,0.0,3,0.0,4,0 days 02:14:36.800000
6,4,2,False,2,0.85,1,0.13,6,0.02,0,0.0,3,0.0,6,0 days 02:41:12.900000
6,4,6,False,6,0.64,1,0.25,2,0.1,0,0.01,3,0.0,6,0 days 02:41:11.500000
6,6,6,True,6,0.64,1,0.36,2,0.0,0,0.0,3,0.0,1,0 days 04:30:29.900000
6,5,5,True,5,0.61,2,0.31,7,0.08,0,0.0,3,0.0,1,0 days 02:34:11.800000
6,7,6,False,6,0.85,2,0.09,0,0.05,7,0.01,3,0.0,4,0 days 04:28:30
6,7,5,False,5,0.74,6,0.23,7,0.02,2,0.01,3,0.0,3,0 days 00:53:48.900000
6,4,0,False,0,0.5028333333333334,4,0.3771666666666667,1,0.12,2,0.0,3,0.0,2,0 days 02:42:01.100000
6,7,7,True,7,0.6,2,0.27,6,0.08,0,0.05,3,0.0,1,0 days 05:27:38.900000
6,5,5,True,5,0.99,1,0.01,2,0.0,0,0.0,3,0.0,1,0 days 00:53:56.700000
6,7,6,False,6,0.62,7,0.34,0,0.04,1,0.0,3,0.0,2,0 days 04:09:44.700000
6,4,7,False,7,0.4129999999999999,6,0.3870000000000002,2,0.11,1,0.05,0,0.03,6,0 days 03:34:49.600000
6,7,7,True,7,0.58,6,0.3,0,0.09,1,0.03,3,0.0,1,0 days 04:35:51
6,7,2,False,2,0.77,1,0.23,0,0.0,3,0.0,4,0.0,8,0 days 01:20:35.500000
6,4,0,False,0,0.68,4,0.24,7,0.07,2,0.01,3,0.0,2,0 days 04:28:42.200000
6,1,4,False,4,0.63,0,0.29,7,0.07,2,0.01,3,0.0,6,0 days 04:28:40.700000
6,1,2,False,2,0.63,4,0.22,0,0.13,6,0.01,7,0.01,6,0 days 04:01:43.300000
6,1,7,False,7,0.4129999999999999,6,0.3870000000000002,2,0.11,1,0.05,0,0.03,4,0 days 03:34:49.900000
6,1,1,True,1,0.73,7,0.18,8,0.06,6,0.02,0,0.01,1,0 days 03:34:54.500000
6,0,1,False,1,0.69,0,0.17133333333333334,4,0.13866666666666666,2,0.0,3,0.0,2,0 days 02:41:57.200000
6,1,4,False,4,0.92,0,0.05,1,0.03,2,0.0,3,0.0,3,0 days 03:08:09.600000
6,0,2,False,2,0.67,1,0.33,0,0.0,3,0.0,4,0.0,3,0 days 02:17:44.300000
6,0,7,False,7,0.62,6,0.24,2,0.06,1,0.05,0,0.03,5,0 days 00:29:55.600000
6,1,1,True,1,0.77,0,0.22,2,0.01,3,0.0,4,0.0,1,0 days 02:41:29.500000
6,0,1,False,1,0.67,6,0.26,2,0.06,5,0.01,3,0.0,6,0 days 03:37:34.600000
6,1,2,False,2,0.5453809523809524,1,0.4546190476190477,0,0.0,3,0.0,4,0.0,2,0 days 00:35:13.400000
6,0,5,False,5,0.64,1,0.22,4,0.13,0,0.01,3,0.0,4,0 days 01:20:57.400000
6,6,5,False,5,0.96,1,0.02,2,0.02,0,0.0,3,0.0,7,0 days 03:18:59.100000
6,8,7,False,7,0.75,5,0.25,0,0.0,1,0.0,3,0.0,9,0 days 00:54:19.100000
6,5,1,False,1,0.58,6,0.245,7,0.1275,5,0.0475,3,0.0,4,0 days 00:54:04.200000
6,6,0,False,0,0.69,1,0.22,6,0.09,2,0.0,3,0.0,3,0 days 04:32:09.400000
6,6,0,False,0,0.61,3,0.25,1,0.07,4,0.07,2,0.0,7,0 days 02:41:18.900000
6,6,0,False,0,0.64,2,0.28,1,0.08,3,0.0,4,0.0,7,0 days 03:38:52.400000
6,6,0,False,0,0.68,1,0.14,4,0.13,7,0.03766666666666667,6,0.012333333333333333,5,0 days 00:53:46.800000
6,0,1,False,1,0.96,4,0.03,8,0.01,2,0.0,3,0.0,8,0 days 03:08:04.200000
6,6,2,False,2,0.63,7,0.34,0,0.02,1,0.01,3,0.0,8,0 days 05:51:56.400000
6,6,5,False,5,0.77,1,0.23,2,0.0,0,0.0,3,0.0,7,0 days 00:53:56.400000
6,8,6,False,6,0.67,2,0.22,5,0.11,0,0.0,3,0.0,9,0 days 01:22:40.700000
6,6,5,False,5,0.7401666666666666,1,0.22,4,0.03983333333333333,0,0.0,3,0.0,7,0 days 00:53:54
6,8,7,False,7,0.93,6,0.06,1,0.01,0,0.0,3,0.0,9,0 days 00:53:58.300000
6,6,7,False,7,0.75,6,0.24,5,0.01,0,0.0,3,0.0,2,0 days 00:57:11.200000
6,1,5,False,5,0.8,6,0.2,0,0.0,1,0.0,3,0.0,4,0 days 00:54:15.800000
6,5,2,False,2,0.63,1,0.21,7,0.12,5,0.04,3,0.0,4,0 days 01:20:43
6,6,0,False,0,0.68,6,0.29,1,0.03,2,0.0,3,0.0,2,0 days 02:43:10.200000
6,5,2,False,2,0.65,0,0.19,6,0.08166666666666667,1,0.07833333333333334,3,0.0,7,0 days 03:08:02.500000
6,5,5,True,5,0.7033333333333333,1,0.24,6,0.05666666666666667,0,0.0,3,0.0,1,0 days 00:53:54.400000
6,7,4,False,4,0.59,6,0.27,2,0.09,7,0.05,3,0.0,4,0 days 03:09:15.900000
6,6,1,False,1,0.69,0,0.3,8,0.01,2,0.0,4,0.0,7,0 days 01:47:38
6,7,4,False,4,0.59,2,0.26,0,0.08,6,0.07,3,0.0,8,0 days 04:01:43.800000
6,7,1,False,1,0.65,4,0.2,0,0.1,2,0.04,7,0.006666666666666666,5,0 days 03:34:51.600000
6,7,7,True,7,0.87,4,0.12,1,0.01,0,0.0,3,0.0,1,0 days 00:55:32.400000
6,6,2,False,2,0.66,0,0.2,1,0.07,6,0.07,3,0.0,4,0 days 02:41:37.100000
6,1,4,False,4,0.63,6,0.25,7,0.12,0,0.0,3,0.0,7,0 days 03:08:07.400000
6,1,0,False,0,0.97,6,0.03,2,0.0,1,0.0,3,0.0,4,0 days 03:13:19.700000
6,1,2,False,2,0.56,3,0.3,1,0.14,0,0.0,4,0.0,3,0 days 03:09:23.800000
6,1,4,False,4,0.84,2,0.09,1,0.07,0,0.0,3,0.0,3,0 days 01:47:33.500000
6,0,0,True,0,0.75,2,0.24,1,0.01,3,0.0,4,0.0,1,0 days 04:21:31.700000
6,1,1,True,1,0.65,2,0.31,0,0.04,3,0.0,4,0.0,1,0 days 02:14:23.600000
6,0,1,False,1,0.69,5,0.2,0,0.11,2,0.0,3,0.0,3,0 days 01:47:36.600000
6,1,0,False,0,0.96,2,0.03,1,0.01,3,0.0,4,0.0,3,0 days 01:52:46.900000
6,1,1,True,1,0.91,4,0.07,7,0.02,0,0.0,3,0.0,1,0 days 02:42:11.100000
6,0,6,False,6,0.61,5,0.27,0,0.12,1,0.0,3,0.0,3,0 days 04:30:58.200000
6,2,4,False,4,0.56,3,0.25,1,0.14,6,0.03,0,0.02,6,0 days 02:41:19.700000
6,0,1,False,1,0.7,0,0.2891666666666666,2,0.010833333333333332,3,0.0,4,0.0,2,0 days 00:26:58.200000
6,2,6,False,6,0.61,5,0.22200000000000003,0,0.14800000000000005,7,0.02,3,0.0,6,0 days 01:21:46.500000
6,2,0,False,0,0.66,1,0.27,6,0.07,2,0.0,3,0.0,4,0 days 01:23:29.100000
6,1,5,False,5,0.58,7,0.25,1,0.17,0,0.0,3,0.0,3,0 days 00:40:28.400000
6,2,2,True,2,0.91,7,0.08,0,0.01,1,0.0,3,0.0,1,0 days 02:00:46.900000
6,2,1,False,1,0.6,7,0.32,6,0.04,2,0.04,3,0.0,4,0 days 01:20:43.700000
6,2,6,False,6,0.6,8,0.27,7,0.11,0,0.01,1,0.01,8,0 days 01:47:39.600000
6,2,2,True,2,0.85,1,0.14,3,0.01,0,0.0,4,0.0,1,0 days 01:38:59.100000
6,2,0,False,0,0.65,2,0.27,1,0.08,3,0.0,4,0.0,2,0 days 02:14:16.700000
6,2,0,False,0,0.56,1,0.44,2,0.0,3,0.0,4,0.0,3,0 days 02:14:19
6,2,8,False,8,0.57,6,0.3,7,0.11,0,0.01,2,0.01,5,0 days 01:47:40
6,2,2,True,2,0.7,0,0.3,1,0.0,3,0.0,4,0.0,1,0 days 04:10:54.900000
6,2,2,True,2,0.88,1,0.1,6,0.02,0,0.0,3,0.0,1,0 days 04:01:29.900000
6,2,2,True,2,0.65,1,0.31,0,0.04,3,0.0,4,0.0,1,0 days 02:14:23.100000
6,2,0,False,0,0.64,6,0.26,1,0.08,2,0.02,3,0.0,4,0 days 02:15:33
6,0,0,True,0,0.66,6,0.17,7,0.11,4,0.06,3,0.0,1,0 days 02:47:44.700000
6,2,0,False,0,0.8691666666666668,1,0.13083333333333333,2,0.0,3,0.0,4,0.0,3,0 days 02:14:25.300000
6,2,0,False,0,0.68,2,0.32,1,0.0,3,0.0,4,0.0,2,0 days 02:18:23.300000
6,2,7,False,7,0.63,0,0.27,4,0.08,1,0.02,3,0.0,6,0 days 02:16:57.500000
6,2,2,True,2,0.87,1,0.08,6,0.05,0,0.0,3,0.0,1,0 days 02:35:32.100000
6,1,2,False,2,0.925,1,0.075,0,0.0,3,0.0,4,0.0,2,0 days 00:35:39.400000
6,2,1,False,1,0.68,2,0.32,0,0.0,3,0.0,4,0.0,2,0 days 02:17:35.300000
6,2,0,False,0,0.7,6,0.22,2,0.07,1,0.01,3,0.0,3,0 days 04:01:36.200000
6,2,2,True,2,0.62,1,0.37,0,0.01,3,0.0,4,0.0,1,0 days 02:41:04
6,2,2,True,2,0.9,6,0.09,1,0.01,0,0.0,3,0.0,1,0 days 03:21:26.400000
6,2,1,False,1,0.88,7,0.12,2,0.0,0,0.0,3,0.0,3,0 days 00:44:10.200000
6,2,2,True,2,0.8816666666666667,0,0.06833333333333334,1,0.05,3,0.0,4,0.0,1,0 days 02:14:11.400000
6,1,2,False,2,0.97,1,0.03,0,0.0,3,0.0,4,0.0,2,0 days 02:01:06.600000
6,2,2,True,2,0.89,1,0.11,0,0.0,3,0.0,4,0.0,1,0 days 01:01:57.700000
6,6,0,False,0,0.9,1,0.06666666666666667,2,0.02333333333333333,6,0.01,3,0.0,4,0 days 00:26:42.100000
6,0,0,True,0,0.68,2,0.24,1,0.07,4,0.01,3,0.0,1,0 days 00:27:19.500000
6,2,7,False,7,0.53,1,0.4,6,0.05,2,0.02,3,0.0,4,0 days 01:34:14.500000
6,0,2,False,2,0.94,6,0.06,1,0.0,0,0.0,3,0.0,4,0 days 02:27:29.800000
6,2,5,False,5,0.67,2,0.32,1,0.01,0,0.0,3,0.0,2,0 days 02:08:04.900000
6,1,1,True,1,0.91,0,0.09,2,0.0,3,0.0,4,0.0,1,0 days 00:28:32
6,0,1,False,1,0.61,6,0.32,5,0.06,4,0.0075,7,0.0025,7,0 days 00:54:28.200000
6,1,4,False,4,0.68,2,0.23,0,0.07,1,0.02,3,0.0,4,0 days 02:43:58.300000
6,2,2,True,2,0.79,1,0.21,0,0.0,3,0.0,4,0.0,1,0 days 01:59:37.200000
6,2,2,True,2,0.68,0,0.28,1,0.04,3,0.0,4,0.0,1,0 days 04:55:04.200000
6,2,0,False,0,0.67,2,0.31,7,0.02,1,0.0,3,0.0,2,0 days 02:20:54.600000
6,1,0,False,0,0.9441666666666666,6,0.04,2,0.01583333333333333,1,0.0,3,0.0,4,0 days 00:26:56.900000
6,2,1,False,1,0.85,0,0.09,2,0.06,3,0.0,4,0.0,3,0 days 02:51:40.800000
6,0,7,False,7,0.69,4,0.23,0,0.04,1,0.04,3,0.0,3,0 days 04:55:23
6,2,0,False,0,0.68,2,0.23,4,0.07,6,0.02,3,0.0,2,0 days 01:48:17.600000
6,2,6,False,6,0.47166666666666657,3,0.45833333333333337,2,0.04,0,0.02,1,0.01,3,0 days 03:08:25.400000
6,1,8,False,8,0.61,2,0.28,1,0.11,0,0.0,4,0.0,3,0 days 01:23:59.900000
6,1,1,True,1,0.6,2,0.39,7,0.01,0,0.0,3,0.0,1,0 days 00:06:40.900000
6,2,2,True,2,0.85,1,0.13,7,0.01,4,0.01,3,0.0,1,0 days 00:11:06.800000
6,2,6,False,6,0.69,2,0.25,1,0.04,0,0.02,3,0.0,2,0 days 01:50:03
6,2,1,False,1,0.7,0,0.22,7,0.07,3,0.01,2,0.0,5,0 days 03:29:07.500000
6,3,3,True,3,0.68,2,0.21,1,0.11,0,0.0,4,0.0,1,0 days 01:39:41.400000
6,0,2,False,2,0.99,6,0.01,1,0.0,0,0.0,3,0.0,4,0 days 02:27:19.700000
6,2,6,False,6,0.65,2,0.28,1,0.07,0,0.0,3,0.0,2,0 days 00:40:53
6,0,6,False,6,0.97,2,0.02,0,0.01,1,0.0,3,0.0,3,0 days 06:43:49.500000
6,2,2,True,2,0.95,1,0.04,7,0.01,0,0.0,3,0.0,1,0 days 02:52:34.500000
6,2,2,True,2,0.91,1,0.09,0,0.0,3,0.0,4,0.0,1,0 days 02:23:33.900000
6,1,1,True,1,0.74,2,0.23,0,0.03,3,0.0,4,0.0,1,0 days 04:27:53.300000
6,1,6,False,6,0.78,2,0.13,1,0.09,0,0.0,3,0.0,3,0 days 03:24:13.500000
6,2,4,False,4,0.6,1,0.31,2,0.09,0,0.0,3,0.0,3,0 days 00:34:17.900000
6,1,2,False,2,0.66,7,0.21,0,0.13,1,0.0,3,0.0,4,0 days 04:05:57
6,1,0,False,0,0.52,1,0.3,5,0.17,6,0.01,3,0.0,2,0 days 03:41:39.900000
6,1,0,False,0,0.67,2,0.25,1,0.08,3,0.0,4,0.0,3,0 days 02:41:09.200000
6,1,4,False,4,0.75,0,0.21,2,0.02,1,0.02,3,0.0,4,0 days 00:27:21.400000
6,1,4,False,4,0.6,2,0.28,0,0.07,6,0.05,3,0.0,6,0 days 02:15:13.700000
6,2,2,True,2,0.98,1,0.02,0,0.0,3,0.0,4,0.0,1,0 days 04:01:05.100000
6,1,2,False,2,0.77,1,0.23,0,0.0,3,0.0,4,0.0,2,0 days 01:47:01.700000
6,1,2,False,2,0.77,1,0.23,0,0.0,3,0.0,4,0.0,2,0 days 03:34:33.400000
6,3,1,False,1,0.74,2,0.23,0,0.03,3,0.0,4,0.0,4,0 days 04:27:46.300000
6,2,2,True,2,0.82,5,0.14,7,0.03,1,0.01,3,0.0,1,0 days 01:34:36
6,1,2,False,2,0.59,1,0.34,0,0.07,3,0.0,4,0.0,2,0 days 01:23:17.200000
6,0,1,False,1,0.7,2,0.3,0,0.0,3,0.0,4,0.0,3,0 days 00:53:35.500000
6,1,0,False,0,0.61,2,0.27,1,0.12,3,0.0,4,0.0,3,0 days 02:40:43.800000
6,1,2,False,2,0.77,1,0.23,0,0.0,3,0.0,4,0.0,2,0 days 00:53:41
6,2,2,True,2,0.98,1,0.02,0,0.0,3,0.0,4,0.0,1,0 days 04:01:07.200000
6,2,2,True,2,0.68,0,0.28,1,0.02,4,0.02,3,0.0,1,0 days 04:55:12
6,2,0,False,0,0.71,6,0.28,1,0.01,2,0.0,3,0.0,4,0 days 04:01:38.300000
6,2,5,False,5,0.69,2,0.21,1,0.09,7,0.01,3,0.0,2,0 days 01:56:06.700000
6,2,1,False,1,0.54,2,0.44,0,0.02,3,0.0,4,0.0,2,0 days 01:56:53.600000
6,2,2,True,2,0.7373333333333334,7,0.23,4,0.03266666666666666,0,0.0,3,0.0,1,0 days 02:14:37.400000
6,2,2,True,2,0.74,7,0.26,1,0.0,0,0.0,3,0.0,1,0 days 00:38:00.200000
6,2,2,True,2,0.98,1,0.02,0,0.0,3,0.0,4,0.0,1,0 days 02:38:47.500000
6,2,2,True,2,0.61,1,0.27,7,0.11,4,0.01,3,0.0,1,0 days 01:05:10.700000
6,2,1,False,1,0.88,4,0.06033333333333333,0,0.059666666666666666,2,0.0,3,0.0,4,0 days 02:41:54.900000
6,2,0,False,0,0.69,1,0.23,6,0.08,2,0.0,3,0.0,4,0 days 04:32:02.200000
6,2,2,True,2,0.72,1,0.19,7,0.06,3,0.02,5,0.01,1,0 days 02:58:55.100000
6,2,0,False,0,0.61,2,0.29,1,0.1,3,0.0,4,0.0,2,0 days 00:27:13.300000
6,0,0,True,0,0.9,1,0.06666666666666667,2,0.03333333333333333,3,0.0,4,0.0,1,0 days 00:26:44
6,1,0,False,0,0.4606428571428571,1,0.4293571428571429,5,0.08,2,0.03,3,0.0,2,0 days 00:27:01
6,2,7,False,7,0.83,2,0.16,5,0.01,0,0.0,3,0.0,2,0 days 03:03:20.500000
6,7,5,False,5,0.94,0,0.05,6,0.01,1,0.0,3,0.0,8,0 days 00:54:55.500000
6,2,1,False,1,0.58,6,0.3,2,0.09,7,0.03,3,0.0,3,0 days 00:47:41.800000
6,3,1,False,1,0.65,2,0.28,7,0.07,0,0.0,3,0.0,5,0 days 00:38:49.900000
6,2,0,False,0,0.67,1,0.28,2,0.04,8,0.01,4,0.0,3,0 days 03:16:55.500000
6,2,2,True,2,0.775,1,0.225,0,0.0,3,0.0,4,0.0,1,0 days 00:35:38.100000
6,2,0,False,0,0.6,7,0.29,1,0.1,2,0.01,3,0.0,4,0 days 02:47:26
6,2,0,False,0,0.65,2,0.19,1,0.16,3,0.0,4,0.0,2,0 days 02:41:05.300000
6,2,5,False,5,0.72,2,0.28,1,0.0,0,0.0,3,0.0,2,0 days 01:47:25
7,0,2,False,2,1.0,0,0.0,1,0.0,3,0.0,4,0.0,2,0 days 02:29:56.400000
7,6,0,False,0,0.85,7,0.12,6,0.02,5,0.01,3,0.0,3,0 days 02:49:42.500000
7,6,2,False,2,0.96,7,0.04,1,0.0,0,0.0,3,0.0,8,0 days 00:04:42.100000
7,5,5,True,5,0.59,6,0.25,7,0.16,0,0.0,3,0.0,1,0 days 00:54:52.800000
7,7,8,False,8,0.62,1,0.32,0,0.04,4,0.02,3,0.0,9,0 days 03:34:55
7,6,6,True,6,0.75,0,0.21,7,0.04,1,0.0,3,0.0,1,0 days 05:22:20.600000
7,7,0,False,0,0.64,3,0.2,4,0.1,7,0.06,2,0.0,4,0 days 01:48:03.600000
7,4,1,False,1,0.57,7,0.42,4,0.01,0,0.0,3,0.0,3,0 days 00:55:30.600000
7,4,7,False,7,0.65,1,0.24,2,0.07,6,0.03,0,0.01,8,0 days 04:01:43.900000
7,6,5,False,5,0.6,0,0.25,1,0.09,6,0.06,3,0.0,4,0 days 00:54:28.100000
7,7,2,False,2,0.68,0,0.31,6,0.01,1,0.0,3,0.0,8,0 days 02:15:04.500000
7,7,1,False,1,0.66,7,0.16,6,0.13,8,0.03,5,0.02,2,0 days 00:53:57.800000
7,0,2,False,2,0.68,6,0.17,4,0.13,0,0.02,3,0.0,4,0 days 04:58:13.700000
7,1,1,True,1,0.61,5,0.25,7,0.1,2,0.04,3,0.0,1,0 days 01:20:52
7,0,4,False,4,0.7,0,0.25,7,0.04,6,0.01,3,0.0,2,0 days 04:55:31.700000
7,0,7,False,7,0.53,0,0.3,6,0.11,4,0.06,3,0.0,2,0 days 02:47:44.300000
7,1,7,False,7,0.61,2,0.3,1,0.09,0,0.0,3,0.0,3,0 days 02:17:17.100000
7,1,2,False,2,0.97,3,0.03,1,0.0,0,0.0,4,0.0,3,0 days 01:57:56.300000
7,1,1,True,1,0.89,0,0.08,2,0.03,3,0.0,4,0.0,1,0 days 02:14:17.500000
7,1,1,True,1,0.66,7,0.19,2,0.11,6,0.04,3,0.0,1,0 days 00:40:42.600000
7,1,1,True,1,0.64,0,0.28,5,0.07,2,0.01,3,0.0,1,0 days 03:08:03.600000
7,0,0,True,0,0.83,1,0.1,2,0.04,8,0.03,4,0.0,1,0 days 02:41:26.300000
7,0,1,False,1,0.885,0,0.085,4,0.03,2,0.0,3,0.0,2,0 days 03:08:17
7,1,0,False,0,0.85,1,0.12,7,0.03,2,0.0,3,0.0,2,0 days 02:49:23.700000
7,0,2,False,2,0.93,3,0.07,1,0.0,0,0.0,4,0.0,4,0 days 02:28:51.900000
7,3,2,False,2,0.7,4,0.2,6,0.07,1,0.02,0,0.01,6,0 days 02:41:19.400000
7,4,1,False,1,0.64,0,0.28,5,0.07,2,0.01,3,0.0,6,0 days 03:08:03.500000
7,5,2,False,2,1.0,0,0.0,1,0.0,3,0.0,4,0.0,6,0 days 00:16:19.400000
7,5,2,False,2,0.83,1,0.16,3,0.01,0,0.0,4,0.0,6,0 days 01:54:47.100000
7,6,4,False,4,0.67,0,0.25,7,0.05,1,0.02,6,0.01,5,0 days 04:01:48.300000
7,5,5,True,5,0.84,1,0.12,6,0.04,0,0.0,3,0.0,1,0 days 00:53:54.500000
7,4,4,True,4,0.86,1,0.06333333333333332,6,0.04,7,0.02,2,0.016666666666666666,1,0 days 03:34:46.400000
7,1,1,True,1,0.69,6,0.2,0,0.09,7,0.02,3,0.0,1,0 days 04:55:21
7,6,0,False,0,0.61,5,0.23,1,0.11,7,0.05,3,0.0,8,0 days 04:29:21
7,6,2,False,2,0.66,5,0.16866666666666666,0,0.14133333333333334,7,0.03,3,0.0,8,0 days 01:21:45.600000
7,1,0,False,0,0.4926666666666668,1,0.4573333333333332,2,0.05,3,0.0,4,0.0,2,0 days 03:08:48.700000
7,4,1,False,1,0.61,7,0.27,5,0.07,2,0.05,3,0.0,7,0 days 01:20:51.600000
7,6,7,False,7,0.61,5,0.36,1,0.03,0,0.0,3,0.0,8,0 days 01:00:52.300000
7,4,6,False,6,0.59,2,0.24,0,0.1,5,0.07,3,0.0,7,0 days 02:46:22.600000
7,5,2,False,2,0.62,4,0.27,6,0.1,1,0.01,3,0.0,7,0 days 00:54:43.300000
7,7,6,False,6,0.76,4,0.22,7,0.02,0,0.0,3,0.0,3,0 days 05:22:52.800000
7,4,2,False,2,0.6,0,0.25,4,0.09,6,0.05,1,0.01,3,0 days 03:40:41.500000
7,7,0,False,0,0.98,2,0.01,6,0.01,1,0.0,3,0.0,8,0 days 06:42:38.800000
7,7,7,True,7,0.6732857142857144,5,0.2755238095238095,4,0.05119047619047619,0,0.0,3,0.0,1,0 days 00:54:32.700000
7,7,5,False,5,0.56,8,0.28,6,0.1,7,0.04,1,0.02,4,0 days 00:53:58.500000
7,4,1,False,1,0.62,6,0.14833333333333334,8,0.12411904761904763,3,0.10754761904761903,2,0.0,6,0 days 00:54:35.600000
7,7,1,False,1,0.78,2,0.22,0,0.0,3,0.0,4,0.0,8,0 days 00:17:42.700000
7,4,7,False,7,0.6845,6,0.306,1,0.0095,0,0.0,3,0.0,8,0 days 00:54:03.100000
7,7,6,False,6,0.72,7,0.28,0,0.0,1,0.0,3,0.0,2,0 days 00:56:37.700000
7,6,6,True,6,0.9,5,0.07,7,0.03,0,0.0,3,0.0,1,0 days 01:29:20.700000
7,1,2,False,2,0.65,1,0.26,6,0.09,0,0.0,3,0.0,2,0 days 01:34:12.800000
7,1,1,True,1,0.84,4,0.16,2,0.0,0,0.0,3,0.0,1,0 days 02:42:14
7,7,0,False,0,0.65,2,0.27,1,0.08,3,0.0,4,0.0,8,0 days 08:03:15.700000
7,1,1,True,1,0.64,0,0.28,5,0.07,2,0.01,3,0.0,1,0 days 03:08:03.800000
7,0,7,False,7,0.59,4,0.28,6,0.13,0,0.0,3,0.0,4,0 days 05:22:46.700000
7,0,1,False,1,0.92,7,0.05,4,0.02,5,0.01,3,0.0,7,0 days 04:29:40.300000
7,0,1,False,1,0.4573333333333332,0,0.4426666666666668,2,0.1,3,0.0,4,0.0,2,0 days 03:08:48.100000
7,0,1,False,1,0.58,0,0.21,2,0.12,6,0.05,8,0.04,2,0 days 03:38:20.200000
7,0,0,True,0,0.55,1,0.24,2,0.12,6,0.05,8,0.04,1,0 days 03:38:19.400000
7,6,0,False,0,0.72,1,0.22,2,0.06,3,0.0,4,0.0,7,0 days 02:42:40.900000
7,6,2,False,2,0.7,6,0.25,0,0.05,1,0.0,3,0.0,2,0 days 06:43:14.200000
7,0,0,True,0,0.73,1,0.25,2,0.02,3,0.0,4,0.0,1,0 days 03:48:29.800000
7,4,6,False,6,0.98,1,0.01,7,0.01,0,0.0,3,0.0,8,0 days 04:28:37.900000
7,6,6,True,6,0.55,4,0.28,5,0.12,7,0.05,3,0.0,1,0 days 00:54:23.700000
7,6,6,True,6,0.93,5,0.07,0,0.0,1,0.0,3,0.0,1,0 days 00:53:52.300000
7,6,5,False,5,0.44550000000000006,6,0.40449999999999997,7,0.12,3,0.02,0,0.01,2,0 days 00:54:07.900000
7,6,1,False,1,0.7,7,0.18,4,0.11,5,0.01,3,0.0,8,0 days 04:29:43.500000
7,6,7,False,7,0.55,2,0.29,5,0.10666666666666666,0,0.05333333333333333,3,0.0,8,0 days 01:21:41
7,6,6,True,6,0.66,7,0.23,4,0.11,0,0.0,3,0.0,1,0 days 05:22:38.400000
7,0,2,False,2,0.63,6,0.25,4,0.12,0,0.0,3,0.0,4,0 days 02:15:10.100000
7,5,2,False,2,0.91,1,0.08,3,0.01,0,0.0,4,0.0,6,0 days 01:40:48.700000
7,1,4,False,4,0.55,1,0.28,6,0.1,7,0.05,0,0.02,2,0 days 00:29:14
7,1,7,False,7,0.67,1,0.32,0,0.01,2,0.0,3,0.0,2,0 days 00:59:04
7,4,6,False,6,0.5091666666666668,0,0.3908333333333332,1,0.07,2,0.03,3,0.0,6,0 days 02:41:48.600000
7,6,1,False,1,0.7,6,0.21,5,0.09,0,0.0,3,0.0,2,0 days 01:20:45.900000
7,5,1,False,1,0.59,5,0.2016666666666667,6,0.12214285714285714,8,0.08619047619047619,3,0.0,2,0 days 00:53:56.100000
7,5,2,False,2,1.0,0,0.0,1,0.0,3,0.0,4,0.0,6,0 days 02:30:10.500000
7,5,6,False,6,0.56,5,0.21500000000000002,4,0.19499999999999995,7,0.03,3,0.0,2,0 days 00:54:05.500000
7,5,0,False,0,0.63,1,0.28,4,0.09,2,0.0,3,0.0,6,0 days 01:20:57.300000
7,5,3,False,3,0.67,6,0.29,7,0.04,0,0.0,2,0.0,7,0 days 00:53:59.400000
7,7,2,False,2,0.65,1,0.26,6,0.09,0,0.0,3,0.0,8,0 days 01:34:15.200000
7,7,7,True,7,0.47416666666666674,6,0.4058333333333334,1,0.07,5,0.05,3,0.0,1,0 days 00:53:57.500000
7,7,7,True,7,0.65,5,0.2,3,0.1,1,0.05,2,0.0,1,0 days 01:07:26.800000
7,4,6,False,6,0.6616666666666667,4,0.32,1,0.01,7,0.008333333333333333,3,0.0,2,0 days 03:34:47.400000
7,7,6,False,6,0.7316666666666667,1,0.22,5,0.024333333333333335,7,0.024000000000000004,3,0.0,4,0 days 00:54:04
7,7,0,False,0,0.92,7,0.06,6,0.02,1,0.0,3,0.0,2,0 days 05:28:58.100000
7,0,6,False,6,0.62,2,0.27,7,0.1,1,0.01,3,0.0,6,0 days 04:28:31.700000
7,7,7,True,7,0.6,6,0.21,4,0.13,0,0.06,3,0.0,1,0 days 05:25:09.900000
7,0,4,False,4,0.69,0,0.22,6,0.06,1,0.03,3,0.0,2,0 days 04:03:06.500000
7,7,1,False,1,0.69,2,0.24,0,0.07,3,0.0,4,0.0,8,0 days 01:52:36.200000
7,0,1,False,1,0.95,0,0.04,2,0.01,3,0.0,4,0.0,2,0 days 03:36:22.400000
7,1,1,True,1,0.73,5,0.26,0,0.01,2,0.0,3,0.0,1,0 days 03:42:03
7,1,1,True,1,0.7,2,0.21,6,0.09,0,0.0,3,0.0,1,0 days 02:14:32.800000
7,0,0,True,0,0.59,1,0.25,6,0.15,7,0.01,3,0.0,1,0 days 04:08:45.600000
7,1,1,True,1,0.73,0,0.27,2,0.0,3,0.0,4,0.0,1,0 days 02:41:30.700000
7,0,6,False,6,0.69,1,0.25,2,0.04,0,0.01,4,0.01,4,0 days 02:41:18.400000
7,0,7,False,7,0.66,6,0.22,2,0.11,1,0.01,3,0.0,6,0 days 00:31:17.600000
7,5,7,False,7,0.66,5,0.27,6,0.05,3,0.02,2,0.0,2,0 days 00:53:51.500000
7,8,0,False,0,0.59,1,0.24,2,0.12,6,0.05,3,0.0,9,0 days 03:16:03
7,5,5,True,5,0.62,0,0.31,7,0.06,2,0.01,3,0.0,1,0 days 00:54:59
7,5,2,False,2,0.99,1,0.01,0,0.0,3,0.0,4,0.0,6,0 days 01:47:25.400000
7,2,6,False,6,0.63,1,0.37,2,0.0,0,0.0,3,0.0,3,0 days 02:41:16.300000
7,6,2,False,2,0.91,1,0.08,0,0.01,3,0.0,4,0.0,7,0 days 01:50:04.200000
7,6,0,False,0,0.65,7,0.2,5,0.1,2,0.04,8,0.01,9,0 days 01:21:58.900000
7,6,0,False,0,0.65,7,0.2,5,0.1,2,0.04,8,0.01,9,0 days 01:21:58.100000
7,6,4,False,4,0.99,6,0.01,0,0.0,1,0.0,3,0.0,2,0 days 06:20:58.500000
7,6,2,False,2,0.87,0,0.13,1,0.0,3,0.0,4,0.0,7,0 days 01:25:30.800000
7,6,6,True,6,0.73,5,0.21,2,0.03,0,0.01,7,0.01,1,0 days 03:37:16.500000
7,6,5,False,5,0.62,0,0.24,4,0.11,6,0.03,3,0.0,4,0 days 01:21:28
7,6,0,False,0,0.66,6,0.28,2,0.06,1,0.0,3,0.0,2,0 days 02:41:41.200000
7,1,6,False,6,0.5091666666666668,0,0.4108333333333332,1,0.07,2,0.01,3,0.0,3,0 days 02:41:48.200000
7,5,6,False,6,0.55,4,0.28,5,0.12,7,0.05,3,0.0,3,0 days 00:54:23.700000
7,6,6,True,6,0.58,5,0.28,7,0.14,0,0.0,3,0.0,1,0 days 00:54:48.800000
7,6,1,False,1,0.64,7,0.24,5,0.08,2,0.04,3,0.0,8,0 days 01:07:07.200000
7,6,2,False,2,0.73,0,0.25,5,0.02,1,0.0,3,0.0,7,0 days 01:35:20.200000
7,5,0,False,0,0.63,1,0.29,2,0.08,3,0.0,4,0.0,6,0 days 03:47:56.400000
7,5,0,False,0,0.66,7,0.26999999999999996,8,0.05000000000000001,5,0.02,3,0.0,4,0 days 00:54:17.900000
7,8,1,False,1,0.67,0,0.3,7,0.03,2,0.0,3,0.0,9,0 days 00:27:48.200000
7,5,2,False,2,0.63,7,0.32,5,0.05,0,0.0,3,0.0,3,0 days 02:56:15.300000
7,8,0,False,0,0.73,1,0.23,2,0.02,6,0.02,3,0.0,9,0 days 01:47:29.600000
7,7,0,False,0,0.83,6,0.14,1,0.03,2,0.0,3,0.0,8,0 days 04:01:46.600000
7,7,1,False,1,0.64,7,0.2076190476190476,0,0.15238095238095237,2,0.0,3,0.0,2,0 days 00:57:56.400000
7,0,2,False,2,0.62,6,0.26,1,0.11,7,0.01,3,0.0,6,0 days 03:11:10.500000
7,7,6,False,6,0.66,7,0.23,1,0.1,0,0.01,3,0.0,2,0 days 00:57:04.300000
7,6,3,False,3,0.67,2,0.23,1,0.06,5,0.02,6,0.02,5,0 days 03:07:54.300000
7,0,0,True,0,0.57,6,0.27,7,0.13,2,0.03,3,0.0,1,0 days 04:10:09.800000
7,1,5,False,5,0.54,1,0.28833333333333333,7,0.1,4,0.05,2,0.021666666666666664,2,0 days 03:34:45.200000
7,1,4,False,4,0.56,8,0.33,1,0.075,6,0.02,0,0.015,3,0 days 03:35:03.500000
7,1,0,False,0,0.58,6,0.3,1,0.11,4,0.01,3,0.0,3,0 days 03:08:10.600000
7,1,0,False,0,0.71,2,0.28,6,0.01,1,0.0,3,0.0,4,0 days 02:15:30.100000
7,0,1,False,1,0.62,0,0.23,6,0.13,2,0.01,3,0.01,2,0 days 00:27:07.800000
7,2,6,False,6,0.66,7,0.2,1,0.12,5,0.02,3,0.0,6,0 days 01:19:01.300000
7,2,3,False,3,0.6,2,0.34,1,0.06,0,0.0,4,0.0,2,0 days 02:02:45.400000
7,0,1,False,1,0.7,6,0.24,0,0.05,7,0.01,3,0.0,3,0 days 01:47:37.700000
7,2,2,True,2,0.9,1,0.1,0,0.0,3,0.0,4,0.0,1,0 days 02:01:50.100000
7,0,1,False,1,0.88,2,0.07,0,0.05,3,0.0,4,0.0,3,0 days 00:26:54.600000
7,1,6,False,6,0.64,2,0.36,1,0.0,0,0.0,3,0.0,3,0 days 04:01:31.800000
7,2,6,False,6,0.89,2,0.1,0,0.01,1,0.0,3,0.0,2,0 days 02:27:44.200000
7,2,2,True,2,0.92,1,0.08,0,0.0,3,0.0,4,0.0,1,0 days 02:01:40.100000
7,2,2,True,2,0.65,5,0.26,4,0.06,0,0.02,6,0.01,1,0 days 01:48:37.200000
7,2,7,False,7,0.9,2,0.08,1,0.02,0,0.0,3,0.0,2,0 days 00:46:26.900000
7,0,2,False,2,0.9125,4,0.0575,7,0.02,5,0.01,3,0.0,7,0 days 02:14:42.400000
7,2,4,False,4,0.66,2,0.21,8,0.07,7,0.03,1,0.03,2,0 days 03:36:41.700000
7,1,1,True,1,0.67,2,0.33,0,0.0,3,0.0,4,0.0,1,0 days 02:41:04.200000
7,2,2,True,2,1.0,0,0.0,1,0.0,3,0.0,4,0.0,1,0 days 01:47:22
7,2,2,True,2,0.79,0,0.21,1,0.0,3,0.0,4,0.0,1,0 days 02:19:45.300000
7,0,1,False,1,0.67,5,0.25,2,0.05,0,0.03,3,0.0,4,0 days 01:11:04.800000
7,2,2,True,2,0.695,1,0.305,0,0.0,3,0.0,4,0.0,1,0 days 00:35:45.300000
7,2,2,True,2,1.0,0,0.0,1,0.0,3,0.0,4,0.0,1,0 days 03:21:21
7,2,7,False,7,0.59,2,0.39,0,0.02,1,0.0,3,0.0,2,0 days 02:14:01.700000
7,1,6,False,6,0.85,0,0.08,1,0.07,2,0.0,3,0.0,3,0 days 00:33:03.300000
7,1,3,False,3,0.63,0,0.21,4,0.1,7,0.06,2,0.0,6,0 days 01:48:04.400000
7,2,1,False,1,0.7,5,0.24,2,0.05,7,0.01,3,0.0,3,0 days 04:28:21.500000
7,0,6,False,6,0.75,7,0.25,0,0.0,1,0.0,3,0.0,3,0 days 00:56:13.200000
7,0,6,False,6,0.58,7,0.31,5,0.11,0,0.0,3,0.0,4,0 days 00:54:48.700000
7,0,6,False,6,0.64,7,0.24,2,0.1,1,0.02,3,0.0,6,0 days 00:31:34.900000
7,2,2,True,2,0.83,7,0.17,1,0.0,0,0.0,3,0.0,1,0 days 02:00:45.100000
7,0,6,False,6,0.9,5,0.07,7,0.03,0,0.0,3,0.0,4,0 days 01:29:17.300000
7,2,0,False,0,0.73,7,0.25,4,0.01,6,0.01,3,0.0,6,0 days 03:44:23.200000
7,2,6,False,6,0.63,0,0.28,7,0.08,1,0.01,3,0.0,6,0 days 00:29:53.100000
7,2,0,False,0,0.66,1,0.21,2,0.13,3,0.0,4,0.0,3,0 days 02:18:26.600000
7,2,2,True,2,0.93,1,0.07,0,0.0,3,0.0,4,0.0,1,0 days 01:59:45.600000
7,2,2,True,2,0.62,7,0.3,5,0.08,0,0.0,3,0.0,1,0 days 02:33:27
7,2,4,False,4,0.58,6,0.38,2,0.03,7,0.01,3,0.0,3,0 days 04:41:49.300000
7,2,5,False,5,0.66,2,0.23,7,0.11,0,0.0,3,0.0,2,0 days 00:08:42.800000
7,1,2,False,2,0.8111666666666667,0,0.18883333333333333,1,0.0,3,0.0,4,0.0,3,0 days 02:14:08
7,0,2,False,2,0.62,0,0.35,5,0.03,1,0.0,3,0.0,2,0 days 02:45:30.200000
7,2,0,False,0,0.67,1,0.21,7,0.07,2,0.05,3,0.0,4,0 days 02:13:57.400000
7,2,1,False,1,0.72,2,0.28,0,0.0,3,0.0,4,0.0,2,0 days 00:18:04
7,2,1,False,1,0.71,2,0.27,6,0.02,0,0.0,3,0.0,2,0 days 00:32:20.300000
7,2,2,True,2,0.62,5,0.25,1,0.13,0,0.0,3,0.0,1,0 days 01:14:43.600000
7,2,6,False,6,0.55,1,0.28,2,0.15,5,0.02,3,0.0,3,0 days 01:20:33.200000
7,2,2,True,2,0.91,5,0.09,1,0.0,0,0.0,3,0.0,1,0 days 02:06:25.300000
7,2,2,True,2,1.0,0,0.0,1,0.0,3,0.0,4,0.0,1,0 days 02:04:51.300000
7,2,7,False,7,0.68,1,0.21,2,0.09,4,0.02,3,0.0,3,0 days 01:05:18.900000
7,0,4,False,4,0.89,1,0.08,0,0.03,2,0.0,3,0.0,3,0 days 02:42:00.600000
7,2,2,True,2,0.89,5,0.11,1,0.0,0,0.0,3,0.0,1,0 days 02:07:00.600000
7,2,1,False,1,0.95,2,0.03,6,0.02,0,0.0,3,0.0,2,0 days 03:23:49.300000
7,1,2,False,2,0.75,7,0.11749999999999998,0,0.11250000000000002,6,0.02,3,0.0,6,0 days 00:53:43.700000
7,2,1,False,1,0.63,0,0.34,2,0.03,3,0.0,4,0.0,3,0 days 02:48:55.300000
7,2,1,False,1,0.62,2,0.27,0,0.11,3,0.0,4,0.0,2,0 days 02:41:31.600000
7,2,1,False,1,0.64,2,0.31,5,0.04,6,0.01,3,0.0,2,0 days 03:13:54.300000
7,2,1,False,1,0.59,2,0.41,0,0.0,3,0.0,4,0.0,2,0 days 03:33:29.700000
7,2,7,False,7,0.7,0,0.21,2,0.09,1,0.0,3,0.0,3,0 days 01:51:01.900000
7,2,4,False,4,0.66,6,0.24,0,0.06,1,0.03,2,0.01,5,0 days 04:04:20.400000
7,2,3,False,3,0.64,2,0.35,1,0.01,0,0.0,4,0.0,2,0 days 03:25:46.800000
7,2,2,True,2,0.91,1,0.06,7,0.03,0,0.0,3,0.0,1,0 days 03:23:03
7,1,4,False,4,0.63,2,0.34,1,0.02,0,0.01,3,0.0,3,0 days 00:34:09.100000
7,1,2,False,2,0.68,0,0.29,1,0.03,3,0.0,4,0.0,3,0 days 01:50:15.100000
7,2,2,True,2,0.97,1,0.03,0,0.0,3,0.0,4,0.0,1,0 days 02:18:06.500000
7,2,2,True,2,0.69,1,0.26,5,0.05,0,0.0,3,0.0,1,0 days 04:28:20.400000
7,1,2,False,2,0.69,1,0.15,8,0.09,6,0.07,3,0.0,2,0 days 03:35:27.900000
7,0,1,False,1,0.95,2,0.04,0,0.01,3,0.0,4,0.0,3,0 days 02:41:07
7,1,4,False,4,0.6,0,0.39,6,0.01,1,0.0,3,0.0,4,0 days 06:51:16.300000
7,1,0,False,0,0.73,7,0.25,4,0.01,6,0.01,3,0.0,7,0 days 03:44:21.400000
7,1,2,False,2,0.66,8,0.23,7,0.08,6,0.02,1,0.01,5,0 days 03:36:51.900000
7,2,4,False,4,0.61,2,0.27,1,0.06,0,0.04,6,0.02,2,0 days 02:47:10
7,1,2,False,2,0.89,0,0.1,7,0.01,1,0.0,3,0.0,4,0 days 02:14:05.200000
7,1,6,False,6,0.63,1,0.37,2,0.0,0,0.0,3,0.0,2,0 days 02:41:16.300000
7,1,0,False,0,0.92,6,0.06,1,0.02,2,0.0,3,0.0,3,0 days 04:33:46.200000
7,2,0,False,0,0.73,2,0.26,1,0.01,3,0.0,4,0.0,2,0 days 00:26:50.500000
7,1,2,False,2,0.96,1,0.04,0,0.0,3,0.0,4,0.0,2,0 days 00:17:08
7,2,6,False,6,0.55,1,0.28,2,0.16,5,0.01,3,0.0,3,0 days 01:20:33.800000
7,2,7,False,7,0.75,5,0.17,1,0.08,0,0.0,3,0.0,6,0 days 04:29:29.900000
7,1,1,True,1,0.7,2,0.19,5,0.11,0,0.0,3,0.0,1,0 days 01:15:08.400000
7,2,2,True,2,0.91,1,0.06,0,0.03,3,0.0,4,0.0,1,0 days 01:01:59.800000
7,2,2,True,2,0.88,1,0.11,7,0.01,0,0.0,3,0.0,1,0 days 02:31:50.700000
7,1,2,False,2,0.92,1,0.08,0,0.0,3,0.0,4,0.0,2,0 days 02:26:02
7,0,5,False,5,0.66,2,0.32,1,0.02,0,0.0,3,0.0,4,0 days 02:32:49.600000
7,2,2,True,2,0.98,3,0.02,1,0.0,0,0.0,4,0.0,1,0 days 02:03:20.100000
7,1,1,True,1,0.59,2,0.41,0,0.0,3,0.0,4,0.0,1,0 days 03:32:19.700000
7,2,4,False,4,0.69,1,0.23,0,0.04,5,0.03,6,0.01,6,0 days 02:44:05.900000
7,2,1,False,1,0.57,2,0.33,0,0.07,6,0.03,3,0.0,2,0 days 02:41:33.900000
7,2,2,True,2,0.91,1,0.09,0,0.0,3,0.0,4,0.0,1,0 days 02:39:28.600000
7,2,6,False,6,0.98,1,0.02,2,0.0,0,0.0,3,0.0,3,0 days 04:28:36.700000
7,2,1,False,1,0.54,2,0.33,3,0.13,0,0.0,4,0.0,2,0 days 00:39:08.600000
7,2,1,False,1,0.95,0,0.03,2,0.02,3,0.0,4,0.0,3,0 days 02:40:34.500000
7,2,7,False,7,0.7,2,0.2,0,0.07,4,0.02,3,0.01,2,0 days 01:47:58.300000
7,2,6,False,6,0.62,1,0.26,0,0.1,2,0.02,3,0.0,4,0 days 03:15:42.100000
7,2,4,False,4,0.69,2,0.28,5,0.03,0,0.0,3,0.0,2,0 days 01:53:30.700000
7,2,2,True,2,0.98,6,0.02,1,0.0,0,0.0,3,0.0,1,0 days 01:33:46.900000
7,1,1,True,1,0.76,7,0.19,2,0.03,5,0.02,3,0.0,1,0 days 00:40:36.800000
7,2,2,True,2,0.93,3,0.07,1,0.0,0,0.0,4,0.0,1,0 days 02:28:58.800000
7,3,2,False,2,0.77,1,0.23,0,0.0,3,0.0,4,0.0,4,0 days 01:20:20.100000
7,1,1,True,1,0.655,2,0.345,0,0.0,3,0.0,4,0.0,1,0 days 00:53:39.800000
7,2,2,True,2,0.72,6,0.17,1,0.11,0,0.0,3,0.0,1,0 days 03:25:13.200000
7,3,2,False,2,0.74,0,0.25,7,0.01,1,0.0,3,0.0,5,0 days 02:14:05.900000
7,2,1,False,1,0.6,2,0.4,0,0.0,3,0.0,4,0.0,2,0 days 04:01:25.700000
8,3,7,False,7,0.87,5,0.12,6,0.01,0,0.0,3,0.0,5,0 days 00:53:51.100000
8,5,2,False,2,0.68,1,0.28,0,0.04,3,0.0,4,0.0,6,0 days 02:21:15.600000
8,5,6,False,6,0.56,5,0.43,7,0.01,0,0.0,3,0.0,2,0 days 00:53:50.100000
8,4,1,False,1,0.87,0,0.09,7,0.04,2,0.0,3,0.0,6,0 days 02:47:36.900000
8,4,2,False,2,0.66,1,0.21,0,0.11,5,0.01,6,0.01,7,0 days 02:44:03.800000
8,7,5,False,5,0.58,6,0.28,7,0.1,4,0.03,1,0.01,3,0 days 00:55:23.600000
8,6,0,False,0,0.79,7,0.21,2,0.0,1,0.0,3,0.0,8,0 days 05:30:25.200000
8,6,6,True,6,0.64,0,0.31,5,0.03,7,0.02,3,0.0,1,0 days 01:29:27.500000
8,7,1,False,1,0.63,2,0.21,0,0.16,3,0.0,4,0.0,8,0 days 03:29:34.300000
8,7,5,False,5,0.61,6,0.37,0,0.01,1,0.01,3,0.0,8,0 days 02:50:10
8,7,1,False,1,0.61,7,0.36166666666666664,0,0.028333333333333332,2,0.0,3,0.0,2,0 days 00:58:08.400000
8,0,1,False,1,0.69,6,0.28,2,0.02,0,0.01,3,0.0,4,0 days 03:35:07.900000
8,1,1,True,1,0.7,6,0.3,2,0.0,0,0.0,3,0.0,1,0 days 02:14:30.800000
8,1,0,False,0,0.69,1,0.29,2,0.01,6,0.01,3,0.0,2,0 days 03:36:16.500000
8,0,4,False,4,0.65,0,0.34,6,0.01,1,0.0,3,0.0,2,0 days 03:35:11.700000
8,1,0,False,0,0.75,6,0.25,2,0.0,1,0.0,3,0.0,4,0 days 02:43:31.900000
8,0,6,False,6,0.59,0,0.3,2,0.11,1,0.0,3,0.0,2,0 days 06:15:45.100000
8,0,2,False,2,0.66,7,0.24,6,0.09,1,0.01,3,0.0,6,0 days 03:11:53.700000
8,5,1,False,1,0.7,0,0.18,6,0.06,5,0.05666666666666667,4,0.003333333333333333,4,0 days 00:54:06.600000
8,6,6,True,6,0.67,2,0.18,7,0.1,1,0.05,3,0.0,1,0 days 04:01:56
8,4,4,True,4,0.9,6,0.08,7,0.02,0,0.0,3,0.0,1,0 days 06:20:35.600000
8,5,2,False,2,0.5453333333333336,1,0.4546666666666666,0,0.0,3,0.0,4,0.0,6,0 days 01:46:43.100000
8,5,1,False,1,1.0,0,0.0,2,0.0,3,0.0,4,0.0,6,0 days 03:42:09
8,4,7,False,7,0.5093333333333334,5,0.49066666666666664,0,0.0,1,0.0,3,0.0,7,0 days 00:54:31.800000
8,5,2,False,2,0.83,7,0.15,6,0.02,0,0.0,3,0.0,7,0 days 00:08:47.500000
8,6,6,True,6,0.7,1,0.15,7,0.14,2,0.01,3,0.0,1,0 days 00:55:58.700000
8,6,2,False,2,0.95,1,0.05,0,0.0,3,0.0,4,0.0,7,0 days 00:40:54.400000
8,5,1,False,1,0.99,0,0.01,2,0.0,3,0.0,4,0.0,6,0 days 03:41:55.800000
8,6,6,True,6,0.56,2,0.195,4,0.195,0,0.05,3,0.0,1,0 days 04:41:59.900000
8,6,6,True,6,0.75,5,0.24,4,0.01,0,0.0,3,0.0,1,0 days 01:20:49.800000
8,6,2,False,2,0.61,1,0.3,0,0.07,7,0.02,3,0.0,8,0 days 03:53:37
8,6,0,False,0,0.77,7,0.21,2,0.02,1,0.0,3,0.0,8,0 days 06:42:46.300000
8,5,5,True,5,0.61,0,0.25,6,0.14,1,0.0,3,0.0,1,0 days 00:55:18.700000
8,0,6,False,6,0.6,0,0.38,7,0.02,1,0.0,3,0.0,2,0 days 06:16:08.100000
8,7,4,False,4,0.61,0,0.35,6,0.02,7,0.02,3,0.0,4,0 days 04:56:03.700000
8,4,6,False,6,0.429452380952381,1,0.42054761904761906,4,0.1,0,0.05,3,0.0,3,0 days 03:34:57.400000
8,4,0,False,0,0.7,6,0.19666666666666666,5,0.10333333333333332,1,0.0,3,0.0,7,0 days 00:54:09.500000
8,7,5,False,5,0.6641309523809522,0,0.2908690476190475,6,0.04,4,0.005,3,0.0,8,0 days 00:54:05.100000
8,4,2,False,2,1.0,0,0.0,1,0.0,3,0.0,4,0.0,5,0 days 01:53:28.100000
8,7,7,True,7,0.87,1,0.07,0,0.06,2,0.0,3,0.0,1,0 days 05:49:26.200000
8,4,2,False,2,0.73,0,0.19,6,0.07,1,0.01,3,0.0,6,0 days 03:12:46
8,7,2,False,2,1.0,0,0.0,1,0.0,3,0.0,4,0.0,8,0 days 02:00:46
8,7,6,False,6,0.67,0,0.26,1,0.07,2,0.0,3,0.0,8,0 days 04:03:38.100000
8,7,6,False,6,0.75,7,0.19,0,0.05,1,0.01,3,0.0,2,0 days 00:56:06.100000
8,7,2,False,2,0.77,7,0.15,5,0.08,0,0.0,3,0.0,2,0 days 02:55:44.100000
8,1,2,False,2,0.82,4,0.18,1,0.0,0,0.0,3,0.0,3,0 days 02:00:56.300000
8,0,0,True,0,0.7,6,0.2,7,0.06,2,0.04,3,0.0,1,0 days 05:26:15.300000
8,1,1,True,1,0.79,0,0.17,6,0.03,2,0.01,3,0.0,1,0 days 00:32:39.700000
8,0,1,False,1,0.73,2,0.18,6,0.0425,3,0.027499999999999997,0,0.02,5,0 days 03:08:23.500000
8,1,4,False,4,0.61,0,0.35,7,0.03,6,0.01,3,0.0,7,0 days 04:56:00.900000
8,0,2,False,2,0.72,6,0.28,1,0.0,0,0.0,3,0.0,4,0 days 04:29:04.400000
8,4,7,False,7,0.71,0,0.28,6,0.01,1,0.0,3,0.0,8,0 days 05:24:41.700000
8,1,6,False,6,0.96,1,0.03,5,0.01,0,0.0,3,0.0,2,0 days 00:54:00.500000
8,0,7,False,7,0.82,1,0.11,2,0.04,0,0.03,3,0.0,4,0 days 04:05:36
8,0,1,False,1,0.72,7,0.21,2,0.07,0,0.0,3,0.0,4,0 days 03:35:05.200000
8,0,4,False,4,0.6,7,0.27,2,0.07828571428571429,0,0.051714285714285706,3,0.0,4,0 days 04:02:13.100000
8,0,0,True,0,0.83,2,0.14233333333333334,4,0.027666666666666666,1,0.0,3,0.0,1,0 days 04:39:35.100000
8,0,2,False,2,0.5658333333333334,6,0.42416666666666664,0,0.01,1,0.0,3,0.0,3,0 days 01:47:43.500000
8,6,0,False,0,0.7,5,0.28,6,0.02,1,0.0,3,0.0,3,0 days 04:30:57.400000
8,5,7,False,7,0.67,2,0.31,0,0.02,1,0.0,3,0.0,7,0 days 02:20:35
8,4,7,False,7,0.67,5,0.1788333333333333,6,0.15116666666666664,0,0.0,3,0.0,8,0 days 00:54:24.200000
8,6,0,False,0,0.91,1,0.09,2,0.0,3,0.0,4,0.0,7,0 days 04:33:34.200000
8,6,0,False,0,0.775,4,0.195,7,0.03,1,0.0,3,0.0,8,0 days 04:55:57.200000
8,5,2,False,2,0.89,1,0.11,0,0.0,3,0.0,4,0.0,6,0 days 02:10:38.800000
8,5,2,False,2,0.77,4,0.23,1,0.0,0,0.0,3,0.0,6,0 days 02:00:52.100000
8,4,4,True,4,0.91,1,0.09,2,0.0,0,0.0,3,0.0,1,0 days 03:08:08.800000
8,6,6,True,6,0.4045238095238095,7,0.3162261904761905,1,0.24924999999999997,4,0.03,3,0.0,1,0 days 00:54:03.400000
8,6,6,True,6,0.75,7,0.19,0,0.05,1,0.01,3,0.0,1,0 days 00:56:03.700000
8,6,1,False,1,0.5658333333333333,4,0.4241666666666667,7,0.01,0,0.0,3,0.0,8,0 days 03:35:04.300000
8,6,5,False,5,0.7,0,0.24,7,0.06,1,0.0,3,0.0,8,0 days 00:54:21.300000
8,6,1,False,1,0.64,6,0.24,4,0.07,2,0.03,7,0.02,2,0 days 00:54:45.300000
8,6,7,False,7,0.71,0,0.28,6,0.01,1,0.0,3,0.0,3,0 days 05:24:43.500000
8,6,4,False,4,0.7,2,0.26,6,0.04,0,0.0,3,0.0,3,0 days 04:28:37.600000
8,6,0,False,0,0.71,6,0.29,2,0.0,1,0.0,3,0.0,2,0 days 06:44:00.200000
8,6,1,False,1,0.76,0,0.17,7,0.05,6,0.02,3,0.0,4,0 days 04:28:55.300000
8,1,2,False,2,0.95,4,0.03,1,0.02,0,0.0,3,0.0,3,0 days 01:23:40
8,0,1,False,1,0.76,0,0.17,7,0.05,6,0.02,3,0.0,2,0 days 04:28:54.100000
8,5,6,False,6,0.89,5,0.11,0,0.0,1,0.0,3,0.0,2,0 days 00:53:55
8,0,0,True,0,0.66,1,0.22,6,0.11,7,0.01,3,0.0,1,0 days 04:08:46.400000
8,0,6,False,6,0.65,2,0.29,1,0.06,0,0.0,3,0.0,4,0 days 04:32:12.300000
8,6,5,False,5,0.91,6,0.06,0,0.03,1,0.0,3,0.0,2,0 days 00:54:39
8,5,6,False,6,0.74,1,0.25,5,0.01,0,0.0,3,0.0,3,0 days 00:54:00.400000
8,6,1,False,1,0.97,4,0.03,2,0.0,0,0.0,3,0.0,7,0 days 03:42:27.100000
8,7,4,False,4,0.64,0,0.24,1,0.11,7,0.01,3,0.0,4,0 days 05:49:01.700000
8,5,2,False,2,0.72,7,0.15,6,0.12,5,0.01,3,0.0,4,0 days 02:55:25.700000
8,4,4,True,4,0.8,6,0.2,0,0.0,1,0.0,3,0.0,1,0 days 03:34:46.800000
8,7,4,False,4,0.61,6,0.25,1,0.13,2,0.01,3,0.0,8,0 days 01:22:22.400000
8,1,4,False,4,0.63,0,0.28,1,0.05,2,0.04,3,0.0,3,0 days 02:17:03.800000
8,7,6,False,6,0.58,7,0.41,2,0.01,0,0.0,3,0.0,2,0 days 00:56:36.900000
8,7,0,False,0,0.69,2,0.19,6,0.08,5,0.04,3,0.0,8,0 days 01:21:31.900000
8,7,0,False,0,0.7,4,0.21,2,0.08,1,0.01,3,0.0,8,0 days 02:17:02.500000
8,0,0,True,0,0.77,1,0.23,2,0.0,3,0.0,4,0.0,1,0 days 07:09:40.700000
8,0,2,False,2,0.67,1,0.22,7,0.09,4,0.02,3,0.0,6,0 days 03:44:36.700000
8,0,1,False,1,0.65,6,0.33,0,0.02,2,0.0,3,0.0,3,0 days 02:41:23
8,0,6,False,6,0.67,1,0.16,5,0.11,2,0.03,7,0.03,6,0 days 04:29:18.300000
8,1,6,False,6,0.68,5,0.31,1,0.01,0,0.0,3,0.0,3,0 days 01:20:47.500000
8,0,5,False,5,0.8,6,0.2,0,0.0,1,0.0,3,0.0,3,0 days 00:53:55.200000
8,1,7,False,7,0.6133333333333333,0,0.27,2,0.07,1,0.04,6,0.006666666666666666,4,0 days 03:34:51.100000
8,1,2,False,2,0.75,1,0.16,0,0.09,3,0.0,4,0.0,2,0 days 02:41:31.300000
8,5,0,False,0,0.88,1,0.07,2,0.05,3,0.0,4,0.0,6,0 days 01:47:35.700000
8,5,4,False,4,0.4846666666666665,5,0.4053333333333334,6,0.08,1,0.03,3,0.0,2,0 days 00:53:53.700000
8,6,7,False,7,0.9,6,0.07,1,0.01,2,0.01,5,0.01,2,0 days 01:20:44.600000
8,0,0,True,0,0.86,6,0.14,2,0.0,1,0.0,3,0.0,1,0 days 06:44:26.300000
8,6,7,False,7,0.68,0,0.28,6,0.04,1,0.0,3,0.0,3,0 days 04:32:57.600000
8,2,1,False,1,0.58,2,0.38,6,0.04,0,0.0,3,0.0,2,0 days 01:20:34.200000
8,6,2,False,2,0.64,0,0.24,7,0.1,1,0.02,3,0.0,8,0 days 00:29:53.700000
8,6,6,True,6,0.4045238095238095,7,0.3162261904761905,1,0.24924999999999997,4,0.03,3,0.0,1,0 days 00:54:03.400000
8,1,6,False,6,0.77,0,0.17,4,0.06,1,0.0,3,0.0,4,0 days 04:03:29.100000
8,8,7,False,7,0.61,1,0.24,2,0.09,4,0.06,3,0.0,9,0 days 03:36:57.400000
8,8,1,False,1,0.7616666666666667,4,0.19833333333333333,6,0.04,0,0.0,3,0.0,9,0 days 03:35:03.200000
8,6,7,False,7,0.62,2,0.24,6,0.08,0,0.06,3,0.0,3,0 days 00:53:46.200000
8,6,6,True,6,0.62,2,0.2,0,0.16,1,0.02,3,0.0,1,0 days 03:36:03.600000
8,2,5,False,5,0.58,3,0.22,6,0.12,2,0.08,0,0.0,4,0 days 03:07:55.700000
8,2,6,False,6,0.82,7,0.14,0,0.02,1,0.01,2,0.01,5,0 days 03:35:33.500000
8,6,5,False,5,0.58,3,0.22,6,0.12,2,0.08,0,0.0,3,0 days 03:07:55.400000
8,7,6,False,6,0.56,2,0.195,4,0.195,0,0.05,3,0.0,8,0 days 04:42:16.200000
8,1,0,False,0,0.62,6,0.23,1,0.08,7,0.05,4,0.02,3,0 days 04:29:41
8,5,0,False,0,0.67,2,0.33,1,0.0,3,0.0,4,0.0,6,0 days 02:32:52.900000
8,8,5,False,5,0.98,4,0.02,0,0.0,1,0.0,3,0.0,9,0 days 02:57:30.700000
8,7,2,False,2,0.65,1,0.31,7,0.03,0,0.01,3,0.0,3,0 days 01:09:42.800000
8,1,0,False,0,0.71,6,0.24,2,0.03,3,0.02,1,0.0,5,0 days 00:27:08.100000
8,1,2,False,2,0.86,1,0.13,5,0.01,0,0.0,3,0.0,2,0 days 04:28:20.600000
8,1,1,True,1,0.82,0,0.14,2,0.04,3,0.0,4,0.0,1,0 days 02:14:18
8,1,1,True,1,0.7,4,0.28,2,0.02,0,0.0,3,0.0,1,0 days 02:42:14.500000
8,1,0,False,0,0.66,1,0.28,2,0.06,3,0.0,4,0.0,2,0 days 02:14:24.300000
8,2,2,True,2,0.92,6,0.08,1,0.0,0,0.0,3,0.0,1,0 days 01:49:29.500000
8,1,0,False,0,0.71,2,0.21,5,0.03,8,0.03,1,0.02,5,0 days 01:47:28.200000
8,0,2,False,2,0.8533333333333333,6,0.07,1,0.06,0,0.016666666666666666,3,0.0,4,0 days 04:01:35.900000
8,2,2,True,2,0.62,6,0.15333333333333335,3,0.14666666666666664,1,0.06,0,0.02,1,0 days 03:08:24.300000
8,2,2,True,2,0.68,3,0.21,1,0.11,0,0.0,4,0.0,1,0 days 02:02:42.900000
8,2,2,True,2,0.93,1,0.07,0,0.0,3,0.0,4,0.0,1,0 days 00:19:18.900000
8,2,2,True,2,0.9783333333333333,1,0.011666666666666665,5,0.01,0,0.0,3,0.0,1,0 days 03:34:41.500000
8,2,2,True,2,1.0,0,0.0,1,0.0,3,0.0,4,0.0,1,0 days 02:00:46.800000
8,2,2,True,2,0.81,6,0.1,1,0.05,5,0.04,3,0.0,1,0 days 01:21:15.800000
8,2,0,False,0,0.74,6,0.25,1,0.01,2,0.0,3,0.0,4,0 days 03:13:38.700000
8,2,2,True,2,1.0,0,0.0,1,0.0,3,0.0,4,0.0,1,0 days 02:03:23
8,2,2,True,2,0.86,1,0.11,6,0.03,0,0.0,3,0.0,1,0 days 04:01:29.900000
8,1,1,True,1,0.6,6,0.24,2,0.13,4,0.03,3,0.0,1,0 days 03:21:51.800000
8,2,1,False,1,0.62,2,0.32,4,0.06,0,0.0,3,0.0,2,0 days 02:41:13.300000
8,2,2,True,2,0.8183333333333335,6,0.15166666666666667,0,0.03,1,0.0,3,0.0,1,0 days 01:47:42.900000
8,1,5,False,5,0.78,7,0.22,0,0.0,1,0.0,3,0.0,4,0 days 00:54:20.400000
8,1,1,True,1,0.94,0,0.03,7,0.03,2,0.0,3,0.0,1,0 days 00:28:08.400000
8,2,0,False,0,0.63,2,0.36,1,0.01,3,0.0,4,0.0,2,0 days 01:56:32.700000
8,2,6,False,6,0.79,5,0.14,0,0.06,1,0.01,3,0.0,6,0 days 02:50:37.700000
8,2,3,False,3,0.59,6,0.29,4,0.11,0,0.01,2,0.0,5,0 days 02:14:28.500000
8,1,2,False,2,0.63,0,0.27,1,0.09,4,0.01,3,0.0,3,0 days 00:33:54.200000
8,2,1,False,1,0.94,0,0.06,2,0.0,3,0.0,4,0.0,3,0 days 00:51:11.900000
8,1,7,False,7,0.6716666666666667,1,0.3,0,0.018333333333333333,5,0.01,3,0.0,2,0 days 00:57:59.800000
8,1,1,True,1,0.87,0,0.12,2,0.01,3,0.0,4,0.0,1,0 days 00:33:35.800000
8,0,0,True,0,0.63,2,0.36,1,0.01,3,0.0,4,0.0,1,0 days 01:56:32.400000
8,2,3,False,3,0.64,2,0.25,6,0.1,0,0.01,1,0.0,2,0 days 02:28:19.200000
8,2,2,True,2,1.0,0,0.0,1,0.0,3,0.0,4,0.0,1,0 days 02:04:06.600000
8,2,4,False,4,0.63,0,0.26,6,0.06,2,0.05,3,0.0,4,0 days 04:55:15.900000
8,1,5,False,5,0.72,2,0.28,1,0.0,0,0.0,3,0.0,3,0 days 01:20:30.400000
8,2,2,True,2,0.86,1,0.13,5,0.01,0,0.0,3,0.0,1,0 days 04:28:20.500000
8,2,1,False,1,0.64,2,0.35,4,0.01,0,0.0,3,0.0,2,0 days 02:01:06.500000
8,1,1,True,1,0.61,3,0.24,2,0.15,0,0.0,4,0.0,1,0 days 01:20:07.700000
8,0,1,False,1,0.56,0,0.28,2,0.14,7,0.02,3,0.0,2,0 days 01:51:24.500000
8,0,7,False,7,0.56,6,0.38,5,0.05,2,0.01,3,0.0,7,0 days 01:21:59.600000
8,2,1,False,1,0.67,2,0.33,0,0.0,3,0.0,4,0.0,2,0 days 01:57:55.800000
8,0,2,False,2,1.0,0,0.0,1,0.0,3,0.0,4,0.0,2,0 days 02:00:49.800000
8,2,2,True,2,1.0,0,0.0,1,0.0,3,0.0,4,0.0,1,0 days 02:00:44.700000
8,2,2,True,2,0.95,1,0.05,0,0.0,3,0.0,4,0.0,1,0 days 00:05:53.500000
8,2,2,True,2,0.99,5,0.01,1,0.0,0,0.0,3,0.0,1,0 days 00:16:33.900000
8,2,2,True,2,1.0,0,0.0,1,0.0,3,0.0,4,0.0,1,0 days 01:33:51.300000
8,2,2,True,2,0.57,6,0.29,5,0.12,4,0.02,3,0.0,1,0 days 01:48:44.700000
8,0,0,True,0,0.67,1,0.15,8,0.12,7,0.05,2,0.01,1,0 days 00:27:52.800000
8,2,2,True,2,0.96,6,0.03,0,0.01,1,0.0,3,0.0,1,0 days 01:47:19
8,2,2,True,2,0.93,1,0.07,0,0.0,3,0.0,4,0.0,1,0 days 00:18:39.900000
8,2,1,False,1,0.94,0,0.06,2,0.0,3,0.0,4,0.0,3,0 days 00:51:01.400000
8,2,2,True,2,0.91,1,0.08,0,0.01,3,0.0,4,0.0,1,0 days 02:54:24.600000
8,2,2,True,2,0.68,5,0.22,6,0.1,0,0.0,3,0.0,1,0 days 01:53:04.700000
8,2,2,True,2,0.75,1,0.25,0,0.0,3,0.0,4,0.0,1,0 days 03:34:34.800000
8,2,1,False,1,0.63,2,0.35,0,0.02,3,0.0,4,0.0,2,0 days 02:54:22.500000
8,2,6,False,6,0.53,2,0.44,1,0.03,0,0.0,3,0.0,2,0 days 02:24:49.900000
8,0,6,False,6,0.65,2,0.31,0,0.04,1,0.0,3,0.0,3,0 days 04:11:11.100000
8,2,0,False,0,0.6,2,0.24,1,0.16,3,0.0,4,0.0,2,0 days 02:54:19.500000
8,2,5,False,5,0.61,1,0.24,2,0.15,0,0.0,3,0.0,3,0 days 03:07:57.900000
8,0,7,False,7,0.66,0,0.15,6,0.12,1,0.04,4,0.03,2,0 days 04:55:22.400000
8,2,5,False,5,0.71,1,0.24,6,0.05,0,0.0,3,0.0,6,0 days 01:21:02.400000
8,0,1,False,1,0.93,2,0.06,0,0.01,3,0.0,4,0.0,3,0 days 01:23:11
8,2,5,False,5,0.72,2,0.27,6,0.01,0,0.0,3,0.0,2,0 days 01:20:31
8,1,6,False,6,0.76,0,0.16,2,0.03,1,0.03,4,0.02,4,0 days 01:23:33.600000
8,2,7,False,7,0.72,2,0.27,3,0.01,1,0.0,0,0.0,2,0 days 00:38:17
8,2,2,True,2,0.98,1,0.02,0,0.0,3,0.0,4,0.0,1,0 days 02:52:20.300000
8,2,1,False,1,0.54,2,0.42,6,0.04,0,0.0,3,0.0,2,0 days 02:37:29.700000
8,2,2,True,2,0.81,1,0.19,0,0.0,3,0.0,4,0.0,1,0 days 01:39:07.600000
8,2,2,True,2,0.9,0,0.1,1,0.0,3,0.0,4,0.0,1,0 days 02:22:32.900000
8,3,1,False,1,0.72,7,0.2,5,0.05,2,0.03,3,0.0,5,0 days 01:55:45.200000
8,1,2,False,2,0.97,7,0.02,0,0.01,1,0.0,3,0.0,4,0 days 02:32:05.700000
8,2,0,False,0,0.65,7,0.21,6,0.08,2,0.06,3,0.0,4,0 days 04:12:10.100000
8,2,2,True,2,1.0,0,0.0,1,0.0,3,0.0,4,0.0,1,0 days 02:21:25.500000
8,1,2,False,2,0.94,0,0.06,1,0.0,3,0.0,4,0.0,3,0 days 02:17:52.100000
8,1,2,False,2,0.69,0,0.3,6,0.01,1,0.0,3,0.0,4,0 days 00:26:45.500000
8,0,7,False,7,0.57,0,0.41,2,0.02,1,0.0,3,0.0,2,0 days 06:42:39.900000
8,2,2,True,2,0.96,1,0.04,0,0.0,3,0.0,4,0.0,1,0 days 04:01:17.200000
8,0,1,False,1,0.65,2,0.27,7,0.08,0,0.0,3,0.0,4,0 days 02:13:55.900000
8,0,0,True,0,0.4646904761904762,2,0.4203095238095238,1,0.115,3,0.0,4,0.0,1,0 days 00:26:51.400000
8,1,1,True,1,0.85,0,0.12,2,0.03,3,0.0,4,0.0,1,0 days 00:53:32.700000
8,1,2,False,2,0.7691666666666667,1,0.23083333333333336,0,0.0,3,0.0,4,0.0,2,0 days 01:47:06.200000
8,2,4,False,4,0.57,0,0.27,6,0.08833333333333333,1,0.07166666666666666,3,0.0,6,0 days 03:34:56.600000
8,1,2,False,2,0.94,1,0.06,0,0.0,3,0.0,4,0.0,2,0 days 02:22:59.700000
8,1,2,False,2,0.94,7,0.05,5,0.01,0,0.0,3,0.0,6,0 days 02:58:55.800000
8,2,0,False,0,0.72,6,0.21,1,0.06,2,0.01,3,0.0,4,0 days 03:39:47.400000
8,2,1,False,1,0.54,2,0.38916666666666666,0,0.07083333333333333,3,0.0,4,0.0,2,0 days 00:26:49.200000
8,1,0,False,0,0.82,2,0.1332142857142857,8,0.04678571428571429,1,0.0,4,0.0,4,0 days 05:21:22.800000
8,2,6,False,6,0.53,2,0.44,1,0.03,0,0.0,3,0.0,2,0 days 02:24:49.300000
8,1,2,False,2,0.77,1,0.17,0,0.06,3,0.0,4,0.0,2,0 days 04:28:08
8,2,2,True,2,0.68,0,0.23,6,0.08,1,0.01,3,0.0,1,0 days 03:13:41
8,2,1,False,1,0.72,2,0.27,0,0.01,3,0.0,4,0.0,2,0 days 00:26:59.900000
8,1,2,False,2,0.88,6,0.11,1,0.01,0,0.0,3,0.0,3,0 days 01:49:56.200000
8,2,4,False,4,0.6,1,0.24,7,0.12,6,0.03,0,0.01,6,0 days 04:29:59
8,2,2,True,2,0.64,0,0.27,1,0.08,4,0.01,3,0.0,1,0 days 00:33:58.500000
8,2,1,False,1,0.55,2,0.23383333333333334,0,0.21616666666666667,3,0.0,4,0.0,2,0 days 00:26:49.700000
8,6,2,False,2,0.63,6,0.23,0,0.14,1,0.0,3,0.0,2,0 days 00:26:35.100000
8,7,2,False,2,0.91,1,0.09,0,0.0,3,0.0,4,0.0,8,0 days 00:42:29.200000
8,2,1,False,1,0.6,6,0.24,4,0.11,2,0.05,3,0.0,4,0 days 03:21:54.900000
8,2,1,False,1,0.93,2,0.07,0,0.0,3,0.0,4,0.0,2,0 days 01:47:14.400000
8,2,5,False,5,0.62,2,0.23,1,0.15,0,0.0,3,0.0,2,0 days 01:54:31.400000
8,1,0,False,0,0.59,5,0.28,1,0.09,7,0.04,3,0.0,3,0 days 00:40:19.400000
8,7,2,False,2,0.97,6,0.03,1,0.0,0,0.0,3,0.0,8,0 days 00:05:34.700000
8,7,2,False,2,0.76,7,0.2,1,0.04,0,0.0,3,0.0,2,0 days 00:46:04.800000
8,2,0,False,0,0.63,2,0.3,1,0.07,3,0.0,4,0.0,2,0 days 00:27:12.500000
8,3,2,False,2,0.64,1,0.36,0,0.0,3,0.0,4,0.0,4,0 days 01:58:32.800000
8,0,1,False,1,0.85,0,0.12,2,0.03,3,0.0,4,0.0,2,0 days 00:53:32.800000
8,1,4,False,4,0.68,5,0.2975,1,0.0225,0,0.0,3,0.0,3,0 days 00:53:53.200000
8,2,2,True,2,0.97,7,0.03,1,0.0,0,0.0,3,0.0,1,0 days 02:31:39.500000
8,1,2,False,2,0.94,0,0.05,1,0.01,3,0.0,4,0.0,3,0 days 02:40:58.300000
9,2,1,False,1,0.86,8,0.09,6,0.04,2,0.01,3,0.0,4,0 days 03:35:27.700000
9,7,6,False,6,0.93,0,0.05,4,0.02,1,0.0,3,0.0,8,0 days 00:53:46.200000
9,5,6,False,6,0.63,5,0.37,0,0.0,1,0.0,3,0.0,2,0 days 00:53:56.400000
9,5,5,True,5,0.61,0,0.25,7,0.12,1,0.01,2,0.01,1,0 days 00:54:59.300000
9,3,4,False,4,0.64,1,0.22,7,0.065,0,0.065,6,0.01,7,0 days 01:48:05
9,5,2,False,2,0.63,7,0.25,1,0.08,0,0.04,3,0.0,7,0 days 01:52:17.300000
9,6,1,False,1,0.87,7,0.07,2,0.05,0,0.01,3,0.0,8,0 days 04:31:41.400000
9,4,0,False,0,0.67,7,0.3,6,0.03,1,0.0,3,0.0,8,0 days 04:55:23.500000
9,7,6,False,6,0.67,2,0.19,0,0.09,7,0.04,1,0.01,4,0 days 00:53:48.200000
9,6,1,False,1,0.58,2,0.38,6,0.04,0,0.0,3,0.0,3,0 days 00:22:54.500000
9,7,2,False,2,1.0,0,0.0,1,0.0,3,0.0,4,0.0,8,0 days 00:38:04.900000
9,7,7,True,7,0.64,2,0.19,5,0.16,6,0.01,3,0.0,1,0 days 02:55:48
9,6,6,True,6,0.57,0,0.29,7,0.12,1,0.02,3,0.0,1,0 days 05:22:19.900000
9,4,7,False,7,0.7,6,0.29,2,0.01,0,0.0,3,0.0,8,0 days 04:01:57.300000
9,1,5,False,5,0.89,6,0.0975,8,0.0125,0,0.0,3,0.0,8,0 days 00:53:56.200000
9,1,2,False,2,1.0,0,0.0,1,0.0,3,0.0,4,0.0,3,0 days 02:23:25.600000
9,1,7,False,7,0.63,4,0.22,2,0.14,1,0.01,3,0.0,4,0 days 00:45:12.500000
9,1,1,True,1,0.63,0,0.27,2,0.1,3,0.0,4,0.0,1,0 days 01:12:38.300000
9,0,6,False,6,0.7,0,0.18,7,0.08,1,0.03,5,0.01,2,0 days 01:27:33.300000
9,1,0,False,0,0.58,6,0.23116666666666671,5,0.18383333333333332,4,0.005,3,0.0,7,0 days 00:54:28.300000
9,0,4,False,4,0.67,1,0.18,6,0.09,2,0.05,7,0.01,6,0 days 04:01:53.800000
9,1,0,False,0,0.56,2,0.31,8,0.11,1,0.01,6,0.01,4,0 days 03:16:15
9,0,6,False,6,0.62,1,0.19,3,0.13,5,0.06,2,0.0,6,0 days 02:59:39.300000
9,0,1,False,1,0.62,4,0.23,0,0.14,7,0.01,3,0.0,3,0 days 04:14:59.100000
9,0,4,False,4,0.64,6,0.24,1,0.06,7,0.04,0,0.02,5,0 days 04:55:58.700000
9,5,5,True,5,0.74,6,0.26,0,0.0,1,0.0,3,0.0,1,0 days 00:54:39.400000
9,6,7,False,7,0.74,0,0.23,2,0.03,1,0.0,3,0.0,8,0 days 04:09:48.400000
9,5,6,False,6,0.62,0,0.25,1,0.08,5,0.03,7,0.02,4,0 days 00:54:21.300000
9,4,1,False,1,0.86,6,0.1,7,0.03,0,0.01,3,0.0,8,0 days 00:29:20.200000
9,4,0,False,0,0.71,7,0.18,8,0.1,2,0.01,3,0.0,6,0 days 05:00:24.400000
9,5,5,True,5,0.81,6,0.14,1,0.05,0,0.0,3,0.0,1,0 days 00:54:15.200000
9,6,7,False,7,0.89,2,0.09,5,0.02,0,0.0,3,0.0,8,0 days 00:08:14
9,6,6,True,6,0.65,5,0.17350000000000002,3,0.13649999999999998,1,0.04,2,0.0,1,0 days 00:53:59.800000
9,6,1,False,1,0.76,2,0.24,0,0.0,3,0.0,4,0.0,7,0 days 00:48:26.100000
9,4,2,False,2,0.91,0,0.08,1,0.01,3,0.0,4,0.0,5,0 days 03:22:15
9,6,0,False,0,0.65,6,0.32,7,0.03,1,0.0,3,0.0,2,0 days 01:28:54.900000
9,0,0,True,0,0.68,2,0.2,1,0.11,7,0.01,3,0.0,1,0 days 03:28:24.300000
9,0,2,False,2,0.86,4,0.08,6,0.06,0,0.0,3,0.0,4,0 days 03:35:52.900000
9,0,5,False,5,0.5466666666666667,6,0.39333333333333337,2,0.04,0,0.02,3,0.0,4,0 days 01:21:28.900000
9,5,7,False,7,0.5175000000000002,6,0.4624999999999998,1,0.02,0,0.0,3,0.0,7,0 days 00:54:03.900000
9,7,2,False,2,0.62,8,0.2,6,0.1,0,0.08,3,0.0,9,0 days 02:41:24.800000
9,4,1,False,1,0.7,0,0.19,4,0.08,7,0.02,6,0.01,3,0 days 04:28:40.800000
9,5,6,False,6,0.64,2,0.28,5,0.08,0,0.0,3,0.0,3,0 days 01:21:19.700000
9,5,6,False,6,0.7,5,0.19,0,0.06,2,0.05,3,0.0,2,0 days 03:19:18.600000
9,0,0,True,0,0.67,2,0.29,4,0.04,1,0.0,3,0.0,1,0 days 05:08:59.300000
9,5,1,False,1,0.84,4,0.11,5,0.03,0,0.01,7,0.01,3,0 days 01:20:52.300000
9,5,6,False,6,0.67,0,0.17,1,0.14,2,0.02,3,0.0,7,0 days 03:10:40.600000
9,4,7,False,7,0.63,1,0.21,6,0.12,2,0.03,8,0.01,9,0 days 01:22:24.900000
9,7,1,False,1,0.68,6,0.272,7,0.04800000000000001,0,0.0,3,0.0,3,0 days 00:54:03.500000
9,7,1,False,1,0.71,0,0.15,2,0.14,3,0.0,4,0.0,8,0 days 04:28:50.800000
9,7,2,False,2,0.83,1,0.12,5,0.03,3,0.01,4,0.01,8,0 days 02:58:52.600000
9,1,7,False,7,0.79,2,0.19,6,0.02,0,0.0,3,0.0,6,0 days 00:56:31.400000
9,1,7,False,7,0.79,1,0.17,5,0.04,0,0.0,3,0.0,2,0 days 01:07:24.300000
9,1,0,False,0,0.79,4,0.12,6,0.09,1,0.0,3,0.0,4,0 days 03:08:16.400000
9,0,0,True,0,0.71,5,0.29,2,0.0,1,0.0,3,0.0,1,0 days 04:31:10.500000
9,0,7,False,7,0.68,0,0.25,2,0.05,6,0.02,3,0.0,2,0 days 05:56:52.800000
9,1,6,False,6,0.92,7,0.06,0,0.02,1,0.0,3,0.0,4,0 days 04:02:39.600000
9,0,6,False,6,0.68,1,0.19,0,0.13,2,0.0,3,0.0,3,0 days 04:33:38.700000
9,0,6,False,6,0.68,1,0.19,0,0.13,2,0.0,3,0.0,3,0 days 04:33:31.800000
9,2,2,True,2,1.0,0,0.0,1,0.0,3,0.0,4,0.0,1,0 days 01:47:22.300000
9,0,0,True,0,0.89,1,0.1,7,0.01,2,0.0,3,0.0,1,0 days 03:08:55.200000
9,1,6,False,6,0.67,1,0.23,0,0.07,2,0.03,3,0.0,2,0 days 00:29:33.900000
9,1,0,False,0,0.79,4,0.12,6,0.09,1,0.0,3,0.0,4,0 days 03:08:16.600000
9,4,0,False,0,0.72,1,0.22,7,0.06,2,0.0,3,0.0,6,0 days 01:20:59.300000
9,6,6,True,6,0.6,0,0.28,7,0.1,4,0.02,3,0.0,1,0 days 04:01:45.500000
9,6,6,True,6,0.61,2,0.24,8,0.09,0,0.06,3,0.0,1,0 days 02:41:24.600000
9,6,2,False,2,0.4579999999999999,4,0.42200000000000015,6,0.09,7,0.03,3,0.0,3,0 days 04:41:52.400000
9,6,4,False,4,0.53,0,0.34,1,0.12,5,0.01,3,0.0,7,0 days 03:41:09.900000
9,6,4,False,4,0.59,2,0.29,0,0.11,1,0.01,3,0.0,7,0 days 04:04:12.700000
9,4,6,False,6,0.79,4,0.19,0,0.02,1,0.0,3,0.0,2,0 days 03:35:16.500000
9,6,1,False,1,0.68,6,0.272,7,0.04800000000000001,0,0.0,3,0.0,2,0 days 00:54:03.500000
9,4,2,False,2,0.61,6,0.25,0,0.08,1,0.06,3,0.0,6,0 days 04:55:16.700000
9,6,6,True,6,0.65,5,0.28,1,0.07,0,0.0,3,0.0,1,0 days 00:54:14.500000
9,5,1,False,1,0.69,0,0.22,2,0.09,3,0.0,4,0.0,6,0 days 01:10:53.200000
9,6,0,False,0,0.65,1,0.26,4,0.09,2,0.0,3,0.0,7,0 days 03:12:54.300000
9,1,2,False,2,0.7,1,0.29,6,0.01,0,0.0,3,0.0,2,0 days 02:14:33.300000
9,6,6,True,6,0.58,0,0.24,2,0.18,1,0.0,3,0.0,1,0 days 01:47:44.100000
9,6,2,False,2,0.62,0,0.22,1,0.12,7,0.04,3,0.0,8,0 days 04:28:32.200000
9,7,2,False,2,0.94,1,0.03,7,0.03,0,0.0,3,0.0,3,0 days 00:46:35.800000
9,6,1,False,1,0.74,0,0.17,6,0.09,2,0.0,3,0.0,3,0 days 02:41:22.800000
9,4,0,False,0,0.61,7,0.3,4,0.05,6,0.03,2,0.01,3,0 days 03:35:40.200000
9,6,0,False,0,0.69,4,0.25,7,0.03,1,0.03,3,0.0,8,0 days 04:03:16.600000
9,7,7,True,7,0.89,2,0.09,5,0.02,0,0.0,3,0.0,1,0 days 00:07:59.300000
9,5,7,False,7,0.65,5,0.25,6,0.1,0,0.0,3,0.0,2,0 days 00:53:49.100000
9,5,2,False,2,0.595,6,0.37,3,0.03,5,0.005,0,0.0,4,0 days 03:07:55.800000
9,7,7,True,7,0.7,2,0.23,5,0.07,0,0.0,3,0.0,1,0 days 00:08:30.500000
9,7,6,False,6,0.85,4,0.06,5,0.05,7,0.04,3,0.0,4,0 days 01:20:54.600000
9,7,8,False,8,0.66,1,0.2,2,0.11,4,0.03,3,0.0,9,0 days 03:36:59
9,7,5,False,5,0.72,3,0.18,2,0.06,1,0.04,0,0.0,8,0 days 01:55:55.600000
9,7,0,False,0,0.69,1,0.29,2,0.01,4,0.01,3,0.0,8,0 days 02:47:23.700000
9,7,7,True,7,0.72,6,0.26,2,0.02,0,0.0,3,0.0,1,0 days 00:56:35.200000
9,0,8,False,8,0.63,4,0.19,1,0.12,0,0.05,6,0.01,4,0 days 03:35:22.400000
9,7,0,False,0,0.69,6,0.31,2,0.0,1,0.0,3,0.0,8,0 days 04:33:08.100000
9,7,7,True,7,0.86,0,0.14,2,0.0,1,0.0,3,0.0,1,0 days 04:09:34.300000
9,4,6,False,6,0.68,0,0.24,7,0.08,1,0.0,3,0.0,8,0 days 04:01:48.400000
9,2,2,True,2,0.6575,1,0.3325,0,0.01,3,0.0,4,0.0,1,0 days 00:35:04.200000
9,0,6,False,6,0.64,4,0.24,1,0.08,2,0.04,3,0.0,6,0 days 05:22:12.600000
9,0,2,False,2,0.89,6,0.06,1,0.04,0,0.01,3,0.0,4,0 days 04:55:14.400000
9,0,0,True,0,0.63,6,0.26,7,0.11,1,0.0,3,0.0,1,0 days 04:01:46.200000
9,0,6,False,6,0.71,0,0.26,1,0.02,2,0.01,3,0.0,2,0 days 03:08:36.300000
9,0,0,True,0,0.59,5,0.23,6,0.1,2,0.07,4,0.01,1,0 days 02:46:04.600000
9,1,2,False,2,0.68,1,0.31,0,0.01,3,0.0,4,0.0,2,0 days 02:42:31.300000
9,0,1,False,1,0.61,2,0.31,0,0.08,3,0.0,4,0.0,3,0 days 00:36:53.800000
9,0,2,False,2,0.7,1,0.29,6,0.01,0,0.0,3,0.0,4,0 days 00:33:48.500000
9,0,2,False,2,0.85,1,0.13,0,0.02,3,0.0,4,0.0,3,0 days 00:27:12.700000
9,0,4,False,4,0.59,1,0.28,2,0.1,0,0.03,3,0.0,4,0 days 00:27:24.800000
9,2,2,True,2,0.65,6,0.35,1,0.0,0,0.0,3,0.0,1,0 days 00:24:23.700000
9,2,1,False,1,0.69,8,0.18,7,0.08,6,0.05,3,0.0,6,0 days 03:08:05.900000
9,5,5,True,5,0.5202619047619048,0,0.4597380952380952,6,0.01,8,0.01,3,0.0,1,0 days 00:53:55.300000
9,6,1,False,1,0.69,7,0.25,0,0.04,2,0.02,3,0.0,8,0 days 04:31:35.400000
9,1,7,False,7,0.74,6,0.2,0,0.06,1,0.0,3,0.0,4,0 days 04:01:47.500000
9,5,1,False,1,0.74,2,0.26,0,0.0,3,0.0,4,0.0,6,0 days 04:28:22.300000
9,5,5,True,5,0.5202619047619048,0,0.4597380952380952,8,0.02,2,0.0,3,0.0,1,0 days 00:53:55.400000
9,8,4,False,4,0.66,2,0.2,1,0.11,7,0.03,3,0.0,9,0 days 02:16:04.300000
9,6,6,True,6,0.67,0,0.31,2,0.02,1,0.0,3,0.0,1,0 days 04:32:45.900000
9,6,5,False,5,0.7358333333333333,6,0.19,0,0.07416666666666667,1,0.0,3,0.0,2,0 days 00:53:55
9,6,5,False,5,0.61,2,0.3,7,0.05,0,0.04,3,0.0,8,0 days 01:21:30.900000
9,6,7,False,7,0.61,1,0.3,4,0.07,0,0.02,3,0.0,8,0 days 03:34:49.800000
9,8,6,False,6,0.69,2,0.22,0,0.07,1,0.01,5,0.01,9,0 days 03:37:56.400000
9,6,6,True,6,0.4743333333333333,5,0.37566666666666676,0,0.14,7,0.01,3,0.0,1,0 days 00:54:27.800000
9,6,0,False,0,0.57,4,0.26,2,0.1,1,0.04033333333333333,6,0.019666666666666666,5,0 days 03:08:01.200000
9,6,6,True,6,0.65,5,0.23,1,0.12,0,0.0,3,0.0,1,0 days 00:54:14.300000
9,1,2,False,2,0.71,0,0.16,1,0.13,3,0.0,4,0.0,3,0 days 02:41:05.900000
9,6,0,False,0,0.64,1,0.26,6,0.1,2,0.0,3,0.0,3,0 days 02:43:19
9,6,5,False,5,0.73,0,0.16,2,0.07,4,0.02,6,0.02,5,0 days 01:21:22.700000
9,1,2,False,2,0.6,0,0.27,1,0.13,3,0.0,4,0.0,3,0 days 02:14:19.400000
9,6,2,False,2,1.0,0,0.0,1,0.0,3,0.0,4,0.0,7,0 days 03:07:13.700000
9,7,7,True,7,0.7533333333333333,1,0.23,0,0.016666666666666666,2,0.0,3,0.0,1,0 days 00:58:09.300000
9,8,0,False,0,0.76,2,0.22,5,0.02,1,0.0,3,0.0,9,0 days 02:14:51.700000
9,7,7,True,7,0.89,4,0.1,5,0.01,0,0.0,3,0.0,1,0 days 00:55:32.200000
9,7,4,False,4,0.5102619047619047,5,0.44973809523809527,7,0.04,0,0.0,3,0.0,3,0 days 00:54:31.800000
9,1,0,False,0,0.62,6,0.25,1,0.1,2,0.03,3,0.0,3,0 days 00:29:36.700000
9,1,0,False,0,0.66,1,0.24,6,0.07,3,0.03,2,0.0,2,0 days 02:41:17.900000
9,1,2,False,2,0.8933333333333333,1,0.10666666666666667,0,0.0,3,0.0,4,0.0,2,0 days 02:14:15.100000
9,0,2,False,2,0.7,0,0.28,1,0.01,3,0.01,4,0.0,2,0 days 04:22:58
9,1,0,False,0,0.67,1,0.28,2,0.05,3,0.0,4,0.0,2,0 days 03:08:21.300000
9,1,0,False,0,0.64,4,0.23,2,0.09,6,0.04,3,0.0,6,0 days 02:41:20.300000
9,2,1,False,1,0.62,6,0.32,5,0.04,2,0.02,3,0.0,4,0 days 01:20:40.200000
9,1,0,False,0,0.87,6,0.08,2,0.05,1,0.0,3,0.0,4,0 days 02:14:26.400000
9,0,2,False,2,0.7,1,0.3,0,0.0,3,0.0,4,0.0,3,0 days 02:14:16.800000
9,0,4,False,4,0.71,6,0.18,0,0.07,5,0.04,3,0.0,3,0 days 00:54:09.600000
9,2,2,True,2,0.71,6,0.25,0,0.04,1,0.0,3,0.0,1,0 days 01:25:51
9,0,1,False,1,0.48669047619047634,0,0.41580952380952385,6,0.07,2,0.0275,3,0.0,2,0 days 00:26:57.100000
9,2,2,True,2,0.98,6,0.02,1,0.0,0,0.0,3,0.0,1,0 days 04:55:11.300000
9,2,5,False,5,0.7,2,0.3,1,0.0,0,0.0,3,0.0,2,0 days 02:07:25.300000
9,2,1,False,1,0.7,7,0.25,0,0.04,2,0.01,3,0.0,4,0 days 01:52:38
9,2,5,False,5,0.67,4,0.16,1,0.12,6,0.05,3,0.0,6,0 days 00:54:43.800000
9,1,1,True,1,0.9,6,0.08,2,0.02,0,0.0,3,0.0,1,0 days 00:33:23.700000
9,2,2,True,2,0.76,1,0.24,0,0.0,3,0.0,4,0.0,1,0 days 00:35:51
9,2,1,False,1,0.73,2,0.23,7,0.04,0,0.0,3,0.0,2,0 days 04:28:22.900000
9,2,2,True,2,1.0,0,0.0,1,0.0,3,0.0,4,0.0,1,0 days 02:30:33.700000
9,2,2,True,2,0.74,6,0.24,7,0.01,0,0.01,3,0.0,1,0 days 02:15:37.500000
9,1,2,False,2,0.76,1,0.24,0,0.0,3,0.0,4,0.0,2,0 days 00:35:52.200000
9,2,2,True,2,0.68,1,0.3,6,0.02,0,0.0,3,0.0,1,0 days 03:07:48
9,2,5,False,5,0.65,1,0.1635,6,0.13649999999999998,2,0.03,0,0.02,4,0 days 03:08:02.400000
9,2,6,False,6,0.93,0,0.05,4,0.02,1,0.0,3,0.0,6,0 days 00:53:46.100000
9,2,0,False,0,0.67,1,0.25,7,0.08,2,0.0,3,0.0,4,0 days 03:34:50.400000
9,2,2,True,2,0.66,6,0.21,1,0.13,0,0.0,3,0.0,1,0 days 04:01:32.700000
9,0,1,False,1,0.54,2,0.46,0,0.0,3,0.0,4,0.0,3,0 days 01:02:12.800000
9,3,2,False,2,0.96,5,0.02,6,0.02,0,0.0,3,0.0,5,0 days 01:45:11.100000
9,2,2,True,2,0.96,1,0.04,0,0.0,3,0.0,4,0.0,1,0 days 04:28:18.100000
9,2,0,False,0,0.7,6,0.18,7,0.08,1,0.03,5,0.01,6,0 days 01:27:30.900000
9,0,6,False,6,0.67,2,0.18,1,0.15,0,0.0,3,0.0,4,0 days 01:23:30.900000
9,2,1,False,1,0.91,7,0.05,6,0.04,0,0.0,3,0.0,6,0 days 01:07:00.100000
9,2,2,True,2,1.0,0,0.0,1,0.0,3,0.0,4,0.0,1,0 days 01:43:21.300000
9,1,5,False,5,0.55,2,0.44,3,0.01,1,0.0,0,0.0,4,0 days 01:41:18.500000
9,0,1,False,1,0.47669047619047633,0,0.42580952380952375,6,0.07,2,0.0275,3,0.0,2,0 days 00:26:57
9,1,2,False,2,0.61,4,0.28,7,0.1,1,0.01,3,0.0,4,0 days 00:43:50.700000
9,2,1,False,1,0.6,2,0.37,5,0.02,0,0.01,3,0.0,2,0 days 01:56:16
9,2,1,False,1,0.6433333333333334,2,0.34666666666666673,0,0.01,3,0.0,4,0.0,2,0 days 00:53:38.700000
9,2,1,False,1,0.8,2,0.2,0,0.0,3,0.0,4,0.0,2,0 days 00:32:18.800000
9,2,1,False,1,0.61,2,0.39,0,0.0,3,0.0,4,0.0,2,0 days 00:36:58.600000
9,2,2,True,2,1.0,0,0.0,1,0.0,3,0.0,4,0.0,1,0 days 02:00:11.700000
9,2,0,False,0,0.65,7,0.21,6,0.1,2,0.04,3,0.0,4,0 days 03:11:55.800000
9,2,2,True,2,0.87,0,0.12,3,0.01,1,0.0,4,0.0,1,0 days 02:28:57.800000
9,2,7,False,7,0.68,6,0.19,1,0.11,2,0.01,5,0.01,4,0 days 01:21:01.100000
9,2,1,False,1,0.85,0,0.11,2,0.02,7,0.02,3,0.0,3,0 days 02:13:41.300000
9,2,4,False,4,0.61,1,0.24,2,0.11,7,0.04,3,0.0,3,0 days 00:10:02.700000
9,0,1,False,1,0.63,0,0.33,6,0.03,7,0.01,3,0.0,2,0 days 01:52:47.200000
9,2,2,True,2,0.77,1,0.21,7,0.02,0,0.0,3,0.0,1,0 days 00:39:20.400000
9,2,6,False,6,0.63,1,0.31,2,0.06,0,0.0,3,0.0,3,0 days 03:24:23.400000
9,2,6,False,6,0.58,0,0.24,2,0.18,1,0.0,3,0.0,3,0 days 01:47:44.100000
9,2,0,False,0,0.63,2,0.24,7,0.1,6,0.02,1,0.01,2,0 days 04:07:38.700000
9,2,2,True,2,0.92,5,0.08,1,0.0,0,0.0,3,0.0,1,0 days 02:06:18.600000
9,3,7,False,7,0.94,5,0.05,1,0.01,0,0.0,3,0.0,5,0 days 01:07:25.700000
9,2,0,False,0,0.72,4,0.2,1,0.07,2,0.01,3,0.0,4,0 days 04:15:24.900000
9,2,1,False,1,0.8,6,0.16,3,0.03,2,0.01,0,0.0,4,0 days 03:10:12.400000
9,2,2,True,2,0.6,1,0.32,0,0.08,3,0.0,4,0.0,1,0 days 02:22:00.500000
9,2,2,True,2,0.99,5,0.01,1,0.0,0,0.0,3,0.0,1,0 days 02:04:46.500000
9,2,1,False,1,0.94,0,0.06,2,0.0,3,0.0,4,0.0,3,0 days 03:48:13
9,2,2,True,2,0.99,3,0.01,1,0.0,0,0.0,4,0.0,1,0 days 02:03:19.900000
9,2,6,False,6,0.74,2,0.23,0,0.03,1,0.0,3,0.0,2,0 days 00:26:09.500000
9,2,6,False,6,0.69,2,0.29,4,0.02,0,0.0,3,0.0,2,0 days 03:35:58
9,1,0,False,0,0.72,4,0.2,1,0.07,2,0.01,3,0.0,3,0 days 04:15:26.200000
9,1,0,False,0,0.67,2,0.29,1,0.04,3,0.0,4,0.0,3,0 days 04:28:12.900000
9,1,6,False,6,0.63,0,0.24,4,0.13,1,0.0,3,0.0,4,0 days 04:02:51.400000
9,1,7,False,7,0.89,2,0.09,5,0.02,0,0.0,3,0.0,6,0 days 00:08:05.600000
9,1,7,False,7,0.67,2,0.25,1,0.08,0,0.0,3,0.0,3,0 days 00:17:43.400000
9,0,2,False,2,0.92,0,0.07,1,0.01,3,0.0,4,0.0,2,0 days 00:26:50.500000
9,0,0,True,0,0.93,6,0.03,2,0.0275,1,0.0125,3,0.0,1,0 days 00:26:43.200000
9,0,0,True,0,0.69,6,0.31,2,0.0,1,0.0,3,0.0,1,0 days 06:44:24.700000
9,2,5,False,5,0.69,4,0.15,0,0.13,1,0.03,3,0.0,6,0 days 01:20:52.900000
9,1,6,False,6,0.95,5,0.03,7,0.02,0,0.0,3,0.0,7,0 days 01:20:45.500000
9,2,5,False,5,0.67,0,0.19,1,0.07999999999999999,2,0.06,3,0.0,4,0 days 01:20:43.100000
9,1,2,False,2,0.57,1,0.31,4,0.1,5,0.02,3,0.0,2,0 days 00:09:32.900000
9,1,1,True,1,0.59,4,0.23,0,0.13,7,0.04,6,0.01,1,0 days 04:14:06.400000
9,1,2,False,2,0.76,7,0.13,1,0.11,0,0.0,3,0.0,3,0 days 01:02:47.600000
9,1,2,False,2,0.65,1,0.24,0,0.11,3,0.0,4,0.0,2,0 days 02:51:46.400000
9,1,1,True,1,0.64,3,0.22,2,0.11,4,0.02,6,0.01,1,0 days 03:09:28.700000
9,1,2,False,2,0.98,0,0.01,1,0.01,3,0.0,4,0.0,3,0 days 00:26:49.600000
9,2,2,True,2,0.96,7,0.04,1,0.0,0,0.0,3,0.0,1,0 days 02:30:44
9,2,0,False,0,0.59,6,0.3,2,0.07,1,0.02,5,0.02,3,0 days 01:35:26.500000
9,2,2,True,2,0.91,7,0.09,1,0.0,0,0.0,3,0.0,1,0 days 02:52:41.800000
9,2,2,True,2,0.66,7,0.185,0,0.105,6,0.05,3,0.0,1,0 days 00:30:32.400000
9,2,4,False,4,0.59,1,0.23,2,0.1,0,0.07,6,0.01,3,0 days 04:04:06.200000
9,2,7,False,7,0.85,1,0.14,2,0.01,0,0.0,3,0.0,3,0 days 02:53:46.700000
9,2,5,False,5,0.75,2,0.14,1,0.11,0,0.0,3,0.0,2,0 days 01:14:22.800000
9,2,0,False,0,0.79,1,0.21,2,0.0,3,0.0,4,0.0,3,0 days 00:27:17.500000
9,1,0,False,0,0.62,5,0.19,1,0.11,6,0.07,2,0.01,3,0 days 00:27:01.400000
9,2,4,False,4,0.63,0,0.33,1,0.04,2,0.0,3,0.0,4,0 days 03:12:45
9,1,2,False,2,0.62,1,0.29,8,0.08,7,0.01,3,0.0,2,0 days 01:24:13
9,2,4,False,4,0.54,6,0.33,1,0.13,0,0.0,3,0.0,6,0 days 01:21:06.700000
9,1,7,False,7,0.97,6,0.03,0,0.0,1,0.0,3,0.0,4,0 days 00:56:41.200000
9,2,2,True,2,0.98,1,0.02,0,0.0,3,0.0,4,0.0,1,0 days 02:18:06.800000
9,2,2,True,2,0.97,1,0.02,0,0.01,3,0.0,4,0.0,1,0 days 02:54:24.300000
9,2,2,True,2,0.99,1,0.01,0,0.0,3,0.0,4,0.0,1,0 days 03:34:37.200000
9,2,2,True,2,0.96,7,0.04,1,0.0,0,0.0,3,0.0,1,0 days 02:31:35.900000
9,2,2,True,2,0.85,1,0.09,7,0.06,0,0.0,3,0.0,1,0 days 00:11:15.100000
10,1,2,False,2,0.67,1,0.28,4,0.04,7,0.01,3,0.0,2,0 days 00:09:47.200000
10,1,7,False,7,0.93,1,0.07,2,0.0,0,0.0,3,0.0,2,0 days 00:58:08.300000
10,3,2,False,2,0.98,1,0.02,0,0.0,3,0.0,4,0.0,4,0 days 02:02:46.300000
10,4,2,False,2,0.67,1,0.33,0,0.0,3,0.0,4,0.0,5,0 days 01:23:37.900000
10,5,7,False,7,0.34202380952380956,5,0.3385714285714284,4,0.30940476190476185,6,0.01,3,0.0,2,0 days 00:54:32.200000
10,7,6,False,6,0.53,5,0.21866666666666665,7,0.20833333333333331,3,0.033,1,0.01,3,0 days 00:53:58.900000
10,7,0,False,0,0.66,1,0.23,7,0.11,2,0.0,3,0.0,3,0 days 00:58:44.600000
10,6,7,False,7,0.62,6,0.35,0,0.02,1,0.01,3,0.0,2,0 days 05:22:22.800000
10,6,5,False,5,0.65,6,0.23,8,0.09,2,0.02,4,0.01,2,0 days 01:22:48
10,5,5,True,5,0.73,1,0.27,2,0.0,0,0.0,3,0.0,1,0 days 00:54:15.400000
10,7,1,False,1,0.88,0,0.12,2,0.0,3,0.0,4,0.0,8,0 days 00:28:00
10,4,5,False,5,0.98,6,0.02,0,0.0,1,0.0,3,0.0,7,0 days 00:54:05.700000
10,4,0,False,0,0.59,7,0.23,2,0.13,1,0.03,6,0.01,6,0 days 03:34:55.800000
10,7,1,False,1,0.6,2,0.28,7,0.061,6,0.059000000000000004,3,0.0,3,0 days 00:53:44.800000
10,6,7,False,7,0.71,6,0.23,4,0.06,0,0.0,3,0.0,2,0 days 05:22:55.900000
10,6,0,False,0,0.59,4,0.24,2,0.12,1,0.03,6,0.02,5,0 days 05:22:12.700000
10,6,1,False,1,0.66,7,0.24,4,0.07,5,0.02,6,0.01,5,0 days 00:54:02.400000
10,7,5,False,5,0.66,7,0.23,6,0.09,8,0.02,3,0.0,2,0 days 00:57:17.800000
10,1,4,False,4,0.87,7,0.13,0,0.0,1,0.0,3,0.0,4,0 days 00:55:30.200000
10,0,1,False,1,0.66,2,0.2,4,0.1,0,0.04,3,0.0,4,0 days 04:15:29.500000
10,1,2,False,2,0.97,0,0.02,1,0.01,3,0.0,4,0.0,3,0 days 02:17:33.100000
10,1,2,False,2,0.98,0,0.01,1,0.01,3,0.0,4,0.0,3,0 days 01:56:48.800000
10,0,0,True,0,0.58,2,0.32,6,0.06,7,0.04,3,0.0,1,0 days 04:10:18.400000
10,0,1,False,1,0.69,8,0.17,2,0.13,0,0.01,4,0.0,4,0 days 03:16:09.600000
10,0,8,False,8,0.5046666666666667,2,0.4053333333333333,0,0.08,4,0.01,3,0.0,3,0 days 05:22:09.200000
10,0,1,False,1,0.85,2,0.14,0,0.01,3,0.0,4,0.0,3,0 days 02:14:24.400000
10,0,1,False,1,0.91,0,0.04,7,0.04,2,0.01,3,0.0,2,0 days 07:39:16.300000
10,0,0,True,0,0.71,5,0.15,4,0.07,6,0.07,3,0.0,1,0 days 02:46:06.600000
10,5,5,True,5,0.5425,7,0.33,6,0.1275,0,0.0,3,0.0,1,0 days 00:54:04.900000
10,5,6,False,6,0.66,0,0.28,2,0.06,1,0.0,3,0.0,7,0 days 01:21:22.300000
10,6,0,False,0,0.66,2,0.19,7,0.15,1,0.0,3,0.0,8,0 days 05:26:40.300000
10,0,0,True,0,0.86,6,0.13,2,0.01,1,0.0,3,0.0,1,0 days 06:16:06.700000
10,6,1,False,1,0.92,4,0.08,2,0.0,0,0.0,3,0.0,7,0 days 03:34:53.700000
10,4,5,False,5,0.85,8,0.14,7,0.01,0,0.0,3,0.0,7,0 days 02:58:06.600000
10,6,1,False,1,0.55,2,0.37,5,0.07,0,0.01,3,0.0,7,0 days 03:08:02.100000
10,5,1,False,1,0.9,7,0.09,0,0.01,2,0.0,3,0.0,7,0 days 00:40:26
10,6,1,False,1,0.68,2,0.26,0,0.05,8,0.01,4,0.0,7,0 days 03:15:30.300000
10,6,0,False,0,0.84,7,0.14,2,0.02,1,0.0,3,0.0,8,0 days 01:24:59.800000
10,6,4,False,4,0.9,6,0.09,0,0.01,1,0.0,3,0.0,2,0 days 03:35:16.300000
10,6,2,False,2,0.89,5,0.07,0,0.04,1,0.0,3,0.0,7,0 days 01:52:56.300000
10,6,5,False,5,0.66,7,0.23,6,0.09,8,0.02,3,0.0,3,0 days 00:57:17.200000
10,3,2,False,2,0.71,0,0.25,5,0.02,1,0.01,7,0.01,6,0 days 00:13:39.900000
10,4,4,True,4,0.62,1,0.33,2,0.05,0,0.0,3,0.0,1,0 days 01:47:33.800000
10,6,1,False,1,0.64,2,0.25,4,0.09,7,0.02,3,0.0,8,0 days 02:47:00.500000
10,6,0,False,0,0.76,4,0.13,6,0.06999999999999999,5,0.039999999999999994,3,0.0,3,0 days 00:54:10.400000
10,0,0,True,0,0.66,7,0.23,2,0.07,4,0.04,3,0.0,1,0 days 02:47:17.100000
10,7,3,False,3,0.66,6,0.22526190476190477,5,0.08473809523809525,0,0.02,7,0.01,5,0 days 00:54:08.200000
10,4,0,False,0,0.66,1,0.24,7,0.06,2,0.04,3,0.0,6,0 days 02:17:03.300000
10,4,1,False,1,0.68,0,0.25,6,0.05,8,0.02,3,0.0,6,0 days 03:35:20.700000
10,4,3,False,3,0.63,6,0.18,2,0.14,0,0.04,1,0.01,6,0 days 02:14:27.600000
10,7,0,False,0,0.62,4,0.28,6,0.08,7,0.02,3,0.0,4,0 days 05:24:15.300000
10,5,7,False,7,0.865,1,0.08,5,0.05,8,0.005,3,0.0,3,0 days 00:54:19.900000
10,7,6,False,6,0.74,0,0.25,2,0.01,1,0.0,3,0.0,8,0 days 06:16:16.700000
10,5,3,False,3,0.6,2,0.29,1,0.11,0,0.0,4,0.0,6,0 days 02:59:11.800000
10,7,6,False,6,0.71,2,0.18,1,0.11,0,0.0,3,0.0,8,0 days 01:07:03.700000
10,7,1,False,1,0.65,7,0.31,4,0.04,0,0.0,3,0.0,2,0 days 05:49:10.900000
10,7,1,False,1,0.68,7,0.28,0,0.04,2,0.0,3,0.0,2,0 days 00:59:13.900000
10,0,1,False,1,0.65,7,0.28,4,0.07,0,0.0,3,0.0,4,0 days 05:49:06.800000
10,1,6,False,6,0.62,0,0.23,5,0.1,3,0.04,1,0.01,5,0 days 03:00:00.500000
10,1,6,False,6,0.8833333333333334,2,0.11666666666666668,1,0.0,0,0.0,3,0.0,3,0 days 01:47:47.300000
10,0,0,True,0,0.67,2,0.33,1,0.0,3,0.0,4,0.0,1,0 days 05:09:00.900000
10,0,0,True,0,0.69,1,0.24,2,0.06,5,0.01,3,0.0,1,0 days 01:52:53.500000
10,0,1,False,1,0.76,2,0.15,7,0.08,5,0.01,3,0.0,6,0 days 03:17:13.700000
10,6,3,False,3,0.48571428571428577,8,0.3742857142857142,1,0.13,4,0.01,2,0.0,7,0 days 00:54:36.300000
10,5,0,False,0,0.84,4,0.13,6,0.025,5,0.005,3,0.0,4,0 days 00:54:09.900000
10,4,5,False,5,0.62,0,0.24,1,0.1,7,0.03,6,0.01,8,0 days 01:20:56.400000
10,6,0,False,0,0.84,4,0.13,6,0.025,5,0.005,3,0.0,3,0 days 00:54:09.700000
10,6,1,False,1,0.98,2,0.02,0,0.0,3,0.0,4,0.0,7,0 days 02:14:31
10,0,0,True,0,0.64,7,0.34,4,0.02,1,0.0,3,0.0,1,0 days 05:25:58.300000
10,6,7,False,7,0.85,1,0.09,5,0.06,0,0.0,3,0.0,8,0 days 00:53:57.400000
10,6,0,False,0,0.64,1,0.25,4,0.1,6,0.01,3,0.0,4,0 days 04:55:18.800000
10,6,2,False,2,0.59,6,0.29,5,0.1,0,0.02,3,0.0,2,0 days 01:20:40.400000
10,0,0,True,0,0.86,8,0.08,2,0.05,7,0.01,3,0.0,1,0 days 02:41:25.800000
10,1,5,False,5,0.97,4,0.02,1,0.01,0,0.0,3,0.0,3,0 days 00:53:52.900000
10,4,1,False,1,0.66,4,0.21,2,0.1,0,0.03,3,0.0,2,0 days 02:15:13.100000
10,5,6,False,6,0.87,0,0.11,3,0.02,1,0.0,2,0.0,7,0 days 01:30:45.100000
10,6,0,False,0,0.64,1,0.24,4,0.12,2,0.0,3,0.0,7,0 days 02:41:46.600000
10,6,0,False,0,0.54,2,0.23,1,0.16,5,0.04,7,0.03,8,0 days 03:11:06.700000
10,6,0,False,0,0.73,1,0.16,6,0.11,2,0.0,3,0.0,3,0 days 02:41:23.100000
10,4,2,False,2,0.95,0,0.05,1,0.0,3,0.0,4,0.0,5,0 days 02:14:40.400000
10,6,6,True,6,0.87,5,0.13,0,0.0,1,0.0,3,0.0,1,0 days 00:53:52.300000
10,6,3,False,3,0.64,5,0.2,6,0.12,0,0.04,2,0.0,3,0 days 01:31:29
10,5,3,False,3,0.64,5,0.2,2,0.16,1,0.0,0,0.0,2,0 days 01:31:43
10,5,5,True,5,0.4786428571428571,6,0.426357142857143,1,0.08,7,0.015,3,0.0,1,0 days 00:54:04.400000
10,7,5,False,5,0.58,0,0.325,6,0.08,2,0.015,3,0.0,8,0 days 04:01:40.700000
10,7,5,False,5,0.62,1,0.29,6,0.08,7,0.01,3,0.0,4,0 days 01:07:13.900000
10,4,4,True,4,0.92,1,0.08,2,0.0,0,0.0,3,0.0,1,0 days 03:08:08.800000
10,7,1,False,1,0.57,0,0.26,6,0.13,4,0.03,7,0.01,5,0 days 04:01:47.600000
10,1,0,False,0,0.63,6,0.26,1,0.07,2,0.02,7,0.02,3,0 days 03:35:07.700000
10,7,6,False,6,0.66,1,0.21,4,0.1,2,0.02,0,0.01,8,0 days 03:34:49.800000
10,5,2,False,2,0.62,6,0.37,1,0.01,0,0.0,3,0.0,7,0 days 03:37:21
10,7,8,False,8,0.66,5,0.32,7,0.01,6,0.01,3,0.0,3,0 days 00:57:25.600000
10,7,1,False,1,0.61,7,0.34,6,0.05,0,0.0,3,0.0,2,0 days 00:56:40.200000
10,1,4,False,4,0.68,0,0.29,2,0.03,1,0.0,3,0.0,4,0 days 05:04:51.900000
10,6,2,False,2,0.68,3,0.2,1,0.1,0,0.01,6,0.01,5,0 days 02:14:29
10,0,1,False,1,0.85,0,0.1,2,0.05,3,0.0,4,0.0,2,0 days 03:08:21.300000
10,0,4,False,4,0.74,6,0.22,1,0.03,2,0.01,3,0.0,6,0 days 03:41:06.100000
10,0,1,False,1,0.76,6,0.24,2,0.0,0,0.0,3,0.0,4,0 days 02:43:35.300000
10,1,0,False,0,0.73,1,0.2,6,0.05,2,0.02,3,0.0,2,0 days 03:36:20.300000
10,1,1,True,1,0.61,8,0.22,4,0.12,2,0.04,0,0.01,1,0 days 02:16:24.100000
10,1,5,False,5,0.93,6,0.07,0,0.0,1,0.0,3,0.0,4,0 days 00:53:54.300000
10,1,6,False,6,0.62,4,0.27,2,0.11,0,0.0,3,0.0,6,0 days 03:34:57.900000
10,0,6,False,6,0.7,7,0.24,0,0.04,1,0.02,3,0.0,3,0 days 05:22:19.100000
10,0,1,False,1,0.65,2,0.29,6,0.04,0,0.01,3,0.01,4,0 days 03:55:15.800000
10,6,8,False,8,0.4566666666666667,2,0.43333333333333335,0,0.1,1,0.01,4,0.0,7,0 days 02:41:20.900000
10,5,2,False,2,0.96,7,0.04,1,0.0,0,0.0,3,0.0,7,0 days 01:34:46.300000
10,6,4,False,4,1.0,0,0.0,2,0.0,1,0.0,3,0.0,7,0 days 03:34:47.300000
10,8,0,False,0,0.71,4,0.16,7,0.08,2,0.04,6,0.01,9,0 days 05:01:56.900000
10,6,1,False,1,0.69,5,0.18,6,0.13,0,0.0,3,0.0,3,0 days 00:54:00.500000
10,7,2,False,2,0.96,0,0.04,1,0.0,3,0.0,4,0.0,8,0 days 02:14:38.900000
10,2,6,False,6,0.65,0,0.3,1,0.05,2,0.0,3,0.0,4,0 days 00:27:06.800000
10,2,1,False,1,0.96,2,0.04,0,0.0,3,0.0,4,0.0,2,0 days 03:07:59.400000
10,1,0,False,0,0.87,1,0.09,6,0.04,2,0.0,3,0.0,2,0 days 04:28:53.100000
10,6,5,False,5,0.65,2,0.25,6,0.06,4,0.04,3,0.0,3,0 days 00:54:42.100000
10,1,2,False,2,0.6,1,0.4,0,0.0,3,0.0,4,0.0,2,0 days 01:23:36.800000
10,8,7,False,7,0.61,0,0.21,1,0.15,4,0.02,2,0.01,9,0 days 03:34:55.100000
10,5,4,False,4,0.527952380952381,1,0.4120476190476191,5,0.06,0,0.0,3,0.0,3,0 days 00:53:53.100000
10,5,2,False,2,0.75,7,0.18,1,0.05,3,0.02,0,0.0,7,0 days 01:56:03.600000
10,5,5,True,5,0.69,6,0.28,1,0.02,3,0.01,2,0.0,1,0 days 00:54:39.300000
10,7,1,False,1,0.57,2,0.28,7,0.15,0,0.0,3,0.0,3,0 days 00:56:31.200000
10,7,7,True,7,0.9,1,0.05,5,0.05,0,0.0,3,0.0,1,0 days 00:57:48.700000
10,5,7,False,7,0.72,1,0.22,5,0.03666666666666667,6,0.02333333333333333,3,0.0,3,0 days 00:54:20.300000
10,7,4,False,4,0.76,7,0.2,5,0.03,6,0.01,3,0.0,2,0 days 00:55:26.700000
10,1,0,False,0,0.67,1,0.18,2,0.11,4,0.02,6,0.02,2,0 days 02:41:10.200000
10,2,2,True,2,0.83,1,0.15,0,0.02,3,0.0,4,0.0,1,0 days 01:01:54.900000
10,1,2,False,2,0.61,8,0.24,1,0.09,6,0.06,3,0.0,3,0 days 03:35:27.600000
10,1,2,False,2,0.68,6,0.19,3,0.13,1,0.0,0,0.0,4,0 days 03:07:53.400000
10,1,2,False,2,0.6,1,0.25,0,0.13,4,0.01,7,0.01,2,0 days 02:42:30.100000
10,1,1,True,1,0.85,2,0.14,0,0.01,3,0.0,4,0.0,1,0 days 02:14:24.100000
10,1,2,False,2,0.62,6,0.29,5,0.08,0,0.01,3,0.0,6,0 days 01:20:40.100000
10,0,5,False,5,0.72,8,0.21,7,0.07,0,0.0,3,0.0,4,0 days 00:57:33.400000
10,0,7,False,7,0.9,1,0.05,5,0.05,0,0.0,3,0.0,4,0 days 00:57:48.700000
10,1,1,True,1,0.69,5,0.29,2,0.02,0,0.0,3,0.0,1,0 days 01:16:07.800000
10,0,2,False,2,0.71,1,0.23,0,0.06,3,0.0,4,0.0,3,0 days 00:27:17.900000
10,2,5,False,5,0.65,2,0.23,1,0.12,0,0.0,3,0.0,2,0 days 01:13:34.600000
10,2,2,True,2,0.93,7,0.05,1,0.02,0,0.0,3,0.0,1,0 days 01:20:36.600000
10,1,1,True,1,0.59,0,0.34,6,0.05,2,0.02,3,0.0,1,0 days 03:36:19.400000
10,1,2,False,2,0.94,1,0.06,0,0.0,3,0.0,4,0.0,2,0 days 02:41:02.900000
10,2,2,True,2,0.8,5,0.2,1,0.0,0,0.0,3,0.0,1,0 days 01:47:24.400000
10,2,2,True,2,1.0,0,0.0,1,0.0,3,0.0,4,0.0,1,0 days 02:03:39.100000
10,2,5,False,5,0.66,4,0.19,0,0.12,1,0.01,7,0.01,6,0 days 02:00:52.800000
10,2,2,True,2,0.67,7,0.29833333333333334,0,0.021666666666666664,4,0.01,3,0.0,1,0 days 01:47:56.600000
10,2,1,False,1,0.69,8,0.17,2,0.13,7,0.01,3,0.0,3,0 days 03:16:26
10,2,1,False,1,0.64,0,0.26,7,0.05,4,0.04,6,0.01,6,0 days 04:01:42.800000
10,2,1,False,1,0.62,0,0.24,2,0.14,3,0.0,4,0.0,3,0 days 02:54:20.600000
10,2,6,False,6,0.73,0,0.23,3,0.02,2,0.02,1,0.0,4,0 days 03:07:52.200000
10,1,2,False,2,0.67,4,0.22,8,0.08,7,0.03,3,0.0,6,0 days 02:15:53.700000
10,2,2,True,2,0.680952380952381,0,0.25,1,0.06904761904761904,3,0.0,4,0.0,1,0 days 02:14:16
10,1,2,False,2,0.88,0,0.08,1,0.04,3,0.0,4,0.0,3,0 days 00:26:59.600000
10,2,0,False,0,0.6,5,0.23,1,0.12,2,0.05,3,0.0,4,0 days 02:32:44.900000
10,2,1,False,1,0.8173809523809523,2,0.18261904761904763,0,0.0,3,0.0,4,0.0,2,0 days 02:14:15
10,2,0,False,0,0.71,2,0.21,1,0.08,3,0.0,4,0.0,2,0 days 02:40:59.600000
10,0,7,False,7,0.61,0,0.28,2,0.11,1,0.0,3,0.0,2,0 days 02:47:24.700000
10,0,1,False,1,0.75,5,0.22,2,0.01,0,0.01,6,0.01,4,0 days 00:27:01.400000
10,2,2,True,2,0.9,1,0.1,0,0.0,3,0.0,4,0.0,1,0 days 03:22:34.400000
10,1,5,False,5,0.64,7,0.23,0,0.1,1,0.03,3,0.0,4,0 days 03:18:01.300000
10,2,1,False,1,0.7,2,0.26,7,0.04,0,0.0,3,0.0,2,0 days 02:17:21.400000
10,2,2,True,2,0.68,0,0.32,1,0.0,3,0.0,4,0.0,1,0 days 02:14:57.400000
10,2,2,True,2,0.98,0,0.01,1,0.01,3,0.0,4,0.0,1,0 days 01:57:02.400000
10,2,2,True,2,0.67,5,0.19,3,0.11,1,0.03,0,0.0,1,0 days 01:40:19.500000
10,0,6,False,6,0.76,1,0.24,2,0.0,0,0.0,3,0.0,4,0 days 02:43:20.600000
10,1,5,False,5,0.64,0,0.25,2,0.09,6,0.02,3,0.0,6,0 days 01:26:45.100000
10,2,2,True,2,0.98,1,0.02,0,0.0,3,0.0,4,0.0,1,0 days 03:07:43.800000
10,2,7,False,7,0.56,1,0.28,2,0.16,0,0.0,3,0.0,3,0 days 00:12:09
10,1,2,False,2,0.55,7,0.27,0,0.14,1,0.04,3,0.0,4,0 days 01:52:37.800000
10,0,2,False,2,0.9133333333333334,1,0.08666666666666668,0,0.0,3,0.0,4,0.0,3,0 days 00:34:51.100000
10,0,1,False,1,0.64,3,0.187,8,0.163,5,0.01,2,0.0,8,0 days 00:54:36.500000
10,0,1,False,1,0.6,2,0.28,7,0.061,6,0.059000000000000004,3,0.0,6,0 days 00:53:44.800000
10,2,5,False,5,0.64,2,0.36,1,0.0,0,0.0,3,0.0,2,0 days 00:16:20.600000
10,2,1,False,1,0.65,2,0.35,0,0.0,3,0.0,4,0.0,2,0 days 00:16:58.400000
10,2,2,True,2,0.92,6,0.07,7,0.01,0,0.0,3,0.0,1,0 days 00:05:03.300000
10,2,2,True,2,0.86,0,0.1,5,0.02,1,0.01,7,0.01,1,0 days 00:13:37
10,2,5,False,5,0.62,2,0.24,3,0.11,1,0.03,0,0.0,2,0 days 01:40:22.800000
10,2,6,False,6,0.61,2,0.28,5,0.11,0,0.0,3,0.0,2,0 days 00:15:56.200000
10,2,2,True,2,0.83,1,0.12,7,0.05,0,0.0,3,0.0,1,0 days 00:11:13
10,2,2,True,2,0.82,1,0.18,0,0.0,3,0.0,4,0.0,1,0 days 01:47:17
10,1,2,False,2,0.95,1,0.05,0,0.0,3,0.0,4,0.0,2,0 days 03:34:34.100000
10,2,2,True,2,0.97,7,0.01,6,0.01,5,0.01,3,0.0,1,0 days 01:20:38.400000
10,2,2,True,2,0.89,5,0.1,1,0.01,0,0.0,3,0.0,1,0 days 02:08:32.600000
10,2,0,False,0,0.9283333333333332,1,0.07166666666666666,2,0.0,3,0.0,4,0.0,3,0 days 03:08:41.700000
10,1,2,False,2,0.99,4,0.01,1,0.0,0,0.0,3,0.0,3,0 days 01:54:04.600000
10,1,0,False,0,0.7,2,0.3,1,0.0,3,0.0,4,0.0,3,0 days 02:48:43.400000
10,2,3,False,3,0.69,7,0.21,0,0.1,1,0.0,2,0.0,5,0 days 03:50:23.600000
10,2,2,True,2,1.0,0,0.0,1,0.0,3,0.0,4,0.0,1,0 days 01:59:59.100000
10,2,2,True,2,0.67,1,0.33,0,0.0,3,0.0,4,0.0,1,0 days 01:23:39
10,0,8,False,8,0.66,5,0.32,7,0.01,6,0.01,3,0.0,8,0 days 00:57:23.700000
10,2,0,False,0,0.63,7,0.24,6,0.0775,5,0.0525,3,0.0,6,0 days 01:21:31.500000
10,2,2,True,2,1.0,0,0.0,1,0.0,3,0.0,4,0.0,1,0 days 01:37:25.100000
10,0,6,False,6,0.67,0,0.28,2,0.032,1,0.018000000000000002,3,0.0,2,0 days 00:26:42.500000
10,2,2,True,2,0.75,1,0.23,7,0.02,0,0.0,3,0.0,1,0 days 00:42:01.300000
10,2,2,True,2,0.72,5,0.22,4,0.06,0,0.0,3,0.0,1,0 days 01:53:16
10,2,0,False,0,0.54,1,0.3,2,0.16,3,0.0,4,0.0,3,0 days 02:40:54
10,1,6,False,6,0.58,1,0.21,4,0.21,0,0.0,3,0.0,2,0 days 00:29:26.100000
10,2,2,True,2,1.0,0,0.0,1,0.0,3,0.0,4,0.0,1,0 days 03:21:01.900000
10,2,2,True,2,0.99,1,0.01,0,0.0,3,0.0,4,0.0,1,0 days 02:01:32.300000
10,0,5,False,5,0.5425,7,0.33,6,0.1275,0,0.0,3,0.0,4,0 days 00:54:04.900000
10,2,2,True,2,0.76,1,0.15,0,0.09,3,0.0,4,0.0,1,0 days 02:21:59.900000
10,2,2,True,2,0.89,1,0.08,7,0.03,0,0.0,3,0.0,1,0 days 03:23:00
10,1,0,False,0,0.62,4,0.29,1,0.09,2,0.0,3,0.0,3,0 days 06:59:56.500000
10,2,6,False,6,0.88,0,0.1,2,0.01,1,0.01,3,0.0,3,0 days 00:26:37.700000
10,1,2,False,2,0.88,1,0.12,0,0.0,3,0.0,4,0.0,2,0 days 02:40:48.300000
10,2,2,True,2,0.76,6,0.24,1,0.0,0,0.0,3,0.0,1,0 days 03:07:20.100000
10,1,2,False,2,0.88,0,0.08,1,0.04,3,0.0,4,0.0,3,0 days 00:26:59.300000
10,1,2,False,2,0.6,1,0.25,0,0.1,7,0.04,4,0.01,2,0 days 02:42:28.600000
10,0,2,False,2,0.73,1,0.27,0,0.0,3,0.0,4,0.0,3,0 days 02:40:45.900000
10,2,2,True,2,0.71,6,0.26,7,0.03,0,0.0,3,0.0,1,0 days 02:19:55.100000
10,1,2,False,2,0.7,1,0.3,0,0.0,3,0.0,4,0.0,2,0 days 02:40:27
10,2,2,True,2,0.79,1,0.2,6,0.01,0,0.0,3,0.0,1,0 days 00:41:33
10,2,7,False,7,0.62,2,0.38,1,0.0,0,0.0,3,0.0,2,0 days 02:30:51.600000
10,2,7,False,7,0.63,2,0.28,0,0.05,5,0.04,3,0.0,2,0 days 02:20:45.100000
10,2,2,True,2,0.84,1,0.13,6,0.03,0,0.0,3,0.0,1,0 days 02:35:33.100000
10,1,0,False,0,0.66,7,0.23,2,0.11,1,0.0,3,0.0,4,0 days 02:47:23.400000
10,0,0,True,0,0.55,2,0.44,1,0.01,3,0.0,4,0.0,1,0 days 01:56:31.500000
10,2,2,True,2,0.82,1,0.18,0,0.0,3,0.0,4,0.0,1,0 days 01:36:47.800000
10,2,2,True,2,0.73,7,0.24,1,0.03,0,0.0,3,0.0,1,0 days 00:06:01.500000
10,2,2,True,2,1.0,0,0.0,1,0.0,3,0.0,4,0.0,1,0 days 02:38:43.900000
10,2,0,False,0,0.72,4,0.21,1,0.07,2,0.0,3,0.0,4,0 days 00:27:28.600000
10,2,1,False,1,0.64,2,0.34,0,0.02,3,0.0,4,0.0,2,0 days 01:56:17.300000
10,2,2,True,2,0.86,1,0.14,0,0.0,3,0.0,4,0.0,1,0 days 03:34:28.800000
10,2,7,False,7,0.87,2,0.11,5,0.02,0,0.0,3,0.0,2,0 days 03:01:31.200000
10,2,0,False,0,0.98,1,0.01,2,0.01,3,0.0,4,0.0,3,0 days 03:49:11.200000
10,1,5,False,5,0.64,6,0.22,2,0.11,0,0.03,3,0.0,6,0 days 00:14:48.100000
10,3,2,False,2,0.81,0,0.19,1,0.0,3,0.0,4,0.0,4,0 days 02:28:34.500000
10,0,2,False,2,0.68,3,0.29,1,0.03,0,0.0,4,0.0,4,0 days 02:14:06.200000
10,2,2,True,2,0.98,1,0.02,0,0.0,3,0.0,4,0.0,1,0 days 03:07:45.300000
10,2,2,True,2,0.58,6,0.28,1,0.12,0,0.02,3,0.0,1,0 days 04:01:33.200000
10,1,0,False,0,0.86,1,0.13,7,0.01,2,0.0,3,0.0,2,0 days 03:08:57.600000
