fold,true_cluster,predicted_cluster,correct,top1_cluster,top1_confidence,top2_cluster,top2_confidence,top3_cluster,top3_confidence,top4_cluster,top4_confidence,top5_cluster,top5_confidence,true_rank,distance
1,0,1,False,1,0.9,7,0.07,2,0.03,0,0.0,3,0.0,4,0 days 04:28:57.300000
1,0,2,False,2,0.77,0,0.23,1,0.0,3,0.0,4,0.0,2,0 days 03:15:50.600000
1,1,7,False,7,0.54,0,0.37,2,0.05,1,0.04,3,0.0,4,0 days 05:48:19.600000
1,1,3,False,3,0.8,8,0.16,0,0.03,2,0.01,4,0.0,8,0 days 02:57:00.700000
1,0,3,False,3,0.62,7,0.2,1,0.13,0,0.05,2,0.0,4,0 days 04:55:24.200000
1,1,2,False,2,0.89,8,0.08,1,0.03,0,0.0,4,0.0,3,0 days 03:08:06.100000
1,1,8,False,8,0.65,4,0.24,7,0.09,2,0.01,6,0.01,8,0 days 02:42:04.900000
1,1,2,False,2,0.58,1,0.37,8,0.05,0,0.0,4,0.0,2,0 days 04:29:19
1,0,3,False,3,0.64,4,0.27,5,0.07,8,0.02,2,0.0,8,0 days 04:24:09.100000
1,1,1,True,1,0.5361666666666665,3,0.46383333333333354,0,0.0,2,0.0,4,0.0,1,0 days 00:54:34.200000
1,1,5,False,5,0.69,7,0.23,2,0.07,0,0.01,3,0.0,6,0 days 06:26:32
1,1,2,False,2,0.67,1,0.33,0,0.0,3,0.0,4,0.0,2,0 days 00:55:51
1,2,1,False,1,0.62,4,0.27,0,0.1,7,0.01,3,0.0,6,0 days 03:11:23.100000
1,3,3,True,3,0.84,1,0.15,7,0.01,0,0.0,2,0.0,1,0 days 00:54:05.100000
1,1,1,True,1,0.73,6,0.25,4,0.01,2,0.01,3,0.0,1,0 days 03:16:59.100000
1,2,3,False,3,0.67,4,0.25,7,0.07,8,0.01,2,0.0,5,0 days 02:50:43
1,0,0,True,0,0.8,7,0.17,1,0.03,2,0.0,3,0.0,1,0 days 07:54:26.100000
1,2,7,False,7,0.59,3,0.26,2,0.15,1,0.0,0,0.0,3,0 days 00:32:44.100000
1,0,1,False,1,0.68,0,0.25,8,0.07,2,0.0,4,0.0,2,0 days 07:22:08
1,0,0,True,0,0.98,2,0.02,1,0.0,3,0.0,4,0.0,1,0 days 09:54:29.600000
1,0,2,False,2,0.74,0,0.22,5,0.02,1,0.01,6,0.01,2,0 days 05:25:01.900000
1,0,0,True,0,0.63,2,0.27,7,0.08,8,0.02,3,0.0,1,0 days 04:11:27.900000
1,2,2,True,2,0.67,1,0.23,8,0.08,7,0.02,3,0.0,1,0 days 05:01:57.600000
1,2,2,True,2,0.67,1,0.18,7,0.15,0,0.0,3,0.0,1,0 days 04:29:03.500000
1,4,1,False,1,0.9,2,0.07,7,0.02,0,0.01,3,0.0,6,0 days 02:14:17.300000
1,7,6,False,6,0.56,7,0.35,4,0.08,8,0.01,3,0.0,2,0 days 04:09:32.700000
1,7,7,True,7,0.58,5,0.28,1,0.11,0,0.03,3,0.0,1,0 days 06:32:49
1,1,8,False,8,0.69,2,0.25,4,0.04,6,0.02,3,0.0,6,0 days 02:39:25.200000
1,1,1,True,1,0.64,3,0.23,4,0.1,2,0.03,0,0.0,1,0 days 03:23:14.700000
1,1,1,True,1,0.62,3,0.37,4,0.01,0,0.0,2,0.0,1,0 days 00:55:27.900000
1,1,3,False,3,0.61,2,0.3,6,0.09,1,0.0,0,0.0,4,0 days 03:00:57.800000
1,7,8,False,8,0.6,6,0.36,2,0.04,1,0.0,3,0.0,9,0 days 01:04:48.900000
1,1,6,False,6,0.7,8,0.24,0,0.05,1,0.01,3,0.0,4,0 days 03:12:12.500000
1,1,2,False,2,0.63,6,0.27,4,0.07,3,0.02,8,0.01,8,0 days 02:09:53.500000
1,7,4,False,4,0.57,1,0.28,6,0.08,3,0.04,2,0.03,8,0 days 03:34:10.500000
1,1,2,False,2,0.71,6,0.21,1,0.08,0,0.0,3,0.0,3,0 days 03:21:54.800000
1,1,7,False,7,0.73,8,0.18,2,0.07,4,0.02,3,0.0,6,0 days 01:42:59.600000
1,1,4,False,4,0.62,1,0.32,2,0.06,0,0.0,3,0.0,2,0 days 04:33:42.500000
1,3,6,False,6,0.71,2,0.19,4,0.08,1,0.02,3,0.0,5,0 days 01:13:06.100000
1,1,7,False,7,0.55,3,0.24,4,0.17,1,0.02,2,0.02,4,0 days 03:59:27.300000
1,3,6,False,6,0.59,1,0.38,7,0.02,2,0.01,3,0.0,5,0 days 03:13:50.700000
1,2,1,False,1,0.67,3,0.19,7,0.12,2,0.02,0,0.0,4,0 days 01:20:55
1,2,6,False,6,0.68,2,0.27,4,0.04,1,0.01,3,0.0,2,0 days 01:58:11
1,2,7,False,7,0.66,1,0.19,2,0.14,0,0.01,3,0.0,3,0 days 05:29:23.500000
1,1,1,True,1,0.62,6,0.28,3,0.07,2,0.03,0,0.0,1,0 days 00:27:11.100000
1,7,2,False,2,0.7,3,0.22,1,0.05,6,0.03,0,0.0,8,0 days 00:27:17.300000
1,7,0,False,0,0.62,6,0.26,2,0.1,7,0.02,3,0.0,4,0 days 00:27:58.800000
1,3,1,False,1,0.63,2,0.37,0,0.0,3,0.0,4,0.0,4,0 days 00:53:53.800000
1,3,3,True,3,0.98,7,0.02,1,0.0,0,0.0,2,0.0,1,0 days 00:54:06.800000
1,7,4,False,4,0.65,2,0.31,8,0.04,1,0.0,3,0.0,9,0 days 01:01:50
1,2,2,True,2,0.69,3,0.31,1,0.0,0,0.0,4,0.0,1,0 days 00:31:47.900000
1,2,4,False,4,0.59,2,0.26,6,0.14,1,0.01,3,0.0,2,0 days 02:16:13.400000
1,2,5,False,5,0.61,3,0.26,7,0.11,1,0.02,2,0.0,5,0 days 03:44:32.100000
1,2,7,False,7,0.7,2,0.3,1,0.0,0,0.0,3,0.0,2,0 days 06:16:59.400000
1,2,1,False,1,0.69,6,0.28,2,0.03,0,0.0,3,0.0,3,0 days 00:56:00.100000
1,2,1,False,1,0.92,2,0.06,6,0.02,0,0.0,3,0.0,2,0 days 00:55:56
1,2,2,True,2,0.89,1,0.1,6,0.01,0,0.0,3,0.0,1,0 days 01:19:24.400000
1,2,1,False,1,0.75,2,0.25,0,0.0,3,0.0,4,0.0,2,0 days 00:53:48.900000
1,3,1,False,1,0.72,2,0.24,7,0.04,0,0.0,3,0.0,5,0 days 01:20:51
1,3,8,False,8,0.73,1,0.27,2,0.0,0,0.0,4,0.0,8,0 days 02:37:00
1,2,2,True,2,0.56,6,0.37,1,0.05,8,0.02,3,0.0,1,0 days 00:08:05.100000
1,2,2,True,2,0.68,1,0.29,7,0.03,0,0.0,3,0.0,1,0 days 01:20:50.200000
1,4,0,False,0,0.89,7,0.1,3,0.01,1,0.0,2,0.0,6,0 days 04:55:29.600000
1,2,6,False,6,0.69,0,0.26,2,0.05,1,0.0,3,0.0,3,0 days 02:14:42.100000
1,0,3,False,3,0.62,7,0.2,1,0.13,0,0.05,2,0.0,4,0 days 04:55:24.400000
1,2,7,False,7,0.58,3,0.24,1,0.13,0,0.03,6,0.01,7,0 days 04:55:21.100000
1,0,2,False,2,0.6,8,0.33,4,0.06,1,0.01,3,0.0,8,0 days 03:07:55.700000
1,4,4,True,4,0.7,6,0.25,8,0.04,2,0.01,3,0.0,1,0 days 00:12:22.900000
1,4,1,False,1,0.72,3,0.24,4,0.04,0,0.0,2,0.0,3,0 days 01:21:11.100000
1,4,7,False,7,0.61,8,0.23,2,0.15,4,0.01,3,0.0,4,0 days 04:06:44.900000
1,1,5,False,5,0.67,1,0.21,7,0.08,6,0.03,8,0.01,2,0 days 03:09:26.800000
1,7,4,False,4,0.62,7,0.26,8,0.08,1,0.04,3,0.0,2,0 days 04:34:51.500000
1,1,1,True,1,0.6,3,0.35,8,0.05,0,0.0,4,0.0,1,0 days 00:54:54.600000
1,7,6,False,6,0.7,4,0.25,8,0.04,2,0.01,3,0.0,9,0 days 00:12:40.100000
1,7,1,False,1,0.72,2,0.28,0,0.0,3,0.0,4,0.0,8,0 days 04:28:35.800000
1,5,5,True,5,0.7,7,0.27,1,0.02,0,0.01,3,0.0,1,0 days 07:09:56.200000
1,1,2,False,2,0.89,3,0.11,1,0.0,0,0.0,4,0.0,3,0 days 00:55:06.500000
1,1,5,False,5,0.66,6,0.24,2,0.08,0,0.01,1,0.01,5,0 days 05:24:49.600000
1,7,7,True,7,0.86,0,0.05,5,0.05,1,0.03,8,0.01,1,0 days 04:47:55
1,1,1,True,1,0.61,8,0.2,6,0.11,2,0.06,4,0.02,1,0 days 01:56:28.300000
1,7,1,False,1,0.73,2,0.22,7,0.05,0,0.0,3,0.0,3,0 days 01:49:07.800000
1,4,3,False,3,0.67,1,0.27,2,0.06,0,0.0,4,0.0,5,0 days 00:57:09.100000
1,4,1,False,1,0.74,3,0.23,2,0.03,0,0.0,4,0.0,5,0 days 00:57:05.700000
1,4,8,False,8,0.97,4,0.03,2,0.0,0,0.0,3,0.0,2,0 days 03:37:46.500000
1,2,6,False,6,0.6,0,0.24,2,0.08,7,0.07,4,0.01,3,0 days 04:29:59.100000
1,3,2,False,2,0.71,1,0.25666666666666665,3,0.03333333333333333,0,0.0,4,0.0,3,0 days 00:54:11.100000
1,1,2,False,2,0.7,6,0.17,0,0.1,4,0.02,3,0.01,6,0 days 02:18:17
1,7,3,False,3,0.59,1,0.35,2,0.06,0,0.0,4,0.0,8,0 days 01:21:08.100000
1,3,1,False,1,0.68,2,0.22,4,0.08,8,0.02,3,0.0,5,0 days 02:35:56.100000
1,1,2,False,2,0.61,8,0.35,4,0.03,7,0.01,3,0.0,6,0 days 02:42:01
1,3,2,False,2,0.69,7,0.21,3,0.08,6,0.02,0,0.0,3,0 days 02:11:38.800000
1,2,1,False,1,0.67,7,0.29,0,0.04,2,0.0,3,0.0,4,0 days 04:28:38.100000
1,2,3,False,3,0.6,4,0.24,1,0.16,0,0.0,2,0.0,5,0 days 01:21:14.200000
1,3,3,True,3,0.46078571428571435,0,0.4492142857142856,2,0.09,1,0.0,4,0.0,1,0 days 00:54:02.300000
1,2,2,True,2,0.69,7,0.2,4,0.11,0,0.0,3,0.0,1,0 days 00:06:44.100000
1,7,3,False,3,0.65,7,0.25,2,0.06,1,0.04,0,0.0,2,0 days 00:58:27.700000
1,2,2,True,2,0.98,8,0.02,1,0.0,0,0.0,4,0.0,1,0 days 00:10:50.700000
1,2,2,True,2,0.99,3,0.01,1,0.0,0,0.0,4,0.0,1,0 days 00:59:12.900000
1,2,2,True,2,0.63,1,0.34,3,0.01633333333333333,0,0.013666666666666666,4,0.0,1,0 days 00:54:03.300000
1,2,3,False,3,0.58,2,0.23,7,0.17,1,0.02,0,0.0,2,0 days 03:28:25.100000
1,8,1,False,1,0.67,8,0.27,6,0.02,0,0.02,4,0.02,2,0 days 02:44:47.900000
1,8,2,False,2,0.71,7,0.22,6,0.05,0,0.02,3,0.0,9,0 days 03:47:35
1,8,1,False,1,0.62,6,0.29,2,0.07,4,0.02,3,0.0,9,0 days 01:56:54.400000
1,8,0,False,0,0.63,6,0.23,1,0.11,3,0.03,2,0.0,9,0 days 02:57:31.700000
1,4,8,False,8,0.81,1,0.18,6,0.01,2,0.0,3,0.0,6,0 days 02:37:20.200000
1,3,1,False,1,0.8283333333333333,3,0.1716666666666667,0,0.0,2,0.0,4,0.0,2,0 days 00:54:11.700000
1,4,1,False,1,0.88,8,0.11,7,0.01,2,0.0,3,0.0,6,0 days 03:35:52.900000
1,8,4,False,4,0.67,7,0.2,8,0.1,2,0.02,0,0.01,3,0 days 04:28:31
1,2,0,False,0,0.64,7,0.34,2,0.02,1,0.0,3,0.0,3,0 days 06:17:15
1,3,3,True,3,0.65,0,0.18,8,0.15,2,0.02,4,0.0,1,0 days 02:51:44.100000
1,8,2,False,2,0.92,7,0.07,4,0.01,0,0.0,3,0.0,9,0 days 04:08:05.900000
1,3,3,True,3,0.66,1,0.29,4,0.04,2,0.01,0,0.0,1,0 days 00:55:12.600000
1,3,3,True,3,0.73,2,0.23,6,0.02,1,0.01,4,0.01,1,0 days 00:26:12.900000
1,4,2,False,2,0.57,1,0.32,8,0.1,3,0.006666666666666666,0,0.003333333333333333,6,0 days 03:35:40
1,3,1,False,1,0.63,4,0.23,2,0.1,8,0.04,3,0.0,5,0 days 02:25:09.900000
1,3,1,False,1,0.61,3,0.27,2,0.12,0,0.0,4,0.0,2,0 days 00:53:45.700000
1,5,7,False,7,0.69,2,0.31,1,0.0,0,0.0,3,0.0,7,0 days 06:16:46.100000
1,3,7,False,7,0.735,6,0.22,2,0.02,8,0.02,0,0.005,6,0 days 04:30:29.100000
1,7,2,False,2,0.61,1,0.3,3,0.09,0,0.0,4,0.0,8,0 days 00:57:17.200000
1,3,3,True,3,0.86,2,0.12,1,0.02,0,0.0,4,0.0,1,0 days 00:53:56.700000
1,7,0,False,0,0.61,1,0.2,7,0.17,2,0.02,3,0.0,3,0 days 06:46:36.800000
1,1,2,False,2,0.58,4,0.26,7,0.14,1,0.02,3,0.0,4,0 days 03:50:18.600000
1,7,2,False,2,0.85,3,0.15,1,0.0,0,0.0,4,0.0,8,0 days 00:53:43.300000
1,7,6,False,6,0.6,7,0.28,0,0.09,2,0.02,4,0.01,2,0 days 04:30:05.500000
1,1,4,False,4,0.58,1,0.3,8,0.12,2,0.0,3,0.0,2,0 days 00:54:48.500000
1,1,2,False,2,0.72,7,0.24,4,0.04,0,0.0,3,0.0,6,0 days 04:04:58.200000
1,2,2,True,2,0.58,1,0.37,8,0.05,0,0.0,4,0.0,1,0 days 04:29:18.900000
1,4,0,False,0,0.7,4,0.2,3,0.07,1,0.03,2,0.0,2,0 days 02:18:44.700000
1,4,3,False,3,0.75,1,0.25,0,0.0,2,0.0,4,0.0,5,0 days 01:20:35.900000
1,4,6,False,6,0.61,0,0.27,2,0.11,7,0.01,3,0.0,8,0 days 00:28:05.300000
1,7,8,False,8,0.69,7,0.18,4,0.05,2,0.05,5,0.03,2,0 days 03:52:36.200000
1,1,1,True,1,0.66,3,0.34,0,0.0,2,0.0,4,0.0,1,0 days 00:54:59.900000
1,2,3,False,3,0.57,6,0.31,2,0.09,4,0.03,0,0.0,3,0 days 01:08:09.100000
1,1,1,True,1,0.66,2,0.3,6,0.03,0,0.01,3,0.0,1,0 days 02:41:38.100000
1,8,2,False,2,0.77,1,0.2,7,0.03,0,0.0,3,0.0,9,0 days 04:55:53.500000
1,3,2,False,2,0.95,3,0.05,1,0.0,0,0.0,4,0.0,2,0 days 00:53:42.500000
1,1,3,False,3,0.52,1,0.32,8,0.12,4,0.04,2,0.0,2,0 days 00:54:45.500000
1,7,6,False,6,0.94,4,0.04,1,0.02,0,0.0,3,0.0,8,0 days 03:18:04.800000
1,2,4,False,4,0.74,1,0.21,2,0.03,6,0.01,8,0.01,3,0 days 03:13:01.300000
1,3,3,True,3,0.86,4,0.12,2,0.02,1,0.0,0,0.0,1,0 days 00:25:56.800000
1,3,1,False,1,0.71,2,0.29,0,0.0,3,0.0,4,0.0,4,0 days 00:55:52.400000
1,1,8,False,8,0.61,7,0.34,4,0.05,0,0.0,3,0.0,8,0 days 03:36:44
1,2,7,False,7,0.63,2,0.37,1,0.0,0,0.0,3,0.0,2,0 days 04:07:12.300000
1,3,3,True,3,0.54,1,0.32,8,0.12,4,0.02,2,0.0,1,0 days 00:54:43.600000
1,3,2,False,2,0.87,3,0.09,8,0.03,4,0.01,0,0.0,2,0 days 02:52:56.800000
1,2,2,True,2,0.58,4,0.36,7,0.06,0,0.0,3,0.0,1,0 days 04:04:39.800000
1,2,1,False,1,0.67,3,0.22666666666666666,2,0.10333333333333332,0,0.0,4,0.0,3,0 days 00:53:51.400000
1,2,8,False,8,0.85,0,0.07,6,0.06,2,0.02,3,0.0,4,0 days 04:10:34.600000
1,8,6,False,6,0.57,2,0.42,3,0.01,1,0.0,0,0.0,9,0 days 00:01:07.600000
1,6,4,False,4,0.82,3,0.09166666666666666,8,0.08833333333333332,1,0.0,2,0.0,7,0 days 01:47:28.600000
1,6,2,False,2,0.7,4,0.17,7,0.08,8,0.04,6,0.01,5,0 days 01:43:51.200000
1,6,3,False,3,0.69,2,0.3,1,0.01,0,0.0,4,0.0,7,0 days 00:54:39.800000
1,6,7,False,7,0.68,4,0.32,0,0.0,1,0.0,3,0.0,8,0 days 00:06:54.600000
1,4,2,False,2,0.61,1,0.29,3,0.09,6,0.01,0,0.0,6,0 days 00:57:23.900000
1,6,7,False,7,0.68,2,0.21,4,0.11,0,0.0,3,0.0,8,0 days 00:06:49.200000
1,4,6,False,6,0.57,2,0.42,3,0.01,1,0.0,0,0.0,6,0 days 00:02:02.900000
1,6,4,False,4,0.88,1,0.08,2,0.04,0,0.0,3,0.0,7,0 days 00:08:57.100000
1,6,7,False,7,0.64,8,0.24,6,0.08,5,0.04,3,0.0,3,0 days 02:15:38.200000
1,4,2,False,2,0.65,8,0.3,3,0.04,4,0.01,0,0.0,4,0 days 02:21:33.700000
1,8,1,False,1,0.72,8,0.25,2,0.03,0,0.0,4,0.0,2,0 days 04:29:15.200000
1,8,0,False,0,0.68,2,0.25,8,0.07,1,0.0,4,0.0,3,0 days 03:42:24.600000
1,6,1,False,1,0.92,7,0.07,6,0.01,0,0.0,3,0.0,3,0 days 03:14:03.400000
1,8,1,False,1,0.67,4,0.21,8,0.09,7,0.03,3,0.0,3,0 days 04:31:21.300000
1,6,8,False,8,0.65,4,0.23,3,0.08,2,0.04,0,0.0,7,0 days 02:54:07.100000
1,6,1,False,1,0.65,0,0.24,8,0.06,7,0.04,2,0.01,9,0 days 05:20:04.100000
1,6,8,False,8,0.63,2,0.29,1,0.07,7,0.01,3,0.0,9,0 days 06:00:09.600000
1,8,2,False,2,0.91,0,0.07,1,0.02,3,0.0,4,0.0,9,0 days 02:41:27.500000
1,6,4,False,4,0.91,7,0.06,8,0.03,0,0.0,3,0.0,9,0 days 00:59:52.700000
1,6,0,False,0,0.63,8,0.35,2,0.02,1,0.0,4,0.0,7,0 days 04:11:00.800000
1,6,8,False,8,0.9,6,0.1,2,0.0,0,0.0,3,0.0,2,0 days 02:02:18.800000
1,8,2,False,2,0.93,0,0.07,1,0.0,3,0.0,4,0.0,9,0 days 00:29:56.200000
1,6,6,True,6,0.61,0,0.27,2,0.1,7,0.02,3,0.0,1,0 days 00:28:00.400000
1,8,3,False,3,0.69,6,0.22,2,0.09,1,0.0,0,0.0,9,0 days 01:22:23.400000
1,8,8,True,8,0.76,7,0.1,1,0.05,5,0.04,4,0.03,1,0 days 03:39:41.900000
1,4,4,True,4,0.66,8,0.25,6,0.09,0,0.0,3,0.0,1,0 days 02:34:46.100000
1,4,1,False,1,0.64,6,0.25,4,0.1,2,0.01,3,0.0,3,0 days 03:16:47.900000
1,8,4,False,4,0.63,1,0.24,0,0.09,7,0.02,8,0.02,5,0 days 04:28:46.200000
1,4,6,False,6,0.6,3,0.24,4,0.13,1,0.03,2,0.0,3,0 days 01:50:06.700000
1,8,2,False,2,0.65,8,0.21,1,0.1,7,0.02,4,0.02,2,0 days 04:04:16.500000
1,8,1,False,1,0.6,2,0.3,8,0.08,7,0.02,3,0.0,3,0 days 05:02:05.100000
2,1,4,False,4,0.72,8,0.15,2,0.08,0,0.04,1,0.01,5,0 days 03:08:00.800000
2,1,1,True,1,0.93,2,0.07,0,0.0,3,0.0,4,0.0,1,0 days 00:55:48.600000
2,0,7,False,7,0.75,1,0.21,2,0.02,0,0.02,3,0.0,4,0 days 06:47:18.500000
2,1,2,False,2,0.55,3,0.4,1,0.026666666666666665,7,0.023333333333333334,0,0.0,3,0 days 00:54:08.500000
2,1,0,False,0,0.65,1,0.21,2,0.12,5,0.02,3,0.0,2,0 days 06:53:44.300000
2,0,2,False,2,0.54,7,0.34,4,0.11,1,0.01,3,0.0,6,0 days 04:29:44.500000
2,0,6,False,6,0.62,7,0.24,0,0.12,8,0.02,3,0.0,3,0 days 05:04:57.500000
2,2,2,True,2,0.9,8,0.1,1,0.0,0,0.0,4,0.0,1,0 days 00:30:28.700000
2,1,2,False,2,0.66,6,0.29,1,0.05,0,0.0,3,0.0,3,0 days 03:20:55
2,0,1,False,1,0.69,0,0.23,4,0.08,2,0.0,3,0.0,2,0 days 06:41:47.900000
2,1,4,False,4,0.67,7,0.23,3,0.07,2,0.02,8,0.01,8,0 days 03:34:21.500000
2,3,3,True,3,0.69,8,0.2,6,0.11,1,0.0,2,0.0,1,0 days 02:38:27
2,2,2,True,2,0.63,7,0.23,3,0.14,1,0.0,0,0.0,1,0 days 00:53:43.500000
2,1,2,False,2,0.83,7,0.13,6,0.03,4,0.01,3,0.0,6,0 days 04:39:12.900000
2,2,7,False,7,0.75,8,0.22,3,0.02,2,0.01,0,0.0,4,0 days 00:27:32.600000
2,1,6,False,6,0.59,3,0.34,2,0.05,4,0.01,8,0.01,8,0 days 00:40:26.100000
2,0,1,False,1,0.57,0,0.4,2,0.03,3,0.0,4,0.0,2,0 days 11:47:58.700000
2,5,7,False,7,0.83,2,0.12,1,0.05,0,0.0,3,0.0,7,0 days 03:51:22.300000
2,0,7,False,7,0.64,8,0.21,4,0.11,2,0.03,6,0.01,7,0 days 02:17:29.600000
2,0,2,False,2,0.96,0,0.04,1,0.0,3,0.0,4,0.0,2,0 days 09:04:32.400000
2,0,0,True,0,0.63,7,0.28,1,0.07,2,0.02,3,0.0,1,0 days 08:04:02.500000
2,2,2,True,2,0.6,1,0.34,8,0.06,0,0.0,4,0.0,1,0 days 04:29:18.200000
2,2,1,False,1,0.79,2,0.19,3,0.02,0,0.0,4,0.0,2,0 days 00:54:19.200000
2,2,2,True,2,0.51,8,0.38,3,0.06,1,0.05,4,0.0,1,0 days 00:21:49.500000
2,2,7,False,7,0.72,2,0.21,1,0.07,0,0.0,3,0.0,2,0 days 03:56:27.500000
2,4,8,False,8,0.63,4,0.27,7,0.04,6,0.04,3,0.02,2,0 days 03:08:31.500000
2,3,3,True,3,0.9,2,0.08,1,0.02,0,0.0,4,0.0,1,0 days 00:53:34.200000
2,3,1,False,1,0.76,7,0.23,2,0.01,0,0.0,3,0.0,5,0 days 01:19:50
2,3,4,False,4,0.63,1,0.26,7,0.09,0,0.02,3,0.0,5,0 days 03:59:38.800000
2,1,1,True,1,0.86,7,0.13,0,0.01,2,0.0,3,0.0,1,0 days 04:27:55.200000
2,3,3,True,3,0.77,1,0.22,2,0.01,0,0.0,4,0.0,1,0 days 00:53:24.700000
2,1,2,False,2,0.62,6,0.37,4,0.01,0,0.0,3,0.0,6,0 days 03:03:05.400000
2,1,1,True,1,0.67,2,0.25,3,0.08,0,0.0,4,0.0,1,0 days 00:55:42
2,3,1,False,1,0.3634166666666666,2,0.33824999999999994,3,0.2983333333333333,0,0.0,4,0.0,3,0 days 00:54:30.400000
2,3,8,False,8,0.86,3,0.11,2,0.02,1,0.01,4,0.0,2,0 days 02:56:45.900000
2,7,1,False,1,0.57,7,0.28,5,0.14,0,0.01,3,0.0,2,0 days 05:10:17.500000
2,7,2,False,2,0.66,4,0.25,8,0.09,1,0.0,3,0.0,9,0 days 04:33:11.100000
2,1,1,True,1,0.69,2,0.2,7,0.11,0,0.0,3,0.0,1,0 days 05:23:37
2,1,1,True,1,0.67,2,0.25,3,0.08,0,0.0,4,0.0,1,0 days 00:55:42
2,1,2,False,2,0.61,3,0.24,4,0.13,1,0.01,7,0.01,4,0 days 01:21:13
2,1,2,False,2,0.59,3,0.39,1,0.02,0,0.0,4,0.0,3,0 days 00:53:32.200000
2,2,1,False,1,0.59,8,0.27,2,0.13,6,0.01,3,0.0,3,0 days 02:41:24.800000
2,8,2,False,2,0.63,8,0.25,1,0.1,7,0.01,4,0.01,2,0 days 04:04:14.500000
2,2,1,False,1,0.59,5,0.41,2,0.0,0,0.0,3,0.0,3,0 days 05:34:43.400000
2,2,1,False,1,0.81,0,0.16,2,0.02,7,0.01,3,0.0,3,0 days 05:22:51.600000
2,1,2,False,2,0.69,8,0.23,4,0.08,1,0.0,3,0.0,4,0 days 00:43:12.400000
2,2,1,False,1,0.7,4,0.2,3,0.1,0,0.0,2,0.0,5,0 days 00:54:32.300000
2,3,2,False,2,0.818,3,0.18199999999999997,1,0.0,0,0.0,4,0.0,2,0 days 01:20:44.300000
2,7,1,False,1,0.61,8,0.24,2,0.15,0,0.0,4,0.0,9,0 days 05:01:21.900000
2,7,2,False,2,0.66,7,0.21,1,0.12,8,0.01,3,0.0,2,0 days 00:14:26.600000
2,2,7,False,7,0.62,2,0.24,1,0.12,4,0.01,8,0.01,2,0 days 04:04:48.100000
2,2,2,True,2,0.67,1,0.21,3,0.1,4,0.01,6,0.01,1,0 days 01:06:57.600000
2,7,1,False,1,0.85,7,0.13,0,0.01,8,0.01,3,0.0,2,0 days 05:00:45.100000
2,2,1,False,1,0.64,8,0.24,2,0.12,0,0.0,4,0.0,3,0 days 04:56:03.100000
2,2,2,True,2,0.96,0,0.03,1,0.01,3,0.0,4,0.0,1,0 days 08:30:13.500000
2,2,8,False,8,0.56,2,0.24,4,0.18,6,0.01,1,0.01,2,0 days 00:05:21.400000
2,2,0,False,0,0.59,7,0.39,6,0.02,1,0.0,3,0.0,6,0 days 00:27:50.900000
2,2,1,False,1,0.95,4,0.05,2,0.0,0,0.0,3,0.0,3,0 days 03:22:39.800000
2,2,4,False,4,0.63,2,0.22,3,0.09216666666666667,0,0.057833333333333334,1,0.0,2,0 days 00:54:01.700000
2,0,0,True,0,0.63,7,0.28,1,0.07,2,0.02,3,0.0,1,0 days 08:03:19.300000
2,2,1,False,1,0.7818333333333334,2,0.11,3,0.10816666666666666,0,0.0,4,0.0,2,0 days 00:54:30.900000
2,2,2,True,2,0.96,8,0.03,4,0.01,1,0.0,3,0.0,1,0 days 00:59:19.700000
2,0,8,False,8,0.68,0,0.27,2,0.05,1,0.0,4,0.0,2,0 days 03:42:03.800000
2,2,1,False,1,0.95,3,0.03,2,0.01,6,0.01,0,0.0,3,0 days 01:47:43.500000
2,7,4,False,4,0.73,7,0.24,6,0.02,2,0.01,3,0.0,2,0 days 04:09:19.200000
2,7,7,True,7,0.59,1,0.28600000000000003,2,0.11,0,0.013999999999999999,3,0.0,1,0 days 04:02:08.800000
2,2,8,False,8,0.71,2,0.24,3,0.03,4,0.02,0,0.0,2,0 days 00:19:01.800000
2,2,7,False,7,0.53,2,0.32,4,0.09,8,0.03,3,0.02,2,0 days 03:27:07.600000
2,0,7,False,7,0.96,2,0.04,1,0.0,0,0.0,3,0.0,4,0 days 04:31:03.900000
2,7,4,False,4,0.64,1,0.21,8,0.12,2,0.03,3,0.0,9,0 days 03:35:08.900000
2,7,4,False,4,0.67,2,0.21,3,0.07,8,0.05,0,0.0,9,0 days 02:50:29.200000
2,1,7,False,7,0.59,1,0.28600000000000003,2,0.11,0,0.013999999999999999,3,0.0,2,0 days 04:02:08.800000
2,1,2,False,2,0.6,3,0.25,7,0.14,1,0.01,0,0.0,4,0 days 01:20:55.300000
2,1,2,False,2,0.71,1,0.2,6,0.06,0,0.03,3,0.0,2,0 days 02:41:40.500000
2,7,1,False,1,0.68,2,0.3,8,0.02,0,0.0,4,0.0,9,0 days 04:56:35.900000
2,8,7,False,7,1.0,0,0.0,2,0.0,1,0.0,3,0.0,9,0 days 04:17:32.600000
2,3,2,False,2,0.74,4,0.22,6,0.03,8,0.01,3,0.0,5,0 days 00:04:44.600000
2,3,4,False,4,0.71,1,0.28,8,0.01,2,0.0,3,0.0,5,0 days 03:23:31.800000
2,7,2,False,2,0.58,7,0.21,3,0.16,4,0.05,0,0.0,2,0 days 02:59:50
2,1,7,False,7,0.72,4,0.26,1,0.01,8,0.01,3,0.0,3,0 days 04:34:25.600000
2,7,4,False,4,0.71,1,0.16,0,0.07,3,0.03,2,0.02,9,0 days 03:43:27.800000
2,3,2,False,2,0.55,3,0.4,1,0.026666666666666665,7,0.023333333333333334,0,0.0,2,0 days 00:54:08.400000
2,7,4,False,4,0.79,6,0.17,2,0.03,8,0.01,3,0.0,9,0 days 01:00:00.100000
2,3,2,False,2,0.68,7,0.28,1,0.04,0,0.0,3,0.0,5,0 days 03:28:23.800000
2,2,7,False,7,0.89,0,0.06,2,0.04,5,0.01,3,0.0,3,0 days 04:15:51.100000
2,2,1,False,1,0.7,4,0.2,7,0.05,2,0.05,3,0.0,4,0 days 04:29:31.700000
2,2,2,True,2,0.81,1,0.19,0,0.0,3,0.0,4,0.0,1,0 days 00:56:48.300000
2,2,1,False,1,0.65,2,0.25,3,0.08666666666666668,7,0.013333333333333332,0,0.0,2,0 days 00:53:54.100000
2,7,8,False,8,0.96,0,0.01,2,0.01,1,0.01,4,0.01,9,0 days 03:34:42.400000
2,7,5,False,5,0.59,7,0.37,1,0.04,0,0.0,3,0.0,2,0 days 04:48:42.400000
2,2,2,True,2,0.98,6,0.01,8,0.01,1,0.0,3,0.0,1,0 days 00:09:43.900000
2,2,8,False,8,0.67,2,0.29,7,0.02,4,0.01,1,0.01,2,0 days 04:28:33.400000
2,1,8,False,8,0.63,2,0.33,4,0.04,1,0.0,3,0.0,4,0 days 04:01:49.300000
2,8,0,False,0,0.82,1,0.11,8,0.06,4,0.01,3,0.0,3,0 days 03:35:19.500000
2,4,7,False,7,0.65,4,0.3,1,0.05,0,0.0,3,0.0,2,0 days 04:34:15.700000
2,4,2,False,2,0.73,3,0.21,1,0.04,6,0.02,0,0.0,6,0 days 00:55:37.500000
2,3,7,False,7,0.59,1,0.31,4,0.09,6,0.01,3,0.0,5,0 days 01:27:14.600000
2,3,3,True,3,0.85,1,0.15,0,0.0,2,0.0,4,0.0,1,0 days 00:54:56.200000
2,3,4,False,4,0.57,1,0.29,2,0.14,0,0.0,3,0.0,5,0 days 00:56:17.500000
2,3,8,False,8,0.62,2,0.38,1,0.0,0,0.0,4,0.0,8,0 days 00:10:01
2,3,2,False,2,0.65,8,0.34,7,0.01,1,0.0,3,0.0,5,0 days 04:01:38.800000
2,8,2,False,2,0.71,7,0.23,4,0.05,1,0.01,3,0.0,9,0 days 04:02:03.500000
2,1,8,False,8,0.66,7,0.27,0,0.07,2,0.0,3,0.0,8,0 days 04:28:41.900000
2,3,8,False,8,0.67,3,0.18,2,0.15,1,0.0,4,0.0,2,0 days 02:52:47.600000
2,5,1,False,1,0.69,0,0.23,4,0.08,2,0.0,3,0.0,6,0 days 06:42:25.900000
2,3,3,True,3,0.88,7,0.07666666666666667,1,0.04333333333333333,0,0.0,2,0.0,1,0 days 00:54:07.400000
2,1,4,False,4,0.61,8,0.22,2,0.13,1,0.04,3,0.0,4,0 days 03:35:43.200000
2,4,0,False,0,0.57,1,0.37,2,0.03,6,0.03,3,0.0,6,0 days 03:19:17.400000
2,4,4,True,4,0.68,1,0.25,2,0.05,7,0.01,8,0.01,1,0 days 03:08:20.500000
2,7,2,False,2,0.67,1,0.31,7,0.02,0,0.0,3,0.0,3,0 days 05:29:30.300000
2,7,8,False,8,0.58,7,0.39,0,0.02,6,0.01,3,0.0,2,0 days 03:45:47.400000
2,7,5,False,5,0.69,1,0.21,7,0.08,2,0.02,3,0.0,3,0 days 06:28:54.900000
2,1,3,False,3,0.88,1,0.07,7,0.03,2,0.02,0,0.0,2,0 days 00:54:22.900000
2,1,3,False,3,0.88,1,0.08,2,0.04,0,0.0,4,0.0,2,0 days 00:53:25.900000
2,1,4,False,4,0.6,1,0.25,6,0.06,8,0.06,7,0.02,2,0 days 03:35:53
2,1,3,False,3,0.9,4,0.06,1,0.04,0,0.0,2,0.0,3,0 days 00:54:00.300000
2,3,1,False,1,0.9,2,0.06,4,0.04,0,0.0,3,0.0,5,0 days 03:31:36.300000
2,1,8,False,8,0.63,4,0.27,7,0.06,3,0.04,2,0.0,6,0 days 03:08:29.900000
2,1,3,False,3,0.73,1,0.26,2,0.01,0,0.0,4,0.0,2,0 days 00:53:35.200000
2,8,8,True,8,0.62,4,0.27,7,0.08,2,0.03,3,0.0,1,0 days 03:39:48.400000
2,4,2,False,2,0.72,4,0.15,0,0.1,1,0.03,3,0.0,2,0 days 03:16:23.500000
2,4,3,False,3,0.73,2,0.25,1,0.02,0,0.0,4,0.0,5,0 days 01:24:27.100000
2,1,2,False,2,1.0,0,0.0,1,0.0,3,0.0,4,0.0,3,0 days 00:11:16.400000
2,2,0,False,0,0.57,1,0.3,6,0.13,2,0.0,3,0.0,4,0 days 03:19:00.400000
2,1,4,False,4,0.9,2,0.1,1,0.0,0,0.0,3,0.0,3,0 days 00:08:29
2,3,1,False,1,0.67,6,0.14,8,0.14,0,0.05,3,0.0,5,0 days 02:58:15.400000
2,2,1,False,1,0.65,7,0.34,4,0.01,0,0.0,3,0.0,6,0 days 03:37:09.900000
2,3,2,False,2,0.745,3,0.24,1,0.015,0,0.0,4,0.0,2,0 days 00:53:41.100000
2,2,3,False,3,0.66,2,0.28,8,0.05,4,0.01,0,0.0,2,0 days 02:52:54.300000
2,3,3,True,3,0.81,1,0.14,2,0.05,0,0.0,4,0.0,1,0 days 00:52:45.900000
2,1,1,True,1,0.69,8,0.24,7,0.06,6,0.01,3,0.0,1,0 days 02:13:25.900000
2,3,1,False,1,0.58,4,0.28,3,0.1,2,0.04,0,0.0,3,0 days 01:21:18.100000
2,1,4,False,4,0.64,7,0.29,0,0.06,2,0.01,3,0.0,6,0 days 03:10:35.300000
2,7,2,False,2,0.61,3,0.38,6,0.01,1,0.0,0,0.0,8,0 days 00:33:18.200000
2,1,6,False,6,0.57,4,0.32,2,0.09,1,0.01,7,0.01,4,0 days 03:09:57.600000
2,2,3,False,3,0.62,2,0.27,8,0.08,4,0.02,0,0.01,2,0 days 03:36:23.900000
2,2,6,False,6,0.7,1,0.22,2,0.07,3,0.01,0,0.0,3,0 days 01:31:25.300000
2,2,1,False,1,0.86,3,0.1,2,0.03,7,0.01,0,0.0,3,0 days 00:52:01.200000
2,4,3,False,3,0.66,4,0.18,8,0.11,1,0.05,2,0.0,2,0 days 03:24:57.800000
2,8,2,False,2,0.72,4,0.21,6,0.05,3,0.02,0,0.0,9,0 days 01:14:29.900000
2,4,2,False,2,0.61,1,0.3,7,0.05,0,0.04,3,0.0,6,0 days 03:11:33.800000
2,8,1,False,1,0.7,6,0.21,0,0.08,7,0.01,3,0.0,9,0 days 03:12:30
2,8,2,False,2,0.64,4,0.25,6,0.1,7,0.01,3,0.0,9,0 days 02:40:59.400000
2,6,2,False,2,0.56,4,0.33,6,0.08,8,0.03,3,0.0,3,0 days 01:00:20.300000
2,6,3,False,3,0.63,1,0.37,0,0.0,2,0.0,4,0.0,7,0 days 01:47:50.500000
2,6,6,True,6,0.71,7,0.17,4,0.07,2,0.05,3,0.0,1,0 days 02:40:48.500000
2,6,1,False,1,0.68,2,0.17,6,0.08,3,0.04,7,0.03,3,0 days 02:32:55.900000
2,4,7,False,7,0.7,2,0.26,6,0.03,4,0.01,3,0.0,4,0 days 00:13:31.200000
2,6,4,False,4,0.8,8,0.11,2,0.04,1,0.03,3,0.02,7,0 days 00:41:45.800000
2,6,4,False,4,0.82,6,0.13,2,0.04,8,0.01,3,0.0,2,0 days 02:39:59.700000
2,4,4,True,4,0.73,6,0.19,8,0.07,7,0.01,3,0.0,1,0 days 03:33:41.400000
2,6,7,False,7,0.65,4,0.21,3,0.07,2,0.07,0,0.0,8,0 days 01:28:52.900000
2,6,2,False,2,0.72,4,0.26,6,0.02,0,0.0,3,0.0,3,0 days 01:58:18.100000
2,4,6,False,6,0.65,4,0.32,2,0.02,3,0.01,0,0.0,2,0 days 01:06:18.100000
2,4,4,True,4,0.66,1,0.24,8,0.1,2,0.0,3,0.0,1,0 days 01:01:27.200000
2,6,1,False,1,0.64,2,0.22,4,0.09,0,0.03,7,0.02,8,0 days 02:15:03.700000
2,4,3,False,3,0.97,4,0.03,1,0.0,0,0.0,2,0.0,2,0 days 00:55:17
2,8,6,False,6,0.59,3,0.3,4,0.11,0,0.0,2,0.0,9,0 days 03:07:05.200000
2,4,4,True,4,0.67,1,0.23,3,0.1,0,0.0,2,0.0,1,0 days 02:47:57.900000
2,4,1,False,1,0.69,8,0.24,7,0.06,6,0.01,3,0.0,9,0 days 02:13:29.500000
2,4,7,False,7,0.55,2,0.25,4,0.16,8,0.04,3,0.0,3,0 days 01:01:50
2,4,2,False,2,0.58,3,0.31,7,0.06,4,0.05,0,0.0,4,0 days 03:00:03.600000
2,8,3,False,3,0.57,2,0.29,7,0.09,4,0.05,0,0.0,9,0 days 01:28:37.700000
2,8,3,False,3,0.62,4,0.27,0,0.07,2,0.04,1,0.0,9,0 days 02:51:13.300000
2,6,1,False,1,0.61,4,0.24,6,0.15,0,0.0,3,0.0,3,0 days 02:42:58
2,6,8,False,8,0.63,4,0.26,3,0.06,2,0.05,0,0.0,7,0 days 00:46:14.100000
2,6,0,False,0,0.59,3,0.25,6,0.15,4,0.01,2,0.0,3,0 days 03:06:27.800000
2,6,7,False,7,0.53,2,0.26,3,0.16,4,0.05,0,0.0,8,0 days 02:59:30.800000
2,8,4,False,4,0.91,3,0.07,6,0.02,0,0.0,2,0.0,9,0 days 00:36:34.200000
2,6,6,True,6,0.73,7,0.23,0,0.03,4,0.01,3,0.0,1,0 days 03:18:20
2,8,2,False,2,0.87,1,0.08,3,0.03,4,0.01,6,0.01,9,0 days 01:24:01.600000
2,8,1,False,1,0.65,4,0.27,6,0.08,0,0.0,3,0.0,9,0 days 01:59:00.700000
2,6,6,True,6,0.65,2,0.23,4,0.11,3,0.01,0,0.0,1,0 days 01:06:28.800000
2,8,7,False,7,0.63,1,0.25,8,0.09,4,0.03,3,0.0,3,0 days 04:31:31.300000
2,4,1,False,1,0.88,2,0.08,0,0.02,6,0.02,3,0.0,6,0 days 03:19:28.600000
2,8,0,False,0,0.62,6,0.22,1,0.14,7,0.02,3,0.0,9,0 days 03:12:16.300000
2,4,1,False,1,0.62,2,0.24,8,0.07,6,0.06,4,0.01,5,0 days 02:24:16.900000
2,8,8,True,8,0.69,4,0.28,1,0.02,2,0.01,3,0.0,1,0 days 03:37:40.300000
2,8,2,False,2,0.8,1,0.14,7,0.05,4,0.01,3,0.0,9,0 days 04:05:43.900000
3,3,1,False,1,0.71,3,0.24,2,0.05,0,0.0,4,0.0,2,0 days 00:53:00.600000
3,0,0,True,0,0.91,4,0.07,1,0.02,2,0.0,3,0.0,1,0 days 06:42:55.500000
3,1,7,False,7,0.56,2,0.38,0,0.06,1,0.0,3,0.0,4,0 days 05:27:32.800000
3,1,7,False,7,0.68,4,0.2,3,0.08,0,0.03,2,0.01,6,0 days 03:43:37.900000
3,1,4,False,4,0.66,3,0.2,7,0.06,1,0.06,2,0.01,4,0 days 03:59:44.400000
3,1,1,True,1,0.67,8,0.26,4,0.03,0,0.03,6,0.01,1,0 days 02:44:45.900000
3,1,2,False,2,0.68,7,0.29,1,0.03,0,0.0,3,0.0,3,0 days 05:53:26.200000
3,1,8,False,8,0.62,1,0.25,4,0.11,2,0.01,0,0.01,2,0 days 03:08:18.600000
3,1,2,False,2,0.56,0,0.32,1,0.12,3,0.0,4,0.0,3,0 days 05:49:46.900000
3,1,2,False,2,0.91,4,0.06,3,0.02,6,0.01,0,0.0,6,0 days 00:56:10.100000
3,3,3,True,3,0.88,1,0.12,0,0.0,2,0.0,4,0.0,1,0 days 00:54:56.100000
3,2,3,False,3,0.72,7,0.17,8,0.07,6,0.04,2,0.0,5,0 days 01:05:08.800000
3,4,1,False,1,0.9,8,0.09,3,0.01,0,0.0,4,0.0,5,0 days 00:54:48
3,0,2,False,2,0.77,0,0.2,1,0.02,6,0.01,3,0.0,2,0 days 05:25:08.900000
3,1,1,True,1,0.89,2,0.07,3,0.04,0,0.0,4,0.0,1,0 days 00:53:09.100000
3,1,3,False,3,0.7,4,0.19,2,0.11,1,0.0,0,0.0,4,0 days 01:07:05.900000
3,0,1,False,1,0.88,7,0.11,8,0.01,2,0.0,3,0.0,8,0 days 04:45:57.200000
3,1,7,False,7,0.57,2,0.31,6,0.12,0,0.0,3,0.0,6,0 days 01:09:24.800000
3,1,1,True,1,0.66,3,0.34,0,0.0,2,0.0,4,0.0,1,0 days 00:54:53.900000
3,0,3,False,3,0.6,7,0.2,4,0.15,1,0.05,2,0.0,6,0 days 03:35:27.500000
3,1,5,False,5,0.92,2,0.05,1,0.03,0,0.0,3,0.0,3,0 days 05:37:08.800000
3,3,8,False,8,0.71,3,0.26,1,0.03,0,0.0,4,0.0,2,0 days 00:49:08.900000
3,1,4,False,4,0.66,7,0.25,1,0.05,3,0.04,2,0.0,3,0 days 02:49:25.700000
3,2,1,False,1,0.85,2,0.13,3,0.02,0,0.0,4,0.0,2,0 days 00:53:49.500000
3,0,2,False,2,0.56,0,0.32,1,0.09,7,0.03,3,0.0,2,0 days 05:49:05.600000
3,2,2,True,2,0.95,3,0.05,1,0.0,0,0.0,4,0.0,1,0 days 00:54:10.300000
3,5,8,False,8,0.65,0,0.28,4,0.05,1,0.02,3,0.0,6,0 days 04:26:21
3,2,8,False,8,0.57,2,0.41,7,0.02,1,0.0,3,0.0,2,0 days 04:07:59.500000
3,0,0,True,0,0.97,2,0.03,1,0.0,3,0.0,4,0.0,1,0 days 09:56:21.100000
3,0,2,False,2,0.59,0,0.37,1,0.04,3,0.0,4,0.0,2,0 days 13:25:37.100000
3,0,4,False,4,0.62,6,0.26,8,0.08,3,0.02,2,0.02,6,0 days 02:55:37.100000
3,2,8,False,8,0.62,2,0.22,1,0.13,7,0.03,3,0.0,2,0 days 04:05:23.100000
3,2,7,False,7,0.69,2,0.29,1,0.02,0,0.0,3,0.0,2,0 days 03:56:28.600000
3,6,0,False,0,0.64,4,0.32,1,0.04,2,0.0,3,0.0,7,0 days 03:36:02.700000
3,3,2,False,2,0.55,6,0.26,3,0.15,1,0.04,0,0.0,3,0 days 00:54:38
3,7,1,False,1,0.86,4,0.12,6,0.02,0,0.0,3,0.0,8,0 days 01:33:56.200000
3,3,8,False,8,0.61,3,0.29,2,0.1,1,0.0,4,0.0,2,0 days 02:45:44.400000
3,3,3,True,3,0.75,1,0.2,2,0.05,0,0.0,4,0.0,1,0 days 00:58:39.900000
3,1,2,False,2,0.61,5,0.36,1,0.03,0,0.0,3,0.0,3,0 days 05:37:27.400000
3,7,3,False,3,0.72,4,0.21,7,0.03,6,0.02,8,0.02,3,0 days 01:05:18.700000
3,1,7,False,7,0.71,4,0.22,3,0.04,1,0.02,8,0.01,4,0 days 02:49:32.200000
3,7,1,False,1,0.77,5,0.23,2,0.0,0,0.0,3,0.0,8,0 days 05:43:35.500000
3,3,2,False,2,0.64,0,0.23,3,0.12,8,0.01,4,0.0,3,0 days 00:29:28.700000
3,3,8,False,8,0.71,3,0.19,1,0.1,0,0.0,4,0.0,2,0 days 00:50:03.900000
3,1,2,False,2,0.61,8,0.22,3,0.17,1,0.0,4,0.0,4,0 days 02:45:40.600000
3,1,1,True,1,0.7,6,0.22,7,0.06,3,0.02,2,0.0,1,0 days 01:17:40.300000
3,1,1,True,1,0.62,6,0.28,4,0.1,0,0.0,3,0.0,1,0 days 03:16:58.900000
3,3,1,False,1,0.74,4,0.23,3,0.03,0,0.0,2,0.0,3,0 days 00:54:28.100000
3,3,2,False,2,0.69,8,0.24,1,0.03,3,0.02,6,0.02,4,0 days 02:56:33.500000
3,7,4,False,4,0.63,6,0.24,8,0.08,7,0.03,2,0.02,4,0 days 04:36:20.400000
3,7,8,False,8,0.87,2,0.08,7,0.02,1,0.02,0,0.01,3,0 days 04:03:43.300000
3,2,7,False,7,0.78,2,0.18,4,0.02,0,0.02,3,0.0,2,0 days 04:21:08.200000
3,7,4,False,4,0.58,8,0.25,1,0.11,3,0.02,0,0.02,7,0 days 04:28:29.700000
3,2,1,False,1,0.64,3,0.2,7,0.16,0,0.0,2,0.0,5,0 days 00:54:24.400000
3,2,7,False,7,0.62,2,0.23,8,0.1,3,0.05,0,0.0,2,0 days 04:01:30.400000
3,2,6,False,6,0.64,7,0.25,8,0.06,2,0.05,3,0.0,4,0 days 01:10:18
3,3,8,False,8,0.75,2,0.23,7,0.02,1,0.0,3,0.0,5,0 days 00:15:55.900000
3,7,0,False,0,0.58,8,0.25,1,0.11,7,0.03,4,0.03,4,0 days 05:21:51.200000
3,2,3,False,3,0.6,2,0.4,1,0.0,0,0.0,4,0.0,2,0 days 00:32:01.400000
3,2,8,False,8,0.62,1,0.19,2,0.094,7,0.055999999999999994,4,0.04,3,0 days 05:22:30.100000
3,2,3,False,3,0.51,7,0.29,4,0.16,1,0.02,2,0.01,5,0 days 05:26:13.300000
3,7,0,False,0,0.69,7,0.22,2,0.08,1,0.01,3,0.0,2,0 days 04:58:53.800000
3,2,1,False,1,0.65,2,0.2,4,0.09,7,0.05,0,0.01,2,0 days 05:25:32
3,2,1,False,1,0.93,3,0.07,0,0.0,2,0.0,4,0.0,4,0 days 00:55:50.700000
3,2,2,True,2,0.96,8,0.03,1,0.01,0,0.0,4,0.0,1,0 days 00:10:48.900000
3,2,1,False,1,0.6,2,0.32,6,0.06,3,0.02,0,0.0,2,0 days 01:19:30.400000
3,0,0,True,0,0.91,4,0.07,1,0.02,2,0.0,3,0.0,1,0 days 06:42:56.500000
3,2,0,False,0,0.6,7,0.27,2,0.12,6,0.01,3,0.0,3,0 days 02:14:33
3,0,0,True,0,0.75,4,0.23,1,0.02,2,0.0,3,0.0,1,0 days 06:42:50.700000
3,2,6,False,6,0.76,0,0.24,2,0.0,1,0.0,3,0.0,3,0 days 02:14:46.700000
3,0,4,False,4,0.58,8,0.31,1,0.09,7,0.02,3,0.0,8,0 days 04:28:44.300000
3,6,4,False,4,0.67,0,0.21,2,0.08,1,0.04,3,0.0,7,0 days 04:55:15.100000
3,2,4,False,4,0.6,0,0.32,2,0.04,3,0.02,8,0.02,3,0 days 03:36:11.400000
3,2,2,True,2,0.7,8,0.25,1,0.05,0,0.0,4,0.0,1,0 days 04:01:46.100000
3,7,0,False,0,0.61,7,0.33,6,0.03,5,0.02,8,0.01,2,0 days 03:46:04.300000
3,3,4,False,4,0.62,0,0.24,8,0.1,7,0.04,3,0.0,5,0 days 04:23:47.100000
3,1,2,False,2,0.66,7,0.33,0,0.01,1,0.0,3,0.0,4,0 days 05:29:08.200000
3,1,1,True,1,0.8339166666666666,3,0.1660833333333333,0,0.0,2,0.0,4,0.0,1,0 days 00:54:34.600000
3,1,3,False,3,0.8001666666666665,2,0.14983333333333335,1,0.05,0,0.0,4,0.0,3,0 days 00:53:50.100000
3,3,3,True,3,0.94,4,0.05,2,0.01,1,0.0,0,0.0,1,0 days 00:25:52.900000
3,4,7,False,7,0.59,2,0.22,3,0.11,8,0.08,0,0.0,6,0 days 02:50:35.800000
3,2,4,False,4,0.63,6,0.24,8,0.08,7,0.04,2,0.01,5,0 days 04:36:18.400000
3,4,6,False,6,0.61,4,0.25,2,0.07,7,0.07,3,0.0,2,0 days 00:59:48.500000
3,1,7,False,7,0.58,2,0.38,8,0.03,6,0.01,3,0.0,6,0 days 01:09:31.400000
3,7,8,False,8,0.97,2,0.02,0,0.01,1,0.0,4,0.0,9,0 days 02:43:35.100000
3,1,8,False,8,0.61,3,0.36,5,0.02,1,0.01,2,0.0,4,0 days 03:09:00.600000
3,1,4,False,4,0.67,6,0.32,8,0.01,0,0.0,3,0.0,8,0 days 02:43:00.600000
3,1,2,False,2,0.65,1,0.27,6,0.08,0,0.0,3,0.0,2,0 days 03:20:30.700000
3,3,3,True,3,0.68,2,0.2866666666666666,1,0.03333333333333333,0,0.0,4,0.0,1,0 days 00:53:39.800000
3,1,1,True,1,0.61,2,0.38,8,0.01,0,0.0,4,0.0,1,0 days 04:29:24.300000
3,1,3,False,3,0.71,2,0.16,1,0.13,0,0.0,4,0.0,3,0 days 00:54:19.800000
3,7,1,False,1,0.72,4,0.23,6,0.03,5,0.02,3,0.0,8,0 days 03:09:41.600000
3,3,4,False,4,0.59,6,0.37,1,0.03,2,0.01,3,0.0,5,0 days 01:33:00.500000
3,3,1,False,1,0.67,2,0.25,3,0.08,0,0.0,4,0.0,3,0 days 00:53:56
3,7,5,False,5,0.55,1,0.28,8,0.14,4,0.01,6,0.01,9,0 days 03:39:35
3,3,7,False,7,0.6,2,0.27,1,0.13,0,0.0,3,0.0,5,0 days 01:20:54.600000
3,2,6,False,6,0.5,2,0.32,3,0.14,8,0.04,0,0.0,2,0 days 01:22:28.700000
3,7,2,False,2,0.74,4,0.16,8,0.09,7,0.01,3,0.0,4,0 days 04:07:24.600000
3,2,2,True,2,0.87,8,0.11,3,0.02,1,0.0,4,0.0,1,0 days 00:09:49.400000
3,2,1,False,1,0.7,2,0.28,3,0.02,0,0.0,4,0.0,2,0 days 00:56:26.900000
3,8,6,False,6,0.62,8,0.23,3,0.13,4,0.02,2,0.0,2,0 days 02:26:30.500000
3,3,3,True,3,0.62,2,0.36,7,0.02,1,0.0,0,0.0,1,0 days 00:53:43.900000
3,8,1,False,1,0.65,8,0.21,6,0.08,3,0.05,2,0.01,2,0 days 02:41:14.700000
3,3,2,False,2,0.6,3,0.32,4,0.08,1,0.0,0,0.0,2,0 days 00:25:18.800000
3,4,7,False,7,0.95,2,0.03,6,0.02,0,0.0,3,0.0,8,0 days 04:09:12.100000
3,2,8,False,8,0.65,2,0.25,1,0.08,7,0.02,3,0.0,2,0 days 05:01:40.500000
3,8,7,False,7,0.7,0,0.24,6,0.03,5,0.02,2,0.01,9,0 days 03:45:54.200000
3,4,2,False,2,0.75,4,0.16,1,0.09,0,0.0,3,0.0,2,0 days 03:12:58.400000
3,2,2,True,2,0.74,3,0.23,8,0.03,1,0.0,4,0.0,1,0 days 02:52:21.900000
3,2,3,False,3,0.7,1,0.28,2,0.01,4,0.01,0,0.0,3,0 days 00:55:09.700000
3,2,2,True,2,0.95,1,0.05,0,0.0,3,0.0,4,0.0,1,0 days 00:54:17.100000
3,2,2,True,2,0.65,1,0.27,6,0.08,0,0.0,3,0.0,1,0 days 03:20:44
3,7,1,False,1,0.65,4,0.19,6,0.16,0,0.0,3,0.0,8,0 days 02:16:06.500000
3,3,1,False,1,0.91,8,0.07,6,0.02,2,0.0,3,0.0,5,0 days 00:17:04.300000
3,1,2,False,2,0.74,3,0.24,1,0.02,0,0.0,4,0.0,3,0 days 00:53:51.400000
3,4,4,True,4,0.66,6,0.19,8,0.08,1,0.04,2,0.03,1,0 days 00:41:37.300000
3,4,3,False,3,0.58,6,0.29,1,0.07,2,0.05,4,0.01,5,0 days 00:55:33.400000
3,8,2,False,2,0.65,3,0.25,6,0.05,1,0.03,8,0.02,5,0 days 02:41:19.800000
3,1,1,True,1,0.6,7,0.22,2,0.08,3,0.07,4,0.03,1,0 days 01:21:06.400000
3,3,6,False,6,0.62,2,0.27,1,0.1,4,0.01,3,0.0,5,0 days 02:10:42.500000
3,7,1,False,1,0.85,7,0.1,8,0.05,2,0.0,3,0.0,2,0 days 03:49:39.500000
3,1,3,False,3,0.63,1,0.35,4,0.02,0,0.0,2,0.0,2,0 days 01:20:26.600000
3,1,1,True,1,0.79,2,0.21,0,0.0,3,0.0,4,0.0,1,0 days 00:54:15.300000
3,4,8,False,8,0.65,2,0.18,6,0.1,4,0.05,1,0.02,4,0 days 03:38:16.900000
3,2,4,False,4,0.63,2,0.27,8,0.1,1,0.0,3,0.0,2,0 days 04:01:59
3,7,8,False,8,0.84,1,0.13,3,0.02,2,0.01,4,0.0,9,0 days 00:18:19
3,1,3,False,3,0.94,2,0.06,1,0.0,0,0.0,4,0.0,3,0 days 01:21:34
3,8,3,False,3,0.72,2,0.28,1,0.0,0,0.0,4,0.0,9,0 days 02:52:43.400000
3,1,2,False,2,0.69,1,0.19,3,0.12,0,0.0,4,0.0,2,0 days 00:54:04.400000
3,8,3,False,3,0.68,4,0.28,8,0.03,2,0.01,0,0.0,3,0 days 02:28:47.700000
3,5,6,False,6,0.67,1,0.26,0,0.06,2,0.01,3,0.0,7,0 days 05:24:41.900000
3,2,6,False,6,0.58,8,0.35,1,0.05,4,0.01,0,0.01,8,0 days 02:45:02.100000
3,3,4,False,4,0.66,3,0.32,0,0.02,1,0.0,2,0.0,2,0 days 01:51:05.600000
3,2,1,False,1,0.69,7,0.19,3,0.08,4,0.04,2,0.0,5,0 days 00:58:21.100000
3,7,1,False,1,0.91,4,0.05,8,0.04,2,0.0,3,0.0,9,0 days 02:13:59.100000
3,3,3,True,3,0.71,1,0.27,4,0.02,0,0.0,2,0.0,1,0 days 00:55:11.900000
3,3,4,False,4,0.63,3,0.36,1,0.01,0,0.0,2,0.0,2,0 days 00:55:17.200000
3,2,3,False,3,0.6433333333333334,2,0.22,1,0.13666666666666666,0,0.0,4,0.0,2,0 days 00:54:36.800000
3,7,7,True,7,0.65,1,0.25,3,0.08,4,0.02,2,0.0,1,0 days 00:58:23.500000
3,2,2,True,2,0.64,3,0.33,1,0.03,0,0.0,4,0.0,1,0 days 00:53:52.600000
3,7,0,False,0,0.64,4,0.32,1,0.04,2,0.0,3,0.0,8,0 days 03:36:03.300000
3,4,2,False,2,0.63,7,0.19,8,0.15,1,0.03,3,0.0,6,0 days 03:53:41.300000
3,8,4,False,4,0.62,2,0.25,6,0.08,8,0.03,3,0.02,4,0 days 02:55:31.700000
3,4,6,False,6,0.72,3,0.17,0,0.05,2,0.03,8,0.03,8,0 days 03:04:14.900000
3,8,1,False,1,0.99,3,0.01,0,0.0,2,0.0,4,0.0,9,0 days 00:54:52
3,4,7,False,7,0.59,3,0.32,6,0.09,0,0.0,2,0.0,8,0 days 03:06:07.100000
3,8,6,False,6,0.67,1,0.25,3,0.06,7,0.02,2,0.0,9,0 days 01:17:48.600000
3,4,0,False,0,0.7,4,0.22,8,0.06,1,0.02,3,0.0,2,0 days 04:27:01.500000
3,6,5,False,5,0.64,6,0.24,7,0.08,4,0.04,3,0.0,2,0 days 02:15:43.900000
3,8,1,False,1,0.86,8,0.12,2,0.02,0,0.0,4,0.0,2,0 days 04:29:12.800000
3,4,5,False,5,0.71,6,0.2,2,0.06,1,0.03,3,0.0,7,0 days 01:23:25.700000
3,6,2,False,2,0.99,3,0.01,1,0.0,0,0.0,4,0.0,7,0 days 00:03:54.700000
3,6,1,False,1,0.61,8,0.28,3,0.1,2,0.01,4,0.0,7,0 days 02:05:53
3,8,7,False,7,0.74,1,0.16,4,0.08,2,0.01,6,0.01,9,0 days 01:42:25.500000
3,4,8,False,8,0.63,4,0.29,6,0.08,0,0.0,3,0.0,2,0 days 02:34:39.400000
3,6,2,False,2,0.7,1,0.19,7,0.09,8,0.02,3,0.0,9,0 days 02:17:58.100000
3,6,2,False,2,0.68,4,0.21,7,0.11,0,0.0,3,0.0,8,0 days 01:40:49.900000
3,6,8,False,8,0.62,1,0.27,4,0.1,2,0.01,3,0.0,7,0 days 01:59:29.300000
3,6,3,False,3,0.67,1,0.22,5,0.07,8,0.04,2,0.0,7,0 days 03:09:10.200000
3,4,4,True,4,0.94,3,0.05,6,0.01,0,0.0,2,0.0,1,0 days 01:05:52.200000
3,6,6,True,6,0.65,3,0.3,8,0.05,1,0.0,2,0.0,1,0 days 02:38:16.200000
3,4,8,False,8,0.67,1,0.3,7,0.03,2,0.0,3,0.0,6,0 days 04:31:17.400000
3,6,8,False,8,0.68,3,0.2,4,0.12,1,0.0,2,0.0,7,0 days 03:07:04.600000
3,4,2,False,2,0.65,3,0.33,1,0.01,4,0.01,0,0.0,4,0 days 01:21:22.300000
3,8,6,False,6,0.95,4,0.04,3,0.01,0,0.0,2,0.0,9,0 days 02:02:00.300000
3,4,2,False,2,0.67,4,0.28,3,0.05,1,0.0,0,0.0,2,0 days 02:29:20.800000
3,6,7,False,7,0.56,6,0.24,8,0.11,2,0.09,3,0.0,2,0 days 02:41:04.400000
3,8,4,False,4,0.6433333333333334,2,0.26,8,0.09,7,0.006666666666666666,3,0.0,3,0 days 01:02:07.700000
3,8,6,False,6,0.92,3,0.06,4,0.02,0,0.0,2,0.0,9,0 days 02:02:46.400000
3,6,3,False,3,0.69,4,0.2,7,0.09,2,0.01,8,0.01,9,0 days 00:34:29.400000
3,6,3,False,3,0.96,2,0.04,1,0.0,0,0.0,4,0.0,7,0 days 01:21:32.900000
3,6,1,False,1,0.72,2,0.22,3,0.04,7,0.01,8,0.01,9,0 days 00:27:08.500000
3,8,6,False,6,0.61,4,0.25,2,0.11,7,0.03,3,0.0,9,0 days 00:59:43.300000
3,4,2,False,2,0.7,8,0.28,7,0.02,1,0.0,3,0.0,6,0 days 04:04:29.600000
3,8,3,False,3,0.54,8,0.33,2,0.1,1,0.03,4,0.0,2,0 days 02:56:44.400000
3,8,8,True,8,0.8,2,0.19,0,0.01,1,0.0,4,0.0,1,0 days 02:43:31.300000
3,4,2,False,2,0.61,7,0.37,4,0.01,3,0.01,0,0.0,3,0 days 01:52:51.100000
3,8,0,False,0,0.93,8,0.04,2,0.03,1,0.0,4,0.0,2,0 days 03:42:08.900000
3,2,8,False,8,0.54,1,0.35,7,0.11,2,0.0,3,0.0,4,0 days 04:43:30.700000
4,0,8,False,8,0.78,2,0.21,0,0.01,1,0.0,4,0.0,3,0 days 03:42:23.700000
4,1,4,False,4,0.64,2,0.21,8,0.11,6,0.02,3,0.02,8,0 days 02:24:17.200000
4,1,7,False,7,0.4876666666666666,2,0.35233333333333333,4,0.13,8,0.03,3,0.0,6,0 days 05:22:28.100000
4,1,3,False,3,0.69,4,0.19,0,0.12,1,0.0,2,0.0,4,0 days 02:19:06.700000
4,1,4,False,4,0.61,2,0.31,7,0.08,0,0.0,3,0.0,6,0 days 03:54:40.300000
4,1,2,False,2,0.58,0,0.28,7,0.13,1,0.01,3,0.0,4,0 days 04:03:17.100000
4,2,7,False,7,0.64,3,0.3,1,0.06,0,0.0,2,0.0,5,0 days 00:54:21.500000
4,0,0,True,0,0.67,1,0.22,7,0.08,2,0.03,3,0.0,1,0 days 05:31:16.700000
4,4,7,False,7,0.6,0,0.24,2,0.12,6,0.04,3,0.0,8,0 days 05:15:23.500000
4,1,3,False,3,0.65,7,0.19,2,0.11,4,0.04,1,0.01,5,0 days 00:57:14.300000
4,0,7,False,7,0.62,8,0.23,1,0.1,4,0.05,3,0.0,8,0 days 05:21:44.700000
4,2,3,False,3,0.71,2,0.24,8,0.04,4,0.01,0,0.0,2,0 days 02:53:04.300000
4,3,2,False,2,0.65,3,0.19,4,0.12,1,0.03,6,0.01,2,0 days 01:21:26.600000
4,2,1,False,1,0.65,4,0.22,7,0.13,0,0.0,3,0.0,6,0 days 03:50:19.200000
4,0,8,False,8,0.62,6,0.2,1,0.14,7,0.04,3,0.0,8,0 days 03:12:16.500000
4,3,3,True,3,0.63,1,0.23,2,0.1,6,0.04,0,0.0,1,0 days 01:21:36.500000
4,5,7,False,7,0.96,1,0.03,0,0.01,2,0.0,3,0.0,7,0 days 04:48:54.200000
4,1,2,False,2,0.63,0,0.36,1,0.01,3,0.0,4,0.0,3,0 days 14:09:19
4,2,7,False,7,0.72,2,0.24,4,0.02,3,0.02,0,0.0,2,0 days 04:20:46.800000
4,0,3,False,3,0.94,2,0.05,4,0.01,1,0.0,0,0.0,5,0 days 00:54:02.200000
4,0,2,False,2,0.63,0,0.36,1,0.01,3,0.0,4,0.0,2,0 days 13:55:15.100000
4,0,2,False,2,0.63,0,0.36,1,0.01,3,0.0,4,0.0,2,0 days 13:45:21.400000
4,0,7,False,7,0.61,6,0.27,2,0.12,0,0.0,3,0.0,4,0 days 00:27:56.600000
4,0,8,False,8,0.6,7,0.31,4,0.07,2,0.02,3,0.0,8,0 days 04:33:03.200000
4,2,2,True,2,0.63,3,0.25,4,0.1,8,0.02,0,0.0,1,0 days 01:28:09.600000
4,2,3,False,3,0.67,1,0.19,4,0.11,6,0.03,2,0.0,5,0 days 01:12:32.500000
4,8,7,False,7,0.65,6,0.29,2,0.05,8,0.01,3,0.0,4,0 days 01:04:48
4,2,8,False,8,0.7,1,0.18,3,0.07,6,0.05,2,0.0,5,0 days 02:41:21
4,3,2,False,2,0.87,7,0.06,6,0.05,4,0.02,3,0.0,5,0 days 01:39:35.900000
4,1,6,False,6,0.62,2,0.22,7,0.11,8,0.04,1,0.01,5,0 days 05:19:22.900000
4,2,2,True,2,0.62,3,0.27,1,0.08,4,0.03,0,0.0,1,0 days 00:24:33
4,7,7,True,7,0.69,8,0.25,2,0.04,4,0.01,3,0.01,1,0 days 02:07:57.400000
4,2,8,False,8,0.69,2,0.22,3,0.09,1,0.0,4,0.0,2,0 days 00:18:58.500000
4,0,0,True,0,1.0,1,0.0,2,0.0,3,0.0,4,0.0,1,0 days 06:42:55.800000
4,3,2,False,2,0.68,8,0.26,4,0.06,1,0.0,3,0.0,5,0 days 03:36:26.500000
4,7,7,True,7,0.61,1,0.27,4,0.09,5,0.03,3,0.0,1,0 days 03:50:42
4,3,3,True,3,0.62,8,0.26,4,0.09,7,0.03,2,0.0,1,0 days 02:20:44.400000
4,1,1,True,1,0.87,7,0.09,2,0.03,8,0.01,3,0.0,1,0 days 00:51:04.500000
4,3,2,False,2,0.96,7,0.04,1,0.0,0,0.0,3,0.0,5,0 days 00:32:10
4,3,6,False,6,0.73,3,0.16,7,0.05,1,0.03,4,0.03,2,0 days 00:54:26.700000
4,3,1,False,1,0.62,8,0.24,6,0.1,3,0.02,2,0.02,4,0 days 00:40:15.200000
4,7,4,False,4,0.56,3,0.24,6,0.2,0,0.0,2,0.0,8,0 days 03:06:04.700000
4,1,2,False,2,0.69,6,0.21,3,0.1,1,0.0,0,0.0,4,0 days 00:55:35.500000
4,1,2,False,2,0.9,1,0.06,3,0.04,0,0.0,4,0.0,2,0 days 00:55:56.800000
4,1,2,False,2,0.87,3,0.1,1,0.03,0,0.0,4,0.0,3,0 days 01:19:34.900000
4,7,1,False,1,0.56,8,0.38,6,0.06,2,0.0,3,0.0,9,0 days 01:48:21.200000
4,7,2,False,2,0.9,7,0.05,6,0.03,1,0.02,3,0.0,2,0 days 01:10:12.300000
4,1,2,False,2,0.81,4,0.11,1,0.08,0,0.0,3,0.0,3,0 days 00:56:56.200000
4,4,4,True,4,0.67,8,0.24,1,0.08,3,0.01,2,0.0,1,0 days 03:32:25.400000
4,2,3,False,3,0.64,1,0.26,2,0.09,7,0.01,0,0.0,3,0 days 01:20:58.500000
4,3,4,False,4,0.72,3,0.17,2,0.08,8,0.03,0,0.0,2,0 days 01:24:37.400000
4,2,3,False,3,0.99,4,0.01,1,0.0,0,0.0,2,0.0,5,0 days 01:20:42.600000
4,2,1,False,1,0.66,6,0.24,2,0.1,0,0.0,3,0.0,3,0 days 03:20:54.900000
4,3,8,False,8,0.59,3,0.26,0,0.11,2,0.03,4,0.01,2,0 days 02:51:49.400000
4,2,7,False,7,0.66,3,0.32,6,0.01,1,0.01,2,0.0,5,0 days 02:11:52.900000
4,2,3,False,3,0.9,2,0.1,1,0.0,0,0.0,4,0.0,2,0 days 00:53:41.600000
4,2,6,False,6,0.8,7,0.15,8,0.03,4,0.02,3,0.0,6,0 days 01:00:15.100000
4,2,1,False,1,0.84,6,0.12,5,0.03,0,0.01,3,0.0,6,0 days 05:24:07.200000
4,7,1,False,1,0.66,4,0.32,8,0.02,2,0.0,3,0.0,9,0 days 05:22:22.600000
4,2,1,False,1,0.93,2,0.04,4,0.02,3,0.01,0,0.0,2,0 days 01:47:40.500000
4,2,1,False,1,0.56,8,0.31,7,0.09,2,0.04,3,0.0,4,0 days 04:55:50.700000
4,2,6,False,6,0.57,2,0.38,8,0.05,1,0.0,3,0.0,2,0 days 01:22:32.200000
4,0,0,True,0,0.81,4,0.17,2,0.02,1,0.0,3,0.0,1,0 days 04:55:31.400000
4,2,2,True,2,0.79,0,0.21,1,0.0,3,0.0,4,0.0,1,0 days 08:56:58
4,2,2,True,2,0.55,1,0.36,3,0.09,0,0.0,4,0.0,1,0 days 00:54:14.400000
4,2,3,False,3,0.63,1,0.18583333333333332,2,0.18416666666666667,0,0.0,4,0.0,3,0 days 00:53:51.200000
4,2,1,False,1,0.575,3,0.41,7,0.015,0,0.0,2,0.0,5,0 days 00:54:08.500000
4,2,2,True,2,0.75,8,0.25,1,0.0,0,0.0,4,0.0,1,0 days 00:30:27.400000
4,2,1,False,1,0.55,7,0.28,8,0.12,2,0.04,0,0.01,4,0 days 04:55:48
4,4,0,False,0,1.0,1,0.0,2,0.0,3,0.0,4,0.0,5,0 days 06:42:48
4,1,7,False,7,0.7,8,0.26,1,0.04,2,0.0,3,0.0,3,0 days 03:49:23.400000
4,2,1,False,1,0.65,2,0.24,8,0.11,0,0.0,4,0.0,2,0 days 03:08:05.900000
4,8,8,True,8,0.6,1,0.28,6,0.12,2,0.0,3,0.0,1,0 days 03:08:47.500000
4,1,3,False,3,0.7,1,0.21,2,0.09,0,0.0,4,0.0,2,0 days 00:53:59
4,1,1,True,1,0.68,2,0.23,3,0.07,4,0.02,0,0.0,1,0 days 03:23:04.600000
4,1,1,True,1,0.71,8,0.27,2,0.02,0,0.0,4,0.0,1,0 days 04:29:10.200000
4,7,1,False,1,0.62,4,0.36,7,0.02,0,0.0,3,0.0,3,0 days 04:34:31
4,1,3,False,3,0.75,1,0.25,0,0.0,2,0.0,4,0.0,2,0 days 00:54:11.900000
4,1,1,True,1,0.59,3,0.41,0,0.0,2,0.0,4,0.0,1,0 days 00:55:00
4,3,7,False,7,0.64,2,0.3,3,0.03,1,0.03,0,0.0,3,0 days 00:53:54.900000
4,1,3,False,3,0.94,4,0.06,1,0.0,0,0.0,2,0.0,3,0 days 01:20:38.200000
4,1,2,False,2,0.65,7,0.28,4,0.06,3,0.01,0,0.0,6,0 days 00:58:17.800000
4,3,2,False,2,0.9,8,0.08,3,0.02,1,0.0,4,0.0,3,0 days 00:19:22.600000
4,4,4,True,4,0.58,8,0.3,1,0.1,7,0.02,3,0.0,1,0 days 03:36:48.100000
4,2,2,True,2,0.72,7,0.22,1,0.06,0,0.0,3,0.0,1,0 days 05:28:21.300000
4,4,3,False,3,0.73,2,0.18,1,0.09,0,0.0,4,0.0,5,0 days 00:56:16.800000
4,7,8,False,8,0.67,1,0.27,4,0.03,7,0.02,2,0.01,4,0 days 03:36:45.700000
4,1,1,True,1,0.74,7,0.23,4,0.03,0,0.0,3,0.0,1,0 days 02:49:04.600000
4,3,3,True,3,0.69,7,0.22,1,0.09,0,0.0,2,0.0,1,0 days 00:54:22.400000
4,3,1,False,1,1.0,0,0.0,2,0.0,3,0.0,4,0.0,4,0 days 01:20:28.500000
4,1,5,False,5,0.59,7,0.26,1,0.15,0,0.0,3,0.0,3,0 days 05:43:01.600000
4,7,1,False,1,0.64,2,0.25,4,0.11,0,0.0,3,0.0,8,0 days 03:37:20
4,2,6,False,6,0.6,1,0.2,2,0.2,0,0.0,3,0.0,3,0 days 00:56:03.400000
4,2,8,False,8,0.7,4,0.17,2,0.13,1,0.0,3,0.0,3,0 days 03:36:27.500000
4,7,5,False,5,0.85,7,0.1,1,0.03,0,0.01,2,0.01,2,0 days 07:09:33.600000
4,3,3,True,3,0.67,2,0.24,1,0.09,0,0.0,4,0.0,1,0 days 00:53:57.200000
4,2,8,False,8,0.5,4,0.31,6,0.13,7,0.05,1,0.01,8,0 days 01:15:00.900000
4,2,2,True,2,0.68,6,0.26,8,0.03,1,0.02,4,0.01,1,0 days 00:08:02.800000
4,2,2,True,2,0.65,3,0.24,1,0.07,6,0.04,0,0.0,1,0 days 01:21:37.400000
4,2,3,False,3,0.61,8,0.32,0,0.05,6,0.02,2,0.0,5,0 days 02:55:11.500000
4,7,4,False,4,0.62,2,0.27,0,0.06,8,0.05,3,0.0,9,0 days 03:34:55.800000
4,7,4,False,4,0.67,6,0.24,8,0.07,3,0.02,2,0.0,9,0 days 01:28:56.100000
4,7,1,False,1,0.82,3,0.18,0,0.0,2,0.0,4,0.0,8,0 days 01:19:51.500000
4,8,2,False,2,0.92,1,0.07,3,0.01,0,0.0,4,0.0,9,0 days 00:16:31.600000
4,8,6,False,6,0.87,3,0.12,4,0.01,0,0.0,2,0.0,9,0 days 02:38:04.800000
4,8,1,False,1,0.61,2,0.33,4,0.06,0,0.0,3,0.0,9,0 days 04:01:48.300000
4,3,4,False,4,0.71,3,0.28,2,0.01,1,0.0,0,0.0,2,0 days 00:25:39.100000
4,4,7,False,7,0.6,2,0.31,3,0.07,1,0.02,0,0.0,6,0 days 05:25:49.700000
4,4,0,False,0,0.6,8,0.32,2,0.08,1,0.0,4,0.0,5,0 days 03:34:59.100000
4,2,2,True,2,0.61,1,0.39,0,0.0,3,0.0,4,0.0,1,0 days 00:56:40.400000
4,2,3,False,3,0.94,2,0.05,4,0.01,1,0.0,0,0.0,2,0 days 00:54:02
4,4,1,False,1,0.64,3,0.22,8,0.13,7,0.01,2,0.0,6,0 days 00:18:39.900000
4,7,8,False,8,0.63,7,0.33,1,0.04,2,0.0,3,0.0,2,0 days 03:49:15.500000
4,7,0,False,0,0.74,5,0.15,7,0.06,1,0.05,3,0.0,3,0 days 05:07:36.500000
4,1,3,False,3,0.66,0,0.27,7,0.07,1,0.0,2,0.0,4,0 days 04:28:28
4,3,3,True,3,0.87,1,0.13,0,0.0,2,0.0,4,0.0,1,0 days 00:54:05
4,1,3,False,3,0.97,7,0.03,1,0.0,0,0.0,2,0.0,3,0 days 00:58:35.200000
4,7,0,False,0,0.75,4,0.17,7,0.07,2,0.01,3,0.0,3,0 days 04:55:35.700000
4,1,7,False,7,0.65,2,0.29,1,0.05,8,0.01,3,0.0,3,0 days 04:28:35.900000
4,1,3,False,3,0.5417380952380951,2,0.45826190476190476,1,0.0,0,0.0,4,0.0,3,0 days 00:54:30.100000
4,3,8,False,8,0.5655,3,0.4045,4,0.02,1,0.01,2,0.0,2,0 days 01:47:20.600000
4,1,6,False,6,0.56,2,0.43,3,0.01,1,0.0,0,0.0,4,0 days 01:19:11.300000
4,1,0,False,0,0.69,3,0.16,8,0.15,1,0.0,4,0.0,4,0 days 03:41:02.800000
4,1,2,False,2,0.69,8,0.27,4,0.03,3,0.01,0,0.0,8,0 days 01:23:51.800000
4,1,3,False,3,0.73,1,0.27,0,0.0,2,0.0,4,0.0,2,0 days 00:53:37
4,1,3,False,3,0.87,2,0.09,1,0.04,0,0.0,4,0.0,3,0 days 00:53:01.200000
4,4,1,False,1,0.69,7,0.29,3,0.02,0,0.0,2,0.0,6,0 days 02:47:14.600000
4,4,8,False,8,0.63,3,0.21,4,0.15,6,0.01,2,0.0,3,0 days 00:36:59
4,8,7,False,7,0.57,6,0.38,5,0.05,0,0.0,3,0.0,9,0 days 02:15:33.500000
4,4,6,False,6,0.62,4,0.22,7,0.1,8,0.05,2,0.01,2,0 days 00:59:53
4,1,1,True,1,0.63,8,0.33,4,0.02,0,0.02,3,0.0,1,0 days 02:44:44.300000
4,7,0,False,0,0.64,8,0.23,4,0.07,2,0.03,6,0.02,9,0 days 02:17:29.800000
4,3,8,False,8,0.69,2,0.21,6,0.1,1,0.0,3,0.0,5,0 days 01:22:24.700000
4,3,3,True,3,0.65,1,0.30933333333333335,2,0.04066666666666666,0,0.0,4,0.0,1,0 days 00:53:34.400000
4,3,3,True,3,0.6,2,0.34,8,0.04,6,0.01,7,0.01,1,0 days 02:06:29.500000
4,1,1,True,1,0.67,8,0.25,2,0.06,6,0.02,3,0.0,1,0 days 02:42:24.200000
4,3,1,False,1,0.67,4,0.23,7,0.1,0,0.0,3,0.0,5,0 days 02:49:17.400000
4,7,6,False,6,0.89,2,0.06,4,0.05,0,0.0,3,0.0,8,0 days 00:06:53.800000
4,3,3,True,3,0.68,1,0.32,0,0.0,2,0.0,4,0.0,1,0 days 00:53:24.800000
4,7,4,False,4,0.58,8,0.3,1,0.1,7,0.02,3,0.0,4,0 days 03:36:47.800000
4,8,4,False,4,0.67,1,0.22,8,0.11,2,0.0,3,0.0,3,0 days 03:37:32.400000
4,8,2,False,2,0.9,7,0.05,6,0.03,1,0.02,3,0.0,9,0 days 01:10:07.300000
4,8,4,False,4,0.61,1,0.38,7,0.01,0,0.0,3,0.0,9,0 days 02:13:39.100000
4,8,6,False,6,0.72,4,0.24,8,0.04,0,0.0,3,0.0,3,0 days 03:08:41.100000
4,8,6,False,6,0.6,1,0.29,8,0.06,2,0.05,3,0.0,3,0 days 00:26:41.600000
4,4,0,False,0,0.54,8,0.31,6,0.11,3,0.04,2,0.0,6,0 days 02:55:35.400000
4,5,4,False,4,0.63,6,0.25,2,0.12,0,0.0,3,0.0,7,0 days 01:23:24.800000
4,4,1,False,1,0.67,6,0.28,4,0.03,3,0.01,7,0.01,3,0 days 01:49:49.700000
4,8,6,False,6,0.67,4,0.19,2,0.08,3,0.05,8,0.01,5,0 days 00:46:15.200000
4,6,6,True,6,0.67,1,0.22,8,0.105,3,0.005,2,0.0,1,0 days 01:46:26.400000
4,6,0,False,0,0.58,2,0.38,6,0.04,1,0.0,3,0.0,3,0 days 02:14:45
4,6,1,False,1,0.64,8,0.23,4,0.11,2,0.02,3,0.0,7,0 days 03:12:40.200000
4,8,8,True,8,0.92,7,0.08,2,0.0,0,0.0,3,0.0,1,0 days 01:03:06.200000
4,8,1,False,1,0.69,7,0.22,4,0.09,0,0.0,3,0.0,9,0 days 02:48:59.900000
4,4,2,False,2,0.58,7,0.33,0,0.08,1,0.01,3,0.0,6,0 days 04:03:14.700000
4,6,8,False,8,0.61,3,0.27,6,0.11,1,0.01,2,0.0,3,0 days 02:03:22.900000
4,6,0,False,0,0.69,7,0.21,6,0.07,1,0.01,2,0.01,3,0 days 02:41:47.400000
4,6,2,False,2,0.66,8,0.29,1,0.03,0,0.01,4,0.01,7,0 days 02:45:00.700000
4,4,3,False,3,0.58,1,0.25,2,0.16,6,0.01,0,0.0,6,0 days 01:07:10.300000
4,6,2,False,2,0.79,6,0.14,4,0.06,8,0.01,3,0.0,2,0 days 01:58:06.700000
4,6,8,False,8,0.66,2,0.21,4,0.09,7,0.03,6,0.01,5,0 days 02:16:19.800000
4,4,1,False,1,0.62,4,0.25,8,0.13,2,0.0,3,0.0,2,0 days 01:54:20.900000
4,8,6,False,6,0.63,0,0.21,8,0.15,3,0.01,2,0.0,3,0 days 02:55:58
4,4,1,False,1,0.71,7,0.24,6,0.03,2,0.02,3,0.0,8,0 days 02:16:05.100000
4,6,6,True,6,0.88,4,0.11,1,0.01,0,0.0,3,0.0,1,0 days 02:43:07.400000
4,4,8,False,8,0.67,4,0.2,6,0.09,2,0.03,7,0.01,2,0 days 00:12:12.200000
4,6,4,False,4,0.56,1,0.37,5,0.07,0,0.0,3,0.0,7,0 days 03:39:16.500000
4,8,5,False,5,0.7,0,0.19,4,0.1,1,0.01,3,0.0,9,0 days 04:26:32
4,6,8,False,8,0.61,3,0.22,6,0.1,2,0.07,0,0.0,3,0 days 00:29:11.400000
4,6,4,False,4,0.94,0,0.03,8,0.02,2,0.01,3,0.0,7,0 days 02:44:25.800000
4,6,7,False,7,0.59,0,0.4,5,0.01,1,0.0,3,0.0,8,0 days 05:05:25.100000
4,6,4,False,4,0.62,3,0.22,0,0.12,8,0.03,1,0.01,7,0 days 03:04:09
4,6,2,False,2,0.67,7,0.26,3,0.06,8,0.01,0,0.0,9,0 days 02:06:59.500000
4,8,4,False,4,0.66,8,0.31,2,0.03,1,0.0,3,0.0,2,0 days 01:02:22.300000
4,8,7,False,7,0.61,4,0.35,3,0.03,6,0.01,2,0.0,9,0 days 02:20:00.200000
4,4,4,True,4,0.72,6,0.24,2,0.03,8,0.01,3,0.0,1,0 days 02:22:38.200000
4,4,7,False,7,0.7,3,0.29,8,0.01,1,0.0,2,0.0,6,0 days 02:46:26.100000
4,4,1,False,1,0.71,7,0.19,6,0.07,2,0.03,3,0.0,8,0 days 01:37:37.400000
4,2,8,False,8,0.66,2,0.21,6,0.12,4,0.01,3,0.0,2,0 days 00:07:38.100000
5,3,4,False,4,0.62,8,0.24,3,0.13,2,0.01,0,0.0,3,0 days 02:51:10.200000
5,1,2,False,2,0.8525,3,0.11,1,0.0375,0,0.0,4,0.0,3,0 days 00:53:50.900000
5,1,1,True,1,0.74,2,0.17,3,0.09,0,0.0,4,0.0,1,0 days 00:55:48.500000
5,1,1,True,1,0.83,2,0.17,0,0.0,3,0.0,4,0.0,1,0 days 00:55:46.900000
5,1,3,False,3,0.71,4,0.2,2,0.07,1,0.02,0,0.0,4,0 days 00:56:18.700000
5,1,0,False,0,0.64,7,0.34,5,0.01,1,0.01,3,0.0,4,0 days 04:46:47.200000
5,0,0,True,0,0.6,7,0.29,6,0.11,1,0.0,3,0.0,1,0 days 04:11:42.800000
5,3,7,False,7,0.63,2,0.27,1,0.08,3,0.02,0,0.0,4,0 days 00:54:24.700000
5,0,7,False,7,0.59,2,0.41,1,0.0,0,0.0,3,0.0,4,0 days 06:08:40.700000
5,4,3,False,3,0.62,2,0.22,6,0.11,1,0.03,4,0.02,5,0 days 00:57:54.700000
5,1,6,False,6,0.67,8,0.2,3,0.13,1,0.0,2,0.0,4,0 days 02:05:56.300000
5,0,0,True,0,0.73,4,0.26,1,0.01,2,0.0,3,0.0,1,0 days 06:42:51.700000
5,1,1,True,1,0.61,2,0.39,0,0.0,3,0.0,4,0.0,1,0 days 00:56:36.700000
5,3,1,False,1,0.65,3,0.35,0,0.0,2,0.0,4,0.0,2,0 days 00:54:33.900000
5,1,2,False,2,0.93,1,0.07,0,0.0,3,0.0,4,0.0,2,0 days 00:56:41.900000
5,0,7,False,7,0.68,1,0.2,2,0.12,0,0.0,3,0.0,4,0 days 03:43:13.100000
5,4,8,False,8,0.71,6,0.19,4,0.08,7,0.02,3,0.0,3,0 days 00:35:39.900000
5,2,2,True,2,0.65,7,0.196,3,0.14400000000000002,1,0.01,0,0.0,1,0 days 00:53:54.600000
5,3,2,False,2,0.65,3,0.25,1,0.1,0,0.0,4,0.0,2,0 days 00:53:50.300000
5,1,0,False,0,0.6,1,0.25,8,0.11,4,0.04,3,0.0,2,0 days 04:28:52.300000
5,3,4,False,4,0.67,1,0.29,7,0.04,0,0.0,3,0.0,5,0 days 00:57:11.600000
5,5,0,False,0,0.71,1,0.26,2,0.03,3,0.0,4,0.0,6,0 days 20:36:59.800000
5,5,5,True,5,0.63,1,0.37,2,0.0,0,0.0,3,0.0,1,0 days 05:36:35.500000
5,0,0,True,0,0.78,2,0.22,1,0.0,3,0.0,4,0.0,1,0 days 09:25:34.400000
5,2,7,False,7,0.62,3,0.3,2,0.05,6,0.03,0,0.0,3,0 days 02:31:52.500000
5,0,3,False,3,0.48,8,0.43,0,0.04,1,0.02,2,0.02,3,0 days 03:07:49.800000
5,0,7,False,7,0.63,2,0.35,6,0.02,0,0.0,3,0.0,4,0 days 02:14:32.600000
5,0,2,False,2,0.83,1,0.07,4,0.05,7,0.04,8,0.01,8,0 days 04:03:24.500000
5,3,3,True,3,0.59,6,0.27,8,0.1,4,0.02,0,0.02,1,0 days 03:06:54.700000
5,3,1,False,1,0.705,3,0.29,2,0.005,0,0.0,4,0.0,2,0 days 00:53:26.500000
5,7,1,False,1,0.7,2,0.22,7,0.08,0,0.0,3,0.0,3,0 days 03:56:48.500000
5,4,4,True,4,0.61,7,0.38,8,0.01,0,0.0,3,0.0,1,0 days 03:36:50.600000
5,2,2,True,2,0.58,1,0.25,8,0.17,0,0.0,4,0.0,1,0 days 02:41:10.700000
5,1,1,True,1,0.61,3,0.29,2,0.1,0,0.0,4,0.0,1,0 days 00:55:51.700000
5,7,1,False,1,0.66,4,0.31,3,0.03,0,0.0,2,0.0,8,0 days 02:49:31.500000
5,3,2,False,2,0.67,1,0.17,6,0.1,3,0.05,4,0.01,4,0 days 03:00:56.700000
5,3,0,False,0,0.65,4,0.25,1,0.08,8,0.02,3,0.0,5,0 days 03:35:27.500000
5,7,4,False,4,0.66,0,0.24,1,0.07,8,0.03,3,0.0,9,0 days 03:35:25.200000
5,1,1,True,1,0.69,7,0.19,6,0.07,3,0.05,2,0.0,1,0 days 03:14:15.800000
5,1,8,False,8,0.667,3,0.313,6,0.02,1,0.0,2,0.0,4,0 days 01:47:02
5,4,3,False,3,0.75,1,0.25,0,0.0,2,0.0,4,0.0,5,0 days 00:54:33.200000
5,2,4,False,4,0.68,0,0.27,2,0.05,1,0.0,3,0.0,3,0 days 03:16:13.600000
5,1,1,True,1,0.63,2,0.21,3,0.16,0,0.0,4,0.0,1,0 days 00:52:05.400000
5,3,1,False,1,0.67,3,0.17,4,0.15,2,0.01,0,0.0,2,0 days 01:20:37.600000
5,2,2,True,2,0.8975,3,0.09,1,0.0125,0,0.0,4,0.0,1,0 days 00:54:10
5,8,8,True,8,0.68,0,0.3,1,0.02,2,0.0,4,0.0,1,0 days 03:35:15.400000
5,8,8,True,8,0.6,7,0.3,1,0.08,2,0.01,0,0.01,1,0 days 03:34:39.800000
5,7,1,False,1,0.63,7,0.18,5,0.15,0,0.04,3,0.0,2,0 days 05:09:08.900000
5,3,1,False,1,0.7,6,0.21,8,0.09,2,0.0,3,0.0,5,0 days 03:09:04.800000
5,8,4,False,4,0.64,2,0.24,3,0.1,1,0.02,0,0.0,9,0 days 03:36:29.300000
5,2,2,True,2,0.8975,3,0.09,1,0.0125,0,0.0,4,0.0,1,0 days 00:54:09.900000
5,2,8,False,8,0.69,2,0.24,1,0.05,3,0.02,4,0.0,2,0 days 00:16:34
5,2,1,False,1,0.66,2,0.24,3,0.1,0,0.0,4,0.0,2,0 days 00:53:40.400000
5,0,7,False,7,0.54,2,0.41,5,0.05,0,0.0,3,0.0,4,0 days 06:17:54.900000
5,2,4,False,4,0.82,1,0.17,8,0.01,2,0.0,3,0.0,4,0 days 03:08:22.100000
5,2,6,False,6,0.73,2,0.27,1,0.0,0,0.0,3,0.0,2,0 days 00:03:49
5,2,3,False,3,0.7498333333333332,2,0.25016666666666665,1,0.0,0,0.0,4,0.0,2,0 days 01:20:45
5,2,1,False,1,0.6,8,0.25,2,0.1,4,0.05,3,0.0,3,0 days 01:23:55.100000
5,2,2,True,2,0.69,1,0.31,0,0.0,3,0.0,4,0.0,1,0 days 00:54:14.500000
5,0,1,False,1,0.71,5,0.17,4,0.06,0,0.06,3,0.0,4,0 days 06:42:35.900000
5,2,0,False,0,0.62,7,0.32,3,0.05,2,0.01,1,0.0,4,0 days 01:52:16.400000
5,2,7,False,7,0.59,2,0.41,1,0.0,0,0.0,3,0.0,2,0 days 06:15:33.700000
5,2,4,False,4,0.71,2,0.22,3,0.07,1,0.0,0,0.0,2,0 days 00:05:01.400000
5,3,4,False,4,0.76,2,0.15,6,0.05,8,0.03,3,0.01,5,0 days 01:22:14.100000
5,4,7,False,7,0.71,1,0.16,2,0.07,8,0.05,4,0.01,5,0 days 03:35:08.100000
5,2,3,False,3,0.7,6,0.18,1,0.11,8,0.01,2,0.0,5,0 days 00:40:42.500000
5,7,1,False,1,0.92,0,0.06,3,0.02,2,0.0,4,0.0,8,0 days 04:28:24.800000
5,3,4,False,4,0.59,0,0.36,1,0.03,3,0.02,2,0.0,4,0 days 02:18:54.100000
5,1,1,True,1,0.8373333333333332,3,0.14266666666666666,2,0.02,0,0.0,4,0.0,1,0 days 00:53:55.600000
5,1,8,False,8,0.67,2,0.29,7,0.02,1,0.02,3,0.0,4,0 days 05:02:15.700000
5,3,7,False,7,0.62,3,0.38,1,0.0,0,0.0,2,0.0,2,0 days 00:54:05.600000
5,1,2,False,2,0.62,7,0.28,1,0.08,3,0.02,0,0.0,3,0 days 00:54:24.600000
5,1,2,False,2,0.88,4,0.09,1,0.02,6,0.01,3,0.0,3,0 days 03:13:07.500000
5,3,6,False,6,0.79,0,0.18,4,0.03,1,0.0,3,0.0,5,0 days 03:06:26
5,0,8,False,8,0.69,4,0.29,2,0.02,1,0.0,3,0.0,8,0 days 03:35:00.100000
5,4,6,False,6,0.62,3,0.21066666666666667,8,0.1393333333333333,4,0.02,1,0.01,4,0 days 01:47:28.300000
5,4,8,False,8,0.63,0,0.24,2,0.06,1,0.03,3,0.03,6,0 days 03:07:53
5,4,2,False,2,0.9,3,0.05416666666666666,0,0.04583333333333334,1,0.0,4,0.0,5,0 days 00:54:01.400000
5,7,0,False,0,0.61,2,0.23,7,0.11,1,0.04,8,0.01,3,0 days 04:31:01.700000
5,7,7,True,7,0.57,1,0.31,0,0.12,2,0.0,3,0.0,1,0 days 06:44:13.500000
5,1,3,False,3,0.98,1,0.02,0,0.0,2,0.0,4,0.0,2,0 days 00:55:23.300000
5,1,3,False,3,0.69,7,0.29,1,0.02,0,0.0,2,0.0,3,0 days 00:54:05.300000
5,1,8,False,8,0.91,4,0.08,7,0.01,0,0.0,3,0.0,8,0 days 01:01:07.800000
5,7,1,False,1,0.92,0,0.06,3,0.02,2,0.0,4,0.0,8,0 days 04:28:23.400000
5,1,6,False,6,0.91,3,0.04,8,0.03,2,0.01,1,0.01,5,0 days 01:48:01.900000
5,1,8,False,8,0.68,1,0.31,4,0.01,2,0.0,3,0.0,2,0 days 00:54:51.300000
5,7,0,False,0,0.61,7,0.29,2,0.05,1,0.04,8,0.01,2,0 days 04:31:03.900000
5,4,1,False,1,0.69,7,0.23,6,0.05,2,0.03,3,0.0,8,0 days 02:42:07
5,2,8,False,8,0.73,2,0.15,7,0.08333333333333331,4,0.02,1,0.016666666666666666,2,0 days 04:02:02.500000
5,2,8,False,8,0.63,2,0.24,6,0.08,7,0.04,0,0.01,2,0 days 03:47:47.400000
5,1,1,True,1,0.7,8,0.21,2,0.06,6,0.02,4,0.01,1,0 days 02:42:25
5,1,8,False,8,0.91,4,0.08,6,0.01,0,0.0,3,0.0,8,0 days 01:01:04.900000
5,1,2,False,2,0.63,3,0.33,1,0.04,0,0.0,4,0.0,3,0 days 00:53:58
5,1,2,False,2,0.9,6,0.06,1,0.04,0,0.0,3,0.0,3,0 days 01:31:33.400000
5,1,1,True,1,0.96,2,0.03,0,0.01,3,0.0,4,0.0,1,0 days 04:02:28.900000
5,3,1,False,1,0.481547619047619,7,0.4467857142857144,3,0.06,2,0.011666666666666665,0,0.0,3,0 days 00:54:08.100000
5,2,2,True,2,0.97,1,0.03,0,0.0,3,0.0,4,0.0,1,0 days 00:07:54
5,2,1,False,1,0.88,2,0.06,7,0.03,4,0.03,3,0.0,2,0 days 04:33:23.100000
5,2,2,True,2,0.65,6,0.18,1,0.11,7,0.04,4,0.02,1,0 days 04:37:59.300000
5,2,8,False,8,0.6,7,0.3,1,0.08,2,0.01,0,0.01,4,0 days 03:34:37.900000
5,3,2,False,2,0.62,3,0.19833333333333333,1,0.18166666666666664,0,0.0,4,0.0,2,0 days 00:53:56.200000
5,7,0,False,0,0.57,8,0.22,1,0.21,2,0.0,4,0.0,9,0 days 03:08:15.100000
5,2,6,False,6,0.7,3,0.2,2,0.1,1,0.0,0,0.0,3,0 days 00:04:13.700000
5,7,2,False,2,0.85,7,0.1,3,0.02,0,0.02,4,0.01,2,0 days 04:20:50.900000
5,7,1,False,1,0.67,2,0.3,8,0.03,0,0.0,4,0.0,9,0 days 01:09:26.700000
5,8,0,False,0,0.57,8,0.22,1,0.21,2,0.0,4,0.0,2,0 days 03:08:14.500000
5,2,8,False,8,0.94,7,0.05,6,0.01,0,0.0,3,0.0,6,0 days 02:43:23.900000
5,8,3,False,3,0.72,2,0.23,7,0.05,1,0.0,0,0.0,9,0 days 04:01:36.500000
5,8,7,False,7,0.66,0,0.25,1,0.09,2,0.0,3,0.0,9,0 days 04:28:40.500000
5,8,2,False,2,0.8,6,0.2,1,0.0,0,0.0,3,0.0,9,0 days 00:07:37.800000
5,2,0,False,0,0.59,3,0.27,8,0.11,1,0.03,4,0.0,8,0 days 03:41:42.800000
5,4,4,True,4,0.64,1,0.23,2,0.08,8,0.05,3,0.0,1,0 days 04:01:53.800000
5,2,0,False,0,0.57,8,0.29,3,0.09,2,0.05,4,0.0,4,0 days 00:29:42.800000
5,8,2,False,2,0.63,8,0.28,4,0.05,7,0.04,3,0.0,2,0 days 04:28:33
5,4,8,False,8,0.63,0,0.24,2,0.06,1,0.03,3,0.03,6,0 days 03:07:53.500000
5,8,1,False,1,0.93,4,0.06,2,0.01,0,0.0,3,0.0,9,0 days 03:35:46.500000
5,3,8,False,8,0.6,7,0.3,1,0.09,2,0.01,3,0.0,5,0 days 03:34:34.800000
5,3,1,False,1,0.715,7,0.1475,3,0.0975,2,0.04,0,0.0,3,0 days 00:53:55.200000
5,3,1,False,1,0.83,2,0.17,0,0.0,3,0.0,4,0.0,4,0 days 00:54:13.800000
5,7,8,False,8,0.63,2,0.24,6,0.08,7,0.05,3,0.0,4,0 days 03:47:48.700000
5,3,3,True,3,0.5696190476190478,2,0.4103809523809523,1,0.02,0,0.0,4,0.0,1,0 days 01:20:41.600000
5,3,4,False,4,0.66,2,0.28,6,0.06,0,0.0,3,0.0,5,0 days 02:29:50.100000
5,1,7,False,7,0.7,1,0.26,2,0.04,0,0.0,3,0.0,2,0 days 04:57:03.500000
5,3,6,False,6,0.59,8,0.4,2,0.01,1,0.0,3,0.0,5,0 days 02:41:17.900000
5,4,4,True,4,0.66,2,0.14,7,0.11999999999999998,1,0.05,8,0.03,1,0 days 05:22:26.800000
5,7,2,False,2,0.68,1,0.31,4,0.01,0,0.0,3,0.0,8,0 days 04:04:53.100000
5,1,7,False,7,0.7,4,0.26,3,0.03,1,0.01,2,0.0,4,0 days 02:47:03.800000
5,1,4,False,4,0.88,3,0.08,1,0.03,8,0.01,2,0.0,3,0 days 03:32:02.400000
5,1,8,False,8,0.69,6,0.28,2,0.03,1,0.0,3,0.0,4,0 days 00:06:04.100000
5,1,4,False,4,0.7,3,0.2,1,0.05,8,0.03,6,0.02,3,0 days 02:42:36.400000
5,7,7,True,7,0.67,8,0.23,5,0.07,0,0.01,3,0.01,1,0 days 03:45:19.300000
5,1,6,False,6,0.56,2,0.29,7,0.08,1,0.05,8,0.02,4,0 days 02:42:13
5,1,0,False,0,0.61,2,0.3,1,0.08,8,0.01,4,0.0,3,0 days 05:22:45.600000
5,4,8,False,8,0.65,6,0.25,2,0.1,1,0.0,3,0.0,6,0 days 03:07:16.800000
5,2,1,False,1,0.92,3,0.08,0,0.0,2,0.0,4,0.0,4,0 days 00:53:04.700000
5,7,1,False,1,0.56,6,0.24,8,0.13,0,0.06,4,0.01,9,0 days 03:12:06.800000
5,7,4,False,4,0.74,8,0.23,3,0.03,1,0.0,2,0.0,9,0 days 02:19:56.400000
5,2,7,False,7,0.97,1,0.03,2,0.0,0,0.0,3,0.0,3,0 days 04:57:56.800000
5,2,0,False,0,0.57,8,0.29,3,0.09,2,0.05,4,0.0,4,0 days 00:29:44.400000
5,2,3,False,3,0.58,2,0.34,8,0.07,4,0.01,0,0.0,2,0 days 00:19:15.600000
5,2,4,False,4,0.69,6,0.27,7,0.04,0,0.0,3,0.0,6,0 days 00:28:26.400000
5,7,4,False,4,0.82,3,0.12,1,0.06,0,0.0,2,0.0,8,0 days 03:08:23.100000
5,2,7,False,7,0.67,0,0.22,6,0.11,1,0.0,3,0.0,6,0 days 04:11:48.400000
5,2,1,False,1,0.65,2,0.26,7,0.09,0,0.0,3,0.0,2,0 days 05:55:05.800000
5,2,1,False,1,0.64,6,0.22,3,0.11,4,0.03,2,0.0,5,0 days 02:10:06.600000
5,7,1,False,1,0.53,2,0.44,3,0.03,0,0.0,4,0.0,8,0 days 00:51:39.500000
5,8,4,False,4,0.61,1,0.31,2,0.08,0,0.0,3,0.0,9,0 days 00:43:59.300000
5,8,8,True,8,0.63,0,0.24,2,0.06,1,0.03,3,0.03,1,0 days 03:07:53.400000
5,4,4,True,4,0.63,0,0.22,8,0.09,1,0.04,5,0.02,1,0 days 04:27:11
5,4,2,False,2,0.89,6,0.07,7,0.03,1,0.01,3,0.0,8,0 days 02:16:12.700000
5,6,2,False,2,0.9,6,0.06,1,0.04,0,0.0,3,0.0,2,0 days 01:31:31.400000
5,6,0,False,0,0.57,6,0.33,4,0.1,1,0.0,3,0.0,2,0 days 03:06:33.300000
5,6,2,False,2,0.7,5,0.22,4,0.07,1,0.01,3,0.0,7,0 days 01:23:13.500000
5,6,3,False,3,0.85,4,0.13,8,0.02,1,0.0,2,0.0,7,0 days 02:19:40
5,6,2,False,2,0.97,1,0.03,0,0.0,3,0.0,4,0.0,7,0 days 00:08:00.500000
5,6,1,False,1,0.86,3,0.07,8,0.05,7,0.02,2,0.0,9,0 days 01:26:43
5,6,6,True,6,0.64,4,0.27,1,0.09,0,0.0,3,0.0,1,0 days 02:43:02.100000
5,4,4,True,4,0.94,6,0.04,1,0.01,2,0.01,3,0.0,1,0 days 01:05:58.100000
5,4,2,False,2,0.73,6,0.2,8,0.04,3,0.03,0,0.0,6,0 days 03:07:35.600000
5,6,2,False,2,0.59,0,0.24,6,0.15,1,0.02,3,0.0,3,0 days 02:15:12
5,6,3,False,3,0.61,4,0.28,2,0.09,8,0.02,0,0.0,7,0 days 01:13:25.900000
5,6,2,False,2,0.6,6,0.26,0,0.14,1,0.0,3,0.0,2,0 days 02:14:49.400000
5,4,2,False,2,0.63,4,0.31,6,0.06,0,0.0,3,0.0,2,0 days 02:29:49
5,6,3,False,3,0.62,1,0.23,2,0.15,0,0.0,4,0.0,7,0 days 03:02:21.900000
5,4,8,False,8,0.63,1,0.28,2,0.06,3,0.02,7,0.01,8,0 days 01:26:17.700000
5,6,1,False,1,0.68,6,0.17,2,0.1,7,0.05,3,0.0,2,0 days 01:48:33.600000
5,6,7,False,7,0.68,6,0.17,8,0.13,2,0.02,3,0.0,2,0 days 02:41:03.100000
5,6,4,False,4,0.84,1,0.11,6,0.05,0,0.0,3,0.0,3,0 days 02:34:16.500000
5,8,4,False,4,0.86,3,0.14,1,0.0,0,0.0,2,0.0,9,0 days 02:27:56.100000
5,8,1,False,1,0.88,2,0.09,7,0.03,0,0.0,3,0.0,9,0 days 02:42:03.800000
5,6,6,True,6,0.61,4,0.29,2,0.09,1,0.01,3,0.0,1,0 days 01:06:25.200000
5,8,4,False,4,0.66,2,0.21,1,0.09,3,0.03,7,0.01,9,0 days 00:58:06.900000
5,8,3,False,3,0.63,6,0.25,2,0.11,0,0.01,1,0.0,9,0 days 00:29:18.300000
5,8,4,False,4,0.97,6,0.02,1,0.01,0,0.0,3,0.0,9,0 days 02:34:35.600000
5,4,4,True,4,0.66,6,0.28,7,0.06,0,0.0,3,0.0,1,0 days 02:40:06.300000
5,4,7,False,7,0.68,1,0.2,3,0.08,2,0.04,0,0.0,6,0 days 03:43:25.300000
5,8,4,False,4,0.7,0,0.2,7,0.06,2,0.02,6,0.01,9,0 days 02:17:16.200000
5,8,2,False,2,0.91,8,0.05,7,0.04,1,0.0,3,0.0,2,0 days 00:15:32.500000
5,2,3,False,3,0.92,6,0.08,1,0.0,0,0.0,2,0.0,5,0 days 02:06:41.300000
6,2,8,False,8,0.7,4,0.23,1,0.05,6,0.02,3,0.0,6,0 days 00:11:47.700000
6,0,4,False,4,0.89,1,0.11,2,0.0,0,0.0,3,0.0,4,0 days 02:44:36.200000
6,1,1,True,1,0.63,8,0.27,4,0.08,7,0.01,2,0.01,1,0 days 03:08:19.100000
6,2,0,False,0,0.89,1,0.09,2,0.01,4,0.01,3,0.0,3,0 days 03:15:37.300000
6,0,7,False,7,0.62,1,0.2,4,0.15,3,0.03,2,0.0,6,0 days 04:00:05.800000
6,0,3,False,3,0.64,2,0.21,7,0.15,1,0.0,0,0.0,5,0 days 01:52:01.100000
6,0,4,False,4,0.6,7,0.17,6,0.16,2,0.06,1,0.01,6,0 days 03:36:06.800000
6,1,7,False,7,0.63,0,0.26,5,0.11,1,0.0,3,0.0,4,0 days 07:11:05.400000
6,1,2,False,2,0.58,4,0.23,3,0.175,1,0.015,0,0.0,4,0 days 00:54:32.700000
6,3,2,False,2,0.65,7,0.24,1,0.1,6,0.01,3,0.0,5,0 days 00:27:15.600000
6,1,1,True,1,0.62,8,0.36,4,0.02,2,0.0,3,0.0,1,0 days 01:55:53.600000
6,4,6,False,6,0.89,1,0.11,2,0.0,0,0.0,3,0.0,6,0 days 02:43:01.700000
6,2,2,True,2,0.65,8,0.27,6,0.05,4,0.03,3,0.0,1,0 days 00:59:29.500000
6,2,6,False,6,0.61,1,0.3,2,0.08,3,0.01,0,0.0,3,0 days 01:19:16.700000
6,1,4,False,4,0.64,2,0.24,3,0.07,7,0.04,6,0.01,6,0 days 01:11:52
6,1,0,False,0,1.0,1,0.0,2,0.0,3,0.0,4,0.0,2,0 days 11:24:54.700000
6,5,1,False,1,0.65,2,0.27,5,0.08,0,0.0,3,0.0,3,0 days 05:35:26.900000
6,2,0,False,0,0.97,1,0.03,2,0.0,3,0.0,4,0.0,3,0 days 13:33:43.600000
6,0,4,False,4,0.85,8,0.1,5,0.03,1,0.02,3,0.0,8,0 days 04:27:01.300000
6,5,5,True,5,0.58,1,0.4,2,0.02,0,0.0,3,0.0,1,0 days 05:36:35.800000
6,5,7,False,7,0.81,1,0.17,0,0.02,2,0.0,3,0.0,7,0 days 05:08:27.900000
6,2,3,False,3,0.56,2,0.26,1,0.09,4,0.07,6,0.02,2,0 days 00:55:36.500000
6,2,1,False,1,0.645,2,0.2675,3,0.0875,0,0.0,4,0.0,2,0 days 00:53:50.800000
6,2,3,False,3,0.58,4,0.22,1,0.19,2,0.01,0,0.0,4,0 days 03:30:54.900000
6,0,0,True,0,0.76,1,0.24,2,0.0,3,0.0,4,0.0,1,0 days 03:15:23.900000
6,2,7,False,7,0.68,2,0.24,8,0.05,6,0.02,1,0.01,2,0 days 03:48:05
6,3,3,True,3,0.8,2,0.2,1,0.0,0,0.0,4,0.0,1,0 days 00:58:41.900000
6,7,8,False,8,0.69,7,0.21,1,0.1,2,0.0,3,0.0,2,0 days 03:49:18
6,3,4,False,4,0.58,1,0.28,8,0.1,2,0.04,3,0.0,5,0 days 00:18:42.800000
6,3,2,False,2,0.82,1,0.12,7,0.06,0,0.0,3,0.0,5,0 days 01:08:33.300000
6,1,2,False,2,0.6,7,0.32,1,0.06,4,0.02,3,0.0,3,0 days 03:37:08
6,7,6,False,6,0.79,8,0.16,7,0.04,2,0.01,3,0.0,3,0 days 02:40:42.400000
6,7,0,False,0,0.81,7,0.14,5,0.05,1,0.0,3,0.0,2,0 days 07:13:46.600000
6,1,3,False,3,0.58,4,0.23,1,0.19,0,0.0,2,0.0,3,0 days 03:31:24
6,1,3,False,3,0.64,4,0.34,7,0.02,0,0.0,2,0.0,6,0 days 02:47:45.500000
6,1,7,False,7,0.55,8,0.28,2,0.17,1,0.0,3,0.0,4,0 days 00:15:20.100000
6,1,1,True,1,0.55,3,0.36816666666666664,7,0.06183333333333334,2,0.02,0,0.0,1,0 days 00:53:55.400000
6,3,2,False,2,0.64,8,0.2,6,0.14,7,0.02,3,0.0,5,0 days 01:28:31.300000
6,3,1,False,1,0.63,3,0.36,2,0.01,0,0.0,4,0.0,2,0 days 00:54:04.900000
6,2,1,False,1,0.93,2,0.07,0,0.0,3,0.0,4,0.0,2,0 days 00:56:32.600000
6,7,4,False,4,0.57,3,0.28,2,0.11,1,0.03,0,0.01,8,0 days 05:25:55.600000
6,2,2,True,2,0.63,6,0.26,1,0.08,7,0.03,3,0.0,1,0 days 04:38:09
6,2,2,True,2,0.73,3,0.16,1,0.11,0,0.0,4,0.0,1,0 days 01:20:49.800000
6,7,3,False,3,0.76,1,0.24,0,0.0,2,0.0,4,0.0,8,0 days 00:54:05.500000
6,3,3,True,3,0.7041666666666667,1,0.29583333333333334,0,0.0,2,0.0,4,0.0,1,0 days 00:54:28.800000
6,3,2,False,2,0.76,3,0.23,1,0.01,0,0.0,4,0.0,2,0 days 01:20:42.600000
6,2,6,False,6,0.63,4,0.24,1,0.06,8,0.05,7,0.02,8,0 days 01:44:01.600000
6,3,1,False,1,0.64,3,0.26,4,0.07,2,0.03,0,0.0,2,0 days 00:54:00.300000
6,2,2,True,2,0.71,3,0.23,6,0.05,8,0.01,0,0.0,1,0 days 02:53:28.600000
6,0,7,False,7,0.69,4,0.28,2,0.02,1,0.01,3,0.0,6,0 days 05:13:53.500000
6,2,2,True,2,0.98,3,0.02,1,0.0,0,0.0,4,0.0,1,0 days 00:59:05.500000
6,0,1,False,1,0.74,7,0.26,2,0.0,0,0.0,3,0.0,4,0 days 04:59:58.400000
6,2,6,False,6,0.65,5,0.18,4,0.11,2,0.06,3,0.0,4,0 days 01:23:10.500000
6,0,5,False,5,0.74,7,0.25,0,0.01,1,0.0,3,0.0,3,0 days 07:04:39.300000
6,0,7,False,7,0.71,1,0.29,2,0.0,0,0.0,3,0.0,4,0 days 04:59:18
6,2,8,False,8,0.55,4,0.29,1,0.1,6,0.05,3,0.01,6,0 days 02:23:57.400000
6,2,8,False,8,0.59,2,0.21,1,0.13,4,0.04,3,0.03,2,0 days 01:24:07.200000
6,2,2,True,2,0.76,3,0.18,8,0.06,1,0.0,4,0.0,1,0 days 04:01:41.300000
6,2,1,False,1,0.7,6,0.18,4,0.12,0,0.0,3,0.0,6,0 days 00:42:42
6,2,2,True,2,0.7,3,0.18,8,0.12,1,0.0,4,0.0,1,0 days 04:01:40.600000
6,2,7,False,7,0.7,1,0.21,4,0.09,0,0.0,3,0.0,6,0 days 05:22:27.700000
6,8,0,False,0,0.92,1,0.08,2,0.0,3,0.0,4,0.0,9,0 days 07:17:32.800000
6,2,0,False,0,0.66,1,0.19,7,0.09,4,0.04,2,0.02,5,0 days 03:34:49.900000
6,0,2,False,2,0.75,8,0.24,1,0.01,0,0.0,4,0.0,4,0 days 02:41:30.600000
6,2,8,False,8,0.67,7,0.2025,2,0.09,3,0.03,0,0.0075,3,0 days 04:30:52.400000
6,4,1,False,1,0.67,8,0.22,2,0.11,0,0.0,4,0.0,5,0 days 03:08:02.200000
6,8,1,False,1,0.58,6,0.35,2,0.07,0,0.0,3,0.0,9,0 days 00:06:04.200000
6,3,3,True,3,0.62,1,0.31,2,0.07,0,0.0,4,0.0,1,0 days 01:20:40.400000
6,1,1,True,1,0.8,2,0.16,4,0.03,7,0.01,3,0.0,1,0 days 04:33:29.800000
6,1,3,False,3,0.63,2,0.33,1,0.04,0,0.0,4,0.0,3,0 days 00:53:56
6,1,0,False,0,0.66,1,0.26,5,0.04,2,0.02,7,0.02,2,0 days 06:56:46.700000
6,7,3,False,3,0.57,1,0.33,2,0.08,6,0.02,0,0.0,8,0 days 01:27:27.400000
6,3,3,True,3,0.91,8,0.05,2,0.03,1,0.01,4,0.0,1,0 days 02:06:23.500000
6,7,7,True,7,0.5005000000000001,0,0.34950000000000003,1,0.12,4,0.02,2,0.01,1,0 days 04:31:07
6,1,2,False,2,0.64,1,0.35,3,0.01,0,0.0,4,0.0,2,0 days 01:47:43.800000
6,1,2,False,2,0.73,1,0.27,0,0.0,3,0.0,4,0.0,2,0 days 00:54:03.700000
6,3,1,False,1,0.91,3,0.09,0,0.0,2,0.0,4,0.0,2,0 days 00:53:58.500000
6,3,1,False,1,0.88,2,0.08,3,0.04,0,0.0,4,0.0,3,0 days 00:55:01.300000
6,4,7,False,7,0.9,1,0.06,4,0.04,0,0.0,3,0.0,3,0 days 04:34:43
6,1,1,True,1,0.87,4,0.08,8,0.05,2,0.0,3,0.0,1,0 days 00:54:49.700000
6,1,2,False,2,0.64,4,0.19,7,0.13,0,0.03,6,0.01,6,0 days 02:14:58.600000
6,7,6,False,6,0.7,8,0.24,5,0.05,4,0.01,3,0.0,9,0 days 02:15:37.600000
6,7,0,False,0,0.63,7,0.24,8,0.09,2,0.04,3,0.0,2,0 days 04:28:39.500000
6,1,8,False,8,0.66,7,0.19,4,0.15,0,0.0,3,0.0,8,0 days 05:22:18.500000
6,1,2,False,2,0.61,0,0.24,1,0.09,7,0.06,3,0.0,3,0 days 04:44:29.100000
6,7,2,False,2,0.64,1,0.27,7,0.08,8,0.01,3,0.0,3,0 days 04:55:42.900000
6,1,2,False,2,0.63,1,0.25,5,0.05,6,0.04,0,0.03,2,0 days 05:24:06.400000
6,3,3,True,3,0.82,7,0.09,1,0.08,4,0.01,2,0.0,1,0 days 02:45:52
6,8,7,False,7,0.9,1,0.04,4,0.03,2,0.03,3,0.0,9,0 days 04:35:16.100000
6,1,1,True,1,0.56,4,0.33,3,0.11,0,0.0,2,0.0,1,0 days 00:55:13.800000
6,3,1,False,1,0.65,3,0.1751666666666667,2,0.1748333333333333,0,0.0,4,0.0,2,0 days 00:53:50.200000
6,7,3,False,3,0.69,1,0.19,4,0.08,7,0.03,2,0.01,4,0 days 03:08:27.400000
6,1,0,False,0,0.67,1,0.3233333333333333,7,0.006666666666666666,2,0.0,3,0.0,2,0 days 04:02:17.600000
6,2,0,False,0,0.81,7,0.14,5,0.05,1,0.0,3,0.0,6,0 days 07:13:34.900000
6,2,8,False,8,0.72,2,0.27,1,0.01,0,0.0,4,0.0,2,0 days 00:10:41.600000
6,1,8,False,8,0.87,6,0.08,2,0.05,1,0.0,3,0.0,4,0 days 00:26:48.300000
6,2,7,False,7,0.61,1,0.25,4,0.11,3,0.03,2,0.0,5,0 days 00:57:17.900000
6,1,1,True,1,0.6,7,0.27,3,0.08,2,0.05,0,0.0,1,0 days 01:21:06.600000
6,2,2,True,2,0.66,3,0.31,1,0.02,6,0.01,0,0.0,1,0 days 01:21:39.800000
6,2,3,False,3,0.5555,1,0.43449999999999994,2,0.01,0,0.0,4,0.0,3,0 days 00:54:30.100000
6,2,1,False,1,0.78,2,0.22,0,0.0,3,0.0,4,0.0,2,0 days 00:56:41.700000
6,8,2,False,2,0.66,1,0.16,6,0.16,4,0.02,3,0.0,9,0 days 00:05:39.100000
6,8,3,False,3,0.88,4,0.07,6,0.04,8,0.01,2,0.0,4,0 days 01:47:22.700000
6,2,6,False,6,0.65,1,0.31,2,0.03,7,0.01,3,0.0,3,0 days 00:27:05.600000
6,4,1,False,1,0.74,3,0.25,8,0.01,0,0.0,4,0.0,5,0 days 02:42:36.300000
6,3,2,False,2,0.63,1,0.318,3,0.052000000000000005,0,0.0,4,0.0,3,0 days 00:54:36
6,3,1,False,1,0.73,2,0.26,3,0.01,0,0.0,4,0.0,3,0 days 00:54:19.900000
6,3,4,False,4,0.7,8,0.29,2,0.01,1,0.0,3,0.0,5,0 days 02:28:23.800000
6,2,1,False,1,1.0,0,0.0,2,0.0,3,0.0,4,0.0,3,0 days 04:02:39.200000
6,2,0,False,0,0.86,1,0.13,7,0.01,2,0.0,3,0.0,4,0 days 05:49:10.700000
6,2,8,False,8,0.57,6,0.33,7,0.09,2,0.01,3,0.0,4,0 days 02:40:57.400000
6,3,6,False,6,0.63,3,0.29,1,0.06,2,0.02,0,0.0,2,0 days 03:01:45.400000
6,7,3,False,3,0.64,1,0.24,2,0.09,7,0.03,0,0.0,4,0 days 00:54:24.900000
6,3,6,False,6,0.67,7,0.26,4,0.06,0,0.01,3,0.0,5,0 days 03:05:55.200000
6,7,2,False,2,0.98,7,0.02,1,0.0,0,0.0,3,0.0,2,0 days 06:15:44.500000
6,7,7,True,7,0.87,2,0.09,0,0.04,1,0.0,3,0.0,1,0 days 04:12:36.700000
6,2,2,True,2,0.63,8,0.21,0,0.15,4,0.01,3,0.0,1,0 days 03:42:40.700000
6,1,8,False,8,0.68,0,0.31,4,0.01,2,0.0,3,0.0,8,0 days 03:35:20.800000
6,3,2,False,2,0.7418787878787879,1,0.2081212121212121,3,0.05,0,0.0,4,0.0,3,0 days 00:53:40.100000
6,1,1,True,1,0.77,3,0.23,0,0.0,2,0.0,4,0.0,1,0 days 01:20:24.300000
6,1,1,True,1,0.77,3,0.23,0,0.0,2,0.0,4,0.0,1,0 days 01:20:23.300000
6,7,2,False,2,0.59,7,0.33,1,0.08,0,0.0,3,0.0,2,0 days 04:58:13.400000
6,1,2,False,2,0.6,0,0.27,7,0.07,1,0.06,3,0.0,4,0 days 05:22:54.700000
6,7,7,True,7,0.63,2,0.23,1,0.09,4,0.02,5,0.02,1,0 days 03:50:35
6,1,2,False,2,0.64,0,0.17183333333333334,3,0.10816666666666666,4,0.06,7,0.02,6,0 days 03:35:33.400000
6,4,3,False,3,0.59,2,0.3,6,0.07,8,0.04,0,0.0,6,0 days 01:22:14.500000
6,4,6,False,6,0.66,8,0.22,2,0.06,3,0.04,4,0.02,5,0 days 00:46:04.400000
6,8,3,False,3,0.61,0,0.22,6,0.12,4,0.04,8,0.01,5,0 days 03:07:44.800000
6,1,8,False,8,0.67,4,0.28,6,0.03,2,0.02,3,0.0,6,0 days 01:58:53.300000
6,1,7,False,7,0.62,1,0.26,4,0.07,3,0.04,2,0.01,2,0 days 01:33:49.100000
6,7,3,False,3,0.62,1,0.19,2,0.18,4,0.01,0,0.0,8,0 days 03:30:22.400000
6,1,7,False,7,0.64,4,0.22,1,0.07,2,0.04,6,0.03,3,0 days 02:16:06.100000
6,3,8,False,8,0.68,6,0.17,7,0.11,1,0.04,3,0.0,5,0 days 01:18:00.900000
6,7,6,False,6,0.79,8,0.16,7,0.04,4,0.01,3,0.0,3,0 days 02:40:35.400000
6,3,3,True,3,0.6,8,0.37,4,0.03,1,0.0,2,0.0,1,0 days 02:20:46.900000
6,7,2,False,2,0.9,6,0.06,1,0.03,7,0.01,3,0.0,4,0 days 01:48:44.100000
6,2,1,False,1,0.73,3,0.27,0,0.0,2,0.0,4,0.0,4,0 days 00:53:57.700000
6,2,2,True,2,0.69,1,0.19,3,0.1,4,0.02,0,0.0,1,0 days 01:06:52.200000
6,4,2,False,2,0.75,3,0.21,8,0.02,1,0.01,6,0.01,8,0 days 01:27:44.500000
6,4,6,False,6,0.63,8,0.25,2,0.07,3,0.05,0,0.0,6,0 days 02:53:44.600000
6,4,4,True,4,0.59,6,0.39,2,0.01,8,0.01,3,0.0,1,0 days 02:40:06.800000
6,8,7,False,7,0.7,8,0.17,2,0.1,0,0.03,3,0.0,2,0 days 04:03:43.300000
6,8,8,True,8,0.74,6,0.13,1,0.11,7,0.01,2,0.01,1,0 days 00:26:57.300000
6,4,8,False,8,0.57,6,0.33,7,0.09,2,0.01,3,0.0,9,0 days 02:40:57.300000
6,8,1,False,1,0.68,3,0.23,8,0.06,6,0.03,2,0.0,3,0 days 03:08:57.600000
6,6,6,True,6,0.59,3,0.29,4,0.08,2,0.03,7,0.01,1,0 days 01:32:48.400000
6,6,1,False,1,0.97,4,0.03,2,0.0,0,0.0,3,0.0,7,0 days 03:17:02.800000
6,6,8,False,8,0.7,3,0.16,1,0.13,2,0.01,4,0.0,7,0 days 00:17:18.900000
6,6,1,False,1,0.73,2,0.27,0,0.0,3,0.0,4,0.0,7,0 days 00:56:01.700000
6,6,7,False,7,0.7,6,0.23,4,0.05,1,0.02,3,0.0,2,0 days 03:17:53.600000
6,6,1,False,1,0.72,4,0.19,6,0.08,8,0.01,3,0.0,3,0 days 03:39:00.400000
6,6,1,False,1,0.84,8,0.09,4,0.07,2,0.0,3,0.0,7,0 days 03:38:45.200000
6,6,6,True,6,0.79,8,0.16,7,0.04,2,0.01,3,0.0,1,0 days 02:40:53.400000
6,4,2,False,2,0.75,7,0.2,6,0.05,0,0.0,3,0.0,8,0 days 04:36:04.900000
6,6,6,True,6,0.6,8,0.29,7,0.1,2,0.01,3,0.0,1,0 days 01:04:38.600000
6,6,4,False,4,0.59,6,0.3,8,0.09,2,0.02,3,0.0,2,0 days 00:07:16
6,4,1,False,1,0.89,3,0.1,6,0.01,0,0.0,2,0.0,6,0 days 00:54:27.700000
6,4,3,False,3,0.62,0,0.2,5,0.12,2,0.03,8,0.03,8,0 days 04:23:46.500000
6,6,4,False,4,0.87,1,0.1,3,0.03,0,0.0,2,0.0,7,0 days 01:49:57.300000
6,4,4,True,4,0.59,6,0.35,7,0.05,2,0.01,3,0.0,1,0 days 00:07:04.800000
6,6,0,False,0,0.62,4,0.34,3,0.04,1,0.0,2,0.0,7,0 days 02:30:15.600000
6,8,3,False,3,0.86,1,0.14,0,0.0,2,0.0,4,0.0,9,0 days 00:50:20.500000
6,4,1,False,1,0.65,7,0.27,4,0.07,2,0.01,3,0.0,3,0 days 04:02:55
6,4,4,True,4,0.61,6,0.35,8,0.04,0,0.0,3,0.0,1,0 days 02:00:10.700000
6,4,7,False,7,0.69,1,0.23,3,0.08,0,0.0,2,0.0,6,0 days 03:34:15.900000
6,6,3,False,3,0.88,2,0.1,1,0.01,6,0.01,0,0.0,4,0 days 02:10:58.200000
6,6,6,True,6,0.61,8,0.31,3,0.08,1,0.0,2,0.0,1,0 days 02:38:12.100000
6,8,3,False,3,0.88,2,0.09,0,0.03,1,0.0,4,0.0,9,0 days 02:51:52.700000
6,8,4,False,4,0.67,8,0.24,0,0.08,2,0.01,3,0.0,2,0 days 03:07:54.400000
6,6,2,False,2,0.82,1,0.12,7,0.06,0,0.0,3,0.0,8,0 days 01:08:44.500000
6,8,8,True,8,0.62,1,0.29,6,0.04,2,0.04,4,0.01,1,0 days 02:44:50.100000
6,8,4,False,4,0.8,1,0.12,6,0.05,3,0.02,2,0.01,9,0 days 03:08:31.200000
6,8,8,True,8,0.65,2,0.23,0,0.09,4,0.03,3,0.0,1,0 days 03:35:01.200000
6,8,3,False,3,0.6,1,0.25,2,0.09,7,0.05,4,0.01,9,0 days 02:45:46
6,4,1,False,1,0.65,8,0.22,2,0.11,3,0.01,6,0.01,8,0 days 02:39:13.800000
6,4,2,False,2,0.61,4,0.35,3,0.02,8,0.02,0,0.0,2,0 days 02:35:16
6,8,4,False,4,0.93,1,0.04,6,0.02,3,0.01,2,0.0,9,0 days 00:41:18.400000
6,8,2,False,2,0.61,0,0.24,7,0.11,1,0.04,3,0.0,9,0 days 04:43:53.200000
6,4,7,False,7,0.56,6,0.26,2,0.12,8,0.05,1,0.01,9,0 days 01:41:22.300000
7,1,1,True,1,0.4674285714285713,0,0.4600714285714287,7,0.0725,2,0.0,3,0.0,1,0 days 04:02:14.400000
7,1,2,False,2,0.63,1,0.26,4,0.11,0,0.0,3,0.0,2,0 days 03:19:49
7,1,2,False,2,0.66,8,0.19,3,0.11,6,0.03,4,0.01,8,0 days 00:40:59.100000
7,2,3,False,3,0.7,7,0.15,1,0.12,6,0.03,2,0.0,5,0 days 00:27:16.200000
7,2,1,False,1,0.61,7,0.23,6,0.16,0,0.0,3,0.0,6,0 days 02:14:57.700000
7,2,7,False,7,0.61,8,0.32,6,0.06,2,0.01,3,0.0,4,0 days 01:04:18.800000
7,0,1,False,1,0.61,8,0.29,0,0.09,7,0.01,3,0.0,3,0 days 07:19:42.300000
7,0,6,False,6,0.63,2,0.37,1,0.0,0,0.0,3,0.0,4,0 days 02:14:44.100000
7,2,6,False,6,0.6,1,0.33,7,0.07,0,0.0,3,0.0,6,0 days 01:35:29.400000
7,4,4,True,4,0.66,8,0.26,6,0.06,3,0.01,2,0.01,1,0 days 00:41:31.900000
7,1,4,False,4,0.66,1,0.24,8,0.09,6,0.01,3,0.0,2,0 days 03:35:52.300000
7,2,4,False,4,0.64,8,0.2,3,0.08,2,0.07,0,0.01,4,0 days 02:16:59.500000
7,2,3,False,3,0.7,2,0.23,6,0.07,1,0.0,0,0.0,2,0 days 00:54:38.300000
7,3,2,False,2,0.6,8,0.27,4,0.1,6,0.02,0,0.01,6,0 days 02:54:53.200000
7,2,0,False,0,0.9,2,0.1,1,0.0,3,0.0,4,0.0,2,0 days 09:14:05.200000
7,5,1,False,1,0.86,7,0.11,2,0.03,0,0.0,3,0.0,7,0 days 05:42:39.400000
7,0,0,True,0,0.97,2,0.03,1,0.0,3,0.0,4,0.0,1,0 days 09:24:01.800000
7,0,1,False,1,0.61,0,0.34,2,0.05,3,0.0,4,0.0,2,0 days 15:41:10.900000
7,5,2,False,2,0.73,0,0.25,7,0.02,1,0.0,3,0.0,7,0 days 04:14:14.100000
7,0,7,False,7,0.69,1,0.15,6,0.15,2,0.01,3,0.0,6,0 days 02:14:55.500000
7,2,7,False,7,0.6,2,0.27,6,0.12,1,0.01,3,0.0,2,0 days 01:48:42.800000
7,4,8,False,8,0.85,1,0.15,2,0.0,0,0.0,4,0.0,5,0 days 03:37:30.700000
7,0,2,False,2,0.73,7,0.12,1,0.1,8,0.05,3,0.0,8,0 days 03:34:48.700000
7,4,6,False,6,0.85,1,0.14,5,0.01,0,0.0,3,0.0,7,0 days 03:39:10
7,2,1,False,1,0.66,7,0.2,3,0.13,0,0.01,2,0.0,5,0 days 03:59:05.400000
7,0,0,True,0,0.62,8,0.31,1,0.05,4,0.02,3,0.0,1,0 days 03:35:19.300000
7,3,3,True,3,0.93,1,0.07,0,0.0,2,0.0,4,0.0,1,0 days 00:53:16.600000
7,7,2,False,2,0.71,4,0.29,1,0.0,0,0.0,3,0.0,8,0 days 01:52:44.700000
7,1,4,False,4,0.69,1,0.21,2,0.09,0,0.01,3,0.0,2,0 days 02:14:16.200000
7,3,0,False,0,0.63,2,0.22,3,0.13,4,0.02,1,0.0,3,0 days 01:51:52.600000
7,3,4,False,4,0.6,3,0.35,1,0.05,0,0.0,2,0.0,2,0 days 00:55:16.600000
7,3,2,False,2,0.66,7,0.2,4,0.12,0,0.02,3,0.0,5,0 days 05:26:07.500000
7,7,0,False,0,0.68,4,0.24,7,0.05,1,0.03,3,0.0,3,0 days 05:14:33.500000
7,3,4,False,4,0.65,6,0.19,2,0.11,8,0.05,3,0.0,5,0 days 00:57:53.900000
7,7,7,True,7,0.71,2,0.27,1,0.02,0,0.0,3,0.0,1,0 days 03:57:24.300000
7,7,2,False,2,0.71,4,0.29,1,0.0,0,0.0,3,0.0,8,0 days 01:52:35.600000
7,1,7,False,7,0.58,4,0.24,8,0.11,1,0.04,3,0.03,4,0 days 02:48:44.500000
7,1,2,False,2,0.63,1,0.33,5,0.04,0,0.0,3,0.0,2,0 days 05:38:40.900000
7,1,2,False,2,0.5775,3,0.36654761904761896,1,0.05595238095238095,0,0.0,4,0.0,3,0 days 00:54:31
7,7,0,False,0,0.73,1,0.27,2,0.0,3,0.0,4,0.0,8,0 days 07:45:27.600000
7,7,8,False,8,0.63,2,0.25,3,0.09,6,0.03,0,0.0,9,0 days 02:16:27.800000
7,7,1,False,1,0.64,8,0.23,6,0.06,2,0.05,7,0.01,5,0 days 01:42:55.100000
7,1,3,False,3,0.8,1,0.18,4,0.02,0,0.0,2,0.0,2,0 days 00:55:28.600000
7,3,7,False,7,0.54,2,0.34,4,0.11,8,0.01,3,0.0,5,0 days 01:05:26.300000
7,2,4,False,4,0.75,3,0.23,6,0.02,0,0.0,2,0.0,5,0 days 02:29:42.300000
7,7,2,False,2,0.65,1,0.26,7,0.07,8,0.02,3,0.0,3,0 days 04:28:38.600000
7,2,3,False,3,0.65,4,0.24,6,0.09,1,0.02,2,0.0,5,0 days 01:21:25.500000
7,7,2,False,2,0.58,1,0.26,0,0.15,6,0.01,3,0.0,8,0 days 04:55:20.500000
7,2,1,False,1,0.89,3,0.11,0,0.0,2,0.0,4,0.0,4,0 days 00:54:04.600000
7,7,2,False,2,0.92,1,0.07,0,0.01,3,0.0,4,0.0,8,0 days 04:29:03.200000
7,2,2,True,2,0.95,8,0.04,1,0.01,0,0.0,4,0.0,1,0 days 00:10:50.900000
7,0,7,False,7,0.68,2,0.2,8,0.08,1,0.04,3,0.0,8,0 days 04:28:39.200000
7,3,6,False,6,0.58,3,0.29,1,0.11,4,0.02,2,0.0,2,0 days 01:21:29.800000
7,2,1,False,1,0.61,3,0.3,2,0.07,6,0.02,0,0.0,3,0 days 01:30:50.300000
7,2,1,False,1,0.74,2,0.21,4,0.05,0,0.0,3,0.0,2,0 days 00:56:54.500000
7,0,8,False,8,0.89,7,0.09,4,0.01,2,0.01,3,0.0,8,0 days 02:43:50.800000
7,2,0,False,0,0.64,8,0.25,2,0.11,1,0.0,4,0.0,3,0 days 02:41:30
7,0,4,False,4,0.63,1,0.28,7,0.09,0,0.0,3,0.0,4,0 days 03:10:53.300000
7,3,3,True,3,0.8,1,0.2,0,0.0,2,0.0,4,0.0,1,0 days 00:54:56.800000
7,3,4,False,4,0.9,6,0.08,1,0.02,0,0.0,3,0.0,5,0 days 01:50:18.200000
7,3,2,False,2,0.6,8,0.24,6,0.13,4,0.02,0,0.01,6,0 days 02:54:41.200000
7,1,4,False,4,0.94,8,0.05,2,0.01,1,0.0,3,0.0,4,0 days 01:54:15.600000
7,1,1,True,1,0.61,3,0.2,8,0.1,2,0.07,6,0.02,1,0 days 00:16:57.700000
7,1,7,False,7,0.61,1,0.32,4,0.04,2,0.02,6,0.01,2,0 days 01:49:18.800000
7,1,7,False,7,0.83,0,0.14,3,0.03,1,0.0,2,0.0,4,0 days 04:28:22.800000
7,1,0,False,0,0.66,7,0.34,2,0.0,1,0.0,3,0.0,4,0 days 04:59:58.600000
7,7,7,True,7,0.6,6,0.27,2,0.08,3,0.05,0,0.0,1,0 days 02:07:31.900000
7,1,2,False,2,0.62,1,0.33,3,0.05,0,0.0,4,0.0,2,0 days 00:54:23.700000
7,7,8,False,8,0.71,1,0.24,4,0.03,7,0.01,0,0.01,4,0 days 04:31:35.300000
7,1,5,False,5,0.62,0,0.27,4,0.11,1,0.0,3,0.0,4,0 days 06:42:30
7,1,6,False,6,0.58,8,0.28,4,0.13,2,0.01,3,0.0,6,0 days 03:12:39.900000
7,7,2,False,2,0.64,8,0.25,7,0.09,3,0.02,0,0.0,3,0 days 00:27:29.800000
7,3,3,True,3,0.62,4,0.3,2,0.08,1,0.0,0,0.0,1,0 days 01:24:55
7,1,7,False,7,0.85,0,0.11,1,0.03,2,0.01,3,0.0,3,0 days 05:00:38.400000
7,2,3,False,3,0.66,6,0.2,7,0.13,4,0.01,2,0.0,5,0 days 01:39:44.600000
7,3,2,False,2,0.83,3,0.17,1,0.0,0,0.0,4,0.0,2,0 days 00:58:45.500000
7,1,3,False,3,0.56,8,0.31,1,0.12,7,0.01,2,0.0,3,0 days 00:50:37.700000
7,1,3,False,3,0.68,1,0.23,8,0.07,2,0.01,4,0.01,2,0 days 02:36:36.800000
7,7,1,False,1,0.98,6,0.02,2,0.0,0,0.0,3,0.0,8,0 days 03:14:22.700000
7,7,1,False,1,0.6741666666666666,3,0.31,2,0.01583333333333333,0,0.0,4,0.0,8,0 days 00:54:08
7,2,2,True,2,0.66,8,0.21,1,0.12,3,0.01,4,0.0,1,0 days 04:01:45.700000
7,2,6,False,6,0.65,4,0.18,7,0.09,3,0.04,8,0.04,6,0 days 01:40:39.600000
7,2,3,False,3,0.65,2,0.21,1,0.14,0,0.0,4,0.0,2,0 days 00:53:40.200000
7,2,4,False,4,0.6,8,0.26,1,0.12,7,0.01,0,0.01,8,0 days 04:32:06.200000
7,2,2,True,2,0.93,3,0.07,1,0.0,0,0.0,4,0.0,1,0 days 00:09:44.100000
7,7,4,False,4,0.87,7,0.12,1,0.01,0,0.0,3,0.0,2,0 days 03:36:55.900000
7,7,3,False,3,0.73,6,0.22,7,0.04,1,0.01,2,0.0,3,0 days 00:54:26
7,7,7,True,7,0.85,2,0.08,0,0.07,1,0.0,3,0.0,1,0 days 04:13:22.200000
7,2,8,False,8,0.84,1,0.13,4,0.02,2,0.01,3,0.0,4,0 days 04:04:14.600000
7,8,2,False,2,0.71,1,0.25,4,0.04,0,0.0,3,0.0,9,0 days 03:08:04.800000
7,2,4,False,4,0.74,7,0.21,8,0.03,0,0.02,3,0.0,6,0 days 03:34:57.100000
7,8,1,False,1,0.61,4,0.25,7,0.07,3,0.06,2,0.01,9,0 days 00:18:32
7,8,8,True,8,0.67,4,0.19,2,0.1,3,0.04,0,0.0,1,0 days 02:21:16
7,3,4,False,4,0.79,7,0.19,3,0.01,8,0.01,2,0.0,3,0 days 02:48:25
7,3,1,False,1,0.486,3,0.43400000000000005,4,0.06,2,0.02,0,0.0,2,0 days 00:54:00.500000
7,3,4,False,4,0.66,2,0.23,8,0.11,1,0.0,3,0.0,5,0 days 01:53:24.600000
7,4,1,False,1,0.67,3,0.33,0,0.0,2,0.0,4,0.0,5,0 days 03:23:45.600000
7,3,3,True,3,0.82,1,0.16,4,0.02,0,0.0,2,0.0,1,0 days 00:55:20.700000
7,2,1,False,1,0.75,4,0.16,6,0.06,0,0.03,3,0.0,6,0 days 05:17:42.400000
7,3,3,True,3,0.63,2,0.3483333333333333,1,0.021666666666666664,0,0.0,4,0.0,1,0 days 00:53:41.200000
7,2,1,False,1,0.62,3,0.29,8,0.09,0,0.0,4,0.0,8,0 days 02:45:35.700000
7,8,1,False,1,0.6,7,0.25,2,0.15,0,0.0,3,0.0,9,0 days 05:01:25.300000
7,3,2,False,2,0.58,0,0.3,1,0.11,6,0.01,3,0.0,5,0 days 04:55:21.800000
7,1,7,False,7,0.71,2,0.27,1,0.02,0,0.0,3,0.0,3,0 days 03:56:55.700000
7,1,7,False,7,0.83,0,0.14,3,0.03,1,0.0,2,0.0,4,0 days 04:28:22.600000
7,8,1,False,1,0.86,2,0.14,0,0.0,3,0.0,4,0.0,9,0 days 02:42:22.400000
7,4,1,False,1,0.85,3,0.08,4,0.07,0,0.0,2,0.0,3,0 days 00:55:14.900000
7,4,6,False,6,0.7,3,0.21,0,0.09,1,0.0,2,0.0,6,0 days 03:06:40.300000
7,1,1,True,1,0.71,2,0.24,7,0.05,0,0.0,3,0.0,1,0 days 05:51:07.100000
7,1,0,False,0,0.67,1,0.32,2,0.01,3,0.0,4,0.0,2,0 days 03:15:07.200000
7,1,6,False,6,0.86,1,0.13,5,0.01,0,0.0,3,0.0,2,0 days 03:39:06.800000
7,1,2,False,2,0.77,1,0.16,3,0.07,0,0.0,4,0.0,2,0 days 01:20:52.100000
7,7,1,False,1,0.59,8,0.4,2,0.01,0,0.0,4,0.0,9,0 days 04:04:04.500000
7,1,1,True,1,1.0,0,0.0,2,0.0,3,0.0,4,0.0,1,0 days 01:20:13.900000
7,1,1,True,1,0.61,6,0.21,8,0.13,7,0.03,3,0.02,1,0 days 01:17:43.600000
7,2,0,False,0,0.57,6,0.41,8,0.02,2,0.0,3,0.0,4,0 days 02:15:16.200000
7,4,3,False,3,0.65,4,0.27,8,0.08,1,0.0,2,0.0,2,0 days 00:38:08.700000
7,2,4,False,4,0.76,6,0.2,0,0.03,1,0.01,3,0.0,6,0 days 02:44:15
7,1,2,False,2,0.69,1,0.23,3,0.07,4,0.01,0,0.0,2,0 days 00:56:25.100000
7,1,1,True,1,0.64,4,0.24,7,0.06,8,0.06,3,0.0,1,0 days 02:13:22.500000
7,1,2,False,2,0.66,1,0.31,4,0.02,3,0.01,0,0.0,2,0 days 01:47:43
7,1,4,False,4,0.66,3,0.23,2,0.08,1,0.03,0,0.0,4,0 days 01:21:16.100000
7,3,8,False,8,0.68,4,0.31,6,0.01,0,0.0,3,0.0,5,0 days 02:27:30.200000
7,1,1,True,1,0.84,6,0.15,4,0.01,0,0.0,3,0.0,1,0 days 03:17:16.300000
7,3,1,False,1,0.89,8,0.1,3,0.01,0,0.0,4,0.0,3,0 days 00:54:45.300000
7,2,4,False,4,0.67,8,0.27,3,0.05,0,0.01,2,0.0,5,0 days 03:07:32.500000
7,3,4,False,4,0.6,1,0.24,3,0.08,2,0.08,0,0.0,3,0 days 00:55:33.700000
7,1,2,False,2,0.61,4,0.35,1,0.02,6,0.01,7,0.01,3,0 days 03:11:21.500000
7,2,8,False,8,0.92,4,0.08,2,0.0,0,0.0,3,0.0,3,0 days 01:02:39.700000
7,3,3,True,3,0.59,6,0.38,8,0.03,1,0.0,2,0.0,1,0 days 02:38:22.700000
7,2,2,True,2,0.89,6,0.11,1,0.0,0,0.0,3,0.0,1,0 days 00:03:20.300000
7,2,8,False,8,0.6,1,0.2,6,0.14,4,0.06,3,0.0,6,0 days 02:39:29.400000
7,2,7,False,7,0.84,4,0.12,1,0.03,8,0.01,3,0.0,6,0 days 00:14:02.100000
7,2,1,False,1,0.73,7,0.22,6,0.04,2,0.01,3,0.0,4,0 days 01:09:22.100000
7,2,8,False,8,0.6,1,0.2,6,0.14,4,0.06,3,0.0,6,0 days 02:39:33.900000
7,2,2,True,2,0.74,8,0.23,7,0.02,4,0.01,3,0.0,1,0 days 04:08:25.600000
7,2,3,False,3,0.86,8,0.11,2,0.01,0,0.01,6,0.01,3,0 days 00:29:25.200000
7,5,1,False,1,0.86,6,0.1,7,0.03,3,0.01,2,0.0,7,0 days 03:09:23.500000
7,8,3,False,3,0.64,2,0.36,1,0.0,0,0.0,4,0.0,9,0 days 00:09:58.600000
7,8,8,True,8,0.68,1,0.21,7,0.07,6,0.04,3,0.0,1,0 days 01:48:16.500000
7,8,8,True,8,0.98,7,0.02,2,0.0,0,0.0,3,0.0,1,0 days 01:02:53.300000
7,4,0,False,0,0.67,3,0.19,4,0.09,1,0.05,2,0.0,3,0 days 02:18:49.500000
7,4,1,False,1,0.84,6,0.15,4,0.01,0,0.0,3,0.0,3,0 days 03:17:17.900000
7,6,2,False,2,0.93,6,0.07,1,0.0,0,0.0,3,0.0,2,0 days 02:14:40.900000
7,4,4,True,4,0.78,7,0.2,2,0.02,0,0.0,3,0.0,1,0 days 01:05:36.500000
7,6,4,False,4,0.56,8,0.27,3,0.13,0,0.04,2,0.0,7,0 days 03:07:39.200000
7,6,8,False,8,0.71,0,0.19,4,0.08,6,0.01,3,0.01,4,0 days 02:55:52.900000
7,6,6,True,6,0.6,1,0.25,8,0.11,3,0.04,2,0.0,1,0 days 01:45:57.600000
7,6,6,True,6,0.69,7,0.26,0,0.03,2,0.02,3,0.0,1,0 days 03:18:13.500000
7,6,1,False,1,0.69,2,0.3,3,0.01,0,0.0,4,0.0,7,0 days 01:19:13
7,6,2,False,2,0.89,6,0.11,1,0.0,0,0.0,3,0.0,2,0 days 00:03:14.400000
7,4,4,True,4,0.88,6,0.05,8,0.05,7,0.02,3,0.0,1,0 days 03:33:33.600000
7,4,4,True,4,0.56,6,0.3,7,0.14,0,0.0,3,0.0,1,0 days 00:07:04.200000
7,4,3,False,3,0.64,1,0.26,7,0.09,0,0.01,2,0.0,6,0 days 03:59:39.300000
7,4,4,True,4,0.61,3,0.25,8,0.1,1,0.04,2,0.0,1,0 days 03:25:09.800000
7,8,7,False,7,0.63,8,0.37,2,0.0,0,0.0,3,0.0,2,0 days 01:03:23.800000
7,6,2,False,2,0.67,3,0.28,1,0.05,0,0.0,4,0.0,7,0 days 03:00:55.500000
7,4,4,True,4,0.74,3,0.22,6,0.04,0,0.0,2,0.0,1,0 days 02:29:55.900000
7,6,3,False,3,0.67,1,0.25,4,0.05,8,0.02,2,0.01,7,0 days 02:12:46.800000
7,6,8,False,8,0.62,4,0.26,3,0.1,2,0.02,0,0.0,7,0 days 01:22:19
7,6,8,False,8,0.62,7,0.33,6,0.04,2,0.01,3,0.0,3,0 days 01:04:46.500000
7,8,8,True,8,0.75,2,0.21,7,0.03,6,0.01,3,0.0,1,0 days 02:43:27.800000
7,8,3,False,3,0.66,2,0.34,1,0.0,0,0.0,4,0.0,9,0 days 00:20:25
7,6,4,False,4,0.8,8,0.15,7,0.02,1,0.02,3,0.01,9,0 days 03:08:33.900000
7,6,4,False,4,0.74,6,0.2,8,0.06,0,0.0,3,0.0,2,0 days 02:44:07.900000
7,8,8,True,8,0.7,1,0.26,6,0.02,2,0.02,3,0.0,1,0 days 01:00:56.100000
7,4,6,False,6,0.56,8,0.28,1,0.13,2,0.02,3,0.01,8,0 days 02:09:24.400000
7,6,1,False,1,0.65,2,0.2,3,0.13,4,0.02,0,0.0,7,0 days 00:55:35
7,8,1,False,1,0.85,4,0.11,0,0.04,2,0.0,3,0.0,9,0 days 03:08:18.300000
7,8,0,False,0,0.61,3,0.29,4,0.06,6,0.03,7,0.01,9,0 days 03:04:46.400000
7,4,7,False,7,0.69,1,0.15,6,0.15,2,0.01,3,0.0,8,0 days 02:14:56.800000
7,8,1,False,1,0.66,7,0.3,4,0.04,0,0.0,3,0.0,9,0 days 03:36:44.100000
7,4,1,False,1,0.69,6,0.19,2,0.1,4,0.02,3,0.0,4,0 days 03:09:56.800000
7,8,7,False,7,0.81,1,0.16,4,0.03,0,0.0,3,0.0,9,0 days 03:49:16.300000
7,4,6,False,6,0.62,1,0.2,5,0.14,4,0.04,3,0.0,4,0 days 02:15:53.700000
7,4,4,True,4,0.72,1,0.17,3,0.09,7,0.02,2,0.0,1,0 days 02:47:55.300000
7,6,2,False,2,0.67,3,0.2,4,0.11,1,0.01,8,0.01,7,0 days 01:25:20.500000
7,8,8,True,8,0.7,2,0.29,0,0.01,1,0.0,4,0.0,1,0 days 03:40:25.100000
7,8,3,False,3,0.68,1,0.22,6,0.08,2,0.02,0,0.0,9,0 days 00:40:01.300000
8,0,1,False,1,0.9,2,0.05,7,0.03,0,0.02,3,0.0,4,0 days 06:54:16.400000
8,1,1,True,1,0.58,2,0.29,8,0.13,0,0.0,4,0.0,1,0 days 03:08:09.500000
8,1,5,False,5,0.61,1,0.33,7,0.05,2,0.01,3,0.0,2,0 days 05:41:54.800000
8,0,1,False,1,0.65,5,0.3,2,0.03,7,0.02,3,0.0,6,0 days 07:11:11.800000
8,3,4,False,4,0.55,6,0.31,8,0.09,1,0.04,3,0.01,5,0 days 03:04:27.200000
8,0,6,False,6,0.75,4,0.22,3,0.03,0,0.0,2,0.0,4,0 days 02:30:30.300000
8,3,4,False,4,0.62,3,0.31566666666666665,1,0.06433333333333334,0,0.0,2,0.0,2,0 days 00:54:33.300000
8,0,7,False,7,0.62,2,0.24,8,0.07,1,0.05,5,0.01,6,0 days 07:14:41.900000
8,2,2,True,2,0.71,1,0.23,8,0.06,0,0.0,4,0.0,1,0 days 00:22:32.100000
8,1,1,True,1,0.84,2,0.14,3,0.02,0,0.0,4,0.0,1,0 days 00:53:08.900000
8,1,5,False,5,0.7,2,0.29,1,0.01,0,0.0,3,0.0,3,0 days 05:35:25.700000
8,1,2,False,2,0.85,4,0.08,0,0.06,7,0.01,3,0.0,6,0 days 05:25:29.800000
8,2,6,False,6,0.65,3,0.23,8,0.11,1,0.01,2,0.0,5,0 days 01:25:31.600000
8,0,7,False,7,0.64,8,0.36,2,0.0,0,0.0,3,0.0,4,0 days 03:08:15.800000
8,1,7,False,7,0.64,3,0.34,1,0.015,2,0.005,0,0.0,3,0 days 00:54:08
8,2,4,False,4,0.77,3,0.2,6,0.03,0,0.0,2,0.0,5,0 days 02:35:33.400000
8,2,3,False,3,0.93,1,0.07,0,0.0,2,0.0,4,0.0,4,0 days 00:58:46.800000
8,3,6,False,6,0.81,8,0.19,2,0.0,0,0.0,3,0.0,5,0 days 02:04:03.400000
8,3,1,False,1,0.86,3,0.12,2,0.02,0,0.0,4,0.0,2,0 days 00:53:37.300000
8,3,3,True,3,0.79,1,0.21,0,0.0,2,0.0,4,0.0,1,0 days 00:53:19.300000
8,2,2,True,2,0.64,1,0.36,0,0.0,3,0.0,4,0.0,1,0 days 00:54:16.500000
8,1,4,False,4,0.66,7,0.19,6,0.09,3,0.04,2,0.02,6,0 days 01:37:40.400000
8,2,2,True,2,0.92,0,0.08,1,0.0,3,0.0,4,0.0,1,0 days 08:33:55.400000
8,5,1,False,1,0.73,0,0.23,7,0.02,5,0.02,3,0.0,4,0 days 07:00:30.200000
8,5,2,False,2,0.62,3,0.25,7,0.08,1,0.04,4,0.01,7,0 days 03:44:35.700000
8,0,0,True,0,0.98,2,0.02,1,0.0,3,0.0,4,0.0,1,0 days 09:38:18.200000
8,0,1,False,1,0.57,0,0.43,2,0.0,3,0.0,4,0.0,2,0 days 11:13:28.100000
8,2,4,False,4,0.69,8,0.31,2,0.0,0,0.0,3,0.0,3,0 days 03:38:07.200000
8,4,4,True,4,0.56,2,0.36,1,0.08,0,0.0,3,0.0,1,0 days 04:01:56.300000
8,2,4,False,4,0.4525,7,0.4375,8,0.11,0,0.0,3,0.0,6,0 days 01:01:56.300000
8,0,8,False,8,0.6,4,0.24,6,0.15,3,0.01,2,0.0,8,0 days 03:04:43.500000
8,4,3,False,3,0.7,8,0.25,4,0.04,2,0.01,0,0.0,3,0 days 02:28:20
8,0,6,False,6,0.9,7,0.1,0,0.0,1,0.0,3,0.0,3,0 days 02:41:46.100000
8,7,3,False,3,0.69,6,0.19,7,0.07,2,0.05,0,0.0,3,0 days 04:30:23.400000
8,7,2,False,2,0.86,7,0.12833333333333333,0,0.011666666666666665,1,0.0,3,0.0,2,0 days 04:30:48.200000
8,1,7,False,7,0.69,8,0.18,2,0.13,1,0.0,3,0.0,4,0 days 05:01:22.200000
8,3,3,True,3,0.53,1,0.38,2,0.09,0,0.0,4,0.0,1,0 days 00:52:57.900000
8,7,0,False,0,0.6,8,0.23,2,0.11,7,0.06,3,0.0,4,0 days 04:32:59.900000
8,3,3,True,3,0.79,1,0.21,0,0.0,2,0.0,4,0.0,1,0 days 00:53:18.200000
8,7,1,False,1,0.69,0,0.28,2,0.03,3,0.0,4,0.0,8,0 days 05:47:45.800000
8,7,0,False,0,0.69,4,0.27,1,0.03,3,0.01,2,0.0,8,0 days 04:00:23.600000
8,7,2,False,2,0.87,1,0.13,0,0.0,3,0.0,4,0.0,8,0 days 05:52:09.200000
8,1,6,False,6,0.71,1,0.21,3,0.05,4,0.02,8,0.01,2,0 days 01:26:47.700000
8,1,7,False,7,0.6,1,0.26,2,0.08,3,0.04,6,0.02,2,0 days 01:34:23.200000
8,1,2,False,2,0.64,1,0.25,3,0.11,0,0.0,4,0.0,2,0 days 00:52:03.300000
8,7,8,False,8,0.61,7,0.31,2,0.08,1,0.0,3,0.0,2,0 days 04:18:46.500000
8,3,2,False,2,0.7653333333333333,1,0.2346666666666667,0,0.0,3,0.0,4,0.0,4,0 days 00:53:51.300000
8,2,1,False,1,0.63,2,0.23,7,0.08,8,0.06,3,0.0,2,0 days 04:56:16.200000
8,8,2,False,2,1.0,0,0.0,1,0.0,3,0.0,4,0.0,9,0 days 00:10:35.500000
8,2,3,False,3,0.96,2,0.04,1,0.0,0,0.0,4,0.0,2,0 days 00:25:13
8,2,8,False,8,0.6,3,0.34,2,0.04,0,0.02,4,0.0,3,0 days 02:52:01.800000
8,2,2,True,2,0.65,7,0.31,5,0.04,0,0.0,3,0.0,1,0 days 06:16:10.200000
8,2,0,False,0,0.87,2,0.09,1,0.04,3,0.0,4,0.0,2,0 days 05:25:06.100000
8,3,3,True,3,0.69,4,0.18,6,0.1,8,0.02,0,0.01,1,0 days 03:06:48.900000
8,2,2,True,2,0.69,3,0.15785714285714286,7,0.15214285714285716,1,0.0,0,0.0,1,0 days 00:53:54.600000
8,2,7,False,7,0.64,2,0.36,1,0.0,0,0.0,3,0.0,2,0 days 06:15:51.400000
8,2,3,False,3,0.68,8,0.28,6,0.04,1,0.0,2,0.0,5,0 days 02:56:35.700000
8,2,4,False,4,0.72,6,0.19,0,0.04,1,0.03,7,0.02,6,0 days 04:55:11.300000
8,2,1,False,1,0.7,6,0.27,7,0.02,2,0.01,3,0.0,4,0 days 02:41:41.900000
8,0,0,True,0,0.585,8,0.36,1,0.03,7,0.01,4,0.01,1,0 days 03:35:19.200000
8,2,1,False,1,0.6,2,0.29,8,0.11,0,0.0,4,0.0,2,0 days 03:08:06.200000
8,2,0,False,0,0.59,2,0.26,7,0.11,5,0.04,3,0.0,2,0 days 04:15:21.800000
8,4,6,False,6,0.62,4,0.23,2,0.11,1,0.04,3,0.0,2,0 days 01:47:34.400000
8,3,6,False,6,0.58,2,0.28,3,0.14,1,0.0,0,0.0,3,0 days 00:54:40.600000
8,7,2,False,2,0.66,7,0.25,0,0.08,8,0.01,3,0.0,2,0 days 04:15:57.300000
8,1,2,False,2,0.81,6,0.16,1,0.03,0,0.0,3,0.0,3,0 days 00:56:00.600000
8,1,2,False,2,0.63,7,0.29,0,0.06,1,0.02,3,0.0,4,0 days 04:28:37.700000
8,1,1,True,1,0.6415000000000001,3,0.35849999999999993,0,0.0,2,0.0,4,0.0,1,0 days 00:54:12.400000
8,7,4,False,4,0.74,1,0.22,2,0.02,0,0.02,3,0.0,8,0 days 04:03:08.600000
8,1,0,False,0,0.91,2,0.07,5,0.02,1,0.0,3,0.0,4,0 days 05:32:44.500000
8,7,1,False,1,0.8,7,0.18,0,0.02,2,0.0,3,0.0,2,0 days 05:00:30.900000
8,7,3,False,3,0.66,2,0.26,1,0.08,0,0.0,4,0.0,8,0 days 01:20:54.500000
8,1,2,False,2,0.85,3,0.15,1,0.0,0,0.0,4,0.0,3,0 days 00:53:40.400000
8,7,1,False,1,0.65,5,0.3,2,0.03,7,0.02,3,0.0,4,0 days 07:11:01.800000
8,7,1,False,1,0.61,2,0.29,8,0.1,0,0.0,4,0.0,9,0 days 04:41:02.400000
8,1,2,False,2,0.7,8,0.26,3,0.04,1,0.0,4,0.0,4,0 days 02:41:22.300000
8,1,3,False,3,0.74,2,0.22,1,0.03,7,0.01,0,0.0,3,0 days 00:54:04.800000
8,1,1,True,1,0.58,2,0.29,8,0.13,0,0.0,4,0.0,1,0 days 03:08:08.800000
8,2,8,False,8,0.7,2,0.28,7,0.02,1,0.0,3,0.0,2,0 days 04:08:09.200000
8,4,6,False,6,0.66,4,0.25,2,0.09,0,0.0,3,0.0,2,0 days 01:58:24.100000
8,1,6,False,6,0.88,1,0.1,4,0.02,0,0.0,3,0.0,2,0 days 03:38:50.500000
8,3,3,True,3,0.7,1,0.22,7,0.06,2,0.02,0,0.0,1,0 days 00:54:22.500000
8,3,2,False,2,0.77,1,0.21,6,0.02,0,0.0,3,0.0,5,0 days 01:30:32
8,7,3,False,3,0.57,1,0.26,4,0.14,7,0.03,2,0.0,4,0 days 02:47:30.600000
8,1,7,False,7,0.74,1,0.23,8,0.03,2,0.0,3,0.0,2,0 days 03:49:31.800000
8,3,1,False,1,0.62,3,0.21,8,0.15,0,0.02,4,0.0,2,0 days 02:56:55.900000
8,2,1,False,1,0.68,4,0.2,0,0.08,2,0.04,3,0.0,4,0 days 04:03:19
8,2,7,False,7,0.65,2,0.24,6,0.11,0,0.0,3,0.0,2,0 days 01:48:46.700000
8,7,0,False,0,0.61,2,0.37,1,0.01,6,0.01,3,0.0,8,0 days 02:14:32.500000
8,2,4,False,4,0.74,3,0.13,1,0.09,2,0.04,0,0.0,4,0 days 01:07:25.900000
8,2,1,False,1,0.65,6,0.27,4,0.04,3,0.03,8,0.01,6,0 days 03:03:15
8,7,1,False,1,0.45033333333333325,7,0.4396666666666667,8,0.08,2,0.03,3,0.0,2,0 days 04:02:07.200000
8,7,2,False,2,0.66,4,0.19,7,0.14,6,0.01,3,0.0,3,0 days 00:13:57.700000
8,2,2,True,2,0.92,6,0.08,1,0.0,0,0.0,3,0.0,1,0 days 00:03:32.400000
8,2,2,True,2,0.9,3,0.1,1,0.0,0,0.0,4,0.0,1,0 days 04:01:42.100000
8,2,8,False,8,0.73,1,0.16,3,0.11,0,0.0,4,0.0,8,0 days 00:26:32.800000
8,8,2,False,2,0.86,7,0.12833333333333333,0,0.011666666666666665,1,0.0,3,0.0,9,0 days 04:30:53
8,8,7,False,7,0.64,8,0.25,1,0.05,4,0.04,3,0.01,2,0 days 00:18:14.500000
8,3,2,False,2,0.4811666666666667,1,0.4188333333333333,3,0.1,0,0.0,4,0.0,3,0 days 00:54:30.100000
8,3,6,False,6,0.61,1,0.28,2,0.11,0,0.0,3,0.0,5,0 days 01:47:47.600000
8,3,4,False,4,0.89,1,0.1,3,0.01,0,0.0,2,0.0,3,0 days 03:24:56.400000
8,3,8,False,8,0.56,1,0.34,3,0.09,7,0.01,2,0.0,3,0 days 00:50:24.100000
8,4,1,False,1,0.58,6,0.24,2,0.18,0,0.0,3,0.0,6,0 days 00:08:37.800000
8,2,2,True,2,0.94,1,0.06,0,0.0,3,0.0,4,0.0,1,0 days 00:54:18.300000
8,2,7,False,7,0.61,0,0.26,2,0.12,5,0.01,3,0.0,3,0 days 06:19:10.400000
8,4,2,False,2,0.68,7,0.19,8,0.11,0,0.02,3,0.0,6,0 days 04:33:08.600000
8,3,7,False,7,0.65,3,0.26,8,0.06,1,0.02,4,0.01,2,0 days 02:45:59
8,3,3,True,3,0.62,8,0.25,6,0.12,4,0.01,2,0.0,1,0 days 00:47:52.300000
8,1,7,False,7,0.8007500000000001,0,0.19925000000000004,2,0.0,1,0.0,3,0.0,4,0 days 04:31:10.300000
8,1,1,True,1,0.79,3,0.19,4,0.02,0,0.0,2,0.0,1,0 days 01:20:31.200000
8,1,1,True,1,0.7,7,0.28,6,0.01,0,0.01,3,0.0,1,0 days 03:14:47.400000
8,3,0,False,0,0.58,1,0.27,7,0.12,4,0.03,3,0.0,5,0 days 04:28:27.400000
8,1,2,False,2,0.83,8,0.12,7,0.04,0,0.01,3,0.0,8,0 days 04:55:48.400000
8,1,2,False,2,0.73,1,0.18,3,0.09,0,0.0,4,0.0,2,0 days 01:20:51.800000
8,1,1,True,1,0.995,0,0.005,2,0.0,3,0.0,4,0.0,1,0 days 04:02:26.300000
8,7,6,False,6,0.83,8,0.09,2,0.07,4,0.01,3,0.0,9,0 days 02:41:03.400000
8,1,1,True,1,0.69,7,0.31,2,0.0,0,0.0,3,0.0,1,0 days 01:20:02.300000
8,1,7,False,7,0.68,1,0.3,6,0.02,0,0.0,3,0.0,2,0 days 03:14:41.300000
8,1,1,True,1,0.71,3,0.18,8,0.08,2,0.02,6,0.01,1,0 days 00:16:58.200000
8,4,1,False,1,0.58,6,0.24,2,0.18,0,0.0,3,0.0,6,0 days 00:08:35
8,4,8,False,8,0.61,7,0.27,3,0.07,6,0.05,2,0.0,9,0 days 02:20:09.900000
8,1,4,False,4,0.69,1,0.24,7,0.06,6,0.01,3,0.0,2,0 days 02:16:02.800000
8,1,2,False,2,0.76,1,0.21,6,0.03,0,0.0,3,0.0,2,0 days 01:47:40.900000
8,8,4,False,4,0.59,6,0.26,1,0.09,2,0.03,3,0.02,9,0 days 02:09:03.200000
8,2,3,False,3,0.89,1,0.1,2,0.01,0,0.0,4,0.0,3,0 days 00:52:30
8,3,2,False,2,0.66,7,0.22,6,0.1,4,0.02,3,0.0,5,0 days 02:16:35.700000
8,1,3,False,3,0.64,1,0.22,4,0.1,8,0.04,2,0.0,2,0 days 02:36:02.600000
8,7,2,False,2,0.9,7,0.06,0,0.04,1,0.0,3,0.0,2,0 days 00:27:43.700000
8,3,2,False,2,0.49583333333333335,1,0.4041666666666666,3,0.1,0,0.0,4,0.0,3,0 days 00:53:33.100000
8,2,3,False,3,0.93,1,0.07,0,0.0,2,0.0,4,0.0,4,0 days 00:58:45.700000
8,2,3,False,3,0.85,2,0.15,1,0.0,0,0.0,4,0.0,2,0 days 00:53:41
8,2,1,False,1,0.87,4,0.12,2,0.01,0,0.0,3,0.0,3,0 days 03:19:50.100000
8,1,6,False,6,0.61,5,0.17,1,0.14,3,0.07,7,0.01,3,0 days 03:09:16.200000
8,2,2,True,2,0.66,1,0.24,3,0.1,0,0.0,4,0.0,1,0 days 00:53:45.100000
8,3,3,True,3,0.79,1,0.21,0,0.0,2,0.0,4,0.0,1,0 days 00:53:18.900000
8,2,6,False,6,0.7,2,0.29,4,0.01,0,0.0,3,0.0,2,0 days 01:58:16.500000
8,2,3,False,3,0.69,6,0.23,1,0.07,4,0.01,2,0.0,5,0 days 03:00:56.500000
8,8,6,False,6,0.6,8,0.29,3,0.11,1,0.0,2,0.0,2,0 days 02:26:48.700000
8,4,0,False,0,0.58,4,0.24,1,0.17,8,0.01,3,0.0,2,0 days 02:44:35.100000
8,8,2,False,2,0.71,1,0.25,4,0.03,6,0.01,3,0.0,9,0 days 02:39:27.800000
8,8,6,False,6,0.65,7,0.22,2,0.08,4,0.05,3,0.0,9,0 days 02:16:21.300000
8,4,3,False,3,1.0,0,0.0,1,0.0,2,0.0,4,0.0,5,0 days 00:25:47.100000
8,8,1,False,1,0.64,7,0.21,6,0.08,8,0.07,3,0.0,4,0 days 01:48:20.100000
8,6,6,True,6,0.62,3,0.28,2,0.06,1,0.03,7,0.01,1,0 days 01:32:50.600000
8,6,2,False,2,0.87,6,0.1,1,0.02,4,0.01,3,0.0,2,0 days 02:39:43.600000
8,4,3,False,3,0.68,6,0.22,1,0.06,2,0.02,7,0.02,8,0 days 01:33:10.200000
8,4,6,False,6,0.67,4,0.21,2,0.1,0,0.02,3,0.0,2,0 days 02:44:22.200000
8,6,1,False,1,0.69,6,0.29,8,0.02,2,0.0,3,0.0,2,0 days 02:33:35.100000
8,4,4,True,4,0.86,6,0.09,8,0.03,7,0.02,3,0.0,1,0 days 03:33:31.600000
8,4,4,True,4,0.72,3,0.24,6,0.03,2,0.01,0,0.0,1,0 days 02:29:59.700000
8,6,8,False,8,0.66,1,0.2,2,0.12,6,0.01,7,0.01,4,0 days 00:06:17.600000
8,6,8,False,8,0.66,1,0.2,2,0.12,6,0.01,7,0.01,4,0 days 00:06:16.500000
8,4,8,False,8,0.92,2,0.04,7,0.02,4,0.02,3,0.0,4,0 days 01:02:18.200000
8,4,8,False,8,0.53,3,0.42,6,0.04,4,0.01,2,0.0,4,0 days 02:27:57.700000
8,8,8,True,8,0.64,1,0.26,3,0.07,2,0.03,4,0.0,1,0 days 02:41:15.900000
8,4,1,False,1,0.68,6,0.21,8,0.09,4,0.02,3,0.0,4,0 days 02:33:59
8,8,8,True,8,0.64,4,0.24,2,0.06,3,0.06,0,0.0,1,0 days 02:21:20.900000
8,8,2,False,2,0.71,7,0.28,0,0.01,1,0.0,3,0.0,9,0 days 00:27:37.600000
8,6,8,False,8,0.59,0,0.31,2,0.09,7,0.01,3,0.0,9,0 days 03:47:00.100000
8,6,3,False,3,0.68,1,0.2,2,0.12,0,0.0,4,0.0,7,0 days 00:40:29.400000
8,6,3,False,3,0.67,8,0.23,1,0.07,2,0.03,4,0.0,7,0 days 02:41:17.400000
8,8,1,False,1,0.93,8,0.06,4,0.01,2,0.0,3,0.0,2,0 days 01:01:05.200000
8,6,1,False,1,0.69,6,0.29,8,0.02,2,0.0,3,0.0,2,0 days 02:33:41.200000
8,6,2,False,2,0.62,7,0.37,8,0.01,1,0.0,3,0.0,9,0 days 01:10:22.500000
8,6,1,False,1,0.59,4,0.34,2,0.04,7,0.03,3,0.0,8,0 days 03:09:58.100000
8,6,8,False,8,0.62,4,0.27,2,0.1,3,0.01,0,0.0,7,0 days 02:23:24
8,6,5,False,5,0.63,1,0.25,0,0.12,2,0.0,3,0.0,7,0 days 05:24:40.800000
8,6,8,False,8,0.71,0,0.21,1,0.05,7,0.02,6,0.01,5,0 days 03:12:15
8,8,8,True,8,0.63,1,0.22,2,0.15,0,0.0,4,0.0,1,0 days 00:26:53.900000
8,6,3,False,3,0.62,4,0.23,2,0.11,8,0.04,0,0.0,7,0 days 00:57:48
8,6,8,False,8,0.8,1,0.16,3,0.04,0,0.0,4,0.0,7,0 days 00:26:36.800000
8,4,2,False,2,0.6,6,0.23,1,0.13,7,0.04,3,0.0,8,0 days 01:44:17.400000
8,8,3,False,3,0.66,1,0.24,6,0.1,0,0.0,2,0.0,9,0 days 02:06:06.200000
8,8,2,False,2,0.58,8,0.42,1,0.0,0,0.0,4,0.0,2,0 days 01:02:33.300000
8,4,7,False,7,0.64,8,0.24,3,0.07,6,0.05,2,0.0,9,0 days 02:19:54.800000
8,8,7,False,7,0.67,2,0.26,4,0.05,5,0.02,3,0.0,9,0 days 03:52:49.200000
8,8,4,False,4,0.89,1,0.1,3,0.01,0,0.0,2,0.0,9,0 days 03:24:43.700000
8,4,7,False,7,0.6,2,0.25,0,0.12,1,0.03,3,0.0,6,0 days 04:29:40.200000
8,8,8,True,8,0.68,7,0.26,0,0.05,6,0.01,3,0.0,1,0 days 02:43:42.300000
9,1,7,False,7,0.65,2,0.26,1,0.09,0,0.0,3,0.0,3,0 days 00:51:43.100000
9,3,3,True,3,0.91,7,0.06,1,0.03,0,0.0,2,0.0,1,0 days 00:54:06.300000
9,0,1,False,1,0.99,7,0.01,2,0.0,0,0.0,3,0.0,4,0 days 04:02:17.600000
9,1,7,False,7,0.62,1,0.18,2,0.18,8,0.02,3,0.0,2,0 days 04:56:40.900000
9,1,7,False,7,0.78,5,0.21,6,0.01,0,0.0,3,0.0,7,0 days 05:09:10.500000
9,2,8,False,8,0.88,7,0.08,3,0.04,1,0.0,2,0.0,5,0 days 00:15:28.900000
9,1,1,True,1,1.0,0,0.0,2,0.0,3,0.0,4,0.0,1,0 days 04:02:23.700000
9,1,1,True,1,0.58,2,0.23,4,0.19,0,0.0,3,0.0,1,0 days 03:19:42.200000
9,1,8,False,8,0.62,3,0.3,1,0.08,0,0.0,4,0.0,3,0 days 02:57:50.200000
9,0,8,False,8,0.62,1,0.22,3,0.15,2,0.01,4,0.0,8,0 days 02:57:23.900000
9,0,0,True,0,0.65,1,0.19,7,0.11,2,0.05,3,0.0,1,0 days 05:31:18.900000
9,1,1,True,1,0.67,2,0.33,0,0.0,3,0.0,4,0.0,1,0 days 00:56:36
9,1,8,False,8,0.85,2,0.14,1,0.01,0,0.0,4,0.0,3,0 days 04:29:14.900000
9,2,4,False,4,0.58,6,0.27,8,0.12,1,0.02,3,0.01,6,0 days 00:45:23.600000
9,5,6,False,6,0.89,7,0.08,8,0.02,4,0.01,3,0.0,9,0 days 02:15:44.300000
9,0,3,False,3,0.54,2,0.45,8,0.01,1,0.0,4,0.0,8,0 days 00:29:35.300000
9,4,7,False,7,0.62,2,0.27,4,0.08,8,0.02,0,0.01,3,0 days 03:34:56
9,2,3,False,3,0.62,4,0.28,7,0.09,2,0.01,0,0.0,4,0 days 01:53:15.900000
9,2,1,False,1,0.69,0,0.21,2,0.1,3,0.0,4,0.0,3,0 days 02:41:34.900000
9,7,2,False,2,0.61,0,0.29,7,0.07,6,0.03,3,0.0,3,0 days 04:12:08.100000
9,1,2,False,2,0.89,8,0.08,1,0.03,0,0.0,4,0.0,3,0 days 04:56:06.500000
9,7,4,False,4,0.62,6,0.23,1,0.15,0,0.0,3,0.0,8,0 days 02:42:09.200000
9,3,2,False,2,0.7,1,0.29,7,0.01,0,0.0,3,0.0,5,0 days 00:51:53.400000
9,3,7,False,7,0.69,1,0.25,3,0.03,2,0.03,0,0.0,3,0 days 00:58:29.800000
9,1,2,False,2,0.89,6,0.09,1,0.02,0,0.0,3,0.0,3,0 days 01:31:07.300000
9,3,3,True,3,0.74,4,0.26,1,0.0,0,0.0,2,0.0,1,0 days 00:55:18.700000
9,5,5,True,5,0.65,7,0.28,1,0.05,0,0.02,3,0.0,1,0 days 07:09:45.800000
9,7,2,False,2,0.74,8,0.18,3,0.08,1,0.0,4,0.0,9,0 days 04:01:31.700000
9,3,1,False,1,0.58,2,0.26,7,0.12,5,0.04,3,0.0,5,0 days 03:44:01.300000
9,1,0,False,0,0.7,5,0.21,1,0.08,4,0.01,3,0.0,3,0 days 06:37:55.100000
9,7,2,False,2,0.65,4,0.29,3,0.05,8,0.01,0,0.0,9,0 days 03:26:26.100000
9,7,3,False,3,0.7,8,0.2,6,0.05,1,0.04,7,0.01,5,0 days 01:18:16.500000
9,1,3,False,3,0.69,7,0.2,1,0.1,2,0.01,0,0.0,3,0 days 01:19:50.100000
9,8,8,True,8,0.67,2,0.24,0,0.05,1,0.02,4,0.02,1,0 days 03:40:29.800000
9,7,1,False,1,0.66,3,0.24,4,0.1,0,0.0,2,0.0,8,0 days 03:59:32.500000
9,7,6,False,6,0.65,7,0.22,4,0.08,3,0.04,1,0.01,2,0 days 02:59:25.800000
9,7,7,True,7,0.73,1,0.2,5,0.04,0,0.02,8,0.01,1,0 days 04:47:38.600000
9,1,4,False,4,0.66,6,0.34,0,0.0,1,0.0,3,0.0,4,0 days 02:33:52.100000
9,1,4,False,4,0.86,3,0.12,1,0.02,0,0.0,2,0.0,3,0 days 00:57:06.400000
9,3,4,False,4,0.66,6,0.2,2,0.09,3,0.03,1,0.02,4,0 days 03:00:32.800000
9,3,2,False,2,0.9,1,0.05,6,0.03,4,0.02,3,0.0,5,0 days 00:55:36.100000
9,2,1,False,1,0.64,2,0.29,0,0.07,3,0.0,4,0.0,2,0 days 05:25:20.600000
9,2,3,False,3,0.69,2,0.28,1,0.03,0,0.0,4,0.0,2,0 days 00:53:47.400000
9,7,1,False,1,0.64,2,0.36,0,0.0,3,0.0,4,0.0,8,0 days 05:27:56.800000
9,2,3,False,3,0.7858333333333333,1,0.21416666666666664,0,0.0,2,0.0,4,0.0,4,0 days 00:53:56.100000
9,2,2,True,2,0.71,5,0.24,7,0.05,0,0.0,3,0.0,1,0 days 06:16:19.900000
9,2,8,False,8,0.88,7,0.08,3,0.04,1,0.0,2,0.0,5,0 days 00:15:31.900000
9,2,3,False,3,0.67,4,0.25,6,0.07,8,0.01,2,0.0,5,0 days 01:22:10.300000
9,2,8,False,8,0.9,0,0.07,4,0.02,2,0.01,3,0.0,4,0 days 03:35:01.700000
9,2,6,False,6,0.69,2,0.23,1,0.08,0,0.0,3,0.0,2,0 days 01:32:08.100000
9,2,1,False,1,0.66,6,0.22,8,0.09,4,0.03,3,0.0,6,0 days 02:42:15.300000
9,3,6,False,6,0.65,7,0.22,4,0.06,2,0.05,3,0.02,5,0 days 00:34:05.800000
9,0,1,False,1,0.68,2,0.29,8,0.03,0,0.0,4,0.0,4,0 days 05:22:46.300000
9,3,2,False,2,0.74,1,0.23,3,0.03,0,0.0,4,0.0,3,0 days 01:20:58.400000
9,3,8,False,8,0.66,2,0.21,3,0.11,6,0.02,0,0.0,3,0 days 00:29:21.100000
9,2,3,False,3,0.63,7,0.28,8,0.04,6,0.03,2,0.02,5,0 days 02:16:34.300000
9,2,1,False,1,0.92,7,0.04,3,0.02,2,0.01,4,0.01,4,0 days 01:21:04.600000
9,2,1,False,1,0.88,2,0.06,3,0.05,7,0.01,0,0.0,2,0 days 01:20:51.900000
9,2,8,False,8,0.68,2,0.24,4,0.08,1,0.0,3,0.0,2,0 days 03:40:14.500000
9,0,7,False,7,0.62,5,0.28,6,0.09,0,0.01,3,0.0,4,0 days 05:07:16
9,2,6,False,6,0.55,2,0.28,0,0.14,7,0.03,3,0.0,2,0 days 02:14:37.200000
9,2,2,True,2,0.96,3,0.04,1,0.0,0,0.0,4,0.0,1,0 days 01:20:47.300000
9,2,4,False,4,0.71,7,0.24,6,0.04,1,0.01,3,0.0,6,0 days 03:00:13.100000
9,0,1,False,1,0.64,6,0.19,7,0.06,2,0.05,3,0.04,7,0 days 04:55:17.700000
9,2,1,False,1,0.68,2,0.32,0,0.0,3,0.0,4,0.0,2,0 days 00:54:18.600000
9,0,3,False,3,0.6,1,0.28,7,0.12,0,0.0,2,0.0,4,0 days 04:28:27.200000
9,0,6,False,6,0.72,2,0.24,8,0.04,1,0.0,3,0.0,8,0 days 02:15:19.400000
9,2,1,False,1,0.62,2,0.23,4,0.11,6,0.04,3,0.0,2,0 days 03:13:08.900000
9,1,1,True,1,0.62,3,0.23,2,0.11,7,0.03,6,0.01,1,0 days 00:27:13.300000
9,3,3,True,3,0.92,4,0.08,1,0.0,0,0.0,2,0.0,1,0 days 00:25:58.500000
9,1,8,False,8,0.81,4,0.16,7,0.03,0,0.0,3,0.0,8,0 days 04:31:23.300000
9,1,7,False,7,0.97,0,0.03,2,0.0,1,0.0,3,0.0,4,0 days 06:44:59.200000
9,7,2,False,2,0.63,1,0.24,4,0.1,8,0.03,3,0.0,9,0 days 05:22:27.700000
9,1,4,False,4,0.63,1,0.26,3,0.11,0,0.0,2,0.0,2,0 days 00:54:27.600000
9,0,2,False,2,0.87,7,0.1,5,0.03,0,0.0,3,0.0,4,0 days 04:15:24.100000
9,1,8,False,8,0.67,1,0.26,2,0.07,0,0.0,4,0.0,2,0 days 04:29:12.200000
9,1,8,False,8,0.68,4,0.19,0,0.1,1,0.03,3,0.0,4,0 days 04:28:46.700000
9,3,3,True,3,0.93,2,0.07,1,0.0,0,0.0,4,0.0,1,0 days 00:53:46.600000
9,3,4,False,4,0.85,8,0.15,2,0.0,0,0.0,3,0.0,5,0 days 00:38:03.800000
9,2,3,False,3,0.61,1,0.38,2,0.01,0,0.0,4,0.0,3,0 days 00:55:03.900000
9,7,3,False,3,0.59,2,0.27,6,0.14,1,0.0,0,0.0,8,0 days 02:32:11.700000
9,1,7,False,7,0.71,4,0.19,8,0.07,0,0.03,3,0.0,8,0 days 03:35:11.300000
9,7,5,False,5,0.62,2,0.37,7,0.01,0,0.0,3,0.0,3,0 days 06:16:33.100000
9,3,3,True,3,0.89,2,0.09,1,0.02,0,0.0,4,0.0,1,0 days 00:53:47.300000
9,2,0,False,0,0.68,7,0.21,4,0.09,2,0.02,3,0.0,4,0 days 04:29:42.800000
9,2,4,False,4,0.62,8,0.37,3,0.01,1,0.0,2,0.0,5,0 days 02:21:35.300000
9,2,7,False,7,0.65,4,0.26,0,0.05,2,0.03,1,0.01,4,0 days 04:33:10.600000
9,3,1,False,1,0.65,4,0.27,2,0.08,0,0.0,3,0.0,5,0 days 01:07:06.500000
9,3,0,False,0,0.59,4,0.26,8,0.15,2,0.0,3,0.0,5,0 days 03:07:49.200000
9,2,3,False,3,0.59,2,0.27,6,0.14,1,0.0,0,0.0,2,0 days 02:32:17.300000
9,2,3,False,3,0.705,2,0.28,1,0.015,0,0.0,4,0.0,2,0 days 00:54:10.900000
9,7,8,False,8,0.61,7,0.37,2,0.02,1,0.0,3,0.0,2,0 days 04:17:22.100000
9,2,4,False,4,0.61,1,0.37,0,0.01,8,0.01,3,0.0,8,0 days 03:35:37.900000
9,2,2,True,2,0.83,3,0.12,4,0.02,8,0.02,6,0.01,1,0 days 01:22:37.700000
9,2,0,False,0,0.62,8,0.31,4,0.07,2,0.0,3,0.0,4,0 days 03:07:56.200000
9,2,2,True,2,0.59,3,0.41,1,0.0,0,0.0,4,0.0,1,0 days 00:53:44.900000
9,2,2,True,2,0.74,8,0.18,3,0.08,1,0.0,4,0.0,1,0 days 04:01:26.800000
9,4,4,True,4,0.61,2,0.27,1,0.09,8,0.03,3,0.0,1,0 days 05:22:26.900000
9,8,2,False,2,0.9,3,0.09,4,0.01,1,0.0,0,0.0,9,0 days 00:18:59.100000
9,8,7,False,7,0.65,8,0.35,2,0.0,0,0.0,3,0.0,2,0 days 02:43:38.700000
9,8,3,False,3,0.62,4,0.28,1,0.09,7,0.01,2,0.0,9,0 days 01:53:39.400000
9,3,0,False,0,0.58,3,0.26,2,0.14,4,0.02,1,0.0,2,0 days 00:54:02.200000
9,3,8,False,8,0.66,3,0.25,1,0.05,6,0.04,2,0.0,2,0 days 02:06:10.300000
9,2,7,False,7,0.64,1,0.25,2,0.11,0,0.0,3,0.0,3,0 days 05:52:43.700000
9,4,7,False,7,0.63,6,0.24,8,0.08,3,0.03,4,0.01,5,0 days 01:28:57.500000
9,4,8,False,8,0.73,7,0.24,1,0.02,3,0.01,2,0.0,6,0 days 04:28:30.600000
9,3,2,False,2,0.6,4,0.23,7,0.11,3,0.04,8,0.02,4,0 days 02:50:43.100000
9,8,8,True,8,0.75,4,0.25,2,0.0,0,0.0,3,0.0,1,0 days 03:37:39.900000
9,2,4,False,4,0.66,7,0.28,2,0.03,3,0.02,0,0.01,3,0 days 01:52:50.400000
9,1,4,False,4,0.62,8,0.27,6,0.06,1,0.03,3,0.02,4,0 days 01:26:29.300000
9,3,8,False,8,0.65,3,0.21,4,0.12,6,0.02,2,0.0,2,0 days 01:47:22.700000
9,3,3,True,3,0.89,2,0.09,1,0.02,0,0.0,4,0.0,1,0 days 00:53:46.800000
9,3,1,False,1,0.5648333333333333,3,0.43516666666666665,0,0.0,2,0.0,4,0.0,2,0 days 00:54:12.100000
9,7,2,False,2,0.92,7,0.07,1,0.01,0,0.0,3,0.0,2,0 days 03:56:28.400000
9,7,8,False,8,0.61,2,0.24,4,0.08,7,0.07,3,0.0,4,0 days 03:52:50.500000
9,4,7,False,7,0.46254761904761915,4,0.45745238095238094,2,0.08,0,0.0,3,0.0,2,0 days 01:01:43.200000
9,1,6,False,6,0.78,3,0.22,1,0.0,0,0.0,2,0.0,3,0 days 02:32:47.600000
9,1,4,False,4,0.65,3,0.25,8,0.07,7,0.02,2,0.01,8,0 days 00:18:37.800000
9,7,8,False,8,0.96,2,0.04,1,0.0,0,0.0,4,0.0,9,0 days 01:03:23.600000
9,7,6,False,6,0.61,0,0.25,2,0.1,1,0.03,8,0.01,9,0 days 02:41:50.300000
9,1,2,False,2,0.76,3,0.24,1,0.0,0,0.0,4,0.0,3,0 days 00:53:54
9,1,3,False,3,0.93,2,0.07,1,0.0,0,0.0,4,0.0,3,0 days 00:53:45.600000
9,1,0,False,0,0.59,2,0.25,7,0.11,8,0.05,3,0.0,8,0 days 03:34:46.200000
9,1,2,False,2,0.83,1,0.17,0,0.0,3,0.0,4,0.0,2,0 days 00:53:49
9,1,6,False,6,0.68,2,0.2,7,0.12,0,0.0,3,0.0,6,0 days 01:48:35.700000
9,7,6,False,6,0.5,0,0.3,7,0.1,1,0.05,5,0.04,3,0 days 05:05:31.900000
9,1,1,True,1,0.9,7,0.08,3,0.02,0,0.0,2,0.0,1,0 days 00:51:07
9,1,7,False,7,0.62,1,0.29,4,0.08,2,0.01,3,0.0,2,0 days 02:14:02.900000
9,4,8,False,8,0.67,1,0.18,2,0.11,6,0.02,4,0.02,5,0 days 00:44:02.400000
9,2,6,False,6,0.67,1,0.21,7,0.07,4,0.05,3,0.0,6,0 days 03:10:03.500000
9,7,3,False,3,0.93,8,0.06,4,0.01,1,0.0,2,0.0,9,0 days 02:46:04.200000
9,1,3,False,3,0.9,1,0.08,4,0.02,0,0.0,2,0.0,2,0 days 00:54:33.900000
9,1,1,True,1,0.68,4,0.25,6,0.07,0,0.0,3,0.0,1,0 days 03:17:16.100000
9,7,1,False,1,0.62,4,0.31,7,0.06,3,0.01,2,0.0,3,0 days 02:47:01.200000
9,3,3,True,3,0.68,2,0.29,7,0.03,1,0.0,0,0.0,1,0 days 00:53:43.800000
9,1,7,False,7,0.62,1,0.29,6,0.08,3,0.01,2,0.0,2,0 days 03:14:20.800000
9,2,7,False,7,0.65,2,0.28,1,0.07,0,0.0,3,0.0,2,0 days 00:51:47.500000
9,4,1,False,1,0.98,2,0.02,0,0.0,3,0.0,4,0.0,5,0 days 04:33:46.600000
9,4,6,False,6,0.67,1,0.21,7,0.07,4,0.05,3,0.0,4,0 days 03:10:07.700000
9,8,4,False,4,0.61,8,0.22,1,0.17,2,0.0,3,0.0,2,0 days 03:32:45.800000
9,8,2,False,2,0.67,6,0.21,4,0.08,1,0.03,3,0.01,9,0 days 02:23:44.700000
9,4,2,False,2,0.91,3,0.06,8,0.02,6,0.01,0,0.0,6,0 days 00:04:57.800000
9,8,2,False,2,0.66,8,0.28,6,0.05,7,0.01,3,0.0,2,0 days 02:43:20.900000
9,4,2,False,2,0.56,8,0.27,0,0.09,7,0.07,3,0.01,8,0 days 02:17:05.700000
9,6,6,True,6,0.68,2,0.2,7,0.12,0,0.0,3,0.0,1,0 days 01:48:37.100000
9,6,6,True,6,0.67,4,0.25,1,0.08,0,0.0,3,0.0,1,0 days 02:43:02.300000
9,6,4,False,4,0.87,8,0.1,6,0.03,0,0.0,3,0.0,3,0 days 02:00:48.200000
9,6,1,False,1,0.59,8,0.39,7,0.01,3,0.01,2,0.0,9,0 days 01:48:07.100000
9,4,3,False,3,0.69,4,0.27,6,0.03,1,0.01,2,0.0,2,0 days 01:50:35.600000
9,6,2,False,2,0.7,1,0.18,0,0.09,6,0.03,3,0.0,4,0 days 02:41:43.300000
9,6,6,True,6,0.62,8,0.25,2,0.08,3,0.05,0,0.0,1,0 days 00:29:00
9,4,8,False,8,0.66,1,0.18,2,0.12,7,0.02,4,0.01,5,0 days 00:58:11.600000
9,6,7,False,7,0.92,4,0.07,8,0.01,0,0.0,3,0.0,9,0 days 04:09:40.800000
9,6,4,False,4,0.96,7,0.03,2,0.01,0,0.0,3,0.0,8,0 days 03:33:49.300000
9,6,8,False,8,0.62,3,0.3,1,0.08,0,0.0,4,0.0,7,0 days 02:57:43.800000
9,6,2,False,2,0.65,4,0.25,7,0.1,0,0.0,3,0.0,8,0 days 02:16:09.800000
9,4,1,False,1,0.57,2,0.27,7,0.12,6,0.03,8,0.01,9,0 days 01:11:42.200000
9,4,4,True,4,0.71,2,0.2,1,0.05,6,0.04,3,0.0,1,0 days 03:12:55
9,4,3,False,3,0.69,1,0.2,2,0.1,4,0.01,0,0.0,4,0 days 01:21:15.300000
9,8,6,False,6,0.66,4,0.21,3,0.11,2,0.02,0,0.0,9,0 days 02:54:09.400000
9,8,2,False,2,0.66,8,0.19,3,0.13,1,0.01,6,0.01,2,0 days 02:56:39.300000
9,4,3,False,3,0.62,4,0.34,7,0.03,1,0.01,2,0.0,2,0 days 01:53:24.500000
9,8,4,False,4,0.79,7,0.17,1,0.02,2,0.02,3,0.0,9,0 days 02:50:07.500000
9,4,4,True,4,0.58,1,0.31,3,0.07,8,0.04,2,0.0,1,0 days 03:32:22.200000
9,6,2,False,2,0.83,3,0.12,4,0.02,8,0.02,6,0.01,5,0 days 01:22:29.100000
9,6,3,False,3,0.67,6,0.24,0,0.06,4,0.02,7,0.01,2,0 days 03:06:19.300000
9,6,8,False,8,0.83,3,0.14,4,0.03,1,0.0,2,0.0,7,0 days 02:26:38.400000
9,8,0,False,0,0.63,7,0.27,4,0.06,2,0.03,1,0.01,9,0 days 04:33:03.700000
9,6,4,False,4,0.7,1,0.18,2,0.06,8,0.04,6,0.01,5,0 days 02:09:35.500000
9,8,1,False,1,0.88,3,0.08,4,0.04,0,0.0,2,0.0,9,0 days 00:54:46.200000
9,8,8,True,8,0.9,2,0.1,1,0.0,0,0.0,4,0.0,1,0 days 01:03:01.300000
9,4,1,False,1,0.69,7,0.28,3,0.02,4,0.01,2,0.0,4,0 days 02:49:27.100000
9,6,3,False,3,0.82,7,0.1,4,0.04,1,0.04,2,0.0,8,0 days 00:54:26.600000
9,4,3,False,3,0.62,8,0.26,2,0.09,4,0.02,0,0.01,4,0 days 02:51:07.800000
9,8,4,False,4,0.66,2,0.27,6,0.05,1,0.01,8,0.01,5,0 days 03:38:18.500000
9,4,1,False,1,0.73,7,0.19,0,0.08,2,0.0,3,0.0,6,0 days 03:10:39.900000
9,8,2,False,2,0.61,1,0.24,6,0.07,8,0.07,0,0.01,4,0 days 02:41:55.200000
9,8,1,False,1,0.67,7,0.21,4,0.07,2,0.05,3,0.0,9,0 days 05:22:18.100000
9,8,8,True,8,0.61,1,0.35,6,0.02,4,0.01,2,0.01,1,0 days 01:00:51.200000
10,0,1,False,1,0.62,8,0.33,2,0.05,0,0.0,4,0.0,4,0 days 03:41:02.500000
10,1,2,False,2,0.96,3,0.03,1,0.01,0,0.0,4,0.0,3,0 days 00:54:18.800000
10,0,7,False,7,0.68,8,0.28,6,0.04,0,0.0,3,0.0,4,0 days 03:46:17.500000
10,1,4,False,4,0.63,3,0.2,8,0.14,1,0.03,2,0.0,4,0 days 03:24:00.400000
10,1,4,False,4,0.66,3,0.25,1,0.08,6,0.01,2,0.0,3,0 days 00:54:27.900000
10,1,1,True,1,0.69,2,0.28,4,0.02,7,0.01,3,0.0,1,0 days 04:33:31.100000
10,2,2,True,2,0.64,8,0.22,1,0.11,6,0.03,3,0.0,1,0 days 00:16:41.800000
10,1,1,True,1,0.64,3,0.25,4,0.11,0,0.0,2,0.0,1,0 days 00:55:13.500000
10,1,1,True,1,0.59,2,0.41,0,0.0,3,0.0,4,0.0,1,0 days 00:54:15.600000
10,3,1,False,1,0.77,4,0.21,6,0.01,8,0.01,3,0.0,5,0 days 02:42:40
10,1,4,False,4,0.63,3,0.2,1,0.12,8,0.05,2,0.0,3,0 days 03:23:54.200000
10,3,7,False,7,0.65,6,0.24,3,0.1,1,0.01,2,0.0,3,0 days 00:54:26.200000
10,2,2,True,2,0.61,7,0.26,3,0.13,1,0.0,0,0.0,1,0 days 00:53:43.500000
10,2,7,False,7,0.71,8,0.25,4,0.02,1,0.02,3,0.0,6,0 days 03:53:01.700000
10,0,4,False,4,0.87,1,0.09,3,0.04,0,0.0,2,0.0,4,0 days 02:18:47.800000
10,0,3,False,3,0.87,8,0.09,2,0.04,1,0.0,4,0.0,8,0 days 02:51:37.700000
10,0,2,False,2,0.64,4,0.33,6,0.03,0,0.0,3,0.0,4,0 days 03:18:55.400000
10,4,4,True,4,0.68,8,0.21,6,0.08,7,0.02,1,0.01,1,0 days 03:08:32.200000
10,2,2,True,2,0.67,8,0.27,6,0.05,3,0.01,0,0.0,1,0 days 02:41:10.800000
10,0,6,False,6,0.76,3,0.23,4,0.01,0,0.0,2,0.0,4,0 days 03:06:29.300000
10,0,0,True,0,0.68,2,0.3,1,0.02,3,0.0,4,0.0,1,0 days 03:15:30.300000
10,3,1,False,1,0.69,4,0.24,7,0.06,3,0.01,2,0.0,4,0 days 02:47:43.200000
10,3,1,False,1,0.91,4,0.05,3,0.04,0,0.0,2,0.0,3,0 days 00:55:29.100000
10,3,1,False,1,0.85,2,0.12,3,0.03,0,0.0,4,0.0,3,0 days 00:52:15.100000
10,3,3,True,3,0.75,1,0.23,2,0.02,0,0.0,4,0.0,1,0 days 00:53:46.100000
10,7,4,False,4,0.66,6,0.25,8,0.05,2,0.02,7,0.02,5,0 days 01:41:35.400000
10,7,6,False,6,0.68,2,0.17,7,0.11,8,0.03,1,0.01,3,0 days 01:10:31.900000
10,1,1,True,1,0.93,2,0.05,3,0.02,0,0.0,4,0.0,1,0 days 00:53:08.300000
10,7,1,False,1,0.94,8,0.03,3,0.02,7,0.01,2,0.0,4,0 days 01:16:54.400000
10,1,7,False,7,0.7,1,0.28,5,0.02,0,0.0,3,0.0,2,0 days 05:45:23.200000
10,1,7,False,7,0.64,0,0.35,8,0.01,2,0.0,3,0.0,8,0 days 07:36:26.300000
10,1,1,True,1,0.89,7,0.1,3,0.01,0,0.0,2,0.0,1,0 days 01:20:04.800000
10,2,4,False,4,0.62,3,0.26,1,0.11,6,0.01,2,0.0,5,0 days 00:56:15.500000
10,7,1,False,1,0.59,4,0.31,3,0.07,2,0.03,0,0.0,8,0 days 01:38:30.600000
10,2,2,True,2,1.0,0,0.0,1,0.0,3,0.0,4,0.0,1,0 days 00:54:18.200000
10,8,8,True,8,0.59,0,0.25,2,0.12,4,0.04,3,0.0,1,0 days 03:35:00.700000
10,7,4,False,4,0.64,2,0.31,0,0.05,1,0.0,3,0.0,8,0 days 04:29:41
10,2,2,True,2,0.64,7,0.26,1,0.1,0,0.0,3,0.0,1,0 days 05:28:31.200000
10,2,0,False,0,0.65,1,0.27,7,0.08,2,0.0,3,0.0,4,0 days 06:50:13.400000
10,8,2,False,2,0.6416666666666667,1,0.28,7,0.06833333333333334,4,0.01,3,0.0,9,0 days 05:22:29.900000
10,2,3,False,3,0.6,8,0.23,2,0.13,6,0.02,7,0.01,3,0 days 01:28:25.500000
10,8,6,False,6,0.62,3,0.28,1,0.08,2,0.01,8,0.01,5,0 days 00:17:11.700000
10,2,2,True,2,0.67,3,0.24,1,0.09,0,0.0,4,0.0,1,0 days 00:54:03
10,2,2,True,2,1.0,0,0.0,1,0.0,3,0.0,4,0.0,1,0 days 00:31:00.600000
10,2,2,True,2,0.67,6,0.26,7,0.06,4,0.01,3,0.0,1,0 days 00:06:37.800000
10,2,1,False,1,0.93,5,0.07,2,0.0,0,0.0,3,0.0,3,0 days 05:37:57.800000
10,2,2,True,2,0.91,8,0.06,6,0.02,4,0.01,3,0.0,1,0 days 00:09:35.600000
10,2,1,False,1,0.64,7,0.32,2,0.04,0,0.0,3,0.0,3,0 days 05:51:24.700000
10,2,4,False,4,0.63,2,0.28,6,0.05,7,0.04,3,0.0,2,0 days 02:16:11.900000
10,2,3,False,3,0.65,8,0.23,2,0.12,1,0.0,4,0.0,3,0 days 00:10:05.600000
10,4,2,False,2,0.63,6,0.24,0,0.08,7,0.04,3,0.01,8,0 days 04:55:12.600000
10,2,2,True,2,0.76,0,0.24,1,0.0,3,0.0,4,0.0,1,0 days 08:56:41
10,2,1,False,1,0.62,8,0.34,7,0.02,4,0.02,3,0.0,6,0 days 02:41:59.400000
10,3,3,True,3,0.88,6,0.09,8,0.02,4,0.01,2,0.0,1,0 days 02:38:39.500000
10,3,7,False,7,0.61,1,0.35,4,0.03,2,0.01,3,0.0,5,0 days 01:21:08.300000
10,0,0,True,0,0.65,4,0.22,7,0.13,1,0.0,3,0.0,1,0 days 04:55:31.600000
10,2,3,False,3,0.91,1,0.06,2,0.03,0,0.0,4,0.0,3,0 days 00:53:50.300000
10,2,4,False,4,0.67,2,0.26,3,0.07,1,0.0,0,0.0,2,0 days 00:04:56
10,2,1,False,1,0.71,6,0.21,2,0.07,3,0.01,0,0.0,3,0 days 01:31:39.700000
10,4,8,False,8,0.69,1,0.23,0,0.08,2,0.0,4,0.0,5,0 days 04:28:45.800000
10,2,2,True,2,0.57,7,0.21,0,0.18,1,0.03,8,0.01,1,0 days 04:29:03.500000
10,0,0,True,0,0.68,2,0.22,1,0.1,3,0.0,4,0.0,1,0 days 05:48:58.300000
10,4,8,False,8,0.58,2,0.35,3,0.07,1,0.0,4,0.0,5,0 days 03:36:30.100000
10,3,2,False,2,0.67,3,0.23,6,0.07,1,0.03,0,0.0,2,0 days 02:12:11.100000
10,1,7,False,7,0.48,8,0.31,6,0.16,1,0.03,4,0.02,4,0 days 03:39:30.300000
10,3,6,False,6,0.61,4,0.28,7,0.07,1,0.02,8,0.02,6,0 days 02:19:33.900000
10,1,7,False,7,0.7,0,0.16,2,0.07,3,0.06,6,0.01,6,0 days 04:55:19.200000
10,1,2,False,2,0.58,4,0.29,1,0.13,0,0.0,3,0.0,3,0 days 04:02:45.400000
10,7,1,False,1,0.71,2,0.17,0,0.12,3,0.0,4,0.0,8,0 days 05:23:04.200000
10,3,4,False,4,0.7,2,0.17,1,0.12,3,0.01,0,0.0,4,0 days 01:21:14.800000
10,7,4,False,4,0.66,7,0.3,6,0.03,2,0.01,3,0.0,2,0 days 04:09:10.100000
10,7,1,False,1,0.67,2,0.28,8,0.04,3,0.01,4,0.0,9,0 days 00:15:21.200000
10,3,1,False,1,0.57,3,0.3,2,0.11,6,0.02,0,0.0,2,0 days 03:01:05.500000
10,3,1,False,1,0.62,2,0.29,8,0.07,0,0.02,4,0.0,8,0 days 03:41:20.600000
10,0,2,False,2,0.67,3,0.19,1,0.06,7,0.06,4,0.02,6,0 days 05:26:43
10,1,1,True,1,0.965,2,0.03,0,0.005,3,0.0,4,0.0,1,0 days 04:02:28.600000
10,1,7,False,7,0.62,8,0.35,6,0.03,0,0.0,3,0.0,8,0 days 01:48:21
10,7,4,False,4,0.61,2,0.23,0,0.11,1,0.04,6,0.01,8,0 days 02:14:56.700000
10,1,7,False,7,0.57,2,0.21,0,0.18,1,0.04,3,0.0,4,0 days 04:29:02.500000
10,1,2,False,2,0.6,1,0.36,3,0.04,0,0.0,4,0.0,2,0 days 00:53:49.600000
10,1,8,False,8,0.82,2,0.12,6,0.04,3,0.02,0,0.0,8,0 days 02:41:13.900000
10,7,2,False,2,0.67,6,0.28,8,0.05,1,0.0,3,0.0,9,0 days 01:04:16.200000
10,1,2,False,2,0.67,1,0.29,3,0.04,0,0.0,4,0.0,2,0 days 00:54:14.900000
10,1,0,False,0,0.88,8,0.11,7,0.01,2,0.0,3,0.0,8,0 days 07:20:30.300000
10,7,1,False,1,0.65,2,0.29,7,0.06,0,0.0,3,0.0,3,0 days 04:57:22.300000
10,3,1,False,1,0.63,3,0.37,0,0.0,2,0.0,4,0.0,2,0 days 00:54:11.900000
10,2,7,False,7,0.64,0,0.21,2,0.1,4,0.05,3,0.0,3,0 days 02:14:26.500000
10,3,1,False,1,0.5949999999999999,3,0.385,4,0.02,0,0.0,2,0.0,2,0 days 00:54:33.800000
10,1,4,False,4,0.72,6,0.24,1,0.03,3,0.01,2,0.0,3,0 days 01:49:43.500000
10,1,3,False,3,0.64,1,0.35,4,0.01,0,0.0,2,0.0,2,0 days 01:20:29.400000
10,7,1,False,1,0.63,8,0.24,3,0.13,0,0.0,4,0.0,9,0 days 02:48:44.300000
10,1,1,True,1,0.78,3,0.22,0,0.0,2,0.0,4,0.0,1,0 days 00:54:12.600000
10,7,1,False,1,0.66,4,0.29,0,0.03,2,0.02,3,0.0,8,0 days 03:10:29.800000
10,3,1,False,1,0.77,3,0.23,0,0.0,2,0.0,4,0.0,2,0 days 00:55:24
10,3,7,False,7,0.57,2,0.38,1,0.05,0,0.0,3,0.0,5,0 days 02:32:14.200000
10,2,7,False,7,0.7958333333333334,0,0.12416666666666666,8,0.07,2,0.01,3,0.0,4,0 days 04:30:58.900000
10,5,7,False,7,0.67,1,0.26,2,0.06,0,0.01,3,0.0,7,0 days 06:28:22.100000
10,2,1,False,1,0.7,2,0.2,4,0.05,6,0.03,3,0.02,2,0 days 00:56:09.600000
10,2,2,True,2,0.78,1,0.22,0,0.0,3,0.0,4,0.0,1,0 days 00:53:54.300000
10,2,7,False,7,0.74,1,0.18,2,0.05,8,0.02,4,0.01,3,0 days 04:28:35
10,2,6,False,6,0.59,1,0.26,7,0.1,4,0.03,0,0.02,6,0 days 02:18:03.500000
10,2,1,False,1,0.57,3,0.43,0,0.0,2,0.0,4,0.0,4,0 days 00:53:32.200000
10,2,2,True,2,0.62,8,0.37,4,0.01,1,0.0,3,0.0,1,0 days 03:40:02.700000
10,5,7,False,7,0.48,8,0.31,6,0.16,1,0.03,4,0.02,9,0 days 03:39:30.900000
10,8,2,False,2,0.63,6,0.33,7,0.04,0,0.0,3,0.0,9,0 days 04:10:18.500000
10,8,7,False,7,0.63,8,0.25,2,0.06,1,0.05,0,0.01,2,0 days 03:34:41.500000
10,8,0,False,0,0.86,8,0.11,1,0.03,2,0.0,4,0.0,2,0 days 03:35:18.100000
10,3,6,False,6,0.6,1,0.21,2,0.09,3,0.08,4,0.01,4,0 days 00:40:31.600000
10,8,6,False,6,0.67,2,0.25,1,0.08,0,0.0,3,0.0,9,0 days 05:59:38.500000
10,2,8,False,8,0.61,0,0.28,2,0.1,4,0.01,3,0.0,3,0 days 03:42:28.300000
10,4,0,False,0,0.56,2,0.24,7,0.16,6,0.03,1,0.01,8,0 days 03:36:08.100000
10,3,3,True,3,0.87,1,0.08633333333333333,7,0.04366666666666667,0,0.0,2,0.0,1,0 days 00:54:07.200000
10,3,3,True,3,0.73,1,0.1375,7,0.10749999999999998,2,0.025,0,0.0,1,0 days 00:54:08.200000
10,1,7,False,7,0.71,8,0.24,2,0.05,1,0.0,3,0.0,4,0 days 04:04:05.100000
10,7,1,False,1,0.62,7,0.2,0,0.18,2,0.0,3,0.0,2,0 days 06:44:41.400000
10,3,1,False,1,0.55,6,0.26,3,0.16,2,0.03,0,0.0,3,0 days 01:21:34.200000
10,3,7,False,7,0.73,1,0.24,8,0.02,4,0.01,3,0.0,5,0 days 03:08:26.800000
10,8,2,False,2,0.63,6,0.28,7,0.09,0,0.0,3,0.0,9,0 days 04:10:14
10,1,8,False,8,0.69,1,0.21,3,0.09,4,0.01,2,0.0,2,0 days 00:54:46
10,1,4,False,4,0.66,1,0.24,7,0.06,0,0.03,2,0.01,2,0 days 02:14:23.100000
10,1,4,False,4,0.66,1,0.27,6,0.04,7,0.03,3,0.0,2,0 days 01:49:35.800000
10,1,1,True,1,0.67,7,0.32,2,0.01,0,0.0,3,0.0,1,0 days 05:51:09.400000
10,7,0,False,0,0.62,2,0.36,5,0.02,1,0.0,3,0.0,8,0 days 06:18:07
10,1,7,False,7,0.63,4,0.23,8,0.12,2,0.02,3,0.0,6,0 days 03:37:25.100000
10,1,3,False,3,0.9,1,0.1,0,0.0,2,0.0,4,0.0,2,0 days 00:53:23.500000
10,7,3,False,3,0.68,2,0.29,1,0.03,0,0.0,4,0.0,8,0 days 00:54:22
10,1,1,True,1,0.63,3,0.37,0,0.0,2,0.0,4,0.0,1,0 days 00:54:11.800000
10,1,2,False,2,0.93,3,0.07,1,0.0,0,0.0,4,0.0,3,0 days 00:23:38.800000
10,7,7,True,7,0.62,2,0.28,0,0.1,1,0.0,3,0.0,1,0 days 04:16:05.100000
10,2,8,False,8,0.6,7,0.27,2,0.09,6,0.03,1,0.01,3,0 days 01:10:05.200000
10,1,3,False,3,0.65,2,0.33,1,0.02,0,0.0,4,0.0,3,0 days 00:54:13.600000
10,3,6,False,6,0.61,1,0.26,4,0.12,7,0.01,3,0.0,5,0 days 02:19:28.100000
10,7,1,False,1,0.94,8,0.03,3,0.02,7,0.01,2,0.0,4,0 days 01:17:29.400000
10,7,2,False,2,0.67,3,0.24,6,0.09,1,0.0,0,0.0,8,0 days 02:12:00.700000
10,2,8,False,8,0.73,4,0.21,3,0.06,1,0.0,2,0.0,5,0 days 00:58:01.100000
10,2,1,False,1,0.64,7,0.2,2,0.16,0,0.0,3,0.0,3,0 days 04:04:58.400000
10,7,3,False,3,0.62,2,0.37,1,0.01,0,0.0,4,0.0,8,0 days 00:53:54.900000
10,2,0,False,0,0.69,2,0.16,1,0.09,4,0.04,7,0.02,2,0 days 04:03:25.800000
10,2,3,False,3,0.71,1,0.19,2,0.07,6,0.02,4,0.01,3,0 days 00:55:35.900000
10,8,3,False,3,0.88,6,0.09,8,0.03,1,0.0,2,0.0,3,0 days 02:38:34
10,8,4,False,4,0.99,8,0.01,2,0.0,0,0.0,3,0.0,2,0 days 03:33:13.800000
10,8,1,False,1,0.67,2,0.28,8,0.04,3,0.01,4,0.0,3,0 days 00:15:21.800000
10,8,1,False,1,0.74,4,0.23,8,0.03,2,0.0,3,0.0,3,0 days 01:55:12
10,8,3,False,3,0.7434999999999999,8,0.1865,4,0.05,6,0.01,1,0.01,2,0 days 01:47:15.200000
10,8,4,False,4,0.81,2,0.08,1,0.07,7,0.04,3,0.0,9,0 days 00:12:06.400000
10,6,1,False,1,0.62,2,0.38,0,0.0,3,0.0,4,0.0,7,0 days 03:20:56.800000
10,8,4,False,4,0.61,3,0.28,1,0.05,6,0.03,8,0.03,5,0 days 02:37:11.400000
10,6,8,False,8,0.68,1,0.29,3,0.02,7,0.01,2,0.0,9,0 days 01:17:48.100000
10,6,1,False,1,0.7,7,0.24,2,0.04,4,0.01,8,0.01,9,0 days 02:42:12.200000
10,4,1,False,1,0.58,2,0.23,7,0.19,0,0.0,3,0.0,6,0 days 03:50:03.700000
10,6,0,False,0,0.59,2,0.27,6,0.09,8,0.04,7,0.01,3,0 days 02:15:22
10,4,2,False,2,0.58,7,0.24,8,0.14,1,0.04,3,0.0,6,0 days 04:32:09.900000
10,4,4,True,4,0.59,6,0.27,8,0.09,2,0.05,3,0.0,1,0 days 02:22:55.800000
10,6,4,False,4,0.72,1,0.26,5,0.02,0,0.0,3,0.0,7,0 days 02:15:55.300000
10,6,0,False,0,0.69,2,0.19,6,0.06,7,0.05,4,0.01,3,0 days 02:31:07.900000
10,6,2,False,2,0.66,4,0.26,1,0.08,0,0.0,3,0.0,7,0 days 01:36:16.400000
10,6,7,False,7,0.86,2,0.09,3,0.05,1,0.0,0,0.0,8,0 days 04:30:11.900000
10,6,7,False,7,0.64,4,0.31,2,0.03,1,0.02,3,0.0,8,0 days 00:12:36.600000
10,6,3,False,3,0.67,2,0.27,8,0.06,1,0.0,4,0.0,7,0 days 02:56:25.700000
10,6,3,False,3,0.64,7,0.27,4,0.09,0,0.0,2,0.0,8,0 days 03:05:50.400000
10,6,3,False,3,0.72,6,0.12,2,0.08,1,0.08,0,0.0,2,0 days 03:13:39
10,6,1,False,1,0.71,6,0.21,2,0.07,3,0.01,0,0.0,2,0 days 01:31:46
10,6,2,False,2,0.76,7,0.21,4,0.03,0,0.0,3,0.0,8,0 days 04:37:13.700000
10,8,4,False,4,0.58,1,0.26,6,0.15,2,0.01,3,0.0,9,0 days 01:26:15.700000
10,8,2,False,2,0.68,6,0.28,8,0.04,1,0.0,3,0.0,3,0 days 01:04:23.400000
10,4,7,False,7,0.64,0,0.174,3,0.106,1,0.06,8,0.02,8,0 days 03:35:25
10,6,4,False,4,0.69,6,0.2,7,0.09,0,0.02,3,0.0,2,0 days 00:28:03
10,4,6,False,6,0.58,8,0.21,3,0.17,2,0.03,1,0.01,8,0 days 01:13:54.500000
10,4,6,False,6,0.59,4,0.37,0,0.04,1,0.0,3,0.0,2,0 days 02:44:28.700000
10,4,2,False,2,0.77,7,0.2,3,0.02,8,0.01,0,0.0,6,0 days 04:00:56.900000
10,4,8,False,8,0.9,2,0.06,7,0.03,4,0.01,3,0.0,4,0 days 03:39:55.100000
10,4,4,True,4,0.62,6,0.27,2,0.08,1,0.02,8,0.01,1,0 days 01:58:33.100000
10,4,4,True,4,0.61,6,0.35,8,0.03,1,0.01,3,0.0,1,0 days 02:00:13.700000
10,4,2,False,2,0.64,4,0.21,7,0.1,1,0.04,0,0.01,2,0 days 03:08:21.300000
10,4,3,False,3,0.7,1,0.21,8,0.08,4,0.01,2,0.0,4,0 days 02:48:34.500000
10,4,1,False,1,0.55,4,0.22,8,0.16,3,0.07,2,0.0,2,0 days 01:54:00.800000
10,4,1,False,1,0.55,7,0.25,8,0.14,4,0.06,3,0.0,4,0 days 02:49:48.800000
10,4,3,False,3,0.62,6,0.27,2,0.11,1,0.0,0,0.0,6,0 days 03:00:42.400000
10,8,7,False,7,0.5616666666666665,8,0.43833333333333335,2,0.0,0,0.0,3,0.0,2,0 days 04:03:50.800000
