fold,true_cluster,predicted_cluster,correct,top1_cluster,top1_confidence,top2_cluster,top2_confidence,top3_cluster,top3_confidence,top4_cluster,top4_confidence,top5_cluster,top5_confidence,true_rank,distance
1,1,4,False,4,0.65,0,0.2,3,0.1,2,0.03,1,0.02,5,0 days 00:54:39.700000
1,3,2,False,2,0.83,6,0.09,4,0.07,3,0.01,0,0.0,4,0 days 04:03:51.500000
1,0,2,False,2,0.69,0,0.23,3,0.08,1,0.0,4,0.0,2,0 days 03:34:44.800000
1,1,1,True,1,0.82,0,0.16,2,0.01,5,0.01,3,0.0,1,0 days 02:18:24.900000
1,2,2,True,2,0.95,3,0.05,1,0.0,0,0.0,4,0.0,1,0 days 00:59:20.700000
1,0,1,False,1,0.82,0,0.16,6,0.01,5,0.01,3,0.0,2,0 days 02:18:32.200000
1,0,2,False,2,0.85,4,0.15,1,0.0,0,0.0,3,0.0,4,0 days 02:12:18.300000
1,0,0,True,0,0.97,2,0.02,3,0.01,1,0.0,4,0.0,1,0 days 03:08:12.300000
1,1,1,True,1,0.71,4,0.25,3,0.04,0,0.0,2,0.0,1,0 days 00:54:27.700000
1,0,2,False,2,0.93,0,0.07,1,0.0,3,0.0,4,0.0,2,0 days 03:39:04.500000
1,1,6,False,6,0.66,4,0.25,1,0.08,2,0.01,3,0.0,3,0 days 02:37:36.100000
1,3,4,False,4,0.64,3,0.33,2,0.03,1,0.0,0,0.0,2,0 days 04:01:44.500000
1,4,0,False,0,0.57,3,0.25,2,0.17,4,0.01,1,0.0,4,0 days 01:07:20.600000
1,4,2,False,2,1.0,0,0.0,1,0.0,3,0.0,4,0.0,5,0 days 02:01:20.600000
1,4,6,False,6,0.67,3,0.23,0,0.07,1,0.03,2,0.0,6,0 days 02:51:09.400000
1,4,3,False,3,0.93,0,0.06,4,0.01,1,0.0,2,0.0,3,0 days 03:10:20.600000
1,3,2,False,2,0.92,0,0.08,1,0.0,3,0.0,4,0.0,4,0 days 04:28:44.200000
1,4,3,False,3,0.61,2,0.39,1,0.0,0,0.0,4,0.0,5,0 days 01:21:33.500000
1,4,3,False,3,0.61,5,0.25,1,0.1,6,0.04,2,0.0,7,0 days 00:27:11.500000
1,2,3,False,3,0.61,4,0.28,2,0.07,0,0.04,1,0.0,3,0 days 01:07:31.100000
1,2,0,False,0,0.63,2,0.25,4,0.12,1,0.0,3,0.0,2,0 days 04:28:31.400000
1,2,3,False,3,0.86,0,0.1,2,0.02,4,0.02,1,0.0,3,0 days 04:01:38.400000
1,2,2,True,2,0.67,0,0.22,4,0.11,1,0.0,3,0.0,1,0 days 04:01:32.200000
1,2,2,True,2,0.81,4,0.11,0,0.08,1,0.0,3,0.0,1,0 days 02:14:43.100000
1,2,2,True,2,0.87,3,0.11,0,0.02,1,0.0,4,0.0,1,0 days 03:34:55.700000
1,2,1,False,1,0.62,2,0.22404761904761902,4,0.15595238095238095,0,0.0,3,0.0,2,0 days 01:20:35.600000
1,1,2,False,2,0.66,1,0.24,6,0.1,0,0.0,3,0.0,2,0 days 00:50:17.300000
1,3,0,False,0,0.52,2,0.33,3,0.15,1,0.0,4,0.0,3,0 days 03:34:58
1,3,3,True,3,0.6,2,0.26,4,0.11,0,0.03,1,0.0,1,0 days 04:55:16.700000
1,0,3,False,3,0.83,2,0.16,4,0.01,1,0.0,0,0.0,5,0 days 05:00:42.900000
1,3,2,False,2,0.9,3,0.07,1,0.03,0,0.0,4,0.0,2,0 days 01:27:25.700000
1,3,2,False,2,0.63,4,0.22,3,0.15,1,0.0,0,0.0,3,0 days 02:48:10.400000
1,0,6,False,6,0.56,2,0.37,3,0.07,1,0.0,0,0.0,5,0 days 03:12:41.400000
1,0,1,False,1,0.6,3,0.34,2,0.06,0,0.0,4,0.0,4,0 days 02:41:05.400000
1,1,2,False,2,0.78,3,0.22,1,0.0,0,0.0,4,0.0,3,0 days 01:05:51.600000
1,1,2,False,2,0.5318333333333333,1,0.4581666666666667,3,0.01,0,0.0,4,0.0,2,0 days 00:53:45.900000
1,4,2,False,2,0.5185952380952381,4,0.48140476190476195,1,0.0,0,0.0,3,0.0,2,0 days 03:34:49.400000
1,0,2,False,2,0.67,3,0.32,4,0.01,1,0.0,0,0.0,5,0 days 01:20:32.400000
1,4,2,False,2,0.61,6,0.20483333333333334,0,0.18516666666666662,1,0.0,3,0.0,6,0 days 01:47:37.200000
1,0,2,False,2,0.99,3,0.01,1,0.0,0,0.0,4,0.0,4,0 days 03:08:04.800000
1,4,4,True,4,0.85,3,0.15,1,0.0,0,0.0,2,0.0,1,0 days 00:55:07.600000
1,4,3,False,3,0.7,6,0.24,2,0.021666666666666664,4,0.02,1,0.018333333333333333,4,0 days 00:54:08.400000
1,4,0,False,0,0.62,3,0.25,2,0.07,1,0.04,4,0.02,5,0 days 02:21:10
1,4,4,True,4,0.78,3,0.21,0,0.01,1,0.0,2,0.0,1,0 days 04:01:29.200000
1,2,3,False,3,0.8398333333333332,4,0.13016666666666668,2,0.016666666666666666,0,0.013333333333333332,1,0.0,3,0 days 03:07:56.100000
1,2,2,True,2,0.93,0,0.07,1,0.0,3,0.0,4,0.0,1,0 days 02:14:20.100000
1,2,2,True,2,0.66,1,0.23,3,0.1,4,0.01,0,0.0,1,0 days 00:54:15.200000
1,5,4,False,4,0.5966666666666667,2,0.2051666666666667,1,0.19816666666666666,0,0.0,3,0.0,6,0 days 00:53:50.800000
1,2,2,True,2,0.73,3,0.21,0,0.06,1,0.0,4,0.0,1,0 days 02:42:17.800000
1,2,0,False,0,0.58,2,0.33,4,0.09,1,0.0,3,0.0,2,0 days 02:30:26.800000
1,2,2,True,2,0.59,1,0.279,3,0.131,0,0.0,4,0.0,1,0 days 00:53:42.500000
1,2,3,False,3,0.58,2,0.39,0,0.03,1,0.0,4,0.0,2,0 days 03:34:56.900000
1,2,2,True,2,0.71,0,0.29,1,0.0,3,0.0,4,0.0,1,0 days 03:39:30.200000
1,2,0,False,0,0.97,2,0.02,3,0.01,1,0.0,4,0.0,2,0 days 03:08:12.800000
1,2,0,False,0,0.6,2,0.38,1,0.02,3,0.0,4,0.0,2,0 days 02:41:08.300000
1,2,1,False,1,0.68,2,0.31,3,0.01,0,0.0,4,0.0,2,0 days 01:20:42.500000
1,2,4,False,4,0.62,2,0.38,1,0.0,0,0.0,3,0.0,2,0 days 01:47:26.100000
1,1,5,False,5,0.58,2,0.36,3,0.05,6,0.01,0,0.0,6,0 days 00:54:13.900000
1,0,3,False,3,0.54,2,0.35,0,0.11,1,0.0,4,0.0,3,0 days 02:17:44.300000
1,3,6,False,6,0.68,2,0.32,1,0.0,0,0.0,3,0.0,5,0 days 03:13:58.300000
1,1,2,False,2,0.65,1,0.25,3,0.1,0,0.0,4,0.0,2,0 days 00:53:59.200000
1,3,2,False,2,0.73,0,0.14,3,0.13,1,0.0,4,0.0,3,0 days 05:22:47.200000
1,1,3,False,3,0.38915873015873026,2,0.3343333333333332,4,0.2765079365079364,1,0.0,0,0.0,4,0 days 00:53:50.300000
1,3,2,False,2,0.97,0,0.03,1,0.0,3,0.0,4,0.0,4,0 days 02:14:21.200000
1,3,4,False,4,0.8215357142857143,3,0.11966666666666667,1,0.05879761904761905,0,0.0,2,0.0,2,0 days 00:53:41.500000
1,3,2,False,2,0.5244999999999999,3,0.3955,4,0.06,5,0.02,0,0.0,2,0 days 02:14:13.500000
1,3,3,True,3,0.68,2,0.31,1,0.01,0,0.0,4,0.0,1,0 days 02:54:20.100000
1,3,3,True,3,0.64,0,0.28,4,0.06,6,0.02,2,0.0,1,0 days 02:20:46.400000
1,3,0,False,0,0.72,3,0.23,2,0.04,4,0.01,1,0.0,2,0 days 02:14:29.900000
1,4,2,False,2,0.99,3,0.01,1,0.0,0,0.0,4,0.0,5,0 days 03:34:46.800000
1,4,2,False,2,0.98,3,0.02,1,0.0,0,0.0,4,0.0,5,0 days 01:21:23.800000
1,2,2,True,2,0.99,4,0.01,1,0.0,0,0.0,3,0.0,1,0 days 03:34:51.100000
1,2,4,False,4,0.88,2,0.12,1,0.0,0,0.0,3,0.0,2,0 days 03:35:38.700000
1,2,2,True,2,0.89,1,0.06,0,0.05,3,0.0,4,0.0,1,0 days 02:14:23.500000
1,2,2,True,2,1.0,0,0.0,1,0.0,3,0.0,4,0.0,1,0 days 04:28:25.900000
1,2,2,True,2,0.64,3,0.18,4,0.18,1,0.0,0,0.0,1,0 days 04:01:42.100000
1,3,2,False,2,0.77,3,0.23,1,0.0,0,0.0,4,0.0,2,0 days 02:47:12.400000
1,3,3,True,3,0.66,6,0.27,2,0.07,1,0.0,0,0.0,1,0 days 03:08:41.400000
1,3,4,False,4,0.63,2,0.35,5,0.01,3,0.01,0,0.0,4,0 days 01:20:40.100000
1,3,2,False,2,0.58,4,0.42,1,0.0,0,0.0,3,0.0,5,0 days 00:54:25.400000
1,2,2,True,2,0.76,3,0.21,0,0.03,1,0.0,4,0.0,1,0 days 02:42:20.300000
1,3,3,True,3,0.78,6,0.17,2,0.04,0,0.01,1,0.0,1,0 days 01:23:10.200000
1,2,2,True,2,0.79,4,0.17,0,0.04,1,0.0,3,0.0,1,0 days 04:28:50.700000
1,1,4,False,4,0.479952380952381,3,0.3900476190476191,1,0.11,0,0.02,2,0.0,3,0 days 00:53:44.600000
1,0,3,False,3,0.71,2,0.29,1,0.0,0,0.0,4,0.0,4,0 days 00:53:52.800000
1,1,1,True,1,0.7,2,0.27,6,0.03,0,0.0,3,0.0,1,0 days 00:36:06
1,0,2,False,2,0.9,1,0.1,0,0.0,3,0.0,4,0.0,3,0 days 01:20:42.800000
1,4,1,False,1,0.88,3,0.08,4,0.04,0,0.0,2,0.0,3,0 days 00:54:30.400000
1,3,2,False,2,0.93,0,0.07,1,0.0,3,0.0,4,0.0,4,0 days 02:14:20.300000
1,1,1,True,1,0.96,2,0.02,0,0.01,3,0.01,4,0.0,1,0 days 00:54:45.600000
1,1,6,False,6,0.66,4,0.3,1,0.03,2,0.01,3,0.0,3,0 days 02:37:08.500000
1,4,2,False,2,0.64,1,0.33,3,0.03,0,0.0,4,0.0,5,0 days 00:53:05.400000
1,4,2,False,2,0.89,6,0.11,1,0.0,0,0.0,3,0.0,6,0 days 00:39:18.900000
1,2,1,False,1,0.6469166666666666,3,0.3030833333333332,2,0.05,0,0.0,4,0.0,3,0 days 00:53:42.700000
1,2,2,True,2,0.9,1,0.09,0,0.01,3,0.0,4,0.0,1,0 days 02:22:37.700000
1,2,4,False,4,0.68,2,0.24,1,0.05,3,0.03,0,0.0,2,0 days 03:00:34.300000
1,2,0,False,0,0.89,2,0.09,1,0.02,3,0.0,4,0.0,2,0 days 03:22:40.400000
1,2,3,False,3,0.64,0,0.21,2,0.14,4,0.01,1,0.0,3,0 days 02:15:02.500000
1,2,6,False,6,0.56,5,0.3,3,0.07,2,0.05,0,0.02,4,0 days 01:48:24.700000
1,2,6,False,6,0.57,2,0.43,1,0.0,0,0.0,3,0.0,2,0 days 01:03:16.700000
1,2,2,True,2,1.0,0,0.0,1,0.0,3,0.0,4,0.0,1,0 days 00:03:23.300000
1,2,2,True,2,0.76,1,0.24,0,0.0,3,0.0,4,0.0,1,0 days 00:14:34.200000
1,2,2,True,2,1.0,0,0.0,1,0.0,3,0.0,4,0.0,1,0 days 00:03:21.100000
1,2,2,True,2,1.0,0,0.0,1,0.0,3,0.0,4,0.0,1,0 days 00:07:02.700000
1,2,2,True,2,0.75,4,0.25,1,0.0,0,0.0,3,0.0,1,0 days 02:16:49.800000
1,2,2,True,2,0.97,6,0.02,3,0.01,1,0.0,0,0.0,1,0 days 01:23:44.300000
1,2,2,True,2,0.66,4,0.23,3,0.07,6,0.04,0,0.0,1,0 days 01:08:26.900000
1,2,2,True,2,1.0,0,0.0,1,0.0,3,0.0,4,0.0,1,0 days 00:43:19.900000
1,2,0,False,0,0.62,2,0.28,4,0.07,3,0.02,1,0.01,2,0 days 00:55:30.400000
1,6,6,True,6,0.62,1,0.28,2,0.08,3,0.02,0,0.0,1,0 days 02:39:42.100000
1,6,3,False,3,0.61,5,0.25,1,0.12,6,0.02,2,0.0,4,0 days 00:27:10.800000
1,6,1,False,1,0.58,6,0.39,3,0.03,0,0.0,2,0.0,2,0 days 00:27:18
1,6,2,False,2,0.99,1,0.01,0,0.0,3,0.0,4,0.0,7,0 days 01:55:28.200000
1,2,3,False,3,0.66,6,0.27,2,0.07,1,0.0,0,0.0,3,0 days 01:23:20.300000
1,5,3,False,3,0.96,1,0.02,4,0.02,0,0.0,2,0.0,6,0 days 00:56:56.800000
1,2,3,False,3,0.62,6,0.29,2,0.09,1,0.0,0,0.0,3,0 days 01:09:46.500000
1,2,2,True,2,0.75,4,0.25,1,0.0,0,0.0,3,0.0,1,0 days 02:16:52.400000
1,2,0,False,0,0.65,2,0.3,4,0.05,1,0.0,3,0.0,2,0 days 01:43:20.700000
1,2,2,True,2,0.78,5,0.19,3,0.02,6,0.01,0,0.0,1,0 days 01:31:04.900000
1,2,2,True,2,0.92,4,0.08,1,0.0,0,0.0,3,0.0,1,0 days 00:19:20.600000
1,2,2,True,2,1.0,0,0.0,1,0.0,3,0.0,4,0.0,1,0 days 00:07:12.500000
1,2,2,True,2,0.89,6,0.11,1,0.0,0,0.0,3,0.0,1,0 days 01:03:37.100000
1,2,2,True,2,0.77,0,0.2,5,0.03,1,0.0,3,0.0,1,0 days 01:58:21.400000
1,2,2,True,2,0.93,1,0.05,6,0.02,0,0.0,3,0.0,1,0 days 00:27:50.700000
1,2,1,False,1,0.94,2,0.06,0,0.0,3,0.0,4,0.0,2,0 days 00:18:31.400000
1,6,2,False,2,0.66,3,0.23,4,0.08,1,0.03,0,0.0,7,0 days 00:55:56.900000
1,2,2,True,2,0.66,4,0.25,1,0.09,0,0.0,3,0.0,1,0 days 00:54:35
1,2,2,True,2,0.5156666666666666,3,0.43433333333333346,5,0.05,1,0.0,0,0.0,1,0 days 00:53:54.900000
1,2,2,True,2,1.0,0,0.0,1,0.0,3,0.0,4,0.0,1,0 days 00:13:04.200000
1,6,6,True,6,0.96,1,0.03,4,0.01,0,0.0,3,0.0,1,0 days 00:23:28.600000
1,6,2,False,2,0.71,1,0.28,0,0.01,3,0.0,4,0.0,7,0 days 02:25:35.300000
1,2,2,True,2,1.0,0,0.0,1,0.0,3,0.0,4,0.0,1,0 days 00:06:51.800000
1,2,2,True,2,1.0,0,0.0,1,0.0,3,0.0,4,0.0,1,0 days 00:06:41.500000
1,2,2,True,2,1.0,0,0.0,1,0.0,3,0.0,4,0.0,1,0 days 00:06:46.600000
1,2,2,True,2,0.99,4,0.01,1,0.0,0,0.0,3,0.0,1,0 days 01:20:46.900000
1,6,6,True,6,0.66,2,0.34,1,0.0,0,0.0,3,0.0,1,0 days 00:14:10.600000
1,2,2,True,2,1.0,0,0.0,1,0.0,3,0.0,4,0.0,1,0 days 00:07:29.900000
1,2,2,True,2,0.89,3,0.09,4,0.02,1,0.0,0,0.0,1,0 days 06:25:28.400000
1,2,6,False,6,0.96,2,0.04,1,0.0,0,0.0,3,0.0,2,0 days 01:24:22.800000
1,2,2,True,2,0.99,1,0.01,0,0.0,3,0.0,4,0.0,1,0 days 01:55:27.100000
2,0,2,False,2,0.8214999999999999,5,0.17850000000000002,1,0.0,0,0.0,3,0.0,4,0 days 04:28:16.700000
2,3,3,True,3,0.56,2,0.44,1,0.0,0,0.0,4,0.0,1,0 days 00:59:39.300000
2,2,0,False,0,0.8,3,0.19,2,0.01,1,0.0,4,0.0,3,0 days 03:07:51.200000
2,2,2,True,2,0.758,3,0.222,4,0.02,1,0.0,0,0.0,1,0 days 01:21:17
2,2,4,False,4,0.87,2,0.13,1,0.0,0,0.0,3,0.0,2,0 days 03:37:03.600000
2,0,0,True,0,0.55,6,0.26,4,0.14,3,0.05,2,0.0,1,0 days 02:52:01.600000
2,1,2,False,2,0.9199999999999998,0,0.08,1,0.0,3,0.0,4,0.0,3,0 days 01:20:38.900000
2,3,3,True,3,0.61,4,0.24,2,0.15,1,0.0,0,0.0,1,0 days 00:53:52.400000
2,2,2,True,2,0.94,4,0.05,0,0.01,1,0.0,3,0.0,1,0 days 03:26:01.900000
2,1,2,False,2,0.96,0,0.02,3,0.01,5,0.01,1,0.0,5,0 days 01:20:42.500000
2,1,3,False,3,0.6713333333333334,4,0.26016666666666666,1,0.06849999999999999,0,0.0,2,0.0,3,0 days 00:53:44.200000
2,0,3,False,3,0.77,2,0.23,1,0.0,0,0.0,4,0.0,4,0 days 04:33:46.800000
2,4,1,False,1,0.77,3,0.2,4,0.03,0,0.0,2,0.0,3,0 days 00:54:28.300000
2,4,4,True,4,0.79,2,0.2,5,0.01,0,0.0,3,0.0,1,0 days 02:13:18.900000
2,4,0,False,0,0.66,1,0.22,4,0.12,2,0.0,3,0.0,3,0 days 00:55:44.600000
2,4,3,False,3,0.6713333333333334,4,0.26016666666666666,1,0.06849999999999999,0,0.0,2,0.0,2,0 days 00:53:43.900000
2,2,3,False,3,0.6,4,0.28,2,0.12,1,0.0,0,0.0,3,0 days 03:35:23.100000
2,2,4,False,4,0.72,2,0.27,0,0.01,1,0.0,3,0.0,2,0 days 03:34:49.800000
2,2,2,True,2,0.68,3,0.18,4,0.14,1,0.0,0,0.0,1,0 days 03:35:21.400000
2,2,2,True,2,0.88,0,0.11,3,0.01,1,0.0,4,0.0,1,0 days 03:34:55
2,2,3,False,3,0.65,2,0.34,0,0.01,1,0.0,4,0.0,2,0 days 02:14:21
2,2,2,True,2,0.97,0,0.03,1,0.0,3,0.0,4,0.0,1,0 days 01:20:43.700000
2,2,0,False,0,0.72,3,0.24,1,0.04,2,0.0,4,0.0,4,0 days 02:41:06.400000
2,2,2,True,2,0.85,0,0.15,1,0.0,3,0.0,4,0.0,1,0 days 02:41:19.700000
2,2,2,True,2,0.78,4,0.22,1,0.0,0,0.0,3,0.0,1,0 days 02:17:04.900000
2,1,2,False,2,0.9,1,0.07,3,0.02,6,0.01,0,0.0,2,0 days 01:35:15.800000
2,3,4,False,4,0.48,3,0.35,2,0.17,1,0.0,0,0.0,2,0 days 04:01:54.100000
2,1,5,False,5,0.68,2,0.28,6,0.04,0,0.0,3,0.0,6,0 days 00:26:50.200000
2,1,1,True,1,0.8075,2,0.1725,4,0.02,0,0.0,3,0.0,1,0 days 00:53:46.100000
2,0,2,False,2,0.9,0,0.09,3,0.01,1,0.0,4,0.0,2,0 days 03:39:56.600000
2,1,1,True,1,0.835,2,0.125,5,0.022000000000000002,4,0.018000000000000002,3,0.0,1,0 days 00:53:51
2,0,2,False,2,0.64,3,0.2,6,0.12,0,0.04,1,0.0,4,0 days 02:43:16.100000
2,1,2,False,2,0.98,0,0.01,3,0.01,1,0.0,4,0.0,4,0 days 02:22:05.400000
2,1,2,False,2,0.65,3,0.27,1,0.07,0,0.01,4,0.0,3,0 days 02:14:24.500000
2,2,2,True,2,0.61,3,0.3,1,0.08,6,0.01,0,0.0,1,0 days 00:56:12.900000
2,2,2,True,2,0.89,4,0.07,0,0.04,1,0.0,3,0.0,1,0 days 01:06:58.900000
2,3,2,False,2,0.98,3,0.01,6,0.01,1,0.0,0,0.0,2,0 days 02:44:18.200000
2,3,2,False,2,0.94,1,0.04,5,0.02,0,0.0,3,0.0,5,0 days 00:53:54.700000
2,3,2,False,2,1.0,0,0.0,1,0.0,3,0.0,4,0.0,4,0 days 00:04:20.900000
2,3,3,True,3,0.68,2,0.29,0,0.03,1,0.0,4,0.0,1,0 days 05:21:53.500000
2,3,3,True,3,0.72,4,0.23,0,0.03,2,0.02,1,0.0,1,0 days 01:20:30.500000
2,3,6,False,6,0.58,2,0.29,4,0.11,1,0.02,3,0.0,5,0 days 00:55:57.100000
2,0,2,False,2,0.61,4,0.23,3,0.16,1,0.0,0,0.0,5,0 days 03:36:08.200000
2,3,2,False,2,0.66,3,0.28,0,0.05,4,0.01,1,0.0,2,0 days 02:41:35.300000
2,2,0,False,0,0.55,2,0.26,3,0.19,1,0.0,4,0.0,2,0 days 05:22:22.600000
2,2,3,False,3,0.7,2,0.25,4,0.05,1,0.0,0,0.0,2,0 days 04:01:35.600000
2,0,2,False,2,0.5045000000000001,0,0.4255,3,0.07,1,0.0,4,0.0,2,0 days 02:41:01.700000
2,4,3,False,3,0.62,2,0.287,0,0.09299999999999999,1,0.0,4,0.0,5,0 days 03:07:56
2,4,2,False,2,1.0,0,0.0,1,0.0,3,0.0,4,0.0,5,0 days 02:16:22.700000
2,4,1,False,1,0.8266666666666667,2,0.15333333333333332,4,0.02,0,0.0,3,0.0,3,0 days 00:53:51.300000
2,4,3,False,3,0.84,4,0.1,1,0.05,2,0.01,0,0.0,2,0 days 00:53:46.600000
2,4,2,False,2,0.86,5,0.1,0,0.03,1,0.01,3,0.0,6,0 days 02:41:21.600000
2,1,3,False,3,0.92,4,0.05,6,0.03,0,0.0,2,0.0,6,0 days 02:49:55.700000
2,0,4,False,4,0.7076666666666668,1,0.1588333333333333,3,0.1335,0,0.0,2,0.0,4,0 days 00:53:44.500000
2,0,3,False,3,0.89,1,0.062333333333333345,4,0.047666666666666656,0,0.0,2,0.0,4,0 days 00:53:48.300000
2,4,1,False,1,0.87,4,0.06,6,0.06,2,0.01,3,0.0,2,0 days 00:34:09.100000
2,4,3,False,3,0.61,0,0.38,2,0.01,1,0.0,4,0.0,5,0 days 03:07:53.500000
2,4,2,False,2,0.77,0,0.23,1,0.0,3,0.0,4,0.0,5,0 days 03:34:48.500000
2,2,2,True,2,1.0,0,0.0,1,0.0,3,0.0,4,0.0,1,0 days 03:34:45.200000
2,2,2,True,2,1.0,0,0.0,1,0.0,3,0.0,4,0.0,1,0 days 03:34:45.600000
2,2,2,True,2,0.89,4,0.1,6,0.01,0,0.0,3,0.0,1,0 days 01:33:42.900000
2,2,3,False,3,0.6239047619047619,1,0.21,4,0.14804761904761907,2,0.018047619047619045,0,0.0,4,0 days 00:53:50.200000
2,2,3,False,3,0.76,2,0.21,4,0.02,0,0.01,1,0.0,2,0 days 03:34:44.300000
2,2,2,True,2,0.7,6,0.17,1,0.13,0,0.0,3,0.0,1,0 days 00:35:18.800000
2,2,0,False,0,0.88,2,0.12,1,0.0,3,0.0,4,0.0,2,0 days 01:47:21.300000
2,2,2,True,2,0.8,0,0.19,4,0.01,1,0.0,3,0.0,1,0 days 03:34:46.200000
2,2,2,True,2,0.9925,4,0.0075,1,0.0,0,0.0,3,0.0,1,0 days 01:47:28.100000
2,2,4,False,4,0.65,2,0.24,3,0.11,1,0.0,0,0.0,2,0 days 01:21:00.600000
2,3,0,False,0,0.62,4,0.29,2,0.09,1,0.0,3,0.0,5,0 days 04:29:24.100000
2,3,3,True,3,0.64,2,0.36,1,0.0,0,0.0,4,0.0,1,0 days 03:35:00.800000
2,3,4,False,4,0.7076666666666668,1,0.1588333333333333,3,0.1335,0,0.0,2,0.0,3,0 days 00:53:44.400000
2,3,1,False,1,0.6768214285714285,2,0.32317857142857137,0,0.0,3,0.0,4,0.0,4,0 days 00:53:42.700000
2,1,2,False,2,0.64,6,0.25,1,0.08,3,0.03,0,0.0,3,0 days 01:28:53.800000
2,3,2,False,2,0.69,6,0.31,1,0.0,0,0.0,3,0.0,5,0 days 01:09:58.300000
2,3,2,False,2,0.94,6,0.06,1,0.0,0,0.0,3,0.0,5,0 days 01:10:34
2,4,2,False,2,0.5124999999999998,4,0.4525000000000001,1,0.035,0,0.0,3,0.0,2,0 days 00:53:45
2,4,2,False,2,0.83,3,0.17,1,0.0,0,0.0,4,0.0,5,0 days 02:55:12.100000
2,4,3,False,3,0.71,2,0.29,1,0.0,0,0.0,4,0.0,5,0 days 04:01:43.900000
2,6,2,False,2,0.98,3,0.02,1,0.0,0,0.0,4,0.0,7,0 days 01:23:28.300000
2,6,6,True,6,0.7,2,0.3,1,0.0,0,0.0,3,0.0,1,0 days 00:14:09.700000
2,2,2,True,2,0.68,6,0.31,1,0.01,0,0.0,3,0.0,1,0 days 00:27:00.600000
2,2,4,False,4,0.7,1,0.25,2,0.05,0,0.0,3,0.0,3,0 days 03:01:23.800000
2,3,2,False,2,0.71,3,0.19,0,0.1,1,0.0,4,0.0,2,0 days 05:22:08.400000
2,2,4,False,4,0.65,2,0.2783333333333334,3,0.07166666666666667,1,0.0,0,0.0,2,0 days 02:14:14.400000
2,5,1,False,1,0.63,2,0.34,3,0.03,0,0.0,4,0.0,6,0 days 00:54:13.800000
2,2,2,True,2,0.69,6,0.28,1,0.03,0,0.0,3,0.0,1,0 days 00:27:01.500000
2,5,1,False,1,0.7,3,0.29,6,0.01,0,0.0,2,0.0,7,0 days 00:27:09.200000
2,3,2,False,2,0.69,3,0.31,1,0.0,0,0.0,4,0.0,2,0 days 00:53:39.300000
2,3,0,False,0,0.6,2,0.32,3,0.06,4,0.02,1,0.0,3,0 days 03:34:36.900000
2,3,2,False,2,0.8,0,0.2,1,0.0,3,0.0,4,0.0,4,0 days 02:41:03.800000
2,0,2,False,2,0.93,4,0.07,1,0.0,0,0.0,3,0.0,4,0 days 02:14:50.400000
2,1,1,True,1,0.58,2,0.42,0,0.0,3,0.0,4,0.0,1,0 days 00:10:27.600000
2,0,2,False,2,0.68,0,0.24,1,0.08,3,0.0,4,0.0,2,0 days 02:41:25.700000
2,2,3,False,3,0.91,4,0.08,2,0.01,1,0.0,0,0.0,3,0 days 03:57:45.200000
2,1,3,False,3,0.6713333333333334,4,0.26016666666666666,1,0.06849999999999999,0,0.0,2,0.0,3,0 days 00:53:44
2,1,3,False,3,0.67,1,0.29,2,0.04,0,0.0,4,0.0,2,0 days 00:53:22.700000
2,4,4,True,4,0.84,1,0.15,2,0.01,0,0.0,3,0.0,1,0 days 00:32:44.400000
2,3,2,False,2,0.7170000000000001,3,0.19,0,0.09299999999999999,1,0.0,4,0.0,2,0 days 03:07:56.100000
2,0,2,False,2,0.69,0,0.27,1,0.04,3,0.0,4,0.0,2,0 days 03:17:12.500000
2,0,4,False,4,0.64,6,0.21,2,0.13,3,0.02,0,0.0,5,0 days 00:58:32.700000
2,4,1,False,1,0.98,6,0.02,2,0.0,0,0.0,3,0.0,6,0 days 00:29:07.700000
2,2,1,False,1,0.67,6,0.29,2,0.04,0,0.0,3,0.0,3,0 days 00:52:14.800000
2,2,5,False,5,0.63,2,0.33,6,0.04,0,0.0,3,0.0,2,0 days 01:25:25.900000
2,2,3,False,3,0.74,2,0.23,0,0.03,1,0.0,4,0.0,2,0 days 02:40:56.500000
2,2,2,True,2,0.69,1,0.27,6,0.04,0,0.0,3,0.0,1,0 days 01:04:45.700000
2,2,2,True,2,1.0,0,0.0,1,0.0,3,0.0,4,0.0,1,0 days 00:05:24.300000
2,2,2,True,2,1.0,0,0.0,1,0.0,3,0.0,4,0.0,1,0 days 00:03:19
2,2,2,True,2,1.0,0,0.0,1,0.0,3,0.0,4,0.0,1,0 days 02:00:40.600000
2,2,2,True,2,0.8,1,0.14,3,0.03,4,0.03,0,0.0,1,0 days 01:14:26.500000
2,2,2,True,2,1.0,0,0.0,1,0.0,3,0.0,4,0.0,1,0 days 00:07:11.700000
2,2,2,True,2,1.0,0,0.0,1,0.0,3,0.0,4,0.0,1,0 days 00:07:08.700000
2,6,2,False,2,0.79,6,0.19,3,0.02,1,0.0,0,0.0,2,0 days 02:43:28.100000
2,2,2,True,2,1.0,0,0.0,1,0.0,3,0.0,4,0.0,1,0 days 00:13:12.900000
2,2,2,True,2,0.51,1,0.49,0,0.0,3,0.0,4,0.0,1,0 days 00:17:12.500000
2,2,2,True,2,0.75,0,0.23,4,0.02,1,0.0,3,0.0,1,0 days 01:43:04.900000
2,2,2,True,2,0.98,4,0.02,1,0.0,0,0.0,3,0.0,1,0 days 00:44:56.100000
2,6,1,False,1,0.91,3,0.08,6,0.01,0,0.0,2,0.0,3,0 days 00:27:08.200000
2,2,2,True,2,0.88,6,0.09,1,0.03,0,0.0,3,0.0,1,0 days 00:16:30.200000
2,2,2,True,2,0.81,6,0.18,3,0.01,1,0.0,0,0.0,1,0 days 01:09:11.100000
2,2,2,True,2,0.98,3,0.02,1,0.0,0,0.0,4,0.0,1,0 days 01:23:29.300000
2,2,6,False,6,0.67,2,0.26,1,0.07,0,0.0,3,0.0,2,0 days 00:51:51.100000
2,2,2,True,2,0.98,4,0.02,1,0.0,0,0.0,3,0.0,1,0 days 00:44:42.400000
2,2,2,True,2,0.59,5,0.27,3,0.07,1,0.06,4,0.01,1,0 days 00:38:22.800000
2,2,2,True,2,0.62,6,0.38,1,0.0,0,0.0,3,0.0,1,0 days 00:48:05.200000
2,2,2,True,2,0.96,4,0.03,6,0.01,0,0.0,3,0.0,1,0 days 00:45:16.900000
2,2,6,False,6,0.9,1,0.07,2,0.03,0,0.0,3,0.0,3,0 days 00:27:32.200000
2,2,2,True,2,0.89,0,0.1,3,0.01,1,0.0,4,0.0,1,0 days 01:17:09.700000
2,2,1,False,1,0.58,0,0.32,6,0.06,2,0.04,3,0.0,4,0 days 02:24:49.400000
2,2,2,True,2,0.98,0,0.01,1,0.01,3,0.0,4,0.0,1,0 days 02:22:57.500000
2,2,2,True,2,1.0,0,0.0,1,0.0,3,0.0,4,0.0,1,0 days 00:07:15.900000
2,6,3,False,3,0.63,2,0.26,0,0.08,4,0.03,1,0.0,7,0 days 01:48:20.200000
2,2,1,False,1,0.63,2,0.37,0,0.0,3,0.0,4,0.0,2,0 days 00:28:03.800000
2,2,2,True,2,0.8,6,0.2,1,0.0,0,0.0,3,0.0,1,0 days 00:14:12.600000
2,6,2,False,2,0.68,1,0.21,4,0.11,0,0.0,3,0.0,7,0 days 01:14:52.400000
2,6,1,False,1,0.79,6,0.2,4,0.01,0,0.0,3,0.0,2,0 days 00:29:24.900000
2,6,6,True,6,0.62,1,0.32,4,0.06,0,0.0,3,0.0,1,0 days 00:29:32.800000
2,2,1,False,1,0.58,2,0.42,0,0.0,3,0.0,4,0.0,2,0 days 00:10:20.800000
2,2,1,False,1,0.7,3,0.15,2,0.11,6,0.04,0,0.0,3,0 days 01:34:35.900000
2,2,2,True,2,1.0,0,0.0,1,0.0,3,0.0,4,0.0,1,0 days 00:07:45.700000
2,2,2,True,2,0.89,1,0.09,6,0.02,0,0.0,3,0.0,1,0 days 00:31:32.600000
3,0,2,False,2,0.92,6,0.06,3,0.02,1,0.0,0,0.0,5,0 days 01:47:49.600000
3,3,3,True,3,0.82,2,0.18,1,0.0,0,0.0,4,0.0,1,0 days 04:28:24.500000
3,3,3,True,3,0.64,2,0.32,6,0.04,1,0.0,0,0.0,1,0 days 00:59:42.100000
3,0,2,False,2,0.97,4,0.03,1,0.0,0,0.0,3,0.0,4,0 days 03:08:00.300000
3,3,4,False,4,0.68,2,0.32,1,0.0,0,0.0,3,0.0,5,0 days 01:07:38.800000
3,2,3,False,3,0.685,0,0.28,1,0.03,2,0.005,4,0.0,4,0 days 02:41:04.900000
3,3,2,False,2,0.96,4,0.03,0,0.01,1,0.0,3,0.0,5,0 days 01:18:21.600000
3,3,4,False,4,0.67,3,0.21,2,0.11,1,0.01,0,0.0,2,0 days 00:54:54.200000
3,4,2,False,2,0.47754761904761905,1,0.40245238095238095,3,0.1,4,0.02,0,0.0,4,0 days 00:53:45.300000
3,0,2,False,2,0.71,4,0.16,0,0.13,1,0.0,3,0.0,3,0 days 03:37:43.700000
3,0,2,False,2,0.9,4,0.1,1,0.0,0,0.0,3,0.0,4,0 days 01:21:44.400000
3,1,2,False,2,0.68,6,0.32,1,0.0,0,0.0,3,0.0,3,0 days 00:52:15.800000
3,4,4,True,4,0.9526666666666667,1,0.037333333333333336,3,0.01,0,0.0,2,0.0,1,0 days 00:53:47.900000
3,3,2,False,2,0.71,0,0.25,3,0.04,1,0.0,4,0.0,3,0 days 04:01:37.700000
3,3,0,False,0,0.63,3,0.35,2,0.01,4,0.01,1,0.0,2,0 days 04:30:28.400000
3,1,2,False,2,0.7,3,0.24100000000000002,1,0.059000000000000004,0,0.0,4,0.0,3,0 days 00:54:01.500000
3,3,4,False,4,0.62,2,0.33,3,0.05,1,0.0,0,0.0,3,0 days 04:02:41.100000
3,3,3,True,3,0.95,0,0.04,2,0.01,1,0.0,4,0.0,1,0 days 04:32:25.900000
3,4,3,False,3,0.71,0,0.24,6,0.02,5,0.02,4,0.01,5,0 days 02:20:25.800000
3,4,2,False,2,0.66,3,0.31,0,0.03,1,0.0,4,0.0,5,0 days 04:01:35.900000
3,4,4,True,4,0.85,2,0.07,5,0.06,3,0.02,0,0.0,1,0 days 00:56:48.800000
3,2,3,False,3,0.99,4,0.01,1,0.0,0,0.0,2,0.0,5,0 days 00:53:39.500000
3,2,3,False,3,0.55,2,0.44,6,0.01,1,0.0,0,0.0,2,0 days 01:47:52.400000
3,2,2,True,2,0.76,3,0.21,4,0.03,1,0.0,0,0.0,1,0 days 05:51:51.700000
3,2,2,True,2,0.99,0,0.01,1,0.0,3,0.0,4,0.0,1,0 days 01:20:45.900000
3,2,2,True,2,0.68,1,0.29,3,0.03,0,0.0,4,0.0,1,0 days 00:54:15.500000
3,2,2,True,2,1.0,0,0.0,1,0.0,3,0.0,4,0.0,1,0 days 03:34:45.300000
3,2,2,True,2,0.7,0,0.27,3,0.03,1,0.0,4,0.0,1,0 days 02:41:15.700000
3,2,2,True,2,0.71,5,0.15,0,0.14,1,0.0,3,0.0,1,0 days 03:07:54.800000
3,2,2,True,2,1.0,0,0.0,1,0.0,3,0.0,4,0.0,1,0 days 01:47:41.800000
3,1,4,False,4,0.5875,1,0.21799999999999997,2,0.19200000000000003,5,0.0025,3,0.0,2,0 days 00:53:51.200000
3,3,4,False,4,0.74,2,0.19,3,0.07,1,0.0,0,0.0,3,0 days 02:48:29.400000
3,1,1,True,1,0.66,4,0.23,3,0.11,0,0.0,2,0.0,1,0 days 00:54:30
3,1,2,False,2,0.58,4,0.32,3,0.1,1,0.0,0,0.0,4,0 days 00:54:07.500000
3,3,2,False,2,0.89,0,0.11,1,0.0,3,0.0,4,0.0,4,0 days 03:41:22.500000
3,1,4,False,4,0.73,1,0.2,0,0.07,2,0.0,3,0.0,2,0 days 00:55:41.900000
3,0,2,False,2,0.88,4,0.12,1,0.0,0,0.0,3,0.0,4,0 days 02:02:37.600000
3,3,2,False,2,0.97,0,0.03,1,0.0,3,0.0,4,0.0,4,0 days 02:42:15.300000
3,2,0,False,0,0.5038571428571429,2,0.45614285714285707,3,0.04,1,0.0,4,0.0,2,0 days 03:34:47.700000
3,3,4,False,4,0.66,5,0.2,3,0.11,2,0.03,0,0.0,3,0 days 00:56:50.900000
3,0,4,False,4,0.58,3,0.34,2,0.05,1,0.01,0,0.01,5,0 days 02:21:06.800000
3,3,1,False,1,0.58,2,0.28,6,0.08,4,0.06,3,0.0,5,0 days 01:34:25.100000
3,0,4,False,4,0.72,3,0.24,2,0.04,1,0.0,0,0.0,5,0 days 03:34:39.800000
3,2,2,True,2,0.61,3,0.34,1,0.05,0,0.0,4,0.0,1,0 days 02:54:26.100000
3,0,2,False,2,0.95,0,0.04,1,0.01,3,0.0,4,0.0,2,0 days 02:14:17.700000
3,2,2,True,2,0.9449999999999998,3,0.03,5,0.025,1,0.0,0,0.0,1,0 days 04:28:21.100000
3,0,2,False,2,1.0,0,0.0,1,0.0,3,0.0,4,0.0,2,0 days 01:57:10.200000
3,1,2,False,2,0.68,1,0.2,0,0.1,4,0.02,3,0.0,2,0 days 01:20:35.900000
3,4,1,False,1,0.66,2,0.22,6,0.1,4,0.02,3,0.0,4,0 days 01:14:57.500000
3,4,2,False,2,0.88,0,0.09,1,0.03,3,0.0,4,0.0,5,0 days 02:41:27.400000
3,4,6,False,6,0.58,2,0.24,0,0.14,3,0.04,1,0.0,6,0 days 04:04:56.400000
3,0,4,False,4,0.61,2,0.39,1,0.0,0,0.0,3,0.0,4,0 days 02:08:46
3,4,2,False,2,0.7,3,0.24100000000000002,1,0.059000000000000004,0,0.0,4,0.0,5,0 days 00:54:01.900000
3,2,1,False,1,0.55,3,0.29,2,0.14,0,0.02,4,0.0,3,0 days 03:11:48.700000
3,3,5,False,5,0.61,4,0.25,3,0.1,2,0.03,1,0.01,3,0 days 00:56:52.400000
3,1,2,False,2,0.72,0,0.19,6,0.09,1,0.0,3,0.0,4,0 days 02:24:42.100000
3,2,2,True,2,0.88,6,0.08,1,0.04,0,0.0,3,0.0,1,0 days 01:55:11.300000
3,3,4,False,4,0.68,2,0.32,1,0.0,0,0.0,3,0.0,5,0 days 01:21:33.600000
3,3,0,False,0,0.59,2,0.19649999999999998,1,0.18350000000000002,4,0.03,3,0.0,5,0 days 00:53:49.300000
3,4,3,False,3,0.82,1,0.15583333333333335,4,0.024166666666666666,0,0.0,2,0.0,3,0 days 00:53:41.200000
3,4,2,False,2,1.0,0,0.0,1,0.0,3,0.0,4,0.0,5,0 days 00:20:11.800000
3,2,2,True,2,0.58,3,0.29,4,0.13,1,0.0,0,0.0,1,0 days 04:02:05
3,2,2,True,2,0.71,0,0.29,1,0.0,3,0.0,4,0.0,1,0 days 03:39:38.400000
3,2,2,True,2,0.81,0,0.19,1,0.0,3,0.0,4,0.0,1,0 days 01:47:23.900000
3,2,1,False,1,0.5933333333333333,3,0.39,4,0.016666666666666666,0,0.0,2,0.0,5,0 days 00:53:40.800000
3,3,3,True,3,0.3375,1,0.33366666666666667,4,0.3188333333333333,2,0.01,0,0.0,1,0 days 00:53:41.900000
3,2,2,True,2,0.95,6,0.05,1,0.0,0,0.0,3,0.0,1,0 days 00:47:31.900000
3,3,4,False,4,0.68,3,0.31,2,0.01,1,0.0,0,0.0,2,0 days 01:20:29.500000
3,5,2,False,2,0.73,6,0.27,1,0.0,0,0.0,3,0.0,7,0 days 01:47:31.400000
3,2,1,False,1,0.6533333333333334,4,0.34666666666666673,2,0.0,0,0.0,3,0.0,3,0 days 00:53:47.600000
3,2,2,True,2,0.6966666666666668,4,0.22,3,0.07333333333333332,5,0.01,0,0.0,1,0 days 02:14:14.800000
3,2,2,True,2,0.64,4,0.22916666666666663,1,0.12583333333333332,3,0.005,0,0.0,1,0 days 00:53:44.800000
3,2,3,False,3,0.63,1,0.27,2,0.1,0,0.0,4,0.0,3,0 days 00:53:45.800000
3,0,2,False,2,0.84,0,0.13,3,0.03,1,0.0,4,0.0,2,0 days 02:41:16
3,1,6,False,6,0.93,1,0.06,4,0.01,0,0.0,3,0.0,2,0 days 00:29:24
3,2,5,False,5,0.4531666666666666,2,0.3968333333333333,0,0.14,3,0.01,1,0.0,2,0 days 04:28:17.900000
3,3,0,False,0,0.68,2,0.3,6,0.02,1,0.0,3,0.0,5,0 days 02:43:09.500000
3,2,3,False,3,0.57,2,0.4,4,0.02,0,0.01,1,0.0,2,0 days 04:28:46.500000
3,2,2,True,2,0.61,6,0.24,1,0.13,3,0.02,0,0.0,1,0 days 01:00:17
3,2,2,True,2,1.0,0,0.0,1,0.0,3,0.0,4,0.0,1,0 days 00:13:54.500000
3,2,4,False,4,0.88,3,0.11,2,0.01,1,0.0,0,0.0,3,0 days 01:20:28.800000
3,0,4,False,4,0.57,2,0.43,1,0.0,0,0.0,3,0.0,4,0 days 01:07:14.800000
3,3,2,False,2,0.9783333333333333,3,0.021666666666666664,1,0.0,0,0.0,4,0.0,2,0 days 01:21:12.700000
3,2,2,True,2,0.97,4,0.03,1,0.0,0,0.0,3,0.0,1,0 days 03:08:00.200000
3,0,2,False,2,0.685,3,0.185,1,0.09,0,0.04,4,0.0,4,0 days 02:41:06.300000
3,1,4,False,4,0.79,1,0.21,2,0.0,0,0.0,3,0.0,2,0 days 00:33:28.600000
3,1,2,False,2,0.55,1,0.44,3,0.01,0,0.0,4,0.0,2,0 days 00:53:46
3,4,2,False,2,0.6,4,0.30083333333333334,1,0.09916666666666667,0,0.0,3,0.0,2,0 days 00:53:45.100000
3,1,1,True,1,0.74,3,0.21,5,0.05,0,0.0,2,0.0,1,0 days 00:37:09.700000
3,4,0,False,0,0.65,2,0.27,4,0.05,1,0.03,3,0.0,3,0 days 00:55:37.800000
3,1,2,False,2,0.99,1,0.01,0,0.0,3,0.0,4,0.0,2,0 days 00:28:09.200000
3,1,6,False,6,0.77,1,0.21,4,0.02,0,0.0,3,0.0,2,0 days 00:29:34.500000
3,4,2,False,2,0.99,3,0.01,1,0.0,0,0.0,4,0.0,5,0 days 03:46:12.800000
3,4,4,True,4,0.77,1,0.19,2,0.04,0,0.0,3,0.0,1,0 days 00:22:24.300000
3,4,3,False,3,0.93,2,0.07,1,0.0,0,0.0,4,0.0,5,0 days 03:34:42.900000
3,4,6,False,6,0.62,2,0.3,4,0.08,0,0.0,3,0.0,3,0 days 01:51:11.800000
3,2,2,True,2,0.85,4,0.15,1,0.0,0,0.0,3,0.0,1,0 days 01:21:27.400000
3,2,2,True,2,0.84,4,0.16,1,0.0,0,0.0,3,0.0,1,0 days 02:16:31.400000
3,2,2,True,2,0.89,6,0.11,1,0.0,0,0.0,3,0.0,1,0 days 00:27:01.400000
3,5,1,False,1,0.73,2,0.24,6,0.03,0,0.0,3,0.0,7,0 days 00:26:49.500000
3,2,4,False,4,0.68,1,0.31,3,0.01,0,0.0,2,0.0,5,0 days 00:53:05.500000
3,2,2,True,2,0.98,3,0.02,1,0.0,0,0.0,4,0.0,1,0 days 00:59:15.600000
3,2,2,True,2,0.99,1,0.01,0,0.0,3,0.0,4,0.0,1,0 days 00:10:45.200000
3,2,2,True,2,1.0,0,0.0,1,0.0,3,0.0,4,0.0,1,0 days 00:07:15.200000
3,2,2,True,2,1.0,0,0.0,1,0.0,3,0.0,4,0.0,1,0 days 00:03:53.600000
3,2,2,True,2,0.73,1,0.26,3,0.01,0,0.0,4,0.0,1,0 days 01:54:20.100000
3,2,2,True,2,0.77,0,0.19,6,0.02,4,0.02,3,0.0,1,0 days 01:51:53.600000
3,2,2,True,2,1.0,0,0.0,1,0.0,3,0.0,4,0.0,1,0 days 00:07:21.800000
3,2,2,True,2,1.0,0,0.0,1,0.0,3,0.0,4,0.0,1,0 days 00:07:01.900000
3,2,2,True,2,1.0,0,0.0,1,0.0,3,0.0,4,0.0,1,0 days 00:07:52.300000
3,6,1,False,1,0.71,3,0.2,2,0.09,0,0.0,4,0.0,7,0 days 01:29:19.900000
3,2,3,False,3,0.67,1,0.24,0,0.09,2,0.0,4,0.0,4,0 days 00:54:43.500000
3,2,2,True,2,0.65,5,0.21,1,0.08,3,0.05,4,0.01,1,0 days 00:38:13.300000
3,6,1,False,1,0.57,6,0.32,2,0.11,0,0.0,3,0.0,2,0 days 03:30:41.600000
3,2,2,True,2,1.0,0,0.0,1,0.0,3,0.0,4,0.0,1,0 days 01:26:25.400000
3,2,2,True,2,0.61,6,0.39,1,0.0,0,0.0,3,0.0,1,0 days 00:30:25
3,2,2,True,2,1.0,0,0.0,1,0.0,3,0.0,4,0.0,1,0 days 00:07:14.600000
3,2,1,False,1,0.55,2,0.45,0,0.0,3,0.0,4,0.0,2,0 days 00:14:18.500000
3,2,2,True,2,0.88,6,0.06,3,0.04,4,0.02,0,0.0,1,0 days 01:49:10.200000
3,2,4,False,4,0.61,2,0.29,3,0.1,1,0.0,0,0.0,2,0 days 02:15:34.600000
3,6,0,False,0,0.56,2,0.42,3,0.02,1,0.0,4,0.0,7,0 days 01:52:10.500000
3,6,2,False,2,0.95,6,0.05,1,0.0,0,0.0,3,0.0,2,0 days 01:04:02.700000
3,6,2,False,2,1.0,0,0.0,1,0.0,3,0.0,4,0.0,7,0 days 01:03:12.700000
3,2,4,False,4,0.68,2,0.23,1,0.08,0,0.01,3,0.0,2,0 days 00:54:48.900000
3,2,2,True,2,0.96,1,0.04,0,0.0,3,0.0,4,0.0,1,0 days 00:14:21.600000
3,6,0,False,0,0.69,2,0.22,3,0.07,1,0.02,4,0.0,7,0 days 03:12:25.300000
3,2,6,False,6,0.97,2,0.03,1,0.0,0,0.0,3,0.0,2,0 days 00:15:09.300000
3,2,6,False,6,0.61,3,0.31,0,0.05,2,0.03,1,0.0,4,0 days 03:14:37.300000
3,2,2,True,2,1.0,0,0.0,1,0.0,3,0.0,4,0.0,1,0 days 01:33:14.100000
3,6,3,False,3,0.63,2,0.29,1,0.08,0,0.0,4,0.0,7,0 days 01:53:17.600000
3,6,1,False,1,0.63,2,0.28,6,0.09,0,0.0,3,0.0,3,0 days 00:49:00.900000
3,2,2,True,2,0.68,4,0.32,1,0.0,0,0.0,3,0.0,1,0 days 02:09:11.100000
3,2,3,False,3,0.54,2,0.29,0,0.16,4,0.01,1,0.0,2,0 days 02:17:27.200000
3,2,2,True,2,0.971,4,0.028999999999999998,1,0.0,0,0.0,3,0.0,1,0 days 01:20:55
3,2,3,False,3,0.67,2,0.3,1,0.03,0,0.0,4,0.0,2,0 days 01:27:27.200000
3,2,4,False,4,0.7,2,0.3,1,0.0,0,0.0,3,0.0,2,0 days 02:15:52.500000
3,2,2,True,2,1.0,0,0.0,1,0.0,3,0.0,4,0.0,1,0 days 00:06:34.600000
3,2,2,True,2,0.66,4,0.34,1,0.0,0,0.0,3,0.0,1,0 days 02:33:37.700000
3,2,2,True,2,0.92,3,0.06,6,0.02,1,0.0,0,0.0,1,0 days 01:47:51.300000
3,2,1,False,1,0.64,0,0.31,2,0.05,3,0.0,4,0.0,3,0 days 03:19:38.800000
4,3,2,False,2,0.83,4,0.13,3,0.04,1,0.0,0,0.0,3,0 days 04:01:35.500000
4,0,2,False,2,0.73,4,0.24,0,0.02,3,0.01,1,0.0,3,0 days 00:55:34.900000
4,0,2,False,2,0.73,4,0.27,1,0.0,0,0.0,3,0.0,4,0 days 02:29:42.200000
4,2,4,False,4,0.6216666666666667,2,0.3783333333333333,1,0.0,0,0.0,3,0.0,2,0 days 01:20:57.700000
4,2,2,True,2,0.69,3,0.29,0,0.02,1,0.0,4,0.0,1,0 days 03:35:05.400000
4,2,2,True,2,0.69,4,0.2,0,0.1,5,0.01,3,0.0,1,0 days 02:41:20.200000
4,1,3,False,3,0.7,6,0.25,2,0.05,1,0.0,0,0.0,4,0 days 00:56:00.600000
4,0,2,False,2,0.7,0,0.22,5,0.08,1,0.0,3,0.0,2,0 days 03:07:55.500000
4,4,6,False,6,0.66,0,0.21,2,0.11,1,0.02,3,0.0,6,0 days 00:58:09.800000
4,4,3,False,3,0.9,2,0.05,4,0.05,1,0.0,0,0.0,3,0 days 03:09:30.100000
4,1,2,False,2,0.98,6,0.02,1,0.0,0,0.0,3,0.0,3,0 days 01:54:39.300000
4,0,3,False,3,0.68,0,0.22,2,0.1,1,0.0,4,0.0,2,0 days 03:34:44.700000
4,1,2,False,2,0.59,3,0.31,5,0.09,1,0.01,0,0.0,4,0 days 00:54:19.500000
4,3,3,True,3,0.89,2,0.11,1,0.0,0,0.0,4,0.0,1,0 days 04:28:23.800000
4,4,1,False,1,0.79,4,0.21,2,0.0,0,0.0,3,0.0,2,0 days 00:53:51.500000
4,2,2,True,2,0.83,0,0.12,1,0.03,3,0.02,4,0.0,1,0 days 02:14:26.500000
4,4,2,False,2,0.62,3,0.38,1,0.0,0,0.0,4,0.0,5,0 days 02:48:15.800000
4,2,1,False,1,0.71,2,0.285,0,0.005,3,0.0,4,0.0,2,0 days 01:20:39
4,2,2,True,2,0.5115,4,0.4885000000000001,1,0.0,0,0.0,3,0.0,1,0 days 01:20:52.500000
4,2,2,True,2,0.74,4,0.26,1,0.0,0,0.0,3,0.0,1,0 days 01:21:24.800000
4,2,2,True,2,0.98,0,0.02,1,0.0,3,0.0,4,0.0,1,0 days 01:47:24.300000
4,2,0,False,0,0.68,2,0.2703333333333333,3,0.04966666666666666,1,0.0,4,0.0,2,0 days 03:34:54.300000
4,2,1,False,1,0.99,4,0.01,2,0.0,0,0.0,3,0.0,3,0 days 00:53:51.100000
4,2,2,True,2,0.69,0,0.27,4,0.04,1,0.0,3,0.0,1,0 days 04:28:34.200000
4,2,2,True,2,1.0,0,0.0,1,0.0,3,0.0,4,0.0,1,0 days 03:34:51.400000
4,2,3,False,3,0.72,2,0.23,0,0.05,1,0.0,4,0.0,2,0 days 02:41:12.900000
4,2,3,False,3,0.93,2,0.07,1,0.0,0,0.0,4,0.0,2,0 days 01:21:06.600000
4,2,2,True,2,0.84,6,0.15,3,0.01,1,0.0,0,0.0,1,0 days 01:23:31.300000
4,2,2,True,2,0.63,3,0.29,4,0.08,1,0.0,0,0.0,1,0 days 04:02:03.100000
4,1,4,False,4,0.58,1,0.3418333333333334,2,0.07816666666666666,0,0.0,3,0.0,2,0 days 00:53:47.400000
4,1,0,False,0,0.67,1,0.25,5,0.08,2,0.0,3,0.0,2,0 days 02:18:38.500000
4,3,2,False,2,0.81,3,0.18,6,0.01,1,0.0,0,0.0,2,0 days 00:56:13.600000
4,0,4,False,4,0.62,3,0.22,2,0.16,1,0.0,0,0.0,5,0 days 04:01:36.700000
4,1,5,False,5,0.73,1,0.17,2,0.1,0,0.0,3,0.0,2,0 days 00:37:47
4,3,1,False,1,0.79,2,0.21,0,0.0,3,0.0,4,0.0,4,0 days 02:14:25
4,3,2,False,2,0.98,0,0.01,6,0.01,1,0.0,3,0.0,5,0 days 01:47:52.200000
4,3,0,False,0,0.55,3,0.36,2,0.09,1,0.0,4,0.0,2,0 days 04:59:24.100000
4,2,3,False,3,0.63,2,0.37,1,0.0,0,0.0,4,0.0,2,0 days 02:42:26.700000
4,2,1,False,1,0.57,5,0.2463333333333333,4,0.137,3,0.028333333333333332,2,0.018333333333333333,5,0 days 00:53:50.700000
4,0,3,False,3,0.74,4,0.16,2,0.1,1,0.0,0,0.0,5,0 days 04:29:26.600000
4,0,2,False,2,0.88,3,0.11,0,0.01,1,0.0,4,0.0,3,0 days 03:35:07.200000
4,1,4,False,4,0.5019999999999999,2,0.48300000000000004,3,0.01,1,0.005,0,0.0,4,0 days 00:53:45.300000
4,2,0,False,0,0.69,2,0.23,3,0.08,1,0.0,4,0.0,2,0 days 03:34:47.600000
4,1,5,False,5,0.64,6,0.21,3,0.09,1,0.04,4,0.02,4,0 days 00:27:09
4,3,2,False,2,0.78,3,0.19,6,0.03,1,0.0,0,0.0,2,0 days 01:48:45.700000
4,0,0,True,0,0.62,6,0.22,3,0.11,4,0.04,1,0.01,1,0 days 02:52:30.300000
4,4,2,False,2,0.98,1,0.02,0,0.0,3,0.0,4,0.0,5,0 days 01:20:35.100000
4,2,4,False,4,0.62,2,0.22,3,0.13,0,0.03,1,0.0,2,0 days 02:14:32.900000
4,4,2,False,2,0.89,4,0.11,1,0.0,0,0.0,3,0.0,2,0 days 03:35:33.200000
4,4,2,False,2,0.71,6,0.19,3,0.1,1,0.0,0,0.0,6,0 days 00:55:54.600000
4,4,2,False,2,0.64,4,0.26,0,0.1,1,0.0,3,0.0,2,0 days 02:11:49
4,4,4,True,4,0.98,1,0.015,2,0.005,0,0.0,3,0.0,1,0 days 00:53:47.900000
4,1,4,False,4,0.98,0,0.01,3,0.01,1,0.0,2,0.0,4,0 days 00:53:48
4,4,2,False,2,0.7,4,0.26,0,0.04,1,0.0,3,0.0,2,0 days 03:37:20
4,2,4,False,4,0.62,3,0.36,2,0.02,1,0.0,0,0.0,3,0 days 03:34:44
4,2,4,False,4,0.6,2,0.35,6,0.05,0,0.0,3,0.0,2,0 days 03:27:56.300000
4,2,2,True,2,0.7045,3,0.2855,0,0.01,1,0.0,4,0.0,1,0 days 03:34:56.300000
4,2,2,True,2,0.6,4,0.35,0,0.05,1,0.0,3,0.0,1,0 days 01:48:04.400000
4,3,0,False,0,0.66,4,0.26,2,0.08,1,0.0,3,0.0,5,0 days 03:34:40
4,3,3,True,3,0.91,0,0.07,2,0.02,1,0.0,4,0.0,1,0 days 04:32:48.600000
4,1,1,True,1,0.67,0,0.33,2,0.0,3,0.0,4,0.0,1,0 days 02:18:19.400000
4,3,1,False,1,0.65,3,0.3,2,0.05,0,0.0,4,0.0,2,0 days 00:53:30.300000
4,2,3,False,3,0.57,2,0.3,6,0.13,1,0.0,0,0.0,2,0 days 02:44:03.500000
4,2,0,False,0,0.91,2,0.08,3,0.01,1,0.0,4,0.0,2,0 days 03:34:40.800000
4,3,0,False,0,0.69,3,0.22,2,0.09,1,0.0,4,0.0,2,0 days 02:40:59.700000
4,1,1,True,1,0.73,3,0.22,2,0.05,0,0.0,4,0.0,1,0 days 00:53:58.900000
4,3,4,False,4,0.8,3,0.14,1,0.06,0,0.0,2,0.0,2,0 days 00:53:46.600000
4,3,4,False,4,0.44666666666666655,2,0.41333333333333344,3,0.14,1,0.0,0,0.0,3,0 days 00:53:45.400000
4,3,0,False,0,0.8333333333333333,2,0.15666666666666665,3,0.01,1,0.0,4,0.0,3,0 days 02:41:00.800000
4,0,5,False,5,0.57,0,0.31,1,0.09,6,0.03,3,0.0,2,0 days 02:19:03.300000
4,3,6,False,6,0.62,1,0.22,2,0.16,0,0.0,3,0.0,5,0 days 01:29:58.700000
4,2,3,False,3,0.61,0,0.28,2,0.11,1,0.0,4,0.0,3,0 days 02:41:03.800000
4,2,2,True,2,0.69,3,0.22,1,0.09,0,0.0,4,0.0,1,0 days 01:05:33.700000
4,0,6,False,6,0.67,2,0.25,4,0.08,0,0.0,3,0.0,4,0 days 01:47:38.200000
4,4,2,False,2,0.65,1,0.31,3,0.04,0,0.0,4,0.0,5,0 days 00:54:17.800000
4,4,4,True,4,0.6,3,0.1991666666666667,2,0.19083333333333333,1,0.01,0,0.0,1,0 days 00:53:49.800000
4,4,2,False,2,0.7,4,0.28,6,0.02,0,0.0,3,0.0,2,0 days 01:50:47
4,2,1,False,1,0.7,2,0.18,3,0.12,0,0.0,4,0.0,2,0 days 00:53:59.400000
4,2,2,True,2,1.0,0,0.0,1,0.0,3,0.0,4,0.0,1,0 days 00:43:42.800000
4,2,4,False,4,0.72,3,0.27,5,0.01,0,0.0,2,0.0,5,0 days 00:56:42.500000
4,2,2,True,2,0.5501666666666668,4,0.44983333333333325,1,0.0,0,0.0,3,0.0,1,0 days 01:47:26.200000
4,3,2,False,2,1.0,0,0.0,1,0.0,3,0.0,4,0.0,4,0 days 00:11:04.500000
4,0,2,False,2,0.65,0,0.34,4,0.01,1,0.0,3,0.0,2,0 days 04:16:07.500000
4,0,2,False,2,0.77,0,0.22,6,0.01,1,0.0,3,0.0,2,0 days 03:16:44.300000
4,3,4,False,4,0.62,6,0.23,3,0.08,2,0.0425,1,0.0275,3,0 days 00:54:08.200000
4,3,3,True,3,0.5297380952380951,4,0.3927619047619047,2,0.07083333333333333,0,0.006666666666666666,1,0.0,1,0 days 03:07:55.800000
4,2,0,False,0,0.69,6,0.16,4,0.09,3,0.05,5,0.01,7,0 days 03:08:35.100000
4,2,2,True,2,0.64,0,0.23,3,0.13,1,0.0,4,0.0,1,0 days 03:34:59.500000
4,3,3,True,3,0.69,4,0.31,1,0.0,0,0.0,2,0.0,1,0 days 04:01:28.100000
4,3,1,False,1,0.67,5,0.28,2,0.05,0,0.0,3,0.0,5,0 days 00:37:34.100000
4,1,6,False,6,0.7,4,0.27,3,0.02,5,0.01,2,0.0,6,0 days 00:27:17.600000
4,3,2,False,2,0.74,3,0.24,0,0.01,6,0.01,1,0.0,2,0 days 03:08:45.600000
4,1,2,False,2,0.68,1,0.31,4,0.01,0,0.0,3,0.0,2,0 days 00:28:48.800000
4,4,2,False,2,0.68,0,0.18,4,0.14,1,0.0,3,0.0,3,0 days 02:12:45.800000
4,1,3,False,3,0.81,2,0.19,1,0.0,0,0.0,4,0.0,3,0 days 00:53:36.400000
4,4,3,False,3,0.4761666666666666,2,0.4338333333333334,1,0.06,4,0.03,0,0.0,4,0 days 00:53:50
4,4,2,False,2,0.96,0,0.03,3,0.01,1,0.0,4,0.0,5,0 days 01:06:47.800000
4,4,3,False,3,0.63,4,0.27,2,0.1,1,0.0,0,0.0,2,0 days 00:55:09.900000
4,0,4,False,4,0.71,2,0.18,0,0.11,1,0.0,3,0.0,3,0 days 03:08:15.500000
4,2,1,False,1,0.72,2,0.28,0,0.0,3,0.0,4,0.0,2,0 days 00:28:31.800000
4,2,5,False,5,0.61,4,0.16,2,0.12,1,0.07,0,0.04,3,0 days 02:41:23
4,2,2,True,2,0.68,6,0.27,4,0.03,0,0.02,3,0.0,1,0 days 01:51:36.100000
4,2,2,True,2,1.0,0,0.0,1,0.0,3,0.0,4,0.0,1,0 days 01:33:31.800000
4,2,2,True,2,1.0,0,0.0,1,0.0,3,0.0,4,0.0,1,0 days 00:03:31
4,2,2,True,2,1.0,0,0.0,1,0.0,3,0.0,4,0.0,1,0 days 00:03:14.500000
4,5,2,False,2,1.0,0,0.0,1,0.0,3,0.0,4,0.0,6,0 days 02:00:07.700000
4,2,2,True,2,1.0,0,0.0,1,0.0,3,0.0,4,0.0,1,0 days 00:03:21
4,2,2,True,2,1.0,0,0.0,1,0.0,3,0.0,4,0.0,1,0 days 00:11:02.700000
4,2,2,True,2,0.84,6,0.15,3,0.01,1,0.0,0,0.0,1,0 days 01:23:33.200000
4,2,3,False,3,0.82,2,0.18,1,0.0,0,0.0,4,0.0,2,0 days 01:21:10.300000
4,2,2,True,2,1.0,0,0.0,1,0.0,3,0.0,4,0.0,1,0 days 00:07:18.900000
4,2,2,True,2,0.96,6,0.04,1,0.0,0,0.0,3,0.0,1,0 days 00:47:54.600000
4,2,6,False,6,0.7,2,0.3,1,0.0,0,0.0,3,0.0,2,0 days 00:15:30.800000
4,2,2,True,2,1.0,0,0.0,1,0.0,3,0.0,4,0.0,1,0 days 00:08:03.400000
4,2,2,True,2,1.0,0,0.0,1,0.0,3,0.0,4,0.0,1,0 days 00:08:09
4,2,2,True,2,0.8,1,0.17,4,0.03,0,0.0,3,0.0,1,0 days 02:06:02.800000
4,6,6,True,6,0.7,4,0.27,3,0.02,2,0.01,0,0.0,1,0 days 00:27:20.800000
4,2,2,True,2,0.89,1,0.1,3,0.01,0,0.0,4,0.0,1,0 days 01:54:14
4,2,1,False,1,0.7,2,0.22,4,0.04,0,0.03,3,0.01,2,0 days 02:21:50.400000
4,2,2,True,2,0.96,0,0.03,3,0.01,1,0.0,4,0.0,1,0 days 01:06:41.600000
4,2,1,False,1,0.72,2,0.28,0,0.0,3,0.0,4,0.0,2,0 days 00:28:34.500000
4,2,2,True,2,0.7,1,0.29,4,0.01,0,0.0,3,0.0,1,0 days 00:28:38.500000
4,2,2,True,2,0.69,3,0.22,1,0.09,0,0.0,4,0.0,1,0 days 01:05:28.800000
4,5,2,False,2,1.0,0,0.0,1,0.0,3,0.0,4,0.0,6,0 days 01:31:14.900000
4,6,6,True,6,0.58,2,0.41,1,0.01,0,0.0,3,0.0,1,0 days 00:30:54.900000
4,2,3,False,3,0.57,4,0.41,2,0.02,1,0.0,0,0.0,3,0 days 00:54:25.500000
4,2,6,False,6,0.76,2,0.24,1,0.0,0,0.0,3,0.0,2,0 days 00:14:08.600000
4,2,2,True,2,0.75,3,0.25,1,0.0,0,0.0,4,0.0,1,0 days 00:11:56.300000
4,6,1,False,1,0.67,2,0.24,6,0.08,4,0.01,3,0.0,3,0 days 00:52:25.400000
4,6,2,False,2,0.95,4,0.04,1,0.01,0,0.0,3,0.0,7,0 days 01:46:01.700000
4,2,2,True,2,1.0,0,0.0,1,0.0,3,0.0,4,0.0,1,0 days 00:07:03.600000
4,2,2,True,2,1.0,0,0.0,1,0.0,3,0.0,4,0.0,1,0 days 00:07:10.200000
4,6,6,True,6,0.7,4,0.27,3,0.02,5,0.01,2,0.0,1,0 days 00:27:14.900000
4,6,6,True,6,0.7,2,0.3,1,0.0,0,0.0,3,0.0,1,0 days 00:15:34.600000
4,6,2,False,2,0.81,6,0.19,1,0.0,0,0.0,3,0.0,2,0 days 00:15:13.400000
4,6,6,True,6,0.6,2,0.4,1,0.0,0,0.0,3,0.0,1,0 days 00:15:07.600000
4,2,2,True,2,0.72,1,0.28,0,0.0,3,0.0,4,0.0,1,0 days 00:10:00.400000
4,2,6,False,6,0.58,2,0.41,1,0.01,0,0.0,3,0.0,2,0 days 00:30:55.400000
4,2,2,True,2,0.87,6,0.08,1,0.05,0,0.0,3,0.0,1,0 days 00:31:15.400000
4,2,3,False,3,0.57,2,0.3,6,0.13,1,0.0,0,0.0,2,0 days 02:44:11.600000
5,2,2,True,2,0.91,3,0.08,6,0.01,1,0.0,0,0.0,1,0 days 02:42:17.900000
5,0,2,False,2,0.92,3,0.08,1,0.0,0,0.0,4,0.0,4,0 days 03:34:58.800000
5,3,6,False,6,0.63,3,0.28,2,0.06,0,0.03,1,0.0,2,0 days 02:41:55
5,0,3,False,3,0.69,2,0.23,4,0.08,1,0.0,0,0.0,5,0 days 03:10:56.400000
5,3,6,False,6,0.7,2,0.24,1,0.05,0,0.01,3,0.0,5,0 days 01:53:18.500000
5,3,4,False,4,0.67,3,0.31,2,0.02,1,0.0,0,0.0,2,0 days 03:10:25
5,2,3,False,3,0.65,2,0.34,6,0.01,1,0.0,0,0.0,2,0 days 02:46:47.700000
5,3,2,False,2,0.62,0,0.38,1,0.0,3,0.0,4,0.0,4,0 days 03:08:08
5,4,2,False,2,0.77,0,0.21,6,0.02,1,0.0,3,0.0,6,0 days 02:29:01.700000
5,3,3,True,3,0.99,0,0.01,1,0.0,2,0.0,4,0.0,1,0 days 04:31:52
5,2,2,True,2,0.75,3,0.22,0,0.03,1,0.0,4,0.0,1,0 days 03:42:28.200000
5,4,4,True,4,0.61,1,0.27,2,0.07,6,0.05,3,0.0,1,0 days 01:15:16
5,1,1,True,1,0.88,5,0.11,3,0.01,0,0.0,2,0.0,1,0 days 00:53:53.900000
5,4,2,False,2,1.0,0,0.0,1,0.0,3,0.0,4,0.0,5,0 days 01:20:50.300000
5,1,2,False,2,0.99,6,0.01,1,0.0,0,0.0,3,0.0,3,0 days 03:11:41.400000
5,4,4,True,4,0.57,2,0.37,3,0.06,1,0.0,0,0.0,1,0 days 02:56:20
5,4,1,False,1,0.8126666666666668,2,0.15733333333333335,4,0.03,0,0.0,3,0.0,3,0 days 00:53:47.500000
5,2,2,True,2,0.96,3,0.04,1,0.0,0,0.0,4,0.0,1,0 days 04:28:25.300000
5,2,4,False,4,0.58,2,0.36,1,0.06,0,0.0,3,0.0,2,0 days 01:20:35.100000
5,2,1,False,1,0.99,3,0.01,0,0.0,2,0.0,4,0.0,4,0 days 00:53:46
5,2,5,False,5,0.55,2,0.29,0,0.14,3,0.02,1,0.0,2,0 days 04:28:18.600000
5,2,2,True,2,0.98,4,0.02,1,0.0,0,0.0,3,0.0,1,0 days 01:47:40.400000
5,2,0,False,0,0.63,2,0.19116666666666668,1,0.17883333333333332,3,0.0,4,0.0,2,0 days 01:20:42.700000
5,2,2,True,2,0.99,0,0.01,1,0.0,3,0.0,4,0.0,1,0 days 01:20:44.600000
5,2,1,False,1,0.4604999999999999,2,0.3995,0,0.1,3,0.04,4,0.0,2,0 days 01:20:42.200000
5,2,2,True,2,0.62,0,0.38,1,0.0,3,0.0,4,0.0,1,0 days 03:08:07.400000
5,2,4,False,4,0.88,2,0.09,3,0.03,1,0.0,0,0.0,2,0 days 03:35:27.700000
5,2,2,True,2,0.84,1,0.11,0,0.03,3,0.02,4,0.0,1,0 days 02:14:23.700000
5,1,2,False,2,0.59,4,0.37,3,0.02,0,0.02,1,0.0,5,0 days 00:55:27.600000
5,1,1,True,1,0.6866666666666668,4,0.29,6,0.02,2,0.003333333333333333,3,0.0,1,0 days 00:54:09.700000
5,3,3,True,3,0.68,2,0.16,4,0.16,1,0.0,0,0.0,1,0 days 04:01:47.100000
5,1,4,False,4,0.66,3,0.33,2,0.006666666666666666,1,0.003333333333333333,0,0.0,4,0 days 00:54:05.200000
5,2,1,False,1,0.82,0,0.17,3,0.01,2,0.0,4,0.0,4,0 days 00:53:49.100000
5,2,2,True,2,0.65,6,0.23,1,0.1,4,0.02,3,0.0,1,0 days 00:35:16.600000
5,3,2,False,2,0.64,4,0.29,0,0.07,1,0.0,3,0.0,5,0 days 00:55:28.800000
5,3,2,False,2,0.86,4,0.1,3,0.04,1,0.0,0,0.0,3,0 days 03:34:44.200000
5,3,2,False,2,0.6,4,0.37,3,0.03,1,0.0,0,0.0,3,0 days 00:56:40.300000
5,3,3,True,3,0.68,4,0.19,2,0.12,0,0.01,1,0.0,1,0 days 00:53:52.400000
5,0,2,False,2,0.99,0,0.01,1,0.0,3,0.0,4,0.0,2,0 days 02:41:18.700000
5,3,1,False,1,0.66,0,0.28,2,0.04,3,0.02,4,0.0,4,0 days 02:41:05.900000
5,0,3,False,3,0.87,0,0.08,2,0.05,1,0.0,4,0.0,2,0 days 02:14:29.700000
5,3,2,False,2,0.93,1,0.05,0,0.01,4,0.01,3,0.0,5,0 days 03:02:16.200000
5,2,2,True,2,0.77,3,0.19,0,0.02,6,0.02,1,0.0,1,0 days 01:47:51.200000
5,4,3,False,3,0.4663333333333333,2,0.41366666666666674,1,0.12,0,0.0,4,0.0,5,0 days 00:53:50.400000
5,1,3,False,3,0.77,5,0.19,4,0.04,0,0.0,2,0.0,6,0 days 00:57:03.300000
5,1,2,False,2,0.5941666666666666,5,0.19233333333333336,4,0.12766666666666665,3,0.06583333333333333,1,0.02,5,0 days 00:53:50.700000
5,1,6,False,6,0.59,1,0.25,5,0.07,3,0.07,2,0.02,2,0 days 00:27:07.700000
5,4,2,False,2,0.97,6,0.02,1,0.01,0,0.0,3,0.0,6,0 days 03:28:13.700000
5,4,2,False,2,0.83,4,0.11,3,0.06,1,0.0,0,0.0,2,0 days 03:35:44.600000
5,4,1,False,1,0.84,3,0.09083333333333334,4,0.06916666666666665,0,0.0,2,0.0,3,0 days 00:53:46.300000
5,4,0,False,0,0.67,3,0.29,2,0.04,1,0.0,4,0.0,5,0 days 03:34:39.700000
5,4,2,False,2,0.91,4,0.08,5,0.01,0,0.0,3,0.0,2,0 days 01:41:24.500000
5,2,2,True,2,0.86,3,0.14,1,0.0,0,0.0,4,0.0,1,0 days 04:28:21.700000
5,2,3,False,3,0.76,2,0.21,4,0.02,0,0.01,1,0.0,2,0 days 04:01:35.300000
5,2,3,False,3,0.74,0,0.26,1,0.0,2,0.0,4,0.0,4,0 days 04:34:49.900000
5,2,2,True,2,0.64,4,0.27,0,0.09,1,0.0,3,0.0,1,0 days 04:01:32.600000
5,2,2,True,2,0.66,4,0.33,6,0.01,0,0.0,3,0.0,1,0 days 01:49:35.200000
5,2,0,False,0,0.83,3,0.11,2,0.06,1,0.0,4,0.0,3,0 days 03:34:44.900000
5,2,2,True,2,1.0,0,0.0,1,0.0,3,0.0,4,0.0,1,0 days 03:34:46.200000
5,2,2,True,2,0.64,0,0.26,3,0.1,1,0.0,4,0.0,1,0 days 03:08:03.700000
5,2,2,True,2,0.8686666666666667,4,0.13133333333333336,1,0.0,0,0.0,3,0.0,1,0 days 01:47:27.100000
5,2,6,False,6,0.66,2,0.33,3,0.01,1,0.0,0,0.0,2,0 days 01:48:59.200000
5,3,1,False,1,0.66,4,0.31833333333333336,3,0.021666666666666664,0,0.0,2,0.0,3,0 days 00:53:44
5,1,2,False,2,0.98,1,0.02,0,0.0,3,0.0,4,0.0,2,0 days 00:14:23.200000
5,3,4,False,4,0.64,2,0.2305,3,0.10950000000000001,0,0.02,1,0.0,3,0 days 03:07:56
5,3,6,False,6,0.65,4,0.28,3,0.05,1,0.010666666666666666,2,0.009333333333333334,3,0 days 00:54:08.700000
5,3,1,False,1,0.5451190476190476,4,0.4048809523809524,0,0.04,3,0.01,2,0.0,4,0 days 00:53:44.600000
5,0,2,False,2,1.0,0,0.0,1,0.0,3,0.0,4,0.0,2,0 days 03:34:46.100000
5,1,1,True,1,0.6866666666666668,4,0.29,6,0.02,2,0.003333333333333333,3,0.0,1,0 days 00:54:10
5,2,1,False,1,0.6448571428571428,2,0.33,4,0.01742857142857143,3,0.0077142857142857135,0,0.0,2,0 days 00:53:42.300000
5,1,6,False,6,0.98,4,0.02,0,0.0,1,0.0,3,0.0,4,0 days 00:23:12.700000
5,3,2,False,2,0.68,0,0.25,4,0.06,3,0.01,1,0.0,4,0 days 03:07:44.100000
5,3,6,False,6,0.66,2,0.29,3,0.05,1,0.0,0,0.0,3,0 days 01:48:56.300000
5,2,2,True,2,0.95,6,0.03,5,0.02,0,0.0,3,0.0,1,0 days 01:47:30.600000
5,1,2,False,2,0.84,6,0.11,3,0.05,1,0.0,0,0.0,4,0 days 01:00:39.400000
5,4,3,False,3,0.73,4,0.26,2,0.01,1,0.0,0,0.0,2,0 days 00:55:21.200000
5,0,2,False,2,1.0,0,0.0,1,0.0,3,0.0,4,0.0,2,0 days 01:43:25.900000
5,4,3,False,3,0.67,4,0.18,2,0.13,1,0.02,0,0.0,2,0 days 00:54:52.400000
5,4,3,False,3,0.61,0,0.3,2,0.09,1,0.0,4,0.0,5,0 days 03:34:39.300000
5,4,1,False,1,0.6,2,0.35,4,0.05,0,0.0,3,0.0,3,0 days 00:53:44.900000
5,4,2,False,2,0.6883333333333335,5,0.22,3,0.08166666666666667,4,0.01,0,0.0,4,0 days 02:13:51.500000
5,2,2,True,2,0.91,3,0.09,1,0.0,0,0.0,4,0.0,1,0 days 06:15:41.800000
5,2,2,True,2,1.0,0,0.0,1,0.0,3,0.0,4,0.0,1,0 days 04:28:26.200000
5,2,3,False,3,0.97,4,0.03,1,0.0,0,0.0,2,0.0,5,0 days 04:55:19.200000
5,2,1,False,1,0.88,5,0.11,3,0.01,0,0.0,2,0.0,5,0 days 00:53:53.800000
5,2,0,False,0,0.68,2,0.25,4,0.07,1,0.0,3,0.0,2,0 days 03:09:07.800000
5,2,0,False,0,0.98,2,0.02,1,0.0,3,0.0,4,0.0,2,0 days 02:14:18.300000
5,2,3,False,3,0.62,2,0.28,1,0.1,0,0.0,4,0.0,2,0 days 01:05:41.700000
5,0,3,False,3,0.63,0,0.29,4,0.06,2,0.01,5,0.01,2,0 days 03:07:53.800000
5,3,2,False,2,0.73,3,0.27,1,0.0,0,0.0,4,0.0,2,0 days 01:21:06.600000
5,2,4,False,4,0.6,1,0.31,2,0.06,3,0.03,0,0.0,3,0 days 00:54:17.300000
5,0,2,False,2,0.69,3,0.28,0,0.03,1,0.0,4,0.0,3,0 days 03:34:37.900000
5,2,2,True,2,0.86,0,0.07,4,0.05,3,0.02,1,0.0,1,0 days 03:36:24.100000
5,5,1,False,1,0.64,3,0.31,4,0.05,0,0.0,2,0.0,6,0 days 00:54:20.400000
5,2,4,False,4,0.87,2,0.12,1,0.01,0,0.0,3,0.0,2,0 days 00:21:58.100000
5,2,3,False,3,0.5,2,0.48,0,0.02,1,0.0,4,0.0,2,0 days 02:14:20.400000
5,1,0,False,0,0.57,1,0.28,2,0.13,4,0.02,3,0.0,2,0 days 01:20:36.200000
5,0,2,False,2,0.9,1,0.09,0,0.01,3,0.0,4,0.0,3,0 days 01:20:38
5,0,0,True,0,0.78,1,0.22,2,0.0,3,0.0,4,0.0,1,0 days 02:18:03.100000
5,3,2,False,2,0.93,3,0.07,1,0.0,0,0.0,4,0.0,2,0 days 00:11:32.900000
5,3,3,True,3,0.92,2,0.08,1,0.0,0,0.0,4,0.0,1,0 days 01:23:09.800000
5,0,2,False,2,0.7,0,0.3,1,0.0,3,0.0,4,0.0,2,0 days 02:41:02.100000
5,1,4,False,4,0.93,6,0.07,0,0.0,1,0.0,3,0.0,4,0 days 00:22:35.100000
5,4,3,False,3,0.68,2,0.16,4,0.16,1,0.0,0,0.0,3,0 days 04:01:47.400000
5,1,6,False,6,0.64,4,0.24,1,0.12,0,0.0,3,0.0,3,0 days 00:29:49.100000
5,0,2,False,2,0.98,1,0.01,4,0.01,0,0.0,3,0.0,4,0 days 01:16:32.300000
5,2,2,True,2,0.7,3,0.23,6,0.06,4,0.01,0,0.0,1,0 days 02:46:31.400000
5,2,2,True,2,0.67,4,0.33,1,0.0,0,0.0,3,0.0,1,0 days 01:49:39.900000
5,2,2,True,2,0.89,1,0.1,0,0.01,3,0.0,4,0.0,1,0 days 01:20:37.900000
5,2,2,True,2,1.0,0,0.0,1,0.0,3,0.0,4,0.0,1,0 days 00:07:30.200000
5,2,2,True,2,0.99,4,0.01,1,0.0,0,0.0,3,0.0,1,0 days 00:20:43.500000
5,2,2,True,2,1.0,0,0.0,1,0.0,3,0.0,4,0.0,1,0 days 00:06:36.900000
5,2,2,True,2,1.0,0,0.0,1,0.0,3,0.0,4,0.0,1,0 days 00:13:40.200000
5,2,2,True,2,0.76,3,0.24,1,0.0,0,0.0,4,0.0,1,0 days 01:11:07.400000
5,2,2,True,2,0.99,6,0.01,1,0.0,0,0.0,3,0.0,1,0 days 01:25:52.700000
5,2,2,True,2,0.97,0,0.03,1,0.0,3,0.0,4,0.0,1,0 days 03:26:34
5,2,2,True,2,0.59,3,0.31,1,0.1,0,0.0,4,0.0,1,0 days 00:56:12.800000
5,2,4,False,4,0.53,2,0.32,1,0.13,3,0.02,0,0.0,2,0 days 00:54:50.400000
5,2,2,True,2,0.79,4,0.21,1,0.0,0,0.0,3,0.0,1,0 days 02:11:07.300000
5,2,3,False,3,0.55,1,0.33,2,0.11,5,0.01,0,0.0,3,0 days 01:13:48.400000
5,2,6,False,6,0.73,1,0.14,2,0.13,0,0.0,3,0.0,3,0 days 01:04:12.200000
5,2,2,True,2,0.66,6,0.34,1,0.0,0,0.0,3,0.0,1,0 days 00:30:35.600000
5,2,6,False,6,0.66,2,0.3,4,0.03,1,0.01,3,0.0,2,0 days 01:45:47.100000
5,2,2,True,2,0.77,3,0.19,0,0.02,6,0.02,1,0.0,1,0 days 01:47:51.600000
5,2,0,False,0,0.71,2,0.28,4,0.01,1,0.0,3,0.0,2,0 days 00:55:33.600000
5,6,3,False,3,0.73,2,0.24,4,0.03,1,0.0,0,0.0,7,0 days 03:08:37.400000
5,2,2,True,2,0.89,6,0.11,1,0.0,0,0.0,3,0.0,1,0 days 00:14:06.700000
5,6,0,False,0,0.73,2,0.21,4,0.06,1,0.0,3,0.0,7,0 days 01:47:38.200000
5,2,1,False,1,0.71,3,0.29,0,0.0,2,0.0,4,0.0,4,0 days 00:54:21.700000
5,6,2,False,2,0.9,1,0.1,0,0.0,3,0.0,4,0.0,7,0 days 00:53:56.200000
5,6,2,False,2,0.98,3,0.02,1,0.0,0,0.0,4,0.0,7,0 days 01:09:22.500000
5,2,1,False,1,0.58,3,0.3,4,0.12,0,0.0,2,0.0,5,0 days 00:54:19.700000
5,2,2,True,2,1.0,0,0.0,1,0.0,3,0.0,4,0.0,1,0 days 00:06:35.200000
5,6,2,False,2,0.74,6,0.2,1,0.06,0,0.0,3,0.0,2,0 days 03:29:30.100000
5,6,6,True,6,0.65,2,0.35,1,0.0,0,0.0,3,0.0,1,0 days 00:15:06.300000
5,6,6,True,6,0.64,2,0.36,1,0.0,0,0.0,3,0.0,1,0 days 00:48:20.700000
5,6,2,False,2,0.74,4,0.26,1,0.0,0,0.0,3,0.0,7,0 days 00:47:00.100000
5,2,2,True,2,0.95,1,0.05,0,0.0,3,0.0,4,0.0,1,0 days 00:16:51.500000
5,5,2,False,2,0.89,6,0.11,1,0.0,0,0.0,3,0.0,7,0 days 01:25:29.300000
5,2,0,False,0,0.63,2,0.35,6,0.02,1,0.0,3,0.0,2,0 days 03:15:44.200000
6,3,1,False,1,0.68,3,0.26,2,0.06,0,0.0,4,0.0,2,0 days 00:54:23.100000
6,3,1,False,1,0.67,3,0.23,4,0.07,2,0.03,0,0.0,2,0 days 02:49:20.100000
6,3,2,False,2,0.89,4,0.11,1,0.0,0,0.0,3,0.0,5,0 days 03:35:22.400000
6,3,1,False,1,0.65,3,0.21,2,0.13,0,0.01,4,0.0,2,0 days 02:53:46.100000
6,2,2,True,2,0.89,4,0.1,0,0.01,1,0.0,3,0.0,1,0 days 03:34:46.500000
6,3,4,False,4,0.87,2,0.13,1,0.0,0,0.0,3,0.0,5,0 days 02:58:18.500000
6,3,2,False,2,0.61,1,0.34,6,0.03,0,0.01,3,0.01,5,0 days 03:11:58.100000
6,2,2,True,2,0.92,3,0.08,1,0.0,0,0.0,4,0.0,1,0 days 00:12:19.200000
6,2,2,True,2,0.9,0,0.09,6,0.01,1,0.0,3,0.0,1,0 days 01:56:28.400000
6,3,2,False,2,0.71,1,0.29,0,0.0,3,0.0,4,0.0,4,0 days 01:13:49.300000
6,1,1,True,1,0.63,2,0.35,5,0.01,4,0.01,3,0.0,1,0 days 00:54:16.600000
6,0,4,False,4,0.92,2,0.08,1,0.0,0,0.0,3,0.0,4,0 days 04:01:31.200000
6,3,4,False,4,0.76,2,0.24,1,0.0,0,0.0,3,0.0,5,0 days 03:34:39.100000
6,4,2,False,2,0.87,0,0.13,1,0.0,3,0.0,4,0.0,5,0 days 04:28:29.500000
6,4,1,False,1,0.58,4,0.4,2,0.02,0,0.0,3,0.0,2,0 days 00:22:40.500000
6,4,2,False,2,0.62,3,0.27,4,0.1,0,0.01,1,0.0,3,0 days 01:20:27.700000
6,4,1,False,1,0.96,4,0.02,6,0.02,0,0.0,3,0.0,2,0 days 00:54:10.300000
6,4,2,False,2,0.66,3,0.33,0,0.01,1,0.0,4,0.0,5,0 days 00:53:52.300000
6,2,2,True,2,0.59,3,0.26,1,0.1,4,0.05,0,0.0,1,0 days 03:02:24.500000
6,2,3,False,3,0.57,1,0.33,4,0.06,0,0.02,2,0.02,5,0 days 00:55:28.400000
6,2,0,False,0,0.74,2,0.25,3,0.01,1,0.0,4,0.0,2,0 days 02:41:09.800000
6,2,2,True,2,0.5505238095238095,4,0.39947619047619043,1,0.05,0,0.0,3,0.0,1,0 days 01:20:34.800000
6,2,2,True,2,0.69,4,0.31,1,0.0,0,0.0,3,0.0,1,0 days 02:16:05.600000
6,2,0,False,0,0.83,4,0.09,2,0.07,3,0.01,1,0.0,3,0 days 04:08:13.100000
6,2,2,True,2,0.76,4,0.23,5,0.01,0,0.0,3,0.0,1,0 days 02:01:05
6,2,0,False,0,0.63,3,0.36,4,0.01,1,0.0,2,0.0,5,0 days 02:41:38.600000
6,2,1,False,1,0.57,2,0.36,3,0.06,4,0.01,0,0.0,2,0 days 01:34:59
6,2,4,False,4,0.4921666666666667,3,0.37949999999999995,1,0.105,2,0.02333333333333333,0,0.0,4,0 days 00:53:50.400000
6,2,0,False,0,0.57,2,0.43,1,0.0,3,0.0,4,0.0,2,0 days 03:08:00.400000
6,2,2,True,2,0.5295714285714284,3,0.3924285714285714,5,0.06,1,0.018000000000000002,0,0.0,1,0 days 00:53:54.500000
6,0,2,False,2,1.0,0,0.0,1,0.0,3,0.0,4,0.0,2,0 days 03:34:53.700000
6,1,1,True,1,0.91,2,0.06,3,0.03,0,0.0,4,0.0,1,0 days 00:54:45.900000
6,1,1,True,1,0.66,2,0.34,0,0.0,3,0.0,4,0.0,1,0 days 00:17:56.600000
6,1,0,False,0,0.62,2,0.36,3,0.02,1,0.0,4,0.0,4,0 days 02:41:09.200000
6,0,2,False,2,0.64,3,0.26,0,0.1,1,0.0,4,0.0,3,0 days 03:08:08.400000
6,2,4,False,4,0.69,2,0.31,1,0.0,0,0.0,3,0.0,2,0 days 01:50:19.500000
6,1,4,False,4,0.74,1,0.22,2,0.03,6,0.01,3,0.0,2,0 days 00:34:05.500000
6,2,0,False,0,0.7,2,0.3,1,0.0,3,0.0,4,0.0,2,0 days 03:08:05.400000
6,1,2,False,2,0.73,0,0.27,1,0.0,3,0.0,4,0.0,3,0 days 02:41:25.400000
6,1,4,False,4,0.62,1,0.26,3,0.11,2,0.01,0,0.0,2,0 days 00:54:28
6,3,3,True,3,0.64,2,0.3,1,0.05,4,0.01,0,0.0,1,0 days 02:54:14.300000
6,1,1,True,1,0.55,3,0.38766666666666666,0,0.052333333333333336,2,0.01,4,0.0,1,0 days 00:53:48.700000
6,2,2,True,2,0.95,0,0.03,4,0.02,1,0.0,3,0.0,1,0 days 02:31:55.800000
6,2,2,True,2,0.64,4,0.3,0,0.06,1,0.0,3,0.0,1,0 days 02:14:43.200000
6,3,0,False,0,0.66,2,0.24,3,0.1,1,0.0,4,0.0,3,0 days 00:53:52.800000
6,3,2,False,2,0.88,0,0.12,1,0.0,3,0.0,4,0.0,4,0 days 02:15:13.600000
6,2,6,False,6,0.63,2,0.37,1,0.0,0,0.0,3,0.0,2,0 days 02:43:45.600000
6,3,2,False,2,0.88,4,0.1,3,0.02,1,0.0,0,0.0,3,0 days 05:52:03
6,3,2,False,2,0.99,3,0.01,1,0.0,0,0.0,4,0.0,2,0 days 02:42:31.700000
6,3,1,False,1,0.84,5,0.09,2,0.07,0,0.0,3,0.0,5,0 days 00:54:14.200000
6,0,2,False,2,0.98,0,0.02,1,0.0,3,0.0,4,0.0,2,0 days 04:28:31.600000
6,0,3,False,3,0.61,2,0.25,1,0.13,4,0.01,0,0.0,5,0 days 00:54:42.300000
6,0,2,False,2,0.91,3,0.06,0,0.03,1,0.0,4,0.0,3,0 days 03:34:47.600000
6,1,3,False,3,0.8083333333333332,4,0.13166666666666665,1,0.06,0,0.0,2,0.0,3,0 days 00:53:46.900000
6,0,0,True,0,0.76,2,0.24,1,0.0,3,0.0,4,0.0,1,0 days 02:14:18.700000
6,2,3,False,3,0.94,2,0.03,6,0.03,1,0.0,0,0.0,2,0 days 01:48:47.300000
6,4,4,True,4,0.73,2,0.26,1,0.01,0,0.0,3,0.0,1,0 days 01:38:48
6,0,2,False,2,0.92,0,0.05,3,0.03,1,0.0,4,0.0,2,0 days 02:41:08.300000
6,1,0,False,0,0.61,4,0.38,1,0.01,2,0.0,3,0.0,3,0 days 00:55:43.900000
6,0,4,False,4,0.65,2,0.26,0,0.09,1,0.0,3,0.0,3,0 days 03:07:58.400000
6,2,1,False,1,0.4805,4,0.45949999999999996,3,0.06,0,0.0,2,0.0,5,0 days 00:53:45.300000
6,2,0,False,0,0.61,3,0.22499999999999998,4,0.165,1,0.0,2,0.0,5,0 days 03:34:42.200000
6,2,2,True,2,0.86,4,0.1,6,0.03,5,0.01,3,0.0,1,0 days 01:47:34.700000
6,2,2,True,2,0.73,3,0.26,0,0.01,1,0.0,4,0.0,1,0 days 02:14:19.800000
6,2,3,False,3,0.7,4,0.2,2,0.1,1,0.0,0,0.0,3,0 days 03:34:43.600000
6,2,2,True,2,0.8436666666666668,4,0.15633333333333335,1,0.0,0,0.0,3,0.0,1,0 days 03:34:50.400000
6,3,0,False,0,0.63,3,0.36,4,0.01,1,0.0,2,0.0,2,0 days 02:41:36.400000
6,1,1,True,1,0.6,4,0.3,3,0.07,2,0.03,0,0.0,1,0 days 00:54:30.100000
6,1,3,False,3,0.61,2,0.29,4,0.06,1,0.04,0,0.0,4,0 days 01:34:29.100000
6,1,1,True,1,0.72,2,0.28,0,0.0,3,0.0,4,0.0,1,0 days 00:17:48
6,1,3,False,3,0.8083333333333332,4,0.13166666666666665,1,0.06,0,0.0,2,0.0,3,0 days 00:53:46.900000
6,3,2,False,2,0.7293333333333334,0,0.26666666666666666,3,0.004,1,0.0,4,0.0,3,0 days 03:07:56.600000
6,3,3,True,3,0.76,6,0.23,0,0.01,1,0.0,2,0.0,1,0 days 02:41:50
6,1,3,False,3,0.57,1,0.2085,2,0.18150000000000002,0,0.04,4,0.0,2,0 days 00:53:48.900000
6,3,2,False,2,0.72,3,0.24,1,0.04,0,0.0,4,0.0,2,0 days 01:27:32.800000
6,2,1,False,1,0.62,2,0.38,0,0.0,3,0.0,4,0.0,2,0 days 01:12:18.800000
6,4,2,False,2,1.0,0,0.0,1,0.0,3,0.0,4,0.0,5,0 days 01:47:26.100000
6,4,3,False,3,0.63,2,0.3,4,0.05,5,0.02,0,0.0,3,0 days 01:20:40.200000
6,4,2,False,2,0.986,3,0.01,4,0.004,1,0.0,0,0.0,3,0 days 01:21:00
6,4,1,False,1,0.61,4,0.37,0,0.015,3,0.005,2,0.0,2,0 days 00:53:48
6,4,0,False,0,0.6666666666666665,2,0.3233333333333333,4,0.01,1,0.0,3,0.0,3,0 days 03:07:57.800000
6,4,2,False,2,0.6716666666666665,3,0.32833333333333337,1,0.0,0,0.0,4,0.0,5,0 days 02:14:14
6,6,4,False,4,0.62,2,0.33,3,0.05,1,0.0,0,0.0,7,0 days 01:33:59.900000
6,2,2,True,2,0.74,0,0.22,4,0.04,1,0.0,3,0.0,1,0 days 03:36:16.100000
6,2,2,True,2,0.88,4,0.1,3,0.02,1,0.0,0,0.0,1,0 days 05:52:00
6,2,2,True,2,1.0,0,0.0,1,0.0,3,0.0,4,0.0,1,0 days 00:43:22
6,2,0,False,0,0.88,2,0.12,1,0.0,3,0.0,4,0.0,2,0 days 03:38:06.500000
6,0,2,False,2,0.61,0,0.36,3,0.03,1,0.0,4,0.0,2,0 days 03:34:40.800000
6,3,3,True,3,0.65,2,0.23,1,0.11,4,0.01,0,0.0,1,0 days 00:53:40.600000
6,3,5,False,5,0.68,1,0.15,3,0.15,4,0.02,2,0.0,3,0 days 00:56:57.900000
6,5,4,False,4,0.65,2,0.34,1,0.01,0,0.0,3,0.0,6,0 days 01:38:38.300000
6,2,2,True,2,0.81,0,0.19,1,0.0,3,0.0,4,0.0,1,0 days 02:41:26.200000
6,5,0,False,0,0.82,1,0.16,6,0.02,2,0.0,3,0.0,7,0 days 02:19:06.900000
6,4,6,False,6,0.61,4,0.26,1,0.13,0,0.0,3,0.0,2,0 days 02:36:35.600000
6,2,1,False,1,0.69,5,0.24,2,0.07,0,0.0,3,0.0,3,0 days 00:54:14.100000
6,3,2,False,2,0.59,6,0.27,3,0.14,1,0.0,0,0.0,3,0 days 01:23:19.300000
6,4,0,False,0,0.59,2,0.32,3,0.09,1,0.0,4,0.0,5,0 days 03:08:56.600000
6,0,0,True,0,0.61,2,0.39,1,0.0,3,0.0,4,0.0,1,0 days 02:41:25.500000
6,3,4,False,4,0.59,0,0.4,2,0.01,1,0.0,3,0.0,5,0 days 03:07:53.600000
6,2,2,True,2,0.6,3,0.31,0,0.09,1,0.0,4,0.0,1,0 days 03:08:50.500000
6,0,3,False,3,0.56,2,0.25,0,0.14,4,0.05,1,0.0,3,0 days 03:06:01
6,4,4,True,4,0.76,3,0.24,1,0.0,0,0.0,2,0.0,1,0 days 00:55:05.800000
6,4,4,True,4,0.71,1,0.23,3,0.03,2,0.03,0,0.0,1,0 days 00:54:26.700000
6,2,1,False,1,0.62,4,0.24,3,0.14,0,0.0,2,0.0,5,0 days 00:54:07.500000
6,2,3,False,3,0.95,0,0.04,4,0.01,1,0.0,2,0.0,5,0 days 02:41:34.800000
6,2,2,True,2,0.84,0,0.12,4,0.04,1,0.0,3,0.0,1,0 days 02:15:17.400000
6,2,2,True,2,0.92,4,0.08,1,0.0,0,0.0,3,0.0,1,0 days 01:49:40.300000
6,2,3,False,3,0.77,2,0.23,1,0.0,0,0.0,4,0.0,2,0 days 01:10:38.100000
6,2,4,False,4,0.6,3,0.3340000000000001,1,0.055999999999999994,2,0.01,0,0.0,4,0 days 00:54:02
6,2,2,True,2,1.0,0,0.0,1,0.0,3,0.0,4,0.0,1,0 days 00:07:03.700000
6,2,2,True,2,1.0,0,0.0,1,0.0,3,0.0,4,0.0,1,0 days 00:07:20
6,2,2,True,2,1.0,0,0.0,1,0.0,3,0.0,4,0.0,1,0 days 00:03:30.600000
6,2,2,True,2,1.0,0,0.0,1,0.0,3,0.0,4,0.0,1,0 days 00:03:30.500000
6,2,2,True,2,0.69,1,0.31,0,0.0,3,0.0,4,0.0,1,0 days 00:14:22.500000
6,5,1,False,1,0.74,2,0.26,0,0.0,3,0.0,4,0.0,6,0 days 01:12:57.500000
6,2,2,True,2,1.0,0,0.0,1,0.0,3,0.0,4,0.0,1,0 days 00:03:25.700000
6,2,6,False,6,0.61,4,0.24,2,0.15,0,0.0,3,0.0,3,0 days 01:51:22.300000
6,2,4,False,4,0.84,6,0.09,2,0.07,0,0.0,3,0.0,3,0 days 01:50:33.400000
6,2,2,True,2,0.7,4,0.23,0,0.07,1,0.0,3,0.0,1,0 days 02:07:41.700000
6,2,2,True,2,1.0,0,0.0,1,0.0,3,0.0,4,0.0,1,0 days 00:08:43.900000
6,2,2,True,2,0.97,4,0.02,1,0.01,0,0.0,3,0.0,1,0 days 00:20:41.800000
6,6,3,False,3,0.64,4,0.25,2,0.11,1,0.0,0,0.0,7,0 days 02:45:59.500000
6,6,2,False,2,0.92,1,0.07,6,0.01,0,0.0,3,0.0,3,0 days 00:51:54.600000
6,2,5,False,5,0.68,2,0.27,3,0.05,1,0.0,0,0.0,2,0 days 01:31:21.800000
6,2,2,True,2,0.63,4,0.32,0,0.05,1,0.0,3,0.0,1,0 days 02:09:33.700000
6,2,2,True,2,0.99,6,0.01,1,0.0,0,0.0,3,0.0,1,0 days 00:14:04
6,2,2,True,2,1.0,0,0.0,1,0.0,3,0.0,4,0.0,1,0 days 00:07:22.600000
6,2,2,True,2,1.0,0,0.0,1,0.0,3,0.0,4,0.0,1,0 days 00:07:04.600000
6,2,2,True,2,0.61,1,0.34,6,0.03,0,0.01,3,0.01,1,0 days 03:12:01
6,2,2,True,2,0.96,1,0.03,6,0.01,0,0.0,3,0.0,1,0 days 00:14:14.800000
6,2,2,True,2,0.9,1,0.1,0,0.0,3,0.0,4,0.0,1,0 days 00:17:34.700000
6,6,4,False,4,0.62,2,0.28,0,0.08,3,0.02,1,0.0,7,0 days 04:04:55
6,6,6,True,6,0.99,1,0.01,2,0.0,0,0.0,3,0.0,1,0 days 00:23:42.800000
6,6,2,False,2,0.97,4,0.03,1,0.0,0,0.0,3,0.0,7,0 days 00:40:01.800000
6,2,2,True,2,1.0,0,0.0,1,0.0,3,0.0,4,0.0,1,0 days 00:06:35.700000
6,2,2,True,2,1.0,0,0.0,1,0.0,3,0.0,4,0.0,1,0 days 00:06:33.100000
6,6,1,False,1,0.78,4,0.21,6,0.01,0,0.0,3,0.0,3,0 days 00:29:58.500000
6,6,6,True,6,0.64,2,0.35,1,0.01,0,0.0,3,0.0,1,0 days 00:48:21.100000
6,2,2,True,2,0.69,1,0.25,3,0.06,0,0.0,4,0.0,1,0 days 01:12:05.500000
6,2,6,False,6,0.7,4,0.24,2,0.06,0,0.0,3,0.0,3,0 days 03:29:24.100000
7,1,1,True,1,0.76,2,0.21,4,0.03,0,0.0,3,0.0,1,0 days 00:54:47.300000
7,0,1,False,1,0.64,4,0.36,2,0.0,0,0.0,3,0.0,4,0 days 00:55:44.200000
7,3,1,False,1,0.79,2,0.15,4,0.06,0,0.0,3,0.0,5,0 days 00:55:25
7,2,0,False,0,0.62,2,0.25,4,0.13,1,0.0,3,0.0,2,0 days 02:02:52.900000
7,2,0,False,0,0.71,5,0.17,2,0.11,3,0.01,1,0.0,3,0 days 03:07:55.300000
7,2,2,True,2,0.91,5,0.09,1,0.0,0,0.0,3,0.0,1,0 days 02:00:29.800000
7,2,3,False,3,0.86,2,0.14,1,0.0,0,0.0,4,0.0,2,0 days 03:35:02.600000
7,2,3,False,3,0.73,2,0.27,1,0.0,0,0.0,4,0.0,2,0 days 04:28:22.900000
7,0,0,True,0,0.66,2,0.34,1,0.0,3,0.0,4,0.0,1,0 days 02:14:19
7,2,0,False,0,0.89,2,0.11,1,0.0,3,0.0,4,0.0,2,0 days 02:41:17.400000
7,0,2,False,2,0.6306666666666666,3,0.2925,4,0.0675,0,0.009333333333333334,1,0.0,4,0 days 03:34:41.900000
7,3,2,False,2,0.68,0,0.24,3,0.08,1,0.0,4,0.0,3,0 days 04:35:33.900000
7,4,2,False,2,0.87,1,0.11,3,0.02,0,0.0,4,0.0,5,0 days 03:01:08.600000
7,4,4,True,4,0.64,6,0.25,1,0.11,0,0.0,3,0.0,1,0 days 02:36:26.700000
7,2,5,False,5,0.63,2,0.36,4,0.01,0,0.0,3,0.0,2,0 days 01:47:32.800000
7,2,2,True,2,0.64,4,0.31,3,0.05,1,0.0,0,0.0,1,0 days 00:55:31
7,2,4,False,4,0.68,2,0.25,0,0.035833333333333335,6,0.034166666666666665,3,0.0,2,0 days 01:47:36.400000
7,2,2,True,2,0.78,1,0.21,3,0.01,0,0.0,4,0.0,1,0 days 01:20:39.100000
7,2,2,True,2,0.71,3,0.2,0,0.09,1,0.0,4,0.0,1,0 days 03:08:03.200000
7,2,1,False,1,0.68,0,0.18,3,0.09,6,0.03,2,0.02,5,0 days 02:43:03.500000
7,2,2,True,2,0.78,0,0.21,4,0.01,1,0.0,3,0.0,1,0 days 03:08:00.200000
7,1,3,False,3,0.66,0,0.29,2,0.05,1,0.0,4,0.0,4,0 days 02:41:05.700000
7,3,2,False,2,0.9,3,0.08,4,0.02,1,0.0,0,0.0,2,0 days 04:01:39.800000
7,3,3,True,3,0.86,2,0.14,1,0.0,0,0.0,4,0.0,1,0 days 04:28:24.400000
7,0,2,False,2,0.97,4,0.02,3,0.01,1,0.0,0,0.0,5,0 days 04:28:27.500000
7,0,4,False,4,0.65,0,0.22,2,0.12,5,0.01,3,0.0,2,0 days 03:08:20.500000
7,1,2,False,2,0.7,3,0.24583333333333335,4,0.04583333333333334,1,0.008333333333333333,0,0.0,4,0 days 00:53:40.900000
7,3,2,False,2,0.77,5,0.23,1,0.0,0,0.0,3,0.0,5,0 days 02:14:15.600000
7,3,3,True,3,1.0,0,0.0,1,0.0,2,0.0,4,0.0,1,0 days 04:31:32.300000
7,3,4,False,4,0.64,1,0.32,2,0.04,0,0.0,3,0.0,5,0 days 00:55:23.700000
7,2,2,True,2,0.89,1,0.11,0,0.0,3,0.0,4,0.0,1,0 days 00:28:37.700000
7,1,2,False,2,0.6,0,0.23,1,0.14,3,0.03,4,0.0,3,0 days 00:53:49.100000
7,1,2,False,2,0.74,5,0.21,0,0.05,1,0.0,3,0.0,4,0 days 02:14:16.700000
7,1,1,True,1,0.8260000000000001,2,0.15400000000000003,4,0.02,0,0.0,3,0.0,1,0 days 00:53:46.100000
7,4,2,False,2,0.71,3,0.15,4,0.13,1,0.01,0,0.0,3,0 days 00:54:25.900000
7,1,2,False,2,0.62,0,0.38,1,0.0,3,0.0,4,0.0,3,0 days 03:19:28.500000
7,4,2,False,2,0.94,0,0.05,4,0.01,1,0.0,3,0.0,3,0 days 03:07:59.400000
7,4,2,False,2,0.87,6,0.08,1,0.04,0,0.01,3,0.0,6,0 days 01:45:12.800000
7,1,2,False,2,0.36177380952380955,3,0.33638095238095234,1,0.3018452380952381,0,0.0,4,0.0,3,0 days 00:53:42.700000
7,4,2,False,2,1.0,0,0.0,1,0.0,3,0.0,4,0.0,5,0 days 01:49:29.900000
7,4,0,False,0,0.72,2,0.28,1,0.0,3,0.0,4,0.0,5,0 days 02:08:30
7,4,1,False,1,0.68,4,0.32,2,0.0,0,0.0,3,0.0,2,0 days 00:55:43.300000
7,2,3,False,3,0.67,4,0.29,0,0.03,2,0.01,1,0.0,4,0 days 03:34:38.800000
7,2,2,True,2,0.97,0,0.020833333333333336,6,0.009166666666666667,1,0.0,3,0.0,1,0 days 01:47:42.300000
7,2,2,True,2,0.99,3,0.01,1,0.0,0,0.0,4,0.0,1,0 days 04:28:26.200000
7,2,0,False,0,0.68,2,0.16,3,0.16,1,0.0,4,0.0,2,0 days 02:14:22.200000
7,2,2,True,2,0.77,4,0.23,1,0.0,0,0.0,3,0.0,1,0 days 02:16:31.300000
7,2,2,True,2,0.97,5,0.03,1,0.0,0,0.0,3,0.0,1,0 days 01:47:29.900000
7,2,5,False,5,0.64,2,0.22,3,0.13,6,0.01,0,0.0,2,0 days 01:48:34.800000
7,3,3,True,3,0.74,1,0.22,4,0.03,2,0.01,0,0.0,1,0 days 00:54:04.400000
7,0,4,False,4,0.69,6,0.21,2,0.07,3,0.03,0,0.0,5,0 days 04:05:52.500000
7,3,2,False,2,0.6,4,0.28,3,0.12,1,0.0,0,0.0,3,0 days 03:52:19.200000
7,1,2,False,2,0.62,4,0.29,1,0.09,0,0.0,3,0.0,3,0 days 00:53:47.600000
7,1,1,True,1,0.61,2,0.39,0,0.0,3,0.0,4,0.0,1,0 days 00:10:27.900000
7,3,3,True,3,0.7375,2,0.26,4,0.0025,1,0.0,0,0.0,1,0 days 00:53:40
7,3,0,False,0,0.6,4,0.22,3,0.15,2,0.03,1,0.0,3,0 days 02:21:01.600000
7,3,4,False,4,0.44733333333333336,2,0.4343333333333333,1,0.1,3,0.01833333333333333,0,0.0,4,0 days 00:53:50.400000
7,3,4,False,4,0.34888095238095235,3,0.3112142857142857,1,0.3099047619047618,2,0.03,0,0.0,2,0 days 00:53:41.900000
7,0,2,False,2,0.72,0,0.28,1,0.0,3,0.0,4,0.0,2,0 days 01:47:22.400000
7,3,2,False,2,0.91,1,0.09,0,0.0,3,0.0,4,0.0,4,0 days 01:05:42
7,4,4,True,4,0.68,3,0.32,1,0.0,0,0.0,2,0.0,1,0 days 00:56:47.800000
7,0,1,False,1,0.58,2,0.38,6,0.04,0,0.0,3,0.0,4,0 days 02:24:09.400000
7,0,5,False,5,0.66,0,0.22,2,0.11,3,0.01,1,0.0,2,0 days 03:07:55.200000
7,4,1,False,1,0.79,2,0.15,3,0.03,4,0.03,0,0.0,4,0 days 00:55:26.300000
7,4,3,False,3,0.94,4,0.06,1,0.0,0,0.0,2,0.0,2,0 days 00:55:02.200000
7,4,2,False,2,0.98,4,0.02,1,0.0,0,0.0,3,0.0,2,0 days 02:10:17.600000
7,4,1,False,1,0.65,4,0.29,3,0.06,0,0.0,2,0.0,2,0 days 00:54:05.600000
7,2,0,False,0,0.79,2,0.21,1,0.0,3,0.0,4,0.0,2,0 days 03:38:51.600000
7,2,2,True,2,0.62,3,0.34,1,0.02,4,0.02,0,0.0,1,0 days 02:54:30.900000
7,2,0,False,0,0.67,2,0.24,3,0.09,1,0.0,4,0.0,2,0 days 02:42:09.500000
7,2,4,False,4,0.59,2,0.34,0,0.07,1,0.0,3,0.0,2,0 days 04:28:29.300000
7,2,0,False,0,0.61,2,0.21,3,0.18,1,0.0,4,0.0,2,0 days 03:34:59
7,2,2,True,2,0.73,0,0.27,1,0.0,3,0.0,4,0.0,1,0 days 03:35:12.800000
7,2,0,False,0,0.7483333333333333,3,0.175,2,0.06666666666666667,4,0.01,1,0.0,3,0 days 03:07:56.900000
7,2,2,True,2,0.6225,0,0.3374999999999999,1,0.04,3,0.0,4,0.0,1,0 days 02:41:08.100000
7,5,2,False,2,0.5124801587301587,3,0.48751984126984127,1,0.0,0,0.0,4,0.0,6,0 days 02:14:12.500000
7,2,2,True,2,0.74,0,0.2,5,0.06,1,0.0,3,0.0,1,0 days 02:14:17.100000
7,3,4,False,4,0.61,3,0.32,2,0.06,0,0.01,1,0.0,2,0 days 01:20:30.100000
7,3,3,True,3,0.81,2,0.17,4,0.02,1,0.0,0,0.0,1,0 days 04:55:26.500000
7,3,1,False,1,0.62,2,0.31,5,0.04,4,0.03,3,0.0,5,0 days 00:54:19.200000
7,3,0,False,0,0.6575,2,0.2625,3,0.08,1,0.0,4,0.0,3,0 days 02:41:07.100000
7,3,2,False,2,0.68,3,0.21,4,0.06,1,0.05,0,0.0,2,0 days 00:54:02.200000
7,2,4,False,4,0.59,2,0.34,3,0.04,0,0.03,1,0.0,2,0 days 03:44:23.300000
7,5,2,False,2,0.88,1,0.06,0,0.05,4,0.01,3,0.0,6,0 days 02:41:24.100000
7,3,1,False,1,0.99,2,0.01,0,0.0,3,0.0,4,0.0,4,0 days 00:53:58.500000
7,3,2,False,2,0.63,3,0.36,4,0.01,1,0.0,0,0.0,2,0 days 02:41:33.700000
7,2,1,False,1,0.66,6,0.18,4,0.15,2,0.01,3,0.0,4,0 days 01:14:54.200000
7,1,2,False,2,0.98,1,0.02,0,0.0,3,0.0,4,0.0,2,0 days 00:17:18.100000
7,4,3,False,3,0.4878333333333334,1,0.48216666666666674,0,0.01,2,0.01,4,0.01,5,0 days 00:53:44.600000
7,2,0,False,0,0.61,2,0.23,3,0.09,4,0.07,1,0.0,2,0 days 01:21:46.400000
7,0,3,False,3,0.86,2,0.14,1,0.0,0,0.0,4,0.0,4,0 days 02:40:59.400000
7,1,3,False,3,0.66,2,0.23,4,0.06,1,0.05,0,0.0,4,0 days 00:54:02.400000
7,1,1,True,1,0.63,4,0.29,2,0.08,0,0.0,3,0.0,1,0 days 00:53:47.300000
7,4,2,False,2,0.97,3,0.03,1,0.0,0,0.0,4,0.0,5,0 days 05:48:46.700000
7,0,3,False,3,0.86,2,0.13,4,0.01,1,0.0,0,0.0,5,0 days 02:41:36.900000
7,0,2,False,2,0.64,4,0.31,3,0.05,1,0.0,0,0.0,5,0 days 00:55:30.100000
7,1,2,False,2,0.49183333333333334,4,0.4623333333333333,3,0.0325,1,0.013333333333333332,0,0.0,4,0 days 00:53:42.900000
7,1,4,False,4,0.66,1,0.31,6,0.03,0,0.0,3,0.0,2,0 days 00:29:05
7,4,1,False,1,0.58,2,0.38,0,0.02,3,0.02,4,0.0,5,0 days 00:54:37.700000
7,4,2,False,2,0.64,4,0.2,3,0.16,1,0.0,0,0.0,2,0 days 03:35:24.200000
7,2,0,False,0,0.69,3,0.28,2,0.03,1,0.0,4,0.0,3,0 days 05:03:24.800000
7,2,2,True,2,0.61,0,0.23,4,0.14,3,0.02,1,0.0,1,0 days 03:09:16.700000
7,2,2,True,2,0.6,4,0.28,3,0.12,1,0.0,0,0.0,1,0 days 03:52:12.900000
7,2,4,False,4,0.55,6,0.24,2,0.21,0,0.0,3,0.0,3,0 days 00:46:29.500000
7,2,4,False,4,0.71,3,0.29,1,0.0,0,0.0,2,0.0,5,0 days 00:55:15.400000
7,2,2,True,2,0.98,1,0.02,0,0.0,3,0.0,4,0.0,1,0 days 00:10:45.700000
7,2,4,False,4,0.71,3,0.29,1,0.0,0,0.0,2,0.0,5,0 days 00:55:15.500000
7,2,2,True,2,1.0,0,0.0,1,0.0,3,0.0,4,0.0,1,0 days 00:06:06
7,2,3,False,3,0.67,2,0.33,1,0.0,0,0.0,4,0.0,2,0 days 00:11:07.600000
7,2,6,False,6,0.61,2,0.24,3,0.15,1,0.0,0,0.0,2,0 days 01:00:03.700000
7,2,2,True,2,1.0,0,0.0,1,0.0,3,0.0,4,0.0,1,0 days 00:07:22.100000
7,2,2,True,2,0.87,1,0.13,0,0.0,3,0.0,4,0.0,1,0 days 00:14:22.200000
7,2,2,True,2,0.97,6,0.03,1,0.0,0,0.0,3,0.0,1,0 days 00:14:02.200000
7,2,2,True,2,1.0,0,0.0,1,0.0,3,0.0,4,0.0,1,0 days 00:13:08.300000
7,6,0,False,0,0.75,4,0.19,5,0.05,1,0.01,3,0.0,7,0 days 02:19:48.500000
7,2,2,True,2,0.9,1,0.1,0,0.0,3,0.0,4,0.0,1,0 days 00:17:32
7,6,3,False,3,0.63,2,0.37,1,0.0,0,0.0,4,0.0,7,0 days 01:48:57.500000
7,2,3,False,3,0.99,2,0.01,1,0.0,0,0.0,4,0.0,2,0 days 02:47:22.200000
7,6,6,True,6,0.85,2,0.13,5,0.02,0,0.0,3,0.0,1,0 days 01:24:35.900000
7,2,0,False,0,0.63,2,0.37,1,0.0,3,0.0,4,0.0,2,0 days 01:44:23.400000
7,2,6,False,6,0.54,4,0.25,2,0.21,0,0.0,3,0.0,3,0 days 00:46:57.600000
7,2,2,True,2,0.96,3,0.03,0,0.01,1,0.0,4,0.0,1,0 days 00:59:15.200000
7,2,2,True,2,1.0,0,0.0,1,0.0,3,0.0,4,0.0,1,0 days 01:33:09
7,2,1,False,1,0.59,2,0.39,4,0.02,0,0.0,3,0.0,2,0 days 02:22:17.500000
7,2,2,True,2,0.85,4,0.14,0,0.01,1,0.0,3,0.0,1,0 days 02:10:45.200000
7,2,6,False,6,0.64,2,0.36,1,0.0,0,0.0,3,0.0,2,0 days 01:55:58.200000
7,6,5,False,5,0.63,2,0.37,1,0.0,0,0.0,3,0.0,7,0 days 01:47:32
7,6,6,True,6,0.98,1,0.01,4,0.01,0,0.0,3,0.0,1,0 days 00:23:38.700000
7,6,6,True,6,0.95,1,0.04,4,0.01,0,0.0,3,0.0,1,0 days 00:23:33.400000
7,2,2,True,2,1.0,0,0.0,1,0.0,3,0.0,4,0.0,1,0 days 00:06:24.100000
7,6,1,False,1,0.66,6,0.31,4,0.03,0,0.0,3,0.0,2,0 days 00:29:34.100000
7,2,2,True,2,0.97,0,0.020833333333333336,6,0.009166666666666667,1,0.0,3,0.0,1,0 days 01:47:41
7,2,2,True,2,0.88,0,0.09,3,0.02,1,0.01,4,0.0,1,0 days 02:14:26.400000
7,2,4,False,4,0.62,3,0.38,1,0.0,0,0.0,2,0.0,5,0 days 02:48:13.400000
7,2,4,False,4,0.67,0,0.18,2,0.12,6,0.03,3,0.0,3,0 days 02:29:10
7,2,2,True,2,1.0,0,0.0,1,0.0,3,0.0,4,0.0,1,0 days 00:06:31.200000
7,2,3,False,3,0.84,4,0.11,2,0.05,1,0.0,0,0.0,3,0 days 04:03:14.700000
7,5,1,False,1,0.66,3,0.27,2,0.07,0,0.0,4,0.0,6,0 days 00:37:47.900000
7,2,1,False,1,0.62,6,0.28,2,0.1,0,0.0,3,0.0,3,0 days 00:49:33.500000
8,1,2,False,2,0.96,6,0.04,1,0.0,0,0.0,3,0.0,3,0 days 01:04:29.300000
8,0,4,False,4,0.53,2,0.4125,0,0.05749999999999999,1,0.0,3,0.0,3,0 days 03:34:48.200000
8,3,0,False,0,0.5236666666666667,2,0.4463333333333333,4,0.03,1,0.0,3,0.0,5,0 days 03:34:47.400000
8,3,4,False,4,0.91,3,0.09,1,0.0,0,0.0,2,0.0,2,0 days 00:55:03.300000
8,3,2,False,2,0.74,0,0.26,1,0.0,3,0.0,4,0.0,4,0 days 02:17:33
8,0,2,False,2,0.98,4,0.02,1,0.0,0,0.0,3,0.0,4,0 days 03:09:11.100000
8,2,2,True,2,0.89,4,0.09,0,0.02,1,0.0,3,0.0,1,0 days 01:07:00.400000
8,2,0,False,0,0.68,2,0.2325,5,0.07749999999999999,3,0.01,1,0.0,2,0 days 04:23:25.900000
8,3,1,False,1,0.64,4,0.19,3,0.12,0,0.05,2,0.0,3,0 days 02:50:29.600000
8,3,4,False,4,0.72,0,0.2,2,0.08,1,0.0,3,0.0,5,0 days 03:35:58.900000
8,1,2,False,2,0.65,1,0.34,4,0.01,0,0.0,3,0.0,2,0 days 00:53:51.100000
8,1,1,True,1,0.66,3,0.3075,0,0.0225,2,0.01,4,0.0,1,0 days 00:53:48.600000
8,1,1,True,1,0.86,4,0.13,3,0.01,0,0.0,2,0.0,1,0 days 00:54:10
8,4,0,False,0,0.67,3,0.28,2,0.04,4,0.01,1,0.0,4,0 days 00:55:29.600000
8,3,0,False,0,0.86,2,0.11,3,0.03,1,0.0,4,0.0,3,0 days 03:34:44.600000
8,4,4,True,4,0.69,3,0.22,0,0.07,1,0.01,2,0.01,1,0 days 00:53:49.600000
8,4,4,True,4,0.69,2,0.20366666666666666,1,0.09633333333333334,3,0.01,0,0.0,1,0 days 00:54:06.700000
8,4,3,False,3,0.73,2,0.21,4,0.06,1,0.0,0,0.0,3,0 days 00:54:24.700000
8,4,1,False,1,0.82,6,0.18,2,0.0,0,0.0,3,0.0,6,0 days 00:29:38
8,0,2,False,2,0.74,0,0.22,1,0.04,3,0.0,4,0.0,2,0 days 03:22:43.800000
8,3,0,False,0,0.87,3,0.1,2,0.03,1,0.0,4,0.0,2,0 days 04:52:33.900000
8,2,2,True,2,0.85,1,0.1,3,0.05,0,0.0,4,0.0,1,0 days 02:14:26.100000
8,2,2,True,2,0.875,0,0.11,1,0.015,3,0.0,4,0.0,1,0 days 01:20:44
8,2,2,True,2,0.87,0,0.13,1,0.0,3,0.0,4,0.0,1,0 days 03:35:14
8,2,0,False,0,0.65,2,0.3,4,0.05,1,0.0,3,0.0,2,0 days 04:28:32.900000
8,2,4,False,4,0.52,2,0.4225,0,0.05749999999999999,1,0.0,3,0.0,2,0 days 03:34:48.300000
8,2,3,False,3,0.9361904761904764,0,0.043809523809523805,4,0.02,1,0.0,2,0.0,5,0 days 00:53:52.600000
8,2,2,True,2,0.85,0,0.1,4,0.05,1,0.0,3,0.0,1,0 days 03:36:23.600000
8,2,0,False,0,0.63,2,0.30400000000000005,1,0.066,3,0.0,4,0.0,2,0 days 01:20:42.900000
8,2,3,False,3,0.79,0,0.17,2,0.04,1,0.0,4,0.0,3,0 days 05:22:07.800000
8,2,3,False,3,0.65,0,0.31,2,0.04,1,0.0,4,0.0,3,0 days 03:08:08.100000
8,5,2,False,2,0.91,0,0.08,3,0.01,1,0.0,4,0.0,6,0 days 03:07:55
8,1,2,False,2,0.7,6,0.24,1,0.06,0,0.0,3,0.0,3,0 days 00:49:20.700000
8,1,2,False,2,0.9,4,0.1,1,0.0,0,0.0,3,0.0,3,0 days 00:31:55.100000
8,3,3,True,3,0.54,2,0.31,4,0.15,1,0.0,0,0.0,1,0 days 02:47:49.600000
8,1,6,False,6,0.88,2,0.12,1,0.0,0,0.0,3,0.0,3,0 days 03:31:16.700000
8,1,1,True,1,0.71,3,0.17,2,0.12,0,0.0,4,0.0,1,0 days 00:53:57.600000
8,2,1,False,1,0.62,2,0.3,3,0.07,0,0.01,4,0.0,2,0 days 02:14:24.300000
8,3,3,True,3,0.4428333333333334,4,0.36716666666666664,1,0.19,0,0.0,2,0.0,1,0 days 00:53:46.700000
8,0,2,False,2,0.74,3,0.26,1,0.0,0,0.0,4,0.0,4,0 days 02:41:14.200000
8,3,1,False,1,0.9081190476190476,2,0.08188095238095239,3,0.01,0,0.0,4,0.0,3,0 days 00:53:48.800000
8,3,4,False,4,0.77,3,0.21,2,0.02,1,0.0,0,0.0,2,0 days 03:09:36.100000
8,3,2,False,2,0.88,0,0.07,3,0.05,1,0.0,4,0.0,3,0 days 02:40:57.100000
8,0,2,False,2,0.7,0,0.2,4,0.08,6,0.02,3,0.0,2,0 days 04:08:19.600000
8,3,0,False,0,0.69,3,0.22,2,0.08,1,0.01,4,0.0,2,0 days 02:14:28.400000
8,2,2,True,2,0.78,3,0.22,1,0.0,0,0.0,4,0.0,1,0 days 04:28:25
8,0,2,False,2,0.7691666666666667,3,0.2025,4,0.028333333333333335,1,0.0,0,0.0,5,0 days 03:07:56.200000
8,4,3,False,3,0.85,0,0.12,2,0.03,1,0.0,4,0.0,5,0 days 04:55:13.700000
8,1,2,False,2,0.67,3,0.28,1,0.05,0,0.0,4,0.0,3,0 days 00:54:22
8,1,1,True,1,0.5046666666666667,2,0.46533333333333327,3,0.02,5,0.01,0,0.0,1,0 days 00:53:53.700000
8,4,2,False,2,0.78,3,0.21,0,0.01,1,0.0,4,0.0,5,0 days 03:34:43.900000
8,4,0,False,0,0.58,3,0.27,2,0.12,6,0.03,1,0.0,6,0 days 03:08:32.300000
8,4,2,False,2,0.7589999999999999,1,0.23399999999999999,3,0.006999999999999999,0,0.0,4,0.0,5,0 days 00:53:43
8,0,0,True,0,0.62,3,0.27,4,0.08,2,0.03,1,0.0,1,0 days 03:07:54.100000
8,3,3,True,3,0.73,4,0.16,5,0.07,2,0.04,0,0.0,1,0 days 02:14:13.300000
8,2,2,True,2,0.99,0,0.01,1,0.0,3,0.0,4,0.0,1,0 days 03:34:45.400000
8,5,1,False,1,0.57,3,0.21083333333333332,2,0.20916666666666664,0,0.01,4,0.0,6,0 days 02:14:16.200000
8,2,4,False,4,0.8596666666666667,2,0.1403333333333333,1,0.0,0,0.0,3,0.0,2,0 days 03:34:48.900000
8,2,2,True,2,0.99,0,0.01,1,0.0,3,0.0,4,0.0,1,0 days 03:34:45.400000
8,2,2,True,2,0.73,1,0.21,0,0.06,3,0.0,4,0.0,1,0 days 02:14:17.200000
8,2,0,False,0,0.84,2,0.14,1,0.02,3,0.0,4,0.0,2,0 days 03:16:45.400000
8,3,4,False,4,0.68,1,0.32,2,0.0,0,0.0,3,0.0,5,0 days 00:54:28.700000
8,3,0,False,0,0.5318571428571428,2,0.4481428571428572,3,0.02,1,0.0,4,0.0,3,0 days 03:34:41.300000
8,3,3,True,3,0.63,2,0.37,1,0.0,0,0.0,4,0.0,1,0 days 03:35:00.300000
8,0,4,False,4,0.6,2,0.36,3,0.04,1,0.0,0,0.0,5,0 days 03:08:57.800000
8,1,5,False,5,0.54,1,0.28,2,0.13,3,0.05,0,0.0,2,0 days 01:13:15.900000
8,2,4,False,4,0.9275000000000001,1,0.0725,2,0.0,0,0.0,3,0.0,3,0 days 00:53:45.100000
8,3,1,False,1,0.69,3,0.19,2,0.1,4,0.02,0,0.0,2,0 days 00:54:02.400000
8,4,3,False,3,0.62,2,0.28,4,0.08,1,0.02,0,0.0,3,0 days 02:59:15.400000
8,4,2,False,2,0.85,3,0.12,0,0.03,1,0.0,4,0.0,5,0 days 02:14:33.500000
8,4,2,False,2,0.78,6,0.22,1,0.0,0,0.0,3,0.0,6,0 days 00:46:52.300000
8,4,0,False,0,0.47,4,0.42,2,0.11,1,0.0,3,0.0,2,0 days 04:01:31.100000
8,0,0,True,0,0.48185714285714293,2,0.37814285714285717,3,0.12,4,0.02,1,0.0,1,0 days 03:34:40.600000
8,4,3,False,3,0.5953333333333334,0,0.3,1,0.094,4,0.010666666666666666,2,0.0,4,0 days 00:53:44.400000
8,2,4,False,4,0.61,2,0.33,3,0.06,1,0.0,0,0.0,2,0 days 05:48:43.500000
8,2,2,True,2,0.61,1,0.39,0,0.0,3,0.0,4,0.0,1,0 days 00:54:00.100000
8,2,2,True,2,0.99,6,0.01,1,0.0,0,0.0,3,0.0,1,0 days 00:43:45.400000
8,2,3,False,3,0.67,0,0.27166666666666667,2,0.03833333333333334,4,0.02,1,0.0,3,0 days 03:34:40.300000
8,2,3,False,3,0.73,4,0.16,5,0.07,2,0.04,0,0.0,4,0 days 02:14:13.300000
8,2,2,True,2,0.74,1,0.24,6,0.02,0,0.0,3,0.0,1,0 days 01:54:56.100000
8,2,2,True,2,0.74,4,0.21,6,0.05,0,0.0,3,0.0,1,0 days 01:45:32.200000
8,2,2,True,2,0.77,5,0.23,1,0.0,0,0.0,3,0.0,1,0 days 01:25:45.300000
8,2,2,True,2,0.74,6,0.22,4,0.04,0,0.0,3,0.0,1,0 days 00:40:59.900000
8,2,0,False,0,0.61,2,0.27083333333333326,4,0.08916666666666667,1,0.03,3,0.0,2,0 days 01:20:33.400000
8,0,0,True,0,0.81,3,0.15,2,0.04,1,0.0,4,0.0,1,0 days 03:08:08.800000
8,3,2,False,2,0.66,0,0.23,3,0.11,1,0.0,4,0.0,3,0 days 02:40:59
8,5,3,False,3,0.6,0,0.25,2,0.12,6,0.03,1,0.0,7,0 days 03:08:31.300000
8,3,2,False,2,0.56,1,0.39,0,0.05,3,0.0,4,0.0,4,0 days 00:54:43.400000
8,1,2,False,2,0.68,1,0.26,3,0.06,0,0.0,4,0.0,2,0 days 01:28:13.800000
8,4,4,True,4,0.68,2,0.24,3,0.08,1,0.0,0,0.0,1,0 days 01:19:42.400000
8,0,3,False,3,0.66,2,0.22,0,0.11,1,0.01,4,0.0,3,0 days 02:41:06.900000
8,1,2,False,2,0.98,0,0.02,1,0.0,3,0.0,4,0.0,3,0 days 01:46:54.300000
8,4,4,True,4,0.66,2,0.32,3,0.02,1,0.0,0,0.0,1,0 days 03:35:25.800000
8,4,3,False,3,0.71,6,0.19,2,0.1,1,0.0,0,0.0,6,0 days 02:45:35.300000
8,3,2,False,2,0.93,3,0.06666666666666667,4,0.003333333333333333,1,0.0,0,0.0,2,0 days 03:34:43.800000
8,1,2,False,2,0.56,4,0.29,1,0.1,3,0.05,0,0.0,3,0 days 00:53:10.500000
8,1,2,False,2,0.97,1,0.03,0,0.0,3,0.0,4,0.0,2,0 days 00:28:33.100000
8,0,2,False,2,0.85,1,0.08,3,0.05,0,0.02,4,0.0,4,0 days 02:14:27.300000
8,2,2,True,2,0.69,1,0.27,0,0.04,3,0.0,4,0.0,1,0 days 03:11:25.400000
8,2,2,True,2,0.76,4,0.24,1,0.0,0,0.0,3,0.0,1,0 days 00:19:38.300000
8,2,0,False,0,0.74,3,0.2,2,0.05,1,0.01,4,0.0,3,0 days 02:43:13.100000
8,2,6,False,6,0.74,3,0.15,0,0.09,1,0.01,2,0.01,5,0 days 01:52:58.300000
8,2,1,False,1,0.68,2,0.3,3,0.02,0,0.0,4,0.0,2,0 days 01:53:53.200000
8,2,2,True,2,0.98,6,0.02,1,0.0,0,0.0,3,0.0,1,0 days 00:41:56.500000
8,2,6,False,6,0.68,0,0.21,3,0.05,2,0.05,1,0.01,4,0 days 02:43:27.400000
8,2,1,False,1,0.64,2,0.25,3,0.08,5,0.03,0,0.0,2,0 days 01:13:32.500000
8,2,2,True,2,0.99,3,0.01,1,0.0,0,0.0,4,0.0,1,0 days 01:26:37.200000
8,2,2,True,2,1.0,0,0.0,1,0.0,3,0.0,4,0.0,1,0 days 00:07:14.200000
8,2,1,False,1,0.64,0,0.33666666666666667,2,0.02333333333333333,3,0.0,4,0.0,3,0 days 02:41:09
8,2,2,True,2,0.88,3,0.12,1,0.0,0,0.0,4,0.0,1,0 days 01:47:56.400000
8,2,2,True,2,0.66,4,0.23,0,0.06,3,0.05,1,0.0,1,0 days 01:48:07.300000
8,2,2,True,2,0.51,1,0.47,4,0.02,0,0.0,3,0.0,1,0 days 00:21:29.100000
8,2,2,True,2,0.87,4,0.09,1,0.04,0,0.0,3,0.0,1,0 days 01:06:21.900000
8,2,2,True,2,0.97,6,0.02,4,0.01,0,0.0,3,0.0,1,0 days 01:32:54.400000
8,2,2,True,2,0.97,6,0.02,4,0.01,0,0.0,3,0.0,1,0 days 01:33:27.300000
8,6,4,False,4,0.59,0,0.35,1,0.05,3,0.01,2,0.0,7,0 days 02:51:19.600000
8,6,2,False,2,0.62,6,0.23,1,0.15,0,0.0,3,0.0,2,0 days 00:50:56.800000
8,2,4,False,4,0.66,6,0.23,2,0.1,1,0.01,3,0.0,3,0 days 00:39:22.400000
8,2,2,True,2,0.92,1,0.08,0,0.0,3,0.0,4,0.0,1,0 days 00:17:03.300000
8,2,4,False,4,0.66,6,0.23,2,0.1,1,0.01,3,0.0,3,0 days 00:39:29.200000
8,2,1,False,1,0.59,2,0.41,0,0.0,3,0.0,4,0.0,2,0 days 01:01:40.600000
8,2,4,False,4,0.66,3,0.27,2,0.07,1,0.0,0,0.0,3,0 days 01:08:01.800000
8,2,5,False,5,0.69,1,0.22,2,0.07,3,0.02,0,0.0,3,0 days 00:54:13.600000
8,2,2,True,2,0.88,4,0.12,1,0.0,0,0.0,3,0.0,1,0 days 02:33:13.900000
8,2,1,False,1,0.69,2,0.31,0,0.0,3,0.0,4,0.0,2,0 days 00:14:20.100000
8,6,2,False,2,0.83,1,0.15,4,0.02,0,0.0,3,0.0,7,0 days 00:35:02.600000
8,2,2,True,2,1.0,0,0.0,1,0.0,3,0.0,4,0.0,1,0 days 00:06:53
8,6,6,True,6,0.68,0,0.23,3,0.05,2,0.03,1,0.01,1,0 days 02:43:24.300000
8,6,3,False,3,0.66,4,0.32,1,0.015,2,0.005,0,0.0,7,0 days 00:54:08.600000
8,2,3,False,3,0.73,1,0.25,2,0.01,4,0.01,0,0.0,3,0 days 00:54:24
8,2,4,False,4,0.62,2,0.38,1,0.0,0,0.0,3,0.0,2,0 days 00:20:09.600000
8,6,3,False,3,0.88,2,0.09,0,0.03,1,0.0,4,0.0,7,0 days 02:41:57.700000
8,2,2,True,2,0.81,1,0.18,4,0.01,0,0.0,3,0.0,1,0 days 01:35:50.900000
8,2,2,True,2,1.0,0,0.0,1,0.0,3,0.0,4,0.0,1,0 days 00:06:46.700000
8,2,2,True,2,0.99,6,0.01,1,0.0,0,0.0,3,0.0,1,0 days 00:14:03.600000
8,6,2,False,2,0.94,6,0.06,1,0.0,0,0.0,3,0.0,2,0 days 00:15:26.500000
8,2,2,True,2,0.88,6,0.11,0,0.01,1,0.0,3,0.0,1,0 days 01:47:44.500000
8,2,3,False,3,0.63,2,0.37,1,0.0,0,0.0,4,0.0,2,0 days 01:21:13.400000
8,2,2,True,2,0.98,6,0.02,1,0.0,0,0.0,3,0.0,1,0 days 01:23:40.100000
9,3,2,False,2,0.642,1,0.22,4,0.11066666666666666,3,0.027333333333333334,0,0.0,4,0 days 00:53:50.200000
9,3,4,False,4,0.6,6,0.26,3,0.12,0,0.02,2,0.0,3,0 days 00:55:51.600000
9,3,2,False,2,0.6,4,0.29,3,0.11,1,0.0,0,0.0,3,0 days 01:22:35.100000
9,0,2,False,2,0.7063333333333333,1,0.25,0,0.04366666666666667,3,0.0,4,0.0,3,0 days 02:41:09.700000
9,2,6,False,6,0.67,4,0.21,0,0.08,3,0.03,2,0.01,5,0 days 04:04:52.600000
9,1,2,False,2,0.93,3,0.04,6,0.03,1,0.0,0,0.0,4,0 days 01:53:47.200000
9,0,2,False,2,0.7141666666666667,3,0.26,0,0.01583333333333333,4,0.01,1,0.0,3,0 days 03:07:57
9,4,2,False,2,0.94,4,0.06,1,0.0,0,0.0,3,0.0,2,0 days 02:15:50.700000
9,4,2,False,2,0.76,4,0.24,1,0.0,0,0.0,3,0.0,2,0 days 03:34:49.800000
9,1,3,False,3,0.73,2,0.25,1,0.02,0,0.0,4,0.0,3,0 days 01:27:43.600000
9,4,2,False,2,0.47350000000000003,1,0.4165,4,0.09,3,0.02,0,0.0,3,0 days 00:54:07.200000
9,1,3,False,3,0.61,1,0.26,2,0.13,0,0.0,4,0.0,2,0 days 02:14:25.200000
9,1,2,False,2,0.69,0,0.24,3,0.07,1,0.0,4,0.0,4,0 days 02:43:02.300000
9,4,5,False,5,0.59,1,0.23083333333333333,2,0.17916666666666667,0,0.0,3,0.0,6,0 days 00:53:50.800000
9,0,0,True,0,0.7,2,0.3,1,0.0,3,0.0,4,0.0,1,0 days 03:38:24.500000
9,3,2,False,2,0.73,3,0.23,4,0.04,1,0.0,0,0.0,2,0 days 04:01:34.800000
9,4,2,False,2,0.85,3,0.15,1,0.0,0,0.0,4,0.0,5,0 days 04:29:00.800000
9,2,3,False,3,0.59,4,0.29,2,0.1,0,0.02,1,0.0,3,0 days 01:22:16.900000
9,2,2,True,2,0.77,3,0.23,1,0.0,0,0.0,4,0.0,1,0 days 04:28:24.900000
9,2,3,False,3,0.63,4,0.23,2,0.12,1,0.02,0,0.0,3,0 days 01:20:39.900000
9,2,4,False,4,0.62,3,0.335,2,0.04,0,0.005,1,0.0,3,0 days 00:53:52.200000
9,2,0,False,0,0.62,2,0.32,1,0.06,3,0.0,4,0.0,2,0 days 01:20:38
9,2,2,True,2,0.66,3,0.23,4,0.11,1,0.0,0,0.0,1,0 days 04:01:41.400000
9,2,3,False,3,0.63,4,0.23,2,0.12,1,0.02,0,0.0,3,0 days 01:20:39.900000
9,2,2,True,2,0.93,4,0.07,1,0.0,0,0.0,3,0.0,1,0 days 01:20:55.200000
9,1,1,True,1,0.7895,2,0.14049999999999999,5,0.07,0,0.0,3,0.0,1,0 days 00:53:51
9,2,0,False,0,0.7,2,0.3,1,0.0,3,0.0,4,0.0,2,0 days 03:38:26.200000
9,0,1,False,1,0.6,2,0.3563333333333333,0,0.04366666666666667,3,0.0,4,0.0,3,0 days 02:41:09.300000
9,1,1,True,1,0.56,2,0.3,4,0.14,0,0.0,3,0.0,1,0 days 00:54:16.700000
9,3,3,True,3,0.69,2,0.24,0,0.04,4,0.03,1,0.0,1,0 days 04:55:16.700000
9,2,3,False,3,0.71,2,0.27,6,0.01,4,0.01,0,0.0,2,0 days 03:08:46.900000
9,2,2,True,2,0.97,0,0.03,1,0.0,3,0.0,4,0.0,1,0 days 01:47:24.200000
9,3,4,False,4,0.6,6,0.26,3,0.12,0,0.02,2,0.0,3,0 days 00:55:51.900000
9,3,2,False,2,0.87,3,0.12,6,0.01,1,0.0,0,0.0,2,0 days 02:46:52.500000
9,3,3,True,3,0.71,2,0.28,4,0.01,1,0.0,0,0.0,1,0 days 00:56:25.400000
9,3,3,True,3,0.9,2,0.1,1,0.0,0,0.0,4,0.0,1,0 days 04:28:24.700000
9,3,2,False,2,0.94,0,0.06,1,0.0,3,0.0,4,0.0,4,0 days 03:08:02.400000
9,3,1,False,1,0.78,0,0.16,3,0.06,2,0.0,4,0.0,3,0 days 00:53:48.500000
9,5,3,False,3,0.74,4,0.24,2,0.02,1,0.0,0,0.0,6,0 days 01:20:40.800000
9,2,4,False,4,0.6,1,0.296,3,0.0675,2,0.0365,0,0.0,4,0 days 00:53:43
9,2,3,False,3,0.58,2,0.34,1,0.08,0,0.0,4,0.0,2,0 days 00:53:54.700000
9,1,3,False,3,0.95,2,0.03,0,0.01,4,0.01,1,0.0,5,0 days 02:53:50.200000
9,2,0,False,0,0.6375,2,0.33404761904761915,3,0.028452380952380948,1,0.0,4,0.0,2,0 days 02:41:03.100000
9,3,1,False,1,0.72,2,0.22,0,0.045,3,0.015,4,0.0,4,0 days 00:53:53.400000
9,4,0,False,0,0.84,2,0.16,1,0.0,3,0.0,4,0.0,5,0 days 03:08:17.700000
9,4,3,False,3,0.74,4,0.24,2,0.02,1,0.0,0,0.0,2,0 days 01:20:40.700000
9,0,0,True,0,0.69,1,0.31,2,0.0,3,0.0,4,0.0,1,0 days 02:18:08.800000
9,4,2,False,2,0.94,4,0.05,0,0.01,1,0.0,3,0.0,2,0 days 02:14:40.200000
9,1,3,False,3,0.59,2,0.4,4,0.01,1,0.0,0,0.0,4,0 days 03:02:02.700000
9,0,2,False,2,0.72,0,0.23,1,0.05,3,0.0,4,0.0,2,0 days 03:21:32.200000
9,4,4,True,4,0.94,2,0.04,6,0.01,1,0.01,3,0.0,1,0 days 02:35:14.900000
9,4,2,False,2,0.86,4,0.1,3,0.04,1,0.0,0,0.0,2,0 days 00:55:17.700000
9,4,4,True,4,0.89,2,0.0675,1,0.0425,0,0.0,3,0.0,1,0 days 00:53:47.800000
9,2,2,True,2,0.99,0,0.01,1,0.0,3,0.0,4,0.0,1,0 days 03:34:45.600000
9,2,2,True,2,0.7,5,0.25,0,0.05,1,0.0,3,0.0,1,0 days 03:07:54.800000
9,2,6,False,6,0.61,1,0.27,5,0.08,2,0.04,3,0.0,4,0 days 00:26:53.900000
9,1,6,False,6,0.66,2,0.3,1,0.04,0,0.0,3,0.0,3,0 days 00:50:44.200000
9,3,2,False,2,0.92,3,0.08,1,0.0,0,0.0,4,0.0,2,0 days 03:34:56.900000
9,1,2,False,2,0.66,1,0.33,3,0.01,0,0.0,4,0.0,2,0 days 00:53:53.800000
9,2,2,True,2,0.93,4,0.07,1,0.0,0,0.0,3,0.0,1,0 days 03:34:50
9,2,3,False,3,0.75,2,0.24,1,0.01,0,0.0,4,0.0,2,0 days 01:27:24.500000
9,3,3,True,3,0.6,4,0.4,1,0.0,0,0.0,2,0.0,1,0 days 04:01:27.200000
9,3,4,False,4,0.79,2,0.21,1,0.0,0,0.0,3,0.0,5,0 days 00:55:11.400000
9,3,3,True,3,0.88,2,0.09,1,0.03,0,0.0,4,0.0,1,0 days 00:53:40.400000
9,2,4,False,4,0.9,0,0.05,2,0.05,1,0.0,3,0.0,3,0 days 02:11:51.400000
9,4,3,False,3,0.95,4,0.03,2,0.02,1,0.0,0,0.0,2,0 days 01:20:30
9,4,2,False,2,0.83,3,0.17,1,0.0,0,0.0,4,0.0,5,0 days 04:02:17.300000
9,2,2,True,2,0.7,3,0.25,4,0.05,1,0.0,0,0.0,1,0 days 03:35:20.600000
9,2,2,True,2,0.9,0,0.05,4,0.05,1,0.0,3,0.0,1,0 days 03:07:59.900000
9,2,1,False,1,0.54,2,0.4,3,0.06,0,0.0,4,0.0,2,0 days 03:11:37.600000
9,2,4,False,4,0.73,2,0.25,0,0.02,1,0.0,3,0.0,2,0 days 03:07:59.700000
9,2,2,True,2,0.99,0,0.01,1,0.0,3,0.0,4,0.0,1,0 days 03:34:51.600000
9,2,3,False,3,0.77,0,0.23,1,0.0,2,0.0,4,0.0,4,0 days 02:40:58.900000
9,2,2,True,2,0.7,4,0.27,3,0.03,1,0.0,0,0.0,1,0 days 02:17:10.800000
9,3,0,False,0,0.55,1,0.2743333333333334,4,0.1756666666666667,2,0.0,3,0.0,5,0 days 00:53:48.300000
9,0,0,True,0,0.58,4,0.24,3,0.14,2,0.04,1,0.0,1,0 days 04:55:08.400000
9,3,4,False,4,0.65,3,0.34,2,0.01,1,0.0,0,0.0,2,0 days 03:10:08.100000
9,3,2,False,2,0.73,3,0.23,4,0.04,1,0.0,0,0.0,2,0 days 04:01:34.500000
9,5,1,False,1,0.68,2,0.31,3,0.01,0,0.0,4,0.0,6,0 days 00:53:54.100000
9,0,3,False,3,0.67,2,0.25,0,0.08,1,0.0,4,0.0,3,0 days 04:41:39.300000
9,2,4,False,4,0.63,3,0.33,1,0.03,2,0.01,0,0.0,4,0 days 00:53:52.100000
9,3,6,False,6,0.66,5,0.25,4,0.05,1,0.04,3,0.0,5,0 days 00:27:10.300000
9,0,4,False,4,0.66,5,0.21,2,0.06,3,0.04,6,0.03,7,0 days 03:08:32.800000
9,1,4,False,4,0.59,2,0.4,1,0.01,0,0.0,3,0.0,3,0 days 00:53:44.900000
9,1,2,False,2,0.9,3,0.04033333333333333,1,0.030583333333333337,4,0.029083333333333333,0,0.0,3,0 days 00:53:42.200000
9,0,2,False,2,0.96,3,0.04,1,0.0,0,0.0,4,0.0,4,0 days 02:14:22.600000
9,1,3,False,3,0.34740476190476177,1,0.33735714285714274,2,0.31523809523809515,0,0.0,4,0.0,2,0 days 00:53:42.700000
9,1,2,False,2,0.73,3,0.23,1,0.04,0,0.0,4,0.0,3,0 days 01:13:43.500000
9,3,4,False,4,0.83,2,0.15,3,0.01,0,0.01,1,0.0,3,0 days 03:09:24.600000
9,1,1,True,1,0.7,3,0.3,0,0.0,2,0.0,4,0.0,1,0 days 00:53:58
9,4,2,False,2,0.96,0,0.03,3,0.01,1,0.0,4,0.0,5,0 days 04:01:33.300000
9,4,0,False,0,0.66,2,0.23,3,0.09,6,0.02,1,0.0,6,0 days 01:48:12
9,0,2,False,2,0.95,3,0.05,1,0.0,0,0.0,4,0.0,4,0 days 02:42:10.200000
9,4,4,True,4,0.62,1,0.29,2,0.09,0,0.0,3,0.0,1,0 days 00:22:17.900000
9,4,2,False,2,0.62,3,0.2,4,0.17,5,0.01,0,0.0,3,0 days 00:56:42.600000
9,0,2,False,2,0.6,4,0.29,3,0.11,1,0.0,0,0.0,5,0 days 01:22:47.800000
9,2,2,True,2,1.0,0,0.0,1,0.0,3,0.0,4,0.0,1,0 days 00:13:21
9,2,1,False,1,0.3573571428571428,3,0.34740476190476177,2,0.29523809523809513,0,0.0,4,0.0,3,0 days 00:53:42.800000
9,2,2,True,2,0.78,1,0.21,4,0.01,0,0.0,3,0.0,1,0 days 00:31:40.100000
9,2,1,False,1,0.75,6,0.16,3,0.06,2,0.03,0,0.0,4,0 days 01:28:30.400000
9,2,2,True,2,1.0,0,0.0,1,0.0,3,0.0,4,0.0,1,0 days 00:06:53.600000
9,2,6,False,6,0.66,2,0.32,1,0.02,0,0.0,3,0.0,2,0 days 01:03:53.700000
9,2,2,True,2,0.73,3,0.27,1,0.0,0,0.0,4,0.0,1,0 days 00:10:57.600000
9,2,2,True,2,0.91,1,0.09,0,0.0,3,0.0,4,0.0,1,0 days 00:10:36.900000
9,2,3,False,3,0.62,2,0.3,4,0.07,0,0.01,1,0.0,2,0 days 01:18:18.600000
9,2,2,True,2,0.76,6,0.24,1,0.0,0,0.0,3,0.0,1,0 days 01:03:43.900000
9,2,6,False,6,0.64,3,0.22,4,0.09,1,0.05,2,0.0,5,0 days 00:55:56.800000
9,2,2,True,2,0.76,6,0.19,1,0.04,4,0.01,3,0.0,1,0 days 01:14:26.500000
9,2,0,False,0,0.67,2,0.29,3,0.02,1,0.01,4,0.01,2,0 days 01:16:44.100000
9,2,2,True,2,1.0,0,0.0,1,0.0,3,0.0,4,0.0,1,0 days 00:03:31.300000
9,2,6,False,6,0.93,2,0.07,1,0.0,0,0.0,3,0.0,2,0 days 00:15:02.200000
9,2,1,False,1,0.58,6,0.29,2,0.13,0,0.0,3,0.0,3,0 days 00:50:15.300000
9,2,2,True,2,0.79,5,0.2,6,0.01,0,0.0,3,0.0,1,0 days 01:47:30.800000
9,2,2,True,2,0.74,3,0.21,0,0.05,1,0.0,4,0.0,1,0 days 03:33:24.600000
9,2,2,True,2,1.0,0,0.0,1,0.0,3,0.0,4,0.0,1,0 days 00:13:22
9,2,2,True,2,1.0,0,0.0,1,0.0,3,0.0,4,0.0,1,0 days 00:08:36.400000
9,6,3,False,3,0.67,2,0.21,0,0.06,6,0.06,1,0.0,4,0 days 03:14:01.500000
9,6,0,False,0,0.66,2,0.34,1,0.0,3,0.0,4,0.0,7,0 days 01:47:47.500000
9,2,0,False,0,0.64,2,0.36,1,0.0,3,0.0,4,0.0,2,0 days 01:57:44.600000
9,2,4,False,4,0.57,2,0.43,1,0.0,0,0.0,3,0.0,2,0 days 01:20:50.300000
9,6,4,False,4,0.61,0,0.25,1,0.08,3,0.05,5,0.01,7,0 days 00:57:56.600000
9,6,2,False,2,0.73,6,0.27,1,0.0,0,0.0,3,0.0,2,0 days 00:51:07.700000
9,2,2,True,2,1.0,0,0.0,1,0.0,3,0.0,4,0.0,1,0 days 00:07:12.300000
9,2,2,True,2,0.93,4,0.06,1,0.01,0,0.0,3,0.0,1,0 days 00:20:31.800000
9,2,6,False,6,0.73,2,0.27,1,0.0,0,0.0,3,0.0,2,0 days 01:03:06.400000
9,2,4,False,4,0.61,2,0.29,1,0.1,0,0.0,3,0.0,2,0 days 01:36:34.500000
9,2,2,True,2,0.69,1,0.25,4,0.06,0,0.0,3,0.0,1,0 days 01:36:08.800000
9,2,2,True,2,0.7,6,0.3,1,0.0,0,0.0,3,0.0,1,0 days 01:03:24.300000
9,2,2,True,2,0.75,1,0.22,6,0.03,0,0.0,3,0.0,1,0 days 00:27:04.600000
9,6,2,False,2,0.93,1,0.05,6,0.02,0,0.0,3,0.0,3,0 days 00:27:03.700000
9,6,6,True,6,0.63,2,0.37,1,0.0,0,0.0,3,0.0,1,0 days 00:30:48.400000
9,2,2,True,2,0.72,1,0.27,6,0.01,0,0.0,3,0.0,1,0 days 00:14:43.900000
9,2,2,True,2,0.86,1,0.14,0,0.0,3,0.0,4,0.0,1,0 days 00:17:32.200000
9,6,6,True,6,0.66,2,0.33,1,0.01,0,0.0,3,0.0,1,0 days 01:03:52.300000
9,6,2,False,2,0.88,3,0.12,1,0.0,0,0.0,4,0.0,7,0 days 01:00:03.200000
9,2,1,False,1,0.62,3,0.24,2,0.14,0,0.0,4,0.0,3,0 days 01:06:00.600000
9,2,2,True,2,1.0,0,0.0,1,0.0,3,0.0,4,0.0,1,0 days 00:06:36.800000
9,2,1,False,1,0.58,6,0.28,2,0.1,0,0.04,3,0.0,3,0 days 01:46:36.200000
9,2,2,True,2,0.88,4,0.12,1,0.0,0,0.0,3,0.0,1,0 days 02:16:50.500000
10,0,0,True,0,0.67,4,0.2,3,0.12,2,0.01,1,0.0,1,0 days 04:55:09.300000
10,0,0,True,0,0.69,2,0.31,1,0.0,3,0.0,4,0.0,1,0 days 03:38:21.800000
10,3,6,False,6,0.63,4,0.25,2,0.12,0,0.0,3,0.0,5,0 days 01:48:17.300000
10,2,2,True,2,0.73,3,0.17,0,0.1,1,0.0,4,0.0,1,0 days 03:33:06.600000
10,2,2,True,2,0.69,3,0.25,0,0.06,1,0.0,4,0.0,1,0 days 03:42:23.700000
10,1,3,False,3,0.64,2,0.29,1,0.07,0,0.0,4,0.0,3,0 days 00:54:14.500000
10,0,6,False,6,0.65,2,0.35,1,0.0,0,0.0,3,0.0,4,0 days 01:52:20.300000
10,4,2,False,2,1.0,0,0.0,1,0.0,3,0.0,4,0.0,5,0 days 02:16:57.700000
10,4,6,False,6,0.6,2,0.29,3,0.1,1,0.01,0,0.0,6,0 days 01:33:58.700000
10,4,3,False,3,0.63,2,0.31,0,0.06,1,0.0,4,0.0,5,0 days 01:22:29.400000
10,2,2,True,2,0.85,4,0.12,0,0.02,5,0.01,3,0.0,1,0 days 02:01:00.300000
10,2,2,True,2,0.6,0,0.31,4,0.09,1,0.0,3,0.0,1,0 days 02:03:39.600000
10,2,2,True,2,0.7785714285714286,0,0.18142857142857138,1,0.04,3,0.0,4,0.0,1,0 days 01:20:37.400000
10,2,3,False,3,0.56,4,0.31,0,0.08,2,0.05,1,0.0,4,0 days 01:21:36.200000
10,2,2,True,2,0.84,4,0.14,3,0.02,1,0.0,0,0.0,1,0 days 01:21:25.700000
10,2,3,False,3,0.63,0,0.22,2,0.15,1,0.0,4,0.0,3,0 days 01:22:39.400000
10,2,3,False,3,0.59,5,0.27,2,0.1,1,0.04,0,0.0,3,0 days 02:14:15.600000
10,2,2,True,2,0.73,3,0.15,0,0.12,1,0.0,4,0.0,1,0 days 03:09:19
10,2,2,True,2,0.67,1,0.18592857142857144,4,0.13157142857142856,3,0.0125,0,0.0,1,0 days 00:53:44.800000
10,2,0,False,0,0.75,2,0.25,1,0.0,3,0.0,4,0.0,2,0 days 02:41:14.700000
10,1,2,False,2,0.67,3,0.21,1,0.12,0,0.0,4,0.0,3,0 days 00:54:44.300000
10,3,2,False,2,0.72,0,0.28,1,0.0,3,0.0,4,0.0,4,0 days 02:41:12.800000
10,1,1,True,1,0.62,6,0.33,4,0.05,0,0.0,3,0.0,1,0 days 00:29:35.800000
10,3,2,False,2,0.5166428571428568,3,0.46335714285714297,4,0.02,1,0.0,0,0.0,2,0 days 01:21:05.800000
10,3,2,False,2,0.68,0,0.32,1,0.0,3,0.0,4,0.0,4,0 days 02:41:13.300000
10,3,2,False,2,0.7,0,0.18,3,0.12,1,0.0,4,0.0,3,0 days 02:41:40.700000
10,2,0,False,0,0.67,2,0.27,3,0.06,1,0.0,4,0.0,2,0 days 02:42:10.700000
10,2,2,True,2,0.71,6,0.28,1,0.01,0,0.0,3,0.0,1,0 days 00:51:36.900000
10,3,2,False,2,0.64,3,0.35,0,0.01,1,0.0,4,0.0,2,0 days 05:22:04
10,3,2,False,2,0.88,0,0.1,3,0.02,1,0.0,4,0.0,3,0 days 01:22:08.300000
10,3,6,False,6,0.58,3,0.34,2,0.06,0,0.01,5,0.01,2,0 days 03:08:38.700000
10,0,3,False,3,0.65,2,0.34,0,0.01,1,0.0,4,0.0,3,0 days 05:22:09.500000
10,2,1,False,1,0.57,0,0.39,2,0.02,5,0.02,3,0.0,3,0 days 02:41:25.100000
10,3,6,False,6,0.64,4,0.26,2,0.09,3,0.01,0,0.0,4,0 days 02:45:48.200000
10,2,2,True,2,1.0,0,0.0,1,0.0,3,0.0,4,0.0,1,0 days 01:47:29.900000
10,2,0,False,0,0.47166666666666673,6,0.3883333333333333,2,0.11,4,0.03,3,0.0,3,0 days 01:47:39
10,0,1,False,1,0.88,2,0.1075,4,0.0125,0,0.0,3,0.0,4,0 days 01:20:36.400000
10,0,6,False,6,0.61,4,0.24,3,0.12,0,0.02,5,0.01,4,0 days 02:20:00.900000
10,4,3,False,3,0.89,1,0.11,0,0.0,2,0.0,4,0.0,5,0 days 00:53:41.900000
10,1,3,False,3,0.61,2,0.22,4,0.15,1,0.02,0,0.0,4,0 days 00:54:23.400000
10,0,2,False,2,0.8157857142857142,3,0.15421428571428572,0,0.03,1,0.0,4,0.0,3,0 days 02:41:03.200000
10,1,6,False,6,0.62,1,0.33,4,0.04,3,0.01,2,0.0,2,0 days 02:38:40.600000
10,4,3,False,3,0.57,0,0.25,4,0.13,2,0.05,1,0.0,3,0 days 03:35:59
10,4,3,False,3,0.69,6,0.19,4,0.07,1,0.05,2,0.0,3,0 days 00:54:09
10,2,2,True,2,1.0,0,0.0,1,0.0,3,0.0,4,0.0,1,0 days 04:28:25.500000
10,2,2,True,2,0.68,0,0.32,1,0.0,3,0.0,4,0.0,1,0 days 02:41:13.200000
10,2,4,False,4,0.63,2,0.22,3,0.1,0,0.05,1,0.0,2,0 days 02:14:34.600000
10,2,0,False,0,0.89,2,0.1,3,0.01,1,0.0,4,0.0,2,0 days 02:41:02.100000
10,2,2,True,2,0.9733333333333333,4,0.026666666666666665,1,0.0,0,0.0,3,0.0,1,0 days 01:47:24.700000
10,2,2,True,2,0.9533333333333333,0,0.04,4,0.006666666666666666,1,0.0,3,0.0,1,0 days 01:47:23.900000
10,2,2,True,2,0.81,0,0.18,1,0.01,3,0.0,4,0.0,1,0 days 02:41:11.500000
10,1,1,True,1,0.62,2,0.38,0,0.0,3,0.0,4,0.0,1,0 days 00:17:42.200000
10,1,1,True,1,0.64,2,0.31,6,0.05,0,0.0,3,0.0,1,0 days 00:35:46.700000
10,1,4,False,4,0.82,1,0.13,2,0.05,0,0.0,3,0.0,2,0 days 00:53:51.600000
10,1,2,False,2,0.88,0,0.09,4,0.03,1,0.0,3,0.0,4,0 days 02:04:53.400000
10,3,3,True,3,0.61,2,0.22,4,0.15,1,0.02,0,0.0,1,0 days 00:54:23.500000
10,1,3,False,3,0.89,1,0.11,0,0.0,2,0.0,4,0.0,2,0 days 00:53:41.900000
10,0,4,False,4,0.68,3,0.16,0,0.15,2,0.01,1,0.0,3,0 days 03:07:53
10,1,1,True,1,0.73,3,0.19,5,0.06,2,0.02,0,0.0,1,0 days 00:37:21.100000
10,1,2,False,2,1.0,0,0.0,1,0.0,3,0.0,4,0.0,3,0 days 00:14:18.700000
10,3,5,False,5,0.64,4,0.22,0,0.09,6,0.03,2,0.02,7,0 days 03:08:30.600000
10,2,3,False,3,0.86,2,0.14,1,0.0,0,0.0,4,0.0,2,0 days 00:59:35.700000
10,4,1,False,1,0.65,4,0.35,2,0.0,0,0.0,3,0.0,2,0 days 00:33:22.700000
10,4,3,False,3,0.61,2,0.32,4,0.04,0,0.03,1,0.0,3,0 days 01:07:46
10,0,2,False,2,0.96,0,0.04,1,0.0,3,0.0,4,0.0,2,0 days 01:47:23.600000
10,4,2,False,2,0.98,5,0.02,1,0.0,0,0.0,3,0.0,6,0 days 01:37:06.900000
10,2,4,False,4,0.63,2,0.26,3,0.11,1,0.0,0,0.0,2,0 days 03:35:46.500000
10,5,2,False,2,0.9,0,0.1,1,0.0,3,0.0,4,0.0,6,0 days 04:28:18.600000
10,2,2,True,2,0.67,3,0.25,1,0.07,4,0.01,0,0.0,1,0 days 03:02:27.700000
10,2,2,True,2,0.7192857142857143,0,0.23,3,0.05071428571428571,1,0.0,4,0.0,1,0 days 02:41:02.800000
10,2,2,True,2,0.93,4,0.03,5,0.02,0,0.02,3,0.0,1,0 days 02:00:39.500000
10,2,2,True,2,0.87,4,0.12,0,0.01,1,0.0,3,0.0,1,0 days 02:07:02
10,3,3,True,3,0.565,1,0.335,4,0.1,0,0.0,2,0.0,1,0 days 00:54:04.400000
10,3,4,False,4,0.59,2,0.38,3,0.03,1,0.0,0,0.0,3,0 days 03:34:43
10,3,4,False,4,0.59,2,0.38,3,0.03,1,0.0,0,0.0,3,0 days 03:34:42.900000
10,3,3,True,3,0.74,2,0.25,4,0.01,1,0.0,0,0.0,1,0 days 04:55:28.900000
10,2,0,False,0,0.68,3,0.16333333333333336,2,0.1433333333333333,4,0.013333333333333332,1,0.0,3,0 days 03:07:56.200000
10,3,4,False,4,0.75,3,0.25,1,0.0,0,0.0,2,0.0,2,0 days 00:55:00.400000
10,3,3,True,3,0.66,4,0.33,2,0.01,1,0.0,0,0.0,1,0 days 00:54:56.900000
10,4,4,True,4,0.61,1,0.29,2,0.1,0,0.0,3,0.0,1,0 days 00:32:29.200000
10,0,2,False,2,0.48447619047619056,1,0.4355238095238094,3,0.07,4,0.01,0,0.0,5,0 days 00:53:49.200000
10,3,2,False,2,0.6322222222222222,1,0.2833333333333333,3,0.08,4,0.0044444444444444444,0,0.0,3,0 days 00:53:45.700000
10,3,5,False,5,0.62,4,0.32,3,0.06,0,0.0,2,0.0,3,0 days 01:20:41.100000
10,2,5,False,5,0.63,3,0.18428571428571427,2,0.17571428571428574,4,0.01,0,0.0,3,0 days 02:14:11
10,4,2,False,2,0.79,4,0.21,1,0.0,0,0.0,3,0.0,2,0 days 03:36:56.700000
10,1,2,False,2,0.61,4,0.32,6,0.07,0,0.0,3,0.0,6,0 days 01:14:55.300000
10,1,2,False,2,0.98,4,0.02,1,0.0,0,0.0,3,0.0,3,0 days 00:21:21.500000
10,3,2,False,2,0.7,0,0.18,1,0.11,3,0.01,4,0.0,4,0 days 02:41:05
10,1,4,False,4,0.3403928571428571,1,0.3330119047619047,3,0.3065952380952381,0,0.01,2,0.01,2,0 days 00:53:44.700000
10,2,2,True,2,1.0,0,0.0,1,0.0,3,0.0,4,0.0,1,0 days 04:28:26.200000
10,0,3,False,3,0.7,2,0.22,1,0.08,0,0.0,4,0.0,4,0 days 02:43:06.800000
10,4,4,True,4,0.88,3,0.06,0,0.05,2,0.01,1,0.0,1,0 days 04:01:29.700000
10,4,3,False,3,0.64,2,0.24,4,0.1,0,0.02,1,0.0,3,0 days 03:09:22.800000
10,4,4,True,4,0.63,0,0.24,2,0.13,1,0.0,3,0.0,1,0 days 04:01:30.800000
10,2,3,False,3,0.63,2,0.3,4,0.07,1,0.0,0,0.0,2,0 days 05:53:30.900000
10,4,2,False,2,0.83,1,0.13,4,0.04,0,0.0,3,0.0,3,0 days 00:54:49.500000
10,4,4,True,4,0.6,0,0.27,1,0.12,3,0.01,2,0.0,1,0 days 00:55:45.500000
10,0,4,False,4,0.65,6,0.23,2,0.12,0,0.0,3,0.0,4,0 days 01:48:14
10,3,0,False,0,0.54,3,0.33,4,0.1,2,0.02,1,0.01,2,0 days 03:10:45.400000
10,4,4,True,4,0.68,2,0.3,0,0.02,1,0.0,3,0.0,1,0 days 02:11:29.400000
10,2,3,False,3,0.89,1,0.11,0,0.0,2,0.0,4,0.0,4,0 days 00:53:42
10,2,2,True,2,0.87,3,0.12,4,0.01,1,0.0,0,0.0,1,0 days 02:46:40.300000
10,2,2,True,2,0.78,6,0.2,4,0.02,0,0.0,3,0.0,1,0 days 00:40:34.100000
10,5,2,False,2,0.87,6,0.07,3,0.06,1,0.0,0,0.0,7,0 days 01:48:31.500000
10,2,2,True,2,0.78,0,0.22,1,0.0,3,0.0,4,0.0,1,0 days 01:56:43.400000
10,2,2,True,2,1.0,0,0.0,1,0.0,3,0.0,4,0.0,1,0 days 00:07:13.900000
10,2,2,True,2,1.0,0,0.0,1,0.0,3,0.0,4,0.0,1,0 days 00:03:26.200000
10,2,2,True,2,0.87,6,0.08,3,0.05,1,0.0,0,0.0,1,0 days 01:49:07.600000
10,2,2,True,2,0.75,5,0.17,3,0.06,6,0.02,0,0.0,1,0 days 01:31:07.800000
10,2,2,True,2,0.78,0,0.22,1,0.0,3,0.0,4,0.0,1,0 days 01:47:16.400000
10,2,6,False,6,0.66,2,0.29,3,0.05,1,0.0,0,0.0,2,0 days 01:09:19.200000
10,2,2,True,2,0.98,3,0.02,1,0.0,0,0.0,4,0.0,1,0 days 01:26:43.300000
10,2,6,False,6,0.8,2,0.2,1,0.0,0,0.0,3,0.0,2,0 days 00:15:23.700000
10,2,2,True,2,1.0,0,0.0,1,0.0,3,0.0,4,0.0,1,0 days 00:08:07.900000
10,6,4,False,4,0.88,1,0.12,2,0.0,0,0.0,3,0.0,7,0 days 02:36:37.100000
10,6,2,False,2,0.78,6,0.22,1,0.0,0,0.0,3,0.0,2,0 days 01:24:25.800000
10,6,2,False,2,0.98,6,0.02,1,0.0,0,0.0,3,0.0,2,0 days 00:26:57.500000
10,6,6,True,6,0.62,1,0.33,2,0.03,3,0.02,0,0.0,1,0 days 02:38:53.800000
10,2,6,False,6,0.88,1,0.12,2,0.0,0,0.0,3,0.0,3,0 days 00:51:01.600000
10,6,6,True,6,0.58,2,0.4,5,0.02,0,0.0,3,0.0,1,0 days 01:24:44.200000
10,2,0,False,0,0.86,2,0.09,1,0.03,4,0.02,3,0.0,2,0 days 02:41:25.800000
10,2,2,True,2,0.69,4,0.21,1,0.1,0,0.0,3,0.0,1,0 days 00:54:33.300000
10,2,1,False,1,0.52,2,0.46,6,0.02,0,0.0,3,0.0,2,0 days 01:04:34.800000
10,2,2,True,2,0.95,6,0.05,1,0.0,0,0.0,3,0.0,1,0 days 00:47:44.800000
10,2,2,True,2,0.91,4,0.09,1,0.0,0,0.0,3,0.0,1,0 days 02:11:11.100000
10,2,2,True,2,0.94,4,0.05,0,0.01,1,0.0,3,0.0,1,0 days 01:06:57.600000
10,6,6,True,6,0.98,1,0.01,4,0.01,0,0.0,3,0.0,1,0 days 00:24:02.700000
10,2,2,True,2,0.67,6,0.33,1,0.0,0,0.0,3,0.0,1,0 days 00:14:12.700000
10,6,2,False,2,0.72,5,0.18,1,0.07,4,0.02,3,0.01,7,0 days 00:54:12.600000
10,2,2,True,2,0.92,3,0.08,1,0.0,0,0.0,4,0.0,1,0 days 01:17:41.500000
10,2,1,False,1,0.65,2,0.35,0,0.0,3,0.0,4,0.0,2,0 days 00:28:15.800000
10,2,2,True,2,0.81,4,0.19,1,0.0,0,0.0,3,0.0,1,0 days 00:20:23.500000
10,2,2,True,2,1.0,0,0.0,1,0.0,3,0.0,4,0.0,1,0 days 00:07:00.300000
10,6,2,False,2,0.8,4,0.2,1,0.0,0,0.0,3,0.0,7,0 days 01:51:21.600000
10,2,6,False,6,0.63,1,0.22,2,0.1366666666666667,3,0.013333333333333332,0,0.0,3,0 days 00:53:56.400000
10,2,2,True,2,1.0,0,0.0,1,0.0,3,0.0,4,0.0,1,0 days 00:13:52.900000
10,2,2,True,2,1.0,0,0.0,1,0.0,3,0.0,4,0.0,1,0 days 00:06:20.900000
10,2,2,True,2,1.0,0,0.0,1,0.0,3,0.0,4,0.0,1,0 days 00:06:31.100000
10,2,4,False,4,0.7,0,0.24,2,0.06,1,0.0,3,0.0,3,0 days 02:12:41.600000
